timestamp,ax,ay,az,gx,gy,gz,roll,pitch_k,acc_norm,gyro_norm,classe_prevista_raw,classe_prevista,delay_ms
1778532599809,0.0153046,0.667377,-0.126019,0.000494141,-0.00575001,0.00494141,91.5475,-1.17365,1.01868,0.0129107,0,0,3.333
1778532599823,0.016,0.800,-0.152,0.001,-0.008,0.005,95.988,-1.079,1.017,0.012,0,0,3.390
1778532599839,0.021,0.859,-0.162,0.001,-0.008,0.005,97.476,-1.358,1.024,0.010,0,0,6.511
1778532599853,0.021,0.891,-0.168,0.000,-0.008,0.006,98.287,-1.288,1.019,0.012,0,0,3.260
1778532599866,0.022,0.912,-0.172,0.000,-0.009,0.006,98.770,-1.346,1.019,0.013,0,0,3.254
1778532599879,0.022,0.926,-0.175,0.000,-0.009,0.006,99.137,-1.326,1.021,0.011,0,0,3.252
1778532599893,0.022,0.936,-0.177,0.000,-0.009,0.006,99.412,-1.281,1.016,0.015,0,0,3.246
1778532599906,0.022,0.943,-0.178,-0.000,-0.009,0.007,99.589,-1.309,1.015,0.012,0,0,3.246
1778532599919,0.022,0.950,-0.180,-0.000,-0.009,0.006,99.769,-1.300,1.025,0.011,0,0,3.245
1778532599933,0.023,0.955,-0.181,-0.000,-0.009,0.006,99.916,-1.325,1.021,0.013,0,0,3.255
1778532599946,0.023,0.960,-0.183,-0.000,-0.009,0.006,100.039,-1.320,1.026,0.010,0,0,3.251
1778532599959,0.023,0.964,-0.183,-0.000,-0.009,0.007,100.124,-1.354,1.022,0.011,0,0,3.258
1778532599973,0.024,0.967,-0.184,-0.000,-0.009,0.007,100.200,-1.402,1.023,0.012,0,0,3.241
1778532599986,0.025,0.970,-0.185,-0.001,-0.009,0.007,100.311,-1.455,1.026,0.011,0,0,3.263
1778532599999,0.025,0.972,-0.186,-0.000,-0.009,0.007,100.381,-1.445,1.017,0.011,0,0,3.257
1778532600013,0.025,0.975,-0.187,-0.001,-0.009,0.007,100.436,-1.495,1.032,0.011,0,0,3.254
1778532600026,0.025,0.977,-0.187,-0.001,-0.009,0.007,100.469,-1.418,1.020,0.012,0,0,3.319
1778532600040,0.024,0.978,-0.187,-0.000,-0.009,0.007,100.495,-1.403,1.017,0.010,0,0,3.257
1778532600053,0.025,0.980,-0.187,-0.000,-0.009,0.006,100.487,-1.412,1.019,0.010,0,0,3.264
1778532600066,0.025,0.981,-0.187,-0.000,-0.009,0.006,100.522,-1.455,1.021,0.011,0,0,3.263
1778532600080,0.026,0.983,-0.187,-0.000,-0.009,0.006,100.523,-1.530,1.022,0.011,0,0,3.257
1778532600093,0.026,0.984,-0.188,0.000,-0.009,0.006,100.586,-1.551,1.022,0.012,0,0,3.255
1778532600106,0.026,0.985,-0.188,0.000,-0.009,0.006,100.604,-1.524,1.021,0.011,0,0,3.260
1778532600120,0.026,0.986,-0.188,0.000,-0.009,0.006,100.623,-1.508,1.018,0.011,0,0,3.274
1778532600133,0.025,0.986,-0.188,0.000,-0.009,0.006,100.630,-1.430,1.017,0.012,0,0,3.266
1778532600147,0.026,0.987,-0.189,0.000,-0.009,0.006,100.710,-1.519,1.023,0.012,0,0,3.275
1778532600160,0.026,0.988,-0.189,0.000,-0.009,0.006,100.700,-1.505,1.020,0.012,0,0,3.258
1778532600173,0.026,0.989,-0.189,0.000,-0.009,0.006,100.715,-1.454,1.021,0.011,0,0,3.269
1778532600187,0.026,0.989,-0.189,0.000,-0.009,0.006,100.725,-1.472,1.020,0.011,0,0,3.255
1778532600200,0.026,0.990,-0.190,0.000,-0.009,0.006,100.786,-1.445,1.023,0.011,2,2,3.917
1778532600214,0.026,0.991,-0.190,0.000,-0.009,0.006,100.768,-1.502,1.022,0.011,2,2,3.261
1778532600227,0.026,0.991,-0.190,0.001,-0.009,0.006,100.777,-1.523,1.022,0.010,2,2,3.253
1778532600241,0.027,0.992,-0.190,0.001,-0.009,0.006,100.787,-1.562,1.016,0.010,2,2,3.261
1778532600254,0.027,0.992,-0.190,0.001,-0.009,0.006,100.750,-1.590,1.021,0.011,2,2,3.255
1778532600267,0.027,0.993,-0.190,0.001,-0.009,0.006,100.784,-1.575,1.019,0.011,2,2,3.879
1778532600281,0.027,0.993,-0.190,0.001,-0.009,0.006,100.792,-1.552,1.018,0.009,2,2,3.259
1778532600295,0.026,0.993,-0.190,0.001,-0.009,0.006,100.805,-1.497,1.020,0.012,2,2,3.255
1778532600308,0.026,0.994,-0.190,0.001,-0.009,0.006,100.788,-1.489,1.025,0.011,2,2,3.268
1778532600322,0.026,0.994,-0.191,0.001,-0.009,0.006,100.829,-1.461,1.020,0.012,2,2,3.255
1778532600335,0.026,0.995,-0.190,0.001,-0.009,0.006,100.805,-1.494,1.017,0.012,2,2,4.045
1778532600349,0.026,0.995,-0.190,0.001,-0.009,0.006,100.760,-1.450,1.025,0.011,2,2,3.272
1778532600363,0.026,0.995,-0.191,0.001,-0.009,0.006,100.817,-1.493,1.019,0.012,2,2,3.282
1778532600376,0.026,0.996,-0.191,0.001,-0.009,0.006,100.821,-1.486,1.020,0.012,2,2,3.264
1778532600389,0.026,0.996,-0.191,0.001,-0.009,0.006,100.836,-1.504,1.023,0.011,2,2,3.259
1778532600403,0.026,0.996,-0.191,0.001,-0.009,0.006,100.831,-1.470,1.019,0.011,2,2,3.992
1778532600417,0.026,0.996,-0.191,0.001,-0.009,0.006,100.834,-1.464,1.019,0.010,2,2,3.267
1778532600430,0.026,0.997,-0.191,0.001,-0.009,0.006,100.857,-1.444,1.022,0.013,2,2,3.255
1778532600444,0.026,0.997,-0.191,0.001,-0.009,0.006,100.887,-1.436,1.021,0.012,2,2,3.255
1778532600457,0.025,0.997,-0.191,0.000,-0.009,0.006,100.876,-1.391,1.017,0.012,2,2,3.248
1778532600470,0.026,0.997,-0.191,0.000,-0.009,0.006,100.863,-1.426,1.011,0.011,2,2,3.856
1778532600484,0.026,0.997,-0.191,0.000,-0.009,0.006,100.834,-1.456,1.019,0.011,2,2,3.245
1778532600498,0.026,0.997,-0.191,0.000,-0.009,0.006,100.816,-1.484,1.022,0.015,2,2,3.261
1778532600511,0.025,0.997,-0.191,0.000,-0.009,0.007,100.802,-1.398,1.019,0.017,2,2,3.252
1778532600524,0.025,0.998,-0.191,0.000,-0.009,0.007,100.819,-1.303,1.019,0.020,2,2,3.263
1778532600538,0.024,0.998,-0.191,0.000,-0.009,0.008,100.844,-1.278,1.020,0.023,2,2,4.262
1778532600552,0.024,0.998,-0.191,0.000,-0.009,0.008,100.848,-1.231,1.020,0.017,2,2,3.257
1778532600565,0.024,0.998,-0.191,0.000,-0.009,0.008,100.867,-1.254,1.022,0.018,2,2,3.285
1778532600579,0.024,0.998,-0.192,0.000,-0.009,0.008,100.897,-1.248,1.013,0.016,2,2,3.257
1778532600592,0.024,0.998,-0.192,0.000,-0.009,0.009,100.877,-1.227,1.021,0.016,2,2,3.264
1778532600605,0.024,0.998,-0.192,-0.000,-0.009,0.009,100.886,-1.222,1.022,0.017,2,2,3.916
1778532600620,0.024,0.999,-0.191,-0.000,-0.009,0.009,100.847,-1.279,1.022,0.015,2,2,3.272
1778532600633,0.025,0.999,-0.192,-0.000,-0.009,0.009,100.894,-1.365,1.027,0.016,2,2,3.275
1778532600646,0.025,0.999,-0.192,-0.000,-0.009,0.009,100.928,-1.401,1.025,0.014,2,2,3.271
1778532600660,0.025,1.000,-0.192,-0.000,-0.009,0.009,100.914,-1.409,1.029,0.017,2,2,3.307
1778532600673,0.025,1.000,-0.192,-0.000,-0.009,0.009,100.945,-1.368,1.018,0.014,2,2,3.911
1778532600687,0.025,0.999,-0.193,-0.000,-0.009,0.009,100.988,-1.365,1.012,0.016,2,2,3.268
1778532600700,0.025,0.999,-0.193,-0.000,-0.009,0.009,101.000,-1.384,1.013,0.015,2,2,3.261
1778532600714,0.025,0.999,-0.193,-0.000,-0.009,0.009,100.965,-1.392,1.011,0.012,2,2,3.271
1778532600727,0.024,0.999,-0.193,-0.000,-0.009,0.009,100.962,-1.347,1.017,0.015,2,2,3.298
1778532600741,0.025,0.999,-0.193,-0.000,-0.009,0.009,100.932,-1.364,1.026,0.014,2,2,4.152
1778532600755,0.025,1.000,-0.193,-0.000,-0.009,0.009,100.927,-1.425,1.034,0.013,2,2,3.268
1778532600768,0.025,1.000,-0.193,-0.000,-0.009,0.009,100.925,-1.399,1.021,0.008,2,2,3.254
1778532600782,0.025,1.000,-0.193,-0.000,-0.009,0.009,100.929,-1.373,1.025,0.009,2,2,3.274
1778532600795,0.025,1.001,-0.192,-0.000,-0.009,0.009,100.871,-1.366,1.023,0.009,2,2,3.257
1778532600808,0.025,1.001,-0.192,-0.000,-0.009,0.008,100.856,-1.359,1.022,0.008,2,2,3.878
1778532600822,0.025,1.001,-0.192,-0.000,-0.009,0.008,100.829,-1.364,1.018,0.008,2,2,3.275
1778532600836,0.025,1.001,-0.192,-0.000,-0.009,0.008,100.821,-1.414,1.025,0.009,2,2,3.260
1778532600849,0.025,1.001,-0.192,-0.000,-0.009,0.007,100.829,-1.365,1.023,0.010,2,2,3.294
1778532600862,0.024,1.001,-0.192,-0.000,-0.009,0.007,100.824,-1.355,1.020,0.008,2,2,3.268
1778532600876,0.024,1.001,-0.192,-0.000,-0.009,0.007,100.863,-1.353,1.018,0.008,2,2,4.033
1778532600890,0.024,1.001,-0.192,-0.000,-0.009,0.007,100.819,-1.341,1.016,0.008,2,2,3.278
1778532600903,0.024,1.001,-0.192,-0.000,-0.009,0.007,100.824,-1.336,1.023,0.005,2,2,3.263
1778532600917,0.024,1.001,-0.192,-0.001,-0.009,0.006,100.797,-1.346,1.020,0.009,2,2,3.292
1778532600930,0.024,1.001,-0.192,-0.001,-0.009,0.006,100.788,-1.322,1.016,0.008,2,2,3.256
1778532600944,0.024,1.001,-0.192,-0.001,-0.009,0.006,100.820,-1.293,1.020,0.007,2,2,3.948
1778532600958,0.024,1.001,-0.191,-0.001,-0.009,0.006,100.750,-1.273,1.018,0.010,2,2,3.262
1778532600971,0.024,1.001,-0.191,-0.001,-0.008,0.006,100.746,-1.321,1.023,0.009,2,2,3.240
1778532600984,0.024,1.001,-0.191,-0.001,-0.008,0.006,100.767,-1.366,1.024,0.008,2,2,3.257
1778532600998,0.025,1.002,-0.192,-0.001,-0.008,0.006,100.795,-1.386,1.028,0.008,2,2,3.244
1778532601011,0.025,1.002,-0.192,-0.001,-0.008,0.006,100.818,-1.409,1.021,0.009,2,2,3.887
1778532601025,0.024,1.002,-0.192,-0.001,-0.008,0.006,100.797,-1.369,1.020,0.012,2,2,3.244
1778532601039,0.024,1.002,-0.192,-0.001,-0.008,0.007,100.814,-1.343,1.026,0.015,2,2,3.422
1778532601052,0.024,1.002,-0.191,-0.001,-0.008,0.007,100.769,-1.359,1.025,0.013,2,2,3.269
1778532601065,0.024,1.002,-0.191,-0.001,-0.008,0.007,100.750,-1.373,1.023,0.012,2,2,3.266
1778532601079,0.024,1.002,-0.191,-0.001,-0.008,0.007,100.735,-1.327,1.022,0.016,2,2,4.005
1778532601093,0.024,1.003,-0.191,-0.001,-0.008,0.008,100.731,-1.351,1.028,0.019,2,2,3.267
1778532601106,0.024,1.003,-0.191,-0.001,-0.007,0.008,100.732,-1.339,1.018,0.019,2,2,3.256
1778532601120,0.024,1.003,-0.191,-0.001,-0.007,0.009,100.712,-1.341,1.027,0.022,2,2,3.284
1778532601133,0.024,1.004,-0.191,-0.001,-0.006,0.009,100.716,-1.382,1.036,0.018,2,2,3.266
1778532601147,0.025,1.005,-0.191,-0.002,-0.006,0.008,100.663,-1.432,1.049,0.014,2,2,4.075
1778532601161,0.027,1.007,-0.190,-0.001,-0.005,0.006,100.566,-1.628,1.074,0.057,2,2,3.256
1778532601174,0.030,1.011,-0.189,0.001,-0.004,0.001,100.320,-1.953,1.116,0.138,2,2,3.263
1778532601187,0.035,1.019,-0.187,0.005,-0.003,-0.008,100.031,-2.408,1.202,0.259,2,2,3.267
1778532601201,0.039,1.027,-0.185,0.012,-0.004,-0.019,99.747,-2.813,1.217,0.376,2,2,3.260
1778532601214,0.034,1.052,-0.181,0.026,-0.006,-0.025,99.148,-2.302,1.614,0.420,3,3,3.968
1778532601228,0.041,1.063,-0.180,0.043,-0.011,-0.029,98.914,-2.825,1.323,0.529,3,3,3.269
1778532601242,0.054,1.074,-0.177,0.064,-0.021,-0.030,98.493,-3.921,1.367,0.663,3,3,3.267
1778532601255,0.061,1.078,-0.164,0.084,-0.033,-0.031,97.126,-4.584,1.177,0.710,3,3,3.291
1778532601268,0.064,1.074,-0.137,0.101,-0.044,-0.036,94.157,-4.758,1.095,0.646,3,3,3.255
1778532601282,0.067,1.062,-0.100,0.113,-0.051,-0.039,89.776,-4.999,1.083,0.497,3,3,3.999
1778532601296,0.071,1.044,-0.056,0.117,-0.055,-0.039,84.672,-5.302,1.127,0.288,3,3,3.260
1778532601309,0.075,1.027,-0.011,0.115,-0.056,-0.037,79.789,-5.508,1.182,0.094,3,3,3.278
1778532601323,0.078,1.011,0.028,0.105,-0.054,-0.031,75.754,-5.671,1.115,0.197,3,3,3.278
1778532601336,0.084,0.996,0.061,0.085,-0.052,-0.021,72.413,-6.265,1.038,0.493,3,3,3.273
1778532601350,0.090,0.990,0.085,0.059,-0.050,-0.010,70.690,-6.878,1.093,0.673,3,3,4.162
1778532601364,0.098,0.991,0.101,0.029,-0.050,-0.001,70.278,-7.476,1.127,0.778,3,3,3.269
1778532601377,0.105,0.994,0.109,-0.002,-0.051,0.008,70.658,-8.002,1.135,0.858,3,3,3.340
1778532601391,0.109,1.000,0.113,-0.034,-0.052,0.018,71.600,-8.184,1.163,0.910,3,3,3.386
1778532601405,0.110,1.006,0.112,-0.066,-0.053,0.029,72.904,-8.025,1.153,0.951,3,3,3.355
1778532601419,0.108,1.014,0.108,-0.098,-0.051,0.040,74.405,-7.610,1.182,0.972,3,3,3.975
1778532601433,0.107,1.022,0.103,-0.128,-0.047,0.050,75.986,-7.269,1.200,0.965,3,3,3.279
1778532601446,0.106,1.029,0.095,-0.156,-0.042,0.060,77.673,-6.971,1.191,0.956,3,3,3.270
1778532601460,0.106,1.036,0.086,-0.182,-0.036,0.070,79.341,-6.771,1.196,0.930,3,3,3.259
1778532601473,0.106,1.041,0.076,-0.207,-0.031,0.080,80.980,-6.588,1.160,0.911,3,3,3.256
1778532601486,0.105,1.046,0.067,-0.230,-0.026,0.089,82.526,-6.346,1.164,0.892,1,1,3.933
1778532601500,0.104,1.049,0.056,-0.251,-0.021,0.098,84.044,-6.122,1.125,0.880,1,1,3.252
1778532601514,0.102,1.052,0.046,-0.272,-0.017,0.105,85.439,-5.900,1.144,0.856,1,1,3.268
1778532601527,0.101,1.055,0.037,-0.290,-0.013,0.111,86.728,-5.658,1.142,0.817,1,1,3.251
1778532601541,0.098,1.057,0.027,-0.306,-0.010,0.119,87.913,-5.307,1.110,0.786,1,1,3.263
1778532601554,0.093,1.057,0.019,-0.320,-0.006,0.125,88.984,-4.762,1.065,0.762,1,1,4.316
1778532601571,0.090,1.056,0.011,-0.334,-0.001,0.129,89.937,-4.338,1.042,0.734,1,1,3.289
1778532601584,0.087,1.054,0.003,-0.346,0.003,0.133,90.811,-4.132,1.033,0.718,1,1,3.272
1778532601598,0.086,1.052,-0.005,-0.358,0.007,0.136,91.697,-4.027,1.015,0.708,1,1,3.274
1778532601612,0.084,1.050,-0.012,-0.369,0.009,0.139,92.450,-3.879,1.031,0.678,1,1,4.632
1778532601626,0.084,1.049,-0.020,-0.377,0.011,0.140,93.257,-3.887,1.043,0.634,1,1,3.978
1778532601640,0.083,1.046,-0.029,-0.385,0.012,0.142,94.171,-3.918,1.019,0.604,1,1,3.264
1778532601653,0.083,1.044,-0.037,-0.390,0.013,0.144,94.845,-3.941,1.028,0.567,1,1,3.284
1778532601667,0.083,1.042,-0.044,-0.394,0.013,0.144,95.512,-4.073,1.026,0.527,1,1,3.268
1778532601680,0.086,1.040,-0.051,-0.397,0.013,0.145,96.072,-4.405,1.017,0.501,1,1,3.262
1778532601694,0.087,1.038,-0.057,-0.398,0.012,0.146,96.499,-4.615,1.027,0.461,1,1,3.922
1778532601708,0.087,1.037,-0.062,-0.397,0.011,0.147,96.807,-4.675,1.022,0.404,1,1,3.256
1778532601721,0.087,1.035,-0.066,-0.394,0.010,0.146,96.990,-4.656,1.005,0.347,1,1,3.308
1778532601735,0.087,1.032,-0.069,-0.390,0.009,0.146,97.093,-4.686,0.974,0.320,1,1,3.282
1778532601748,0.086,1.029,-0.072,-0.385,0.010,0.146,97.130,-4.607,0.992,0.284,1,1,3.271
1778532601762,0.083,1.028,-0.074,-0.378,0.011,0.146,97.095,-4.311,1.007,0.251,1,1,3.926
1778532601776,0.080,1.025,-0.077,-0.370,0.014,0.146,97.204,-3.918,0.974,0.235,1,1,3.264
1778532601790,0.076,1.022,-0.079,-0.362,0.018,0.144,97.275,-3.567,0.967,0.224,1,1,3.280
1778532601803,0.074,1.020,-0.081,-0.353,0.024,0.141,97.271,-3.314,0.984,0.210,1,1,3.264
1778532601817,0.073,1.018,-0.083,-0.343,0.029,0.138,97.242,-3.309,0.972,0.201,1,1,3.266
1778532601831,0.072,1.016,-0.084,-0.332,0.035,0.135,97.162,-3.315,0.984,0.185,1,1,3.942
1778532601845,0.072,1.016,-0.085,-0.319,0.040,0.131,97.013,-3.301,1.020,0.171,1,1,3.268
1778532601858,0.072,1.016,-0.085,-0.304,0.044,0.126,96.915,-3.355,1.020,0.174,1,1,3.277
1778532601872,0.072,1.014,-0.086,-0.288,0.048,0.120,96.747,-3.553,0.991,0.188,1,1,3.269
1778532601885,0.022,1.145,0.004,-0.185,0.060,0.079,93.619,-1.910,4.586,2.717,1,1,3.264
1778532601898,0.036,1.126,0.017,-0.146,0.071,0.052,91.136,-4.003,0.837,1.131,5,5,4.012
1778532601913,0.025,1.121,0.030,-0.104,0.088,0.035,89.369,-2.605,1.083,1.207,5,5,3.275
1778532601926,0.020,1.115,0.035,-0.062,0.102,0.027,88.601,-1.880,0.992,1.131,5,5,3.316
1778532601939,0.019,1.110,0.039,-0.021,0.117,0.026,88.043,-1.623,1.014,1.153,5,5,3.269
1778532601953,0.023,1.110,0.041,0.018,0.125,0.026,87.789,-2.020,1.114,1.111,5,5,3.259
1778532601967,0.030,1.105,0.041,0.056,0.128,0.026,87.763,-2.810,1.015,1.063,5,5,3.878
1778532601981,0.034,1.101,0.040,0.092,0.124,0.026,87.886,-3.188,1.023,1.012,5,5,3.253
1778532601994,0.036,1.096,0.036,0.124,0.115,0.024,88.360,-3.309,0.996,0.965,5,5,3.253
1778532602007,0.038,1.092,0.034,0.152,0.105,0.021,88.673,-3.508,1.003,0.882,5,5,3.250
1778532602021,0.040,1.088,0.029,0.174,0.100,0.018,89.233,-3.574,1.003,0.770,5,5,3.245
1778532602034,0.041,1.084,0.025,0.193,0.100,0.014,89.625,-3.640,1.000,0.685,5,5,3.873
1778532602048,0.043,1.080,0.022,0.208,0.102,0.011,89.916,-3.692,1.005,0.633,5,5,3.252
1778532602061,0.045,1.076,0.018,0.222,0.102,0.007,90.248,-3.884,1.002,0.589,5,5,3.258
1778532602075,0.047,1.073,0.014,0.233,0.101,0.003,90.668,-3.921,0.995,0.535,5,5,3.254
1778532602094,0.046,1.069,0.010,0.242,0.100,0.001,91.052,-3.793,1.001,0.493,5,5,6.741
1778532602107,0.048,1.067,0.006,0.252,0.098,-0.001,91.288,-3.890,1.022,0.513,1,1,3.853
1778532602121,0.050,1.064,0.002,0.263,0.095,-0.004,91.723,-4.058,1.021,0.552,1,1,3.268
1778532602135,0.052,1.061,-0.004,0.271,0.090,-0.007,92.316,-4.163,0.995,0.488,1,1,3.271
1778532602148,0.054,1.057,-0.010,0.277,0.085,-0.011,92.825,-4.317,0.999,0.459,1,1,3.270
1778532602162,0.056,1.056,-0.015,0.283,0.077,-0.016,93.210,-4.424,1.030,0.484,1,1,3.277
1778532602178,0.058,1.054,-0.021,0.289,0.069,-0.023,93.678,-4.577,1.022,0.502,5,5,3.929
1778532602192,0.058,1.052,-0.027,0.294,0.060,-0.029,94.173,-4.413,1.026,0.497,5,5,3.263
1778532602206,0.059,1.046,-0.038,0.296,0.052,-0.035,95.404,-4.454,0.956,0.412,5,5,3.312
1778532602219,0.058,1.045,-0.042,0.296,0.044,-0.039,95.651,-4.158,1.032,0.375,5,5,3.265
1778532602232,0.058,1.041,-0.050,0.295,0.036,-0.043,96.298,-4.092,0.990,0.334,5,5,3.268
1778532602246,0.056,1.039,-0.057,0.291,0.031,-0.044,96.884,-3.796,1.010,0.239,1,1,3.997
1778532602260,0.054,1.036,-0.064,0.287,0.028,-0.044,97.424,-3.476,1.005,0.190,1,1,3.264
1778532602273,0.052,1.035,-0.070,0.281,0.025,-0.043,97.767,-3.183,1.030,0.140,1,1,3.283
1778532602287,0.050,1.033,-0.076,0.275,0.024,-0.041,98.119,-2.974,1.019,0.123,1,1,3.263
1778532602300,0.048,1.031,-0.081,0.268,0.023,-0.037,98.410,-2.739,1.006,0.106,1,1,3.269
1778532602315,0.048,1.031,-0.085,0.262,0.023,-0.033,98.562,-2.629,1.028,0.113,1,1,3.946
1778532602329,0.047,1.029,-0.090,0.255,0.022,-0.030,98.847,-2.616,1.009,0.094,1,1,3.257
1778532602342,0.048,1.027,-0.096,0.248,0.022,-0.027,99.149,-2.651,1.008,0.085,1,1,3.295
1778532602355,0.049,1.026,-0.100,0.241,0.022,-0.024,99.382,-2.784,1.024,0.071,1,1,3.267
1778532602370,0.049,1.024,-0.105,0.234,0.021,-0.023,99.566,-2.848,1.016,0.051,1,1,4.860
1778532602386,0.049,1.023,-0.109,0.227,0.021,-0.023,99.693,-2.852,1.021,0.048,1,1,3.888
1778532602400,0.051,1.022,-0.113,0.220,0.020,-0.024,99.883,-2.991,1.016,0.057,1,1,3.251
1778532602413,0.051,1.020,-0.117,0.213,0.018,-0.025,100.093,-3.066,1.008,0.075,1,1,3.273
1778532602427,0.052,1.018,-0.121,0.205,0.017,-0.028,100.305,-3.180,0.984,0.097,1,1,3.280
1778532602441,0.053,1.015,-0.125,0.198,0.015,-0.030,100.500,-3.257,0.984,0.107,1,1,3.456
1778532602455,0.052,1.014,-0.129,0.191,0.013,-0.033,100.622,-3.091,1.018,0.099,1,1,5.206
1778532602469,0.051,1.014,-0.131,0.184,0.011,-0.035,100.624,-2.942,1.041,0.093,1,1,3.256
1778532602483,0.049,1.016,-0.134,0.178,0.010,-0.036,100.578,-2.717,1.056,0.079,1,1,3.261
1778532602496,0.048,1.017,-0.137,0.173,0.008,-0.037,100.631,-2.578,1.062,0.090,1,1,3.253
1778532602509,0.046,1.017,-0.139,0.168,0.007,-0.038,100.639,-2.407,1.046,0.074,1,1,3.264
1778532602523,0.046,1.018,-0.142,0.164,0.007,-0.039,100.684,-2.398,1.053,0.080,1,1,3.894
1778532602537,0.046,1.018,-0.145,0.160,0.006,-0.040,100.737,-2.374,1.042,0.092,1,1,3.257
1778532602550,0.046,1.018,-0.148,0.156,0.005,-0.041,100.828,-2.354,1.037,0.099,1,1,3.274
1778532602563,0.044,1.018,-0.150,0.153,0.005,-0.042,100.867,-2.120,1.036,0.090,1,1,3.254
1778532602577,0.042,1.018,-0.152,0.150,0.005,-0.043,100.901,-1.963,1.040,0.102,1,1,3.256
1778532602590,0.041,1.019,-0.155,0.147,0.005,-0.045,100.943,-1.914,1.058,0.132,1,1,3.887
1778532602604,0.041,1.020,-0.157,0.146,0.005,-0.048,100.947,-1.930,1.075,0.167,1,1,3.252
1778532602618,0.039,1.021,-0.159,0.146,0.006,-0.051,100.953,-1.745,1.064,0.185,1,1,3.641
1778532602631,0.038,1.022,-0.162,0.146,0.006,-0.052,101.051,-1.632,1.060,0.181,1,1,3.258
1778532602645,0.036,1.025,-0.163,0.147,0.006,-0.050,100.998,-1.397,1.102,0.177,1,1,3.333
1778532602658,0.035,1.026,-0.166,0.149,0.006,-0.048,101.060,-1.338,1.078,0.199,3,3,3.927
1778532602672,0.033,1.025,-0.169,0.151,0.006,-0.046,101.255,-1.174,1.038,0.204,3,3,3.254
1778532602686,0.031,1.025,-0.172,0.153,0.006,-0.043,101.521,-1.034,1.042,0.202,3,3,3.270
1778532602699,0.032,1.025,-0.175,0.155,0.006,-0.042,101.657,-1.212,1.054,0.201,3,3,3.257
1778532602712,0.033,1.024,-0.178,0.157,0.006,-0.041,101.840,-1.347,1.039,0.202,3,3,3.253
1778532602726,0.033,1.024,-0.181,0.159,0.006,-0.040,101.984,-1.360,1.057,0.207,3,3,3.956
1778532602740,0.032,1.026,-0.184,0.161,0.006,-0.039,102.128,-1.277,1.083,0.219,3,3,3.257
1778532602753,0.032,1.026,-0.187,0.163,0.006,-0.039,102.297,-1.300,1.071,0.232,3,3,3.261
1778532602766,0.029,1.026,-0.191,0.166,0.005,-0.039,102.495,-1.069,1.057,0.239,3,3,3.271
1778532602780,0.027,1.025,-0.194,0.169,0.005,-0.039,102.771,-0.902,1.036,0.247,3,3,3.260
1778532602793,0.026,1.025,-0.198,0.172,0.005,-0.038,103.007,-0.759,1.068,0.256,3,3,4.194
1778532602807,0.026,1.025,-0.202,0.175,0.005,-0.038,103.232,-0.824,1.055,0.265,3,3,3.256
1778532602821,0.026,1.025,-0.206,0.179,0.005,-0.038,103.476,-0.864,1.065,0.274,3,3,3.249
1778532602834,0.023,1.024,-0.209,0.183,0.005,-0.037,103.717,-0.581,1.052,0.276,3,3,3.279
1778532602848,0.023,1.024,-0.213,0.187,0.005,-0.037,103.931,-0.622,1.063,0.292,3,3,3.255
1778532602861,0.022,1.024,-0.217,0.191,0.004,-0.037,104.193,-0.599,1.066,0.300,3,3,3.933
1778532602875,0.022,1.023,-0.221,0.195,0.004,-0.036,104.457,-0.613,1.058,0.310,3,3,3.269
1778532602888,0.021,1.023,-0.225,0.200,0.004,-0.036,104.721,-0.537,1.070,0.319,3,3,3.257
1778532602902,0.022,1.023,-0.230,0.204,0.003,-0.036,105.074,-0.705,1.064,0.326,3,3,3.273
1778532602915,0.019,1.022,-0.234,0.209,0.002,-0.036,105.312,-0.486,1.059,0.333,3,3,3.261
1778532602928,0.018,1.022,-0.238,0.214,0.002,-0.035,105.600,-0.439,1.066,0.346,3,3,3.916
1778532602943,0.016,1.021,-0.243,0.219,0.001,-0.034,105.849,-0.173,1.065,0.357,3,3,3.600
1778532602956,0.016,1.021,-0.247,0.225,0.001,-0.033,106.159,-0.230,1.076,0.373,3,3,3.300
1778532602970,0.013,1.021,-0.252,0.231,0.001,-0.031,106.415,0.049,1.077,0.388,3,3,3.299
1778532602983,0.012,1.021,-0.257,0.238,0.000,-0.030,106.726,0.044,1.084,0.408,3,3,3.280
1778532602996,0.011,1.021,-0.262,0.245,0.000,-0.028,107.017,0.078,1.085,0.424,3,3,3.872
1778532603011,0.010,1.020,-0.266,0.252,-0.000,-0.026,107.323,0.124,1.079,0.446,3,3,3.523
1778532603024,0.009,1.019,-0.272,0.260,-0.000,-0.024,107.744,0.167,1.075,0.461,3,3,3.254
1778532603037,0.010,1.019,-0.278,0.268,-0.001,-0.021,108.201,0.024,1.081,0.477,3,3,3.260
1778532603051,0.011,1.017,-0.284,0.276,-0.002,-0.019,108.648,-0.106,1.059,0.495,3,3,3.273
1778532603064,0.009,1.015,-0.290,0.285,-0.003,-0.018,109.102,0.002,1.073,0.508,3,3,4.116
1778532603078,0.013,1.015,-0.297,0.293,-0.005,-0.018,109.526,-0.422,1.114,0.524,3,3,3.276
1778532603092,0.017,1.016,-0.303,0.303,-0.007,-0.019,109.839,-0.935,1.135,0.552,3,3,3.262
1778532603105,0.022,1.019,-0.309,0.313,-0.011,-0.022,110.041,-1.397,1.173,0.606,3,3,3.248
1778532603119,0.027,1.023,-0.316,0.325,-0.016,-0.027,110.264,-1.941,1.204,0.673,3,3,3.298
1778532603132,0.032,1.027,-0.321,0.339,-0.023,-0.034,110.401,-2.371,1.214,0.759,3,3,3.906
1778532603150,0.033,1.033,-0.327,0.357,-0.030,-0.042,110.453,-2.372,1.238,0.876,3,3,7.580
1778532603164,0.031,1.039,-0.332,0.377,-0.038,-0.050,110.466,-2.135,1.258,0.989,3,3,3.265
1778532603177,0.029,1.046,-0.336,0.402,-0.047,-0.057,110.420,-1.812,1.260,1.092,3,3,3.248
1778532603190,0.021,1.052,-0.339,0.430,-0.054,-0.063,110.302,-1.019,1.272,1.201,3,3,3.282
1778532603204,0.015,1.055,-0.345,0.460,-0.060,-0.068,110.515,-0.343,1.218,1.289,3,3,3.889
1778532603221,0.006,1.056,-0.350,0.494,-0.065,-0.072,110.782,0.508,1.193,1.396,3,3,6.890
1778532603235,0.000,1.053,-0.359,0.529,-0.068,-0.074,111.602,1.108,1.131,1.451,3,3,3.268
1778532603248,-0.006,1.047,-0.370,0.564,-0.071,-0.075,112.757,1.699,1.116,1.481,3,3,3.245
1778532603262,-0.013,1.038,-0.385,0.597,-0.071,-0.078,114.440,2.336,1.117,1.457,3,3,3.290
1778532603275,-0.015,1.026,-0.404,0.626,-0.072,-0.084,116.588,2.412,1.128,1.406,4,4,3.886
1778532603292,-0.012,1.014,-0.424,0.651,-0.073,-0.093,118.705,1.932,1.132,1.351,4,4,6.460
1778532603306,-0.006,1.004,-0.445,0.673,-0.076,-0.102,120.594,1.146,1.210,1.289,4,4,3.289
1778532603319,0.001,0.997,-0.464,0.692,-0.081,-0.111,122.091,0.330,1.229,1.269,4,4,3.260
1778532603333,0.007,0.993,-0.481,0.712,-0.088,-0.118,123.194,-0.249,1.250,1.283,4,4,3.658
1778532603346,0.010,0.985,-0.499,0.730,-0.096,-0.125,124.528,-0.572,1.201,1.275,4,4,3.897
1778532603360,0.017,0.978,-0.517,0.747,-0.107,-0.129,125.806,-1.303,1.241,1.273,4,4,3.271
1778532603374,0.020,0.964,-0.532,0.761,-0.120,-0.130,127.411,-1.639,1.097,1.220,4,4,3.265
1778532603388,0.026,0.936,-0.532,0.766,-0.135,-0.124,129.511,-2.774,0.635,1.044,4,4,3.809
1778532603401,0.042,0.895,-0.515,0.746,-0.158,-0.105,133.715,-9.197,0.409,0.898,4,4,3.258
1778532603417,0.067,0.873,-0.481,0.708,-0.196,-0.082,126.365,-13.350,0.772,1.320,4,4,7.046
1778532603431,0.054,0.859,-0.452,0.660,-0.231,-0.062,121.064,-9.953,0.624,1.359,4,4,3.248
1778532603445,0.036,0.855,-0.423,0.609,-0.256,-0.047,116.656,-6.798,0.868,1.199,4,4,3.264
1778532603458,0.020,0.852,-0.398,0.555,-0.269,-0.035,113.117,-4.010,0.855,1.086,4,4,3.256
1778532603473,0.007,0.847,-0.377,0.499,-0.273,-0.021,110.375,-1.691,0.812,1.088,4,4,5.192
1778532603489,-0.003,0.843,-0.361,0.440,-0.269,-0.006,108.405,0.121,0.769,1.165,4,4,6.368
1778532603503,-0.008,0.840,-0.346,0.380,-0.262,0.007,106.900,0.890,0.802,1.230,4,4,3.258
1778532603517,-0.011,0.837,-0.336,0.318,-0.254,0.020,106.082,1.379,0.769,1.339,4,4,3.262
1778532603530,-0.014,0.836,-0.329,0.254,-0.246,0.033,105.708,1.722,0.851,1.454,4,4,3.262
1778532603543,-0.018,0.842,-0.326,0.191,-0.238,0.047,105.642,2.196,1.000,1.502,4,4,3.252
1778532603557,-0.024,0.852,-0.326,0.132,-0.229,0.061,105.766,2.661,1.141,1.450,4,4,3.965
1778532603573,-0.030,0.864,-0.329,0.081,-0.219,0.075,106.075,3.137,1.204,1.329,4,4,3.260
1778532603586,-0.036,0.874,-0.332,0.035,-0.208,0.086,106.478,3.679,1.166,1.225,4,4,3.319
1778532603600,-0.041,0.879,-0.334,-0.009,-0.198,0.094,106.897,4.017,1.066,1.183,4,4,3.253
1778532603613,-0.042,0.881,-0.335,-0.053,-0.189,0.099,107.323,3.985,0.989,1.230,4,4,3.277
1778532603626,-0.040,0.885,-0.334,-0.098,-0.181,0.104,107.390,3.577,1.036,1.278,5,5,3.993
1778532603640,-0.035,0.890,-0.333,-0.142,-0.176,0.112,107.366,2.928,1.053,1.325,5,5,3.245
1778532603658,-0.033,0.896,-0.334,-0.186,-0.172,0.124,107.533,2.537,1.081,1.406,5,5,7.048
1778532603671,-0.034,0.903,-0.337,-0.231,-0.167,0.137,107.837,2.636,1.133,1.461,5,5,3.267
1778532603684,-0.039,0.912,-0.341,-0.273,-0.161,0.152,108.173,3.032,1.190,1.480,5,5,3.252
1778532603698,-0.046,0.922,-0.346,-0.313,-0.153,0.168,108.527,3.626,1.246,1.465,5,5,3.984
1778532603712,-0.055,0.930,-0.350,-0.350,-0.143,0.181,108.764,4.371,1.222,1.425,5,5,3.258
1778532603727,-0.062,0.938,-0.351,-0.387,-0.132,0.190,108.785,5.030,1.185,1.405,5,5,5.468
1778532603742,-0.067,0.946,-0.351,-0.422,-0.120,0.196,108.613,5.351,1.194,1.403,5,5,4.151
1778532603755,-0.069,0.955,-0.351,-0.456,-0.108,0.202,108.423,5.315,1.196,1.399,5,5,3.255
1778532603768,-0.070,0.962,-0.349,-0.489,-0.097,0.209,108.204,5.209,1.172,1.417,5,5,3.909
1778532603782,-0.071,0.969,-0.348,-0.521,-0.084,0.216,107.952,5.176,1.173,1.437,5,5,3.304
1778532603796,-0.072,0.973,-0.346,-0.555,-0.071,0.224,107.754,5.094,1.112,1.504,5,5,3.391
1778532603809,-0.071,0.980,-0.343,-0.589,-0.057,0.231,107.421,4.901,1.158,1.561,5,5,3.259
1778532603823,-0.068,0.989,-0.341,-0.622,-0.045,0.237,107.038,4.448,1.220,1.571,5,5,3.259
1778532603836,-0.065,0.999,-0.339,-0.654,-0.033,0.246,106.781,4.011,1.268,1.562,5,5,3.883
1778532603850,-0.062,1.013,-0.340,-0.682,-0.023,0.253,106.599,3.609,1.345,1.511,5,5,3.270
1778532603863,-0.059,1.026,-0.341,-0.707,-0.013,0.260,106.499,3.226,1.366,1.441,5,5,3.271
1778532603877,-0.055,1.039,-0.344,-0.729,-0.004,0.266,106.545,2.786,1.381,1.377,5,5,3.265
1778532603894,-0.050,1.048,-0.348,-0.748,0.004,0.272,106.876,2.306,1.332,1.333,5,5,6.757
1778532603907,-0.045,1.057,-0.354,-0.764,0.010,0.278,107.205,1.846,1.349,1.283,5,5,3.886
1778532603921,-0.039,1.064,-0.359,-0.777,0.014,0.285,107.652,1.281,1.302,1.218,5,5,3.277
1778532603934,-0.035,1.069,-0.365,-0.789,0.014,0.292,108.129,0.890,1.283,1.175,5,5,3.267
1778532603948,-0.031,1.075,-0.371,-0.797,0.011,0.296,108.559,0.639,1.300,1.100,5,5,3.260
1778532603961,-0.030,1.078,-0.376,-0.802,0.005,0.299,108.970,0.612,1.244,1.019,5,5,3.281
1778532603975,-0.030,1.080,-0.381,-0.805,-0.002,0.300,109.362,0.660,1.231,0.950,1,1,3.887
1778532603989,-0.033,1.081,-0.385,-0.805,-0.008,0.301,109.747,1.007,1.212,0.888,1,1,3.282
1778532604005,-0.038,1.086,-0.388,-0.799,-0.013,0.301,109.913,1.573,1.272,0.718,1,1,6.635
1778532604019,-0.045,1.087,-0.391,-0.789,-0.013,0.297,110.063,2.357,1.209,0.559,1,1,3.280
1778532604032,-0.052,1.084,-0.391,-0.776,-0.008,0.293,110.201,3.129,1.129,0.502,1,1,3.281
1778532604046,-0.057,1.081,-0.390,-0.762,0.000,0.289,110.129,3.638,1.086,0.486,1,1,3.997
1778532604060,-0.059,1.078,-0.385,-0.746,0.011,0.284,109.716,3.780,1.060,0.465,1,1,3.383
1778532604075,-0.058,1.072,-0.379,-0.730,0.022,0.281,109.245,3.619,0.963,0.482,1,1,5.104
1778532604088,-0.056,1.065,-0.372,-0.715,0.034,0.279,108.650,3.434,0.935,0.528,1,1,3.248
1778532604102,-0.054,1.064,-0.364,-0.706,0.050,0.269,107.913,3.136,1.068,0.659,1,1,3.284
1778532604115,-0.057,1.074,-0.368,-0.632,0.075,0.241,108.075,3.342,1.370,1.569,1,1,3.865
1778532604129,-0.061,1.061,-0.348,-0.568,0.099,0.221,105.607,3.942,0.808,1.326,1,1,3.253
1778532604143,-0.062,1.058,-0.312,-0.511,0.126,0.216,101.712,3.951,1.099,1.276,1,1,4.049
1778532604157,-0.056,1.057,-0.292,-0.451,0.149,0.212,99.823,3.187,1.047,1.361,1,1,3.255
1778532604170,-0.051,1.053,-0.277,-0.392,0.165,0.209,98.616,2.575,0.969,1.264,1,1,3.248
1778532604184,-0.048,1.052,-0.266,-0.338,0.174,0.212,97.910,2.304,1.031,1.167,1,1,3.975
1778532604198,-0.037,1.050,-0.253,-0.287,0.168,0.211,97.073,0.991,1.025,1.074,1,1,3.255
1778532604212,-0.030,1.048,-0.241,-0.239,0.155,0.208,96.289,0.242,1.015,1.017,1,1,3.370
1778532604226,-0.025,1.046,-0.232,-0.198,0.143,0.205,95.828,-0.255,0.998,0.902,1,1,3.263
1778532604240,-0.020,1.042,-0.225,-0.163,0.139,0.201,95.659,-0.742,0.972,0.761,1,1,3.255
1778532604254,-0.015,1.040,-0.216,-0.132,0.142,0.196,95.305,-1.158,0.997,0.689,1,1,4.881
1778532604268,-0.009,1.039,-0.207,-0.104,0.146,0.188,94.766,-1.754,1.012,0.673,1,1,3.252
1778532604282,-0.003,1.036,-0.198,-0.079,0.147,0.179,94.413,-2.313,0.997,0.618,1,1,3.251
1778532604295,0.002,1.034,-0.192,-0.056,0.146,0.171,94.284,-2.665,0.989,0.549,1,1,3.278
1778532604308,0.005,1.033,-0.185,-0.035,0.142,0.163,93.981,-2.859,1.024,0.522,1,1,3.256
1778532604322,0.009,1.033,-0.178,-0.013,0.139,0.156,93.789,-3.100,1.021,0.563,1,1,3.888
1778532604337,0.014,1.031,-0.172,0.010,0.134,0.149,93.668,-3.404,1.009,0.588,1,1,4.531
1778532604350,0.016,1.030,-0.168,0.031,0.130,0.142,93.759,-3.475,1.017,0.583,1,1,3.260
1778532604364,0.020,1.028,-0.168,0.049,0.125,0.136,94.331,-3.724,0.989,0.526,1,1,3.261
1778532604377,0.023,1.026,-0.167,0.063,0.119,0.130,94.687,-3.847,1.000,0.428,1,1,3.272
1778532604390,0.027,1.024,-0.165,0.075,0.113,0.122,94.906,-4.074,1.007,0.383,1,1,3.884
1778532604405,0.031,1.023,-0.163,0.085,0.106,0.112,95.115,-4.333,1.008,0.385,1,1,3.645
1778532604418,0.034,1.022,-0.161,0.095,0.098,0.102,95.189,-4.477,1.019,0.400,1,1,3.449
1778532604432,0.037,1.022,-0.159,0.104,0.091,0.091,95.397,-4.626,1.024,0.402,1,1,3.249
1778532604445,0.040,1.022,-0.158,0.113,0.082,0.080,95.558,-4.737,1.028,0.436,1,1,3.253
1778532604458,0.039,1.018,-0.161,0.120,0.073,0.069,96.360,-4.355,0.971,0.408,1,1,3.877
1778532604472,0.039,1.018,-0.161,0.126,0.065,0.061,96.580,-4.172,1.030,0.339,1,1,3.265
1778532604486,0.040,1.018,-0.161,0.130,0.057,0.054,96.826,-4.089,1.031,0.307,1,1,3.265
1778532604499,0.040,1.017,-0.162,0.133,0.052,0.049,97.150,-3.839,1.019,0.248,1,1,3.264
1778532604512,0.039,1.016,-0.163,0.135,0.047,0.047,97.453,-3.560,1.004,0.199,1,1,3.266
1778532604528,0.040,1.017,-0.163,0.137,0.043,0.045,97.641,-3.543,1.063,0.194,1,1,5.661
1778532604542,0.039,1.017,-0.164,0.138,0.041,0.044,97.902,-3.329,1.024,0.158,1,1,3.295
1778532604556,0.040,1.018,-0.165,0.138,0.039,0.043,98.065,-3.342,1.053,0.157,1,1,3.307
1778532604570,0.041,1.017,-0.166,0.138,0.037,0.043,98.359,-3.353,1.023,0.138,1,1,3.263
1778532604583,0.041,1.016,-0.167,0.137,0.036,0.042,98.627,-3.280,1.024,0.118,1,1,3.263
1778532604597,0.043,1.016,-0.168,0.136,0.034,0.041,98.795,-3.385,1.036,0.116,1,1,3.968
1778532604611,0.045,1.016,-0.170,0.136,0.031,0.038,99.060,-3.603,1.020,0.124,1,1,3.254
1778532604626,0.048,1.016,-0.171,0.135,0.029,0.032,99.262,-3.842,1.061,0.167,1,1,5.516
1778532604640,0.050,1.018,-0.172,0.135,0.027,0.024,99.376,-3.899,1.085,0.246,1,1,3.281
1778532604653,0.050,1.021,-0.173,0.137,0.025,0.015,99.447,-3.760,1.100,0.289,1,1,3.254
1778532604666,0.048,1.023,-0.175,0.141,0.025,0.007,99.596,-3.401,1.090,0.310,1,1,3.881
1778532604680,0.045,1.029,-0.175,0.147,0.024,0.000,99.565,-3.014,1.163,0.339,1,1,3.274
1778532604694,0.045,1.032,-0.177,0.154,0.023,-0.000,99.681,-2.983,1.126,0.335,1,1,3.248
1778532604709,0.042,1.034,-0.179,0.161,0.022,0.002,99.829,-2.571,1.096,0.370,1,1,3.458
1778532604722,0.041,1.035,-0.180,0.170,0.022,0.004,99.996,-2.378,1.090,0.396,1,1,3.269
1778532604739,0.042,1.036,-0.183,0.179,0.022,0.006,100.274,-2.488,1.088,0.410,1,1,7.840
1778532604756,0.046,1.039,-0.186,0.188,0.022,0.007,100.497,-2.953,1.121,0.424,1,1,6.037
1778532604770,0.048,1.039,-0.189,0.197,0.022,0.006,100.822,-3.106,1.089,0.432,1,1,3.347
1778532604783,0.048,1.040,-0.192,0.206,0.021,0.005,101.135,-3.057,1.082,0.447,1,1,3.288
1778532604796,0.049,1.038,-0.196,0.215,0.021,0.005,101.602,-3.066,1.050,0.449,1,1,3.263
1778532604810,0.049,1.036,-0.201,0.224,0.020,0.005,102.097,-3.063,1.043,0.449,4,4,3.998
1778532604824,0.048,1.033,-0.206,0.232,0.020,0.005,102.637,-2.965,1.010,0.439,4,4,3.271
1778532604837,0.046,1.029,-0.211,0.238,0.019,0.006,103.285,-2.625,0.984,0.413,4,4,3.246
1778532604851,0.045,1.025,-0.217,0.245,0.018,0.007,103.889,-2.561,1.007,0.408,4,4,3.264
1778532604864,0.047,1.022,-0.222,0.250,0.017,0.008,104.462,-2.762,1.008,0.388,4,4,3.272
1778532604877,0.049,1.018,-0.228,0.255,0.016,0.007,105.083,-3.023,1.016,0.377,4,4,3.856
1778532604891,0.052,1.014,-0.234,0.258,0.013,0.005,105.709,-3.357,1.008,0.359,4,4,3.260
1778532604906,0.052,1.011,-0.241,0.261,0.011,0.002,106.292,-3.391,1.007,0.349,4,4,4.996
1778532604920,0.052,1.007,-0.246,0.263,0.009,-0.001,106.858,-3.290,0.993,0.331,4,4,3.250
1778532604933,0.049,1.003,-0.253,0.265,0.007,-0.003,107.412,-2.948,1.005,0.313,4,4,3.274
1778532604947,0.048,1.000,-0.259,0.266,0.005,-0.005,107.934,-2.722,0.999,0.302,4,4,3.843
1778532604961,0.047,0.997,-0.265,0.267,0.004,-0.006,108.374,-2.604,1.028,0.297,4,4,3.255
1778532604975,0.044,0.996,-0.271,0.268,0.003,-0.007,108.847,-2.269,1.061,0.297,4,4,4.125
1778532604988,0.045,0.994,-0.277,0.269,0.001,-0.008,109.296,-2.434,1.030,0.296,4,4,3.260
1778532605002,0.043,0.992,-0.283,0.270,0.000,-0.009,109.725,-2.204,1.030,0.291,4,4,3.252
1778532605016,0.042,0.990,-0.290,0.270,-0.001,-0.010,110.143,-2.105,1.045,0.291,4,4,3.968
1778532605030,0.043,0.989,-0.296,0.271,-0.002,-0.011,110.525,-2.224,1.059,0.295,4,4,3.261
1778532605043,0.043,0.989,-0.301,0.272,-0.004,-0.012,110.765,-2.171,1.073,0.302,4,4,3.279
1778532605057,0.043,0.989,-0.307,0.273,-0.005,-0.014,111.048,-2.237,1.082,0.319,4,4,3.276
1778532605070,0.043,0.990,-0.313,0.275,-0.007,-0.015,111.287,-2.237,1.100,0.338,4,4,3.261
1778532605084,0.042,0.991,-0.319,0.278,-0.009,-0.017,111.550,-2.150,1.108,0.364,4,4,3.861
1778532605099,0.041,0.991,-0.325,0.282,-0.011,-0.019,111.810,-2.032,1.105,0.385,4,4,5.067
1778532605113,0.040,0.992,-0.330,0.286,-0.012,-0.020,111.994,-1.913,1.108,0.410,4,4,3.247
1778532605126,0.038,0.994,-0.335,0.292,-0.014,-0.021,112.117,-1.720,1.129,0.449,4,4,3.280
1778532605139,0.037,0.996,-0.341,0.299,-0.015,-0.021,112.277,-1.642,1.139,0.492,4,4,3.262
1778532605153,0.033,0.998,-0.346,0.308,-0.017,-0.020,112.385,-1.234,1.135,0.535,4,4,3.837
1778532605168,0.032,1.000,-0.351,0.318,-0.018,-0.019,112.582,-1.085,1.136,0.576,4,4,4.134
1778532605181,0.033,1.001,-0.357,0.329,-0.019,-0.019,112.846,-1.328,1.139,0.617,4,4,3.264
1778532605194,0.034,1.003,-0.364,0.341,-0.021,-0.019,113.151,-1.391,1.153,0.664,4,4,3.252
1778532605208,0.038,1.006,-0.370,0.355,-0.024,-0.020,113.338,-1.835,1.195,0.719,4,4,3.267
1778532605221,0.045,1.011,-0.376,0.371,-0.028,-0.023,113.495,-2.559,1.248,0.801,4,4,3.850
1778532605235,0.054,1.016,-0.382,0.389,-0.034,-0.029,113.595,-3.380,1.266,0.902,4,4,3.308
1778532605249,0.056,1.024,-0.387,0.411,-0.042,-0.034,113.446,-3.501,1.308,1.018,4,4,3.264
1778532605262,0.055,1.037,-0.391,0.437,-0.050,-0.040,113.117,-3.300,1.392,1.176,4,4,3.401
1778532605275,0.053,1.052,-0.393,0.470,-0.058,-0.046,112.606,-2.983,1.459,1.364,4,4,3.258
1778532605289,0.053,1.068,-0.396,0.510,-0.066,-0.051,112.171,-2.879,1.483,1.573,4,4,3.858
1778532605303,0.045,1.079,-0.402,0.555,-0.073,-0.058,112.130,-2.124,1.424,1.771,4,4,3.260
1778532605316,0.034,1.081,-0.412,0.603,-0.078,-0.063,112.848,-1.084,1.308,1.859,4,4,3.254
1778532605331,0.019,1.079,-0.423,0.651,-0.079,-0.067,113.730,0.353,1.282,1.922,4,4,4.814
1778532605345,0.005,1.071,-0.438,0.698,-0.075,-0.072,115.349,1.667,1.205,1.920,4,4,3.248
1778532605358,-0.005,1.059,-0.453,0.742,-0.070,-0.076,117.089,2.593,1.140,1.887,4,4,3.841
1778532605372,-0.012,1.046,-0.465,0.783,-0.062,-0.080,118.753,3.204,1.073,1.860,4,4,3.263
1778532605386,-0.014,1.030,-0.482,0.820,-0.055,-0.085,120.940,3.175,1.086,1.804,4,4,3.721
1778532605399,-0.012,1.012,-0.501,0.852,-0.050,-0.092,123.297,2.755,1.109,1.714,4,4,3.272
1778532605412,-0.007,0.992,-0.522,0.879,-0.046,-0.102,125.880,1.965,1.122,1.619,4,4,3.282
1778532605426,0.003,0.975,-0.542,0.902,-0.045,-0.112,127.968,0.760,1.180,1.539,4,4,3.872
1778532605440,0.016,0.962,-0.559,0.921,-0.048,-0.117,129.566,-0.719,1.181,1.450,4,4,3.271
1778532605453,0.033,0.951,-0.574,0.939,-0.055,-0.120,130.673,-2.485,1.225,1.424,4,4,3.271
1778532605467,0.049,0.938,-0.587,0.953,-0.066,-0.122,131.900,-4.171,1.158,1.382,4,4,3.258
1778532605480,0.069,0.906,-0.585,0.958,-0.082,-0.119,134.540,-7.696,0.781,1.195,4,4,3.284
1778532605493,0.120,0.833,-0.554,0.919,-0.122,-0.094,114.099,-12.474,1.445,1.288,4,4,3.888
1778532605507,0.144,0.818,-0.531,0.858,-0.183,-0.068,112.042,-16.467,0.837,2.014,4,4,3.261
1778532605521,0.136,0.809,-0.499,0.782,-0.243,-0.047,108.256,-14.414,0.651,2.214,4,4,3.291
1778532605534,0.115,0.812,-0.469,0.704,-0.291,-0.027,105.425,-11.036,0.947,2.080,4,4,3.260
1778532605547,0.093,0.816,-0.443,0.628,-0.324,-0.010,103.116,-7.837,1.002,1.849,4,4,3.249
1778532605564,0.073,0.816,-0.420,0.552,-0.341,0.002,101.395,-4.823,0.886,1.652,4,4,6.893
1778532605578,0.055,0.814,-0.403,0.475,-0.341,0.009,100.513,-2.061,0.840,1.585,4,4,3.463
1778532605591,0.041,0.811,-0.390,0.398,-0.330,0.014,100.275,0.021,0.802,1.606,4,4,3.293
1778532605605,0.033,0.806,-0.380,0.321,-0.311,0.024,100.545,1.074,0.742,1.710,4,4,3.282
1778532605618,0.028,0.796,-0.374,0.241,-0.289,0.040,101.739,1.631,0.636,1.904,4,4,3.263
1778532605632,0.022,0.791,-0.369,0.158,-0.265,0.059,102.629,2.234,0.718,2.097,4,4,3.863
1778532605648,0.015,0.796,-0.365,0.078,-0.239,0.078,102.971,2.876,0.955,2.122,4,4,6.030
1778532605662,0.006,0.801,-0.362,0.005,-0.211,0.097,103.405,3.683,0.994,2.061,4,4,3.249
1778532605675,-0.004,0.807,-0.359,-0.065,-0.182,0.116,103.894,4.538,1.009,2.059,4,4,3.272
1778532605689,-0.015,0.815,-0.358,-0.133,-0.153,0.133,104.314,5.438,1.063,2.066,4,4,3.261
1778532605702,-0.025,0.823,-0.356,-0.198,-0.123,0.148,104.643,6.102,1.091,2.056,5,5,3.882
1778532605717,-0.031,0.832,-0.355,-0.261,-0.095,0.158,104.898,6.340,1.082,2.037,5,5,4.056
1778532605731,-0.031,0.842,-0.354,-0.323,-0.072,0.164,105.131,5.901,1.110,2.034,5,5,3.263
1778532605744,-0.026,0.854,-0.353,-0.383,-0.055,0.168,105.343,4.978,1.168,2.015,5,5,3.253
1778532605758,-0.016,0.868,-0.354,-0.441,-0.045,0.172,105.485,3.605,1.260,1.963,5,5,4.285
1778532605772,-0.005,0.883,-0.356,-0.495,-0.043,0.177,105.793,2.228,1.287,1.937,5,5,3.898
1778532605786,0.001,0.900,-0.359,-0.546,-0.046,0.185,106.056,1.487,1.340,1.901,5,5,3.266
1778532605799,0.001,0.918,-0.363,-0.591,-0.049,0.194,106.288,1.314,1.393,1.835,5,5,3.266
1778532605813,-0.003,0.935,-0.367,-0.633,-0.050,0.204,106.578,1.564,1.381,1.766,5,5,3.264
1778532605826,-0.008,0.949,-0.371,-0.673,-0.045,0.212,106.920,1.942,1.344,1.771,5,5,3.250
1778532605839,-0.012,0.965,-0.377,-0.712,-0.037,0.221,107.369,2.113,1.417,1.798,5,5,3.987
1778532605853,-0.014,0.984,-0.386,-0.747,-0.026,0.233,107.856,2.140,1.511,1.769,5,5,3.263
1778532605867,-0.016,1.002,-0.395,-0.778,-0.015,0.247,108.361,2.119,1.522,1.693,5,5,3.252
1778532605880,-0.018,1.016,-0.405,-0.805,-0.004,0.258,108.927,2.125,1.465,1.636,5,5,3.263
1778532605893,-0.018,1.027,-0.412,-0.832,0.005,0.266,109.444,2.026,1.380,1.621,5,5,3.253
1778532605907,-0.015,1.040,-0.415,-0.858,0.012,0.270,109.559,1.625,1.411,1.586,5,5,3.897
1778532605923,-0.010,1.054,-0.417,-0.879,0.016,0.273,109.471,1.100,1.440,1.483,5,5,4.946
1778532605936,-0.004,1.063,-0.418,-0.897,0.015,0.277,109.372,0.530,1.347,1.409,5,5,3.261
1778532605949,-0.001,1.070,-0.417,-0.913,0.012,0.281,109.267,0.171,1.296,1.389,5,5,3.260
1778532605964,0.002,1.077,-0.415,-0.928,0.008,0.283,109.035,-0.094,1.286,1.361,5,5,5.006
1778532605978,0.004,1.085,-0.414,-0.940,0.003,0.286,108.836,-0.364,1.309,1.304,1,1,3.875
1778532605992,0.008,1.090,-0.412,-0.948,-0.003,0.291,108.720,-0.677,1.256,1.248,1,1,3.276
1778532606007,0.008,1.090,-0.411,-0.956,-0.010,0.297,108.727,-0.688,1.167,1.265,1,1,3.275
1778532606020,0.006,1.089,-0.408,-0.964,-0.016,0.303,108.668,-0.441,1.104,1.266,1,1,3.241
1778532606033,0.003,1.088,-0.405,-0.972,-0.021,0.309,108.569,-0.076,1.119,1.284,1,1,3.329
1778532606047,-0.000,1.093,-0.400,-0.977,-0.023,0.312,108.139,0.236,1.251,1.175,1,1,3.892
1778532606061,-0.003,1.098,-0.397,-0.975,-0.024,0.313,107.890,0.523,1.247,0.987,1,1,3.246
1778532606074,-0.006,1.095,-0.393,-0.971,-0.023,0.313,107.723,0.844,1.091,0.916,1,1,3.297
1778532606088,-0.008,1.091,-0.388,-0.967,-0.020,0.313,107.508,1.008,1.038,0.907,1,1,3.334
1778532606101,-0.008,1.092,-0.382,-0.960,-0.016,0.312,107.070,0.900,1.133,0.845,1,1,3.260
1778532606115,-0.005,1.093,-0.375,-0.948,-0.012,0.313,106.531,0.570,1.144,0.729,1,1,3.942
1778532606129,-0.002,1.092,-0.367,-0.932,-0.007,0.312,105.933,0.217,1.077,0.610,1,1,3.291
1778532606142,0.000,1.087,-0.358,-0.915,-0.003,0.310,105.307,-0.096,1.007,0.552,1,1,3.255
1778532606155,0.004,1.087,-0.350,-0.896,0.002,0.306,104.747,-0.488,1.089,0.450,1,1,3.269
1778532606169,0.010,1.088,-0.345,-0.871,0.005,0.301,104.385,-1.171,1.149,0.307,1,1,3.264
1778532606182,0.015,1.086,-0.340,-0.842,0.008,0.297,104.285,-1.619,1.090,0.221,1,1,3.874
1778532606196,0.014,1.085,-0.339,-0.812,0.011,0.293,104.513,-1.425,1.099,0.202,1,1,3.268
1778532606210,0.008,1.088,-0.342,-0.777,0.017,0.286,104.957,-0.794,1.238,0.252,1,1,3.260
1778532606223,-0.009,0.935,-0.353,-0.755,0.042,0.259,85.125,0.124,2.520,0.851,1,1,3.242
1778532606236,0.010,0.942,-0.281,-0.691,0.062,0.231,80.901,-1.248,1.751,1.240,1,1,3.335
1778532606250,0.017,0.944,-0.242,-0.610,0.077,0.205,78.724,-1.909,1.152,1.628,1,1,3.855
1778532606264,0.008,0.943,-0.220,-0.532,0.092,0.196,78.257,-0.668,0.986,1.572,1,1,3.245
1778532606277,0.007,0.943,-0.201,-0.461,0.104,0.201,78.188,-0.600,0.962,1.477,1,1,3.384
1778532606291,0.012,0.946,-0.180,-0.393,0.105,0.206,77.854,-1.146,1.054,1.433,1,1,3.284
1778532606304,0.022,0.946,-0.160,-0.324,0.091,0.207,77.448,-2.352,1.021,1.497,1,1,3.272
1778532606317,0.035,0.948,-0.147,-0.260,0.073,0.204,77.911,-3.769,1.045,1.455,1,1,3.893
1778532606331,0.044,0.947,-0.135,-0.205,0.054,0.193,78.276,-4.788,0.974,1.321,1,1,3.294
1778532606345,0.049,0.948,-0.128,-0.152,0.046,0.179,79.224,-5.188,0.980,1.243,1,1,3.257
1778532606358,0.053,0.950,-0.122,-0.102,0.049,0.163,80.255,-5.484,1.001,1.214,1,1,3.259
1778532606371,0.057,0.951,-0.117,-0.057,0.056,0.147,81.211,-5.789,0.994,1.171,1,1,3.276
1778532606385,0.061,0.952,-0.112,-0.019,0.060,0.133,82.063,-6.038,0.975,1.024,1,1,3.873
1778532606399,0.062,0.955,-0.108,0.015,0.061,0.123,82.901,-5.963,1.017,0.908,1,1,3.280
1778532606412,0.062,0.955,-0.107,0.044,0.061,0.116,84.057,-5.723,0.975,0.803,1,1,3.279
1778532606426,0.063,0.956,-0.106,0.068,0.062,0.112,85.146,-5.585,0.968,0.687,1,1,3.244
1778532606439,0.064,0.955,-0.106,0.086,0.066,0.110,86.148,-5.595,0.954,0.583,1,1,3.323
1778532606452,0.066,0.956,-0.105,0.101,0.068,0.108,87.032,-5.657,0.979,0.507,1,1,3.866
1778532606466,0.068,0.957,-0.104,0.111,0.071,0.107,87.769,-5.720,0.995,0.407,1,1,3.247
1778532606480,0.072,0.959,-0.103,0.121,0.073,0.104,88.357,-6.026,1.016,0.396,1,1,3.264
1778532606493,0.077,0.959,-0.103,0.129,0.071,0.100,89.106,-6.488,0.990,0.350,1,1,3.281
1778532606506,0.079,0.961,-0.102,0.136,0.070,0.095,89.704,-6.591,1.007,0.319,1,1,3.239
1778532606520,0.081,0.962,-0.102,0.142,0.069,0.090,90.278,-6.670,1.006,0.312,1,1,3.852
1778532606534,0.083,0.965,-0.101,0.150,0.066,0.086,90.581,-6.659,1.048,0.347,1,1,3.271
1778532606547,0.084,0.967,-0.101,0.158,0.065,0.081,91.140,-6.631,1.015,0.370,1,1,3.245
1778532606561,0.086,0.970,-0.100,0.165,0.063,0.076,91.472,-6.672,1.036,0.366,1,1,3.254
1778532606574,0.089,0.971,-0.101,0.173,0.061,0.069,91.906,-6.843,1.014,0.389,1,1,3.266
1778532606587,0.095,0.967,-0.105,0.178,0.057,0.062,92.965,-7.560,0.934,0.331,5,5,3.837
1778532606601,0.096,0.969,-0.107,0.180,0.054,0.055,93.455,-7.384,1.018,0.269,5,5,3.272
1778532606619,0.097,0.971,-0.107,0.182,0.050,0.048,93.787,-7.327,1.033,0.262,5,5,3.297
1778532606632,0.098,0.971,-0.110,0.181,0.047,0.042,94.360,-7.288,0.997,0.200,5,5,3.306
1778532606645,0.098,0.973,-0.111,0.180,0.043,0.037,94.668,-7.166,1.034,0.186,5,5,3.321
1778532606659,0.099,0.975,-0.113,0.179,0.040,0.031,94.989,-7.055,1.030,0.206,5,5,3.854
1778532606673,0.099,0.977,-0.114,0.178,0.036,0.026,95.328,-6.898,1.031,0.187,5,5,3.252
1778532606686,0.099,0.979,-0.116,0.176,0.033,0.021,95.609,-6.794,1.041,0.182,5,5,3.285
1778532606700,0.099,0.980,-0.118,0.175,0.030,0.017,95.966,-6.656,1.024,0.177,5,5,3.253
1778532606713,0.098,0.982,-0.120,0.175,0.027,0.014,96.179,-6.435,1.052,0.189,5,5,3.264
1778532606726,0.097,0.983,-0.122,0.174,0.025,0.011,96.569,-6.224,1.017,0.164,5,5,3.843
1778532606743,0.098,0.986,-0.124,0.173,0.023,0.008,96.767,-6.209,1.065,0.175,5,5,5.598
1778532606756,0.096,0.989,-0.126,0.174,0.020,0.006,96.966,-5.942,1.065,0.191,5,5,3.261
1778532606769,0.097,0.990,-0.127,0.174,0.017,0.002,97.209,-5.959,1.029,0.204,5,5,3.250
1778532606783,0.097,0.990,-0.131,0.174,0.014,-0.002,97.620,-5.949,1.018,0.234,5,5,3.265
1778532606796,0.097,0.990,-0.133,0.175,0.011,-0.007,97.854,-5.892,1.025,0.245,1,1,3.880
1778532606811,0.097,0.991,-0.136,0.176,0.007,-0.012,98.247,-5.837,1.031,0.262,1,1,3.287
1778532606824,0.096,0.995,-0.138,0.177,0.004,-0.016,98.356,-5.645,1.096,0.258,1,1,3.262
1778532606837,0.096,0.999,-0.141,0.179,0.001,-0.020,98.599,-5.609,1.125,0.259,1,1,3.254
1778532606851,0.094,1.002,-0.145,0.181,-0.001,-0.022,98.908,-5.285,1.088,0.259,1,1,3.283
1778532606864,0.092,1.002,-0.149,0.184,-0.003,-0.022,99.266,-5.084,1.031,0.277,1,1,3.872
1778532606878,0.089,1.001,-0.152,0.187,-0.005,-0.020,99.688,-4.755,1.005,0.261,1,1,3.270
1778532606891,0.087,1.001,-0.156,0.189,-0.006,-0.017,99.998,-4.507,1.025,0.257,1,1,3.276
1778532606905,0.086,1.002,-0.159,0.191,-0.007,-0.013,100.230,-4.437,1.051,0.270,1,1,3.256
1778532606918,0.086,1.003,-0.162,0.194,-0.007,-0.008,100.508,-4.470,1.045,0.282,1,1,3.275
1778532606931,0.086,1.003,-0.167,0.197,-0.008,-0.004,100.878,-4.435,1.045,0.285,1,1,3.884
1778532606946,0.086,1.002,-0.170,0.199,-0.008,-0.001,101.172,-4.510,1.019,0.266,1,1,4.020
1778532606960,0.086,1.002,-0.174,0.200,-0.009,0.003,101.445,-4.495,1.041,0.268,1,1,3.258
1778532606973,0.086,1.002,-0.177,0.203,-0.009,0.006,101.747,-4.494,1.031,0.271,1,1,3.260
1778532606986,0.087,1.002,-0.181,0.205,-0.010,0.008,102.063,-4.719,1.037,0.267,1,1,3.274
1778532607000,0.091,1.000,-0.186,0.206,-0.012,0.007,102.486,-5.185,1.012,0.262,2,2,3.870
1778532607014,0.093,0.997,-0.190,0.207,-0.014,0.004,102.945,-5.443,0.981,0.252,2,2,3.265
1778532607027,0.094,0.993,-0.196,0.207,-0.015,-0.001,103.544,-5.569,0.974,0.230,2,2,3.251
1778532607040,0.093,0.993,-0.200,0.206,-0.017,-0.005,103.828,-5.441,1.033,0.225,2,2,3.299
1778532607054,0.091,0.993,-0.204,0.205,-0.018,-0.010,104.066,-5.209,1.053,0.226,2,2,3.267
1778532607067,0.090,0.994,-0.209,0.204,-0.019,-0.015,104.324,-5.081,1.056,0.233,2,2,3.881
1778532607081,0.088,0.994,-0.213,0.203,-0.019,-0.019,104.557,-4.833,1.044,0.226,2,2,3.288
1778532607095,0.087,0.994,-0.217,0.202,-0.019,-0.023,104.810,-4.696,1.045,0.223,2,2,3.254
1778532607108,0.087,0.995,-0.221,0.202,-0.019,-0.028,105.017,-4.692,1.065,0.242,2,2,3.272
1778532607121,0.088,0.997,-0.225,0.202,-0.019,-0.034,105.129,-4.773,1.086,0.278,2,2,3.258
1778532607135,0.088,0.997,-0.228,0.202,-0.020,-0.040,105.311,-4.719,1.048,0.296,4,4,3.962
1778532607149,0.086,0.997,-0.232,0.203,-0.020,-0.046,105.488,-4.534,1.048,0.299,4,4,3.297
1778532607162,0.083,0.998,-0.235,0.203,-0.021,-0.051,105.686,-4.212,1.053,0.281,4,4,3.300
1778532607176,0.081,1.001,-0.239,0.204,-0.021,-0.056,105.793,-4.035,1.112,0.295,4,4,3.278
1778532607189,0.081,1.003,-0.243,0.206,-0.021,-0.061,105.949,-4.040,1.109,0.314,4,4,3.265
1778532607202,0.079,1.007,-0.247,0.209,-0.021,-0.065,106.035,-3.817,1.135,0.339,3,3,3.903
1778532607216,0.078,1.009,-0.250,0.213,-0.021,-0.069,106.127,-3.721,1.112,0.361,3,3,3.254
1778532607230,0.074,1.012,-0.254,0.218,-0.021,-0.072,106.203,-3.239,1.117,0.382,3,3,3.243
1778532607243,0.068,1.013,-0.257,0.224,-0.021,-0.073,106.353,-2.708,1.106,0.395,3,3,3.249
1778532607256,0.064,1.015,-0.261,0.231,-0.021,-0.073,106.546,-2.304,1.113,0.418,3,3,3.252
1778532607270,0.061,1.017,-0.265,0.239,-0.021,-0.071,106.730,-2.069,1.120,0.450,3,3,3.936
1778532607284,0.060,1.020,-0.270,0.249,-0.020,-0.070,106.926,-2.033,1.136,0.491,3,3,3.272
1778532607297,0.059,1.021,-0.274,0.258,-0.020,-0.068,107.186,-2.045,1.112,0.515,3,3,3.247
1778532607311,0.057,1.023,-0.279,0.269,-0.021,-0.067,107.398,-1.948,1.138,0.555,3,3,3.280
1778532607324,0.057,1.025,-0.284,0.281,-0.022,-0.066,107.641,-1.989,1.126,0.590,3,3,3.278
1778532607337,0.057,1.027,-0.289,0.294,-0.023,-0.066,107.950,-2.082,1.151,0.642,4,4,3.896
1778532607351,0.057,1.029,-0.294,0.308,-0.025,-0.066,108.248,-2.091,1.141,0.684,4,4,3.259
1778532607365,0.057,1.030,-0.300,0.324,-0.027,-0.066,108.545,-2.192,1.144,0.730,4,4,3.257
1778532607378,0.057,1.031,-0.305,0.340,-0.030,-0.067,108.896,-2.271,1.140,0.778,4,4,3.283
1778532607392,0.057,1.034,-0.310,0.358,-0.033,-0.068,109.082,-2.346,1.172,0.835,4,4,3.265
1778532607405,0.056,1.037,-0.315,0.378,-0.036,-0.070,109.251,-2.301,1.192,0.917,4,4,3.956
1778532607419,0.057,1.043,-0.320,0.401,-0.041,-0.072,109.333,-2.427,1.235,1.011,4,4,3.263
1778532607432,0.057,1.049,-0.325,0.427,-0.046,-0.075,109.392,-2.440,1.274,1.127,4,4,3.258
1778532607446,0.056,1.056,-0.329,0.457,-0.051,-0.077,109.378,-2.307,1.263,1.247,4,4,3.277
1778532607459,0.054,1.062,-0.334,0.490,-0.057,-0.079,109.452,-2.192,1.278,1.369,4,4,3.253
1778532607472,0.047,1.070,-0.337,0.528,-0.062,-0.081,109.318,-1.522,1.317,1.541,3,3,3.948
1778532607487,0.043,1.077,-0.341,0.571,-0.067,-0.082,109.330,-1.185,1.300,1.701,3,3,3.266
1778532607500,0.038,1.084,-0.347,0.619,-0.070,-0.084,109.430,-0.765,1.330,1.866,3,3,3.269
1778532607513,0.035,1.090,-0.353,0.670,-0.072,-0.086,109.689,-0.576,1.323,2.021,3,3,3.270
1778532607527,0.026,1.092,-0.366,0.725,-0.072,-0.091,110.597,0.238,1.317,2.151,3,3,3.258
1778532607540,0.020,1.092,-0.385,0.780,-0.070,-0.097,112.133,0.666,1.348,2.220,4,4,3.910
1778532607554,0.014,1.088,-0.406,0.833,-0.067,-0.103,113.899,1.032,1.348,2.224,4,4,3.263
1778532607567,0.011,1.081,-0.431,0.883,-0.065,-0.107,116.054,1.123,1.352,2.199,4,4,3.259
1778532607581,0.013,1.075,-0.452,0.929,-0.063,-0.112,117.803,0.783,1.293,2.140,4,4,3.273
1778532607594,0.018,1.063,-0.471,0.972,-0.064,-0.116,119.644,0.138,1.207,2.097,4,4,3.255
1778532607608,0.023,1.053,-0.489,1.013,-0.067,-0.119,121.290,-0.425,1.210,2.094,4,4,3.882
1778532607622,0.030,1.036,-0.509,1.050,-0.073,-0.117,123.549,-1.277,1.175,2.016,4,4,3.260
1778532607635,0.035,1.010,-0.526,1.078,-0.080,-0.111,126.465,-1.858,1.022,1.833,4,4,3.299
1778532607648,0.039,0.979,-0.539,1.098,-0.089,-0.096,129.578,-2.548,0.881,1.668,4,4,3.264
1778532607662,0.046,0.944,-0.544,1.108,-0.101,-0.071,132.916,-3.882,0.694,1.550,4,4,3.419
1778532607675,0.057,0.867,-0.507,1.096,-0.114,-0.040,113.635,-5.330,0.918,1.183,4,4,4.037
1778532607690,0.063,0.823,-0.497,1.045,-0.133,-0.014,88.306,-7.706,0.378,0.960,4,4,3.392
1778532607703,0.056,0.784,-0.479,0.967,-0.149,-0.002,66.385,-2.876,0.143,1.232,4,4,3.266
1778532607716,0.054,0.762,-0.458,0.873,-0.159,-0.003,68.708,-2.598,0.277,1.625,4,4,3.269
1778532607730,0.052,0.759,-0.440,0.776,-0.167,-0.007,70.982,-2.506,0.704,1.793,4,4,3.246
1778532607743,0.053,0.764,-0.423,0.684,-0.172,-0.007,73.170,-2.654,0.881,1.737,4,4,3.869
1778532607757,0.054,0.774,-0.410,0.601,-0.175,-0.000,75.506,-2.818,1.010,1.578,4,4,3.251
1778532607770,0.055,0.785,-0.403,0.529,-0.176,0.011,78.104,-3.010,1.051,1.385,4,4,3.278
1778532607784,0.056,0.788,-0.400,0.464,-0.173,0.025,81.321,-3.178,0.909,1.288,4,4,3.249
1778532607797,0.053,0.781,-0.400,0.399,-0.168,0.041,85.132,-2.825,0.756,1.359,4,4,3.259
1778532607810,0.049,0.770,-0.399,0.330,-0.158,0.057,89.110,-2.256,0.647,1.553,4,4,3.863
1778532607824,0.044,0.759,-0.397,0.252,-0.144,0.071,92.355,-1.489,0.634,1.818,4,4,3.256
1778532607838,0.040,0.754,-0.396,0.170,-0.126,0.083,95.084,-0.878,0.753,2.030,4,4,3.269
1778532607852,0.034,0.757,-0.398,0.088,-0.104,0.095,97.225,-0.315,0.928,2.136,4,4,4.291
1778532607866,0.031,0.767,-0.400,0.010,-0.080,0.105,98.846,-0.125,1.085,2.128,4,4,3.518
1778532607879,0.031,0.778,-0.402,-0.063,-0.055,0.116,100.329,-0.217,1.105,2.070,5,5,3.986
1778532607893,0.031,0.785,-0.404,-0.132,-0.032,0.129,101.758,-0.400,1.040,2.057,5,5,3.252
1778532607907,0.033,0.792,-0.405,-0.199,-0.011,0.142,102.919,-0.679,1.043,2.068,5,5,3.283
1778532607920,0.035,0.801,-0.405,-0.263,0.007,0.155,103.775,-1.061,1.072,2.069,5,5,3.281
1778532607934,0.037,0.808,-0.404,-0.329,0.024,0.166,104.524,-1.386,1.037,2.118,5,5,3.306
1778532607947,0.041,0.812,-0.401,-0.397,0.039,0.175,105.132,-1.907,0.975,2.249,5,5,3.886
1778532607961,0.044,0.822,-0.397,-0.468,0.052,0.182,105.222,-2.374,1.082,2.386,5,5,3.265
1778532607974,0.049,0.839,-0.393,-0.538,0.063,0.187,105.114,-2.834,1.267,2.385,5,5,3.274
1778532607988,0.054,0.859,-0.391,-0.602,0.071,0.192,105.089,-3.223,1.361,2.313,5,5,3.254
1778532608001,0.058,0.880,-0.391,-0.661,0.077,0.198,105.221,-3.482,1.390,2.234,5,5,3.260
1778532608014,0.061,0.897,-0.392,-0.716,0.082,0.206,105.509,-3.639,1.354,2.187,5,5,3.933
1778532608029,0.063,0.911,-0.393,-0.769,0.088,0.214,105.806,-3.743,1.286,2.210,5,5,3.350
1778532608042,0.064,0.927,-0.393,-0.822,0.093,0.223,105.973,-3.715,1.339,2.242,5,5,3.299
1778532608055,0.063,0.946,-0.394,-0.870,0.100,0.232,106.080,-3.576,1.426,2.190,5,5,3.261
1778532608069,0.063,0.967,-0.398,-0.912,0.108,0.240,106.273,-3.451,1.512,2.065,5,5,3.311
1778532608082,0.062,0.987,-0.403,-0.947,0.117,0.244,106.651,-3.274,1.510,1.923,5,5,3.872
1778532608096,0.063,1.005,-0.410,-0.976,0.125,0.246,107.139,-3.258,1.500,1.786,5,5,3.259
1778532608109,0.066,1.020,-0.417,-0.999,0.132,0.247,107.665,-3.407,1.485,1.664,5,5,3.262
1778532608123,0.067,1.032,-0.423,-1.019,0.136,0.252,108.256,-3.464,1.401,1.592,5,5,3.257
1778532608136,0.067,1.039,-0.428,-1.037,0.139,0.259,108.844,-3.398,1.308,1.578,5,5,3.268
1778532608150,0.066,1.048,-0.433,-1.052,0.141,0.262,109.202,-3.214,1.364,1.497,5,5,3.870
1778532608164,0.067,1.060,-0.437,-1.061,0.142,0.261,109.455,-3.269,1.414,1.324,5,5,3.279
1778532608177,0.070,1.068,-0.440,-1.064,0.141,0.259,109.683,-3.556,1.358,1.159,5,5,3.265
1778532608190,0.074,1.070,-0.441,-1.063,0.136,0.259,109.973,-3.881,1.219,1.072,5,5,3.274
1778532608204,0.073,1.068,-0.440,-1.063,0.128,0.259,110.209,-3.780,1.114,1.102,5,5,3.324
1778532608217,0.069,1.072,-0.439,-1.061,0.121,0.257,110.143,-3.343,1.212,1.044,1,1,3.886
1778532608231,0.064,1.079,-0.437,-1.054,0.115,0.251,109.951,-2.868,1.312,0.864,1,1,3.273
1778532608245,0.061,1.085,-0.435,-1.039,0.109,0.243,109.774,-2.550,1.276,0.662,1,1,3.272
1778532608258,0.058,1.086,-0.433,-1.021,0.103,0.236,109.662,-2.262,1.173,0.542,1,1,3.258
1778532608272,0.052,1.085,-0.430,-1.001,0.099,0.229,109.596,-1.685,1.112,0.496,1,1,3.430
1778532608285,0.044,1.086,-0.426,-0.980,0.099,0.219,109.410,-0.872,1.188,0.448,1,1,3.872
1778532608299,0.035,1.093,-0.424,-0.954,0.102,0.209,109.157,-0.160,1.294,0.345,1,1,3.301
1778532608312,0.028,1.098,-0.421,-0.922,0.110,0.198,108.914,0.458,1.280,0.326,1,1,3.264
1778532608326,0.023,1.101,-0.417,-0.884,0.121,0.188,108.610,0.794,1.206,0.430,1,1,3.253
1778532608339,0.019,1.102,-0.411,-0.843,0.135,0.180,108.187,1.021,1.158,0.539,1,1,3.280
1778532608352,0.039,1.124,-0.326,-0.759,0.146,0.169,102.290,-0.215,2.286,1.484,1,1,3.874
1778532608366,0.054,1.117,-0.271,-0.679,0.144,0.149,96.942,-1.693,1.385,1.452,1,1,3.303
1778532608380,0.058,1.109,-0.244,-0.593,0.142,0.127,94.404,-2.365,1.013,1.703,1,1,3.449
1778532608393,0.054,1.101,-0.232,-0.510,0.139,0.116,93.708,-1.937,0.910,1.636,1,1,3.259
1778532608407,0.055,1.093,-0.220,-0.437,0.137,0.112,93.173,-2.195,0.937,1.473,1,1,3.295
1778532608420,0.059,1.091,-0.203,-0.368,0.133,0.105,91.963,-2.772,1.073,1.418,1,1,3.879
1778532608434,0.066,1.089,-0.188,-0.297,0.125,0.096,91.084,-3.581,1.059,1.558,1,1,3.260
1778532608448,0.068,1.083,-0.180,-0.233,0.117,0.086,91.000,-3.869,0.976,1.445,1,1,3.257
1778532608461,0.067,1.078,-0.176,-0.178,0.115,0.079,91.403,-3.736,0.974,1.264,1,1,3.270
1778532608474,0.069,1.075,-0.172,-0.131,0.115,0.072,91.687,-4.022,1.006,1.099,1,1,3.274
1778532608488,0.070,1.071,-0.168,-0.091,0.116,0.068,91.955,-4.126,0.987,0.959,1,1,3.880
1778532608502,0.072,1.067,-0.163,-0.056,0.115,0.062,92.059,-4.411,1.008,0.859,1,1,3.272
1778532608515,0.073,1.063,-0.161,-0.026,0.114,0.058,92.594,-4.540,0.967,0.761,1,1,3.256
1778532608529,0.075,1.058,-0.160,-0.001,0.111,0.053,93.109,-4.805,0.974,0.638,1,1,3.326
1778532608542,0.077,1.054,-0.159,0.019,0.109,0.048,93.569,-4.904,0.973,0.549,1,1,3.268
1778532608555,0.078,1.051,-0.156,0.037,0.106,0.043,93.735,-4.989,1.001,0.514,1,1,3.920
1778532608569,0.079,1.048,-0.155,0.053,0.102,0.038,94.190,-5.157,0.997,0.482,1,1,3.278
1778532608583,0.081,1.044,-0.156,0.065,0.097,0.033,94.666,-5.268,0.992,0.388,1,1,3.265
1778532608596,0.082,1.043,-0.154,0.075,0.092,0.029,94.917,-5.383,1.015,0.353,1,1,3.276
1778532608610,0.082,1.041,-0.153,0.085,0.087,0.024,95.076,-5.351,1.019,0.344,1,1,3.265
1778532608624,0.083,1.040,-0.152,0.094,0.081,0.021,95.276,-5.333,1.025,0.350,1,1,5.192
1778532608638,0.083,1.038,-0.151,0.103,0.076,0.017,95.509,-5.286,1.020,0.340,1,1,3.279
1778532608652,0.084,1.037,-0.150,0.112,0.072,0.014,95.687,-5.370,1.031,0.357,1,1,3.257
1778532608665,0.084,1.037,-0.150,0.121,0.067,0.011,95.916,-5.228,1.039,0.363,1,1,3.274
1778532608679,0.082,1.034,-0.153,0.125,0.062,0.008,96.515,-4.971,0.991,0.261,1,1,3.797
1778532608692,0.083,1.032,-0.153,0.129,0.058,0.006,96.733,-5.063,1.017,0.248,1,1,3.929
1778532608707,0.083,1.029,-0.155,0.132,0.053,0.004,97.256,-5.007,0.990,0.209,1,1,3.387
1778532608720,0.083,1.028,-0.156,0.133,0.050,0.002,97.507,-5.054,1.020,0.177,1,1,3.359
1778532608734,0.084,1.026,-0.158,0.134,0.046,0.000,97.895,-5.077,1.000,0.165,1,1,3.397
1778532608747,0.084,1.024,-0.159,0.133,0.042,-0.002,98.130,-5.103,1.013,0.149,1,1,3.382
1778532608761,0.085,1.023,-0.160,0.133,0.038,-0.005,98.307,-5.120,1.020,0.169,1,1,3.993
1778532608776,0.084,1.022,-0.161,0.132,0.035,-0.009,98.531,-5.028,1.019,0.163,1,1,3.255
1778532608793,0.083,1.022,-0.162,0.132,0.031,-0.011,98.710,-4.884,1.028,0.156,1,1,6.463
1778532608806,0.082,1.022,-0.163,0.131,0.027,-0.012,98.824,-4.733,1.049,0.132,1,1,3.288
1778532608820,0.080,1.022,-0.164,0.130,0.024,-0.013,99.026,-4.512,1.032,0.118,1,1,3.248
1778532608834,0.080,1.022,-0.165,0.129,0.022,-0.013,99.133,-4.427,1.048,0.112,2,2,4.566
1778532608848,0.078,1.024,-0.166,0.128,0.020,-0.012,99.233,-4.200,1.076,0.122,2,2,3.252
1778532608861,0.077,1.025,-0.168,0.129,0.018,-0.011,99.385,-4.064,1.067,0.138,2,2,3.256
1778532608874,0.076,1.024,-0.171,0.129,0.017,-0.009,99.755,-4.032,1.036,0.139,2,2,3.251
1778532608888,0.076,1.025,-0.172,0.130,0.015,-0.008,99.883,-4.014,1.067,0.154,2,2,3.276
1778532608902,0.075,1.028,-0.174,0.132,0.014,-0.007,99.941,-3.873,1.118,0.195,1,1,4.475
1778532608916,0.076,1.033,-0.175,0.137,0.014,-0.009,99.916,-3.983,1.164,0.264,1,1,3.252
1778532608929,0.074,1.038,-0.177,0.142,0.012,-0.005,100.062,-3.733,1.176,0.303,1,1,3.255
1778532608942,0.072,1.041,-0.179,0.150,0.011,0.003,100.163,-3.515,1.125,0.403,1,1,3.261
1778532608956,0.070,1.042,-0.181,0.159,0.010,0.011,100.369,-3.269,1.087,0.452,1,1,3.260
1778532608969,0.070,1.041,-0.184,0.168,0.009,0.020,100.628,-3.341,1.054,0.471,2,2,3.878
1778532608983,0.073,1.040,-0.186,0.176,0.008,0.028,100.903,-3.730,1.058,0.459,2,2,3.273
1778532608996,0.076,1.039,-0.190,0.185,0.007,0.034,101.261,-4.075,1.043,0.451,2,2,3.265
1778532609010,0.076,1.038,-0.193,0.193,0.006,0.039,101.558,-4.173,1.054,0.439,2,2,3.259
1778532609023,0.079,1.036,-0.197,0.201,0.005,0.043,101.966,-4.504,1.045,0.426,2,2,3.266
1778532609037,0.081,1.035,-0.201,0.208,0.004,0.046,102.340,-4.736,1.067,0.423,2,2,3.908
1778532609051,0.083,1.034,-0.206,0.215,0.002,0.048,102.813,-4.962,1.069,0.405,2,2,3.591
1778532609065,0.084,1.031,-0.211,0.221,0.002,0.049,103.371,-4.943,1.019,0.391,2,2,3.633
1778532609078,0.084,1.028,-0.216,0.227,0.001,0.050,103.845,-5.005,1.020,0.378,2,2,3.260
1778532609091,0.085,1.025,-0.221,0.231,0.000,0.051,104.322,-5.048,1.024,0.368,2,2,3.274
1778532609105,0.087,1.023,-0.226,0.236,-0.000,0.052,104.827,-5.307,1.042,0.362,4,4,3.923
1778532609119,0.086,1.020,-0.232,0.240,-0.001,0.052,105.335,-5.175,1.013,0.345,4,4,3.264
1778532609132,0.086,1.017,-0.237,0.244,-0.001,0.051,105.794,-5.117,1.016,0.339,4,4,3.276
1778532609145,0.089,1.014,-0.242,0.247,-0.001,0.050,106.270,-5.423,1.027,0.324,4,4,3.260
1778532609159,0.092,1.011,-0.248,0.249,-0.002,0.048,106.821,-5.729,1.034,0.314,4,4,3.265
1778532609172,0.094,1.009,-0.254,0.251,-0.002,0.045,107.286,-5.963,1.046,0.316,4,4,3.896
1778532609186,0.096,1.005,-0.260,0.253,-0.003,0.042,107.793,-6.087,1.018,0.304,4,4,3.300
1778532609199,0.099,1.002,-0.266,0.255,-0.004,0.039,108.329,-6.412,1.018,0.299,4,4,3.279
1778532609213,0.100,0.999,-0.272,0.256,-0.005,0.034,108.767,-6.451,1.032,0.295,4,4,3.259
1778532609231,0.102,0.997,-0.278,0.256,-0.006,0.029,109.239,-6.631,1.040,0.296,4,4,7.982
1778532609244,0.102,0.997,-0.284,0.258,-0.007,0.024,109.502,-6.428,1.087,0.307,4,4,3.940
1778532609259,0.101,0.998,-0.289,0.260,-0.008,0.020,109.688,-6.301,1.091,0.324,4,4,3.290
1778532609272,0.100,0.998,-0.294,0.262,-0.009,0.017,109.903,-6.029,1.082,0.340,4,4,3.324
1778532609286,0.098,0.997,-0.299,0.266,-0.010,0.015,110.206,-5.808,1.075,0.356,4,4,3.282
1778532609299,0.097,0.998,-0.305,0.270,-0.010,0.014,110.475,-5.575,1.094,0.371,4,4,3.306
1778532609313,0.096,0.996,-0.311,0.274,-0.011,0.015,110.837,-5.404,1.059,0.393,4,4,3.911
1778532609327,0.095,0.995,-0.317,0.279,-0.011,0.016,111.246,-5.257,1.064,0.403,4,4,3.828
1778532609341,0.096,0.994,-0.323,0.284,-0.011,0.017,111.635,-5.428,1.085,0.415,4,4,3.272
1778532609354,0.096,0.994,-0.329,0.289,-0.012,0.018,111.949,-5.302,1.099,0.437,4,4,3.266
1778532609367,0.097,0.993,-0.335,0.295,-0.012,0.019,112.311,-5.455,1.099,0.453,4,4,3.270
1778532609381,0.098,0.994,-0.341,0.302,-0.013,0.019,112.565,-5.534,1.122,0.476,4,4,3.878
1778532609395,0.099,0.995,-0.348,0.310,-0.014,0.020,112.830,-5.600,1.141,0.514,4,4,3.270
1778532609408,0.099,0.998,-0.353,0.319,-0.014,0.020,112.941,-5.519,1.165,0.561,4,4,3.255
1778532609422,0.100,1.001,-0.359,0.330,-0.015,0.021,113.133,-5.484,1.168,0.610,4,4,3.802
1778532609435,0.101,1.006,-0.365,0.342,-0.015,0.023,113.157,-5.552,1.227,0.679,4,4,3.276
1778532609449,0.103,1.012,-0.370,0.358,-0.017,0.025,113.108,-5.654,1.246,0.775,4,4,3.917
1778532609463,0.101,1.019,-0.374,0.377,-0.018,0.028,112.989,-5.384,1.277,0.878,4,4,3.290
1778532609476,0.100,1.029,-0.378,0.400,-0.019,0.032,112.739,-5.221,1.327,1.017,4,4,3.263
1778532609490,0.098,1.044,-0.380,0.429,-0.021,0.039,112.205,-4.882,1.436,1.192,4,4,3.268
1778532609503,0.098,1.065,-0.380,0.466,-0.021,0.045,111.446,-4.746,1.563,1.424,4,4,3.266
1778532609516,0.091,1.087,-0.379,0.512,-0.020,0.050,110.650,-4.142,1.610,1.725,4,4,3.903
1778532609530,0.088,1.107,-0.379,0.568,-0.017,0.051,109.953,-3.765,1.608,2.027,4,4,3.294
1778532609544,0.088,1.128,-0.383,0.632,-0.014,0.048,109.614,-3.730,1.658,2.294,4,4,3.268
1778532609557,0.083,1.144,-0.387,0.701,-0.007,0.039,109.492,-3.306,1.556,2.513,4,4,3.270
1778532609570,0.086,1.153,-0.400,0.768,0.001,0.026,110.160,-3.472,1.518,2.533,4,4,3.281
1778532609584,0.088,1.150,-0.420,0.832,0.010,0.009,111.886,-3.654,1.397,2.546,4,4,3.923
1778532609598,0.089,1.134,-0.446,0.894,0.018,-0.007,114.769,-3.836,1.283,2.546,4,4,3.304
1778532609611,0.099,1.117,-0.470,0.948,0.022,-0.022,117.491,-4.798,1.271,2.399,4,4,3.254
1778532609624,0.114,1.100,-0.493,0.994,0.022,-0.041,119.949,-6.263,1.324,2.254,4,4,3.274
1778532609638,0.122,1.083,-0.514,1.032,0.020,-0.063,122.286,-6.987,1.248,2.106,4,4,3.261
1778532609651,0.135,1.063,-0.530,1.061,0.018,-0.083,124.324,-8.271,1.144,1.895,4,4,3.931
1778532609665,0.149,1.042,-0.534,1.081,0.014,-0.101,125.569,-10.208,0.971,1.707,4,4,3.282
1778532609679,0.168,1.009,-0.531,1.092,0.008,-0.110,127.751,-13.661,0.788,1.429,4,4,3.261
1778532609692,0.231,0.954,-0.513,1.087,-0.020,-0.091,104.328,-19.993,1.631,1.294,4,4,3.268
1778532609705,0.265,0.916,-0.527,1.073,-0.074,-0.071,111.036,-22.952,1.310,1.676,4,4,3.267
1778532609719,0.270,0.878,-0.523,1.036,-0.136,-0.049,116.942,-24.641,0.584,1.826,4,4,3.955
1778532609733,0.265,0.847,-0.514,0.983,-0.197,-0.038,120.053,-24.553,0.392,1.851,4,4,3.283
1778532609746,0.251,0.830,-0.504,0.922,-0.253,-0.037,120.313,-21.499,0.530,1.838,4,4,3.260
1778532609760,0.231,0.811,-0.491,0.855,-0.302,-0.039,120.191,-17.298,0.490,1.798,4,4,3.290
1778532609775,0.209,0.794,-0.478,0.785,-0.341,-0.039,119.552,-12.729,0.556,1.704,4,4,4.815
1778532609789,0.186,0.784,-0.464,0.714,-0.369,-0.036,118.178,-8.846,0.653,1.582,4,4,4.373
1778532609804,0.166,0.775,-0.449,0.645,-0.386,-0.031,116.712,-5.681,0.664,1.417,4,4,4.331
1778532609817,0.148,0.761,-0.436,0.576,-0.394,-0.024,115.871,-2.518,0.530,1.356,4,4,3.259
1778532609831,0.131,0.739,-0.422,0.501,-0.392,-0.016,115.754,1.584,0.384,1.512,4,4,3.298
1778532609844,0.115,0.722,-0.406,0.417,-0.381,-0.009,114.227,4.682,0.408,1.770,4,4,3.279
1778532609858,0.104,0.711,-0.389,0.328,-0.362,-0.004,112.096,5.662,0.507,1.980,4,4,3.857
1778532609872,0.099,0.704,-0.372,0.236,-0.339,0.003,109.997,5.164,0.531,2.175,4,4,3.255
1778532609885,0.101,0.699,-0.357,0.142,-0.315,0.011,108.312,3.512,0.613,2.347,4,4,3.251
1778532609898,0.105,0.701,-0.343,0.047,-0.293,0.023,106.918,1.779,0.768,2.457,4,4,3.323
1778532609912,0.110,0.708,-0.333,-0.046,-0.273,0.038,105.965,0.295,0.893,2.491,4,4,3.249
1778532609925,0.113,0.717,-0.326,-0.135,-0.257,0.054,105.428,-0.824,0.955,2.510,5,5,3.845
1778532609941,0.113,0.731,-0.320,-0.220,-0.242,0.073,104.965,-1.325,1.053,2.502,5,5,3.246
1778532609955,0.109,0.747,-0.316,-0.300,-0.227,0.093,104.707,-1.317,1.131,2.456,5,5,4.069
1778532609968,0.102,0.759,-0.314,-0.378,-0.209,0.114,104.646,-0.889,1.057,2.499,5,5,3.262
1778532609982,0.095,0.773,-0.311,-0.457,-0.187,0.133,104.519,-0.567,1.096,2.608,5,5,3.306
1778532609997,0.096,0.793,-0.310,-0.533,-0.164,0.151,104.390,-0.953,1.265,2.617,5,5,3.908
1778532610011,0.103,0.818,-0.312,-0.606,-0.145,0.172,104.408,-1.912,1.436,2.626,5,5,3.263
1778532610024,0.114,0.845,-0.318,-0.676,-0.132,0.196,104.720,-2.948,1.560,2.639,5,5,3.269
1778532610038,0.123,0.875,-0.328,-0.743,-0.126,0.220,105.149,-3.757,1.656,2.615,5,5,3.309
1778532610051,0.127,0.905,-0.339,-0.805,-0.125,0.243,105.626,-4.097,1.668,2.565,5,5,3.310
1778532610065,0.126,0.935,-0.349,-0.864,-0.126,0.264,106.003,-4.016,1.700,2.521,5,5,3.899
1778532610079,0.120,0.968,-0.359,-0.917,-0.125,0.285,106.280,-3.606,1.790,2.443,5,5,3.250
1778532610093,0.110,1.002,-0.373,-0.964,-0.121,0.305,106.763,-2.957,1.866,2.348,5,5,3.279
1778532610106,0.100,1.032,-0.390,-1.006,-0.113,0.326,107.488,-2.313,1.867,2.252,5,5,3.263
1778532610120,0.090,1.061,-0.409,-1.040,-0.103,0.345,108.303,-1.737,1.872,2.117,5,5,3.272
1778532610133,0.082,1.083,-0.427,-1.068,-0.091,0.362,109.209,-1.270,1.775,1.987,5,5,3.882
1778532610148,0.077,1.103,-0.444,-1.089,-0.079,0.377,110.021,-1.061,1.745,1.821,5,5,4.152
1778532610163,0.074,1.118,-0.459,-1.104,-0.069,0.388,110.818,-0.985,1.651,1.639,5,5,3.278
1778532610176,0.071,1.126,-0.470,-1.116,-0.060,0.395,111.579,-0.937,1.491,1.558,5,5,3.263
1778532610189,0.067,1.135,-0.479,-1.126,-0.053,0.398,112.047,-0.749,1.488,1.468,5,5,3.275
1778532610203,0.062,1.145,-0.487,-1.130,-0.045,0.400,112.398,-0.487,1.512,1.306,5,5,4.426
1778532610217,0.055,1.152,-0.494,-1.125,-0.037,0.400,112.783,-0.050,1.467,1.102,5,5,3.306
1778532610231,0.046,1.153,-0.499,-1.116,-0.029,0.398,113.265,0.571,1.329,0.955,5,5,3.266
1778532610244,0.036,1.154,-0.503,-1.102,-0.019,0.393,113.535,1.201,1.327,0.837,5,5,3.255
1778532610257,0.030,1.160,-0.505,-1.082,-0.008,0.385,113.545,1.552,1.394,0.644,5,5,3.304
1778532610271,0.026,1.163,-0.505,-1.055,0.001,0.375,113.452,1.638,1.332,0.440,1,1,3.924
1778532610285,0.021,1.157,-0.504,-1.025,0.010,0.367,113.537,1.917,1.146,0.374,1,1,3.389
1778532610298,0.014,1.148,-0.499,-0.997,0.021,0.355,113.389,2.457,1.035,0.424,1,1,3.377
1778532610312,0.009,1.148,-0.492,-0.966,0.035,0.341,112.752,2.631,1.193,0.423,1,1,3.301
1778532610330,0.010,1.146,-0.485,-0.928,0.049,0.328,112.204,2.235,1.162,0.410,1,1,6.763
1778532610343,0.004,0.954,-0.546,-0.854,0.079,0.302,90.113,2.200,3.762,1.425,1,1,3.913
1778532610357,0.039,0.955,-0.498,-0.784,0.093,0.270,87.323,-1.396,1.368,1.259,1,1,3.279
1778532610371,0.048,0.952,-0.451,-0.705,0.103,0.239,84.429,-2.482,1.102,1.500,1,1,3.248
1778532610384,0.050,0.952,-0.421,-0.628,0.111,0.212,83.640,-2.708,0.971,1.497,1,1,3.260
1778532610397,0.045,0.950,-0.397,-0.552,0.119,0.195,83.413,-2.171,0.929,1.472,1,1,3.252
1778532610411,0.045,0.951,-0.375,-0.481,0.125,0.185,83.536,-2.134,0.983,1.391,1,1,3.851
1778532610425,0.048,0.953,-0.357,-0.415,0.128,0.175,83.968,-2.585,0.991,1.321,1,1,3.268
1778532610438,0.051,0.957,-0.337,-0.351,0.124,0.167,83.965,-2.953,1.058,1.316,1,1,3.250
1778532610451,0.054,0.959,-0.321,-0.292,0.120,0.156,84.405,-3.377,1.009,1.246,1,1,3.265
1778532610465,0.056,0.961,-0.310,-0.239,0.116,0.144,85.271,-3.585,1.013,1.160,1,1,3.368
1778532610478,0.058,0.961,-0.300,-0.193,0.114,0.134,86.160,-3.774,0.979,1.013,1,1,3.949
1778532610492,0.059,0.962,-0.290,-0.155,0.115,0.126,86.937,-3.810,0.979,0.852,1,1,3.293
1778532610506,0.062,0.963,-0.280,-0.121,0.114,0.119,87.565,-4.163,0.998,0.751,1,1,3.267
1778532610519,0.063,0.964,-0.270,-0.091,0.112,0.112,88.143,-4.254,1.000,0.689,1,1,3.272
1778532610533,0.065,0.966,-0.262,-0.063,0.110,0.105,88.714,-4.389,1.008,0.682,1,1,3.271
1778532610546,0.066,0.967,-0.254,-0.036,0.108,0.099,89.328,-4.532,0.994,0.664,1,1,3.955
1778532610560,0.068,0.967,-0.248,-0.012,0.105,0.092,90.024,-4.711,0.995,0.629,1,1,3.282
1778532610573,0.070,0.967,-0.245,0.009,0.101,0.085,91.082,-4.852,0.974,0.552,1,1,3.262
1778532610587,0.072,0.967,-0.241,0.026,0.096,0.077,91.733,-5.015,1.000,0.486,1,1,3.274
1778532610600,0.072,0.969,-0.235,0.041,0.091,0.070,92.161,-4.942,1.025,0.462,1,1,3.269
1778532610614,0.072,0.971,-0.230,0.056,0.084,0.063,92.646,-4.921,1.014,0.463,1,1,3.947
1778532610628,0.072,0.972,-0.226,0.069,0.078,0.057,93.175,-4.828,1.012,0.429,1,1,3.286
1778532610641,0.073,0.974,-0.223,0.081,0.073,0.051,93.622,-4.806,1.017,0.400,1,1,3.267
1778532610654,0.076,0.968,-0.225,0.090,0.065,0.045,94.991,-5.205,0.890,0.361,1,1,3.283
1778532610668,0.070,0.968,-0.224,0.094,0.059,0.040,95.665,-4.453,0.994,0.251,1,1,3.268
1778532610681,0.071,0.969,-0.222,0.099,0.053,0.035,96.132,-4.561,1.010,0.270,1,1,3.981
1778532610695,0.070,0.971,-0.220,0.103,0.048,0.031,96.500,-4.344,1.036,0.232,1,1,3.275
1778532610709,0.070,0.973,-0.218,0.107,0.043,0.028,96.737,-4.244,1.042,0.222,1,1,3.258
1778532610722,0.069,0.974,-0.216,0.110,0.040,0.026,97.091,-4.081,1.012,0.204,1,1,3.293
1778532610735,0.068,0.975,-0.216,0.112,0.037,0.025,97.571,-4.006,1.017,0.164,1,1,3.261
1778532610749,0.068,0.974,-0.217,0.113,0.035,0.025,98.202,-3.998,0.989,0.140,2,2,3.920
1778532610763,0.069,0.974,-0.217,0.113,0.032,0.025,98.580,-4.150,1.006,0.120,2,2,3.263
1778532610776,0.070,0.974,-0.217,0.112,0.029,0.024,98.923,-4.197,0.996,0.115,2,2,3.262
1778532610789,0.071,0.975,-0.216,0.112,0.026,0.022,99.155,-4.248,1.011,0.115,2,2,3.273
1778532610806,0.071,0.975,-0.216,0.111,0.023,0.019,99.415,-4.290,1.007,0.126,2,2,3.319
1778532610819,0.072,0.976,-0.215,0.110,0.019,0.016,99.641,-4.366,1.029,0.141,2,2,5.774
1778532610837,0.072,0.978,-0.215,0.109,0.015,0.012,99.827,-4.316,1.035,0.150,2,2,3.284
1778532610850,0.073,0.980,-0.215,0.109,0.012,0.006,99.974,-4.445,1.054,0.182,2,2,3.339
1778532610864,0.071,0.981,-0.215,0.108,0.010,0.002,100.166,-4.164,1.022,0.154,2,2,3.267
1778532610877,0.071,0.983,-0.214,0.107,0.008,-0.002,100.285,-4.058,1.042,0.146,2,2,3.248
1778532610893,0.070,0.983,-0.214,0.107,0.006,-0.007,100.471,-3.952,1.012,0.152,1,1,6.713
1778532610907,0.068,0.985,-0.214,0.106,0.005,-0.010,100.592,-3.794,1.046,0.148,1,1,3.242
1778532610921,0.068,0.989,-0.214,0.106,0.004,-0.015,100.639,-3.717,1.100,0.166,1,1,3.269
1778532610934,0.066,0.992,-0.214,0.107,0.003,-0.019,100.674,-3.464,1.085,0.189,1,1,3.255
1778532610947,0.063,0.995,-0.214,0.110,0.004,-0.023,100.754,-3.137,1.090,0.211,1,1,3.276
1778532610961,0.059,0.999,-0.214,0.113,0.004,-0.026,100.781,-2.746,1.095,0.212,1,1,3.921
1778532610977,0.058,1.007,-0.213,0.117,0.004,-0.023,100.619,-2.616,1.196,0.245,1,1,5.283
1778532610993,0.056,1.010,-0.213,0.123,0.004,-0.019,100.730,-2.449,1.107,0.289,1,1,5.642
1778532611006,0.055,1.013,-0.214,0.130,0.005,-0.015,100.924,-2.380,1.091,0.318,1,1,3.257
1778532611022,0.055,1.014,-0.216,0.137,0.005,-0.012,101.136,-2.368,1.073,0.329,1,1,5.130
1778532611035,0.055,1.015,-0.217,0.144,0.006,-0.008,101.360,-2.408,1.079,0.341,1,1,3.941
1778532611050,0.055,1.017,-0.219,0.152,0.007,-0.006,101.569,-2.477,1.090,0.350,1,1,3.277
1778532611063,0.055,1.018,-0.221,0.159,0.008,-0.005,101.902,-2.527,1.068,0.359,1,1,3.266
1778532611076,0.055,1.019,-0.224,0.167,0.008,-0.004,102.214,-2.603,1.073,0.364,1,1,3.248
1778532611090,0.056,1.019,-0.227,0.175,0.009,-0.003,102.579,-2.683,1.067,0.376,1,1,3.274
1778532611104,0.056,1.019,-0.230,0.182,0.009,-0.003,102.899,-2.767,1.064,0.382,3,3,3.909
1778532611118,0.057,1.018,-0.233,0.190,0.009,-0.004,103.313,-2.922,1.052,0.386,3,3,3.312
1778532611131,0.057,1.018,-0.238,0.197,0.008,-0.005,103.726,-2.949,1.076,0.387,3,3,3.282
1778532611145,0.057,1.018,-0.242,0.204,0.008,-0.006,104.134,-2.915,1.072,0.389,3,3,3.303
1778532611158,0.055,1.017,-0.246,0.211,0.007,-0.007,104.536,-2.696,1.051,0.388,3,3,3.273
1778532611172,0.054,1.017,-0.249,0.218,0.007,-0.008,104.865,-2.636,1.061,0.396,3,3,3.870
1778532611187,0.054,1.017,-0.253,0.225,0.006,-0.008,105.192,-2.681,1.082,0.408,3,3,4.930
1778532611201,0.056,1.018,-0.258,0.232,0.004,-0.009,105.558,-2.902,1.091,0.430,3,3,3.264
1778532611215,0.058,1.016,-0.262,0.240,0.003,-0.012,106.038,-3.108,1.051,0.438,3,3,3.962
1778532611228,0.056,1.012,-0.268,0.246,0.001,-0.015,106.690,-2.936,0.989,0.430,3,3,3.259
1778532611241,0.052,1.006,-0.273,0.252,-0.001,-0.016,107.345,-2.449,0.974,0.410,4,4,3.878
1778532611255,0.050,1.003,-0.279,0.257,-0.002,-0.017,107.927,-2.258,1.007,0.395,4,4,3.275
1778532611269,0.050,1.001,-0.285,0.262,-0.003,-0.019,108.451,-2.304,1.048,0.397,4,4,3.263
1778532611282,0.052,1.000,-0.290,0.267,-0.005,-0.021,108.891,-2.606,1.071,0.405,4,4,3.271
1778532611296,0.054,0.998,-0.297,0.272,-0.007,-0.024,109.428,-2.803,1.045,0.413,4,4,3.261
1778532611311,0.048,0.995,-0.303,0.276,-0.009,-0.026,109.921,-2.150,1.036,0.403,4,4,6.327
1778532611325,0.043,0.993,-0.308,0.281,-0.010,-0.025,110.346,-1.555,1.042,0.407,4,4,3.341
1778532611339,0.039,0.992,-0.314,0.286,-0.011,-0.023,110.714,-1.126,1.064,0.423,4,4,3.269
1778532611352,0.036,0.993,-0.319,0.292,-0.010,-0.020,111.019,-0.923,1.098,0.451,4,4,3.312
1778532611366,0.036,0.994,-0.325,0.299,-0.010,-0.017,111.313,-1.039,1.117,0.476,4,4,3.267
1778532611380,0.038,0.994,-0.331,0.306,-0.011,-0.015,111.646,-1.343,1.111,0.502,4,4,4.356
1778532611394,0.040,0.996,-0.337,0.315,-0.012,-0.013,111.904,-1.561,1.137,0.537,4,4,3.276
1778532611407,0.042,0.998,-0.344,0.325,-0.014,-0.013,112.145,-1.874,1.159,0.582,4,4,3.241
1778532611421,0.046,1.001,-0.350,0.336,-0.017,-0.014,112.438,-2.232,1.172,0.629,4,4,3.279
1778532611434,0.047,1.004,-0.356,0.348,-0.020,-0.015,112.584,-2.378,1.167,0.688,4,4,3.257
1778532611448,0.045,1.008,-0.361,0.363,-0.023,-0.017,112.662,-2.131,1.216,0.757,4,4,4.009
1778532611462,0.044,1.015,-0.366,0.381,-0.027,-0.018,112.627,-2.078,1.247,0.858,4,4,3.274
1778532611475,0.044,1.021,-0.371,0.402,-0.031,-0.019,112.612,-2.003,1.250,0.963,4,4,3.253
1778532611491,0.040,1.029,-0.375,0.428,-0.035,-0.019,112.471,-1.698,1.284,1.099,4,4,3.294
1778532611505,0.043,1.038,-0.379,0.458,-0.039,-0.019,112.288,-1.910,1.331,1.245,4,4,3.264
1778532611518,0.042,1.049,-0.383,0.493,-0.042,-0.021,112.077,-1.850,1.362,1.413,4,4,4.265
1778532611533,0.043,1.062,-0.386,0.535,-0.047,-0.023,111.697,-1.934,1.439,1.629,4,4,3.266
1778532611547,0.046,1.075,-0.390,0.583,-0.050,-0.028,111.477,-2.120,1.443,1.857,4,4,3.280
1778532611560,0.046,1.087,-0.396,0.638,-0.054,-0.035,111.466,-2.150,1.442,2.068,4,4,3.281
1778532611573,0.039,1.099,-0.406,0.696,-0.056,-0.046,111.810,-1.497,1.501,2.244,4,4,3.255
1778532611587,0.029,1.110,-0.421,0.759,-0.054,-0.057,112.499,-0.710,1.550,2.401,4,4,3.930
1778532611601,0.021,1.113,-0.440,0.821,-0.049,-0.067,113.755,-0.028,1.487,2.476,4,4,3.252
1778532611614,0.015,1.107,-0.460,0.882,-0.044,-0.073,115.583,0.376,1.325,2.473,4,4,3.276
1778532611627,0.008,1.104,-0.474,0.939,-0.037,-0.081,116.642,0.968,1.292,2.441,4,4,3.261
1778532611641,0.011,1.098,-0.490,0.994,-0.034,-0.089,118.025,0.618,1.283,2.424,4,4,3.245
1778532611654,0.015,1.083,-0.510,1.043,-0.032,-0.097,120.188,0.079,1.226,2.346,4,4,3.892
1778532611668,0.020,1.055,-0.533,1.083,-0.032,-0.106,123.688,-0.518,1.145,2.143,4,4,3.258
1778532611681,0.027,1.019,-0.551,1.109,-0.032,-0.109,127.802,-1.558,0.978,1.794,4,4,3.278
1778532611695,0.041,0.976,-0.558,1.120,-0.035,-0.102,132.466,-3.801,0.781,1.427,4,4,3.254
1778532611708,0.073,0.883,-0.519,1.100,-0.046,-0.076,112.811,-6.607,1.430,0.890,4,4,3.253
1778532611722,0.107,0.850,-0.507,1.044,-0.084,-0.051,116.325,-12.837,0.889,1.280,4,4,3.944
1778532611736,0.111,0.825,-0.483,0.964,-0.127,-0.036,112.957,-15.116,0.344,1.721,4,4,3.271
1778532611749,0.109,0.818,-0.458,0.877,-0.168,-0.037,110.117,-14.152,0.667,1.843,4,4,3.286
1778532611762,0.096,0.814,-0.437,0.791,-0.202,-0.043,107.969,-11.408,0.763,1.815,4,4,3.259
1778532611776,0.080,0.808,-0.417,0.708,-0.227,-0.050,106.082,-8.338,0.713,1.711,4,4,3.257
1778532611789,0.064,0.800,-0.398,0.626,-0.241,-0.056,104.451,-5.139,0.685,1.621,4,4,3.923
1778532611803,0.051,0.789,-0.381,0.544,-0.244,-0.062,103.146,-2.517,0.595,1.642,4,4,3.256
1778532611816,0.043,0.776,-0.366,0.459,-0.238,-0.068,102.264,-0.846,0.512,1.766,4,4,3.279
1778532611830,0.041,0.763,-0.353,0.370,-0.227,-0.073,101.961,-0.631,0.483,1.957,4,4,3.269
1778532611843,0.044,0.755,-0.342,0.278,-0.212,-0.074,101.753,-1.498,0.607,2.111,4,4,3.251
1778532611857,0.050,0.751,-0.334,0.186,-0.198,-0.070,101.913,-2.845,0.717,2.206,4,4,3.973
1778532611871,0.056,0.749,-0.327,0.094,-0.183,-0.061,102.195,-3.981,0.739,2.315,4,4,3.271
1778532611884,0.061,0.747,-0.322,0.000,-0.168,-0.050,102.579,-4.737,0.752,2.455,4,4,3.260
1778532611897,0.063,0.752,-0.318,-0.093,-0.153,-0.038,102.841,-4.981,0.900,2.529,4,4,3.250
1778532611911,0.065,0.765,-0.317,-0.182,-0.137,-0.023,103.059,-5.025,1.090,2.541,4,4,3.255
1778532611924,0.066,0.783,-0.317,-0.265,-0.120,-0.006,103.303,-4.943,1.238,2.475,5,5,3.888
1778532611938,0.065,0.798,-0.319,-0.342,-0.102,0.016,103.687,-4.736,1.162,2.449,5,5,3.258
1778532611951,0.064,0.811,-0.319,-0.419,-0.083,0.037,103.923,-4.491,1.161,2.514,5,5,3.262
1778532611965,0.065,0.828,-0.317,-0.495,-0.063,0.057,103.873,-4.364,1.231,2.581,5,5,3.251
1778532611978,0.070,0.848,-0.314,-0.570,-0.043,0.076,103.596,-4.684,1.326,2.611,5,5,3.253
1778532611991,0.079,0.872,-0.314,-0.641,-0.027,0.098,103.438,-5.310,1.457,2.615,5,5,3.889
1778532612005,0.093,0.898,-0.315,-0.710,-0.017,0.118,103.439,-6.208,1.551,2.585,5,5,3.249
1778532612019,0.108,0.925,-0.318,-0.774,-0.015,0.138,103.501,-7.104,1.632,2.532,5,5,3.252
1778532612033,0.120,0.954,-0.322,-0.834,-0.020,0.160,103.615,-7.702,1.685,2.497,5,5,3.396
1778532612046,0.124,0.984,-0.328,-0.888,-0.030,0.185,103.778,-7.660,1.701,2.463,5,5,3.259
1778532612059,0.119,1.013,-0.333,-0.938,-0.038,0.210,103.886,-6.959,1.705,2.412,5,5,3.883
1778532612073,0.108,1.037,-0.337,-0.985,-0.044,0.237,104.004,-5.802,1.634,2.402,5,5,3.259
1778532612087,0.093,1.062,-0.343,-1.031,-0.044,0.263,104.233,-4.547,1.679,2.406,5,5,3.259
1778532612100,0.080,1.089,-0.351,-1.071,-0.040,0.288,104.560,-3.488,1.781,2.307,5,5,3.249
1778532612113,0.071,1.115,-0.363,-1.103,-0.033,0.310,105.091,-2.757,1.804,2.141,5,5,3.263
1778532612127,0.068,1.136,-0.377,-1.129,-0.027,0.329,105.872,-2.481,1.739,1.973,5,5,3.872
1778532612141,0.070,1.151,-0.393,-1.150,-0.026,0.343,106.880,-2.656,1.654,1.841,5,5,3.261
1778532612154,0.075,1.164,-0.409,-1.166,-0.029,0.356,107.951,-3.001,1.657,1.735,5,5,3.263
1778532612167,0.078,1.176,-0.427,-1.175,-0.036,0.373,109.048,-3.154,1.650,1.630,5,5,3.249
1778532612181,0.072,1.185,-0.445,-1.176,-0.045,0.393,110.223,-2.688,1.608,1.530,5,5,3.262
1778532612194,0.058,1.188,-0.463,-1.170,-0.051,0.412,111.544,-1.506,1.554,1.392,5,5,3.882
1778532612208,0.038,1.191,-0.481,-1.158,-0.052,0.426,112.829,-0.024,1.586,1.160,5,5,3.251
1778532612221,0.021,1.194,-0.500,-1.140,-0.047,0.431,114.048,1.205,1.582,0.883,5,5,3.259
1778532612235,0.009,1.198,-0.518,-1.114,-0.039,0.431,115.149,1.929,1.587,0.627,5,5,3.272
1778532612248,-0.000,1.199,-0.534,-1.082,-0.029,0.424,116.134,2.516,1.534,0.433,5,5,3.261
1778532612261,-0.013,1.203,-0.546,-1.044,-0.015,0.412,116.697,3.313,1.547,0.356,1,1,3.876
1778532612275,-0.027,1.205,-0.553,-0.998,0.004,0.396,117.031,4.257,1.475,0.540,1,1,3.258
1778532612289,-0.010,1.327,-0.434,-0.993,0.050,0.331,111.742,3.409,4.569,2.032,1,1,3.274
1778532612302,0.004,1.303,-0.352,-0.919,0.089,0.301,103.837,2.083,1.661,1.557,1,1,3.257
1778532612315,0.018,1.290,-0.302,-0.831,0.115,0.266,98.850,0.509,1.313,1.787,1,1,3.278
1778532612329,0.020,1.279,-0.281,-0.743,0.135,0.236,97.082,0.168,1.059,1.762,1,1,3.868
1778532612343,0.019,1.264,-0.262,-0.662,0.151,0.216,95.465,0.101,0.951,1.578,1,1,3.256
1778532612356,0.028,1.254,-0.242,-0.584,0.158,0.197,93.948,-0.990,1.067,1.506,1,1,3.298
1778532612370,0.035,1.243,-0.224,-0.508,0.153,0.178,92.647,-1.962,1.045,1.505,1,1,3.258
1778532612383,0.039,1.233,-0.210,-0.434,0.140,0.160,91.959,-2.441,1.028,1.518,1,1,3.289
1778532612396,0.041,1.223,-0.201,-0.367,0.125,0.145,91.779,-2.634,0.999,1.419,1,1,3.921
1778532612410,0.043,1.212,-0.195,-0.308,0.114,0.132,91.895,-2.931,0.985,1.250,1,1,3.262
1778532612424,0.044,1.201,-0.190,-0.257,0.111,0.121,92.157,-2.954,0.966,1.069,1,1,3.318
1778532612437,0.047,1.191,-0.185,-0.214,0.112,0.111,92.366,-3.327,0.974,0.947,1,1,3.553
1778532612451,0.051,1.181,-0.180,-0.175,0.113,0.101,92.541,-3.808,0.990,0.840,1,1,3.269
1778532612464,0.054,1.173,-0.176,-0.143,0.112,0.092,92.799,-4.005,1.005,0.724,1,1,3.846
1778532612478,0.055,1.164,-0.173,-0.115,0.110,0.084,93.153,-4.088,0.973,0.623,1,1,3.248
1778532612492,0.056,1.157,-0.169,-0.090,0.107,0.078,93.349,-4.204,1.005,0.552,1,1,3.283
1778532612505,0.058,1.150,-0.165,-0.067,0.104,0.072,93.377,-4.296,1.009,0.551,1,1,3.255
1778532612518,0.061,1.144,-0.161,-0.044,0.101,0.065,93.531,-4.549,1.013,0.555,1,1,3.264
1778532612532,0.063,1.136,-0.161,-0.024,0.097,0.058,94.071,-4.747,0.987,0.526,1,1,3.851
1778532612546,0.065,1.129,-0.160,-0.005,0.093,0.050,94.376,-4.832,0.999,0.491,1,1,3.259
1778532612559,0.065,1.124,-0.159,0.011,0.089,0.044,94.692,-4.774,1.017,0.468,1,1,3.283
1778532612572,0.066,1.119,-0.158,0.027,0.083,0.037,94.984,-4.822,1.016,0.458,1,1,3.275
1778532612586,0.067,1.113,-0.158,0.041,0.079,0.031,95.374,-4.820,1.004,0.427,1,1,3.286
1778532612599,0.069,1.108,-0.158,0.054,0.074,0.025,95.771,-4.981,1.019,0.412,1,1,4.030
1778532612613,0.068,1.101,-0.162,0.062,0.067,0.019,96.649,-4.676,0.978,0.330,1,1,3.273
1778532612627,0.068,1.096,-0.162,0.069,0.061,0.014,96.914,-4.691,1.018,0.284,1,1,3.272
1778532612640,0.068,1.091,-0.164,0.075,0.056,0.010,97.373,-4.560,1.008,0.255,1,1,3.575
1778532612654,0.069,1.088,-0.165,0.079,0.052,0.005,97.599,-4.655,1.022,0.233,1,1,3.271
1778532612667,0.069,1.083,-0.165,0.083,0.047,0.001,97.873,-4.569,1.012,0.213,1,1,3.888
1778532612681,0.070,1.080,-0.166,0.086,0.043,-0.002,98.111,-4.591,1.019,0.201,1,1,3.272
1778532612694,0.069,1.077,-0.167,0.088,0.039,-0.005,98.357,-4.407,1.030,0.173,1,1,3.273
1778532612708,0.068,1.074,-0.169,0.089,0.035,-0.006,98.643,-4.298,1.035,0.147,1,1,3.254
1778532612721,0.067,1.071,-0.170,0.090,0.033,-0.007,98.889,-4.070,1.028,0.133,1,1,3.284
1778532612735,0.067,1.069,-0.172,0.091,0.030,-0.008,99.134,-3.986,1.038,0.122,1,1,3.886
1778532612749,0.066,1.065,-0.174,0.091,0.028,-0.007,99.481,-3.939,1.011,0.084,1,1,3.314
1778532612762,0.066,1.062,-0.175,0.090,0.026,-0.006,99.661,-3.873,1.017,0.068,1,1,3.262
1778532612775,0.066,1.058,-0.177,0.089,0.024,-0.006,99.930,-3.844,1.009,0.064,1,1,3.254
1778532612789,0.065,1.056,-0.178,0.087,0.023,-0.005,100.090,-3.792,1.021,0.051,1,1,3.278
1778532612802,0.066,1.053,-0.180,0.085,0.021,-0.006,100.306,-3.835,1.008,0.047,1,1,3.865
1778532612817,0.066,1.050,-0.181,0.084,0.019,-0.006,100.504,-3.796,1.011,0.045,1,1,3.278
1778532612830,0.066,1.047,-0.183,0.082,0.017,-0.007,100.700,-3.823,1.005,0.046,1,1,3.265
1778532612846,0.066,1.043,-0.185,0.079,0.016,-0.008,100.919,-3.813,1.000,0.047,1,1,5.991
1778532612859,0.066,1.041,-0.186,0.077,0.014,-0.009,101.039,-3.794,1.021,0.052,1,1,3.273
1778532612873,0.066,1.041,-0.186,0.075,0.012,-0.010,100.980,-3.850,1.061,0.054,2,2,3.912
1778532612887,0.066,1.041,-0.188,0.073,0.010,-0.011,101.040,-3.815,1.051,0.066,2,2,3.279
1778532612900,0.065,1.040,-0.188,0.072,0.009,-0.011,101.040,-3.674,1.037,0.059,2,2,3.284
1778532612915,0.064,1.038,-0.189,0.071,0.008,-0.011,101.128,-3.520,1.026,0.051,2,2,3.314
1778532612928,0.063,1.036,-0.190,0.070,0.007,-0.011,101.238,-3.455,1.026,0.049,2,2,3.305
1778532612941,0.063,1.035,-0.191,0.070,0.006,-0.012,101.248,-3.465,1.039,0.064,2,2,3.942
1778532612957,0.065,1.035,-0.192,0.070,0.005,-0.014,101.323,-3.683,1.056,0.102,2,2,5.120
1778532612971,0.066,1.035,-0.193,0.071,0.004,-0.017,101.320,-3.692,1.056,0.133,2,2,3.240
1778532612984,0.065,1.035,-0.194,0.072,0.004,-0.020,101.389,-3.561,1.059,0.151,2,2,3.269
1778532612997,0.063,1.037,-0.195,0.074,0.003,-0.024,101.387,-3.394,1.102,0.181,2,2,3.255
1778532613011,0.062,1.039,-0.196,0.078,0.003,-0.027,101.373,-3.197,1.092,0.206,2,2,3.870
1778532613025,0.061,1.039,-0.197,0.082,0.002,-0.029,101.451,-3.084,1.079,0.205,2,2,3.263
1778532613038,0.059,1.039,-0.199,0.087,0.002,-0.029,101.565,-2.868,1.058,0.222,2,2,3.249
1778532613051,0.056,1.038,-0.200,0.093,0.002,-0.028,101.712,-2.651,1.050,0.232,2,2,3.262
1778532613065,0.055,1.038,-0.202,0.098,0.001,-0.027,101.872,-2.563,1.052,0.245,2,2,3.258
1778532613078,0.054,1.038,-0.204,0.105,0.001,-0.025,102.009,-2.475,1.070,0.264,3,3,3.926
1778532613093,0.053,1.037,-0.206,0.111,0.001,-0.024,102.182,-2.422,1.050,0.276,3,3,3.266
1778532613107,0.053,1.037,-0.209,0.117,0.001,-0.023,102.383,-2.386,1.069,0.283,3,3,3.264
1778532613120,0.052,1.037,-0.212,0.124,0.001,-0.023,102.609,-2.380,1.071,0.294,3,3,3.642
1778532613134,0.053,1.038,-0.214,0.131,0.002,-0.024,102.746,-2.534,1.110,0.309,3,3,3.267
1778532613147,0.054,1.041,-0.217,0.138,0.002,-0.026,102.853,-2.573,1.125,0.345,3,3,4.094
1778532613161,0.054,1.043,-0.219,0.146,0.003,-0.029,102.981,-2.662,1.143,0.374,3,3,3.266
1778532613175,0.055,1.045,-0.222,0.155,0.003,-0.031,103.147,-2.746,1.118,0.402,3,3,3.254
1778532613188,0.053,1.046,-0.225,0.165,0.003,-0.033,103.370,-2.557,1.100,0.415,3,3,3.284
1778532613201,0.050,1.045,-0.228,0.174,0.003,-0.034,103.638,-2.236,1.075,0.426,3,3,3.253
1778532613215,0.048,1.045,-0.232,0.184,0.003,-0.034,103.942,-2.028,1.081,0.435,3,3,4.064
1778532613229,0.047,1.044,-0.236,0.194,0.004,-0.034,104.268,-1.915,1.083,0.451,3,3,3.330
1778532613243,0.049,1.044,-0.240,0.204,0.004,-0.034,104.585,-2.211,1.101,0.467,3,3,3.268
1778532613256,0.052,1.044,-0.245,0.214,0.003,-0.036,104.984,-2.547,1.092,0.485,3,3,3.293
1778532613269,0.052,1.043,-0.250,0.224,0.002,-0.038,105.366,-2.623,1.087,0.503,3,3,3.255
1778532613283,0.052,1.042,-0.254,0.235,0.001,-0.041,105.713,-2.588,1.091,0.518,3,3,3.925
1778532613297,0.050,1.042,-0.260,0.246,-0.001,-0.044,106.126,-2.406,1.100,0.540,3,3,3.259
1778532613310,0.049,1.042,-0.265,0.257,-0.002,-0.046,106.461,-2.300,1.108,0.568,3,3,3.274
1778532613324,0.048,1.042,-0.270,0.269,-0.004,-0.048,106.829,-2.279,1.109,0.597,3,3,3.274
1778532613337,0.047,1.041,-0.275,0.282,-0.006,-0.049,107.197,-2.096,1.102,0.623,3,3,3.255
1778532613351,0.045,1.041,-0.280,0.295,-0.009,-0.051,107.554,-1.962,1.101,0.652,3,3,4.599
1778532613365,0.043,1.041,-0.286,0.310,-0.010,-0.051,107.879,-1.789,1.124,0.701,3,3,3.256
1778532613378,0.042,1.042,-0.292,0.326,-0.013,-0.052,108.233,-1.721,1.147,0.747,3,3,3.255
1778532613392,0.040,1.044,-0.297,0.344,-0.016,-0.051,108.451,-1.548,1.162,0.805,3,3,3.269
1778532613405,0.040,1.049,-0.302,0.364,-0.018,-0.052,108.598,-1.537,1.219,0.885,3,3,3.255
1778532613419,0.043,1.053,-0.307,0.386,-0.022,-0.053,108.757,-1.859,1.229,0.976,3,3,3.893
1778532613433,0.043,1.058,-0.312,0.411,-0.027,-0.054,108.848,-1.864,1.232,1.081,3,3,3.511
1778532613449,0.040,1.066,-0.316,0.441,-0.032,-0.055,108.736,-1.563,1.302,1.235,3,3,6.290
1778532613463,0.039,1.077,-0.319,0.476,-0.037,-0.055,108.478,-1.470,1.382,1.395,3,3,3.410
1778532613476,0.037,1.093,-0.319,0.518,-0.043,-0.056,107.927,-1.375,1.470,1.629,3,3,3.429
1778532613490,0.042,1.108,-0.320,0.568,-0.048,-0.058,107.541,-1.778,1.495,1.868,4,4,4.094
1778532613504,0.045,1.123,-0.324,0.625,-0.055,-0.064,107.386,-2.002,1.507,2.120,4,4,3.426
1778532613518,0.044,1.135,-0.333,0.687,-0.062,-0.071,107.647,-1.879,1.495,2.331,4,4,3.426
1778532613533,0.035,1.143,-0.349,0.753,-0.065,-0.080,108.645,-1.126,1.486,2.483,4,4,3.429
1778532613547,0.025,1.150,-0.370,0.818,-0.066,-0.087,109.988,-0.346,1.572,2.518,4,4,3.420
1778532613563,0.021,1.147,-0.394,0.880,-0.066,-0.094,111.885,-0.041,1.406,2.519,4,4,4.002
1778532613582,0.023,1.140,-0.417,0.937,-0.067,-0.105,113.841,-0.270,1.361,2.457,4,4,8.112
1778532613595,0.031,1.132,-0.438,0.991,-0.070,-0.112,115.744,-1.094,1.322,2.397,4,4,3.427
1778532613611,0.041,1.114,-0.457,1.037,-0.078,-0.113,118.056,-2.247,1.176,2.260,4,4,5.033
1778532613625,0.049,1.091,-0.468,1.071,-0.088,-0.111,120.217,-3.347,0.931,1.984,4,4,3.882
1778532613639,0.059,1.058,-0.468,1.093,-0.100,-0.109,122.437,-5.416,0.639,1.722,4,4,4.676
1778532613654,0.083,0.977,-0.425,1.092,-0.118,-0.096,105.329,-8.064,1.117,1.225,4,4,3.279
1778532613667,0.094,0.922,-0.423,1.063,-0.145,-0.080,81.762,-10.761,0.575,0.957,4,4,3.238
1778532613680,0.089,0.877,-0.411,1.006,-0.168,-0.069,60.607,-9.275,0.196,0.919,4,4,3.234
1778532613694,0.085,0.841,-0.400,0.931,-0.185,-0.070,70.037,-7.847,0.176,1.210,4,4,3.235
1778532613708,0.078,0.820,-0.391,0.847,-0.197,-0.076,74.544,-6.218,0.426,1.433,4,4,3.733
1778532613721,0.071,0.806,-0.383,0.762,-0.204,-0.079,78.194,-4.741,0.529,1.514,4,4,3.246
1778532613735,0.065,0.793,-0.376,0.677,-0.204,-0.079,81.541,-3.591,0.559,1.552,4,4,3.234
1778532613748,0.059,0.781,-0.368,0.592,-0.200,-0.077,84.299,-2.743,0.577,1.594,4,4,3.250
1778532613762,0.058,0.775,-0.361,0.511,-0.190,-0.074,86.661,-2.657,0.663,1.602,4,4,3.232
1778532613775,0.058,0.769,-0.357,0.434,-0.177,-0.067,89.071,-2.821,0.687,1.581,4,4,3.845
1778532613789,0.058,0.761,-0.355,0.360,-0.161,-0.055,91.735,-3.172,0.675,1.596,4,4,3.230
1778532613802,0.060,0.754,-0.353,0.289,-0.144,-0.040,94.269,-3.552,0.699,1.637,4,4,3.286
1778532613816,0.060,0.742,-0.354,0.215,-0.125,-0.022,97.471,-3.783,0.588,1.783,4,4,3.435
1778532613829,0.059,0.729,-0.352,0.136,-0.105,-0.006,100.095,-3.890,0.548,2.012,4,4,3.227
1778532613843,0.059,0.724,-0.349,0.053,-0.084,0.008,101.466,-4.047,0.687,2.168,4,4,3.809
1778532613857,0.062,0.726,-0.345,-0.028,-0.065,0.023,102.182,-4.400,0.821,2.240,4,4,3.244
1778532613870,0.064,0.733,-0.342,-0.107,-0.046,0.041,102.688,-4.604,0.924,2.249,4,4,3.234
1778532613883,0.064,0.741,-0.342,-0.182,-0.029,0.061,103.382,-4.600,0.991,2.257,4,4,3.233
1778532613897,0.064,0.750,-0.344,-0.256,-0.013,0.080,104.174,-4.498,1.021,2.266,4,4,3.225
1778532613910,0.065,0.760,-0.346,-0.329,0.001,0.095,104.989,-4.519,1.050,2.307,5,5,3.717
1778532613924,0.068,0.773,-0.349,-0.401,0.011,0.107,105.595,-4.756,1.158,2.337,5,5,3.231
1778532613937,0.073,0.790,-0.353,-0.471,0.018,0.120,106.062,-5.018,1.259,2.352,5,5,3.263
1778532613951,0.076,0.810,-0.358,-0.539,0.022,0.136,106.446,-5.180,1.335,2.348,5,5,3.292
1778532613964,0.078,0.829,-0.362,-0.604,0.023,0.152,106.798,-5.193,1.322,2.370,5,5,3.308
1778532613978,0.078,0.848,-0.366,-0.669,0.024,0.169,107.096,-5.002,1.343,2.438,5,5,3.746
1778532613992,0.077,0.872,-0.370,-0.733,0.025,0.184,107.221,-4.673,1.478,2.450,5,5,3.240
1778532614005,0.075,0.900,-0.376,-0.791,0.026,0.199,107.291,-4.381,1.587,2.382,5,5,3.264
1778532614018,0.073,0.928,-0.382,-0.842,0.028,0.215,107.413,-4.071,1.632,2.272,5,5,3.232
1778532614032,0.071,0.954,-0.388,-0.887,0.031,0.234,107.552,-3.747,1.613,2.169,5,5,3.231
1778532614045,0.066,0.975,-0.393,-0.927,0.034,0.255,107.751,-3.258,1.520,2.116,5,5,3.696
1778532614059,0.061,0.993,-0.399,-0.965,0.038,0.275,108.010,-2.773,1.473,2.122,5,5,3.227
1778532614072,0.057,1.013,-0.404,-1.000,0.044,0.293,108.176,-2.375,1.542,2.067,5,5,3.246
1778532614086,0.053,1.031,-0.410,-1.031,0.050,0.307,108.382,-2.068,1.518,1.971,5,5,3.224
1778532614099,0.054,1.046,-0.416,-1.059,0.055,0.318,108.714,-2.089,1.486,1.869,5,5,3.259
1778532614115,0.060,1.060,-0.422,-1.080,0.055,0.328,109.041,-2.595,1.497,1.737,5,5,3.804
1778532614128,0.068,1.074,-0.429,-1.094,0.049,0.341,109.433,-3.227,1.500,1.612,5,5,3.237
1778532614142,0.074,1.086,-0.436,-1.101,0.037,0.354,109.827,-3.659,1.498,1.482,5,5,3.289
1778532614155,0.076,1.092,-0.444,-1.103,0.021,0.364,110.440,-3.832,1.378,1.387,5,5,3.237
1778532614169,0.073,1.092,-0.450,-1.107,0.002,0.373,111.198,-3.543,1.233,1.412,5,5,3.256
1778532614182,0.063,1.097,-0.456,-1.109,-0.015,0.378,111.611,-2.532,1.348,1.360,5,5,3.694
1778532614196,0.048,1.109,-0.464,-1.104,-0.028,0.372,111.962,-1.303,1.530,1.051,5,5,3.230
1778532614210,0.033,1.119,-0.474,-1.087,-0.034,0.359,112.494,-0.127,1.555,0.687,5,5,3.233
1778532614223,0.017,1.124,-0.485,-1.063,-0.034,0.344,113.220,1.140,1.461,0.443,5,5,3.227
1778532614238,-0.001,1.122,-0.493,-1.036,-0.026,0.330,114.047,2.638,1.319,0.392,5,5,4.928
1778532614251,-0.023,1.120,-0.497,-1.035,0.015,0.292,114.494,4.492,1.339,1.624,1,1,3.689
1778532614265,0.001,1.086,-0.449,-0.957,0.050,0.249,106.375,0.639,0.865,1.682,1,1,3.235
1778532614279,0.002,1.084,-0.397,-0.888,0.073,0.213,101.411,0.444,1.270,1.321,1,1,3.232
1778532614294,0.011,1.083,-0.368,-0.818,0.094,0.180,99.017,-0.601,1.124,1.382,1,1,5.054
1778532614307,0.012,1.083,-0.342,-0.739,0.111,0.156,97.059,-0.753,1.092,1.504,1,1,3.241
1778532614321,0.012,1.076,-0.322,-0.666,0.125,0.140,95.625,-0.717,0.932,1.348,1,1,3.698
1778532614334,0.015,1.071,-0.305,-0.598,0.135,0.131,94.805,-1.098,0.981,1.243,1,1,3.234
1778532614348,0.018,1.068,-0.289,-0.536,0.138,0.123,93.937,-1.446,1.001,1.086,1,1,3.228
1778532614362,0.021,1.064,-0.275,-0.479,0.134,0.117,93.485,-1.835,0.988,1.010,1,1,3.253
1778532614375,0.026,1.061,-0.262,-0.428,0.130,0.112,92.998,-2.312,1.005,0.901,1,1,3.241
1778532614389,0.031,1.057,-0.250,-0.381,0.126,0.105,92.664,-2.968,0.979,0.827,1,1,3.692
1778532614403,0.036,1.053,-0.239,-0.341,0.124,0.098,92.418,-3.442,0.970,0.725,1,1,3.251
1778532614416,0.040,1.049,-0.230,-0.305,0.125,0.089,92.276,-3.782,0.978,0.656,1,1,3.228
1778532614429,0.043,1.047,-0.218,-0.271,0.125,0.081,91.924,-4.071,1.012,0.628,1,1,3.239
1778532614443,0.046,1.045,-0.209,-0.240,0.124,0.074,91.709,-4.236,1.001,0.584,1,1,3.229
1778532614456,0.047,1.044,-0.199,-0.209,0.122,0.069,91.432,-4.288,1.031,0.599,1,1,4.283
1778532614473,0.050,1.043,-0.191,-0.180,0.119,0.064,91.474,-4.448,1.007,0.594,1,1,6.034
1778532614486,0.054,1.042,-0.182,-0.150,0.115,0.060,91.215,-4.768,1.039,0.621,1,1,3.240
1778532614501,0.057,1.040,-0.177,-0.121,0.110,0.053,91.447,-5.003,1.013,0.645,1,1,3.280
1778532614515,0.060,1.039,-0.173,-0.092,0.104,0.046,91.738,-5.170,1.011,0.669,1,1,3.222
1778532614528,0.063,1.035,-0.171,-0.066,0.098,0.037,92.357,-5.377,0.980,0.655,1,1,3.783
1778532614544,0.064,1.033,-0.169,-0.044,0.092,0.028,92.793,-5.319,0.993,0.577,1,1,3.232
1778532614558,0.065,1.031,-0.167,-0.023,0.085,0.018,93.187,-5.377,1.004,0.570,1,1,3.842
1778532614571,0.066,1.029,-0.165,-0.004,0.077,0.008,93.629,-5.346,1.007,0.560,1,1,3.226
1778532614584,0.067,1.028,-0.165,0.013,0.070,-0.003,94.093,-5.267,1.008,0.543,1,1,3.230
1778532614599,0.068,1.027,-0.164,0.028,0.061,-0.012,94.453,-5.209,1.025,0.528,1,1,3.714
1778532614612,0.067,1.026,-0.163,0.042,0.052,-0.022,94.801,-5.054,1.020,0.517,1,1,3.225
1778532614626,0.073,1.029,-0.159,0.055,0.041,-0.030,94.779,-5.560,1.104,0.511,1,1,3.248
1778532614639,0.071,1.025,-0.162,0.062,0.034,-0.035,95.571,-5.176,0.974,0.344,1,1,3.232
1778532614652,0.068,1.024,-0.163,0.068,0.027,-0.038,96.014,-4.713,1.014,0.287,1,1,3.261
1778532614666,0.066,1.023,-0.165,0.072,0.022,-0.040,96.548,-4.342,1.012,0.240,1,1,3.699
1778532614679,0.064,1.023,-0.165,0.076,0.018,-0.040,96.858,-4.049,1.043,0.194,1,1,3.232
1778532614693,0.062,1.023,-0.166,0.080,0.015,-0.040,97.195,-3.768,1.036,0.187,1,1,3.244
1778532614706,0.057,1.016,-0.170,0.082,0.013,-0.040,98.032,-3.028,0.912,0.165,1,1,3.227
1778532614719,0.057,1.014,-0.172,0.085,0.011,-0.039,98.414,-3.085,0.994,0.160,1,1,3.245
1778532614733,0.057,1.012,-0.174,0.086,0.009,-0.039,98.903,-3.094,1.001,0.115,1,1,3.692
1778532614747,0.057,1.012,-0.176,0.086,0.007,-0.038,99.178,-3.072,1.018,0.101,1,1,3.226
1778532614760,0.057,1.012,-0.177,0.086,0.006,-0.039,99.374,-3.082,1.036,0.115,1,1,3.248
1778532614773,0.056,1.011,-0.178,0.086,0.005,-0.039,99.570,-3.024,1.028,0.102,1,1,3.227
1778532614787,0.056,1.011,-0.180,0.086,0.004,-0.041,99.790,-3.009,1.031,0.117,1,1,3.250
1778532614800,0.054,1.011,-0.181,0.085,0.003,-0.042,100.042,-2.801,1.019,0.098,1,1,3.696
1778532614814,0.053,1.011,-0.182,0.085,0.003,-0.043,100.190,-2.655,1.040,0.090,1,1,3.240
1778532614827,0.052,1.012,-0.184,0.084,0.002,-0.044,100.320,-2.584,1.046,0.102,1,1,3.250
1778532614840,0.051,1.011,-0.185,0.084,0.002,-0.045,100.460,-2.515,1.023,0.119,1,1,3.234
1778532614854,0.050,1.011,-0.186,0.084,0.002,-0.047,100.649,-2.414,1.023,0.124,1,1,3.253
1778532614867,0.050,1.010,-0.188,0.084,0.001,-0.049,100.820,-2.413,1.026,0.139,1,1,3.787
1778532614881,0.049,1.010,-0.189,0.085,0.001,-0.052,100.980,-2.375,1.035,0.153,1,1,3.248
1778532614894,0.048,1.010,-0.191,0.085,0.000,-0.054,101.170,-2.249,1.040,0.161,1,1,3.237
1778532614908,0.046,1.011,-0.193,0.086,0.000,-0.057,101.255,-2.049,1.048,0.169,1,1,3.224
1778532614921,0.044,1.012,-0.194,0.088,-0.000,-0.059,101.355,-1.841,1.050,0.170,1,1,3.237
1778532614934,0.042,1.014,-0.195,0.090,0.000,-0.061,101.333,-1.638,1.086,0.187,1,1,3.689
1778532614948,0.037,1.016,-0.196,0.093,0.001,-0.064,101.355,-1.200,1.081,0.224,1,1,3.247
1778532614961,0.033,1.018,-0.197,0.097,0.002,-0.066,101.388,-0.834,1.078,0.232,1,1,3.231
1778532614975,0.030,1.020,-0.199,0.101,0.003,-0.063,101.620,-0.580,1.097,0.207,1,1,3.224
1778532614988,0.030,1.020,-0.201,0.106,0.003,-0.061,101.771,-0.581,1.068,0.242,1,1,3.288
1778532615001,0.029,1.022,-0.203,0.112,0.004,-0.060,101.876,-0.580,1.079,0.258,1,1,3.699
1778532615015,0.029,1.024,-0.205,0.118,0.004,-0.060,102.010,-0.641,1.090,0.279,1,1,3.337
1778532615029,0.027,1.025,-0.207,0.124,0.005,-0.060,102.161,-0.533,1.083,0.299,1,1,3.237
1778532615044,0.026,1.026,-0.210,0.131,0.006,-0.061,102.330,-0.479,1.076,0.310,1,1,5.081
1778532615057,0.022,1.027,-0.212,0.138,0.007,-0.061,102.491,-0.186,1.078,0.322,1,1,3.234
1778532615070,0.020,1.028,-0.214,0.145,0.008,-0.060,102.669,0.029,1.091,0.337,3,3,3.697
1778532615084,0.018,1.030,-0.217,0.153,0.009,-0.059,102.804,0.136,1.109,0.362,3,3,3.292
1778532615098,0.017,1.032,-0.220,0.161,0.010,-0.057,102.997,0.095,1.124,0.387,3,3,3.224
1778532615111,0.017,1.035,-0.223,0.171,0.011,-0.055,103.201,0.082,1.126,0.415,3,3,3.252
1778532615124,0.017,1.037,-0.227,0.181,0.011,-0.054,103.425,-0.044,1.128,0.443,3,3,3.230
1778532615138,0.015,1.038,-0.230,0.192,0.011,-0.052,103.669,0.114,1.108,0.471,3,3,3.687
1778532615152,0.013,1.037,-0.234,0.203,0.012,-0.050,104.008,0.277,1.057,0.489,3,3,3.538
1778532615165,0.012,1.036,-0.238,0.214,0.012,-0.048,104.387,0.327,1.074,0.501,3,3,3.255
1778532615178,0.013,1.036,-0.243,0.225,0.012,-0.047,104.829,0.056,1.079,0.509,3,3,3.237
1778532615192,0.014,1.035,-0.248,0.236,0.011,-0.047,105.209,-0.135,1.090,0.522,3,3,3.231
1778532615205,0.016,1.036,-0.253,0.247,0.010,-0.048,105.624,-0.437,1.112,0.542,3,3,3.715
1778532615219,0.017,1.037,-0.258,0.259,0.008,-0.049,105.945,-0.520,1.122,0.575,3,3,3.236
1778532615232,0.015,1.038,-0.263,0.271,0.006,-0.049,106.225,-0.399,1.134,0.609,3,3,3.221
1778532615246,0.014,1.040,-0.268,0.285,0.004,-0.049,106.561,-0.287,1.134,0.647,3,3,3.249
1778532615259,0.011,1.042,-0.273,0.300,0.002,-0.047,106.782,-0.041,1.155,0.690,3,3,3.229
1778532615273,0.010,1.046,-0.277,0.317,0.000,-0.046,106.960,0.073,1.196,0.761,3,3,3.792
1778532615287,0.013,1.051,-0.282,0.336,-0.002,-0.045,107.125,-0.255,1.219,0.838,3,3,3.245
1778532615302,0.016,1.055,-0.288,0.358,-0.006,-0.045,107.332,-0.626,1.216,0.927,3,3,5.032
1778532615316,0.019,1.060,-0.292,0.383,-0.012,-0.047,107.445,-0.997,1.246,1.037,3,3,3.246
1778532615329,0.020,1.068,-0.296,0.410,-0.019,-0.049,107.406,-1.081,1.295,1.156,3,3,3.224
1778532615342,0.019,1.079,-0.299,0.443,-0.026,-0.052,107.181,-0.942,1.375,1.310,3,3,3.721
1778532615356,0.022,1.091,-0.302,0.481,-0.034,-0.057,107.008,-1.155,1.401,1.511,3,3,3.233
1778532615371,0.024,1.103,-0.304,0.526,-0.043,-0.064,106.778,-1.370,1.409,1.721,3,3,3.255
1778532615385,0.025,1.112,-0.307,0.576,-0.052,-0.071,106.704,-1.396,1.362,1.904,3,3,3.231
1778532615398,0.025,1.121,-0.314,0.630,-0.060,-0.080,106.959,-1.327,1.391,2.082,3,3,3.226
1778532615411,0.025,1.125,-0.324,0.687,-0.069,-0.090,107.608,-1.361,1.343,2.225,3,3,3.707
1778532615425,0.018,1.129,-0.336,0.747,-0.077,-0.098,108.415,-0.669,1.365,2.340,3,3,3.227
1778532615439,0.003,1.131,-0.352,0.808,-0.081,-0.107,109.604,0.708,1.390,2.424,3,3,3.243
1778532615452,-0.010,1.127,-0.371,0.868,-0.082,-0.113,111.309,1.869,1.339,2.434,3,3,3.228
1778532615467,-0.017,1.117,-0.388,0.924,-0.082,-0.116,113.026,2.375,1.198,2.403,3,3,5.101
1778532615480,-0.023,1.106,-0.403,0.977,-0.081,-0.119,114.691,2.986,1.137,2.354,4,4,3.684
1778532615494,-0.027,1.096,-0.420,1.027,-0.081,-0.121,116.372,3.168,1.205,2.314,4,4,3.230
1778532615508,-0.024,1.081,-0.442,1.071,-0.082,-0.119,118.722,2.723,1.181,2.243,4,4,3.258
1778532615521,-0.020,1.056,-0.464,1.110,-0.086,-0.116,121.819,2.087,1.063,2.116,4,4,3.241
1778532615534,-0.015,1.031,-0.479,1.140,-0.091,-0.110,124.428,1.328,0.949,1.933,4,4,3.259
1778532615548,-0.009,1.003,-0.487,1.162,-0.099,-0.098,126.757,0.359,0.793,1.763,4,4,3.755
1778532615563,-0.003,0.974,-0.491,1.175,-0.109,-0.083,128.936,-0.777,0.682,1.590,4,4,4.962
1778532615577,0.018,0.947,-0.490,1.178,-0.127,-0.067,130.324,-4.406,0.745,1.447,4,4,3.248
1778532615590,0.022,0.909,-0.499,1.176,-0.158,-0.049,134.406,-4.894,0.709,1.540,4,4,3.254
1778532615603,0.004,0.849,-0.491,1.145,-0.185,-0.035,109.681,-1.068,0.683,0.999,4,4,3.233
1778532615617,-0.017,0.804,-0.486,1.089,-0.200,-0.043,84.636,3.764,0.635,0.722,4,4,3.695
1778532615630,-0.028,0.770,-0.479,1.016,-0.206,-0.061,93.203,7.246,0.422,1.084,4,4,3.237
1778532615644,-0.031,0.742,-0.469,0.933,-0.211,-0.074,99.120,8.205,0.305,1.334,4,4,3.223
1778532615657,-0.030,0.719,-0.458,0.842,-0.216,-0.076,102.753,7.442,0.304,1.575,4,4,3.224
1778532615674,-0.030,0.705,-0.446,0.744,-0.220,-0.074,103.706,7.168,0.442,1.830,4,4,6.924
1778532615687,-0.033,0.694,-0.433,0.645,-0.223,-0.072,104.195,7.520,0.483,1.928,4,4,3.698
1778532615701,-0.039,0.684,-0.422,0.547,-0.220,-0.068,104.688,8.543,0.540,2.008,4,4,3.244
1778532615714,-0.045,0.675,-0.411,0.449,-0.212,-0.059,105.368,9.612,0.545,2.100,4,4,3.227
1778532615728,-0.049,0.670,-0.402,0.351,-0.199,-0.052,105.772,9.907,0.594,2.198,4,4,3.231
1778532615741,-0.050,0.671,-0.393,0.256,-0.182,-0.049,105.756,9.518,0.727,2.229,4,4,3.242
1778532615754,-0.047,0.673,-0.385,0.165,-0.164,-0.045,105.837,8.474,0.747,2.221,4,4,3.687
1778532615768,-0.041,0.672,-0.378,0.076,-0.147,-0.035,106.185,6.977,0.707,2.279,4,4,3.253
1778532615782,-0.035,0.671,-0.372,-0.015,-0.130,-0.020,106.501,5.504,0.681,2.413,4,4,3.238
1778532615795,-0.030,0.674,-0.366,-0.107,-0.113,-0.004,106.604,4.411,0.782,2.557,4,4,3.242
1778532615808,-0.025,0.684,-0.362,-0.196,-0.095,0.013,106.652,3.548,0.957,2.567,4,4,3.223
1778532615822,-0.019,0.702,-0.361,-0.281,-0.078,0.031,106.747,2.638,1.154,2.578,5,5,3.685
1778532615835,-0.011,0.721,-0.364,-0.363,-0.061,0.051,107.108,1.643,1.223,2.581,5,5,3.267
1778532615849,-0.001,0.738,-0.368,-0.442,-0.047,0.071,107.552,0.565,1.205,2.588,5,5,3.251
1778532615862,0.008,0.760,-0.371,-0.518,-0.036,0.089,107.812,-0.348,1.335,2.563,5,5,3.241
1778532615875,0.017,0.785,-0.376,-0.589,-0.027,0.106,107.936,-1.131,1.433,2.492,5,5,3.230
1778532615889,0.025,0.811,-0.380,-0.655,-0.022,0.125,108.032,-1.796,1.476,2.442,5,5,3.705
1778532615903,0.031,0.837,-0.384,-0.717,-0.019,0.147,108.119,-2.194,1.482,2.437,5,5,3.242
1778532615916,0.035,0.860,-0.390,-0.777,-0.017,0.172,108.354,-2.473,1.473,2.491,5,5,3.218
1778532615931,0.038,0.880,-0.396,-0.841,-0.015,0.200,108.697,-2.635,1.415,2.654,5,5,4.935
1778532615944,0.040,0.907,-0.401,-0.902,-0.013,0.229,108.674,-2.629,1.583,2.685,5,5,3.221
1778532615958,0.039,0.944,-0.407,-0.960,-0.009,0.259,108.531,-2.428,1.832,2.677,5,5,3.735
1778532615971,0.034,0.983,-0.418,-1.006,-0.004,0.288,108.681,-2.018,1.964,2.438,5,5,3.230
1778532615985,0.029,1.017,-0.433,-1.041,0.004,0.313,109.122,-1.570,1.920,2.171,5,5,3.230
1778532615998,0.024,1.041,-0.450,-1.068,0.012,0.334,109.925,-1.200,1.764,1.999,5,5,3.251
1778532616011,0.021,1.049,-0.464,-1.097,0.021,0.356,111.067,-0.853,1.454,2.068,5,5,3.228
1778532616025,0.017,1.061,-0.474,-1.126,0.031,0.376,111.687,-0.563,1.497,2.119,5,5,3.797
1778532616039,0.016,1.084,-0.483,-1.147,0.041,0.393,111.856,-0.506,1.715,1.913,5,5,3.242
1778532616052,0.016,1.101,-0.494,-1.157,0.048,0.408,112.292,-0.513,1.646,1.646,5,5,3.233
1778532616066,0.014,1.107,-0.507,-1.162,0.054,0.421,113.235,-0.330,1.473,1.496,5,5,3.317
1778532616079,0.008,1.116,-0.519,-1.160,0.060,0.428,113.988,0.164,1.544,1.299,5,5,3.216
1778532616092,-0.001,1.128,-0.533,-1.149,0.066,0.429,114.668,0.798,1.615,0.998,5,5,3.711
1778532616106,-0.010,1.132,-0.545,-1.130,0.073,0.427,115.483,1.472,1.476,0.778,5,5,3.225
1778532616119,-0.022,1.133,-0.551,-1.108,0.082,0.421,116.020,2.471,1.374,0.678,5,5,3.253
1778532616133,-0.034,1.136,-0.553,-1.081,0.094,0.413,116.005,3.435,1.385,0.586,5,5,3.224
1778532616146,-0.045,1.140,-0.550,-1.047,0.108,0.403,115.578,4.295,1.345,0.534,5,5,3.217
1778532616159,-0.055,1.139,-0.543,-1.009,0.126,0.391,115.007,5.063,1.203,0.589,1,1,3.729
1778532616173,-0.063,1.129,-0.533,-0.972,0.147,0.381,114.374,5.896,1.001,0.702,1,1,3.224
1778532616187,-0.056,1.255,-0.545,-0.859,0.178,0.362,113.162,5.227,4.085,2.313,1,1,3.235
1778532616200,-0.031,1.232,-0.489,-0.804,0.204,0.343,106.676,2.148,1.171,1.080,1,1,3.398
1778532616216,-0.019,1.218,-0.441,-0.735,0.223,0.322,101.844,0.775,1.135,1.290,1,1,5.152
1778532616229,-0.017,1.208,-0.414,-0.666,0.240,0.309,99.746,0.583,1.002,1.313,1,1,3.688
1778532616243,-0.013,1.196,-0.389,-0.599,0.252,0.302,97.976,0.057,0.949,1.277,1,1,3.227
1778532616256,-0.004,1.186,-0.368,-0.537,0.256,0.296,96.732,-0.904,0.990,1.138,1,1,3.251
1778532616270,0.006,1.178,-0.347,-0.479,0.250,0.288,95.469,-2.047,1.024,1.034,1,1,3.223
1778532616283,0.014,1.170,-0.328,-0.424,0.238,0.279,94.403,-2.837,1.029,1.004,1,1,3.254
1778532616296,0.019,1.163,-0.310,-0.374,0.224,0.270,93.575,-3.269,1.007,0.955,1,1,3.692
1778532616311,0.025,1.156,-0.295,-0.326,0.213,0.260,93.043,-3.854,1.019,0.908,1,1,4.476
1778532616327,0.031,1.149,-0.282,-0.284,0.206,0.247,92.727,-4.297,1.001,0.821,1,1,3.229
1778532616340,0.036,1.142,-0.268,-0.245,0.203,0.233,92.264,-4.698,1.003,0.788,1,1,3.224
1778532616354,0.039,1.134,-0.256,-0.208,0.201,0.220,92.003,-4.922,0.985,0.779,1,1,3.706
1778532616367,0.042,1.129,-0.246,-0.174,0.199,0.207,91.958,-5.042,1.006,0.725,1,1,3.798
1778532616381,0.046,1.123,-0.236,-0.144,0.196,0.195,91.850,-5.203,1.004,0.672,1,1,3.231
1778532616394,0.047,1.117,-0.227,-0.115,0.192,0.185,91.919,-5.146,0.996,0.630,1,1,3.231
1778532616409,0.050,1.112,-0.220,-0.090,0.188,0.176,92.065,-5.236,1.000,0.584,1,1,5.053
1778532616423,0.053,1.106,-0.213,-0.067,0.184,0.167,92.191,-5.369,1.000,0.546,1,1,3.232
1778532616436,0.056,1.102,-0.207,-0.044,0.180,0.158,92.391,-5.569,1.023,0.560,1,1,3.682
1778532616450,0.059,1.096,-0.204,-0.025,0.175,0.149,92.889,-5.666,0.982,0.465,1,1,3.246
1778532616463,0.062,1.091,-0.200,-0.009,0.168,0.140,93.254,-5.843,0.989,0.419,1,1,3.221
1778532616478,0.064,1.087,-0.195,0.004,0.161,0.130,93.436,-5.955,1.007,0.380,1,1,3.260
1778532616491,0.066,1.082,-0.192,0.016,0.154,0.121,93.874,-5.951,0.988,0.339,1,1,3.224
1778532616504,0.068,1.078,-0.189,0.025,0.147,0.112,94.165,-5.936,1.004,0.295,1,1,3.694
1778532616518,0.069,1.074,-0.186,0.034,0.140,0.105,94.400,-5.918,1.011,0.273,1,1,3.251
1778532616532,0.070,1.071,-0.183,0.041,0.133,0.098,94.616,-5.892,1.016,0.247,1,1,3.225
1778532616545,0.073,1.069,-0.180,0.048,0.125,0.090,94.740,-5.979,1.025,0.268,1,1,3.250
1778532616558,0.075,1.067,-0.175,0.057,0.117,0.081,94.690,-6.030,1.046,0.340,1,1,3.244
1778532616572,0.077,1.066,-0.172,0.067,0.108,0.070,94.779,-6.180,1.040,0.426,1,1,4.385
1778532616587,0.080,1.058,-0.175,0.074,0.098,0.058,95.722,-6.368,0.940,0.390,1,1,3.244
1778532616600,0.079,1.055,-0.173,0.078,0.089,0.049,95.978,-6.088,1.004,0.278,1,1,3.225
1778532616614,0.079,1.054,-0.172,0.081,0.081,0.041,96.163,-5.967,1.033,0.276,1,1,3.811
1778532616627,0.078,1.051,-0.172,0.084,0.073,0.034,96.463,-5.662,1.000,0.248,1,1,3.224
1778532616640,0.077,1.048,-0.171,0.086,0.066,0.028,96.739,-5.421,1.009,0.230,1,1,3.777
1778532616654,0.075,1.046,-0.172,0.088,0.060,0.023,97.066,-5.104,1.015,0.192,1,1,3.230
1778532616668,0.075,1.045,-0.171,0.090,0.055,0.018,97.237,-4.991,1.026,0.204,1,1,3.229
1778532616681,0.075,1.043,-0.171,0.092,0.049,0.012,97.500,-4.967,1.019,0.218,1,1,3.251
1778532616694,0.075,1.040,-0.172,0.094,0.044,0.007,97.862,-4.809,1.009,0.210,1,1,3.234
1778532616708,0.074,1.039,-0.173,0.094,0.039,0.002,98.083,-4.691,1.019,0.189,1,1,3.828
1778532616722,0.072,1.036,-0.174,0.094,0.035,-0.002,98.386,-4.337,0.998,0.167,1,1,3.607
1778532616735,0.068,1.034,-0.175,0.094,0.031,-0.005,98.637,-3.907,1.017,0.134,1,1,3.232
1778532616749,0.066,1.033,-0.176,0.093,0.028,-0.006,98.886,-3.562,1.019,0.079,1,1,3.246
1778532616762,0.063,1.032,-0.176,0.091,0.027,-0.005,99.008,-3.263,1.021,0.053,1,1,3.227
1778532616775,0.061,1.031,-0.176,0.090,0.026,-0.003,99.105,-3.007,1.025,0.066,1,1,3.728
1778532616789,0.060,1.030,-0.176,0.088,0.025,-0.001,99.227,-2.902,1.029,0.064,1,1,3.234
1778532616802,0.060,1.029,-0.177,0.087,0.024,-0.000,99.347,-3.018,1.031,0.056,1,1,3.244
1778532616816,0.060,1.028,-0.178,0.085,0.023,-0.000,99.536,-3.040,1.027,0.047,1,1,3.229
1778532616829,0.060,1.027,-0.179,0.084,0.021,-0.001,99.649,-3.038,1.031,0.054,1,1,3.219
1778532616842,0.060,1.027,-0.179,0.083,0.020,-0.003,99.706,-3.070,1.044,0.077,1,1,3.720
1778532616856,0.059,1.027,-0.179,0.083,0.019,-0.004,99.782,-2.960,1.035,0.087,1,1,3.226
1778532616870,0.057,1.027,-0.180,0.083,0.019,-0.006,99.830,-2.805,1.056,0.094,1,1,3.940
1778532616883,0.055,1.030,-0.180,0.084,0.019,-0.009,99.775,-2.503,1.099,0.145,1,1,3.236
1778532616897,0.054,1.033,-0.180,0.087,0.019,-0.012,99.735,-2.444,1.125,0.199,1,1,3.228
1778532616910,0.053,1.036,-0.180,0.092,0.019,-0.016,99.765,-2.361,1.123,0.242,1,1,3.722
1778532616924,0.051,1.039,-0.181,0.098,0.020,-0.017,99.817,-2.248,1.116,0.258,1,1,3.221
1778532616937,0.049,1.041,-0.182,0.106,0.019,-0.015,99.843,-2.009,1.111,0.313,1,1,3.237
1778532616950,0.047,1.042,-0.183,0.114,0.018,-0.012,100.033,-1.792,1.069,0.336,1,1,3.221
1778532616964,0.043,1.043,-0.185,0.123,0.018,-0.007,100.141,-1.388,1.088,0.374,1,1,3.244
1778532616977,0.043,1.045,-0.186,0.132,0.018,-0.003,100.248,-1.502,1.113,0.401,3,3,3.689
1778532616991,0.044,1.047,-0.188,0.142,0.018,0.002,100.374,-1.744,1.116,0.421,3,3,3.226
1778532617004,0.047,1.050,-0.190,0.153,0.018,0.005,100.516,-2.107,1.151,0.432,3,3,3.238
1778532617017,0.049,1.052,-0.192,0.164,0.018,0.007,100.740,-2.289,1.128,0.458,3,3,3.230
1778532617031,0.048,1.054,-0.195,0.176,0.018,0.010,100.909,-2.177,1.122,0.495,3,3,3.229
1778532617044,0.045,1.054,-0.198,0.188,0.019,0.013,101.233,-1.883,1.085,0.522,3,3,3.686
1778532617058,0.044,1.053,-0.201,0.201,0.019,0.018,101.594,-1.878,1.073,0.547,3,3,3.313
1778532617072,0.047,1.052,-0.206,0.214,0.020,0.022,102.057,-2.212,1.071,0.555,3,3,3.758
1778532617085,0.049,1.051,-0.210,0.226,0.019,0.024,102.501,-2.539,1.078,0.553,3,3,3.227
1778532617099,0.052,1.049,-0.215,0.238,0.018,0.025,102.989,-2.892,1.074,0.550,3,3,3.391
1778532617112,0.054,1.047,-0.220,0.249,0.017,0.026,103.490,-3.066,1.060,0.552,4,4,3.893
1778532617128,0.056,1.044,-0.226,0.261,0.015,0.025,104.074,-3.290,1.031,0.554,4,4,5.079
1778532617141,0.057,1.040,-0.232,0.271,0.013,0.025,104.689,-3.415,1.022,0.547,4,4,3.225
1778532617155,0.058,1.034,-0.238,0.281,0.011,0.023,105.487,-3.544,0.996,0.537,4,4,3.216
1778532617168,0.059,1.029,-0.245,0.290,0.008,0.021,106.253,-3.628,0.991,0.518,4,4,3.242
1778532617181,0.061,1.024,-0.252,0.297,0.006,0.019,106.997,-3.871,1.009,0.508,4,4,3.681
1778532617195,0.063,1.018,-0.260,0.304,0.003,0.015,107.791,-4.051,0.996,0.498,4,4,3.238
1778532617208,0.063,1.011,-0.267,0.310,-0.001,0.011,108.641,-4.009,0.955,0.470,4,4,3.221
1778532617224,0.059,1.003,-0.276,0.314,-0.003,0.007,109.601,-3.577,0.947,0.434,4,4,5.141
1778532617237,0.058,0.997,-0.283,0.317,-0.005,0.005,110.382,-3.330,0.972,0.392,4,4,3.281
1778532617250,0.058,0.992,-0.292,0.318,-0.007,0.002,111.152,-3.379,1.011,0.377,4,4,3.832
1778532617264,0.057,0.986,-0.300,0.320,-0.009,-0.001,111.913,-3.303,0.986,0.362,4,4,3.251
1778532617278,0.055,0.979,-0.309,0.319,-0.010,-0.004,112.740,-3.028,0.964,0.329,4,4,3.224
1778532617291,0.054,0.972,-0.317,0.318,-0.012,-0.006,113.611,-2.833,0.967,0.299,4,4,3.254
1778532617304,0.051,0.966,-0.325,0.316,-0.012,-0.008,114.282,-2.580,0.973,0.267,4,4,3.223
1778532617317,0.050,0.961,-0.333,0.313,-0.013,-0.009,114.964,-2.392,0.975,0.236,1,1,3.688
1778532617331,0.046,0.956,-0.341,0.309,-0.013,-0.010,115.499,-2.040,0.996,0.216,1,1,3.246
1778532617345,0.045,0.952,-0.348,0.305,-0.013,-0.012,116.022,-1.937,0.997,0.196,1,1,3.219
1778532617358,0.045,0.947,-0.356,0.300,-0.013,-0.013,116.625,-1.966,0.994,0.177,1,1,3.280
1778532617371,0.045,0.942,-0.364,0.294,-0.013,-0.014,117.230,-2.105,0.991,0.152,1,1,3.222
1778532617387,0.045,0.936,-0.372,0.287,-0.013,-0.015,117.828,-2.062,0.983,0.124,1,1,5.585
1778532617400,0.042,0.931,-0.379,0.280,-0.012,-0.016,118.334,-1.766,0.981,0.088,1,1,3.368
1778532617414,0.040,0.926,-0.386,0.271,-0.011,-0.017,118.795,-1.574,0.977,0.061,1,1,3.226
1778532617427,0.039,0.921,-0.393,0.262,-0.010,-0.017,119.318,-1.509,0.966,0.031,1,1,3.253
1778532617440,0.039,0.916,-0.400,0.251,-0.009,-0.017,119.757,-1.584,0.987,0.039,1,1,3.221
1778532617454,0.040,0.913,-0.406,0.240,-0.009,-0.018,120.090,-1.734,1.005,0.062,4,4,3.718
1778532617468,0.040,0.911,-0.412,0.228,-0.008,-0.019,120.216,-1.802,1.017,0.090,4,4,3.225
1778532617483,0.039,0.911,-0.417,0.217,-0.008,-0.021,120.187,-1.700,1.044,0.105,4,4,5.035
1778532617496,0.036,0.910,-0.421,0.206,-0.007,-0.022,120.160,-1.375,1.044,0.093,4,4,3.239
1778532617509,0.032,0.911,-0.425,0.196,-0.006,-0.023,120.091,-1.020,1.057,0.083,4,4,3.224
1778532617523,0.033,0.911,-0.430,0.186,-0.005,-0.023,120.046,-1.150,1.058,0.075,4,4,3.718
1778532617537,0.033,0.912,-0.434,0.177,-0.004,-0.024,120.018,-1.197,1.070,0.080,4,4,3.230
1778532617551,0.033,0.913,-0.438,0.168,-0.003,-0.024,119.907,-1.267,1.079,0.082,4,4,3.240
1778532617564,0.034,0.915,-0.441,0.159,-0.003,-0.026,119.757,-1.413,1.074,0.086,4,4,3.226
1778532617577,0.033,0.916,-0.444,0.151,-0.002,-0.027,119.600,-1.328,1.081,0.081,4,4,3.311
1778532617594,0.028,0.919,-0.446,0.145,-0.002,-0.028,119.376,-0.869,1.090,0.048,4,4,7.440
1778532617608,0.026,0.922,-0.449,0.139,-0.000,-0.027,119.098,-0.670,1.115,0.033,4,4,3.224
1778532617622,0.026,0.925,-0.451,0.135,0.001,-0.026,118.873,-0.699,1.118,0.043,4,4,3.250
1778532617635,0.027,0.929,-0.453,0.133,0.001,-0.026,118.662,-0.924,1.128,0.064,4,4,3.234
1778532617649,0.028,0.931,-0.456,0.131,0.002,-0.027,118.569,-1.072,1.112,0.098,4,4,3.259
1778532617663,0.029,0.932,-0.459,0.129,0.002,-0.028,118.558,-1.209,1.086,0.111,4,4,3.704
1778532617678,0.029,0.933,-0.462,0.128,0.003,-0.030,118.617,-1.240,1.079,0.125,4,4,5.039
1778532617692,0.031,0.934,-0.464,0.127,0.003,-0.033,118.613,-1.454,1.095,0.143,4,4,3.238
1778532617705,0.032,0.935,-0.467,0.126,0.002,-0.036,118.607,-1.671,1.099,0.155,4,4,3.228
1778532617718,0.034,0.938,-0.469,0.126,0.001,-0.040,118.544,-1.797,1.121,0.198,4,4,3.247
1778532617732,0.037,0.941,-0.472,0.127,-0.001,-0.045,118.433,-2.192,1.145,0.238,4,4,3.697
1778532617746,0.037,0.947,-0.473,0.130,-0.003,-0.051,118.120,-2.131,1.190,0.288,4,4,3.263
1778532617760,0.037,0.953,-0.475,0.134,-0.006,-0.057,117.845,-2.084,1.196,0.336,4,4,3.258
1778532617773,0.033,0.958,-0.475,0.141,-0.009,-0.062,117.481,-1.678,1.191,0.368,4,4,3.218
1778532617786,0.025,0.966,-0.475,0.150,-0.010,-0.065,117.059,-0.868,1.227,0.420,4,4,3.255
1778532617800,0.023,0.972,-0.476,0.162,-0.010,-0.067,116.776,-0.604,1.225,0.489,4,4,3.690
1778532617814,0.018,0.980,-0.477,0.177,-0.011,-0.067,116.390,-0.210,1.251,0.574,4,4,3.228
1778532617827,0.012,0.988,-0.477,0.195,-0.010,-0.068,116.055,0.307,1.258,0.678,4,4,3.237
1778532617840,0.008,0.995,-0.478,0.217,-0.009,-0.070,115.805,0.685,1.263,0.784,4,4,3.252
1778532617854,0.012,1.001,-0.480,0.240,-0.009,-0.074,115.720,0.178,1.243,0.866,4,4,3.231
1778532617867,0.017,1.004,-0.484,0.265,-0.010,-0.081,115.902,-0.439,1.222,0.958,3,3,3.703
1778532617881,0.025,1.006,-0.488,0.291,-0.013,-0.093,116.237,-1.303,1.215,1.037,3,3,3.248
1778532617894,0.028,1.007,-0.494,0.317,-0.017,-0.109,116.670,-1.636,1.206,1.140,3,3,3.237
1778532617909,0.030,1.010,-0.501,0.343,-0.022,-0.132,117.109,-1.780,1.252,1.267,3,3,3.368
1778532617922,0.024,1.006,-0.508,0.367,-0.024,-0.165,117.986,-1.064,1.145,1.418,3,3,3.250
1778532617935,0.007,0.998,-0.515,0.386,-0.023,-0.209,118.988,0.801,1.118,1.607,3,3,3.698
1778532617949,-0.022,0.988,-0.521,0.400,-0.015,-0.263,120.048,3.851,1.202,1.841,3,3,3.249
1778532617962,-0.052,0.981,-0.531,0.408,-0.001,-0.323,121.159,6.622,1.338,2.011,3,3,3.216
1778532617976,-0.081,0.972,-0.545,0.413,0.020,-0.383,122.742,8.980,1.354,2.089,3,3,3.246
1778532617989,-0.104,0.961,-0.561,0.414,0.045,-0.441,124.541,10.748,1.302,2.119,3,3,3.230
1778532618004,-0.123,0.944,-0.574,0.410,0.075,-0.496,126.676,12.351,1.172,2.126,4,4,5.559
1778532618018,-0.132,0.927,-0.580,0.400,0.107,-0.544,128.121,13.124,0.961,2.039,4,4,3.228
1778532618031,-0.144,0.890,-0.567,0.375,0.146,-0.581,131.388,16.979,0.487,1.932,4,4,3.227
1778532618045,-0.158,0.862,-0.540,0.334,0.199,-0.613,126.351,21.305,0.532,2.246,4,4,3.251
1778532618058,-0.170,0.858,-0.507,0.289,0.271,-0.643,121.394,21.981,0.907,2.726,4,4,3.223
1778532618071,-0.157,0.847,-0.479,0.239,0.347,-0.667,117.266,18.822,0.632,2.861,4,4,3.721
1778532618085,-0.131,0.847,-0.453,0.189,0.419,-0.682,113.929,14.502,0.963,2.751,4,4,3.225
1778532618099,-0.101,0.846,-0.432,0.140,0.480,-0.692,111.514,9.870,0.985,2.542,4,4,4.149
1778532618116,-0.074,0.846,-0.417,0.091,0.527,-0.698,109.997,5.914,1.012,2.284,4,4,6.463
1778532618129,-0.051,0.846,-0.406,0.042,0.566,-0.705,109.132,2.676,0.973,2.172,4,4,3.229
1778532618145,-0.033,0.845,-0.397,-0.009,0.597,-0.711,108.593,0.288,0.929,2.131,4,4,5.872
1778532618159,-0.020,0.845,-0.390,-0.062,0.625,-0.716,108.300,-1.277,0.900,2.143,4,4,3.225
1778532618174,-0.012,0.847,-0.383,-0.116,0.652,-0.718,108.025,-2.097,0.936,2.187,4,4,4.876
1778532618187,-0.008,0.855,-0.378,-0.170,0.682,-0.720,107.715,-2.374,1.077,2.265,4,4,3.226
1778532618201,-0.003,0.868,-0.377,-0.219,0.714,-0.723,107.573,-2.581,1.204,2.301,4,4,3.855
1778532618214,0.003,0.881,-0.377,-0.262,0.750,-0.725,107.602,-2.911,1.234,2.309,5,5,3.692
1778532618228,0.011,0.893,-0.378,-0.301,0.787,-0.725,107.767,-3.489,1.239,2.313,5,5,3.236
1778532618242,0.021,0.905,-0.380,-0.336,0.826,-0.724,107.996,-4.194,1.258,2.304,5,5,3.245
1778532618255,0.032,0.914,-0.381,-0.367,0.864,-0.719,108.170,-5.046,1.220,2.293,5,5,3.222
1778532618268,0.042,0.923,-0.382,-0.395,0.904,-0.714,108.364,-5.767,1.214,2.304,5,5,3.270
1778532618282,0.051,0.929,-0.383,-0.422,0.944,-0.707,108.591,-6.375,1.170,2.338,5,5,3.709
1778532618296,0.059,0.936,-0.384,-0.448,0.985,-0.698,108.761,-6.885,1.175,2.389,5,5,3.956
1778532618310,0.069,0.943,-0.385,-0.473,1.027,-0.689,108.918,-7.461,1.200,2.432,5,5,3.237
1778532618323,0.078,0.952,-0.385,-0.493,1.070,-0.679,108.876,-8.036,1.253,2.442,5,5,3.227
1778532618340,0.090,0.962,-0.384,-0.509,1.112,-0.672,108.744,-8.729,1.281,2.442,5,5,7.422
1778532618354,0.104,0.970,-0.384,-0.522,1.152,-0.665,108.717,-9.705,1.286,2.405,5,5,3.692
1778532618368,0.119,0.978,-0.385,-0.531,1.191,-0.658,108.739,-10.732,1.285,2.372,5,5,3.248
1778532618381,0.134,0.983,-0.386,-0.539,1.227,-0.650,108.905,-11.680,1.267,2.334,5,5,3.263
1778532618394,0.147,0.989,-0.389,-0.544,1.262,-0.640,109.236,-12.445,1.271,2.303,5,5,3.250
1778532618408,0.157,0.992,-0.393,-0.548,1.296,-0.629,109.710,-13.045,1.228,2.294,5,5,3.234
1778532618421,0.167,0.992,-0.397,-0.552,1.329,-0.617,110.353,-13.578,1.174,2.315,5,5,3.689
1778532618436,0.176,0.993,-0.402,-0.556,1.361,-0.606,110.889,-14.012,1.184,2.318,5,5,4.821
1778532618450,0.185,0.995,-0.405,-0.560,1.391,-0.596,111.262,-14.481,1.216,2.294,5,5,3.232
1778532618463,0.194,0.999,-0.409,-0.562,1.419,-0.587,111.526,-14.860,1.247,2.251,5,5,3.233
1778532618476,0.204,1.002,-0.412,-0.561,1.444,-0.577,111.780,-15.304,1.244,2.191,5,5,3.229
1778532618490,0.213,1.003,-0.416,-0.560,1.467,-0.564,112.198,-15.690,1.217,2.140,5,5,3.720
1778532618503,0.220,1.004,-0.420,-0.556,1.488,-0.549,112.647,-15.907,1.212,2.092,5,5,3.237
1778532618517,0.226,1.006,-0.426,-0.551,1.507,-0.532,113.143,-15.994,1.224,2.037,5,5,3.224
1778532618530,0.230,1.007,-0.431,-0.543,1.523,-0.515,113.530,-15.979,1.208,1.978,5,5,3.324
1778532618544,0.233,1.006,-0.435,-0.535,1.537,-0.499,113.968,-15.827,1.158,1.933,5,5,3.223
1778532618557,0.236,1.004,-0.439,-0.527,1.549,-0.487,114.477,-15.798,1.139,1.887,1,1,3.789
1778532618571,0.241,1.004,-0.444,-0.520,1.557,-0.475,114.829,-15.898,1.188,1.801,1,1,3.259
1778532618584,0.247,1.005,-0.448,-0.511,1.560,-0.463,115.101,-16.113,1.218,1.671,1,1,3.258
1778532618598,0.252,1.004,-0.451,-0.500,1.559,-0.448,115.372,-16.257,1.172,1.547,1,1,3.283
1778532618615,0.253,1.004,-0.453,-0.488,1.554,-0.433,115.461,-16.033,1.143,1.437,1,1,3.372
1778532618628,0.249,1.001,-0.453,-0.477,1.548,-0.417,115.511,-15.433,1.073,1.398,1,1,4.206
1778532618643,0.245,0.999,-0.452,-0.468,1.541,-0.403,115.350,-14.789,1.057,1.396,1,1,3.358
1778532618656,0.243,1.000,-0.450,-0.459,1.535,-0.391,115.078,-14.265,1.108,1.395,1,1,3.270
1778532618670,0.243,1.002,-0.450,-0.448,1.527,-0.380,114.878,-14.103,1.180,1.341,1,1,3.303
1778532618683,0.245,1.005,-0.451,-0.435,1.517,-0.366,114.734,-14.077,1.201,1.252,1,1,3.238
1778532618696,0.244,1.008,-0.451,-0.419,1.504,-0.351,114.607,-13.819,1.171,1.164,1,1,3.896
1778532618710,0.240,1.008,-0.450,-0.400,1.489,-0.337,114.475,-13.198,1.108,1.112,1,1,3.253
1778532618724,0.235,1.005,-0.448,-0.382,1.474,-0.325,114.298,-12.660,1.040,1.091,1,1,3.272
1778532618737,0.233,1.010,-0.449,-0.364,1.458,-0.315,114.126,-12.294,1.226,1.031,1,1,3.251
1778532618750,0.234,1.027,-0.458,-0.340,1.437,-0.314,114.281,-12.024,1.564,0.978,1,1,3.239
1778532618764,0.238,1.006,-0.470,-0.319,1.406,-0.317,117.000,-12.728,0.971,0.767,1,1,3.854
1778532618778,0.256,0.997,-0.473,-0.309,1.361,-0.304,117.603,-14.738,1.164,0.208,1,1,3.255
1778532618791,0.258,0.993,-0.462,-0.303,1.308,-0.288,116.268,-15.092,0.971,0.204,1,1,3.268
1778532618807,0.248,0.996,-0.449,-0.294,1.262,-0.277,114.580,-13.756,1.083,0.080,1,1,3.797
1778532618821,0.250,0.995,-0.438,-0.285,1.214,-0.268,113.376,-13.976,1.030,0.067,1,1,4.026
1778532618835,0.241,0.990,-0.430,-0.279,1.167,-0.260,112.677,-12.941,0.926,0.130,1,1,4.649
1778532618852,0.236,0.986,-0.422,-0.276,1.122,-0.254,111.958,-12.426,0.935,0.231,1,1,3.307
1778532618868,0.228,0.985,-0.412,-0.274,1.079,-0.249,110.953,-11.629,0.989,0.262,1,1,6.216
1778532618882,0.201,1.028,-0.402,-0.271,1.035,-0.231,109.512,-9.404,2.004,0.314,1,1,3.266
1778532618895,0.194,1.033,-0.390,-0.259,0.995,-0.224,108.255,-8.706,1.157,0.072,1,1,3.280
1778532618909,0.187,1.033,-0.382,-0.249,0.956,-0.216,107.560,-8.119,1.058,0.056,1,1,3.931
1778532618923,0.181,1.033,-0.373,-0.238,0.919,-0.208,106.834,-7.607,1.053,0.057,1,1,3.268
1778532618936,0.175,1.032,-0.366,-0.228,0.884,-0.200,106.314,-7.110,1.024,0.058,1,1,3.359
1778532618949,0.170,1.030,-0.359,-0.218,0.850,-0.191,105.888,-6.689,1.016,0.060,1,1,3.258
1778532618963,0.165,1.029,-0.352,-0.209,0.818,-0.182,105.510,-6.390,1.014,0.056,1,1,3.279
1778532618976,0.161,1.027,-0.346,-0.200,0.787,-0.174,105.142,-6.174,1.023,0.049,1,1,3.951
1778532618990,0.157,1.025,-0.340,-0.192,0.757,-0.167,104.857,-6.000,1.003,0.030,1,1,3.281
1778532619004,0.154,1.024,-0.334,-0.184,0.729,-0.160,104.533,-5.827,1.012,0.024,1,1,3.271
1778532619017,0.150,1.022,-0.328,-0.177,0.701,-0.154,104.226,-5.612,1.020,0.021,1,1,3.258
1778532619030,0.146,1.021,-0.323,-0.171,0.675,-0.148,103.992,-5.449,1.013,0.013,1,1,3.277
1778532619044,0.143,1.020,-0.317,-0.165,0.649,-0.142,103.735,-5.317,1.030,0.013,1,1,3.919
1778532619058,0.140,1.019,-0.312,-0.159,0.625,-0.136,103.479,-5.209,1.019,0.017,1,1,3.269
1778532619071,0.137,1.019,-0.307,-0.154,0.602,-0.130,103.280,-5.085,1.031,0.023,1,1,3.258
1778532619084,0.134,1.018,-0.303,-0.149,0.579,-0.125,103.081,-4.981,1.026,0.022,1,1,3.261
1778532619098,0.132,1.018,-0.298,-0.144,0.557,-0.120,102.878,-4.937,1.033,0.016,1,1,3.273
1778532619111,0.129,1.017,-0.293,-0.139,0.536,-0.116,102.722,-4.817,1.022,0.016,1,1,3.918
1778532619125,0.127,1.016,-0.290,-0.134,0.516,-0.112,102.633,-4.783,1.013,0.023,1,1,3.269
1778532619139,0.124,1.015,-0.286,-0.131,0.497,-0.108,102.530,-4.682,1.013,0.034,1,1,3.493
1778532619152,0.121,1.014,-0.282,-0.127,0.479,-0.104,102.427,-4.537,1.020,0.038,1,1,3.360
1778532619166,0.119,1.014,-0.279,-0.124,0.462,-0.100,102.351,-4.476,1.024,0.045,1,1,3.497
1778532619179,0.117,1.013,-0.275,-0.121,0.445,-0.096,102.250,-4.443,1.020,0.049,1,1,3.925
1778532619193,0.114,1.012,-0.272,-0.119,0.429,-0.093,102.182,-4.346,1.012,0.055,1,1,3.257
1778532619207,0.112,1.012,-0.268,-0.116,0.414,-0.089,102.022,-4.292,1.032,0.057,1,1,3.251
1778532619220,0.111,1.012,-0.265,-0.114,0.399,-0.085,101.890,-4.266,1.035,0.050,1,1,3.249
1778532619233,0.109,1.012,-0.261,-0.110,0.385,-0.082,101.651,-4.250,1.033,0.032,1,1,3.266
1778532619247,0.107,1.012,-0.257,-0.107,0.371,-0.078,101.504,-4.198,1.034,0.027,1,1,3.805
1778532619261,0.105,1.012,-0.254,-0.103,0.357,-0.075,101.359,-4.150,1.032,0.009,1,1,3.265
1778532619274,0.104,1.012,-0.251,-0.100,0.343,-0.072,101.312,-4.102,1.024,0.010,1,1,3.241
1778532619287,0.102,1.011,-0.248,-0.096,0.330,-0.069,101.254,-4.088,1.019,0.008,1,1,3.268
1778532619301,0.101,1.011,-0.246,-0.093,0.318,-0.067,101.186,-4.086,1.031,0.012,1,1,3.307
1778532619314,0.099,1.011,-0.243,-0.089,0.306,-0.064,101.116,-4.016,1.032,0.009,2,2,3.911
1778532619331,0.098,1.011,-0.241,-0.086,0.294,-0.061,101.103,-4.009,1.022,0.008,2,2,3.405
1778532619344,0.097,1.011,-0.239,-0.083,0.283,-0.059,101.063,-3.997,1.023,0.014,2,2,3.345
1778532619357,0.095,1.011,-0.237,-0.079,0.272,-0.057,101.028,-3.958,1.026,0.012,2,2,3.282
1778532619371,0.094,1.010,-0.235,-0.076,0.262,-0.055,100.990,-3.912,1.021,0.012,2,2,3.262
1778532619384,0.093,1.010,-0.233,-0.073,0.251,-0.053,100.957,-3.942,1.025,0.015,2,2,3.870
1778532619398,0.092,1.009,-0.231,-0.070,0.242,-0.051,100.971,-3.967,1.020,0.011,2,2,3.289
1778532619412,0.091,1.009,-0.229,-0.068,0.232,-0.049,100.963,-3.960,1.016,0.008,2,2,3.258
1778532619425,0.090,1.009,-0.227,-0.066,0.224,-0.048,100.923,-3.941,1.026,0.011,2,2,3.266
1778532619438,0.089,1.008,-0.226,-0.064,0.215,-0.046,100.917,-3.904,1.024,0.015,2,2,3.261
1778532619452,0.088,1.008,-0.225,-0.062,0.207,-0.044,100.923,-3.869,1.027,0.021,2,2,3.878
1778532619466,0.087,1.008,-0.223,-0.061,0.199,-0.043,100.905,-3.830,1.024,0.029,2,2,3.279
1778532619479,0.086,1.008,-0.221,-0.060,0.192,-0.041,100.869,-3.830,1.028,0.041,2,2,3.256
1778532619492,0.085,1.008,-0.220,-0.059,0.185,-0.038,100.808,-3.812,1.033,0.045,2,2,3.328
1778532619506,0.084,1.009,-0.218,-0.059,0.179,-0.036,100.729,-3.833,1.035,0.042,2,2,3.269
1778532619519,0.085,1.010,-0.216,-0.057,0.172,-0.034,100.574,-3.917,1.055,0.031,2,2,3.937
1778532619533,0.086,1.014,-0.213,-0.055,0.165,-0.034,100.329,-4.137,1.107,0.028,2,2,3.298
1778532619547,0.099,1.028,-0.210,-0.049,0.157,-0.037,99.965,-5.198,1.409,0.170,2,2,3.317
1778532619560,0.096,1.049,-0.202,-0.028,0.147,-0.040,99.054,-4.882,1.514,0.531,2,2,3.311
1778532619574,0.103,1.067,-0.196,-0.001,0.134,-0.040,98.431,-5.306,1.467,0.713,2,2,3.264
1778532619587,0.127,1.076,-0.191,0.029,0.113,-0.030,97.970,-7.418,1.444,0.946,3,3,3.950
1778532619601,0.137,1.081,-0.171,0.056,0.087,-0.021,96.103,-8.263,1.266,0.976,3,3,3.281
1778532619614,0.131,1.081,-0.144,0.080,0.071,-0.022,93.336,-7.457,1.165,0.793,3,3,3.261
1778532619628,0.127,1.076,-0.113,0.100,0.065,-0.030,90.153,-6.908,1.124,0.677,3,3,3.283
1778532619641,0.130,1.062,-0.079,0.112,0.065,-0.036,86.241,-7.265,1.030,0.464,3,3,3.265
1778532619654,0.137,1.050,-0.043,0.118,0.069,-0.035,82.460,-8.035,1.111,0.335,1,1,3.929
1778532619669,0.143,1.035,-0.007,0.118,0.075,-0.031,78.631,-8.651,1.105,0.281,1,1,3.437
1778532619683,0.148,1.020,0.028,0.111,0.084,-0.025,75.005,-9.213,1.072,0.338,1,1,4.210
1778532619697,0.157,1.007,0.059,0.096,0.093,-0.019,72.152,-10.023,1.092,0.467,1,1,3.278
1778532619711,0.166,0.998,0.085,0.076,0.101,-0.011,70.108,-10.953,1.098,0.581,1,1,3.257
1778532619724,0.175,0.992,0.106,0.052,0.108,-0.001,68.824,-11.799,1.088,0.687,4,4,3.956
1778532619738,0.182,0.989,0.122,0.025,0.114,0.010,68.268,-12.448,1.089,0.791,4,4,3.253
1778532619751,0.189,0.988,0.133,-0.005,0.119,0.021,68.295,-12.991,1.104,0.866,4,4,3.251
1778532619765,0.196,0.988,0.141,-0.037,0.122,0.034,68.681,-13.488,1.091,0.961,4,4,3.260
1778532619778,0.202,0.991,0.147,-0.071,0.124,0.046,69.359,-13.843,1.133,1.037,4,4,3.242
1778532619791,0.207,0.995,0.151,-0.105,0.126,0.058,70.137,-14.046,1.160,1.077,4,4,3.990
1778532619805,0.211,0.999,0.153,-0.140,0.126,0.070,70.967,-14.173,1.142,1.118,4,4,3.265
1778532619819,0.214,1.003,0.154,-0.176,0.126,0.083,71.937,-14.133,1.143,1.194,4,4,3.275
1778532619832,0.216,1.007,0.153,-0.213,0.127,0.095,72.984,-13.983,1.139,1.255,4,4,3.269
1778532619849,0.216,1.013,0.151,-0.251,0.127,0.106,74.085,-13.770,1.161,1.302,4,4,6.809
1778532619863,0.217,1.018,0.147,-0.289,0.128,0.118,75.349,-13.553,1.152,1.351,4,4,3.964
1778532619877,0.216,1.025,0.141,-0.325,0.128,0.130,76.708,-13.113,1.205,1.356,4,4,3.576
1778532619891,0.213,1.031,0.134,-0.360,0.128,0.141,78.097,-12.627,1.175,1.343,4,4,3.843
1778532619904,0.211,1.036,0.126,-0.395,0.129,0.150,79.447,-12.150,1.145,1.359,4,4,3.276
1778532619918,0.210,1.043,0.116,-0.427,0.130,0.158,80.844,-11.857,1.214,1.327,4,4,3.267
1778532619933,0.211,1.049,0.105,-0.456,0.131,0.165,82.380,-11.769,1.222,1.260,4,4,5.657
1778532619947,0.208,1.051,0.093,-0.482,0.132,0.174,83.918,-11.368,1.120,1.244,4,4,3.257
1778532619960,0.202,1.050,0.081,-0.510,0.135,0.183,85.441,-10.678,1.028,1.306,4,4,3.274
1778532619974,0.197,1.052,0.069,-0.536,0.139,0.189,86.828,-10.059,1.131,1.299,4,4,3.256
1778532619987,0.195,1.056,0.055,-0.559,0.143,0.194,88.365,-9.814,1.178,1.212,4,4,3.255
1778532620000,0.196,1.059,0.039,-0.576,0.144,0.199,89.997,-9.879,1.195,1.085,4,4,3.922
1778532620014,0.197,1.058,0.021,-0.591,0.143,0.204,91.871,-10.014,1.115,1.041,4,4,3.272
1778532620028,0.198,1.059,0.002,-0.603,0.138,0.208,93.685,-10.088,1.164,0.974,4,4,3.292
1778532620041,0.197,1.062,-0.018,-0.610,0.129,0.211,95.443,-9.869,1.234,0.855,4,4,3.268
1778532620055,0.192,1.063,-0.040,-0.613,0.119,0.212,97.311,-9.332,1.212,0.734,4,4,3.620
1778532620068,0.184,1.065,-0.062,-0.610,0.108,0.209,99.128,-8.529,1.242,0.593,4,4,3.925
1778532620082,0.175,1.069,-0.084,-0.602,0.098,0.203,100.707,-7.608,1.269,0.422,4,4,3.257
1778532620098,0.167,1.074,-0.104,-0.587,0.090,0.195,102.080,-6.834,1.310,0.225,4,4,5.151
1778532620111,0.158,1.079,-0.123,-0.564,0.085,0.184,103.227,-6.054,1.306,0.116,4,4,3.265
1778532620125,0.146,1.082,-0.140,-0.534,0.084,0.171,104.251,-4.975,1.271,0.302,4,4,3.626
1778532620138,0.136,1.085,-0.155,-0.499,0.086,0.154,105.079,-4.104,1.236,0.509,1,1,3.938
1778532620152,0.127,1.084,-0.169,-0.462,0.091,0.135,105.901,-3.431,1.177,0.665,1,1,3.265
1778532620168,0.119,1.085,-0.182,-0.423,0.146,0.085,106.600,-2.819,1.196,2.053,1,1,6.128
1778532620182,0.133,1.077,-0.096,-0.345,0.164,0.058,99.009,-3.708,2.047,1.923,1,1,3.276
1778532620195,0.152,1.075,-0.060,-0.256,0.165,0.012,94.843,-5.662,1.391,2.379,1,1,3.303
1778532620210,0.134,1.076,-0.063,-0.167,0.169,-0.016,95.007,-3.882,1.134,2.279,1,1,5.419
1778532620225,0.133,1.074,-0.054,-0.090,0.175,-0.036,93.749,-4.093,1.031,2.017,1,1,3.371
1778532620239,0.136,1.075,-0.045,-0.021,0.170,-0.054,92.663,-4.637,1.140,1.850,1,1,3.266
1778532620252,0.131,1.075,-0.042,0.046,0.163,-0.069,92.271,-4.343,1.071,1.845,1,1,3.261
1778532620265,0.124,1.072,-0.045,0.101,0.155,-0.078,92.622,-3.798,1.009,1.567,1,1,3.306
1778532620279,0.121,1.068,-0.047,0.147,0.149,-0.082,92.926,-3.743,0.989,1.355,1,1,3.934
1778532620293,0.120,1.064,-0.049,0.186,0.141,-0.084,93.150,-3.959,0.975,1.193,1,1,3.262
1778532620306,0.117,1.060,-0.052,0.218,0.135,-0.084,93.476,-3.862,0.992,1.060,1,1,3.250
1778532620322,0.116,1.056,-0.054,0.246,0.129,-0.085,93.781,-4.018,0.981,0.984,1,1,5.621
1778532620335,0.117,1.053,-0.057,0.270,0.122,-0.085,93.991,-4.372,1.001,0.902,1,1,3.262
1778532620349,0.117,1.047,-0.065,0.290,0.114,-0.087,94.985,-4.553,0.957,0.808,1,1,3.837
1778532620363,0.115,1.043,-0.070,0.302,0.106,-0.090,95.611,-4.608,0.982,0.658,1,1,3.266
1778532620376,0.114,1.044,-0.073,0.313,0.099,-0.091,95.754,-4.555,1.057,0.595,1,1,3.257
1778532620391,0.114,1.042,-0.076,0.323,0.091,-0.093,95.933,-4.816,1.031,0.638,1,1,3.320
1778532620404,0.111,1.042,-0.079,0.333,0.083,-0.092,96.154,-4.508,1.051,0.591,1,1,3.266
1778532620417,0.110,1.037,-0.088,0.333,0.075,-0.091,97.180,-4.600,0.967,0.382,1,1,3.882
1778532620433,0.109,1.037,-0.091,0.332,0.068,-0.088,97.329,-4.611,1.066,0.325,1,1,4.598
1778532620446,0.104,1.035,-0.095,0.330,0.062,-0.084,97.617,-4.214,1.005,0.282,1,1,3.251
1778532620459,0.104,1.032,-0.100,0.326,0.058,-0.081,98.107,-4.400,0.988,0.216,1,1,3.291
1778532620473,0.104,1.031,-0.105,0.320,0.054,-0.077,98.435,-4.486,1.032,0.193,1,1,3.275
1778532620486,0.102,1.029,-0.109,0.314,0.050,-0.073,98.729,-4.311,1.016,0.168,1,1,3.925
1778532620500,0.100,1.027,-0.114,0.308,0.046,-0.070,99.099,-4.303,0.997,0.156,1,1,3.281
1778532620514,0.100,1.027,-0.118,0.302,0.044,-0.066,99.278,-4.356,1.064,0.146,1,1,3.266
1778532620527,0.098,1.027,-0.122,0.295,0.041,-0.063,99.565,-4.249,1.036,0.133,1,1,3.278
1778532620540,0.095,1.027,-0.126,0.290,0.039,-0.060,99.795,-3.998,1.056,0.140,1,1,3.280
1778532620554,0.092,1.037,-0.129,0.287,0.037,-0.056,99.644,-3.760,1.266,0.222,1,1,4.472
1778532620570,0.097,1.050,-0.129,0.290,0.034,-0.049,99.309,-4.249,1.355,0.392,1,1,3.270
1778532620583,0.096,1.052,-0.133,0.294,0.032,-0.043,99.406,-4.210,1.120,0.420,1,1,3.255
1778532620599,0.096,1.049,-0.137,0.298,0.030,-0.036,99.821,-4.236,1.014,0.428,1,1,5.849
1778532620613,0.095,1.046,-0.142,0.302,0.028,-0.029,100.232,-4.259,1.026,0.423,1,1,3.257
1778532620626,0.097,1.044,-0.147,0.305,0.026,-0.022,100.603,-4.614,1.045,0.410,1,1,4.025
1778532620640,0.099,1.042,-0.153,0.307,0.024,-0.017,101.059,-4.891,1.041,0.394,1,1,3.267
1778532620654,0.101,1.039,-0.159,0.309,0.022,-0.013,101.641,-5.253,1.017,0.371,1,1,3.267
1778532620667,0.104,1.035,-0.165,0.310,0.019,-0.012,102.131,-5.654,1.009,0.349,1,1,3.277
1778532620681,0.106,1.031,-0.171,0.311,0.017,-0.012,102.685,-5.952,1.003,0.316,1,1,3.259
1778532620694,0.108,1.027,-0.177,0.310,0.014,-0.015,103.219,-6.209,1.002,0.298,1,1,4.025
1778532620708,0.109,1.024,-0.183,0.308,0.012,-0.019,103.691,-6.275,1.016,0.297,1,1,3.422
1778532620722,0.109,1.022,-0.189,0.306,0.010,-0.023,104.143,-6.227,1.035,0.295,1,1,3.292
1778532620735,0.107,1.021,-0.195,0.304,0.008,-0.027,104.476,-6.030,1.050,0.289,1,1,3.473
1778532620749,0.105,1.020,-0.201,0.303,0.007,-0.030,104.830,-5.706,1.049,0.284,1,1,3.268
1778532620763,0.103,1.018,-0.206,0.301,0.006,-0.031,105.208,-5.483,1.045,0.274,1,1,5.294
1778532620778,0.101,1.016,-0.212,0.300,0.005,-0.033,105.623,-5.265,1.022,0.264,1,1,3.315
1778532620791,0.099,1.014,-0.218,0.298,0.005,-0.033,106.016,-5.067,1.037,0.259,1,1,3.276
1778532620804,0.100,1.012,-0.225,0.296,0.004,-0.034,106.443,-5.238,1.031,0.250,1,1,3.254
1778532620818,0.101,1.010,-0.231,0.294,0.003,-0.036,106.839,-5.335,1.037,0.255,1,1,3.247
1778532620831,0.099,1.008,-0.236,0.292,0.003,-0.038,107.167,-5.191,1.048,0.253,1,1,3.881
1778532620845,0.099,1.007,-0.242,0.290,0.002,-0.040,107.465,-5.169,1.057,0.256,1,1,3.252
1778532620858,0.096,1.007,-0.247,0.288,0.001,-0.041,107.705,-4.857,1.059,0.261,1,1,3.304
1778532620872,0.094,1.006,-0.253,0.287,0.000,-0.041,107.970,-4.624,1.061,0.260,1,1,3.262
1778532620885,0.093,1.007,-0.258,0.287,-0.000,-0.040,108.172,-4.557,1.097,0.279,1,1,3.247
1778532620899,0.093,1.007,-0.264,0.287,-0.001,-0.040,108.430,-4.593,1.090,0.299,4,4,4.131
1778532620913,0.093,1.007,-0.269,0.288,-0.002,-0.040,108.713,-4.627,1.070,0.307,4,4,3.273
1778532620926,0.091,1.006,-0.275,0.289,-0.003,-0.041,108.984,-4.439,1.070,0.321,4,4,3.289
1778532620940,0.091,1.006,-0.280,0.290,-0.004,-0.042,109.267,-4.502,1.074,0.337,4,4,3.263
1778532620953,0.089,1.006,-0.286,0.292,-0.005,-0.043,109.556,-4.260,1.086,0.352,4,4,3.281
1778532620966,0.088,1.006,-0.291,0.295,-0.007,-0.043,109.797,-4.253,1.095,0.368,4,4,3.955
1778532620980,0.087,1.007,-0.297,0.298,-0.008,-0.044,110.027,-4.136,1.107,0.395,4,4,3.264
1778532620994,0.087,1.008,-0.302,0.302,-0.009,-0.046,110.240,-4.144,1.123,0.420,4,4,3.285
1778532621007,0.085,1.011,-0.307,0.308,-0.011,-0.046,110.340,-3.897,1.154,0.456,4,4,3.268
1778532621020,0.085,1.014,-0.313,0.315,-0.012,-0.048,110.438,-3.972,1.174,0.504,4,4,3.274
1778532621034,0.087,1.018,-0.318,0.323,-0.015,-0.049,110.586,-4.220,1.184,0.560,4,4,3.936
1778532621048,0.089,1.022,-0.324,0.334,-0.018,-0.052,110.687,-4.403,1.201,0.635,4,4,3.263
1778532621061,0.094,1.025,-0.329,0.346,-0.022,-0.057,110.856,-4.860,1.196,0.699,4,4,3.304
1778532621075,0.097,1.027,-0.335,0.360,-0.028,-0.063,111.036,-5.145,1.191,0.766,4,4,3.264
1778532621088,0.096,1.030,-0.340,0.375,-0.034,-0.069,111.193,-5.016,1.185,0.836,4,4,3.269
1778532621101,0.096,1.033,-0.345,0.393,-0.040,-0.076,111.371,-4.990,1.186,0.909,4,4,3.925
1778532621115,0.096,1.035,-0.351,0.413,-0.047,-0.082,111.520,-4.956,1.193,0.988,4,4,3.263
1778532621129,0.093,1.039,-0.355,0.435,-0.054,-0.088,111.602,-4.650,1.207,1.070,4,4,3.275
1778532621142,0.088,1.045,-0.359,0.461,-0.060,-0.094,111.464,-4.082,1.249,1.176,4,4,3.269
1778532621155,0.088,1.054,-0.362,0.491,-0.067,-0.099,111.249,-4.074,1.322,1.316,4,4,3.269
1778532621169,0.089,1.066,-0.365,0.526,-0.074,-0.106,110.959,-4.145,1.406,1.493,4,4,3.943
1778532621183,0.093,1.083,-0.368,0.569,-0.083,-0.113,110.519,-4.356,1.534,1.724,4,4,3.264
1778532621196,0.100,1.104,-0.371,0.619,-0.094,-0.124,110.054,-4.770,1.639,2.006,4,4,3.276
1778532621210,0.105,1.128,-0.375,0.678,-0.105,-0.137,109.600,-5.032,1.735,2.307,4,4,3.276
1778532621223,0.102,1.153,-0.384,0.746,-0.117,-0.153,109.568,-4.658,1.789,2.598,4,4,3.265
1778532621237,0.093,1.174,-0.399,0.811,-0.126,-0.169,110.017,-3.851,1.790,2.590,4,4,4.017
1778532621251,0.078,1.189,-0.420,0.874,-0.131,-0.179,110.941,-2.761,1.768,2.557,4,4,3.275
1778532621264,0.067,1.194,-0.437,0.934,-0.135,-0.186,111.988,-1.900,1.554,2.539,4,4,3.281
1778532621277,0.063,1.189,-0.452,0.992,-0.139,-0.190,113.282,-1.570,1.316,2.531,4,4,3.281
1778532621293,0.061,1.182,-0.467,1.048,-0.143,-0.191,114.647,-1.517,1.311,2.522,4,4,3.334
1778532621306,0.065,1.162,-0.481,1.102,-0.152,-0.187,116.794,-2.108,1.086,2.529,4,4,3.842
1778532621322,0.068,1.126,-0.482,1.147,-0.162,-0.182,119.741,-3.189,0.626,2.342,4,4,5.624
1778532621336,0.075,1.075,-0.472,1.171,-0.175,-0.167,91.793,-6.704,0.333,1.889,4,4,3.258
1778532621349,0.074,1.024,-0.459,1.176,-0.187,-0.158,68.450,-7.674,0.205,1.389,4,4,3.246
1778532621363,0.065,0.967,-0.473,1.172,-0.192,-0.155,46.775,-5.992,0.825,1.139,4,4,3.255
1778532621376,0.051,0.894,-0.457,1.132,-0.189,-0.156,32.927,-3.583,0.761,0.222,4,4,3.913
1778532621392,0.047,0.850,-0.446,1.060,-0.181,-0.163,15.471,-2.197,0.237,0.882,4,4,5.749
1778532621406,0.051,0.813,-0.433,0.974,-0.175,-0.168,30.907,-6.157,0.206,1.300,4,4,3.263
1778532621419,0.057,0.781,-0.420,0.876,-0.172,-0.171,42.096,-10.369,0.258,1.686,4,4,3.263
1778532621436,0.061,0.751,-0.406,0.766,-0.173,-0.167,50.813,-13.660,0.199,2.110,4,4,6.588
1778532621449,0.059,0.735,-0.389,0.648,-0.174,-0.156,54.951,-12.654,0.390,2.410,4,4,3.924
1778532621463,0.054,0.732,-0.375,0.534,-0.173,-0.141,58.877,-10.891,0.663,2.449,4,4,3.287
1778532621477,0.049,0.735,-0.364,0.429,-0.169,-0.124,62.607,-9.541,0.809,2.331,4,4,3.271
1778532621490,0.044,0.734,-0.356,0.332,-0.162,-0.107,66.556,-8.042,0.729,2.215,4,4,3.255
1778532621503,0.039,0.724,-0.348,0.235,-0.151,-0.089,70.710,-6.653,0.549,2.293,4,4,3.277
1778532621517,0.034,0.716,-0.340,0.138,-0.138,-0.073,73.971,-5.408,0.575,2.440,4,4,3.928
1778532621531,0.033,0.713,-0.330,0.040,-0.121,-0.060,76.522,-4.894,0.664,2.533,4,4,3.284
1778532621544,0.035,0.718,-0.322,-0.055,-0.106,-0.047,78.708,-5.029,0.827,2.537,4,4,3.265
1778532621558,0.041,0.729,-0.314,-0.145,-0.092,-0.029,80.601,-5.483,0.995,2.553,4,4,3.264
1778532621571,0.048,0.744,-0.309,-0.233,-0.080,-0.006,82.464,-5.867,1.107,2.582,4,4,3.280
1778532621584,0.053,0.758,-0.305,-0.317,-0.070,0.022,84.332,-6.115,1.109,2.615,5,5,4.085
1778532621599,0.055,0.773,-0.303,-0.398,-0.061,0.052,86.064,-6.041,1.131,2.641,5,5,3.304
1778532621612,0.055,0.796,-0.300,-0.476,-0.050,0.079,87.437,-5.739,1.316,2.630,5,5,3.268
1778532621625,0.057,0.824,-0.298,-0.551,-0.040,0.100,88.664,-5.575,1.471,2.592,5,5,3.267
1778532621639,0.063,0.852,-0.298,-0.623,-0.033,0.117,89.867,-5.683,1.511,2.567,5,5,3.272
1778532621652,0.069,0.880,-0.299,-0.692,-0.031,0.134,91.011,-5.893,1.535,2.558,5,5,3.916
1778532621666,0.074,0.908,-0.301,-0.758,-0.034,0.154,92.127,-5.966,1.573,2.548,5,5,3.283
1778532621679,0.077,0.939,-0.304,-0.819,-0.039,0.172,93.157,-5.855,1.660,2.501,5,5,3.279
1778532621693,0.079,0.968,-0.308,-0.876,-0.046,0.191,94.170,-5.681,1.661,2.462,5,5,3.280
1778532621706,0.079,0.995,-0.313,-0.930,-0.053,0.214,95.201,-5.429,1.637,2.466,5,5,3.285
1778532621720,0.077,1.022,-0.318,-0.980,-0.057,0.240,96.152,-5.006,1.665,2.470,5,5,3.921
1778532621735,0.073,1.051,-0.325,-1.025,-0.057,0.268,97.035,-4.477,1.739,2.410,5,5,4.891
1778532621749,0.068,1.076,-0.333,-1.063,-0.053,0.296,98.044,-3.932,1.719,2.282,5,5,3.272
1778532621762,0.064,1.096,-0.343,-1.096,-0.046,0.321,99.193,-3.518,1.627,2.192,5,5,3.412
1778532621776,0.064,1.112,-0.353,-1.126,-0.039,0.344,100.370,-3.403,1.570,2.123,5,5,3.366
1778532621789,0.067,1.125,-0.365,-1.152,-0.034,0.366,101.602,-3.539,1.546,2.072,5,5,4.025
1778532621804,0.073,1.140,-0.378,-1.173,-0.033,0.387,102.866,-3.852,1.617,1.948,5,5,4.321
1778532621818,0.079,1.153,-0.394,-1.185,-0.038,0.406,104.233,-4.182,1.653,1.758,5,5,3.327
1778532621831,0.080,1.164,-0.412,-1.191,-0.047,0.421,105.723,-4.127,1.607,1.585,5,5,3.271
1778532621845,0.074,1.171,-0.429,-1.190,-0.059,0.431,107.189,-3.559,1.546,1.410,5,5,3.259
1778532621858,0.061,1.178,-0.445,-1.182,-0.070,0.434,108.510,-2.472,1.573,1.167,1,1,3.876
1778532621872,0.045,1.181,-0.461,-1.167,-0.079,0.430,109.822,-1.101,1.510,0.892,1,1,3.264
1778532621885,0.027,1.180,-0.474,-1.146,-0.083,0.421,111.138,0.392,1.447,0.663,1,1,3.250
1778532621899,0.008,1.181,-0.487,-1.121,-0.080,0.407,112.197,1.866,1.467,0.473,1,1,3.269
1778532621912,-0.012,1.181,-0.496,-1.091,-0.070,0.391,112.988,3.415,1.452,0.371,1,1,3.266
1778532621925,-0.031,1.183,-0.503,-1.055,-0.050,0.373,113.453,4.798,1.462,0.470,1,1,3.941
1778532621940,-0.047,1.185,-0.507,-1.011,-0.023,0.354,113.733,5.883,1.415,0.723,1,1,3.268
1778532621954,-0.059,1.184,-0.489,-1.036,0.053,0.317,111.906,6.806,1.209,2.714,1,1,3.361
1778532621968,-0.003,1.151,-0.407,-0.948,0.091,0.286,102.950,2.303,1.898,1.797,1,1,3.506
1778532621981,0.029,1.143,-0.350,-0.844,0.105,0.229,97.581,-0.607,1.496,2.279,1,1,3.271
1778532621996,0.036,1.139,-0.325,-0.740,0.112,0.181,95.778,-1.581,1.089,2.234,1,1,5.171
1778532622010,0.028,1.134,-0.309,-0.645,0.114,0.148,94.990,-0.580,1.044,1.984,1,1,3.272
1778532622023,0.024,1.130,-0.294,-0.560,0.111,0.121,94.346,-0.202,1.056,1.748,1,1,3.261
1778532622038,0.020,1.127,-0.282,-0.474,0.098,0.105,93.959,0.123,1.057,1.786,1,1,3.286
1778532622052,0.019,1.119,-0.275,-0.402,0.086,0.096,94.291,0.166,0.963,1.497,1,1,3.254
1778532622065,0.018,1.113,-0.269,-0.341,0.081,0.091,94.655,0.142,0.985,1.250,1,1,4.024
1778532622079,0.022,1.105,-0.263,-0.289,0.085,0.086,94.942,-0.524,0.949,1.078,1,1,3.266
1778532622092,0.026,1.099,-0.255,-0.245,0.089,0.082,94.925,-1.057,0.976,0.910,1,1,3.279
1778532622106,0.032,1.094,-0.246,-0.206,0.091,0.076,94.789,-1.876,0.991,0.824,1,1,3.393
1778532622119,0.037,1.089,-0.238,-0.171,0.088,0.069,94.652,-2.573,0.995,0.755,1,1,3.325
1778532622134,0.041,1.085,-0.230,-0.137,0.085,0.059,94.586,-2.972,1.001,0.749,1,1,4.845
1778532622148,0.044,1.079,-0.227,-0.109,0.080,0.048,95.056,-3.303,0.974,0.684,1,1,3.281
1778532622162,0.046,1.074,-0.225,-0.083,0.075,0.038,95.513,-3.458,0.994,0.626,1,1,4.155
1778532622175,0.047,1.071,-0.221,-0.061,0.071,0.031,95.724,-3.464,1.014,0.529,1,1,3.264
1778532622189,0.048,1.069,-0.216,-0.041,0.066,0.024,95.726,-3.592,1.018,0.499,1,1,3.269
1778532622204,0.051,1.066,-0.211,-0.022,0.061,0.017,95.807,-3.793,1.031,0.515,1,1,5.779
1778532622218,0.054,1.063,-0.208,-0.004,0.055,0.010,96.007,-4.107,1.010,0.502,1,1,3.265
1778532622232,0.061,1.055,-0.209,0.009,0.046,0.002,96.880,-4.973,0.924,0.432,1,1,3.281
1778532622245,0.064,1.053,-0.207,0.020,0.038,-0.005,97.049,-5.263,1.034,0.408,1,1,3.267
1778532622258,0.059,1.050,-0.207,0.028,0.030,-0.011,97.512,-4.463,1.022,0.343,1,1,3.266
1778532622272,0.060,1.047,-0.207,0.036,0.022,-0.016,97.944,-4.477,0.994,0.329,1,1,3.933
1778532622286,0.059,1.044,-0.207,0.042,0.017,-0.021,98.239,-4.307,1.006,0.284,1,1,3.776
1778532622300,0.060,1.044,-0.205,0.048,0.012,-0.026,98.354,-4.284,1.046,0.283,1,1,3.286
1778532622313,0.061,1.042,-0.205,0.054,0.007,-0.031,98.680,-4.301,1.027,0.301,1,1,3.269
1778532622327,0.061,1.040,-0.206,0.061,0.001,-0.037,99.009,-4.277,1.034,0.331,1,1,4.224
1778532622341,0.065,1.042,-0.207,0.066,-0.002,-0.044,99.332,-4.621,1.104,0.326,1,1,3.921
1778532622355,0.067,1.041,-0.208,0.072,-0.005,-0.054,99.597,-4.736,1.062,0.383,1,1,3.266
1778532622368,0.064,1.042,-0.209,0.077,-0.007,-0.063,99.876,-4.300,1.077,0.372,1,1,3.305
1778532622382,0.065,1.044,-0.208,0.083,-0.008,-0.073,99.871,-4.271,1.114,0.399,1,1,3.264
1778532622396,0.062,1.046,-0.208,0.089,-0.009,-0.083,100.023,-3.824,1.104,0.428,1,1,4.171
1778532622409,0.056,1.050,-0.209,0.098,-0.009,-0.094,100.065,-3.164,1.173,0.494,1,1,3.893
1778532622423,0.053,1.052,-0.210,0.107,-0.007,-0.103,100.268,-2.739,1.123,0.499,1,1,3.262
1778532622437,0.051,1.054,-0.212,0.119,-0.007,-0.105,100.506,-2.569,1.127,0.441,1,1,3.274
1778532622451,0.049,1.057,-0.213,0.131,-0.006,-0.106,100.652,-2.286,1.146,0.465,1,1,3.257
1778532622464,0.045,1.059,-0.214,0.143,-0.004,-0.109,100.829,-1.903,1.131,0.497,1,1,3.274
1778532622477,0.042,1.062,-0.216,0.156,-0.002,-0.111,100.968,-1.619,1.153,0.516,1,1,3.902
1778532622491,0.039,1.065,-0.217,0.169,-0.000,-0.111,101.127,-1.286,1.160,0.537,1,1,3.275
1778532622505,0.037,1.067,-0.220,0.184,0.001,-0.111,101.441,-1.181,1.152,0.563,1,1,3.289
1778532622518,0.037,1.070,-0.223,0.199,0.002,-0.111,101.712,-1.191,1.156,0.607,1,1,3.270
1778532622532,0.036,1.069,-0.227,0.214,0.003,-0.112,102.114,-1.152,1.095,0.622,1,1,3.285
1778532622545,0.034,1.068,-0.230,0.230,0.003,-0.113,102.511,-0.979,1.101,0.648,1,1,3.919
1778532622559,0.032,1.067,-0.234,0.245,0.003,-0.113,102.985,-0.852,1.076,0.664,1,1,3.284
1778532622572,0.029,1.064,-0.238,0.261,0.002,-0.113,103.502,-0.659,1.051,0.670,1,1,3.273
1778532622586,0.028,1.060,-0.244,0.276,0.001,-0.112,104.132,-0.607,1.037,0.675,1,1,3.260
1778532622601,0.028,1.054,-0.249,0.290,-0.001,-0.112,104.893,-0.736,0.995,0.667,1,1,5.164
1778532622615,0.025,1.047,-0.256,0.303,-0.003,-0.112,105.729,-0.318,0.975,0.646,4,4,3.925
1778532622629,0.021,1.040,-0.263,0.314,-0.005,-0.110,106.587,0.052,0.992,0.620,4,4,3.299
1778532622643,0.018,1.035,-0.270,0.325,-0.007,-0.109,107.397,0.252,1.014,0.613,4,4,3.260
1778532622659,0.019,1.030,-0.277,0.335,-0.010,-0.108,108.118,0.078,1.020,0.614,4,4,5.904
1778532622672,0.017,1.024,-0.285,0.345,-0.013,-0.108,108.930,0.147,1.011,0.608,4,4,3.275
1778532622685,0.013,1.019,-0.292,0.354,-0.016,-0.107,109.685,0.519,1.020,0.604,4,4,3.902
1778532622699,0.007,1.016,-0.300,0.362,-0.019,-0.106,110.308,1.180,1.049,0.594,4,4,3.281
1778532622713,0.002,1.013,-0.307,0.371,-0.021,-0.104,110.827,1.601,1.071,0.616,4,4,3.254
1778532622729,-0.002,1.010,-0.314,0.381,-0.023,-0.102,111.388,1.931,1.072,0.643,4,4,5.778
1778532622742,-0.006,1.007,-0.323,0.392,-0.025,-0.100,112.038,2.150,1.063,0.667,4,4,3.275
1778532622755,-0.010,1.002,-0.331,0.402,-0.027,-0.097,112.745,2.475,1.033,0.674,4,4,3.857
1778532622769,-0.014,0.998,-0.339,0.412,-0.028,-0.094,113.478,2.810,1.050,0.677,4,4,3.276
1778532622783,-0.016,0.994,-0.348,0.422,-0.029,-0.091,114.139,2.853,1.069,0.691,4,4,3.249
1778532622796,-0.017,0.993,-0.357,0.433,-0.030,-0.089,114.660,2.768,1.101,0.716,4,4,3.270
1778532622810,-0.017,0.990,-0.365,0.445,-0.032,-0.087,115.211,2.564,1.088,0.749,4,4,3.274
1778532622824,-0.018,0.987,-0.374,0.457,-0.034,-0.086,115.884,2.571,1.070,0.776,4,4,5.241
1778532622842,-0.023,0.983,-0.383,0.470,-0.036,-0.084,116.543,2.948,1.085,0.812,4,4,6.831
1778532622855,-0.026,0.982,-0.392,0.483,-0.037,-0.082,117.017,3.095,1.124,0.845,4,4,3.256
1778532622870,-0.026,0.985,-0.400,0.500,-0.040,-0.081,117.187,2.892,1.211,0.927,4,4,4.851
1778532622884,-0.025,0.994,-0.408,0.520,-0.043,-0.082,117.040,2.624,1.316,1.055,4,4,3.263
1778532622897,-0.019,1.002,-0.416,0.545,-0.047,-0.085,116.993,1.999,1.328,1.218,4,4,4.009
1778532622911,-0.018,1.013,-0.424,0.575,-0.053,-0.091,116.871,1.728,1.371,1.385,4,4,3.257
1778532622925,-0.019,1.029,-0.432,0.611,-0.058,-0.097,116.543,1.723,1.519,1.578,4,4,3.254
1778532622938,-0.020,1.049,-0.441,0.654,-0.063,-0.106,116.287,1.710,1.609,1.817,4,4,3.276
1778532622951,-0.025,1.068,-0.452,0.705,-0.068,-0.115,116.174,1.975,1.647,2.066,4,4,3.249
1778532622965,-0.038,1.079,-0.470,0.760,-0.070,-0.121,116.837,2.893,1.608,2.220,4,4,3.881
1778532622979,-0.051,1.089,-0.486,0.819,-0.069,-0.126,117.396,3.798,1.593,2.356,4,4,3.255
1778532622992,-0.060,1.092,-0.507,0.878,-0.066,-0.129,118.512,4.328,1.531,2.417,4,4,3.433
1778532623006,-0.059,1.094,-0.523,0.935,-0.065,-0.132,119.384,4.108,1.441,2.436,4,4,3.428
1778532623019,-0.056,1.091,-0.537,0.990,-0.065,-0.135,120.338,3.593,1.310,2.427,4,4,3.264
1778532623032,-0.045,1.084,-0.552,1.043,-0.069,-0.132,121.615,2.429,1.299,2.431,4,4,3.935
1778532623046,-0.029,1.067,-0.569,1.092,-0.078,-0.120,123.736,0.741,1.220,2.389,4,4,3.270
1778532623060,-0.015,1.032,-0.582,1.129,-0.093,-0.104,127.415,-1.025,0.932,2.154,4,4,3.267
1778532623073,-0.005,0.980,-0.588,1.147,-0.111,-0.090,99.262,-2.450,0.778,1.739,4,4,3.267
1778532623086,0.003,0.917,-0.589,1.144,-0.131,-0.079,76.211,-3.498,0.786,1.260,4,4,3.261
1778532623100,0.033,0.803,-0.577,1.082,-0.149,-0.059,59.376,-5.238,1.845,0.942,4,4,4.001
1778532623115,0.028,0.759,-0.559,0.979,-0.161,-0.051,41.680,-2.932,0.267,1.768,4,4,3.262
1778532623128,0.035,0.742,-0.529,0.860,-0.171,-0.060,44.346,-5.121,0.421,2.291,4,4,3.275
1778532623141,0.038,0.751,-0.503,0.744,-0.181,-0.063,48.344,-5.262,0.961,2.299,4,4,3.264
1778532623155,0.041,0.761,-0.478,0.640,-0.192,-0.054,52.001,-5.349,0.978,2.128,4,4,3.258
1778532623168,0.042,0.770,-0.458,0.547,-0.200,-0.038,55.700,-5.166,0.967,1.940,4,4,3.963
1778532623182,0.040,0.770,-0.442,0.462,-0.204,-0.027,59.514,-4.632,0.788,1.795,4,4,3.266
1778532623195,0.036,0.763,-0.427,0.379,-0.204,-0.021,63.451,-3.871,0.623,1.800,4,4,3.273
1778532623209,0.034,0.751,-0.414,0.293,-0.200,-0.014,67.304,-3.353,0.506,1.938,4,4,3.267
1778532623222,0.035,0.745,-0.401,0.206,-0.194,-0.001,70.423,-3.456,0.615,2.087,4,4,3.254
1778532623235,0.036,0.745,-0.388,0.121,-0.186,0.019,73.056,-3.580,0.756,2.161,4,4,3.938
1778532623249,0.036,0.746,-0.376,0.037,-0.177,0.042,75.533,-3.499,0.776,2.225,4,4,3.265
1778532623263,0.036,0.750,-0.366,-0.044,-0.166,0.064,77.770,-3.323,0.849,2.263,4,4,3.269
1778532623276,0.035,0.754,-0.357,-0.125,-0.154,0.085,79.979,-3.136,0.861,2.295,4,4,3.262
1778532623290,0.035,0.760,-0.349,-0.205,-0.144,0.108,81.976,-3.088,0.901,2.394,4,4,3.262
1778532623303,0.035,0.771,-0.342,-0.284,-0.134,0.134,83.742,-3.012,1.036,2.477,5,5,4.506
1778532623317,0.033,0.789,-0.337,-0.359,-0.125,0.161,85.413,-2.632,1.207,2.465,5,5,3.256
1778532623335,0.026,0.810,-0.336,-0.428,-0.115,0.190,87.134,-1.888,1.298,2.427,5,5,3.422
1778532623348,0.021,0.830,-0.336,-0.495,-0.104,0.218,88.849,-1.267,1.319,2.424,5,5,3.358
1778532623362,0.016,0.852,-0.337,-0.560,-0.092,0.240,90.399,-0.800,1.386,2.399,5,5,3.385
1778532623375,0.016,0.877,-0.340,-0.621,-0.081,0.258,91.860,-0.801,1.492,2.338,5,5,3.960
1778532623389,0.020,0.905,-0.345,-0.678,-0.075,0.275,93.285,-1.055,1.581,2.266,5,5,3.267
1778532623403,0.024,0.933,-0.353,-0.729,-0.073,0.295,94.758,-1.350,1.641,2.210,5,5,3.325
1778532623416,0.027,0.958,-0.362,-0.777,-0.073,0.318,96.240,-1.540,1.599,2.228,5,5,3.248
1778532623429,0.027,0.980,-0.369,-0.824,-0.073,0.345,97.510,-1.461,1.562,2.282,5,5,3.252
1778532623443,0.021,1.004,-0.376,-0.868,-0.070,0.373,98.640,-0.980,1.615,2.299,5,5,3.812
1778532623457,0.014,1.028,-0.383,-0.907,-0.063,0.402,99.583,-0.435,1.655,2.245,5,5,3.248
1778532623470,0.006,1.049,-0.389,-0.941,-0.051,0.429,100.506,0.175,1.593,2.154,5,5,3.262
1778532623483,-0.000,1.065,-0.394,-0.972,-0.036,0.448,101.406,0.651,1.510,2.064,5,5,3.242
1778532623497,-0.003,1.080,-0.400,-1.002,-0.022,0.463,102.248,0.807,1.509,1.978,5,5,3.246
1778532623510,0.001,1.095,-0.407,-1.027,-0.009,0.473,103.107,0.456,1.521,1.871,5,5,3.911
1778532623528,0.011,1.105,-0.416,-1.047,-0.002,0.484,104.283,-0.456,1.490,1.739,5,5,4.348
1778532623541,0.022,1.111,-0.428,-1.063,-0.001,0.497,105.681,-1.429,1.452,1.723,5,5,3.278
1778532623554,0.025,1.121,-0.440,-1.075,-0.005,0.512,106.846,-1.618,1.504,1.636,5,5,3.265
1778532623570,0.020,1.132,-0.454,-1.075,-0.010,0.524,107.974,-1.134,1.580,1.379,5,5,3.284
1778532623583,0.009,1.137,-0.470,-1.067,-0.014,0.529,109.438,-0.166,1.513,1.087,5,5,3.929
1778532623597,-0.005,1.136,-0.488,-1.055,-0.016,0.524,111.260,1.041,1.444,0.846,5,5,3.309
1778532623611,-0.021,1.135,-0.507,-1.040,-0.015,0.512,112.999,2.282,1.491,0.667,5,5,3.258
1778532623624,-0.034,1.138,-0.528,-1.016,-0.011,0.495,114.481,3.190,1.597,0.429,5,5,3.267
1778532623637,-0.051,1.142,-0.548,-0.985,-0.003,0.477,115.909,4.282,1.619,0.263,5,5,3.262
1778532623651,-0.074,1.143,-0.566,-0.946,0.013,0.455,117.154,5.859,1.626,0.440,1,1,3.875
1778532623666,-0.121,1.186,-0.716,-0.847,0.062,0.399,120.464,6.667,4.679,2.420,1,1,5.113
1778532623680,-0.077,1.189,-0.651,-0.761,0.087,0.339,114.522,3.059,1.729,2.048,1,1,3.273
1778532623694,-0.069,1.188,-0.599,-0.666,0.113,0.288,109.838,2.294,1.290,2.225,1,1,4.087
1778532623708,-0.072,1.182,-0.572,-0.577,0.131,0.252,107.948,2.856,1.042,1.960,1,1,3.332
1778532623721,-0.072,1.182,-0.546,-0.487,0.141,0.224,106.079,2.948,1.186,1.957,1,1,3.923
1778532623736,-0.065,1.176,-0.525,-0.404,0.132,0.205,104.902,2.194,1.061,1.786,1,1,3.285
1778532623750,-0.066,1.168,-0.509,-0.334,0.121,0.193,104.398,2.416,1.006,1.490,1,1,3.261
1778532623763,-0.064,1.159,-0.495,-0.274,0.116,0.188,104.066,2.343,0.977,1.282,1,1,3.282
1778532623777,-0.058,1.148,-0.479,-0.227,0.118,0.183,103.530,1.623,0.936,1.023,1,1,3.263
1778532623790,-0.049,1.139,-0.464,-0.188,0.119,0.175,102.967,0.644,0.951,0.818,1,1,3.944
1778532623805,-0.040,1.130,-0.449,-0.156,0.116,0.164,102.499,-0.288,0.959,0.683,1,1,3.280
1778532623818,-0.031,1.124,-0.434,-0.128,0.111,0.150,101.897,-1.152,1.001,0.643,1,1,3.258
1778532623831,-0.023,1.117,-0.421,-0.101,0.103,0.133,101.500,-1.919,0.998,0.686,1,1,3.280
1778532623845,-0.019,1.111,-0.410,-0.078,0.094,0.116,101.293,-2.114,0.983,0.630,1,1,3.263
1778532623859,-0.015,1.107,-0.397,-0.056,0.086,0.102,100.872,-2.280,1.031,0.596,1,1,4.038
1778532623873,-0.012,1.103,-0.385,-0.036,0.078,0.090,100.425,-2.287,1.037,0.546,1,1,3.311
1778532623886,-0.009,1.100,-0.373,-0.015,0.069,0.079,100.081,-2.400,1.027,0.579,1,1,3.290
1778532623901,-0.004,1.095,-0.363,0.004,0.060,0.068,99.934,-2.728,1.007,0.585,1,1,3.997
1778532623914,-0.007,1.086,-0.363,0.019,0.054,0.057,100.988,-2.129,0.962,0.475,1,1,3.256
1778532623928,-0.007,1.081,-0.358,0.029,0.045,0.048,101.352,-1.801,0.993,0.400,1,1,3.934
1778532623942,-0.009,1.076,-0.352,0.037,0.037,0.039,101.527,-1.375,0.998,0.343,1,1,3.265
1778532623955,-0.008,1.071,-0.347,0.043,0.031,0.033,101.729,-1.303,1.000,0.274,1,1,3.249
1778532623969,-0.008,1.068,-0.341,0.047,0.026,0.028,101.744,-1.188,1.019,0.202,1,1,4.207
1778532623983,-0.007,1.066,-0.335,0.050,0.023,0.026,101.716,-1.164,1.034,0.142,1,1,3.250
1778532623996,-0.006,1.062,-0.330,0.052,0.021,0.025,101.817,-1.090,0.998,0.109,1,1,3.951
1778532624010,-0.003,1.059,-0.325,0.054,0.019,0.023,101.797,-1.318,1.029,0.106,1,1,3.256
1778532624023,-0.000,1.057,-0.320,0.055,0.018,0.020,101.853,-1.510,1.045,0.104,1,1,3.268
1778532624037,0.001,1.055,-0.316,0.056,0.017,0.017,101.905,-1.575,1.031,0.112,1,1,3.281
1778532624050,0.003,1.054,-0.311,0.057,0.016,0.013,101.827,-1.604,1.058,0.122,1,1,3.290
1778532624064,0.004,1.054,-0.306,0.058,0.016,0.008,101.772,-1.646,1.056,0.151,1,1,4.024
1778532624078,0.007,1.053,-0.302,0.060,0.017,0.002,101.671,-1.766,1.069,0.176,1,1,3.268
1778532624091,0.007,1.054,-0.297,0.062,0.018,-0.003,101.570,-1.726,1.082,0.187,1,1,3.285
1778532624105,0.005,1.055,-0.293,0.066,0.019,-0.008,101.494,-1.381,1.091,0.222,1,1,3.268
1778532624118,0.004,1.058,-0.289,0.071,0.021,-0.016,101.303,-1.137,1.155,0.316,1,1,3.266
1778532624131,0.002,1.061,-0.286,0.081,0.025,-0.025,101.317,-0.850,1.143,0.441,1,1,3.923
1778532624147,0.000,1.062,-0.283,0.092,0.029,-0.032,101.365,-0.552,1.116,0.456,1,1,3.273
1778532624162,0.008,1.059,-0.284,0.103,0.030,-0.032,101.857,-1.411,1.043,0.387,1,1,4.108
1778532624175,0.012,1.057,-0.283,0.114,0.032,-0.033,102.070,-1.800,1.063,0.417,1,1,3.265
1778532624188,0.016,1.056,-0.282,0.125,0.032,-0.035,102.305,-2.181,1.065,0.414,1,1,3.266
1778532624203,0.019,1.054,-0.282,0.134,0.032,-0.039,102.622,-2.444,1.048,0.409,1,1,4.161
1778532624217,0.020,1.052,-0.282,0.143,0.031,-0.043,102.921,-2.394,1.045,0.404,1,1,3.279
1778532624230,0.017,1.050,-0.282,0.152,0.030,-0.046,103.218,-1.954,1.044,0.399,1,1,3.338
1778532624244,0.016,1.047,-0.283,0.160,0.030,-0.049,103.589,-1.732,1.048,0.391,1,1,3.263
1778532624257,0.014,1.045,-0.285,0.168,0.029,-0.051,103.966,-1.420,1.041,0.381,1,1,3.267
1778532624270,0.014,1.043,-0.286,0.175,0.028,-0.052,104.266,-1.303,1.042,0.375,1,1,3.924
1778532624284,0.013,1.041,-0.287,0.183,0.027,-0.054,104.562,-1.093,1.054,0.382,1,1,3.265
1778532624298,0.011,1.039,-0.289,0.190,0.026,-0.054,104.983,-0.884,1.045,0.381,1,1,3.285
1778532624311,0.010,1.036,-0.292,0.196,0.025,-0.055,105.398,-0.669,1.037,0.380,1,1,3.274
1778532624325,0.007,1.033,-0.294,0.203,0.024,-0.055,105.818,-0.347,1.036,0.374,1,1,3.287
1778532624338,0.007,1.031,-0.297,0.209,0.023,-0.055,106.252,-0.331,1.046,0.371,1,1,3.953
1778532624352,0.006,1.029,-0.300,0.215,0.022,-0.055,106.670,-0.207,1.041,0.373,1,1,3.258
1778532624367,0.006,1.026,-0.303,0.221,0.020,-0.056,107.052,-0.202,1.046,0.381,1,1,5.110
1778532624381,0.003,1.025,-0.306,0.227,0.018,-0.056,107.370,0.066,1.068,0.389,1,1,3.280
1778532624395,0.001,1.025,-0.310,0.233,0.017,-0.056,107.668,0.285,1.092,0.401,1,1,4.230
1778532624408,-0.001,1.024,-0.313,0.240,0.015,-0.056,107.979,0.500,1.077,0.423,1,1,3.925
1778532624422,-0.001,1.023,-0.317,0.247,0.013,-0.055,108.321,0.517,1.077,0.441,1,1,3.256
1778532624437,-0.003,1.023,-0.321,0.255,0.011,-0.055,108.660,0.661,1.092,0.458,1,1,3.284
1778532624450,-0.005,1.023,-0.324,0.263,0.010,-0.054,108.936,0.804,1.101,0.483,1,1,3.241
1778532624464,-0.006,1.023,-0.329,0.273,0.007,-0.053,109.273,0.850,1.120,0.513,1,1,3.264
1778532624477,-0.006,1.024,-0.333,0.283,0.005,-0.053,109.593,0.834,1.123,0.548,3,3,3.832
1778532624491,-0.007,1.023,-0.338,0.293,0.002,-0.053,109.970,0.903,1.101,0.575,3,3,3.255
1778532624504,-0.009,1.023,-0.342,0.305,0.000,-0.052,110.303,1.051,1.104,0.605,3,3,3.260
1778532624518,-0.011,1.023,-0.346,0.317,-0.002,-0.051,110.545,1.231,1.116,0.644,3,3,3.252
1778532624531,-0.011,1.024,-0.351,0.331,-0.004,-0.050,110.858,1.176,1.133,0.694,3,3,3.263
1778532624545,-0.012,1.025,-0.356,0.346,-0.007,-0.048,111.096,1.181,1.145,0.742,4,4,3.831
1778532624558,-0.013,1.028,-0.360,0.363,-0.009,-0.047,111.222,1.258,1.201,0.813,4,4,3.285
1778532624572,-0.010,1.035,-0.365,0.383,-0.012,-0.048,111.264,0.877,1.274,0.902,4,4,3.272
1778532624585,-0.005,1.043,-0.369,0.406,-0.017,-0.050,111.174,0.356,1.299,1.031,4,4,3.258
1778532624600,-0.002,1.057,-0.371,0.435,-0.024,-0.052,110.771,0.072,1.428,1.184,4,4,4.471
1778532624613,0.002,1.075,-0.373,0.470,-0.030,-0.057,110.330,-0.196,1.535,1.421,4,4,3.829
1778532624628,0.009,1.096,-0.374,0.515,-0.040,-0.064,109.771,-0.722,1.619,1.712,4,4,4.024
1778532624641,0.014,1.116,-0.379,0.567,-0.050,-0.075,109.529,-1.123,1.611,1.989,4,4,3.265
1778532624655,0.015,1.131,-0.388,0.626,-0.062,-0.086,109.791,-1.094,1.575,2.206,4,4,3.253
1778532624670,0.006,1.143,-0.399,0.688,-0.071,-0.097,110.159,-0.358,1.559,2.367,4,4,3.279
1778532624683,-0.003,1.150,-0.420,0.752,-0.078,-0.104,111.507,0.384,1.594,2.437,4,4,3.908
1778532624697,-0.009,1.149,-0.440,0.813,-0.085,-0.111,113.084,0.850,1.421,2.429,4,4,3.288
1778532624711,-0.011,1.143,-0.456,0.868,-0.093,-0.119,114.533,1.030,1.291,2.349,4,4,3.266
1778532624724,-0.011,1.135,-0.471,0.919,-0.100,-0.126,115.929,1.001,1.262,2.279,4,4,3.280
1778532624737,-0.008,1.115,-0.489,0.962,-0.109,-0.132,118.556,0.642,1.113,2.135,4,4,3.364
1778532624751,-0.009,1.079,-0.501,0.992,-0.119,-0.140,122.416,0.740,0.813,1.842,4,4,3.908
1778532624765,-0.007,1.042,-0.504,1.010,-0.129,-0.143,125.600,0.299,0.619,1.522,4,4,3.280
1778532624778,0.003,0.979,-0.481,1.009,-0.140,-0.134,105.305,-2.485,0.454,1.094,4,4,3.264
1778532624792,0.017,0.948,-0.465,0.979,-0.162,-0.113,106.283,-6.851,0.431,0.870,4,4,3.268
1778532624805,0.013,0.911,-0.449,0.929,-0.183,-0.094,108.538,-3.216,0.155,0.927,4,4,3.275
1778532624818,0.005,0.892,-0.429,0.869,-0.199,-0.081,106.849,-1.197,0.512,0.942,4,4,3.911
1778532624832,-0.001,0.886,-0.413,0.810,-0.207,-0.072,105.692,-0.041,0.763,0.857,4,4,3.281
1778532624846,-0.006,0.877,-0.400,0.755,-0.211,-0.063,105.076,0.881,0.709,0.777,4,4,3.328
1778532624862,-0.012,0.863,-0.391,0.698,-0.209,-0.053,105.490,1.945,0.586,0.817,4,4,5.319
1778532624875,-0.016,0.838,-0.383,0.634,-0.203,-0.045,107.268,3.559,0.380,1.042,4,4,3.262
1778532624888,-0.020,0.817,-0.373,0.560,-0.192,-0.037,107.809,4.599,0.412,1.370,4,4,3.935
1778532624906,-0.020,0.807,-0.363,0.481,-0.177,-0.028,107.492,4.350,0.590,1.591,4,4,6.475
1778532624919,-0.018,0.797,-0.353,0.401,-0.160,-0.016,107.150,3.666,0.611,1.719,4,4,3.280
1778532624932,-0.015,0.783,-0.342,0.316,-0.144,-0.000,106.597,2.703,0.475,1.965,4,4,3.276
1778532624946,-0.012,0.775,-0.328,0.225,-0.127,0.019,105.282,1.956,0.604,2.222,4,4,3.262
1778532624959,-0.008,0.777,-0.315,0.134,-0.109,0.039,103.979,1.297,0.840,2.327,4,4,3.905
1778532624977,-0.005,0.785,-0.305,0.046,-0.092,0.060,103.087,0.855,0.959,2.335,4,4,3.272
1778532624991,-0.003,0.794,-0.296,-0.038,-0.074,0.080,102.442,0.568,0.994,2.334,4,4,3.259
1778532625005,-0.001,0.803,-0.289,-0.121,-0.058,0.099,102.018,0.213,1.003,2.377,4,4,3.798
1778532625018,0.002,0.814,-0.284,-0.203,-0.043,0.118,101.789,-0.134,1.068,2.440,4,4,3.255
1778532625031,0.006,0.828,-0.280,-0.285,-0.030,0.135,101.553,-0.521,1.155,2.501,5,5,3.965
1778532625046,0.010,0.846,-0.277,-0.365,-0.018,0.153,101.349,-0.905,1.277,2.530,5,5,3.264
1778532625059,0.015,0.870,-0.276,-0.440,-0.008,0.169,101.249,-1.312,1.414,2.489,5,5,3.260
1778532625072,0.021,0.897,-0.277,-0.510,0.000,0.183,101.239,-1.701,1.529,2.379,5,5,3.267
1778532625088,0.026,0.925,-0.279,-0.572,0.007,0.197,101.350,-2.084,1.568,2.264,5,5,5.093
1778532625101,0.031,0.951,-0.284,-0.628,0.011,0.213,101.613,-2.323,1.586,2.182,5,5,4.314
1778532625117,0.033,0.977,-0.291,-0.679,0.016,0.231,102.046,-2.403,1.614,2.130,5,5,3.278
1778532625131,0.032,1.002,-0.299,-0.726,0.023,0.249,102.552,-2.210,1.608,2.090,5,5,3.290
1778532625144,0.030,1.024,-0.308,-0.771,0.031,0.265,103.089,-1.885,1.596,2.047,5,5,3.267
1778532625157,0.027,1.047,-0.316,-0.811,0.041,0.278,103.504,-1.587,1.623,1.980,5,5,3.261
1778532625171,0.028,1.069,-0.323,-0.846,0.050,0.288,103.885,-1.600,1.628,1.857,5,5,3.963
1778532625185,0.031,1.088,-0.330,-0.875,0.055,0.296,104.202,-1.775,1.580,1.716,5,5,3.269
1778532625198,0.033,1.103,-0.336,-0.899,0.058,0.306,104.567,-1.954,1.503,1.629,5,5,3.280
1778532625211,0.037,1.115,-0.341,-0.920,0.060,0.317,104.959,-2.164,1.449,1.598,5,5,3.263
1778532625225,0.039,1.119,-0.347,-0.941,0.060,0.331,105.574,-2.330,1.308,1.640,5,5,3.263
1778532625238,0.042,1.123,-0.351,-0.962,0.061,0.345,106.017,-2.551,1.300,1.672,5,5,3.933
1778532625252,0.044,1.130,-0.357,-0.980,0.060,0.359,106.493,-2.690,1.365,1.616,5,5,3.299
1778532625266,0.046,1.136,-0.363,-0.994,0.056,0.370,106.935,-2.790,1.372,1.495,5,5,3.272
1778532625279,0.047,1.138,-0.369,-1.004,0.051,0.378,107.467,-2.850,1.271,1.395,5,5,3.275
1778532625292,0.048,1.139,-0.372,-1.012,0.042,0.383,107.785,-2.882,1.240,1.332,5,5,3.258
1778532625306,0.048,1.142,-0.374,-1.015,0.032,0.386,107.952,-2.816,1.279,1.214,1,1,3.930
1778532625320,0.048,1.144,-0.375,-1.013,0.020,0.386,108.012,-2.732,1.256,1.083,1,1,3.262
1778532625333,0.045,1.140,-0.374,-1.008,0.007,0.385,107.981,-2.384,1.120,1.017,1,1,3.307
1778532625347,0.040,1.133,-0.370,-1.006,-0.005,0.383,107.793,-1.743,1.006,1.038,1,1,3.270
1778532625360,0.035,1.132,-0.364,-1.002,-0.014,0.377,107.290,-1.210,1.143,0.967,1,1,3.262
1778532625373,0.031,1.132,-0.360,-0.993,-0.023,0.368,106.868,-0.896,1.171,0.799,1,1,3.924
1778532625387,0.027,1.130,-0.356,-0.980,-0.029,0.355,106.640,-0.418,1.119,0.675,1,1,3.258
1778532625401,0.019,1.124,-0.354,-0.966,-0.033,0.342,106.651,0.360,1.056,0.624,1,1,3.268
1778532625414,0.008,1.127,-0.353,-0.949,-0.032,0.328,106.550,1.319,1.254,0.515,1,1,3.261
1778532625431,-0.004,1.131,-0.356,-0.923,-0.026,0.311,106.823,2.292,1.319,0.292,1,1,3.281
1778532625445,-0.018,1.132,-0.362,-0.891,-0.015,0.293,107.414,3.473,1.297,0.332,1,1,4.691
1778532625459,-0.035,1.138,-0.370,-0.855,0.002,0.273,107.980,4.688,1.437,0.522,1,1,3.281
1778532625474,-0.049,1.145,-0.378,-0.810,0.025,0.252,108.468,5.650,1.447,0.762,1,1,5.220
1778532625488,0.002,1.129,-0.269,-0.748,0.041,0.230,100.082,2.602,2.512,1.046,1,1,3.396
1778532625502,0.029,1.124,-0.205,-0.661,0.047,0.190,94.404,0.326,1.704,1.824,1,1,4.027
1778532625515,0.024,1.116,-0.189,-0.570,0.051,0.157,93.080,0.712,0.962,1.930,1,1,3.967
1778532625532,0.016,1.106,-0.174,-0.486,0.062,0.145,91.835,1.703,0.908,1.734,1,1,5.912
1778532625545,0.018,1.097,-0.160,-0.416,0.072,0.132,90.779,1.046,0.915,1.455,1,1,3.280
1778532625559,0.024,1.093,-0.144,-0.342,0.074,0.119,89.606,0.239,1.035,1.589,1,1,3.254
1778532625572,0.028,1.087,-0.137,-0.275,0.075,0.108,89.601,-0.465,0.969,1.483,1,1,3.268
1778532625585,0.030,1.084,-0.129,-0.215,0.077,0.096,89.419,-0.845,1.019,1.374,1,1,3.857
1778532625600,0.030,1.078,-0.124,-0.163,0.080,0.086,89.578,-0.962,0.957,1.217,1,1,3.301
1778532625613,0.034,1.075,-0.119,-0.117,0.085,0.078,89.610,-1.444,1.000,1.101,1,1,3.321
1778532625626,0.035,1.072,-0.112,-0.075,0.091,0.071,89.447,-1.717,1.017,1.057,1,1,3.269
1778532625640,0.039,1.067,-0.109,-0.037,0.094,0.065,89.672,-2.244,0.969,0.962,1,1,3.297
1778532625653,0.042,1.063,-0.106,-0.005,0.095,0.059,89.933,-2.643,0.979,0.848,1,1,3.911
1778532625668,0.045,1.060,-0.103,0.024,0.094,0.055,90.241,-2.930,0.996,0.770,1,1,3.325
1778532625682,0.048,1.057,-0.101,0.049,0.093,0.051,90.518,-3.333,0.997,0.703,1,1,3.296
1778532625695,0.051,1.053,-0.100,0.071,0.090,0.048,90.823,-3.615,0.982,0.635,1,1,3.245
1778532625708,0.054,1.051,-0.097,0.092,0.087,0.044,90.976,-3.930,1.011,0.643,1,1,3.288
1778532625722,0.057,1.047,-0.096,0.111,0.084,0.040,91.298,-4.188,0.979,0.617,1,1,3.886
1778532625736,0.058,1.044,-0.097,0.129,0.083,0.036,91.859,-4.325,0.985,0.602,1,1,3.270
1778532625749,0.060,1.040,-0.101,0.143,0.080,0.032,92.733,-4.489,0.976,0.510,1,1,3.276
1778532625764,0.061,1.038,-0.104,0.153,0.078,0.028,93.353,-4.531,1.000,0.416,1,1,5.091
1778532625778,0.064,1.035,-0.106,0.160,0.074,0.023,93.854,-4.760,0.991,0.363,1,1,3.312
1778532625791,0.065,1.033,-0.106,0.165,0.071,0.019,94.170,-4.814,1.017,0.317,1,1,3.883
1778532625805,0.067,1.033,-0.108,0.171,0.067,0.014,94.523,-4.972,1.033,0.349,1,1,3.278
1778532625819,0.070,1.032,-0.108,0.177,0.062,0.008,94.718,-5.104,1.034,0.376,1,1,3.257
1778532625832,0.071,1.031,-0.109,0.183,0.057,0.001,94.982,-5.120,1.014,0.374,1,1,3.271
1778532625847,0.073,1.029,-0.112,0.189,0.050,-0.007,95.412,-5.269,1.014,0.427,1,1,3.269
1778532625860,0.071,1.026,-0.115,0.192,0.043,-0.014,95.947,-4.965,0.984,0.365,1,1,3.905
1778532625877,0.071,1.026,-0.119,0.194,0.038,-0.021,96.404,-4.870,1.033,0.318,1,1,6.037
1778532625890,0.071,1.028,-0.119,0.196,0.031,-0.027,96.414,-4.803,1.083,0.342,1,1,3.252
1778532625903,0.069,1.026,-0.122,0.197,0.025,-0.033,96.798,-4.474,1.011,0.326,1,1,3.277
1778532625917,0.067,1.025,-0.125,0.197,0.020,-0.037,97.283,-4.122,1.011,0.264,1,1,3.265
1778532625930,0.062,1.025,-0.128,0.196,0.018,-0.038,97.512,-3.534,1.048,0.195,1,1,3.950
1778532625945,0.062,1.025,-0.132,0.196,0.016,-0.039,97.992,-3.454,1.040,0.206,1,1,3.499
1778532625958,0.059,1.023,-0.135,0.195,0.015,-0.038,98.354,-3.076,1.016,0.175,1,1,3.269
1778532625971,0.061,1.025,-0.137,0.195,0.014,-0.039,98.490,-3.309,1.077,0.210,1,1,3.405
1778532625985,0.061,1.026,-0.141,0.195,0.013,-0.044,98.780,-3.356,1.075,0.246,1,1,3.365
1778532625999,0.060,1.030,-0.143,0.196,0.013,-0.050,98.857,-3.269,1.134,0.310,1,1,5.019
1778532626013,0.060,1.032,-0.146,0.200,0.014,-0.059,99.049,-3.229,1.107,0.410,1,1,3.266
1778532626027,0.058,1.034,-0.150,0.204,0.014,-0.067,99.381,-3.003,1.089,0.419,1,1,3.259
1778532626041,0.056,1.036,-0.153,0.209,0.015,-0.074,99.657,-2.725,1.119,0.417,1,1,4.308
1778532626055,0.056,1.039,-0.156,0.215,0.015,-0.074,99.727,-2.798,1.126,0.382,1,1,3.246
1778532626068,0.055,1.040,-0.159,0.221,0.015,-0.074,100.027,-2.691,1.072,0.385,1,1,3.944
1778532626082,0.053,1.039,-0.164,0.227,0.015,-0.073,100.428,-2.399,1.050,0.392,1,1,3.255
1778532626097,0.051,1.037,-0.168,0.233,0.016,-0.073,100.895,-2.242,1.037,0.385,1,1,5.240
1778532626111,0.050,1.035,-0.173,0.237,0.017,-0.073,101.318,-2.136,1.033,0.372,1,1,3.249
1778532626124,0.047,1.033,-0.178,0.242,0.018,-0.072,101.800,-1.946,1.040,0.361,1,1,3.254
1778532626138,0.047,1.032,-0.183,0.246,0.019,-0.071,102.255,-1.942,1.034,0.351,1,1,4.099
1778532626152,0.045,1.031,-0.188,0.249,0.020,-0.069,102.619,-1.813,1.066,0.354,1,1,3.279
1778532626165,0.044,1.032,-0.193,0.254,0.020,-0.067,102.905,-1.711,1.098,0.370,1,1,3.265
1778532626179,0.044,1.033,-0.198,0.259,0.020,-0.065,103.233,-1.721,1.097,0.389,1,1,3.265
1778532626192,0.042,1.032,-0.203,0.264,0.020,-0.062,103.623,-1.591,1.064,0.400,1,1,3.267
1778532626208,0.040,1.031,-0.209,0.269,0.020,-0.059,104.060,-1.375,1.063,0.407,4,4,6.490
1778532626222,0.039,1.030,-0.215,0.275,0.020,-0.056,104.496,-1.383,1.061,0.410,4,4,3.256
1778532626235,0.038,1.030,-0.220,0.280,0.020,-0.053,104.871,-1.280,1.069,0.413,4,4,3.261
1778532626249,0.038,1.030,-0.225,0.285,0.020,-0.049,105.198,-1.341,1.088,0.429,4,4,3.280
1778532626262,0.038,1.030,-0.231,0.291,0.018,-0.047,105.544,-1.492,1.088,0.448,4,4,3.260
1778532626277,0.038,1.030,-0.236,0.298,0.017,-0.044,105.871,-1.485,1.100,0.474,3,3,3.928
1778532626291,0.038,1.030,-0.242,0.305,0.015,-0.042,106.258,-1.561,1.093,0.496,3,3,3.265
1778532626307,0.037,1.030,-0.248,0.313,0.013,-0.040,106.647,-1.517,1.095,0.517,3,3,5.796
1778532626321,0.037,1.030,-0.255,0.322,0.011,-0.038,107.032,-1.506,1.107,0.551,3,3,3.271
1778532626334,0.036,1.031,-0.261,0.331,0.009,-0.035,107.344,-1.489,1.135,0.587,3,3,3.278
1778532626348,0.037,1.032,-0.267,0.342,0.006,-0.034,107.720,-1.626,1.118,0.633,3,3,4.428
1778532626362,0.037,1.033,-0.273,0.355,0.003,-0.033,108.061,-1.643,1.132,0.678,3,3,3.281
1778532626375,0.037,1.033,-0.280,0.368,-0.000,-0.032,108.444,-1.692,1.132,0.720,3,3,3.274
1778532626389,0.034,1.035,-0.287,0.383,-0.003,-0.030,108.778,-1.291,1.152,0.768,3,3,3.271
1778532626402,0.031,1.038,-0.292,0.400,-0.006,-0.027,108.962,-1.073,1.192,0.847,3,3,3.276
1778532626416,0.030,1.042,-0.298,0.419,-0.009,-0.024,109.146,-1.023,1.188,0.920,4,4,3.914
1778532626430,0.029,1.044,-0.305,0.441,-0.012,-0.021,109.429,-0.945,1.196,1.009,4,4,3.271
1778532626443,0.029,1.048,-0.311,0.465,-0.016,-0.019,109.603,-0.914,1.213,1.099,4,4,3.275
1778532626456,0.031,1.055,-0.316,0.492,-0.021,-0.017,109.601,-1.171,1.269,1.206,4,4,3.268
1778532626471,0.034,1.063,-0.320,0.523,-0.026,-0.017,109.519,-1.509,1.328,1.349,4,4,4.443
1778532626484,0.039,1.074,-0.325,0.560,-0.032,-0.019,109.419,-1.976,1.383,1.533,4,4,3.994
1778532626500,0.043,1.090,-0.329,0.605,-0.039,-0.023,109.060,-2.225,1.512,1.789,4,4,5.259
1778532626514,0.048,1.108,-0.335,0.658,-0.046,-0.031,108.889,-2.564,1.571,2.048,4,4,3.275
1778532626527,0.052,1.125,-0.344,0.717,-0.053,-0.043,108.985,-2.770,1.591,2.305,4,4,3.283
1778532626541,0.047,1.138,-0.357,0.782,-0.059,-0.057,109.453,-2.302,1.577,2.510,4,4,3.257
1778532626554,0.033,1.148,-0.374,0.846,-0.061,-0.074,110.354,-1.152,1.582,2.554,4,4,3.807
1778532626568,0.027,1.148,-0.395,0.907,-0.060,-0.091,111.926,-0.613,1.417,2.557,4,4,3.247
1778532626581,0.025,1.144,-0.412,0.966,-0.060,-0.107,113.304,-0.536,1.316,2.557,4,4,3.244
1778532626595,0.030,1.138,-0.428,1.023,-0.061,-0.120,114.679,-1.021,1.282,2.545,4,4,3.253
1778532626608,0.034,1.128,-0.445,1.078,-0.063,-0.129,116.346,-1.504,1.230,2.528,4,4,3.255
1778532626621,0.043,1.113,-0.464,1.131,-0.069,-0.130,118.412,-2.462,1.200,2.514,4,4,3.795
1778532626635,0.052,1.084,-0.477,1.174,-0.078,-0.122,121.357,-3.728,0.921,2.310,4,4,3.293
1778532626649,0.062,1.046,-0.482,1.205,-0.091,-0.106,124.939,-5.609,0.698,2.087,4,4,3.257
1778532626665,0.070,1.003,-0.481,1.221,-0.107,-0.086,129.572,-7.726,0.518,1.761,4,4,6.779
1778532626679,0.091,0.903,-0.436,1.204,-0.129,-0.057,110.863,-9.066,1.496,1.251,4,4,3.266
1778532626695,0.086,0.841,-0.437,1.153,-0.155,-0.038,87.776,-8.014,0.681,0.948,4,4,6.506
1778532626709,0.075,0.784,-0.422,1.059,-0.173,-0.041,69.839,-5.426,0.506,1.531,4,4,3.265
1778532626722,0.065,0.755,-0.410,0.946,-0.188,-0.049,76.526,-1.045,0.249,2.065,4,4,3.257
1778532626737,0.058,0.744,-0.394,0.830,-0.201,-0.053,78.434,0.025,0.509,2.257,4,4,5.186
1778532626751,0.052,0.747,-0.381,0.721,-0.213,-0.049,80.062,0.488,0.827,2.179,4,4,3.249
1778532626765,0.046,0.755,-0.370,0.625,-0.221,-0.037,81.835,1.038,0.936,1.952,4,4,4.592
1778532626779,0.039,0.758,-0.363,0.540,-0.224,-0.022,83.938,1.648,0.870,1.719,4,4,3.259
1778532626792,0.032,0.753,-0.358,0.461,-0.223,-0.008,86.483,2.451,0.684,1.640,4,4,3.255
1778532626807,0.027,0.740,-0.352,0.380,-0.215,-0.000,89.328,3.132,0.516,1.729,4,4,3.315
1778532626820,0.025,0.725,-0.346,0.293,-0.204,0.004,92.046,3.092,0.459,1.964,4,4,3.269
1778532626833,0.026,0.719,-0.338,0.202,-0.193,0.009,93.379,2.187,0.613,2.169,4,4,4.063
1778532626848,0.031,0.722,-0.330,0.112,-0.182,0.023,94.069,1.076,0.812,2.269,4,4,3.272
1778532626861,0.035,0.728,-0.324,0.024,-0.171,0.043,94.922,0.231,0.880,2.332,4,4,3.268
1778532626875,0.035,0.735,-0.320,-0.061,-0.159,0.069,95.809,-0.005,0.928,2.389,4,4,3.270
1778532626888,0.032,0.743,-0.318,-0.143,-0.145,0.096,96.863,0.253,0.968,2.437,4,4,3.260
1778532626901,0.026,0.751,-0.317,-0.226,-0.128,0.118,97.906,0.776,0.972,2.480,5,5,4.038
1778532626915,0.022,0.761,-0.315,-0.309,-0.109,0.132,98.672,1.066,1.017,2.553,5,5,3.272
1778532626930,0.023,0.777,-0.313,-0.391,-0.092,0.144,99.068,0.785,1.161,2.568,5,5,4.775
1778532626944,0.027,0.800,-0.310,-0.469,-0.077,0.157,99.217,0.200,1.325,2.563,5,5,3.283
1778532626957,0.033,0.823,-0.308,-0.541,-0.067,0.173,99.402,-0.440,1.363,2.508,5,5,3.281
1778532626971,0.038,0.844,-0.306,-0.612,-0.060,0.191,99.598,-1.019,1.337,2.524,5,5,4.106
1778532626985,0.041,0.869,-0.304,-0.680,-0.055,0.208,99.662,-1.380,1.436,2.546,5,5,3.261
1778532626998,0.045,0.898,-0.303,-0.744,-0.051,0.225,99.745,-1.661,1.583,2.495,5,5,3.274
1778532627012,0.047,0.929,-0.304,-0.802,-0.048,0.243,99.911,-1.807,1.623,2.426,5,5,3.307
1778532627025,0.048,0.954,-0.306,-0.858,-0.044,0.265,100.209,-1.920,1.545,2.442,5,5,3.314
1778532627039,0.047,0.975,-0.305,-0.915,-0.040,0.288,100.345,-1.823,1.466,2.562,5,5,3.878
1778532627053,0.044,1.002,-0.304,-0.972,-0.034,0.309,100.293,-1.534,1.631,2.582,5,5,3.270
1778532627066,0.042,1.037,-0.306,-1.020,-0.026,0.325,100.328,-1.420,1.816,2.413,5,5,3.255
1778532627079,0.043,1.069,-0.311,-1.059,-0.019,0.340,100.662,-1.494,1.823,2.195,5,5,3.246
1778532627093,0.048,1.092,-0.321,-1.091,-0.015,0.353,101.395,-1.828,1.695,2.058,5,5,3.241
1778532627106,0.055,1.111,-0.333,-1.120,-0.014,0.365,102.332,-2.355,1.655,1.979,5,5,3.840
1778532627120,0.064,1.125,-0.346,-1.146,-0.018,0.378,103.440,-2.979,1.592,1.955,5,5,3.244
1778532627133,0.070,1.143,-0.361,-1.165,-0.027,0.393,104.438,-3.362,1.675,1.851,5,5,3.252
1778532627147,0.070,1.157,-0.377,-1.176,-0.040,0.406,105.565,-3.296,1.645,1.682,5,5,3.266
1778532627160,0.063,1.167,-0.393,-1.180,-0.054,0.416,106.806,-2.702,1.577,1.507,5,5,3.281
1778532627174,0.054,1.176,-0.410,-1.177,-0.069,0.418,107.999,-1.954,1.596,1.281,5,5,3.888
1778532627188,0.045,1.185,-0.428,-1.165,-0.084,0.414,109.248,-1.210,1.611,1.025,5,5,3.277
1778532627201,0.032,1.188,-0.448,-1.146,-0.099,0.406,110.760,-0.222,1.565,0.830,5,5,3.344
1778532627215,0.013,1.187,-0.467,-1.123,-0.109,0.394,112.304,1.287,1.499,0.652,5,5,3.269
1778532627228,-0.012,1.189,-0.481,-1.094,-0.111,0.378,113.300,3.122,1.561,0.390,5,5,3.263
1778532627242,-0.036,1.189,-0.491,-1.060,-0.101,0.358,113.984,4.983,1.495,0.293,1,1,4.332
1778532627256,-0.058,1.190,-0.496,-1.022,-0.081,0.335,114.232,6.522,1.461,0.518,1,1,3.257
1778532627269,-0.072,1.189,-0.498,-0.978,-0.052,0.315,114.304,7.506,1.346,0.753,1,1,3.267
1778532627283,-0.083,1.193,-0.494,-0.979,0.005,0.294,113.707,8.047,1.388,1.790,1,1,3.252
1778532627298,-0.065,1.170,-0.397,-0.915,0.044,0.269,104.898,6.337,1.877,1.357,1,1,5.728
1778532627312,-0.045,1.162,-0.346,-0.823,0.073,0.231,99.813,4.043,1.317,1.919,1,1,3.879
1778532627327,-0.054,1.148,-0.329,-0.736,0.104,0.210,98.626,5.165,0.885,1.791,1,1,4.850
1778532627341,-0.055,1.141,-0.306,-0.652,0.137,0.207,96.729,5.100,0.996,1.830,1,1,3.289
1778532627354,-0.045,1.135,-0.285,-0.574,0.158,0.206,95.203,3.748,1.028,1.630,1,1,3.276
1778532627367,-0.033,1.133,-0.264,-0.496,0.165,0.203,93.758,2.255,1.151,1.588,1,1,3.275
1778532627381,-0.020,1.127,-0.251,-0.422,0.159,0.196,93.127,0.698,1.013,1.498,1,1,3.991
1778532627395,-0.010,1.121,-0.240,-0.355,0.149,0.186,92.813,-0.544,1.014,1.377,1,1,3.270
1778532627408,-0.003,1.114,-0.232,-0.297,0.141,0.173,92.927,-1.292,0.970,1.226,1,1,3.274
1778532627422,0.003,1.108,-0.223,-0.246,0.139,0.159,92.775,-1.928,0.996,1.116,1,1,3.261
1778532627435,0.007,1.102,-0.216,-0.199,0.145,0.145,92.852,-2.332,0.980,1.067,1,1,3.284
1778532627449,0.012,1.097,-0.208,-0.158,0.147,0.133,92.827,-2.746,0.994,0.942,1,1,3.924
1778532627463,0.016,1.092,-0.203,-0.122,0.145,0.121,93.000,-3.059,1.001,0.859,1,1,3.313
1778532627476,0.018,1.087,-0.197,-0.090,0.141,0.112,93.114,-3.113,0.983,0.747,1,1,3.301
1778532627489,0.021,1.083,-0.192,-0.061,0.139,0.104,93.305,-3.266,0.992,0.706,1,1,3.264
1778532627503,0.024,1.079,-0.188,-0.035,0.137,0.097,93.540,-3.454,0.999,0.652,1,1,3.278
1778532627516,0.028,1.075,-0.185,-0.011,0.132,0.088,93.771,-3.811,1.000,0.631,1,1,3.928
1778532627530,0.031,1.070,-0.183,0.012,0.127,0.080,94.257,-3.902,0.982,0.610,1,1,3.282
1778532627546,0.034,1.066,-0.183,0.031,0.122,0.071,94.839,-4.137,0.986,0.555,1,1,5.443
1778532627560,0.036,1.062,-0.182,0.047,0.115,0.063,95.299,-4.208,0.997,0.472,1,1,4.500
1778532627578,0.039,1.060,-0.181,0.059,0.108,0.054,95.612,-4.364,1.028,0.432,1,1,3.273
1778532627591,0.041,1.057,-0.180,0.071,0.100,0.045,95.983,-4.383,1.021,0.432,1,1,3.898
1778532627609,0.044,1.054,-0.180,0.081,0.092,0.035,96.310,-4.545,1.017,0.429,1,1,6.909
1778532627622,0.045,1.052,-0.179,0.089,0.084,0.025,96.563,-4.510,1.020,0.400,1,1,3.254
1778532627636,0.043,1.047,-0.184,0.096,0.075,0.017,97.586,-4.083,0.979,0.370,1,1,3.262
1778532627649,0.043,1.046,-0.183,0.099,0.067,0.011,97.709,-3.851,1.037,0.280,1,1,3.264
1778532627662,0.044,1.044,-0.183,0.103,0.059,0.004,97.979,-3.857,1.012,0.298,1,1,3.973
1778532627676,0.044,1.042,-0.184,0.104,0.051,-0.002,98.303,-3.759,1.027,0.257,1,1,3.261
1778532627690,0.044,1.040,-0.184,0.105,0.045,-0.007,98.611,-3.632,1.024,0.230,1,1,3.258
1778532627704,0.042,1.039,-0.185,0.106,0.040,-0.011,98.808,-3.287,1.034,0.184,1,1,4.034
1778532627717,0.041,1.038,-0.185,0.107,0.036,-0.014,98.963,-3.001,1.032,0.179,1,1,3.271
1778532627731,0.040,1.038,-0.186,0.108,0.032,-0.017,99.175,-2.853,1.044,0.179,1,1,3.994
1778532627745,0.039,1.037,-0.186,0.109,0.029,-0.020,99.320,-2.668,1.034,0.165,1,1,3.266
1778532627758,0.039,1.035,-0.187,0.109,0.026,-0.023,99.568,-2.576,1.022,0.161,1,1,3.265
1778532627775,0.037,1.034,-0.188,0.109,0.024,-0.025,99.748,-2.382,1.041,0.149,1,1,3.263
1778532627788,0.037,1.033,-0.189,0.109,0.023,-0.027,99.929,-2.306,1.024,0.141,1,1,3.254
1778532627803,0.035,1.032,-0.190,0.109,0.022,-0.029,100.095,-2.087,1.022,0.121,1,1,5.595
1778532627817,0.034,1.031,-0.191,0.109,0.020,-0.030,100.286,-1.877,1.043,0.128,1,1,3.250
1778532627830,0.031,1.028,-0.193,0.109,0.020,-0.030,100.612,-1.602,0.998,0.101,1,1,3.271
1778532627844,0.031,1.028,-0.194,0.109,0.019,-0.030,100.783,-1.509,1.048,0.115,1,1,3.289
1778532627857,0.030,1.030,-0.195,0.109,0.019,-0.031,100.771,-1.478,1.096,0.133,1,1,3.271
1778532627871,0.028,1.030,-0.196,0.112,0.018,-0.035,100.956,-1.272,1.056,0.228,1,1,4.146
1778532627885,0.021,1.037,-0.197,0.117,0.020,-0.040,100.843,-0.532,1.199,0.320,1,1,3.260
1778532627898,0.019,1.039,-0.198,0.124,0.021,-0.045,100.953,-0.346,1.122,0.338,1,1,3.270
1778532627912,0.017,1.046,-0.200,0.131,0.021,-0.042,101.007,-0.228,1.220,0.327,1,1,3.256
1778532627925,0.019,1.048,-0.202,0.140,0.021,-0.040,101.205,-0.450,1.112,0.362,1,1,3.265
1778532627938,0.019,1.048,-0.205,0.148,0.022,-0.039,101.457,-0.489,1.091,0.374,1,1,3.916
1778532627952,0.018,1.049,-0.207,0.157,0.023,-0.039,101.663,-0.449,1.107,0.383,1,1,3.250
1778532627967,0.018,1.049,-0.210,0.165,0.023,-0.040,101.951,-0.460,1.086,0.391,1,1,5.114
1778532627981,0.017,1.049,-0.213,0.174,0.024,-0.039,102.221,-0.404,1.078,0.403,1,1,3.257
1778532627995,0.014,1.049,-0.216,0.183,0.025,-0.038,102.502,-0.147,1.082,0.411,1,1,4.026
1778532628008,0.012,1.050,-0.220,0.192,0.025,-0.035,102.785,-0.015,1.104,0.440,3,3,3.872
1778532628022,0.013,1.050,-0.223,0.202,0.026,-0.034,103.024,-0.086,1.098,0.456,3,3,3.250
1778532628037,0.014,1.050,-0.226,0.212,0.026,-0.033,103.338,-0.312,1.096,0.473,3,3,3.287
1778532628051,0.017,1.050,-0.231,0.222,0.025,-0.033,103.728,-0.689,1.099,0.490,3,3,3.315
1778532628064,0.019,1.050,-0.235,0.232,0.024,-0.034,104.098,-0.936,1.098,0.503,3,3,3.327
1778532628078,0.021,1.050,-0.240,0.243,0.022,-0.036,104.470,-1.112,1.103,0.523,3,3,4.812
1778532628093,0.022,1.049,-0.245,0.254,0.020,-0.038,104.847,-1.275,1.102,0.549,3,3,3.284
1778532628106,0.019,1.049,-0.250,0.265,0.018,-0.039,105.241,-0.885,1.096,0.563,3,3,3.311
1778532628119,0.015,1.049,-0.255,0.277,0.016,-0.039,105.592,-0.510,1.123,0.594,3,3,3.293
1778532628135,0.012,1.050,-0.259,0.291,0.014,-0.038,105.833,-0.180,1.119,0.636,3,3,5.199
1778532628148,0.011,1.050,-0.264,0.305,0.013,-0.035,106.228,-0.110,1.122,0.679,3,3,3.843
1778532628163,0.011,1.050,-0.269,0.321,0.010,-0.033,106.566,-0.102,1.123,0.729,3,3,4.166
1778532628176,0.008,1.050,-0.275,0.337,0.008,-0.030,106.977,0.111,1.118,0.772,3,3,3.267
1778532628190,0.007,1.050,-0.280,0.355,0.006,-0.028,107.362,0.228,1.126,0.815,3,3,3.245
1778532628203,0.005,1.051,-0.287,0.374,0.003,-0.025,107.750,0.332,1.153,0.869,3,3,3.258
1778532628217,0.005,1.054,-0.292,0.395,0.001,-0.023,108.032,0.334,1.193,0.938,3,3,3.886
1778532628231,0.005,1.058,-0.298,0.418,-0.001,-0.020,108.246,0.212,1.215,1.028,3,3,3.258
1778532628244,0.007,1.064,-0.303,0.445,-0.006,-0.018,108.268,0.025,1.273,1.145,3,3,3.295
1778532628258,0.014,1.072,-0.307,0.475,-0.012,-0.017,108.218,-0.633,1.323,1.279,3,3,3.296
1778532628271,0.020,1.082,-0.312,0.511,-0.019,-0.018,108.155,-1.230,1.371,1.441,3,3,3.333
1778532628284,0.028,1.094,-0.314,0.551,-0.028,-0.021,107.894,-1.907,1.418,1.630,4,4,3.911
1778532628300,0.030,1.109,-0.315,0.599,-0.039,-0.027,107.462,-2.007,1.487,1.874,4,4,5.036
1778532628314,0.033,1.126,-0.317,0.656,-0.049,-0.036,107.038,-2.170,1.542,2.178,4,4,3.251
1778532628327,0.034,1.138,-0.323,0.720,-0.058,-0.049,107.126,-2.130,1.459,2.432,4,4,3.278
1778532628340,0.028,1.142,-0.331,0.786,-0.066,-0.063,107.659,-1.559,1.348,2.555,4,4,3.261
1778532628354,0.011,1.137,-0.348,0.850,-0.070,-0.079,109.297,0.189,1.301,2.556,4,4,3.914
1778532628368,-0.008,1.126,-0.370,0.911,-0.067,-0.094,111.674,1.945,1.302,2.546,4,4,3.284
1778532628381,-0.019,1.108,-0.393,0.970,-0.063,-0.107,114.494,2.959,1.180,2.539,4,4,3.264
1778532628394,-0.021,1.089,-0.414,1.022,-0.059,-0.117,117.113,3.050,1.109,2.417,4,4,3.263
1778532628408,-0.021,1.071,-0.437,1.069,-0.056,-0.127,119.682,2.813,1.140,2.307,4,4,3.262
1778532628421,-0.018,1.050,-0.460,1.110,-0.054,-0.130,122.436,2.308,1.137,2.184,4,4,3.919
1778532628435,-0.014,1.022,-0.481,1.143,-0.054,-0.127,125.694,1.662,1.021,2.004,4,4,3.282
1778532628448,-0.009,0.992,-0.498,1.167,-0.056,-0.119,128.839,1.003,0.943,1.799,4,4,3.258
1778532628462,-0.001,0.957,-0.509,1.182,-0.060,-0.104,132.346,-0.270,0.804,1.597,4,4,3.265
1778532628475,0.007,0.920,-0.517,1.187,-0.066,-0.081,136.019,-1.738,0.729,1.429,4,4,3.288
1778532628489,0.022,0.868,-0.504,1.177,-0.076,-0.053,111.015,-5.919,0.480,1.188,4,4,3.920
1778532628503,0.037,0.816,-0.503,1.133,-0.102,-0.025,86.408,-8.395,0.687,1.042,4,4,3.266
1778532628516,0.034,0.771,-0.495,1.061,-0.129,-0.009,64.341,-7.164,0.379,1.225,4,4,3.248
1778532628529,0.030,0.735,-0.481,0.969,-0.149,-0.004,42.856,-4.543,0.205,1.573,4,4,3.264
1778532628543,0.022,0.712,-0.469,0.865,-0.165,-0.002,51.592,-1.762,0.322,1.935,4,4,3.274
1778532628556,0.016,0.698,-0.454,0.753,-0.177,0.001,56.837,-0.073,0.420,2.213,4,4,3.917
1778532628570,0.012,0.700,-0.437,0.641,-0.184,0.008,60.598,0.500,0.770,2.296,4,4,3.287
1778532628584,0.010,0.713,-0.423,0.538,-0.187,0.017,64.022,0.629,1.002,2.162,4,4,3.373
1778532628598,0.013,0.726,-0.412,0.447,-0.188,0.028,67.360,0.214,1.016,1.954,4,4,3.386
1778532628615,0.018,0.729,-0.401,0.364,-0.186,0.040,70.672,-0.741,0.829,1.824,4,4,3.445
1778532628629,0.024,0.728,-0.390,0.283,-0.182,0.051,73.580,-1.714,0.734,1.861,4,4,4.519
1778532628643,0.028,0.728,-0.378,0.202,-0.177,0.064,75.971,-2.449,0.743,1.946,4,4,3.273
1778532628656,0.031,0.731,-0.365,0.121,-0.169,0.078,77.926,-2.874,0.799,2.016,4,4,3.271
1778532628673,0.032,0.735,-0.353,0.042,-0.157,0.094,79.708,-2.965,0.840,2.085,4,4,6.469
1778532628686,0.032,0.738,-0.343,-0.037,-0.143,0.112,81.511,-2.907,0.819,2.187,4,4,3.263
1778532628701,0.032,0.744,-0.334,-0.117,-0.127,0.130,83.127,-2.819,0.889,2.295,5,5,5.776
1778532628715,0.031,0.755,-0.327,-0.197,-0.108,0.149,84.701,-2.582,0.994,2.395,5,5,3.269
1778532628730,0.030,0.770,-0.320,-0.276,-0.088,0.168,86.098,-2.430,1.112,2.451,5,5,4.160
1778532628743,0.032,0.788,-0.316,-0.352,-0.068,0.187,87.479,-2.484,1.206,2.467,5,5,3.263
1778532628756,0.035,0.807,-0.313,-0.426,-0.049,0.206,88.765,-2.679,1.247,2.491,5,5,3.258
1778532628772,0.040,0.826,-0.309,-0.500,-0.032,0.223,89.899,-3.085,1.284,2.545,5,5,4.327
1778532628786,0.047,0.851,-0.306,-0.572,-0.018,0.239,90.832,-3.530,1.430,2.554,5,5,3.277
1778532628801,0.054,0.881,-0.305,-0.640,-0.009,0.254,91.725,-3.984,1.564,2.488,5,5,5.168
1778532628815,0.063,0.911,-0.306,-0.701,-0.004,0.269,92.659,-4.429,1.630,2.396,5,5,3.261
1778532628829,0.069,0.941,-0.308,-0.758,-0.003,0.284,93.609,-4.696,1.640,2.335,5,5,4.191
1778532628842,0.071,0.967,-0.312,-0.812,-0.004,0.299,94.659,-4.645,1.600,2.318,5,5,3.924
1778532628856,0.069,0.994,-0.318,-0.864,-0.006,0.311,95.727,-4.305,1.641,2.291,5,5,3.265
1778532628873,0.066,1.021,-0.326,-0.910,-0.007,0.323,96.797,-3.873,1.688,2.197,5,5,6.273
1778532628886,0.062,1.047,-0.335,-0.949,-0.007,0.335,97.908,-3.387,1.698,2.068,5,5,3.585
1778532628902,0.058,1.065,-0.345,-0.985,-0.007,0.348,99.146,-2.978,1.561,2.032,5,5,5.123
1778532628915,0.055,1.079,-0.354,-1.020,-0.006,0.358,100.326,-2.663,1.495,2.025,5,5,3.928
1778532628929,0.057,1.095,-0.364,-1.051,-0.006,0.366,101.423,-2.782,1.569,1.943,5,5,3.321
1778532628943,0.064,1.114,-0.377,-1.074,-0.009,0.374,102.588,-3.208,1.672,1.783,5,5,3.269
1778532628956,0.068,1.128,-0.392,-1.089,-0.017,0.386,103.946,-3.424,1.623,1.648,5,5,3.266
1778532628971,0.065,1.140,-0.408,-1.096,-0.028,0.398,105.325,-3.112,1.585,1.486,5,5,3.296
1778532628984,0.055,1.147,-0.424,-1.097,-0.039,0.405,106.755,-2.253,1.528,1.310,5,5,4.330
1778532628998,0.045,1.154,-0.440,-1.091,-0.050,0.405,108.160,-1.375,1.532,1.073,5,5,3.290
1778532629012,0.036,1.153,-0.457,-1.081,-0.060,0.401,109.864,-0.662,1.406,0.939,5,5,3.246
1778532629025,0.028,1.155,-0.472,-1.067,-0.069,0.395,111.201,-0.011,1.452,0.808,5,5,3.270
1778532629039,0.014,1.159,-0.486,-1.046,-0.075,0.385,112.240,1.025,1.512,0.558,5,5,3.268
1778532629052,-0.006,1.163,-0.497,-1.017,-0.074,0.369,113.068,2.550,1.513,0.278,1,1,3.908
1778532629066,-0.032,1.161,-0.505,-0.984,-0.062,0.347,113.825,4.685,1.449,0.358,1,1,3.275
1778532629079,-0.057,1.162,-0.510,-0.948,-0.037,0.322,114.201,6.543,1.454,0.687,1,1,3.261
1778532629093,-0.027,1.286,-0.414,-0.820,-0.024,0.285,109.710,5.139,4.391,2.613,1,1,3.265
1778532629110,-0.008,1.282,-0.358,-0.739,0.014,0.248,104.478,3.152,1.534,1.834,1,1,7.225
1778532629124,-0.003,1.265,-0.318,-0.655,0.046,0.212,100.016,2.286,1.058,1.902,1,1,4.014
1778532629138,-0.007,1.259,-0.295,-0.573,0.082,0.193,98.054,2.538,1.148,1.886,1,1,3.421
1778532629151,-0.009,1.246,-0.274,-0.494,0.118,0.185,96.248,2.600,0.987,1.885,1,1,3.274
1778532629165,-0.001,1.236,-0.256,-0.420,0.144,0.179,94.906,1.412,1.039,1.703,1,1,3.272
1778532629178,0.011,1.228,-0.240,-0.349,0.153,0.172,93.916,-0.024,1.085,1.540,1,1,3.252
1778532629191,0.014,1.218,-0.231,-0.286,0.151,0.167,93.682,-0.504,1.012,1.356,1,1,3.824
1778532629205,0.017,1.208,-0.223,-0.231,0.141,0.162,93.644,-0.949,1.000,1.198,1,1,3.252
1778532629219,0.020,1.198,-0.217,-0.185,0.134,0.158,93.810,-1.295,0.968,1.025,1,1,3.238
1778532629232,0.024,1.187,-0.211,-0.145,0.132,0.153,93.932,-1.756,0.970,0.885,1,1,3.242
1778532629245,0.030,1.177,-0.205,-0.111,0.133,0.147,93.909,-2.515,0.977,0.781,1,1,3.252
1778532629259,0.036,1.168,-0.199,-0.083,0.134,0.139,93.874,-3.211,0.985,0.687,1,1,3.819
1778532629273,0.040,1.161,-0.191,-0.055,0.132,0.130,93.689,-3.656,1.024,0.661,1,1,3.261
1778532629286,0.044,1.154,-0.186,-0.030,0.128,0.121,93.708,-3.939,1.000,0.643,1,1,3.247
1778532629303,0.045,1.147,-0.182,-0.008,0.123,0.114,93.826,-4.019,1.011,0.580,1,1,3.411
1778532629316,0.049,1.140,-0.179,0.012,0.119,0.106,94.121,-4.320,0.989,0.538,1,1,3.271
1778532629330,0.052,1.133,-0.178,0.030,0.114,0.099,94.581,-4.556,0.993,0.497,1,1,4.028
1778532629344,0.054,1.126,-0.176,0.045,0.110,0.092,94.876,-4.681,1.002,0.439,1,1,3.271
1778532629357,0.056,1.122,-0.174,0.059,0.105,0.085,95.117,-4.801,1.033,0.427,1,1,3.268
1778532629370,0.059,1.116,-0.171,0.071,0.100,0.078,95.245,-4.923,1.017,0.417,1,1,3.250
1778532629384,0.061,1.111,-0.171,0.082,0.095,0.070,95.623,-5.068,1.004,0.388,1,1,3.253
1778532629397,0.064,1.105,-0.171,0.091,0.090,0.062,96.001,-5.264,1.004,0.349,1,1,3.965
1778532629411,0.065,1.100,-0.170,0.097,0.084,0.054,96.305,-5.241,1.016,0.311,1,1,3.252
1778532629425,0.066,1.096,-0.170,0.103,0.079,0.047,96.655,-5.239,1.013,0.300,1,1,3.257
1778532629438,0.067,1.091,-0.171,0.108,0.073,0.040,96.964,-5.193,1.016,0.272,1,1,3.261
1778532629451,0.069,1.087,-0.171,0.110,0.066,0.033,97.332,-5.352,1.013,0.260,1,1,3.260
1778532629465,0.070,1.084,-0.170,0.113,0.059,0.027,97.421,-5.271,1.038,0.257,1,1,3.939
1778532629479,0.070,1.081,-0.171,0.116,0.052,0.020,97.654,-5.109,1.023,0.279,1,1,3.267
1778532629493,0.070,1.078,-0.171,0.119,0.044,0.014,97.846,-5.096,1.034,0.272,1,1,3.834
1778532629506,0.070,1.074,-0.172,0.121,0.038,0.010,98.206,-4.883,1.014,0.245,1,1,3.266
1778532629519,0.069,1.071,-0.173,0.122,0.033,0.005,98.500,-4.678,1.017,0.216,1,1,3.252
1778532629533,0.068,1.068,-0.175,0.123,0.028,0.002,98.787,-4.583,1.023,0.195,1,1,4.044
1778532629547,0.069,1.065,-0.176,0.123,0.025,-0.001,99.057,-4.541,1.019,0.170,1,1,3.259
1778532629560,0.068,1.061,-0.178,0.123,0.022,-0.004,99.415,-4.336,1.020,0.143,1,1,3.291
1778532629574,0.066,1.058,-0.181,0.122,0.020,-0.005,99.828,-4.050,1.008,0.106,1,1,3.283
1778532629587,0.067,1.057,-0.181,0.122,0.018,-0.006,99.787,-4.147,1.063,0.117,1,1,3.264
1778532629600,0.067,1.055,-0.181,0.121,0.016,-0.007,99.901,-4.118,1.037,0.122,1,1,3.958
1778532629615,0.068,1.053,-0.183,0.121,0.014,-0.011,100.192,-4.228,1.037,0.157,1,1,3.267
1778532629631,0.072,1.054,-0.185,0.122,0.012,-0.018,100.276,-4.547,1.106,0.262,1,1,6.717
1778532629645,0.072,1.054,-0.186,0.124,0.010,-0.028,100.429,-4.522,1.078,0.336,1,1,3.291
1778532629661,0.069,1.055,-0.188,0.128,0.008,-0.038,100.518,-4.069,1.098,0.374,1,1,6.106
1778532629674,0.064,1.060,-0.188,0.135,0.009,-0.049,100.405,-3.540,1.192,0.484,1,1,3.859
1778532629691,0.057,1.064,-0.189,0.144,0.009,-0.059,100.407,-2.754,1.159,0.484,1,1,5.586
1778532629704,0.051,1.065,-0.191,0.154,0.010,-0.060,100.619,-2.113,1.126,0.429,1,1,3.261
1778532629717,0.047,1.067,-0.193,0.166,0.010,-0.060,100.732,-1.665,1.124,0.468,1,1,3.249
1778532629731,0.043,1.067,-0.195,0.177,0.013,-0.059,100.905,-1.247,1.102,0.485,1,1,3.259
1778532629744,0.040,1.068,-0.198,0.189,0.015,-0.058,101.132,-1.095,1.115,0.500,3,3,3.844
1778532629758,0.041,1.069,-0.201,0.201,0.018,-0.057,101.400,-1.241,1.123,0.514,3,3,3.283
1778532629772,0.041,1.069,-0.204,0.213,0.019,-0.056,101.719,-1.333,1.115,0.528,3,3,3.266
1778532629785,0.041,1.069,-0.208,0.225,0.021,-0.055,102.052,-1.453,1.109,0.542,3,3,3.260
1778532629799,0.038,1.069,-0.212,0.237,0.022,-0.054,102.342,-1.153,1.115,0.565,3,3,3.726
1778532629812,0.038,1.068,-0.217,0.250,0.023,-0.053,102.811,-1.274,1.097,0.590,3,3,3.939
1778532629827,0.038,1.067,-0.221,0.263,0.024,-0.051,103.236,-1.289,1.088,0.606,3,3,3.366
1778532629840,0.037,1.066,-0.226,0.276,0.024,-0.048,103.666,-1.284,1.098,0.613,3,3,3.274
1778532629854,0.037,1.065,-0.232,0.290,0.024,-0.044,104.102,-1.266,1.106,0.638,3,3,3.307
1778532629867,0.038,1.064,-0.237,0.304,0.023,-0.041,104.575,-1.479,1.100,0.670,3,3,3.266
1778532629880,0.037,1.062,-0.243,0.318,0.021,-0.038,105.110,-1.416,1.080,0.685,3,3,3.907
1778532629895,0.038,1.059,-0.249,0.332,0.019,-0.036,105.684,-1.529,1.071,0.705,3,3,3.327
1778532629908,0.038,1.057,-0.256,0.347,0.017,-0.034,106.207,-1.570,1.084,0.722,3,3,3.268
1778532629921,0.040,1.056,-0.263,0.362,0.013,-0.033,106.749,-1.900,1.120,0.756,3,3,3.264
1778532629935,0.044,1.054,-0.270,0.377,0.009,-0.033,107.369,-2.306,1.106,0.796,3,3,3.273
1778532629948,0.044,1.051,-0.277,0.393,0.004,-0.034,107.988,-2.328,1.071,0.818,3,3,3.896
1778532629962,0.039,1.047,-0.284,0.410,-0.001,-0.034,108.605,-1.750,1.067,0.846,3,3,3.341
1778532629976,0.033,1.044,-0.291,0.427,-0.004,-0.034,109.135,-1.103,1.072,0.876,3,3,3.274
1778532629989,0.030,1.039,-0.299,0.444,-0.008,-0.032,109.883,-0.867,1.053,0.901,3,3,3.278
1778532630003,0.030,1.034,-0.308,0.461,-0.011,-0.030,110.761,-0.920,1.041,0.912,3,3,3.326
1778532630016,0.031,1.027,-0.319,0.478,-0.014,-0.030,111.791,-1.095,1.038,0.924,4,4,3.919
1778532630030,0.033,1.021,-0.328,0.495,-0.019,-0.029,112.614,-1.357,1.042,0.935,4,4,3.263
1778532630043,0.032,1.017,-0.337,0.512,-0.023,-0.028,113.354,-1.262,1.072,0.960,4,4,3.266
1778532630057,0.030,1.017,-0.346,0.530,-0.027,-0.028,113.803,-1.102,1.145,1.012,4,4,3.272
1778532630071,0.030,1.017,-0.355,0.550,-0.032,-0.028,114.277,-1.163,1.167,1.089,4,4,3.283
1778532630084,0.032,1.020,-0.364,0.573,-0.037,-0.029,114.557,-1.404,1.216,1.186,4,4,3.912
1778532630100,0.036,1.024,-0.372,0.600,-0.043,-0.032,114.686,-1.823,1.257,1.301,4,4,5.130
1778532630113,0.034,1.033,-0.379,0.631,-0.049,-0.035,114.572,-1.556,1.330,1.473,4,4,3.264
1778532630127,0.032,1.042,-0.388,0.668,-0.054,-0.040,114.594,-1.376,1.372,1.644,4,4,3.271
1778532630140,0.028,1.055,-0.397,0.711,-0.058,-0.046,114.594,-1.009,1.461,1.839,4,4,3.265
1778532630153,0.023,1.065,-0.409,0.760,-0.060,-0.055,114.861,-0.613,1.460,2.050,4,4,3.927
1778532630171,0.016,1.068,-0.429,0.811,-0.059,-0.066,116.082,0.006,1.430,2.183,4,4,6.728
1778532630185,0.008,1.065,-0.453,0.863,-0.056,-0.076,117.763,0.630,1.415,2.221,4,4,3.275
1778532630198,0.007,1.056,-0.478,0.911,-0.054,-0.085,119.886,0.624,1.339,2.194,4,4,3.288
1778532630212,0.011,1.042,-0.502,0.956,-0.054,-0.092,122.221,0.093,1.257,2.126,4,4,3.278
1778532630225,0.015,1.029,-0.521,0.996,-0.057,-0.096,124.095,-0.328,1.211,2.059,4,4,4.023
1778532630239,0.021,1.010,-0.540,1.033,-0.060,-0.092,126.359,-1.059,1.140,1.999,4,4,3.265
1778532630253,0.030,0.991,-0.560,1.067,-0.068,-0.082,128.607,-2.015,1.175,1.970,4,4,3.254
1778532630268,0.036,0.967,-0.578,1.092,-0.079,-0.070,131.215,-2.652,1.061,1.803,4,4,5.755
1778532630282,0.042,0.934,-0.588,1.107,-0.093,-0.056,134.355,-3.535,0.865,1.579,4,4,3.259
1778532630295,0.047,0.892,-0.594,1.109,-0.109,-0.041,104.732,-4.343,0.733,1.311,4,4,3.935
1778532630309,0.062,0.791,-0.548,1.076,-0.125,-0.020,87.880,-5.324,1.533,0.805,4,4,3.346
1778532630323,0.066,0.742,-0.539,0.997,-0.146,-0.003,66.620,-6.629,0.507,1.324,4,4,3.254
1778532630337,0.063,0.712,-0.514,0.890,-0.165,0.005,65.698,-4.679,0.077,2.002,4,4,3.265
1778532630350,0.058,0.710,-0.487,0.775,-0.178,0.007,67.274,-3.815,0.661,2.286,4,4,3.417
1778532630364,0.051,0.724,-0.464,0.666,-0.187,0.013,69.194,-2.989,1.038,2.206,4,4,3.968
1778532630378,0.044,0.737,-0.443,0.569,-0.191,0.022,71.112,-2.129,1.041,1.991,4,4,3.251
1778532630391,0.038,0.746,-0.425,0.481,-0.190,0.033,73.104,-1.370,0.938,1.829,4,4,3.280
1778532630404,0.034,0.744,-0.410,0.397,-0.184,0.043,75.211,-0.822,0.718,1.804,4,4,3.268
1778532630418,0.031,0.739,-0.395,0.312,-0.174,0.049,77.273,-0.336,0.617,1.911,4,4,3.251
1778532630431,0.027,0.736,-0.381,0.226,-0.161,0.054,79.002,0.038,0.678,2.027,4,4,3.944
1778532630445,0.027,0.737,-0.367,0.140,-0.146,0.058,80.527,-0.014,0.774,2.105,4,4,3.259
1778532630459,0.028,0.740,-0.354,0.057,-0.130,0.064,81.971,-0.418,0.810,2.153,4,4,3.278
1778532630472,0.030,0.744,-0.344,-0.026,-0.114,0.074,83.459,-0.861,0.838,2.219,4,4,3.258
1778532630485,0.031,0.750,-0.335,-0.109,-0.097,0.085,85.007,-1.070,0.885,2.302,4,4,3.278
1778532630499,0.031,0.757,-0.327,-0.191,-0.080,0.097,86.407,-1.209,0.945,2.386,5,5,3.965
1778532630513,0.032,0.771,-0.321,-0.271,-0.060,0.108,87.709,-1.315,1.073,2.437,5,5,3.282
1778532630526,0.032,0.789,-0.316,-0.347,-0.040,0.119,88.871,-1.403,1.209,2.404,5,5,3.271
1778532630540,0.034,0.808,-0.314,-0.418,-0.019,0.132,90.092,-1.580,1.264,2.360,5,5,3.295
1778532630553,0.038,0.826,-0.312,-0.486,0.000,0.145,91.291,-1.948,1.240,2.370,5,5,3.273
1778532630566,0.044,0.844,-0.311,-0.554,0.018,0.156,92.445,-2.559,1.304,2.405,5,5,3.951
1778532630580,0.055,0.866,-0.312,-0.620,0.032,0.167,93.501,-3.403,1.405,2.415,5,5,3.268
1778532630594,0.066,0.891,-0.314,-0.684,0.041,0.179,94.530,-4.223,1.505,2.401,5,5,3.280
1778532630607,0.078,0.917,-0.318,-0.743,0.046,0.193,95.549,-4.989,1.578,2.360,5,5,3.296
1778532630620,0.088,0.942,-0.324,-0.799,0.046,0.208,96.610,-5.601,1.592,2.327,5,5,3.269
1778532630634,0.096,0.965,-0.330,-0.853,0.044,0.220,97.651,-6.006,1.567,2.322,5,5,3.953
1778532630648,0.102,0.987,-0.335,-0.906,0.039,0.234,98.558,-6.233,1.543,2.348,5,5,3.254
1778532630661,0.106,1.010,-0.339,-0.956,0.034,0.249,99.210,-6.308,1.579,2.363,5,5,3.283
1778532630675,0.107,1.035,-0.342,-1.001,0.028,0.268,99.707,-6.121,1.637,2.284,5,5,3.280
1778532630690,0.104,1.057,-0.346,-1.038,0.022,0.286,100.290,-5.678,1.600,2.136,5,5,3.367
1778532630703,0.101,1.072,-0.350,-1.071,0.017,0.298,100.925,-5.333,1.475,2.032,5,5,4.097
1778532630719,0.104,1.085,-0.353,-1.103,0.011,0.305,101.498,-5.464,1.432,2.007,5,5,3.276
1778532630733,0.112,1.099,-0.357,-1.132,0.000,0.316,102.073,-5.951,1.500,1.995,5,5,4.579
1778532630747,0.120,1.110,-0.363,-1.157,-0.015,0.330,102.820,-6.537,1.480,1.963,5,5,3.267
1778532630760,0.120,1.115,-0.369,-1.181,-0.033,0.347,103.735,-6.343,1.328,2.037,5,5,3.282
1778532630773,0.110,1.130,-0.375,-1.200,-0.049,0.362,104.309,-5.384,1.542,1.898,5,5,3.833
1778532630788,0.098,1.151,-0.387,-1.203,-0.062,0.367,104.999,-4.352,1.747,1.453,5,5,4.285
1778532630803,0.085,1.161,-0.403,-1.194,-0.073,0.366,106.285,-3.213,1.576,1.076,5,5,3.250
1778532630816,0.069,1.167,-0.418,-1.178,-0.081,0.360,107.617,-1.932,1.530,0.843,5,5,3.246
1778532630831,0.049,1.172,-0.433,-1.156,-0.083,0.352,108.850,-0.357,1.537,0.614,5,5,4.944
1778532630844,0.024,1.173,-0.445,-1.128,-0.077,0.340,109.958,1.598,1.484,0.402,1,1,3.814
1778532630859,-0.001,1.178,-0.454,-1.093,-0.062,0.325,110.590,3.431,1.548,0.401,1,1,4.111
1778532630872,-0.022,1.182,-0.460,-1.050,-0.038,0.309,111.063,4.909,1.477,0.589,1,1,3.277
1778532630886,-0.039,1.184,-0.464,-1.003,-0.008,0.294,111.374,6.066,1.402,0.796,1,1,3.258
1778532630900,-0.054,1.184,-0.465,-0.951,0.026,0.278,111.421,7.090,1.334,1.006,1,1,3.279
1778532630914,0.038,1.307,-0.315,-0.823,0.053,0.270,105.918,4.279,5.379,2.617,1,1,4.419
1778532630930,0.078,1.289,-0.242,-0.751,0.075,0.242,99.029,1.014,1.886,1.385,1,1,5.182
1778532630943,0.088,1.271,-0.211,-0.660,0.086,0.203,95.469,-0.738,1.038,1.918,1,1,3.260
1778532630957,0.080,1.255,-0.200,-0.576,0.097,0.180,94.677,-0.032,0.922,1.685,1,1,3.538
1778532630970,0.076,1.240,-0.188,-0.501,0.106,0.170,93.844,-0.004,0.911,1.508,1,1,3.289
1778532630984,0.078,1.230,-0.171,-0.430,0.104,0.161,92.403,-0.681,1.042,1.400,1,1,3.886
1778532631001,0.081,1.223,-0.156,-0.360,0.095,0.151,91.319,-1.315,1.085,1.491,1,1,6.291
1778532631014,0.081,1.211,-0.150,-0.298,0.084,0.144,91.270,-1.671,0.963,1.309,1,1,3.458
1778532631028,0.084,1.200,-0.145,-0.245,0.077,0.135,91.371,-2.327,0.970,1.139,1,1,3.262
1778532631041,0.085,1.191,-0.140,-0.199,0.074,0.127,91.356,-2.672,0.987,1.005,1,1,3.269
1778532631054,0.087,1.182,-0.135,-0.158,0.076,0.118,91.401,-3.137,0.988,0.929,1,1,3.931
1778532631069,0.089,1.172,-0.131,-0.122,0.078,0.110,91.548,-3.600,0.978,0.812,1,1,3.280
1778532631083,0.091,1.164,-0.126,-0.092,0.077,0.103,91.530,-3.972,0.998,0.702,1,1,3.259
1778532631096,0.092,1.156,-0.122,-0.064,0.076,0.095,91.563,-4.281,0.993,0.668,1,1,3.294
1778532631109,0.092,1.149,-0.120,-0.039,0.076,0.089,91.833,-4.347,0.993,0.625,1,1,3.272
1778532631123,0.092,1.141,-0.118,-0.016,0.076,0.083,92.074,-4.479,0.983,0.576,1,1,4.080
1778532631137,0.093,1.135,-0.117,0.003,0.076,0.078,92.311,-4.626,0.998,0.521,1,1,3.269
1778532631150,0.094,1.129,-0.115,0.022,0.075,0.073,92.477,-4.852,1.009,0.506,1,1,3.274
1778532631164,0.096,1.123,-0.114,0.038,0.072,0.068,92.777,-5.127,1.005,0.482,1,1,3.298
1778532631177,0.097,1.115,-0.115,0.053,0.069,0.061,93.352,-5.375,0.979,0.457,1,1,3.267
1778532631190,0.099,1.109,-0.115,0.066,0.066,0.054,93.653,-5.606,0.974,0.424,1,1,4.061
1778532631205,0.099,1.103,-0.116,0.077,0.062,0.047,93.995,-5.658,1.002,0.378,1,1,3.305
1778532631218,0.099,1.099,-0.116,0.087,0.058,0.040,94.344,-5.608,1.013,0.360,1,1,3.496
1778532631232,0.099,1.094,-0.117,0.095,0.055,0.034,94.690,-5.574,1.007,0.342,1,1,3.558
1778532631246,0.098,1.090,-0.119,0.102,0.051,0.028,95.055,-5.489,1.016,0.308,1,1,3.494
1778532631259,0.098,1.087,-0.119,0.108,0.047,0.023,95.262,-5.448,1.025,0.304,1,1,4.039
1778532631273,0.098,1.084,-0.119,0.115,0.042,0.017,95.403,-5.535,1.027,0.327,1,1,3.342
1778532631287,0.099,1.079,-0.121,0.121,0.037,0.010,95.745,-5.570,1.004,0.335,1,1,3.244
1778532631300,0.098,1.075,-0.124,0.126,0.032,0.004,96.211,-5.508,1.011,0.314,1,1,3.265
1778532631313,0.097,1.071,-0.127,0.128,0.026,-0.002,96.661,-5.373,0.997,0.273,1,1,3.242
1778532631327,0.097,1.069,-0.128,0.131,0.020,-0.008,96.847,-5.422,1.031,0.308,1,1,3.823
1778532631341,0.097,1.066,-0.130,0.133,0.013,-0.013,97.150,-5.390,1.024,0.291,1,1,3.246
1778532631354,0.096,1.064,-0.131,0.135,0.006,-0.019,97.305,-5.275,1.049,0.291,1,1,3.257
1778532631367,0.094,1.062,-0.133,0.137,0.001,-0.024,97.577,-4.997,1.025,0.289,1,1,3.257
1778532631381,0.092,1.059,-0.136,0.138,-0.003,-0.028,97.928,-4.795,1.028,0.241,1,1,3.262
1778532631396,0.088,1.057,-0.139,0.138,-0.006,-0.030,98.267,-4.417,1.024,0.183,1,1,6.316
1778532631411,0.085,1.055,-0.142,0.138,-0.007,-0.031,98.601,-4.092,1.021,0.144,1,1,3.267
1778532631424,0.084,1.053,-0.144,0.138,-0.008,-0.031,98.767,-3.965,1.047,0.140,1,1,3.277
1778532631438,0.081,1.050,-0.148,0.137,-0.009,-0.032,99.196,-3.686,0.999,0.127,1,1,3.396
1778532631451,0.080,1.049,-0.150,0.136,-0.009,-0.032,99.358,-3.646,1.054,0.133,1,1,3.300
1778532631464,0.079,1.047,-0.153,0.135,-0.010,-0.033,99.561,-3.585,1.031,0.121,1,1,3.923
1778532631478,0.080,1.047,-0.155,0.134,-0.010,-0.036,99.771,-3.756,1.071,0.157,1,1,3.261
1778532631492,0.079,1.047,-0.158,0.134,-0.010,-0.040,99.943,-3.741,1.066,0.192,1,1,3.261
1778532631505,0.079,1.048,-0.160,0.135,-0.010,-0.044,99.983,-3.692,1.097,0.222,1,1,3.266
1778532631521,0.076,1.050,-0.162,0.137,-0.011,-0.050,100.031,-3.420,1.102,0.275,1,1,5.816
1778532631534,0.069,1.054,-0.163,0.142,-0.010,-0.057,99.988,-2.763,1.164,0.356,1,1,3.872
1778532631551,0.068,1.056,-0.166,0.147,-0.009,-0.063,100.142,-2.664,1.117,0.366,1,1,5.689
1778532631564,0.065,1.057,-0.169,0.153,-0.009,-0.063,100.358,-2.375,1.120,0.308,1,1,3.271
1778532631578,0.060,1.058,-0.171,0.160,-0.008,-0.062,100.470,-2.006,1.099,0.342,1,1,3.251
1778532631591,0.059,1.058,-0.174,0.167,-0.008,-0.061,100.707,-1.899,1.090,0.364,1,1,3.270
1778532631604,0.056,1.059,-0.177,0.175,-0.007,-0.060,100.870,-1.748,1.090,0.382,3,3,3.874
1778532631621,0.054,1.059,-0.180,0.183,-0.006,-0.060,101.130,-1.636,1.096,0.395,3,3,5.785
1778532631634,0.051,1.060,-0.184,0.191,-0.005,-0.060,101.360,-1.403,1.109,0.408,3,3,3.261
1778532631648,0.051,1.062,-0.188,0.200,-0.003,-0.060,101.616,-1.495,1.139,0.432,3,3,3.257
1778532631661,0.051,1.064,-0.192,0.210,-0.002,-0.060,101.864,-1.601,1.142,0.467,3,3,3.277
1778532631674,0.050,1.064,-0.196,0.220,-0.001,-0.061,102.166,-1.595,1.105,0.490,3,3,3.885
1778532631689,0.044,1.063,-0.201,0.230,0.000,-0.060,102.539,-1.037,1.087,0.505,3,3,3.276
1778532631702,0.039,1.062,-0.205,0.241,0.002,-0.058,102.863,-0.556,1.084,0.519,3,3,3.264
1778532631718,0.036,1.062,-0.210,0.252,0.003,-0.054,103.194,-0.372,1.111,0.546,3,3,5.860
1778532631732,0.039,1.063,-0.215,0.264,0.004,-0.051,103.535,-0.777,1.140,0.573,3,3,3.414
1778532631745,0.041,1.063,-0.221,0.276,0.004,-0.050,103.993,-1.189,1.126,0.593,3,3,3.927
1778532631759,0.041,1.062,-0.226,0.289,0.003,-0.049,104.421,-1.272,1.102,0.618,3,3,3.312
1778532631773,0.039,1.062,-0.232,0.302,0.002,-0.048,104.815,-1.151,1.112,0.641,3,3,3.407
1778532631787,0.036,1.062,-0.238,0.316,0.001,-0.046,105.197,-0.879,1.115,0.681,3,3,3.260
1778532631800,0.036,1.062,-0.244,0.331,0.000,-0.044,105.582,-0.884,1.135,0.721,3,3,3.253
1778532631813,0.035,1.063,-0.250,0.347,-0.001,-0.042,105.969,-0.929,1.141,0.768,3,3,3.810
1778532631828,0.036,1.064,-0.256,0.365,-0.003,-0.040,106.349,-1.074,1.154,0.836,3,3,4.180
1778532631842,0.038,1.065,-0.262,0.385,-0.007,-0.039,106.692,-1.395,1.160,0.891,3,3,3.248
1778532631855,0.037,1.066,-0.268,0.406,-0.010,-0.038,107.042,-1.326,1.172,0.956,3,3,3.250
1778532631868,0.038,1.069,-0.274,0.429,-0.014,-0.037,107.290,-1.448,1.209,1.035,3,3,3.247
1778532631885,0.041,1.074,-0.280,0.454,-0.019,-0.038,107.397,-1.816,1.257,1.137,4,4,7.167
1778532631899,0.044,1.086,-0.284,0.487,-0.026,-0.040,107.196,-2.033,1.390,1.336,4,4,3.258
1778532631913,0.053,1.098,-0.286,0.524,-0.035,-0.043,106.926,-2.842,1.437,1.535,4,4,3.247
1778532631928,0.054,1.114,-0.287,0.571,-0.045,-0.048,106.417,-2.784,1.499,1.805,4,4,5.230
1778532631941,0.055,1.132,-0.288,0.625,-0.055,-0.054,105.947,-2.855,1.541,2.072,4,4,3.269
1778532631955,0.053,1.149,-0.291,0.688,-0.064,-0.061,105.706,-2.573,1.573,2.347,3,3,4.107
1778532631969,0.036,1.157,-0.298,0.755,-0.070,-0.070,105.974,-1.088,1.429,2.529,3,3,3.257
1778532631986,0.021,1.150,-0.322,0.820,-0.067,-0.082,108.274,0.352,1.353,2.533,3,3,6.694
1778532631999,0.007,1.139,-0.350,0.882,-0.062,-0.094,110.989,1.501,1.349,2.532,3,3,3.264
1778532632013,0.002,1.120,-0.380,0.938,-0.055,-0.105,114.345,1.848,1.255,2.417,3,3,3.251
1778532632030,0.004,1.100,-0.403,0.983,-0.053,-0.115,117.089,1.424,1.139,2.205,4,4,6.868
1778532632044,0.008,1.079,-0.429,1.023,-0.051,-0.120,120.042,0.810,1.163,2.076,4,4,3.256
1778532632057,0.016,1.044,-0.450,1.054,-0.052,-0.116,124.141,-0.342,0.977,1.861,4,4,3.279
1778532632070,0.022,1.010,-0.467,1.075,-0.054,-0.106,127.720,-1.163,0.883,1.620,4,4,3.272
1778532632084,0.029,0.973,-0.474,1.087,-0.060,-0.088,131.333,-2.698,0.682,1.460,4,4,3.378
1778532632097,0.044,0.909,-0.461,1.079,-0.071,-0.061,108.365,-5.679,0.640,1.131,4,4,3.945
1778532632111,0.077,0.852,-0.444,1.034,-0.099,-0.029,88.395,-11.154,0.900,1.174,4,4,3.266
1778532632125,0.080,0.809,-0.432,0.970,-0.133,-0.006,66.209,-13.416,0.248,1.360,4,4,3.291
1778532632138,0.071,0.778,-0.412,0.889,-0.164,0.006,66.395,-7.167,0.160,1.583,4,4,3.263
1778532632151,0.059,0.757,-0.395,0.800,-0.188,0.010,69.194,-3.223,0.373,1.721,4,4,3.282
1778532632165,0.046,0.743,-0.382,0.708,-0.205,0.012,72.380,-0.275,0.503,1.801,4,4,3.920
1778532632179,0.035,0.732,-0.371,0.615,-0.216,0.013,75.503,1.846,0.550,1.861,4,4,3.262
1778532632192,0.027,0.729,-0.363,0.525,-0.220,0.015,78.329,2.735,0.695,1.849,4,4,3.288
1778532632206,0.024,0.733,-0.357,0.442,-0.220,0.019,80.973,2.800,0.852,1.729,4,4,3.265
1778532632219,0.024,0.736,-0.356,0.367,-0.217,0.026,83.885,2.316,0.875,1.600,4,4,3.289
1778532632232,0.026,0.734,-0.359,0.296,-0.212,0.036,87.502,1.637,0.804,1.578,4,4,3.949
1778532632247,0.027,0.729,-0.365,0.226,-0.206,0.050,91.421,1.163,0.811,1.654,4,4,3.274
1778532632260,0.026,0.728,-0.374,0.157,-0.197,0.068,94.994,1.109,0.892,1.720,4,4,3.339
1778532632274,0.021,0.728,-0.384,0.089,-0.187,0.088,98.361,1.435,0.951,1.772,4,4,3.412
1778532632287,0.015,0.727,-0.395,0.023,-0.174,0.108,101.499,2.039,0.951,1.833,4,4,3.294
1778532632300,0.007,0.726,-0.402,-0.045,-0.158,0.124,104.079,2.771,0.926,1.893,5,5,3.858
1778532632314,0.002,0.731,-0.406,-0.112,-0.141,0.133,105.628,3.141,0.990,1.911,5,5,3.282
1778532632328,-0.002,0.744,-0.409,-0.174,-0.124,0.140,106.472,3.219,1.124,1.843,5,5,3.275
1778532632341,-0.001,0.758,-0.414,-0.230,-0.108,0.146,107.372,2.891,1.177,1.747,5,5,3.272
1778532632355,0.002,0.770,-0.421,-0.283,-0.095,0.155,108.502,2.307,1.197,1.700,5,5,3.259
1778532632368,0.007,0.783,-0.432,-0.332,-0.087,0.166,109.798,1.532,1.263,1.685,5,5,3.855
1778532632382,0.012,0.797,-0.444,-0.379,-0.084,0.177,111.047,0.878,1.315,1.667,5,5,3.255
1778532632395,0.016,0.810,-0.456,-0.424,-0.086,0.187,112.222,0.406,1.321,1.651,5,5,3.279
1778532632409,0.017,0.826,-0.468,-0.465,-0.090,0.196,113.110,0.234,1.364,1.612,5,5,3.258
1778532632422,0.015,0.841,-0.478,-0.502,-0.095,0.207,113.805,0.325,1.369,1.549,5,5,3.272
1778532632435,0.009,0.858,-0.485,-0.533,-0.100,0.217,114.191,0.721,1.389,1.439,5,5,4.047
1778532632450,0.001,0.873,-0.489,-0.558,-0.102,0.224,114.343,1.356,1.351,1.296,5,5,3.282
1778532632463,-0.008,0.884,-0.489,-0.581,-0.101,0.230,114.275,2.110,1.248,1.226,5,5,3.287
1778532632476,-0.018,0.896,-0.486,-0.602,-0.096,0.234,113.857,2.946,1.256,1.190,5,5,3.279
1778532632490,-0.027,0.906,-0.481,-0.622,-0.088,0.236,113.259,3.678,1.199,1.187,5,5,3.338
1778532632503,-0.034,0.913,-0.473,-0.644,-0.078,0.239,112.578,4.311,1.129,1.263,5,5,3.895
1778532632517,-0.039,0.921,-0.464,-0.668,-0.064,0.240,111.727,4.577,1.132,1.373,5,5,3.292
1778532632531,-0.040,0.934,-0.453,-0.693,-0.048,0.238,110.636,4.449,1.237,1.392,5,5,3.331
1778532632544,-0.038,0.949,-0.441,-0.714,-0.032,0.235,109.433,4.013,1.293,1.324,5,5,3.256
1778532632557,-0.033,0.961,-0.428,-0.731,-0.016,0.233,108.225,3.206,1.231,1.254,5,5,3.294
1778532632571,-0.024,0.965,-0.414,-0.749,-0.003,0.234,107.018,2.052,1.078,1.302,5,5,3.891
1778532632585,-0.015,0.972,-0.399,-0.771,0.009,0.238,105.715,1.001,1.129,1.396,5,5,3.275
1778532632598,-0.007,0.983,-0.383,-0.790,0.018,0.243,104.343,0.151,1.235,1.365,5,5,3.269
1778532632612,0.000,0.992,-0.368,-0.807,0.024,0.248,103.195,-0.570,1.206,1.313,5,5,3.276
1778532632625,0.007,0.999,-0.354,-0.822,0.027,0.253,102.165,-1.240,1.163,1.276,5,5,3.314
1778532632638,0.015,1.002,-0.340,-0.839,0.028,0.255,101.221,-2.045,1.076,1.313,1,1,3.970
1778532632653,0.024,1.008,-0.327,-0.855,0.026,0.256,100.323,-2.908,1.173,1.309,1,1,3.280
1778532632666,0.033,1.016,-0.315,-0.867,0.020,0.259,99.586,-3.730,1.215,1.249,1,1,3.264
1778532632679,0.041,1.023,-0.304,-0.876,0.012,0.263,99.017,-4.343,1.200,1.177,1,1,3.271
1778532632693,0.047,1.029,-0.294,-0.880,0.002,0.268,98.518,-4.706,1.174,1.088,1,1,3.290
1778532632706,0.047,1.034,-0.287,-0.880,-0.008,0.274,98.250,-4.531,1.155,1.022,1,1,3.919
1778532632720,0.045,1.040,-0.280,-0.877,-0.017,0.278,98.135,-4.092,1.174,0.904,1,1,3.292
1778532632734,0.042,1.042,-0.276,-0.870,-0.026,0.278,98.244,-3.634,1.096,0.807,1,1,3.271
1778532632747,0.039,1.040,-0.273,-0.865,-0.033,0.278,98.635,-3.140,1.024,0.798,1,1,3.273
1778532632760,0.037,1.038,-0.270,-0.860,-0.041,0.277,98.914,-2.748,1.017,0.808,1,1,3.280
1778532632774,0.034,1.037,-0.268,-0.854,-0.047,0.276,99.246,-2.352,1.034,0.781,1,1,3.917
1778532632788,0.030,1.037,-0.266,-0.846,-0.052,0.274,99.500,-1.771,1.067,0.710,1,1,3.533
1778532632802,0.023,1.037,-0.265,-0.836,-0.055,0.270,99.791,-1.012,1.077,0.601,1,1,4.210
1778532632816,0.016,1.037,-0.264,-0.822,-0.054,0.264,100.206,-0.216,1.071,0.470,1,1,3.277
1778532632829,0.009,1.035,-0.265,-0.805,-0.051,0.258,100.742,0.559,1.026,0.386,1,1,3.270
1778532632843,0.002,1.031,-0.266,-0.787,-0.044,0.252,101.256,1.413,1.017,0.355,1,1,4.259
1778532632857,-0.006,1.032,-0.266,-0.765,-0.033,0.243,101.628,2.125,1.085,0.324,1,1,3.284
1778532632870,-0.011,1.031,-0.266,-0.740,-0.019,0.235,101.864,2.589,1.059,0.354,1,1,3.258
1778532632884,-0.015,1.029,-0.263,-0.713,-0.003,0.227,101.896,2.928,1.011,0.413,1,1,3.295
1778532632897,-0.018,1.028,-0.259,-0.684,0.015,0.218,101.663,2.984,1.036,0.480,1,1,3.262
1778532632911,-0.017,1.029,-0.255,-0.652,0.033,0.209,101.395,2.757,1.058,0.539,1,1,3.840
1778532632925,0.054,1.159,-0.073,-0.536,0.032,0.184,96.089,0.970,5.823,2.543,1,1,3.281
1778532632938,0.063,1.143,-0.015,-0.489,0.049,0.160,90.067,-0.126,1.504,1.001,1,1,3.256
1778532632951,0.069,1.135,0.005,-0.420,0.060,0.130,87.642,-1.097,1.081,1.559,1,1,3.272
1778532632965,0.058,1.123,0.015,-0.354,0.073,0.113,86.519,0.132,0.901,1.445,1,1,3.453
1778532632978,0.054,1.115,0.022,-0.292,0.088,0.111,85.828,0.332,0.951,1.404,1,1,3.907
1778532632992,0.058,1.112,0.030,-0.230,0.096,0.108,85.154,-0.487,1.070,1.400,1,1,3.278
1778532633006,0.061,1.106,0.036,-0.169,0.092,0.103,84.668,-1.071,0.999,1.428,1,1,3.285
1778532633019,0.061,1.102,0.039,-0.108,0.082,0.098,84.641,-1.340,1.021,1.496,1,1,3.276
1778532633032,0.064,1.097,0.039,-0.051,0.070,0.093,84.899,-1.846,1.000,1.451,1,1,3.262
1778532633046,0.064,1.093,0.036,-0.000,0.064,0.088,85.575,-2.049,1.002,1.308,1,1,4.520
1778532633060,0.067,1.087,0.032,0.042,0.064,0.082,86.248,-2.580,0.984,1.149,1,1,3.262
1778532633074,0.067,1.083,0.026,0.079,0.067,0.073,87.164,-2.692,0.987,1.050,1,1,3.257
1778532633087,0.067,1.077,0.021,0.109,0.068,0.065,87.968,-2.799,0.966,0.915,1,1,3.297
1778532633101,0.067,1.073,0.016,0.133,0.066,0.057,88.774,-2.951,0.978,0.763,1,1,3.260
1778532633114,0.066,1.067,0.009,0.153,0.064,0.052,89.699,-2.997,0.953,0.687,1,1,3.899
1778532633128,0.067,1.063,0.003,0.172,0.063,0.047,90.455,-3.157,0.991,0.656,1,1,3.274
1778532633141,0.068,1.059,-0.004,0.187,0.062,0.042,91.203,-3.356,0.990,0.588,1,1,3.264
1778532633155,0.069,1.054,-0.012,0.197,0.062,0.038,92.139,-3.500,0.968,0.478,1,1,3.387
1778532633168,0.070,1.050,-0.019,0.203,0.060,0.035,92.963,-3.657,0.971,0.344,1,1,3.258
1778532633182,0.071,1.047,-0.025,0.205,0.058,0.032,93.515,-3.857,1.007,0.269,1,1,4.000
1778532633196,0.072,1.044,-0.030,0.206,0.056,0.029,93.953,-4.016,0.996,0.237,1,1,3.265
1778532633209,0.073,1.042,-0.034,0.206,0.053,0.025,94.273,-4.086,1.010,0.211,1,1,3.280
1778532633223,0.074,1.040,-0.039,0.205,0.049,0.021,94.638,-4.222,1.012,0.219,1,1,3.284
1778532633236,0.074,1.039,-0.043,0.205,0.046,0.017,94.866,-4.227,1.021,0.224,1,1,3.287
1778532633249,0.074,1.037,-0.046,0.206,0.042,0.012,95.067,-4.308,1.018,0.256,1,1,4.064
1778532633264,0.074,1.036,-0.051,0.206,0.038,0.008,95.437,-4.290,1.021,0.254,1,1,3.265
1778532633277,0.074,1.035,-0.056,0.206,0.034,0.003,95.774,-4.288,1.023,0.242,1,1,3.269
1778532633290,0.075,1.033,-0.060,0.206,0.030,-0.001,96.083,-4.319,1.020,0.238,1,1,3.276
1778532633304,0.073,1.031,-0.067,0.204,0.026,-0.005,96.636,-4.050,0.995,0.211,1,1,3.429
1778532633317,0.072,1.029,-0.071,0.201,0.022,-0.008,96.958,-4.038,1.008,0.180,1,1,4.016
1778532633332,0.073,1.028,-0.076,0.198,0.017,-0.013,97.225,-4.100,1.020,0.209,1,1,3.346
1778532633347,0.072,1.026,-0.081,0.195,0.012,-0.018,97.596,-4.010,1.007,0.212,1,1,3.319
1778532633360,0.072,1.026,-0.084,0.192,0.007,-0.022,97.708,-3.925,1.043,0.223,1,1,3.294
1778532633373,0.069,1.026,-0.088,0.190,0.002,-0.026,97.852,-3.661,1.031,0.215,1,1,3.268
1778532633387,0.067,1.026,-0.091,0.187,-0.001,-0.028,97.966,-3.426,1.040,0.172,1,1,4.394
1778532633401,0.065,1.025,-0.096,0.184,-0.003,-0.029,98.226,-3.231,1.016,0.139,1,1,3.300
1778532633415,0.064,1.024,-0.100,0.181,-0.005,-0.029,98.471,-3.151,1.029,0.114,1,1,3.258
1778532633428,0.063,1.023,-0.104,0.178,-0.007,-0.029,98.718,-3.039,1.028,0.107,1,1,3.247
1778532633444,0.063,1.023,-0.108,0.174,-0.008,-0.030,98.956,-3.041,1.027,0.092,1,1,5.679
1778532633457,0.061,1.022,-0.112,0.170,-0.008,-0.030,99.164,-2.885,1.025,0.083,1,1,3.852
1778532633471,0.060,1.022,-0.115,0.167,-0.009,-0.030,99.258,-2.784,1.039,0.094,1,1,3.241
1778532633484,0.059,1.022,-0.118,0.164,-0.010,-0.030,99.371,-2.681,1.039,0.096,1,1,3.264
1778532633498,0.057,1.021,-0.122,0.162,-0.010,-0.029,99.587,-2.555,1.026,0.099,1,1,3.260
1778532633512,0.055,1.021,-0.126,0.159,-0.010,-0.028,99.755,-2.398,1.039,0.102,1,1,3.298
1778532633525,0.054,1.021,-0.129,0.157,-0.010,-0.027,99.900,-2.273,1.042,0.106,1,1,3.845
1778532633542,0.053,1.021,-0.133,0.156,-0.010,-0.025,100.058,-2.269,1.034,0.116,1,1,5.581
1778532633555,0.053,1.021,-0.136,0.155,-0.010,-0.025,100.142,-2.263,1.057,0.141,1,1,3.297
1778532633568,0.054,1.020,-0.140,0.154,-0.011,-0.027,100.401,-2.457,1.030,0.155,1,1,3.254
1778532633582,0.054,1.022,-0.142,0.154,-0.011,-0.030,100.422,-2.491,1.078,0.192,1,1,3.256
1778532633595,0.054,1.024,-0.146,0.155,-0.011,-0.034,100.526,-2.506,1.082,0.219,4,4,3.850
1778532633610,0.050,1.029,-0.148,0.158,-0.011,-0.040,100.477,-2.112,1.154,0.303,4,4,4.580
1778532633624,0.047,1.032,-0.152,0.163,-0.009,-0.045,100.643,-1.878,1.126,0.354,4,4,3.260
1778532633637,0.044,1.037,-0.154,0.171,-0.008,-0.050,100.613,-1.603,1.169,0.401,4,4,3.251
1778532633651,0.043,1.043,-0.155,0.180,-0.007,-0.048,100.430,-1.536,1.185,0.418,4,4,3.966
1778532633665,0.043,1.047,-0.158,0.190,-0.006,-0.046,100.475,-1.577,1.153,0.454,3,3,3.883
1778532633679,0.041,1.049,-0.162,0.201,-0.004,-0.045,100.704,-1.431,1.119,0.480,3,3,3.258
1778532633692,0.040,1.051,-0.167,0.212,-0.002,-0.045,100.940,-1.413,1.142,0.501,3,3,3.251
1778532633705,0.041,1.054,-0.171,0.223,-0.000,-0.046,101.215,-1.518,1.146,0.522,3,3,3.255
1778532633719,0.039,1.056,-0.176,0.235,0.001,-0.046,101.494,-1.395,1.137,0.541,3,3,3.267
1778532633732,0.039,1.057,-0.181,0.247,0.003,-0.047,101.800,-1.431,1.123,0.563,3,3,3.872
1778532633746,0.040,1.059,-0.186,0.259,0.003,-0.048,102.109,-1.561,1.139,0.593,3,3,3.279
1778532633760,0.044,1.060,-0.191,0.272,0.003,-0.050,102.486,-2.020,1.135,0.622,3,3,3.271
1778532633773,0.043,1.060,-0.197,0.285,0.003,-0.053,102.951,-1.943,1.099,0.638,3,3,3.250
1778532633786,0.040,1.059,-0.203,0.299,0.002,-0.054,103.431,-1.613,1.091,0.650,3,3,3.276
1778532633800,0.037,1.057,-0.210,0.312,0.001,-0.054,103.945,-1.417,1.083,0.667,3,3,3.861
1778532633814,0.038,1.056,-0.216,0.326,0.000,-0.055,104.471,-1.560,1.091,0.688,3,3,3.264
1778532633827,0.039,1.056,-0.223,0.340,-0.002,-0.056,104.931,-1.669,1.113,0.714,3,3,3.258
1778532633841,0.039,1.054,-0.230,0.355,-0.004,-0.057,105.535,-1.714,1.081,0.744,3,3,3.372
1778532633855,0.039,1.052,-0.237,0.370,-0.008,-0.058,105.979,-1.728,1.091,0.767,3,3,3.426
1778532633868,0.039,1.049,-0.244,0.385,-0.011,-0.059,106.567,-1.799,1.065,0.804,3,3,3.910
1778532633882,0.037,1.046,-0.252,0.401,-0.015,-0.061,107.227,-1.542,1.059,0.815,3,3,3.301
1778532633896,0.032,1.043,-0.260,0.417,-0.019,-0.062,107.862,-0.987,1.065,0.837,3,3,3.261
1778532633909,0.030,1.038,-0.268,0.433,-0.022,-0.062,108.624,-0.856,1.037,0.863,3,3,3.291
1778532633922,0.027,1.032,-0.277,0.449,-0.026,-0.062,109.466,-0.569,1.016,0.874,3,3,3.254
1778532633936,0.021,1.027,-0.286,0.465,-0.028,-0.061,110.250,0.058,1.035,0.889,4,4,3.848
1778532633950,0.019,1.021,-0.295,0.481,-0.031,-0.059,111.106,0.183,1.028,0.896,4,4,3.275
1778532633963,0.015,1.016,-0.304,0.497,-0.034,-0.057,111.847,0.539,1.037,0.919,4,4,3.594
1778532633977,0.010,1.010,-0.314,0.513,-0.035,-0.055,112.771,0.991,1.033,0.949,4,4,3.271
1778532633990,0.007,1.003,-0.324,0.530,-0.037,-0.052,113.659,1.195,1.019,0.963,4,4,3.439
1778532634004,0.003,0.997,-0.335,0.546,-0.038,-0.048,114.668,1.516,1.033,0.974,4,4,3.868
1778532634018,0.000,0.992,-0.346,0.563,-0.039,-0.044,115.476,1.754,1.059,0.992,4,4,3.283
1778532634031,0.001,0.990,-0.357,0.580,-0.040,-0.041,116.127,1.464,1.122,1.034,4,4,3.268
1778532634045,0.003,0.990,-0.366,0.600,-0.041,-0.039,116.435,1.070,1.147,1.120,4,4,3.287
1778532634058,0.008,0.990,-0.377,0.622,-0.044,-0.039,117.007,0.516,1.175,1.197,4,4,3.268
1778532634071,0.010,0.991,-0.389,0.646,-0.046,-0.042,117.528,0.166,1.197,1.274,4,4,3.896
1778532634085,0.012,0.991,-0.401,0.673,-0.049,-0.046,118.077,-0.058,1.202,1.391,4,4,3.266
1778532634099,0.006,0.991,-0.414,0.703,-0.052,-0.051,118.830,0.461,1.207,1.498,4,4,3.255
1778532634112,-0.004,0.985,-0.430,0.734,-0.051,-0.057,120.028,1.425,1.176,1.554,4,4,3.271
1778532634125,-0.018,0.979,-0.447,0.765,-0.047,-0.062,121.381,2.785,1.234,1.588,4,4,3.262
1778532634139,-0.034,0.972,-0.467,0.795,-0.040,-0.066,122.936,4.153,1.281,1.587,4,4,4.008
1778532634153,-0.054,0.962,-0.481,0.824,-0.028,-0.067,124.240,6.121,1.188,1.615,4,4,3.263
1778532634167,-0.072,0.945,-0.500,0.852,-0.012,-0.068,126.578,7.733,1.172,1.626,4,4,3.792
1778532634180,-0.080,0.922,-0.521,0.875,0.005,-0.069,129.401,8.251,1.095,1.545,4,4,3.291
1778532634194,-0.079,0.900,-0.538,0.893,0.022,-0.073,131.893,7.831,1.003,1.449,4,4,3.264
1778532634207,-0.074,0.878,-0.555,0.908,0.037,-0.083,134.257,6.904,1.005,1.392,4,4,4.144
1778532634221,-0.064,0.850,-0.576,0.917,0.049,-0.094,137.377,5.461,1.080,1.284,4,4,3.259
1778532634235,-0.057,0.823,-0.592,0.923,0.058,-0.106,140.059,4.352,0.970,1.175,4,4,3.262
1778532634248,-0.049,0.800,-0.602,0.926,0.065,-0.118,142.059,3.195,0.877,1.137,4,4,3.268
1778532634261,-0.043,0.776,-0.610,0.929,0.072,-0.126,143.990,2.300,0.833,1.080,4,4,3.264
1778532634275,-0.037,0.749,-0.621,0.931,0.078,-0.126,146.418,1.469,0.878,1.029,4,4,3.973
1778532634289,-0.030,0.719,-0.634,0.932,0.083,-0.123,149.213,0.655,0.924,0.968,4,4,3.255
1778532634302,-0.023,0.685,-0.649,0.929,0.086,-0.120,118.147,-0.196,1.004,0.864,4,4,3.259
1778532634315,-0.017,0.648,-0.667,0.920,0.089,-0.117,90.680,-0.729,1.072,0.723,4,4,3.266
1778532634329,-0.010,0.617,-0.684,0.908,0.089,-0.110,65.215,-1.431,1.059,0.610,4,4,3.254
1778532634342,-0.003,0.587,-0.699,0.893,0.089,-0.102,42.265,-1.972,1.053,0.516,4,4,3.907
1778532634356,0.001,0.559,-0.714,0.875,0.087,-0.095,21.353,-2.283,1.047,0.404,4,4,3.395
1778532634370,0.004,0.535,-0.729,0.854,0.084,-0.087,36.411,-2.494,1.049,0.342,4,4,3.291
1778532634383,0.009,0.514,-0.743,0.833,0.081,-0.077,49.768,-2.767,1.049,0.332,4,4,3.279
1778532634397,0.013,0.496,-0.756,0.811,0.077,-0.065,61.710,-3.091,1.057,0.350,4,4,3.253
1778532634410,0.019,0.477,-0.769,0.788,0.072,-0.053,72.580,-3.515,1.071,0.335,1,1,3.931
1778532634424,0.027,0.460,-0.782,0.765,0.064,-0.042,82.408,-4.199,1.083,0.316,1,1,3.274
1778532634437,0.034,0.442,-0.794,0.742,0.056,-0.032,91.367,-4.723,1.084,0.323,1,1,3.267
1778532634451,0.041,0.427,-0.806,0.718,0.045,-0.019,99.304,-5.257,1.085,0.389,1,1,3.258
