timestamp,ax,ay,az,gx,gy,gz,roll_k,pitch_k,delay_ms,classe_prevista
1774299647557,0.0218172,-0.663795,0.167048,-21.4201,-22.8003,30.6354,0,0,3.28492,-1
1774299647571,0.0286312,-0.805591,0.200099,-28.6573,-12.4191,23.0446,0,0,3.27809,-1
1774299647584,0.0441748,-0.903054,0.180989,-33.4631,-9.2626,19.8556,0,0,3.27703,-1
1774299647598,0.0556773,-0.944128,0.182066,-36.1023,-8.06319,18.6046,0,0,3.744,-1
1774299647611,0.0772996,-1.00976,0.17095,-38.6147,-8.19388,17.5231,0,0,3.2624,-1
1774299647625,0.0901334,-1.0374,0.161769,-43.0132,-9.50111,16.4101,0,0,3.25849,-1
1774299647638,0.0881488,-1.04229,0.163693,-46.4576,-11.5903,16.3403,0,0,3.29248,-1
1774299647651,0.0741136,-1.07303,0.144808,-49.9363,-12.814,15.7107,0,0,3.2502,-1
1774299647665,0.0515603,-1.09022,0.140459,-53.7808,-12.9968,13.2981,0,0,3.27055,-1
1774299647678,0.0287824,-1.1014,0.128521,-57.2475,-12.1121,10.0966,0,0,3.33814,0
1774299647692,0.0190125,-1.11201,0.12721,-58.8145,-11.3642,6.91978,0,0,3.38246,0
1774299647705,0.0139914,-1.1151,0.129231,-59.1622,-11.3212,3.7867,0,0,3.27105,0
1774299647718,0.000450361,-1.12996,0.11561,-60.5172,-12.2272,-0.291432,0,0,3.26874,0
1774299647732,-0.0229961,-1.13166,0.0999162,-61.5043,-11.2271,-3.88893,0,0,3.28614,1
1774299647745,-0.037377,-1.1334,0.0928721,-62.7285,-8.75732,-6.29268,0,0,3.29777,1
1774299647759,-0.0375469,-1.1254,0.0895722,-64.3092,-6.15791,-7.74083,0,0,3.29711,1
1774299647772,-0.0390802,-1.10935,0.0921074,-65.556,-4.28481,-8.21621,0,0,3.28429,1
1774299647786,-0.0338836,-1.09616,0.0895688,-66.1248,-2.34341,-7.92756,0,0,3.31677,1
1774299647799,-0.0329227,-1.07216,0.0988298,-65.2938,-0.135363,-7.2205,0,0,3.28048,1
1774299647813,-0.0316789,-1.04226,0.122699,-62.8703,2.16615,-6.44673,0,0,3.71327,1
1774299647826,-0.029347,-1.01721,0.145181,-60.4494,4.68217,-5.64323,0,0,3.28857,1
1774299647840,-0.0165329,-0.990804,0.16547,-57.0749,6.49978,-4.51807,0,0,3.29,2
1774299647853,-0.0011991,-0.967765,0.183939,-53.1988,6.99785,-2.32007,0,0,3.31161,2
1774299647867,0.0116482,-0.943693,0.201253,-48.6728,6.48249,0.869872,0,0,3.28064,2
1774299647880,0.0199979,-0.923719,0.218993,-43.5126,5.29643,4.32493,0,0,3.3052,2
1774299647893,0.0234512,-0.906128,0.234948,-37.8218,3.70319,7.57652,0,0,3.28103,5
1774299647907,0.023832,-0.893302,0.248374,-31.6372,2.11848,10.5787,0,0,3.83228,5
1774299647921,0.0265431,-0.884206,0.259959,-25.2959,0.500096,13.1454,0,0,3.28929,5
1774299647934,0.0275105,-0.876473,0.268526,-18.7298,-1.02645,15.3195,0,0,3.28955,5
1774299647948,0.0269652,-0.873031,0.275704,-11.8467,-2.10213,17.2508,0,0,3.32061,5
1774299647961,0.0260307,-0.873321,0.280249,-5.08882,-2.84379,18.6395,0,0,3.27848,5
1774299647974,0.0216175,-0.875911,0.28228,1.6696,-2.99156,19.3468,0,0,3.31192,5
1774299647988,0.0183707,-0.883956,0.283803,8.22061,-2.64929,19.3149,0,0,3.28431,5
1774299648001,0.013409,-0.897171,0.28361,13.9226,-1.79558,18.673,0,0,3.37031,4
1774299648015,0.00980469,-0.909199,0.281497,19.0109,-0.509122,17.6048,0,0,3.27876,4
1774299648028,0.00844055,-0.922324,0.278784,23.5358,0.925497,16.438,0,0,3.2752,4
1774299648041,0.0115533,-0.936925,0.276618,27.3094,2.1695,15.3589,0,0,3.31039,4
1774299648055,0.0180351,-0.95259,0.274646,30.037,2.88571,14.5188,0,0,3.29817,4
1774299648068,0.0248712,-0.959733,0.271813,32.2336,3.05422,14.0338,0,0,3.30894,4
1774299648082,0.0319093,-0.96245,0.270433,34.7717,2.65331,13.7537,0,0,3.28,4
1774299648095,0.0369298,-0.96467,0.269426,37.4145,1.93146,13.5647,0,0,3.32615,4
1774299648109,0.0416655,-0.967047,0.269196,40.2482,0.960297,13.2229,0,0,3.28011,4
1774299648123,0.0455657,-0.970442,0.268989,42.8587,-0.185399,12.6692,0,0,3.68872,4
1774299648136,0.0469009,-0.973804,0.267172,45.202,-1.40996,11.8851,0,0,3.28646,4
1774299648149,0.0482928,-0.979159,0.265698,47.0063,-2.64135,10.9297,0,0,3.29392,4
1774299648163,0.0478761,-0.981886,0.263887,47.9806,-3.87501,9.96808,0,0,3.2942,5
1774299648176,0.0471604,-0.973313,0.258578,49.6214,-5.00083,8.98936,0,0,3.28485,5
1774299648190,0.0469721,-0.968392,0.253543,52.7956,-6.01706,8.32583,0,0,3.3007,5
1774299648203,0.0479415,-0.974721,0.250791,55.7779,-7.20699,7.85469,0,0,3.31513,5
1774299648217,0.0444982,-0.975164,0.242971,58.2536,-8.3797,7.10418,0,0,3.9162,5
1774299648230,0.0415313,-0.970508,0.235047,61.9231,-8.97613,6.2006,0,0,3.28635,5
1774299648244,0.0427811,-0.978621,0.228958,65.8608,-9.40949,5.33085,0,0,3.27442,5
1774299648257,0.0469057,-0.994158,0.221357,68.3023,-10.1291,4.36478,0,0,3.30053,5
1774299648271,0.0497566,-1.00319,0.210244,69.62,-10.9704,3.1935,0,0,3.27127,5
1774299648284,0.056008,-1.00837,0.198123,70.9408,-11.9878,1.83171,0,0,3.28729,5
1774299648297,0.065274,-1.01554,0.187127,72.0282,-13.5541,0.429365,0,0,3.2735,5
1774299648311,0.0711482,-1.02906,0.175852,72.0107,-15.5465,-0.533816,0,0,3.35803,5
1774299648324,0.0753749,-1.0406,0.164256,70.7413,-17.8286,-1.13006,0,0,3.26907,5
1774299648338,0.0801444,-1.05306,0.152838,68.1776,-20.4953,-1.90848,0,0,3.26218,5
1774299648351,0.0837403,-1.06165,0.140748,64.5128,-23.6826,-3.00119,0,0,3.31037,5
1774299648364,0.0803704,-1.06273,0.125713,60.2805,-26.9101,-3.73374,0,0,3.2714,3
1774299648378,0.0698031,-1.04743,0.100656,57.0097,-29.3223,-3.39919,0,0,3.30202,3
1774299648391,0.0599447,-1.0404,0.0866759,56.375,-31.0742,-2.19548,0,0,3.28103,3
1774299648405,0.045884,-1.05524,0.0753715,55.596,-31.9596,-1.26234,0,0,3.3017,3
1774299648418,0.0284652,-1.073,0.0620898,51.2807,-31.6215,-1.23304,0,0,3.27513,3
1774299648432,0.0071302,-1.0783,0.0452124,45.8341,-29.309,-1.01722,0,0,3.69493,2
1774299648446,-0.00791433,-1.08131,0.0309619,40.9741,-25.8203,-0.582553,0,0,3.2875,2
1774299648459,-0.0281474,-1.08973,0.0211722,35.4421,-21.3721,-0.294454,0,0,3.28996,2
1774299648472,-0.0427457,-1.07507,0.0192133,29.578,-15.3165,-0.0791102,0,0,3.30113,2
1774299648486,-0.0458098,-1.06155,0.0271792,25.974,-10.0108,-0.894294,0,0,3.27953,2
1774299648499,-0.0547273,-1.04864,0.0818035,24.6585,-5.4231,-2.68032,0,0,3.29983,2
1774299648513,-0.0460395,-1.04477,0.140699,21.3396,-1.61662,-5.91936,0,0,3.28,2
1774299648526,-0.0328739,-1.05769,0.172936,14.8512,-0.41342,-10.0483,0,0,3.81715,2
1774299648540,-0.0212843,-1.06919,0.171423,6.08992,-1.78451,-11.7071,0,0,3.28118,2
1774299648553,-0.0125491,-1.0571,0.168724,0.0624923,-3.65943,-9.91771,0,0,3.29315,2
1774299648567,-0.0119777,-1.04776,0.170157,-2.32375,-4.36342,-8.35596,0,0,3.29537,2
1774299648580,-0.0105221,-1.04885,0.176769,-4.80602,-4.01751,-9.64018,0,0,3.28313,2
1774299648593,-0.00437063,-1.04044,0.184972,-6.72323,-3.29657,-11.5063,0,0,3.29778,2
1774299648607,0.0082802,-1.03449,0.191243,-7.48782,-3.02725,-11.7057,0,0,3.28763,2
1774299648621,0.015638,-1.03241,0.196127,-8.84033,-2.83514,-10.595,0,0,3.93446,5
1774299648634,0.0203098,-1.02469,0.19994,-10.5623,-2.56945,-9.83019,0,0,3.2789,5
1774299648648,0.0231621,-1.01551,0.201245,-11.237,-2.06,-9.73651,0,0,3.27804,5
1774299648661,0.0265093,-1.00791,0.204267,-11.4532,-1.33932,-9.75472,0,0,3.31159,5
1774299648674,0.0336856,-1.00489,0.206034,-11.701,-0.994826,-9.5959,0,0,3.28676,5
1774299648688,0.0403227,-1.00007,0.208792,-11.5855,-0.987408,-9.11753,0,0,3.30831,5
1774299648701,0.0436658,-0.996181,0.212241,-11.4503,-1.20351,-8.68442,0,0,3.2865,3
1774299648715,0.0461892,-0.992822,0.215646,-11.386,-1.36638,-8.40023,0,0,3.31255,3
1774299648729,0.0485485,-0.990647,0.215387,-11.3002,-1.46702,-8.2339,0,0,3.27778,3
1774299648742,0.0519262,-0.98768,0.217105,-10.9776,-1.52004,-8.14798,0,0,3.70639,3
1774299648756,0.0563098,-0.986937,0.219751,-10.8559,-1.58336,-8.02963,0,0,3.32157,3
1774299648769,0.0599992,-0.984101,0.219985,-10.9749,-1.69023,-7.80787,0,0,3.27983,3
1774299648783,0.0625015,-0.979038,0.220829,-10.8543,-1.87033,-7.52232,0,0,3.30585,3
1774299648796,0.0644135,-0.976975,0.22313,-10.6522,-2.11397,-7.34058,0,0,3.27703,3
1774299648809,0.0681111,-0.97763,0.224285,-10.7454,-2.22362,-7.18745,0,0,3.30005,3
1774299648823,0.0732489,-0.974251,0.227493,-10.7468,-2.35367,-6.75259,0,0,3.30994,3
1774299648837,0.0774675,-0.973124,0.227292,-10.9293,-2.59203,-6.11175,0,0,3.9227,3
1774299648850,0.080882,-0.969792,0.229631,-10.8823,-2.88982,-5.34072,0,0,3.28605,3
1774299648864,0.0846703,-0.972139,0.231569,-10.8718,-3.23128,-4.58211,0,0,3.28679,3
1774299648877,0.0882501,-0.976263,0.230912,-11.2678,-3.52918,-3.77228,0,0,3.313,3
1774299648890,0.0903383,-0.969569,0.236253,-11.463,-3.69004,-2.71543,0,0,3.27909,3
1774299648904,0.0914593,-0.971103,0.235637,-12.1988,-3.65904,-1.7808,0,0,3.28815,3
1774299648917,0.093941,-0.964486,0.236255,-12.7653,-3.44052,-0.565039,0,0,3.26583,3
1774299648931,0.0957267,-0.971635,0.231826,-13.1227,-3.4248,0.329035,0,0,3.35065,3
1774299648944,0.0961742,-0.96917,0.232771,-13.2057,-3.36201,1.24361,0,0,3.2715,3
1774299648957,0.0934305,-0.967326,0.232969,-13.2807,-3.3447,1.75276,0,0,3.30065,3
1774299648971,0.0939357,-0.970143,0.229678,-13.333,-3.38702,2.02826,0,0,3.30437,3
1774299648984,0.0927316,-0.974386,0.230492,-13.4043,-3.40385,2.25104,0,0,3.28255,3
1774299648998,0.0925839,-0.975517,0.233641,-13.9995,-3.23176,2.16374,0,0,3.30115,3
1774299649011,0.091738,-0.970245,0.230929,-14.8276,-3.11257,2.14342,0,0,3.27452,3
1774299649025,0.0907689,-0.963409,0.235169,-14.9422,-3.04031,2.54473,0,0,3.3637,3
1774299649038,0.0895965,-0.965629,0.232977,-15.6883,-2.8899,2.66275,0,0,3.28065,3
1774299649051,0.090846,-0.963513,0.226578,-16.0424,-2.81086,2.90818,0,0,3.27541,1
1774299649065,0.0936851,-0.962343,0.225286,-15.5275,-3.03343,3.01396,0,0,3.31215,1
1774299649078,0.0888617,-0.956088,0.22501,-15.5206,-3.01228,3.08297,0,0,3.27344,1
1774299649092,0.0890434,-0.961041,0.219515,-15.13,-3.2304,2.96056,0,0,3.29541,1
1774299649105,0.0894735,-0.958901,0.218585,-14.7527,-3.24103,2.95464,0,0,3.27467,3
1774299649119,0.0902478,-0.956823,0.217717,-14.2571,-3.26519,2.9255,0,0,3.30105,3
1774299649132,0.0898564,-0.956714,0.215231,-14.0371,-3.33338,3.05299,0,0,3.27535,1
1774299649146,0.090016,-0.960561,0.210975,-13.6728,-3.40717,3.23457,0,0,3.70643,1
1774299649159,0.089827,-0.958912,0.208913,-13.3987,-3.40617,3.38198,0,0,3.33018,3
1774299649173,0.0902655,-0.960378,0.207347,-13.0774,-3.43305,3.51385,0,0,3.27563,3
1774299649186,0.0912614,-0.963008,0.205688,-13.023,-3.44302,3.73594,0,0,3.30568,3
1774299649200,0.0916158,-0.961593,0.204615,-12.9391,-3.46955,4.02394,0,0,3.27909,3
1774299649213,0.0913034,-0.962857,0.202084,-12.799,-3.48988,4.19173,0,0,3.29791,3
1774299649226,0.0908979,-0.961854,0.199973,-12.6733,-3.49195,4.35739,0,0,3.26906,3
1774299649240,0.0909906,-0.961067,0.200292,-12.3461,-3.54057,4.50562,0,0,3.59937,1
1774299649253,0.0893922,-0.962012,0.198707,-12.4067,-3.46058,4.604,0,0,3.26778,1
1774299649267,0.0899352,-0.962936,0.196306,-12.3146,-3.36752,4.71356,0,0,3.28798,1
1774299649280,0.0899098,-0.963372,0.195088,-12.3509,-3.24842,4.82897,0,0,3.27067,1
1774299649293,0.0896827,-0.964088,0.193101,-12.5247,-3.10132,4.95631,0,0,3.2575,1
1774299649307,0.089284,-0.9649,0.191607,-12.691,-3.04211,5.07266,0,0,3.28367,1
1774299649320,0.087376,-0.964332,0.189623,-12.9793,-2.98452,5.08443,0,0,3.25954,1
1774299649334,0.0851349,-0.964333,0.18732,-13.1852,-2.92287,4.99705,0,0,3.27187,1
1774299649347,0.0843799,-0.964953,0.185801,-13.3041,-2.87367,4.74887,0,0,3.25824,1
1774299649360,0.0830921,-0.968685,0.181039,-13.7071,-2.87605,4.44867,0,0,3.35307,1
1774299649374,0.0829816,-0.968784,0.178652,-13.8751,-2.883,4.22782,0,0,3.2797,1
1774299649387,0.0789575,-0.967886,0.177875,-14.3159,-2.76111,3.89262,0,0,3.38274,1
1774299649401,0.0778428,-0.970625,0.174367,-14.6334,-2.60794,3.53639,0,0,3.28568,1
1774299649414,0.0779725,-0.97381,0.169881,-15.0295,-2.44496,3.12608,0,0,3.26413,1
1774299649427,0.0776909,-0.975105,0.167533,-15.3832,-2.46753,2.82013,0,0,3.28487,1
1774299649441,0.077112,-0.98023,0.165385,-16.0507,-2.50553,2.61142,0,0,3.27294,1
1774299649454,0.0782881,-0.980977,0.165498,-16.6516,-2.47846,2.50904,0,0,3.29109,1
1774299649467,0.080395,-0.984115,0.165926,-17.1717,-2.39895,2.35374,0,0,3.30439,1
1774299649481,0.0834774,-0.989582,0.165247,-17.9088,-2.38257,2.36387,0,0,3.26983,1
1774299649494,0.0847488,-0.99133,0.166893,-18.7168,-2.48058,2.60508,0,0,3.29817,1
1774299649508,0.084694,-0.992243,0.169705,-19.6177,-2.61162,2.96593,0,0,3.27102,1
1774299649521,0.0857093,-0.999255,0.166469,-20.9092,-2.85521,3.2209,0,0,3.27374,1
1774299649534,0.0880896,-1.00403,0.161986,-22.171,-3.20973,3.49154,0,0,3.26944,1
1774299649548,0.0927787,-1.00894,0.160347,-23.1612,-3.87579,3.60955,0,0,3.26368,1
1774299649561,0.0960456,-1.0174,0.155887,-24.6525,-4.9408,3.56765,0,0,3.26413,1
1774299649574,0.0931052,-1.01664,0.154226,-26.4974,-6.15846,3.70666,0,0,3.28565,1
1774299649588,0.0860332,-1.02261,0.148186,-28.2871,-7.03891,3.41054,0,0,3.27561,1
1774299649601,0.0711881,-1.03139,0.142133,-31.0243,-6.96308,2.2571,0,0,3.26157,1
1774299649614,0.0720147,-1.02858,0.136824,-33.4623,-6.32673,0.515373,0,0,3.2765,1
1774299649628,0.070627,-1.02723,0.133585,-35.4039,-6.2279,-1.13936,0,0,3.27413,1
1774299649641,0.068969,-1.03285,0.129024,-37.4138,-6.1389,-1.79908,0,0,3.25898,1
1774299649654,0.068654,-1.04278,0.122847,-39.8908,-6.11441,-2.26552,0,0,3.29085,1
1774299649668,0.0690042,-1.04983,0.119696,-42.4005,-6.09215,-3.16437,0,0,3.29774,1
1774299649681,0.0706736,-1.05554,0.121764,-44.7819,-6.04159,-4.29113,0,0,3.30744,1
1774299649695,0.0751955,-1.06477,0.117026,-47.5949,-6.30902,-5.33285,0,0,3.26418,3
1774299649708,0.0763272,-1.07013,0.111823,-50.549,-6.53232,-5.55182,0,0,3.26822,3
1774299649721,0.0801641,-1.0757,0.105566,-53.1532,-6.42239,-5.34274,0,0,3.26828,3
1774299649735,0.084271,-1.0821,0.0988248,-56.0049,-6.19446,-5.49137,0,0,3.26887,3
1774299649748,0.0863084,-1.08019,0.096382,-58.8534,-6.00799,-5.69203,0,0,3.271,3
1774299649761,0.087819,-1.0815,0.0864762,-61.5866,-5.99127,-5.79623,0,0,3.27119,3
1774299649775,0.0856013,-1.07693,0.0794807,-64.0637,-5.64408,-5.44413,0,0,3.31522,3
1774299649788,0.0872175,-1.0699,0.0721611,-66.0341,-5.29152,-4.56584,0,0,3.27037,3
1774299649801,0.088699,-1.05485,0.0630262,-66.8025,-4.76177,-3.14506,0,0,3.26841,3
1774299649815,0.0954328,-1.03524,0.0593944,-65.514,-3.76547,-1.35096,0,0,3.26904,3
1774299649828,0.0972384,-1.00264,0.0746594,-61.4675,-2.67776,1.10382,0,0,3.29285,3
1774299649842,0.0981108,-0.991172,0.0912854,-56.7312,-1.59882,4.07004,0,0,3.2832,3
1774299649855,0.098155,-0.97834,0.107601,-52.8335,-0.928518,6.65193,0,0,3.2687,3
1774299649868,0.100002,-0.961104,0.123971,-48.361,-0.679897,8.66509,0,0,3.45009,5
1774299649882,0.107127,-0.945477,0.13969,-43.6059,-1.07851,10.3465,0,0,3.27163,5
1774299649895,0.116621,-0.930863,0.153696,-38.6478,-2.32013,12.0544,0,0,3.27757,5
1774299649909,0.123778,-0.919495,0.166428,-33.2493,-4.35618,14.0458,0,0,3.28467,5
1774299649922,0.1257,-0.910128,0.177567,-27.7421,-6.65654,16.0497,0,0,3.30952,5
1774299649935,0.124506,-0.901631,0.188091,-21.9705,-8.8754,17.5824,0,0,3.27802,5
1774299649949,0.122242,-0.894562,0.196778,-16.0486,-10.8966,18.4734,0,0,3.28467,5
1774299649962,0.119544,-0.890311,0.203419,-9.98061,-12.5338,19.0672,0,0,3.29811,5
1774299649975,0.116911,-0.888051,0.208563,-3.81239,-13.862,19.3251,0,0,3.32541,5
1774299649989,0.111307,-0.888772,0.212361,2.14044,-14.7022,19.0534,0,0,3.32411,4
1774299650002,0.106001,-0.889045,0.215171,7.9529,-14.9784,18.1019,0,0,3.29233,4
1774299650016,0.0987819,-0.88905,0.216822,13.8714,-14.7462,16.6558,0,0,3.2685,5
1774299650029,0.089967,-0.890122,0.217953,20.0393,-13.8274,15.0994,0,0,3.4145,4
1774299650043,0.0825304,-0.893604,0.218671,26.2685,-12.4378,13.2745,0,0,3.40909,4
1774299650056,0.0764975,-0.899613,0.218076,32.4472,-10.7125,11.1584,0,0,3.32585,4
1774299650070,0.0735471,-0.908199,0.216205,38.5413,-8.80263,8.97859,0,0,3.3228,4
1774299650083,0.0727651,-0.920061,0.212281,44.3326,-6.88301,6.99857,0,0,3.28904,4
1774299650096,0.0747505,-0.933818,0.207866,49.6482,-5.14428,5.35527,0,0,3.26795,5
1774299650110,0.0778342,-0.948392,0.20232,54.414,-3.78312,3.97242,0,0,3.26648,5
1774299650123,0.0819362,-0.965544,0.197529,58.3999,-2.70255,2.85426,0,0,3.26598,5
1774299650136,0.0849512,-0.985521,0.193226,61.0523,-2.00117,1.90459,0,0,3.26426,5
1774299650150,0.0853894,-0.997568,0.18532,62.7013,-1.4329,1.00646,0,0,3.33565,5
1774299650163,0.0873245,-1.00582,0.176917,64.6291,-1.1547,0.0152791,0,0,3.27332,5
1774299650177,0.0888654,-1.01279,0.166756,66.864,-1.21967,-0.940862,0,0,3.31102,5
1774299650190,0.0889295,-1.02111,0.15657,69.4348,-1.57302,-2.0626,0,0,3.28348,5
1774299650203,0.0880086,-1.03611,0.147043,71.7517,-1.90484,-3.84591,0,0,3.26417,5
1774299650217,0.080252,-1.05302,0.135124,72.7102,-1.89904,-6.06571,0,0,3.27521,5
1774299650230,0.0706993,-1.06236,0.120396,72.7213,-1.08387,-8.05437,0,0,3.28609,5
1774299650244,0.0634861,-1.06537,0.105126,72.7969,0.425478,-9.39968,0,0,3.29935,5
1774299650257,0.0611795,-1.07072,0.0910265,72.8798,2.16231,-10.0157,0,0,3.26917,5
1774299650270,0.0568918,-1.0768,0.0754505,72.3368,3.92419,-10.145,0,0,3.28732,5
1774299650284,0.0521402,-1.07647,0.0582389,71.4153,5.8981,-10.0572,0,0,3.30737,5
1774299650297,0.0485147,-1.07656,0.0431253,70.9278,8.19761,-9.99362,0,0,3.26846,5
1774299650310,0.0468949,-1.08297,0.0306799,70.0387,10.5908,-10.1678,0,0,3.28989,5
1774299650325,0.0453352,-1.09113,0.0175509,67.6498,12.997,-10.6765,0,0,3.98306,5
1774299650338,0.0441106,-1.0924,0.00264711,64.5865,15.5466,-11.307,0,0,3.33258,5
1774299650351,0.0463349,-1.09166,-0.0131103,61.7734,18.0774,-11.9012,0,0,3.29352,5
1774299650366,0.0507467,-1.09676,-0.0262674,58.8081,20.1035,-12.3456,0,0,4.30862,5
1774299650379,0.0565671,-1.10395,-0.0396499,54.5567,21.2838,-12.7112,0,0,3.28315,5
1774299650393,0.0605421,-1.10874,-0.0541662,49.3564,21.9559,-12.7389,0,0,3.2615,5
1774299650406,0.062336,-1.11404,-0.0697665,44.0538,22.2778,-12.2269,0,0,3.27691,5
1774299650419,0.0597594,-1.12458,-0.0762926,38.2322,22.395,-11.4285,0,0,3.25189,5
1774299650433,0.0541031,-1.1096,-0.0507269,33.933,22.4585,-10.0235,0,0,3.2757,5
1774299650446,0.0525271,-1.09914,-0.00255515,31.0487,21.6115,-9.52723,0,0,3.26256,5
1774299650460,0.0502299,-1.10458,0.0294164,26.7936,19.9809,-10.7869,0,0,3.27656,5
1774299650473,0.0469122,-1.11969,0.0468145,19.9521,18.1048,-12.8666,0,0,3.26011,5
1774299650486,0.0492701,-1.11096,0.0540668,13.1368,15.9653,-13.4354,0,0,3.30558,5
1774299650500,0.0520161,-1.09926,0.0613115,9.09085,14.4258,-12.2356,0,0,3.29156,5
1774299650513,0.0516952,-1.09598,0.0685597,5.82084,14.0675,-10.9884,0,0,3.2715,5
1774299650526,0.0532888,-1.09155,0.0776904,1.93439,14.4859,-10.6893,0,0,3.28352,5
1774299650540,0.0569801,-1.08054,0.0828877,-1.10205,14.9048,-10.595,0,0,3.25983,5
1774299650553,0.0601577,-1.0709,0.0883915,-2.98805,14.9525,-9.52624,0,0,3.28863,5
1774299650567,0.0607085,-1.06325,0.0945409,-4.84663,14.992,-7.77113,0,0,3.26689,5
1774299650581,0.059196,-1.05532,0.0985315,-6.75638,14.9582,-6.73834,0,0,4.39292,5
1774299650594,0.0599277,-1.04377,0.102572,-7.67523,14.8154,-6.5492,0,0,3.26848,5
1774299650608,0.061503,-1.03906,0.106499,-8.13876,14.019,-6.36896,0,0,3.26615,5
1774299650621,0.062689,-1.03454,0.109423,-8.85247,13.1111,-5.72868,0,0,3.29365,5
1774299650635,0.0631612,-1.02972,0.111054,-9.217,12.2695,-4.95261,0,0,3.27163,5
1774299650648,0.0617229,-1.02549,0.116436,-9.37396,11.3376,-4.49411,0,0,3.29371,5
1774299650661,0.0602515,-1.02655,0.12311,-9.7559,10.5376,-4.29469,0,0,3.28106,5
1774299650676,0.0596985,-1.02621,0.128179,-10.3819,9.92601,-4.18739,0,0,4.25006,5
1774299650689,0.0588281,-1.02577,0.130795,-10.942,9.40649,-4.03771,0,0,3.30293,5
1774299650703,0.0573231,-1.02442,0.13588,-11.3494,9.00132,-3.89087,0,0,3.30557,5
1774299650716,0.0561401,-1.02247,0.139418,-11.8377,8.69466,-3.94838,0,0,3.29339,5
1774299650729,0.0572297,-1.01963,0.140507,-12.3961,8.31443,-4.17821,0,0,3.2677,5
1774299650743,0.0592859,-1.01506,0.141975,-12.5644,7.77869,-4.23758,0,0,3.30032,5
1774299650756,0.0610067,-1.01282,0.142695,-12.713,7.10814,-4.28591,0,0,3.28082,5
1774299650769,0.0616058,-1.00888,0.144548,-12.9248,6.40157,-4.31227,0,0,3.29595,5
1774299650783,0.0646344,-1.01117,0.142668,-12.9128,5.62158,-4.28875,0,0,3.29246,5
1774299650797,0.0645731,-1.00788,0.143241,-13.0748,4.8695,-4.09358,0,0,4.22652,5
1774299650811,0.0635643,-1.00482,0.143991,-12.9169,4.13006,-3.87595,0,0,3.25937,5
1774299650824,0.0625995,-1.00633,0.143598,-12.886,3.51517,-3.91973,0,0,3.266,5
1774299650837,0.063161,-1.00624,0.143009,-12.8727,2.97631,-4.02186,0,0,3.27991,5
1774299650851,0.0642532,-1.00427,0.142851,-12.76,2.41114,-3.99366,0,0,3.27039,5
1774299650864,0.0641552,-1.00287,0.142541,-12.6373,1.85927,-3.95676,0,0,3.27402,5
1774299650877,0.0641789,-1.002,0.141079,-12.5035,1.33878,-3.98102,0,0,3.32187,5
1774299650892,0.0645966,-0.999041,0.141433,-12.2046,0.837642,-4.02062,0,0,4.48597,5
1774299650905,0.0648999,-0.996937,0.141601,-11.9833,0.38388,-3.98222,0,0,3.26795,5
1774299650919,0.0663645,-0.995587,0.140683,-11.8194,-0.121075,-3.85861,0,0,3.28856,5
1774299650932,0.0678397,-0.997125,0.137242,-11.5426,-0.713316,-3.73466,0,0,3.28009,1
1774299650945,0.0668054,-0.994496,0.136984,-11.3799,-1.28647,-3.68532,0,0,3.2787,1
1774299650959,0.0665638,-0.990594,0.140528,-10.9604,-1.7885,-3.72737,0,0,3.28517,1
1774299650972,0.0657775,-0.988507,0.143725,-10.8359,-2.26152,-3.77821,0,0,3.26587,1
1774299650986,0.065837,-0.986159,0.143653,-10.8493,-2.74441,-3.72256,0,0,3.59908,1
1774299650999,0.0679973,-0.991227,0.139955,-10.6497,-3.18393,-3.69317,0,0,3.25572,1
1774299651014,0.0682907,-0.991259,0.136311,-10.8034,-3.50675,-3.72108,0,0,4.20634,1
1774299651027,0.0704718,-0.992837,0.132496,-10.51,-3.79475,-3.74015,0,0,3.25387,1
1774299651040,0.068906,-0.987331,0.13708,-10.5867,-3.9921,-3.70121,0,0,3.26113,1
1774299651054,0.0700779,-0.989732,0.136082,-10.7131,-4.19122,-3.69099,0,0,3.27317,3
1774299651067,0.072672,-0.993651,0.131113,-10.8692,-4.29225,-3.61327,0,0,3.25989,3
1774299651080,0.0731133,-0.990854,0.131326,-10.7729,-4.36149,-3.39303,0,0,3.28826,3
1774299651094,0.0724677,-0.98851,0.135587,-10.5887,-4.43413,-3.24167,0,0,3.29721,3
1774299651108,0.071263,-0.986546,0.134654,-10.8704,-4.48557,-3.26965,0,0,4.31232,3
1774299651122,0.0721397,-0.980846,0.139891,-10.5107,-4.55082,-3.07212,0,0,3.2701,3
1774299651135,0.0738535,-0.985976,0.136026,-10.8421,-4.70319,-3.02055,0,0,3.27595,3
1774299651148,0.0755991,-0.986514,0.129522,-11.1139,-4.84744,-2.84469,0,0,3.30095,3
1774299651162,0.0768093,-0.985588,0.130765,-10.601,-5.08936,-2.56438,0,0,3.27032,3
1774299651175,0.0731833,-0.982737,0.130428,-10.9839,-5.27275,-2.53187,0,0,3.31674,3
1774299651189,0.074403,-0.987518,0.123955,-10.7831,-5.35079,-2.5958,0,0,3.48962,3
1774299651203,0.0741387,-0.984967,0.122463,-10.6702,-5.40177,-2.59621,0,0,3.28952,3
1774299651216,0.0747722,-0.984215,0.123621,-10.5731,-5.43661,-2.58461,0,0,3.26358,3
1774299651229,0.0747266,-0.984265,0.122015,-10.9135,-5.42411,-2.59891,0,0,3.29206,3
1774299651243,0.0760924,-0.987323,0.118195,-11.1607,-5.43115,-2.51051,0,0,3.28537,1
1774299651256,0.0763841,-0.988091,0.1175,-11.4955,-5.41381,-2.36498,0,0,3.26769,1
1774299651270,0.077592,-0.988954,0.116814,-11.9315,-5.38589,-2.31753,0,0,3.28069,1
1774299651283,0.0794945,-0.991188,0.114097,-12.4962,-5.39978,-2.2933,0,0,3.2721,1
1774299651296,0.0814632,-0.99058,0.113784,-12.9826,-5.48355,-2.09101,0,0,3.30771,1
1774299651310,0.0826732,-0.991782,0.112566,-13.5964,-5.73732,-1.89622,0,0,3.27747,1
1774299651323,0.082186,-0.994031,0.111647,-14.4377,-6.08261,-1.74918,0,0,3.28648,1
1774299651336,0.083311,-0.997293,0.111377,-15.1513,-6.32718,-1.65321,0,0,3.2843,1
1774299651350,0.0858708,-0.999899,0.112432,-15.9817,-6.4497,-1.63369,0,0,3.28647,1
1774299651363,0.0903153,-1.00415,0.111508,-16.863,-6.59918,-1.44785,0,0,3.28473,1
1774299651377,0.0935405,-1.00841,0.113635,-17.7421,-6.94152,-0.940168,0,0,3.28804,1
1774299651390,0.0957918,-1.01354,0.114431,-18.9443,-7.47575,-0.365044,0,0,3.33795,1
1774299651403,0.095916,-1.01823,0.11326,-20.4585,-8.08192,0.0527892,0,0,3.26148,1
1774299651418,0.0949992,-1.02285,0.108392,-21.9901,-8.56846,0.137606,0,0,4.23912,1
1774299651431,0.0935245,-1.02763,0.104933,-23.6169,-8.76865,-0.16342,0,0,3.26002,1
1774299651444,0.0929792,-1.03033,0.102693,-25.3923,-8.83772,-0.80424,0,0,3.28417,1
1774299651458,0.0907921,-1.02821,0.098234,-27.4157,-8.86737,-1.48961,0,0,3.27934,1
1774299651471,0.0905158,-1.03114,0.0908951,-28.8525,-8.94161,-1.95371,0,0,3.26106,3
1774299651485,0.0886926,-1.03142,0.0875713,-30.2143,-8.99327,-2.4667,0,0,3.27869,3
1774299651498,0.0880276,-1.03415,0.0825458,-31.6444,-8.92085,-3.21297,0,0,3.27297,3
1774299651512,0.0862279,-1.03767,0.0788184,-33.0739,-8.81011,-4.06853,0,0,4.37473,3
1774299651526,0.0877313,-1.04282,0.0744853,-34.6331,-8.75439,-4.84013,0,0,3.25978,3
1774299651539,0.090856,-1.04827,0.0714521,-36.2611,-9.00196,-5.37491,0,0,3.28147,3
1774299651552,0.0944739,-1.05419,0.0691921,-37.9892,-9.39792,-5.66004,0,0,3.27313,3
1774299651566,0.0955419,-1.06109,0.067362,-39.649,-9.67405,-5.77802,0,0,3.2641,3
1774299651579,0.0967021,-1.06043,0.0610635,-40.8462,-9.56345,-6.04139,0,0,3.27867,3
1774299651593,0.0985909,-1.06364,0.0559801,-41.8953,-9.54811,-6.78026,0,0,3.5576,3
1774299651606,0.0994683,-1.06511,0.052176,-43.2303,-9.69978,-7.56075,0,0,3.29284,3
1774299651620,0.0976914,-1.06642,0.0461039,-45.0564,-10.2022,-7.534,0,0,3.26532,3
1774299651633,0.0973695,-1.06015,0.0432549,-46.7844,-10.5561,-6.60957,0,0,3.29082,3
1774299651646,0.0981295,-1.04947,0.0407867,-47.4636,-10.6191,-5.30966,0,0,3.28924,3
1774299651660,0.102636,-1.03807,0.0378926,-46.9328,-10.5343,-4.12848,0,0,3.27502,3
1774299651673,0.105151,-1.01043,0.0548132,-44.567,-10.342,-2.49716,0,0,3.28871,3
1774299651687,0.102005,-0.993705,0.0717733,-41.3388,-10.313,-0.0911269,0,0,3.27741,3
1774299651700,0.0952483,-0.974474,0.0884935,-38.0146,-10.3519,2.49509,0,0,3.31824,3
1774299651713,0.0926417,-0.954823,0.105198,-34.0196,-10.6932,4.71444,0,0,3.27065,3
1774299651727,0.0915371,-0.938851,0.121278,-29.8373,-11.3621,6.93648,0,0,4.08366,3
1774299651741,0.0923812,-0.92315,0.134221,-25.4738,-12.4722,9.50017,0,0,3.2673,3
1774299651754,0.0927507,-0.911307,0.146118,-20.5787,-13.8758,12.1812,0,0,3.27423,3
1774299651768,0.0925168,-0.904071,0.156982,-15.7493,-15.4555,14.4418,0,0,3.27569,2
1774299651781,0.0946955,-0.898081,0.165929,-10.9565,-17.1543,16.0886,0,0,3.2751,2
1774299651794,0.0980387,-0.894477,0.172851,-6.11662,-19.0716,17.5476,0,0,3.3968,4
1774299651808,0.100211,-0.891874,0.178841,-1.26857,-20.8908,19.0871,0,0,3.27321,4
1774299651821,0.101199,-0.891724,0.184953,3.73358,-22.6743,20.2456,0,0,3.30969,4
1774299651835,0.0978194,-0.894953,0.190061,8.52665,-24.1698,20.6274,0,0,3.26456,4
1774299651848,0.0929649,-0.89959,0.193483,13.0547,-25.1541,20.2664,0,0,3.2828,4
1774299651861,0.0889527,-0.905027,0.196169,17.432,-25.7321,19.3642,0,0,3.2765,4
1774299651875,0.0862157,-0.911145,0.197936,21.7068,-25.9993,18.2044,0,0,3.29365,4
1774299651888,0.0836945,-0.919249,0.199433,25.7683,-26.0705,16.9379,0,0,3.30573,4
1774299651901,0.0833335,-0.929165,0.197811,29.4474,-26.0365,15.5447,0,0,3.29684,4
1774299651915,0.08207,-0.938936,0.196165,33.0152,-25.9822,14.2595,0,0,3.31469,5
1774299651928,0.0804668,-0.948568,0.194206,36.4193,-25.7713,13.2631,0,0,3.26485,5
1774299651942,0.0771079,-0.957682,0.191457,39.796,-25.2031,12.3072,0,0,3.26071,5
1774299651955,0.0748569,-0.968266,0.189757,42.9135,-24.4912,11.1895,0,0,3.26389,5
1774299651968,0.071028,-0.978644,0.187384,45.4096,-23.5383,9.96629,0,0,3.27285,5
1774299651982,0.0679218,-0.989401,0.185104,47.3939,-22.2214,8.74229,0,0,3.26556,5
1774299651995,0.0678768,-1.00137,0.182967,48.5189,-20.9146,7.37027,0,0,3.28421,5
1774299652008,0.0678446,-1.01378,0.181574,48.5892,-19.5804,5.9412,0,0,3.32645,5
1774299652022,0.0656997,-1.03042,0.18036,47.1791,-18.1721,4.45141,0,0,3.27876,5
1774299652035,0.0635418,-1.03335,0.175099,44.704,-16.8693,2.32027,0,0,3.29432,5
1774299652049,0.061852,-1.01245,0.162509,43.9066,-15.5043,-0.197017,0,0,3.29047,5
1774299652062,0.0589656,-0.993427,0.153095,47.8272,-13.2893,-1.69318,0,0,3.29841,5
1774299652075,0.0627289,-1.00162,0.15207,52.6839,-11.2683,-2.50339,0,0,3.28349,5
1774299652089,0.0658579,-1.01747,0.151227,54.3211,-10.0021,-3.88046,0,0,3.28547,5
1774299652102,0.0657858,-1.01936,0.146397,54.7171,-8.78078,-5.64958,0,0,3.31484,5
1774299652116,0.0680337,-1.01733,0.142151,56.2787,-7.68664,-7.19915,0,0,3.29084,5
1774299652129,0.0699912,-1.02511,0.139746,57.2175,-6.98744,-8.38348,0,0,3.29113,5
1774299652142,0.0696315,-1.03383,0.137009,56.5138,-6.53897,-9.54633,0,0,3.28676,5
1774299652156,0.0656254,-1.03168,0.129565,55.3443,-6.09554,-11.0661,0,0,3.28788,5
1774299652169,0.0601717,-1.01974,0.119543,55.4119,-4.99488,-12.7358,0,0,3.2853,5
1774299652182,0.0571985,-1.01764,0.112937,56.9281,-3.33723,-14.0257,0,0,3.29178,5
1774299652196,0.059128,-1.02344,0.107155,57.8416,-1.92628,-15.0922,0,0,3.29554,5
1774299652209,0.0617632,-1.03125,0.100301,57.09,-0.933599,-15.9866,0,0,3.29541,5
1774299652223,0.0636318,-1.03346,0.0915587,55.6686,-0.205553,-16.4049,0,0,3.31228,5
1774299652236,0.0636891,-1.03469,0.082056,54.3679,0.290684,-16.4524,0,0,3.26995,5
1774299652249,0.0599856,-1.03955,0.0726273,52.5356,0.873411,-16.3221,0,0,3.27719,5
1774299652263,0.0531022,-1.04011,0.0590838,50.0122,1.95312,-15.9418,0,0,3.27415,5
1774299652276,0.0507372,-1.03677,0.0450009,47.9387,3.30411,-15.3392,0,0,3.28297,5
1774299652290,0.0520524,-1.04059,0.0326657,46.2936,4.36736,-14.8581,0,0,3.4053,5
1774299652303,0.0510786,-1.04977,0.020336,43.5269,5.36413,-14.5775,0,0,3.32299,5
1774299652317,0.048375,-1.05797,0.00715757,39.4476,6.59101,-14.2068,0,0,3.31093,5
1774299652330,0.0478396,-1.06423,-0.00799632,34.9227,7.92677,-13.6018,0,0,3.27154,5
1774299652343,0.0510325,-1.08356,-0.0216867,29.6111,8.98379,-13.1159,0,0,3.27436,5
1774299652357,0.0531996,-1.07708,-0.0173965,23.8001,9.83593,-12.6461,0,0,3.28689,5
1774299652370,0.0542897,-1.06092,0.0161531,20.7644,10.4001,-11.5582,0,0,3.2776,5
1774299652384,0.0597736,-1.06139,0.0503708,18.3249,10.1498,-11.5157,0,0,3.27445,5
1774299652397,0.0614731,-1.07915,0.0724578,13.195,9.13262,-13.0172,0,0,3.26621,5
1774299652410,0.0642192,-1.07991,0.0816743,6.6127,8.07098,-13.444,0,0,3.33762,5
1774299652424,0.0740308,-1.07056,0.0838786,2.25493,7.63453,-11.5406,0,0,3.27276,5
1774299652437,0.0789184,-1.06467,0.0903855,0.349761,8.03698,-8.58704,0,0,3.27839,5
1774299652451,0.0794175,-1.06394,0.100889,-2.1786,8.88314,-6.33183,0,0,3.2753,5
1774299652464,0.0798308,-1.05676,0.110186,-5.20186,10.0278,-4.85995,0,0,3.26704,5
1774299652477,0.082308,-1.04877,0.115457,-7.17903,10.8124,-3.40641,0,0,3.27356,5
1774299652491,0.081335,-1.04172,0.117839,-8.7323,11.4614,-1.67215,0,0,3.29291,5
1774299652504,0.0775004,-1.03254,0.121056,-10.2079,12.1934,-0.465498,0,0,3.47939,5
1774299652518,0.074741,-1.02228,0.120823,-11.0967,12.5208,-0.279673,0,0,3.30021,5
1774299652531,0.0735651,-1.01594,0.121828,-11.3392,12.1726,-0.266555,0,0,3.29289,5
1774299652546,0.0726754,-1.01238,0.128362,-11.1604,11.6975,0.0280024,0,0,4.45951,5
1774299652559,0.0708638,-1.00744,0.133457,-11.3792,10.8221,-0.0844686,0,0,3.27849,5
1774299652573,0.0702738,-1.00677,0.136579,-11.1516,9.82283,-0.47409,0,0,3.42673,5
1774299652586,0.0682149,-1.00468,0.142318,-10.926,8.9901,-0.802036,0,0,3.38258,5
1774299652600,0.068392,-1.00271,0.147444,-10.8552,8.39119,-1.17196,0,0,3.32195,5
1774299652613,0.0697786,-1.00268,0.149356,-10.7182,7.85286,-1.48303,0,0,3.29191,5
1774299652627,0.0716597,-1.00054,0.153352,-10.4745,7.22097,-1.67902,0,0,3.29391,5
1774299652640,0.0727326,-0.998678,0.157151,-10.42,6.49479,-1.84475,0,0,3.254,5
1774299652653,0.0737691,-0.997102,0.159258,-10.349,5.78536,-2.04057,0,0,3.25349,5
1774299652667,0.0761377,-0.995393,0.161539,-10.0344,5.08533,-2.23954,0,0,3.25419,5
1774299652680,0.0780824,-0.994035,0.162675,-9.79479,4.36761,-2.41879,0,0,3.25323,5
1774299652693,0.0788637,-0.993613,0.164166,-9.54853,3.67431,-2.42656,0,0,3.25754,5
1774299652707,0.0803155,-0.992899,0.16509,-9.4257,3.05373,-2.24206,0,0,3.31623,5
1774299652720,0.0803905,-0.992495,0.166861,-9.43608,2.60154,-1.99641,0,0,3.29754,3
1774299652734,0.0814125,-0.993762,0.168244,-9.77215,2.21583,-1.79921,0,0,3.26882,3
1774299652747,0.0812687,-0.99695,0.167858,-10.2773,1.83249,-1.66618,0,0,3.26452,3
1774299652760,0.0820281,-0.995674,0.168728,-10.9477,1.57898,-1.57529,0,0,3.27136,3
1774299652774,0.0825834,-0.995586,0.16642,-11.6148,1.31014,-1.52675,0,0,3.26125,3
1774299652787,0.0844811,-0.995608,0.164737,-12.1498,0.994729,-1.42398,0,0,3.26984,3
1774299652800,0.0855591,-0.994027,0.164932,-12.6518,0.541147,-1.26917,0,0,3.26223,3
1774299652814,0.0861309,-0.992474,0.164808,-13.007,0.0102432,-1.21811,0,0,3.35264,3
1774299652827,0.0864641,-0.990336,0.164284,-13.1937,-0.540979,-1.14122,0,0,3.28847,3
1774299652841,0.0870069,-0.988165,0.16278,-13.2963,-1.05315,-1.03738,0,0,3.2726,3
1774299652854,0.0876114,-0.983386,0.163231,-13.0909,-1.59268,-0.752254,0,0,3.27378,3
1774299652867,0.0859901,-0.982629,0.162712,-13.1034,-2.12207,-0.439872,0,0,3.27388,3
1774299652881,0.0867992,-0.982695,0.160497,-12.7036,-2.56996,-0.263193,0,0,3.27576,3
1774299652894,0.0861209,-0.978049,0.161294,-12.3589,-2.92678,-0.0852907,0,0,3.26232,3
1774299652908,0.0856111,-0.976233,0.161116,-11.9298,-3.30212,0.143435,0,0,3.41926,3
1774299652921,0.0849848,-0.975777,0.160017,-11.5231,-3.65941,0.22488,0,0,3.30128,1
1774299652935,0.0845994,-0.975609,0.158272,-11.0283,-4.02406,0.232391,0,0,3.27599,1
1774299652948,0.0842521,-0.974401,0.157073,-10.4555,-4.38196,0.208223,0,0,3.27223,1
1774299652961,0.0830553,-0.975169,0.156717,-9.85408,-4.71593,0.159291,0,0,3.26419,1
1774299652975,0.0829251,-0.974482,0.155714,-9.32275,-5.07698,0.0882688,0,0,3.2673,1
1774299652988,0.0832277,-0.974594,0.155641,-8.64867,-5.38824,0.0289379,0,0,3.27056,1
1774299653001,0.0838053,-0.976122,0.154793,-8.11987,-5.61224,-0.00265832,0,0,3.27649,1
1774299653015,0.0839626,-0.972842,0.158294,-7.51197,-5.78685,0.152066,0,0,3.29947,1
1774299653028,0.0829065,-0.977233,0.15686,-7.26017,-5.96966,0.213759,0,0,3.27517,1
1774299653041,0.0833487,-0.978271,0.154121,-7.03234,-6.06128,0.322089,0,0,3.27704,1
1774299653055,0.0839958,-0.981186,0.151417,-6.67855,-6.15118,0.390516,0,0,3.26651,1
1774299653068,0.0838031,-0.983877,0.148212,-6.62551,-6.17653,0.383597,0,0,3.28423,1
1774299653082,0.0832985,-0.975133,0.153613,-6.20077,-6.23814,0.457566,0,0,3.26943,1
1774299653095,0.081396,-0.977619,0.154519,-6.26316,-6.26246,0.264907,0,0,3.2818,3
1774299653108,0.0808045,-0.974028,0.159997,-6.31005,-6.2122,0.148568,0,0,3.27477,3
1774299653122,0.0809222,-0.981357,0.156769,-6.61166,-6.24782,-0.159068,0,0,3.29745,3
1774299653135,0.0831702,-0.980581,0.156319,-6.82613,-6.20994,-0.249485,0,0,3.27828,3
1774299653148,0.0837183,-0.976284,0.157683,-6.94164,-6.22643,-0.247908,0,0,3.27119,3
1774299653162,0.0823312,-0.9743,0.15793,-7.37011,-6.09127,-0.210024,0,0,3.30158,3
1774299653175,0.0825423,-0.974046,0.155497,-7.65678,-5.91658,-0.116887,0,0,3.26377,3
1774299653188,0.083972,-0.978555,0.149988,-7.80192,-5.71916,-0.0135609,0,0,3.27225,3
1774299653202,0.0832786,-0.977465,0.146813,-8.16671,-5.46259,0.201293,0,0,3.27147,3
1774299653215,0.0850711,-0.979998,0.145956,-8.06231,-5.22897,0.362561,0,0,3.31066,3
1774299653229,0.0831445,-0.979965,0.145562,-8.61031,-4.80464,0.45184,0,0,3.27695,3
1774299653242,0.0832773,-0.975984,0.149649,-8.80345,-4.39811,0.679981,0,0,3.27225,3
1774299653255,0.0862337,-0.986131,0.141556,-9.37668,-3.97072,0.716344,0,0,3.2821,3
1774299653269,0.0876728,-0.983107,0.144826,-9.80429,-3.60369,1.06881,0,0,3.26708,3
1774299653282,0.0858352,-0.983227,0.146115,-10.425,-3.39556,1.25678,0,0,3.26454,3
1774299653295,0.0862668,-0.98506,0.147776,-10.9985,-2.94176,1.40294,0,0,3.26986,3
1774299653309,0.0897544,-0.990849,0.143726,-11.6695,-2.52069,1.45656,0,0,3.26464,3
1774299653322,0.0920431,-0.990982,0.145704,-12.1312,-2.10569,1.84543,0,0,3.32777,3
1774299653335,0.0931535,-0.992754,0.146123,-12.9486,-1.85313,2.30712,0,0,3.28925,5
1774299653349,0.0938842,-0.994662,0.147206,-13.7809,-1.61516,2.808,0,0,3.30584,5
1774299653362,0.0953624,-0.995504,0.146556,-14.7591,-1.4796,3.25295,0,0,3.26466,5
1774299653376,0.0983989,-0.996693,0.144599,-15.7104,-1.52421,3.75302,0,0,3.27254,5
1774299653389,0.102285,-0.998002,0.145097,-16.4631,-1.76456,4.51106,0,0,3.27501,5
1774299653402,0.103609,-1.00144,0.14235,-17.66,-2.24278,5.49248,0,0,3.28934,5
1774299653416,0.105484,-1.00393,0.140225,-18.7504,-2.97377,6.61839,0,0,3.67521,5
1774299653429,0.105334,-1.01156,0.13753,-19.989,-4.02302,7.50816,0,0,3.26065,5
1774299653443,0.101955,-1.01703,0.135872,-21.6142,-5.13844,8.02773,0,0,3.29593,5
1774299653456,0.095735,-1.02396,0.134318,-23.3944,-6.12064,7.91956,0,0,3.2578,5
1774299653470,0.0875444,-1.03362,0.133665,-25.4614,-6.75487,7.08097,0,0,3.27236,5
1774299653483,0.0776621,-1.04389,0.132763,-27.9622,-7.01696,5.68825,0,0,3.26143,1
1774299653496,0.0740308,-1.04703,0.13221,-30.3052,-6.91753,4.1891,0,0,3.27025,1
1774299653510,0.0752882,-1.05464,0.130325,-32.4496,-7.06603,2.65158,0,0,3.26738,1
1774299653523,0.0759461,-1.06219,0.129355,-34.8081,-7.16509,1.72997,0,0,3.30916,1
1774299653536,0.07665,-1.06752,0.127318,-37.5117,-7.23718,1.38972,0,0,3.31184,1
1774299653550,0.0769921,-1.0745,0.122166,-40.4135,-7.08857,1.31049,0,0,3.26419,1
1774299653563,0.0770096,-1.07682,0.118724,-43.3491,-6.637,1.26781,0,0,3.28556,1
1774299653576,0.0795034,-1.07784,0.113831,-46.323,-6.33109,1.02542,0,0,3.26834,1
1774299653590,0.0873974,-1.07789,0.109131,-49.2478,-6.24615,0.969185,0,0,3.2796,1
1774299653603,0.0899387,-1.07085,0.106109,-51.5225,-6.41047,1.58279,0,0,3.27003,1
1774299653617,0.0910877,-1.06275,0.101874,-53.3914,-6.50434,2.27288,0,0,3.30732,1
1774299653630,0.0966813,-1.04866,0.10153,-54.3179,-6.95647,2.7881,0,0,3.3118,1
1774299653643,0.0994039,-1.01966,0.116148,-53.2827,-7.63245,4.05371,0,0,3.30812,1
1774299653657,0.0971387,-1.00087,0.129678,-51.4723,-8.64946,6.07131,0,0,3.29003,1
1774299653670,0.0902747,-0.981841,0.142777,-49.2072,-9.57602,8.41506,0,0,3.2716,1
1774299653684,0.0838497,-0.963715,0.15573,-46.2176,-10.4857,10.3983,0,0,3.27917,1
1774299653701,0.0782396,-0.948486,0.167828,-42.5641,-11.1735,11.9486,0,0,7.26424,3
1774299653714,0.0771028,-0.934062,0.179462,-38.4732,-11.9564,13.3847,0,0,3.32216,3
1774299653728,0.0767845,-0.921869,0.189508,-33.9721,-12.9265,14.7538,0,0,3.31836,1
1774299653741,0.0772916,-0.911203,0.198132,-28.9661,-13.9724,15.9499,0,0,3.28841,1
1774299653755,0.0791965,-0.904773,0.205995,-23.5617,-15.1601,16.9405,0,0,3.28152,4
1774299653768,0.0804095,-0.902158,0.213215,-18.1479,-16.4767,17.7433,0,0,3.26812,4
1774299653783,0.0813346,-0.899838,0.218817,-12.5021,-17.7761,18.3695,0,0,4.26794,4
1774299653796,0.0831481,-0.901079,0.223907,-6.75762,-19.0788,18.7398,0,0,3.26908,4
1774299653809,0.0838039,-0.903975,0.22776,-1.24633,-20.3773,18.8027,0,0,3.27027,4
1774299653823,0.081623,-0.909135,0.231455,4.10526,-21.5641,18.4927,0,0,3.32654,4
1774299653836,0.0750639,-0.914636,0.233772,9.19392,-22.2257,17.696,0,0,3.27786,4
1774299653850,0.0695497,-0.919981,0.236062,14.2823,-22.3676,16.3724,0,0,3.29536,4
1774299653863,0.0654511,-0.927805,0.237739,19.1076,-22.1736,14.7925,0,0,3.2728,4
1774299653877,0.0619482,-0.935339,0.23851,23.484,-21.6898,13.1667,0,0,3.28893,4
1774299653890,0.0590789,-0.940965,0.238447,27.7558,-20.9283,11.4348,0,0,3.2689,4
1774299653904,0.0566553,-0.94723,0.238365,31.9739,-19.9081,9.56878,0,0,3.29016,4
1774299653917,0.055192,-0.95478,0.238051,35.871,-18.699,7.60019,0,0,3.28004,5
1774299653930,0.0533228,-0.96294,0.237314,39.2292,-17.3349,5.5579,0,0,3.29632,5
1774299653944,0.0514073,-0.967379,0.235531,42.322,-15.7734,3.49101,0,0,3.30567,5
1774299653957,0.0495862,-0.970514,0.234199,45.6695,-14.1008,1.37135,0,0,3.27178,5
1774299653971,0.0460083,-0.977505,0.23252,48.9654,-12.2458,-0.714197,0,0,3.28345,5
1774299653986,0.0435264,-0.982503,0.230102,51.7569,-10.0016,-3.00304,0,0,5.68342,5
1774299654001,0.043107,-0.986194,0.226414,54.907,-7.44136,-4.83551,0,0,4.43863,5
1774299654014,0.0474144,-0.994784,0.22342,57.6895,-5.36559,-6.30057,0,0,3.27238,5
1774299654028,0.052046,-1.0051,0.220055,59.4826,-3.7822,-7.68773,0,0,3.31814,5
1774299654041,0.0549268,-1.01042,0.212834,60.6531,-2.44691,-8.935,0,0,3.29503,5
1774299654055,0.0584931,-1.00702,0.204391,62.2072,-1.31584,-9.95388,0,0,3.27603,5
1774299654068,0.063601,-1.00494,0.196937,65.0679,-0.565069,-10.6891,0,0,3.28493,5
1774299654081,0.0683361,-1.01314,0.190908,67.8267,-0.28845,-11.4417,0,0,3.2704,5
1774299654095,0.0702483,-1.02381,0.182442,69.1201,-0.28897,-12.4035,0,0,3.28175,5
1774299654108,0.0713295,-1.02685,0.16874,69.8978,-0.36739,-13.4813,0,0,3.32892,5
1774299654123,0.0745094,-1.0318,0.154293,71.2554,-0.60926,-14.24,0,0,4.27829,5
1774299654136,0.0809989,-1.04281,0.138971,71.757,-1.65369,-14.8162,0,0,3.30238,5
1774299654150,0.0830513,-1.05072,0.119174,70.7306,-3.42782,-15.2311,0,0,3.27692,5
1774299654163,0.0790136,-1.04767,0.0967938,70.0178,-5.31054,-14.966,0,0,3.28488,5
1774299654176,0.0704652,-1.05337,0.0772928,70.081,-6.91937,-13.9685,0,0,3.27514,5
1774299654190,0.0591304,-1.06876,0.0582496,68.4571,-8.10868,-12.8805,0,0,3.27669,5
1774299654205,0.0463053,-1.08111,0.0383202,64.5131,-8.434,-12.0998,0,0,3.32853,5
1774299654218,0.0333792,-1.08729,0.0172231,60.2196,-7.85858,-11.6364,0,0,3.32929,5
1774299654232,0.018584,-1.09537,-0.00133913,55.6792,-6.08997,-11.3477,0,0,3.29266,5
1774299654245,0.00489493,-1.1073,-0.0148509,49.9997,-3.1086,-11.1299,0,0,3.28518,5
1774299654258,-0.00572911,-1.11429,-0.0242804,43.2644,0.531937,-11.0995,0,0,3.28334,5
1774299654272,-0.0119167,-1.11084,-0.0315999,36.3219,4.49965,-11.511,0,0,3.32281,5
1774299654285,-0.0142783,-1.09956,-0.0164875,31.4371,8.2752,-12.2989,0,0,3.2731,5
1774299654299,-0.0164726,-1.08628,0.0285213,28.3356,11.8051,-12.7428,0,0,3.25564,5
1774299654312,-0.00380478,-1.08158,0.0743697,23.7566,13.9009,-13.8564,0,0,3.27203,2
1774299654325,0.009996,-1.10236,0.0977242,16.5956,13.4132,-15.4633,0,0,3.29053,2
1774299654339,0.0160077,-1.10509,0.103145,8.22624,11.3236,-15.3778,0,0,3.29284,2
1774299654352,0.0220341,-1.0939,0.107859,2.63985,9.51177,-13.4551,0,0,3.27793,2
1774299654367,0.0219033,-1.08599,0.113969,-0.35995,8.66694,-11.9651,0,0,4.69411,2
1774299654380,0.0252161,-1.0854,0.11853,-3.81064,8.78711,-12.057,0,0,3.31953,5
1774299654394,0.0322492,-1.07466,0.123233,-5.856,8.90995,-11.9099,0,0,3.28782,5
1774299654407,0.0392522,-1.06886,0.130111,-6.72302,8.63411,-10.4536,0,0,3.30314,5
1774299654421,0.0389236,-1.06519,0.13749,-8.465,8.52147,-8.57924,0,0,3.27801,5
1774299654434,0.0357907,-1.05298,0.143136,-10.4094,8.6849,-7.64798,0,0,3.38208,5
1774299654448,0.0349195,-1.04168,0.143827,-11.3379,9.05497,-7.87583,0,0,3.27992,5
1774299654461,0.0381008,-1.03742,0.143698,-11.8529,9.13239,-8.01724,0,0,3.27642,5
1774299654474,0.0417837,-1.03131,0.147674,-12.229,9.01406,-7.42795,0,0,3.29116,5
1774299654488,0.0431595,-1.02601,0.150344,-12.3497,8.80175,-7.01858,0,0,3.28082,5
1774299654501,0.0431511,-1.01755,0.158578,-12.2397,8.32731,-7.0368,0,0,3.29025,5
1774299654514,0.0443924,-1.01846,0.161146,-12.3475,7.80583,-7.22699,0,0,3.27827,5
1774299654528,0.0485795,-1.01377,0.166195,-12.3944,7.40395,-7.0447,0,0,3.31458,5
1774299654541,0.0512169,-1.00854,0.172668,-12.3572,6.9454,-6.68209,0,0,3.29319,5
1774299654555,0.0535147,-1.00826,0.176605,-12.7127,6.72152,-6.42631,0,0,3.33373,5
1774299654569,0.0588511,-1.00609,0.177755,-12.9108,6.53075,-6.08854,0,0,3.29271,5
1774299654582,0.0630465,-1.0041,0.178672,-12.754,6.10191,-5.60914,0,0,3.28971,5
1774299654596,0.0636205,-1.00168,0.181631,-12.8084,5.46462,-5.12495,0,0,3.31873,5
1774299654609,0.062995,-0.994538,0.189105,-12.6381,4.67168,-4.75441,0,0,3.27845,5
1774299654622,0.0644361,-0.998909,0.189558,-12.6185,3.8774,-4.66413,0,0,3.29484,5
1774299654636,0.0681417,-1.00267,0.187055,-12.8335,3.16321,-4.51256,0,0,3.2968,5
1774299654650,0.0718241,-0.99852,0.191388,-12.6099,2.43299,-3.97384,0,0,3.88285,3
1774299654663,0.0723772,-1.00208,0.188933,-13.1906,1.87133,-3.53384,0,0,3.2809,3
1774299654677,0.0752231,-0.997917,0.191027,-13.3207,1.39726,-2.89759,0,0,3.2731,3
1774299654690,0.0752966,-0.994848,0.193083,-13.6033,0.99475,-2.18612,0,0,3.28766,3
1774299654703,0.0760289,-0.992874,0.193715,-13.8928,0.641362,-1.37497,0,0,3.27914,3
1774299654717,0.0756935,-0.993975,0.187549,-14.1176,0.0817149,-0.956581,0,0,3.28408,3
1774299654730,0.0736431,-0.987277,0.188059,-13.8155,-0.474373,-0.762051,0,0,3.28869,3
1774299654744,0.0717998,-0.987941,0.185804,-13.5377,-1.02624,-0.839197,0,0,3.37082,3
1774299654757,0.0717561,-0.985372,0.183924,-13.1312,-1.64735,-0.823811,0,0,3.29525,3
1774299654770,0.0713406,-0.983566,0.181689,-12.598,-2.35138,-0.887645,0,0,3.27914,3
1774299654784,0.0703027,-0.983121,0.17874,-12.0755,-2.99493,-1.04809,0,0,3.29873,3
1774299654797,0.0710932,-0.980603,0.178173,-11.3964,-3.55742,-1.05182,0,0,3.28258,3
1774299654811,0.0726499,-0.979572,0.178185,-10.8068,-4.04726,-0.878495,0,0,3.28975,3
1774299654824,0.073861,-0.978512,0.177621,-10.2872,-4.49891,-0.565027,0,0,3.27706,3
1774299654838,0.0744318,-0.976942,0.17784,-9.65917,-4.85116,-0.208768,0,0,3.31164,3
1774299654851,0.0733441,-0.978143,0.183206,-9.50145,-5.04791,-0.0501896,0,0,3.28947,3
1774299654865,0.0749199,-0.97927,0.182966,-9.6827,-5.03237,-0.0525126,0,0,3.71466,3
1774299654878,0.0753163,-0.977165,0.181787,-9.78143,-4.97018,0.375622,0,0,3.28329,3
1774299654892,0.0755245,-0.976221,0.18161,-9.70505,-4.83869,0.754479,0,0,3.27382,3
1774299654905,0.0753073,-0.975616,0.181494,-9.5606,-4.62808,0.868874,0,0,3.28268,3
1774299654918,0.0759323,-0.976362,0.179643,-9.43966,-4.48452,0.997406,0,0,3.31125,3
1774299654932,0.076199,-0.975741,0.177872,-9.26856,-4.48903,1.29728,0,0,3.32407,3
1774299654945,0.0740518,-0.974774,0.178186,-8.90367,-4.65556,1.42448,0,0,3.29375,3
1774299654959,0.0724576,-0.97656,0.174387,-8.65559,-4.79606,1.14932,0,0,3.86733,3
1774299654973,0.0748728,-0.978407,0.17243,-7.99323,-5.04343,0.882322,0,0,3.2804,3
1774299654986,0.074951,-0.976971,0.172545,-7.79065,-5.20799,0.855096,0,0,3.27053,3
1774299654999,0.0754101,-0.977487,0.172772,-7.55319,-5.42412,0.84053,0,0,3.29586,3
1774299655013,0.0757744,-0.981354,0.172391,-7.74011,-5.49795,0.765122,0,0,3.28194,3
1774299655026,0.0780339,-0.983034,0.173436,-8.04457,-5.40708,0.737619,0,0,3.29453,3
1774299655040,0.0787319,-0.984417,0.173026,-8.81965,-5.21811,0.809286,0,0,3.30033,1
1774299655054,0.0789189,-0.983625,0.170712,-9.59836,-5.03374,0.992971,0,0,3.99941,1
1774299655067,0.0784357,-0.983038,0.169161,-10.1989,-4.77365,1.09998,0,0,3.27303,1
1774299655080,0.0781552,-0.982029,0.168511,-10.8489,-4.50375,1.05712,0,0,3.27951,1
1774299655094,0.0781646,-0.982836,0.167601,-11.4765,-4.30764,0.981127,0,0,3.28062,1
1774299655107,0.077266,-0.978782,0.169678,-12.0989,-4.09856,0.995031,0,0,3.28018,1
1774299655121,0.0766309,-0.98239,0.165589,-12.8106,-3.97913,0.858719,0,0,3.28036,1
1774299655134,0.0769845,-0.982285,0.163632,-13.338,-3.86041,0.800703,0,0,3.28444,3
1774299655148,0.0789029,-0.985804,0.161227,-13.8355,-3.81985,0.688564,0,0,3.30551,3
1774299655161,0.0808654,-0.990023,0.155383,-14.5838,-3.86678,0.681627,0,0,3.27271,3
1774299655175,0.0799448,-0.986338,0.158176,-15.0421,-3.99757,0.8896,0,0,3.66118,3
1774299655188,0.0799186,-0.989796,0.156244,-15.8208,-4.07692,0.833277,0,0,3.27973,3
1774299655202,0.0814631,-0.986826,0.161434,-16.3588,-4.04221,0.959952,0,0,3.27229,3
1774299655215,0.0839222,-0.99131,0.157694,-17.0173,-4.09336,1.14589,0,0,3.27362,1
1774299655228,0.086071,-0.993729,0.157727,-17.4638,-4.1485,1.48711,0,0,3.26842,1
1774299655242,0.0854246,-0.994537,0.159595,-18.048,-4.28062,1.79463,0,0,3.31134,1
1774299655255,0.084785,-0.996239,0.158402,-18.983,-4.4931,2.04079,0,0,3.27764,1
1774299655268,0.0859779,-0.998966,0.156013,-19.6776,-4.73477,2.44657,0,0,3.29362,1
1774299655282,0.0899052,-1.00544,0.153087,-20.3812,-5.08577,2.85613,0,0,3.28327,1
1774299655295,0.0937996,-1.00922,0.149328,-21.5806,-5.55753,3.2607,0,0,3.27979,1
1774299655309,0.0955804,-1.00796,0.15183,-22.4845,-6.0662,3.99197,0,0,3.28021,1
1774299655322,0.0953723,-1.01231,0.147689,-24.0874,-6.64225,4.72591,0,0,3.27794,1
1774299655335,0.0920449,-1.01878,0.142138,-25.8201,-7.13247,5.13393,0,0,3.28988,1
1774299655349,0.0873148,-1.02022,0.137758,-26.5988,-7.2445,4.94101,0,0,3.30395,1
1774299655362,0.0781472,-1.03578,0.131317,-28.9806,-7.23892,3.88285,0,0,3.30305,1
1774299655376,0.0755411,-1.03664,0.126984,-30.9055,-6.58367,3.05274,0,0,3.28253,1
1774299655389,0.0719279,-1.04235,0.124591,-32.5611,-6.10005,2.43105,0,0,3.2771,1
1774299655402,0.0659956,-1.05192,0.125121,-34.891,-5.4817,2.11442,0,0,3.28294,1
1774299655416,0.0626397,-1.06278,0.121219,-37.6679,-4.69765,1.48114,0,0,3.27303,1
1774299655429,0.062719,-1.07504,0.120113,-40.546,-3.77303,0.74165,0,0,3.27934,1
1774299655443,0.0667666,-1.08757,0.119644,-43.9023,-3.15162,0.365208,0,0,3.30288,1
1774299655456,0.0699646,-1.09771,0.120593,-47.3864,-2.68666,0.447487,0,0,3.28766,1
1774299655469,0.0725743,-1.10747,0.121843,-51.0552,-2.35698,0.288364,0,0,3.26236,1
1774299655483,0.0754969,-1.11605,0.12322,-55.1263,-2.1948,-0.373944,0,0,3.25901,5
1774299655496,0.0832138,-1.11624,0.124301,-59.1288,-2.69341,-1.08345,0,0,3.28921,5
1774299655510,0.0864613,-1.11041,0.12462,-62.0769,-3.39314,-0.689124,0,0,3.27258,5
1774299655523,0.0921825,-1.10107,0.128448,-63.8294,-3.82539,0.193486,0,0,3.27516,5
1774299655536,0.0979739,-1.07152,0.146918,-63.6939,-4.49888,0.939238,0,0,3.27262,5
1774299655550,0.0995295,-1.04758,0.165658,-61.9439,-5.65997,2.33939,0,0,3.32023,5
1774299655563,0.0997999,-1.02106,0.183707,-59.3355,-7.15543,4.78414,0,0,3.27601,5
1774299655576,0.0990762,-0.993043,0.201842,-55.6891,-9.04143,7.51437,0,0,3.28392,5
1774299655590,0.0944978,-0.967573,0.2188,-51.3386,-11.0101,9.96343,0,0,3.29305,5
1774299655603,0.0886675,-0.943004,0.233457,-46.3677,-12.6327,12.1963,0,0,3.2826,5
1774299655617,0.0836368,-0.921826,0.246374,-40.7339,-13.9726,14.2338,0,0,3.29164,5
1774299655630,0.0796802,-0.90373,0.257102,-34.6661,-14.9641,15.8923,0,0,3.27836,5
1774299655644,0.0765906,-0.888914,0.265846,-27.9995,-15.6756,16.7817,0,0,3.62261,5
1774299655657,0.0745223,-0.878099,0.272498,-21.021,-16.1211,17.0029,0,0,3.28453,3
1774299655670,0.0734948,-0.868792,0.277333,-13.649,-16.2779,16.8032,0,0,3.28468,4
1774299655684,0.072779,-0.862337,0.281081,-5.95789,-16.1416,16.3085,0,0,3.28423,4
1774299655697,0.07281,-0.858865,0.283619,1.86228,-15.6344,15.4456,0,0,3.27771,4
1774299655711,0.0739926,-0.858567,0.285021,9.7131,-14.8375,14.2533,0,0,3.28031,4
1774299655724,0.0760632,-0.862073,0.285977,17.5235,-13.9752,12.7696,0,0,3.27733,4
1774299655737,0.0785236,-0.86976,0.285375,25.1578,-13.0676,11.0591,0,0,3.27933,4
1774299655751,0.0815384,-0.882374,0.283519,32.3476,-12.2472,9.22483,0,0,3.32292,4
1774299655764,0.0827451,-0.900736,0.279971,38.6957,-11.556,7.39713,0,0,3.29992,4
1774299655777,0.0828954,-0.918188,0.274208,44.277,-10.841,5.6544,0,0,3.27786,4
1774299655791,0.0844805,-0.933703,0.265622,49.7607,-10.1973,3.88226,0,0,3.27351,5
1774299655804,0.0865301,-0.953162,0.25597,55.2896,-9.77435,2.17869,0,0,3.28096,5
1774299655818,0.0885328,-0.977771,0.241114,59.7796,-9.28603,0.572813,0,0,3.28116,5
1774299655831,0.0941101,-0.997993,0.226437,63.5287,-9.39245,-0.981948,0,0,3.28751,5
1774299655844,0.097874,-1.01809,0.212168,66.4398,-9.25311,-2.64218,0,0,3.32227,5
1774299655858,0.0992738,-1.04067,0.196899,68.3193,-9.2843,-4.64647,0,0,3.33034,5
1774299655871,0.100217,-1.06009,0.181092,68.8079,-9.47174,-6.43728,0,0,3.2654,5
1774299655884,0.0977564,-1.07042,0.161973,68.4363,-9.47782,-7.65449,0,0,3.26786,5
1774299655898,0.0968445,-1.06608,0.138842,68.8178,-9.07465,-8.162,0,0,3.26523,5
1774299655911,0.0998375,-1.06719,0.121655,71.1218,-8.92059,-8.43766,0,0,3.27494,5
1774299655925,0.100564,-1.08148,0.107847,73.3347,-9.08176,-9.08793,0,0,3.27251,5
1774299655938,0.0967962,-1.09813,0.0939163,73.1913,-9.01466,-10.0995,0,0,3.27236,5
1774299655951,0.0954886,-1.10255,0.0782887,71.7102,-8.81687,-11.0818,0,0,3.31431,5
1774299655965,0.0966724,-1.10124,0.0641347,70.775,-9.02411,-11.883,0,0,3.27538,5
1774299655978,0.0958186,-1.10352,0.0526816,69.9938,-9.55243,-12.6111,0,0,3.29872,5
1774299655991,0.0896743,-1.10661,0.0399251,68.1277,-10.1534,-13.321,0,0,3.32157,5
1774299656005,0.0843433,-1.09858,0.0258152,65.9449,-10.627,-13.5907,0,0,3.27831,5
1774299656018,0.0791066,-1.09709,0.014746,65.0034,-11.1377,-12.9979,0,0,3.2862,5
1774299656032,0.0724974,-1.10373,0.00451332,63.609,-11.732,-12.0689,0,0,3.27686,3
1774299656045,0.062451,-1.11147,-0.0056456,60.0158,-11.995,-11.168,0,0,3.2884,3
1774299656058,0.0529293,-1.11029,-0.0177305,55.6936,-11.8069,-10.1536,0,0,3.29575,3
1774299656072,0.0432582,-1.10884,-0.0295005,52.076,-11.2093,-8.9709,0,0,3.2774,3
1774299656085,0.0284794,-1.11485,-0.0392716,48.0716,-9.86543,-7.68113,0,0,3.27314,3
1774299656098,0.00822908,-1.1229,-0.0482417,42.4832,-7.35738,-6.19008,0,0,3.27438,2
1774299656112,0.00619293,-1.09891,-0.0441888,37.8732,-4.7284,-4.91327,0,0,3.30544,2
1774299656125,0.00264429,-1.08998,-0.0307039,35.6803,-2.7637,-4.30284,0,0,3.27673,2
1774299656139,-0.000994727,-1.0724,0.0153644,33.9581,-0.876234,-4.6451,0,0,3.27416,2
1774299656152,0.00779315,-1.0789,0.0669451,30.1487,0.74907,-6.26771,0,0,3.29807,2
1774299656165,0.0190581,-1.07685,0.0982582,23.6512,1.0693,-8.29642,0,0,3.27118,2
1774299656179,0.0245667,-1.07955,0.10656,16.5641,0.0951411,-9.21067,0,0,3.26849,2
1774299656192,0.0302188,-1.06997,0.10333,11.4478,-0.859913,-8.40157,0,0,3.27729,2
1774299656205,0.0335631,-1.0628,0.106873,8.54269,-1.19191,-7.32186,0,0,3.27366,2
1774299656219,0.0363767,-1.06178,0.115022,5.85535,-0.82061,-6.98694,0,0,3.26694,2
1774299656232,0.0407329,-1.05726,0.124267,3.02288,-0.185396,-6.93501,0,0,3.3039,2
1774299656246,0.0476425,-1.05167,0.131698,1.02582,0.456578,-6.3302,0,0,3.27059,5
1774299656259,0.054645,-1.04815,0.139487,-0.71364,1.01972,-5.10462,0,0,3.30444,5
1774299656272,0.0569851,-1.04316,0.14716,-3.01236,1.60994,-3.58726,0,0,3.27825,5
1774299656286,0.0546852,-1.0341,0.151978,-5.06911,2.46679,-2.55835,0,0,3.26929,5
1774299656299,0.0536069,-1.02648,0.156489,-6.55018,3.49266,-2.44482,0,0,3.27723,5
1774299656312,0.0566971,-1.01925,0.159383,-7.74051,4.09403,-2.62669,0,0,3.28781,5
1774299656326,0.0602073,-1.0143,0.159395,-8.61572,3.97229,-2.39842,0,0,3.27824,5
1774299656339,0.0631156,-1.00818,0.163582,-9.13097,3.55679,-1.88366,0,0,3.27131,5
1774299656353,0.064498,-1.00368,0.167382,-9.52055,2.94451,-1.73561,0,0,3.56229,5
1774299656366,0.0655317,-1.00122,0.165177,-9.87201,2.19829,-1.78469,0,0,3.29855,5
1774299656380,0.0688585,-0.997828,0.16816,-9.48098,1.49308,-1.63363,0,0,3.2812,5
1774299656393,0.0696694,-0.997763,0.17176,-9.41161,0.898504,-1.53558,0,0,3.28142,5
1774299656406,0.0711923,-0.997124,0.174253,-9.38424,0.392943,-1.53337,0,0,3.27349,5
1774299656420,0.0712926,-0.997303,0.177534,-9.28561,-0.121941,-1.4572,0,0,3.28783,5
1774299656433,0.0705558,-0.995275,0.180628,-9.48754,-0.451655,-1.48294,0,0,3.27568,5
1774299656446,0.0727232,-0.992246,0.183438,-9.62547,-0.669102,-1.79412,0,0,3.27764,5
1774299656460,0.0746037,-0.991849,0.183626,-9.94364,-0.878206,-2.0887,0,0,3.30086,5
1774299656473,0.0765407,-0.987796,0.185717,-10.0406,-1.01349,-2.03962,0,0,3.27159,3
1774299656487,0.0775496,-0.98865,0.185571,-10.2751,-1.04314,-1.94919,0,0,3.28755,3
1774299656500,0.0803507,-0.988207,0.185837,-10.4147,-1.14648,-1.71311,0,0,3.27736,3
1774299656513,0.082218,-0.988584,0.186187,-10.4689,-1.38447,-1.54594,0,0,3.28409,3
1774299656527,0.0830533,-0.986702,0.186885,-10.521,-1.72943,-1.4999,0,0,3.27788,3
1774299656540,0.0838947,-0.991832,0.185492,-10.4571,-2.20363,-1.46544,0,0,3.28886,3
1774299656553,0.0849023,-0.993278,0.186829,-10.5068,-2.53903,-1.50527,0,0,3.31301,3
1774299656567,0.0863783,-0.992622,0.187318,-10.7014,-2.78113,-1.53388,0,0,3.29277,3
1774299656580,0.0880353,-0.989453,0.187326,-10.9644,-2.97453,-1.41316,0,0,3.28787,3
1774299656594,0.0864381,-0.982003,0.191497,-11.1317,-3.05303,-1.15405,0,0,3.29244,3
1774299656607,0.086587,-0.985811,0.192102,-11.5405,-3.0432,-1.22591,0,0,3.29448,3
1774299656620,0.0878292,-0.9834,0.192018,-12.1871,-2.90676,-1.161,0,0,3.28349,3
1774299656634,0.0917823,-0.987393,0.187187,-12.3633,-2.8392,-1.05991,0,0,3.29485,3
1774299656647,0.0933311,-0.979595,0.187264,-12.5742,-2.67651,-0.734124,0,0,3.2859,3
1774299656661,0.093926,-0.975971,0.186442,-12.4756,-2.72977,-0.427469,0,0,3.30324,3
1774299656674,0.0951995,-0.979456,0.180958,-12.5238,-2.90764,-0.15129,0,0,3.28861,3
1774299656687,0.0970793,-0.97713,0.177251,-12.101,-3.15731,0.181333,0,0,3.2801,3
1774299656701,0.096923,-0.975215,0.180325,-11.4826,-3.43195,0.434497,0,0,3.29359,3
1774299656714,0.0967629,-0.974313,0.179753,-11.3112,-3.64151,0.722272,0,0,3.28509,3
1774299656727,0.095777,-0.966863,0.185847,-10.7482,-3.94037,1.17931,0,0,3.29522,3
1774299656741,0.0934676,-0.973096,0.184082,-10.7135,-4.05847,1.26988,0,0,3.28683,3
1774299656754,0.0926471,-0.975158,0.179054,-10.6727,-3.98111,1.40889,0,0,3.28635,3
1774299656768,0.0949909,-0.972145,0.181409,-10.125,-3.92394,1.64329,0,0,3.31222,3
1774299656781,0.0920432,-0.972391,0.18002,-10.4858,-3.76121,1.90565,0,0,3.29249,3
1774299656794,0.0948191,-0.976813,0.176215,-10.1331,-3.75148,2.11733,0,0,3.29723,3
1774299656808,0.0935979,-0.975221,0.175737,-10.1894,-3.59415,2.26233,0,0,3.28772,3
1774299656821,0.0935404,-0.971661,0.177917,-9.91032,-3.58694,2.27716,0,0,3.29455,3
1774299656835,0.0915744,-0.976882,0.175422,-10.0579,-3.6829,2.26675,0,0,3.28129,3
1774299656848,0.0933244,-0.977829,0.171594,-10.0431,-3.8163,2.21539,0,0,3.29855,3
1774299656862,0.092916,-0.975703,0.170464,-10.1486,-3.93579,2.17034,0,0,3.61563,3
1774299656875,0.0933048,-0.977064,0.170034,-10.1536,-4.04687,2.04731,0,0,3.29768,3
1774299656888,0.093762,-0.977704,0.170296,-10.556,-4.09562,1.93419,0,0,3.32396,3
1774299656902,0.0933024,-0.97712,0.169596,-11.1046,-4.21015,1.88735,0,0,3.29194,3
1774299656915,0.093354,-0.978505,0.168447,-11.568,-4.23947,1.80761,0,0,3.29809,1
1774299656929,0.0922289,-0.979691,0.16612,-12.3219,-4.0933,1.74004,0,0,3.2912,1
1774299656942,0.092872,-0.978369,0.166019,-12.8271,-3.91765,1.75034,0,0,3.30672,1
1774299656956,0.0920242,-0.97987,0.163531,-13.4238,-3.75827,1.75193,0,0,3.28794,1
1774299656969,0.0920142,-0.980163,0.161408,-13.9447,-3.64123,1.73844,0,0,3.29625,1
1774299656982,0.0924852,-0.979942,0.158514,-14.37,-3.59927,1.67903,0,0,3.28364,1
1774299656996,0.0920921,-0.979837,0.15629,-14.7753,-3.58021,1.71459,0,0,3.33192,1
1774299657009,0.0923461,-0.980718,0.155114,-15.1304,-3.51427,1.6972,0,0,3.29807,1
1774299657023,0.0945962,-0.981466,0.153946,-15.514,-3.41006,1.58274,0,0,3.28166,1
1774299657036,0.0971751,-0.983504,0.151474,-15.8847,-3.35666,1.65495,0,0,3.28392,1
1774299657049,0.0994916,-0.984193,0.151597,-16.1108,-3.3525,2.08836,0,0,3.27689,1
1774299657063,0.100095,-0.988066,0.148053,-16.7379,-3.47403,2.54542,0,0,3.44683,1
1774299657076,0.101173,-0.988407,0.147419,-17.0403,-3.6033,2.96485,0,0,3.29011,1
1774299657090,0.0998449,-0.988028,0.146994,-17.5408,-3.6491,3.23701,0,0,3.27714,1
1774299657103,0.101009,-0.990825,0.145594,-18.1249,-3.60627,3.53929,0,0,3.29601,1
1774299657116,0.104023,-0.995551,0.143359,-18.8526,-3.66089,3.89355,0,0,3.30055,1
1774299657130,0.107278,-0.997176,0.140954,-19.8153,-4.00405,4.40007,0,0,3.31151,1
1774299657143,0.110808,-0.999157,0.137256,-20.6906,-4.74073,5.11753,0,0,3.2777,1
1774299657157,0.112422,-1.00099,0.133912,-21.5815,-5.79705,5.96303,0,0,3.27638,1
1774299657170,0.111466,-1.00432,0.129391,-22.645,-6.89432,6.61466,0,0,3.30214,1
1774299657183,0.109987,-1.00799,0.125825,-23.8048,-7.82598,6.77373,0,0,3.29035,1
1774299657197,0.106052,-1.01399,0.122052,-25.3045,-8.54568,6.46871,0,0,3.29651,1
1774299657210,0.102237,-1.01566,0.116298,-27.0961,-9.09569,6.02536,0,0,3.27566,1
1774299657224,0.0974772,-1.02127,0.113016,-28.5054,-9.46798,5.74776,0,0,3.28916,1
1774299657237,0.0922747,-1.02663,0.108906,-30.2061,-9.66567,5.31231,0,0,3.31009,1
1774299657250,0.0847159,-1.03027,0.107624,-31.942,-9.57353,4.73901,0,0,3.28576,1
1774299657264,0.0753203,-1.03871,0.103121,-33.8275,-9.18125,4.05271,0,0,3.32851,1
1774299657277,0.0690155,-1.04911,0.0968277,-36.0368,-8.49455,3.18053,0,0,3.26996,1
1774299657291,0.0657197,-1.0545,0.095839,-37.5561,-7.44601,2.27721,0,0,3.28142,1
1774299657304,0.0649062,-1.06148,0.0892668,-39.1893,-6.29187,1.31323,0,0,3.27692,1
1774299657317,0.0621424,-1.06567,0.0882991,-41.1205,-5.00121,0.698336,0,0,3.28514,1
1774299657331,0.0599266,-1.07043,0.0825904,-43.2559,-3.35691,0.451495,0,0,3.27666,1
1774299657344,0.0603167,-1.07376,0.0805694,-45.4587,-1.64213,0.299854,0,0,3.28368,1
1774299657357,0.0644588,-1.0732,0.0797471,-47.8116,-0.19909,0.138736,0,0,3.27853,1
1774299657371,0.0685478,-1.0694,0.07674,-49.9215,0.593517,0.302657,0,0,3.32413,1
1774299657384,0.0730238,-1.06678,0.072658,-51.2229,1.51337,1.26237,0,0,3.30192,5
1774299657398,0.0770372,-1.05363,0.0770504,-51.4639,2.09688,2.55833,0,0,3.2927,5
1774299657411,0.078334,-1.03333,0.0924614,-49.9084,2.67892,4.26717,0,0,3.29874,5
1774299657424,0.0756022,-1.0189,0.110124,-48.0107,3.42484,6.03986,0,0,3.28983,5
1774299657438,0.0749438,-1.00181,0.129641,-45.7347,4.19187,7.56282,0,0,3.30211,5
1774299657451,0.0779764,-0.984341,0.149574,-42.8118,4.52366,8.73745,0,0,3.29363,5
1774299657465,0.0814742,-0.97011,0.168497,-39.5771,4.56708,9.99349,0,0,3.28398,5
1774299657478,0.0866021,-0.954409,0.186967,-35.942,4.21884,11.454,0,0,3.3077,5
1774299657491,0.0904595,-0.937643,0.203817,-31.6548,3.5296,12.9636,0,0,3.29344,5
1774299657505,0.0924505,-0.924035,0.220902,-26.7162,2.7009,14.3469,0,0,3.29213,5
1774299657518,0.0930518,-0.912719,0.236833,-21.5378,1.76582,15.43,0,0,3.28063,5
1774299657532,0.0908295,-0.901652,0.250681,-16.0658,0.983812,16.2563,0,0,3.29511,5
1774299657545,0.0879357,-0.893579,0.263538,-10.1497,0.571948,16.8881,0,0,3.28261,5
1774299657558,0.0855634,-0.888869,0.275182,-4.06664,0.438814,17.2326,0,0,3.30568,5
1774299657572,0.0843947,-0.886992,0.285814,2.13681,0.65741,17.1755,0,0,3.34137,5
1774299657585,0.0861171,-0.889009,0.294765,8.2051,1.00076,16.704,0,0,3.32835,4
1774299657599,0.0882232,-0.892624,0.3009,14.0268,1.52225,16.0385,0,0,3.30955,4
1774299657612,0.0911875,-0.896487,0.305732,19.8567,2.2046,15.2083,0,0,3.29085,4
1774299657626,0.0949618,-0.902445,0.309476,25.701,2.90777,14.0696,0,0,3.30424,4
1774299657639,0.0967025,-0.91048,0.310527,31.4263,3.81941,12.6861,0,0,3.29063,4
1774299657652,0.0959648,-0.919733,0.310752,36.9735,5.13551,11.1297,0,0,3.29407,4
1774299657666,0.0898141,-0.929458,0.307871,42.3569,7.1755,9.47302,0,0,3.2882,4
1774299657679,0.0873811,-0.939611,0.30644,47.6318,10.0444,7.66095,0,0,3.30246,4
1774299657693,0.0853748,-0.951103,0.304249,52.4991,13.2426,5.47652,0,0,3.29388,4
1774299657706,0.0800182,-0.966779,0.301684,56.5894,17.1854,3.12046,0,0,3.28246,4
1774299657719,0.0769459,-0.977222,0.298153,60.0709,20.8625,0.379302,0,0,3.28581,4
1774299657733,0.0713601,-0.981678,0.291072,64.1968,25.1525,-2.42476,0,0,3.27801,5
1774299657746,0.0790337,-0.995558,0.284589,68.6046,29.3119,-4.66861,0,0,3.28166,5
1774299657759,0.09439,-1.01817,0.274268,71.4995,31.7942,-5.85272,0,0,3.27959,5
1774299657773,0.112619,-1.03212,0.258707,73.427,32.6454,-5.93934,0,0,3.48413,5
1774299657786,0.129112,-1.04747,0.241532,75.2263,32.0641,-5.60533,0,0,3.29733,5
1774299657800,0.140624,-1.06865,0.223292,75.7197,30.3752,-5.34786,0,0,3.29196,5
1774299657813,0.14909,-1.08711,0.202359,74.3918,27.7482,-5.64992,0,0,3.2902,5
1774299657827,0.154646,-1.09033,0.176448,72.4678,24.4542,-6.30584,0,0,3.28627,5
1774299657840,0.154374,-1.08448,0.143203,71.7535,21.0905,-6.43041,0,0,3.35044,5
1774299657853,0.154841,-1.08206,0.115896,73.0382,17.8779,-5.45698,0,0,3.29944,5
1774299657867,0.15881,-1.09112,0.0928583,73.8517,13.9133,-4.57626,0,0,3.28809,5
1774299657880,0.159766,-1.10367,0.0704225,72.4881,9.6342,-4.15086,0,0,3.30424,5
1774299657894,0.158021,-1.10895,0.0475798,70.062,5.14249,-3.64527,0,0,3.28092,5
1774299657907,0.150758,-1.11136,0.0265048,67.6397,0.752438,-2.65594,0,0,3.28972,5
1774299657920,0.139339,-1.11744,0.00920226,64.4083,-2.95205,-1.54397,0,0,3.28005,5
1774299657934,0.126519,-1.12047,-0.00552856,60.0654,-5.84885,-0.662221,0,0,3.29046,5
1774299657947,0.112434,-1.11829,-0.0197433,55.6476,-7.964,-0.00934357,0,0,3.27455,5
1774299657961,0.0960072,-1.11862,-0.0303575,51.6043,-8.95428,0.637314,0,0,3.27498,5
1774299657974,0.0774909,-1.12645,-0.0381907,46.8419,-8.59888,1.27211,0,0,3.30051,5
1774299657987,0.0580119,-1.13509,-0.0458201,40.6502,-6.972,1.59554,0,0,3.3279,5
1774299658001,0.0445204,-1.12619,-0.0493148,34.474,-4.32139,1.33434,0,0,3.32281,5
1774299658014,0.0350142,-1.11689,-0.0255695,30.643,-1.83401,0.688719,0,0,3.27539,2
1774299658028,0.0275786,-1.10649,0.0175623,28.3469,0.763051,-0.586944,0,0,3.31418,2
1774299658041,0.0263085,-1.10832,0.0605908,24.3757,2.99007,-3.61983,0,0,3.28505,2
1774299658054,0.033614,-1.11922,0.0838218,17.8968,3.81274,-7.41819,0,0,3.28716,2
1774299658068,0.0470062,-1.11757,0.0904059,10.7356,2.62989,-9.20725,0,0,3.29863,2
1774299658081,0.0565883,-1.10827,0.097428,5.8725,0.661295,-7.79759,0,0,3.30165,2
1774299658095,0.055587,-1.1022,0.106364,2.60617,-0.512633,-5.96475,0,0,3.32246,2
1774299658108,0.0523126,-1.0981,0.109037,-1.23398,-0.392246,-6.15427,0,0,3.2998,2
1774299658121,0.0577442,-1.08347,0.11187,-3.58145,0.287022,-7.39421,0,0,3.29489,2
1774299658135,0.0656075,-1.0732,0.115477,-3.71968,0.527834,-7.3721,0,0,3.28179,5
1774299658148,0.0697424,-1.07129,0.123559,-4.55538,0.653658,-5.89197,0,0,3.28216,5
1774299658162,0.0692121,-1.07024,0.129014,-6.75979,1.2096,-4.30817,0,0,3.28626,5
1774299658175,0.067253,-1.05468,0.131721,-8.50956,1.8063,-3.55954,0,0,3.26935,5
1774299658188,0.0685078,-1.04414,0.133071,-8.52551,2.29973,-3.45365,0,0,3.30833,5
1774299658202,0.0691313,-1.04023,0.136808,-8.535,2.65415,-3.11649,0,0,3.27857,5
1774299658215,0.0702613,-1.03322,0.142537,-8.91091,2.76433,-2.42657,0,0,3.32474,5
1774299658229,0.0708935,-1.02641,0.145304,-9.04821,2.60542,-1.83058,0,0,3.28133,5
1774299658242,0.0702488,-1.02206,0.149435,-8.82885,2.59544,-1.35067,0,0,3.28098,5
1774299658255,0.0697818,-1.01911,0.153267,-8.87399,2.50166,-1.13746,0,0,3.28115,5
1774299658269,0.0709688,-1.01425,0.157102,-8.8134,2.26071,-0.901524,0,0,3.2767,5
1774299658282,0.0717195,-1.0119,0.162136,-8.45777,1.8907,-0.539236,0,0,3.30791,5
1774299658296,0.0706544,-1.00955,0.167079,-8.42267,1.47635,-0.285047,0,0,3.27722,5
1774299658309,0.0694116,-1.00636,0.171495,-8.2628,1.08824,-0.266489,0,0,3.28568,5
1774299658322,0.0692054,-1.00407,0.173498,-7.99928,0.797261,-0.427098,0,0,3.27909,5
1774299658336,0.0716881,-1.00125,0.177986,-7.68889,0.531597,-0.478073,0,0,3.29431,5
1774299658349,0.0747883,-1.0013,0.182149,-7.38563,0.236303,-0.284264,0,0,3.27861,5
1774299658362,0.0765999,-0.999461,0.184615,-7.48132,-0.165317,-0.00841009,0,0,3.27774,5
1774299658376,0.0766345,-0.998481,0.18741,-7.48601,-0.660876,0.272096,0,0,3.29283,5
1774299658389,0.0760271,-0.998227,0.189955,-7.58592,-1.01388,0.513745,0,0,3.30413,3
1774299658403,0.0770157,-0.996863,0.192015,-8.03134,-1.22891,0.814631,0,0,3.2947,3
1774299658416,0.0778222,-0.994043,0.194103,-8.33102,-1.4717,1.39152,0,0,3.32515,3
1774299658430,0.076992,-0.992328,0.194721,-8.6717,-1.74711,1.88381,0,0,3.33741,3
1774299658443,0.0760593,-0.991361,0.192409,-8.87595,-1.95997,2.05475,0,0,3.28448,3
1774299658456,0.0756692,-0.991023,0.190999,-8.69022,-2.25553,2.23066,0,0,3.28205,3
1774299658470,0.0747623,-0.991768,0.191209,-8.55602,-2.49425,2.46522,0,0,3.28442,3
1774299658483,0.0734573,-0.985818,0.194591,-8.56123,-2.70631,2.70331,0,0,3.30076,3
1774299658497,0.0720812,-0.988755,0.193106,-8.66206,-2.83711,2.72466,0,0,3.28409,3
1774299658510,0.0723028,-0.989717,0.195093,-8.88183,-2.74348,2.82275,0,0,3.30789,3
1774299658523,0.0719382,-0.986963,0.197056,-9.39543,-2.60587,2.96928,0,0,3.31079,3
1774299658537,0.0714187,-0.983914,0.197535,-10.0121,-2.42758,3.09432,0,0,3.28218,3
1774299658550,0.0707403,-0.982781,0.196264,-10.3891,-2.38176,3.13784,0,0,3.27887,3
1774299658564,0.0695365,-0.979413,0.195635,-10.6541,-2.39161,3.07145,0,0,3.27515,3
1774299658577,0.0687483,-0.976672,0.194286,-10.5562,-2.50195,2.78655,0,0,3.28752,3
1774299658590,0.0684003,-0.974361,0.193519,-10.3572,-2.6699,2.60841,0,0,3.30626,3
1774299658604,0.0664874,-0.970795,0.19268,-10.0999,-3.04167,2.51648,0,0,3.27789,3
1774299658617,0.063868,-0.973087,0.190094,-9.78174,-3.2864,2.12612,0,0,3.28594,3
1774299658630,0.063947,-0.970837,0.191026,-9.28487,-3.41292,1.5457,0,0,3.30739,3
1774299658644,0.0639477,-0.969667,0.191545,-8.97944,-3.51222,1.18411,0,0,3.287,3
1774299658657,0.0652831,-0.965762,0.195767,-8.64447,-3.65862,1.08514,0,0,3.27778,3
1774299658671,0.0650012,-0.968861,0.195416,-8.55308,-3.82206,0.955765,0,0,3.27816,3
1774299658684,0.0664934,-0.974728,0.18735,-8.6214,-3.8997,0.783118,0,0,3.66954,3
1774299658698,0.0691481,-0.975609,0.187741,-8.09584,-3.96142,0.794856,0,0,3.27118,3
1774299658711,0.0690175,-0.976388,0.183898,-8.34095,-4.02267,0.698032,0,0,3.31005,3
1774299658725,0.07027,-0.968622,0.186799,-8.03452,-4.2766,0.808743,0,0,3.29379,3
1774299658738,0.0668446,-0.96835,0.187268,-8.23126,-4.48588,0.775367,0,0,3.30752,3
1774299658751,0.0682347,-0.971902,0.185943,-8.33647,-4.5995,0.629967,0,0,3.27727,3
1774299658765,0.0686886,-0.973697,0.18425,-8.4332,-4.71702,0.538966,0,0,3.27241,3
1774299658778,0.0678307,-0.970544,0.185075,-8.62043,-4.78685,0.614925,0,0,3.2817,3
1774299658792,0.0661989,-0.966163,0.188811,-8.79758,-4.7851,0.655793,0,0,3.29909,3
1774299658805,0.065119,-0.973216,0.186768,-9.37071,-4.6794,0.434459,0,0,3.28659,3
1774299658818,0.066638,-0.973768,0.187718,-10.0988,-4.40322,0.434496,0,0,3.27311,3
1774299658832,0.0689661,-0.980713,0.181388,-10.8293,-4.05476,0.568981,0,0,3.30248,3
1774299658845,0.0701674,-0.980798,0.174438,-11.7728,-3.59781,0.863772,0,0,3.29974,3
1774299658858,0.0703232,-0.974463,0.178543,-12.0129,-3.24956,1.24693,0,0,3.28205,3
1774299658872,0.0683369,-0.983321,0.171536,-13.0916,-2.85704,1.19155,0,0,3.28391,3
1774299658885,0.0713594,-0.981114,0.172223,-13.441,-2.60001,1.37563,0,0,3.33255,3
1774299658899,0.0710574,-0.980146,0.173393,-14.1112,-2.62159,1.52883,0,0,3.29409,3
1774299658912,0.0720391,-0.981506,0.175014,-14.9254,-2.66037,1.5741,0,0,3.27872,3
1774299658925,0.0733516,-0.987215,0.170371,-15.8939,-2.84471,1.35307,0,0,3.29313,3
1774299658939,0.0761655,-0.991052,0.168461,-16.6714,-3.03582,1.32941,0,0,3.27031,5
1774299658952,0.0771694,-0.992895,0.168408,-17.6618,-3.33269,1.59054,0,0,3.27455,5
1774299658966,0.0773286,-0.994872,0.170043,-18.574,-3.79788,1.98431,0,0,3.31478,5
1774299658979,0.0762104,-0.997488,0.169953,-19.6427,-4.31105,2.14063,0,0,3.28989,5
1774299658992,0.075173,-1.00085,0.167965,-20.7845,-4.69995,2.16913,0,0,3.31185,5
1774299659006,0.0756331,-1.00349,0.166428,-21.8795,-5.00152,2.23201,0,0,3.27074,5
1774299659019,0.0793082,-1.00774,0.164616,-23.1032,-5.45446,2.20915,0,0,3.29046,5
1774299659032,0.0837407,-1.01019,0.165425,-24.5472,-6.18557,2.2321,0,0,3.27313,1
1774299659046,0.084787,-1.01738,0.159194,-26.4759,-7.15229,2.49997,0,0,3.28165,1
1774299659059,0.0814848,-1.01898,0.154965,-28.3851,-7.92861,2.89797,0,0,3.28359,1
1774299659073,0.0741523,-1.02311,0.148615,-30.2989,-8.2392,2.6759,0,0,3.27898,1
1774299659086,0.064909,-1.02948,0.142084,-32.7643,-7.93889,1.54782,0,0,3.29431,1
1774299659099,0.0615793,-1.02873,0.139522,-34.6388,-7.17715,0.220547,0,0,3.30067,1
1774299659113,0.0618544,-1.02755,0.135737,-35.4637,-6.59045,-0.808339,0,0,3.30676,1
1774299659126,0.0628649,-1.03281,0.130175,-36.84,-6.65153,-1.60395,0,0,3.2862,1
1774299659140,0.0584608,-1.03511,0.123062,-38.6148,-6.39875,-2.04793,0,0,3.29317,3
1774299659153,0.0563632,-1.03507,0.116634,-39.9269,-5.72254,-2.45759,0,0,3.28954,3
1774299659166,0.0578808,-1.03887,0.109109,-41.3766,-5.25425,-3.15727,0,0,3.28431,3
1774299659180,0.0583284,-1.0423,0.102437,-42.542,-4.78483,-3.50684,0,0,3.30043,3
1774299659193,0.0574858,-1.04626,0.0960996,-43.9366,-4.19487,-3.45914,0,0,3.30513,3
1774299659207,0.057182,-1.05,0.0900285,-45.5077,-3.32714,-3.36616,0,0,3.29581,3
1774299659220,0.0578523,-1.05388,0.084383,-47.1209,-2.25759,-3.46295,0,0,3.2988,3
1774299659233,0.0616109,-1.05544,0.0808101,-48.7177,-1.16411,-3.53161,0,0,3.29956,3
1774299659247,0.0697536,-1.05103,0.0799667,-49.9975,-0.367473,-3.16695,0,0,3.28472,5
1774299659260,0.0811809,-1.04662,0.0779109,-50.6215,-0.256085,-2.16419,0,0,3.27705,5
1774299659273,0.0901227,-1.03551,0.0828317,-50.2488,-0.384306,-0.321914,0,0,3.29219,5
1774299659287,0.0952781,-1.01569,0.0997943,-48.1256,-0.714719,2.02505,0,0,3.28998,5
1774299659300,0.0961828,-1.00301,0.11688,-45.743,-1.01889,4.16158,0,0,3.31861,5
1774299659314,0.102056,-0.988186,0.135642,-42.9849,-1.65069,5.85456,0,0,3.29478,5
1774299659327,0.11065,-0.973403,0.154128,-39.7277,-3.10428,7.52022,0,0,3.31993,5
1774299659341,0.117139,-0.959255,0.171603,-36.4001,-5.16614,9.51594,0,0,3.28757,5
1774299659354,0.120974,-0.944178,0.187865,-32.5518,-7.69854,11.5115,0,0,3.32576,5
1774299659367,0.120371,-0.930444,0.203117,-28.3319,-10.2088,13.2418,0,0,3.32031,5
1774299659381,0.117808,-0.919168,0.216944,-23.8131,-12.5585,14.5218,0,0,3.29622,5
1774299659395,0.113297,-0.910788,0.229835,-19.1944,-14.6394,15.3476,0,0,3.68382,5
1774299659408,0.106698,-0.903276,0.240711,-14.4915,-16.2812,15.7858,0,0,3.28818,5
1774299659421,0.100483,-0.897533,0.25095,-9.56887,-17.4806,15.8282,0,0,3.30415,5
1774299659435,0.0941138,-0.893612,0.259546,-4.59654,-18.2955,15.5608,0,0,3.29119,5
1774299659448,0.0880228,-0.891026,0.267008,0.442418,-18.7555,15.0502,0,0,3.29287,4
1774299659462,0.0813333,-0.888681,0.272745,5.60379,-18.8364,14.2458,0,0,3.29574,4
1774299659475,0.0751712,-0.886459,0.276993,11.2254,-18.4328,13.0747,0,0,3.283,4
1774299659488,0.0703356,-0.890304,0.280478,17.0956,-17.6352,11.7157,0,0,3.2918,4
1774299659502,0.0683274,-0.897663,0.281601,22.8143,-16.7026,10.3426,0,0,3.31468,4
1774299659515,0.0672824,-0.906495,0.281031,28.3521,-15.7361,9.04568,0,0,3.3517,4
1774299659529,0.0666462,-0.917183,0.279396,33.6376,-14.8166,7.85062,0,0,3.30996,4
1774299659542,0.0662086,-0.929912,0.276904,38.3513,-13.9932,6.70418,0,0,3.30159,4
1774299659556,0.065961,-0.944775,0.273314,42.2855,-13.3089,5.51885,0,0,3.29454,4
1774299659569,0.0648381,-0.955817,0.26701,45.5656,-12.6973,4.26471,0,0,3.29085,5
1774299659582,0.0630382,-0.959724,0.258749,49.2172,-12.021,3.05693,0,0,3.29463,5
1774299659596,0.0620004,-0.967721,0.250669,53.5001,-11.4178,1.97428,0,0,3.63236,5
1774299659609,0.0594277,-0.982618,0.242941,57.2187,-10.818,0.981048,0,0,3.3033,5
1774299659623,0.0548963,-0.998091,0.231431,59.9815,-10.0036,-0.151298,0,0,3.26622,5
1774299659637,0.0538835,-1.01224,0.218128,61.953,-8.91577,-1.52799,0,0,3.99391,5
1774299659650,0.0550184,-1.02664,0.203442,63.0471,-8.26152,-2.79878,0,0,3.2703,5
1774299659664,0.0561997,-1.03809,0.188417,63.4799,-7.98608,-3.85356,0,0,3.26478,5
1774299659677,0.053443,-1.04249,0.170461,63.6149,-7.89352,-4.9468,0,0,3.27987,5
1774299659690,0.0484686,-1.04199,0.152105,64.3194,-7.53553,-6.05407,0,0,3.26822,5
1774299659704,0.0420462,-1.04787,0.135267,65.5749,-6.85379,-6.86802,0,0,3.32128,5
1774299659717,0.0383603,-1.05845,0.120853,66.0698,-6.25654,-7.81957,0,0,3.27068,5
1774299659731,0.0348783,-1.06592,0.105446,65.174,-5.52836,-9.09713,0,0,4.24347,5
1774299659745,0.032264,-1.06723,0.0891969,63.9169,-4.72328,-10.4974,0,0,3.28063,5
1774299659758,0.0315149,-1.06631,0.0741174,62.7526,-3.92782,-11.7095,0,0,3.27989,5
1774299659772,0.0309268,-1.06613,0.0596226,61.2922,-3.147,-12.4576,0,0,3.29235,5
1774299659785,0.0322328,-1.06168,0.0450143,59.7143,-2.62964,-12.8597,0,0,3.2867,5
1774299659798,0.0342398,-1.05966,0.0322727,58.5952,-2.42733,-12.8235,0,0,3.36296,5
1774299659812,0.0364153,-1.06586,0.021722,56.9809,-2.66541,-12.4125,0,0,3.26994,5
1774299659825,0.0362641,-1.07229,0.0104474,53.9915,-3.26137,-11.8562,0,0,3.2957,5
1774299659840,0.0346996,-1.0757,-0.00227719,50.522,-3.80378,-11.0914,0,0,4.43548,5
1774299659854,0.0329258,-1.08113,-0.016837,46.9974,-4.20572,-10.2034,0,0,4.25201,5
1774299659868,0.0293719,-1.09214,-0.0329915,42.6999,-4.33249,-9.20285,0,0,3.26465,5
1774299659881,0.0228984,-1.10452,-0.0499343,36.7927,-4.03937,-8.31626,0,0,3.26796,5
1774299659894,0.0230501,-1.08819,-0.022852,32.9815,-3.69932,-7.61,0,0,3.28043,5
1774299659908,0.0264623,-1.08273,0.0192213,30.6001,-3.54834,-7.971,0,0,3.29241,5
1774299659921,0.0254545,-1.09584,0.0496427,26.4657,-3.23155,-9.51152,0,0,3.29113,5
1774299659934,0.028516,-1.10401,0.0678752,20.1106,-2.97407,-10.6766,0,0,3.26448,5
1774299659949,0.0368034,-1.09608,0.0756692,14.6977,-3.25856,-9.93943,0,0,4.06053,5
1774299659962,0.0397529,-1.08747,0.08214,11.4561,-2.97901,-8.19112,0,0,3.32843,5
1774299659975,0.0387297,-1.0859,0.0920114,8.02774,-1.90801,-7.43407,0,0,3.27611,5
1774299659989,0.0382532,-1.07644,0.100234,4.40844,-0.39396,-7.63238,0,0,3.29404,2
1774299660002,0.0438085,-1.0649,0.10546,2.08702,0.726864,-7.91163,0,0,3.41206,2
1774299660016,0.0509573,-1.05746,0.112688,0.349701,1.24188,-7.31198,0,0,3.29313,2
1774299660029,0.0559144,-1.05066,0.118149,-1.8785,1.5122,-6.08914,0,0,3.26563,2
1774299660043,0.0574089,-1.03764,0.125025,-3.48844,1.6967,-5.01667,0,0,4.09883,2
1774299660057,0.0579945,-1.0288,0.131761,-4.44545,1.89527,-4.59697,0,0,3.2662,2
1774299660070,0.058608,-1.02209,0.135768,-5.65535,2.14521,-4.49711,0,0,3.27328,5
1774299660083,0.0630169,-1.01591,0.138009,-6.2857,2.06941,-4.26113,0,0,3.28189,5
1774299660097,0.0654607,-1.01245,0.139789,-6.56042,1.70927,-3.81016,0,0,3.26917,5
1774299660110,0.0673811,-1.00808,0.148036,-6.52513,1.37575,-3.28772,0,0,3.31437,5
1774299660123,0.0666018,-1.00767,0.154343,-6.81381,1.08705,-3.14526,0,0,3.26622,5
1774299660137,0.0691664,-1.00783,0.16017,-6.93901,0.94515,-3.15938,0,0,3.29895,5
1774299660150,0.0709889,-1.00663,0.164494,-6.88891,0.828335,-3.09949,0,0,3.28193,5
1774299660164,0.0704254,-1.00288,0.169333,-6.86902,0.666261,-3.08063,0,0,3.30824,5
1774299660177,0.0703458,-0.999606,0.175818,-6.72864,0.423788,-3.12749,0,0,3.32432,5
1774299660191,0.0714761,-0.999656,0.177802,-6.68221,0.026638,-3.37254,0,0,3.27074,5
1774299660204,0.0728986,-0.996179,0.178034,-6.50007,-0.377351,-3.6077,0,0,3.33711,5
1774299660217,0.0750276,-0.9871,0.184726,-5.90767,-0.741124,-3.72562,0,0,3.26659,5
1774299660231,0.0772131,-0.987163,0.187036,-5.87388,-1.1029,-3.91486,0,0,3.29313,3
1774299660244,0.0821002,-0.988066,0.18364,-5.86169,-1.43197,-3.82115,0,0,3.27257,3
1774299660258,0.0863039,-0.984648,0.187738,-5.20362,-1.85905,-3.46893,0,0,4.17088,3
1774299660272,0.087078,-0.990177,0.185453,-5.49107,-2.19067,-3.30261,0,0,3.26122,3
1774299660285,0.0902632,-0.985749,0.187262,-5.14624,-2.69294,-2.91012,0,0,3.26106,3
1774299660299,0.0896897,-0.986009,0.188532,-5.1162,-3.30449,-2.50153,0,0,3.27574,3
1774299660312,0.0896751,-0.984849,0.190067,-4.98123,-3.7901,-2.22934,0,0,3.29774,3
1774299660325,0.0894902,-0.987881,0.191492,-4.92233,-4.14785,-2.13683,0,0,3.2933,3
1774299660339,0.0902744,-0.98476,0.192845,-5.22813,-4.36521,-1.93604,0,0,3.26543,3
1774299660353,0.0912913,-0.984914,0.192803,-5.45469,-4.5464,-1.60393,0,0,4.08625,3
1774299660366,0.0911746,-0.985467,0.195208,-5.81027,-4.60224,-1.26347,0,0,3.27893,3
1774299660380,0.0925898,-0.984789,0.197871,-6.31633,-4.5843,-1.15963,0,0,3.27606,3
1774299660393,0.0933879,-0.984152,0.199158,-7.03806,-4.53783,-1.05476,0,0,3.29337,3
1774299660407,0.0945248,-0.98114,0.200122,-7.6812,-4.52564,-0.73355,0,0,3.74978,3
1774299660420,0.0952063,-0.980107,0.200627,-8.24631,-4.45762,-0.409372,0,0,3.31293,3
1774299660434,0.0967014,-0.979738,0.200266,-8.84565,-4.39384,-0.0965274,0,0,3.29224,3
1774299660447,0.0977788,-0.978703,0.202345,-9.37584,-4.2707,0.254862,0,0,3.30115,3
1774299660460,0.0981258,-0.975929,0.203201,-10.1007,-4.15104,0.592963,0,0,3.28428,3
1774299660474,0.0980305,-0.975412,0.201169,-10.6585,-4.03766,0.995168,0,0,3.28596,3
1774299660487,0.0971066,-0.973733,0.199515,-11.0318,-3.83644,1.28446,0,0,3.29367,3
1774299660500,0.0976325,-0.971444,0.199277,-11.188,-3.66064,1.42394,0,0,3.30232,3
1774299660514,0.0981247,-0.970696,0.199371,-11.3693,-3.52981,1.61597,0,0,3.31176,3
1774299660527,0.0981149,-0.969757,0.196652,-11.5468,-3.51337,1.76382,0,0,3.26765,3
1774299660541,0.0972086,-0.967855,0.193861,-11.5311,-3.47215,1.89653,0,0,3.28021,3
1774299660554,0.0973883,-0.965673,0.194234,-11.1905,-3.51332,1.87579,0,0,3.281,3
1774299660567,0.0962256,-0.9682,0.190555,-11.1464,-3.67079,1.81767,0,0,3.28359,3
1774299660581,0.0984342,-0.969185,0.189193,-10.8462,-3.93932,1.79707,0,0,3.31609,3
1774299660594,0.0964677,-0.967158,0.189173,-10.7884,-4.12812,1.75407,0,0,3.28741,3
1774299660608,0.0959431,-0.967025,0.188331,-10.6286,-4.24811,1.64626,0,0,3.29365,1
1774299660621,0.0960074,-0.970175,0.187216,-10.6772,-4.2616,1.55221,0,0,3.296,1
1774299660634,0.0964852,-0.971907,0.185648,-10.7788,-4.26662,1.50282,0,0,3.2865,1
1774299660648,0.0959065,-0.971811,0.184971,-11.064,-4.16645,1.50074,0,0,3.28239,1
1774299660661,0.0962819,-0.972937,0.182338,-11.3751,-3.94174,1.47265,0,0,3.29058,1
1774299660674,0.0980397,-0.972519,0.18156,-11.6761,-3.74676,1.55661,0,0,3.2768,1
1774299660688,0.0975318,-0.974906,0.180005,-12.1319,-3.67147,1.63672,0,0,3.27867,1
1774299660701,0.0971315,-0.975833,0.177749,-12.6781,-3.59013,1.51194,0,0,3.27928,1
1774299660715,0.0969943,-0.971509,0.179766,-12.8996,-3.5322,1.45967,0,0,3.30156,3
1774299660728,0.0964467,-0.973043,0.177018,-13.392,-3.54773,1.4386,0,0,3.29011,3
1774299660741,0.0963928,-0.972738,0.175598,-13.764,-3.5397,1.54845,0,0,3.29072,3
1774299660755,0.0957968,-0.976524,0.173033,-14.2508,-3.48374,1.53096,0,0,3.29665,3
1774299660768,0.0971807,-0.981598,0.165668,-15.0087,-3.28404,1.46435,0,0,3.27741,3
1774299660782,0.0994543,-0.975858,0.166121,-15.2784,-3.08827,1.73546,0,0,3.29248,3
1774299660795,0.0999522,-0.978376,0.16365,-15.8824,-2.92361,2.06459,0,0,3.289,3
1774299660808,0.0998091,-0.974848,0.16606,-16.2628,-2.79987,2.58336,0,0,3.296,1
1774299660822,0.098754,-0.976599,0.1612,-16.8437,-2.77983,2.85122,0,0,3.31395,1
1774299660835,0.0993893,-0.982374,0.15682,-17.3616,-2.74979,3.09036,0,0,3.27765,1
1774299660848,0.10083,-0.985237,0.155481,-17.8924,-2.84261,3.26299,0,0,3.30213,1
1774299660862,0.101983,-0.985317,0.157255,-18.5484,-2.96191,3.4208,0,0,3.29376,1
1774299660875,0.103256,-0.985393,0.160468,-19.1479,-3.15202,3.74916,0,0,3.29404,1
1774299660889,0.105414,-0.99278,0.156237,-20.112,-3.57597,4.05654,0,0,3.29048,1
1774299660902,0.105384,-0.993138,0.156953,-21.0028,-4.14269,4.60616,0,0,3.28769,1
1774299660915,0.105495,-1.0011,0.151221,-21.8757,-4.89943,4.92755,0,0,3.38196,1
1774299660929,0.105504,-1.00771,0.146476,-23.1561,-5.94727,4.73251,0,0,3.27978,1
1774299660942,0.106891,-1.00721,0.148569,-23.9374,-7.21895,4.42766,0,0,3.28997,1
1774299660956,0.109038,-1.02257,0.142691,-25.3492,-8.7794,3.89841,0,0,3.29656,1
1774299660969,0.105711,-1.02704,0.144383,-26.9905,-10.1495,3.35175,0,0,3.29591,1
1774299660982,0.10017,-1.03523,0.142105,-29.2013,-11.3097,1.90016,0,0,3.29072,1
1774299660996,0.0905043,-1.03761,0.138741,-31.8624,-11.6597,0.199867,0,0,3.29374,1
1774299661009,0.0883614,-1.04392,0.132727,-34.0722,-11.6343,-1.32841,0,0,3.34458,1
1774299661023,0.0851698,-1.04792,0.129827,-36.3192,-11.4719,-2.40829,0,0,3.30367,1
1774299661036,0.0843706,-1.05498,0.127843,-38.8828,-11.0717,-3.2135,0,0,3.28295,1
1774299661049,0.0847487,-1.06121,0.126502,-41.4949,-10.4904,-3.95641,0,0,3.27217,1
1774299661063,0.0880038,-1.0646,0.122101,-43.9596,-9.79924,-4.52364,0,0,3.29219,1
1774299661076,0.0890025,-1.07019,0.114231,-46.5092,-9.03163,-4.61887,0,0,3.28634,3
1774299661090,0.0897119,-1.0704,0.109182,-49.0968,-7.85234,-4.10244,0,0,3.27419,3
1774299661103,0.0923228,-1.07106,0.102635,-51.7282,-6.55166,-3.57559,0,0,3.28256,3
1774299661116,0.0947769,-1.0676,0.0974524,-54.1438,-5.42756,-2.91773,0,0,3.30813,3
1774299661130,0.0964723,-1.05901,0.0925926,-55.7616,-4.60201,-1.56371,0,0,3.28293,3
1774299661143,0.0960756,-1.04981,0.0856819,-56.466,-3.25456,0.372486,0,0,3.27004,3
1774299661157,0.103832,-1.03734,0.08312,-55.9107,-2.07648,2.15897,0,0,3.28906,3
1774299661170,0.1089,-1.00754,0.102216,-52.7908,-1.17085,4.44941,0,0,3.29826,5
1774299661183,0.111505,-0.998081,0.121299,-49.5633,-0.484735,6.96335,0,0,3.27773,5
1774299661197,0.114327,-0.983046,0.138811,-46.4843,-0.207056,9.14658,0,0,3.28824,5
1774299661210,0.119374,-0.967559,0.155792,-42.6403,-0.528571,11.1568,0,0,3.26991,5
1774299661223,0.124051,-0.957607,0.173215,-38.9412,-1.51758,13.3999,0,0,3.31849,5
1774299661237,0.126388,-0.94415,0.188841,-35.3328,-2.76625,15.8434,0,0,3.28448,5
1774299661250,0.126573,-0.929392,0.204029,-31.2438,-4.09261,17.8651,0,0,3.30834,5
1774299661264,0.125703,-0.915685,0.218115,-26.8776,-5.23282,19.227,0,0,3.28682,5
1774299661277,0.125971,-0.901382,0.231788,-22.1688,-6.17119,20.0916,0,0,3.28406,5
1774299661290,0.126762,-0.888932,0.244435,-16.9603,-6.973,20.6148,0,0,3.33119,5
1774299661304,0.127251,-0.880763,0.255793,-11.5807,-7.64163,20.7165,0,0,3.30174,5
1774299661317,0.128102,-0.87528,0.265395,-6.18848,-8.1109,20.204,0,0,3.29373,5
1774299661331,0.130145,-0.873346,0.273018,-0.690272,-8.54271,19.2082,0,0,3.30517,4
1774299661344,0.130987,-0.874347,0.278204,4.94056,-9.01367,18.1136,0,0,3.29506,4
1774299661357,0.130085,-0.879981,0.28217,10.6131,-9.41497,17.0702,0,0,3.27293,4
1774299661371,0.128069,-0.888219,0.2845,15.9815,-9.66659,15.8335,0,0,3.28715,4
1774299661384,0.126077,-0.895958,0.285255,21.3186,-9.80433,14.3378,0,0,3.28043,4
1774299661397,0.124514,-0.906551,0.284215,26.5538,-9.94505,12.7881,0,0,3.28239,4
1774299661411,0.122699,-0.917632,0.281651,31.5261,-9.99523,11.2743,0,0,3.28785,4
1774299661424,0.121048,-0.927982,0.277074,36.3543,-10.022,9.69262,0,0,3.30797,4
1774299661438,0.117954,-0.937975,0.27053,41.2064,-9.91633,8.22192,0,0,3.30511,5
1774299661451,0.115753,-0.949037,0.265597,46.1065,-9.84481,6.92662,0,0,3.28121,5
1774299661464,0.111662,-0.965167,0.25759,50.4231,-9.68523,5.64404,0,0,3.29256,5
1774299661478,0.10743,-0.978477,0.248994,54.1794,-9.55774,4.26298,0,0,3.28308,5
1774299661491,0.100949,-0.992957,0.241564,57.7078,-9.09655,2.77441,0,0,3.35193,5
1774299661505,0.0937584,-1.01068,0.233029,60.0424,-8.43901,1.47596,0,0,3.28787,5
1774299661518,0.0864443,-1.02675,0.223147,61.3379,-7.71772,0.13216,0,0,3.28885,5
1774299661531,0.0766422,-1.0334,0.211563,62.007,-6.63269,-1.39874,0,0,3.32524,5
1774299661545,0.0703756,-1.02847,0.198403,63.772,-5.26254,-3.35502,0,0,3.282,5
1774299661558,0.0641269,-1.03198,0.188306,66.5663,-3.54278,-5.08168,0,0,3.3135,5
1774299661572,0.0610555,-1.04202,0.178769,68.2464,-1.6433,-6.37065,0,0,3.31415,5
1774299661585,0.0596559,-1.04692,0.168698,69.0984,0.0622825,-7.70721,0,0,3.28689,5
1774299661598,0.0593639,-1.05191,0.159612,69.7711,1.61782,-9.27024,0,0,3.28402,5
1774299661612,0.0606542,-1.06058,0.151382,69.5245,2.89084,-10.785,0,0,3.29587,5
1774299661625,0.0624112,-1.06723,0.140203,68.0975,3.61032,-12.0028,0,0,3.35895,5
1774299661639,0.0610698,-1.07034,0.124495,66.4739,4.01626,-12.7058,0,0,3.28211,5
1774299661652,0.060417,-1.06397,0.106003,65.3473,4.18877,-13.1611,0,0,3.29993,5
1774299661665,0.062494,-1.05798,0.0896652,65.4015,4.38927,-13.6248,0,0,3.28017,5
1774299661679,0.0642666,-1.06503,0.0750671,65.5626,4.2484,-13.785,0,0,3.29884,5
1774299661692,0.0649687,-1.0749,0.0592709,64.008,3.61745,-13.729,0,0,3.2881,5
1774299661706,0.0628001,-1.07978,0.0415069,61.4586,2.95595,-13.516,0,0,3.2885,5
1774299661719,0.0597655,-1.0829,0.0237618,58.9622,2.44974,-13.1736,0,0,3.29032,5
1774299661732,0.0549096,-1.09211,0.00711305,55.6605,2.20871,-12.6042,0,0,3.3081,5
1774299661746,0.0500099,-1.10003,-0.0105266,51.0966,2.22569,-11.7713,0,0,3.30569,5
1774299661759,0.0451216,-1.10583,-0.0291886,46.2009,2.4875,-10.8447,0,0,3.27889,5
1774299661773,0.0382049,-1.11488,-0.0467995,41.122,3.12812,-9.9778,0,0,3.29063,5
1774299661786,0.032637,-1.11203,-0.0635015,35.3116,4.40635,-9.2113,0,0,3.2918,5
1774299661799,0.0272273,-1.09145,-0.0298788,32.5511,5.70922,-8.29341,0,0,3.28687,5
1774299661813,0.0332755,-1.08751,0.0266487,30.1802,6.74162,-8.79334,0,0,3.30256,5
1774299661826,0.0360696,-1.09254,0.0680627,24.7908,6.87044,-10.8615,0,0,3.36576,5
1774299661840,0.0388164,-1.10584,0.0810054,16.8832,6.19817,-12.606,0,0,3.29573,5
1774299661853,0.0472832,-1.09546,0.0820432,10.8181,4.97015,-11.9443,0,0,3.28504,5
1774299661866,0.0515682,-1.08692,0.0895058,7.85964,4.09833,-9.87799,0,0,3.29324,5
1774299661880,0.0476047,-1.08789,0.100251,4.39921,4.32146,-8.60242,0,0,3.28726,5
1774299661893,0.0468254,-1.0797,0.109159,0.345866,5.17265,-8.89747,0,0,3.2853,5
1774299661907,0.0517923,-1.06535,0.114272,-1.64533,5.83051,-9.4376,0,0,3.28069,5
1774299661920,0.0590724,-1.05911,0.122589,-2.8817,5.90724,-8.94205,0,0,3.28593,5
1774299661933,0.0623613,-1.05428,0.130457,-5.05068,5.82895,-7.52972,0,0,3.31791,5
1774299661947,0.0628906,-1.04423,0.134286,-6.94385,5.84668,-6.397,0,0,3.2806,5
1774299661960,0.0620193,-1.03017,0.13941,-7.82007,6.14173,-6.17005,0,0,3.30539,5
1774299661974,0.0647416,-1.02585,0.140766,-8.5341,6.39797,-6.38317,0,0,3.28848,5
1774299661987,0.0701315,-1.01712,0.144486,-8.85268,6.35167,-5.96646,0,0,3.30191,5
1774299662000,0.0735347,-1.01166,0.150296,-8.63272,5.94829,-4.94969,0,0,3.30319,5
1774299662014,0.0740877,-1.00847,0.157112,-8.77921,5.5457,-4.11198,0,0,3.32175,5
1774299662027,0.0744778,-1.0039,0.161495,-8.97486,5.12844,-3.77685,0,0,3.43264,5
1774299662041,0.0763136,-1.00116,0.165728,-8.799,4.51706,-3.54573,0,0,3.28962,5
1774299662054,0.0767772,-1.00054,0.170663,-8.74648,3.97338,-3.15587,0,0,3.29128,5
1774299662068,0.07674,-0.998246,0.174763,-8.67634,3.48546,-2.93218,0,0,3.27565,5
1774299662081,0.0768326,-0.996583,0.178747,-8.3314,3.06943,-2.96382,0,0,3.28069,5
1774299662094,0.0778074,-0.994725,0.181767,-8.07474,2.55171,-3.07289,0,0,3.28351,5
1774299662108,0.0773942,-0.992906,0.183128,-7.79779,1.944,-3.01956,0,0,3.26873,5
1774299662121,0.0791344,-0.992052,0.185871,-7.30944,1.43631,-3.13322,0,0,3.28476,5
1774299662134,0.0809908,-0.989762,0.187949,-7.24584,0.904012,-3.36896,0,0,3.30697,5
1774299662148,0.0839831,-0.984647,0.19188,-6.97085,0.283816,-3.22623,0,0,3.29734,3
1774299662161,0.086268,-0.98581,0.193771,-6.85945,-0.24079,-3.00501,0,0,3.28578,3
1774299662175,0.0882181,-0.990797,0.190293,-7.02619,-0.642196,-2.9435,0,0,3.29332,3
1774299662188,0.0905634,-0.985808,0.193385,-6.85601,-0.945297,-2.70517,0,0,3.28778,3
1774299662201,0.0912046,-0.985446,0.194003,-7.09017,-1.33245,-2.4177,0,0,3.27778,3
1774299662215,0.091476,-0.979431,0.1991,-7.16005,-1.70987,-1.90399,0,0,3.2851,3
1774299662228,0.0913299,-0.987879,0.198977,-7.45765,-2.03872,-1.69828,0,0,3.29202,3
1774299662242,0.093411,-0.985174,0.200365,-7.92397,-2.13161,-1.36838,0,0,3.32999,3
1774299662255,0.0936393,-0.980762,0.201703,-8.24166,-2.28223,-0.834746,0,0,3.28215,3
1774299662268,0.091701,-0.985639,0.20201,-8.90678,-2.25227,-0.519878,0,0,3.3046,3
1774299662282,0.0928476,-0.987548,0.206106,-9.83176,-1.97093,-0.713374,0,0,3.28012,3
1774299662295,0.0952787,-0.989577,0.207588,-11.0868,-1.63943,-0.8502,0,0,3.28734,3
1774299662309,0.0961621,-0.985516,0.204691,-12.4825,-1.31582,-0.39402,0,0,3.28778,3
1774299662322,0.0960246,-0.978206,0.208915,-13.0027,-1.02278,0.00402876,0,0,3.29214,3
1774299662335,0.0940032,-0.977291,0.210156,-14.1295,-0.665681,0.0491905,0,0,3.30926,3
1774299662349,0.0966614,-0.97365,0.211077,-14.8343,-0.487896,0.450639,0,0,3.2711,3
1774299662362,0.0995663,-0.978764,0.20759,-15.4118,-0.387309,0.8908,0,0,3.30836,3
1774299662376,0.0972727,-0.967211,0.207832,-15.7993,-0.382283,1.32811,0,0,3.28699,3
1774299662389,0.0968624,-0.969862,0.203644,-15.713,-0.57108,1.30842,0,0,3.28439,3
1774299662402,0.0977512,-0.970881,0.198988,-15.6357,-0.762132,1.3121,0,0,3.28352,3
1774299662416,0.0978005,-0.968012,0.197225,-15.0695,-1.06621,1.43033,0,0,3.27895,5
1774299662429,0.0959791,-0.965428,0.198508,-14.8199,-1.27659,1.59117,0,0,3.33399,5
1774299662442,0.0950168,-0.970122,0.194429,-14.6257,-1.47389,1.57171,0,0,3.30399,5
1774299662456,0.0965309,-0.969614,0.192567,-14.4553,-1.56848,1.66553,0,0,3.29045,5
1774299662469,0.096783,-0.96964,0.192111,-14.2821,-1.72457,1.7528,0,0,3.27034,5
1774299662483,0.0972482,-0.971224,0.189656,-14.2513,-1.91943,1.78593,0,0,3.27962,5
1774299662496,0.0966895,-0.967454,0.189145,-13.9922,-2.15431,1.92083,0,0,3.28645,5
1774299662509,0.0957175,-0.969507,0.18587,-13.7829,-2.45438,1.89615,0,0,3.27986,5
1774299662523,0.0950015,-0.969303,0.184095,-13.5394,-2.70764,1.8917,0,0,3.2826,5
1774299662536,0.0945944,-0.970464,0.182407,-13.239,-2.95312,1.80229,0,0,3.31526,1
1774299662550,0.0943333,-0.969118,0.18247,-13.1117,-3.17883,1.7757,0,0,3.30056,1
1774299662563,0.0946174,-0.970138,0.181024,-12.9645,-3.41116,1.73647,0,0,3.29656,1
1774299662576,0.0953482,-0.973504,0.178681,-13.0329,-3.57949,1.71315,0,0,3.31428,1
1774299662590,0.096709,-0.974396,0.177785,-13.1629,-3.72169,1.79432,0,0,3.32141,1
1774299662603,0.0971028,-0.976135,0.176523,-13.3657,-3.75228,1.9463,0,0,3.30797,1
1774299662617,0.0970629,-0.976442,0.173266,-13.7259,-3.69125,2.14585,0,0,3.29799,1
1774299662630,0.0963308,-0.974632,0.171017,-13.889,-3.61051,2.37788,0,0,3.286,1
1774299662644,0.095951,-0.974418,0.16941,-13.9945,-3.60196,2.52368,0,0,3.30136,1
1774299662657,0.0948939,-0.972195,0.167297,-14.2295,-3.62129,2.66686,0,0,3.26136,1
1774299662670,0.0957941,-0.976294,0.161112,-14.2055,-3.66522,2.7759,0,0,3.27013,3
1774299662684,0.0947438,-0.973839,0.160451,-14.1978,-3.69043,3.01327,0,0,3.26786,3
1774299662697,0.0937501,-0.973125,0.158698,-14.1585,-3.7626,3.14826,0,0,3.26767,3
1774299662711,0.092629,-0.975358,0.155698,-14.2549,-3.77677,3.1879,0,0,3.27128,3
1774299662724,0.0921335,-0.975976,0.1516,-14.3344,-3.71436,3.32294,0,0,3.27589,3
1774299662737,0.0907735,-0.973834,0.150234,-14.3195,-3.58951,3.62126,0,0,3.36689,3
1774299662751,0.0887042,-0.975149,0.147583,-14.4292,-3.28883,3.95893,0,0,3.28365,3
1774299662764,0.0881241,-0.974976,0.149734,-14.5186,-2.81147,4.14321,0,0,3.31102,1
1774299662778,0.0901425,-0.979114,0.149677,-14.9125,-2.18148,4.12062,0,0,3.28962,1
1774299662791,0.092489,-0.984255,0.147797,-15.3597,-1.5166,4.34208,0,0,3.28493,1
1774299662804,0.0934624,-0.986172,0.150164,-15.5018,-1.06757,4.79518,0,0,3.29847,1
1774299662818,0.0910833,-0.989114,0.151455,-16.1125,-0.875379,4.95868,0,0,3.28667,1
1774299662831,0.0886909,-0.990872,0.153608,-16.716,-0.933324,4.86679,0,0,3.29563,5
1774299662844,0.0886239,-0.997133,0.150136,-17.474,-1.22181,4.59937,0,0,3.30923,5
1774299662858,0.0924034,-1.00564,0.143442,-18.4964,-1.76986,4.28914,0,0,3.3018,5
1774299662871,0.0965516,-1.00594,0.142988,-19.1982,-2.62887,4.27549,0,0,3.28378,5
1774299662885,0.0994079,-1.01133,0.140365,-20.4177,-3.80707,4.43859,0,0,3.28778,5
1774299662898,0.0968329,-1.01014,0.142682,-21.9323,-5.12772,4.90298,0,0,3.29328,5
1774299662911,0.0966981,-1.02054,0.135674,-23.6968,-6.34816,4.79153,0,0,3.29243,5
1774299662925,0.0892235,-1.03042,0.134032,-25.9194,-7.17216,3.9978,0,0,3.30188,5
1774299662938,0.0850012,-1.02433,0.132409,-27.9826,-7.48793,2.91675,0,0,3.29565,1
1774299662952,0.0843802,-1.02943,0.126267,-29.3358,-8.30837,1.62488,0,0,3.31695,1
1774299662965,0.0826759,-1.03593,0.120563,-30.6341,-9.26262,0.690634,0,0,3.27715,1
1774299662978,0.0820605,-1.0452,0.120031,-32.346,-9.98823,0.00404846,0,0,3.33599,1
1774299662992,0.081835,-1.05305,0.116608,-34.7527,-10.501,-0.83157,0,0,3.32006,1
1774299663005,0.0827084,-1.05758,0.118672,-37.1096,-10.7568,-1.31288,0,0,3.28749,1
1774299663019,0.0876756,-1.07165,0.116461,-40.1054,-10.964,-1.31545,0,0,3.29825,1
1774299663032,0.092938,-1.08681,0.114763,-43.9104,-11.1368,-0.777513,0,0,3.28591,1
1774299663046,0.0993476,-1.09579,0.120464,-47.6603,-11.2863,-0.187106,0,0,3.3124,3
1774299663059,0.10773,-1.10959,0.12631,-52.2019,-11.8239,-0.234416,0,0,3.27617,3
1774299663072,0.119194,-1.11468,0.131463,-56.7717,-12.7188,-0.322747,0,0,3.28108,3
1774299663086,0.13116,-1.10852,0.141046,-60.416,-14.2405,0.157798,0,0,3.26936,3
1774299663099,0.145721,-1.09966,0.151395,-62.7314,-15.9612,1.14748,0,0,3.27921,3
1774299663112,0.158407,-1.07383,0.170527,-63.4393,-18.5809,2.22851,0,0,3.28521,3
1774299663126,0.159967,-1.04701,0.190744,-61.9322,-21.5327,4.38446,0,0,3.2806,3
1774299663139,0.159015,-1.02431,0.210888,-59.5215,-24.4997,7.23645,0,0,3.31906,3
1774299663153,0.153993,-0.998294,0.229254,-56.5767,-27.4467,9.58506,0,0,3.30404,3
1774299663166,0.148689,-0.970032,0.246188,-52.6496,-30.0705,11.1515,0,0,3.31412,3
1774299663179,0.146287,-0.941949,0.261804,-47.9553,-32.6249,12.4246,0,0,3.27199,3
1774299663193,0.144758,-0.914881,0.274474,-42.382,-35.1911,13.8579,0,0,3.27043,3
1774299663206,0.14446,-0.890801,0.284966,-35.8115,-37.7974,15.302,0,0,3.29027,4
1774299663220,0.144345,-0.873486,0.293901,-28.6238,-40.5004,16.4519,0,0,3.28427,4
1774299663233,0.144183,-0.859533,0.299572,-21.0232,-43.2328,17.2024,0,0,3.29017,4
1774299663246,0.141315,-0.852181,0.302657,-12.9634,-45.8377,17.7764,0,0,3.32004,4
1774299663260,0.135487,-0.851694,0.303184,-5.04103,-48.0841,18.0193,0,0,3.31578,4
1774299663273,0.126007,-0.854646,0.301296,2.59326,-49.7202,17.438,0,0,3.28378,4
1774299663287,0.113257,-0.861312,0.298038,10.0031,-50.3383,15.9208,0,0,3.29254,4
1774299663300,0.0996452,-0.870047,0.292243,17.2346,-49.8989,13.6126,0,0,3.2961,4
1774299663313,0.0854861,-0.883887,0.286039,24.3388,-48.3883,10.9607,0,0,3.29295,4
1774299663327,0.0736118,-0.901574,0.278153,30.7888,-46.0244,8.09236,0,0,3.2946,4
1774299663340,0.0619258,-0.917058,0.267558,36.7439,-42.9217,4.93059,0,0,3.28941,4
1774299663354,0.0508469,-0.932921,0.257085,42.5914,-39.0411,1.68841,0,0,3.31725,4
1774299663367,0.0420677,-0.951581,0.247134,47.8181,-34.5514,-1.60314,0,0,3.31723,5
1774299663380,0.0344624,-0.969266,0.237095,52.2468,-29.5925,-5.02049,0,0,3.30399,5
1774299663394,0.0293038,-0.984372,0.228232,56.0147,-24.2849,-8.51505,0,0,3.29814,5
1774299663407,0.0279368,-0.998509,0.221197,59.122,-18.9251,-11.9549,0,0,3.29738,5
1774299663421,0.0296512,-1.01487,0.215101,61.233,-13.8622,-15.1967,0,0,3.29567,5
1774299663434,0.0318138,-1.02751,0.209281,62.1971,-9.3795,-18.0069,0,0,3.28375,5
1774299663447,0.0327074,-1.02663,0.199061,63.3177,-5.17612,-20.2494,0,0,3.41612,5
1774299663461,0.0373949,-1.0283,0.193217,65.565,-1.50824,-21.988,0,0,3.28051,5
1774299663474,0.0439487,-1.0371,0.1886,67.5239,1.0744,-23.5126,0,0,3.2984,5
1774299663488,0.0472797,-1.04612,0.184452,68.2494,3.11824,-24.6164,0,0,3.27919,5
1774299663501,0.0520025,-1.04711,0.17771,68.7565,4.8372,-24.882,0,0,3.28404,5
1774299663514,0.0582271,-1.04685,0.17124,69.9897,5.58581,-24.3328,0,0,3.28251,5
1774299663528,0.0621509,-1.05017,0.164755,71.3048,5.31616,-23.1961,0,0,3.28517,5
1774299663541,0.0586215,-1.04995,0.151945,72.2473,4.78246,-21.6004,0,0,3.28749,5
1774299663554,0.0560258,-1.04381,0.136545,73.9363,4.40245,-19.7461,0,0,3.30886,5
1774299663568,0.0567146,-1.04769,0.123836,77.0198,3.53806,-18.0686,0,0,3.31197,5
1774299663581,0.0525474,-1.06367,0.109313,79.2131,2.31067,-17.082,0,0,3.28986,5
1774299663595,0.0354192,-1.08631,0.0905779,78.4287,1.91986,-16.4891,0,0,3.28719,5
1774299663608,0.0262469,-1.09242,0.0692667,76.0445,2.60603,-16.4848,0,0,3.2896,5
1774299663621,0.0163227,-1.0995,0.04719,73.7795,3.87886,-16.9967,0,0,3.28217,5
1774299663635,0.00344784,-1.10839,0.0260359,70.7594,6.13792,-17.4614,0,0,3.33267,5
1774299663648,-0.00435827,-1.11455,0.00472869,66.0286,9.07653,-18.0736,0,0,3.30538,5
1774299663662,-0.00892956,-1.11762,-0.0126252,60.7728,12.308,-18.588,0,0,3.30491,5
1774299663675,-0.0138348,-1.12687,-0.0242981,55.3595,15.7604,-19.0046,0,0,3.2751,5
1774299663689,-0.0118204,-1.12808,-0.0311577,48.9735,19.0529,-20.0101,0,0,3.27862,5
1774299663702,-0.0046838,-1.11842,-0.0318985,42.2713,21.6764,-21.5956,0,0,3.28236,5
1774299663715,-0.000539194,-1.09961,-0.0211505,37.5366,23.8599,-22.365,0,0,3.27308,5
1774299663729,0.00879463,-1.08608,-0.00115663,34.0905,25.2786,-22.3719,0,0,3.28265,5
1774299663742,0.0161508,-1.08058,0.0553533,30.9035,25.8385,-22.1156,0,0,3.2809,5
1774299663755,0.0317694,-1.07259,0.0999857,26.282,25.2827,-22.1159,0,0,3.32441,5
1774299663769,0.0388895,-1.07747,0.121163,19.9765,22.8322,-22.3946,0,0,3.28706,5
1774299663782,0.0408083,-1.08257,0.130118,13.5439,19.2663,-22.5981,0,0,3.27904,5
1774299663796,0.0377424,-1.07741,0.138307,8.51346,16.1072,-22.3775,0,0,3.28425,5
1774299663809,0.0354405,-1.07172,0.143822,4.29785,14.0202,-22.4081,0,0,3.28623,5
1774299663822,0.0392718,-1.06858,0.142657,0.572623,12.4553,-22.8125,0,0,3.33916,5
1774299663836,0.0476013,-1.05786,0.148142,-1.17824,11.3075,-22.281,0,0,3.29427,5
1774299663849,0.0534311,-1.05568,0.155618,-2.33077,10.749,-20.8462,0,0,3.32769,5
1774299663863,0.0568493,-1.05417,0.163108,-4.33154,10.6543,-19.4007,0,0,3.2974,5
1774299663876,0.0601393,-1.04641,0.168371,-6.31514,10.6694,-18.1382,0,0,3.28484,5
1774299663889,0.0639581,-1.03693,0.172902,-7.52593,10.7753,-16.7697,0,0,3.2753,5
1774299663903,0.0675779,-1.0297,0.176498,-8.72318,10.7588,-15.4394,0,0,3.28732,3
1774299663916,0.0718828,-1.02153,0.179008,-9.87555,10.4054,-14.2629,0,0,3.28095,3
1774299663930,0.0764266,-1.0129,0.181557,-10.3719,9.58066,-13.1923,0,0,3.2816,3
1774299663943,0.0784974,-1.00868,0.185084,-10.2642,8.48704,-12.1071,0,0,3.28582,3
1774299663956,0.0797303,-1.00502,0.188553,-10.2194,7.38412,-11.3394,0,0,3.30819,3
1774299663970,0.0804716,-1.00098,0.192618,-10.0516,6.30538,-10.8892,0,0,3.30043,3
1774299663983,0.0832197,-0.996169,0.196825,-9.81837,5.13728,-10.4839,0,0,3.28893,3
1774299663997,0.0845984,-0.991778,0.201083,-9.61746,4.08909,-9.90526,0,0,3.29051,3
1774299664010,0.0844541,-0.990674,0.204653,-9.70872,3.4294,-9.45841,0,0,3.28147,3
1774299664023,0.0868465,-0.988338,0.207928,-9.93101,3.18565,-9.25628,0,0,3.29023,3
1774299664037,0.0914192,-0.987065,0.211796,-10.0128,3.04293,-8.79274,0,0,3.29816,3
1774299664050,0.0944039,-0.983531,0.217812,-10.3915,2.90735,-7.8084,0,0,3.28188,3
1774299664064,0.0979307,-0.986472,0.218526,-10.9313,2.82306,-6.72984,0,0,3.35038,3
1774299664077,0.101079,-0.983337,0.220041,-11.4241,2.77218,-5.633,0,0,3.27903,3
1774299664090,0.104036,-0.983425,0.220818,-11.5481,2.66207,-4.53131,0,0,3.2913,3
1774299664104,0.104633,-0.984417,0.221101,-11.8539,2.55257,-3.43875,0,0,3.28655,3
1774299664117,0.104744,-0.984704,0.219471,-12.241,2.367,-2.55648,0,0,3.29201,3
1774299664130,0.103772,-0.983365,0.218885,-12.3658,2.15673,-1.89369,0,0,3.29114,3
1774299664144,0.100964,-0.984381,0.217832,-12.5812,2.02976,-1.40638,0,0,3.28605,3
1774299664157,0.100723,-0.983633,0.217403,-12.8736,1.99983,-1.05645,0,0,3.33405,3
1774299664171,0.101027,-0.982758,0.214109,-13.1719,1.95317,-0.765544,0,0,3.28106,3
1774299664184,0.101349,-0.979946,0.212796,-13.1794,1.86245,-0.426298,0,0,3.2819,3
1774299664197,0.098988,-0.975474,0.213825,-13.2369,1.82777,-0.0726827,0,0,3.29903,3
1774299664211,0.099186,-0.976162,0.209214,-13.3585,1.73767,0.0949614,0,0,3.27923,5
1774299664224,0.10102,-0.973511,0.205243,-13.3341,1.59395,0.386368,0,0,3.29312,5
1774299664238,0.104375,-0.969811,0.204435,-12.9352,1.20438,0.75563,0,0,3.28947,5
1774299664251,0.104604,-0.967704,0.203716,-12.5988,0.635422,1.11017,0,0,3.30145,5
1774299664264,0.102709,-0.95813,0.209744,-12.072,0.110362,1.48808,0,0,3.3079,5
1774299664278,0.10109,-0.959171,0.210106,-11.6393,-0.385245,1.67651,0,0,3.28732,5
1774299664291,0.100512,-0.955778,0.215128,-11.2305,-0.800386,2.05219,0,0,3.28608,5
1774299664305,0.100366,-0.963915,0.210995,-10.9401,-1.31513,2.22696,0,0,3.27708,5
1774299664318,0.101379,-0.963422,0.212167,-10.6223,-1.53167,2.44844,0,0,3.29942,5
1774299664331,0.10095,-0.959876,0.215102,-10.2286,-1.83369,2.63952,0,0,3.2858,3
1774299664345,0.0990866,-0.960082,0.214931,-10.1443,-2.1025,2.846,0,0,3.29442,3
1774299664358,0.0977748,-0.962415,0.212973,-9.84929,-2.4697,2.98267,0,0,3.37364,3
1774299664372,0.0977696,-0.96833,0.208517,-9.50192,-2.84885,2.91599,0,0,3.30253,3
1774299664385,0.0978287,-0.967782,0.204758,-9.37529,-3.13865,2.85048,0,0,3.28186,3
1774299664398,0.0990811,-0.966255,0.206897,-8.76334,-3.56205,2.86272,0,0,3.28992,3
1774299664412,0.0967125,-0.96425,0.206091,-8.77618,-3.79771,2.81904,0,0,3.29607,3
1774299664425,0.0965509,-0.959429,0.210029,-8.54938,-3.97092,2.95251,0,0,3.28397,3
1774299664438,0.0976136,-0.970214,0.203385,-8.59478,-4.12969,2.90422,0,0,3.29029,3
1774299664452,0.0991209,-0.961406,0.206684,-8.72499,-4.01409,3.18919,0,0,3.28686,3
1774299664465,0.096772,-0.960328,0.205599,-8.86159,-4.0741,3.4325,0,0,3.34382,3
1774299664479,0.0962661,-0.963633,0.204744,-9.18407,-3.87769,3.69769,0,0,3.27851,3
1774299664492,0.096423,-0.967006,0.200989,-9.56126,-3.66146,3.87179,0,0,3.34736,3
1774299664506,0.0974592,-0.965193,0.200923,-9.97808,-3.41412,4.17358,0,0,3.28371,3
1774299664519,0.0957275,-0.964622,0.199716,-10.4268,-3.22433,4.61129,0,0,3.28464,3
1774299664532,0.0950752,-0.964984,0.201179,-10.8567,-2.98438,5.02061,0,0,3.29273,3
1774299664546,0.093373,-0.96675,0.201232,-11.6034,-2.61102,5.26052,0,0,3.2864,3
1774299664559,0.0906775,-0.968034,0.200172,-12.5342,-2.09375,5.52294,0,0,3.29818,3
1774299664572,0.0885911,-0.968044,0.19933,-13.3362,-1.46676,5.80747,0,0,3.31271,3
1774299664586,0.0865105,-0.970658,0.196891,-14.3806,-0.633879,5.93431,0,0,3.2869,3
1774299664599,0.0873182,-0.97081,0.19774,-15.377,0.250342,6.19362,0,0,3.29401,3
1774299664613,0.0861368,-0.974884,0.194591,-16.6734,0.90427,6.4037,0,0,3.28742,3
1774299664626,0.0846867,-0.977445,0.192188,-17.8752,1.44188,6.44957,0,0,3.29766,5
1774299664639,0.0830971,-0.977566,0.187627,-19.0083,1.81873,6.22096,0,0,3.29167,5
1774299664653,0.0820683,-0.976231,0.187119,-19.7576,2.06226,5.89556,0,0,3.2971,5
1774299664666,0.0839244,-0.977975,0.186901,-20.3411,2.17609,5.573,0,0,3.30645,5
1774299664680,0.0863293,-0.981244,0.184664,-21.0979,2.2283,5.48691,0,0,3.28962,5
1774299664693,0.0872945,-0.982684,0.18262,-21.7252,2.14784,5.66855,0,0,3.29403,5
1774299664706,0.0858578,-0.983452,0.182001,-22.3495,2.00081,5.91237,0,0,3.28821,5
1774299664720,0.0843879,-0.986759,0.176156,-23.2531,1.72759,5.82351,0,0,3.29377,5
1774299664733,0.0855233,-0.990072,0.172135,-23.6928,1.39732,5.80001,0,0,3.28593,5
1774299664747,0.0864276,-0.990901,0.171185,-24.3981,0.815394,5.90158,0,0,3.29525,5
1774299664760,0.0891929,-0.995964,0.168481,-25.2304,0.0301784,6.15631,0,0,3.28405,5
1774299664773,0.0920721,-1.00134,0.164797,-26.27,-1.16144,6.51706,0,0,3.31847,5
1774299664787,0.0928715,-1.00705,0.161305,-27.4491,-2.74524,7.12392,0,0,3.28542,5
1774299664800,0.0895894,-1.01273,0.155906,-28.7838,-4.28173,7.77081,0,0,3.28175,5
1774299664813,0.0834933,-1.01967,0.152707,-30.3806,-5.30385,7.72072,0,0,3.29503,5
1774299664827,0.071151,-1.04026,0.147107,-33.1288,-5.43925,6.93439,0,0,3.29434,1
1774299664840,0.0716695,-1.03629,0.144336,-35.6954,-5.23777,6.32063,0,0,3.29964,1
1774299664854,0.0702649,-1.03732,0.140619,-37.2223,-5.72969,5.50279,0,0,3.28432,1
1774299664867,0.0653022,-1.04814,0.135515,-39.1628,-6.13835,4.77664,0,0,3.31869,1
1774299664880,0.0627133,-1.05461,0.133625,-41.6371,-6.37209,3.90925,0,0,3.28803,1
1774299664894,0.0588069,-1.06204,0.129479,-44.2219,-6.49637,2.92609,0,0,3.27701,1
1774299664907,0.0568437,-1.07016,0.125599,-46.8668,-6.50921,2.40399,0,0,3.28586,1
1774299664921,0.0544218,-1.07929,0.121185,-49.8,-6.2961,2.58001,0,0,3.28445,1
1774299664934,0.0516895,-1.08964,0.114871,-53.2145,-5.55114,2.93498,0,0,3.29447,1
1774299664947,0.0469306,-1.09498,0.115122,-56.8643,-4.32045,2.88939,0,0,3.2844,1
1774299664961,0.044622,-1.10289,0.112383,-60.6035,-2.70192,2.14498,0,0,3.30814,1
1774299664974,0.0415815,-1.10711,0.110778,-64.3703,-1.02345,1.1092,0,0,3.31668,1
1774299664988,0.0435853,-1.11439,0.103723,-68.1278,0.44141,0.143083,0,0,3.30644,1
1774299665001,0.0468575,-1.11652,0.0965389,-72.2013,1.44258,-0.591575,0,0,3.30129,1
1774299665014,0.0610372,-1.1109,0.0915056,-75.547,1.33555,-1.05637,0,0,3.28592,5
1774299665028,0.0734116,-1.09137,0.091134,-76.7131,0.679584,-0.616461,0,0,3.29533,5
1774299665041,0.0838996,-1.06206,0.100153,-75.7897,-0.0680402,0.495863,0,0,3.29244,5
1774299665055,0.09647,-1.03122,0.114308,-72.5678,-2.25697,2.27971,0,0,3.30308,5
1774299665068,0.0989669,-1.00794,0.130588,-68.2353,-5.57341,5.56362,0,0,3.39292,5
1774299665081,0.0975323,-0.985124,0.147384,-63.6169,-9.11746,9.68284,0,0,3.27436,5
1774299665095,0.0933737,-0.962222,0.162858,-58.6128,-12.7894,13.1732,0,0,3.28244,5
1774299665108,0.0881905,-0.936424,0.175787,-52.7174,-16.0486,15.6196,0,0,3.28647,5
1774299665122,0.085711,-0.913024,0.18861,-45.7568,-18.904,17.4449,0,0,3.28618,5
1774299665135,0.0859879,-0.892869,0.198971,-38.4476,-21.6631,19.089,0,0,3.27895,5
1774299665148,0.0873096,-0.875111,0.208933,-30.4839,-24.2781,20.7488,0,0,3.29286,5
1774299665162,0.0881678,-0.862155,0.217541,-22.165,-26.7781,22.053,0,0,3.28923,5
1774299665175,0.0859029,-0.854144,0.223946,-13.938,-28.9259,22.7398,0,0,3.31566,5
1774299665189,0.0828935,-0.849557,0.227157,-5.60894,-30.6081,22.9227,0,0,3.29722,5
1774299665202,0.0771757,-0.852506,0.2268,2.56804,-31.6415,22.7986,0,0,3.28258,4
1774299665215,0.0685155,-0.85791,0.224089,10.2457,-31.7138,22.1612,0,0,3.30031,4
1774299665229,0.059807,-0.864765,0.220908,17.7483,-30.742,20.5058,0,0,3.31977,4
1774299665242,0.0512445,-0.87637,0.217493,25.009,-28.774,17.7738,0,0,3.30016,4
1774299665256,0.0404406,-0.891183,0.212754,31.8004,-25.8686,14.4625,0,0,3.28797,4
1774299665269,0.028561,-0.906821,0.207379,38.3123,-21.7855,11.1545,0,0,3.30251,4
1774299665282,0.0220909,-0.925257,0.20241,44.4076,-16.9329,7.77516,0,0,3.30721,4
1774299665296,0.0187546,-0.943975,0.196387,49.8338,-11.807,4.21028,0,0,3.27521,4
1774299665309,0.0207424,-0.963358,0.190137,54.4787,-6.71341,0.735311,0,0,3.28484,5
1774299665322,0.0274052,-0.982225,0.184662,58.1278,-2.17958,-2.47366,0,0,3.28797,5
1774299665336,0.0349511,-0.996498,0.177109,60.9728,1.73213,-5.32964,0,0,3.32184,5
1774299665349,0.0432133,-1.00826,0.170699,63.4998,5.12084,-7.99245,0,0,3.27705,5
1774299665363,0.0517014,-1.01948,0.164269,65.7458,7.87757,-10.4943,0,0,3.29181,5
1774299665376,0.0567327,-1.02857,0.157374,67.6103,10.3418,-12.685,0,0,3.30894,5
1774299665389,0.0621846,-1.0306,0.146274,69.8788,12.6263,-14.3842,0,0,3.27544,5
1774299665403,0.0708039,-1.03366,0.13914,73.3407,14.0534,-15.4768,0,0,3.28957,5
1774299665416,0.0786726,-1.04514,0.133728,76.634,14.5925,-16.2816,0,0,3.27403,5
1774299665430,0.084884,-1.05788,0.12805,78.4538,14.7215,-17.1217,0,0,3.28577,5
1774299665443,0.0901511,-1.06701,0.121148,79.4877,14.1373,-17.9576,0,0,3.27021,5
1774299665456,0.0944938,-1.07221,0.113255,80.5017,12.7928,-18.8172,0,0,3.29055,5
1774299665470,0.0943545,-1.08277,0.104363,80.9736,10.887,-19.5673,0,0,3.27621,5
1774299665483,0.0918404,-1.09291,0.092282,80.457,8.5156,-20.0198,0,0,3.29962,5
1774299665496,0.0861263,-1.09416,0.0746973,79.4307,5.77668,-19.7738,0,0,3.29355,5
1774299665510,0.0798934,-1.09258,0.0575186,79.1098,3.23636,-18.5409,0,0,3.27894,5
1774299665523,0.0771255,-1.09651,0.041593,79.0227,0.336701,-17.1853,0,0,3.28507,5
1774299665537,0.0700691,-1.10518,0.0261396,77.7467,-2.85547,-16.2389,0,0,3.28018,5
1774299665550,0.0597979,-1.10995,0.00893845,75.3276,-5.55516,-15.2621,0,0,3.28451,5
1774299665563,0.0491217,-1.11315,-0.00704071,72.5354,-7.66067,-14.1568,0,0,3.32323,5
1774299665577,0.0369479,-1.11865,-0.0227908,69.1809,-8.91031,-13.2351,0,0,3.32244,5
1774299665590,0.023011,-1.12455,-0.0375319,64.8564,-9.03738,-12.6113,0,0,3.28003,5
1774299665604,0.0113811,-1.12703,-0.051041,59.9266,-8.06415,-12.2293,0,0,3.27338,5
1774299665617,0.00247001,-1.13257,-0.0608097,54.7034,-6.23734,-12.0195,0,0,3.27864,5
1774299665630,-0.00955342,-1.1371,-0.0695426,48.6484,-3.4755,-11.5782,0,0,3.27305,2
1774299665644,-0.0186167,-1.12872,-0.0715728,42.7929,0.201037,-10.6303,0,0,3.29421,2
1774299665657,-0.0176317,-1.1187,-0.0608835,39.0502,3.74585,-10.0131,0,0,3.27536,2
1774299665670,-0.0168393,-1.12105,-0.0439139,35.1929,6.59213,-10.5343,0,0,3.28807,2
1774299665684,-0.0194447,-1.12009,-0.0218995,29.9462,9.59261,-11.3157,0,0,3.3081,2
1774299665697,-0.0176975,-1.08175,0.0193635,26.7211,12.2582,-11.5001,0,0,3.31577,2
1774299665711,-0.00904399,-1.08924,0.0679293,24.6181,13.9312,-12.0625,0,0,3.30436,2
1774299665724,-0.0030004,-1.09351,0.0952703,18.1743,14.4142,-13.0276,0,0,3.29412,2
1774299665738,0.00321664,-1.09561,0.103852,10.6439,13.7718,-13.3095,0,0,3.29618,2
1774299665751,0.00793395,-1.07953,0.104115,6.36443,12.7009,-12.2285,0,0,3.2774,2
1774299665764,0.00669012,-1.07162,0.108722,3.74704,12.0013,-11.0588,0,0,3.31349,2
1774299665778,0.00704884,-1.07097,0.11016,0.34516,11.922,-11.2126,0,0,3.32547,5
1774299665791,0.0110967,-1.05753,0.114322,-2.14997,11.857,-11.8352,0,0,3.27212,5
1774299665804,0.0181493,-1.05017,0.119903,-3.01035,11.5157,-11.6351,0,0,3.27914,5
1774299665818,0.0228115,-1.04693,0.127621,-4.27806,10.841,-10.7016,0,0,3.30812,5
1774299665831,0.0251024,-1.04196,0.132087,-5.94481,10.1392,-9.74333,0,0,3.29364,5
1774299665845,0.0263108,-1.03231,0.136059,-6.72121,9.69631,-9.08848,0,0,3.27557,5
1774299665858,0.0289825,-1.0278,0.138661,-6.95137,9.4453,-8.69301,0,0,3.29049,5
1774299665871,0.031879,-1.02309,0.14354,-7.25382,9.15313,-8.19212,0,0,3.27882,5
1774299665885,0.034809,-1.01771,0.148741,-7.41215,8.80499,-7.38149,0,0,3.30166,5
1774299665898,0.036682,-1.01265,0.155881,-7.57914,8.45411,-6.62276,0,0,3.28299,5
1774299665912,0.0376936,-1.00932,0.161641,-7.89734,8.0771,-6.21744,0,0,3.27603,5
1774299665925,0.0394191,-1.00576,0.165377,-8.29361,7.55467,-5.88454,0,0,3.27981,5
1774299665938,0.0418378,-1.00143,0.169911,-8.37776,6.91725,-5.2406,0,0,3.27868,5
1774299665952,0.0417271,-0.999744,0.17368,-8.51586,6.34469,-4.62507,0,0,3.28803,5
1774299665965,0.041333,-0.997759,0.177498,-8.70915,5.86463,-4.31854,0,0,3.27131,5
1774299665978,0.0410308,-0.997611,0.180423,-8.88818,5.48043,-4.25272,0,0,3.27782,5
1774299665992,0.0406778,-0.995484,0.184032,-9.07214,5.21841,-4.18031,0,0,3.40223,5
1774299666005,0.041141,-0.994272,0.186618,-9.29033,5.05972,-4.27424,0,0,3.28062,5
1774299666019,0.0428972,-0.991886,0.188418,-9.37124,4.91378,-4.53889,0,0,3.29486,5
1774299666032,0.0462209,-0.988205,0.188485,-9.19027,4.45746,-4.79898,0,0,3.27909,5
1774299666045,0.0491643,-0.984364,0.189275,-8.76383,3.75784,-5.00807,0,0,3.30107,5
1774299666059,0.0507618,-0.983105,0.189421,-8.30822,2.92318,-5.37244,0,0,3.28573,5
1774299666072,0.0539443,-0.980214,0.191099,-7.60711,2.04928,-5.7459,0,0,3.29205,5
1774299666086,0.0567635,-0.979456,0.193483,-7.01299,1.15161,-5.85821,0,0,3.33453,5
1774299666099,0.0597904,-0.983857,0.191438,-6.65558,0.268319,-5.9107,0,0,3.29512,5
1774299666112,0.0622471,-0.978423,0.194693,-5.99922,-0.538448,-5.85276,0,0,3.29651,5
1774299666126,0.0625998,-0.980403,0.194229,-5.74792,-1.42285,-5.91283,0,0,3.2784,5
1774299666139,0.064229,-0.981601,0.192376,-5.45334,-2.25807,-5.89075,0,0,3.29483,5
1774299666153,0.0648154,-0.982716,0.192088,-4.97489,-3.0062,-5.88745,0,0,3.28314,5
1774299666166,0.0663904,-0.981977,0.192912,-4.82172,-3.57149,-5.9627,0,0,3.29673,3
1774299666179,0.067715,-0.982274,0.194416,-4.70455,-4.09821,-5.88216,0,0,3.29153,3
1774299666193,0.0687895,-0.984245,0.197989,-5.18785,-4.41384,-5.85366,0,0,3.32888,3
1774299666206,0.0723261,-0.982959,0.198427,-5.97031,-4.42959,-5.72099,0,0,3.29288,3
1774299666220,0.0763273,-0.981686,0.199049,-6.60869,-4.30016,-5.17743,0,0,3.27527,3
1774299666233,0.0802923,-0.980458,0.200626,-7.45276,-4.16343,-4.56716,0,0,3.2879,3
1774299666246,0.08276,-0.978505,0.198643,-8.38907,-3.96158,-3.91105,0,0,3.27655,3
1774299666260,0.0850023,-0.974683,0.199736,-8.88706,-3.74322,-3.11362,0,0,3.36586,3
1774299666273,0.0841143,-0.972544,0.201539,-9.59948,-3.51955,-2.38704,0,0,3.30401,3
1774299666287,0.083436,-0.969186,0.206786,-10.2218,-3.29901,-1.8348,0,0,3.30334,3
1774299666300,0.0819438,-0.970245,0.207352,-10.9493,-3.26897,-1.62655,0,0,3.28718,3
1774299666313,0.0811255,-0.974056,0.20247,-11.847,-3.17509,-1.45267,0,0,3.27473,3
1774299666327,0.0816029,-0.974059,0.198249,-12.19,-3.02996,-1.14596,0,0,3.28959,3
1774299666340,0.0806394,-0.973709,0.193647,-12.5575,-2.75895,-1.00119,0,0,3.27331,3
1774299666354,0.0814049,-0.968218,0.197371,-12.4269,-2.41922,-0.888934,0,0,3.3467,3
1774299666367,0.0813896,-0.966885,0.197601,-12.7724,-2.23257,-0.798394,0,0,3.27807,3
1774299666380,0.0840121,-0.968248,0.192665,-12.9107,-2.15187,-0.383229,0,0,3.27662,3
1774299666394,0.0856552,-0.968697,0.187858,-12.7722,-2.1639,0.115695,0,0,3.30629,3
1774299666407,0.0841621,-0.963756,0.186134,-12.5564,-2.23949,0.464172,0,0,3.2771,5
1774299666421,0.0825101,-0.960173,0.188661,-12.1004,-2.3802,0.678348,0,0,3.28364,5
1774299666434,0.0827988,-0.966474,0.184328,-12.007,-2.53529,0.666417,0,0,3.26703,5
1774299666447,0.0835232,-0.967289,0.183837,-12.1081,-2.76731,0.880382,0,0,3.29027,5
1774299666461,0.0860418,-0.974624,0.177196,-12.1564,-2.92295,1.1911,0,0,3.26672,5
1774299666474,0.0871583,-0.974335,0.17265,-12.6828,-2.94526,1.62741,0,0,3.27433,5
1774299666488,0.0887919,-0.966435,0.17851,-12.4964,-3.02283,2.29444,0,0,3.37172,5
1774299666501,0.0878556,-0.976733,0.170009,-13.1477,-3.08064,2.73651,0,0,3.30716,5
1774299666514,0.0912097,-0.973373,0.169162,-13.1492,-3.10352,3.46722,0,0,3.29594,5
1774299666528,0.0902424,-0.972007,0.170103,-13.3682,-3.20005,4.15994,0,0,3.28038,5
1774299666541,0.0908656,-0.974064,0.171024,-13.7728,-3.2218,4.85533,0,0,3.28907,1
1774299666555,0.0907355,-0.980889,0.165028,-14.379,-3.22863,5.52543,0,0,3.27472,1
1774299666568,0.0911342,-0.981693,0.164068,-14.8964,-3.10533,6.238,0,0,3.31233,1
1774299666581,0.088526,-0.98481,0.15985,-15.7461,-3.04247,6.76074,0,0,3.28868,1
1774299666595,0.0860105,-0.985133,0.161198,-16.4836,-3.04138,7.28798,0,0,3.29759,1
1774299666608,0.0837545,-0.987235,0.162231,-17.3698,-3.0322,7.60796,0,0,3.28783,1
1774299666622,0.083551,-0.990601,0.163091,-18.2302,-2.95375,7.79694,0,0,3.27601,1
1774299666635,0.0858228,-0.996532,0.162599,-19.0848,-3.0103,8.02628,0,0,3.27675,1
1774299666648,0.0876856,-1.00171,0.165439,-20.0576,-3.32786,8.45599,0,0,3.27718,1
1774299666662,0.0879188,-1.00692,0.168764,-21.4379,-3.97958,9.07183,0,0,3.2927,1
1774299666675,0.0902878,-1.01544,0.167426,-23.3089,-5.00409,9.55422,0,0,3.2829,1
1774299666688,0.0939306,-1.02,0.167973,-25.2175,-6.38391,9.96031,0,0,3.31544,1
1774299666702,0.0969229,-1.02576,0.16746,-27.2456,-8.07897,10.3804,0,0,3.33161,1
1774299666715,0.096293,-1.03627,0.166052,-29.8558,-9.76888,10.5702,0,0,3.29405,1
1774299666729,0.0891777,-1.04445,0.164897,-33.1228,-10.994,9.86854,0,0,3.29455,1
1774299666742,0.0856301,-1.04881,0.159159,-35.5579,-11.8486,8.29077,0,0,3.28848,1
1774299666755,0.0823764,-1.05312,0.151377,-36.9948,-13.0046,6.15322,0,0,3.28848,1
1774299666769,0.0748021,-1.06356,0.146102,-38.7109,-13.9712,4.47384,0,0,3.28007,1
1774299666782,0.0662884,-1.07168,0.143492,-40.9939,-14.5145,3.26718,0,0,3.28598,1
1774299666796,0.0589052,-1.0861,0.137879,-44.0986,-14.737,2.01302,0,0,3.29946,1
1774299666809,0.0528164,-1.09326,0.136216,-47.4351,-14.4897,0.896868,0,0,3.26818,1
1774299666822,0.0482858,-1.10158,0.134017,-50.9089,-13.8221,0.0017488,0,0,3.28123,1
1774299666836,0.0502634,-1.10478,0.136815,-54.6799,-13.1962,-1.05254,0,0,3.27505,1
1774299666849,0.0573328,-1.10278,0.137654,-58.6672,-13.4194,-1.97491,0,0,3.2837,1
1774299666862,0.0622353,-1.09588,0.137069,-62.0257,-14.0583,-1.76479,0,0,3.26762,1
1774299666876,0.0700623,-1.08384,0.139125,-64.2581,-14.5166,-0.919043,0,0,3.26827,1
1774299666889,0.0800241,-1.07084,0.14171,-65.6147,-15.4245,-0.452579,0,0,3.27831,1
1774299666903,0.084735,-1.04112,0.152564,-64.6712,-16.4844,0.635138,0,0,3.30357,1
1774299666916,0.0847342,-1.0196,0.165196,-62.5838,-17.8998,2.919,0,0,3.30138,1
1774299666929,0.0826087,-0.995029,0.17782,-60.0213,-19.4456,5.73672,0,0,3.28275,2
1774299666943,0.0794338,-0.968298,0.18939,-56.357,-21.0486,8.26752,0,0,3.31162,2
1774299666956,0.0743371,-0.944038,0.200123,-51.6106,-22.3634,10.4628,0,0,3.28229,2
1774299666970,0.0710434,-0.922932,0.210109,-46.1624,-23.4379,12.493,0,0,3.28596,2
1774299666983,0.0689508,-0.904864,0.219242,-40.2452,-24.4525,14.4872,0,0,3.28399,2
1774299666996,0.0673127,-0.889368,0.226801,-33.9619,-25.3259,16.3542,0,0,3.32138,2
1774299667010,0.0660986,-0.877369,0.233026,-27.2347,-26.0407,17.7782,0,0,3.30035,2
1774299667023,0.0643611,-0.870208,0.238114,-20.2909,-26.4756,18.6055,0,0,3.28292,2
1774299667036,0.0614183,-0.866403,0.242018,-13.4137,-26.5024,18.8914,0,0,3.3114,4
1774299667050,0.0593622,-0.86365,0.244075,-6.5083,-26.0418,18.6679,0,0,3.28829,4
1774299667063,0.0582823,-0.862673,0.245744,0.560882,-25.2691,17.9145,0,0,3.27998,4
1774299667077,0.0561712,-0.864419,0.24703,7.71567,-24.0495,16.7444,0,0,3.28805,4
1774299667090,0.0538749,-0.870701,0.248409,14.828,-22.4244,15.1607,0,0,3.30262,4
1774299667103,0.0505151,-0.881032,0.248564,21.6719,-20.4193,13.1221,0,0,3.3222,4
1774299667117,0.0472383,-0.893655,0.247377,28.1225,-17.9329,10.735,0,0,3.29537,4
1774299667130,0.0467526,-0.908865,0.2451,34.0888,-15.2305,8.17303,0,0,3.29309,4
1774299667144,0.0473559,-0.925663,0.241695,39.4315,-12.556,5.70168,0,0,3.28142,4
1774299667157,0.0480609,-0.942794,0.237136,44.0676,-9.93512,3.49827,0,0,3.29929,4
1774299667170,0.0504434,-0.957884,0.231827,48.0747,-7.451,1.50237,0,0,3.28366,5
1774299667184,0.0537359,-0.97368,0.226845,51.6309,-5.1546,-0.226135,0,0,3.27764,5
1774299667197,0.0591907,-0.989629,0.221868,54.4643,-3.21824,-1.77762,0,0,3.3765,5
1774299667211,0.064076,-1.00233,0.215229,56.5749,-1.78484,-3.23522,0,0,3.28422,5
1774299667224,0.0692067,-1.00756,0.206287,58.699,-0.744858,-4.6907,0,0,3.29729,5
1774299667237,0.0745188,-1.01192,0.198878,61.613,-0.261617,-6.12192,0,0,3.27855,5
1774299667251,0.07978,-1.01909,0.192209,64.7832,0.105026,-7.81413,0,0,3.29742,5
1774299667264,0.0822488,-1.03254,0.184305,66.9213,0.354763,-9.62465,0,0,3.2849,5
1774299667278,0.0862111,-1.04012,0.172006,68.3164,0.104927,-11.1675,0,0,3.27872,5
1774299667291,0.0917938,-1.04237,0.158398,70.0577,-0.435763,-12.1793,0,0,3.28472,5
1774299667304,0.0977516,-1.04785,0.14625,72.1282,-1.40899,-12.7062,0,0,3.30911,5
1774299667318,0.103588,-1.05546,0.133896,73.3297,-3.01016,-13.2082,0,0,3.29807,5
1774299667331,0.107428,-1.06014,0.119638,73.4881,-5.00237,-13.632,0,0,3.27992,5
1774299667345,0.109841,-1.06217,0.10391,73.5943,-7.34228,-13.7486,0,0,3.29803,5
1774299667358,0.107707,-1.06601,0.0879525,73.7095,-9.9363,-13.6616,0,0,3.29951,5
1774299667371,0.0987041,-1.0747,0.0714113,72.8425,-12.3865,-13.6194,0,0,3.28807,5
1774299667385,0.0874049,-1.08136,0.0528068,70.8093,-14.3234,-13.7606,0,0,3.28214,5
1774299667398,0.0764823,-1.08495,0.0334891,68.4089,-15.8822,-13.9954,0,0,3.34525,5
1774299667411,0.0620336,-1.09031,0.0139379,65.7599,-16.7534,-13.9315,0,0,3.29205,5
1774299667425,0.0483342,-1.09703,-0.00426714,62.0982,-16.685,-13.6745,0,0,3.27644,5
1774299667438,0.0361307,-1.10197,-0.0214305,57.4987,-15.8202,-13.4757,0,0,3.30346,5
1774299667452,0.0221655,-1.10748,-0.036594,52.5098,-14.1102,-13.3073,0,0,3.26942,5
1774299667465,0.0042412,-1.11393,-0.0497171,46.8848,-11.2622,-13.1402,0,0,3.28218,2
1774299667478,-0.0185472,-1.11619,-0.0611025,40.5477,-6.94804,-12.7268,0,0,3.28127,2
1774299667492,-0.025573,-1.09928,-0.0567434,35.3701,-1.84826,-12.4822,0,0,3.34229,2
1774299667505,-0.0265152,-1.08711,-0.0201171,32.314,1.58713,-13.7826,0,0,3.30829,2
1774299667519,-0.033075,-1.07692,0.0391866,29.9709,5.08031,-16.0141,0,0,3.2784,2
1774299667532,-0.0275287,-1.07579,0.0857751,25.7433,8.02387,-19.9603,0,0,3.29059,2
1774299667545,-0.00724517,-1.11294,0.108705,18.4194,7.20684,-24.9359,0,0,3.32048,2
1774299667559,0.00607613,-1.09935,0.109183,9.63052,3.96328,-25.7501,0,0,3.37466,2
1774299667572,0.0253705,-1.08526,0.0900052,4.03815,2.32839,-21.9271,0,0,3.3027,2
1774299667586,0.0306137,-1.07186,0.084681,3.39245,2.28684,-17.4395,0,0,3.3229,2
1774299667599,0.0311327,-1.06828,0.101659,3.90181,3.14897,-15.9089,0,0,3.2924,5
1774299667613,0.0324511,-1.07094,0.11483,2.24553,4.05993,-17.1733,0,0,3.29348,5
1774299667626,0.0426483,-1.06141,0.122215,0.690713,4.28693,-17.3366,0,0,3.28375,5
1774299667639,0.0491859,-1.05446,0.127387,-0.522546,4.03919,-14.961,0,0,3.2629,5
1774299667653,0.0522666,-1.04554,0.132364,-2.33829,4.10635,-12.4531,0,0,3.28716,5
1774299667666,0.0556289,-1.03468,0.136708,-3.89247,4.53671,-11.6583,0,0,3.26666,5
1774299667680,0.0623676,-1.02478,0.139901,-4.17854,5.00202,-11.6158,0,0,3.27348,5
1774299667693,0.0703597,-1.02333,0.143734,-4.25716,5.14149,-10.8114,0,0,3.29807,5
1774299667706,0.0738276,-1.01714,0.150314,-4.77111,5.04235,-9.17942,0,0,3.31527,5
1774299667720,0.0777204,-1.01593,0.156018,-5.04301,4.7411,-7.86809,0,0,3.30651,5
1774299667733,0.0790727,-1.01683,0.158804,-5.61907,4.39766,-7.21395,0,0,3.28081,5
1774299667747,0.0834942,-1.01386,0.163593,-5.83312,4.08761,-6.6513,0,0,3.30218,5
1774299667760,0.0837826,-1.01083,0.166892,-6.19017,3.71317,-5.93181,0,0,3.28631,5
1774299667773,0.0845601,-1.00951,0.169832,-6.43342,3.44109,-5.35929,0,0,3.28892,5
1774299667787,0.0853571,-1.00706,0.17542,-6.64547,3.3183,-5.06638,0,0,3.28051,5
1774299667800,0.0859483,-1.0025,0.179899,-7.1689,3.22637,-4.89353,0,0,3.28757,5
1774299667813,0.0886811,-0.998386,0.182815,-7.42362,2.97945,-4.64601,0,0,3.31533,5
1774299667827,0.0905043,-0.999941,0.182411,-7.69359,2.7314,-4.48004,0,0,3.28472,5
1774299667840,0.0936892,-0.999548,0.183317,-7.9754,2.51396,-4.3542,0,0,3.28411,5
1774299667854,0.0962757,-0.992308,0.189234,-7.97678,2.19396,-4.05473,0,0,3.27322,5
1774299667867,0.096635,-0.991395,0.189446,-8.30307,1.75961,-3.78747,0,0,3.26883,5
1774299667880,0.0986976,-0.993127,0.185549,-8.54384,1.31022,-3.46026,0,0,3.27786,5
1774299667894,0.102069,-0.990791,0.188614,-8.39516,0.897178,-3.07563,0,0,3.29027,3
1774299667907,0.101353,-0.993489,0.185522,-9.00114,0.541128,-2.89197,0,0,3.31833,3
1774299667920,0.104778,-0.990944,0.185011,-9.06188,0.262426,-2.57347,0,0,3.26742,3
1774299667934,0.103442,-0.987454,0.186241,-9.35086,0.00235553,-2.25099,0,0,3.28025,3
1774299667947,0.103221,-0.984597,0.189029,-9.59023,-0.165626,-2.05022,0,0,3.26988,3
1774299667960,0.103607,-0.989359,0.184659,-10.0179,-0.294639,-2.05383,0,0,3.30183,3
1774299667974,0.106315,-0.986696,0.186556,-10.293,-0.283251,-1.92364,0,0,3.28427,3
1774299667987,0.106471,-0.984235,0.188263,-10.82,-0.266078,-1.73609,0,0,3.26922,3
1774299668001,0.108455,-0.981882,0.188753,-11.2809,-0.153098,-1.45673,0,0,3.28124,3
1774299668014,0.111538,-0.978489,0.18968,-11.5735,-0.109399,-1.06715,0,0,3.29098,3
1774299668027,0.112576,-0.97675,0.190482,-11.9665,-0.066867,-0.543141,0,0,3.27068,3
1774299668041,0.115372,-0.975759,0.190607,-12.2043,-0.0374251,-0.00184902,0,0,3.26294,3
1774299668054,0.11607,-0.974193,0.189212,-12.4909,-0.00192733,0.587011,0,0,3.26937,3
1774299668067,0.115692,-0.970175,0.189948,-12.4612,-0.0215158,1.15354,0,0,3.28709,3
1774299668081,0.113889,-0.970636,0.187845,-12.3612,-0.0344391,1.41726,0,0,3.26996,3
1774299668094,0.113478,-0.971173,0.186655,-12.2138,0.101087,1.53216,0,0,3.2792,3
1774299668108,0.1141,-0.968878,0.188336,-11.9124,0.156219,1.67701,0,0,3.4047,3
1774299668121,0.114736,-0.970218,0.187915,-11.794,0.10164,1.87967,0,0,3.2722,5
1774299668134,0.115687,-0.968541,0.188666,-11.6017,0.012871,2.18102,0,0,3.26216,5
1774299668148,0.114984,-0.968401,0.18932,-11.4956,-0.0764855,2.36868,0,0,3.26372,5
1774299668161,0.114781,-0.970135,0.187767,-11.5316,-0.171534,2.52185,0,0,3.27033,5
1774299668174,0.115121,-0.970117,0.186762,-11.4577,-0.35374,2.74178,0,0,3.26887,5
1774299668188,0.114817,-0.973474,0.181851,-11.5523,-0.574539,2.84575,0,0,3.26551,5
1774299668201,0.114963,-0.970502,0.183486,-11.2781,-0.753407,2.93705,0,0,3.26881,5
1774299668214,0.112434,-0.970148,0.18364,-11.486,-0.931663,2.94272,0,0,3.29822,5
1774299668228,0.11293,-0.971582,0.180296,-11.6275,-1.14017,3.03628,0,0,3.26053,5
1774299668241,0.112529,-0.972024,0.178358,-11.698,-1.28474,3.24106,0,0,3.26224,5
1774299668254,0.112733,-0.972841,0.176527,-11.9025,-1.34113,3.35599,0,0,3.26318,5
1774299668268,0.112853,-0.97341,0.174786,-12.2043,-1.33613,3.51458,0,0,3.25829,5
1774299668281,0.11332,-0.973462,0.173078,-12.5675,-1.31085,3.75247,0,0,3.26472,5
1774299668295,0.112881,-0.973502,0.172332,-13.0212,-1.2476,4.05881,0,0,3.27816,1
1774299668308,0.112695,-0.974308,0.169482,-13.5711,-1.18875,4.29059,0,0,3.29559,1
1774299668321,0.112379,-0.973489,0.168583,-13.9741,-1.24239,4.59029,0,0,3.30507,1
1774299668335,0.111629,-0.970142,0.170243,-14.1576,-1.34355,4.98879,0,0,3.28372,1
1774299668348,0.110708,-0.970925,0.166194,-14.3739,-1.45231,5.28101,0,0,3.27161,1
1774299668361,0.109198,-0.969634,0.163196,-14.3902,-1.54597,5.59495,0,0,3.26552,1
1774299668375,0.108928,-0.974432,0.159572,-14.3979,-1.7714,5.79066,0,0,3.27331,1
1774299668388,0.106545,-0.981262,0.154078,-14.6342,-1.97391,6.04904,0,0,3.27346,1
1774299668401,0.103946,-0.980512,0.15603,-14.599,-2.12695,6.40939,0,0,3.27785,1
1774299668415,0.102411,-0.985731,0.154641,-15.3088,-2.0723,6.32562,0,0,3.30661,1
1774299668428,0.105353,-0.984177,0.160135,-15.446,-1.84088,6.23285,0,0,3.30557,1
1774299668442,0.10712,-0.989599,0.160724,-16.5193,-1.59204,6.463,0,0,3.29609,1
1774299668455,0.110859,-0.997464,0.159642,-17.4694,-1.45135,7.16966,0,0,3.27655,1
1774299668468,0.110218,-1.00628,0.159034,-18.6711,-1.33055,7.94158,0,0,3.265,1
1774299668482,0.110074,-1.00705,0.1606,-20.3013,-1.28932,8.58585,0,0,3.25929,1
1774299668495,0.111656,-1.01065,0.162876,-21.9496,-1.48461,9.3263,0,0,3.27816,1
1774299668508,0.115592,-1.02223,0.160376,-24.2043,-2.03719,10.205,0,0,3.2614,1
1774299668522,0.112448,-1.03398,0.156555,-26.9101,-2.71121,10.978,0,0,3.33716,1
1774299668535,0.100185,-1.05842,0.15416,-30.2241,-2.81433,10.9912,0,0,3.26876,1
1774299668549,0.0983443,-1.04841,0.149426,-34.2459,-2.57169,10.5078,0,0,3.26142,1
1774299668562,0.0904026,-1.04913,0.145688,-36.773,-2.98322,9.66666,0,0,3.26789,1
1774299668575,0.0832247,-1.05879,0.141228,-38.9031,-2.85314,8.97971,0,0,3.25951,1
1774299668589,0.0745242,-1.06426,0.141511,-41.7624,-2.83654,7.94678,0,0,3.26813,1
1774299668602,0.0695995,-1.07461,0.137821,-44.6103,-2.58751,6.66349,0,0,3.26553,1
1774299668615,0.0657656,-1.08745,0.134047,-47.9965,-2.1161,5.71552,0,0,3.36276,1
1774299668629,0.0617364,-1.0995,0.13363,-51.685,-1.29475,5.43432,0,0,3.27031,1
1774299668642,0.0618339,-1.11405,0.13274,-55.9165,-0.400002,4.9685,0,0,3.271,1
1774299668656,0.0636674,-1.1251,0.134558,-60.4981,0.602125,4.21494,0,0,3.27381,1
1774299668669,0.0699904,-1.13191,0.136222,-65.2397,1.03978,3.25445,0,0,3.28618,1
1774299668682,0.0762398,-1.13422,0.13524,-69.8528,1.1476,2.95415,0,0,3.27368,1
1774299668696,0.0904371,-1.12518,0.137675,-73.305,0.366441,3.27701,0,0,3.26939,5
1774299668709,0.101173,-1.10368,0.147627,-74.7801,-1.05857,4.35548,0,0,3.285,5
1774299668722,0.106903,-1.07485,0.164372,-74.2289,-2.42633,6.0226,0,0,3.30353,5
1774299668736,0.110214,-1.04997,0.180544,-72.3346,-3.91135,7.79188,0,0,3.2735,5
1774299668749,0.112441,-1.01986,0.195518,-69.3926,-5.70143,9.61907,0,0,3.28189,5
1774299668762,0.113769,-0.989233,0.210062,-65.0892,-7.77989,11.6739,0,0,3.26957,5
1774299668776,0.114538,-0.960919,0.223212,-60.0556,-10.1203,13.8083,0,0,3.27381,5
1774299668789,0.113266,-0.932434,0.234398,-54.2672,-12.4429,15.7981,0,0,3.27294,5
1774299668803,0.111494,-0.905344,0.243205,-47.6791,-14.624,17.4228,0,0,3.27339,5
1774299668816,0.109362,-0.88246,0.25135,-40.3623,-16.5951,18.6773,0,0,3.40081,5
1774299668829,0.107388,-0.863898,0.258701,-32.4792,-18.507,19.4991,0,0,3.28624,5
1774299668843,0.10536,-0.850279,0.264758,-24.2577,-20.2988,19.7909,0,0,3.27709,5
1774299668856,0.103935,-0.841409,0.268501,-15.8255,-22.0504,19.6592,0,0,3.26792,5
1774299668869,0.102571,-0.838234,0.270671,-7.28827,-23.7029,19.3516,0,0,3.27628,5
1774299668883,0.098886,-0.841604,0.270162,1.21027,-25.208,18.8262,0,0,3.28044,4
1774299668896,0.0920097,-0.850346,0.26802,9.54211,-26.206,17.9667,0,0,3.2825,4
1774299668910,0.0840461,-0.863798,0.264083,17.4691,-26.519,16.5967,0,0,3.27172,4
1774299668923,0.0767938,-0.878649,0.259847,25.0388,-26.1846,14.597,0,0,3.33102,4
1774299668936,0.0697625,-0.896576,0.254089,32.1912,-25.3448,12.2038,0,0,3.27429,4
1774299668950,0.0615227,-0.916004,0.247696,38.7373,-23.9275,9.68146,0,0,3.26907,5
1774299668963,0.0527356,-0.935393,0.24154,44.6178,-21.8531,7.04329,0,0,3.28339,5
1774299668976,0.0464362,-0.954042,0.235557,49.7774,-19.3303,4.20241,0,0,3.27253,5
1774299668990,0.042206,-0.971427,0.230701,54.2157,-16.616,1.18048,0,0,3.36792,5
1774299669003,0.0400292,-0.990186,0.22547,57.8303,-13.904,-1.79912,0,0,3.27724,5
1774299669017,0.0409052,-1.00392,0.218621,60.5986,-11.5256,-4.55763,0,0,3.30298,5
1774299669030,0.0422019,-1.0155,0.210704,63.1012,-9.68706,-6.88437,0,0,3.31115,5
1774299669044,0.042086,-1.02483,0.200945,65.7503,-8.14815,-8.41734,0,0,3.27646,5
1774299669057,0.0438329,-1.03407,0.190406,68.6053,-6.95933,-9.70589,0,0,3.28153,5
1774299669070,0.0455354,-1.03345,0.182143,71.5734,-6.17975,-11.0823,0,0,3.28392,5
1774299669084,0.0464375,-1.03826,0.172555,75.2446,-5.51068,-11.7692,0,0,3.28557,5
1774299669097,0.0501295,-1.05046,0.161133,78.5887,-5.1305,-12.2883,0,0,3.27531,5
1774299669110,0.053361,-1.06184,0.149655,80.8533,-5.47258,-13.1473,0,0,3.28543,5
1774299669124,0.0529386,-1.0731,0.133597,82.2202,-6.0207,-14.0695,0,0,3.30131,5
1774299669137,0.0516698,-1.0817,0.114697,83.2389,-6.47727,-14.6282,0,0,3.26905,5
1774299669150,0.0515562,-1.09063,0.0953096,83.8712,-7.24564,-14.8396,0,0,3.27411,5
1774299669164,0.0501343,-1.09707,0.0743788,83.6614,-8.19785,-14.8217,0,0,3.26803,5
1774299669177,0.0503334,-1.10612,0.0556659,82.5307,-9.29233,-14.8085,0,0,3.28217,5
1774299669191,0.0480575,-1.10952,0.0363086,80.7946,-10.5112,-14.7195,0,0,3.27576,5
1774299669204,0.0414822,-1.11861,0.0186841,78.3791,-11.5338,-14.4496,0,0,3.28389,5
1774299669217,0.0315429,-1.12315,0.00505468,75.1705,-11.6426,-13.932,0,0,3.27113,5
1774299669231,0.0235759,-1.12475,-0.00583258,71.2738,-11.0786,-13.5342,0,0,3.30274,5
1774299669244,0.0144517,-1.12703,-0.0146956,66.858,-9.89151,-13.419,0,0,3.27891,5
1774299669257,0.00502197,-1.12975,-0.0214733,61.8647,-7.80847,-13.4674,0,0,3.27354,5
1774299669271,-0.00281027,-1.12925,-0.027944,56.1723,-5.08781,-13.6964,0,0,3.27652,5
1774299669284,-0.00921095,-1.12699,-0.0332028,50.2228,-2.08387,-13.9288,0,0,3.28094,5
1774299669297,-0.0203926,-1.12508,-0.0373241,44.1952,1.48334,-13.7633,0,0,3.28772,5
1774299669311,-0.0244762,-1.11062,-0.0319336,38.575,5.45121,-13.4558,0,0,3.27472,5
1774299669324,-0.0240784,-1.09887,-0.0183867,34.2557,8.17186,-13.8503,0,0,3.31433,5
1774299669338,-0.0319513,-1.08699,0.0251356,31.3276,10.1314,-14.4419,0,0,3.2752,2
1774299669351,-0.0316217,-1.08381,0.0685697,27.1639,11.8458,-16.0472,0,0,3.27339,2
1774299669364,-0.0188465,-1.08741,0.0991177,20.949,11.777,-18.725,0,0,3.28607,5
1774299669378,-0.00508192,-1.09091,0.110959,14.2992,9.39934,-20.1218,0,0,3.27892,5
1774299669391,0.00589195,-1.08465,0.112288,9.07606,6.51579,-18.7135,0,0,3.28804,5
1774299669405,0.0101613,-1.07929,0.113292,5.74393,4.50479,-16.8049,0,0,3.28004,5
1774299669418,0.0100586,-1.0722,0.118289,3.46836,3.88943,-16.3726,0,0,3.27537,5
1774299669431,0.0157365,-1.06542,0.126045,1.88135,3.91362,-17.137,0,0,3.30444,5
1774299669445,0.0251166,-1.05974,0.134594,0.844939,3.79043,-17.1683,0,0,3.27029,5
1774299669458,0.0312144,-1.05831,0.142247,-0.55424,3.44936,-15.8246,0,0,3.27537,5
1774299669471,0.0357857,-1.05257,0.147471,-2.42644,3.26444,-14.311,0,0,3.27213,5
1774299669485,0.0387691,-1.04291,0.150695,-3.63869,3.27402,-13.4239,0,0,3.29272,5
1774299669498,0.0409813,-1.03452,0.153736,-4.00237,3.38453,-12.9698,0,0,3.29713,5
1774299669511,0.0438122,-1.02856,0.157849,-4.41244,3.33513,-12.4508,0,0,3.27831,5
1774299669525,0.0478005,-1.02254,0.158836,-4.81064,3.00504,-11.8869,0,0,3.32939,3
1774299669538,0.0509311,-1.0152,0.160901,-4.5956,2.54788,-11.4226,0,0,3.27354,3
1774299669552,0.0535831,-1.0112,0.165588,-4.17083,2.0363,-11.0547,0,0,3.33348,3
1774299669565,0.0578167,-1.00758,0.172088,-4.19679,1.47762,-10.754,0,0,3.27007,3
1774299669578,0.0616517,-1.00473,0.17621,-4.38743,0.92202,-10.2895,0,0,3.28396,3
1774299669592,0.066472,-1.0026,0.181551,-4.43164,0.570143,-9.70593,0,0,3.27094,3
1774299669605,0.0703555,-0.999089,0.187502,-4.91483,0.518037,-9.06045,0,0,3.27696,3
1774299669619,0.0747845,-0.99662,0.192392,-5.51692,0.59517,-8.2555,0,0,3.28265,3
1774299669632,0.0787209,-0.99539,0.195221,-6.1803,0.602463,-7.32827,0,0,3.29335,3
1774299669645,0.0823998,-0.993083,0.199272,-6.7521,0.655591,-6.31261,0,0,3.27303,3
1774299669659,0.0846898,-0.992115,0.199953,-7.42156,0.736569,-5.42329,0,0,3.26517,3
1774299669672,0.0872855,-0.988947,0.201842,-7.77172,0.748348,-4.62924,0,0,3.28181,3
1774299669685,0.0884224,-0.986708,0.20365,-7.84361,0.484571,-3.85489,0,0,3.26742,3
1774299669699,0.0880254,-0.985677,0.206798,-8.04892,0.135394,-3.17879,0,0,3.26778,3
1774299669712,0.0887562,-0.985118,0.209851,-8.33006,-0.187346,-2.75556,0,0,3.27487,3
1774299669725,0.0899462,-0.986719,0.210336,-8.79369,-0.359673,-2.31968,0,0,3.27279,3
1774299669739,0.0920771,-0.987385,0.210736,-9.08187,-0.408864,-1.64748,0,0,3.31165,3
1774299669752,0.092225,-0.98404,0.211471,-9.6048,-0.444163,-0.994143,0,0,3.27815,3
1774299669766,0.091523,-0.978428,0.215537,-9.86333,-0.523727,-0.468659,0,0,3.28348,3
1774299669779,0.0902217,-0.97919,0.215987,-10.2105,-0.655776,-0.236841,0,0,3.27685,3
1774299669792,0.0907924,-0.984456,0.208954,-10.6393,-0.807394,-0.0933876,0,0,3.28161,3
1774299669806,0.0937404,-0.980256,0.207375,-10.457,-0.993754,0.166622,0,0,3.28524,3
1774299669819,0.0939224,-0.979668,0.203047,-10.541,-1.22618,0.253189,0,0,3.2777,3
1774299669832,0.0958153,-0.970361,0.208047,-9.98529,-1.56589,0.477059,0,0,3.31094,3
1774299669846,0.091956,-0.970642,0.211761,-10.1086,-1.88269,0.534224,0,0,3.26944,3
1774299669859,0.0937535,-0.973613,0.211522,-10.2082,-2.03314,0.363813,0,0,3.28663,1
1774299669873,0.0959634,-0.972568,0.211272,-10.6243,-2.00688,0.420051,0,0,3.29372,1
1774299669886,0.0961015,-0.96813,0.211503,-11.0243,-2.01591,0.706496,0,0,3.29857,1
1774299669899,0.0961909,-0.964217,0.215376,-11.1129,-2.02144,0.937909,0,0,3.28409,1
1774299669913,0.0959667,-0.971067,0.214178,-11.5459,-1.91319,0.79538,0,0,3.27396,1
1774299669926,0.0977702,-0.968158,0.212125,-11.8925,-1.86069,0.960149,0,0,3.3135,3
1774299669939,0.098235,-0.973821,0.205218,-11.7517,-2.01408,0.905007,0,0,3.2968,3
1774299669953,0.0972915,-0.972916,0.199191,-11.7463,-1.95891,0.816135,0,0,3.27611,3
1774299669966,0.0981296,-0.965004,0.203612,-11.0767,-2.0961,0.811461,0,0,3.27215,3
1774299669980,0.0967636,-0.973944,0.198327,-11.3302,-2.14723,0.74582,0,0,3.27648,3
1774299669993,0.101415,-0.968496,0.198035,-10.8942,-2.18393,0.943341,0,0,3.28833,3
1774299670006,0.0983252,-0.965101,0.199731,-10.9631,-2.11324,1.23084,0,0,3.2718,3
1774299670020,0.0996092,-0.964001,0.201235,-10.8825,-2.0418,1.45553,0,0,3.26946,3
1774299670033,0.099716,-0.969867,0.197859,-11.2072,-1.86647,1.75883,0,0,3.31654,3
1774299670046,0.102445,-0.96843,0.196263,-11.366,-1.66072,2.23394,0,0,3.28789,3
1774299670060,0.100591,-0.96695,0.193905,-11.6414,-1.50248,2.78731,0,0,3.29835,3
1774299670073,0.100527,-0.965117,0.194917,-11.7214,-1.36126,3.15634,0,0,3.28593,3
1774299670087,0.0999847,-0.966803,0.195126,-12.0509,-1.22281,3.3531,0,0,3.2722,5
1774299670100,0.0999256,-0.966141,0.193437,-12.4467,-1.14181,3.63046,0,0,3.27996,5
1774299670113,0.0988548,-0.966949,0.192398,-12.685,-1.06363,3.91281,0,0,3.27404,5
1774299670127,0.0971901,-0.967326,0.189909,-13.1146,-0.889214,4.09197,0,0,3.27322,5
1774299670140,0.0953528,-0.964848,0.189932,-13.264,-0.65179,4.23796,0,0,3.30393,5
1774299670153,0.0950584,-0.9671,0.185662,-13.6221,-0.435391,4.20492,0,0,3.26306,5
1774299670167,0.0946062,-0.965208,0.183041,-13.7071,-0.376714,4.25465,0,0,3.26991,5
1774299670180,0.0934904,-0.964413,0.181197,-13.6474,-0.497741,4.21939,0,0,3.26226,5
1774299670193,0.0929038,-0.965211,0.179123,-13.6414,-0.571302,4.15741,0,0,3.27041,5
1774299670207,0.0933359,-0.962782,0.177909,-13.4779,-0.797024,4.17856,0,0,3.27335,5
1774299670220,0.0929803,-0.962915,0.176322,-13.2665,-1.10043,4.09404,0,0,3.2887,5
1774299670234,0.0922025,-0.963255,0.173821,-13.1291,-1.46218,3.98514,0,0,3.33837,5
1774299670247,0.0915548,-0.964755,0.171376,-12.8761,-1.95265,3.87422,0,0,3.26574,5
1774299670260,0.0912024,-0.970205,0.166583,-12.8526,-2.51238,3.70829,0,0,3.2705,5
1774299670274,0.0920932,-0.968507,0.167433,-12.6952,-3.2852,3.60861,0,0,3.25757,5
1774299670287,0.0902652,-0.970781,0.165097,-12.6939,-4.05664,3.4777,0,0,3.26717,1
1774299670300,0.0891898,-0.973618,0.161529,-12.6973,-4.73556,3.31046,0,0,3.27502,1
1774299670314,0.0893572,-0.975423,0.159995,-12.6475,-5.47831,3.031,0,0,3.27352,1
1774299670327,0.0884709,-0.976669,0.159479,-12.7701,-6.17726,2.81345,0,0,3.27581,1
1774299670341,0.0879864,-0.979985,0.157245,-13.081,-6.75179,2.66592,0,0,3.30059,1
1774299670354,0.089114,-0.982163,0.15922,-13.3933,-7.0329,2.59217,0,0,3.2978,1
1774299670367,0.0916977,-0.986124,0.160072,-14.07,-7.11113,2.70539,0,0,3.26691,1
1774299670381,0.0959407,-0.98939,0.16062,-14.8471,-7.11945,3.11799,0,0,3.27356,1
1774299670394,0.0985355,-0.993067,0.161742,-15.8075,-7.09134,3.9656,0,0,3.27846,1
1774299670407,0.100803,-0.994054,0.162986,-17.1376,-7.22666,4.94979,0,0,3.27967,1
1774299670421,0.102716,-0.99898,0.160588,-18.6255,-7.51197,5.72506,0,0,3.27826,1
1774299670434,0.104683,-1.00294,0.156747,-20.2098,-7.95425,6.29969,0,0,3.27963,1
1774299670447,0.105476,-1.00782,0.156192,-21.6946,-8.52117,6.79071,0,0,3.30504,1
1774299670461,0.105027,-1.01574,0.154262,-23.5872,-8.99291,7.19638,0,0,3.26281,1
1774299670474,0.100807,-1.01863,0.15437,-25.875,-9.14917,7.32452,0,0,3.27454,1
1774299670488,0.0944236,-1.0308,0.150683,-28.4969,-8.97895,6.8199,0,0,3.27106,1
1774299670501,0.0847743,-1.03705,0.145033,-31.9477,-8.38666,5.73171,0,0,3.28452,1
1774299670514,0.0813018,-1.04253,0.139982,-34.631,-7.64819,4.66558,0,0,3.31239,1
1774299670528,0.0750343,-1.04559,0.139562,-36.8406,-7.2042,3.73163,0,0,3.28537,1
1774299670541,0.0698737,-1.05222,0.135637,-39.0145,-6.77526,2.77084,0,0,3.30724,1
1774299670554,0.0674906,-1.06276,0.129854,-41.4637,-6.43247,1.56337,0,0,3.26039,1
1774299670568,0.0682119,-1.07131,0.126012,-44.0497,-6.01172,0.499409,0,0,3.2677,1
1774299670581,0.0695957,-1.07919,0.127441,-46.6926,-5.59186,0.0166624,0,0,3.26878,1
1774299670595,0.0717517,-1.08925,0.126245,-49.9551,-5.08252,-0.091747,0,0,3.27385,1
1774299670608,0.0785007,-1.09771,0.124963,-53.7124,-4.961,-0.315252,0,0,3.28439,1
1774299670621,0.0841537,-1.10139,0.123683,-57.4174,-5.31344,-0.418746,0,0,3.29046,1
1774299670635,0.0852887,-1.10348,0.122107,-60.9552,-5.62257,-0.154617,0,0,3.28183,5
1774299670648,0.0869933,-1.10055,0.119938,-64.214,-5.72552,0.424401,0,0,3.29228,5
1774299670661,0.0911859,-1.09314,0.114437,-66.5125,-5.70495,1.24755,0,0,3.28196,5
1774299670675,0.102744,-1.07414,0.120216,-67.2151,-5.91076,2.00611,0,0,3.2653,5
1774299670688,0.112985,-1.04578,0.135085,-65.7892,-6.52721,3.46074,0,0,3.26876,5
1774299670701,0.118742,-1.02142,0.14989,-63.1236,-7.83187,6.0918,0,0,3.27994,5
1774299670715,0.121087,-0.996692,0.165223,-59.71,-9.66666,9.36356,0,0,3.26981,5
1774299670728,0.119443,-0.972035,0.180045,-55.5514,-11.6208,12.3422,0,0,3.28222,5
1774299670742,0.117049,-0.948626,0.193749,-50.7779,-13.3501,14.6592,0,0,3.40648,5
1774299670755,0.1162,-0.926209,0.205722,-45.2591,-14.9708,16.6043,0,0,3.28483,5
1774299670769,0.115507,-0.906748,0.216766,-39.2349,-16.4655,18.5422,0,0,3.3272,1
1774299670782,0.114822,-0.890849,0.22659,-32.8628,-17.7788,20.2284,0,0,3.30304,1
1774299670795,0.114413,-0.877931,0.235632,-26.2378,-18.928,21.0938,0,0,3.30715,4
1774299670809,0.113371,-0.86718,0.242015,-19.3251,-19.7936,21.2058,0,0,3.28889,4
1774299670822,0.113185,-0.859503,0.246988,-12.0676,-20.2967,21.0346,0,0,3.29552,4
1774299670836,0.11241,-0.856348,0.250931,-4.58891,-20.5087,20.7179,0,0,3.28895,4
1774299670849,0.109213,-0.85821,0.252855,2.75626,-20.2301,19.9981,0,0,3.3615,4
1774299670862,0.10433,-0.862831,0.254417,9.82259,-19.2097,18.5779,0,0,3.27565,4
1774299670876,0.0995328,-0.869726,0.254597,16.6852,-17.4205,16.429,0,0,3.28294,4
1774299670889,0.0961195,-0.878659,0.254343,23.4905,-15.0265,13.8135,0,0,3.2843,4
1774299670903,0.0930797,-0.891247,0.253299,30.1431,-12.2101,10.9581,0,0,3.27981,4
1774299670916,0.089874,-0.905003,0.251863,36.3875,-8.9484,7.91694,0,0,3.28767,4
1774299670929,0.0893495,-0.920059,0.249528,42.4742,-5.42475,4.70121,0,0,3.28235,4
1774299670943,0.0899263,-0.938278,0.247211,48.1943,-1.90264,1.50186,0,0,3.294,4
1774299670956,0.093777,-0.958755,0.242667,53.1033,1.34611,-1.48077,0,0,3.3017,5
1774299670970,0.100855,-0.978634,0.236112,57.2196,3.93564,-4.05332,0,0,3.29554,5
1774299670983,0.110986,-0.994356,0.228252,60.6791,5.73506,-6.08036,0,0,3.27611,5
1774299670996,0.118208,-1.00165,0.217598,64.2801,6.83238,-7.41865,0,0,3.27491,5
1774299671010,0.123875,-1.00966,0.210025,68.6705,7.31835,-8.12223,0,0,3.32235,5
1774299671023,0.127693,-1.02524,0.203434,72.5919,7.24568,-8.80432,0,0,3.28687,5
1774299671037,0.127864,-1.03931,0.194805,75.1903,6.91248,-9.6387,0,0,3.29272,5
1774299671050,0.127974,-1.04612,0.184929,77.5231,6.46094,-10.5727,0,0,3.30091,5
1774299671063,0.129189,-1.05223,0.176564,79.8736,5.76369,-11.4012,0,0,3.30297,5
1774299671077,0.129134,-1.05928,0.169216,81.6277,4.90002,-12.1182,0,0,3.27246,5
1774299671090,0.128675,-1.06562,0.161891,82.6899,3.86727,-12.7787,0,0,3.26909,5
1774299671103,0.125984,-1.06567,0.151939,83.3684,2.67751,-13.397,0,0,3.28072,5
1774299671117,0.123646,-1.06483,0.143426,84.2996,1.32198,-13.9284,0,0,3.29026,5
1774299671130,0.119338,-1.06921,0.133715,85.0394,-0.48162,-14.3726,0,0,3.31652,5
1774299671144,0.108311,-1.07735,0.120757,84.7572,-2.44139,-14.5902,0,0,3.28913,5
1774299671158,0.0935699,-1.08497,0.103657,83.5599,-4.1298,-14.4513,0,0,3.80842,5
1774299671171,0.0783205,-1.09267,0.0831935,81.8239,-5.55138,-14.0886,0,0,3.27441,5
1774299671184,0.0630333,-1.1005,0.06086,79.4757,-6.65472,-13.7625,0,0,3.26932,5
1774299671198,0.0493969,-1.10784,0.037624,76.5357,-7.3442,-13.2971,0,0,3.28456,5
1774299671211,0.0372965,-1.1151,0.0137387,73.03,-7.47005,-12.4759,0,0,3.26887,5
1774299671224,0.0278072,-1.12456,-0.0079917,68.7568,-7.53231,-11.6219,0,0,3.28197,5
1774299671238,0.0139818,-1.13381,-0.0288358,63.5487,-7.07727,-10.6639,0,0,3.27169,2
1774299671252,-0.00407573,-1.14233,-0.0463341,57.4514,-5.74727,-9.54844,0,0,4.02905,2
1774299671265,-0.0146064,-1.12506,-0.0537034,51.6909,-3.63336,-8.60093,0,0,3.281,2
1774299671279,-0.0171066,-1.10933,-0.0357025,48.5024,-2.14285,-8.68112,0,0,3.79203,2
1774299671293,-0.0202769,-1.10073,0.0205779,45.9612,-0.303488,-9.91591,0,0,3.2875,2
1774299671306,-0.000684271,-1.09331,0.0768741,40.2882,0.595599,-12.4868,0,0,3.27609,2
1774299671320,0.0177953,-1.10242,0.102415,33.0854,-0.687685,-13.9662,0,0,3.29711,2
1774299671333,0.0237435,-1.10551,0.10762,26.5404,-2.45306,-12.7945,0,0,3.27633,2
1774299671347,0.0264421,-1.1012,0.119751,21.5235,-3.48141,-11.1224,0,0,3.29006,2
1774299671360,0.0255099,-1.10088,0.128319,17.3912,-3.08403,-11.16,0,0,3.29978,2
1774299671374,0.0308538,-1.09165,0.137804,13.5229,-1.85342,-11.8726,0,0,4.06313,2
1774299671388,0.0403095,-1.08235,0.144868,11.5025,-1.42018,-11.3252,0,0,3.27687,2
1774299671401,0.0456361,-1.07709,0.157323,9.76927,-1.18723,-9.92349,0,0,3.27526,2
1774299671414,0.0476762,-1.07437,0.167227,7.05595,-0.967343,-9.24825,0,0,3.29243,2
1774299671428,0.051677,-1.05984,0.172726,4.63784,-0.85699,-9.17438,0,0,3.28861,2
1774299671441,0.0548302,-1.05059,0.176554,3.22544,-0.808063,-8.65634,0,0,3.28741,2
1774299671455,0.0587317,-1.04467,0.18393,1.36774,-0.823967,-7.88604,0,0,3.29772,5
1774299671468,0.0633381,-1.03527,0.189596,-0.400744,-0.74692,-7.34907,0,0,3.30524,3
1774299671482,0.0678285,-1.02872,0.194362,-1.69451,-0.654069,-6.89531,0,0,3.27606,5
1774299671496,0.0720477,-1.02128,0.200052,-3.04159,-0.651636,-6.19938,0,0,3.67168,5
1774299671509,0.0746944,-1.0147,0.204467,-4.25445,-0.721702,-5.27873,0,0,3.2773,5
1774299671522,0.0767449,-1.00869,0.207836,-5.20317,-0.79212,-4.54417,0,0,3.27106,5
1774299671536,0.0789193,-1.00288,0.213171,-5.84433,-0.900551,-4.07176,0,0,3.28415,3
1774299671549,0.080721,-1.00002,0.217985,-6.57284,-1.03373,-3.64897,0,0,3.31917,3
1774299671563,0.0831806,-0.99633,0.222535,-7.22281,-1.15387,-3.14798,0,0,3.31758,3
1774299671576,0.0838457,-0.993501,0.227483,-7.72114,-1.44026,-2.6751,0,0,3.27384,3
1774299671590,0.083414,-0.99039,0.232184,-8.35466,-1.54488,-2.31052,0,0,3.8511,3
1774299671603,0.0844212,-0.986294,0.235739,-8.90511,-1.47663,-2.09229,0,0,3.28139,3
1774299671617,0.0870607,-0.983765,0.237441,-9.32363,-1.42292,-1.88929,0,0,3.27337,3
1774299671630,0.0892964,-0.981966,0.238844,-9.77091,-1.38764,-1.47545,0,0,3.28135,3
1774299671643,0.0914771,-0.979028,0.24135,-10.1319,-1.29053,-0.9645,0,0,3.28906,3
1774299671657,0.0927723,-0.975674,0.243234,-10.4148,-1.17104,-0.578983,0,0,3.32715,3
1774299671670,0.0940322,-0.969756,0.245921,-10.6746,-1.1743,-0.31186,0,0,3.28267,3
1774299671684,0.0956534,-0.970939,0.246078,-10.8204,-1.34821,-0.0742793,0,0,3.98842,3
1774299671698,0.0966165,-0.969157,0.247755,-11.0527,-1.47897,0.259163,0,0,3.31402,3
1774299671711,0.0974841,-0.966886,0.248142,-11.1251,-1.68161,0.510101,0,0,3.27524,3
1774299671725,0.0984099,-0.96606,0.248415,-11.1258,-2.01419,0.641202,0,0,3.29782,3
1774299671738,0.0986225,-0.965516,0.248805,-11.0412,-2.40347,0.725984,0,0,3.27746,3
1774299671752,0.0995945,-0.96712,0.24843,-11.0102,-2.84157,0.76833,0,0,3.28758,3
1774299671765,0.100225,-0.965344,0.248445,-10.9043,-3.13177,0.807016,0,0,3.29658,3
1774299671779,0.101234,-0.966091,0.249165,-10.7783,-3.35132,0.924887,0,0,3.30167,3
1774299671792,0.103223,-0.965866,0.250151,-10.8065,-3.57739,1.12521,0,0,3.27459,3
1774299671806,0.10409,-0.966056,0.248757,-10.8932,-3.72099,1.42091,0,0,3.72879,3
1774299671819,0.106083,-0.96012,0.250968,-10.8426,-3.82185,1.84176,0,0,3.28378,3
1774299671833,0.105683,-0.959408,0.249666,-10.9388,-3.93803,2.27925,0,0,3.28335,3
1774299671846,0.107115,-0.959699,0.249178,-10.9375,-4.0507,2.74872,0,0,3.27904,3
1774299671860,0.107587,-0.961291,0.247015,-10.8631,-4.22384,3.1696,0,0,3.3095,3
1774299671873,0.107185,-0.96434,0.240761,-10.9453,-4.33032,3.51462,0,0,3.30361,3
1774299671886,0.108017,-0.956632,0.242264,-10.5236,-4.45395,3.91137,0,0,3.27509,3
1774299671900,0.105685,-0.956799,0.241663,-10.5786,-4.52268,4.1557,0,0,3.82633,3
1774299671914,0.106434,-0.947232,0.248188,-10.2905,-4.54689,4.51521,0,0,3.28189,3
1774299671927,0.104502,-0.950073,0.248129,-10.6322,-4.51322,4.82415,0,0,3.27982,3
1774299671941,0.107352,-0.953218,0.24583,-10.92,-4.3367,5.18855,0,0,3.29022,3
1774299671954,0.10759,-0.95379,0.246055,-11.1176,-4.07675,5.65112,0,0,3.27748,3
1774299671967,0.107134,-0.949821,0.247476,-11.7738,-3.71705,6.23589,0,0,3.35173,3
1774299671981,0.106068,-0.946218,0.249637,-12.1942,-3.43105,6.86066,0,0,3.29539,3
1774299671995,0.103672,-0.952222,0.246193,-12.7592,-3.20048,7.16221,0,0,3.85783,3
1774299672008,0.102736,-0.950809,0.242794,-13.167,-2.94432,7.51236,0,0,3.27732,3
1774299672022,0.102717,-0.957466,0.236585,-13.1876,-2.76675,7.74396,0,0,3.27675,4
1774299672035,0.100061,-0.959294,0.231011,-13.6849,-2.40431,8.07347,0,0,3.28591,4
1774299672049,0.0990592,-0.953472,0.236604,-13.7536,-2.13071,8.37164,0,0,3.34493,4
1774299672062,0.0955065,-0.963258,0.231072,-14.8152,-1.80481,8.30156,0,0,3.31608,4
1774299672075,0.0977893,-0.961844,0.228835,-15.148,-1.48177,8.56724,0,0,3.27926,4
1774299672089,0.0946338,-0.959081,0.228501,-15.7473,-1.10107,8.91994,0,0,3.29658,4
1774299672102,0.093047,-0.958842,0.229078,-16.3806,-0.749425,9.09827,0,0,3.27448,5
1774299672116,0.0911345,-0.965159,0.224366,-17.2156,-0.402091,9.08933,0,0,3.60019,5
1774299672129,0.0901065,-0.965508,0.220096,-18.0265,0.00369026,9.11515,0,0,3.31552,5
1774299672143,0.0867745,-0.964432,0.215435,-18.7379,0.253544,9.19347,0,0,3.276,5
1774299672156,0.0839512,-0.964397,0.212953,-19.2369,0.462835,9.10127,0,0,3.28354,5
1774299672170,0.0811233,-0.96463,0.209054,-19.6861,0.466847,8.64513,0,0,3.29839,5
1774299672183,0.0788888,-0.965002,0.205057,-19.934,0.359305,8.10797,0,0,3.28967,5
1774299672196,0.0783002,-0.966565,0.200916,-20.0414,0.138331,7.70156,0,0,3.26067,5
1774299672210,0.0771501,-0.967846,0.197169,-20.2604,-0.148177,7.38988,0,0,3.26565,5
1774299672223,0.0754204,-0.969455,0.193639,-20.4291,-0.511531,7.10939,0,0,3.27411,5
1774299672236,0.0739799,-0.972115,0.191224,-20.8632,-0.726048,6.79838,0,0,3.25522,5
1774299672250,0.0766382,-0.973836,0.192097,-21.1603,-0.70245,6.49412,0,0,3.30687,5
1774299672264,0.0804935,-0.977671,0.193135,-21.7204,-0.543584,6.51008,0,0,3.8249,5
1774299672277,0.0843297,-0.982833,0.193582,-22.3111,-0.535787,7.01327,0,0,3.33571,5
1774299672290,0.0850513,-0.987107,0.196391,-23.0092,-0.672298,7.79482,0,0,3.27713,5
1774299672304,0.0856666,-0.993468,0.197956,-24.0902,-1.02638,8.45889,0,0,3.29013,5
1774299672317,0.0873761,-0.999797,0.198481,-25.4215,-1.71984,9.08356,0,0,3.27341,5
1774299672331,0.0915839,-1.00776,0.198481,-26.9274,-2.91821,9.76868,0,0,3.26465,5
1774299672344,0.0946148,-1.01902,0.198695,-28.7148,-4.52764,10.8671,0,0,3.28161,5
1774299672357,0.0946624,-1.02481,0.199743,-30.8808,-6.43601,12.1193,0,0,3.26506,1
1774299672371,0.0843406,-1.04142,0.195471,-33.5722,-7.76677,12.4487,0,0,3.31776,1
1774299672384,0.0715662,-1.04144,0.19051,-37.3831,-7.78413,11.5608,0,0,3.26778,1
1774299672398,0.0673794,-1.04406,0.185339,-40.117,-7.87417,9.71295,0,0,3.35165,1
1774299672411,0.0581334,-1.05505,0.179593,-42.6478,-7.96001,8.02359,0,0,3.2688,1
1774299672424,0.0515125,-1.06765,0.176351,-46.0293,-7.94128,7.11793,0,0,3.27554,1
1774299672438,0.0447861,-1.07564,0.172237,-49.737,-7.89918,6.39154,0,0,3.31736,1
1774299672451,0.0375958,-1.08763,0.168591,-53.6701,-7.34391,5.73415,0,0,3.27919,1
1774299672465,0.0363146,-1.09652,0.168051,-58.1169,-6.61512,4.8717,0,0,3.28523,1
1774299672478,0.0378655,-1.09968,0.169446,-62.5686,-6.11089,3.99855,0,0,3.30799,1
1774299672491,0.042904,-1.10044,0.168944,-66.7458,-5.99249,3.43086,0,0,3.31245,1
1774299672505,0.0527936,-1.09473,0.169008,-70.3054,-6.60136,3.34589,0,0,3.26702,1
1774299672518,0.0644609,-1.0825,0.172497,-72.5448,-7.70618,3.91652,0,0,3.27508,1
1774299672531,0.0718703,-1.05724,0.184865,-72.9819,-8.52936,5.07174,0,0,3.27434,1
1774299672545,0.0755818,-1.03515,0.197334,-72.037,-9.75083,6.5531,0,0,3.2748,2
1774299672558,0.0763229,-1.01091,0.210282,-70.252,-11.4489,8.52384,0,0,3.27293,2
1774299672572,0.076028,-0.986357,0.221756,-67.4165,-13.3026,10.8516,0,0,3.43617,2
1774299672585,0.0759382,-0.960005,0.230337,-63.4705,-15.1058,13.224,0,0,3.37526,2
1774299672599,0.0750516,-0.934849,0.23755,-58.3487,-16.7471,15.6371,0,0,3.33739,2
1774299672612,0.0725488,-0.91171,0.244201,-52.3761,-18.1298,18.0489,0,0,3.32482,2
1774299672626,0.0683511,-0.891378,0.250594,-46.0067,-19.1857,20.0081,0,0,3.2816,2
1774299672639,0.0630877,-0.873909,0.255544,-39.1309,-19.7246,21.3093,0,0,3.26867,2
1774299672652,0.0577663,-0.858785,0.259657,-31.7014,-19.7529,22.0182,0,0,3.31345,2
1774299672666,0.0522825,-0.848518,0.263218,-23.9158,-19.2427,22.1841,0,0,3.25063,4
1774299672679,0.0481597,-0.8431,0.26565,-15.9005,-18.3864,21.761,0,0,3.31082,4
1774299672693,0.0437473,-0.843779,0.265895,-7.93886,-17.099,20.817,0,0,3.2588,4
1774299672706,0.0389834,-0.848615,0.263822,-0.246072,-15.3713,19.4468,0,0,3.27767,4
1774299672719,0.0371931,-0.854125,0.259545,7.51619,-13.2035,17.7355,0,0,3.25332,4
1774299672733,0.0364101,-0.866846,0.254921,15.2807,-10.9116,15.8629,0,0,3.24758,4
1774299672746,0.0368784,-0.882631,0.248727,22.3321,-8.58851,13.9712,0,0,3.26963,4
1774299672759,0.0359383,-0.899637,0.241437,28.7885,-6.36789,11.9595,0,0,3.26043,4
1774299672773,0.0331708,-0.918717,0.233718,34.5852,-4.13268,9.91073,0,0,3.45217,4
1774299672786,0.0317842,-0.93739,0.225141,39.605,-1.85242,7.68317,0,0,3.29567,5
1774299672800,0.0343767,-0.95514,0.214879,43.9317,0.291792,5.33736,0,0,3.33989,5
1774299672813,0.0411799,-0.971153,0.205578,47.8723,1.98089,3.09015,0,0,3.2746,5
1774299672826,0.0489669,-0.986038,0.19631,51.2338,3.13807,1.00111,0,0,3.26369,5
1774299672840,0.0556232,-1.00036,0.187415,53.9787,3.86851,-1.02941,0,0,3.27917,5
1774299672854,0.0608566,-1.01381,0.179326,56.0433,4.31564,-3.13144,0,0,3.34058,5
1774299672868,0.0641529,-1.02627,0.170629,57.2895,4.64134,-5.34935,0,0,3.29137,5
1774299672881,0.065853,-1.0363,0.162911,57.9232,4.68244,-7.59529,0,0,3.30208,5
1774299672894,0.0645426,-1.03444,0.150095,58.4443,4.71438,-9.7829,0,0,3.27863,5
1774299672908,0.0642077,-1.02515,0.137339,60.6224,4.81433,-11.6667,0,0,3.26686,5
1774299672921,0.0655957,-1.02869,0.127307,64.2836,4.96647,-12.6955,0,0,3.26371,5
1774299672934,0.0702329,-1.04079,0.117128,66.526,4.36803,-13.5103,0,0,3.27082,5
1774299672948,0.0733007,-1.04691,0.105951,67.14,3.23539,-14.3029,0,0,3.26411,5
1774299672961,0.0760955,-1.04881,0.0940256,68.0022,1.87982,-14.7732,0,0,3.27636,5
1774299672975,0.0797289,-1.05387,0.0845005,68.9261,0.1614,-15.2239,0,0,3.54573,5
1774299672988,0.082627,-1.0634,0.0772817,68.7517,-1.89995,-16.0386,0,0,3.28889,5
1774299673002,0.0819817,-1.06844,0.0670688,67.5235,-4.20235,-17.2795,0,0,3.2843,5
1774299673015,0.0783217,-1.06189,0.0536616,66.8686,-5.98211,-18.3202,0,0,3.28741,5
1774299673028,0.0726223,-1.06134,0.0428268,67.7049,-7.01846,-18.5998,0,0,3.27184,5
1774299673042,0.0673216,-1.0696,0.0344303,68.0456,-7.98128,-18.9143,0,0,3.27297,5
1774299673055,0.0557399,-1.0782,0.0244791,66.5088,-8.50686,-19.4342,0,0,3.28912,5
1774299673068,0.0428175,-1.0817,0.0136392,64.5539,-7.96717,-19.5319,0,0,3.27475,5
1774299673082,0.0316134,-1.08664,0.0027609,62.7908,-6.60781,-19.3834,0,0,3.32514,5
1774299673095,0.0203227,-1.09733,-0.00742815,59.9474,-4.43664,-19.5246,0,0,3.2676,5
1774299673109,0.0075826,-1.10567,-0.0194565,55.7284,-1.24528,-19.8553,0,0,3.28419,5
1774299673122,-0.00562533,-1.10957,-0.0320691,51.1094,3.06105,-20.0938,0,0,3.27273,5
1774299673135,-0.0201561,-1.11497,-0.0427422,46.4643,8.514,-20.3381,0,0,3.27443,5
1774299673149,-0.0341903,-1.11338,-0.051315,41.419,15.1422,-20.7508,0,0,3.27673,5
1774299673162,-0.0310188,-1.10485,-0.0360451,37.7187,21.4089,-21.6798,0,0,3.28678,2
1774299673176,-0.0285198,-1.09753,-0.00900434,35.6381,26.1987,-22.6188,0,0,3.59062,2
1774299673189,-0.0301447,-1.09501,0.0299864,32.9385,30.3585,-23.4259,0,0,3.30273,2
1774299673203,-0.0180534,-1.09499,0.065553,28.357,32.3385,-24.1638,0,0,3.30951,5
1774299673216,-0.00400316,-1.09501,0.0840079,22.762,31.5903,-23.7041,0,0,3.27971,5
1774299673229,0.00703031,-1.08781,0.0926338,17.4542,28.9543,-21.2629,0,0,3.28958,5
1774299673243,0.00837777,-1.0785,0.0995372,13.4912,25.7566,-18.0809,0,0,3.28165,5
1774299673256,0.00293987,-1.06826,0.108402,10.4235,23.3608,-16.0249,0,0,3.27536,5
1774299673269,-0.000391766,-1.05988,0.117307,7.87343,21.7828,-16.2072,0,0,3.27232,5
1774299673283,0.00211308,-1.05198,0.122864,6.05475,20.4522,-17.8848,0,0,3.2946,5
1774299673296,0.0109679,-1.04526,0.131488,4.92554,18.9055,-18.9912,0,0,3.28745,5
1774299673310,0.0200761,-1.04438,0.140226,3.1763,16.9788,-18.4634,0,0,3.26902,5
1774299673323,0.026437,-1.04128,0.151134,0.664088,15.1499,-16.6039,0,0,3.26987,5
1774299673336,0.0294876,-1.03342,0.158853,-2.14438,13.6592,-14.9181,0,0,3.27226,5
1774299673350,0.0319136,-1.02481,0.164985,-4.46519,12.6969,-14.1288,0,0,3.27649,3
1774299673363,0.0378209,-1.02019,0.16912,-6.53079,11.989,-13.8694,0,0,3.27384,3
1774299673376,0.0465448,-1.01635,0.174717,-8.67021,11.1191,-13.1197,0,0,3.26465,3
1774299673390,0.0545669,-1.01098,0.181693,-10.702,9.90619,-11.1985,0,0,3.31104,3
1774299673403,0.0594302,-1.00805,0.186891,-12.7299,8.4235,-8.72018,0,0,3.26771,3
1774299673416,0.0603759,-1.00214,0.194338,-14.8055,7.0925,-6.49646,0,0,3.2703,3
1774299673430,0.0584509,-1.00026,0.193131,-16.9175,6.00057,-5.05089,0,0,3.28012,3
1774299673443,0.054133,-0.994501,0.188262,-18.4598,5.43533,-3.90392,0,0,3.27319,3
1774299673457,0.0512424,-0.987962,0.186509,-18.8164,5.21438,-2.76477,0,0,3.27595,3
1774299673470,0.046471,-0.986246,0.183093,-19.0258,5.22804,-1.81711,0,0,3.27641,3
1774299673483,0.0453249,-0.984467,0.183169,-18.7272,5.41479,-1.15212,0,0,3.36364,3
1774299673497,0.0421363,-0.984132,0.184415,-18.3357,5.75162,-0.92864,0,0,3.29547,3
1774299673510,0.0396529,-0.982306,0.186237,-17.9221,5.87432,-1.04397,0,0,3.2838,1
1774299673524,0.0382071,-0.979962,0.182982,-17.4653,5.91305,-1.27658,0,0,3.28441,1
1774299673537,0.0392588,-0.977358,0.18003,-16.2921,5.66401,-1.56165,0,0,3.28267,1
1774299673550,0.0387164,-0.976074,0.178478,-14.8507,5.42509,-2.15744,0,0,3.28465,1
1774299673564,0.0396817,-0.974312,0.179438,-13.3296,5.18202,-2.95403,0,0,3.27878,1
1774299673577,0.0443205,-0.973311,0.178168,-11.8433,4.60746,-3.62286,0,0,3.29262,5
1774299673590,0.0457027,-0.970335,0.179153,-10.3341,3.84375,-3.88466,0,0,3.2996,5
1774299673604,0.0452415,-0.971932,0.179795,-9.0317,3.14258,-4.16988,0,0,3.27995,5
1774299673617,0.0462952,-0.971397,0.180783,-7.99756,2.58394,-4.86985,0,0,3.28006,5
1774299673631,0.048851,-0.972328,0.185209,-6.98889,2.08617,-5.50359,0,0,3.27291,5
1774299673644,0.0516367,-0.974958,0.189922,-6.79769,1.71909,-5.9168,0,0,3.27139,5
1774299673657,0.055144,-0.974153,0.190467,-7.00343,1.4895,-6.17496,0,0,3.26588,5
1774299673671,0.0577719,-0.971034,0.191896,-6.83882,1.24196,-6.34027,0,0,3.28699,5
1774299673684,0.0596336,-0.97214,0.195484,-6.97674,1.1937,-6.4779,0,0,3.33527,5
1774299673698,0.0646917,-0.970412,0.197825,-7.32359,1.16956,-6.36118,0,0,3.29439,5
1774299673711,0.06971,-0.968812,0.199381,-7.6086,0.943388,-5.92643,0,0,3.27834,5
1774299673724,0.071733,-0.969119,0.198904,-7.86477,0.792417,-5.36835,0,0,3.27467,3
1774299673738,0.0726638,-0.970427,0.198448,-8.05476,0.688022,-4.7782,0,0,3.27793,3
1774299673751,0.0753797,-0.970354,0.198877,-8.09066,0.395087,-4.4284,0,0,3.2741,3
1774299673765,0.0736419,-0.969056,0.201518,-8.38787,0.296708,-3.94492,0,0,3.30236,3
1774299673778,0.0753862,-0.974146,0.197723,-8.55066,-0.0547768,-3.70266,0,0,3.26943,3
1774299673791,0.0751109,-0.97565,0.198098,-8.70261,-0.169027,-3.35709,0,0,3.29934,3
1774299673805,0.0753281,-0.977409,0.199781,-9.01174,-0.248609,-3.21375,0,0,3.28091,3
1774299673818,0.0766035,-0.97797,0.200258,-9.64137,-0.203406,-2.95683,0,0,3.267,3
1774299673831,0.0778552,-0.979777,0.197629,-10.2258,-0.206983,-2.59915,0,0,3.27495,3
1774299673845,0.0793084,-0.979893,0.19551,-10.9308,-0.196229,-2.11894,0,0,3.2656,3
1774299673858,0.0798225,-0.979128,0.193707,-11.6271,-0.164241,-1.67895,0,0,3.27852,3
1774299673872,0.0820011,-0.97704,0.191012,-12.2693,-0.155885,-1.25849,0,0,3.30097,3
1774299673885,0.0844581,-0.973987,0.187602,-12.7269,-0.259754,-0.66894,0,0,3.64992,3
1774299673899,0.0838822,-0.971698,0.183722,-12.9747,-0.409607,-0.00712144,0,0,3.28287,3
1774299673912,0.0829578,-0.965419,0.184688,-13.0198,-0.548914,0.603444,0,0,3.27908,5
1774299673925,0.0806858,-0.964219,0.179803,-13.172,-0.683404,1.03717,0,0,3.28569,5
1774299673939,0.0810222,-0.962677,0.178122,-12.9513,-0.732849,1.57418,0,0,3.27441,5
1774299673952,0.081045,-0.966583,0.173162,-12.9403,-0.752544,2.13415,0,0,3.29089,5
1774299673965,0.081654,-0.970725,0.166315,-12.9565,-0.822088,2.5394,0,0,3.27469,5
1774299673979,0.0798127,-0.96719,0.170658,-12.7517,-0.805092,3.05679,0,0,3.30465,5
1774299673992,0.0769095,-0.96919,0.168202,-13.0803,-0.751369,3.24115,0,0,3.3258,1
1774299674006,0.0751796,-0.962744,0.173221,-12.9148,-0.699374,3.54791,0,0,3.29584,1
1774299674019,0.073045,-0.968035,0.169212,-13.2493,-0.652438,3.52831,0,0,3.29847,1
1774299674033,0.0747512,-0.971515,0.16526,-13.2854,-0.59229,3.55134,0,0,3.2771,1
1774299674046,0.0746959,-0.972206,0.164386,-13.3302,-0.641707,3.59749,0,0,3.86076,1
1774299674060,0.0732763,-0.969652,0.16466,-13.5639,-0.776559,3.67102,0,0,3.28501,1
1774299674074,0.0714491,-0.970179,0.164217,-13.6256,-0.951375,3.73015,0,0,3.71426,1
1774299674087,0.0716984,-0.973853,0.156395,-14.1356,-1.068,3.67121,0,0,3.40732,1
1774299674101,0.0717445,-0.97348,0.151958,-14.3896,-1.15368,3.75559,0,0,3.27214,1
1774299674114,0.0719488,-0.980715,0.145665,-14.6234,-1.16861,3.79414,0,0,3.29245,1
1774299674127,0.0716317,-0.980971,0.141184,-15.214,-1.0825,3.87291,0,0,3.2749,1
1774299674141,0.0714138,-0.976284,0.144811,-15.3561,-1.05433,4.15793,0,0,3.29438,5
1774299674154,0.0708959,-0.984314,0.134741,-16.1129,-0.951511,4.12253,0,0,3.27795,5
1774299674168,0.0722584,-0.982256,0.133461,-16.3125,-0.917407,4.34388,0,0,3.81667,5
1774299674181,0.0711056,-0.981057,0.133177,-16.8071,-1.18366,4.41965,0,0,3.27934,5
1774299674195,0.0700032,-0.980903,0.131527,-17.1703,-1.569,4.44963,0,0,3.29136,5
1774299674208,0.0687248,-0.98728,0.124654,-17.675,-2.17765,4.20475,0,0,3.29412,5
1774299674222,0.0689331,-0.99058,0.12105,-17.9626,-2.87719,4.01,0,0,3.27697,5
1774299674235,0.0670182,-0.990522,0.125386,-18.5667,-3.63555,3.69601,0,0,3.28164,5
1774299674248,0.0696286,-0.997353,0.126992,-19.2932,-4.12314,3.28444,0,0,3.28151,1
1774299674262,0.0732353,-1.00311,0.127375,-20.3802,-4.46821,3.31859,0,0,3.32879,1
1774299674275,0.0786274,-1.00985,0.12851,-21.4516,-4.98146,3.87577,0,0,3.27832,1
1774299674288,0.0832926,-1.01851,0.131538,-22.7956,-5.78792,4.58325,0,0,3.28738,1
1774299674302,0.0836752,-1.02891,0.131145,-24.8885,-6.83131,4.95603,0,0,3.3059,1
1774299674315,0.0791403,-1.04054,0.13014,-27.5358,-7.65561,4.89983,0,0,3.2711,1
1774299674329,0.073907,-1.04492,0.12574,-30.8692,-7.88175,4.21864,0,0,3.28504,1
1774299674342,0.0731946,-1.04736,0.123519,-33.5796,-8.14615,3.10337,0,0,3.28191,1
1774299674356,0.0718941,-1.05315,0.120392,-35.8987,-8.66162,1.77919,0,0,3.29514,1
1774299674369,0.0699244,-1.06352,0.117614,-38.375,-9.09808,0.52885,0,0,3.27336,1
1774299674383,0.0683932,-1.06896,0.113976,-40.6812,-9.66335,-0.716436,0,0,3.65527,3
1774299674396,0.0629999,-1.078,0.110679,-42.8721,-10.2402,-1.95053,0,0,3.30821,3
1774299674410,0.0565079,-1.08523,0.105913,-45.3208,-10.3346,-3.21389,0,0,3.34103,3
1774299674423,0.0496698,-1.09537,0.10189,-48.2415,-9.72236,-4.36527,0,0,3.3074,3
1774299674436,0.0475617,-1.10234,0.0998469,-51.3477,-8.84731,-5.71926,0,0,3.27962,3
1774299674450,0.0482043,-1.10891,0.0998899,-54.6685,-8.20631,-7.39594,0,0,3.28114,3
1774299674463,0.0540505,-1.11424,0.101105,-58.7904,-7.88131,-8.71524,0,0,3.26923,3
1774299674477,0.065556,-1.11213,0.0981146,-62.8194,-8.71651,-9.00268,0,0,3.78202,3
1774299674490,0.074156,-1.10565,0.095169,-65.7686,-9.68427,-8.16971,0,0,3.29454,3
1774299674504,0.0918611,-1.0925,0.0989827,-67.7345,-11.2173,-7.6772,0,0,3.28197,3
1774299674517,0.111141,-1.0584,0.115837,-67.1191,-13.6745,-6.92243,0,0,3.29416,3
1774299674531,0.128275,-1.0316,0.133673,-64.0869,-17.8042,-4.00098,0,0,3.2799,2
1774299674544,0.134463,-1.00925,0.152234,-60.5542,-23.12,1.7145,0,0,3.29636,3
1774299674557,0.129704,-0.984619,0.169877,-56.6193,-28.755,7.99446,0,0,3.27502,3
1774299674571,0.116867,-0.959122,0.184977,-51.7037,-33.6552,12.8161,0,0,3.88702,3
1774299674585,0.103321,-0.935382,0.197974,-46.1582,-37.4084,16.0323,0,0,3.27704,2
1774299674598,0.0919483,-0.913693,0.208897,-40.1268,-40.2333,18.8235,0,0,3.29295,2
1774299674611,0.0830052,-0.894811,0.218308,-33.6545,-42.3453,21.561,0,0,3.29871,2
1774299674625,0.0766312,-0.877481,0.226527,-26.8015,-43.8439,23.3202,0,0,3.28382,2
1774299674638,0.0694255,-0.866109,0.23081,-19.7275,-44.7214,23.9878,0,0,3.2833,2
1774299674652,0.0648519,-0.86007,0.233496,-12.7967,-44.7914,24.2304,0,0,3.28408,2
1774299674665,0.0615246,-0.856132,0.233513,-5.96441,-44.5094,23.9211,0,0,3.29182,2
1774299674679,0.0544778,-0.855676,0.23133,0.846891,-43.4729,22.8885,0,0,3.27352,2
1774299674692,0.0469918,-0.85903,0.228207,7.587,-41.4797,20.9375,0,0,3.6697,2
1774299674706,0.0400574,-0.865558,0.223832,14.2124,-38.706,18.1137,0,0,3.31629,2
1774299674719,0.0341843,-0.875975,0.21809,20.7573,-35.3038,14.9259,0,0,3.27538,2
1774299674732,0.0296998,-0.890987,0.211627,27.0978,-31.5962,11.6514,0,0,3.29362,1
1774299674746,0.026714,-0.908364,0.204753,33.0175,-27.7785,8.39665,0,0,3.28286,1
1774299674759,0.0255351,-0.926187,0.198062,38.6613,-23.9419,5.48457,0,0,3.2838,5
1774299674773,0.0292443,-0.94305,0.192006,43.8374,-20.4426,3.02914,0,0,3.33641,5
1774299674787,0.0357488,-0.957242,0.186961,48.4568,-17.6153,0.907985,0,0,3.91668,5
1774299674800,0.0435064,-0.96933,0.182501,52.7148,-15.4994,-0.967876,0,0,3.30741,5
1774299674813,0.0507859,-0.981967,0.179965,56.4564,-14.007,-2.73038,0,0,3.28382,5
1774299674827,0.0569569,-0.996401,0.1785,59.2123,-12.8835,-4.55673,0,0,3.30364,5
1774299674840,0.0623563,-1.00792,0.176556,60.9838,-12.2216,-6.55297,0,0,3.27801,5
1774299674854,0.0622344,-1.01307,0.170724,62.6628,-11.6589,-8.39612,0,0,3.2893,5
1774299674867,0.0620111,-1.01905,0.16691,65.017,-11.1133,-10.2716,0,0,3.27751,5
1774299674881,0.057623,-1.03019,0.161468,66.9784,-10.3054,-12.3292,0,0,3.74792,5
1774299674894,0.0538431,-1.03466,0.15273,68.62,-9.11588,-14.0179,0,0,3.28901,5
1774299674908,0.0557271,-1.03694,0.142421,71.0191,-8.36819,-15.1756,0,0,3.31719,5
1774299674921,0.0576569,-1.04415,0.133288,73.9014,-7.97287,-15.7211,0,0,3.31732,5
1774299674935,0.0542385,-1.05734,0.123167,75.8556,-7.53079,-15.7248,0,0,3.2724,5
1774299674948,0.0519947,-1.06829,0.112218,76.6503,-7.04115,-15.8567,0,0,3.29204,5
1774299674961,0.0499771,-1.07614,0.100221,76.8377,-6.44837,-16.6025,0,0,3.27947,5
1774299674975,0.0490086,-1.07832,0.0863571,76.7865,-5.58055,-17.9487,0,0,3.28962,5
1774299674988,0.04899,-1.08055,0.0725335,76.8507,-4.26471,-19.243,0,0,3.27071,5
1774299675002,0.0502855,-1.08372,0.0591757,76.737,-2.87581,-20.1303,0,0,3.93078,5
1774299675016,0.0505421,-1.08854,0.0461672,76.0046,-1.54384,-20.8941,0,0,3.28492,5
1774299675029,0.0482464,-1.09286,0.0324036,74.7313,-0.0951799,-21.7903,0,0,3.27938,5
1774299675042,0.045656,-1.09652,0.0190604,73.1416,1.58951,-22.8961,0,0,3.29816,5
1774299675056,0.0414919,-1.10173,0.00546796,71.0458,3.45502,-23.8743,0,0,3.27821,5
1774299675069,0.0385883,-1.10453,-0.00877925,68.2866,5.31309,-24.5528,0,0,3.28808,5
1774299675083,0.0360893,-1.10653,-0.0232575,65.2351,7.17226,-24.7744,0,0,3.27899,5
1774299675096,0.0350128,-1.10898,-0.037092,62.0914,8.86421,-24.6504,0,0,3.74057,5
1774299675110,0.0321791,-1.11624,-0.0490509,58.3075,10.4381,-24.226,0,0,3.30075,5
1774299675123,0.0262661,-1.12118,-0.0608284,53.4355,12.1379,-23.2619,0,0,3.33342,5
1774299675137,0.0110667,-1.11742,-0.0721336,48.2818,14.7147,-20.9757,0,0,3.31073,5
1774299675150,0.0142983,-1.1053,-0.0632989,45.0555,17.1636,-18.3321,0,0,3.28355,5
1774299675163,0.0156589,-1.10786,-0.0431594,42.0658,17.861,-17.6819,0,0,3.28953,5
1774299675177,-0.00423367,-1.07962,0.00167053,38.9946,19.0724,-17.0031,0,0,3.27929,5
1774299675190,-0.0126327,-1.08007,0.0699296,37.2119,20.504,-16.4022,0,0,3.28505,5
1774299675204,-0.0113222,-1.08235,0.107561,31.4979,20.7378,-18.023,0,0,3.29877,5
1774299675218,-0.00652428,-1.08812,0.119022,22.8968,19.6118,-19.7131,0,0,3.90946,5
1774299675231,0.00396815,-1.07094,0.116785,17.4158,17.5329,-18.9957,0,0,3.28267,5
1774299675245,0.00921847,-1.06274,0.119205,15.3475,15.0405,-16.8991,0,0,3.27554,5
1774299675258,0.0079932,-1.06513,0.131758,12.4261,13.1885,-15.5059,0,0,3.28621,5
1774299675271,0.00807071,-1.06129,0.143773,8.5233,11.9679,-15.674,0,0,3.27514,5
1774299675285,0.0130562,-1.04992,0.1527,6.04386,11.1655,-16.3958,0,0,3.28358,5
1774299675298,0.0224041,-1.04321,0.163532,4.35906,10.5482,-16.2828,0,0,3.26888,5
1774299675312,0.0296775,-1.04066,0.171179,1.61094,10.0075,-15.0925,0,0,3.40236,5
1774299675325,0.0337501,-1.03072,0.176975,-1.00101,9.74032,-13.6914,0,0,3.28456,5
1774299675339,0.0362246,-1.02181,0.180798,-2.72569,9.86664,-12.8057,0,0,3.26956,5
1774299675352,0.0394663,-1.01779,0.183931,-4.49835,10.0728,-12.3361,0,0,3.28769,5
1774299675365,0.0431856,-1.00909,0.190291,-6.04227,10.0991,-11.5829,0,0,3.28003,5
1774299675379,0.0464753,-1.00456,0.194194,-7.3176,9.86748,-10.5076,0,0,3.28899,3
1774299675392,0.0470693,-0.996697,0.202314,-8.51712,9.53878,-9.4001,0,0,3.28004,3
1774299675406,0.0468366,-0.991449,0.205307,-9.70545,9.12277,-8.71354,0,0,3.6464,3
1774299675420,0.0489523,-0.985759,0.208394,-10.4996,8.78489,-8.08905,0,0,3.27914,3
1774299675434,0.051157,-0.984812,0.210939,-10.9233,8.50708,-7.15446,0,0,3.74044,3
1774299675447,0.0507028,-0.981633,0.215071,-11.6508,8.3459,-6.14769,0,0,3.28605,3
1774299675460,0.0511013,-0.975731,0.22103,-12.1928,8.28153,-5.35968,0,0,3.27519,3
1774299675474,0.051856,-0.976408,0.22377,-12.6551,8.133,-4.82268,0,0,3.28177,3
1774299675487,0.0525457,-0.973542,0.227768,-13.2255,7.77914,-4.22889,0,0,3.28636,5
1774299675501,0.0525006,-0.97581,0.229445,-13.6261,7.40402,-3.78872,0,0,3.28838,5
1774299675514,0.0528738,-0.976483,0.227023,-14.19,6.91549,-3.70251,0,0,3.29921,5
1774299675528,0.0530065,-0.969034,0.229181,-14.1322,6.35417,-3.58432,0,0,3.90815,5
1774299675541,0.0515959,-0.975076,0.227668,-14.0863,5.84788,-3.69884,0,0,3.28362,5
1774299675555,0.0538345,-0.969418,0.231997,-13.9782,5.48903,-3.87459,0,0,3.28223,5
1774299675568,0.0543843,-0.968866,0.232581,-13.9011,5.05097,-4.04776,0,0,3.2869,5
1774299675581,0.0568853,-0.967056,0.233514,-13.8369,4.63406,-4.02624,0,0,3.27656,5
1774299675595,0.0585615,-0.967162,0.233082,-13.584,4.23111,-3.99908,0,0,3.29821,5
1774299675609,0.0601111,-0.96421,0.233811,-13.4095,3.84262,-3.97772,0,0,3.58187,5
1774299675623,0.0622655,-0.963352,0.233067,-13.2473,3.44125,-3.89676,0,0,3.96939,5
1774299675636,0.0641442,-0.962499,0.233146,-12.98,3.03498,-3.68375,0,0,3.27523,5
1774299675649,0.0653322,-0.961384,0.232986,-12.6471,2.62624,-3.59615,0,0,3.27747,5
1774299675663,0.0663187,-0.961599,0.23168,-12.3325,2.21945,-3.6141,0,0,3.28112,5
1774299675676,0.0674436,-0.961239,0.228371,-11.9683,1.73143,-3.51799,0,0,3.27525,5
1774299675689,0.0692667,-0.959988,0.227245,-11.3976,1.183,-3.37076,0,0,3.27966,5
1774299675703,0.0697716,-0.96162,0.225945,-11.0079,0.65163,-3.36623,0,0,3.28005,3
1774299675717,0.0713113,-0.961761,0.223441,-10.6414,0.104253,-3.27632,0,0,3.31301,3
1774299675730,0.0723353,-0.964309,0.21872,-10.2851,-0.477078,-3.17176,0,0,3.2713,3
1774299675744,0.0720867,-0.964332,0.216426,-9.77285,-1.0228,-3.13515,0,0,3.70576,1
1774299675757,0.0724576,-0.964259,0.215257,-9.3711,-1.51051,-3.15026,0,0,3.27864,1
1774299675771,0.0727268,-0.96532,0.2162,-9.09081,-2.0154,-3.14312,0,0,3.28079,1
1774299675784,0.0731123,-0.967039,0.219162,-9.06216,-2.4363,-3.09912,0,0,3.2868,1
1774299675797,0.0737479,-0.96831,0.221012,-9.35027,-2.64647,-3.15394,0,0,3.2768,1
1774299675811,0.0760854,-0.969888,0.220187,-9.99217,-2.72282,-3.05453,0,0,4.02408,1
1774299675825,0.0787264,-0.968536,0.219687,-10.6148,-2.69041,-2.74275,0,0,3.28179,3
1774299675839,0.0813693,-0.967082,0.218279,-11.1249,-2.71591,-2.35554,0,0,3.86374,3
1774299675852,0.0808324,-0.959126,0.221567,-11.4254,-2.70573,-1.82734,0,0,3.28047,3
1774299675866,0.0799986,-0.960124,0.221123,-11.7954,-2.71924,-1.67217,0,0,3.27705,3
1774299675879,0.0805359,-0.964131,0.219493,-12.3087,-2.56243,-1.33516,0,0,3.28167,3
1774299675892,0.0825659,-0.963724,0.218083,-12.6421,-2.55614,-0.849641,0,0,3.26866,3
1774299675906,0.0814214,-0.962578,0.215422,-12.869,-2.52109,-0.60202,0,0,3.27567,3
1774299675919,0.081021,-0.962751,0.212983,-12.9316,-2.41351,-0.444505,0,0,3.29136,3
1774299675933,0.0816845,-0.961241,0.211196,-12.8249,-2.45582,-0.220893,0,0,3.98667,3
1774299675946,0.0823082,-0.961249,0.208323,-12.7423,-2.58397,0.0184357,0,0,3.27527,3
1774299675960,0.0825096,-0.960157,0.206228,-12.4998,-2.7105,0.231495,0,0,3.2763,3
1774299675973,0.0821898,-0.960683,0.206007,-12.2855,-2.82094,0.370944,0,0,3.2791,3
1774299675987,0.0818412,-0.96126,0.204557,-12.3663,-2.94446,0.469601,0,0,3.2761,3
1774299676000,0.0833443,-0.965666,0.200458,-12.4297,-3.11199,0.547737,0,0,3.28147,3
1774299676013,0.0840129,-0.967328,0.197916,-12.7186,-3.20291,0.689573,0,0,3.32181,3
1774299676027,0.084727,-0.967101,0.200322,-12.9091,-3.17355,0.852568,0,0,3.30414,3
1774299676041,0.0840325,-0.966907,0.200765,-13.5282,-3.02251,0.916074,0,0,3.27647,3
1774299676054,0.0821086,-0.961083,0.201584,-14.0727,-2.88037,1.1276,0,0,3.70959,3
1774299676068,0.0821372,-0.965625,0.197113,-14.4425,-2.85112,1.20736,0,0,3.28101,3
1774299676081,0.080499,-0.964886,0.194803,-14.9315,-2.87959,1.39141,0,0,3.27581,3
1774299676094,0.082221,-0.970404,0.187736,-15.1781,-3.03578,1.40028,0,0,3.27736,3
1774299676108,0.081476,-0.967695,0.186252,-15.2439,-3.15667,1.51528,0,0,3.32134,3
1774299676121,0.0804966,-0.963363,0.187535,-15.2127,-3.40179,1.6007,0,0,3.33584,3
1774299676135,0.0792398,-0.965873,0.181565,-15.4632,-3.68241,1.61753,0,0,3.27301,3
1774299676148,0.0797356,-0.969885,0.17577,-15.5297,-3.89505,1.72634,0,0,3.28712,3
1774299676161,0.0813948,-0.973263,0.17228,-15.6332,-4.08163,1.87014,0,0,3.27075,1
1774299676175,0.080782,-0.974475,0.166678,-16.1123,-4.22092,2.08595,0,0,3.27164,1
1774299676188,0.0799398,-0.971619,0.168784,-16.0606,-4.18755,2.53201,0,0,3.26943,1
1774299676201,0.0730806,-0.974825,0.165727,-16.7205,-3.74884,2.77236,0,0,3.27079,1
1774299676215,0.0712833,-0.974912,0.16433,-17.2607,-3.06327,2.78555,0,0,3.41166,1
1774299676228,0.0761842,-0.982266,0.158361,-17.864,-2.4243,2.62888,0,0,3.26358,1
1774299676242,0.0769417,-0.979923,0.163746,-18.6843,-1.62591,3.11899,0,0,3.3014,1
1774299676255,0.0832288,-0.984047,0.162874,-19.8876,-0.992195,3.56705,0,0,3.26599,1
1774299676268,0.0903086,-0.989411,0.161046,-20.9854,-0.507926,4.23875,0,0,3.27094,1
1774299676282,0.0968972,-0.996899,0.157804,-22.1637,-0.452887,5.14596,0,0,3.26688,1
1774299676295,0.0976671,-1.00192,0.162701,-23.3851,-0.773458,6.31143,0,0,3.27495,5
1774299676309,0.0979229,-1.01251,0.163284,-25.3812,-1.50852,6.99233,0,0,3.27203,5
1774299676322,0.0986693,-1.02035,0.164332,-27.5765,-2.55089,7.45135,0,0,3.34286,5
1774299676336,0.0967352,-1.03393,0.162815,-30.1818,-3.71291,7.88762,0,0,3.8975,5
1774299676349,0.0859277,-1.05345,0.159143,-33.6917,-4.33533,7.75904,0,0,3.27344,5
1774299676363,0.0773333,-1.05177,0.15718,-37.5982,-3.98853,7.09988,0,0,3.27125,5
1774299676376,0.0770689,-1.05487,0.153947,-40.7208,-4.18528,5.85468,0,0,3.28245,5
1774299676390,0.0720543,-1.06254,0.148581,-43.6143,-4.5868,4.75896,0,0,3.27788,5
1774299676403,0.0678889,-1.07131,0.143109,-46.3412,-4.93198,3.81677,0,0,3.27788,1
1774299676416,0.0610442,-1.07907,0.139743,-49.1229,-5.17001,2.69364,0,0,3.39799,1
1774299676430,0.0553744,-1.08649,0.134294,-52.0456,-5.17418,1.36118,0,0,3.2904,1
1774299676444,0.0497924,-1.09582,0.129606,-55.2283,-5.07577,0.10175,0,0,3.27336,1
1774299676457,0.0422337,-1.10468,0.127835,-58.871,-4.38385,-0.985984,0,0,3.27006,1
1774299676470,0.0353579,-1.11189,0.1269,-62.8903,-3.61214,-2.42676,0,0,3.2869,1
1774299676484,0.0272239,-1.12145,0.125888,-67.4173,-2.44011,-4.03849,0,0,3.28362,1
1774299676497,0.0241115,-1.12824,0.122037,-72.4409,-1.07777,-5.62748,0,0,3.28718,1
1774299676510,0.0269968,-1.13001,0.115675,-77.485,-0.0106505,-6.88968,0,0,3.27706,1
1774299676524,0.0383082,-1.12486,0.109592,-81.6892,0.6455,-7.39771,0,0,3.31818,1
1774299676537,0.0473845,-1.11121,0.103016,-84.6341,0.556626,-7.25508,0,0,3.3161,5
1774299676551,0.0640715,-1.08214,0.112828,-85.4356,0.219678,-6.66229,0,0,3.30483,5
1774299676564,0.084086,-1.04374,0.121828,-83.3191,-1.72719,-5.11321,0,0,3.30679,5
1774299676577,0.0867828,-1.01022,0.140032,-78.4605,-4.18358,-0.837846,0,0,3.2957,5
1774299676591,0.0914437,-0.987183,0.156521,-73.2468,-7.34786,4.49297,0,0,3.30034,5
1774299676604,0.088192,-0.959621,0.170763,-67.8391,-10.8686,9.1668,0,0,3.29373,5
1774299676618,0.0811214,-0.929698,0.182663,-60.9804,-13.4228,12.9632,0,0,3.30238,5
1774299676631,0.0800081,-0.906069,0.195228,-52.8584,-15.4818,15.888,0,0,3.30057,5
1774299676644,0.0830327,-0.890126,0.206538,-44.8087,-17.6214,18.3196,0,0,3.33433,5
1774299676658,0.085829,-0.873054,0.215251,-36.5118,-19.7223,20.5265,0,0,3.27466,5
1774299676671,0.0872644,-0.860733,0.223422,-27.3443,-21.6553,22.1622,0,0,3.27664,5
1774299676685,0.0876548,-0.854395,0.229282,-18.2457,-23.2037,22.884,0,0,3.29144,5
1774299676698,0.0887008,-0.850268,0.231961,-9.47554,-24.3634,22.8601,0,0,3.27636,5
1774299676711,0.0868183,-0.847089,0.231447,-0.754112,-25.0619,22.4569,0,0,3.2936,4
1774299676725,0.0820499,-0.846068,0.230433,7.93327,-24.9064,21.5967,0,0,3.30544,5
1774299676738,0.0771804,-0.848849,0.22942,16.4053,-24.0532,19.7238,0,0,3.30219,5
1774299676751,0.0716377,-0.855481,0.228163,24.557,-22.4933,16.9072,0,0,3.27629,4
1774299676765,0.0688998,-0.866701,0.225926,32.4108,-20.66,13.7807,0,0,3.27625,4
1774299676778,0.0650005,-0.882823,0.222356,39.9744,-18.7796,10.9203,0,0,3.30618,4
1774299676792,0.0611756,-0.90233,0.216582,47.0991,-16.8716,8.34493,0,0,3.28303,4
1774299676805,0.0578276,-0.925467,0.209246,53.6984,-14.9879,6.07076,0,0,3.30931,5
1774299676818,0.0575835,-0.950507,0.200362,59.5121,-13.3944,4.06287,0,0,3.28258,5
1774299676832,0.0592826,-0.977111,0.188129,64.4293,-12.128,2.26525,0,0,3.30862,5
1774299676845,0.0631495,-1.003,0.176635,68.4251,-11.3115,0.747006,0,0,3.27455,5
1774299676859,0.0688546,-1.02725,0.164575,71.0376,-11.0646,-0.775135,0,0,3.27145,5
1774299676872,0.065427,-1.05364,0.150374,72.2922,-11.1894,-2.21147,0,0,3.2924,5
1774299676885,0.0688224,-1.06945,0.137659,72.5327,-11.3946,-4.31142,0,0,3.27808,5
1774299676899,0.0674248,-1.0804,0.123567,72.4621,-11.8096,-6.75431,0,0,3.28829,5
1774299676912,0.0632163,-1.08324,0.109344,72.9034,-12.0455,-8.77415,0,0,3.28018,5
1774299676926,0.0564372,-1.08539,0.0976645,73.9227,-12.213,-10.4473,0,0,3.60652,5
1774299676939,0.0468475,-1.08674,0.0865602,75.0142,-11.8623,-11.8896,0,0,3.2796,5
1774299676953,0.0420121,-1.0896,0.0761977,75.9914,-11.0959,-13.1924,0,0,3.28708,5
1774299676966,0.0423422,-1.09322,0.0639502,76.823,-10.6268,-14.2901,0,0,3.29429,5
1774299676979,0.0444943,-1.09911,0.0523023,77.2076,-10.7,-15.0887,0,0,3.32136,5
1774299676993,0.0444276,-1.10454,0.0388256,76.7806,-11.0152,-15.5941,0,0,3.29577,5
1774299677006,0.0438834,-1.10596,0.0228847,75.8779,-11.222,-15.9265,0,0,3.28086,5
1774299677020,0.0419002,-1.10626,0.0054949,75.1256,-11.4391,-16.1824,0,0,3.29173,5
1774299677033,0.0320708,-1.10535,-0.013163,74.3897,-11.5875,-16.2329,0,0,3.29962,5
1774299677046,0.0176638,-1.10708,-0.0302043,73.5586,-10.6968,-15.9874,0,0,3.29555,2
1774299677060,0.00694044,-1.11409,-0.0454539,72.0231,-8.51983,-15.6991,0,0,3.28644,2
1774299677073,0.00361536,-1.12198,-0.0601861,69.0904,-6.11852,-15.9681,0,0,3.28418,2
1774299677087,0.000990887,-1.1266,-0.0752883,65.0146,-3.64894,-16.5548,0,0,3.28507,2
1774299677100,-0.00269327,-1.13027,-0.0903814,60.4386,-0.898266,-16.9622,0,0,3.27751,2
1774299677113,-0.0076043,-1.13556,-0.10396,55.3049,2.25776,-17.0461,0,0,3.28833,2
1774299677127,-0.0122578,-1.14163,-0.117319,49.2747,5.69277,-17.1822,0,0,3.62981,5
1774299677140,-0.0105153,-1.12037,-0.11995,44.0658,8.99804,-17.3664,0,0,3.29625,5
1774299677154,-0.00424721,-1.101,-0.0850015,41.9842,11.5493,-17.0157,0,0,3.29394,5
1774299677167,0.00474697,-1.0951,-0.023298,41.1137,13.3019,-16.9232,0,0,3.2899,5
1774299677181,0.0104223,-1.09468,0.0334009,38.2509,14.3571,-18.2172,0,0,3.29653,5
1774299677194,0.0169065,-1.12356,0.0542869,30.9748,13.5419,-21.2109,0,0,3.28677,5
1774299677207,0.026812,-1.11485,0.0551052,22.4737,11.6352,-21.8893,0,0,3.29038,5
1774299677221,0.0389856,-1.09847,0.0567312,17.9452,9.43383,-18.8819,0,0,3.28601,5
1774299677234,0.040078,-1.0899,0.0650018,16.4329,8.05643,-15.1492,0,0,3.35159,5
1774299677248,0.0358909,-1.09489,0.0777901,13.4841,7.90897,-13.7895,0,0,3.29614,5
1774299677261,0.0390298,-1.08694,0.0884923,9.96509,8.08663,-14.7668,0,0,3.28857,5
1774299677274,0.0479571,-1.07419,0.097253,8.36948,7.69598,-15.137,0,0,3.29455,5
1774299677288,0.0529493,-1.06951,0.10657,7.02138,6.97527,-13.4008,0,0,3.2854,5
1774299677301,0.0543493,-1.06504,0.112896,4.15732,6.39089,-11.0263,0,0,3.29444,5
1774299677315,0.052613,-1.05327,0.117312,1.51944,6.03156,-9.77319,0,0,3.28679,5
1774299677328,0.0505791,-1.03979,0.119068,0.363313,5.97626,-9.79448,0,0,3.49618,5
1774299677342,0.0526699,-1.03243,0.123449,-0.173887,6.03155,-10.1708,0,0,3.28816,5
1774299677355,0.0589828,-1.02606,0.128684,-0.819258,5.47442,-9.89919,0,0,3.28168,5
1774299677368,0.0627454,-1.02034,0.132495,-1.31111,4.54305,-8.90203,0,0,3.2946,5
1774299677382,0.0630229,-1.01231,0.139246,-1.37886,3.86132,-7.96766,0,0,3.28649,5
1774299677395,0.0654664,-1.00862,0.146075,-1.46166,3.47859,-7.66503,0,0,3.29994,3
1774299677409,0.0696715,-1.00631,0.151528,-1.68668,3.14388,-7.38024,0,0,3.28251,3
1774299677422,0.0733297,-1.00535,0.159091,-1.76506,2.75686,-6.55606,0,0,3.29097,3
1774299677435,0.0738277,-1.00704,0.165864,-2.11051,2.49689,-5.79652,0,0,3.30931,3
1774299677449,0.0725102,-1.00124,0.173462,-2.65239,2.41592,-5.39816,0,0,3.3437,3
1774299677462,0.0735244,-0.999353,0.177396,-2.80934,2.26071,-5.17458,0,0,3.31655,3
1774299677476,0.0738004,-0.997994,0.179215,-3.05725,2.02343,-4.91087,0,0,3.29131,3
1774299677489,0.0760715,-0.998177,0.182087,-2.94485,1.80974,-4.65982,0,0,3.29935,3
1774299677502,0.0768553,-0.994883,0.184865,-3.20742,1.68382,-4.58427,0,0,3.29012,3
1774299677516,0.0792704,-0.992117,0.185781,-3.25402,1.55683,-4.40463,0,0,3.30446,3
1774299677529,0.0817614,-0.98896,0.188087,-3.18282,1.27767,-4.18625,0,0,3.31831,3
1774299677543,0.0821576,-0.983667,0.191222,-3.25521,1.06727,-4.03536,0,0,3.32183,3
1774299677556,0.0842661,-0.979171,0.194625,-3.27429,0.788175,-3.93746,0,0,3.28533,3
1774299677569,0.0884711,-0.980861,0.193897,-3.25805,0.408266,-3.78254,0,0,3.30505,3
1774299677583,0.0910829,-0.981154,0.192891,-3.32108,-0.016273,-3.44962,0,0,3.28753,3
1774299677596,0.0919683,-0.976511,0.197332,-3.00719,-0.500067,-3.01719,0,0,3.31881,3
1774299677610,0.0904554,-0.976834,0.198365,-3.27911,-0.90577,-2.8381,0,0,3.34233,3
1774299677623,0.0911333,-0.977655,0.196875,-3.55377,-1.21207,-2.54917,0,0,3.31064,3
1774299677637,0.0948779,-0.978909,0.200224,-3.3844,-1.46351,-2.07219,0,0,3.33388,3
1774299677650,0.0936648,-0.97712,0.201397,-4.10232,-1.55483,-1.56717,0,0,3.26705,3
1774299677663,0.0956864,-0.981836,0.200362,-4.40744,-1.64446,-1.05835,0,0,3.27234,3
1774299677677,0.0967655,-0.981029,0.203964,-5.16217,-1.473,-0.493727,0,0,3.27923,3
1774299677690,0.0985235,-0.975367,0.208219,-5.93152,-1.24779,0.226773,0,0,3.27127,3
1774299677704,0.0974285,-0.97669,0.206373,-6.95487,-1.05063,0.82379,0,0,3.2754,3
1774299677717,0.0971289,-0.97473,0.204085,-7.66819,-0.820423,1.15182,0,0,3.27227,3
1774299677730,0.0967462,-0.971522,0.203936,-8.06061,-0.667785,1.38951,0,0,3.3545,3
1774299677744,0.0955795,-0.971177,0.204445,-8.32269,-0.59907,1.59117,0,0,3.31036,3
1774299677757,0.0951151,-0.970045,0.204174,-8.39793,-0.662237,1.60297,0,0,3.28625,3
1774299677771,0.0940945,-0.968377,0.207716,-8.45996,-0.67947,1.62139,0,0,3.29014,3
1774299677784,0.0939513,-0.968628,0.207867,-8.69707,-0.734273,1.6893,0,0,3.27594,3
1774299677797,0.0936329,-0.968484,0.207051,-8.91402,-0.690517,1.73327,0,0,3.2877,3
1774299677811,0.093606,-0.968367,0.207008,-9.00577,-0.67876,1.75851,0,0,3.27666,3
1774299677824,0.0926727,-0.9658,0.207297,-9.16516,-0.647538,1.72667,0,0,3.28714,3
1774299677838,0.0934031,-0.966314,0.206292,-9.14176,-0.66217,1.64223,0,0,3.32622,3
1774299677851,0.093429,-0.967167,0.2042,-9.14923,-0.688827,1.65203,0,0,3.28986,5
1774299677864,0.0950659,-0.964792,0.203673,-8.91863,-0.844586,1.67839,0,0,3.29638,5
1774299677878,0.0946454,-0.965584,0.202645,-8.75021,-1.09566,1.71956,0,0,3.28807,5
1774299677891,0.0954603,-0.965573,0.200936,-8.67772,-1.35534,1.73786,0,0,3.28914,5
1774299677904,0.0954176,-0.966043,0.201203,-8.57762,-1.5936,1.77054,0,0,3.29101,5
1774299677918,0.096391,-0.964346,0.201522,-8.63514,-1.81551,1.81253,0,0,3.29397,5
1774299677931,0.0948555,-0.963727,0.200471,-8.79006,-2.05964,1.9909,0,0,3.28836,1
1774299677945,0.0960136,-0.967962,0.197758,-8.85878,-2.30764,1.97642,0,0,3.32835,1
1774299677958,0.0951672,-0.966234,0.196156,-9.03969,-2.47408,2.05567,0,0,3.2804,1
1774299677971,0.0945501,-0.963654,0.195233,-9.05373,-2.71853,2.13134,0,0,3.28512,1
1774299677985,0.0922302,-0.963919,0.193763,-9.11837,-2.90045,2.15566,0,0,3.28457,1
1774299677998,0.0919123,-0.96397,0.192752,-9.05307,-3.08502,2.08355,0,0,3.28705,1
1774299678012,0.0914375,-0.963998,0.193857,-9.17513,-3.18087,2.07202,0,0,3.28264,1
1774299678025,0.091624,-0.966149,0.193366,-9.39695,-3.24566,2.08853,0,0,3.27616,1
1774299678038,0.0912899,-0.966487,0.193494,-9.7425,-3.19848,2.20474,0,0,3.43263,1
1774299678052,0.0897426,-0.967195,0.192612,-10.2331,-3.02764,2.3033,0,0,3.28881,3
1774299678065,0.0892559,-0.969227,0.188684,-10.7754,-2.82784,2.24218,0,0,3.29087,3
1774299678079,0.0885556,-0.968128,0.187255,-11.0843,-2.53947,2.29026,0,0,3.28372,3
1774299678092,0.0874908,-0.967472,0.18718,-11.5784,-2.08916,2.39687,0,0,3.2757,3
1774299678105,0.08785,-0.964196,0.190813,-11.9133,-1.71292,2.55744,0,0,3.29112,3
1774299678119,0.0872538,-0.963552,0.18991,-12.4748,-1.4704,2.59211,0,0,3.29192,3
1774299678132,0.0866411,-0.963566,0.185427,-13.0143,-1.18625,2.79911,0,0,3.30774,3
1774299678146,0.087646,-0.968021,0.178333,-13.4048,-1.00324,3.04802,0,0,3.31146,3
1774299678159,0.0880837,-0.9699,0.173246,-13.8347,-0.907575,3.22988,0,0,3.2867,3
1774299678172,0.0902854,-0.971163,0.169363,-14.0405,-0.977416,3.49231,0,0,3.30336,3
1774299678186,0.0878211,-0.969189,0.17068,-14.4095,-1.00609,3.86419,0,0,3.28912,5
1774299678199,0.0889772,-0.969031,0.172921,-14.7693,-0.942373,4.05336,0,0,3.29709,5
1774299678212,0.0925492,-0.977122,0.167633,-15.5256,-0.655295,4.21907,0,0,3.28879,5
1774299678226,0.0958902,-0.979351,0.165405,-16.0776,-0.375757,4.89702,0,0,3.29392,5
1774299678239,0.0969924,-0.978396,0.169617,-16.5036,-0.292164,5.76131,0,0,3.30388,5
1774299678253,0.0946405,-0.982992,0.168243,-17.4687,-0.294188,6.29195,0,0,3.29994,5
1774299678266,0.0932135,-0.97939,0.174007,-17.9871,-0.358185,6.94269,0,0,3.34513,5
1774299678280,0.0925216,-0.986794,0.17196,-19.0535,-0.625835,7.35054,0,0,3.30401,5
1774299678293,0.0914329,-0.989699,0.169297,-20.115,-1.03433,7.71453,0,0,3.30931,5
1774299678306,0.0922069,-0.995232,0.169859,-21.0176,-1.75647,7.7922,0,0,3.28105,5
1774299678320,0.0900002,-0.997843,0.169189,-22.8728,-2.75539,7.73107,0,0,3.28849,5
1774299678333,0.0904311,-1.00492,0.165409,-24.4047,-3.93848,7.67379,0,0,3.28668,5
1774299678347,0.0897221,-1.00971,0.162414,-25.9809,-5.30828,7.50797,0,0,3.30629,1
1774299678360,0.08614,-1.01413,0.161835,-27.6557,-6.42439,7.15105,0,0,3.28559,1
1774299678373,0.080718,-1.02686,0.156583,-30.1504,-7.17689,6.23868,0,0,3.28322,1
1774299678387,0.0721698,-1.0271,0.151006,-33.248,-7.15541,5.07047,0,0,3.27542,1
1774299678400,0.0694407,-1.03023,0.146121,-35.5257,-7.18052,3.88901,0,0,3.27477,1
1774299678413,0.0664893,-1.03652,0.141557,-37.5485,-7.3391,2.91469,0,0,3.28966,1
1774299678427,0.0641047,-1.04399,0.138131,-39.4592,-7.31965,1.98217,0,0,3.2854,1
1774299678440,0.0637249,-1.05141,0.132955,-41.7846,-7.59674,0.686623,0,0,3.29253,1
1774299678454,0.0606285,-1.06028,0.128603,-44.3675,-7.76708,-0.357273,0,0,3.29748,1
1774299678467,0.057913,-1.06547,0.121944,-47.0145,-7.63671,-0.879744,0,0,3.2874,1
1774299678480,0.05506,-1.07227,0.116504,-49.8731,-7.14069,-1.05006,0,0,3.31888,1
1774299678494,0.0548195,-1.07655,0.113384,-53.119,-6.42501,-1.43818,0,0,3.28651,1
1774299678507,0.0551126,-1.07579,0.110305,-56.5027,-5.7272,-1.86491,0,0,3.29664,1
1774299678521,0.0559162,-1.07308,0.106538,-59.4436,-4.94436,-1.74403,0,0,3.28388,3
1774299678534,0.0614892,-1.07022,0.0990707,-62.1527,-4.37372,-1.5884,0,0,3.29629,3
1774299678547,0.0637969,-1.06522,0.0926347,-64.0268,-3.88389,-1.2197,0,0,3.29903,3
1774299678561,0.0695164,-1.05265,0.0922671,-64.7481,-3.4027,-0.720528,0,0,3.27961,3
1774299678574,0.0699035,-1.0284,0.102486,-63.9431,-2.93822,0.0893391,0,0,3.29188,3
1774299678588,0.0676792,-1.00798,0.11483,-62.07,-2.46854,1.29096,0,0,3.27975,5
1774299678601,0.0669403,-0.98597,0.127308,-59.3638,-2.14767,2.66068,0,0,3.32338,5
1774299678614,0.0674294,-0.965774,0.139539,-55.4918,-2.14152,4.1805,0,0,3.29462,5
1774299678628,0.0672031,-0.948981,0.151064,-51.0073,-2.27146,6.00087,0,0,3.31707,5
1774299678641,0.0683321,-0.934204,0.162448,-45.9885,-2.57481,7.9692,0,0,3.2737,5
1774299678655,0.069764,-0.921995,0.174317,-40.5743,-3.08422,9.87421,0,0,3.29944,5
1774299678668,0.0713254,-0.910406,0.18478,-34.8952,-3.80613,11.6351,0,0,3.28205,5
1774299678681,0.0710996,-0.899899,0.194434,-28.6577,-4.62884,13.2998,0,0,3.27714,5
1774299678695,0.0701897,-0.890845,0.2028,-22.0229,-5.34161,14.7602,0,0,3.28561,5
1774299678708,0.0709531,-0.884227,0.211494,-15.1462,-6.03067,15.7615,0,0,3.27207,5
1774299678721,0.0728683,-0.878762,0.21857,-8.26345,-6.97653,16.2515,0,0,3.2819,5
1774299678735,0.0709201,-0.875619,0.224429,-1.25682,-7.85605,16.6356,0,0,3.27242,5
1774299678749,0.0663986,-0.8754,0.229028,5.71047,-8.48671,16.814,0,0,3.74419,4
1774299678762,0.0615729,-0.879173,0.232721,12.668,-8.6872,16.5136,0,0,3.2919,4
1774299678775,0.0588161,-0.889998,0.233466,19.2786,-8.56516,15.7804,0,0,3.30174,4
1774299678789,0.059084,-0.904364,0.231221,25.3963,-8.2864,14.7651,0,0,3.32485,4
1774299678802,0.0601836,-0.91932,0.228252,31.0317,-7.95219,13.5845,0,0,3.28009,4
1774299678816,0.0610003,-0.933226,0.225146,36.056,-7.52112,12.1978,0,0,3.29381,4
1774299678829,0.0636283,-0.945264,0.221684,40.765,-7.16475,10.6294,0,0,3.28781,4
1774299678842,0.0644011,-0.956082,0.217285,45.3457,-6.98081,9.23628,0,0,3.29588,5
1774299678856,0.0631222,-0.969747,0.213719,49.6163,-6.89668,8.08748,0,0,3.30316,5
1774299678869,0.061408,-0.981555,0.209829,53.25,-6.87678,6.91747,0,0,3.28023,5
1774299678883,0.0581673,-0.992932,0.205329,56.3356,-6.81519,5.61185,0,0,3.27979,5
1774299678896,0.054449,-1.00629,0.201293,58.5022,-6.66498,4.1491,0,0,3.26864,5
1774299678909,0.0514806,-1.02017,0.196985,59.5561,-6.54675,2.43228,0,0,3.27801,5
1774299678923,0.0480121,-1.03032,0.190964,59.6281,-6.3932,0.476052,0,0,3.26688,5
1774299678936,0.0429549,-1.0282,0.181214,59.7016,-5.88515,-1.32163,0,0,3.28933,5
1774299678950,0.0415782,-1.01343,0.169841,61.6932,-5.32382,-2.82665,0,0,3.65691,5
1774299678963,0.0421942,-1.01061,0.163759,66.038,-4.86205,-3.64222,0,0,3.3267,5
1774299678977,0.0405411,-1.023,0.159341,69.4635,-4.68139,-4.10889,0,0,3.2959,5
1774299678990,0.0350419,-1.03305,0.152778,70.7474,-4.43892,-4.72322,0,0,3.28716,5
1774299679003,0.0320253,-1.03443,0.145275,71.7468,-4.00838,-5.6602,0,0,3.299,5
1774299679017,0.032568,-1.03732,0.140021,72.8747,-3.57373,-6.88846,0,0,3.28929,5
1774299679030,0.0358736,-1.04784,0.136385,72.8689,-3.17117,-8.4045,0,0,3.30085,5
1774299679044,0.035682,-1.05019,0.128254,71.4752,-2.94062,-10.1566,0,0,3.31816,5
1774299679057,0.0317086,-1.03482,0.111391,70.9866,-1.74803,-11.2569,0,0,3.30157,5
1774299679070,0.0327028,-1.02152,0.100658,74.1799,0.485817,-11.2168,0,0,3.31092,5
1774299679084,0.0390881,-1.03589,0.0942489,77.4009,2.39697,-11.2727,0,0,3.30916,5
1774299679097,0.0388308,-1.05952,0.0836463,76.9463,4.2463,-11.7943,0,0,3.29226,5
1774299679111,0.0350079,-1.06875,0.0676244,74.5755,6.52542,-12.3193,0,0,3.2802,5
1774299679124,0.0317152,-1.07361,0.0483634,72.8985,9.53607,-13.0121,0,0,3.29348,5
1774299679137,0.0300507,-1.08817,0.0295284,70.5548,13.1392,-14.0147,0,0,3.27764,5
1774299679151,0.0359967,-1.10071,0.00853815,66.2319,16.6999,-15.4046,0,0,3.66239,5
1774299679165,0.0481744,-1.10609,-0.0148867,61.3192,19.4836,-16.6669,0,0,3.29351,5
1774299679178,0.0589439,-1.11401,-0.0380024,56.5724,21.2515,-17.1823,0,0,3.281,5
1774299679191,0.0620035,-1.12496,-0.0574486,50.4733,22.5617,-16.621,0,0,3.28476,5
1774299679205,0.0668512,-1.102,-0.0546373,45.8369,23.5497,-14.8931,0,0,3.27853,5
1774299679218,0.0656359,-1.10725,-0.0278726,42.9378,23.8341,-13.3658,0,0,3.32552,5
1774299679232,0.0576833,-1.07504,0.0437711,41.2761,24.6788,-12.0637,0,0,3.28451,5
1774299679245,0.0577231,-1.0799,0.110499,37.8968,24.5212,-13.3455,0,0,3.29568,5
1774299679258,0.051654,-1.08167,0.134045,30.1644,23.5328,-16.6664,0,0,3.3015,5
1774299679272,0.0513916,-1.08812,0.138401,21.8008,21.8257,-18.6043,0,0,3.27561,5
1774299679285,0.0547388,-1.06955,0.136085,16.5855,18.9821,-17.434,0,0,3.29126,5
1774299679299,0.0502843,-1.06587,0.140394,13.0754,16.4577,-15.2524,0,0,3.26892,5
1774299679312,0.0415937,-1.06545,0.151573,8.80216,14.5968,-14.8011,0,0,3.28192,5
1774299679325,0.0366998,-1.0567,0.162198,5.02766,13.018,-16.346,0,0,3.2712,5
1774299679339,0.0401343,-1.04833,0.173084,2.77299,11.5881,-17.9314,0,0,3.29266,5
1774299679352,0.0460131,-1.04518,0.180089,0.304383,9.82225,-18.2894,0,0,3.27905,5
1774299679366,0.0472146,-1.03971,0.185228,-2.65347,8.43505,-17.5208,0,0,3.30396,5
1774299679379,0.0489934,-1.03016,0.19041,-4.82198,7.88954,-16.8472,0,0,3.32113,5
1774299679392,0.054346,-1.02096,0.195109,-6.25226,7.86962,-16.8819,0,0,3.31911,5
1774299679406,0.0637352,-1.01422,0.198449,-7.56035,7.65984,-16.519,0,0,3.30368,5
1774299679419,0.0711337,-1.00655,0.202774,-8.35146,7.14283,-14.9309,0,0,3.29253,3
1774299679433,0.073799,-1.00394,0.206804,-9.21338,6.59102,-13.064,0,0,3.31598,3
1774299679446,0.0728671,-1.00132,0.210893,-10.3241,6.21104,-11.7168,0,0,3.28914,3
1774299679459,0.0714101,-0.995727,0.215037,-11.1221,6.0078,-10.8703,0,0,3.30618,3
1774299679473,0.0710739,-0.99254,0.216897,-11.6603,5.95813,-10.0923,0,0,3.28688,3
1774299679486,0.0712114,-0.991404,0.2178,-12.0857,5.86328,-9.29922,0,0,3.27933,3
1774299679500,0.0716205,-0.990435,0.219219,-12.2603,5.7305,-8.71937,0,0,3.29151,3
1774299679513,0.0714779,-0.989006,0.221089,-12.4217,5.53067,-8.34718,0,0,3.31257,3
1774299679527,0.0705941,-0.98323,0.22435,-12.5976,5.34504,-7.86783,0,0,4.02659,3
1774299679540,0.0732724,-0.982832,0.223912,-12.4523,5.19081,-7.39311,0,0,3.27585,3
1774299679554,0.0762713,-0.983166,0.220783,-12.6406,4.90906,-7.04606,0,0,3.28164,5
1774299679567,0.080559,-0.979898,0.221003,-12.1623,4.55663,-6.41619,0,0,3.31094,5
1774299679581,0.0813281,-0.976752,0.222165,-12.0513,4.14518,-5.72359,0,0,3.27689,5
1774299679594,0.0837078,-0.977854,0.221546,-12.0994,3.77693,-5.06984,0,0,3.28568,5
1774299679607,0.0865813,-0.975844,0.223132,-11.9615,3.40921,-4.30503,0,0,3.28103,5
1774299679621,0.0868948,-0.972715,0.225748,-12.072,3.12464,-3.3215,0,0,3.29483,5
1774299679634,0.0868636,-0.972083,0.227033,-12.2487,2.90013,-2.22573,0,0,3.26781,5
1774299679648,0.0879335,-0.975439,0.223318,-12.4998,2.71005,-1.28047,0,0,3.67847,5
1774299679662,0.0880811,-0.975563,0.219296,-12.7171,2.42872,-0.439198,0,0,3.31059,5
1774299679675,0.0875176,-0.977101,0.217969,-12.4204,2.15162,0.23414,0,0,3.27494,5
1774299679688,0.0847258,-0.974921,0.216808,-12.6173,1.91232,0.483913,0,0,3.29409,5
1774299679702,0.0832414,-0.967647,0.221249,-12.3767,1.5931,0.900798,0,0,3.28779,5
1774299679715,0.0829749,-0.978863,0.217339,-12.6348,1.21386,1.11789,0,0,3.29216,5
1774299679729,0.0816417,-0.972741,0.22291,-12.5722,1.03487,1.39987,0,0,3.32187,5
1774299679743,0.0786159,-0.969406,0.22403,-12.7816,0.791416,1.45237,0,0,3.96397,1
1774299679756,0.0777829,-0.966975,0.224675,-12.9283,0.640405,1.69633,0,0,3.28098,1
1774299679769,0.0780328,-0.971238,0.221426,-13.1143,0.51071,1.92531,0,0,3.29177,1
1774299679783,0.0783892,-0.969111,0.219473,-13.2184,0.512036,2.22067,0,0,3.30481,1
1774299679796,0.0772992,-0.966138,0.218288,-13.2798,0.52228,2.538,0,0,3.28307,1
1774299679810,0.0767588,-0.965505,0.21928,-13.2148,0.496409,2.94414,0,0,3.28648,1
1774299679823,0.0746405,-0.963116,0.220079,-13.2876,0.461285,3.25814,0,0,3.27601,1
1774299679836,0.0725294,-0.962573,0.218248,-13.3035,0.358337,3.35884,0,0,3.32431,1
1774299679850,0.0709376,-0.962768,0.217651,-13.0711,0.217061,3.42392,0,0,3.27324,1
1774299679863,0.0690739,-0.963894,0.217304,-13.0714,0.209167,3.43183,0,0,3.31398,1
1774299679877,0.0685408,-0.962687,0.218616,-13.1552,0.128068,3.43201,0,0,3.29618,1
1774299679890,0.0673798,-0.964158,0.217288,-13.525,0.107182,3.29731,0,0,3.27244,1
1774299679903,0.0670062,-0.963238,0.215142,-13.7208,0.0789046,3.33373,0,0,3.28113,3
1774299679917,0.0649407,-0.962219,0.213965,-13.8581,0.0128199,3.42291,0,0,3.27861,3
1774299679931,0.0633392,-0.961138,0.212615,-13.92,-0.0546963,3.33924,0,0,3.91416,5
1774299679944,0.0628327,-0.960532,0.210951,-13.8294,-0.207916,3.19904,0,0,3.27522,5
1774299679958,0.0618572,-0.959845,0.208078,-13.6844,-0.406493,3.11337,0,0,3.67537,5
1774299679971,0.0603479,-0.959786,0.205854,-13.479,-0.70055,2.95543,0,0,3.309,5
1774299679985,0.0587978,-0.960808,0.206248,-13.3211,-0.988817,2.68047,0,0,3.28025,5
1774299679998,0.0598245,-0.966226,0.20184,-13.5326,-1.3093,2.35327,0,0,3.30381,5
1774299680012,0.061116,-0.966049,0.201074,-13.4325,-1.61138,2.29064,0,0,3.29739,5
1774299680025,0.0583151,-0.9648,0.199498,-13.7187,-1.87339,2.19683,0,0,3.33724,5
1774299680038,0.0570033,-0.964428,0.198269,-13.7811,-2.09116,2.00852,0,0,3.27377,5
1774299680052,0.0569875,-0.967447,0.195919,-14.0169,-2.21707,1.74171,0,0,3.82816,5
1774299680066,0.0584884,-0.967749,0.192401,-14.2309,-2.28925,1.64573,0,0,3.30217,5
1774299680079,0.0586318,-0.967729,0.189197,-14.5588,-2.30942,1.74781,0,0,3.27205,5
1774299680092,0.0588864,-0.968478,0.185546,-14.9116,-2.31347,1.82875,0,0,3.28881,5
1774299680106,0.0594715,-0.967113,0.183155,-15.28,-2.31302,1.80368,0,0,3.27739,5
1774299680119,0.0611094,-0.966853,0.179928,-15.6013,-2.3584,1.91788,0,0,3.27709,5
1774299680132,0.0618322,-0.968826,0.175124,-15.9148,-2.43378,2.28131,0,0,3.26889,5
1774299680146,0.0615411,-0.966709,0.176188,-16.1136,-2.60984,2.73953,0,0,3.88107,1
1774299680160,0.0587109,-0.969478,0.172679,-16.4348,-2.82784,2.89502,0,0,3.26957,1
1774299680173,0.0568373,-0.968272,0.178089,-16.6035,-2.93127,2.91375,0,0,3.29583,1
1774299680187,0.0589214,-0.973727,0.175618,-17.0107,-2.92356,2.68908,0,0,3.29096,1
1774299680200,0.0617578,-0.981485,0.171226,-17.5406,-2.85035,2.68554,0,0,3.27331,1
1774299680213,0.0631569,-0.988007,0.172674,-17.8104,-2.9204,3.12537,0,0,3.29528,1
1774299680227,0.0630214,-0.994404,0.172351,-18.6513,-3.23359,3.50285,0,0,3.26815,1
1774299680240,0.0614932,-0.993111,0.177605,-19.3937,-3.81181,4.0604,0,0,3.31387,1
1774299680253,0.0612062,-0.997032,0.17539,-20.4832,-4.68302,4.21245,0,0,3.27263,1
1774299680267,0.063932,-1.00204,0.172812,-21.3861,-5.66593,4.15,0,0,3.31439,1
1774299680280,0.0681829,-1.00544,0.172654,-22.3347,-6.9354,3.89581,0,0,3.29128,1
1774299680294,0.0703473,-1.01019,0.171232,-23.8248,-8.27882,3.76335,0,0,3.27174,1
1774299680307,0.0707408,-1.01547,0.167961,-25.5787,-9.7948,3.7565,0,0,3.28202,1
1774299680320,0.0686935,-1.0256,0.162783,-27.5005,-11.0228,3.47514,0,0,3.26974,1
1774299680334,0.061109,-1.0375,0.156465,-30.3648,-11.5396,2.31679,0,0,3.31513,1
1774299680347,0.0580201,-1.0337,0.158057,-32.4065,-11.5513,0.885577,0,0,3.27765,1
1774299680361,0.0566892,-1.04029,0.152896,-34.1615,-11.9023,-0.646479,0,0,3.27542,1
1774299680374,0.0524377,-1.05021,0.147469,-36.6,-12.3878,-1.71108,0,0,3.30878,1
1774299680387,0.0467385,-1.05582,0.145493,-38.7942,-12.5694,-2.38584,0,0,3.27165,1
1774299680401,0.0390251,-1.06551,0.142056,-41.5405,-12.3534,-3.39184,0,0,3.28753,1
1774299680414,0.0338591,-1.07665,0.140136,-44.6445,-11.4536,-4.35555,0,0,3.27994,1
1774299680428,0.0319406,-1.08229,0.137595,-47.9718,-10.4138,-5.16929,0,0,3.29622,1
1774299680441,0.0326258,-1.08519,0.13825,-51.3518,-9.3925,-5.67361,0,0,3.27818,1
1774299680455,0.0355658,-1.08485,0.13781,-54.7605,-8.90462,-6.12482,0,0,3.70145,2
1774299680468,0.0331243,-1.07958,0.135883,-57.7567,-8.63936,-6.1692,0,0,3.30809,2
1774299680482,0.0315475,-1.07225,0.133261,-60.1883,-8.26865,-5.95846,0,0,3.26201,2
1774299680495,0.0324421,-1.06637,0.127187,-61.792,-7.9971,-5.6298,0,0,3.28357,2
1774299680508,0.032422,-1.03956,0.136103,-61.6311,-7.35883,-4.85585,0,0,3.27535,2
1774299680522,0.0324668,-1.01773,0.149903,-59.8363,-7.31087,-3.33489,0,0,3.29344,2
1774299680535,0.0285592,-0.995071,0.161199,-57.5431,-7.7319,-0.91526,0,0,3.27602,2
1774299680549,0.0263814,-0.97247,0.17309,-53.9557,-8.36395,2.05503,0,0,3.94596,2
1774299680563,0.0249394,-0.952736,0.184002,-49.8296,-9.2453,4.93064,0,0,3.27583,2
1774299680576,0.0239234,-0.932029,0.193829,-44.9553,-10.0836,7.7627,0,0,3.30683,2
1774299680589,0.0252688,-0.915474,0.20457,-39.4629,-11.241,10.5387,0,0,3.30687,2
1774299680603,0.0242065,-0.90149,0.213604,-33.7223,-12.5091,13.1371,0,0,3.28976,2
1774299680616,0.0217278,-0.891437,0.221986,-27.5815,-13.6872,15.2365,0,0,3.35717,5
1774299680630,0.0205854,-0.884323,0.229746,-21.496,-14.6921,16.6863,0,0,3.30015,4
1774299680644,0.0222797,-0.87753,0.235393,-15.3541,-15.6304,17.795,0,0,4.00109,4
1774299680657,0.0236863,-0.873245,0.240783,-9.05403,-16.4715,18.7605,0,0,3.28115,4
1774299680671,0.0229814,-0.871656,0.245073,-2.61878,-17.1811,19.2886,0,0,3.36402,4
1774299680684,0.0193392,-0.872806,0.249057,3.89696,-17.439,19.1713,0,0,3.30361,4
1774299680697,0.0145216,-0.87618,0.252237,10.4968,-17.2072,18.4873,0,0,3.27524,4
1774299680711,0.010203,-0.882524,0.255054,17.1444,-16.5631,17.4409,0,0,3.28391,4
1774299680724,0.00928703,-0.892402,0.256606,23.583,-15.7608,16.2708,0,0,3.28013,4
1774299680738,0.00921187,-0.904869,0.255644,29.6507,-15.0214,15.1355,0,0,3.28526,4
1774299680751,0.0100369,-0.919781,0.252589,35.1365,-14.3566,14.1537,0,0,3.27365,5
1774299680765,0.0106122,-0.934714,0.248419,39.9879,-13.8018,13.1115,0,0,3.68175,5
1774299680778,0.011408,-0.951769,0.243876,44.0761,-13.2524,11.7547,0,0,3.31094,5
1774299680792,0.0133755,-0.971346,0.238655,46.9818,-12.7724,10.054,0,0,3.27574,5
1774299680805,0.0158655,-0.992106,0.231977,48.35,-12.2144,8.19866,0,0,3.29185,5
1774299680818,0.0210759,-1.01051,0.223775,48.3894,-12.0233,6.14506,0,0,3.27931,5
1774299680832,0.0200048,-1.03004,0.21275,47.2727,-11.8178,4.00413,0,0,3.29815,5
1774299680845,0.0248314,-1.03941,0.202058,45.3606,-11.327,1.53926,0,0,3.2802,5
1774299680859,0.0199124,-1.03003,0.180409,44.1457,-10.8899,-1.06996,0,0,3.87964,5
1774299680873,0.0106069,-1.00018,0.157657,46.4168,-9.21589,-2.4829,0,0,3.43878,5
1774299680886,0.0101857,-0.989,0.149695,53.8485,-6.75199,-2.90455,0,0,3.27498,5
1774299680899,0.00895016,-1.00778,0.14633,60.8921,-4.29912,-3.62926,0,0,3.29081,5
1774299680913,0.0102671,-1.03569,0.139781,63.4356,-2.17609,-5.56319,0,0,3.2765,5
1774299680926,0.0161815,-1.04284,0.129814,63.3752,-0.50999,-7.60916,0,0,3.28009,5
1774299680940,0.0277309,-1.03911,0.117645,64.6289,0.565961,-8.58251,0,0,3.27842,5
1774299680953,0.0400137,-1.04306,0.108048,66.9032,0.779137,-8.81489,0,0,3.33316,5
1774299680966,0.0494425,-1.0539,0.100045,67.7501,0.111138,-9.32882,0,0,3.27353,5
1774299680980,0.0555762,-1.05906,0.0858897,67.1107,-1.16467,-10.1856,0,0,3.29805,5
1774299680993,0.0584842,-1.05239,0.0703036,67.0663,-2.69348,-10.4154,0,0,3.29753,5
1774299681007,0.0567486,-1.05248,0.0569579,68.3258,-4.19262,-9.692,0,0,3.28098,5
1774299681020,0.0517365,-1.06443,0.0449005,68.6569,-5.52033,-8.90172,0,0,3.33993,5
1774299681033,0.0438045,-1.07349,0.0285871,66.8324,-6.22548,-8.34717,0,0,3.29185,5
1774299681047,0.039006,-1.07492,0.012827,64.6752,-6.29034,-7.73894,0,0,3.33276,5
1774299681060,0.0385814,-1.08131,-0.00194488,62.7635,-6.26463,-7.17895,0,0,3.27092,5
1774299681074,0.0352072,-1.0899,-0.0165726,59.4327,-6.06224,-6.75829,0,0,3.62273,5
1774299681087,0.0282757,-1.09638,-0.033091,54.7977,-5.09405,-5.8962,0,0,3.30848,5
1774299681101,0.0232915,-1.10183,-0.0489084,50.096,-3.4895,-4.60376,0,0,3.27305,5
1774299681114,0.0229883,-1.1113,-0.0625392,44.7978,-1.86019,-3.99698,0,0,3.28124,5
1774299681128,0.017189,-1.09388,-0.0486042,40.5975,0.0626571,-3.66916,0,0,3.27744,5
1774299681141,0.0135545,-1.0843,0.000691893,38.8106,2.44243,-3.1405,0,0,3.32941,5
1774299681155,0.0202007,-1.0837,0.0517292,35.1833,3.90641,-4.3401,0,0,3.27487,5
1774299681169,0.0234706,-1.08981,0.0807502,28.1127,4.37325,-7.16204,0,0,3.84901,5
1774299681182,0.0249959,-1.09004,0.0874152,20.107,3.96352,-9.29131,0,0,3.30031,5
1774299681195,0.0347185,-1.07431,0.0886746,14.7097,2.75894,-9.09128,0,0,3.2875,5
1774299681209,0.0380368,-1.07059,0.0956977,11.6028,1.15263,-7.37984,0,0,3.29424,5
1774299681222,0.0334265,-1.06999,0.105019,7.70115,0.0265018,-6.06798,0,0,3.28098,5
1774299681236,0.0287403,-1.06432,0.115854,3.82056,-0.0482046,-6.22602,0,0,3.28233,5
1774299681249,0.0332596,-1.05678,0.122244,1.1429,0.227682,-7.24827,0,0,3.27267,5
1774299681263,0.0396312,-1.05189,0.128578,-1.17261,0.346364,-7.23392,0,0,3.42291,5
1774299681276,0.0420086,-1.04835,0.132629,-3.76459,0.525186,-5.65363,0,0,3.29611,5
1774299681290,0.0414741,-1.04034,0.13632,-5.8044,0.926483,-4.05023,0,0,3.30061,5
1774299681303,0.0388702,-1.03269,0.139199,-7.33586,1.52364,-3.58583,0,0,3.29857,5
1774299681316,0.0386651,-1.02546,0.141931,-8.5365,2.17123,-3.71568,0,0,3.28117,5
1774299681330,0.0412022,-1.01778,0.144212,-9.31653,2.69815,-3.40706,0,0,3.2815,5
1774299681343,0.0436497,-1.01117,0.147119,-9.77535,2.88079,-2.50645,0,0,3.28868,5
1774299681357,0.0445489,-1.00658,0.15086,-10.1057,2.81297,-1.63494,0,0,3.29843,5
1774299681370,0.0448214,-1.00309,0.154545,-10.4089,2.65947,-1.16472,0,0,3.27057,5
1774299681384,0.045381,-1.00135,0.155409,-10.6844,2.50387,-0.981207,0,0,3.76986,5
1774299681397,0.0463859,-0.996479,0.16166,-10.4627,2.24353,-0.51982,0,0,3.29717,5
1774299681411,0.0448485,-0.996974,0.168395,-10.5674,2.0603,0.0321537,0,0,3.27485,5
1774299681424,0.0455884,-0.997512,0.173171,-11.0284,1.95459,0.348921,0,0,3.28454,5
1774299681437,0.046328,-0.996917,0.17558,-11.3843,1.79442,0.596537,0,0,3.27491,5
1774299681451,0.0466402,-0.995834,0.179764,-11.7396,1.75586,0.960005,0,0,3.30135,5
1774299681464,0.0463301,-0.995237,0.181191,-12.1451,1.81622,1.31507,0,0,3.27874,5
1774299681478,0.0462685,-0.992744,0.183101,-12.4269,1.83124,1.44855,0,0,3.9324,5
1774299681492,0.0457078,-0.991417,0.184959,-12.6264,1.78419,1.53001,0,0,3.34439,5
1774299681505,0.0456841,-0.990191,0.18491,-12.8589,1.65285,1.65143,0,0,3.27568,5
1774299681519,0.0457362,-0.987876,0.185365,-13.0034,1.46123,1.62088,0,0,3.28852,5
1774299681532,0.0453803,-0.989495,0.182362,-13.1,1.20542,1.494,0,0,3.27672,5
1774299681546,0.0454563,-0.986655,0.185149,-12.8529,0.898448,1.47014,0,0,3.28278,5
1774299681559,0.0435538,-0.986961,0.184963,-13.0007,0.579151,1.24894,0,0,3.27341,5
1774299681573,0.0431866,-0.98341,0.187914,-13.0037,0.287184,1.13136,0,0,3.74121,5
1774299681586,0.0421521,-0.985257,0.186989,-13.1726,0.0556973,0.978836,0,0,3.29763,5
1774299681600,0.0430953,-0.989457,0.180466,-13.5265,-0.101574,0.699133,0,0,3.27559,5
1774299681613,0.0438906,-0.98474,0.180443,-13.3912,-0.220479,0.575136,0,0,3.28567,5
1774299681626,0.0421419,-0.984617,0.177911,-13.4506,-0.331857,0.339058,0,0,3.31124,5
1774299681640,0.0422422,-0.975681,0.183787,-12.9342,-0.483661,0.33417,0,0,3.30467,5
1774299681653,0.0399144,-0.977684,0.18271,-12.9486,-0.760543,0.202384,0,0,3.27429,5
1774299681667,0.0424289,-0.977272,0.180934,-12.4329,-1.04716,0.136653,0,0,3.2923,5
1774299681680,0.0420361,-0.976557,0.180089,-12.0233,-1.30742,0.0673285,0,0,3.27654,5
1774299681694,0.0415644,-0.97155,0.181022,-11.5463,-1.60018,0.0635519,0,0,3.77751,5
1774299681708,0.0410065,-0.969047,0.183889,-11.0468,-1.91934,0.103662,0,0,3.32131,1
1774299681721,0.0397577,-0.975728,0.178773,-10.8013,-2.20733,-0.0246138,0,0,3.31063,1
1774299681735,0.0405601,-0.973864,0.175546,-10.4614,-2.41407,-0.0292278,0,0,3.30581,1
1774299681748,0.0423417,-0.977335,0.169716,-9.85916,-2.63106,-0.144055,0,0,3.27298,1
1774299681761,0.0422837,-0.974909,0.168006,-9.56476,-2.72626,-0.227178,0,0,3.28472,1
1774299681775,0.0425272,-0.967999,0.173887,-8.86811,-2.84095,-0.0101905,0,0,3.28898,1
1774299681789,0.0420234,-0.979189,0.165674,-9.01038,-2.93894,-0.0297436,0,0,4.02004,1
1774299681802,0.044403,-0.973149,0.167226,-8.20224,-2.9749,0.192869,0,0,3.27374,1
1774299681816,0.0420554,-0.972091,0.168786,-8.12796,-2.96175,0.295092,0,0,3.26907,1
1774299681829,0.043889,-0.969522,0.170821,-7.62922,-3.02598,0.467369,0,0,3.29217,3
1774299681843,0.0432936,-0.976225,0.166031,-7.57594,-2.99884,0.628699,0,0,3.31463,3
1774299681856,0.0440588,-0.974724,0.16429,-7.23748,-2.95009,0.792112,0,0,3.31133,3
1774299681870,0.0431997,-0.973384,0.16413,-7.05845,-3.03467,0.894549,0,0,3.28331,3
1774299681884,0.0434352,-0.974591,0.165216,-6.89974,-3.11151,1.01222,0,0,3.93527,3
1774299681897,0.0441194,-0.97378,0.165262,-6.96274,-3.19946,1.14599,0,0,3.29661,3
1774299681910,0.0443894,-0.973283,0.165839,-7.01108,-3.28718,1.29237,0,0,3.27326,3
1774299681924,0.0452348,-0.97491,0.16557,-7.15219,-3.40895,1.46138,0,0,3.29204,3
1774299681937,0.0451998,-0.975377,0.165141,-7.49904,-3.49948,1.7682,0,0,3.28109,1
1774299681951,0.0453371,-0.974372,0.166065,-7.70484,-3.50829,2.15629,0,0,3.28556,1
1774299681964,0.0444007,-0.975151,0.166458,-8.2455,-3.41084,2.55259,0,0,3.27833,1
1774299681978,0.0448399,-0.977861,0.164164,-8.80164,-3.22979,2.95791,0,0,3.29859,1
1774299681991,0.0447795,-0.978188,0.162911,-9.44691,-3.01822,3.36063,0,0,3.37519,1
1774299682005,0.0438568,-0.979644,0.161893,-10.1125,-2.89645,3.76345,0,0,3.78151,1
1774299682018,0.0426755,-0.982499,0.160184,-10.9587,-2.76952,4.09315,0,0,3.28048,1
1774299682032,0.0410548,-0.984578,0.159382,-11.8508,-2.63772,4.36453,0,0,3.27376,1
1774299682045,0.0397398,-0.987206,0.160505,-12.8671,-2.53087,4.51964,0,0,3.27876,1
1774299682058,0.0404469,-0.989239,0.161258,-13.9729,-2.41974,4.52732,0,0,3.27,1
1774299682072,0.0408348,-0.989282,0.164445,-15.1639,-2.3568,4.62662,0,0,3.28563,1
1774299682085,0.0417396,-0.994022,0.162549,-16.3211,-2.24302,4.87707,0,0,3.27896,1
1774299682099,0.0399676,-0.99533,0.163705,-17.4699,-2.22767,5.27619,0,0,3.8822,1
1774299682113,0.0387001,-0.999111,0.164489,-18.7221,-2.31767,5.68075,0,0,3.28122,1
1774299682126,0.0360147,-1.00678,0.164139,-20.3982,-2.42102,6.02236,0,0,3.2808,1
1774299682140,0.0370342,-1.01305,0.165588,-22.2667,-2.50103,6.05151,0,0,3.35761,1
1774299682153,0.0387138,-1.01812,0.166973,-24.5044,-2.69729,5.7643,0,0,3.2807,1
1774299682166,0.0399355,-1.02409,0.164091,-27.1082,-3.23752,5.57542,0,0,3.27809,1
1774299682180,0.0355732,-1.0293,0.159937,-29.6897,-3.7453,5.60138,0,0,3.27928,5
1774299682194,0.02759,-1.03998,0.155473,-32.4047,-3.93471,5.05082,0,0,3.82509,5
1774299682207,0.0150018,-1.03992,0.149346,-35.3947,-3.43697,4.03574,0,0,3.31256,5
1774299682220,0.0168228,-1.03714,0.143957,-36.8408,-3.41888,2.6143,0,0,3.27481,5
1774299682235,0.0123182,-1.04154,0.137416,-38.3312,-3.65786,1.32911,0,0,3.29152,1
1774299682248,0.00799984,-1.04425,0.131652,-39.9646,-3.52162,0.387478,0,0,3.28056,1
1774299682261,0.00391308,-1.04858,0.124421,-41.3209,-3.22732,-0.526597,0,0,3.28339,1
1774299682275,0.00216177,-1.05613,0.116631,-43.1951,-2.58299,-1.48788,0,0,3.26878,1
1774299682288,0.000444345,-1.05667,0.113004,-45.1889,-1.66951,-2.35286,0,0,3.2752,5
1774299682301,0.000755896,-1.05859,0.107251,-46.8003,-0.674959,-3.11193,0,0,3.2937,5
1774299682315,-0.000152666,-1.06379,0.100767,-48.8698,0.35715,-3.78861,0,0,3.89279,5
1774299682329,0.00251256,-1.06306,0.0952814,-50.8801,1.34036,-4.21924,0,0,3.27869,5
1774299682342,0.00663072,-1.06035,0.0912746,-52.7255,1.99437,-4.40476,0,0,3.27676,5
1774299682356,0.0110279,-1.056,0.0883186,-54.1706,2.54619,-4.00911,0,0,3.27643,5
1774299682369,0.017507,-1.04685,0.0881931,-54.9729,2.95488,-3.45238,0,0,3.30935,5
1774299682382,0.0215566,-1.02617,0.0983763,-54.6781,3.12911,-2.80057,0,0,3.3087,5
1774299682396,0.0249807,-1.00566,0.109214,-52.8952,2.96472,-1.53405,0,0,3.30406,5
1774299682409,0.026013,-0.986002,0.124745,-49.9393,2.55393,0.458286,0,0,3.37413,5
1774299682423,0.0300857,-0.973258,0.140056,-46.4149,1.5132,2.67885,0,0,3.27465,5
1774299682436,0.0300725,-0.958903,0.154324,-42.7011,0.0431339,4.70934,0,0,3.31572,5
1774299682450,0.0299105,-0.944503,0.168844,-38.5242,-1.44252,6.54457,0,0,3.30834,5
1774299682463,0.0332362,-0.931737,0.183401,-34.0018,-3.30986,8.11973,0,0,3.27533,5
1774299682477,0.0361282,-0.920042,0.195303,-29.1157,-5.50149,9.67932,0,0,3.28246,5
1774299682490,0.0358615,-0.91315,0.205372,-23.7338,-7.77786,11.5595,0,0,3.27989,5
1774299682504,0.0312823,-0.911129,0.214509,-18.6032,-9.74927,13.3847,0,0,3.32406,5
1774299682517,0.0266257,-0.908748,0.222766,-13.6225,-11.235,14.3642,0,0,3.33119,5
1774299682531,0.0220447,-0.90897,0.230417,-8.80988,-12.3373,14.4179,0,0,3.83687,5
1774299682545,0.0209098,-0.907495,0.236686,-4.18671,-13.1203,13.9526,0,0,3.2937,5
1774299682558,0.0188743,-0.904686,0.241539,0.696092,-13.7049,13.2787,0,0,3.27861,5
1774299682572,0.0132229,-0.902021,0.246671,5.9323,-13.8957,12.4504,0,0,3.31361,5
1774299682585,0.00497865,-0.901277,0.251098,11.3831,-13.5577,11.3217,0,0,3.27685,5
1774299682599,-0.00200823,-0.901473,0.253388,17.053,-12.6427,9.91586,0,0,3.34982,4
1774299682612,-0.00632996,-0.904394,0.255344,22.9496,-11.4291,8.65658,0,0,3.30913,4
1774299682626,-0.0096726,-0.91039,0.255911,28.6259,-10.1509,7.6756,0,0,3.3058,4
1774299682639,-0.011417,-0.916583,0.256005,34.0515,-8.79065,6.67257,0,0,3.28007,4
1774299682652,-0.0113448,-0.923936,0.254931,39.2437,-7.49257,5.53269,0,0,3.28246,2
1774299682666,-0.00991976,-0.934555,0.253572,43.9543,-6.25959,4.47902,0,0,3.27826,2
1774299682679,-0.00855705,-0.948414,0.250811,47.7968,-5.10049,3.6433,0,0,3.31828,2
1774299682693,-0.00526804,-0.958464,0.245896,51.0067,-4.00126,2.90114,0,0,3.31102,2
1774299682706,0.00230805,-0.967552,0.240652,54.24,-3.22104,2.085,0,0,3.31302,2
1774299682720,0.0123715,-0.97921,0.234804,57.0029,-3.10673,1.06757,0,0,3.96831,2
1774299682734,0.0184608,-0.989675,0.225635,59.1548,-3.49168,-0.0606403,0,0,3.30702,5
1774299682747,0.0229919,-0.994739,0.210077,61.5615,-3.83448,-1.18251,0,0,3.28291,5
1774299682761,0.0325886,-1.00435,0.194462,64.6892,-4.76137,-2.42558,0,0,3.3068,5
1774299682774,0.0388294,-1.02015,0.178836,67.4475,-6.19976,-3.64045,0,0,3.28039,5
1774299682787,0.0358501,-1.03294,0.15958,68.8923,-7.98908,-4.61247,0,0,3.28722,5
1774299682801,0.029798,-1.04072,0.138497,70.2703,-9.27596,-5.12534,0,0,3.35439,5
1774299682814,0.0243735,-1.05443,0.117963,71.6364,-10.1828,-5.04209,0,0,3.31026,5
1774299682828,0.0216634,-1.07224,0.0979416,71.3798,-11.1304,-4.81322,0,0,3.27458,5
1774299682842,0.0182603,-1.07857,0.0728598,69.7297,-11.9221,-4.7068,0,0,3.85953,5
1774299682855,0.0163193,-1.07708,0.0484051,68.9347,-12.5019,-4.73353,0,0,3.28228,5
1774299682868,0.0136197,-1.08401,0.0275823,68.6553,-12.9658,-4.90391,0,0,3.27896,5
1774299682882,0.00610547,-1.10164,0.00952794,66.4173,-13.142,-5.2086,0,0,3.27687,5
1774299682895,-0.00869278,-1.10512,-0.011367,62.6746,-12.5007,-5.36517,0,0,3.28434,5
1774299682909,-0.0237087,-1.10041,-0.0306542,60.1379,-10.5021,-5.45388,0,0,3.30556,2
1774299682922,-0.0310852,-1.10684,-0.0382502,58.0282,-7.29466,-5.73072,0,0,3.2712,2
1774299682936,-0.0279321,-1.11564,-0.0405919,53.4198,-4.21617,-6.53155,0,0,3.79631,2
1774299682949,-0.0229203,-1.11438,-0.0449452,47.7853,-1.55143,-7.41805,0,0,3.27457,2
1774299682963,-0.0142092,-1.11055,-0.0615895,41.8845,0.974545,-7.9324,0,0,3.27415,2
1774299682976,-0.00385045,-1.09892,-0.0485501,38.1486,2.94649,-7.74693,0,0,3.28144,2
1774299682990,0.00551074,-1.09302,-0.00869477,34.9075,3.70652,-7.36891,0,0,3.27098,2
1774299683003,0.00444762,-1.10577,0.0258408,29.133,3.50075,-7.95068,0,0,3.34789,2
1774299683016,0.00156254,-1.10786,0.0478262,22.0973,3.17079,-9.05688,0,0,3.27741,2
1774299683030,0.00197466,-1.10025,0.0551303,16.152,2.6992,-9.76319,0,0,3.30552,2
1774299683043,0.00741894,-1.09426,0.063535,12.2577,2.34227,-9.64203,0,0,3.29171,5
1774299683057,0.00869602,-1.09341,0.0720313,8.52232,2.16378,-9.10546,0,0,3.72807,5
1774299683071,0.00914852,-1.0847,0.0778391,5.04184,2.28005,-8.80624,0,0,3.28321,5
1774299683084,0.0119408,-1.07219,0.0881334,2.89171,2.52426,-8.65825,0,0,3.27654,5
1774299683097,0.0146644,-1.07019,0.0955112,0.540617,2.60275,-8.31303,0,0,3.28511,5
1774299683111,0.0176212,-1.06006,0.102171,-1.85372,2.85882,-7.66219,0,0,3.29659,5
1774299683124,0.0219648,-1.05561,0.106437,-3.21029,3.0089,-7.0183,0,0,3.30169,5
1774299683137,0.0251362,-1.05337,0.109982,-4.9502,3.0859,-6.48247,0,0,3.2815,5
1774299683151,0.0283397,-1.04114,0.11618,-6.17504,3.11405,-5.68039,0,0,3.86109,5
1774299683165,0.0307305,-1.04117,0.116619,-7.05842,3.01346,-5.17979,0,0,3.29065,5
1774299683178,0.034031,-1.03188,0.124865,-7.51459,2.99472,-4.54284,0,0,3.27976,5
1774299683192,0.0366213,-1.02886,0.129665,-7.9533,2.59851,-3.82472,0,0,3.28324,5
1774299683205,0.0377103,-1.02276,0.13528,-8.59392,2.29861,-2.87413,0,0,3.39425,5
1774299683219,0.0379937,-1.02225,0.138258,-9.06758,1.91362,-2.28301,0,0,3.29376,5
1774299683232,0.0373464,-1.01771,0.143582,-9.55577,1.65299,-1.71992,0,0,3.28393,5
1774299683246,0.0373895,-1.01629,0.147499,-10.1656,1.48491,-1.1914,0,0,3.7914,5
1774299683259,0.0385517,-1.01575,0.150562,-10.8316,1.39091,-0.503276,0,0,3.28347,5
1774299683273,0.0401115,-1.0147,0.153138,-11.5359,1.35785,0.341506,0,0,3.33937,5
1774299683286,0.0402898,-1.01521,0.152997,-12.2976,1.42641,1.19157,0,0,3.31158,5
1774299683300,0.0408661,-1.01007,0.153577,-12.7181,1.471,1.80854,0,0,3.28248,5
1774299683313,0.0406484,-1.00935,0.152444,-12.9942,1.39277,2.2753,0,0,3.31406,5
1774299683326,0.0403548,-1.00976,0.150668,-13.1633,1.2303,2.83363,0,0,3.28041,5
1774299683340,0.0394762,-1.00623,0.152364,-13.0882,1.00714,3.20949,0,0,3.29441,5
1774299683353,0.0375149,-1.00486,0.150505,-13.2609,0.750684,3.30264,0,0,3.27621,5
1774299683367,0.0368886,-1.00396,0.151258,-13.0866,0.404564,3.47878,0,0,3.72538,5
1774299683381,0.0343999,-1.00477,0.152448,-13.2123,0.182336,3.56325,0,0,3.28191,5
1774299683394,0.0339952,-1.00152,0.153853,-13.3139,0.0594956,3.5505,0,0,3.27824,5
1774299683408,0.0327647,-1.00141,0.154043,-13.471,-0.0346172,3.60954,0,0,3.44267,1
1774299683421,0.031823,-0.99934,0.15304,-13.6985,-0.0716404,3.68154,0,0,3.30476,1
1774299683434,0.0304206,-0.995889,0.15491,-13.7278,-0.163107,3.66943,0,0,3.32232,1
1774299683448,0.0286205,-0.994979,0.156762,-13.8424,-0.272566,3.50642,0,0,3.27482,1
1774299683462,0.028287,-0.992604,0.156783,-14.0251,-0.461522,3.33115,0,0,3.84433,1
1774299683475,0.0282992,-0.995949,0.154731,-13.9869,-0.719093,3.08049,0,0,3.28072,1
1774299683489,0.0278303,-0.991877,0.154434,-13.9135,-0.9331,2.90385,0,0,3.31385,1
1774299683502,0.026784,-0.989254,0.154033,-13.7432,-1.18477,2.74139,0,0,3.30313,1
1774299683516,0.0259757,-0.988303,0.153137,-13.6497,-1.40049,2.57392,0,0,3.30298,1
1774299683529,0.0248291,-0.988014,0.151447,-13.442,-1.55144,2.35975,0,0,3.29837,1
1774299683542,0.0240956,-0.985688,0.150387,-13.195,-1.66524,2.21111,0,0,3.27998,1
1774299683556,0.023234,-0.986815,0.148294,-12.9618,-1.78892,2.0584,0,0,3.7904,1
1774299683570,0.0232536,-0.985161,0.148493,-12.6313,-1.9168,1.88599,0,0,3.27224,1
1774299683583,0.0232509,-0.985767,0.147465,-12.4755,-2.121,1.63504,0,0,3.31352,1
1774299683597,0.0235474,-0.98766,0.144625,-12.2643,-2.40666,1.41316,0,0,3.30456,1
1774299683610,0.0231795,-0.986918,0.144653,-11.9343,-2.67117,1.17247,0,0,3.31428,1
1774299683623,0.0222192,-0.985536,0.145555,-11.7972,-2.9461,0.827523,0,0,3.29935,1
1774299683637,0.0218241,-0.98098,0.14976,-11.4917,-3.3225,0.55331,0,0,3.27587,1
1774299683650,0.0201329,-0.980136,0.149446,-11.4945,-3.6825,0.205416,0,0,3.28265,1
1774299683664,0.0197436,-0.983513,0.145825,-11.5944,-4.04157,-0.194043,0,0,3.27776,1
1774299683678,0.0212184,-0.988089,0.142694,-11.4304,-4.30471,-0.611345,0,0,3.81548,1
1774299683691,0.0213155,-0.988855,0.137478,-11.7523,-4.45076,-0.973554,0,0,3.2783,1
1774299683704,0.0238319,-0.988595,0.134861,-11.5054,-4.70894,-1.28033,0,0,3.27204,1
1774299683718,0.0211668,-0.983489,0.138925,-11.6034,-4.85286,-1.47356,0,0,3.30784,1
1774299683731,0.0200489,-0.979609,0.14154,-11.6487,-4.94204,-1.77242,0,0,3.28393,1
1774299683745,0.0204213,-0.988967,0.134155,-12.0919,-4.84938,-2.09905,0,0,3.30289,1
1774299683758,0.0244183,-0.98851,0.129387,-12.1951,-4.65187,-2.08707,0,0,3.26917,1
1774299683772,0.027429,-0.986386,0.128726,-12.0561,-4.52624,-1.95459,0,0,3.93202,1
1774299683785,0.02892,-0.986747,0.125584,-12.5522,-4.44748,-1.76616,0,0,3.27552,1
1774299683799,0.0304099,-0.981967,0.128879,-12.1723,-4.44508,-1.36051,0,0,3.27695,3
1774299683812,0.0284928,-0.982606,0.131015,-12.4898,-4.42653,-1.06625,0,0,3.31771,3
1774299683826,0.0288055,-0.979288,0.129578,-12.2897,-4.36065,-0.744393,0,0,3.27382,3
1774299683839,0.0323077,-0.992088,0.122448,-12.7299,-4.54509,-0.732611,0,0,3.28715,3
1774299683852,0.0311724,-0.986519,0.128261,-12.9065,-4.44515,-0.301868,0,0,3.27891,3
1774299683866,0.0313146,-0.988432,0.132133,-13.6319,-4.18639,-0.0228853,0,0,3.2825,3
1774299683879,0.0341411,-0.993796,0.133007,-14.5449,-3.72206,0.337647,0,0,3.27882,3
1774299683893,0.0375701,-0.999096,0.129443,-15.4589,-3.17886,0.850943,0,0,3.71079,3
1774299683907,0.0392369,-0.99826,0.129868,-16.2194,-2.77404,1.64888,0,0,3.29022,3
1774299683920,0.0388556,-0.999126,0.128,-17.2544,-2.51268,2.33612,0,0,3.30061,3
1774299683934,0.0379251,-0.998225,0.126395,-18.052,-2.40128,2.91929,0,0,3.29737,3
1774299683947,0.0382951,-0.998527,0.123483,-18.8712,-2.47126,3.29763,0,0,3.2876,5
1774299683961,0.0396206,-0.999232,0.12055,-19.5365,-2.72615,3.52243,0,0,3.29315,5
1774299683974,0.04076,-0.999383,0.117787,-20.1581,-3.13758,3.83867,0,0,3.27706,5
1774299683988,0.0415506,-1.00306,0.113842,-20.9281,-3.73532,4.15944,0,0,3.95526,5
1774299684001,0.0412602,-1.00381,0.11102,-21.6909,-4.41856,4.4134,0,0,3.31539,5
1774299684015,0.040374,-1.01077,0.105866,-22.4584,-5.12685,4.35896,0,0,3.38749,5
1774299684029,0.0371777,-1.01558,0.103425,-23.4205,-5.86393,3.84555,0,0,3.30934,5
1774299684042,0.0317829,-1.02289,0.100066,-24.7402,-6.64786,2.68098,0,0,3.27961,1
1774299684055,0.0288554,-1.03276,0.0978037,-26.1091,-7.52399,1.07306,0,0,3.28971,1
1774299684069,0.0266112,-1.03462,0.0957793,-27.1833,-8.57748,-0.63137,0,0,3.28019,1
1774299684082,0.0211981,-1.04645,0.0918148,-28.3458,-9.51107,-2.06635,0,0,3.29836,1
1774299684096,0.016438,-1.05257,0.0890808,-29.8657,-9.90289,-3.33819,0,0,3.27545,1
1774299684109,0.013872,-1.05819,0.0859111,-31.7479,-10.0111,-4.67529,0,0,3.67111,1
1774299684123,0.0137672,-1.0641,0.083542,-33.8361,-9.69961,-5.7477,0,0,3.31871,1
1774299684136,0.0150656,-1.06609,0.0778065,-35.9439,-9.14269,-6.48677,0,0,3.30267,1
1774299684150,0.0138302,-1.0671,0.0750658,-37.8477,-8.27617,-6.85896,0,0,3.30484,1
1774299684163,0.0137165,-1.06655,0.0710462,-39.9775,-7.40816,-7.45948,0,0,3.27784,1
1774299684177,0.0112482,-1.06274,0.0662523,-41.9138,-6.54902,-7.88545,0,0,3.28954,1
1774299684190,0.0110018,-1.05852,0.0601091,-43.541,-5.65029,-7.78012,0,0,3.26947,1
1774299684204,0.0108303,-1.05498,0.0545442,-44.8363,-4.77371,-7.04997,0,0,3.57849,3
1774299684217,0.0148303,-1.04393,0.0545291,-45.3482,-3.79558,-6.05207,0,0,3.59821,3
1774299684231,0.0153669,-1.01959,0.0681918,-44.1738,-2.5773,-4.7329,0,0,3.29773,3
1774299684244,0.0170438,-1.00309,0.0833924,-41.866,-1.00045,-3.16402,0,0,3.32956,3
1774299684258,0.020804,-0.990439,0.09985,-39.286,0.314537,-1.77349,0,0,3.28708,3
1774299684271,0.0257665,-0.977106,0.115737,-36.4876,1.07577,-0.33379,0,0,3.26852,5
1774299684284,0.0298607,-0.964024,0.129926,-33.4244,1.33528,1.38954,0,0,3.27078,5
1774299684298,0.0335302,-0.952433,0.145192,-30.1083,1.42437,3.39858,0,0,3.2838,5
1774299684311,0.0371034,-0.941775,0.159908,-26.6622,1.32478,5.07612,0,0,3.26426,5
1774299684324,0.0398689,-0.932983,0.173511,-22.9006,1.01625,6.16073,0,0,3.29486,5
1774299684338,0.0440724,-0.92591,0.186166,-18.9977,0.381197,7.04063,0,0,3.27608,5
1774299684351,0.0492451,-0.919893,0.196517,-14.9643,-0.679393,8.10154,0,0,3.28587,5
1774299684365,0.0502412,-0.916179,0.205444,-10.8528,-1.81152,9.58807,0,0,3.295,5
1774299684378,0.0518877,-0.912349,0.213062,-6.64124,-2.84631,10.8114,0,0,3.27171,5
1774299684391,0.0520101,-0.909862,0.219823,-2.06821,-3.88729,11.2476,0,0,3.28567,5
1774299684405,0.0500666,-0.912106,0.226449,2.50222,-4.63866,11.2864,0,0,3.28137,4
1774299684419,0.0475888,-0.913718,0.231846,6.87495,-5.04172,11.0271,0,0,4.1878,4
1774299684432,0.0458706,-0.914502,0.235982,11.4366,-5.12759,10.4732,0,0,3.32743,4
1774299684446,0.0459466,-0.917344,0.239627,15.9757,-5.16239,9.8091,0,0,3.28654,4
1774299684459,0.043745,-0.921162,0.242419,20.479,-5.26932,9.28757,0,0,3.29023,4
1774299684473,0.0415971,-0.92603,0.244897,24.9031,-5.2221,8.9336,0,0,3.29015,4
1774299684486,0.0402904,-0.932243,0.246476,29.089,-5.16897,8.50443,0,0,3.29015,4
1774299684500,0.041283,-0.940182,0.248338,32.9008,-5.1749,7.94047,0,0,3.28167,5
1774299684513,0.0441114,-0.951019,0.248934,36.0745,-5.62068,7.09386,0,0,3.30023,5
1774299684526,0.0480759,-0.963443,0.249045,38.5123,-6.52317,5.95219,0,0,3.31149,5
1774299684540,0.0532978,-0.979957,0.249001,39.8079,-7.95651,4.1749,0,0,3.28034,5
1774299684553,0.0550989,-0.997063,0.241133,39.6427,-9.6991,1.33563,0,0,3.32126,5
1774299684567,0.0552411,-0.987902,0.226402,39.9518,-11.2896,-2.28467,0,0,3.27836,5
1774299684580,0.0551528,-0.973281,0.211035,44.0351,-12.1134,-4.22808,0,0,3.29986,5
1774299684593,0.0571611,-0.981923,0.202372,49.3988,-12.5592,-4.13564,0,0,3.28097,5
1774299684607,0.0553446,-1.00256,0.193212,52.2264,-13.0691,-3.88054,0,0,3.30076,5
1774299684620,0.0526039,-1.0115,0.18095,53.6336,-13.457,-4.73848,0,0,3.28437,5
1774299684634,0.0509867,-1.01821,0.169044,55.4033,-13.5131,-6.18372,0,0,3.28904,5
1774299684647,0.0506041,-1.02911,0.157829,56.4083,-13.3859,-7.23189,0,0,3.28173,5
1774299684660,0.0505584,-1.03774,0.146421,56.146,-13.1429,-7.64578,0,0,3.26874,5
1774299684674,0.047963,-1.03787,0.132661,55.5487,-12.7452,-7.90373,0,0,3.31893,5
1774299684687,0.0463246,-1.03225,0.119129,55.7838,-12.0093,-8.81902,0,0,3.26995,5
1774299684701,0.0436901,-1.02887,0.105303,57.0899,-10.5525,-10.2311,0,0,3.29302,5
1774299684714,0.043744,-1.02977,0.0924877,58.6991,-8.62381,-11.5557,0,0,3.2793,5
1774299684727,0.0467209,-1.0348,0.0806061,59.9397,-6.85809,-12.4066,0,0,3.29439,5
1774299684741,0.0501977,-1.04144,0.068721,60.3383,-5.3614,-12.6437,0,0,3.28273,5
1774299684754,0.0529458,-1.04727,0.0565869,59.7773,-4.05186,-12.2951,0,0,3.27139,5
1774299684767,0.0539722,-1.04946,0.0427947,58.6546,-2.92753,-11.6259,0,0,3.27473,5
1774299684781,0.0561495,-1.0474,0.0269792,57.5573,-1.85985,-10.9109,0,0,3.2716,5
1774299684794,0.0590218,-1.04891,0.0128162,56.9519,-0.986502,-10.1426,0,0,3.28387,5
1774299684808,0.0578499,-1.0569,-0.00105834,55.9029,-0.298307,-9.23967,0,0,3.28039,5
1774299684821,0.0497253,-1.07063,-0.0144649,53.3093,0.98757,-8.04785,0,0,3.34517,5
1774299684834,0.0447427,-1.0825,-0.0284063,49.0752,2.7768,-7.28128,0,0,3.31324,5
1774299684848,0.0409068,-1.09112,-0.0443218,43.8954,4.61168,-7.42479,0,0,3.27778,5
1774299684861,0.0303628,-1.10059,-0.0621464,38.0266,7.0844,-7.75165,0,0,3.28624,5
1774299684875,0.0273907,-1.09727,-0.0722622,31.4053,9.90527,-8.19848,0,0,3.28156,5
1774299684888,0.0353643,-1.07871,-0.0371781,27.4266,11.5146,-8.45967,0,0,3.34802,5
1774299684901,0.0405335,-1.07042,0.0124084,25.6908,11.5949,-8.98582,0,0,3.27752,5
1774299684915,0.0383872,-1.10292,0.03512,21.0165,10.5656,-10.2922,0,0,3.29232,5
1774299684928,0.0398367,-1.11175,0.0441222,12.4373,8.87034,-11.0187,0,0,3.32354,5
1774299684942,0.0482163,-1.09727,0.0450754,5.74203,7.29289,-9.42049,0,0,3.3018,5
1774299684955,0.0527487,-1.07945,0.0428265,3.71619,6.82601,-6.67706,0,0,3.28384,5
1774299684968,0.0543282,-1.07741,0.0543531,2.62311,6.95523,-5.00941,0,0,3.27904,5
1774299684982,0.0554437,-1.07531,0.0686214,-0.0961425,7.27332,-4.45866,0,0,3.29124,5
1774299684995,0.0566918,-1.06732,0.0753897,-2.81915,7.59668,-3.73927,0,0,3.30882,5
1774299685009,0.0589211,-1.05725,0.0785309,-4.51892,7.86037,-2.36743,0,0,3.30321,5
1774299685022,0.0594513,-1.04713,0.0863607,-5.94051,8.26342,-0.798067,0,0,3.28739,5
1774299685036,0.0574812,-1.03944,0.0929725,-7.31918,8.62417,0.355701,0,0,3.29417,5
1774299685049,0.0547753,-1.03342,0.0940635,-8.66805,8.92271,0.901811,0,0,3.28465,5
1774299685062,0.0563516,-1.02571,0.0967724,-9.01894,8.91677,1.42414,0,0,3.31678,5
1774299685076,0.0554994,-1.02308,0.0987863,-9.11165,8.60458,2.08502,0,0,3.30113,5
1774299685089,0.0544069,-1.01788,0.105132,-9.20901,8.32746,2.76835,0,0,3.28188,5
1774299685103,0.0521023,-1.0139,0.111553,-9.34287,7.98453,3.07079,0,0,3.2983,5
1774299685116,0.0520552,-1.01479,0.116391,-9.40499,7.62743,3.1683,0,0,3.2803,5
1774299685129,0.0518714,-1.01506,0.121785,-9.55055,7.32205,3.31001,0,0,3.31912,5
1774299685143,0.0503823,-1.01284,0.127723,-9.75731,7.09161,3.50329,0,0,3.29623,5
1774299685156,0.048937,-1.00869,0.136391,-9.83173,6.83341,3.65062,0,0,3.28002,5
1774299685170,0.0485586,-1.0126,0.139086,-10.1542,6.5897,3.56488,0,0,3.29036,5
1774299685183,0.0494886,-1.01352,0.137466,-10.5955,6.27145,3.433,0,0,3.2728,5
1774299685196,0.0506128,-1.01093,0.137583,-10.4923,5.79763,3.40486,0,0,3.28891,5
1774299685210,0.0492215,-1.00661,0.139082,-10.4493,5.30501,3.26654,0,0,3.27404,5
1774299685223,0.0476454,-1.00202,0.141723,-10.2447,4.7638,3.04863,0,0,3.3729,5
1774299685237,0.0484766,-1.004,0.144334,-9.79337,4.12578,2.67466,0,0,3.31208,5
1774299685250,0.047104,-0.998285,0.146328,-9.87775,3.6186,2.45013,0,0,3.27556,5
1774299685263,0.0466028,-1.00062,0.146367,-9.614,3.08935,2.33239,0,0,3.27747,5
1774299685277,0.0455897,-1.00097,0.146564,-9.72728,2.66428,2.03971,0,0,3.27845,5
1774299685290,0.0443113,-0.997735,0.149753,-9.62012,2.25878,1.66325,0,0,3.28562,5
1774299685304,0.0425443,-0.997365,0.149546,-9.96171,1.85376,1.28092,0,0,3.27377,5
1774299685317,0.0434597,-0.997341,0.147896,-9.96642,1.4372,0.915338,0,0,3.28252,5
1774299685330,0.0422425,-0.995343,0.146863,-10.1165,1.13821,0.60537,0,0,3.28101,5
1774299685344,0.0428828,-0.992547,0.148715,-10.0007,0.802468,0.311933,0,0,3.31191,5
1774299685357,0.0440503,-0.992093,0.149493,-10.1052,0.497547,0.105605,0,0,3.28888,5
1774299685371,0.0444515,-0.987837,0.151774,-10.0757,0.20716,0.0851233,0,0,3.2781,1
1774299685384,0.0441517,-0.988711,0.153198,-10.0591,-0.101622,-0.0429691,0,0,3.29593,1
1774299685397,0.043737,-0.988148,0.152851,-10.2446,-0.284323,-0.11592,0,0,3.27902,1
1774299685411,0.0437888,-0.985207,0.154163,-10.0938,-0.50088,-0.0978564,0,0,3.29699,1
1774299685424,0.0424931,-0.984006,0.155237,-10.2025,-0.666325,-0.166872,0,0,3.28126,1
1774299685437,0.0431545,-0.983724,0.1551,-10.0854,-0.879438,-0.33264,0,0,3.30075,1
1774299685451,0.0432745,-0.98182,0.155278,-10.0035,-1.14397,-0.466416,0,0,3.29938,1
1774299685464,0.0426525,-0.980063,0.154819,-9.84915,-1.39495,-0.559289,0,0,3.28862,1
1774299685478,0.0436059,-0.979643,0.15407,-9.61098,-1.64169,-0.705186,0,0,3.3396,1
1774299685491,0.0449874,-0.980683,0.153674,-9.47608,-1.87246,-0.811214,0,0,3.30308,1
1774299685505,0.0457106,-0.97842,0.154054,-9.28495,-2.17035,-0.741304,0,0,3.30936,1
1774299685518,0.0460177,-0.976834,0.154043,-9.04546,-2.41942,-0.695013,0,0,3.28552,1
1774299685531,0.0458097,-0.97522,0.152036,-8.93286,-2.65709,-0.725822,0,0,3.28399,1
1774299685545,0.0472549,-0.977767,0.147811,-8.56839,-2.96792,-0.782307,0,0,3.3103,1
1774299685558,0.046619,-0.975728,0.147924,-8.45044,-3.25703,-0.700317,0,0,3.27338,1
1774299685572,0.0459896,-0.976042,0.148533,-8.26332,-3.52907,-0.730401,0,0,3.28188,1
1774299685585,0.0461458,-0.977581,0.149084,-8.32434,-3.63641,-0.735247,0,0,3.27484,1
1774299685598,0.0478006,-0.978498,0.1499,-8.43888,-3.70605,-0.652899,0,0,3.28217,1
1774299685612,0.0485182,-0.977815,0.150989,-8.73498,-3.74266,-0.468981,0,0,3.28445,1
1774299685625,0.0497062,-0.978476,0.15045,-9.04915,-3.73226,-0.24999,0,0,3.28175,1
1774299685638,0.0500735,-0.97741,0.149956,-9.36153,-3.70874,0.00895469,0,0,3.34519,1
1774299685652,0.0503714,-0.977639,0.149228,-9.69836,-3.67884,0.199424,0,0,3.28747,1
1774299685665,0.0487237,-0.980443,0.14614,-10.1011,-3.62577,0.323544,0,0,3.2818,1
1774299685679,0.0486962,-0.982537,0.143646,-10.4821,-3.54229,0.478811,0,0,3.26891,1
1774299685692,0.0474848,-0.982713,0.141635,-10.9898,-3.40311,0.561569,0,0,3.28012,3
1774299685705,0.0475756,-0.978622,0.144099,-11.1056,-3.1998,0.756152,0,0,3.27141,3
1774299685719,0.0473208,-0.978222,0.146382,-11.4242,-2.96979,0.858465,0,0,3.2851,3
1774299685732,0.0468422,-0.974605,0.148052,-11.7614,-2.882,0.993575,0,0,3.27606,3
1774299685745,0.048285,-0.9772,0.141652,-11.9666,-2.78371,1.15408,0,0,3.2951,3
1774299685759,0.0462481,-0.975827,0.140251,-12.1235,-2.69222,1.38608,0,0,3.32038,3
1774299685772,0.0472898,-0.979243,0.131576,-12.3161,-2.68508,1.42137,0,0,3.28112,1
1774299685786,0.0450082,-0.978208,0.131556,-12.1151,-2.75498,1.47609,0,0,3.29432,1
1774299685799,0.0419401,-0.976983,0.136383,-12.0851,-3.00423,1.18562,0,0,3.28395,1
1774299685813,0.0412591,-0.984182,0.131027,-12.5603,-3.26775,0.519657,0,0,3.33658,1
1774299685826,0.043576,-0.987586,0.128831,-12.5319,-3.4163,0.212188,0,0,3.29104,1
1774299685839,0.0472223,-0.994022,0.126518,-12.5534,-3.60233,0.00460425,0,0,3.31795,1
1774299685853,0.0504849,-0.995426,0.128939,-12.8435,-3.93978,-0.0453236,0,0,3.28662,1
1774299685866,0.0552811,-1.00039,0.130454,-13.0112,-4.35208,0.0895283,0,0,3.26888,1
1774299685879,0.0570595,-1.00437,0.129009,-13.9097,-4.79863,0.340562,0,0,3.28323,1
1774299685893,0.0603831,-1.0013,0.134257,-14.4423,-5.19743,1.01298,0,0,3.27751,1
1774299685906,0.0688997,-1.01631,0.12892,-15.3749,-5.7203,1.5736,0,0,3.28941,1
1774299685920,0.0738836,-1.0158,0.134685,-16.5618,-6.3149,2.3477,0,0,3.28376,1
1774299685933,0.078863,-1.0216,0.135905,-18.0786,-7.25766,2.94779,0,0,3.27241,1
1774299685946,0.0782862,-1.02837,0.135727,-20.1141,-8.29012,3.66793,0,0,3.32851,1
1774299685960,0.0752042,-1.03677,0.134244,-22.2255,-9.04287,4.08091,0,0,3.27954,1
1774299685973,0.0671855,-1.04814,0.13479,-24.7289,-9.33977,3.65161,0,0,3.32664,3
1774299685987,0.0654324,-1.04554,0.132643,-27.3612,-9.19996,2.5583,0,0,3.31347,3
1774299686001,0.0677492,-1.04783,0.129703,-29.3726,-10.2888,1.233,0,0,4.19877,3
1774299686014,0.0637507,-1.05226,0.122654,-31.0345,-11.835,0.45605,0,0,3.26919,3
1774299686028,0.0572471,-1.06021,0.119126,-33.2407,-13.4328,-0.213952,0,0,3.28286,3
1774299686041,0.0508465,-1.06514,0.115283,-35.6623,-14.6696,-1.1324,0,0,3.63126,3
1774299686055,0.0463914,-1.06795,0.111619,-37.9596,-15.6173,-1.82506,0,0,3.25582,3
1774299686068,0.0434657,-1.07165,0.110357,-40.266,-16.3919,-1.77535,0,0,3.26415,1
1774299686082,0.0445544,-1.07326,0.111734,-42.8694,-17.0777,-1.35463,0,0,3.33249,1
1774299686096,0.0479337,-1.07094,0.113062,-45.4947,-17.794,-0.829477,0,0,3.30395,1
1774299686109,0.0535888,-1.06255,0.115409,-47.1865,-18.6791,0.14493,0,0,3.27286,1
1774299686122,0.0580678,-1.05476,0.116801,-48.0598,-19.4412,1.72623,0,0,3.26664,1
1774299686136,0.069483,-1.03746,0.129833,-47.6882,-20.7713,3.88209,0,0,3.28206,1
1774299686149,0.0735979,-1.02108,0.142786,-46.5141,-23.4988,7.80061,0,0,3.31321,1
1774299686162,0.0703686,-1.00306,0.159038,-44.3824,-26.3564,12.8712,0,0,3.28282,1
1774299686176,0.0636077,-0.987991,0.176703,-42.2072,-28.6987,16.7077,0,0,3.26991,3
1774299686189,0.0550497,-0.970632,0.191333,-39.6517,-30.0211,18.5499,0,0,3.28171,3
1774299686203,0.0484569,-0.956489,0.20527,-36.4209,-30.3398,19.366,0,0,3.3058,2
1774299686216,0.0456758,-0.946412,0.219034,-33.1726,-29.9773,19.903,0,0,3.29084,2
1774299686229,0.046529,-0.936007,0.231557,-29.713,-29.2023,19.9808,0,0,3.28566,3
1774299686243,0.0499074,-0.928076,0.243734,-25.9615,-28.2686,19.5109,0,0,3.29584,2
1774299686256,0.0538747,-0.919306,0.254728,-22.086,-27.357,18.8785,0,0,3.30923,4
1774299686270,0.0566008,-0.911378,0.265476,-17.7154,-26.5075,18.294,0,0,3.27282,4
1774299686283,0.0579478,-0.905335,0.275241,-13.0414,-25.585,17.5431,0,0,3.27527,4
1774299686296,0.058969,-0.898958,0.284259,-8.17535,-24.5507,16.3544,0,0,3.26295,4
1774299686310,0.0596253,-0.892263,0.291804,-2.9455,-23.4742,14.8089,0,0,3.32562,4
1774299686323,0.0589502,-0.888593,0.297535,2.57248,-22.2653,13.2615,0,0,3.28882,4
1774299686336,0.0598849,-0.886493,0.302022,8.25708,-20.9937,11.74,0,0,3.27982,4
1774299686350,0.0609922,-0.887336,0.304851,14.0613,-19.7772,10.2559,0,0,3.31967,4
1774299686363,0.0611969,-0.891291,0.306178,19.7729,-18.5916,8.85041,0,0,3.26358,4
1774299686377,0.0579654,-0.897305,0.30638,25.2394,-17.1266,7.59051,0,0,3.28217,4
1774299686390,0.0558042,-0.906441,0.305228,30.5021,-15.1849,6.13966,0,0,3.31554,4
1774299686403,0.0557233,-0.918337,0.298691,35.3642,-12.9681,4.14547,0,0,3.30319,4
1774299686417,0.0551762,-0.927193,0.284539,40.214,-10.596,1.4453,0,0,3.28453,4
1774299686430,0.0531689,-0.940328,0.269341,45.4516,-7.9027,-1.8022,0,0,3.26797,5
1774299686444,0.0528937,-0.958024,0.254487,50.2343,-5.18917,-5.2161,0,0,3.28947,5
1774299686457,0.0522568,-0.977338,0.239322,54.1143,-2.81583,-8.32203,0,0,3.29401,5
1774299686470,0.0510178,-0.994857,0.225034,57.079,-0.823533,-10.8311,0,0,3.28275,5
1774299686484,0.0517121,-1.01554,0.210591,59.0618,0.777834,-12.9875,0,0,3.26838,5
1774299686497,0.0570419,-1.03301,0.198359,59.8055,1.87275,-14.9202,0,0,3.34062,5
1774299686510,0.0637294,-1.04667,0.186578,59.5039,2.12224,-16.4186,0,0,3.28404,5
1774299686524,0.0634621,-1.04738,0.170784,58.8753,2.10768,-16.9608,0,0,3.27841,5
1774299686537,0.0638151,-1.0367,0.155767,60.0003,2.42706,-16.5699,0,0,3.27249,5
1774299686551,0.0645049,-1.03572,0.145026,63.1068,3.02997,-15.8139,0,0,3.29849,5
1774299686564,0.0636378,-1.04648,0.137957,65.4913,3.65002,-15.4886,0,0,3.35942,5
1774299686577,0.0561783,-1.05754,0.129778,66.0684,4.66261,-15.6753,0,0,3.27852,5
1774299686591,0.0467495,-1.06042,0.121209,66.1921,6.52916,-16.1932,0,0,3.33251,5
1774299686604,0.039484,-1.06504,0.113741,66.2396,9.16665,-17.1385,0,0,3.27608,5
1774299686618,0.0352162,-1.07154,0.106247,65.3942,12.2107,-18.4333,0,0,3.25754,5
1774299686631,0.032491,-1.07594,0.0973617,63.6906,15.4026,-19.6978,0,0,3.26964,5
1774299686644,0.0328744,-1.07167,0.084968,62.008,18.6244,-20.6101,0,0,3.27947,5
1774299686658,0.0361346,-1.06849,0.0747499,61.0356,21.54,-21.118,0,0,3.33612,5
1774299686671,0.0367431,-1.07226,0.0657688,59.7383,24.0338,-21.3713,0,0,3.28141,5
1774299686685,0.0326058,-1.07496,0.0567747,57.1441,26.5278,-21.3954,0,0,3.29503,5
1774299686698,0.0312653,-1.07126,0.0462948,54.2916,28.9886,-21.4516,0,0,3.27673,5
1774299686711,0.0323857,-1.06694,0.0367216,52.0606,31.2432,-21.7384,0,0,3.28828,5
1774299686725,0.0344287,-1.0688,0.0282718,49.5523,33.2412,-22.1868,0,0,3.30923,5
1774299686738,0.0389341,-1.07013,0.018953,46.062,34.8547,-22.6401,0,0,3.2833,5
1774299686752,0.0458584,-1.06845,0.00719103,42.246,35.7955,-22.9142,0,0,3.42377,5
1774299686765,0.0544123,-1.07037,-0.00548729,38.5164,36.0399,-22.8261,0,0,3.26221,5
1774299686778,0.0621437,-1.07574,-0.0207502,33.9795,35.5662,-22.3541,0,0,3.28495,5
1774299686792,0.0660564,-1.07984,-0.0409082,28.6351,34.6485,-21.2942,0,0,3.31216,5
1774299686805,0.0664881,-1.06356,-0.0116796,25.8133,33.4642,-18.9261,0,0,3.27284,5
1774299686818,0.0646694,-1.04929,0.0442443,24.5713,31.5507,-16.6077,0,0,3.28651,5
1774299686832,0.0584887,-1.05996,0.0885296,21.9428,28.3482,-17.0083,0,0,3.27008,5
1774299686845,0.0406095,-1.09314,0.108201,14.9053,25.7365,-19.8047,0,0,3.28321,5
1774299686859,0.0462754,-1.08559,0.109074,6.76352,23.4313,-21.9596,0,0,3.28934,5
1774299686873,0.0556759,-1.07083,0.110272,3.73067,20.7875,-21.1286,0,0,3.81374,5
1774299686886,0.0580563,-1.07322,0.116543,2.03688,18.5994,-18.5741,0,0,3.26734,5
1774299686899,0.052357,-1.07503,0.126576,-1.39282,17.2307,-17.167,0,0,3.26419,5
1774299686913,0.0509001,-1.06387,0.131311,-3.77847,16.4509,-17.4535,0,0,3.26521,5
1774299686926,0.0551336,-1.0546,0.13837,-4.57919,15.5846,-17.6332,0,0,3.2731,5
1774299686939,0.0589578,-1.05058,0.145142,-6.02395,14.6261,-16.4737,0,0,3.28917,5
1774299686953,0.0600523,-1.04223,0.147977,-7.83083,13.7718,-14.9206,0,0,3.71846,5
1774299686967,0.0629246,-1.03194,0.150645,-8.94504,13.0092,-14.0186,0,0,3.28371,5
1774299686980,0.0672089,-1.02407,0.152865,-9.3579,12.2242,-13.3213,0,0,3.26591,5
1774299686993,0.0710495,-1.01871,0.157668,-9.66453,11.4611,-11.7212,0,0,3.29484,3
1774299687007,0.0750424,-1.015,0.161258,-10.1128,10.6439,-9.72132,0,0,3.28671,3
1774299687020,0.0740882,-1.01075,0.164541,-10.4139,9.83962,-8.12055,0,0,3.26477,3
1774299687033,0.0691078,-1.00675,0.168929,-10.4682,9.19392,-7.19105,0,0,3.27673,3
1774299687047,0.0666514,-1.00406,0.173094,-10.5623,8.62212,-6.97352,0,0,3.26212,3
1774299687060,0.0652847,-1.0028,0.175005,-10.6284,7.84946,-6.77804,0,0,3.32193,3
1774299687074,0.062451,-1.00009,0.179299,-10.5768,7.13641,-6.4488,0,0,3.28673,3
1774299687087,0.0592821,-0.996789,0.183566,-10.6468,6.51046,-6.45402,0,0,3.27821,3
1774299687100,0.0583124,-0.992253,0.188969,-10.5857,5.75433,-6.72529,0,0,3.2774,3
1774299687114,0.0588372,-0.9932,0.191073,-10.5259,4.95028,-6.98134,0,0,3.2674,3
1774299687127,0.0618268,-0.996338,0.191055,-10.6655,4.20674,-7.28468,0,0,3.27288,3
1774299687140,0.0630627,-0.992088,0.195651,-10.5699,3.59183,-7.38904,0,0,3.26129,3
1774299687154,0.0640204,-0.989658,0.19917,-10.6365,2.98144,-7.43059,0,0,3.26549,3
1774299687167,0.0658544,-0.986459,0.20088,-10.9125,2.4374,-7.32294,0,0,3.29275,3
1774299687180,0.0703308,-0.991461,0.198897,-10.9191,1.87934,-7.13312,0,0,3.30699,3
1774299687194,0.0721557,-0.988193,0.199605,-11.047,1.34531,-6.78696,0,0,3.27378,3
1774299687207,0.0718723,-0.988304,0.19678,-11.0722,0.755168,-6.45636,0,0,3.27897,3
1774299687221,0.0729999,-0.992018,0.192829,-11.0745,0.254649,-6.30873,0,0,3.26978,3
1774299687234,0.0734055,-0.988524,0.193269,-11.0258,-0.095761,-6.10558,0,0,3.26975,3
1774299687247,0.0733877,-0.983079,0.198334,-10.8531,-0.362716,-5.74554,0,0,3.31914,3
1774299687261,0.0741607,-0.983434,0.198629,-11.2257,-0.592431,-5.46822,0,0,3.30167,3
1774299687274,0.0752096,-0.980646,0.198975,-11.3766,-0.773722,-4.99022,0,0,3.30406,3
1774299687288,0.078743,-0.987109,0.195313,-11.6437,-0.898171,-4.65593,0,0,3.27031,3
1774299687301,0.0803389,-0.985014,0.191533,-12.0289,-0.933856,-4.22521,0,0,3.25867,3
1774299687314,0.0796228,-0.975569,0.196738,-11.8132,-1.05831,-3.55274,0,0,3.33419,3
1774299687328,0.0780839,-0.979253,0.19076,-12.3649,-1.23916,-3.37144,0,0,3.27766,3
1774299687341,0.0795271,-0.974555,0.189593,-11.9252,-1.32423,-3.02347,0,0,3.2879,3
1774299687354,0.0764976,-0.969667,0.19153,-11.8005,-1.42294,-2.76696,0,0,3.27058,3
1774299687368,0.0759495,-0.965143,0.194268,-11.396,-1.4917,-2.57835,0,0,3.34108,3
1774299687381,0.0768774,-0.970639,0.190182,-11.3112,-1.53991,-2.44015,0,0,3.26556,3
1774299687395,0.0793023,-0.971037,0.187833,-10.9127,-1.54474,-2.16882,0,0,3.25788,3
1774299687408,0.0793042,-0.969848,0.188203,-10.5879,-1.64093,-1.94526,0,0,3.26479,3
1774299687421,0.0792312,-0.970761,0.189806,-10.2034,-1.82635,-1.7184,0,0,3.26534,3
1774299687435,0.0789586,-0.970139,0.191157,-9.97487,-1.99709,-1.5505,0,0,3.27319,3
1774299687448,0.0788902,-0.969214,0.190677,-9.81956,-2.13127,-1.43912,0,0,3.27734,3
1774299687462,0.0797749,-0.970122,0.190901,-9.52182,-2.186,-1.25349,0,0,3.30995,1
1774299687475,0.079927,-0.971397,0.190272,-9.58204,-2.13017,-1.07742,0,0,3.26469,1
1774299687488,0.0806169,-0.969551,0.191763,-9.58193,-2.04965,-0.806316,0,0,3.27123,1
1774299687502,0.0807215,-0.971128,0.189462,-9.89141,-1.97151,-0.612079,0,0,3.30979,1
1774299687515,0.0817717,-0.971868,0.186932,-9.97158,-1.96925,-0.344384,0,0,3.26458,1
1774299687529,0.0808969,-0.971411,0.186465,-10.0601,-1.98682,-0.0775752,0,0,3.28164,1
1774299687542,0.0812668,-0.970174,0.186446,-10.0542,-2.07191,0.0809232,0,0,3.27516,1
1774299687555,0.081407,-0.969919,0.187272,-10.07,-2.13467,0.193707,0,0,3.28471,1
1774299687569,0.0814343,-0.970199,0.187261,-10.2163,-2.15067,0.354973,0,0,3.3054,1
1774299687582,0.0811935,-0.969015,0.185862,-10.4864,-2.15549,0.554293,0,0,3.28386,1
1774299687595,0.0801304,-0.968501,0.184556,-10.6796,-2.11466,0.759988,0,0,3.29301,1
1774299687609,0.0794875,-0.970915,0.179998,-11.0971,-1.93609,0.783299,0,0,3.3106,1
1774299687622,0.080944,-0.970329,0.177197,-11.152,-1.76198,0.86739,0,0,3.27299,1
1774299687636,0.0790484,-0.969523,0.176473,-11.5023,-1.41223,1.05167,0,0,3.26188,5
1774299687649,0.0800223,-0.969799,0.174052,-11.7297,-1.19,1.20249,0,0,3.29343,5
1774299687663,0.0793948,-0.972358,0.170572,-11.9521,-0.966963,1.17229,0,0,3.57446,5
1774299687676,0.0806098,-0.972307,0.169102,-12.1223,-0.80268,1.18318,0,0,3.25825,5
1774299687689,0.08001,-0.972397,0.165978,-12.3175,-0.836442,1.28723,0,0,3.26251,5
1774299687703,0.0786036,-0.97196,0.163961,-12.3592,-0.882012,1.27669,0,0,3.26388,5
1774299687716,0.0777499,-0.973101,0.1623,-12.4649,-0.8274,1.16397,0,0,3.26132,5
1774299687729,0.0785778,-0.972676,0.161309,-12.4573,-0.805396,1.13079,0,0,3.26979,5
1774299687743,0.0794228,-0.977084,0.158686,-12.6641,-0.663449,1.05537,0,0,3.27208,5
1774299687756,0.0787681,-0.974211,0.160021,-12.805,-0.52347,1.03428,0,0,3.2546,5
1774299687770,0.0775335,-0.976278,0.160774,-13.0155,-0.327114,0.960426,0,0,3.30977,5
1774299687783,0.0773031,-0.9747,0.165007,-13.1538,0.05819,1.09196,0,0,3.27586,5
1774299687796,0.077969,-0.975998,0.16519,-13.4761,0.325112,1.2114,0,0,3.2586,5
1774299687810,0.0781894,-0.977198,0.160582,-13.9684,0.646427,1.43376,0,0,3.26716,5
1774299687823,0.0801511,-0.981729,0.155812,-14.2472,1.02508,1.75198,0,0,3.27027,5
1774299687836,0.0800411,-0.982464,0.149735,-14.9099,1.4206,2.0455,0,0,3.27097,5
1774299687850,0.0818685,-0.980476,0.147564,-15.0087,1.86545,2.61843,0,0,3.27336,5
1774299687863,0.0797936,-0.975265,0.147122,-15.4724,2.22282,3.00978,0,0,3.28936,5
1774299687876,0.0802972,-0.975973,0.143154,-15.8479,2.54688,3.34022,0,0,3.29149,5
1774299687890,0.0819853,-0.97932,0.135687,-16.3163,2.6909,3.6046,0,0,3.27966,5
1774299687903,0.0808769,-0.979872,0.133127,-16.5692,2.68041,4.04554,0,0,3.28167,5
1774299687917,0.0789842,-0.974122,0.13669,-16.7317,2.4547,4.46261,0,0,3.32731,5
1774299687930,0.0775479,-0.977613,0.132986,-17.0927,2.09563,4.37629,0,0,3.30371,5
1774299687943,0.0749893,-0.976147,0.133085,-17.1851,1.70747,4.29909,0,0,3.28949,5
1774299687957,0.0764611,-0.989778,0.125824,-17.576,1.18865,4.156,0,0,3.29988,5
1774299687970,0.0751352,-0.995297,0.120257,-18.0725,0.630415,4.0235,0,0,3.30117,5
1774299687984,0.0736964,-0.993463,0.121821,-18.2649,0.00800964,3.88645,0,0,3.27727,5
1774299687997,0.0749044,-1.00733,0.115692,-19.163,-0.702373,3.36743,0,0,3.2748,5
1774299688010,0.0742765,-1.00612,0.117914,-19.8466,-1.42857,3.20167,0,0,3.27055,5
1774299688024,0.0743167,-1.01411,0.115224,-21.1025,-2.34569,2.95828,0,0,3.27862,5
1774299688037,0.0716645,-1.02054,0.113612,-22.5989,-3.07776,2.7067,0,0,3.30719,1
1774299688050,0.0699185,-1.03164,0.109348,-24.4026,-3.61334,1.98496,0,0,3.30494,1
1774299688064,0.0613622,-1.04525,0.105816,-27.0446,-3.61277,1.01982,0,0,3.28144,1
1774299688077,0.0619244,-1.04579,0.10169,-29.401,-3.55185,0.183315,0,0,3.30577,1
1774299688091,0.0609353,-1.05155,0.0993674,-31.3696,-3.73413,-0.599844,0,0,3.27481,1
1774299688104,0.0604912,-1.05839,0.0973707,-33.7167,-3.88692,-1.39688,0,0,3.26547,1
1774299688117,0.060515,-1.06705,0.0944897,-36.0611,-4.09794,-2.41168,0,0,3.27514,1
1774299688131,0.0594914,-1.07556,0.0935926,-38.3489,-4.43371,-3.52885,0,0,3.27032,1
1774299688144,0.0595696,-1.08543,0.0901081,-40.0562,-4.48174,-4.49044,0,0,3.29151,1
1774299688157,0.0605092,-1.09905,0.0880359,-42.7553,-4.82639,-5.73293,0,0,3.26631,3
1774299688171,0.059251,-1.11216,0.0889264,-46.3264,-4.58007,-6.82394,0,0,3.35775,3
1774299688184,0.0630766,-1.11984,0.0907923,-50.2243,-4.38054,-7.83278,0,0,3.27923,3
1774299688198,0.0651547,-1.1244,0.0925979,-54.4109,-4.68333,-8.74649,0,0,3.26823,3
1774299688211,0.0692133,-1.12573,0.0947409,-58.5019,-4.97342,-9.22529,0,0,3.27162,3
1774299688224,0.0774826,-1.12099,0.0964059,-61.8676,-5.54868,-9.40448,0,0,3.26506,3
1774299688238,0.0922554,-1.10897,0.101436,-63.8322,-6.77848,-9.19596,0,0,3.2759,3
1774299688251,0.102453,-1.07938,0.115332,-63.7817,-8.61456,-8.04428,0,0,3.30668,3
1774299688264,0.109151,-1.05853,0.134493,-62.0795,-11.0126,-5.67392,0,0,3.27571,3
1774299688278,0.111788,-1.03555,0.152485,-59.9367,-13.9163,-2.67864,0,0,3.31749,3
1774299688291,0.111671,-1.0113,0.169572,-56.4561,-17.1504,0.367437,0,0,3.27536,3
1774299688305,0.109489,-0.992231,0.185955,-52.4942,-20.4206,3.14717,0,0,3.28586,3
1774299688318,0.106665,-0.971655,0.199892,-48.1559,-23.6456,5.60569,0,0,3.27347,3
1774299688331,0.103581,-0.952438,0.213091,-42.9956,-26.8418,7.88307,0,0,3.29123,3
1774299688345,0.0979512,-0.935417,0.223834,-37.6046,-29.7936,10.0091,0,0,3.2648,3
1774299688358,0.0917777,-0.918873,0.233701,-31.8865,-32.2411,11.7107,0,0,3.27521,3
1774299688372,0.0857034,-0.904356,0.241899,-25.9055,-34.3754,12.6295,0,0,3.76815,3
1774299688385,0.0771081,-0.891669,0.249033,-19.518,-35.9168,12.953,0,0,3.26377,3
1774299688399,0.0673085,-0.880893,0.253485,-12.608,-36.8253,12.8109,0,0,3.28055,3
1774299688412,0.0565921,-0.876034,0.256557,-5.42833,-36.9863,12.2944,0,0,3.27897,3
1774299688425,0.0455116,-0.873725,0.257188,1.73571,-36.3105,11.4079,0,0,3.28723,4
1774299688439,0.0363785,-0.872863,0.257376,9.01857,-34.8621,10.0867,0,0,3.26936,2
1774299688452,0.0271856,-0.874355,0.257736,16.5236,-32.7426,8.41107,0,0,3.26992,2
1774299688465,0.020402,-0.880586,0.257665,24.1592,-30.1485,6.63245,0,0,3.27592,2
1774299688479,0.0176093,-0.891435,0.256743,31.4624,-27.4499,4.95445,0,0,3.28862,2
1774299688492,0.0156434,-0.905974,0.254238,38.284,-24.7772,3.62406,0,0,3.28012,2
1774299688505,0.0135926,-0.922802,0.250187,44.6224,-22.2069,2.51302,0,0,3.2789,2
1774299688519,0.0134893,-0.93741,0.243538,50.5624,-19.6929,1.38809,0,0,3.29323,2
1774299688532,0.0171808,-0.947749,0.233507,56.9558,-17.2447,0.475264,0,0,3.28655,2
1774299688546,0.0246507,-0.966135,0.224288,63.5292,-15.1714,0.325716,0,0,3.26871,5
1774299688559,0.0347727,-0.986792,0.214533,68.9486,-13.9731,0.295885,0,0,3.30907,5
1774299688573,0.0400425,-1.00626,0.203111,73.5198,-13.2103,-0.039711,0,0,3.42229,5
1774299688586,0.0433522,-1.02861,0.189232,77.2369,-12.5888,-0.378748,0,0,3.30355,5
1774299688599,0.0449583,-1.05599,0.17186,79.4913,-12.0809,-1.00578,0,0,3.27238,5
1774299688613,0.0479676,-1.07611,0.152492,80.2858,-11.6734,-2.12516,0,0,3.28021,5
1774299688626,0.0470763,-1.08897,0.131388,80.3011,-11.2088,-3.78892,0,0,3.26723,5
1774299688639,0.0413447,-1.09483,0.107332,80.1467,-10.1343,-5.71861,0,0,3.30957,5
1774299688653,0.0358851,-1.10368,0.0833018,80.0246,-8.20805,-7.74087,0,0,3.28145,5
1774299688666,0.0323726,-1.11507,0.0566501,78.7862,-6.20018,-9.88906,0,0,3.26756,5
1774299688680,0.0315868,-1.11128,0.0247044,77.1479,-4.03303,-11.7814,0,0,3.30942,5
1774299688693,0.0318283,-1.11158,-0.00411452,76.8211,-1.63933,-12.2639,0,0,3.27395,5
1774299688706,0.034942,-1.12384,-0.0278828,75.9542,-0.026028,-11.8106,0,0,3.28297,5
1774299688720,0.0325277,-1.13713,-0.0504622,72.4923,1.17607,-11.3202,0,0,3.27275,5
1774299688733,0.0283826,-1.13805,-0.0741041,68.3113,2.76076,-11.1079,0,0,3.28188,5
1774299688746,0.0273656,-1.13847,-0.0953455,64.8238,4.5884,-11.2204,0,0,3.27314,5
1774299688760,0.0291904,-1.14728,-0.110618,60.5886,6.31439,-11.6684,0,0,3.27553,5
1774299688773,0.0289708,-1.15753,-0.125063,54.6728,8.04375,-12.1558,0,0,3.27299,5
1774299688786,0.027202,-1.15767,-0.139047,48.5103,10.1064,-12.4854,0,0,3.28882,5
1774299688800,0.0255106,-1.13628,-0.118563,44.4682,12.157,-12.2873,0,0,3.28392,5
1774299688813,0.0270748,-1.12503,-0.0708734,41.8129,13.7668,-11.9817,0,0,3.26736,5
1774299688827,0.0239476,-1.13151,-0.0266145,37.7779,14.286,-12.8532,0,0,3.28538,5
1774299688840,0.0211493,-1.15227,-0.00222839,30.1836,14.5157,-14.3216,0,0,3.26469,5
1774299688853,0.0267693,-1.14563,0.0057059,22.3803,13.934,-14.5074,0,0,3.27121,5
1774299688867,0.0321969,-1.13241,0.0121615,18.3096,13.2899,-12.8424,0,0,3.27142,5
1774299688880,0.0315042,-1.12615,0.0207904,15.2997,12.9439,-11.2635,0,0,3.30051,5
1774299688893,0.0304681,-1.12058,0.0277073,11.7157,12.7359,-11.0244,0,0,3.27066,5
1774299688907,0.0325203,-1.10481,0.0381975,9.96319,12.198,-11.0251,0,0,3.27325,5
1774299688920,0.0348243,-1.09937,0.0504603,8.39339,11.0303,-10.5082,0,0,3.2857,5
1774299688933,0.0337925,-1.0924,0.0595818,5.90325,9.73979,-9.86181,0,0,3.26973,5
1774299688947,0.0356138,-1.07982,0.0642044,4.10559,8.46726,-9.7972,0,0,3.26894,5
1774299688960,0.0375584,-1.07128,0.0697672,2.92686,7.43909,-9.6981,0,0,3.27281,5
1774299688974,0.041329,-1.06396,0.0762933,1.58175,6.61804,-9.08903,0,0,3.26934,5
1774299688987,0.0450202,-1.05787,0.0810178,0.517617,5.79337,-8.2859,0,0,3.30597,5
1774299689000,0.0450906,-1.0495,0.0886855,-0.00897005,5.05777,-7.56464,0,0,3.27475,5
1774299689014,0.0458733,-1.04526,0.0960605,-0.592941,4.48504,-7.23323,0,0,3.29314,5
1774299689027,0.0478924,-1.04068,0.103551,-1.24821,4.03222,-6.76799,0,0,3.26699,5
1774299689040,0.050752,-1.03716,0.109742,-1.76652,3.52858,-6.05223,0,0,3.2722,5
1774299689054,0.0509882,-1.03363,0.116078,-2.26818,3.04505,-5.31196,0,0,3.2694,3
1774299689067,0.0498047,-1.0315,0.122362,-2.81748,2.75136,-4.80119,0,0,3.26864,3
1774299689081,0.0495591,-1.02886,0.129289,-3.5004,2.53665,-4.47279,0,0,3.69421,3
1774299689094,0.0500183,-1.02576,0.1327,-4.14159,2.21281,-4.15254,0,0,3.26121,3
1774299689108,0.0499876,-1.02178,0.13846,-4.49975,1.83906,-3.8708,0,0,3.27992,3
1774299689121,0.0503212,-1.02032,0.144064,-5.07717,1.48884,-3.82837,0,0,3.2684,3
1774299689134,0.052733,-1.01907,0.145355,-5.72283,1.06363,-3.86155,0,0,3.27123,3
1774299689148,0.0548577,-1.01574,0.148607,-5.89852,0.586062,-3.61669,0,0,3.27214,3
1774299689161,0.054498,-1.01175,0.152422,-6.42574,0.176384,-3.31063,0,0,3.27183,3
1774299689174,0.0549547,-1.00974,0.15749,-6.75383,-0.135809,-3.18958,0,0,3.26975,3
1774299689188,0.0565765,-1.01026,0.159924,-7.2562,-0.443336,-3.07875,0,0,3.3024,3
1774299689201,0.0596009,-1.01287,0.157265,-7.78305,-0.760161,-2.86538,0,0,3.28833,3
1774299689214,0.0587988,-1.00474,0.162206,-8.07825,-1.00355,-2.41862,0,0,3.27321,3
1774299689228,0.0585016,-1.00472,0.163953,-8.64763,-1.23628,-2.37545,0,0,3.2717,3
1774299689241,0.0586764,-0.999411,0.163606,-9.23389,-1.46239,-2.12573,0,0,3.26666,3
1774299689255,0.0601783,-1.00456,0.159985,-9.36935,-1.81754,-1.96197,0,0,3.28901,3
1774299689268,0.058721,-0.998127,0.16138,-9.57943,-1.99819,-1.84506,0,0,3.28162,3
1774299689282,0.0576477,-0.99633,0.162127,-9.61886,-2.32286,-1.83363,0,0,3.81121,3
1774299689295,0.0588529,-1.0007,0.15792,-9.98878,-2.57236,-1.82284,0,0,3.27531,3
1774299689309,0.0603576,-0.998222,0.156331,-10.0412,-2.70254,-1.71502,0,0,3.27001,3
1774299689322,0.060398,-0.991872,0.161324,-10.068,-2.80229,-1.62353,0,0,3.27199,3
1774299689335,0.059956,-0.988565,0.162458,-10.3288,-2.98551,-1.56715,0,0,3.27233,3
1774299689349,0.0592665,-0.982232,0.166276,-10.1764,-3.17259,-1.27928,0,0,3.26986,3
1774299689362,0.0602621,-0.990622,0.16114,-10.336,-3.33975,-1.37452,0,0,3.27253,3
1774299689375,0.0629971,-0.990594,0.154061,-10.2243,-3.42217,-1.25759,0,0,3.26871,3
1774299689389,0.0637975,-0.984087,0.157637,-9.64777,-3.55563,-0.903593,0,0,3.30844,3
1774299689402,0.0620111,-0.986021,0.156135,-9.8191,-3.62852,-0.826361,0,0,3.28364,3
1774299689415,0.0656947,-0.989078,0.155531,-9.2422,-3.68918,-0.643417,0,0,3.2777,3
1774299689429,0.0640068,-0.986395,0.156833,-9.32196,-3.59314,-0.314018,0,0,3.27645,3
1774299689442,0.0645922,-0.981053,0.160854,-9.03843,-3.52219,0.0452883,0,0,3.27157,3
1774299689456,0.0642765,-0.987167,0.159041,-9.32615,-3.40041,0.315075,0,0,3.27121,3
1774299689469,0.0662915,-0.98712,0.156623,-9.3237,-3.28503,0.61169,0,0,3.26571,3
1774299689482,0.0652608,-0.98558,0.155475,-9.39975,-3.18212,0.847136,0,0,3.27244,3
1774299689496,0.0640831,-0.985015,0.155349,-9.35292,-3.15607,0.949484,0,0,3.28901,3
1774299689509,0.0632451,-0.983534,0.155933,-9.32113,-3.13104,0.892799,0,0,3.27399,3
1774299689522,0.0625292,-0.982984,0.155754,-9.32838,-3.13525,0.743381,0,0,3.27362,3
1774299689536,0.0628376,-0.984433,0.155637,-9.22047,-3.15635,0.601059,0,0,3.27884,3
1774299689549,0.0618939,-0.985701,0.154447,-9.45431,-3.25335,0.448308,0,0,3.27825,3
1774299689562,0.0610449,-0.98528,0.154857,-9.6806,-3.41255,0.346516,0,0,3.26101,3
1774299689576,0.0601263,-0.986564,0.15353,-10.0548,-3.51872,0.16394,0,0,3.27438,1
1774299689589,0.0616821,-0.987216,0.152079,-10.3274,-3.62793,-0.00582539,0,0,3.30412,1
1774299689603,0.0627963,-0.985042,0.152742,-10.5908,-3.67321,0.0724313,0,0,3.26353,1
1774299689616,0.0632104,-0.984714,0.152885,-11.0295,-3.52283,0.320998,0,0,3.26866,1
1774299689629,0.0640121,-0.983909,0.152381,-11.4968,-3.37147,0.612572,0,0,3.25988,1
1774299689643,0.0640741,-0.984655,0.152966,-12.1232,-3.10357,0.904489,0,0,3.26846,1
1774299689656,0.0629589,-0.986351,0.151423,-13.0608,-2.65373,1.22157,0,0,3.2646,1
1774299689669,0.0622555,-0.985389,0.151143,-13.7656,-2.17946,1.49816,0,0,3.27094,1
1774299689683,0.0614014,-0.987384,0.145729,-14.5928,-1.7746,1.48221,0,0,3.28314,1
1774299689696,0.0611505,-0.985875,0.140765,-14.8447,-1.50636,1.48085,0,0,3.31781,1
1774299689709,0.060003,-0.981347,0.139051,-15.1801,-1.46511,1.32457,0,0,3.27233,1
1774299689723,0.0629523,-0.97849,0.136525,-15.03,-1.62228,1.22244,0,0,3.26607,1
1774299689736,0.0651106,-0.97974,0.131644,-15.1114,-1.94877,1.11276,0,0,3.26914,1
1774299689749,0.0665552,-0.982452,0.129762,-14.9822,-2.37255,1.07432,0,0,3.27212,5
1774299689763,0.0682891,-0.989316,0.129127,-15.1541,-2.70919,1.06073,0,0,3.26571,5
1774299689776,0.0701072,-0.993765,0.128882,-15.6605,-2.95201,1.24487,0,0,3.26068,5
1774299689790,0.0714294,-0.997444,0.12962,-16.2718,-3.22317,1.70985,0,0,3.33977,5
1774299689803,0.072128,-1.0023,0.129653,-16.9322,-3.60373,2.02628,0,0,3.2662,5
1774299689816,0.0726145,-1.00776,0.131104,-17.8498,-4.06785,1.99783,0,0,3.26345,5
1774299689830,0.0737203,-1.00966,0.133507,-19.0477,-4.69947,1.85494,0,0,3.26734,5
1774299689843,0.0776605,-1.01802,0.130305,-20.4863,-5.66305,1.57662,0,0,3.27588,5
1774299689856,0.0791329,-1.02369,0.12703,-22.0108,-6.86974,1.38371,0,0,3.26673,1
1774299689870,0.0806796,-1.02825,0.12629,-23.5662,-8.1312,1.11683,0,0,3.25807,1
1774299689883,0.0777813,-1.03818,0.126223,-25.7893,-9.3506,0.296298,0,0,3.27005,1
1774299689896,0.0691694,-1.04332,0.124258,-28.8232,-9.87772,-1.10979,0,0,3.29553,1
1774299689910,0.0665501,-1.04816,0.120212,-31.5671,-9.85975,-2.54405,0,0,3.26325,1
1774299689923,0.0657538,-1.05608,0.114261,-34.4024,-9.96524,-3.80066,0,0,3.28048,1
1774299689936,0.0667112,-1.06419,0.112104,-37.0633,-9.99245,-4.57444,0,0,3.26608,3
1774299689950,0.0660572,-1.07085,0.110704,-40.1787,-10.0961,-5.47738,0,0,3.26338,3
1774299689963,0.0656134,-1.08043,0.108211,-43.395,-10.172,-6.4988,0,0,3.27166,3
1774299689977,0.0649434,-1.0929,0.105123,-46.8266,-10.1474,-7.22143,0,0,3.27138,3
1774299689990,0.0644522,-1.10339,0.104594,-50.344,-9.84368,-7.42567,0,0,3.25638,3
1774299690003,0.0655092,-1.11056,0.106404,-54.0675,-9.19005,-7.61375,0,0,3.28701,3
1774299690017,0.069563,-1.12301,0.106577,-58.4458,-8.91391,-8.26442,0,0,3.27212,3
1774299690030,0.0716671,-1.12856,0.104446,-63.1818,-8.71321,-8.71845,0,0,3.26844,3
1774299690043,0.0745013,-1.13105,0.101342,-67.638,-8.36363,-8.48889,0,0,3.2677,3
1774299690057,0.0810338,-1.13033,0.0964505,-71.9693,-8.20064,-8.20113,0,0,3.26644,3
1774299690070,0.0993136,-1.11396,0.0964498,-75.4432,-9.04362,-8.38767,0,0,3.27653,3
1774299690083,0.122399,-1.09146,0.103432,-76.3389,-10.6464,-7.74934,0,0,3.27353,3
1774299690097,0.132154,-1.0582,0.114785,-74.6684,-13.3459,-5.72566,0,0,3.29492,3
1774299690110,0.122777,-1.03913,0.130628,-71.0855,-16.4895,-1.77133,0,0,3.27446,3
1774299690123,0.109506,-1.02013,0.146781,-67.7559,-19.4923,2.60689,0,0,3.27385,3
1774299690137,0.0915422,-0.994704,0.161193,-63.7095,-22.095,6.1512,0,0,3.26994,3
1774299690150,0.0775559,-0.969311,0.17459,-58.4565,-24.103,9.17813,0,0,3.27201,3
1774299690164,0.0693169,-0.949065,0.187123,-52.6958,-25.8725,12.4361,0,0,3.26857,3
1774299690177,0.0647907,-0.928401,0.196888,-46.4339,-27.4862,15.9664,0,0,3.25894,2
1774299690190,0.0610818,-0.912581,0.205777,-39.5325,-28.8711,19.1891,0,0,3.27355,2
1774299690204,0.0577912,-0.900613,0.21338,-32.5728,-29.8298,21.4286,0,0,3.29761,2
1774299690217,0.0542496,-0.88841,0.21859,-25.5746,-30.3279,22.5538,0,0,3.28036,2
1774299690230,0.0506813,-0.877787,0.222174,-18.1745,-30.2333,22.9574,0,0,3.27129,2
1774299690244,0.0480698,-0.871056,0.223829,-10.5653,-29.6297,22.6322,0,0,3.27022,2
1774299690257,0.0432023,-0.867161,0.223254,-2.77783,-28.318,21.4368,0,0,3.27438,2
1774299690270,0.0368927,-0.866917,0.222726,5.06436,-26.2328,19.4251,0,0,3.26614,2
1774299690284,0.0316492,-0.869662,0.22172,12.8229,-23.4952,16.7533,0,0,3.27142,2
1774299690297,0.0289304,-0.877123,0.221344,20.4353,-20.4475,13.7994,0,0,3.30288,2
1774299690311,0.0289785,-0.889555,0.219672,27.4515,-17.5377,10.8442,0,0,3.27349,5
1774299690324,0.0309143,-0.901207,0.215574,34.0306,-14.8065,8.3082,0,0,3.27331,5
1774299690337,0.0356375,-0.913258,0.210631,40.4666,-12.4533,6.42531,0,0,3.27266,5
1774299690351,0.040389,-0.926479,0.205018,46.5896,-10.6497,5.19097,0,0,3.27723,5
1774299690364,0.0437476,-0.940649,0.200493,52.2797,-9.22632,4.08153,0,0,3.26116,5
1774299690377,0.0460304,-0.956131,0.196242,57.2721,-7.89182,2.64896,0,0,3.27468,5
1774299690391,0.0500712,-0.974812,0.192048,61.2749,-6.61932,0.789766,0,0,3.28044,5
1774299690404,0.0559211,-0.996478,0.187514,63.9027,-5.49057,-1.39761,0,0,3.29496,5
1774299690417,0.0599671,-1.02206,0.182111,64.8202,-4.65121,-3.98596,0,0,3.27029,5
1774299690431,0.0599391,-1.04903,0.174115,63.821,-4.00323,-7.20499,0,0,3.26072,5
1774299690444,0.0563889,-1.06672,0.162165,61.3095,-3.23231,-11.0699,0,0,3.28585,5
1774299690458,0.0524281,-1.06147,0.138749,59.2711,-1.68638,-14.7424,0,0,3.26627,5
1774299690471,0.052655,-1.04242,0.114039,60.6633,0.733698,-16.467,0,0,3.27327,5
1774299690484,0.0657911,-1.03185,0.0971789,65.8684,2.50206,-16.5864,0,0,3.27151,5
1774299690498,0.0733559,-1.04059,0.0856367,71.2885,2.81559,-16.5068,0,0,3.30585,5
1774299690511,0.0725608,-1.06348,0.0705848,73.8234,2.61098,-16.4407,0,0,3.28423,5
1774299690524,0.0679141,-1.06933,0.0496462,74.4846,2.64779,-16.362,0,0,3.26049,5
1774299690538,0.0644423,-1.07028,0.0277121,76.0529,3.34879,-15.6776,0,0,3.29462,5
1774299690551,0.0659161,-1.0776,0.00676931,78.0632,3.91798,-14.8466,0,0,3.25999,5
1774299690564,0.0679448,-1.09169,-0.0136954,78.189,4.1294,-14.5473,0,0,3.27248,5
1774299690578,0.0679736,-1.0968,-0.0396285,76.714,4.48053,-14.562,0,0,3.26427,5
1774299690591,0.0720904,-1.09253,-0.0661572,75.9854,5.092,-14.28,0,0,3.25866,5
1774299690604,0.0774899,-1.10459,-0.0882265,75.6677,5.26582,-13.5959,0,0,3.29648,5
1774299690618,0.0815856,-1.12653,-0.108498,72.6445,4.9362,-12.9784,0,0,3.26953,5
1774299690631,0.0802064,-1.14388,-0.131278,66.5906,4.76465,-12.3284,0,0,3.2759,5
1774299690645,0.0759941,-1.15231,-0.157568,59.8628,5.06131,-11.3898,0,0,3.26936,5
1774299690658,0.0696598,-1.17445,-0.181597,52.5934,5.99817,-10.4944,0,0,3.27299,5
1774299690671,0.0670939,-1.15518,-0.152622,46.8751,7.32907,-9.30929,0,0,3.27459,5
1774299690685,0.0650138,-1.13507,-0.0966201,44.0244,7.81373,-8.72417,0,0,3.26392,5
1774299690698,0.0585298,-1.14962,-0.0556448,40.8266,7.98175,-10.0914,0,0,3.26647,5
1774299690711,0.0597818,-1.17658,-0.0349111,32.9809,7.81793,-12.6233,0,0,3.29655,5
1774299690725,0.0666271,-1.16247,-0.0251739,24.1814,6.5423,-12.7292,0,0,3.2822,5
1774299690738,0.0698525,-1.14515,-0.022055,19.4967,5.98521,-9.92308,0,0,3.2611,5
1774299690751,0.0665842,-1.13542,-0.0151114,17.041,6.60948,-7.18144,0,0,3.27936,5
1774299690765,0.06474,-1.12955,-0.000410453,13.8145,7.49118,-6.60691,0,0,3.26675,5
1774299690778,0.0620689,-1.11508,0.0113521,10.4559,8.22537,-7.26396,0,0,3.26573,5
1774299690791,0.0657713,-1.10146,0.0185537,8.60029,8.43667,-7.28983,0,0,3.27072,5
1774299690805,0.0696107,-1.09113,0.0271593,7.11207,8.30642,-6.42576,0,0,3.29424,5
1774299690818,0.0712749,-1.07969,0.0365417,5.55018,8.0777,-5.59604,0,0,3.2731,5
1774299690832,0.0731867,-1.06933,0.043421,4.21164,7.48416,-5.27358,0,0,3.2614,5
1774299690845,0.0743209,-1.05999,0.0505441,3.50739,6.63146,-4.8613,0,0,3.2844,5
1774299690858,0.0749997,-1.05481,0.0577721,2.91972,5.74395,-4.31758,0,0,3.2664,5
1774299690872,0.0737591,-1.04981,0.067225,2.51702,4.97944,-3.98205,0,0,3.2727,5
1774299690885,0.0738966,-1.04675,0.0790726,2.19214,4.30791,-3.85246,0,0,3.26479,5
1774299690898,0.0743485,-1.0454,0.0894411,1.40506,3.86802,-3.67833,0,0,3.26959,5
1774299690912,0.0744282,-1.04224,0.0968898,0.720364,3.59625,-3.34483,0,0,3.32746,5
1774299690925,0.074387,-1.03919,0.104077,0.155429,3.32088,-3.13366,0,0,3.27273,5
1774299690938,0.0729383,-1.0345,0.111911,-0.483152,3.02499,-2.98443,0,0,3.28197,5
1774299690952,0.0732932,-1.03199,0.117341,-1.11075,2.74355,-2.91894,0,0,3.26923,5
1774299690965,0.0752342,-1.02716,0.124552,-1.64234,2.46463,-2.81986,0,0,3.27375,3
1774299690979,0.0780405,-1.02491,0.12912,-2.1197,2.23603,-2.54565,0,0,3.27103,3
1774299690992,0.0811085,-1.02233,0.133627,-2.59042,1.9783,-2.03505,0,0,3.26616,3
1774299691005,0.0837647,-1.01953,0.135246,-3.07626,1.69135,-1.39851,0,0,3.48387,3
1774299691019,0.0837636,-1.01445,0.137916,-3.33874,1.23294,-0.694913,0,0,3.26694,3
1774299691032,0.0829725,-1.01212,0.139379,-3.56424,0.750158,-0.526621,0,0,3.2962,3
1774299691046,0.0814793,-1.01005,0.139658,-3.55014,0.255487,-0.512068,0,0,3.26909,3
1774299691059,0.0804891,-1.00895,0.140074,-3.50687,-0.369438,-0.315068,0,0,3.2699,3
1774299691072,0.0780048,-1.00868,0.141678,-3.43476,-0.944751,-0.218181,0,0,3.27409,3
1774299691086,0.0745828,-1.00565,0.145348,-3.48188,-1.34264,-0.431596,0,0,3.26898,3
1774299691099,0.07509,-1.00676,0.145045,-3.55761,-1.85565,-0.775199,0,0,3.27086,1
1774299691112,0.0750519,-1.00476,0.147051,-3.67834,-2.12494,-0.713733,0,0,3.29062,1
1774299691126,0.0746952,-1.00171,0.151511,-3.85481,-2.40568,-0.747346,0,0,3.28251,1
1774299691139,0.0755498,-0.998428,0.154398,-4.16569,-2.60387,-0.776504,0,0,3.27288,1
1774299691152,0.0758333,-0.998006,0.156881,-4.51821,-2.80849,-0.572807,0,0,3.27051,1
1774299691166,0.0763926,-0.996395,0.16248,-5.15155,-2.92799,-0.412221,0,0,3.27299,1
1774299691179,0.0761801,-0.997236,0.169212,-6.21951,-2.8571,-0.558232,0,0,3.27033,1
1774299691192,0.0781443,-0.995894,0.171773,-7.63691,-2.67843,-0.653234,0,0,3.27448,1
1774299691206,0.0775989,-0.991921,0.172098,-8.76157,-2.49436,-0.407209,0,0,3.58365,1
1774299691220,0.0763407,-0.992445,0.171256,-9.77005,-2.12665,-0.383512,0,0,3.27377,3
1774299691233,0.0765362,-0.991707,0.170834,-10.4835,-1.70078,-0.439073,0,0,3.26814,3
1774299691246,0.0760825,-0.988387,0.172097,-11.1658,-1.28981,-0.387469,0,0,3.27172,3
1774299691260,0.0748159,-0.983748,0.17544,-11.5886,-1.01064,-0.19446,0,0,3.27105,3
1774299691273,0.0737327,-0.982227,0.1768,-12.1148,-0.829781,-0.194685,0,0,3.26566,3
1774299691286,0.0735618,-0.985791,0.173275,-12.808,-0.695886,-0.270687,0,0,3.2742,3
1774299691300,0.0764733,-0.986797,0.170245,-13.1121,-0.590912,-0.273487,0,0,3.27194,3
1774299691313,0.0783286,-0.98793,0.164274,-13.6072,-0.449007,-0.239306,0,0,3.30192,3
1774299691326,0.0811277,-0.982286,0.163346,-13.511,-0.326194,0.142357,0,0,3.27212,3
1774299691340,0.0783378,-0.976954,0.16231,-13.8994,-0.27193,0.587821,0,0,3.27814,5
1774299691353,0.0801116,-0.976883,0.159739,-13.7946,-0.331181,0.897398,0,0,3.28709,5
1774299691367,0.0801528,-0.980265,0.155379,-13.7971,-0.360133,1.0209,0,0,3.27831,5
1774299691380,0.0789537,-0.976077,0.153869,-13.4976,-0.449548,1.22055,0,0,3.28007,5
1774299691393,0.0762056,-0.971155,0.158874,-13.152,-0.612305,1.33278,0,0,3.28064,5
1774299691407,0.0742075,-0.976623,0.155118,-13.2604,-0.781348,1.11544,0,0,3.2839,5
1774299691420,0.0733965,-0.972681,0.157506,-13.0445,-0.974308,1.16334,0,0,3.2912,5
1774299691433,0.0736354,-0.982556,0.150618,-13.1803,-1.20183,0.879712,0,0,3.29953,5
1774299691447,0.0744937,-0.983073,0.143358,-13.2674,-1.35365,0.750296,0,0,3.29101,5
1774299691460,0.0747806,-0.977642,0.147659,-12.7977,-1.63183,0.829387,0,0,3.2787,5
1774299691474,0.0746706,-0.982816,0.142248,-13.2441,-1.87385,0.731482,0,0,3.28101,5
1774299691487,0.0790177,-0.98455,0.140469,-12.8878,-2.19094,0.951645,0,0,3.27538,5
1774299691500,0.0778362,-0.982642,0.140315,-13.0504,-2.52492,1.20827,0,0,3.28372,5
1774299691514,0.0780944,-0.979119,0.1424,-12.8635,-2.88041,1.44237,0,0,3.29233,5
1774299691527,0.0767505,-0.981474,0.138361,-13.1002,-3.11791,1.60125,0,0,3.31587,1
1774299691541,0.0776007,-0.982882,0.133015,-13.0411,-3.24661,1.88352,0,0,3.27966,1
1774299691554,0.0763104,-0.98109,0.130892,-13.0662,-3.27345,2.31353,0,0,3.28207,1
1774299691567,0.074895,-0.980785,0.128606,-12.973,-3.34932,2.64406,0,0,3.28429,1
1774299691581,0.0729649,-0.980835,0.126601,-12.9068,-3.3066,2.86014,0,0,3.27864,1
1774299691594,0.0721869,-0.980307,0.126136,-12.8063,-3.14211,3.06067,0,0,3.27933,1
1774299691607,0.0725214,-0.980762,0.123257,-12.7157,-2.97356,3.27136,0,0,3.28739,1
1774299691621,0.0717521,-0.980877,0.12233,-12.646,-2.8042,3.52204,0,0,3.30331,3
1774299691634,0.0695111,-0.982536,0.121827,-12.6688,-2.62293,3.67859,0,0,3.2785,3
1774299691648,0.0681154,-0.983043,0.12172,-12.7679,-2.38974,3.69362,0,0,3.27777,3
1774299691661,0.0691831,-0.986123,0.119451,-12.8105,-2.22358,3.71509,0,0,3.28283,3
1774299691674,0.0698945,-0.98926,0.118508,-12.959,-2.05047,3.89378,0,0,3.28098,3
1774299691688,0.0697419,-0.991897,0.118664,-13.1326,-1.95429,4.07658,0,0,3.28238,3
1774299691701,0.0677489,-0.997099,0.118333,-13.4634,-1.85751,4.17291,0,0,3.28051,3
1774299691714,0.0674553,-1.00016,0.117738,-14.0184,-1.88049,4.17691,0,0,3.30789,3
1774299691728,0.0674628,-1.00211,0.117234,-14.5942,-1.96213,4.19353,0,0,3.29348,5
1774299691741,0.0700325,-1.00459,0.116901,-15.2995,-2.085,4.23834,0,0,3.28514,5
1774299691755,0.072447,-1.00869,0.113251,-16.2761,-2.38596,4.19928,0,0,3.28424,5
1774299691768,0.0743182,-1.01256,0.111619,-17.1067,-2.72998,4.3354,0,0,3.28064,5
1774299691781,0.0751467,-1.01288,0.111136,-18.3142,-3.28721,4.48187,0,0,3.27901,5
1774299691795,0.0751167,-1.01747,0.109543,-19.5888,-3.91295,4.6351,0,0,3.27325,5
1774299691808,0.0727606,-1.02414,0.106301,-21.1452,-4.43508,4.64358,0,0,3.28122,1
1774299691822,0.0690981,-1.03042,0.104054,-23.0035,-4.75623,4.25166,0,0,3.29566,1
1774299691835,0.0633857,-1.04052,0.100998,-25.4701,-4.6924,3.49122,0,0,3.30062,1
1774299691848,0.0599944,-1.04012,0.0985353,-28.1456,-4.20739,2.90659,0,0,3.28235,1
1774299691862,0.0579046,-1.04471,0.0958596,-30.1957,-4.07372,2.17663,0,0,3.27609,1
1774299691875,0.0539629,-1.05264,0.0929807,-32.2833,-3.93257,1.33262,0,0,3.27975,1
1774299691888,0.0508769,-1.06038,0.0921709,-34.7958,-3.81346,0.250348,0,0,3.27511,1
1774299691902,0.0504243,-1.06833,0.0866773,-36.8934,-3.77554,-0.949771,0,0,3.27918,1
1774299691915,0.0516571,-1.07998,0.0845096,-39.0356,-3.74745,-1.85777,0,0,3.4943,1
1774299691929,0.0526438,-1.09079,0.0837606,-42.1277,-3.76633,-2.39756,0,0,3.30105,1
1774299691942,0.0533951,-1.09965,0.0857135,-45.5846,-3.71478,-2.60177,0,0,3.27927,3
1774299691955,0.0539108,-1.10811,0.0869085,-49.2282,-3.58519,-2.83734,0,0,3.28009,3
1774299691969,0.0532934,-1.1196,0.0863322,-53.3114,-3.54852,-3.26652,0,0,3.28401,3
1774299691982,0.0544221,-1.12532,0.0869662,-57.3326,-3.3225,-3.60568,0,0,3.27892,3
1774299691996,0.0625161,-1.12987,0.0857147,-61.4524,-3.75571,-4.06926,0,0,3.29512,3
1774299692009,0.065601,-1.12409,0.0874755,-64.1986,-4.15264,-3.62134,0,0,3.27474,3
1774299692022,0.0736225,-1.10515,0.102826,-65.4451,-4.69815,-3.02471,0,0,3.30803,3
1774299692036,0.0773321,-1.08166,0.121562,-64.9157,-5.66266,-2.14511,0,0,3.28487,3
1774299692049,0.0781676,-1.05831,0.140567,-63.2771,-6.73364,-0.449921,0,0,3.28483,3
1774299692063,0.0762012,-1.03467,0.158934,-60.7031,-8.0918,1.55825,0,0,3.28398,3
1774299692076,0.0712138,-1.00949,0.176455,-57.2035,-9.63968,3.32874,0,0,3.2825,3
1774299692089,0.0621631,-0.98686,0.190423,-53.1025,-10.9847,4.9023,0,0,3.28916,3
1774299692103,0.056754,-0.963208,0.202841,-48.1229,-12.0941,6.48179,0,0,3.27981,3
1774299692116,0.0541438,-0.942844,0.213423,-42.5333,-13.3875,8.12127,0,0,3.60215,3
1774299692130,0.0508151,-0.925677,0.222593,-36.5281,-14.7728,9.82079,0,0,3.27266,3
1774299692143,0.048422,-0.910595,0.229493,-30.1506,-16.0937,11.3325,0,0,3.29303,3
1774299692157,0.0475535,-0.897112,0.23434,-23.45,-17.3327,12.4691,0,0,3.28916,3
1774299692170,0.0415341,-0.889035,0.237064,-16.4646,-18.1666,13.3313,0,0,3.28031,2
1774299692183,0.0348384,-0.882079,0.237918,-9.44925,-18.3675,13.7422,0,0,3.28274,4
1774299692197,0.0260973,-0.875683,0.237838,-2.0691,-17.6198,13.5151,0,0,3.27933,4
1774299692210,0.0219024,-0.873988,0.238103,5.63443,-16.1588,12.7741,0,0,3.28572,4
1774299692224,0.0199195,-0.876616,0.237224,13.1538,-14.438,11.6603,0,0,3.30265,4
1774299692237,0.0182049,-0.882652,0.235306,20.5151,-12.484,10.4877,0,0,3.30603,4
1774299692250,0.017665,-0.889471,0.232607,27.8317,-10.4371,9.34447,0,0,3.28759,4
1774299692264,0.0190492,-0.899782,0.229588,35.2137,-8.37097,8.36558,0,0,3.28339,4
1774299692277,0.0229033,-0.914404,0.225601,42.0874,-6.54536,7.64242,0,0,3.28466,4
1774299692291,0.0254678,-0.928878,0.220294,48.3443,-4.90479,7.00564,0,0,3.27879,5
1774299692304,0.0287208,-0.945292,0.215187,53.9432,-3.37722,5.95027,0,0,3.28252,5
1774299692317,0.0333691,-0.963699,0.209908,58.5806,-1.9332,4.35336,0,0,3.27907,5
1774299692331,0.0414122,-0.980512,0.203013,62.248,-0.737168,2.3429,0,0,3.33216,5
1774299692344,0.0480466,-0.999462,0.194402,65.1231,0.448295,0.537698,0,0,3.28494,5
1774299692358,0.0577113,-1.01773,0.18369,67.3808,1.37586,-0.899483,0,0,3.28029,5
1774299692371,0.0657362,-1.03638,0.170511,68.6774,1.80994,-2.16956,0,0,3.28196,5
1774299692384,0.0721076,-1.05616,0.155356,68.9867,1.9238,-3.08792,0,0,3.27885,5
1774299692398,0.0790972,-1.07083,0.137629,68.3289,1.61464,-3.97962,0,0,3.28218,5
1774299692411,0.0837952,-1.07912,0.118274,67.168,0.929747,-5.23534,0,0,3.27618,5
1774299692424,0.0834085,-1.08659,0.0972467,65.9627,0.22718,-6.7482,0,0,3.31235,5
1774299692438,0.0746145,-1.08747,0.0739036,64.75,-0.204757,-8.45709,0,0,3.27174,5
1774299692451,0.057621,-1.07275,0.0436911,64.5474,0.844223,-9.59654,0,0,3.27916,5
1774299692465,0.0475952,-1.0599,0.0231385,66.9843,3.58479,-9.54296,0,0,3.27401,5
1774299692478,0.0528381,-1.0633,0.00984818,70.6158,5.67622,-9.23032,0,0,3.27968,5
1774299692491,0.0566666,-1.08412,-0.00132346,71.6868,6.68692,-9.5227,0,0,3.28763,5
1774299692505,0.0554376,-1.09394,-0.0166937,69.3267,7.45338,-9.70705,0,0,3.2785,5
1774299692518,0.0549777,-1.08658,-0.0331641,67.3237,8.60974,-8.95874,0,0,3.28785,5
1774299692531,0.0554028,-1.08322,-0.0470244,67.0114,9.85068,-7.76128,0,0,3.32198,5
1774299692545,0.0553501,-1.09477,-0.0555807,65.2029,10.7017,-7.39015,0,0,3.29383,5
1774299692558,0.0523423,-1.09867,-0.0669873,61.1298,11.6844,-8.02639,0,0,3.28326,5
1774299692572,0.0503842,-1.09739,-0.0807778,57.5056,12.9726,-8.8329,0,0,3.28172,5
1774299692585,0.051843,-1.10609,-0.0946592,54.0971,14.2171,-9.25761,0,0,3.30511,5
1774299692599,0.0498,-1.14274,-0.117254,47.5096,15.2549,-9.51806,0,0,3.31109,5
1774299692612,0.0550425,-1.14491,-0.10902,39.2641,15.8653,-9.70052,0,0,3.32222,5
1774299692625,0.0510018,-1.12785,-0.073417,34.7975,15.5029,-8.88022,0,0,3.30753,5
1774299692639,0.0541418,-1.12829,-0.0362859,31.0528,14.2595,-8.96187,0,0,3.33929,5
1774299692652,0.0493825,-1.14952,-0.0181391,24.8822,12.8747,-9.98823,0,0,3.30413,5
1774299692666,0.0521342,-1.13973,-0.00617783,18.1517,11.6469,-10.0651,0,0,3.27657,5
1774299692679,0.0571145,-1.12752,0.00114976,14.1799,10.7632,-8.71695,0,0,3.28603,5
1774299692693,0.0578946,-1.11873,0.0141893,11.468,10.7872,-7.03721,0,0,3.27413,5
1774299692706,0.0563984,-1.11432,0.0244059,7.55681,11.0471,-6.34745,0,0,3.28324,5
1774299692719,0.0561207,-1.10007,0.0334709,4.21312,10.9678,-6.00554,0,0,3.27405,5
1774299692733,0.0566986,-1.08828,0.038819,2.16429,10.4352,-5.32441,0,0,3.32289,5
1774299692746,0.0548276,-1.0785,0.0460579,0.160151,9.77023,-4.27943,0,0,3.28774,5
1774299692760,0.0497927,-1.06524,0.0537276,-1.61981,9.30397,-3.39453,0,0,3.31631,5
1774299692773,0.0453516,-1.05709,0.0568979,-2.9,8.89599,-3.11207,0,0,3.29663,5
1774299692786,0.0436245,-1.05178,0.0609439,-4.0022,8.55628,-3.03427,0,0,3.2769,5
1774299692800,0.0445247,-1.04843,0.0683469,-4.58569,8.67537,-2.63071,0,0,3.30074,5
1774299692813,0.0454496,-1.04589,0.0744013,-5.56208,9.06953,-2.11148,0,0,3.28022,5
1774299692827,0.0458963,-1.03908,0.084483,-6.40362,9.72246,-1.47665,0,0,3.70919,5
1774299692840,0.0463982,-1.04409,0.0879311,-7.15857,10.4685,-0.963068,0,0,3.27831,5
1774299692854,0.045266,-1.03438,0.0955954,-8.00262,11.1273,-0.141737,0,0,3.27829,5
1774299692867,0.0422614,-1.0333,0.0987818,-8.44308,11.3082,0.262714,0,0,3.3212,5
1774299692881,0.0395697,-1.02976,0.100398,-8.64473,11.3577,0.179468,0,0,3.28011,5
1774299692894,0.040391,-1.02409,0.103375,-8.06734,10.8893,-0.409935,0,0,3.28828,5
1774299692907,0.0397777,-1.02444,0.107075,-7.64223,10.1316,-0.859658,0,0,3.28876,5
1774299692921,0.0387108,-1.02351,0.109332,-7.22854,9.08118,-1.13472,0,0,3.30159,5
1774299692934,0.0365374,-1.02346,0.110146,-6.94811,8.1085,-1.71549,0,0,3.29985,5
1774299692948,0.0367439,-1.02047,0.113123,-6.5892,7.22463,-2.24185,0,0,3.319,5
1774299692961,0.0388633,-1.01935,0.115479,-6.44054,6.42374,-2.46849,0,0,3.3009,5
1774299692974,0.0413383,-1.0204,0.115126,-6.43296,5.65493,-2.49874,0,0,3.27983,5
1774299692988,0.0432888,-1.0186,0.117245,-6.18259,4.95664,-2.46305,0,0,3.29094,5
1774299693001,0.0429972,-1.02073,0.11894,-6.2096,4.30138,-2.41139,0,0,3.28013,5
1774299693014,0.044779,-1.01825,0.11928,-6.1015,3.55699,-2.28298,0,0,3.29822,5
1774299693028,0.045554,-1.01645,0.121238,-5.86202,2.83893,-2.23242,0,0,3.5266,5
1774299693041,0.0452274,-1.01258,0.122417,-5.79354,2.20098,-2.22495,0,0,3.27989,5
1774299693055,0.0450539,-1.01184,0.123833,-5.58418,1.59024,-2.11342,0,0,3.27757,5
1774299693068,0.0448559,-1.01,0.125645,-5.50816,1.06215,-1.94092,0,0,3.30674,5
1774299693082,0.044389,-1.00734,0.127379,-5.37989,0.577385,-1.737,0,0,3.29311,1
1774299693095,0.0444977,-1.00618,0.128727,-5.31277,0.087695,-1.55607,0,0,3.27868,1
1774299693109,0.0436728,-1.00514,0.130411,-5.29265,-0.363394,-1.41654,0,0,3.28367,1
1774299693122,0.0425209,-1.00182,0.132523,-5.32591,-0.76092,-1.31953,0,0,3.27335,1
1774299693135,0.0418358,-0.9999,0.134767,-5.27337,-1.10232,-1.21768,0,0,3.29746,1
1774299693149,0.0403159,-1.00061,0.135536,-5.44687,-1.38604,-1.13054,0,0,3.28676,1
1774299693162,0.0409978,-1.00398,0.136239,-5.45477,-1.64613,-1.16732,0,0,3.30426,1
1774299693176,0.0395145,-0.998967,0.13815,-5.77866,-1.71308,-1.14638,0,0,3.293,1
1774299693189,0.0388434,-0.996952,0.138696,-5.92424,-1.80154,-1.01999,0,0,3.27802,1
1774299693202,0.0385967,-0.996615,0.138385,-6.23893,-1.74716,-0.836457,0,0,3.28705,1
1774299693216,0.0396207,-0.995418,0.138675,-6.40879,-1.68084,-0.634106,0,0,3.27716,1
1774299693229,0.0396177,-0.993216,0.140768,-6.67018,-1.69275,-0.393436,0,0,3.27652,3
1774299693242,0.0392411,-0.992936,0.140324,-6.98798,-1.73096,-0.251904,0,0,3.33309,3
1774299693256,0.0389877,-0.989305,0.140946,-7.09142,-1.81885,-0.0279625,0,0,3.29087,3
1774299693269,0.0388415,-0.990243,0.140504,-7.20918,-1.99172,0.0318394,0,0,3.29144,3
1774299693283,0.0383493,-0.989079,0.140189,-7.17432,-2.12578,0.0591701,0,0,3.27822,3
1774299693296,0.0377826,-0.98426,0.143668,-7.17653,-2.23904,0.046431,0,0,3.28791,3
1774299693309,0.0366535,-0.985301,0.141624,-7.38715,-2.31941,-0.0743529,0,0,3.3268,3
1774299693323,0.0357552,-0.982154,0.143811,-7.22156,-2.42695,-0.0945889,0,0,3.31746,3
1774299693336,0.034341,-0.986543,0.141996,-7.34658,-2.46637,-0.293528,0,0,3.30763,3
1774299693350,0.0351881,-0.992021,0.136886,-7.3888,-2.4719,-0.51385,0,0,3.28415,3
1774299693363,0.0348664,-0.990929,0.138427,-7.24068,-2.48653,-0.537694,0,0,3.28879,1
1774299693376,0.0333843,-0.991262,0.134967,-7.54361,-2.4434,-0.797416,0,0,3.27987,1
1774299693390,0.0327998,-0.983593,0.14161,-7.323,-2.37914,-0.897842,0,0,3.28918,1
1774299693403,0.0314722,-0.985357,0.141738,-7.89578,-2.30777,-1.21101,0,0,3.27433,1
1774299693417,0.0338754,-0.988176,0.140611,-8.08275,-2.17832,-1.41241,0,0,3.28661,1
1774299693430,0.0341023,-0.991842,0.138177,-8.56153,-2.01803,-1.56783,0,0,3.28196,1
1774299693443,0.0337106,-0.985612,0.138861,-8.8319,-1.91168,-1.53341,0,0,3.28956,1
1774299693457,0.0333788,-0.979365,0.141105,-8.88972,-1.89137,-1.64822,0,0,3.28274,1
1774299693470,0.0345135,-0.986556,0.137091,-9.23845,-1.80626,-2.00279,0,0,3.27798,1
1774299693483,0.0371255,-0.982457,0.13952,-9.43275,-1.83297,-2.00435,0,0,3.28878,1
1774299693497,0.0396552,-0.992801,0.131657,-9.9634,-1.94553,-2.06705,0,0,3.27957,1
1774299693510,0.0389246,-0.992742,0.125579,-10.4831,-1.97471,-2.03545,0,0,3.28161,1
1774299693524,0.037959,-0.987486,0.131212,-10.605,-2.10244,-1.91443,0,0,3.28326,1
1774299693537,0.0383489,-0.990329,0.127524,-11.4262,-2.14166,-2.19498,0,0,3.58262,1
1774299693551,0.0414658,-0.991756,0.126111,-11.6365,-2.10031,-2.25341,0,0,3.28902,5
1774299693564,0.0433145,-0.992116,0.127674,-12.0915,-2.10282,-2.13129,0,0,3.27881,5
1774299693577,0.0447942,-0.991041,0.13186,-12.5124,-2.06622,-1.79894,0,0,3.28729,5
1774299693591,0.0456539,-0.99707,0.128624,-13.2989,-2.19096,-1.62695,0,0,3.27779,5
1774299693604,0.0461237,-1.00112,0.126309,-13.9981,-2.29715,-1.49458,0,0,3.29202,5
1774299693618,0.0451743,-1.00097,0.125568,-14.7407,-2.59563,-1.60429,0,0,3.27567,5
1774299693631,0.0463804,-1.00443,0.125714,-15.5756,-2.91033,-1.72368,0,0,3.27415,5
1774299693644,0.0490713,-1.00702,0.125801,-16.6412,-3.4142,-1.77258,0,0,3.3002,1
1774299693658,0.0524025,-1.01057,0.123246,-18.0063,-4.10604,-1.69713,0,0,3.28163,1
1774299693671,0.056581,-1.01297,0.123269,-19.1796,-5.08834,-1.46791,0,0,3.29098,1
1774299693684,0.0592208,-1.01718,0.121989,-20.8227,-6.2806,-1.23785,0,0,3.27524,1
1774299693698,0.058147,-1.02272,0.119964,-22.5698,-7.3563,-1.12431,0,0,3.30322,1
1774299693711,0.0566932,-1.03223,0.117515,-24.4514,-8.15244,-1.46289,0,0,3.27613,1
1774299693725,0.049847,-1.04739,0.115162,-27.3519,-8.52883,-2.29715,0,0,3.27139,1
1774299693738,0.0487774,-1.04782,0.113756,-30.3599,-8.76036,-3.2439,0,0,3.34707,1
1774299693751,0.0465802,-1.05286,0.112262,-32.6814,-9.23967,-4.27328,0,0,3.27804,1
1774299693765,0.0438705,-1.06281,0.111314,-35.149,-9.57134,-5.22094,0,0,3.28413,1
1774299693778,0.0433079,-1.07159,0.110567,-37.8707,-9.96406,-6.38349,0,0,3.27342,3
1774299693792,0.0436774,-1.08359,0.108059,-40.838,-10.3317,-7.65896,0,0,3.28561,3
1774299693805,0.0447889,-1.09469,0.106878,-44.2735,-10.6493,-8.60297,0,0,3.2755,3
1774299693818,0.0458303,-1.1057,0.107051,-47.8489,-10.9216,-9.11637,0,0,3.2742,3
1774299693832,0.0438901,-1.11886,0.105669,-51.646,-10.8305,-9.73671,0,0,3.28133,3
1774299693845,0.0436149,-1.12652,0.109418,-55.6201,-10.6075,-11.0617,0,0,3.29165,3
1774299693858,0.0446971,-1.13523,0.110078,-60.1173,-10.7935,-12.6871,0,0,3.27953,3
1774299693872,0.04649,-1.13508,0.109727,-64.5698,-11.2688,-13.0802,0,0,3.27679,3
1774299693885,0.0518239,-1.12853,0.109114,-67.9128,-11.6203,-12.266,0,0,3.28889,3
1774299693898,0.0656262,-1.11222,0.113001,-69.7431,-12.265,-11.5158,0,0,3.27459,3
1774299693912,0.0765614,-1.08116,0.131089,-69.0779,-13.032,-10.2028,0,0,3.28013,3
1774299693925,0.083495,-1.05627,0.148611,-66.7442,-14.3259,-7.37094,0,0,3.28233,3
1774299693939,0.0850539,-1.03143,0.167309,-63.5784,-16.058,-3.37614,0,0,3.31343,3
1774299693952,0.0829038,-1.00679,0.183695,-59.551,-18.3541,0.493071,0,0,3.30622,3
1774299693965,0.0767478,-0.984488,0.1982,-54.9471,-20.4534,3.66696,0,0,3.28929,3
1774299693979,0.0732953,-0.961592,0.210395,-49.7853,-22.1788,6.32541,0,0,3.30752,3
1774299693992,0.0715633,-0.939601,0.221074,-44.093,-24.0035,8.69815,0,0,3.28839,3
1774299694006,0.0681774,-0.92169,0.231372,-37.9746,-25.7324,10.8359,0,0,3.28441,3
1774299694019,0.0651745,-0.906312,0.238422,-31.9086,-27.306,12.3151,0,0,3.28828,3
1774299694032,0.0610751,-0.891896,0.243626,-25.6434,-28.5884,13.2916,0,0,3.28615,3
1774299694046,0.0559698,-0.878537,0.246201,-18.9772,-29.5517,14.1595,0,0,3.31074,2
1774299694059,0.0504151,-0.867897,0.248289,-11.8145,-29.9584,14.7586,0,0,3.28002,4
1774299694073,0.0425943,-0.861738,0.24973,-4.31883,-29.7877,14.6107,0,0,3.29852,4
1774299694086,0.0333218,-0.8592,0.249347,3.227,-28.8028,13.6704,0,0,3.28117,4
1774299694099,0.0270919,-0.858631,0.248286,10.9349,-27.1534,12.2078,0,0,3.30144,4
1774299694113,0.0223624,-0.862828,0.246941,18.6562,-25.1032,10.6499,0,0,3.27828,4
1774299694126,0.0191423,-0.873674,0.244555,26.0428,-22.9111,9.09214,0,0,3.28313,4
1774299694139,0.0160417,-0.888637,0.239839,32.9055,-20.5058,7.56776,0,0,3.288,4
1774299694153,0.0154042,-0.902316,0.231667,39.5691,-17.9362,6.21624,0,0,3.29022,5
1774299694166,0.0195778,-0.917435,0.222764,46.5235,-15.6584,5.21029,0,0,3.29074,5
1774299694180,0.0253627,-0.938545,0.214175,53.1404,-13.8427,4.69153,0,0,3.28168,5
1774299694193,0.0326242,-0.960291,0.205289,58.5911,-12.5152,4.22883,0,0,3.29946,5
1774299694206,0.0385431,-0.979111,0.194667,63.2457,-11.6736,3.6358,0,0,3.27496,5
1774299694220,0.0443527,-0.993007,0.184595,67.6701,-11.0492,2.92703,0,0,3.28144,5
1774299694233,0.0516486,-1.00669,0.175177,71.8086,-10.5086,2.04307,0,0,3.28455,5
1774299694247,0.0576644,-1.01784,0.165049,75.8045,-10.2223,0.731684,0,0,3.2977,5
1774299694260,0.0652857,-1.02911,0.152642,79.9243,-10.1563,-0.0878005,0,0,3.30011,5
1774299694273,0.0746983,-1.04832,0.13955,83.7762,-11.0164,-0.00109194,0,0,3.2812,5
1774299694287,0.0799517,-1.06992,0.124105,86.0762,-12.6203,0.682783,0,0,3.2977,5
1774299694300,0.0805338,-1.08658,0.106794,87.0614,-14.4558,1.46104,0,0,3.28052,5
1774299694313,0.0792647,-1.09632,0.0887136,87.6352,-16.4076,2.11984,0,0,3.27959,5
1774299694327,0.0777201,-1.10283,0.0714131,88.0277,-18.2722,2.54002,0,0,3.2813,5
1774299694340,0.0761683,-1.11172,0.0564387,87.6378,-20.0771,2.62534,0,0,3.2775,5
1774299694354,0.0721753,-1.11825,0.0418415,86.091,-21.7689,2.21646,0,0,3.30118,5
1774299694367,0.0623138,-1.11961,0.0273062,84.0807,-23.1054,1.44386,0,0,3.28146,5
1774299694380,0.0470113,-1.12035,0.0137909,81.877,-23.6056,0.69918,0,0,3.28722,5
1774299694394,0.0307551,-1.12274,0.00226534,79.182,-23.0753,0.0943276,0,0,3.27954,5
1774299694407,0.0166939,-1.12508,-0.00877754,75.8778,-21.7784,-0.573796,0,0,3.29346,5
1774299694420,0.00594892,-1.12605,-0.019188,72.0836,-19.8824,-1.48961,0,0,3.28069,5
1774299694434,-0.00198792,-1.12651,-0.0286094,68.0822,-17.4573,-2.43114,0,0,3.27361,5
1774299694447,-0.00659882,-1.12902,-0.0362734,63.5217,-14.818,-3.304,0,0,3.31215,1
1774299694461,-0.00997241,-1.13106,-0.0435809,58.3915,-12.0938,-4.23324,0,0,3.28002,1
1774299694474,-0.0139992,-1.13425,-0.0505262,52.9551,-9.20303,-5.21869,0,0,3.29133,1
1774299694487,-0.0193767,-1.13473,-0.0573598,47.2062,-6.17293,-5.99857,0,0,3.31504,1
1774299694501,-0.0179421,-1.11575,-0.048584,42.9021,-3.42069,-6.54844,0,0,3.30467,1
1774299694514,-0.0158442,-1.10754,-0.0166281,39.4298,-1.37306,-7.24003,0,0,3.28313,1
1774299694528,-0.0153328,-1.10404,0.0338427,35.3658,0.762252,-8.46017,0,0,3.28061,1
1774299694541,-0.00417756,-1.10766,0.0805261,28.6043,1.99806,-10.5021,0,0,3.29533,5
1774299694554,0.0058172,-1.10309,0.102661,20.3531,1.86757,-11.5825,0,0,3.30011,5
1774299694568,0.0128444,-1.09823,0.111037,14.0771,0.76771,-11.1113,0,0,3.29817,5
1774299694581,0.0128166,-1.09839,0.11862,9.27921,-0.287157,-10.2697,0,0,3.27804,5
1774299694595,0.00604211,-1.09737,0.124141,3.71425,-0.487284,-10.3291,0,0,3.29693,5
1774299694608,0.00999524,-1.08582,0.121082,-0.916396,0.0530163,-11.3181,0,0,3.28076,5
1774299694621,0.0182064,-1.07289,0.123208,-2.42787,0.218748,-11.6942,0,0,3.30656,5
1774299694635,0.0253858,-1.07006,0.134657,-3.75138,0.036916,-10.6538,0,0,3.29331,5
1774299694648,0.0276389,-1.06661,0.140737,-6.6012,0.0768076,-9.44301,0,0,3.28128,5
1774299694662,0.0305301,-1.05274,0.141671,-8.44293,0.342257,-8.88164,0,0,3.30498,5
1774299694675,0.0335297,-1.04224,0.14296,-8.98972,0.649337,-8.37403,0,0,3.2782,5
1774299694688,0.0355547,-1.03613,0.144609,-9.79571,0.991431,-7.46799,0,0,3.3018,5
1774299694702,0.0391354,-1.02474,0.146698,-10.151,1.24069,-6.47532,0,0,3.27644,5
1774299694715,0.041684,-1.01736,0.151632,-9.65355,1.31625,-5.82393,0,0,3.2873,5
1774299694728,0.0454985,-1.01801,0.155411,-9.5518,1.11953,-5.22407,0,0,3.3188,5
1774299694742,0.0485802,-1.01655,0.159665,-9.57395,0.877749,-4.40523,0,0,3.28837,5
1774299694755,0.0504168,-1.01479,0.162153,-9.48866,0.599435,-3.72951,0,0,3.30468,5
1774299694769,0.0519275,-1.00998,0.171056,-9.23045,0.501155,-3.20217,0,0,3.28044,5
1774299694782,0.0524112,-1.01063,0.176878,-9.4556,0.434935,-2.85899,0,0,3.28755,5
1774299694795,0.0540482,-1.00981,0.182212,-9.67668,0.431092,-2.37149,0,0,3.28228,5
1774299694809,0.0527523,-1.0073,0.186596,-9.96543,0.445447,-2.02095,0,0,3.28791,5
1774299694822,0.0512994,-1.00366,0.189775,-10.3206,0.60244,-2.16321,0,0,3.29146,5
1774299694836,0.0531773,-1.00184,0.190487,-10.4739,0.623884,-2.4585,0,0,3.32874,5
1774299694849,0.0568521,-0.999289,0.190292,-10.2148,0.382931,-2.55053,0,0,3.3142,5
1774299694862,0.0582095,-0.996864,0.190971,-10.2019,0.155494,-2.58859,0,0,3.30202,5
1774299694876,0.0592833,-0.988107,0.195645,-9.71402,-0.147392,-2.63436,0,0,3.29778,5
1774299694889,0.0607159,-0.990101,0.197125,-9.52068,-0.486812,-2.76406,0,0,3.27315,5
1774299694903,0.064424,-0.99299,0.192903,-9.4555,-0.842304,-2.75802,0,0,3.28289,5
1774299694916,0.0671479,-0.988129,0.195229,-8.94439,-1.18385,-2.52796,0,0,3.27533,5
1774299694929,0.0677027,-0.99263,0.189734,-9.08753,-1.50538,-2.52789,0,0,3.28018,3
1774299694943,0.0696853,-0.987091,0.189872,-8.48016,-1.85127,-2.26877,0,0,3.28893,3
1774299694956,0.0689653,-0.987303,0.190782,-8.34918,-2.17262,-2.0259,0,0,3.2965,3
1774299694970,0.0702414,-0.985616,0.191279,-8.24524,-2.36846,-1.74955,0,0,3.32787,3
1774299694983,0.072113,-0.990014,0.18868,-8.18652,-2.55118,-1.4416,0,0,3.28457,3
1774299694996,0.0732941,-0.98365,0.190742,-8.19233,-2.61661,-0.895301,0,0,3.31228,3
1774299695010,0.0730463,-0.985112,0.189629,-8.31599,-2.69249,-0.408332,0,0,3.28463,3
1774299695023,0.0741012,-0.984034,0.189717,-8.38776,-2.78639,0.117692,0,0,3.28013,3
1774299695037,0.0745441,-0.98344,0.190079,-8.40369,-2.87544,0.497314,0,0,3.28654,3
1774299695050,0.0742309,-0.983769,0.189443,-8.54633,-2.99376,0.769577,0,0,3.31456,3
1774299695063,0.0743051,-0.98197,0.190276,-8.53666,-3.13413,0.937506,0,0,3.31039,3
1774299695077,0.0728493,-0.981253,0.189514,-8.64786,-3.24949,0.950003,0,0,3.27898,3
1774299695090,0.0721725,-0.980087,0.188583,-8.68431,-3.32798,1.00376,0,0,3.29387,3
1774299695104,0.0723047,-0.983072,0.189165,-8.69174,-3.32671,1.08448,0,0,3.30548,3
1774299695117,0.0732959,-0.978911,0.190854,-8.93169,-3.20134,1.24416,0,0,3.28695,3
1774299695130,0.0742545,-0.978029,0.192117,-9.04856,-3.13995,1.39703,0,0,3.29011,3
1774299695144,0.0743063,-0.979876,0.191691,-9.40552,-3.09356,1.64837,0,0,3.28089,3
1774299695157,0.0746868,-0.97734,0.191166,-9.64311,-2.99583,1.84579,0,0,3.33234,3
1774299695171,0.0743461,-0.975843,0.190344,-9.76718,-2.9511,1.95121,0,0,3.26943,3
1774299695184,0.0738814,-0.975522,0.186856,-9.9164,-2.89989,2.0687,0,0,3.29441,3
1774299695197,0.0742485,-0.972856,0.185699,-9.74211,-2.90851,2.20144,0,0,3.27698,3
1774299695211,0.0739162,-0.972826,0.184475,-9.66237,-2.87639,2.31517,0,0,3.31632,3
1774299695224,0.0731287,-0.967031,0.186305,-9.53144,-2.90687,2.6212,0,0,3.31222,3
1774299695238,0.0726105,-0.97284,0.181841,-9.44725,-2.93821,2.76406,0,0,3.28387,3
1774299695251,0.0724139,-0.971754,0.180156,-9.28429,-2.87874,3.0038,0,0,3.28948,3
1774299695264,0.0718095,-0.972049,0.180531,-9.08294,-2.85728,3.11106,0,0,3.29872,3
1774299695278,0.0708578,-0.973773,0.180697,-9.24828,-2.82246,3.14508,0,0,3.29698,3
1774299695291,0.0698837,-0.975347,0.178421,-9.54393,-2.84612,3.23928,0,0,3.278,1
1774299695304,0.0687707,-0.973329,0.178978,-9.81229,-2.88259,3.31663,0,0,3.28311,1
1774299695318,0.0657846,-0.973759,0.176959,-10.2943,-2.84507,3.10705,0,0,3.28328,1
1774299695331,0.0662815,-0.974159,0.176502,-10.6143,-2.72916,2.79831,0,0,3.27524,1
1774299695345,0.0663724,-0.973538,0.177068,-11.0693,-2.5932,2.70515,0,0,3.28835,1
1774299695358,0.0667369,-0.976382,0.17524,-11.6781,-2.36767,2.70542,0,0,3.57331,1
1774299695372,0.0677901,-0.979294,0.170854,-12.2181,-2.05203,2.64829,0,0,3.29526,1
1774299695385,0.0674307,-0.976901,0.166873,-12.7998,-1.78749,2.65089,0,0,3.2837,1
1774299695398,0.0672471,-0.975445,0.16596,-12.9806,-1.63712,2.67219,0,0,3.30269,1
1774299695412,0.0658757,-0.974533,0.16513,-13.3191,-1.4755,2.55827,0,0,3.33037,1
1774299695425,0.064276,-0.968642,0.167528,-13.5384,-1.48394,2.43189,0,0,3.28752,5
1774299695439,0.0634616,-0.97343,0.165412,-13.7938,-1.51631,2.12978,0,0,3.30645,5
1774299695452,0.0627469,-0.972841,0.163709,-14.1976,-1.51133,1.90583,0,0,3.29256,5
1774299695466,0.0650957,-0.979367,0.155322,-14.3955,-1.71815,1.65378,0,0,3.318,5
1774299695479,0.0634981,-0.97759,0.155149,-14.5013,-1.80418,1.76397,0,0,3.28117,5
1774299695493,0.0629099,-0.97526,0.159404,-14.6547,-1.89481,1.80033,0,0,3.29721,5
1774299695506,0.0639704,-0.979705,0.158241,-15.3267,-1.89429,1.74003,0,0,3.27717,5
1774299695519,0.0670771,-0.985611,0.154769,-15.9176,-1.88651,1.89505,0,0,3.27467,5
1774299695533,0.0711691,-0.992038,0.153681,-16.3299,-1.93484,2.20153,0,0,3.28098,5
1774299695546,0.0693058,-0.995098,0.151209,-17.2979,-2.03441,2.6167,0,0,3.27546,5
1774299695559,0.0708446,-0.998206,0.152391,-17.8383,-2.24786,2.95334,0,0,3.28044,5
1774299695573,0.0697216,-0.999939,0.151577,-19.1007,-2.63217,3.09469,0,0,3.30058,5
1774299695586,0.0711568,-1.00052,0.152636,-20.1783,-3.17048,3.24053,0,0,3.31893,5
1774299695600,0.0764477,-1.01239,0.148192,-21.327,-3.93208,3.26258,0,0,3.28013,5
1774299695613,0.0765637,-1.00925,0.15037,-22.8381,-4.93613,3.63921,0,0,3.28387,1
1774299695626,0.075276,-1.01886,0.146228,-24.5505,-5.91298,4.0461,0,0,3.31811,1
1774299695640,0.0696992,-1.02597,0.141702,-26.8087,-6.4531,4.07049,0,0,3.28078,1
1774299695653,0.0542018,-1.04288,0.134661,-29.8506,-5.98536,3.61394,0,0,3.29148,1
1774299695667,0.0496533,-1.03983,0.130694,-32.6054,-5.21459,2.63321,0,0,3.29722,1
1774299695680,0.0457522,-1.04725,0.128577,-34.2957,-4.75467,1.2579,0,0,3.29989,1
1774299695693,0.0458333,-1.05716,0.12699,-36.3117,-4.24562,0.00854526,0,0,3.27772,1
1774299695707,0.0507262,-1.06045,0.125269,-38.5842,-4.37914,-1.22896,0,0,3.27589,1
1774299695720,0.0552876,-1.06453,0.119171,-40.4877,-4.77193,-2.26946,0,0,3.28676,1
1774299695734,0.0632584,-1.06441,0.115284,-42.4497,-5.22875,-2.80456,0,0,3.27946,1
1774299695747,0.0688626,-1.06668,0.110295,-44.4836,-5.90059,-2.69307,0,0,3.28496,1
1774299695760,0.0685096,-1.06867,0.104009,-46.6073,-6.35062,-2.27696,0,0,3.27317,1
1774299695774,0.0667627,-1.07116,0.0990122,-48.9526,-6.65595,-2.03406,0,0,3.30585,1
1774299695787,0.0653805,-1.07303,0.0922158,-51.4332,-6.82297,-1.84117,0,0,3.28176,1
1774299695800,0.065105,-1.0714,0.0863358,-53.6406,-6.88771,-1.42789,0,0,3.29467,1
1774299695814,0.0657599,-1.06938,0.0797414,-55.5619,-7.31363,-0.700808,0,0,3.28787,1
1774299695827,0.061464,-1.06802,0.072293,-57.0586,-6.81176,0.892819,0,0,3.28056,1
1774299695841,0.0636767,-1.05997,0.067594,-57.9977,-6.14236,2.19067,0,0,3.28074,1
1774299695854,0.0674049,-1.04999,0.0658871,-57.69,-5.65695,3.43713,0,0,3.27556,1
1774299695867,0.0712049,-1.03732,0.0735438,-56.1651,-4.9487,5.45078,0,0,3.38337,1
1774299695881,0.0719346,-1.03259,0.0840046,-54.5634,-4.61288,7.8182,0,0,3.31863,1
1774299695894,0.0727178,-1.02321,0.0954814,-52.9608,-4.98314,9.83488,0,0,3.32171,1
1774299695908,0.0728689,-1.01284,0.106873,-50.9214,-5.78437,11.4828,0,0,3.28193,1
1774299695921,0.0764513,-1.0033,0.118577,-48.748,-7.03435,13.1141,0,0,3.2762,1
1774299695934,0.0798023,-0.989983,0.127763,-46.2881,-8.78113,15.0953,0,0,3.28874,3
1774299695948,0.0801133,-0.976413,0.137561,-43.0194,-10.799,17.3581,0,0,3.28369,3
1774299695961,0.0756381,-0.965753,0.146749,-39.4952,-12.6725,19.5136,0,0,3.28663,3
1774299695975,0.072373,-0.955858,0.155503,-35.7838,-14.4083,21.0884,0,0,3.2965,3
1774299695988,0.0702756,-0.947027,0.162881,-31.8746,-16.126,22.3123,0,0,3.32717,3
1774299696001,0.06764,-0.937898,0.169585,-27.7235,-17.7148,23.5948,0,0,3.28509,4
1774299696015,0.0650984,-0.928538,0.175066,-23.145,-18.8278,24.768,0,0,3.29615,4
1774299696028,0.0637249,-0.920378,0.178984,-18.2255,-19.4784,25.2015,0,0,3.28061,4
1774299696042,0.0665861,-0.91298,0.180819,-12.8961,-19.7226,24.6434,0,0,3.281,4
1774299696055,0.0746179,-0.910924,0.18236,-7.2807,-20.0662,23.2329,0,0,3.28383,4
1774299696068,0.0793624,-0.9112,0.182521,-1.7876,-20.6842,21.3251,0,0,3.31226,4
1774299696082,0.0798955,-0.9114,0.182258,3.69283,-21.2342,19.1702,0,0,3.29015,4
1774299696095,0.0773944,-0.912189,0.181793,9.1446,-21.6877,16.6583,0,0,3.28519,4
1774299696109,0.0722801,-0.91304,0.18105,14.5569,-21.9262,13.9761,0,0,3.28174,4
1774299696122,0.0673147,-0.914099,0.179698,20.054,-22.0669,11.2165,0,0,3.28595,4
1774299696135,0.0626732,-0.915912,0.177659,25.6302,-22.0816,8.44294,0,0,3.27671,5
1774299696149,0.059217,-0.919205,0.175185,31.3339,-21.9991,5.70853,0,0,3.28613,5
1774299696162,0.0540435,-0.927127,0.171463,37.0687,-21.8964,3.3266,0,0,3.31771,5
1774299696175,0.0476976,-0.93862,0.166858,42.4433,-21.5352,1.26969,0,0,3.31797,5
1774299696189,0.0410633,-0.950893,0.160586,47.3926,-20.9113,-0.763909,0,0,3.27191,5
1774299696202,0.0351889,-0.964614,0.152827,51.864,-19.9524,-2.91252,0,0,3.28491,5
1774299696216,0.0325823,-0.979326,0.145118,55.6752,-18.6166,-5.25532,0,0,3.27482,5
1774299696229,0.0320756,-0.993961,0.136241,58.7464,-17.2414,-7.82125,0,0,3.26617,5
1774299696242,0.0302031,-1.00525,0.123866,61.3482,-15.5288,-10.087,0,0,3.28134,5
1774299696256,0.0319785,-1.01644,0.11152,64.1131,-13.9285,-11.9708,0,0,3.31243,5
1774299696270,0.0298433,-1.02742,0.0966602,66.5864,-12.3059,-13.2801,0,0,3.83417,5
1774299696283,0.0285275,-1.03886,0.0819269,68.9402,-10.7918,-14.4997,0,0,3.27511,5
1774299696297,0.0264258,-1.0516,0.0660122,70.8246,-9.15921,-15.7413,0,0,3.32408,5
1774299696310,0.0246509,-1.06332,0.0497258,71.9327,-7.31165,-16.9337,0,0,3.28072,5
1774299696323,0.0241494,-1.07278,0.0337673,72.3634,-5.47009,-18.0734,0,0,3.28043,5
1774299696337,0.0220576,-1.08161,0.016318,72.0887,-3.36959,-19.4108,0,0,3.28645,5
1774299696350,0.0199399,-1.08862,-0.00379555,71.3134,-0.917615,-21.1476,0,0,3.28871,5
1774299696363,0.0182671,-1.09897,-0.0249406,70.0909,1.47475,-22.9484,0,0,3.31635,5
1774299696377,0.0148844,-1.10505,-0.0485242,68.0031,3.62973,-24.4243,0,0,3.30608,5
1774299696390,0.0108062,-1.10876,-0.0694642,65.9207,6.01495,-25.113,0,0,3.32171,5
1774299696404,0.0106326,-1.11602,-0.0862533,63.5273,8.1559,-25.0403,0,0,3.28152,5
1774299696417,0.0106801,-1.12266,-0.100269,59.8384,9.82264,-24.8548,0,0,3.27719,5
1774299696430,0.00908124,-1.12218,-0.112785,55.7891,11.4952,-24.7336,0,0,3.28435,5
1774299696444,0.00744557,-1.12219,-0.12263,51.672,13.2513,-24.7318,0,0,3.27998,5
1774299696457,0.00545436,-1.12778,-0.130357,46.8202,15.2445,-24.9224,0,0,3.32861,5
1774299696471,-0.00268507,-1.13096,-0.136433,40.9131,17.5953,-25.3597,0,0,3.29246,5
1774299696484,-0.0167572,-1.1193,-0.139755,35.1139,21.1081,-25.5146,0,0,3.31486,5
1774299696497,-0.0189712,-1.10358,-0.133205,30.9053,24.8975,-26.5203,0,0,3.27309,5
1774299696511,-0.0220813,-1.09132,-0.122308,26.9007,28.6032,-28.6962,0,0,3.26952,5
1774299696524,-0.0159587,-1.06724,-0.0942712,23.4803,31.9259,-30.6846,0,0,3.27804,5
1774299696537,0.00025272,-1.05535,-0.0302725,22.6146,34.1378,-31.089,0,0,3.26808,5
1774299696551,0.0204103,-1.06598,0.0162574,19.9712,33.9344,-31.5259,0,0,3.28172,5
1774299696564,0.0387148,-1.10164,0.0239278,13.517,31.0529,-30.5749,0,0,3.26952,5
1774299696578,0.0463212,-1.09213,0.0222514,9.49046,28.4029,-24.4624,0,0,3.29685,5
1774299696591,0.0423203,-1.0934,0.0333005,8.89304,27.0786,-18.4984,0,0,3.27413,5
1774299696604,0.0307535,-1.09906,0.0499201,6.06701,27.5863,-17.0502,0,0,3.28689,5
1774299696618,0.0289175,-1.08485,0.0578907,2.62963,27.8125,-18.0831,0,0,3.2846,5
1774299696631,0.0346248,-1.06667,0.0618612,1.93662,26.6027,-17.2499,0,0,3.29928,5
1774299696645,0.035577,-1.06628,0.0673344,0.782355,25.3331,-14.5002,0,0,3.28837,5
1774299696658,0.0351208,-1.05575,0.0703901,-0.919895,24.5476,-13.1953,0,0,3.26743,5
1774299696671,0.0375247,-1.04357,0.0747108,-1.35643,23.8313,-13.4169,0,0,3.28598,5
1774299696685,0.0433041,-1.03949,0.0809994,-1.92391,22.7305,-12.7593,0,0,3.29896,5
1774299696698,0.0465031,-1.03608,0.0878777,-2.58458,21.3621,-11.0134,0,0,3.29958,5
1774299696711,0.0449072,-1.03233,0.096281,-3.04207,20.1926,-9.91651,0,0,3.28765,5
1774299696725,0.0472995,-1.02992,0.102139,-3.44863,19.1323,-9.92076,0,0,3.27854,5
1774299696738,0.0527581,-1.02837,0.10773,-3.63242,17.8634,-9.62548,0,0,3.28139,5
1774299696752,0.0542092,-1.0245,0.115596,-3.85771,16.5116,-8.57602,0,0,3.31591,5
1774299696765,0.052415,-1.02385,0.11906,-4.26776,15.1975,-7.79267,0,0,3.29515,5
1774299696778,0.0516496,-1.02289,0.121071,-4.47882,14.1896,-7.52084,0,0,3.31158,5
1774299696792,0.053811,-1.0212,0.123699,-4.6515,13.3842,-7.33063,0,0,3.29419,5
1774299696805,0.0556965,-1.01739,0.129051,-4.96264,12.7213,-6.88732,0,0,3.27572,5
1774299696819,0.0558018,-1.01256,0.133326,-5.6357,12.1336,-6.50185,0,0,3.26898,5
1774299696832,0.0587853,-1.01372,0.134105,-6.12886,11.5463,-6.22664,0,0,3.28661,5
1774299696845,0.0614462,-1.01422,0.131731,-6.79516,10.9723,-5.87737,0,0,3.27726,5
1774299696859,0.0645992,-1.00861,0.133017,-6.8499,10.2854,-5.41881,0,0,3.28485,5
1774299696872,0.0640697,-1.00532,0.13414,-7.26338,9.53372,-5.07889,0,0,3.28037,5
1774299696885,0.0669051,-1.00496,0.134242,-7.12658,8.69751,-4.8745,0,0,3.34689,5
1774299696899,0.0674492,-1.00696,0.137543,-7.26763,7.93132,-4.64903,0,0,3.27439,3
1774299696912,0.0678734,-1.00039,0.140219,-7.56263,7.04583,-4.2431,0,0,3.27937,3
1774299696926,0.0672647,-0.999198,0.142318,-7.56575,6.18518,-4.00638,0,0,3.28343,3
1774299696939,0.0683909,-1.00364,0.140066,-7.74511,5.32998,-4.0801,0,0,3.27571,3
1774299696952,0.0686458,-1.00402,0.137966,-7.80009,4.52403,-4.11543,0,0,3.28141,3
1774299696966,0.0686439,-1.00466,0.140623,-7.58308,3.75859,-4.20658,0,0,3.27895,3
1774299696979,0.067393,-1.00109,0.141478,-7.92589,3.14055,-4.3273,0,0,3.6421,3
1774299696993,0.0671363,-0.994781,0.14507,-7.87866,2.51522,-4.22673,0,0,3.27513,3
1774299697006,0.0706704,-1.00312,0.141128,-8.16293,1.84747,-4.44909,0,0,3.27773,1
1774299697020,0.0706975,-0.992343,0.146968,-8.18719,1.36061,-4.38236,0,0,3.28773,1
1774299697033,0.0712679,-0.992165,0.147919,-8.40492,0.665993,-4.47396,0,0,3.27452,1
1774299697046,0.0740448,-0.990052,0.147749,-8.43401,0.0253213,-4.35831,0,0,3.28147,1
1774299697060,0.0753763,-0.992548,0.144491,-8.29406,-0.592259,-4.34977,0,0,3.278,3
1774299697073,0.0752617,-0.985314,0.147898,-8.08402,-1.04589,-4.18628,0,0,3.28885,3
1774299697087,0.0756431,-0.986928,0.146192,-8.00652,-1.52074,-4.0234,0,0,3.28986,3
1774299697100,0.0768621,-0.98356,0.146611,-7.78607,-1.86191,-3.69195,0,0,3.33202,3
1774299697113,0.0772056,-0.9843,0.145538,-7.62936,-2.14584,-3.46388,0,0,3.29978,3
1774299697127,0.0791676,-0.985371,0.142675,-7.58892,-2.40056,-3.21777,0,0,3.28034,3
1774299697140,0.0808303,-0.982178,0.144678,-7.3024,-2.64871,-2.75297,0,0,3.29084,3
1774299697154,0.0819826,-0.984046,0.144063,-7.27645,-2.91034,-2.43455,0,0,3.28041,3
1774299697167,0.083693,-0.983036,0.143848,-7.20742,-3.21424,-2.06334,0,0,3.28587,3
1774299697180,0.08472,-0.984589,0.142512,-7.13926,-3.67794,-1.77676,0,0,3.27545,3
1774299697194,0.0840045,-0.983138,0.143433,-7.20981,-4.13832,-1.47242,0,0,3.32815,3
1774299697207,0.0843987,-0.982616,0.144933,-7.25285,-4.56132,-1.19458,0,0,3.28997,3
1774299697221,0.085192,-0.98486,0.145332,-7.38253,-4.95973,-0.975994,0,0,3.29676,3
1774299697234,0.0853741,-0.983814,0.148158,-7.72418,-5.22276,-0.660483,0,0,3.28369,3
1774299697247,0.0843844,-0.986038,0.147434,-8.23806,-5.38667,-0.308718,0,0,3.28019,3
1774299697261,0.0828081,-0.987631,0.145043,-8.87555,-5.42707,-0.0434812,0,0,3.27508,3
1774299697274,0.0814182,-0.987649,0.144241,-9.47685,-5.30592,0.152926,0,0,3.27848,3
1774299697287,0.0809005,-0.989267,0.141862,-10.1874,-5.09607,0.253536,0,0,3.33934,3
1774299697301,0.0795299,-0.983341,0.145812,-10.7772,-4.83035,0.519348,0,0,3.27497,3
1774299697314,0.0778349,-0.986888,0.143503,-11.5412,-4.68486,0.566434,0,0,3.28037,3
1774299697328,0.0777942,-0.989618,0.140954,-12.2555,-4.52998,0.450737,0,0,3.27391,3
1774299697341,0.0792928,-0.988727,0.140843,-12.9498,-4.49811,0.286721,0,0,3.27621,3
1774299697354,0.0803841,-0.990299,0.139691,-13.7101,-4.67185,0.205126,0,0,3.27176,3
1774299697368,0.080627,-0.990531,0.136732,-14.3776,-5.11972,-0.0149068,0,0,3.27026,3
1774299697381,0.0783715,-0.990304,0.135877,-14.7859,-5.79297,-0.526181,0,0,3.28017,3
1774299697394,0.0771222,-0.992287,0.134665,-15.4008,-6.57574,-1.31964,0,0,3.28958,3
1774299697408,0.0795577,-0.996041,0.134178,-15.7898,-7.35229,-2.14866,0,0,3.27565,3
1774299697421,0.0853246,-1.00097,0.13446,-16.2567,-8.14523,-2.84169,0,0,3.27978,3
1774299697435,0.0922166,-1.00344,0.136886,-17.0126,-8.87485,-3.13489,0,0,3.27637,3
1774299697448,0.0992023,-1.01219,0.136537,-17.9184,-9.63762,-3.18256,0,0,3.285,3
1774299697461,0.10221,-1.01947,0.137207,-19.3805,-10.4514,-3.18945,0,0,3.27615,1
1774299697475,0.103644,-1.02398,0.137965,-21.0659,-11.1917,-3.39505,0,0,3.2823,1
1774299697488,0.104749,-1.03118,0.139374,-23.1753,-11.7474,-4.0657,0,0,3.29526,1
1774299697501,0.104407,-1.03514,0.138062,-26.087,-11.9812,-5.08067,0,0,3.27682,1
1774299697515,0.108265,-1.0383,0.1348,-28.5185,-12.2349,-5.9338,0,0,3.28339,1
1774299697528,0.111911,-1.04414,0.128606,-31.0363,-12.9055,-6.46119,0,0,3.27754,3
1774299697542,0.113317,-1.04771,0.128501,-33.2129,-13.4165,-6.5535,0,0,3.27439,3
1774299697555,0.112792,-1.0519,0.123981,-35.8154,-13.9267,-6.99645,0,0,3.30402,3
1774299697568,0.111916,-1.05585,0.119883,-38.3448,-14.2579,-7.70873,0,0,3.31588,3
1774299697582,0.112724,-1.06018,0.114758,-40.8937,-14.598,-8.45983,0,0,3.30761,3
1774299697595,0.111968,-1.06345,0.109504,-43.5797,-15.1065,-8.96371,0,0,3.29611,3
1774299697609,0.108887,-1.06744,0.103509,-46.0679,-15.4889,-9.1276,0,0,3.30099,3
1774299697622,0.105267,-1.07485,0.09721,-48.4123,-15.3412,-9.21635,0,0,3.31669,3
1774299697635,0.104721,-1.07874,0.0873961,-51.0358,-14.9786,-9.67651,0,0,3.27656,3
1774299697649,0.106622,-1.07698,0.0865209,-53.4594,-14.7045,-10.0402,0,0,3.26299,3
1774299697662,0.114878,-1.07501,0.0831215,-56.0627,-15.4165,-10.2079,0,0,3.26684,3
1774299697676,0.116987,-1.07048,0.0772442,-58.6266,-16.0833,-9.44437,0,0,3.25863,3
1774299697689,0.120284,-1.06112,0.0715599,-60.022,-16.196,-8.10877,0,0,3.37734,3
1774299697702,0.123245,-1.04674,0.0664018,-59.8714,-16.1208,-6.92387,0,0,3.26184,3
1774299697716,0.125318,-1.03533,0.0665942,-58.3106,-15.5,-5.88337,0,0,3.32606,3
1774299697729,0.134646,-1.01923,0.0841281,-55.5069,-15.1011,-4.60278,0,0,3.29774,3
1774299697743,0.146407,-1.0118,0.0971049,-53.1766,-16.1642,-2.64042,0,0,3.31547,3
1774299697756,0.154493,-0.995931,0.110422,-50.3064,-18.34,0.400516,0,0,3.31078,3
1774299697770,0.163218,-0.980681,0.123338,-46.8671,-21.3958,4.06816,0,0,3.28017,3
1774299697783,0.172042,-0.966855,0.136789,-43.107,-25.4212,8.06274,0,0,3.7983,3
1774299697797,0.177608,-0.953208,0.148979,-38.981,-30.3496,12.4691,0,0,3.27912,3
1774299697810,0.175745,-0.94289,0.160166,-34.7687,-35.4579,17.0604,0,0,3.28165,3
1774299697824,0.170942,-0.931689,0.171077,-30.4009,-40.2926,21.2331,0,0,3.29536,3
1774299697837,0.163263,-0.920562,0.179547,-25.5557,-44.7259,24.1771,0,0,3.29074,3
1774299697850,0.154276,-0.913338,0.18629,-20.3534,-48.335,26.3278,0,0,3.29332,3
1774299697864,0.147487,-0.908394,0.191596,-15.1812,-51.3392,27.7922,0,0,3.28326,3
1774299697877,0.140364,-0.903901,0.195719,-10.1154,-53.796,28.441,0,0,3.28628,4
1774299697891,0.131866,-0.899616,0.198787,-5.0118,-55.5771,28.1405,0,0,3.27943,4
1774299697904,0.12075,-0.896126,0.200269,0.232428,-56.5895,27.0322,0,0,3.79767,4
1774299697918,0.10775,-0.895224,0.200074,5.67106,-56.7483,25.3198,0,0,3.28021,4
1774299697931,0.0929802,-0.897051,0.198766,11.0714,-55.9737,23.1224,0,0,3.27682,4
1774299697945,0.0791126,-0.899023,0.196607,16.3859,-54.1686,20.4136,0,0,3.28706,4
1774299697958,0.0676024,-0.902126,0.194405,21.7037,-51.5913,17.272,0,0,3.27791,4
1774299697971,0.0588591,-0.9071,0.192181,26.85,-48.4371,13.9794,0,0,3.29441,4
1774299697985,0.0523026,-0.912198,0.189446,31.8344,-44.9319,10.6968,0,0,3.29937,5
1774299697999,0.0488194,-0.915398,0.186061,36.9451,-41.2948,7.49252,0,0,4.00797,5
1774299698012,0.0444423,-0.922749,0.18322,42.1772,-37.7179,4.65043,0,0,3.28895,5
1774299698026,0.0387191,-0.933206,0.180439,46.888,-34.11,2.321,0,0,3.37619,5
1774299698040,0.035104,-0.942213,0.177556,51.1886,-30.5131,0.0485974,0,0,3.53761,5
1774299698053,0.0338677,-0.953431,0.174414,55.1627,-27.2613,-2.32243,0,0,3.34717,5
1774299698067,0.032835,-0.966625,0.17032,58.4793,-24.1911,-4.58315,0,0,3.3131,5
1774299698080,0.0326056,-0.978463,0.165039,61.2814,-21.2242,-6.71021,0,0,3.36606,5
1774299698094,0.0308593,-0.987914,0.156188,63.7825,-18.2798,-8.72181,0,0,3.32986,5
1774299698107,0.0312821,-0.989724,0.146058,66.9714,-15.057,-10.514,0,0,3.29413,5
1774299698121,0.0361814,-0.999483,0.137696,70.8618,-12.1302,-11.8755,0,0,3.80319,5
1774299698135,0.0408024,-1.01764,0.128706,73.4751,-9.66422,-12.857,0,0,3.30751,5
1774299698148,0.0442176,-1.03325,0.116105,74.7831,-7.58195,-13.9449,0,0,3.3091,5
1774299698161,0.0455831,-1.04497,0.10192,75.6097,-5.69269,-15.3606,0,0,3.3141,5
1774299698175,0.0466005,-1.05647,0.0879924,75.8662,-3.84003,-16.8326,0,0,3.32167,5
1774299698188,0.0466445,-1.07071,0.0742041,75.2336,-2.09516,-18.0405,0,0,3.34527,5
1774299698202,0.0434408,-1.0803,0.0559366,73.5835,-0.606581,-18.8954,0,0,3.28289,5
1774299698215,0.039331,-1.08549,0.0373256,72.1853,1.20014,-19.1985,0,0,3.27047,5
1774299698229,0.0389989,-1.09214,0.0188237,70.9631,2.98301,-18.9694,0,0,3.26404,5
1774299698242,0.0439878,-1.10125,0.00282866,69.0726,4.30149,-18.4102,0,0,3.2351,5
1774299698255,0.049666,-1.10843,-0.010449,66.1779,5.00222,-17.5894,0,0,3.23795,5
1774299698269,0.0516367,-1.11232,-0.0235303,62.4932,5.38961,-16.6936,0,0,3.23882,5
1774299698282,0.0511615,-1.11187,-0.033349,58.5977,5.90984,-15.9114,0,0,3.24036,5
1774299698295,0.0498102,-1.11205,-0.0413076,54.3277,6.39275,-15.5237,0,0,3.23643,5
1774299698309,0.0457528,-1.11287,-0.0474874,49.637,7.20354,-15.165,0,0,3.24365,5
1774299698322,0.044243,-1.11338,-0.0517848,44.639,8.23005,-14.7828,0,0,3.23723,5
1774299698335,0.0417423,-1.11279,-0.0561077,39.4118,9.21268,-14.4546,0,0,3.25069,5
1774299698349,0.0362653,-1.11097,-0.0596971,34.0244,10.5667,-13.9778,0,0,3.25423,5
1774299698362,0.0314229,-1.10336,-0.0608447,28.5885,12.0973,-13.3958,0,0,3.23869,5
1774299698375,0.0322268,-1.08482,-0.051799,24.9159,13.2694,-12.7742,0,0,3.24315,5
1774299698389,0.0328674,-1.0729,-0.0211759,21.9057,13.667,-11.6817,0,0,3.23934,5
1774299698402,0.033544,-1.06844,0.0191586,18.2458,14.0167,-10.993,0,0,3.25252,5
1774299698415,0.0328138,-1.07476,0.0480559,13.4102,13.6831,-12.2459,0,0,3.23865,5
1774299698429,0.0300762,-1.08839,0.0612756,7.68372,13.1129,-13.252,0,0,3.26013,5
1774299698442,0.0387437,-1.08497,0.0620979,2.69296,12.8206,-11.8339,0,0,3.25399,5
1774299698456,0.0445446,-1.07782,0.0650623,0.333752,13.0422,-8.89213,0,0,3.23847,5
1774299698469,0.0452017,-1.07892,0.0748477,-1.73427,13.7793,-6.67546,0,0,3.24652,5
1774299698482,0.0413778,-1.07515,0.0835646,-4.32557,14.5949,-5.83258,0,0,3.23782,5
1774299698496,0.0399846,-1.06688,0.0895727,-5.88989,15.1478,-5.42064,0,0,3.24561,5
1774299698509,0.0403287,-1.06194,0.0955849,-7.33391,15.4028,-4.6186,0,0,3.23758,5
1774299698522,0.0396754,-1.05455,0.0981632,-8.8498,15.6817,-3.81274,0,0,3.24299,5
1774299698536,0.0419761,-1.04555,0.0988885,-9.56688,15.7744,-3.461,0,0,3.25523,5
1774299698549,0.0435036,-1.03889,0.101675,-10.0784,15.5953,-2.86822,0,0,3.2435,5
1774299698562,0.0429037,-1.0319,0.103869,-10.5275,15.2296,-2.02909,0,0,3.25021,5
1774299698576,0.0417641,-1.02609,0.106341,-10.5634,14.8737,-1.49008,0,0,3.23719,5
1774299698589,0.0416673,-1.02175,0.110809,-10.5288,14.4873,-1.2044,0,0,3.2366,5
1774299698602,0.0442867,-1.01738,0.116384,-10.5129,13.938,-0.8294,0,0,3.24013,5
1774299698616,0.0443358,-1.01792,0.122366,-10.6429,13.3069,-0.166717,0,0,3.26223,5
1774299698629,0.0446177,-1.01538,0.125823,-10.77,12.6376,0.385147,0,0,3.56429,5
1774299698643,0.0422501,-1.01388,0.129673,-10.6883,12.0508,0.527538,0,0,3.23761,5
1774299698656,0.0400607,-1.01324,0.133505,-10.7143,11.5375,0.583584,0,0,3.24439,5
1774299698669,0.0393017,-1.01416,0.135225,-10.6289,11.0055,0.401413,0,0,3.23848,5
1774299698683,0.037647,-1.01041,0.142487,-10.5885,10.4734,0.0569004,0,0,3.24287,5
1774299698696,0.0376769,-1.01189,0.144295,-10.8342,9.799,-0.524771,0,0,3.23749,5
1774299698709,0.0381218,-1.0098,0.144882,-10.9557,9.0237,-0.916243,0,0,3.2458,5
1774299698723,0.0383338,-1.00837,0.144749,-10.9154,8.23879,-1.30973,0,0,3.2351,5
1774299698736,0.0397857,-1.00586,0.145338,-10.8036,7.50561,-1.75866,0,0,3.25561,5
1774299698749,0.0413342,-1.00533,0.145292,-10.6224,6.7686,-1.97943,0,0,3.24435,5
1774299698763,0.0427617,-1.00444,0.143113,-10.4697,6.01256,-2.0658,0,0,3.24419,5
1774299698776,0.0429095,-1.00161,0.142865,-10.0734,5.34217,-2.13104,0,0,3.24249,5
1774299698790,0.0436061,-1.00129,0.142916,-9.82268,4.73422,-2.22218,0,0,3.24491,5
1774299698803,0.0451478,-0.999793,0.142261,-9.5466,4.11113,-2.20586,0,0,3.24671,5
1774299698816,0.0449991,-0.998126,0.142819,-9.21921,3.54055,-2.12067,0,0,3.2436,5
1774299698830,0.0447181,-0.996638,0.143524,-9.04463,3.0221,-2.04068,0,0,3.34117,5
1774299698843,0.0449939,-0.998835,0.141913,-8.8199,2.45565,-1.96989,0,0,3.24654,5
1774299698856,0.0449267,-0.999036,0.138419,-8.66001,1.92312,-1.87266,0,0,3.23702,5
1774299698870,0.046528,-0.995245,0.138633,-8.13314,1.36737,-1.85326,0,0,3.24271,1
1774299698883,0.045593,-0.991833,0.139681,-7.83793,0.838074,-1.85764,0,0,3.2348,1
1774299698896,0.0447629,-0.982837,0.145157,-7.40342,0.257116,-1.69649,0,0,3.24687,1
1774299698910,0.0432964,-0.985681,0.145706,-7.1303,-0.374751,-1.78459,0,0,3.23467,1
1774299698923,0.0419581,-0.985015,0.147662,-6.93245,-0.851283,-1.87418,0,0,3.23834,1
1774299698936,0.0431021,-0.992642,0.145048,-6.7123,-1.36403,-2.16255,0,0,3.26037,1
1774299698950,0.0443775,-0.986462,0.146627,-6.44155,-1.75638,-2.19797,0,0,3.23486,1
1774299698963,0.0441984,-0.981459,0.15071,-6.1329,-2.25561,-2.19628,0,0,3.24974,1
1774299698977,0.0440165,-0.981138,0.150621,-6.14257,-2.71142,-2.25164,0,0,3.26712,1
1774299698990,0.0458071,-0.984611,0.148796,-5.8935,-3.08172,-2.32959,0,0,3.25419,1
1774299699003,0.0490142,-0.986875,0.147617,-5.60489,-3.39699,-2.29568,0,0,3.23926,3
1774299699017,0.050394,-0.983466,0.146019,-5.48403,-3.64148,-2.04488,0,0,3.24552,3
1774299699030,0.0526745,-0.979919,0.150395,-4.95162,-3.88853,-1.74477,0,0,3.24269,3
1774299699043,0.05225,-0.978747,0.151175,-5.12476,-3.96415,-1.45165,0,0,3.25908,3
1774299699057,0.0533496,-0.976676,0.151108,-4.9392,-4.07278,-0.949318,0,0,3.25026,3
1774299699070,0.0535575,-0.983803,0.14781,-4.94818,-4.12736,-0.686257,0,0,3.23954,3
1774299699083,0.0521656,-0.973557,0.152663,-4.95237,-4.00889,-0.298363,0,0,3.24404,3
1774299699097,0.0504074,-0.977586,0.152542,-4.98116,-3.98013,-0.067534,0,0,3.2345,3
1774299699110,0.0510644,-0.979313,0.151562,-5.21601,-3.75216,0.229562,0,0,3.26082,3
1774299699123,0.0515111,-0.979599,0.151426,-5.27197,-3.5858,0.55324,0,0,3.23688,3
1774299699137,0.0510094,-0.97717,0.15296,-5.54917,-3.46088,0.829645,0,0,3.25412,3
1774299699150,0.0495901,-0.977005,0.151311,-5.75901,-3.37551,1.00748,0,0,3.24958,3
1774299699163,0.0497596,-0.977423,0.151324,-5.90398,-3.19259,1.18989,0,0,3.24049,3
1774299699177,0.0499217,-0.978389,0.151037,-6.19496,-3.05633,1.32226,0,0,3.24617,3
1774299699190,0.0500341,-0.979911,0.150667,-6.64861,-2.87419,1.43264,0,0,3.23686,3
1774299699204,0.0504191,-0.981249,0.149951,-7.18643,-2.70783,1.67684,0,0,3.27364,3
1774299699217,0.049869,-0.981663,0.148133,-7.85464,-2.56151,1.88936,0,0,3.24115,3
1774299699230,0.0474639,-0.98018,0.150229,-8.3839,-2.35702,2.01032,0,0,3.23758,3
1774299699244,0.0463278,-0.983428,0.147812,-9.18834,-2.14389,1.97206,0,0,3.26306,5
1774299699257,0.047035,-0.983651,0.147316,-9.8132,-1.90759,2.08496,0,0,3.23765,5
1774299699270,0.0483306,-0.982732,0.148604,-10.5413,-1.71709,2.29814,0,0,3.24538,5
1774299699284,0.0493133,-0.982751,0.147732,-11.4016,-1.45635,2.57387,0,0,3.23797,5
1774299699297,0.0507334,-0.983964,0.147442,-12.1853,-1.1079,3.04694,0,0,3.24525,5
1774299699310,0.0505861,-0.98364,0.145297,-13.1807,-0.894609,3.60823,0,0,3.23465,5
1774299699324,0.0487475,-0.981473,0.142829,-13.9041,-0.760503,4.17871,0,0,3.23849,5
1774299699337,0.0458576,-0.982369,0.141441,-14.7547,-0.594527,4.55705,0,0,3.46959,5
1774299699351,0.0455284,-0.987314,0.137369,-15.5461,-0.450707,4.53223,0,0,3.23706,5
1774299699364,0.0467724,-0.993496,0.135878,-16.1658,-0.296113,4.54476,0,0,3.24745,5
1774299699377,0.0476311,-0.99503,0.136662,-16.8879,-0.268371,4.64737,0,0,3.23862,5
1774299699391,0.0467225,-1.00012,0.137156,-17.6773,-0.356938,4.81659,0,0,3.24739,5
1774299699404,0.0450849,-1.00408,0.137297,-18.619,-0.753114,4.6586,0,0,3.23723,5
1774299699417,0.0445226,-1.00855,0.13441,-19.8316,-1.37156,3.9918,0,0,3.28643,5
1774299699431,0.0473801,-1.0144,0.131105,-21.0113,-2.11203,3.16586,0,0,3.2463,5
1774299699444,0.0509882,-1.02107,0.12929,-22.377,-3.08287,2.5117,0,0,3.25591,5
1774299699457,0.0528582,-1.02702,0.127512,-24.299,-4.20307,2.08479,0,0,3.25304,5
1774299699471,0.0529169,-1.03606,0.124508,-26.5978,-5.31738,1.67026,0,0,3.23786,5
1774299699484,0.0489264,-1.04258,0.12185,-29.3813,-6.01936,1.07773,0,0,3.2436,5
1774299699497,0.0453027,-1.04494,0.116404,-32.272,-6.39508,0.176321,0,0,3.23528,1
1774299699511,0.0404814,-1.05082,0.11269,-34.593,-6.48853,-0.859075,0,0,3.25643,1
1774299699524,0.0357963,-1.05865,0.108712,-37.3519,-6.1357,-1.72721,0,0,3.2391,1
1774299699538,0.0325866,-1.06208,0.109179,-40.2447,-5.75728,-2.41819,0,0,3.51742,1
1774299699551,0.029656,-1.0695,0.105355,-43.3627,-5.49472,-3.21128,0,0,3.25097,1
1774299699565,0.0273234,-1.08063,0.0986226,-46.7349,-5.28841,-3.95304,0,0,3.23612,1
1774299699578,0.0274738,-1.08683,0.0980679,-49.7466,-5.05343,-4.39456,0,0,3.24417,3
1774299699591,0.0304256,-1.09577,0.0957437,-52.634,-5.09497,-5.06952,0,0,3.23838,3
1774299699605,0.0322447,-1.09864,0.0983257,-55.4493,-5.17271,-5.85691,0,0,3.24632,3
1774299699618,0.0343579,-1.10995,0.0946663,-58.7699,-5.41736,-6.9324,0,0,3.23608,3
1774299699631,0.0334106,-1.11717,0.0946903,-62.3972,-5.3036,-7.82083,0,0,3.24039,3
1774299699645,0.0356223,-1.12335,0.0942328,-66.2367,-4.86567,-8.33014,0,0,3.26878,3
1774299699658,0.0432466,-1.12919,0.0884461,-70.5108,-4.82011,-8.65075,0,0,3.24013,3
1774299699671,0.0603068,-1.12263,0.0818662,-74.1988,-6.06423,-8.52475,0,0,3.2446,3
1774299699685,0.0796638,-1.10345,0.0908313,-75.1682,-6.80824,-6.70293,0,0,3.24173,3
1774299699698,0.0932095,-1.07054,0.0969274,-73.9098,-8.54673,-4.29734,0,0,3.2478,3
1774299699711,0.0960305,-1.05053,0.110433,-70.11,-10.3251,-0.472376,0,0,3.24206,3
1774299699725,0.103234,-1.03483,0.125143,-66.713,-13.0049,3.5491,0,0,3.24541,3
1774299699738,0.103267,-1.01225,0.139497,-63.0831,-16.216,7.23881,0,0,3.65235,3
1774299699752,0.104634,-0.988975,0.153319,-58.49,-19.4397,10.6209,0,0,3.24652,3
1774299699765,0.106657,-0.966801,0.164626,-53.4681,-23.0675,13.544,0,0,3.25491,5
1774299699779,0.103765,-0.945041,0.173282,-47.5937,-26.5273,16.2792,0,0,3.23967,3
1774299699792,0.0993335,-0.927329,0.181666,-41.2905,-29.4291,18.7097,0,0,3.24393,3
1774299699805,0.0949467,-0.911556,0.188765,-34.8963,-31.7977,20.2919,0,0,3.24949,3
1774299699819,0.0896841,-0.898021,0.19393,-28.2961,-33.6845,20.9242,0,0,3.26419,3
1774299699832,0.0838508,-0.887565,0.197803,-21.6503,-34.911,20.9229,0,0,3.23917,3
1774299699845,0.0792976,-0.877502,0.200737,-14.8104,-35.4067,20.3432,0,0,3.26395,4
1774299699859,0.0743883,-0.871371,0.203019,-7.74909,-35.3089,19.0291,0,0,3.24521,4
1774299699872,0.0677506,-0.8679,0.203397,-0.654415,-34.5085,17.0116,0,0,3.23887,4
1774299699885,0.0595133,-0.867495,0.202168,6.56769,-32.7543,14.5364,0,0,3.24804,4
1774299699899,0.0517644,-0.869862,0.201783,13.9734,-30.2761,11.6465,0,0,3.24147,4
1774299699912,0.0455715,-0.874838,0.200667,21.1552,-27.2586,8.27678,0,0,3.25293,5
1774299699925,0.0411655,-0.882767,0.198138,28.3143,-23.941,4.66064,0,0,3.23852,5
1774299699939,0.0385752,-0.894386,0.195227,35.1794,-20.5129,1.294,0,0,3.23645,5
1774299699952,0.0379559,-0.908689,0.191355,41.5694,-17.2132,-1.55751,0,0,3.26608,5
1774299699966,0.0396378,-0.923989,0.186233,47.5158,-14.2926,-4.01229,0,0,3.24673,5
1774299699979,0.0418762,-0.940285,0.180896,53.0464,-11.6831,-6.19021,0,0,3.24999,5
1774299699992,0.0462801,-0.960588,0.175943,57.831,-9.44728,-8.2935,0,0,3.23786,5
1774299700006,0.0495519,-0.981189,0.169337,61.5395,-7.59512,-10.5272,0,0,3.26477,5
1774299700019,0.0446836,-1.00275,0.160426,64.4406,-5.55184,-12.6338,0,0,3.26747,5
1774299700032,0.044598,-1.02077,0.151756,66.6224,-3.14145,-15.0231,0,0,3.24732,5
1774299700046,0.0450606,-1.04294,0.139909,67.9495,-0.646609,-17.6526,0,0,3.26208,5
1774299700059,0.0451292,-1.05705,0.117006,68.3257,2.11335,-19.7449,0,0,3.25141,5
1774299700072,0.0489532,-1.05988,0.0908556,69.2884,4.90648,-20.7021,0,0,3.25251,5
1774299700086,0.0517877,-1.06319,0.061877,72.07,7.49454,-20.2315,0,0,3.24184,5
1774299700099,0.0506867,-1.08117,0.0356391,74.5543,9.70836,-19.1618,0,0,3.24684,5
1774299700113,0.0444983,-1.10164,0.00842391,74.4294,11.7239,-18.5095,0,0,3.23675,5
1774299700126,0.0338506,-1.11125,-0.022064,72.7294,14.3475,-18.3949,0,0,3.26562,5
1774299700139,0.0265833,-1.10921,-0.0533646,71.2699,17.5899,-18.6802,0,0,3.24251,5
1774299700153,0.0254528,-1.10335,-0.0828907,70.6506,20.743,-19.5138,0,0,3.26275,5
1774299700166,0.0275321,-1.10445,-0.105403,69.9791,23.4648,-20.4792,0,0,3.25532,5
1774299700179,0.0332146,-1.10688,-0.1285,68.0556,25.4452,-21.0698,0,0,3.24138,5
1774299700193,0.0419798,-1.10627,-0.150886,65.3913,26.3323,-21.271,0,0,3.24565,5
1774299700206,0.0533619,-1.10436,-0.17194,62.4936,26.2631,-21.0584,0,0,3.2371,5
1774299700219,0.0554699,-1.11282,-0.193195,58.2954,25.4721,-20.0288,0,0,3.25538,5
1774299700233,0.0573361,-1.12102,-0.217727,52.5728,24.5031,-18.4197,0,0,3.2368,5
1774299700246,0.0549034,-1.11035,-0.244838,46.3016,23.407,-16.2638,0,0,3.48883,5
1774299700260,0.0426583,-1.09491,-0.199377,44.2118,20.7735,-13.1387,0,0,3.27001,5
1774299700273,0.0253006,-1.07618,-0.115322,45.869,18.5648,-11.2944,0,0,3.24351,5
1774299700286,0.0144568,-1.15463,-0.0759521,42.1623,17.4639,-14.0954,0,0,3.24395,5
1774299700300,0.0179672,-1.16932,-0.0685946,29.6262,17.6135,-17.9052,0,0,3.23973,5
1774299700313,0.0441726,-1.14193,-0.0731861,22.4502,17.3538,-16.8678,0,0,3.24986,5
1774299700326,0.05248,-1.12181,-0.059789,23.6709,16.8728,-10.6524,0,0,3.24147,5
1774299700340,0.0390702,-1.13698,-0.0371231,21.6893,17.1883,-5.60476,0,0,3.24232,5
1774299700353,0.0220509,-1.13473,-0.0217798,14.5453,18.079,-5.63293,0,0,3.26343,5
1774299700367,0.0164208,-1.1081,-0.0136098,9.80514,18.7195,-7.68997,0,0,3.23438,5
1774299700380,0.027522,-1.08268,-0.0110393,9.17079,18.6204,-8.05676,0,0,3.25386,5
1774299700393,0.0347745,-1.08524,-0.00357388,7.41721,17.7991,-6.793,0,0,3.23495,5
1774299700407,0.0396812,-1.07812,0.00151514,5.38133,16.7895,-5.6074,0,0,3.2508,5
1774299700420,0.0372732,-1.06768,0.0049509,4.35413,15.6097,-5.18882,0,0,3.24078,5
1774299700433,0.0335718,-1.06001,0.0135855,3.72753,14.359,-4.78087,0,0,3.24103,5
1774299700447,0.0342177,-1.05856,0.0176465,3.33132,13.0325,-4.67198,0,0,3.60874,5
1774299700460,0.0353584,-1.04976,0.0278186,3.13204,11.8523,-4.51782,0,0,3.2356,5
1774299700474,0.035136,-1.04755,0.0381437,2.84503,10.6193,-4.4117,0,0,3.25141,5
1774299700487,0.0335354,-1.04592,0.0471098,2.29152,9.60826,-4.27899,0,0,3.24106,5
1774299700500,0.031567,-1.04435,0.0556304,1.7532,8.82182,-4.26078,0,0,3.24745,5
1774299700514,0.0303893,-1.03811,0.0629669,0.911104,8.29144,-4.28297,0,0,3.24188,5
1774299700527,0.0306939,-1.03436,0.0678685,0.263106,7.9227,-4.31591,0,0,3.25371,5
1774299700540,0.0323945,-1.03366,0.0739971,-0.414913,7.74634,-4.17316,0,0,3.24375,5
1774299700554,0.0342449,-1.03177,0.0812137,-0.97226,7.6167,-3.8209,0,0,3.25295,5
1774299700567,0.035235,-1.02874,0.0867374,-1.44611,7.38086,-3.42203,0,0,3.24503,5
1774299700580,0.0358188,-1.02556,0.091443,-2.02568,7.0983,-3.01599,0,0,3.24584,3
1774299700594,0.0375515,-1.01984,0.0946615,-2.11844,6.5507,-2.77188,0,0,3.24256,3
1774299700607,0.037308,-1.01611,0.0969706,-1.92896,5.79232,-2.71831,0,0,3.23802,3
1774299700620,0.0369149,-1.0118,0.0994776,-1.57927,4.8898,-2.88226,0,0,3.2581,3
1774299700634,0.0371583,-1.01355,0.101822,-1.15455,4.03104,-3.19844,0,0,3.23545,5
1774299700647,0.0360885,-1.01257,0.105814,-1.023,3.22174,-3.34874,0,0,3.23739,5
1774299700661,0.0358876,-1.0115,0.109312,-0.885114,2.49337,-3.45164,0,0,3.26238,5
1774299700674,0.0351189,-1.00996,0.111514,-1.0958,1.88165,-3.49867,0,0,3.24441,5
1774299700687,0.0366687,-1.00874,0.11204,-1.05446,1.24516,-3.62484,0,0,3.24701,5
1774299700701,0.0388981,-1.00738,0.113727,-0.929802,0.670052,-3.81331,0,0,3.23479,5
1774299700714,0.0427916,-1.00352,0.115833,-0.963285,0.0646925,-3.63024,0,0,3.25064,5
1774299700727,0.0447319,-1.00388,0.116586,-1.01715,-0.571367,-3.29687,0,0,3.24012,5
1774299700741,0.0465446,-1.0003,0.119111,-1.06843,-1.14734,-2.95779,0,0,3.23708,5
1774299700754,0.0476801,-1.00288,0.117329,-1.24486,-1.70386,-2.66557,0,0,3.2591,1
1774299700767,0.0501219,-0.999768,0.120707,-1.20415,-2.16064,-2.04248,0,0,3.23417,1
1774299700781,0.0478766,-0.99855,0.126063,-1.56565,-2.44537,-1.31732,0,0,3.24916,1
1774299700794,0.049114,-0.994951,0.129315,-1.83322,-2.66659,-0.741161,0,0,3.23886,1
1774299700807,0.0466352,-0.997062,0.129009,-2.18598,-2.68786,-0.337342,0,0,3.2441,1
1774299700821,0.0465389,-0.994265,0.13098,-2.31257,-2.68311,0.16329,0,0,3.2368,3
1774299700834,0.0436068,-0.995039,0.131722,-2.63288,-2.64179,0.565618,0,0,3.23899,3
1774299700847,0.0417531,-0.992149,0.132378,-2.5674,-2.70256,0.60497,0,0,3.24428,3
1774299700861,0.0403435,-0.989204,0.13685,-2.41954,-2.79204,0.570179,0,0,3.25519,3
1774299700874,0.0402662,-0.989025,0.138851,-2.42598,-2.8872,0.542478,0,0,3.25204,3
1774299700887,0.04,-0.989334,0.141598,-2.42906,-2.95519,0.449106,0,0,3.24145,3
1774299700901,0.0402473,-0.98365,0.146616,-2.50776,-2.90589,0.34941,0,0,3.25154,3
1774299700914,0.0409535,-0.983906,0.148329,-2.80769,-2.77586,0.397464,0,0,3.23951,3
1774299700927,0.0419278,-0.982219,0.153747,-3.1529,-2.55422,0.673187,0,0,3.25012,3
1774299700941,0.0435535,-0.987107,0.153878,-3.83884,-2.28891,0.900902,0,0,3.24312,3
1774299700954,0.045674,-0.992144,0.147939,-4.56038,-2.02521,1.27855,0,0,3.41599,3
1774299700968,0.0459294,-0.990427,0.146743,-4.88391,-1.67911,1.78446,0,0,3.24821,3
1774299700981,0.0440916,-0.989949,0.144031,-5.53913,-1.28476,2.06203,0,0,3.24241,1
1774299700994,0.043829,-0.981345,0.150448,-5.60394,-0.954931,2.509,0,0,3.24784,1
1774299701008,0.0414745,-0.979075,0.152538,-6.47825,-0.672287,2.68726,0,0,3.23712,1
1774299701021,0.042063,-0.982916,0.149316,-6.93527,-0.481714,2.81785,0,0,3.25349,5
1774299701034,0.0401594,-0.986578,0.145989,-7.35467,-0.229896,2.91456,0,0,3.23912,5
1774299701048,0.0387555,-0.979061,0.147377,-7.59726,0.0193584,2.98872,0,0,3.23836,5
1774299701061,0.0364734,-0.973272,0.15367,-7.8181,0.186978,3.00819,0,0,3.2646,5
1774299701075,0.0358712,-0.979085,0.151647,-8.44361,0.321645,2.79364,0,0,3.24171,5
1774299701088,0.0354876,-0.9748,0.152254,-8.75656,0.403371,2.97606,0,0,3.25847,5
1774299701101,0.0340104,-0.98423,0.144923,-9.21082,0.426132,2.84509,0,0,3.24058,5
1774299701115,0.0341459,-0.981759,0.138083,-9.42422,0.511845,2.75658,0,0,3.30721,5
1774299701128,0.0349375,-0.977646,0.143223,-9.20218,0.389362,2.78308,0,0,3.25249,5
1774299701141,0.0333562,-0.98015,0.142672,-9.75347,0.316139,2.57987,0,0,3.2411,5
1774299701155,0.0349724,-0.985503,0.139198,-9.787,0.221333,2.52594,0,0,3.55967,5
1774299701168,0.0323112,-0.98335,0.138919,-10.186,0.33823,2.48059,0,0,3.23301,5
1774299701182,0.0324463,-0.980117,0.141759,-10.1632,0.261453,2.19073,0,0,3.23925,5
1774299701195,0.0302906,-0.983293,0.138773,-10.6019,0.210391,1.92098,0,0,3.23845,5
1774299701208,0.0334182,-0.983884,0.134946,-10.8182,-0.104994,1.58843,0,0,3.25416,5
1774299701222,0.0312734,-0.983522,0.132696,-10.9834,-0.561118,1.25483,0,0,3.23529,5
1774299701235,0.0288915,-0.983815,0.131014,-11.2083,-1.00793,0.849177,0,0,3.23797,5
1774299701248,0.0289839,-0.985164,0.131072,-11.3208,-1.36459,0.348524,0,0,3.24225,5
1774299701262,0.0320192,-0.986325,0.133603,-11.4681,-1.54111,0.0382356,0,0,3.24725,5
1774299701275,0.0364912,-0.991418,0.133868,-11.8713,-1.7591,-0.0816604,0,0,3.24847,5
1774299701289,0.038707,-0.994206,0.134473,-12.3825,-2.00854,0.0830618,0,0,3.23121,5
1774299701302,0.0396407,-0.997449,0.135254,-12.9117,-2.29966,0.430372,0,0,3.23973,5
1774299701315,0.0382808,-0.998575,0.135692,-13.7439,-2.82622,0.549674,0,0,3.2349,5
1774299701329,0.0390517,-1.00252,0.135022,-14.5273,-3.49537,0.266211,0,0,3.79551,5
1774299701342,0.0408459,-1.00589,0.136441,-15.5395,-4.15911,-0.125525,0,0,3.23577,5
1774299701356,0.0448252,-1.01004,0.135183,-16.7312,-5.03182,-0.441765,0,0,3.2553,5
1774299701369,0.0477869,-1.01424,0.134716,-18.0078,-6.15831,-0.587403,0,0,3.23177,5
1774299701382,0.0505337,-1.01938,0.132925,-19.4486,-7.56116,-0.666211,0,0,3.22112,5
1774299701396,0.0505765,-1.0243,0.131233,-21.3631,-8.98038,-0.854068,0,0,3.22451,1
1774299701409,0.0484928,-1.03084,0.129924,-23.4974,-9.99885,-1.31913,0,0,3.21688,1
1774299701422,0.0444823,-1.04343,0.125609,-26.3679,-10.5624,-2.43978,0,0,3.24321,3
1774299701436,0.0411383,-1.04125,0.125252,-29.3308,-10.4803,-3.55751,0,0,3.21967,3
1774299701449,0.0408233,-1.04489,0.122614,-31.8416,-10.5951,-4.44341,0,0,3.2311,3
1774299701462,0.0402445,-1.05406,0.119601,-34.3896,-10.7022,-4.77565,0,0,3.25025,3
1774299701475,0.0392746,-1.06276,0.118032,-37.2829,-10.763,-5.02159,0,0,3.2206,3
1774299701489,0.0398419,-1.07151,0.116042,-40.1251,-10.805,-5.63997,0,0,3.2244,3
1774299701502,0.0423595,-1.08223,0.114319,-42.897,-10.9812,-6.37224,0,0,3.2238,3
1774299701515,0.0445322,-1.09269,0.112865,-46.2487,-11.2374,-6.6528,0,0,3.23845,3
1774299701529,0.0472505,-1.10382,0.10937,-49.9467,-11.4464,-6.53611,0,0,3.21951,3
1774299701542,0.0480562,-1.11344,0.108719,-54.0371,-11.4474,-6.39343,0,0,3.23929,3
1774299701555,0.0488801,-1.11975,0.111545,-58.5006,-11.2798,-6.35851,0,0,3.22406,3
1774299701569,0.0514403,-1.1245,0.112304,-63.1697,-11.0363,-6.40049,0,0,3.24167,3
1774299701582,0.0618534,-1.12633,0.10955,-67.824,-10.9841,-6.30224,0,0,3.2301,3
1774299701595,0.0661738,-1.11846,0.105933,-71.5548,-11.6701,-5.41478,0,0,3.22066,3
1774299701609,0.0741062,-1.10538,0.104664,-73.7678,-11.5867,-4.01661,0,0,3.30916,3
1774299701622,0.085386,-1.07852,0.11654,-73.9675,-11.7799,-3.19784,0,0,3.22488,3
1774299701635,0.083563,-1.05404,0.128644,-71.8014,-11.8565,-1.85123,0,0,3.22653,3
1774299701649,0.0832291,-1.03438,0.141531,-68.981,-11.9257,0.307476,0,0,3.29421,3
1774299701662,0.0844579,-1.01098,0.154688,-65.5827,-12.6895,2.55234,0,0,3.26327,3
1774299701675,0.0846401,-0.987383,0.1668,-61.0485,-13.5817,4.7582,0,0,3.24308,3
1774299701689,0.0855403,-0.968567,0.178703,-56.2745,-14.7501,6.78338,0,0,3.22621,3
1774299701702,0.08528,-0.949986,0.188291,-51.117,-16.1014,8.82985,0,0,3.23464,3
1774299701715,0.0863551,-0.931951,0.197417,-45.1642,-17.5348,10.9011,0,0,3.22851,3
1774299701728,0.0883121,-0.917118,0.2056,-38.8979,-19.1388,12.7663,0,0,3.22832,3
1774299701742,0.0876317,-0.903073,0.212293,-32.516,-20.8292,14.3461,0,0,3.23899,3
1774299701755,0.0824754,-0.88978,0.216867,-25.9186,-22.1683,15.5158,0,0,3.2274,3
1774299701768,0.0771389,-0.878286,0.221765,-18.9643,-22.7776,16.0439,0,0,3.26234,4
1774299701782,0.0745128,-0.869953,0.225519,-11.8096,-23.0273,15.6111,0,0,3.22536,4
1774299701795,0.0710406,-0.864355,0.22691,-4.62932,-22.7363,14.5715,0,0,3.22984,4
1774299701808,0.0673466,-0.861436,0.22776,2.70998,-22.0056,13.2013,0,0,3.22208,4
1774299701822,0.0616788,-0.861666,0.228252,10.1771,-20.8638,11.4392,0,0,3.25571,4
1774299701835,0.0552658,-0.866157,0.227698,17.5731,-19.1818,9.29245,0,0,3.22567,4
1774299701848,0.0507029,-0.872715,0.226303,24.8651,-17.1189,6.94586,0,0,3.23666,4
1774299701862,0.0491154,-0.880993,0.223602,32.2803,-14.9254,4.78013,0,0,3.34771,4
1774299701875,0.0485156,-0.894771,0.220464,39.6045,-12.8533,3.04289,0,0,3.22145,5
1774299701888,0.0483371,-0.911299,0.216695,46.3801,-10.9707,1.56581,0,0,3.2288,5
1774299701902,0.0499174,-0.929486,0.212215,52.5088,-9.32768,-0.0108204,0,0,3.21877,5
1774299701915,0.0527312,-0.950079,0.206511,57.9794,-8.05728,-1.58251,0,0,3.23993,5
1774299701928,0.0581018,-0.975581,0.199776,62.2757,-7.29404,-2.92903,0,0,3.22153,5
1774299701942,0.0642412,-1.00142,0.191882,65.0233,-7.1812,-4.10324,0,0,3.2411,5
1774299701955,0.0686173,-1.02147,0.180875,66.599,-7.47548,-5.11953,0,0,3.2344,5
1774299701968,0.0715742,-1.03541,0.163858,67.8145,-8.09237,-5.95635,0,0,3.25625,5
1774299701981,0.0759713,-1.03659,0.145246,70.0536,-9.51348,-6.9766,0,0,3.23053,5
1774299701995,0.0731293,-1.04253,0.127705,73.5737,-10.9594,-8.18882,0,0,3.22454,5
1774299702008,0.0667495,-1.05725,0.108208,76.7709,-11.5996,-9.91667,0,0,3.2353,5
1774299702021,0.0555985,-1.0731,0.0835099,78.6879,-11.0826,-11.4538,0,0,3.22366,5
1774299702035,0.0530389,-1.08792,0.0557921,80.1377,-10.4609,-12.9934,0,0,3.22456,5
1774299702048,0.0536021,-1.09979,0.027055,80.9165,-10.3854,-14.7656,0,0,3.23499,5
1774299702061,0.050596,-1.11147,-0.00209097,80.7337,-10.13,-15.8839,0,0,3.22851,5
1774299702075,0.04423,-1.12251,-0.0317026,79.804,-9.94415,-15.8442,0,0,3.25338,5
1774299702088,0.0316722,-1.13502,-0.0583644,77.8878,-9.37736,-14.9773,0,0,3.22675,5
1774299702101,0.0191084,-1.14418,-0.0833904,74.6908,-7.94918,-14.2789,0,0,3.22836,5
1774299702115,0.011194,-1.14714,-0.108176,70.9024,-5.92414,-14.3146,0,0,3.22364,5
1774299702128,0.00848362,-1.15002,-0.129529,67.0731,-3.56138,-14.6562,0,0,3.23481,5
1774299702141,0.00794178,-1.15758,-0.146734,62.4959,-1.25622,-14.6331,0,0,3.24379,5
1774299702154,0.00450885,-1.16661,-0.162664,56.3896,1.10119,-13.9951,0,0,3.23219,5
1774299702168,-0.0012937,-1.16425,-0.179733,49.515,3.6672,-13.1887,0,0,3.24992,5
1774299702181,4.40997e-05,-1.13676,-0.150391,45.7699,5.51465,-12.4361,0,0,3.28616,2
1774299702195,-0.000598442,-1.12586,-0.0976153,43.373,6.84956,-11.8541,0,0,3.2579,2
1774299702208,0.0029511,-1.12802,-0.0531158,39.0197,6.74453,-12.9285,0,0,3.23027,2
1774299702221,0.00618526,-1.15061,-0.0302719,31.5908,5.79629,-14.4714,0,0,3.24855,5
1774299702234,0.0152677,-1.13981,-0.026407,24.1779,5.17443,-13.6246,0,0,3.2256,5
1774299702248,0.0226718,-1.12363,-0.0246008,20.778,5.43398,-10.7832,0,0,3.23475,5
1774299702261,0.0222782,-1.1192,-0.0123356,19.1201,6.58329,-8.54694,0,0,3.2281,5
1774299702274,0.0187094,-1.1188,0.00343979,15.8381,8.0929,-8.23537,0,0,3.24762,5
1774299702288,0.0217776,-1.10564,0.0145321,13.1064,9.32258,-8.78352,0,0,3.22888,5
1774299702301,0.027573,-1.09419,0.0274562,11.7645,9.55155,-8.54774,0,0,3.22684,5
1774299702314,0.0308728,-1.08798,0.0378613,9.74552,9.46067,-7.72102,0,0,3.23838,5
1774299702328,0.0328005,-1.07978,0.0425796,7.77943,9.18134,-7.52472,0,0,3.22449,5
1774299702341,0.0359144,-1.07029,0.0498356,6.83438,8.75069,-7.50899,0,0,3.22595,5
1774299702354,0.0378137,-1.06768,0.0563364,5.77791,8.11511,-7.27234,0,0,3.23847,5
1774299702368,0.0400678,-1.05627,0.0671121,4.99266,7.43041,-7.01685,0,0,3.27694,5
1774299702381,0.0421378,-1.05409,0.073466,4.39104,6.74429,-7.14522,0,0,3.2379,5
1774299702394,0.0450463,-1.05048,0.0826383,3.66131,6.13776,-7.2317,0,0,3.22127,5
1774299702408,0.0475606,-1.04521,0.0919967,3.02347,5.41111,-7.13435,0,0,3.2396,5
1774299702421,0.0481285,-1.0454,0.0970061,2.16921,4.76633,-7.1007,0,0,3.22112,5
1774299702434,0.0505721,-1.0414,0.100195,1.3847,4.42018,-7.16998,0,0,3.22814,5
1774299702447,0.0540832,-1.03203,0.107686,1.0574,4.24332,-7.16087,0,0,3.23757,5
1774299702461,0.0562344,-1.0274,0.113397,0.401192,4.12049,-6.98143,0,0,3.22545,5
1774299702474,0.0595406,-1.02331,0.119873,-0.252886,4.04736,-6.58683,0,0,3.25469,5
1774299702487,0.0650619,-1.0263,0.122499,-0.718698,3.88884,-6.24219,0,0,3.22314,5
1774299702501,0.06858,-1.02375,0.122502,-1.51635,3.6463,-5.82012,0,0,3.23425,3
1774299702514,0.0699263,-1.01368,0.127373,-1.68349,3.26665,-5.16695,0,0,3.21982,3
1774299702527,0.0714273,-1.01895,0.127077,-1.93718,2.67792,-4.76708,0,0,3.23299,3
1774299702541,0.0723715,-1.00788,0.135656,-1.95654,2.20143,-4.32113,0,0,3.2306,3
1774299702554,0.071897,-1.01174,0.139792,-2.1795,1.70114,-4.06033,0,0,3.23705,3
1774299702567,0.0735361,-1.01141,0.143949,-2.77874,1.34153,-3.73752,0,0,3.22508,3
1774299702581,0.074324,-1.01074,0.14752,-3.16967,1.07702,-3.46878,0,0,3.24795,3
1774299702594,0.0748105,-1.00658,0.149663,-4.07304,0.946815,-3.22283,0,0,3.26727,3
1774299702610,0.0761299,-1.00396,0.14962,-4.55536,0.752832,-2.82668,0,0,3.36186,3
1774299702624,0.0785127,-1.00085,0.152184,-5.05088,0.526484,-2.36454,0,0,3.28216,3
1774299702637,0.0803855,-0.999147,0.155789,-5.52075,0.22591,-1.91847,0,0,3.23092,3
1774299702650,0.0812903,-0.998736,0.15629,-6.11712,-0.0864919,-1.52055,0,0,3.23682,3
1774299702664,0.0830951,-0.995417,0.157975,-6.33021,-0.382655,-1.01992,0,0,3.22655,3
1774299702677,0.08386,-0.995767,0.159843,-6.83407,-0.556872,-0.390223,0,0,3.24634,3
1774299702690,0.084805,-0.99435,0.160988,-7.37519,-0.779122,0.313339,0,0,3.23153,3
1774299702703,0.085004,-0.992825,0.16186,-7.832,-0.864732,0.848551,0,0,3.22103,3
1774299702717,0.0836889,-0.989028,0.161604,-8.28845,-0.886878,1.2711,0,0,3.24147,3
1774299702730,0.0834455,-0.987309,0.160836,-8.52961,-0.936042,1.67209,0,0,3.21743,3
1774299702743,0.0827217,-0.985547,0.161148,-8.61251,-1.06594,2.00563,0,0,3.24599,1
1774299702757,0.0818054,-0.983232,0.161585,-8.62183,-1.21896,2.11493,0,0,3.22512,1
1774299702770,0.0816017,-0.981873,0.161971,-8.41867,-1.37967,2.14745,0,0,3.34007,1
1774299702783,0.0820476,-0.983093,0.16045,-8.26545,-1.58831,2.19912,0,0,3.23062,1
1774299702797,0.0825593,-0.982188,0.159668,-8.10284,-1.78353,2.41832,0,0,3.22986,1
1774299702810,0.0815113,-0.978963,0.161366,-7.78706,-2.01062,2.66204,0,0,3.23116,1
1774299702823,0.0796869,-0.981111,0.160672,-7.76518,-2.16803,2.68999,0,0,3.2254,1
1774299702837,0.080003,-0.983325,0.158749,-7.61393,-2.37526,2.59862,0,0,3.25518,1
1774299702850,0.0781591,-0.982335,0.159943,-7.70152,-2.47625,2.62884,0,0,3.23347,1
1774299702863,0.0774103,-0.982093,0.160849,-7.78934,-2.59769,2.61541,0,0,3.2286,1
1774299702877,0.0772173,-0.982706,0.16053,-8.05336,-2.71745,2.46185,0,0,3.24973,1
1774299702890,0.0775346,-0.983462,0.160813,-8.24048,-2.83392,2.221,0,0,3.21886,1
1774299702903,0.077838,-0.982915,0.162044,-8.66717,-2.82097,2.20089,0,0,3.22416,1
1774299702917,0.0795802,-0.983662,0.162752,-9.147,-2.86912,2.29496,0,0,3.22323,1
1774299702930,0.0807551,-0.983287,0.163332,-9.76347,-2.83879,2.46981,0,0,3.25379,1
1774299702943,0.0800635,-0.983655,0.162435,-10.4644,-2.77589,2.76331,0,0,3.23708,1
1774299702956,0.0801816,-0.985107,0.161364,-11.0438,-2.69212,2.956,0,0,3.24443,1
1774299702970,0.0785329,-0.981882,0.163478,-11.5963,-2.55396,3.1306,0,0,3.26829,1
1774299702983,0.0773192,-0.982087,0.162532,-12.209,-2.44624,3.18408,0,0,3.25925,1
1774299702997,0.0769274,-0.979401,0.164019,-12.601,-2.34756,3.31848,0,0,3.23119,1
1774299703010,0.0767449,-0.982287,0.15958,-13.133,-2.3255,3.27321,0,0,3.2201,1
1774299703023,0.0771255,-0.987397,0.15132,-13.823,-2.3081,3.19794,0,0,3.23619,1
1774299703036,0.0772013,-0.986176,0.151599,-14.0924,-2.33877,3.3337,0,0,3.22466,1
1774299703050,0.0761953,-0.988307,0.14672,-14.8682,-2.44266,3.45543,0,0,3.23427,1
1774299703063,0.0746248,-0.983907,0.150522,-15.1471,-2.58268,3.77757,0,0,3.23405,1
1774299703076,0.0719485,-0.984536,0.147238,-15.6934,-2.79535,3.72154,0,0,3.25797,1
1774299703090,0.0735959,-0.985757,0.142785,-15.863,-2.99608,3.67165,0,0,3.2364,1
1774299703103,0.074552,-0.990885,0.137181,-16.2021,-3.31188,3.6708,0,0,3.22097,1
1774299703116,0.0741424,-0.988006,0.140407,-16.6087,-3.48792,3.93547,0,0,3.23764,1
1774299703130,0.0742632,-0.986801,0.144773,-17.0297,-3.47426,4.26451,0,0,3.27036,1
1774299703143,0.0750514,-0.994884,0.141271,-18.0467,-3.28109,4.51429,0,0,3.3269,1
1774299703156,0.0757623,-0.991456,0.144702,-18.596,-3.07692,5.14442,0,0,3.28872,1
1774299703170,0.0777768,-1.0045,0.141214,-19.4737,-3.06404,5.62189,0,0,3.28438,1
1774299703183,0.0790412,-1.01112,0.139181,-20.8225,-3.26341,6.00106,0,0,3.31166,1
1774299703197,0.0810618,-1.01159,0.143675,-21.6589,-3.84167,6.3534,0,0,3.27872,1
1774299703210,0.0828339,-1.02208,0.139516,-23.6725,-4.88163,6.31345,0,0,3.2869,1
1774299703223,0.0849768,-1.03114,0.14028,-25.2186,-5.99813,6.45258,0,0,3.26845,1
1774299703237,0.0814314,-1.03795,0.139003,-27.2878,-6.85974,6.46745,0,0,3.30177,1
1774299703250,0.0725852,-1.04983,0.13964,-30.2993,-7.00292,6.0991,0,0,3.2894,1
1774299703264,0.0693147,-1.05212,0.134505,-33.6241,-6.5964,5.35707,0,0,3.27925,1
1774299703277,0.0655147,-1.05589,0.131708,-36.0936,-6.55096,4.13212,0,0,3.34203,1
1774299703290,0.0583468,-1.06411,0.127763,-38.5457,-6.43313,2.97631,0,0,3.26758,1
1774299703304,0.0512041,-1.07131,0.124717,-41.2255,-6.3369,1.84851,0,0,3.27986,1
1774299703317,0.046712,-1.07867,0.120395,-43.8685,-6.2632,0.541195,0,0,3.26405,1
1774299703330,0.045267,-1.08489,0.114361,-46.6111,-6.13968,-0.825103,0,0,3.29129,1
1774299703344,0.0488607,-1.09157,0.111527,-49.8888,-6.06119,-2.02484,0,0,3.2802,1
1774299703357,0.0534183,-1.0966,0.10934,-53.2234,-6.28427,-3.05281,0,0,3.27447,1
1774299703371,0.0567516,-1.10031,0.10774,-56.8307,-6.83738,-3.92549,0,0,3.26636,1
1774299703384,0.0593092,-1.10104,0.106605,-60.5612,-7.59069,-4.57923,0,0,3.29644,1
1774299703397,0.0635273,-1.10109,0.101665,-64.2887,-8.65286,-5.0687,0,0,3.27829,1
1774299703411,0.0770955,-1.09746,0.0924466,-67.7151,-10.4365,-5.49902,0,0,3.27233,1
1774299703424,0.0782188,-1.08806,0.0863644,-69.7325,-12.2446,-4.62151,0,0,3.3537,1
1774299703438,0.0904505,-1.07287,0.0833349,-71.0025,-13.5026,-3.56029,0,0,3.31949,1
1774299703451,0.109717,-1.04562,0.0912428,-70.569,-15.5378,-2.70503,0,0,3.28247,1
1774299703465,0.123112,-1.01918,0.101773,-67.452,-18.591,-0.275773,0,0,3.28544,1
1774299703478,0.126014,-1.00581,0.112697,-63.8954,-22.2095,4.48314,0,0,3.29296,1
1774299703491,0.120834,-0.990557,0.123773,-60.5893,-25.6288,9.77069,0,0,3.31348,3
1774299703505,0.111994,-0.973375,0.134482,-56.4126,-28.4328,13.6818,0,0,3.31598,3
1774299703518,0.103509,-0.959762,0.144371,-51.7428,-30.4437,15.7545,0,0,3.28916,3
1774299703532,0.097327,-0.947397,0.152791,-47.0879,-31.7051,16.9959,0,0,3.31175,3
1774299703545,0.092761,-0.931557,0.158099,-42.0441,-32.4731,18.1877,0,0,3.27942,3
1774299703558,0.0877755,-0.917168,0.164286,-36.0855,-32.5827,19.2121,0,0,3.26425,3
1774299703572,0.0854102,-0.906964,0.170992,-30.0227,-32.1278,19.4332,0,0,3.26334,3
1774299703585,0.0853479,-0.896395,0.176294,-23.865,-31.4514,18.7542,0,0,3.30981,4
1774299703598,0.0829393,-0.888498,0.179272,-17.1312,-30.6682,18.064,0,0,3.26899,4
1774299703612,0.0788958,-0.884395,0.18086,-10.3272,-29.6536,17.6425,0,0,3.29538,4
1774299703625,0.0723065,-0.882404,0.180307,-3.63046,-28.308,16.9805,0,0,3.26142,4
1774299703639,0.0655142,-0.881471,0.178977,3.11201,-26.5681,15.6593,0,0,3.27947,4
1774299703652,0.0595421,-0.883078,0.176467,9.65784,-24.4116,13.8878,0,0,3.28903,4
1774299703665,0.054995,-0.885255,0.17301,16.0523,-21.9504,11.8576,0,0,3.27755,5
1774299703679,0.0517464,-0.888587,0.169341,22.3403,-19.2706,9.60819,0,0,3.26929,5
1774299703692,0.0506045,-0.892573,0.165309,28.547,-16.5142,7.00325,0,0,3.31281,5
1774299703707,0.0522458,-0.899652,0.160781,34.6634,-13.9222,4.3239,0,0,4.28789,5
1774299703720,0.0528971,-0.910959,0.153963,40.4225,-11.5047,1.98454,0,0,3.30425,5
1774299703733,0.0541499,-0.922572,0.145703,45.7623,-9.43741,-0.140969,0,0,3.31523,5
1774299703748,0.0553372,-0.933859,0.136437,50.9121,-7.71255,-2.07532,0,0,3.27966,5
1774299703761,0.0556824,-0.948528,0.128752,55.5813,-6.26898,-3.91443,0,0,3.26301,5
1774299703774,0.0569949,-0.966773,0.120655,59.3656,-5.09094,-5.88846,0,0,3.28155,5
1774299703788,0.0585489,-0.986292,0.111075,62.1501,-4.23931,-8.11401,0,0,3.29623,5
1774299703803,0.0588925,-1.00573,0.100313,63.8951,-3.61573,-10.3346,0,0,5.2697,5
1774299703817,0.0586446,-1.02129,0.0885168,64.9719,-2.98087,-12.2834,0,0,3.27197,5
1774299703830,0.0572971,-1.03243,0.0717373,65.8868,-2.40389,-14.0466,0,0,3.31246,5
1774299703844,0.0572363,-1.04408,0.0553394,67.2252,-2.22581,-15.5315,0,0,3.28692,5
1774299703858,0.057253,-1.05793,0.0392422,68.4115,-1.91084,-16.3936,0,0,3.8402,5
1774299703871,0.0578134,-1.07238,0.0229307,68.4218,-2.1218,-16.777,0,0,3.28158,5
1774299703884,0.055851,-1.07812,0.0064357,67.8501,-2.85787,-17.0216,0,0,3.28734,5
1774299703898,0.0497997,-1.08038,-0.00790721,67.343,-3.3771,-17.225,0,0,3.30527,5
1774299703911,0.0428386,-1.08623,-0.0218044,66.4459,-3.64069,-17.3546,0,0,3.31962,5
1774299703925,0.0356267,-1.0895,-0.0375601,64.6735,-3.74305,-17.4169,0,0,3.31807,5
1774299703938,0.0286875,-1.08641,-0.0543992,62.8142,-3.60118,-17.4282,0,0,3.27757,5
1774299703952,0.0228098,-1.0846,-0.0691353,61.5003,-3.19322,-17.2967,0,0,3.76562,5
1774299703965,0.0186199,-1.08923,-0.0831094,59.8459,-2.64287,-16.9726,0,0,3.27635,5
1774299703979,0.0146773,-1.09657,-0.0971131,56.9331,-2.075,-16.474,0,0,3.29455,5
1774299703992,0.0100316,-1.10259,-0.112981,53.1632,-1.40111,-15.8518,0,0,3.30985,5
1774299704006,0.00523669,-1.10851,-0.129554,48.8555,-0.423329,-15.2264,0,0,3.27322,5
1774299704019,0.00780502,-1.12705,-0.145029,43.5549,0.512454,-15.0086,0,0,3.31303,5
1774299704033,0.00853137,-1.12347,-0.149918,37.5433,1.55161,-14.4074,0,0,3.32298,5
1774299704046,0.0147993,-1.1056,-0.120588,34.8376,1.72577,-12.5147,0,0,3.31051,5
1774299704059,0.0163622,-1.10531,-0.0802518,32.8261,1.0295,-10.9786,0,0,3.28229,5
1774299704073,0.014579,-1.1287,-0.0543313,27.7207,0.841587,-10.0682,0,0,3.81153,5
1774299704087,0.0211696,-1.12524,-0.0432963,21.913,1.26881,-9.09493,0,0,3.28444,5
1774299704100,0.0306111,-1.1166,-0.0343561,18.5828,1.77997,-7.30921,0,0,3.28638,5
1774299704113,0.0318562,-1.11271,-0.0202336,15.939,2.48769,-5.03233,0,0,3.30312,5
1774299704127,0.0265126,-1.10755,-0.00692081,12.3118,3.43917,-3.74938,0,0,3.28088,5
1774299704140,0.0213493,-1.09306,0.0020942,9.06324,4.64257,-3.81139,0,0,3.29555,5
1774299704154,0.0223055,-1.0826,0.0095405,6.71537,5.45134,-4.25487,0,0,3.27981,5
1774299704168,0.0270528,-1.07562,0.0166718,4.39216,6.05075,-3.86848,0,0,3.90625,5
1774299704181,0.0297027,-1.06636,0.0232991,2.17356,6.52404,-3.03961,0,0,3.27849,5
1774299704194,0.0318097,-1.05721,0.0282272,0.401842,7.02432,-2.40924,0,0,3.29244,5
1774299704208,0.0338031,-1.04863,0.0328864,-0.855588,7.48026,-1.67892,0,0,3.29772,5
1774299704221,0.0369906,-1.04233,0.0374593,-1.51624,7.91961,-0.679559,0,0,3.28181,5
1774299704234,0.0402629,-1.03771,0.0425369,-2.12015,8.29836,0.217501,0,0,3.29957,5
1774299704248,0.0421857,-1.03412,0.0485348,-2.5767,8.41307,1.02571,0,0,3.28283,5
1774299704261,0.0431702,-1.03217,0.0552314,-2.76102,8.42159,1.74062,0,0,3.29099,5
1774299704275,0.044496,-1.03138,0.0616991,-2.93328,8.30674,2.17522,0,0,3.27859,5
1774299704289,0.0457531,-1.03003,0.0678627,-3.01495,7.95854,2.47069,0,0,3.67206,5
1774299704302,0.0454498,-1.02968,0.072689,-3.15199,7.45218,2.77827,0,0,3.31288,5
1774299704315,0.0427682,-1.02825,0.0774964,-3.21883,6.97851,3.0853,0,0,3.28474,5
1774299704329,0.0406629,-1.02569,0.0813996,-3.2468,6.51856,2.91053,0,0,3.29666,5
1774299704342,0.0387352,-1.02353,0.0848012,-3.24452,6.10624,2.55715,0,0,3.27951,5
1774299704356,0.0393581,-1.02016,0.0877123,-3.26634,5.57447,2.20476,0,0,3.2927,5
1774299704369,0.0407865,-1.01938,0.085937,-3.10453,4.80962,1.62293,0,0,3.27605,5
1774299704383,0.0410635,-1.01451,0.0874532,-2.76768,3.97078,1.06303,0,0,3.78295,5
1774299704396,0.0425455,-1.009,0.0940706,-2.27203,2.91266,0.605192,0,0,3.30229,5
1774299704410,0.0416991,-1.00921,0.0968006,-2.00371,1.89034,0.182452,0,0,3.28599,5
1774299704423,0.0438473,-1.01258,0.0947346,-1.80825,0.918938,-0.280803,0,0,3.29812,5
1774299704436,0.0460084,-1.013,0.0966668,-1.49615,0.181866,-0.538663,0,0,3.28175,5
1774299704450,0.046452,-1.01424,0.0982689,-1.6259,-0.432078,-0.69685,0,0,3.28648,5
1774299704463,0.0490116,-1.00772,0.108236,-1.61006,-0.934939,-0.714283,0,0,3.28051,5
1774299704477,0.0471244,-1.01047,0.111691,-2.2832,-1.34922,-0.923422,0,0,3.31729,1
1774299704490,0.048651,-1.00952,0.112893,-2.68565,-1.69616,-0.959831,0,0,3.2744,1
1774299704503,0.0479647,-1.00826,0.115696,-3.0985,-1.92387,-0.904707,0,0,3.28846,1
1774299704517,0.0475861,-1.00452,0.119659,-3.54514,-2.11055,-0.871944,0,0,3.28735,1
1774299704530,0.0475657,-1.00229,0.125124,-3.94575,-2.23708,-0.770367,0,0,3.27081,3
1774299704543,0.0476422,-1.00519,0.122524,-4.44977,-2.42717,-0.868885,0,0,3.28879,3
1774299704557,0.0481425,-1.00278,0.122098,-4.82832,-2.54366,-0.848408,0,0,3.28599,3
1774299704570,0.049411,-1.00628,0.120207,-4.91888,-2.66431,-1.04189,0,0,3.31409,3
1774299704584,0.0499087,-1.00331,0.12157,-5.41927,-2.63947,-0.999717,0,0,3.27468,3
1774299704597,0.0519114,-0.995524,0.125137,-5.52806,-2.88749,-0.734685,0,0,3.29101,3
1774299704610,0.0517872,-1.0023,0.119515,-5.95617,-3.15542,-0.732868,0,0,3.28948,3
1774299704624,0.0529818,-0.993366,0.124015,-6.03656,-3.29956,-0.523482,0,0,3.28696,3
1774299704637,0.0513374,-0.992578,0.125296,-6.39718,-3.5538,-0.411051,0,0,3.29561,3
1774299704650,0.0519644,-0.991429,0.127355,-6.67549,-3.73769,-0.127229,0,0,3.27727,3
1774299704664,0.0517418,-0.995904,0.124177,-7.08077,-3.88214,0.015643,0,0,3.31607,3
1774299704677,0.0529169,-0.991524,0.126412,-7.45176,-3.87848,0.248984,0,0,3.27744,3
1774299704691,0.0517986,-0.991553,0.127237,-7.91798,-3.86517,0.493642,0,0,3.27407,3
1774299704704,0.0526189,-0.990374,0.128057,-8.35847,-3.73443,0.720295,0,0,3.30959,1
1774299704717,0.0529443,-0.988329,0.129343,-8.70275,-3.63157,0.845172,0,0,3.2734,1
1774299704731,0.0530525,-0.989021,0.127926,-8.9742,-3.59529,0.941635,0,0,3.28896,1
1774299704744,0.0530493,-0.987355,0.128652,-9.12251,-3.60215,1.07422,0,0,3.27925,1
1774299704758,0.0517756,-0.988794,0.126527,-9.37255,-3.66471,1.02082,0,0,3.28899,1
1774299704771,0.0516895,-0.987736,0.126034,-9.43301,-3.72463,0.984966,0,0,3.28273,3
1774299704785,0.0509237,-0.989735,0.123191,-9.6271,-3.73536,0.939565,0,0,3.67091,3
1774299704798,0.0511203,-0.989575,0.122523,-9.73793,-3.63588,0.979779,0,0,3.32309,3
1774299704812,0.0517354,-0.987576,0.122813,-9.85839,-3.47561,0.983482,0,0,3.28712,3
1774299704825,0.0526973,-0.986517,0.121638,-10.0637,-3.35987,1.06362,0,0,3.29638,3
1774299704839,0.0540656,-0.985303,0.120642,-10.1424,-3.31356,1.23989,0,0,3.2771,3
1774299704852,0.0534202,-0.984365,0.119883,-10.2607,-3.23389,1.46622,0,0,3.29255,1
1774299704865,0.0526962,-0.984707,0.117405,-10.36,-3.18694,1.58951,0,0,3.27562,1
1774299704879,0.0524416,-0.983913,0.116264,-10.3569,-3.13364,1.63565,0,0,3.78486,1
1774299704893,0.0527961,-0.989614,0.110688,-10.6199,-3.14027,1.56061,0,0,3.27751,1
1774299704906,0.0543095,-0.988936,0.110086,-10.6314,-3.18421,1.63835,0,0,3.32438,1
1774299704919,0.0530341,-0.987594,0.11013,-11.0516,-3.26937,1.75883,0,0,3.30596,1
1774299704933,0.0524765,-0.988895,0.10857,-11.4387,-3.23156,1.94963,0,0,3.28033,1
1774299704946,0.0529255,-0.991057,0.109118,-11.9926,-3.01305,2.24019,0,0,3.29605,1
1774299704960,0.0540489,-0.991501,0.108926,-12.7192,-2.67405,2.60609,0,0,3.27768,1
1774299704974,0.0548883,-0.993709,0.107996,-13.4796,-2.16823,2.98786,0,0,3.90242,1
1774299704987,0.055392,-0.997337,0.106454,-14.2401,-1.65182,3.36492,0,0,3.28147,1
1774299705000,0.0535995,-0.998649,0.107554,-14.8801,-1.31167,3.7067,0,0,3.31722,1
1774299705014,0.0536044,-1.00018,0.10711,-15.741,-1.16702,3.86488,0,0,3.30763,1
1774299705027,0.0569295,-1.00424,0.105138,-16.6102,-1.33021,3.97694,0,0,3.27705,5
1774299705040,0.0599918,-1.00389,0.106701,-17.4122,-1.87133,4.18547,0,0,3.29992,5
1774299705054,0.0623437,-1.00948,0.104191,-18.5825,-2.66983,4.30866,0,0,3.28127,5
1774299705068,0.0626068,-1.01442,0.10193,-19.8335,-3.62951,4.43522,0,0,3.29035,5
1774299705081,0.0632427,-1.0226,0.0987749,-21.1514,-4.68522,4.44977,0,0,3.27598,5
1774299705095,0.0614592,-1.03151,0.0930993,-22.8805,-5.65901,4.29052,0,0,3.66788,5
1774299705108,0.054853,-1.03273,0.0938538,-24.9515,-6.07764,3.9321,0,0,3.30663,5
1774299705121,0.0513331,-1.03491,0.0902831,-27.0758,-6.2497,3.14805,0,0,3.27107,1
1774299705135,0.0447106,-1.03422,0.0894098,-28.9646,-6.32218,2.33261,0,0,3.29379,1
1774299705148,0.0418905,-1.04544,0.0839622,-30.9983,-6.16624,1.61558,0,0,3.29222,1
1774299705162,0.0405817,-1.05137,0.0825218,-33.3881,-6.0079,0.951193,0,0,3.29855,1
1774299705175,0.038807,-1.05714,0.0804504,-35.84,-5.80792,0.329635,0,0,3.28338,1
1774299705189,0.0390744,-1.06835,0.0744337,-38.5919,-5.58362,-0.215096,0,0,3.83429,1
1774299705202,0.0406861,-1.07604,0.0709009,-41.6211,-5.41815,-0.438533,0,0,3.33463,1
1774299705216,0.041939,-1.0817,0.0716332,-44.471,-5.19088,-0.26878,0,0,3.28579,1
1774299705229,0.0424538,-1.0902,0.0689276,-47.5964,-5.1746,-0.233579,0,0,3.30507,1
1774299705243,0.0418037,-1.09748,0.0713584,-51.0732,-5.29369,-0.318959,0,0,3.2787,1
1774299705256,0.039463,-1.10716,0.0666362,-54.7092,-4.86873,-0.32419,0,0,3.2945,2
1774299705269,0.0386234,-1.11867,0.0626223,-58.7136,-3.90796,-0.39935,0,0,3.2794,2
1774299705283,0.038034,-1.1215,0.0649125,-62.6964,-2.67738,-0.864226,0,0,3.89266,2
1774299705297,0.0416557,-1.13327,0.0567993,-67.2008,-1.67939,-1.93032,0,0,3.27568,2
1774299705310,0.0495393,-1.13563,0.050066,-72.1308,-1.13816,-2.66172,0,0,3.29085,5
1774299705323,0.0667941,-1.11904,0.0580835,-75.382,-2.09555,-2.34456,0,0,3.29302,5
1774299705337,0.0777316,-1.0867,0.0493615,-75.7862,-3.24158,-0.430512,0,0,3.32137,5
1774299705350,0.0820303,-1.06029,0.0621077,-73.3412,-4.49032,2.51472,0,0,3.31346,5
1774299705364,0.0840909,-1.04034,0.0770298,-69.4508,-5.80304,5.55209,0,0,3.2894,5
1774299705377,0.0795273,-1.02521,0.0919826,-66.0326,-7.2271,7.7524,0,0,3.29531,5
1774299705391,0.0740741,-1.00225,0.1042,-62.1694,-8.1127,9.33303,0,0,3.27729,5
1774299705405,0.0751481,-0.979825,0.115786,-57.1827,-9.08607,10.6661,0,0,3.76525,5
1774299705418,0.0789725,-0.962012,0.12504,-51.6792,-10.2515,12.157,0,0,3.29187,5
1774299705431,0.0823841,-0.944988,0.132566,-45.7154,-11.572,13.7166,0,0,3.28068,5
1774299705445,0.0840556,-0.930076,0.139613,-39.4169,-12.7157,15.0128,0,0,3.29496,5
1774299705458,0.0850881,-0.915293,0.145017,-32.981,-13.6741,15.8779,0,0,3.29166,5
1774299705472,0.0834597,-0.901317,0.149138,-26.248,-14.4653,16.4743,0,0,3.29551,5
1774299705485,0.0783577,-0.889201,0.151691,-19.2294,-14.849,16.8481,0,0,3.27931,5
1774299705499,0.0712794,-0.880326,0.153001,-12.0341,-14.6279,16.7016,0,0,3.78257,5
1774299705512,0.0646709,-0.875961,0.152278,-4.82199,-13.8464,15.9326,0,0,3.30237,5
1774299705526,0.0593976,-0.874499,0.149857,2.26607,-12.6128,14.7781,0,0,3.27257,5
1774299705539,0.0548675,-0.873795,0.146485,9.34277,-10.98,13.4379,0,0,3.29729,5
1774299705552,0.0519342,-0.876464,0.143763,16.4618,-9.01491,11.8458,0,0,3.28083,5
1774299705566,0.0493854,-0.882475,0.140764,23.3477,-6.75753,9.91218,0,0,3.29107,5
1774299705579,0.048699,-0.891373,0.13764,29.8726,-4.30307,7.74278,0,0,3.28005,5
1774299705593,0.0483737,-0.903821,0.133393,36.0191,-1.90664,5.59315,0,0,3.32887,5
1774299705606,0.0493011,-0.914199,0.127389,42.0495,0.402046,3.60607,0,0,3.31279,5
1774299705619,0.0529746,-0.926898,0.122128,48.1398,2.43779,1.85804,0,0,3.27892,5
1774299705633,0.0574698,-0.943975,0.115046,53.5943,4.00309,0.362215,0,0,3.30087,5
1774299705646,0.0609889,-0.959451,0.106759,58.5014,5.23009,-0.939236,0,0,3.2787,5
1774299705660,0.0650909,-0.975777,0.0996447,62.7324,6.20416,-2.36893,0,0,3.28922,5
1774299705673,0.0664189,-0.99157,0.0919452,66.2333,7.02039,-4.11708,0,0,3.27983,5
1774299705687,0.0684897,-1.00516,0.0856393,69.1935,7.97282,-6.07717,0,0,3.28881,5
1774299705700,0.0726693,-1.01826,0.0784241,71.5313,8.69455,-8.22191,0,0,3.27918,5
1774299705714,0.0762711,-1.02793,0.069293,73.6621,9.23407,-10.2502,0,0,3.74125,5
1774299705727,0.0806443,-1.03718,0.0594507,75.7805,9.51982,-11.8303,0,0,3.29063,5
1774299705741,0.0812922,-1.0462,0.0464302,77.6965,9.39945,-12.9159,0,0,3.27709,5
1774299705754,0.0782816,-1.0559,0.0321746,79.5761,9.33252,-13.6712,0,0,3.32572,5
1774299705767,0.074997,-1.06686,0.0181795,80.8592,9.1533,-14.4604,0,0,3.29179,5
1774299705781,0.0696992,-1.07672,0.0034084,81.5719,8.80729,-14.7741,0,0,3.31094,5
1774299705794,0.0639178,-1.08714,-0.01203,81.7625,8.19808,-14.7088,0,0,3.27805,5
1774299705809,0.056019,-1.09616,-0.0299749,81.2474,7.77334,-14.4644,0,0,4.57317,5
1774299705822,0.0492557,-1.10348,-0.0501139,80.3061,7.70727,-14.0123,0,0,3.26509,5
1774299705836,0.0456175,-1.11147,-0.0701729,79.0133,7.70785,-13.4884,0,0,3.26261,5
1774299705849,0.0435691,-1.12304,-0.0894615,76.7317,7.66986,-13.0598,0,0,3.28974,5
1774299705862,0.0425713,-1.13331,-0.109423,73.2994,7.55135,-12.8569,0,0,3.26742,5
1774299705876,0.0402611,-1.14333,-0.129675,69.2619,7.40953,-12.7129,0,0,3.2892,5
1774299705889,0.0357244,-1.15325,-0.148155,64.4618,7.58823,-12.1351,0,0,3.27624,5
1774299705903,0.030233,-1.16106,-0.164802,58.6584,8.15127,-11.2849,0,0,4.07761,5
1774299705917,0.0211914,-1.16418,-0.180753,52.2068,9.25607,-10.4301,0,0,3.30166,5
1774299705930,0.0224961,-1.13209,-0.174257,48.2302,10.3725,-9.4892,0,0,3.28409,5
1774299705943,0.0202204,-1.11575,-0.137083,46.5611,10.5439,-8.64863,0,0,3.30201,5
1774299705957,0.0130368,-1.11787,-0.0840242,43.0823,10.8495,-8.85075,0,0,3.28914,5
1774299705970,0.0162035,-1.12409,-0.0400657,36.2596,10.6293,-11.2394,0,0,3.28666,5
1774299705984,0.0245383,-1.124,-0.0218711,28.8584,9.5137,-13.5455,0,0,3.26772,5
1774299705997,0.0335014,-1.11897,-0.0142843,23.9559,7.95326,-12.6581,0,0,3.28788,5
1774299706011,0.037332,-1.11804,-0.00407174,20.2537,6.88841,-9.90131,0,0,3.41485,5
1774299706024,0.0346958,-1.11582,0.00762669,16.3833,7.12247,-8.66596,0,0,3.29309,5
1774299706037,0.0334667,-1.10701,0.0181836,12.6708,7.87991,-9.34496,0,0,3.29135,5
1774299706051,0.0390712,-1.09427,0.0265491,10.0101,8.16454,-9.69,0,0,3.29179,5
1774299706064,0.0450072,-1.08619,0.0362892,7.55174,7.79521,-8.36032,0,0,3.27896,5
1774299706077,0.0470321,-1.0771,0.043233,4.90157,7.38707,-6.46765,0,0,3.27279,5
1774299706091,0.0470466,-1.06734,0.0473854,2.84752,7.32896,-5.51653,0,0,3.28096,5
1774299706104,0.0484164,-1.05926,0.051132,1.29019,7.40814,-5.10776,0,0,3.26453,5
1774299706118,0.052513,-1.0538,0.0550778,0.0518711,7.28805,-4.07021,0,0,3.30239,5
1774299706131,0.0533768,-1.04953,0.0598547,-0.824967,7.02183,-2.54493,0,0,3.28842,5
1774299706144,0.0501136,-1.04327,0.0685332,-1.59696,6.9735,-1.5077,0,0,3.28611,5
1774299706158,0.0484665,-1.03987,0.0766721,-2.31836,7.05292,-1.2617,0,0,3.30716,5
1774299706171,0.0486211,-1.03485,0.0834087,-3.14361,7.04353,-0.917744,0,0,3.27307,5
1774299706185,0.0482352,-1.02942,0.0886655,-3.85619,6.95973,-0.179883,0,0,3.28918,5
1774299706198,0.0468197,-1.02483,0.0952834,-4.6033,7.04463,0.382996,0,0,3.26922,5
1774299706212,0.0453807,-1.0228,0.100843,-5.49777,7.14575,0.658246,0,0,3.7324,5
1774299706225,0.0445813,-1.02026,0.105199,-6.29368,7.27031,0.974149,0,0,3.30515,5
1774299706239,0.0438808,-1.02096,0.110036,-6.93319,7.31338,1.24707,0,0,3.2904,5
1774299706252,0.0439904,-1.02053,0.114823,-7.48459,7.26754,1.50725,0,0,3.30711,5
1774299706266,0.0434119,-1.01899,0.122208,-8.10225,7.17332,1.58841,0,0,3.28446,5
1774299706279,0.0420152,-1.01703,0.124903,-8.96445,6.9996,1.41282,0,0,3.3007,5
1774299706292,0.0438506,-1.01411,0.124758,-9.09019,6.75428,1.37297,0,0,3.28831,5
1774299706306,0.04378,-1.01007,0.126199,-9.23671,6.50301,1.35419,0,0,3.30803,5
1774299706320,0.0465739,-1.00615,0.128047,-9.05087,6.10955,1.21186,0,0,3.30637,5
1774299706334,0.0487758,-1.00645,0.12943,-8.92941,5.62641,1.2034,0,0,3.82687,5
1774299706347,0.0497284,-1.00699,0.130272,-8.7287,5.09672,1.3273,0,0,3.30237,5
1774299706361,0.0485893,-1.00568,0.131931,-8.61546,4.60316,1.37531,0,0,3.32307,5
1774299706374,0.0470302,-1.00552,0.132215,-8.6092,4.15698,1.33156,0,0,3.30761,5
1774299706387,0.0472583,-1.00475,0.13191,-8.56261,3.77351,1.27057,0,0,3.27796,5
1774299706401,0.0466436,-1.00302,0.131715,-8.57515,3.41455,1.26139,0,0,3.2914,5
1774299706414,0.046515,-1.00284,0.131368,-8.54418,3.02392,1.19106,0,0,3.27833,5
1774299706428,0.0462958,-1.00579,0.128452,-8.58901,2.57212,1.04761,0,0,3.99939,5
1774299706442,0.0473141,-0.999315,0.131312,-8.43266,2.05575,0.9927,0,0,3.28224,5
1774299706455,0.0465795,-0.998096,0.131367,-8.57881,1.48913,0.747759,0,0,3.27642,5
1774299706468,0.0464643,-0.994966,0.132658,-8.47483,0.918754,0.62917,0,0,3.28926,5
1774299706482,0.0457883,-0.999659,0.129601,-8.67514,0.50583,0.566046,0,0,3.27637,5
1774299706495,0.0469996,-0.99976,0.124947,-8.69935,0.101937,0.482056,0,0,3.28255,5
1774299706509,0.0465671,-0.992147,0.128569,-8.36682,-0.248899,0.525239,0,0,3.27755,1
1774299706522,0.0458332,-0.991038,0.127858,-8.44044,-0.671688,0.40072,0,0,3.30987,1
1774299706536,0.0439142,-0.982942,0.134694,-8.0552,-1.08018,0.55594,0,0,3.26983,1
1774299706549,0.0427411,-0.987959,0.131612,-8.08379,-1.54326,0.340636,0,0,3.2619,1
1774299706562,0.0446836,-0.987557,0.132657,-7.63763,-1.8699,0.252162,0,0,3.29522,1
1774299706576,0.0450783,-0.984471,0.133048,-7.47812,-2.37689,0.306528,0,0,3.28052,1
1774299706589,0.0432564,-0.981071,0.133678,-7.25305,-2.9034,0.300039,0,0,3.28372,1
1774299706602,0.0418772,-0.982935,0.134591,-6.96353,-3.33272,0.0883839,0,0,3.27607,1
1774299706616,0.0434517,-0.987012,0.130264,-6.76091,-3.71655,-0.17948,0,0,3.28629,1
1774299706629,0.0440392,-0.98647,0.127984,-6.67883,-4.02662,-0.174551,0,0,3.3009,1
1774299706642,0.0468218,-0.986741,0.125622,-6.35002,-4.40407,-0.121513,0,0,3.27848,1
1774299706656,0.0463543,-0.983798,0.126844,-6.45755,-4.62119,-0.0354827,0,0,3.27381,3
1774299706669,0.0454268,-0.980374,0.130927,-6.30001,-4.85525,0.043153,0,0,3.28007,1
1774299706683,0.0456076,-0.990692,0.124977,-6.51354,-4.95457,-0.197767,0,0,3.27153,3
1774299706696,0.0468695,-0.980796,0.129793,-6.56395,-4.95412,-0.0338116,0,0,3.2892,3
1774299706709,0.0456419,-0.9836,0.128644,-6.71986,-5.07145,-0.00836477,0,0,3.28303,3
1774299706723,0.0452901,-0.984478,0.128698,-6.9805,-4.98994,-0.0348713,0,0,3.31031,3
1774299706736,0.0449964,-0.986769,0.125739,-7.25007,-4.93912,-0.169935,0,0,3.30176,3
1774299706750,0.0450679,-0.98423,0.127735,-7.51136,-4.79952,-0.129145,0,0,3.27305,3
1774299706763,0.0418478,-0.985037,0.127573,-7.98794,-4.60738,-0.052535,0,0,3.26859,3
1774299706776,0.040765,-0.986321,0.127781,-8.45577,-4.2997,-0.147643,0,0,3.27568,3
1774299706790,0.0406159,-0.988233,0.128823,-9.11102,-4.04139,-0.468637,0,0,3.27985,3
1774299706803,0.0409003,-0.990562,0.126649,-9.96031,-3.85495,-0.749787,0,0,3.27777,3
1774299706816,0.0411082,-0.990377,0.126566,-10.6421,-3.80314,-0.92482,0,0,3.27779,3
1774299706830,0.0412749,-0.993467,0.124469,-11.6076,-3.92294,-1.32682,0,0,3.33611,3
1774299706843,0.0426943,-0.994073,0.124375,-12.4646,-4.26296,-1.88397,0,0,3.28024,3
1774299706857,0.0433896,-0.998048,0.121177,-13.5539,-4.68111,-2.39317,0,0,3.29957,3
1774299706870,0.0437129,-0.998187,0.120757,-14.5188,-5.14688,-2.57322,0,0,3.27285,1
1774299706883,0.0429863,-1.00094,0.119704,-15.621,-5.41782,-2.78,0,0,3.2629,1
1774299706897,0.0463702,-1.00322,0.120342,-16.7024,-5.40423,-3.29674,0,0,3.27459,1
1774299706910,0.0511328,-1.00728,0.120225,-17.8598,-5.36014,-3.84958,0,0,3.25796,1
1774299706923,0.0558152,-1.00982,0.120423,-19.2079,-5.5656,-4.02544,0,0,3.30255,1
1774299706937,0.058606,-1.01471,0.117431,-20.623,-6.25066,-3.97349,0,0,3.27096,1
1774299706950,0.0594169,-1.01916,0.114121,-22.213,-7.29336,-4.07731,0,0,3.27198,1
1774299706964,0.0589858,-1.02549,0.110209,-24.0928,-8.38719,-4.89252,0,0,3.26264,1
1774299706977,0.0527761,-1.02729,0.109318,-26.2675,-9.0176,-6.19467,0,0,3.26803,1
1774299706990,0.0542477,-1.03028,0.102947,-28.1253,-9.74453,-7.88836,0,0,3.27235,1
1774299707004,0.0538612,-1.03203,0.0994588,-29.6401,-10.3626,-9.2691,0,0,3.26544,3
1774299707017,0.0531926,-1.0338,0.0956217,-31.1902,-10.8133,-10.2346,0,0,3.29476,1
1774299707030,0.0521583,-1.03676,0.090874,-32.8473,-10.8584,-11.0731,0,0,3.30898,1
1774299707044,0.0530163,-1.03898,0.0862592,-34.4697,-10.4771,-11.8787,0,0,3.26948,3
1774299707057,0.0554063,-1.0417,0.0821025,-36.2165,-9.84964,-12.526,0,0,3.27598,3
1774299707071,0.0609268,-1.04521,0.0770172,-38.1046,-9.24105,-12.9573,0,0,3.27496,3
1774299707084,0.0672416,-1.048,0.0731472,-40.0067,-8.75952,-13.1172,0,0,3.27472,3
1774299707097,0.0741023,-1.0506,0.0682934,-41.988,-8.48399,-13.1051,0,0,3.26533,3
1774299707111,0.0796167,-1.0532,0.0597548,-44.014,-8.29798,-12.9211,0,0,3.28026,3
1774299707124,0.0832457,-1.04987,0.0557749,-45.9242,-7.9627,-12.4857,0,0,3.26759,3
1774299707137,0.0898015,-1.0498,0.0467374,-47.7564,-7.68433,-12.0243,0,0,3.28968,3
1774299707151,0.0947575,-1.04737,0.0383941,-49.3856,-7.73843,-11.2479,0,0,3.29329,3
1774299707164,0.0944892,-1.04643,0.0291665,-50.9496,-7.77237,-9.77263,0,0,3.26429,3
1774299707177,0.0915741,-1.04693,0.0198619,-52.4827,-7.09276,-8.09105,0,0,3.27515,3
1774299707191,0.0936658,-1.04402,0.0128328,-54.126,-6.00082,-7.11353,0,0,3.25952,3
1774299707204,0.0945877,-1.04422,0.00145586,-55.6634,-4.82027,-6.2358,0,0,3.27968,3
1774299707217,0.0918285,-1.04261,-0.00913522,-56.9411,-3.13987,-4.64514,0,0,3.26503,3
1774299707231,0.0932578,-1.04322,-0.0214199,-58.0496,-1.28868,-2.71979,0,0,3.30626,3
1774299707244,0.0969522,-1.03762,-0.0306475,-58.6625,0.196192,-1.12168,0,0,3.28357,5
1774299707258,0.0999191,-1.03761,-0.0417992,-58.553,1.87609,0.415058,0,0,3.25965,5
1774299707271,0.105682,-1.04036,-0.0510325,-57.9041,3.27893,1.78852,0,0,3.30426,5
1774299707284,0.114716,-1.03482,-0.0460247,-56.878,3.95823,3.00187,0,0,3.28296,5
1774299707298,0.122682,-1.03453,-0.0409583,-55.9732,3.87665,4.28676,0,0,3.29294,5
1774299707311,0.130449,-1.03202,-0.0363591,-55.213,3.08201,5.43063,0,0,3.2807,5
1774299707324,0.142821,-1.02471,-0.0291423,-53.961,1.37322,5.95883,0,0,3.27778,5
1774299707338,0.157459,-1.01719,-0.0207784,-52.0304,-1.68398,6.12,0,0,3.31752,5
1774299707351,0.166353,-1.01292,-0.0131219,-49.9811,-5.59735,7.01803,0,0,3.2867,5
1774299707365,0.171452,-1.00688,-0.00708146,-48.0741,-9.72324,8.92244,0,0,3.28918,5
1774299707378,0.174845,-0.998109,0.000734081,-45.7967,-14.1328,10.8048,0,0,3.26911,5
1774299707391,0.173658,-0.989127,0.00916875,-43.2998,-18.4085,12.2348,0,0,3.26883,5
1774299707405,0.167782,-0.978307,0.0179819,-40.6347,-22.503,13.2086,0,0,3.27731,5
1774299707418,0.154658,-0.964767,0.0246907,-37.5033,-25.9012,14.123,0,0,3.26211,1
1774299707432,0.142673,-0.951563,0.033092,-33.6492,-28.2412,14.883,0,0,3.7967,1
1774299707445,0.13401,-0.941392,0.0405707,-29.3994,-30.0817,15.1341,0,0,3.26668,1
1774299707459,0.123516,-0.931431,0.0469429,-24.9496,-31.2563,15.064,0,0,3.27265,1
1774299707472,0.1141,-0.921489,0.0524278,-20.2548,-31.7682,14.8476,0,0,3.28617,1
1774299707485,0.10691,-0.911683,0.0566373,-15.2547,-31.8364,14.3458,0,0,3.28803,1
1774299707499,0.100591,-0.903267,0.0608014,-9.8778,-31.5086,13.5484,0,0,3.27179,1
1774299707512,0.0943018,-0.89791,0.0635769,-4.30239,-30.8725,12.5992,0,0,3.26639,1
1774299707525,0.0876473,-0.893854,0.0656759,1.43771,-29.8542,11.5311,0,0,3.27268,1
1774299707539,0.0812625,-0.891503,0.067587,7.40434,-28.5748,10.2647,0,0,3.30422,1
1774299707552,0.0745163,-0.892725,0.0677702,13.3883,-27.1394,8.87877,0,0,3.28339,1
1774299707566,0.0680972,-0.895911,0.066408,19.3495,-25.543,7.50552,0,0,3.27222,1
1774299707579,0.061126,-0.901466,0.0644327,25.1648,-23.7296,6.26882,0,0,3.27926,5
1774299707592,0.0543742,-0.907633,0.0612412,30.6008,-21.6783,5.00558,0,0,3.31404,5
1774299707606,0.0500104,-0.912238,0.0577408,35.9571,-19.3482,3.57598,0,0,3.29689,5
1774299707619,0.049254,-0.918671,0.0536462,41.3448,-17.0019,2.07414,0,0,3.30987,5
1774299707633,0.0507622,-0.92716,0.0495918,46.5357,-14.7281,0.704494,0,0,3.29028,5
1774299707646,0.0531333,-0.936677,0.0438463,51.4627,-12.5947,-0.566915,0,0,3.27961,5
1774299707659,0.0559238,-0.948084,0.0365476,56.0428,-10.5296,-1.83509,0,0,3.27616,5
1774299707673,0.0576742,-0.959494,0.027027,60.3154,-8.3731,-3.03084,0,0,3.28335,5
1774299707686,0.0590704,-0.970949,0.016759,64.3098,-6.02113,-4.21391,0,0,3.27879,5
1774299707699,0.0589,-0.981381,0.00585105,67.9072,-3.44783,-5.59052,0,0,3.26755,5
1774299707713,0.056431,-0.991719,-0.00449449,71.0857,-0.435679,-7.29754,0,0,3.27044,5
1774299707726,0.0535574,-1.00034,-0.0161279,73.8795,3.01168,-9.34,0,0,3.27766,5
1774299707739,0.0535214,-1.01081,-0.0306799,76.3402,6.7067,-11.5025,0,0,3.30479,5
1774299707753,0.057384,-1.0254,-0.048642,78.2368,10.0617,-13.4033,0,0,3.26228,5
1774299707766,0.0597645,-1.04121,-0.0698651,79.2409,12.7858,-14.6747,0,0,3.27229,5
1774299707780,0.0585922,-1.05466,-0.0937368,79.4256,15.1691,-15.3926,0,0,3.2635,5
1774299707793,0.0560832,-1.06522,-0.114984,79.3187,17.1083,-15.9418,0,0,3.27653,5
1774299707806,0.0568763,-1.07622,-0.134107,78.3627,18.9302,-16.1814,0,0,3.27287,5
1774299707820,0.0636885,-1.0868,-0.153408,76.3799,20.0277,-15.472,0,0,3.26568,5
1774299707833,0.0739291,-1.08976,-0.171405,74.3757,19.878,-14.1986,0,0,3.27463,5
1774299707846,0.0769313,-1.09718,-0.187633,71.7739,19.6095,-12.8708,0,0,3.30511,5
1774299707860,0.0791829,-1.1045,-0.203899,68.3157,19.2554,-11.9947,0,0,3.29987,5
1774299707873,0.0784747,-1.12746,-0.220382,63.9815,19.0155,-11.6066,0,0,3.27157,5
1774299707887,0.0668216,-1.17413,-0.267898,56.0097,19.722,-11.642,0,0,3.27846,5
1774299707900,0.0538737,-1.15084,-0.260271,50.2941,20.2544,-10.756,0,0,3.27335,5
1774299707913,0.0458162,-1.13703,-0.216025,48.567,20.5951,-8.60651,0,0,3.28159,5
1774299707927,0.0482008,-1.14813,-0.172284,44.9971,19.3645,-7.66003,0,0,3.27426,5
1774299707940,0.0465413,-1.15503,-0.144271,38.4777,17.8792,-7.43032,0,0,3.30894,5
1774299707954,0.0509227,-1.14173,-0.129709,33.8685,17.4578,-6.97586,0,0,3.31396,5
1774299707967,0.0564685,-1.13374,-0.11337,30.2907,17.3546,-6.36148,0,0,3.28074,5
1774299707980,0.0577145,-1.12726,-0.0988881,26.2541,16.9065,-5.90188,0,0,3.29544,5
1774299707994,0.0524466,-1.11274,-0.0861714,22.5206,16.2978,-5.11096,0,0,3.28268,5
1774299708007,0.0510178,-1.10608,-0.0782923,19.7275,15.6953,-4.34042,0,0,3.27415,5
1774299708020,0.0519363,-1.09792,-0.0705549,17.1805,15.318,-4.01989,0,0,3.28243,5
1774299708034,0.0561672,-1.08441,-0.0584368,15.3703,14.9709,-3.55119,0,0,3.27817,5
1774299708047,0.0599996,-1.08418,-0.0513115,13.5122,14.2579,-2.66947,0,0,3.32432,5
1774299708061,0.0576319,-1.07234,-0.0406114,11.942,13.4804,-1.35335,0,0,3.27463,5
1774299708074,0.0510863,-1.06912,-0.0303686,10.5172,12.9855,-0.610752,0,0,3.28163,5
1774299708087,0.0502402,-1.06362,-0.0189828,9.16254,12.6895,-0.305023,0,0,3.33519,5
1774299708101,0.0505521,-1.06292,-0.0106895,7.95622,12.2287,0.12443,0,0,3.27181,5
1774299708114,0.0470708,-1.05642,-0.000911802,6.79529,11.8532,0.793128,0,0,3.29157,5
1774299708128,0.0448628,-1.05344,0.00655919,5.9367,11.652,0.844554,0,0,3.28039,5
1774299708141,0.0441394,-1.05161,0.0126998,5.08859,11.3307,0.801034,0,0,3.64655,5
1774299708155,0.0424012,-1.04826,0.0197037,4.52269,10.7221,0.942792,0,0,3.26715,5
1774299708168,0.0389454,-1.04515,0.0249598,4.07418,10.0213,0.654834,0,0,3.28522,5
1774299708181,0.0372849,-1.04148,0.0307655,3.80454,9.392,-0.081982,0,0,3.28639,5
1774299708195,0.0382061,-1.03911,0.0366483,3.7243,8.66864,-0.720519,0,0,3.27878,5
1774299708208,0.0398665,-1.03638,0.0421778,3.53681,7.86982,-1.0826,0,0,3.28452,5
1774299708222,0.0421161,-1.03142,0.0479779,3.44761,6.95909,-1.4796,0,0,3.27544,5
1774299708235,0.0442141,-1.03086,0.0508445,3.28419,5.92089,-1.88646,0,0,3.28543,5
1774299708248,0.0460815,-1.02726,0.0537138,3.3085,4.81761,-2.06581,0,0,3.3093,5
1774299708262,0.0464792,-1.02474,0.0573224,3.35072,3.71113,-2.26508,0,0,3.29211,5
1774299708275,0.0468168,-1.02228,0.0620438,3.35759,2.66543,-2.40436,0,0,3.2853,5
1774299708288,0.0476308,-1.02429,0.0652241,3.28529,1.57563,-2.49386,0,0,3.28654,5
1774299708302,0.0483985,-1.02374,0.0689487,3.09416,0.672836,-2.53852,0,0,3.28513,5
1774299708315,0.0495917,-1.02388,0.0711437,2.84396,-0.167755,-2.5293,0,0,3.27359,5
1774299708329,0.0497078,-1.02105,0.0756664,2.51444,-0.908099,-2.36815,0,0,3.28731,1
1774299708342,0.0499469,-1.02006,0.0816676,2.08095,-1.43179,-2.27771,0,0,3.63064,1
1774299708356,0.0502504,-1.01888,0.0855058,1.34507,-1.82676,-2.02577,0,0,3.30394,1
1774299708369,0.0520673,-1.02065,0.0880764,0.966893,-2.19616,-1.72331,0,0,3.28476,1
1774299708382,0.0504949,-1.0159,0.0929477,0.392839,-2.40396,-1.40742,0,0,3.27557,1
1774299708396,0.050721,-1.0129,0.0961858,-0.205963,-2.56542,-1.31092,0,0,3.28404,1
1774299708409,0.0517059,-1.00992,0.0974886,-0.897064,-2.70241,-0.975761,0,0,3.2672,3
1774299708422,0.0503736,-1.0087,0.0985209,-1.25267,-2.96188,-0.750182,0,0,3.28102,3
1774299708436,0.0484162,-1.00524,0.100907,-1.52623,-3.19824,-0.833561,0,0,3.27426,3
1774299708449,0.0472918,-1.00529,0.104,-1.67998,-3.42605,-0.981629,0,0,3.3165,3
1774299708463,0.046697,-1.00393,0.106861,-1.94114,-3.62395,-1.05759,0,0,3.26781,3
1774299708476,0.0466087,-1.002,0.107708,-2.23004,-3.89639,-1.07534,0,0,3.28131,3
1774299708489,0.0447092,-1.00184,0.108518,-2.36529,-4.08803,-1.16104,0,0,3.28244,3
1774299708503,0.0451669,-0.996852,0.114075,-2.53663,-4.12549,-1.15115,0,0,3.28207,3
1774299708516,0.0460637,-0.997342,0.119464,-3.0666,-4.14799,-1.18806,0,0,3.28367,3
1774299708529,0.0485228,-0.996049,0.121842,-3.78393,-4.14097,-1.03235,0,0,3.27831,3
1774299708543,0.0491021,-0.998251,0.12293,-4.44775,-4.09239,-0.736374,0,0,3.28889,3
1774299708556,0.0501578,-1.00435,0.117138,-5.41217,-3.92193,-0.584597,0,0,3.30891,3
1774299708570,0.0508577,-0.999354,0.119894,-5.95426,-3.72206,-0.296606,0,0,3.27696,3
1774299708583,0.0501497,-0.99966,0.12079,-6.90012,-3.58479,-0.312939,0,0,3.27139,3
1774299708596,0.0516614,-0.990567,0.127573,-7.35874,-3.51816,-0.0761544,0,0,3.29185,3
1774299708610,0.0501495,-0.99256,0.127546,-8.21726,-3.58073,-0.0346305,0,0,3.28389,3
1774299708623,0.0508604,-0.994466,0.124552,-8.79383,-3.56528,-0.0600919,0,0,3.28154,3
1774299708636,0.0509958,-0.994718,0.122703,-9.23786,-3.50231,-0.0969707,0,0,3.28396,3
1774299708650,0.0496411,-0.98944,0.125601,-9.83126,-3.44074,0.0060951,0,0,3.3122,3
1774299708663,0.0484311,-0.986774,0.128457,-10.2501,-3.3535,0.123504,0,0,3.28428,3
1774299708677,0.0488969,-0.991206,0.125177,-10.9002,-3.17439,0.098593,0,0,3.28904,3
1774299708690,0.0511787,-0.990352,0.123654,-11.5318,-3.00661,0.236933,0,0,3.2767,3
1774299708703,0.0532754,-0.997682,0.116847,-12.0363,-2.97498,0.4463,0,0,3.28511,3
1774299708717,0.0523228,-0.998969,0.110755,-12.7922,-2.95412,0.71072,0,0,3.27981,1
1774299708730,0.0503976,-0.993451,0.114763,-12.9164,-3.0753,0.962449,0,0,3.28535,1
1774299708743,0.0486634,-1.00313,0.107074,-13.9115,-3.25648,0.693941,0,0,3.27652,1
1774299708757,0.0505604,-1.00134,0.106065,-14.1922,-3.5384,0.602778,0,0,3.34411,1
1774299708770,0.0516057,-1.00155,0.108078,-14.7261,-4.0263,0.547985,0,0,3.2705,1
1774299708784,0.051527,-1.00258,0.109298,-15.4938,-4.72491,0.523242,0,0,3.28452,1
1774299708797,0.0504907,-1.01283,0.10233,-16.4985,-5.69905,0.179175,0,0,3.28161,1
1774299708810,0.0494464,-1.01431,0.106076,-17.523,-6.73031,-0.211533,0,0,3.27433,1
1774299708824,0.0509782,-1.02032,0.109156,-18.7418,-7.63135,-0.862928,0,0,3.27955,1
1774299708837,0.0549414,-1.028,0.112209,-20.2845,-8.49299,-1.54244,0,0,3.27511,1
1774299708851,0.0597989,-1.038,0.114882,-22.0301,-9.48998,-2.17356,0,0,3.66196,1
1774299708864,0.0593298,-1.04873,0.115944,-24.3676,-10.443,-2.86819,0,0,3.26842,1
1774299708878,0.0536282,-1.06248,0.116959,-27.4132,-10.8858,-4.01371,0,0,3.27644,1
1774299708891,0.0531621,-1.06909,0.115635,-31.1701,-10.8703,-5.72996,0,0,3.28022,1
1774299708904,0.0517447,-1.07167,0.114774,-34.3638,-10.9187,-7.30585,0,0,3.27109,3
1774299708918,0.0524072,-1.07982,0.110213,-37.3167,-10.8728,-8.28765,0,0,3.27685,3
1774299708931,0.0537775,-1.08351,0.108319,-40.5369,-10.6662,-8.98616,0,0,3.27189,3
1774299708944,0.0555256,-1.08509,0.104959,-43.7109,-10.4554,-9.76581,0,0,3.28939,3
1774299708958,0.0575496,-1.08621,0.0998565,-46.8207,-10.4534,-10.4769,0,0,3.29857,3
1774299708971,0.0540292,-1.08638,0.0951265,-49.7378,-10.3214,-10.3594,0,0,3.27681,3
1774299708985,0.0501822,-1.0877,0.0873469,-52.4316,-9.67307,-9.89218,0,0,3.28494,3
1774299708998,0.0475179,-1.09031,0.0812422,-55.1452,-8.76096,-9.88367,0,0,3.27246,3
1774299709011,0.0447351,-1.09048,0.0737708,-57.7717,-7.74201,-10.3205,0,0,3.28683,3
1774299709025,0.0409743,-1.08867,0.0665301,-60.3417,-6.47621,-10.7063,0,0,3.27137,3
1774299709038,0.039791,-1.09149,0.0577056,-63.3228,-4.95084,-10.602,0,0,3.28646,3
1774299709051,0.0410404,-1.08951,0.047911,-66.3821,-2.76514,-9.36978,0,0,3.2963,3
1774299709065,0.0488761,-1.08308,0.0336441,-68.8159,-0.336797,-7.25949,0,0,3.30635,3
1774299709078,0.0629568,-1.07711,0.0194886,-70.0542,1.23898,-4.9657,0,0,3.28259,3
1774299709092,0.0751833,-1.07206,0.00723342,-70.0105,2.44462,-2.6233,0,0,3.27628,5
1774299709105,0.0857646,-1.0653,0.00174947,-69.3595,2.82303,-0.896577,0,0,3.28828,5
1774299709118,0.093577,-1.06168,0.00208936,-68.4127,2.88734,0.58771,0,0,3.27872,5
1774299709132,0.102233,-1.05836,0.00403727,-67.6,2.35543,2.24009,0,0,3.28409,5
1774299709145,0.113361,-1.04967,0.00767236,-66.8363,0.679267,3.67988,0,0,3.27559,5
1774299709158,0.121771,-1.03812,0.0104972,-65.6637,-1.8132,5.14597,0,0,3.30959,5
1774299709172,0.128713,-1.02387,0.0144156,-63.7626,-4.98969,6.82483,0,0,3.29289,5
1774299709185,0.133142,-1.01247,0.0186218,-61.1888,-8.5228,8.78119,0,0,3.28983,5
1774299709199,0.134291,-1.00247,0.0224412,-58.4468,-12.3574,10.7683,0,0,3.29411,5
1774299709212,0.132935,-0.994208,0.0242145,-55.5191,-16.3581,12.6803,0,0,3.28789,5
1774299709225,0.129886,-0.98545,0.0249279,-52.2297,-20.1822,14.7745,0,0,3.29611,5
1774299709239,0.128552,-0.977363,0.0247239,-48.6184,-23.7606,17.0852,0,0,3.28885,5
1774299709252,0.129101,-0.971061,0.0249346,-44.8302,-27.2197,19.349,0,0,3.30558,1
1774299709266,0.128655,-0.965376,0.0248584,-41.0319,-30.724,21.1684,0,0,3.30976,1
1774299709279,0.125505,-0.957889,0.0240809,-37.1781,-33.8229,22.4757,0,0,3.2887,1
1774299709292,0.119248,-0.948253,0.0227075,-33.1479,-36.2855,23.2758,0,0,3.3,1
1774299709306,0.112538,-0.935708,0.0217144,-28.7451,-37.9518,23.4436,0,0,3.29948,1
1774299709319,0.105182,-0.922984,0.0219072,-23.9492,-38.9685,22.773,0,0,3.30235,1
1774299709333,0.0948702,-0.912227,0.0223585,-19.0296,-39.088,21.3449,0,0,3.2855,1
1774299709346,0.0862904,-0.901919,0.0226299,-14.0263,-38.4369,19.117,0,0,3.30196,1
1774299709359,0.0801464,-0.892744,0.0229001,-8.87629,-37.2152,16.3704,0,0,3.30537,1
1774299709373,0.0750719,-0.884174,0.0228382,-3.59299,-35.7374,13.4971,0,0,3.28698,1
1774299709386,0.0687459,-0.873545,0.0234944,2.12402,-33.8125,10.7828,0,0,3.29546,1
1774299709400,0.0632411,-0.864682,0.026364,8.37201,-31.5241,8.03443,0,0,3.28928,1
1774299709413,0.0581158,-0.85814,0.030432,14.7769,-28.9033,5.17521,0,0,3.30869,1
1774299709426,0.0558732,-0.850848,0.0361692,21.3005,-26.0728,2.12055,0,0,3.28435,1
1774299709440,0.0561737,-0.845573,0.0419972,27.9517,-23.3292,-1.13015,0,0,3.29687,1
1774299709453,0.0552012,-0.842525,0.0480401,34.6676,-20.7288,-4.27002,0,0,3.2885,5
1774299709467,0.0517941,-0.842408,0.0532635,41.5487,-18.0875,-7.11687,0,0,3.3072,5
1774299709480,0.050223,-0.846994,0.0581197,48.6134,-15.5332,-9.79633,0,0,3.30063,5
1774299709493,0.0491904,-0.855425,0.0603399,55.6621,-13.1093,-12.0523,0,0,3.28913,5
1774299709507,0.0491853,-0.869873,0.0588222,62.6391,-10.9785,-13.5827,0,0,3.2973,5
1774299709520,0.0484543,-0.890832,0.0536873,69.1168,-8.94369,-14.391,0,0,3.28963,5
1774299709534,0.0474243,-0.914579,0.0440791,74.7863,-7.01872,-15.1903,0,0,3.28967,5
1774299709547,0.0439837,-0.941804,0.0307805,79.5049,-4.68834,-16.2467,0,0,3.28791,5
1774299709561,0.0456476,-0.970027,0.0145188,83.1603,-2.2369,-17.9473,0,0,3.53434,5
1774299709574,0.0512639,-1.00086,-0.005815,85.5594,-0.104089,-20.1126,0,0,3.28452,5
1774299709587,0.0575422,-1.02731,-0.0282384,86.6447,1.46634,-21.9111,0,0,3.29576,5
1774299709601,0.0562856,-1.04715,-0.0523824,87.1768,2.55604,-22.6055,0,0,3.29395,5
1774299709614,0.0481974,-1.07143,-0.0736021,87.032,3.57348,-22.3655,0,0,3.28652,5
1774299709628,0.0383061,-1.09234,-0.0965737,85.5302,4.77277,-21.7636,0,0,3.30778,5
1774299709641,0.0311323,-1.11529,-0.118039,82.8196,6.11761,-21.0857,0,0,3.28807,5
1774299709654,0.0292049,-1.12829,-0.139473,79.2163,7.18747,-20.2048,0,0,3.30096,5
1774299709668,0.0294011,-1.13741,-0.158379,75.359,7.93142,-19.1781,0,0,3.31063,5
1774299709681,0.0281474,-1.14577,-0.174909,71.2998,8.62465,-17.9915,0,0,3.28974,5
1774299709695,0.0266709,-1.15007,-0.19028,66.8316,9.36719,-17.0375,0,0,3.29759,5
1774299709708,0.0235399,-1.15756,-0.20218,62.3446,10.3494,-16.5246,0,0,3.29732,5
1774299709721,0.0183785,-1.17818,-0.22238,56.2844,11.718,-16.2511,0,0,3.29024,5
1774299709735,0.0240343,-1.20117,-0.248603,48.4545,12.9674,-16.3222,0,0,3.28628,5
1774299709748,0.0313005,-1.17202,-0.233354,43.8217,13.4715,-15.0063,0,0,3.29822,5
1774299709762,0.0354302,-1.16081,-0.200268,41.5624,13.296,-12.3469,0,0,3.76807,5
1774299709775,0.0339555,-1.16424,-0.167092,37.7474,12.6342,-10.5445,0,0,3.27943,5
1774299709789,0.0343177,-1.16324,-0.14252,31.9874,12.1725,-10.3924,0,0,3.29967,5
1774299709802,0.0389774,-1.14981,-0.127479,27.338,12.1547,-10.8469,0,0,3.28576,5
1774299709816,0.0476615,-1.14159,-0.113992,23.6221,12.2968,-10.1387,0,0,3.29052,5
1774299709829,0.0535527,-1.13238,-0.101512,19.9498,12.2039,-8.28546,0,0,3.29791,5
1774299709842,0.0551292,-1.12143,-0.0907197,16.504,12.0409,-6.4261,0,0,3.29972,5
1774299709856,0.0532948,-1.11002,-0.0825563,13.5037,11.7611,-5.2324,0,0,3.28678,5
1774299709869,0.0528646,-1.09651,-0.0755293,11.0994,11.5142,-4.39339,0,0,3.31058,5
1774299709882,0.0529336,-1.08443,-0.0690872,9.13445,11.1878,-3.31456,0,0,3.30407,5
1774299709896,0.0545905,-1.07244,-0.0627133,7.87232,10.8154,-1.86206,0,0,3.28993,5
1774299709909,0.0507404,-1.05969,-0.0520912,7.32584,10.3552,-0.383992,0,0,3.29195,5
1774299709923,0.0427452,-1.05221,-0.0415919,6.83142,10.1276,0.280255,0,0,3.2937,5
1774299709936,0.0387938,-1.05047,-0.0329397,6.42425,10.1508,-0.0120738,0,0,3.29496,5
1774299709949,0.0361897,-1.05023,-0.0279438,5.85794,9.94756,-0.203224,0,0,3.28931,5
1774299709963,0.0363687,-1.04876,-0.0194508,5.89802,9.88541,0.106621,0,0,3.29754,5
1774299709976,0.0370097,-1.04831,-0.00735739,5.57361,9.91111,0.0860822,0,0,3.31582,5
1774299709990,0.0393523,-1.04798,0.00266966,5.1809,9.78807,-0.0531969,0,0,3.30813,5
1774299710003,0.0422758,-1.04897,0.00907649,4.81365,9.58543,-0.0052534,0,0,3.30504,5
1774299710016,0.040854,-1.04542,0.0149576,4.55349,9.31795,0.121356,0,0,3.28993,5
1774299710030,0.0403059,-1.03926,0.0248202,4.6646,8.94857,-0.0961186,0,0,3.30593,5
1774299710043,0.0406145,-1.03874,0.0301195,4.64916,8.29633,-0.582285,0,0,3.28969,5
1774299710057,0.0419347,-1.03776,0.0320481,4.79001,7.44218,-0.943126,0,0,3.30293,5
1774299710070,0.0424817,-1.03494,0.0353337,5.2758,6.41842,-1.44216,0,0,3.30695,5
1774299710083,0.0412218,-1.03085,0.0398529,5.58403,5.39214,-2.09903,0,0,3.27965,5
1774299710097,0.0415864,-1.02637,0.0450073,5.93921,4.23502,-2.65611,0,0,3.29598,5
1774299710110,0.0437182,-1.02554,0.0496694,6.48685,3.09656,-3.2436,0,0,3.28702,5
1774299710124,0.044657,-1.01654,0.0557184,6.56701,2.16241,-3.73049,0,0,3.29309,5
1774299710137,0.0488753,-1.01858,0.0593355,6.72447,1.15263,-4.08858,0,0,3.28446,5
1774299710150,0.0512969,-1.0165,0.0653462,6.62816,0.337363,-4.12772,0,0,3.29604,5
1774299710164,0.0531642,-1.01351,0.0736351,6.51115,-0.368371,-4.15352,0,0,3.29158,5
1774299710177,0.0534336,-1.01712,0.0773228,5.73315,-0.939034,-4.13164,0,0,3.30397,5
1774299710190,0.0554851,-1.01627,0.0814471,5.04161,-1.36122,-4.05489,0,0,3.29271,5
1774299710204,0.054927,-1.01748,0.0841205,4.00478,-1.60172,-3.78633,0,0,3.28628,5
1774299710217,0.0559522,-1.01453,0.0881078,3.26931,-1.83859,-3.33202,0,0,3.2913,5
1774299710231,0.0562813,-1.01413,0.0918565,2.55541,-1.85406,-3.0642,0,0,3.28467,3
1774299710244,0.0566493,-1.01153,0.0929536,1.87041,-1.97101,-2.83751,0,0,3.30254,3
1774299710257,0.0569692,-1.00882,0.0965759,1.54241,-2.09424,-2.65094,0,0,3.28372,3
1774299710271,0.0560687,-1.00745,0.0988226,0.965191,-2.24952,-2.51595,0,0,3.30722,3
1774299710284,0.0558268,-1.00592,0.102145,0.737208,-2.50999,-2.44761,0,0,3.28761,3
1774299710298,0.0553605,-1.00787,0.103262,0.42096,-2.79953,-2.63489,0,0,3.28582,3
1774299710311,0.0551923,-1.00699,0.105505,0.233781,-3.01031,-2.84377,0,0,3.29085,3
1774299710324,0.0552663,-1.00503,0.109806,-0.0675021,-3.23025,-3.01053,0,0,3.28589,3
1774299710338,0.0556681,-1.00573,0.114314,-0.635773,-3.3278,-3.15595,0,0,3.29478,3
1774299710351,0.0574937,-1.00138,0.117782,-1.25652,-3.38392,-3.18403,0,0,3.28769,3
1774299710365,0.0578728,-1.00142,0.11845,-1.88013,-3.36624,-3.24693,0,0,3.28604,3
1774299710378,0.0584702,-1.00115,0.117711,-2.49017,-3.20739,-3.28917,0,0,3.30902,3
1774299710391,0.061006,-0.99702,0.117859,-2.82749,-3.1311,-3.20529,0,0,3.30396,3
1774299710405,0.0631533,-0.995816,0.118801,-3.05768,-3.15929,-3.18307,0,0,3.30058,3
1774299710418,0.0636906,-0.988386,0.123397,-3.30451,-3.31306,-3.05976,0,0,3.28782,3
1774299710432,0.0639162,-0.991702,0.12163,-3.68435,-3.56269,-3.02858,0,0,3.29587,3
1774299710445,0.0640357,-0.990997,0.122237,-4.0172,-3.66387,-2.80518,0,0,3.28685,3
1774299710458,0.0638725,-0.990024,0.124034,-4.37763,-3.63862,-2.63498,0,0,3.29654,3
1774299710472,0.0645598,-0.990354,0.12619,-4.90924,-3.40026,-2.4268,0,0,3.70285,3
1774299710486,0.0657296,-0.989751,0.126181,-5.50137,-3.08365,-2.14167,0,0,3.32063,3
1774299710499,0.0670725,-0.988053,0.126834,-5.96138,-2.81948,-1.79032,0,0,3.30191,3
1774299710512,0.0679295,-0.988725,0.126476,-6.48294,-2.69515,-1.54217,0,0,3.28852,3
1774299710526,0.0681619,-0.98847,0.126305,-6.84635,-2.61505,-1.36575,0,0,3.29948,3
1774299710539,0.0685228,-0.987074,0.126675,-7.1076,-2.69231,-1.25488,0,0,3.28852,3
1774299710553,0.0689641,-0.98891,0.125865,-7.58756,-2.8179,-1.10828,0,0,3.30026,3
1774299710566,0.0720873,-0.992352,0.124952,-8.03674,-2.95229,-0.980171,0,0,3.28956,3
1774299710579,0.0723621,-0.992804,0.123213,-8.74247,-3.1545,-0.76248,0,0,3.30424,1
1774299710593,0.0716852,-0.989478,0.12374,-9.05408,-3.34109,-0.455092,0,0,3.29298,1
1774299710606,0.0703012,-0.986554,0.125824,-9.45311,-3.41958,-0.358486,0,0,3.29809,1
1774299710620,0.0690739,-0.982391,0.126087,-10.0922,-3.53863,-0.378199,0,0,3.29454,5
1774299710633,0.0698114,-0.9871,0.123519,-10.4806,-3.77004,-0.344567,0,0,3.28817,1
1774299710646,0.0688403,-0.988871,0.119217,-11.4235,-4.00089,-0.253732,0,0,3.30098,1
1774299710660,0.0708906,-0.996266,0.113149,-11.9593,-4.2813,-0.309294,0,0,3.28971,1
1774299710673,0.0706732,-0.993728,0.11434,-12.6942,-4.53142,-0.378439,0,0,3.51821,1
1774299710687,0.0698566,-0.988226,0.117134,-13.3961,-4.80177,-0.480529,0,0,3.28956,1
1774299710700,0.067517,-0.993791,0.112075,-14.5103,-5.08822,-0.714769,0,0,3.2888,1
1774299710713,0.067746,-0.996924,0.10821,-15.3063,-5.34831,-0.995815,0,0,3.29221,1
1774299710727,0.0693957,-1.00424,0.105912,-15.9494,-5.62294,-1.41139,0,0,3.2855,1
1774299710740,0.0695426,-1.00717,0.102657,-17.1936,-5.95024,-1.99334,0,0,3.29283,1
1774299710754,0.0715301,-1.0098,0.107905,-17.688,-6.30072,-2.32642,0,0,3.28778,1
1774299710767,0.0717758,-1.01616,0.108728,-19.2452,-6.59215,-2.86775,0,0,3.2835,1
1774299710780,0.0737297,-1.02273,0.108307,-21.017,-6.62744,-3.51573,0,0,3.30652,3
1774299710794,0.0799651,-1.03934,0.1034,-22.9288,-6.56142,-4.17832,0,0,3.2765,3
1774299710807,0.0811979,-1.03874,0.108381,-25.5511,-6.44772,-4.40811,0,0,3.29774,3
1774299710821,0.0855798,-1.04577,0.105434,-28.2268,-6.59388,-4.65283,0,0,3.28539,3
1774299710834,0.0886277,-1.05163,0.102575,-30.9831,-7.02215,-4.95277,0,0,3.29263,3
1774299710847,0.0918839,-1.05433,0.101954,-33.4594,-7.48506,-5.29882,0,0,3.28617,3
1774299710861,0.0923499,-1.05791,0.0992888,-36.007,-8.00636,-5.72138,0,0,3.29189,3
1774299710874,0.0925179,-1.06404,0.0941566,-38.5128,-8.46588,-6.03974,0,0,3.28009,3
1774299710888,0.0932231,-1.06732,0.0911386,-41.0425,-8.83153,-6.25545,0,0,3.30037,3
1774299710901,0.095894,-1.07246,0.0871101,-43.7655,-9.20109,-6.46164,0,0,3.29778,3
1774299710914,0.0968679,-1.07563,0.0821475,-46.6484,-9.4904,-6.43874,0,0,3.28485,3
1774299710928,0.0978206,-1.07887,0.077925,-49.3854,-9.57379,-6.00265,0,0,3.29841,3
1774299710941,0.100301,-1.08343,0.0741969,-52.1564,-9.59256,-5.52122,0,0,3.28952,3
1774299710955,0.102855,-1.08859,0.0706317,-55.1201,-9.92328,-5.30914,0,0,3.29422,3
1774299710968,0.106268,-1.09364,0.0694006,-58.3594,-10.5789,-5.12053,0,0,3.28915,3
1774299710982,0.110141,-1.10202,0.0660452,-61.9968,-11.4421,-4.88469,0,0,3.6019,3
1774299710995,0.11252,-1.11081,0.0622601,-66.0301,-12.2373,-4.61669,0,0,3.29119,3
1774299711008,0.113312,-1.11914,0.0587472,-70.2233,-12.871,-4.39027,0,0,3.28654,3
1774299711022,0.111282,-1.12637,0.0499534,-74.3826,-12.9356,-4.1804,0,0,3.29613,3
1774299711035,0.112448,-1.12959,0.0385974,-78.4533,-12.8596,-4.06238,0,0,3.28174,3
1774299711049,0.117449,-1.13001,0.0280476,-82.2182,-12.5369,-3.79598,0,0,3.30147,3
1774299711062,0.128317,-1.12015,0.0187493,-85.2611,-12.0923,-3.36082,0,0,3.27678,3
1774299711075,0.146729,-1.1056,0.00489282,-86.9862,-12.9563,-3.18173,0,0,3.27804,3
1774299711089,0.148853,-1.0775,0.000632305,-85.9023,-14.0156,-1.4164,0,0,3.30323,3
1774299711102,0.156907,-1.05734,0.00520639,-82.8805,-14.7345,1.30625,0,0,3.2695,3
1774299711115,0.157113,-1.03965,0.0109257,-79.5602,-16.5285,3.67107,0,0,3.28756,3
1774299711129,0.150274,-1.02011,0.01679,-75.8785,-17.9354,5.81418,0,0,3.27797,3
1774299711142,0.14746,-0.999526,0.0221522,-71.2892,-19.3054,7.56004,0,0,3.30347,3
1774299711156,0.148902,-0.97989,0.0267141,-66.0384,-21.2155,9.06539,0,0,3.30543,3
1774299711169,0.147066,-0.962523,0.0314288,-60.2767,-23.2052,11.0476,0,0,3.27965,3
1774299711182,0.144414,-0.945413,0.0353928,-54.2807,-24.9094,13.4664,0,0,3.31178,3
1774299711196,0.140971,-0.927173,0.0401336,-48.0901,-26.5399,15.6175,0,0,3.27102,1
1774299711209,0.135244,-0.909548,0.045233,-41.464,-27.8023,17.2481,0,0,3.29262,1
1774299711223,0.130429,-0.89278,0.0485933,-34.4594,-28.6411,18.2717,0,0,3.27856,1
1774299711236,0.127042,-0.879062,0.0519348,-27.0752,-29.1314,18.8611,0,0,3.31297,1
1774299711249,0.122457,-0.869863,0.0526317,-19.7109,-29.5089,19.19,0,0,3.31708,1
1774299711263,0.11502,-0.863275,0.0507144,-12.3996,-29.2427,19.2573,0,0,3.28382,1
1774299711276,0.107417,-0.85845,0.0471192,-4.98324,-28.4374,18.6798,0,0,3.29,1
1774299711290,0.0984271,-0.856035,0.0425174,2.57888,-27.0928,17.4123,0,0,3.29891,1
1774299711303,0.0891366,-0.857174,0.0385227,10.1193,-25.0331,15.7706,0,0,3.29667,1
1774299711316,0.0833059,-0.862982,0.0332078,17.1773,-22.7734,13.6537,0,0,3.27961,1
1774299711330,0.0775914,-0.869999,0.027015,23.8222,-20.3853,11.1781,0,0,3.2848,1
1774299711343,0.0730023,-0.879742,0.0210183,30.106,-17.9479,8.74927,0,0,3.28313,5
1774299711357,0.0710376,-0.89051,0.0142589,35.7666,-15.7088,6.47254,0,0,3.28684,5
1774299711370,0.0712194,-0.899526,0.00575576,41.1166,-13.7683,4.42071,0,0,3.27963,5
1774299711384,0.0727279,-0.908864,-0.00239685,46.4265,-12.2129,2.76187,0,0,3.7302,5
1774299711397,0.0751527,-0.919949,-0.0108122,51.4183,-11.074,1.47012,0,0,3.31334,5
1774299711411,0.0753788,-0.929974,-0.0192012,56.0561,-10.1449,0.31933,0,0,3.281,5
1774299711424,0.0740041,-0.938535,-0.0262196,60.4791,-9.13184,-0.981429,0,0,3.29632,5
1774299711437,0.0706396,-0.946743,-0.0306463,64.6484,-7.79964,-2.48712,0,0,3.27948,5
1774299711451,0.0687675,-0.954197,-0.0325732,68.5976,-6.12639,-4.30014,0,0,3.28928,5
1774299711464,0.0680984,-0.96661,-0.0349604,72.1994,-4.51446,-6.53728,0,0,3.28185,5
1774299711478,0.0680671,-0.980989,-0.0414498,75.4146,-2.87348,-8.86473,0,0,3.28087,5
1774299711491,0.0694358,-0.998199,-0.0498762,78.297,-1.4423,-10.7135,0,0,3.30836,5
1774299711504,0.0701041,-1.01407,-0.0608276,80.611,-0.272948,-11.7581,0,0,3.30745,5
1774299711518,0.0698143,-1.03058,-0.071962,82.3605,0.661679,-12.363,0,0,3.29293,5
1774299711531,0.0683306,-1.04599,-0.0854602,83.3607,1.3649,-13.0847,0,0,3.27684,5
1774299711544,0.067467,-1.05973,-0.0992436,83.7215,2.08476,-13.8943,0,0,3.28419,5
1774299711558,0.0685204,-1.07195,-0.112723,83.3145,2.57414,-14.6012,0,0,3.27008,5
1774299711571,0.065086,-1.07884,-0.125549,82.4307,3.06089,-15.056,0,0,3.2876,5
1774299711585,0.0606595,-1.08385,-0.135988,81.4405,3.95453,-15.446,0,0,3.27567,5
1774299711598,0.058989,-1.08991,-0.144327,80.0114,4.95946,-16.0641,0,0,3.29684,5
1774299711611,0.0582029,-1.09811,-0.152087,77.6668,5.88833,-16.7606,0,0,3.28785,5
1774299711625,0.0532019,-1.10042,-0.158206,74.7542,6.81734,-17.4047,0,0,3.27645,5
1774299711638,0.0471063,-1.10043,-0.162807,71.4868,8.17337,-18.2624,0,0,3.33371,5
1774299711652,0.0432525,-1.09994,-0.165414,68.0644,9.90337,-19.2299,0,0,3.28658,5
1774299711665,0.0447242,-1.09838,-0.165665,64.5599,11.3265,-19.888,0,0,3.29463,5
1774299711678,0.0450638,-1.09513,-0.166299,60.8332,12.2553,-20.1161,0,0,3.27771,5
1774299711692,0.0443956,-1.0898,-0.167034,57.3987,12.9116,-19.9858,0,0,3.29576,5
1774299711705,0.0440663,-1.08906,-0.166712,53.9303,13.1589,-19.6445,0,0,3.28632,5
1774299711718,0.0436019,-1.08839,-0.169148,49.9469,12.9808,-19.0397,0,0,3.27532,5
1774299711732,0.0504715,-1.09636,-0.174317,45.6629,12.194,-18.3391,0,0,3.28893,5
1774299711745,0.0580443,-1.09601,-0.175663,40.8994,11.2339,-17.0976,0,0,3.27754,5
1774299711759,0.0655208,-1.09134,-0.151485,38.0743,10.6598,-14.6536,0,0,3.30213,5
1774299711772,0.0702146,-1.09889,-0.117495,35.7228,10.8146,-12.792,0,0,3.27895,5
1774299711785,0.0698666,-1.11249,-0.0892838,31.7412,11.2408,-11.6741,0,0,3.29063,5
1774299711799,0.0745092,-1.11086,-0.0712324,27.8931,11.4602,-10.5783,0,0,3.32088,5
1774299711812,0.0799096,-1.10912,-0.0562018,24.2839,11.2833,-8.62114,0,0,3.28821,5
1774299711826,0.0764791,-1.10226,-0.0412947,21.054,11.35,-6.3259,0,0,3.29767,5
1774299711839,0.069942,-1.09354,-0.0271783,17.9578,11.9748,-5.21618,0,0,3.29256,5
1774299711852,0.0663815,-1.08377,-0.0186334,14.6974,12.747,-5.35648,0,0,3.35643,5
1774299711866,0.0684966,-1.07168,-0.0153948,12.3079,13.0288,-5.34933,0,0,3.28697,5
1774299711879,0.0718004,-1.06189,-0.00965004,11.0746,12.9869,-4.25542,0,0,3.28085,5
1774299711893,0.072408,-1.05643,-0.00229872,9.53709,12.9735,-3.21516,0,0,3.30624,5
1774299711906,0.0707042,-1.04776,0.00415456,8.4609,12.787,-2.71624,0,0,3.27321,5
1774299711920,0.0733883,-1.0419,0.0129628,7.92936,12.3515,-2.21962,0,0,3.28963,5
1774299711933,0.0729014,-1.03535,0.0238202,7.25507,11.8377,-1.47125,0,0,3.28074,5
1774299711946,0.0747741,-1.03249,0.033103,6.48502,11.4383,-0.981517,0,0,3.2863,5
1774299711960,0.0755933,-1.0299,0.0392359,5.59073,10.9226,-0.837398,0,0,3.30337,5
1774299711973,0.075309,-1.02864,0.0474175,5.33794,10.2658,-0.510393,0,0,3.29067,5
1774299711986,0.0735423,-1.03034,0.0554869,4.7161,9.56022,-0.443227,0,0,3.29547,5
1774299712000,0.0708386,-1.02335,0.0643671,4.23019,8.64288,-0.656865,0,0,3.30784,5
1774299712013,0.0693315,-1.02439,0.07114,3.95052,7.6571,-1.09102,0,0,3.29393,5
1774299712027,0.0682213,-1.02317,0.0775847,3.34826,6.85593,-1.46529,0,0,3.27741,5
1774299712040,0.0702133,-1.02553,0.0833739,2.96049,6.24314,-1.90763,0,0,3.29699,5
1774299712053,0.0721608,-1.02156,0.0900523,2.01898,5.81159,-2.18856,0,0,3.28073,5
1774299712067,0.0747812,-1.01853,0.0944207,1.23048,5.36314,-2.16856,0,0,3.27456,5
1774299712080,0.0784401,-1.01963,0.095758,0.296954,5.06231,-2.05506,0,0,3.28408,5
1774299712094,0.0815333,-1.01287,0.0981365,-0.503284,4.76294,-1.77279,0,0,3.71737,5
1774299712107,0.0835837,-1.00582,0.105109,-0.698567,4.32407,-1.41516,0,0,3.29126,5
1774299712121,0.0814659,-1.00734,0.106256,-1.35005,3.98347,-0.981668,0,0,3.32017,5
1774299712134,0.0820778,-1.0068,0.105112,-1.90461,3.49027,-0.523681,0,0,3.28528,5
1774299712148,0.0821078,-1.01058,0.10565,-1.81233,2.97806,-0.423227,0,0,3.2891,5
1774299712161,0.0787199,-1.0068,0.107724,-2.30157,2.71767,-0.495829,0,0,3.29682,3
1774299712174,0.0781707,-1.00119,0.113829,-2.58139,2.33273,-0.340846,0,0,3.28967,3
1774299712188,0.079151,-1.00931,0.11293,-3.10628,1.86147,-0.466454,0,0,3.28712,3
1774299712201,0.0786256,-0.999706,0.118945,-3.48183,1.52583,-0.513509,0,0,3.31002,3
1774299712214,0.0786785,-1.00357,0.120363,-3.92923,0.881464,-0.808414,0,0,3.27597,3
1774299712228,0.0806509,-1.00441,0.123299,-4.57591,0.303639,-0.934771,0,0,3.30075,3
1774299712241,0.0831776,-1.00405,0.124836,-5.12937,-0.276886,-0.96198,0,0,3.28437,3
1774299712255,0.0823694,-0.999129,0.129082,-6.06797,-0.734929,-0.685363,0,0,3.29947,3
1774299712268,0.0829632,-1.00157,0.129277,-6.96421,-1.2101,-0.522746,0,0,3.28339,3
1774299712281,0.0820149,-1.00186,0.132454,-8.10391,-1.45094,-0.533673,0,0,3.28356,3
1774299712295,0.0813537,-1.00091,0.133334,-9.3578,-1.69969,-0.687858,0,0,3.34623,3
1774299712308,0.0809882,-1.00066,0.131987,-10.5088,-1.8634,-0.704511,0,0,3.28923,3
1774299712322,0.0809378,-0.996065,0.133646,-11.3431,-1.94685,-0.544244,0,0,3.28926,3
1774299712335,0.0813379,-0.995394,0.132553,-12.1207,-2.04018,-0.471754,0,0,3.27598,3
1774299712348,0.0824466,-0.99267,0.130258,-12.701,-2.2456,-0.424739,0,0,3.29451,3
1774299712362,0.0827487,-0.99282,0.126996,-13.0226,-2.43864,-0.277169,0,0,3.27667,3
1774299712375,0.08339,-0.988756,0.12756,-13.2209,-2.65895,-0.0411058,0,0,3.28256,3
1774299712389,0.0838004,-0.989525,0.128131,-13.4538,-3.03433,0.119629,0,0,3.27906,3
1774299712402,0.0847373,-0.990475,0.126489,-13.7966,-3.34027,0.288475,0,0,3.30471,3
1774299712415,0.0851421,-0.988777,0.125858,-14.0136,-3.69585,0.481677,0,0,3.29011,3
1774299712429,0.0839491,-0.990496,0.12251,-14.2731,-3.94499,0.689733,0,0,3.29482,3
1774299712442,0.0827868,-0.992833,0.120302,-14.5109,-4.10436,0.792345,0,0,3.30765,3
1774299712455,0.0827965,-0.993061,0.120134,-14.8372,-4.33016,0.752183,0,0,3.28982,3
1774299712469,0.0818982,-0.994454,0.120187,-15.2141,-4.63363,0.647476,0,0,3.2886,3
1774299712482,0.0795551,-0.993597,0.118967,-15.7947,-4.87213,0.502398,0,0,3.2913,1
1774299712496,0.0784249,-0.999845,0.113102,-16.2635,-5.06128,0.200178,0,0,3.28597,1
1774299712509,0.0781448,-0.999382,0.113249,-16.8354,-5.17431,-0.127052,0,0,3.31086,1
1774299712522,0.0794145,-1.00004,0.112652,-17.5678,-5.30755,-0.513429,0,0,3.28952,1
1774299712536,0.0794969,-1.00253,0.109092,-18.3589,-5.51039,-0.819899,0,0,3.3083,1
1774299712549,0.0805367,-1.0028,0.106403,-19.0971,-5.85257,-1.17169,0,0,3.28765,1
1774299712563,0.0797052,-1.00585,0.102497,-20.0337,-6.29116,-1.63863,0,0,3.28619,1
1774299712576,0.0796574,-1.0091,0.0988477,-20.9837,-6.6101,-2.15089,0,0,3.29282,1
1774299712589,0.0813307,-1.01011,0.0971621,-21.9133,-6.96596,-2.78556,0,0,3.28424,1
1774299712603,0.0807101,-1.0135,0.0924965,-22.9077,-7.4196,-3.46727,0,0,3.33245,1
1774299712616,0.0796041,-1.01694,0.0867538,-24.1084,-7.77544,-4.17326,0,0,3.32504,1
1774299712630,0.0791977,-1.01727,0.0847322,-25.1676,-8.07706,-4.94884,0,0,3.32082,1
1774299712643,0.0769727,-1.01831,0.0817313,-26.6239,-8.29711,-5.96394,0,0,3.29069,1
1774299712656,0.0752508,-1.01784,0.0807835,-27.9681,-8.28001,-6.9555,0,0,3.30417,3
1774299712670,0.0747038,-1.02001,0.0762897,-29.4857,-8.34909,-7.98907,0,0,3.28908,3
1774299712683,0.0768607,-1.0276,0.0671985,-31.2932,-8.42928,-8.99078,0,0,3.28617,3
1774299712697,0.0811867,-1.03307,0.062007,-32.9857,-8.49554,-9.77103,0,0,3.28171,3
1774299712710,0.0841064,-1.03956,0.0560388,-34.972,-8.5718,-10.4009,0,0,3.28689,3
1774299712723,0.08787,-1.04353,0.0546024,-36.8104,-8.44552,-10.7492,0,0,3.29328,3
1774299712737,0.0926969,-1.04445,0.0572326,-38.9843,-8.33618,-11.1204,0,0,3.278,3
1774299712750,0.0979746,-1.04894,0.0550713,-41.0023,-8.19229,-11.1954,0,0,3.28436,3
1774299712764,0.106225,-1.05852,0.0469081,-43.1436,-8.18108,-10.9866,0,0,3.2731,3
1774299712777,0.114637,-1.0606,0.0453478,-45.3201,-8.4197,-10.5395,0,0,3.27371,3
1774299712790,0.121528,-1.06177,0.0486817,-47.2667,-8.8663,-9.96673,0,0,3.28762,3
1774299712804,0.123751,-1.07017,0.0428158,-49.5853,-9.45528,-9.42009,0,0,3.62277,3
1774299712817,0.124553,-1.06822,0.0433777,-51.7962,-9.83267,-8.66561,0,0,3.28573,3
1774299712831,0.126132,-1.07432,0.0329712,-54.0839,-10.555,-8.32897,0,0,3.3218,3
1774299712844,0.123285,-1.07497,0.0227529,-56.5357,-11.1897,-8.07844,0,0,3.30891,3
1774299712858,0.118342,-1.06979,0.0178394,-58.8637,-11.3974,-7.61074,0,0,3.2768,3
1774299712871,0.114576,-1.07121,0.003884,-61.4888,-11.2664,-7.29517,0,0,3.27163,3
1774299712884,0.110825,-1.0642,-0.00309771,-63.8233,-10.5453,-6.87355,0,0,3.28076,3
1774299712898,0.107569,-1.06174,-0.0150698,-66.0276,-9.29699,-6.55522,0,0,3.27252,3
1774299712911,0.107253,-1.05589,-0.0280559,-68.1186,-7.60227,-6.1811,0,0,3.30778,3
1774299712925,0.109172,-1.05467,-0.0475421,-70.121,-5.6348,-5.36081,0,0,3.27689,3
1774299712938,0.111049,-1.04584,-0.062973,-71.8796,-3.16538,-3.63853,0,0,3.2998,3
1774299712951,0.120809,-1.03973,-0.0804411,-73.078,-0.816494,-1.3406,0,0,3.27991,3
1774299712965,0.126064,-1.03231,-0.0912089,-73.4667,1.69994,1.27331,0,0,3.2896,3
1774299712978,0.148663,-1.0257,-0.103406,-73.1592,3.59351,3.10646,0,0,3.29365,3
1774299712992,0.153789,-1.00699,-0.11397,-71.1965,3.58548,5.15921,0,0,3.28415,3
1774299713005,0.162673,-0.995035,-0.101107,-66.5692,3.99881,8.94272,0,0,3.76335,5
1774299713019,0.182828,-0.99191,-0.0841824,-62.5234,0.915081,12.1535,0,0,3.28104,5
1774299713032,0.184516,-0.984481,-0.068073,-59.2454,-3.83217,14.4948,0,0,3.3018,5
1774299713046,0.178785,-0.96813,-0.0558498,-54.8368,-8.00184,16.3823,0,0,3.29891,5
1774299713059,0.172674,-0.948725,-0.0402641,-48.7862,-11.47,18.0085,0,0,3.2961,5
1774299713072,0.172469,-0.939927,-0.0221569,-42.4675,-15.0563,19.3705,0,0,3.2899,5
1774299713086,0.171258,-0.934365,-0.00804471,-36.8646,-18.581,20.8745,0,0,3.29754,5
1774299713099,0.166854,-0.924402,0.00175615,-31.3747,-22.021,22.6033,0,0,3.28656,5
1774299713113,0.158425,-0.91401,0.0112672,-25.2837,-24.6394,24.5301,0,0,3.31047,5
1774299713126,0.154283,-0.911193,0.0212271,-19.2398,-26.7329,25.8928,0,0,3.30202,5
1774299713139,0.148764,-0.911223,0.0284132,-13.8731,-28.3759,26.4572,0,0,3.29341,5
1774299713153,0.141148,-0.910578,0.0338864,-8.75957,-29.2784,26.5091,0,0,3.30486,1
1774299713166,0.134708,-0.906492,0.0373906,-3.53377,-29.5458,26.0335,0,0,3.29128,1
1774299713179,0.130664,-0.899958,0.0413608,2.40386,-29.2801,24.8721,0,0,3.28819,1
1774299713193,0.127854,-0.899443,0.0464279,8.70509,-28.8281,23.2538,0,0,3.29447,1
1774299713206,0.121238,-0.903371,0.0502911,14.4867,-28.103,21.4327,0,0,3.36836,5
1774299713220,0.114259,-0.904062,0.0519034,20.0383,-26.9137,19.193,0,0,3.30652,5
1774299713233,0.109038,-0.903998,0.0540217,25.8856,-25.4794,16.5419,0,0,3.28767,5
1774299713247,0.105679,-0.907097,0.0565599,31.7744,-23.9958,13.8893,0,0,3.31158,5
1774299713260,0.101901,-0.912142,0.058528,37.4498,-22.5278,11.4356,0,0,3.2876,5
1774299713273,0.0978716,-0.917917,0.0606342,43.0013,-21.1177,8.97864,0,0,3.28899,5
1774299713287,0.0934633,-0.925585,0.0633423,48.2183,-19.6715,6.41201,0,0,3.30436,5
1774299713300,0.0894506,-0.935043,0.0644479,53.0163,-18.2243,3.73157,0,0,3.28801,5
1774299713313,0.0830403,-0.947204,0.0648539,57.4171,-16.5932,1.19421,0,0,3.3131,5
1774299713327,0.0764833,-0.958322,0.0631601,61.5544,-14.5949,-1.12418,0,0,3.29671,5
1774299713340,0.0737898,-0.965611,0.0600456,66.0017,-12.3658,-3.23074,0,0,3.30558,5
1774299713354,0.0751325,-0.974866,0.0556686,70.8919,-10.332,-4.96737,0,0,3.29145,5
1774299713367,0.0754982,-0.991073,0.0500417,75.5001,-8.46959,-6.21051,0,0,3.29158,5
1774299713380,0.0741397,-1.00901,0.0406997,79.2375,-6.65985,-7.30813,0,0,3.30295,5
1774299713394,0.071933,-1.02527,0.0286594,82.2853,-4.67288,-8.76124,0,0,3.3269,5
1774299713407,0.0709973,-1.04283,0.0132271,84.4312,-2.65777,-10.7563,0,0,3.30473,5
1774299713421,0.0714906,-1.05945,-0.00258728,85.683,-0.864454,-13.0689,0,0,3.31315,5
1774299713434,0.071738,-1.07604,-0.0184254,85.8284,0.714373,-15.3759,0,0,3.30556,5
1774299713448,0.0726579,-1.08049,-0.0383648,85.4651,2.13014,-17.4448,0,0,3.2958,5
1774299713461,0.0726942,-1.07885,-0.0577418,86.0312,3.5093,-18.9485,0,0,3.29413,5
1774299713474,0.0698781,-1.08541,-0.0739973,87.1269,4.6317,-19.3338,0,0,3.29026,5
1774299713488,0.0661815,-1.09744,-0.0898622,87.2778,5.64275,-19.1048,0,0,3.32095,5
1774299713501,0.0617925,-1.10955,-0.107585,86.3309,6.69515,-18.7341,0,0,3.28426,5
1774299713514,0.0609799,-1.11763,-0.125301,84.7486,7.64955,-18.4891,0,0,3.2981,5
1774299713528,0.0623276,-1.12425,-0.141635,82.3554,8.49133,-18.215,0,0,3.29426,5
1774299713541,0.0640648,-1.1289,-0.157157,79.384,9.21309,-17.842,0,0,3.285,5
1774299713555,0.0630889,-1.13351,-0.171382,76.065,9.97873,-17.364,0,0,3.29515,5
1774299713568,0.0620168,-1.13981,-0.183842,72.3134,10.8654,-16.9724,0,0,3.27984,5
1774299713581,0.0583757,-1.15081,-0.194946,67.5901,11.8783,-16.7037,0,0,3.27762,5
1774299713595,0.0538049,-1.15985,-0.2055,61.9148,13.0755,-16.4682,0,0,3.29643,5
1774299713608,0.0485798,-1.16584,-0.215272,55.6886,14.5314,-16.164,0,0,3.28778,5
1774299713622,0.0559043,-1.14505,-0.20116,50.6629,15.5845,-15.7545,0,0,3.32206,5
1774299713635,0.0577302,-1.13875,-0.162553,47.3929,16.2466,-14.3835,0,0,3.28458,5
1774299713649,0.0593055,-1.13877,-0.114893,42.6891,15.8333,-13.7128,0,0,3.37753,5
1774299713662,0.0609079,-1.1406,-0.0829309,36.1086,14.7165,-14.1755,0,0,3.29886,5
1774299713675,0.0627072,-1.13924,-0.0643672,30.2021,13.1854,-14.3147,0,0,3.28852,5
1774299713689,0.0659225,-1.13502,-0.0531602,25.258,12.0681,-13.0874,0,0,3.33321,5
1774299713702,0.0682926,-1.12951,-0.0437566,21.3115,11.7329,-11.7363,0,0,3.28212,5
1774299713716,0.0681461,-1.11969,-0.0336218,17.8848,11.7564,-11.1495,0,0,3.68013,5
1774299713729,0.0671518,-1.10797,-0.0232255,15.2661,11.7161,-10.7472,0,0,3.27141,5
1774299713743,0.0688381,-1.09758,-0.0117785,13.0023,11.324,-9.98891,0,0,3.29534,5
1774299713756,0.0714437,-1.08797,-0.000832088,10.7045,11.1161,-8.82786,0,0,3.28149,5
1774299713769,0.0729744,-1.07697,0.00782055,8.80584,11.1525,-7.81244,0,0,3.27441,5
1774299713783,0.0742033,-1.06677,0.0172586,7.36561,11.2818,-7.00726,0,0,3.28384,5
1774299713796,0.0772896,-1.05987,0.0236466,5.99289,11.3482,-6.14963,0,0,3.28128,5
1774299713810,0.0791092,-1.05393,0.0294244,4.96178,11.0884,-5.03822,0,0,3.28847,5
1774299713823,0.0770268,-1.04842,0.0365616,4.21631,10.7945,-4.15402,0,0,3.29984,5
1774299713836,0.0754413,-1.0417,0.048138,3.81025,10.6433,-3.97881,0,0,3.29447,5
1774299713850,0.07763,-1.04402,0.0573183,3.11952,10.0827,-4.0969,0,0,3.28067,5
1774299713863,0.0805557,-1.04024,0.0658301,2.57116,9.24092,-3.6059,0,0,3.29069,5
1774299713877,0.0784315,-1.03675,0.0737456,2.09895,8.27512,-3.23964,0,0,3.28356,5
1774299713890,0.0764642,-1.03476,0.0806849,1.73415,7.43414,-3.45442,0,0,3.26941,5
1774299713903,0.0761738,-1.03312,0.0862637,1.26693,6.62621,-3.68756,0,0,3.29071,5
1774299713917,0.0756719,-1.02905,0.0911288,0.877718,5.77839,-3.81213,0,0,3.6778,5
1774299713930,0.0760995,-1.02594,0.0955996,0.575855,5.00938,-4.16864,0,0,3.29882,5
1774299713944,0.0765405,-1.0232,0.0992983,0.236544,4.32589,-4.61477,0,0,3.27999,5
1774299713957,0.0789053,-1.02054,0.1059,-0.0225029,3.66662,-4.95923,0,0,3.29914,5
1774299713971,0.0810386,-1.01817,0.110717,-0.540203,3.02634,-5.18375,0,0,3.28806,5
1774299713984,0.0845199,-1.01481,0.113499,-0.796358,2.40014,-5.24623,0,0,3.2891,5
1774299713997,0.0871764,-1.0137,0.114802,-1.00774,1.73071,-5.12409,0,0,3.30134,5
1774299714011,0.0881792,-1.0046,0.120523,-0.890843,1.04787,-4.8752,0,0,3.28917,3
1774299714024,0.0888606,-1.00725,0.122929,-0.914949,0.345097,-4.85523,0,0,3.31425,3
1774299714038,0.09074,-1.00969,0.123905,-1.1321,-0.154257,-4.68651,0,0,3.29153,3
1774299714051,0.0925586,-1.00718,0.126857,-1.04548,-0.730507,-4.36497,0,0,3.30327,3
1774299714064,0.0903579,-1.00517,0.132734,-1.27928,-1.18195,-4.33294,0,0,3.28519,3
1774299714078,0.0884243,-0.999713,0.138428,-1.7282,-1.52928,-4.43287,0,0,3.2883,3
1774299714091,0.0891269,-1.00468,0.139987,-1.98366,-2.02197,-4.64195,0,0,3.29021,3
1774299714105,0.0882294,-1.00721,0.140015,-2.50868,-2.32604,-4.74981,0,0,3.28593,3
1774299714118,0.0924853,-1.00861,0.139796,-2.49941,-2.68156,-4.94026,0,0,3.69997,3
1774299714132,0.0927222,-1.00205,0.144413,-2.81309,-2.94134,-4.85497,0,0,3.28088,3
1774299714145,0.0948384,-1.00033,0.147963,-3.06379,-3.24908,-4.73166,0,0,3.30147,3
1774299714159,0.0975134,-1.00433,0.147257,-3.69264,-3.4021,-4.56516,0,0,3.2859,3
1774299714172,0.100082,-1.00277,0.148345,-4.23184,-3.42065,-4.27355,0,0,3.28851,3
1774299714185,0.102101,-0.9952,0.154071,-4.74936,-3.3568,-4.003,0,0,3.29397,3
1774299714199,0.101928,-0.991353,0.155085,-5.66518,-3.29055,-3.7228,0,0,3.2851,3
1774299714212,0.102221,-0.983456,0.16183,-5.95372,-3.21644,-3.13546,0,0,3.2908,3
1774299714225,0.101851,-0.989508,0.159301,-6.64184,-3.16448,-2.88551,0,0,3.30064,3
1774299714239,0.103237,-0.988824,0.155783,-7.18903,-2.96985,-2.51342,0,0,3.3196,3
1774299714252,0.106036,-0.98438,0.158558,-7.03841,-2.95013,-2.06671,0,0,3.29575,3
1774299714266,0.103385,-0.982874,0.158607,-7.64171,-2.90283,-1.72042,0,0,3.2823,3
1774299714279,0.10685,-0.9861,0.155899,-7.73931,-2.86075,-1.39698,0,0,3.2898,3
1774299714292,0.107312,-0.984872,0.15885,-8.01512,-2.73283,-0.990626,0,0,3.29025,3
1774299714306,0.107605,-0.981316,0.162751,-8.52382,-2.6322,-0.544981,0,0,3.30486,3
1774299714319,0.10669,-0.983788,0.161655,-9.25018,-2.61558,-0.150026,0,0,3.28391,3
1774299714333,0.106807,-0.987166,0.157767,-9.92938,-2.62815,0.183383,0,0,3.3179,3
1774299714346,0.104571,-0.986115,0.157573,-10.6369,-2.58949,0.373916,0,0,3.29141,3
1774299714359,0.104236,-0.986477,0.157205,-11.2276,-2.5727,0.305842,0,0,3.29823,3
1774299714373,0.104909,-0.985937,0.157569,-11.8627,-2.5881,0.340069,0,0,3.29217,3
1774299714386,0.105137,-0.985495,0.157768,-12.5769,-2.58809,0.555211,0,0,3.2898,1
1774299714400,0.106016,-0.986802,0.157253,-13.2257,-2.50072,0.781408,0,0,3.29114,1
1774299714413,0.106761,-0.986204,0.154134,-14.0913,-2.37757,0.926407,0,0,3.28301,1
1774299714427,0.108455,-0.982804,0.152657,-14.4865,-2.30544,1.24996,0,0,3.33195,1
1774299714440,0.10888,-0.980257,0.151288,-15.0287,-2.28403,1.72407,0,0,3.27991,1
1774299714453,0.110418,-0.979615,0.14891,-15.3851,-2.31648,2.24524,0,0,3.31495,1
1774299714467,0.110169,-0.978552,0.147245,-15.6713,-2.34369,2.68322,0,0,3.28982,1
1774299714480,0.109505,-0.979341,0.143881,-15.9214,-2.30129,3.04525,0,0,3.28173,1
1774299714493,0.108965,-0.979048,0.141475,-16.0055,-2.28781,3.44949,0,0,3.29125,1
1774299714507,0.108193,-0.979655,0.139559,-16.0917,-2.40954,3.73857,0,0,3.29847,1
1774299714520,0.106355,-0.979061,0.137673,-16.2184,-2.54757,3.89153,0,0,3.32536,1
1774299714534,0.104127,-0.978322,0.135698,-16.243,-2.73223,3.89034,0,0,3.30903,1
1774299714547,0.103161,-0.98227,0.129881,-16.446,-3.03885,3.57107,0,0,3.32436,1
1774299714561,0.103475,-0.984903,0.126315,-16.2835,-3.42974,3.30739,0,0,3.2911,1
1774299714574,0.102634,-0.986054,0.124315,-16.5532,-3.91004,3.02852,0,0,3.28597,1
1774299714587,0.103217,-0.988757,0.123939,-16.714,-4.3574,2.80041,0,0,3.29058,1
1774299714601,0.10623,-0.994555,0.122491,-17.1039,-4.66578,2.57482,0,0,3.28775,1
1774299714614,0.110211,-0.99885,0.121906,-17.6427,-5.0108,2.58839,0,0,3.30177,1
1774299714628,0.113634,-1.00446,0.122426,-18.2584,-5.6058,2.86326,0,0,3.30601,1
1774299714641,0.116523,-1.0117,0.123905,-19.1418,-6.53438,3.10129,0,0,3.32142,1
1774299714654,0.118036,-1.0182,0.125117,-20.4753,-7.85362,2.9466,0,0,3.28443,1
1774299714668,0.116814,-1.02539,0.124001,-22.1417,-9.20891,2.43277,0,0,3.28593,1
1774299714681,0.114727,-1.03519,0.121899,-24.0927,-10.3434,1.47591,0,0,3.29036,1
1774299714695,0.109442,-1.03864,0.123049,-26.6181,-10.969,0.265707,0,0,3.28117,3
1774299714708,0.109173,-1.04518,0.118842,-29.2446,-11.4739,-0.901875,0,0,3.29716,3
1774299714721,0.107505,-1.05033,0.116186,-31.7109,-11.9089,-1.70595,0,0,3.28891,3
1774299714735,0.104651,-1.05649,0.115183,-34.167,-12.0463,-2.19858,0,0,3.31623,3
1774299714748,0.0995723,-1.06417,0.113723,-37.0153,-11.8159,-2.87982,0,0,3.28415,3
1774299714762,0.0943636,-1.07016,0.112273,-40.2597,-11.3552,-3.88081,0,0,3.3073,3
1774299714775,0.0932691,-1.07856,0.109925,-43.1581,-11.0043,-4.90958,0,0,3.29156,3
1774299714788,0.0911654,-1.08682,0.106047,-46.1204,-10.608,-5.6567,0,0,3.2826,3
1774299714802,0.0893246,-1.09402,0.10489,-49.1533,-9.89908,-6.03135,0,0,3.28473,3
1774299714815,0.0905111,-1.09864,0.104275,-52.658,-9.3481,-6.86969,0,0,3.28693,3
1774299714829,0.0945177,-1.10306,0.104284,-56.3403,-9.174,-7.96674,0,0,3.67009,3
1774299714842,0.102086,-1.10336,0.105681,-59.939,-9.58943,-8.79543,0,0,3.31154,3
1774299714857,0.111149,-1.10457,0.101455,-63.7862,-10.6649,-8.92937,0,0,4.22789,3
1774299714870,0.117392,-1.09799,0.0965693,-67.0019,-12.089,-7.93266,0,0,3.26671,3
1774299714883,0.126032,-1.08403,0.0926343,-68.6636,-13.3695,-6.28363,0,0,3.2786,3
1774299714897,0.132478,-1.06484,0.0920745,-68.5758,-14.3987,-4.81061,0,0,3.28399,3
1774299714910,0.144397,-1.03862,0.105259,-66.1954,-15.8171,-3.2956,0,0,3.26999,3
1774299714923,0.151792,-1.02247,0.11728,-63.2822,-18.6162,-0.487674,0,0,3.2973,3
1774299714937,0.151624,-1.00123,0.128817,-60.0507,-21.9142,4.09387,0,0,3.29545,3
1774299714951,0.150011,-0.978564,0.140064,-55.8422,-25.6673,8.89286,0,0,4.19409,3
1774299714965,0.143675,-0.957496,0.150413,-50.9119,-29.0969,12.9461,0,0,3.32212,3
1774299714978,0.13942,-0.941877,0.160982,-45.3457,-32.0657,16.375,0,0,3.29504,3
1774299714991,0.135458,-0.930293,0.169808,-39.6297,-34.7176,19.4142,0,0,3.33151,3
1774299715005,0.127516,-0.918693,0.176988,-34.0412,-36.5862,22.0051,0,0,3.28193,3
1774299715018,0.119655,-0.906073,0.18316,-28.088,-37.4183,23.4259,0,0,3.29343,3
1774299715032,0.114775,-0.896675,0.190556,-21.8761,-37.4359,23.4594,0,0,3.30858,3
1774299715045,0.110994,-0.889502,0.196423,-15.6568,-36.6784,22.6612,0,0,3.30129,3
1774299715059,0.10915,-0.88291,0.200645,-9.20998,-35.4466,21.4727,0,0,3.26241,4
1774299715073,0.106694,-0.878731,0.204298,-2.74415,-33.8098,19.891,0,0,4.09406,4
1774299715086,0.104452,-0.875013,0.20682,3.72382,-31.707,17.6299,0,0,3.26428,4
1774299715100,0.0995954,-0.873411,0.208976,10.3903,-29.1697,14.9822,0,0,3.27212,4
1774299715113,0.0947807,-0.875477,0.21062,17.0875,-26.2554,12.3302,0,0,3.2806,4
1774299715126,0.0904008,-0.880538,0.211349,23.7962,-23.0776,9.73268,0,0,3.26619,4
1774299715140,0.0880062,-0.888752,0.211545,30.5327,-19.8584,7.18797,0,0,3.31268,4
1774299715153,0.0877449,-0.900109,0.2095,37.1551,-16.816,4.87422,0,0,3.28619,4
1774299715167,0.0895343,-0.915325,0.206157,43.5439,-14.0521,3.08246,0,0,4.19354,5
1774299715181,0.0938506,-0.934211,0.200996,49.3034,-11.7729,1.72091,0,0,3.26941,5
1774299715194,0.0973696,-0.953562,0.19511,54.2563,-9.87636,0.413471,0,0,3.28001,5
1774299715208,0.100756,-0.974,0.188499,58.3345,-8.16028,-1.13064,0,0,3.29086,5
1774299715221,0.103396,-0.992893,0.180651,61.3717,-6.57642,-2.96665,0,0,3.27469,5
1774299715234,0.104416,-1.00041,0.168117,64.2112,-4.84461,-4.85426,0,0,3.36025,5
1774299715248,0.10632,-1.00336,0.158704,68.1207,-3.03011,-6.50067,0,0,3.33695,5
1774299715262,0.107564,-1.01698,0.151443,72.0579,-1.46683,-7.96011,0,0,3.32475,5
1774299715275,0.106597,-1.03344,0.143272,74.4902,0.0905536,-9.10946,0,0,3.28618,5
1774299715289,0.104102,-1.04389,0.130675,76.0423,1.47109,-10.0402,0,0,4.18178,5
1774299715303,0.105881,-1.04916,0.118735,77.6212,2.7001,-10.8742,0,0,3.2696,5
1774299715316,0.108671,-1.05863,0.106325,79.1698,3.46325,-11.8292,0,0,3.27643,5
1774299715330,0.109748,-1.07372,0.0917352,79.6552,3.78624,-12.899,0,0,3.28288,5
1774299715343,0.107917,-1.08194,0.0708219,78.9355,3.69761,-14.0514,0,0,3.32595,5
1774299715356,0.105333,-1.07871,0.0461894,78.8458,3.7561,-14.636,0,0,3.28699,5
1774299715370,0.106065,-1.0837,0.0245559,80.0765,3.77535,-14.3828,0,0,3.2623,5
1774299715384,0.108089,-1.09868,0.00591856,79.9001,2.76716,-14.077,0,0,4.041,5
1774299715397,0.103842,-1.10827,-0.0143274,77.4535,1.50551,-13.838,0,0,3.26686,5
1774299715411,0.0988737,-1.10794,-0.0353963,75.0798,0.494891,-13.3191,0,0,3.26784,5
1774299715424,0.0946138,-1.11288,-0.0529279,72.9165,-0.43677,-12.4226,0,0,3.27804,5
1774299715437,0.0875826,-1.1231,-0.0692337,69.1146,-1.353,-11.2158,0,0,3.29903,5
1774299715451,0.076364,-1.12911,-0.0861718,64.2088,-1.75282,-9.8742,0,0,3.3008,5
1774299715464,0.0601374,-1.13544,-0.103341,58.9934,-1.06446,-8.72772,0,0,3.2744,5
1774299715478,0.0452077,-1.14263,-0.120036,52.9242,0.915238,-8.29725,0,0,3.28875,5
1774299715491,0.0356287,-1.14651,-0.136504,46.265,3.77257,-8.74601,0,0,3.26971,5
1774299715505,0.0353731,-1.12243,-0.0991118,42.4333,6.29536,-9.0617,0,0,4.07328,5
1774299715519,0.0374029,-1.11478,-0.036172,39.2515,7.81726,-9.42477,0,0,3.27015,5
1774299715532,0.0368135,-1.133,0.00643053,33.3195,7.9337,-11.0392,0,0,3.27599,5
1774299715545,0.0409798,-1.14727,0.0239584,24.179,7.16583,-12.9925,0,0,3.3151,2
1774299715559,0.0537829,-1.13146,0.0227077,17.1146,5.84585,-12.6063,0,0,3.28508,2
1774299715572,0.0598336,-1.1179,0.0260388,14.7831,5.06278,-10.043,0,0,3.29719,2
1774299715586,0.0579963,-1.11932,0.039442,12.6167,5.2194,-8.21435,0,0,3.27771,5
1774299715600,0.0578196,-1.1119,0.0536363,8.61325,5.53037,-8.38645,0,0,4.09355,5
1774299715613,0.0627969,-1.09795,0.0611134,6.35271,5.2921,-8.7951,0,0,3.2693,5
1774299715626,0.0669799,-1.09117,0.0658185,4.7101,4.56278,-7.89113,0,0,3.27879,5
1774299715640,0.0686418,-1.08035,0.073681,2.6595,4.11973,-6.40287,0,0,3.39996,5
1774299715653,0.0693875,-1.07188,0.0768115,1.11701,4.0415,-5.72043,0,0,3.27888,5
1774299715667,0.0717234,-1.06011,0.0842574,0.0892181,4.2948,-5.3272,0,0,3.28512,5
1774299715680,0.0750463,-1.05452,0.0889646,-0.794425,4.32408,-4.52398,0,0,3.26819,5
1774299715693,0.0763981,-1.0472,0.0967118,-1.34461,4.25152,-3.35732,0,0,3.28247,5
1774299715707,0.0766551,-1.04523,0.103052,-1.88407,4.40869,-2.65989,0,0,3.27141,5
1774299715721,0.0771145,-1.03831,0.111572,-2.53285,4.59215,-2.3741,0,0,3.94429,5
1774299715734,0.0791766,-1.0356,0.117241,-3.18506,4.50327,-1.87783,0,0,3.26532,5
1774299715748,0.0778387,-1.03182,0.122759,-3.85721,4.3924,-1.13921,0,0,3.31388,5
1774299715761,0.0763138,-1.02759,0.128772,-4.39232,4.38966,-0.921588,0,0,3.30366,5
1774299715774,0.077087,-1.02495,0.133977,-4.87514,4.42946,-1.00563,0,0,3.28214,5
1774299715788,0.0783388,-1.02094,0.139243,-5.36514,4.34329,-0.806635,0,0,3.29475,5
1774299715801,0.078906,-1.01811,0.143308,-5.78954,4.11122,-0.645351,0,0,3.26971,5
1774299715815,0.078637,-1.01616,0.147813,-6.20599,3.75687,-0.647688,0,0,3.28671,5
1774299715828,0.0785612,-1.01277,0.152047,-6.53912,3.46478,-0.630198,0,0,3.28769,5
1774299715841,0.0789692,-1.01003,0.15458,-6.89767,3.21777,-0.641093,0,0,3.32364,5
1774299715855,0.0808862,-1.00802,0.157216,-7.07597,2.95035,-0.663794,0,0,3.29419,5
1774299715868,0.0826232,-1.00571,0.159746,-7.1612,2.6123,-0.559763,0,0,3.28104,5
1774299715882,0.0834515,-1.00341,0.163533,-7.17057,2.27865,-0.540354,0,0,3.2914,5
1774299715895,0.0845745,-0.999849,0.166962,-7.22138,1.97657,-0.56057,0,0,3.26838,5
1774299715909,0.086289,-0.997325,0.169676,-7.28347,1.5437,-0.453765,0,0,4.11048,5
1774299715923,0.0856651,-0.996033,0.171501,-7.45297,1.07046,-0.212507,0,0,3.26923,5
1774299715936,0.0849616,-0.994487,0.173739,-7.62795,0.659299,-0.077269,0,0,3.28612,3
1774299715950,0.0858371,-0.997696,0.171426,-7.89374,0.220251,-0.0630865,0,0,3.31582,3
1774299715963,0.0860657,-0.990921,0.175139,-7.87016,-0.185179,0.245749,0,0,3.28186,3
1774299715976,0.0844265,-0.99513,0.175595,-8.22256,-0.605975,0.301331,0,0,3.29403,3
1774299715990,0.0861475,-0.994745,0.175282,-8.57275,-0.941509,0.23904,0,0,3.30071,3
1774299716004,0.0860529,-0.992231,0.176436,-8.97138,-1.20684,0.385774,0,0,4.24538,3
1774299716017,0.0864536,-0.989058,0.177197,-9.27486,-1.44616,0.543545,0,0,3.27523,3
1774299716031,0.0863563,-0.987337,0.177648,-9.63196,-1.62066,0.698461,0,0,3.27451,3
1774299716044,0.0859643,-0.984389,0.176862,-9.81317,-1.90099,0.91491,0,0,3.3184,3
1774299716058,0.0845858,-0.982509,0.176911,-10.0138,-2.18573,1.1873,0,0,3.25877,3
1774299716071,0.0830647,-0.979719,0.175954,-9.96847,-2.45834,1.34036,0,0,3.28418,3
1774299716084,0.0824537,-0.977338,0.175946,-9.66922,-2.73364,1.28402,0,0,3.26434,3
1774299716098,0.082243,-0.978319,0.174519,-9.56231,-2.92029,1.29763,0,0,3.27847,3
1774299716111,0.0844332,-0.978253,0.172449,-9.2957,-3.14742,1.45435,0,0,3.26688,3
1774299716125,0.0829081,-0.975435,0.172777,-9.10356,-3.36866,1.60057,0,0,4.00376,3
1774299716139,0.0827096,-0.97021,0.176933,-8.63659,-3.59076,1.62982,0,0,3.26805,3
1774299716152,0.0826586,-0.969537,0.179552,-8.35039,-3.8034,1.56281,0,0,3.30314,3
1774299716165,0.0811898,-0.970474,0.178106,-8.31276,-4.04137,1.63872,0,0,3.29382,3
1774299716179,0.0827427,-0.974766,0.174107,-7.87773,-4.28012,1.64913,0,0,3.26532,3
1774299716192,0.0812916,-0.977311,0.170625,-7.88673,-4.2841,1.59902,0,0,3.29031,3
1774299716205,0.0841106,-0.978655,0.170893,-7.42593,-4.35637,1.51618,0,0,3.26688,3
1774299716219,0.0822046,-0.975799,0.174182,-7.60714,-4.2546,1.68761,0,0,3.98981,3
1774299716233,0.0810332,-0.975907,0.174092,-7.60349,-4.24974,1.7471,0,0,3.26808,3
1774299716246,0.0795394,-0.982277,0.168838,-7.78972,-4.06317,1.62469,0,0,3.42453,3
1774299716260,0.0804384,-0.982188,0.167647,-7.78482,-3.86737,1.54898,0,0,3.29681,3
1774299716273,0.0826435,-0.97908,0.173832,-7.82215,-3.73736,1.57342,0,0,3.27138,3
1774299716287,0.0811433,-0.980518,0.172284,-8.45856,-3.62407,1.6346,0,0,3.28416,3
1774299716300,0.080392,-0.972316,0.176408,-8.59855,-3.4469,1.93299,0,0,3.2799,3
1774299716314,0.0778265,-0.978043,0.173605,-9.04412,-3.16492,1.86096,0,0,4.02442,3
1774299716327,0.0777755,-0.97674,0.169163,-9.43044,-2.81526,1.9043,0,0,3.26914,3
1774299716341,0.0802251,-0.976615,0.167562,-9.25471,-2.63808,2.03684,0,0,3.28879,3
1774299716354,0.0774427,-0.970356,0.168455,-9.78337,-2.32354,2.31652,0,0,3.31757,3
1774299716368,0.0784869,-0.975432,0.16206,-9.88758,-2.14996,2.41138,0,0,3.29636,3
1774299716381,0.0787593,-0.977029,0.161144,-10.1581,-1.94244,2.58098,0,0,3.29279,3
1774299716394,0.0797672,-0.975141,0.162777,-10.2978,-1.78681,2.82072,0,0,3.26677,5
1774299716408,0.0787131,-0.974882,0.163154,-10.7384,-1.59838,3.12366,0,0,3.2879,5
1774299716421,0.0780575,-0.978672,0.159083,-11.1367,-1.5053,3.29356,0,0,3.27566,5
1774299716435,0.0762454,-0.976796,0.159525,-11.499,-1.41658,3.46464,0,0,3.55726,5
1774299716449,0.0740747,-0.97795,0.157769,-11.8816,-1.34012,3.58416,0,0,3.52728,5
1774299716462,0.0716787,-0.979565,0.155194,-12.3023,-1.18017,3.70254,0,0,3.27771,5
1774299716475,0.0710104,-0.980064,0.155656,-12.6044,-0.985512,3.71366,0,0,3.2986,5
1774299716489,0.0726134,-0.983637,0.153707,-13.1554,-0.728557,3.51649,0,0,3.28753,5
1774299716502,0.0749365,-0.985314,0.15322,-13.7418,-0.425212,3.45968,0,0,3.29527,5
1774299716515,0.0785032,-0.987985,0.151602,-14.3207,-0.234368,3.66855,0,0,3.28671,5
1774299716529,0.0789778,-0.988094,0.152019,-14.9886,-0.15785,4.17998,0,0,3.34212,5
1774299716542,0.0791434,-0.989714,0.151125,-15.6572,-0.250476,4.66444,0,0,3.28736,5
1774299716556,0.0796113,-0.99247,0.150079,-16.4181,-0.472785,4.89136,0,0,3.2913,5
1774299716569,0.0807848,-0.995447,0.149441,-17.2073,-0.81108,5.00964,0,0,3.29277,5
1774299716582,0.0818537,-0.999362,0.15039,-18.0457,-1.3385,5.29384,0,0,3.2784,5
1774299716596,0.0820216,-1.00675,0.148447,-19.3238,-2.0577,5.70383,0,0,3.2876,5
1774299716609,0.0825238,-1.01132,0.14771,-20.6677,-2.90442,6.15163,0,0,3.27897,5
1774299716623,0.0819577,-1.01796,0.148457,-22.2621,-3.73918,6.47625,0,0,3.28827,5
1774299716636,0.0762809,-1.02785,0.145467,-24.903,-4.22481,6.44997,0,0,3.28238,5
1774299716650,0.0646703,-1.05029,0.142351,-28.2607,-3.93131,5.90191,0,0,3.73886,5
1774299716663,0.0614257,-1.04151,0.140322,-32.4029,-2.97645,5.31395,0,0,3.31423,1
1774299716677,0.0600954,-1.04625,0.138274,-35.0783,-2.79151,4.37017,0,0,3.28843,1
1774299716690,0.0553319,-1.05618,0.134533,-37.873,-2.6572,3.73068,0,0,3.2986,1
1774299716704,0.0530188,-1.06784,0.131778,-41.2636,-2.58651,2.98276,0,0,3.28482,1
1774299716717,0.0528996,-1.0765,0.129314,-44.3014,-2.61227,2.0066,0,0,3.2944,1
1774299716730,0.0524653,-1.08673,0.125538,-47.5408,-2.62802,1.48856,0,0,3.28242,1
1774299716745,0.0533526,-1.09761,0.123689,-51.2957,-2.51872,1.39007,0,0,4.17823,1
1774299716758,0.0550125,-1.10492,0.12286,-55.3066,-2.53373,0.992244,0,0,3.29238,1
1774299716771,0.0559912,-1.11405,0.12448,-59.8697,-2.85747,0.25363,0,0,3.27186,1
1774299716785,0.0533504,-1.11967,0.122464,-64.6526,-2.76441,-0.165233,0,0,3.28458,1
1774299716798,0.0574661,-1.12076,0.117268,-69.1295,-2.68857,-0.290843,0,0,3.27184,1
1774299716812,0.0619997,-1.11824,0.111745,-72.8744,-3.23185,0.0979928,0,0,3.28177,5
1774299716825,0.0689402,-1.11337,0.107894,-75.618,-3.17774,1.03022,0,0,3.26864,1
1774299716839,0.0817271,-1.095,0.11208,-77.0764,-3.23799,1.51195,0,0,3.97661,1
1774299716852,0.0976917,-1.06681,0.122201,-76.2218,-4.04933,2.1131,0,0,3.31612,5
1774299716866,0.104395,-1.04502,0.132146,-74.0303,-5.77386,4.07641,0,0,3.29221,5
1774299716879,0.1063,-1.02401,0.14251,-71.0775,-7.67913,7.09983,0,0,3.29656,5
1774299716893,0.106039,-1.00293,0.151845,-67.419,-9.72331,9.71644,0,0,3.2773,5
1774299716906,0.103185,-0.980797,0.159084,-63.1316,-11.452,11.5286,0,0,3.28953,5
1774299716919,0.102239,-0.959942,0.165462,-58.0961,-13.058,13.0284,0,0,3.26762,5
1774299716933,0.0998174,-0.940126,0.170718,-52.4921,-14.4108,14.6629,0,0,3.29158,5
1774299716946,0.0953987,-0.922629,0.175648,-46.3843,-15.3084,16.0927,0,0,3.28301,1
1774299716960,0.0900629,-0.907147,0.180053,-40.0286,-15.5806,16.7276,0,0,3.32521,3
1774299716974,0.0851206,-0.892865,0.18419,-33.349,-15.2829,16.3177,0,0,3.29842,3
1774299716987,0.0828501,-0.880659,0.187026,-26.3885,-14.7284,15.2316,0,0,3.27434,3
1774299717001,0.0816505,-0.869959,0.187997,-19.2276,-13.9849,13.9225,0,0,3.29297,5
1774299717014,0.0803112,-0.862407,0.187142,-11.8419,-13.1302,12.5905,0,0,3.27055,1
1774299717027,0.077525,-0.858815,0.185471,-4.39514,-12.0032,11.2355,0,0,3.28958,1
1774299717041,0.0748821,-0.85728,0.183734,3.10101,-10.5798,9.58322,0,0,3.28638,1
1774299717055,0.0738601,-0.857425,0.182158,10.8691,-8.88929,7.54916,0,0,4.09072,1
1774299717068,0.0725732,-0.863596,0.180182,18.7366,-7.21016,5.44379,0,0,3.28719,5
1774299717082,0.0700614,-0.873694,0.177758,26.2143,-5.45737,3.44624,0,0,3.2914,5
1774299717095,0.0684281,-0.883808,0.174692,33.35,-3.66159,1.44813,0,0,3.28847,5
1774299717109,0.0674535,-0.89346,0.171847,40.3808,-1.96654,-0.522256,0,0,3.27488,5
1774299717122,0.0660838,-0.906233,0.169574,47.1407,-0.277939,-2.27507,0,0,3.28864,5
1774299717136,0.067977,-0.920402,0.167678,53.297,1.25215,-4.10127,0,0,3.26955,5
1774299717149,0.0722324,-0.937859,0.163943,58.8236,2.2725,-6.18514,0,0,3.29366,5
1774299717162,0.0768036,-0.957051,0.156368,63.6437,2.82028,-8.12001,0,0,3.28971,5
1774299717176,0.0820824,-0.97707,0.146839,67.9473,2.88988,-9.50574,0,0,3.29146,5
1774299717189,0.0867353,-0.998465,0.135132,71.6399,2.40364,-10.4583,0,0,3.28249,5
1774299717203,0.0850989,-1.02088,0.119239,74.3115,1.70532,-11.1173,0,0,3.25971,5
1774299717216,0.0765513,-1.03852,0.0991732,76.4606,1.1438,-11.5496,0,0,3.27681,5
1774299717229,0.0709294,-1.04503,0.0777637,79.0925,1.30701,-12.2591,0,0,3.26056,5
1774299717243,0.0666103,-1.06319,0.0586252,81.5289,1.49746,-12.6518,0,0,3.28575,5
1774299717256,0.0651813,-1.08188,0.0388182,82.5144,1.38092,-12.9916,0,0,3.25964,5
1774299717270,0.0578251,-1.09699,0.0147845,82.4329,1.72094,-13.3852,0,0,4.2752,5
1774299717284,0.053588,-1.10928,-0.010184,81.7398,2.36646,-13.85,0,0,3.27388,5
1774299717297,0.0530915,-1.12182,-0.0341674,80.1757,2.97491,-14.3157,0,0,3.27284,5
1774299717310,0.0510473,-1.13369,-0.05865,77.4173,3.49656,-14.5061,0,0,3.29057,5
1774299717324,0.0472881,-1.1423,-0.0827133,74.0129,4.12383,-14.2996,0,0,3.27558,5
1774299717337,0.0438641,-1.15086,-0.105158,70.0271,5.00024,-13.9321,0,0,3.28514,5
1774299717351,0.0435153,-1.15944,-0.125671,65.2654,5.92725,-13.7149,0,0,3.2816,5
1774299717365,0.0434594,-1.16589,-0.145352,59.7269,6.9093,-13.45,0,0,4.14677,5
1774299717378,0.0407474,-1.17366,-0.164257,53.435,8.08805,-12.8091,0,0,3.26853,5
1774299717392,0.0420403,-1.15288,-0.176676,47.2118,9.49399,-11.7622,0,0,3.27686,5
1774299717405,0.0530354,-1.13,-0.156511,44.6483,9.97282,-10.2649,0,0,3.2941,5
1774299717418,0.0487301,-1.12109,-0.103489,42.8174,10.0531,-8.46532,0,0,3.27818,5
1774299717432,0.0386768,-1.12879,-0.0534901,37.8068,9.81379,-8.82116,0,0,3.28473,5
1774299717445,0.0385655,-1.13227,-0.0302348,30.3363,9.51552,-11.7934,0,0,3.28868,5
1774299717459,0.0451108,-1.12627,-0.0209796,24.4488,9.05627,-13.1165,0,0,3.31779,5
1774299717472,0.0578294,-1.12264,-0.016795,20.8349,8.55728,-10.5678,0,0,3.29336,5
1774299717485,0.0606816,-1.12127,-0.00994265,17.8713,8.75595,-7.06724,0,0,3.2972,5
1774299717499,0.056469,-1.11461,0.000464385,14.7583,9.49285,-5.51986,0,0,3.28081,5
1774299717512,0.0524833,-1.10087,0.0136087,12.3197,10.3096,-5.7566,0,0,3.2596,5
1774299717525,0.0553664,-1.09293,0.0255909,10.3055,10.6339,-5.69575,0,0,3.28101,5
1774299717539,0.0605043,-1.08725,0.0341664,7.70557,10.5354,-4.29852,0,0,3.27658,5
1774299717552,0.0623426,-1.07713,0.0404877,5.60385,10.4352,-2.57888,0,0,3.28149,5
1774299717566,0.0605131,-1.07213,0.0422191,3.78359,10.4895,-1.64636,0,0,3.29642,5
1774299717580,0.0578346,-1.06226,0.0481882,2.49618,10.6295,-1.09842,0,0,4.04657,5
1774299717593,0.0542057,-1.0548,0.0559356,1.34778,10.7757,-0.493438,0,0,3.29312,5
1774299717607,0.0541627,-1.04793,0.0636538,0.262519,11.1017,-0.124067,0,0,3.31458,5
1774299717620,0.0568228,-1.04287,0.0694222,-0.549489,11.2707,0.0404648,0,0,3.30768,5
1774299717633,0.0591958,-1.03828,0.0750345,-1.41829,11.2046,0.561011,0,0,3.33716,5
1774299717647,0.0584221,-1.03061,0.0839033,-2.11075,11.1216,1.45614,0,0,3.32303,5
1774299717660,0.0553013,-1.03236,0.0896511,-2.56655,10.9577,1.56543,0,0,3.2909,5
1774299717674,0.0534914,-1.0313,0.095457,-3.27168,10.942,1.61378,0,0,3.30268,5
1774299717687,0.0537999,-1.03372,0.0986388,-3.56003,10.7732,1.68769,0,0,3.27706,5
1774299717700,0.0517568,-1.03152,0.10008,-4.00347,10.5577,1.49325,0,0,3.2701,5
1774299717714,0.0496321,-1.02317,0.10449,-4.00884,10.2048,1.11062,0,0,3.27244,5
1774299717727,0.0493834,-1.02674,0.106231,-4.02976,9.67693,0.513089,0,0,3.26753,5
1774299717740,0.0498609,-1.01703,0.111141,-4.02124,9.07847,0.0621167,0,0,3.27668,5
1774299717754,0.049047,-1.01763,0.113039,-3.79182,8.30975,-0.644878,0,0,3.26994,5
1774299717767,0.0515038,-1.01552,0.114352,-3.49178,7.59615,-1.38158,0,0,3.32146,5
1774299717781,0.0528709,-1.01176,0.117316,-2.87116,6.81338,-2.04142,0,0,3.28005,5
1774299717794,0.0546693,-1.01054,0.118239,-2.75335,5.99188,-2.47414,0,0,3.29725,5
1774299717807,0.0569123,-1.01099,0.118161,-2.29319,5.09914,-2.87273,0,0,3.29827,5
1774299717821,0.0570926,-1.01048,0.118717,-2.08277,4.23378,-3.30292,0,0,3.28477,5
1774299717834,0.0575639,-1.0065,0.122226,-1.74372,3.35573,-3.71111,0,0,3.28964,5
1774299717848,0.0582603,-1.00598,0.12475,-1.69386,2.35909,-4.03133,0,0,3.28605,5
1774299717861,0.0589155,-1.00489,0.126747,-1.65152,1.38751,-4.26636,0,0,3.28975,5
1774299717874,0.0590509,-1.00454,0.129724,-1.61412,0.498272,-4.51904,0,0,3.30631,5
1774299717888,0.0605577,-1.00417,0.130927,-1.82373,-0.233616,-4.69031,0,0,3.29566,5
1774299717901,0.0627139,-1.00195,0.132387,-1.94195,-0.921025,-4.61777,0,0,3.27901,5
1774299717914,0.0640499,-1.00242,0.133291,-2.15802,-1.6705,-4.53901,0,0,3.27212,5
1774299717928,0.0660427,-0.99893,0.137552,-2.2699,-2.26446,-4.4925,0,0,3.29268,5
1774299717941,0.0661654,-0.997247,0.14279,-2.69494,-2.67396,-4.35612,0,0,3.28588,5
1774299717955,0.0684715,-0.994602,0.145781,-3.23786,-3.11059,-4.10664,0,0,3.29251,5
1774299717969,0.0686481,-0.991283,0.149346,-3.68354,-3.47734,-3.75254,0,0,3.82544,3
1774299717982,0.0683685,-0.990425,0.151313,-4.20569,-3.74044,-3.57802,0,0,3.32144,3
1774299717995,0.0682507,-0.990161,0.152586,-4.79447,-3.8659,-3.44412,0,0,3.28568,3
1774299718009,0.0698676,-0.988178,0.153611,-5.33738,-3.96763,-3.2034,0,0,3.29338,3
1774299718022,0.0718623,-0.989058,0.151794,-5.90978,-4.08077,-2.85672,0,0,3.29101,3
1774299718036,0.0725312,-0.982041,0.155213,-6.20601,-4.11349,-2.31925,0,0,3.2857,3
1774299718049,0.0723168,-0.982047,0.156657,-6.66417,-4.16579,-2.03715,0,0,3.2971,3
1774299718062,0.074546,-0.98422,0.156212,-7.08936,-4.17704,-1.80085,0,0,3.28249,3
1774299718076,0.0763788,-0.98191,0.154367,-7.61316,-4.17482,-1.27207,0,0,3.31759,3
1774299718089,0.0776616,-0.979071,0.153083,-7.81212,-4.33286,-0.757548,0,0,3.28733,3
1774299718103,0.0757494,-0.978727,0.152121,-8.00978,-4.40325,-0.498821,0,0,3.27838,3
1774299718116,0.0755864,-0.978814,0.151064,-8.16809,-4.50866,-0.50638,0,0,3.28142,3
1774299718129,0.0743094,-0.981043,0.150692,-8.41985,-4.54478,-0.476692,0,0,3.28834,3
1774299718143,0.0733552,-0.98043,0.150743,-8.78167,-4.59216,-0.400712,0,0,3.29446,3
1774299718156,0.0728271,-0.980517,0.150183,-9.1035,-4.651,-0.480143,0,0,3.28566,3
1774299718170,0.0722046,-0.982042,0.148356,-9.56998,-4.68385,-0.633049,0,0,3.56634,1
1774299718183,0.0737341,-0.98445,0.145274,-9.92552,-4.69645,-0.709725,0,0,3.27645,1
1774299718196,0.0737873,-0.985141,0.14395,-10.3814,-4.66123,-0.650646,0,0,3.2829,1
1774299718210,0.0748311,-0.982534,0.145918,-10.664,-4.63827,-0.523802,0,0,3.33459,1
1774299718223,0.0746335,-0.98048,0.147747,-11.0695,-4.66841,-0.49228,0,0,3.29912,1
1774299718237,0.073804,-0.976379,0.148557,-11.5469,-4.68616,-0.372607,0,0,3.29477,1
1774299718250,0.0746762,-0.982612,0.144943,-11.905,-4.71104,-0.180432,0,0,3.28436,1
1774299718263,0.0743786,-0.982283,0.141028,-12.634,-4.681,0.0878853,0,0,3.29218,1
1774299718277,0.077564,-0.988151,0.134455,-12.9731,-4.67106,0.23068,0,0,3.29246,1
1774299718290,0.0781011,-0.98395,0.135087,-13.4165,-4.7272,0.42798,0,0,3.29496,1
1774299718304,0.0778565,-0.977466,0.136408,-13.5537,-5.03923,0.654891,0,0,3.28692,1
1774299718317,0.0756475,-0.980833,0.130848,-13.9585,-5.35517,0.782152,0,0,3.27309,1
1774299718330,0.0755957,-0.984927,0.123653,-14.181,-5.772,0.778957,0,0,3.2826,1
1774299718344,0.0761547,-0.986633,0.120402,-14.089,-6.23182,0.63207,0,0,3.2791,1
1774299718357,0.0754615,-0.989235,0.117005,-14.478,-6.59733,0.315297,0,0,3.28405,1
1774299718370,0.0785034,-0.987379,0.12092,-14.4486,-7.00828,0.130619,0,0,3.30012,1
1774299718384,0.0784121,-0.989938,0.119668,-15.2323,-7.51693,-0.185858,0,0,3.30664,1
1774299718397,0.0788907,-0.989908,0.117969,-15.7939,-8.0206,-0.288902,0,0,3.28996,1
1774299718411,0.0804054,-0.99967,0.110172,-16.237,-8.63903,-0.512482,0,0,3.28562,1
1774299718424,0.0796437,-0.995563,0.114152,-16.8733,-9.29171,-0.948317,0,0,3.30323,1
1774299718437,0.0801111,-1.00073,0.112139,-17.5231,-10.0371,-1.7014,0,0,3.28903,3
1774299718451,0.0812307,-1.00796,0.110064,-18.4996,-10.789,-2.38569,0,0,3.31746,3
1774299718464,0.0835293,-1.01356,0.107845,-19.7398,-11.5331,-3.08555,0,0,3.28151,3
1774299718478,0.0812002,-1.01848,0.107143,-21.5044,-12.0007,-3.86904,0,0,3.33948,3
1774299718491,0.0798486,-1.02181,0.103792,-23.7661,-12.0414,-4.78157,0,0,3.26903,3
1774299718505,0.0809797,-1.02466,0.102051,-25.6979,-12.0442,-5.67717,0,0,3.27429,3
1774299718518,0.0825205,-1.02968,0.100631,-27.768,-12.0584,-6.41464,0,0,3.27933,3
1774299718531,0.0839404,-1.03485,0.0982796,-30.1009,-11.9759,-6.97928,0,0,3.2776,3
1774299718545,0.0840812,-1.03905,0.096416,-32.3959,-11.6925,-7.29387,0,0,3.2799,3
1774299718558,0.086255,-1.04567,0.0935127,-34.8743,-11.1154,-7.47821,0,0,3.27788,3
1774299718571,0.0880882,-1.05153,0.0903093,-37.6539,-10.3494,-7.58327,0,0,3.2911,3
1774299718585,0.0901723,-1.05805,0.0861357,-40.4544,-9.43871,-7.55055,0,0,3.28664,3
1774299718598,0.0932328,-1.06377,0.083682,-43.5645,-8.59713,-7.51282,0,0,3.27857,3
1774299718612,0.0975049,-1.06963,0.0789226,-46.7631,-8.08021,-7.43481,0,0,3.27896,3
1774299718625,0.0997963,-1.07382,0.0753324,-49.9368,-7.77898,-7.10641,0,0,3.26957,3
1774299718638,0.102714,-1.08189,0.0711303,-52.9578,-7.58499,-6.77288,0,0,3.2789,3
1774299718652,0.107489,-1.08992,0.0696746,-56.2242,-7.77826,-6.80446,0,0,3.27033,3
1774299718665,0.115131,-1.10141,0.0686775,-59.8474,-8.64236,-7.19137,0,0,3.2832,3
1774299718678,0.120826,-1.114,0.0678308,-63.9258,-10.0356,-7.61097,0,0,3.30179,3
1774299718692,0.12055,-1.12642,0.0702135,-68.3287,-11.063,-7.64906,0,0,3.29355,3
1774299718705,0.119239,-1.13598,0.0589964,-73.1441,-11.5523,-7.60794,0,0,3.2842,3
1774299718719,0.118444,-1.13746,0.0497967,-77.6174,-11.3496,-6.91914,0,0,3.30183,3
1774299718732,0.1225,-1.13756,0.041074,-81.2635,-10.6106,-5.27859,0,0,3.3091,1
1774299718745,0.132881,-1.13548,0.0292521,-84.2687,-8.96726,-3.25776,0,0,3.28018,1
1774299718759,0.153868,-1.11067,0.0304606,-85.8756,-8.45014,-2.41648,0,0,3.30264,1
1774299718772,0.174002,-1.07044,0.0367945,-84.0688,-9.34121,-1.0242,0,0,3.28384,1
1774299718785,0.178703,-1.04662,0.0484354,-79.5899,-10.4127,3.05905,0,0,3.30266,1
1774299718799,0.179195,-1.026,0.0612755,-75.311,-12.0586,8.20939,0,0,3.28036,1
1774299718812,0.174155,-1.00018,0.074515,-70.7333,-14.0438,12.1541,0,0,3.27671,1
1774299718826,0.16655,-0.974368,0.087026,-65.1836,-15.6916,14.1254,0,0,3.28207,3
1774299718839,0.159821,-0.952374,0.0979863,-59.26,-16.9977,14.8844,0,0,3.2707,3
1774299718852,0.155864,-0.92722,0.107197,-52.6642,-18.1312,15.495,0,0,3.29494,3
1774299718866,0.152998,-0.905173,0.114157,-45.2121,-19.0826,16.4585,0,0,3.27099,3
1774299718879,0.151582,-0.888554,0.121828,-37.3571,-19.8894,17.3333,0,0,3.66491,3
1774299718893,0.149512,-0.874369,0.127465,-29.5077,-20.7164,17.4709,0,0,3.29021,3
1774299718906,0.145002,-0.861392,0.131478,-21.3933,-21.1661,17.3053,0,0,3.29353,3
1774299718920,0.141436,-0.852901,0.134847,-13.0387,-21.2664,17.1871,0,0,3.2966,3
1774299718933,0.138155,-0.847889,0.137758,-4.66724,-21.105,16.8683,0,0,3.28475,4
1774299718946,0.133192,-0.846907,0.138577,3.66716,-20.6281,16.0253,0,0,3.29653,4
1774299718960,0.126812,-0.850677,0.139211,11.7743,-19.5845,14.6045,0,0,3.28166,5
1774299718973,0.120583,-0.856748,0.138942,19.5666,-18.0685,12.6364,0,0,3.30838,5
1774299718987,0.115918,-0.865895,0.13782,27.2242,-16.092,10.2162,0,0,3.30322,5
1774299719000,0.115258,-0.877611,0.135188,34.7083,-14.1022,7.50391,0,0,3.27716,5
1774299719013,0.114029,-0.890875,0.131272,42.0471,-12.1388,5.05554,0,0,3.28777,5
1774299719027,0.114552,-0.906933,0.127539,49.1605,-10.3305,3.17397,0,0,3.26979,5
1774299719040,0.116098,-0.922812,0.123435,55.7648,-8.89334,1.59962,0,0,3.27262,5
1774299719054,0.116135,-0.936896,0.120001,61.979,-7.71668,0.0219424,0,0,3.26227,5
1774299719067,0.11443,-0.950674,0.117155,67.8361,-6.65482,-1.54902,0,0,3.27694,5
1774299719081,0.113162,-0.965953,0.115086,73.2456,-5.50438,-2.86701,0,0,3.56354,5
1774299719094,0.114288,-0.984675,0.112796,77.9577,-4.56962,-4.0066,0,0,3.28809,5
1774299719107,0.115729,-1.00728,0.107725,81.7876,-4.01399,-5.11951,0,0,3.28068,5
1774299719121,0.114725,-1.03286,0.0991167,84.489,-3.76058,-6.1259,0,0,3.27579,5
1774299719134,0.108949,-1.05273,0.0825463,85.9889,-3.19339,-6.82277,0,0,3.27388,5
1774299719147,0.105765,-1.06251,0.0616078,87.7678,-2.31247,-7.5799,0,0,3.27316,5
1774299719161,0.101054,-1.07806,0.0386594,89.619,-1.39917,-7.95329,0,0,3.28218,5
1774299719174,0.0978306,-1.0934,0.0129564,90.5455,-0.838124,-8.15202,0,0,3.26422,5
1774299719187,0.0909684,-1.10621,-0.0155623,90.8554,-0.198073,-8.4201,0,0,3.31566,5
1774299719201,0.0829009,-1.11867,-0.0444246,90.8215,0.672407,-8.77334,0,0,3.27557,5
1774299719214,0.0741078,-1.13412,-0.0715977,89.7062,1.72956,-9.32343,0,0,3.27518,5
1774299719228,0.0636493,-1.14815,-0.0979668,87.1241,3.22412,-10.0037,0,0,3.27827,5
1774299719241,0.0564455,-1.15491,-0.12424,83.7408,5.17521,-10.8136,0,0,3.26157,5
1774299719254,0.0536781,-1.16091,-0.147399,80.1269,7.25579,-11.5841,0,0,3.28353,5
1774299719268,0.0542454,-1.16919,-0.166599,75.6795,9.03211,-12.1092,0,0,3.26759,5
1774299719281,0.0537522,-1.17382,-0.183902,70.3169,10.5641,-12.2778,0,0,3.29353,5
1774299719294,0.0533767,-1.17778,-0.198847,64.5563,12.0619,-12.3813,0,0,3.27547,5
1774299719308,0.0525692,-1.18338,-0.210992,58.158,13.3631,-12.6562,0,0,3.27227,5
1774299719321,0.0557902,-1.16861,-0.21951,51.2703,14.4248,-13.0137,0,0,3.28059,5
1774299719335,0.0615395,-1.14629,-0.185182,47.3912,14.9011,-12.4144,0,0,3.27123,5
1774299719348,0.0698988,-1.14448,-0.127426,43.516,14.7615,-11.205,0,0,3.32049,5
1774299719361,0.0765366,-1.15168,-0.0898651,36.4053,13.2599,-11.0257,0,0,3.27772,5
1774299719376,0.0794781,-1.15495,-0.0772868,28.9779,11.8366,-11.267,0,0,4.21664,5
1774299719389,0.0824085,-1.14666,-0.0722519,24.201,11.1735,-9.6759,0,0,3.29764,5
1774299719402,0.083481,-1.14279,-0.062654,21.0087,11.0319,-6.78584,0,0,3.26114,5
1774299719416,0.0808765,-1.13923,-0.0492798,17.7339,11.3881,-4.60596,0,0,3.29757,5
1774299719429,0.0747024,-1.12702,-0.0357217,14.394,11.9101,-3.81323,0,0,3.26355,5
1774299719443,0.0695136,-1.11326,-0.0265576,11.7184,12.2847,-3.91705,0,0,3.28699,5
1774299719456,0.0694845,-1.10163,-0.0181572,9.38605,12.6793,-3.68234,0,0,3.27301,5
1774299719470,0.0727772,-1.09017,-0.0118219,7.39302,12.8129,-2.8014,0,0,3.9802,5
1774299719483,0.0723491,-1.07826,-0.00594506,6.05859,12.6526,-1.80031,0,0,3.28553,5
1774299719497,0.0705731,-1.07098,0.0017674,4.99126,12.5458,-1.15681,0,0,3.8374,5
1774299719511,0.069825,-1.06498,0.0099647,4.00135,12.3546,-0.813602,0,0,3.31261,5
1774299719524,0.0725048,-1.05758,0.0181131,3.45106,12.0131,-0.329502,0,0,3.28773,5
1774299719537,0.0742774,-1.05408,0.0254141,2.95389,11.4395,0.330832,0,0,3.29801,5
1774299719551,0.0751076,-1.04676,0.0355988,2.72141,10.8145,0.978105,0,0,3.29042,5
1774299719564,0.0741506,-1.04707,0.0454022,2.48012,10.1638,1.28335,0,0,3.29766,5
1774299719578,0.0739293,-1.04767,0.0526735,1.96977,9.54872,1.4794,0,0,3.28031,5
1774299719592,0.0740487,-1.04688,0.060844,1.72012,9.00925,1.75524,0,0,3.90142,5
1774299719605,0.0725934,-1.04756,0.0679311,1.08926,8.57883,1.92654,0,0,3.28968,5
1774299719618,0.071757,-1.04013,0.0756265,0.403433,8.29759,2.14047,0,0,3.27714,5
1774299719632,0.0711813,-1.03739,0.081213,-0.201958,7.91394,2.37152,0,0,3.29031,5
1774299719645,0.0700863,-1.03489,0.0814837,-0.996477,7.54282,2.46287,0,0,3.27862,5
1774299719659,0.0725733,-1.03333,0.0838032,-1.25102,7.13814,2.49771,0,0,3.28814,5
1774299719672,0.0704244,-1.02684,0.0868754,-1.74562,6.58873,2.49634,0,0,3.28977,5
1774299719686,0.0701206,-1.02703,0.0897812,-1.78044,5.87789,2.34603,0,0,3.70605,5
1774299719699,0.0704706,-1.02705,0.0915243,-1.97517,5.24289,2.28124,0,0,3.29116,5
1774299719712,0.0695775,-1.02035,0.0937356,-2.20478,4.52875,2.41875,0,0,3.27936,5
1774299719726,0.0690545,-1.01522,0.100313,-2.19372,3.70823,2.53528,0,0,3.29418,5
1774299719739,0.0676147,-1.02031,0.102044,-2.59306,3.01809,2.39864,0,0,3.27738,5
1774299719753,0.0688538,-1.02119,0.102706,-2.91733,2.4052,2.42466,0,0,3.28703,5
1774299719766,0.0701774,-1.02252,0.104493,-3.06027,1.81041,2.4822,0,0,3.27714,5
1774299719780,0.0685605,-1.01868,0.103585,-3.48508,1.33548,2.54336,0,0,3.28705,5
1774299719793,0.0670462,-1.009,0.110405,-3.53494,0.78914,2.76508,0,0,3.29642,1
1774299719807,0.0655875,-1.01708,0.109313,-4.0149,0.219063,2.6027,0,0,3.63341,1
1774299719820,0.0650575,-1.00801,0.114996,-3.96397,-0.221411,2.63783,0,0,3.28864,1
1774299719834,0.0613048,-1.00775,0.120292,-4.48881,-0.607205,2.39524,0,0,3.2782,1
1774299719847,0.0612823,-1.00857,0.122772,-4.89172,-0.926828,2.07077,0,0,3.28659,1
1774299719861,0.0610793,-1.01116,0.122816,-5.41547,-1.09621,1.73196,0,0,3.2809,1
1774299719874,0.0599884,-1.00388,0.123648,-5.75741,-1.25995,1.52262,0,0,3.28549,1
1774299719887,0.0579308,-1.00152,0.123846,-6.02878,-1.42949,1.28007,0,0,3.2792,3
1774299719901,0.058152,-0.998974,0.123074,-6.04301,-1.60836,0.894409,0,0,3.31388,3
1774299719914,0.0584596,-0.997631,0.12302,-5.89159,-1.87525,0.527382,0,0,3.28692,3
1774299719928,0.0584868,-0.997371,0.121441,-5.7508,-2.19825,0.186936,0,0,3.27627,3
1774299719941,0.0588331,-0.993141,0.122867,-5.34045,-2.5635,-0.104011,0,0,3.29859,3
1774299719954,0.0580112,-0.992672,0.122821,-4.98009,-2.95537,-0.48226,0,0,3.2877,3
1774299719968,0.0554956,-0.995448,0.122618,-4.83091,-3.22463,-0.597367,0,0,3.29762,3
1774299719981,0.057649,-0.994548,0.122562,-4.4409,-3.59612,-0.706874,0,0,3.2899,3
1774299719995,0.0567401,-0.992661,0.125605,-4.2299,-3.74723,-0.97723,0,0,3.3257,3
1774299720008,0.0579956,-0.99452,0.126667,-3.97466,-3.91855,-1.26753,0,0,3.28716,3
1774299720022,0.058972,-0.994279,0.127427,-4.01162,-4.06014,-1.21998,0,0,3.28968,1
1774299720035,0.0584216,-0.994294,0.127887,-4.02295,-4.21905,-1.2419,0,0,3.29679,1
1774299720048,0.0577565,-0.994597,0.127568,-3.99812,-4.30439,-1.50323,0,0,3.28987,1
1774299720062,0.0579746,-0.993499,0.128075,-4.01406,-4.34341,-1.75932,0,0,3.29714,1
1774299720075,0.0591655,-0.991925,0.12872,-4.07322,-4.38837,-1.9351,0,0,3.28681,1
1774299720089,0.0598452,-0.990591,0.130853,-4.11579,-4.39057,-2.05135,0,0,3.29046,1
1774299720102,0.0582423,-0.989327,0.13269,-4.35807,-4.2736,-2.13282,0,0,3.30074,1
1774299720116,0.0598378,-0.994748,0.130528,-4.46987,-4.10625,-2.28123,0,0,3.28383,1
1774299720129,0.0597834,-0.99187,0.132229,-4.80918,-3.87249,-2.36908,0,0,3.30255,1
1774299720142,0.0604895,-0.992503,0.132788,-5.05496,-3.70794,-2.47598,0,0,3.28822,3
1774299720156,0.0611326,-0.991849,0.133281,-5.51432,-3.50338,-2.48696,0,0,3.29672,3
1774299720169,0.0632744,-0.993284,0.133858,-5.93549,-3.3454,-2.46992,0,0,3.28877,3
1774299720183,0.064447,-0.99378,0.13456,-6.63448,-3.18601,-2.40931,0,0,3.36648,3
1774299720197,0.0651306,-0.994661,0.133768,-7.34223,-3.07153,-2.29215,0,0,3.6917,3
1774299720210,0.0659231,-0.99546,0.132328,-8.09462,-2.96946,-2.21153,0,0,3.27524,3
1774299720224,0.065421,-0.993566,0.132658,-8.72175,-2.95919,-2.22621,0,0,3.28161,3
1774299720237,0.0652506,-0.996293,0.129163,-9.4961,-3.05525,-2.47215,0,0,3.2764,1
1774299720250,0.0653865,-0.995131,0.131533,-9.9457,-3.15363,-2.5981,0,0,3.27838,3
1774299720264,0.0661251,-0.996646,0.133479,-10.758,-3.28503,-2.78207,0,0,3.26873,1
1774299720277,0.0697355,-0.994754,0.138339,-11.4344,-3.41462,-2.85681,0,0,3.27816,1
1774299720290,0.0725795,-0.997449,0.138621,-12.3679,-3.6714,-2.80104,0,0,3.26801,1
1774299720304,0.07421,-1.00023,0.134619,-13.4815,-4.11631,-2.66019,0,0,3.31103,1
1774299720317,0.0744132,-1.00484,0.131935,-14.2497,-4.59106,-2.40907,0,0,3.28922,1
1774299720331,0.0745008,-1.00902,0.127062,-15.4885,-5.06916,-2.41438,0,0,3.28575,1
1774299720344,0.0766559,-1.01,0.13009,-16.2494,-5.70971,-2.56413,0,0,3.28605,1
1774299720358,0.0778839,-1.01106,0.131052,-17.4523,-6.4599,-2.8943,0,0,3.27688,1
1774299720371,0.0820051,-1.01824,0.128673,-18.84,-7.2802,-3.04581,0,0,3.28874,1
1774299720384,0.0845687,-1.02694,0.126281,-20.42,-8.30754,-3.12246,0,0,3.27503,1
1774299720398,0.084447,-1.03067,0.124485,-22.5656,-9.28411,-3.45942,0,0,3.62742,1
1774299720412,0.0754368,-1.04017,0.124497,-25.1587,-9.66425,-4.23008,0,0,3.28299,1
1774299720425,0.0752021,-1.04446,0.119148,-28.3128,-9.60301,-5.51929,0,0,3.27731,1
1774299720438,0.0717745,-1.04871,0.11587,-31.1273,-9.24419,-6.46728,0,0,3.28164,1
1774299720452,0.0724793,-1.05818,0.113248,-33.6952,-8.5698,-6.82601,0,0,3.28251,3
1774299720465,0.0713275,-1.06974,0.110409,-37.1562,-7.81721,-7.32733,0,0,3.28068,3
1774299720479,0.0678238,-1.07462,0.111784,-40.6646,-6.70347,-7.99064,0,0,3.27401,3
1774299720492,0.0723849,-1.08761,0.1076,-44.1611,-5.69117,-9.06334,0,0,3.29522,3
1774299720506,0.0748781,-1.09345,0.108297,-48.1424,-5.0007,-10.0262,0,0,3.30442,3
1774299720519,0.0804653,-1.10227,0.104874,-52.1131,-4.69579,-10.6152,0,0,3.28774,3
1774299720532,0.0855733,-1.11108,0.102925,-55.9994,-4.68588,-11.1224,0,0,3.29109,3
1774299720546,0.0921128,-1.119,0.102588,-59.9593,-4.92402,-11.9397,0,0,3.27842,3
1774299720559,0.100352,-1.12689,0.100504,-64.1664,-5.81634,-13.2988,0,0,3.29501,3
1774299720573,0.103491,-1.13311,0.0983078,-68.6016,-7.08422,-14.4998,0,0,3.28583,3
1774299720586,0.0986125,-1.13555,0.0933039,-73.1409,-7.75903,-14.938,0,0,3.29329,3
1774299720600,0.0945669,-1.13517,0.0858069,-77.6311,-7.8372,-15.0207,0,0,3.74194,5
1774299720613,0.0920434,-1.13286,0.0757229,-81.8013,-7.15824,-14.6346,0,0,3.28083,5
1774299720627,0.111219,-1.11829,0.0649162,-85.151,-6.83251,-14.5742,0,0,3.28803,5
1774299720640,0.120812,-1.08511,0.0553615,-85.7223,-7.22598,-13.3221,0,0,3.27614,5
1774299720653,0.120739,-1.04469,0.055663,-81.7733,-6.16083,-9.47474,0,0,3.28866,5
1774299720667,0.12558,-1.03118,0.0681764,-75.7195,-4.95888,-4.86823,0,0,3.29538,5
1774299720680,0.132014,-1.02311,0.0818294,-71.9963,-4.72397,-1.85734,0,0,3.29279,3
1774299720693,0.137057,-0.997755,0.0913407,-67.9001,-5.36846,-0.298176,0,0,3.27899,3
1774299720707,0.142572,-0.976382,0.0991761,-62.1166,-6.66746,1.85948,0,0,3.31207,3
1774299720720,0.149449,-0.963396,0.108687,-56.3539,-8.71358,5.31854,0,0,3.29077,3
1774299720734,0.15139,-0.947209,0.116233,-50.6101,-10.999,8.84949,0,0,3.28774,3
1774299720747,0.148837,-0.932701,0.123898,-44.4387,-13.0801,11.4168,0,0,3.28751,3
1774299720760,0.144432,-0.918828,0.130887,-38.3574,-14.7605,13.0107,0,0,3.28077,3
1774299720774,0.138212,-0.903427,0.135936,-31.9518,-15.8782,14.1452,0,0,3.31613,3
1774299720787,0.132434,-0.890749,0.140497,-25.086,-16.4678,14.9793,0,0,3.29512,3
1774299720801,0.127785,-0.881615,0.144666,-18.1839,-16.5966,15.3525,0,0,3.28409,3
1774299720814,0.123531,-0.87572,0.147106,-11.3008,-16.26,15.176,0,0,3.32116,4
1774299720827,0.119431,-0.872112,0.148253,-4.40337,-15.5569,14.7209,0,0,3.28509,5
1774299720841,0.114913,-0.869334,0.147791,2.64451,-14.5982,14.1208,0,0,3.28898,5
1774299720854,0.109226,-0.867094,0.146923,9.89395,-13.2471,13.3899,0,0,3.27977,5
1774299720868,0.104097,-0.868614,0.146967,17.3011,-11.4991,12.4684,0,0,3.28961,5
1774299720881,0.103185,-0.871872,0.148163,24.6053,-9.70866,11.3113,0,0,3.27548,5
1774299720894,0.104716,-0.877358,0.148421,31.7696,-8.16041,10.0072,0,0,3.28761,5
1774299720908,0.10951,-0.88474,0.148315,38.8296,-6.99873,8.90076,0,0,3.30902,5
1774299720921,0.116733,-0.894403,0.146334,45.8178,-6.50382,8.12189,0,0,3.2804,5
1774299720935,0.123671,-0.906282,0.144344,52.7325,-6.70293,7.69843,0,0,3.29672,5
1774299720948,0.125811,-0.923587,0.141096,59.1656,-7.4368,7.62114,0,0,3.2899,5
1774299720961,0.122786,-0.939795,0.136581,64.9899,-8.14921,7.48482,0,0,3.29842,5
1774299720975,0.118858,-0.955421,0.130084,70.5355,-8.55789,6.8085,0,0,3.28551,5
1774299720988,0.117077,-0.971977,0.122239,75.8569,-8.56985,5.73336,0,0,3.28737,5
1774299721001,0.117605,-0.990542,0.113338,80.5716,-8.41542,4.58408,0,0,3.28937,5
1774299721015,0.117416,-1.0106,0.101729,84.3388,-8.22641,3.42818,0,0,3.32837,5
1774299721028,0.114213,-1.03397,0.0852475,87.0718,-7.82963,2.08492,0,0,3.29577,5
1774299721042,0.113959,-1.06161,0.062237,88.56,-7.34035,0.287769,0,0,3.29135,5
1774299721055,0.114271,-1.0955,0.0323318,88.1004,-7.09089,-1.65264,0,0,3.3004,5
1774299721068,0.11648,-1.1176,-0.00333357,85.9971,-7.3624,-3.1802,0,0,3.28494,5
1774299721082,0.116159,-1.12524,-0.0421691,84.0879,-7.8726,-4.01062,0,0,3.28368,5
1774299721095,0.116663,-1.12825,-0.0756121,83.1157,-8.36274,-4.04813,0,0,3.28864,5
1774299721109,0.120231,-1.14306,-0.101966,81.6907,-9.23173,-3.80308,0,0,3.32653,5
1774299721122,0.119115,-1.1594,-0.126601,78.2508,-10.5444,-3.69637,0,0,3.28988,3
1774299721135,0.106432,-1.16585,-0.149316,73.8911,-11.5865,-3.65731,0,0,3.28096,3
1774299721149,0.0864885,-1.17125,-0.16794,69.4167,-11.3258,-3.51511,0,0,3.33487,3
1774299721162,0.0712712,-1.17894,-0.182548,64.0328,-9.74163,-3.64679,0,0,3.27898,3
1774299721176,0.0637661,-1.18133,-0.193921,58.0133,-7.63574,-4.29732,0,0,3.28816,3
1774299721189,0.0554789,-1.17665,-0.201937,52.181,-5.1774,-4.65402,0,0,3.28429,3
1774299721202,0.0514831,-1.15801,-0.198145,47.3405,-2.31958,-4.17416,0,0,3.2812,3
1774299721216,0.0483134,-1.1439,-0.178344,44.0762,-0.24722,-3.66127,0,0,3.30768,3
1774299721229,0.0450261,-1.13273,-0.15029,40.0915,1.53249,-3.76163,0,0,3.27148,2
1774299721243,0.0434947,-1.12787,-0.1089,36.0987,3.31727,-4.28668,0,0,3.34129,2
1774299721256,0.0511378,-1.13111,-0.0740715,30.8256,4.61272,-5.65407,0,0,3.27185,2
1774299721269,0.0635394,-1.13349,-0.0595467,24.7247,4.83141,-6.98929,0,0,3.29537,2
1774299721283,0.0713201,-1.13109,-0.0564515,20.511,4.78049,-5.59914,0,0,3.27801,2
1774299721296,0.0755041,-1.12769,-0.0482812,18.3821,4.66906,-2.30104,0,0,3.27007,2
1774299721310,0.0732698,-1.12505,-0.0316492,16.0895,5.01733,-0.121387,0,0,3.51147,2
1774299721323,0.0711225,-1.12025,-0.0185205,12.9112,5.54131,-0.26273,0,0,3.27077,2
1774299721337,0.0715569,-1.10893,-0.0091584,10.4194,5.61072,-0.830326,0,0,3.27957,2
1774299721350,0.0737232,-1.0996,-0.000931715,8.61123,5.14999,-0.0614011,0,0,3.28946,5
1774299721363,0.0725171,-1.09096,0.00689248,6.84707,4.71724,1.34478,0,0,3.28862,5
1774299721377,0.0672744,-1.0805,0.0132214,5.36299,4.63547,1.7502,0,0,3.27057,5
1774299721390,0.059517,-1.07089,0.0170741,4.20494,5.02844,0.967788,0,0,3.27931,5
1774299721403,0.055697,-1.05692,0.0233742,3.59527,5.85667,0.135916,0,0,3.27757,5
1774299721417,0.0584502,-1.0483,0.0302849,3.18336,6.3203,-0.270349,0,0,3.30533,5
1774299721430,0.0601114,-1.04323,0.0332098,2.68794,6.33531,-0.22093,0,0,3.29527,5
1774299721444,0.0618601,-1.03564,0.0386975,2.85788,6.50062,0.0179731,0,0,3.29231,5
1774299721457,0.0656784,-1.03618,0.045931,3.22296,6.52178,-0.184283,0,0,3.30064,5
1774299721470,0.0692123,-1.03207,0.0580479,3.3813,6.43728,-0.203919,0,0,3.28066,5
1774299721484,0.0722819,-1.03278,0.0677023,3.39545,6.07619,0.0254663,0,0,3.27911,5
1774299721497,0.0742351,-1.0347,0.076422,3.14376,5.5718,0.25954,0,0,3.28324,5
1774299721511,0.0759,-1.03131,0.0840023,2.86465,5.09741,0.296364,0,0,3.7489,5
1774299721524,0.0759546,-1.02937,0.0907066,2.54854,4.55457,0.277172,0,0,3.30659,5
1774299721538,0.0773628,-1.02764,0.0964237,2.21547,3.9103,0.354969,0,0,3.27218,5
1774299721551,0.0786239,-1.02474,0.102734,1.75978,3.29061,0.526885,0,0,3.28222,5
1774299721564,0.0801609,-1.02177,0.107648,1.14511,2.67656,0.843734,0,0,3.2797,5
1774299721578,0.0811823,-1.01938,0.111375,0.574758,2.24767,1.35776,0,0,3.27931,5
1774299721591,0.0849029,-1.01863,0.114544,-0.133159,1.94818,2.05919,0,0,3.27944,5
1774299721604,0.0866031,-1.01731,0.11687,-0.909699,1.74813,3.1182,0,0,3.27531,5
1774299721618,0.0844813,-1.01122,0.120823,-1.60029,1.60982,4.10496,0,0,3.3019,5
1774299721631,0.0834666,-1.01195,0.120344,-2.17593,1.57562,4.41807,0,0,3.27522,5
1774299721645,0.0825711,-1.0108,0.119373,-2.60153,1.39646,4.8121,0,0,3.30053,5
1774299721658,0.0807965,-1.0079,0.12215,-2.63758,1.06293,5.27909,0,0,3.29224,5
1774299721671,0.0780318,-1.00327,0.125563,-2.93494,0.608092,5.37134,0,0,3.28816,5
1774299721685,0.0728042,-0.998344,0.129158,-3.04821,0.199747,5.25288,0,0,3.27746,1
1774299721698,0.0722574,-1.00241,0.128453,-3.13842,-0.270473,4.98093,0,0,3.27761,1
1774299721712,0.0706029,-1.00505,0.126145,-3.39699,-0.563595,4.85354,0,0,3.29624,1
1774299721725,0.0722024,-1.00742,0.125913,-3.27667,-0.884379,4.68877,0,0,3.30307,1
1774299721738,0.0694078,-1.0009,0.128884,-3.48038,-1.25183,4.65142,0,0,3.288,1
1774299721752,0.0677818,-0.99873,0.131373,-3.41532,-1.70956,4.42305,0,0,3.26337,1
1774299721765,0.0661735,-1.00329,0.128767,-3.60098,-2.10523,3.98869,0,0,3.27033,1
1774299721778,0.0653509,-1.00109,0.128068,-3.48763,-2.41704,3.63093,0,0,3.28429,1
1774299721792,0.0644041,-0.996565,0.136155,-3.37721,-2.58761,3.27569,0,0,3.28127,1
1774299721805,0.0622922,-0.999086,0.14123,-4.04886,-2.63001,2.58069,0,0,3.27811,1
1774299721818,0.0637213,-0.995442,0.149521,-4.7963,-2.54543,2.22698,0,0,3.2995,1
1774299721832,0.0645007,-1.00178,0.144733,-5.88932,-2.5598,1.99544,0,0,3.28763,1
1774299721845,0.0636338,-1.00196,0.141008,-6.91162,-2.41407,1.98457,0,0,3.26453,3
1774299721859,0.0634774,-0.99804,0.144953,-7.47964,-2.21914,1.68056,0,0,3.27085,3
1774299721872,0.0609363,-1.00107,0.145596,-8.90557,-1.90284,1.12043,0,0,3.28244,3
1774299721885,0.0663218,-1.0021,0.143959,-9.86958,-1.72374,1.00278,0,0,3.27625,3
1774299721899,0.0660585,-1.00001,0.145468,-10.9144,-1.68314,1.12251,0,0,3.2772,3
1774299721912,0.0641626,-0.996556,0.145811,-11.8295,-1.75701,0.954642,0,0,3.28309,3
1774299721925,0.0622748,-0.998522,0.143866,-12.6668,-1.81089,0.478902,0,0,3.31792,3
1774299721939,0.063395,-1.00121,0.141226,-13.4797,-1.88273,0.0855115,0,0,3.27057,3
1774299721952,0.0637403,-0.998736,0.13948,-14.2043,-2.12524,-0.0246189,0,0,3.2777,3
1774299721966,0.0638889,-0.998119,0.137822,-14.7041,-2.34558,-0.0228098,0,0,3.27409,3
1774299721982,0.0648211,-0.998308,0.136674,-15.3518,-2.47392,-0.171396,0,0,3.34168,3
1774299721996,0.0650506,-0.997069,0.135331,-16.0433,-2.5668,-0.265403,0,0,3.29809,3
1774299722009,0.0670104,-0.998895,0.132776,-16.672,-2.69001,-0.391389,0,0,3.27896,5
1774299722022,0.0675818,-0.999733,0.128998,-17.4209,-2.90907,-0.488899,0,0,3.30126,5
1774299722036,0.0688544,-0.998794,0.126816,-17.8264,-3.18393,-0.60449,0,0,3.2722,5
1774299722049,0.0683629,-0.998634,0.124622,-18.5477,-3.66603,-0.910562,0,0,3.28957,1
1774299722063,0.0692703,-1.00053,0.120026,-19.1315,-4.30178,-1.34548,0,0,3.26807,1
1774299722076,0.0695721,-1.00107,0.117489,-19.6379,-5.05516,-1.83521,0,0,3.28948,1
1774299722089,0.0688465,-1.00361,0.113675,-20.2033,-5.84806,-2.40752,0,0,3.2745,1
1774299722103,0.0681205,-1.00516,0.110818,-20.6269,-6.72152,-3.20464,0,0,3.27414,1
1774299722116,0.067864,-1.00771,0.105672,-21.1908,-7.67102,-4.25849,0,0,3.27803,1
1774299722129,0.0664443,-1.01007,0.101104,-21.807,-8.52615,-5.3136,0,0,3.3,1
1774299722143,0.0636346,-1.01238,0.0984339,-22.5778,-9.14491,-6.34977,0,0,3.29731,1
1774299722156,0.0620048,-1.02113,0.0906485,-23.9456,-9.59194,-7.72519,0,0,3.27459,1
1774299722170,0.061845,-1.02557,0.0884138,-25.1416,-9.90685,-9.2825,0,0,3.29602,1
1774299722183,0.0580726,-1.02737,0.0869709,-26.6896,-9.78576,-10.7996,0,0,3.28139,1
1774299722196,0.0592699,-1.0312,0.0861143,-28.2374,-9.3439,-12.0513,0,0,3.28311,1
1774299722210,0.0647709,-1.03586,0.0819319,-29.8794,-8.92255,-13.0503,0,0,3.27959,3
1774299722223,0.0702663,-1.03697,0.0812743,-31.4855,-8.41778,-13.5695,0,0,3.30198,3
1774299722237,0.0735461,-1.04157,0.0764494,-33.183,-7.93233,-13.8039,0,0,3.28835,3
1774299722250,0.0779744,-1.04425,0.074729,-34.9617,-7.36621,-13.981,0,0,3.2879,3
1774299722263,0.0837999,-1.04523,0.0720694,-36.96,-6.92562,-14.167,0,0,3.29866,3
1774299722277,0.0916662,-1.04662,0.0656399,-38.9392,-6.68016,-14.1941,0,0,3.28177,3
1774299722290,0.102338,-1.04691,0.0607086,-40.6477,-6.63515,-13.9678,0,0,3.28307,3
1774299722304,0.111999,-1.04456,0.0594203,-42.3412,-6.92709,-13.5384,0,0,3.28098,3
1774299722317,0.122529,-1.04794,0.0517609,-44.2506,-7.69806,-13.0368,0,0,3.28624,3
1774299722330,0.128851,-1.04677,0.0461447,-46.1608,-8.70882,-12.2207,0,0,3.31139,3
1774299722344,0.133669,-1.04873,0.0391299,-47.8076,-9.68514,-11.3032,0,0,3.28668,3
1774299722357,0.137208,-1.05277,0.0321763,-49.7243,-10.7133,-10.6473,0,0,3.29452,1
1774299722371,0.137325,-1.05457,0.0298296,-51.8485,-11.7224,-9.97087,0,0,3.28268,1
1774299722384,0.137395,-1.06282,0.0223431,-54.281,-12.6346,-9.09515,0,0,3.27709,1
1774299722397,0.135379,-1.06907,0.0201168,-57.2904,-13.3132,-7.94913,0,0,3.28379,1
1774299722411,0.135139,-1.08202,0.0135783,-60.4782,-13.7037,-6.87081,0,0,3.28722,1
1774299722425,0.133083,-1.09055,0.0142764,-63.772,-13.2574,-5.96174,0,0,3.77998,1
1774299722438,0.135068,-1.09851,0.0102354,-67.2711,-12.5442,-5.40596,0,0,3.27994,1
1774299722451,0.136123,-1.11042,0.00156662,-71.029,-11.6303,-4.75461,0,0,3.29294,1
1774299722465,0.136426,-1.11727,-0.00939232,-74.7942,-10.1734,-3.5566,0,0,3.27979,1
1774299722478,0.146166,-1.1139,-0.0137114,-77.8317,-8.76905,-2.32218,0,0,3.28776,3
1774299722491,0.16859,-1.10275,-0.022027,-79.4134,-8.92031,-1.86222,0,0,3.28489,3
1774299722505,0.178237,-1.07115,-0.0127998,-77.8723,-9.61588,-0.113528,0,0,3.30507,3
1774299722518,0.196547,-1.04755,-0.00130689,-73.6648,-11.4349,3.22798,0,0,3.32474,3
1774299722532,0.198084,-1.02579,0.0148724,-68.3694,-14.4721,7.77624,0,0,3.31191,3
1774299722545,0.192112,-1.01179,0.0328531,-62.8731,-17.374,12.3177,0,0,3.29263,3
1774299722558,0.186155,-0.992118,0.0495244,-57.7081,-20.3473,15.1413,0,0,3.2819,3
1774299722572,0.180331,-0.968024,0.0624023,-52.102,-23.1187,16.2869,0,0,3.28476,3
1774299722585,0.174719,-0.944278,0.0729553,-45.3973,-25.5044,17.1722,0,0,3.27618,3
1774299722599,0.167484,-0.924539,0.0822781,-38.068,-27.2076,18.7716,0,0,3.27703,3
1774299722612,0.162294,-0.908791,0.0921648,-30.7362,-28.5863,20.3272,0,0,3.32189,3
1774299722626,0.156019,-0.892814,0.100744,-23.5643,-29.689,20.7413,0,0,3.44674,3
1774299722639,0.147456,-0.877397,0.107591,-16.2406,-30.1355,19.971,0,0,3.37719,5
1774299722653,0.14043,-0.863978,0.112463,-8.58488,-30.0213,18.7043,0,0,3.32353,5
1774299722666,0.134737,-0.853036,0.114987,-0.507306,-29.4951,17.4436,0,0,3.3117,5
1774299722679,0.129261,-0.848188,0.116353,7.8194,-28.709,16.2365,0,0,3.27835,5
1774299722693,0.121302,-0.84824,0.117116,15.8927,-27.6339,14.7584,0,0,3.28061,5
1774299722706,0.112805,-0.852037,0.117162,23.6438,-26.1031,12.8075,0,0,3.28626,5
1774299722720,0.105865,-0.858347,0.115871,31.1048,-24.2339,10.4872,0,0,3.28348,5
1774299722733,0.0974125,-0.867948,0.113836,38.4286,-22.1877,8.21704,0,0,3.30511,5
1774299722746,0.0897038,-0.881741,0.110897,45.4075,-19.817,6.22578,0,0,3.27431,5
1774299722760,0.0835493,-0.895957,0.107147,52.0263,-17.2744,4.36335,0,0,3.31585,5
1774299722773,0.0797887,-0.910212,0.102845,58.5987,-14.6433,2.4915,0,0,3.27996,5
1774299722787,0.0803993,-0.928702,0.0985292,64.8651,-12.1138,0.762314,0,0,3.27581,5
1774299722800,0.0821256,-0.950024,0.0922237,70.386,-9.88003,-0.684898,0,0,3.28202,5
1774299722813,0.0844384,-0.97083,0.0837916,75.2551,-7.79421,-1.87366,0,0,3.27568,5
1774299722827,0.0888921,-0.990214,0.0746606,79.6224,-5.92687,-3.10879,0,0,3.35511,5
1774299722840,0.0934394,-1.01143,0.0654272,83.3735,-4.21695,-4.4382,0,0,3.30783,5
1774299722854,0.098738,-1.03386,0.0547611,86.03,-2.50573,-5.76797,0,0,3.3095,5
1774299722867,0.104478,-1.04937,0.0444013,88.4381,-1.48868,-7.11222,0,0,3.27913,5
1774299722880,0.1053,-1.06476,0.0331492,90.104,-0.620314,-8.31812,0,0,3.27811,5
1774299722894,0.106717,-1.07572,0.0225708,91.1734,0.503358,-9.2547,0,0,3.28405,5
1774299722907,0.108766,-1.08652,0.010042,92.5814,1.00479,-10.6457,0,0,3.28229,5
1774299722920,0.107244,-1.10083,-0.00523804,93.1911,1.53376,-11.9009,0,0,3.28718,5
1774299722934,0.10896,-1.11343,-0.0250495,93.0245,1.82453,-12.8446,0,0,3.30926,5
1774299722947,0.114648,-1.12165,-0.0437917,92.6784,1.68066,-13.2387,0,0,3.30807,5
1774299722961,0.121496,-1.13479,-0.060433,91.5502,0.67349,-13.0939,0,0,3.30365,5
1774299722974,0.125536,-1.14508,-0.0779267,89.083,-1.15582,-12.7923,0,0,3.28253,5
1774299722988,0.121455,-1.15208,-0.0961288,86.0831,-3.14757,-12.2336,0,0,3.28129,5
1774299723001,0.109289,-1.15909,-0.11346,82.6615,-4.81393,-11.2888,0,0,3.28705,5
1774299723014,0.0946334,-1.16775,-0.129478,78.355,-5.69144,-10.2295,0,0,3.32754,5
1774299723028,0.0793909,-1.17508,-0.143675,73.1193,-5.65266,-9.44333,0,0,3.32374,5
1774299723041,0.0660214,-1.18027,-0.155767,67.1403,-4.74169,-9.07249,0,0,3.32485,5
1774299723055,0.0549983,-1.18531,-0.165279,60.5238,-3.13892,-8.85947,0,0,3.27033,5
1774299723068,0.0416066,-1.18215,-0.171195,53.5638,-0.7153,-8.24519,0,0,3.28976,5
1774299723081,0.0399365,-1.16919,-0.162491,48.2231,1.54283,-7.97924,0,0,3.27433,5
1774299723095,0.0327341,-1.16865,-0.151295,42.0725,3.53128,-8.85861,0,0,3.27665,5
1774299723108,0.0271706,-1.14799,-0.137034,35.9741,6.08515,-10.4221,0,0,3.2815,5
1774299723121,0.0291748,-1.10099,-0.102555,33.4407,8.30952,-11.1957,0,0,3.2722,5
1774299723135,0.0432095,-1.10598,-0.0434474,32.0723,9.44697,-11.3997,0,0,3.34122,5
1774299723148,0.0572284,-1.11827,-0.00726381,25.3817,8.8978,-12.6122,0,0,3.28661,5
1774299723162,0.0626052,-1.11654,0.00328231,17.5009,7.44085,-13.5674,0,0,3.30818,5
1774299723175,0.0681633,-1.10258,-0.00241321,14.4229,6.78583,-11.5316,0,0,3.29287,5
1774299723188,0.0704567,-1.10069,0.00469636,13.1634,7.15666,-8.18124,0,0,3.29237,5
1774299723202,0.0677492,-1.10085,0.016385,10.5115,8.03294,-6.40267,0,0,3.28566,5
1774299723215,0.065128,-1.0887,0.0261959,7.83315,9.01592,-6.19082,0,0,3.28724,5
1774299723229,0.0686752,-1.07681,0.0369123,6.66885,9.70269,-5.57509,0,0,3.31485,5
1774299723242,0.07274,-1.07146,0.0468397,4.72933,9.97799,-3.86092,0,0,3.33689,5
1774299723256,0.0729114,-1.06312,0.0515178,3.02149,10.4156,-2.08832,0,0,3.32091,5
1774299723269,0.0694559,-1.05458,0.0547847,2.23885,11.0534,-1.46164,0,0,3.28822,5
1774299723282,0.0684363,-1.0491,0.0609837,1.68551,11.7192,-1.54664,0,0,3.27005,5
1774299723296,0.0709741,-1.04303,0.0685879,1.22144,11.827,-1.10878,0,0,3.28103,5
1774299723309,0.0733688,-1.04061,0.0750161,0.861328,11.5956,-0.221039,0,0,3.27489,5
1774299723322,0.0746338,-1.03529,0.0825618,0.478601,11.2415,0.116353,0,0,3.27957,5
1774299723336,0.0755445,-1.03195,0.090258,0.354128,10.703,0.0301839,0,0,3.55599,5
1774299723349,0.0763728,-1.03248,0.0980127,0.145434,9.92539,0.234448,0,0,3.2912,5
1774299723363,0.0752856,-1.0305,0.103581,-0.217262,9.0261,0.56556,0,0,3.28372,5
1774299723376,0.0720893,-1.02727,0.109547,-0.290284,8.12587,0.427218,0,0,3.28744,5
1774299723390,0.0706769,-1.02587,0.113821,-0.461975,7.29541,0.0482874,0,0,3.27939,5
1774299723403,0.0713016,-1.022,0.118687,-0.516989,6.57404,-0.237881,0,0,3.27526,5
1774299723416,0.072262,-1.0228,0.12223,-0.814696,6.01004,-0.496007,0,0,3.28228,5
1774299723430,0.0741199,-1.01802,0.127135,-1.16036,5.6134,-0.635178,0,0,3.28639,5
1774299723443,0.075918,-1.01597,0.131173,-1.67247,5.29511,-0.658639,0,0,3.31667,5
1774299723457,0.079367,-1.01393,0.132024,-2.32584,4.91716,-0.521927,0,0,3.28098,5
1774299723470,0.0815976,-1.01094,0.134301,-2.67923,4.53901,-0.102573,0,0,3.28522,5
1774299723483,0.083453,-1.00942,0.135965,-3.1845,4.18464,0.348923,0,0,3.27609,5
1774299723497,0.0830278,-1.00658,0.137418,-3.43063,3.7765,0.692881,0,0,3.27857,5
1774299723510,0.0813186,-1.00413,0.138989,-3.72933,3.3981,0.927198,0,0,3.28481,5
1774299723524,0.0813071,-1.00254,0.141047,-3.94448,2.98441,1.24686,0,0,3.27846,3
1774299723537,0.0794809,-1.00771,0.14153,-4.44172,2.66543,1.39529,0,0,3.30018,3
1774299723550,0.0807776,-1.00514,0.144395,-4.83956,2.40673,1.54482,0,0,3.29013,3
1774299723565,0.077576,-1.00289,0.145169,-5.35168,2.11587,1.76989,0,0,4.05795,3
1774299723578,0.0774826,-1.00281,0.14654,-5.68135,1.80151,1.87742,0,0,3.26913,3
1774299723591,0.0773932,-1.00415,0.148182,-6.14754,1.55658,1.86974,0,0,3.27279,3
1774299723605,0.0779163,-1.0025,0.150692,-6.64837,1.20422,1.86292,0,0,3.28168,3
1774299723618,0.077776,-1.00169,0.150155,-7.25386,0.81468,1.89116,0,0,3.27826,3
1774299723632,0.076083,-1.00048,0.149685,-7.63912,0.408022,1.99061,0,0,3.28007,1
1774299723645,0.0743785,-0.997611,0.153271,-8.12865,0.0905427,1.78646,0,0,3.29352,1
1774299723660,0.0752577,-0.995313,0.152377,-8.91358,-0.0554093,1.75091,0,0,3.29433,1
1774299723673,0.0758636,-0.992539,0.152311,-9.25841,-0.372156,1.94044,0,0,3.27083,1
1774299723687,0.0739979,-0.987025,0.15495,-9.49397,-0.539683,1.91338,0,0,3.84658,1
1774299723701,0.0729826,-0.986728,0.153608,-9.72489,-0.74106,1.76452,0,0,3.28465,1
1774299723714,0.0739442,-0.98513,0.153723,-9.64869,-1.0703,1.79015,0,0,3.27587,1
1774299723728,0.0736679,-0.986838,0.151517,-9.51082,-1.46757,1.70044,0,0,3.28009,1
1774299723741,0.0737027,-0.989997,0.145788,-9.52927,-1.6974,1.5374,0,0,3.41019,1
1774299723755,0.0748036,-0.983569,0.147665,-9.14933,-2.01624,1.52139,0,0,3.30868,1
1774299723768,0.0736997,-0.98511,0.148137,-9.14523,-2.35445,1.39751,0,0,3.26935,1
1774299723783,0.0738398,-0.979195,0.156222,-9.13409,-2.65015,1.44929,0,0,4.57981,1
1774299723796,0.0728741,-0.983628,0.154867,-9.63311,-2.83633,1.40825,0,0,3.27061,1
1774299723810,0.0741501,-0.985775,0.152322,-9.96798,-2.89133,1.55106,0,0,3.69705,1
1774299723824,0.0744521,-0.986621,0.150348,-10.2802,-2.92569,1.77577,0,0,3.28198,1
1774299723837,0.0728724,-0.982391,0.151802,-10.7111,-2.93585,2.05811,0,0,3.275,1
1774299723851,0.0717995,-0.979328,0.155744,-10.9572,-2.93988,2.26295,0,0,3.3085,1
1774299723864,0.0710191,-0.984684,0.152766,-11.6169,-2.8666,2.24392,0,0,3.27792,3
1774299723878,0.0718851,-0.981809,0.153463,-12.1698,-2.80815,2.42463,0,0,3.29224,3
1774299723891,0.0719658,-0.990111,0.145791,-12.7768,-2.86044,2.55582,0,0,3.27772,3
1774299723905,0.0710607,-0.989347,0.140087,-13.5323,-2.86099,2.6745,0,0,3.81609,3
1774299723918,0.0707503,-0.984315,0.143848,-13.4596,-2.98054,2.76513,0,0,3.27766,3
1774299723932,0.0675922,-0.985919,0.140749,-14.2611,-3.16618,2.61131,0,0,3.2747,3
1774299723945,0.0697184,-0.988307,0.135993,-14.3625,-3.45959,2.592,0,0,3.31765,3
1774299723958,0.0691251,-0.98806,0.135331,-14.6256,-3.71256,2.63758,0,0,3.27216,3
1774299723972,0.0689635,-0.98555,0.135701,-14.9193,-3.99245,2.61124,0,0,3.33407,3
1774299723985,0.0669832,-0.987421,0.130556,-15.2878,-4.32257,2.44165,0,0,3.27816,1
1774299723999,0.0667872,-0.99127,0.124409,-15.5843,-4.66458,2.25845,0,0,3.95928,1
1774299724013,0.0655427,-0.991107,0.122396,-15.8092,-5.06662,2.08509,0,0,3.27828,1
1774299724026,0.0649078,-0.992692,0.119477,-16.067,-5.57928,1.69409,0,0,3.2745,1
1774299724040,0.0648879,-0.994656,0.116131,-16.4533,-6.16851,1.08353,0,0,3.28528,1
1774299724053,0.0648262,-0.997377,0.114384,-16.8223,-6.82832,0.574443,0,0,3.3012,1
1774299724066,0.0639237,-0.999617,0.115393,-17.3443,-7.49222,0.146577,0,0,3.29957,1
1774299724080,0.0636265,-1.00417,0.114083,-18.1142,-7.99513,-0.440553,0,0,3.28,1
1774299724093,0.0672501,-1.01132,0.113141,-18.9988,-8.27415,-1.20927,0,0,3.28902,1
1774299724107,0.0710676,-1.01725,0.113189,-20.31,-8.44032,-1.75931,0,0,3.27189,1
1774299724121,0.0751131,-1.0221,0.114507,-21.7895,-8.69523,-1.88885,0,0,3.68522,3
1774299724134,0.0746469,-1.03273,0.113556,-23.911,-8.91957,-1.9773,0,0,3.27926,3
1774299724148,0.075824,-1.03342,0.115124,-26.6226,-8.76908,-2.31341,0,0,3.53832,3
1774299724161,0.0769603,-1.03826,0.111883,-29.12,-8.88223,-3.1642,0,0,3.31433,3
1774299724175,0.0784099,-1.04366,0.107183,-31.5154,-8.98689,-3.86149,0,0,3.27639,3
1774299724188,0.077885,-1.04769,0.104609,-33.8886,-8.99233,-4.11675,0,0,3.2898,3
1774299724201,0.0765181,-1.05164,0.101433,-36.228,-8.84204,-4.20312,0,0,3.27522,3
1774299724215,0.0726593,-1.0562,0.0964847,-38.7664,-8.44883,-4.4739,0,0,3.91269,3
1774299724229,0.0706989,-1.0622,0.090322,-41.2154,-7.72657,-4.8344,0,0,3.27707,3
1774299724242,0.0717497,-1.06711,0.0857314,-44.0846,-7.07479,-5.28857,0,0,3.36174,3
1774299724256,0.073598,-1.0708,0.0814696,-46.9671,-6.59103,-5.38543,0,0,3.30872,3
1774299724269,0.0757499,-1.0753,0.0762625,-49.7269,-6.30353,-5.15828,0,0,3.27528,3
1774299724283,0.0777649,-1.08128,0.0712191,-52.5695,-6.12979,-5.04407,0,0,3.29537,3
1774299724296,0.0798199,-1.08762,0.0670795,-55.4972,-6.28137,-5.29551,0,0,3.27728,3
1774299724310,0.0835254,-1.09448,0.0636975,-58.6542,-6.78455,-5.88268,0,0,3.285,3
1774299724323,0.0868126,-1.10131,0.0622999,-62.0404,-7.52112,-6.55252,0,0,3.27542,3
1774299724337,0.0869345,-1.10916,0.0586998,-65.4773,-7.76122,-6.89876,0,0,3.70144,3
1774299724350,0.0853107,-1.11546,0.0540614,-69.3513,-7.40937,-7.0239,0,0,3.34322,1
1774299724364,0.0857439,-1.12159,0.0450028,-73.1279,-6.59127,-7.16343,0,0,3.30669,1
1774299724377,0.0927884,-1.12461,0.0371517,-76.9051,-5.557,-6.90592,0,0,3.31367,1
1774299724391,0.116768,-1.10957,0.0437589,-79.581,-4.9704,-5.93793,0,0,3.29296,1
1774299724405,0.142432,-1.07189,0.0361437,-79.3086,-6.56748,-4.14131,0,0,3.30115,1
1774299724418,0.156351,-1.04464,0.0531408,-74.1445,-8.55669,-0.289559,0,0,3.2888,1
1774299724432,0.161898,-1.03598,0.0700993,-69.0153,-11.1879,4.54292,0,0,3.72839,3
1774299724445,0.161555,-1.02416,0.0869461,-65.645,-14.3327,8.46377,0,0,3.28915,3
1774299724459,0.156017,-0.998589,0.101326,-61.425,-17.4338,11.0912,0,0,3.296,3
1774299724472,0.153934,-0.973293,0.115409,-55.798,-20.3502,12.9885,0,0,3.32372,3
1774299724485,0.154612,-0.95363,0.128534,-49.7085,-23.3275,14.9237,0,0,3.2842,3
1774299724499,0.154694,-0.933183,0.140231,-43.2044,-26.3094,17.0745,0,0,3.29568,3
1774299724512,0.151004,-0.913684,0.151416,-36.1073,-28.883,18.9899,0,0,3.28622,3
1774299724526,0.145329,-0.896553,0.161995,-28.6701,-30.9727,19.9235,0,0,3.8298,3
1774299724540,0.139443,-0.882222,0.171321,-21.0738,-32.4429,19.8914,0,0,3.28541,3
1774299724553,0.134787,-0.870546,0.17963,-13.2706,-33.4423,19.2959,0,0,3.28107,3
1774299724566,0.131454,-0.863171,0.185419,-5.33358,-34.0944,18.4631,0,0,3.30967,4
1774299724580,0.127542,-0.860058,0.188126,2.69778,-34.3413,17.3307,0,0,3.28172,4
1774299724593,0.121697,-0.861128,0.18843,10.7222,-33.9467,15.7981,0,0,3.29587,4
1774299724607,0.116365,-0.864158,0.188218,18.5085,-32.9135,13.8629,0,0,3.27802,5
1774299724621,0.110656,-0.868903,0.187792,26.2739,-31.4402,11.3734,0,0,4.12111,5
1774299724634,0.10428,-0.878032,0.186434,33.9701,-29.5855,8.32133,0,0,3.30137,5
1774299724648,0.0972742,-0.894128,0.183801,41.254,-27.3457,4.98915,0,0,3.28665,5
1774299724661,0.0916322,-0.911389,0.178934,48.1511,-24.738,1.67945,0,0,3.31424,5
1774299724675,0.0873259,-0.930073,0.171642,54.8981,-21.9476,-1.29303,0,0,3.28111,5
1774299724688,0.0859306,-0.950694,0.164552,61.2072,-19.1339,-3.80075,0,0,3.30098,5
1774299724702,0.0880449,-0.970724,0.157206,66.8116,-16.6494,-6.14426,0,0,3.32369,5
1774299724715,0.0905152,-0.989888,0.1492,71.7823,-14.4249,-8.34347,0,0,3.34102,5
1774299724728,0.0933899,-1.0058,0.140636,76.3115,-12.4922,-10.3833,0,0,3.28094,5
1774299724742,0.0949645,-1.02135,0.132745,80.6474,-10.8229,-12.2536,0,0,3.72502,5
1774299724756,0.0951249,-1.03895,0.127078,84.2686,-9.17237,-14.0865,0,0,3.2878,5
1774299724769,0.0943708,-1.0539,0.116663,87.1742,-7.8927,-16.2993,0,0,3.29457,5
1774299724782,0.091557,-1.06721,0.102731,90.0418,-6.72164,-18.2414,0,0,3.30306,5
1774299724796,0.0925498,-1.08503,0.0864939,92.5735,-6.08084,-19.3917,0,0,3.28107,5
1774299724809,0.0927731,-1.10387,0.0672191,93.9848,-6.19962,-19.5102,0,0,3.2943,5
1774299724823,0.0861748,-1.12075,0.0451358,94.2357,-6.80758,-18.9146,0,0,3.27794,5
1774299724837,0.0757758,-1.13408,0.0219362,93.7001,-7.14508,-18.4566,0,0,3.79254,5
1774299724850,0.0629381,-1.14596,-0.00201043,92.3206,-6.98109,-18.535,0,0,3.2807,5
1774299724863,0.0483984,-1.15678,-0.0255611,89.835,-6.13091,-18.8548,0,0,3.30367,5
1774299724877,0.0342703,-1.16179,-0.0475054,86.3309,-4.39883,-19.146,0,0,3.32182,5
1774299724890,0.0246892,-1.16027,-0.0654684,82.7237,-1.98975,-19.6251,0,0,3.28137,5
1774299724904,0.0166268,-1.16141,-0.0793039,78.7614,0.743215,-20.1231,0,0,3.30185,5
1774299724917,0.0109135,-1.16145,-0.0913066,74.0699,3.63589,-20.4566,0,0,3.27946,5
1774299724931,0.00541813,-1.15872,-0.103404,69.087,6.74439,-20.5004,0,0,3.74181,5
1774299724944,0.00501035,-1.15707,-0.11195,64.3571,9.82925,-20.3164,0,0,3.27107,5
1774299724958,0.00837867,-1.16044,-0.119258,58.8721,12.5578,-19.8594,0,0,3.27368,5
1774299724971,0.01397,-1.16179,-0.127559,52.6111,14.6777,-19.3457,0,0,3.31289,5
1774299724985,0.0216336,-1.14419,-0.135754,46.804,16.2994,-18.8069,0,0,3.28515,5
1774299724998,0.0264851,-1.12265,-0.125536,43.631,17.407,-17.4724,0,0,3.29237,5
1774299725011,0.0238107,-1.1186,-0.0772207,40.8676,18.2358,-15.3375,0,0,3.28198,5
1774299725025,0.0311187,-1.11998,-0.0197866,35.3519,18.1785,-14.9915,0,0,3.28422,5
1774299725038,0.0350535,-1.13015,0.00831551,28.3814,16.9833,-16.7479,0,0,3.27054,5
1774299725052,0.0340864,-1.13143,0.0186287,21.8524,15.7382,-17.1847,0,0,3.6742,5
1774299725065,0.0421302,-1.12762,0.020227,17.2423,14.6327,-15.3695,0,0,3.29961,5
1774299725079,0.0441421,-1.12139,0.026923,14.6249,14.3099,-13.1565,0,0,3.26159,5
1774299725092,0.0451692,-1.11697,0.0384618,11.8357,14.4261,-11.8807,0,0,3.27833,5
1774299725106,0.045532,-1.106,0.0503181,9.55286,14.5474,-11.3526,0,0,3.31313,5
1774299725119,0.0463488,-1.09466,0.0650618,7.44386,14.2508,-10.6999,0,0,3.29902,5
1774299725132,0.048582,-1.08564,0.0747191,5.02198,13.6077,-9.68185,0,0,3.28156,5
1774299725146,0.049607,-1.07369,0.0802812,2.85412,13.0671,-8.75726,0,0,3.28965,5
1774299725159,0.0521568,-1.06682,0.0839772,1.35209,12.6308,-8.22451,0,0,3.26952,5
1774299725172,0.0550007,-1.05876,0.0883123,-0.0348556,12.2315,-7.68996,0,0,3.30054,5
1774299725186,0.0582862,-1.05007,0.096024,-0.791218,11.5968,-6.79745,0,0,3.28882,5
1774299725199,0.0612358,-1.04803,0.103003,-1.60749,10.8084,-5.9169,0,0,3.27426,5
1774299725213,0.0627538,-1.04266,0.108567,-2.57195,9.99705,-5.37991,0,0,3.27009,5
1774299725226,0.063789,-1.03261,0.117229,-2.89612,9.19479,-5.01434,0,0,3.26628,5
1774299725239,0.0635512,-1.03215,0.12421,-3.33698,8.35233,-4.61703,0,0,3.27911,5
1774299725253,0.0633664,-1.02709,0.129978,-3.80878,7.51644,-4.35976,0,0,3.2818,5
1774299725266,0.0629441,-1.02847,0.134928,-3.79381,6.81865,-4.42693,0,0,3.30213,5
1774299725279,0.0629994,-1.02877,0.137313,-4.29565,6.29958,-4.73911,0,0,3.28572,5
1774299725293,0.0644403,-1.01852,0.144974,-4.39853,5.88157,-4.81883,0,0,3.27602,5
1774299725306,0.0661492,-1.02202,0.147549,-4.88358,5.41849,-5.03752,0,0,3.28493,5
1774299725320,0.0684453,-1.01092,0.153065,-5.332,4.91416,-5.19256,0,0,3.27813,5
1774299725333,0.0701071,-1.01119,0.155383,-5.53689,4.30967,-5.4498,0,0,3.29361,5
1774299725346,0.0739278,-1.0086,0.156862,-5.79152,3.74508,-5.55132,0,0,3.28661,3
1774299725360,0.0765777,-1.00426,0.159472,-5.61652,2.98436,-5.50241,0,0,3.28622,3
1774299725373,0.0770617,-1.00299,0.159588,-5.6937,2.18453,-5.50848,0,0,3.3007,3
1774299725386,0.0798095,-1.00278,0.158716,-5.51477,1.40216,-5.51721,0,0,3.28039,3
1774299725400,0.0804298,-1.00312,0.161597,-5.59894,0.696641,-5.4715,0,0,3.36076,3
1774299725413,0.0821334,-1.00038,0.165164,-6.06204,0.243937,-5.29861,0,0,3.29378,3
1774299725427,0.0833675,-0.997383,0.166269,-6.44863,-0.181233,-5.11273,0,0,3.32015,3
1774299725440,0.0853483,-0.998042,0.167785,-7.01694,-0.560717,-4.82166,0,0,3.28517,3
1774299725453,0.0871358,-0.996291,0.170569,-7.61673,-0.845695,-4.63898,0,0,3.28389,3
1774299725467,0.0879802,-0.994617,0.172249,-8.4308,-1.1301,-4.46441,0,0,3.41726,3
1774299725480,0.0900263,-0.990272,0.175115,-9.04078,-1.38014,-4.05684,0,0,3.26257,3
1774299725494,0.0919295,-0.993729,0.175091,-9.78011,-1.56478,-3.59207,0,0,3.27231,3
1774299725507,0.0942939,-0.990747,0.177663,-10.5422,-1.6547,-2.9457,0,0,3.28948,3
1774299725521,0.0945264,-0.987554,0.178968,-11.2534,-1.81024,-2.43535,0,0,3.33102,3
1774299725534,0.095069,-0.985322,0.179053,-11.9277,-1.85299,-1.84487,0,0,3.27483,3
1774299725547,0.0957694,-0.98149,0.179785,-12.1698,-1.97471,-1.2404,0,0,3.27748,3
1774299725561,0.0945813,-0.980816,0.179856,-12.4241,-2.0866,-0.784175,0,0,3.27204,3
1774299725574,0.0946731,-0.980352,0.17829,-12.5758,-2.16139,-0.394642,0,0,3.2932,3
1774299725587,0.0940989,-0.979524,0.177913,-12.5697,-2.20029,0.00858012,0,0,3.29139,3
1774299725601,0.094799,-0.981103,0.176336,-12.6144,-2.246,0.284279,0,0,3.2667,3
1774299725614,0.0944114,-0.975011,0.17975,-12.5439,-2.33497,0.750043,0,0,3.28389,3
1774299725627,0.0946281,-0.977748,0.176875,-12.7082,-2.49473,1.0578,0,0,3.27126,3
1774299725641,0.0951556,-0.976148,0.17514,-12.6514,-2.55776,1.48189,0,0,3.2658,3
1774299725654,0.0941438,-0.975301,0.172648,-12.626,-2.59755,1.91302,0,0,3.28807,3
1774299725668,0.0929201,-0.973734,0.170917,-12.5416,-2.6,2.32724,0,0,3.29813,3
1774299725681,0.0914617,-0.974338,0.171023,-12.5357,-2.57919,2.55509,0,0,3.32259,3
1774299725694,0.0914443,-0.974659,0.169459,-12.7043,-2.48676,2.64642,0,0,3.27943,1
1774299725708,0.0901144,-0.973472,0.166852,-12.6875,-2.50527,2.81483,0,0,3.278,1
1774299725721,0.0879459,-0.974002,0.164947,-12.5539,-2.5236,2.8402,0,0,3.31256,1
1774299725735,0.0869185,-0.973708,0.163478,-12.4693,-2.55632,2.65306,0,0,3.29043,1
1774299725748,0.0865339,-0.976161,0.160813,-12.4978,-2.64629,2.4216,0,0,3.28885,1
1774299725761,0.0884617,-0.979659,0.159706,-12.549,-2.66998,2.30375,0,0,3.28072,1
1774299725775,0.0887036,-0.978456,0.158273,-12.9379,-2.63711,2.35779,0,0,3.2988,1
1774299725788,0.0887215,-0.975715,0.160374,-12.9097,-2.67117,2.47003,0,0,3.26394,1
1774299725801,0.0872651,-0.975602,0.162094,-13.3404,-2.577,2.43296,0,0,3.27826,1
1774299725815,0.0859472,-0.972313,0.161262,-13.8347,-2.5001,2.48318,0,0,3.28191,1
1774299725828,0.0859254,-0.977442,0.155256,-14.0409,-2.48062,2.65775,0,0,3.2763,1
1774299725842,0.0844418,-0.978108,0.149971,-14.5422,-2.40142,2.79599,0,0,3.28061,1
1774299725855,0.0862262,-0.98291,0.143872,-14.5691,-2.39003,2.76889,0,0,3.27202,1
1774299725868,0.0857865,-0.97834,0.144541,-14.759,-2.43838,2.83838,0,0,3.29372,1
1774299725882,0.08527,-0.975903,0.143687,-14.8963,-2.55466,2.99003,0,0,3.30269,1
1774299725895,0.0841781,-0.981836,0.137072,-15.3076,-2.62974,3.10663,0,0,3.28798,1
1774299725908,0.0849277,-0.984434,0.131141,-15.6132,-2.7203,3.19271,0,0,3.27756,1
1774299725922,0.0862744,-0.985201,0.132571,-15.6657,-2.89656,3.32277,0,0,3.3963,1
1774299725935,0.0855764,-0.986627,0.129965,-16.295,-3.1049,3.39972,0,0,3.28391,1
1774299725949,0.085827,-0.984436,0.132385,-16.4074,-3.4998,3.5854,0,0,3.28556,1
1774299725962,0.0853941,-0.987647,0.130173,-17.0285,-3.96246,3.54143,0,0,3.28954,1
1774299725976,0.084158,-0.989736,0.129028,-17.7103,-4.35978,3.59713,0,0,3.29493,1
1774299725989,0.0883891,-0.997466,0.126097,-18.198,-4.81532,3.49983,0,0,3.29265,1
1774299726002,0.0887731,-0.994053,0.132157,-18.9512,-5.27399,3.44653,0,0,3.2732,1
1774299726016,0.0921831,-1.00039,0.129495,-19.8099,-5.73904,3.38852,0,0,3.27356,1
1774299726029,0.0951451,-1.00818,0.129779,-20.7938,-6.24567,3.60351,0,0,3.26509,1
1774299726042,0.0991413,-1.01751,0.129623,-21.9414,-6.95038,3.88737,0,0,3.29115,1
1774299726056,0.0980086,-1.02147,0.131321,-23.761,-7.81382,4.04912,0,0,3.27317,1
1774299726069,0.093904,-1.03492,0.126966,-26.0849,-8.3625,3.73893,0,0,3.26607,1
1774299726083,0.086338,-1.04297,0.123752,-28.9087,-8.32974,3.03165,0,0,3.30504,3
1774299726096,0.086833,-1.0472,0.120828,-31.5626,-8.13441,2.21846,0,0,3.27945,3
1774299726109,0.089367,-1.05258,0.118981,-34.0509,-8.17525,1.58534,0,0,3.28407,3
1774299726123,0.0881173,-1.05767,0.11633,-36.6587,-8.25791,1.35425,0,0,3.32237,3
1774299726136,0.087029,-1.06457,0.111307,-39.3896,-8.31795,1.08561,0,0,3.2835,3
1774299726150,0.0858922,-1.07124,0.10488,-42.4276,-8.38661,0.492905,0,0,3.29135,3
1774299726163,0.083588,-1.0767,0.100998,-45.4523,-8.33324,0.0289347,0,0,3.27232,3
1774299726177,0.0824095,-1.08413,0.0959832,-48.7436,-8.37321,-0.108423,0,0,3.54818,3
1774299726190,0.0819979,-1.09258,0.0920312,-51.9638,-8.44133,-0.0197017,0,0,3.25915,3
1774299726203,0.0806861,-1.09922,0.0908358,-55.2175,-8.44741,-0.0742608,0,0,3.27611,3
1774299726217,0.0798801,-1.10923,0.0895539,-58.9168,-8.47798,-0.520119,0,0,3.27054,3
1774299726230,0.0767925,-1.11509,0.0892463,-63.0231,-8.18697,-1.14136,0,0,3.28028,3
1774299726243,0.074726,-1.12009,0.0872011,-67.105,-7.50852,-1.82281,0,0,3.33869,3
1774299726257,0.0774585,-1.12327,0.0811988,-70.8932,-6.84028,-2.75678,0,0,3.27569,3
1774299726270,0.0912502,-1.12133,0.0787689,-74.8261,-6.89035,-3.69188,0,0,3.2815,3
1774299726284,0.117998,-1.09946,0.0882431,-77.3005,-8.75012,-4.22213,0,0,3.29361,3
1774299726297,0.129739,-1.06486,0.078768,-76.6401,-11.3637,-2.88272,0,0,3.27335,3
1774299726310,0.135928,-1.03658,0.0997947,-72.2877,-13.2624,0.396606,0,0,3.27193,3
1774299726324,0.14113,-1.02284,0.116507,-68.2431,-15.8202,3.89319,0,0,3.27893,3
1774299726337,0.138129,-1.00135,0.129744,-64.4846,-18.718,6.51797,0,0,3.27194,3
1774299726350,0.129665,-0.975556,0.142156,-59.3967,-21.1411,8.92915,0,0,3.31326,3
1774299726364,0.126129,-0.955047,0.154261,-53.6624,-23.4222,11.3186,0,0,3.29443,3
1774299726378,0.125055,-0.935104,0.16447,-47.5527,-25.7836,13.5632,0,0,3.65144,3
1774299726391,0.123793,-0.916994,0.170901,-40.7028,-28.0313,15.7406,0,0,3.28471,3
1774299726404,0.121144,-0.902441,0.176079,-33.6613,-29.9962,17.9218,0,0,3.27367,3
1774299726418,0.118857,-0.887874,0.181233,-26.4718,-31.5361,19.8291,0,0,3.28426,3
1774299726431,0.118688,-0.875534,0.185586,-19.0236,-32.7928,20.904,0,0,3.27411,3
1774299726444,0.116861,-0.865229,0.187549,-11.3166,-33.7601,21.1718,0,0,3.29426,4
1774299726458,0.111985,-0.860702,0.187333,-3.37311,-33.9765,21.1468,0,0,3.3196,4
1774299726471,0.105315,-0.86136,0.185803,4.39157,-33.4122,20.6684,0,0,3.28906,4
1774299726485,0.0959477,-0.865084,0.183347,11.7417,-32,19.1121,0,0,3.30722,5
1774299726498,0.0856765,-0.869308,0.179834,18.8238,-29.6116,16.3787,0,0,3.27213,5
1774299726511,0.0771464,-0.876059,0.176347,25.8744,-26.3732,12.9949,0,0,3.27985,5
1774299726525,0.0720002,-0.888356,0.170963,32.5646,-22.7906,9.48538,0,0,3.26956,5
1774299726538,0.068008,-0.903755,0.16433,38.9985,-19.096,6.23605,0,0,3.2693,5
1774299726552,0.0642544,-0.921182,0.156598,45.0912,-15.2853,3.41562,0,0,3.28584,5
1774299726565,0.0614658,-0.937793,0.14801,50.8615,-11.5856,0.959349,0,0,3.26817,5
1774299726578,0.0602725,-0.953529,0.139989,56.5629,-8.09172,-1.15875,0,0,3.29756,5
1774299726592,0.0598681,-0.971587,0.132233,61.8233,-4.85249,-2.83219,0,0,3.30485,5
1774299726605,0.0611897,-0.986987,0.123386,66.5531,-1.89471,-4.33255,0,0,3.28445,5
1774299726618,0.0638094,-1.00199,0.115855,71.1105,0.710888,-5.83781,0,0,3.27785,5
1774299726632,0.0674571,-1.01738,0.108033,75.0376,2.96866,-7.22652,0,0,3.3165,5
1774299726645,0.0708704,-1.02987,0.0996572,78.5231,4.83303,-8.39989,0,0,3.29937,5
1774299726659,0.0726077,-1.04481,0.0909748,81.4769,6.20617,-9.30577,0,0,3.28593,5
1774299726672,0.0726995,-1.05547,0.0803339,83.9255,7.11563,-9.98999,0,0,3.28287,5
1774299726685,0.0721147,-1.0676,0.0703078,85.9512,7.93812,-10.4675,0,0,3.3086,5
1774299726699,0.0743848,-1.07803,0.0601756,87.0646,8.27001,-10.9881,0,0,3.29502,5
1774299726712,0.0771001,-1.08509,0.0495577,87.6198,8.14439,-11.6242,0,0,3.26935,5
1774299726726,0.0798355,-1.09051,0.0388702,87.6591,7.64345,-12.3051,0,0,3.27746,5
1774299726739,0.0806576,-1.09542,0.0284793,87.1194,6.7467,-12.9067,0,0,3.28248,5
1774299726752,0.0777601,-1.09908,0.0174859,85.9699,5.7187,-13.3526,0,0,3.29022,5
1774299726766,0.0722988,-1.10083,0.00538231,84.3308,4.86655,-13.8441,0,0,3.28069,5
1774299726779,0.0685818,-1.10045,-0.0122778,82.3875,4.52335,-14.6762,0,0,3.27406,5
1774299726792,0.0614293,-1.10931,-0.0329451,80.1503,3.71127,-15.6424,0,0,3.31736,5
1774299726806,0.0477776,-1.11992,-0.0581218,76.6856,2.99141,-16.0743,0,0,3.2675,5
1774299726819,0.03089,-1.12844,-0.0846425,72.5524,2.90497,-15.7311,0,0,3.28026,5
1774299726833,0.0156272,-1.13918,-0.110078,67.7831,3.33292,-15.0495,0,0,3.28006,5
1774299726846,0.000658061,-1.15111,-0.134252,61.9188,4.38814,-14.3201,0,0,3.30135,5
1774299726859,-0.00975933,-1.13726,-0.153076,56.2662,6.28507,-13.2955,0,0,3.31947,5
1774299726873,-0.0056063,-1.13687,-0.149468,52.8446,7.21965,-12.8147,0,0,3.28837,5
1774299726886,-0.0150344,-1.1195,-0.129756,48.0208,8.42852,-12.8919,0,0,3.4724,5
1774299726900,-0.0157435,-1.08687,-0.0410363,46.1523,9.96736,-12.9339,0,0,3.27017,5
1774299726913,-0.00253103,-1.10343,0.029667,43.0822,9.8082,-14.6667,0,0,3.28487,5
1774299726926,0.0022241,-1.13043,0.055948,33.2165,8.49757,-16.2671,0,0,3.26706,5
1774299726940,0.00680331,-1.11973,0.0582204,24.6667,6.62632,-15.6912,0,0,3.27406,5
1774299726953,0.0166809,-1.10505,0.0624861,22.1917,5.10067,-13.6245,0,0,3.2852,5
1774299726967,0.0161649,-1.11839,0.075961,18.597,4.58548,-12.2591,0,0,3.27328,5
1774299726980,0.0150736,-1.1111,0.0881739,13.1542,4.82625,-12.2133,0,0,3.27437,5
1774299726993,0.0206283,-1.08979,0.0978348,10.2819,5.06636,-12.6445,0,0,3.30272,5
1774299727007,0.0275417,-1.08463,0.109604,7.52183,4.66785,-12.3527,0,0,3.29002,5
1774299727020,0.0316009,-1.07517,0.118135,3.45176,4.20906,-11.1901,0,0,3.32665,5
1774299727033,0.0344683,-1.05844,0.121457,0.2891,3.99308,-10.2507,0,0,3.27884,5
1774299727047,0.0360786,-1.0492,0.122701,-2.31293,4.19044,-9.79007,0,0,3.29365,5
1774299727060,0.039978,-1.04167,0.121755,-4.87049,4.46664,-9.19168,0,0,3.27822,5
1774299727074,0.0425752,-1.03361,0.123168,-6.24324,4.62116,-7.81587,0,0,3.28984,5
1774299727087,0.0423896,-1.02972,0.131042,-7.23241,4.89847,-5.95716,0,0,3.33454,5
1774299727100,0.0460984,-1.02413,0.137451,-8.73944,5.47879,-4.81888,0,0,3.33545,5
1774299727114,0.051001,-1.01778,0.138444,-10.0288,5.86898,-3.93242,0,0,3.27578,5
1774299727127,0.054408,-1.01147,0.14202,-10.6887,5.96197,-2.25729,0,0,3.27191,5
1774299727141,0.0506833,-1.00888,0.147126,-11.3561,5.94484,-0.363974,0,0,3.27778,5
1774299727154,0.0427333,-1.00606,0.152084,-12.0307,6.48188,0.511102,0,0,3.31837,5
1774299727167,0.039263,-1.00464,0.153879,-12.6404,7.52189,0.371961,0,0,3.29415,5
1774299727181,0.0408878,-1.0052,0.152381,-12.9877,8.44875,0.476127,0,0,3.27919,5
1774299727194,0.0426657,-0.999809,0.154451,-12.9058,9.12238,1.28267,0,0,3.31289,5
1774299727208,0.0414191,-0.998205,0.155202,-13.0361,9.64947,1.70357,0,0,3.26239,5
1774299727221,0.0387963,-0.990522,0.16018,-12.8808,10.1988,1.64183,0,0,3.27295,5
1774299727234,0.040623,-0.993744,0.159614,-12.6751,10.3281,1.36005,0,0,3.28824,5
1774299727248,0.0390707,-0.988391,0.161741,-11.9281,10.2844,1.26878,0,0,3.28569,5
1774299727261,0.0376289,-0.987778,0.163753,-11.0574,10.0925,0.578452,0,0,3.28115,5
1774299727274,0.0393572,-0.988995,0.163596,-10.2201,9.66425,-0.138664,0,0,3.27569,5
1774299727288,0.0415651,-0.99063,0.164556,-9.27812,9.08662,-0.485853,0,0,3.28574,5
1774299727301,0.0426301,-0.988178,0.168026,-8.34063,8.37611,-0.956581,0,0,3.30578,5
1774299727315,0.0421538,-0.985642,0.171066,-7.67111,7.53803,-1.53022,0,0,3.29032,5
1774299727328,0.0413353,-0.984882,0.172714,-7.03829,6.61337,-1.98604,0,0,3.29352,5
1774299727341,0.0435314,-0.989493,0.171716,-6.31079,5.81337,-2.63852,0,0,3.30248,5
1774299727355,0.0444037,-0.987444,0.169374,-5.9324,5.16828,-3.22143,0,0,3.29167,5
1774299727368,0.0452698,-0.979259,0.172078,-5.40267,4.50329,-3.5126,0,0,3.28804,5
1774299727382,0.0471871,-0.983145,0.170254,-5.21994,3.8589,-3.91289,0,0,3.29413,5
1774299727395,0.0500028,-0.974145,0.172855,-4.87362,3.40694,-4.06079,0,0,3.31015,5
1774299727408,0.0535709,-0.977966,0.173507,-4.67218,2.90155,-4.16186,0,0,3.2996,5
1774299727422,0.0567481,-0.978801,0.173755,-4.65589,2.44677,-3.95752,0,0,3.2916,5
1774299727435,0.058377,-0.98101,0.175253,-4.72614,2.00209,-3.77322,0,0,3.32902,5
1774299727449,0.0585252,-0.978328,0.177476,-5.14743,1.73136,-3.59283,0,0,3.30756,5
1774299727462,0.0601618,-0.982318,0.172982,-5.81869,1.59228,-3.11512,0,0,3.28911,5
1774299727475,0.0620257,-0.981437,0.173179,-6.25876,1.36081,-2.47451,0,0,3.29932,5
1774299727489,0.0617582,-0.982216,0.173068,-6.85698,1.21554,-2.17943,0,0,3.28411,3
1774299727502,0.0606803,-0.983485,0.172077,-7.50214,1.06172,-1.90003,0,0,3.30761,3
1774299727516,0.0607812,-0.980022,0.17211,-7.91501,0.755101,-1.659,0,0,3.28509,3
1774299727529,0.0598741,-0.981846,0.172965,-8.26575,0.382185,-1.66058,0,0,3.27595,3
1774299727542,0.0597006,-0.982672,0.171967,-8.78351,-0.104691,-1.63294,0,0,3.29295,3
1774299727556,0.0586379,-0.980216,0.174024,-9.06798,-0.576246,-1.57946,0,0,3.27622,3
1774299727569,0.0578352,-0.979266,0.174763,-9.66705,-0.949844,-1.68183,0,0,3.28726,3
1774299727582,0.0605697,-0.979554,0.173302,-10.137,-1.28236,-1.66328,0,0,3.27406,3
1774299727596,0.0621168,-0.978355,0.171979,-10.7104,-1.60351,-1.48392,0,0,3.35488,3
1774299727609,0.0620375,-0.976398,0.170694,-11.2636,-1.82485,-1.27137,0,0,3.31889,3
1774299727623,0.0617481,-0.974931,0.169101,-11.5455,-2.08088,-1.26043,0,0,3.33576,3
1774299727636,0.0620479,-0.973711,0.167076,-11.8057,-2.3521,-1.25481,0,0,3.33084,1
1774299727650,0.0618007,-0.972416,0.164756,-11.9763,-2.64064,-1.18357,0,0,3.3036,1
1774299727663,0.0625573,-0.972042,0.165067,-11.9262,-2.93227,-1.29231,0,0,3.2888,1
1774299727676,0.0634517,-0.976265,0.159599,-12.2502,-3.29189,-1.48829,0,0,3.27352,1
1774299727690,0.0647233,-0.975765,0.158396,-11.9609,-3.71013,-1.4395,0,0,3.27574,1
1774299727703,0.0643165,-0.974273,0.158676,-11.9892,-4.0942,-1.39643,0,0,3.28687,1
1774299727716,0.0656784,-0.974683,0.155986,-12.0369,-4.47857,-1.32709,0,0,3.25196,1
1774299727730,0.0666498,-0.975651,0.152453,-12.0233,-4.84137,-1.13704,0,0,3.26667,1
1774299727743,0.0662548,-0.975115,0.149448,-12.0618,-5.09434,-0.893854,0,0,3.27076,1
1774299727757,0.0658877,-0.975787,0.145677,-12.0425,-5.2783,-0.723396,0,0,3.33413,1
1774299727770,0.0657396,-0.976045,0.143876,-11.9652,-5.37059,-0.558644,0,0,3.25869,1
1774299727783,0.0671887,-0.975875,0.142453,-12.0545,-5.41232,-0.394571,0,0,3.27696,1
1774299727797,0.0679126,-0.976738,0.140579,-12.1353,-5.4834,-0.0928329,0,0,3.28913,1
1774299727810,0.0686582,-0.978289,0.137848,-12.2489,-5.5402,0.236083,0,0,3.29135,1
1774299727824,0.0687839,-0.975512,0.140553,-12.2709,-5.58655,0.585515,0,0,3.2673,1
1774299727837,0.0683276,-0.976466,0.139926,-12.6595,-5.66027,0.829708,0,0,3.25733,3
1774299727850,0.0687774,-0.975541,0.142167,-13.0494,-5.71786,1.19508,0,0,3.27454,3
1774299727864,0.069688,-0.979067,0.138309,-13.653,-5.91781,1.50656,0,0,3.26934,3
1774299727877,0.0694484,-0.98515,0.131588,-14.4706,-6.17162,1.83654,0,0,3.27793,3
1774299727890,0.07144,-0.989141,0.129901,-14.809,-6.51353,2.16557,0,0,3.26767,3
1774299727904,0.071017,-0.993833,0.124775,-15.8011,-6.9583,2.30614,0,0,3.29591,3
1774299727917,0.0728867,-0.995854,0.12612,-16.3085,-7.61363,2.48765,0,0,3.27669,3
1774299727930,0.071952,-0.9958,0.126722,-17.2735,-8.50323,2.56991,0,0,3.27519,3
1774299727944,0.0691364,-0.998087,0.128014,-18.0798,-9.62982,2.77816,0,0,3.29778,3
1774299727957,0.0653334,-1.00653,0.124059,-19.2481,-10.7904,2.85183,0,0,3.27343,3
1774299727971,0.0685941,-1.01294,0.125158,-20.4584,-11.6055,2.36002,0,0,3.28141,3
1774299727984,0.0739116,-1.0212,0.129432,-21.9934,-12.0502,1.62005,0,0,3.29122,3
1774299727997,0.0793062,-1.04247,0.129751,-24.8216,-12.2739,1.21103,0,0,3.27441,3
1774299728011,0.0815607,-1.04475,0.140722,-28.323,-11.734,1.58499,0,0,3.32537,3
1774299728024,0.0886814,-1.05571,0.141091,-31.9916,-11.6183,1.49737,0,0,3.29112,3
1774299728038,0.0928963,-1.06784,0.137772,-35.7738,-11.9485,1.20142,0,0,3.30213,3
1774299728051,0.0945031,-1.074,0.139605,-38.8844,-12.3234,1.13746,0,0,3.28245,3
1774299728064,0.0932423,-1.08703,0.135261,-42.5112,-12.8983,0.683151,0,0,3.29071,3
1774299728078,0.0905099,-1.09506,0.1362,-45.9354,-13.5326,0.0235329,0,0,3.27437,3
1774299728091,0.0846085,-1.10331,0.135732,-49.4716,-14.1412,-0.600798,0,0,3.27391,3
1774299728105,0.0749079,-1.11293,0.132134,-53.0141,-14.3658,-0.746508,0,0,3.29906,3
1774299728118,0.0639019,-1.1218,0.125277,-56.8973,-13.7145,-0.81682,0,0,3.26176,3
1774299728131,0.0553311,-1.12921,0.123781,-61.5532,-12.61,-1.4424,0,0,3.27567,3
1774299728145,0.0499218,-1.13228,0.123706,-66.6184,-11.2,-2.28209,0,0,3.27765,3
1774299728158,0.0494042,-1.133,0.119182,-71.2985,-9.5227,-2.87986,0,0,3.2765,3
1774299728171,0.0549524,-1.13708,0.112326,-76.4483,-8.08251,-2.76157,0,0,3.26545,3
1774299728185,0.0663971,-1.12931,0.10783,-81.1019,-7.07678,-1.87875,0,0,3.27082,3
1774299728198,0.087826,-1.10425,0.10809,-83.894,-7.23262,-0.964092,0,0,3.27411,3
1774299728211,0.099819,-1.06903,0.117702,-82.9228,-7.17589,1.08191,0,0,3.29824,2
1774299728225,0.113647,-1.04655,0.131239,-79.4627,-7.87981,3.75177,0,0,3.27708,2
1774299728238,0.115649,-1.02936,0.14695,-76.0044,-8.98657,6.69919,0,0,3.28654,2
1774299728252,0.115674,-1.00526,0.160457,-72.0507,-10.5224,9.16615,0,0,3.31578,2
1774299728265,0.115163,-0.980205,0.173245,-66.8968,-12.2992,10.9625,0,0,3.28174,2
1774299728278,0.11475,-0.957294,0.185891,-61.1529,-14.0953,12.6534,0,0,3.27635,2
1774299728292,0.11412,-0.930067,0.19494,-54.522,-15.9504,14.6262,0,0,3.28069,5
1774299728305,0.114169,-0.905162,0.204182,-46.4411,-18.0192,16.9714,0,0,3.62283,5
1774299728319,0.108087,-0.888373,0.211577,-37.8877,-19.8302,19.6508,0,0,3.28974,5
1774299728332,0.0999752,-0.875936,0.217635,-29.5846,-20.8083,22.1359,0,0,3.28526,5
1774299728346,0.0954429,-0.8643,0.222894,-21.2998,-21.3997,23.6544,0,0,3.311,5
1774299728359,0.091034,-0.855298,0.225873,-12.8794,-21.65,24.1893,0,0,3.28065,5
1774299728372,0.0873091,-0.847404,0.226651,-4.10194,-21.3733,24.2061,0,0,3.27541,4
1774299728386,0.0842489,-0.845205,0.226636,4.90639,-20.6322,23.8785,0,0,3.28363,4
1774299728399,0.0819205,-0.849167,0.225426,13.6835,-19.5704,23.0538,0,0,3.27771,4
1774299728412,0.0772061,-0.855443,0.221141,22.1849,-18.1117,21.5731,0,0,3.31801,4
1774299728426,0.0731998,-0.867221,0.216883,30.3798,-16.1417,19.5161,0,0,3.2811,4
1774299728439,0.070842,-0.883875,0.21105,37.7293,-14.0674,17.0293,0,0,3.28813,4
1774299728453,0.0681817,-0.902246,0.202909,44.3086,-11.8481,14.2359,0,0,3.28771,4
1774299728466,0.0679439,-0.91943,0.193096,50.3523,-9.68575,11.2224,0,0,3.28376,5
1774299728479,0.0699586,-0.934772,0.183082,56.1353,-7.70503,8.22201,0,0,3.28004,5
1774299728493,0.0733907,-0.950619,0.174958,61.6625,-6.04309,5.48543,0,0,3.27437,5
1774299728506,0.0776123,-0.968879,0.167178,66.4942,-4.90641,2.90793,0,0,3.35604,5
1774299728519,0.081489,-0.989298,0.158981,70.3501,-4.26253,0.344829,0,0,3.29758,5
1774299728533,0.0858476,-1.01124,0.149317,73.1955,-4.12705,-2.00342,0,0,3.2931,5
1774299728546,0.0897165,-1.03558,0.139199,74.7213,-4.59992,-3.97074,0,0,3.28758,5
1774299728560,0.0884836,-1.05531,0.128029,74.763,-5.80887,-5.64745,0,0,3.28287,5
1774299728573,0.0793716,-1.05444,0.103756,75.2812,-6.69737,-6.83489,0,0,3.28224,5
1774299728586,0.0744591,-1.05772,0.0872715,78.2087,-6.96612,-7.50013,0,0,3.27265,5
1774299728600,0.0721424,-1.07549,0.0724577,81.2192,-7.57819,-8.05227,0,0,3.28052,5
1774299728613,0.0688273,-1.09802,0.0576191,81.4908,-8.31178,-8.75585,0,0,3.30439,5
1774299728627,0.0646215,-1.10483,0.0401943,80.8278,-8.93571,-9.75351,0,0,3.29195,5
1774299728640,0.0602152,-1.1093,0.0261154,80.7386,-9.48055,-10.8982,0,0,3.27211,5
1774299728653,0.0512398,-1.12126,0.0155883,79.8275,-9.7272,-12.0484,0,0,3.2948,5
1774299728667,0.0404147,-1.13195,0.0042297,77.4003,-9.40167,-13.341,0,0,3.28011,5
1774299728680,0.0284829,-1.12966,-0.0114901,74.5459,-8.31724,-14.8757,0,0,3.27347,5
1774299728693,0.0219415,-1.11848,-0.0254015,72.9138,-6.35548,-16.4987,0,0,3.28013,5
1774299728707,0.0202773,-1.12079,-0.0346792,71.9454,-3.99678,-17.7548,0,0,3.27158,5
1774299728720,0.0227431,-1.12842,-0.0419176,69.3412,-1.83248,-18.7162,0,0,3.32225,5
1774299728733,0.0218018,-1.12969,-0.0522455,65.5656,0.216843,-19.4647,0,0,3.26921,5
1774299728747,0.0211473,-1.12418,-0.0641716,62.5409,2.46679,-19.9461,0,0,3.30354,5
1774299728760,0.01971,-1.12855,-0.0722876,59.5235,4.72584,-20.1979,0,0,3.27628,5
1774299728774,0.0158585,-1.13528,-0.0804011,55.1271,7.01274,-20.1559,0,0,3.27584,5
1774299728787,0.00860937,-1.13729,-0.0900602,49.9432,9.80166,-19.7682,0,0,3.28284,5
1774299728800,0.00164522,-1.13561,-0.100482,44.9169,12.966,-19.1933,0,0,3.28045,5
1774299728814,-0.00571904,-1.12727,-0.10353,40.3896,16.6554,-18.2439,0,0,3.30965,5
1774299728827,-0.00362183,-1.11793,-0.08099,37.3812,19.5821,-17.2754,0,0,3.27669,5
1774299728840,-0.00988025,-1.11238,-0.0378582,34.7997,21.6947,-16.1462,0,0,3.29287,5
1774299728854,-0.0132812,-1.11047,0.00543728,30.4168,23.234,-16.263,0,0,3.2951,5
1774299728867,-0.00883531,-1.11273,0.0332477,24.7251,23.2855,-17.8,0,0,3.27665,5
1774299728881,-3.55332e-05,-1.11208,0.043976,18.5062,21.5628,-18.4039,0,0,3.28258,5
1774299728894,0.00656434,-1.10367,0.0507545,13.7793,18.7728,-16.519,0,0,3.28021,5
1774299728907,0.00682178,-1.09753,0.0558485,10.5387,16.7675,-14.158,0,0,3.278,5
1774299728921,0.00499666,-1.09445,0.0639335,7.3699,15.8565,-13.5865,0,0,3.29686,5
1774299728934,0.00976425,-1.08701,0.0720814,4.44219,15.3863,-14.5804,0,0,3.28784,5
1774299728948,0.0179535,-1.07675,0.0806203,2.45458,14.7879,-14.8746,0,0,3.28991,5
1774299728961,0.0279306,-1.0708,0.0880917,0.596019,13.6672,-13.5285,0,0,3.27715,5
1774299728974,0.0291435,-1.06413,0.0929409,-1.50256,12.5555,-11.4414,0,0,3.28082,5
1774299728988,0.027207,-1.05337,0.0974286,-3.09634,12.1621,-10.0563,0,0,3.27765,5
1774299729001,0.0257716,-1.04788,0.105275,-4.25902,12.3478,-9.768,0,0,3.28843,5
1774299729014,0.0283708,-1.04047,0.112544,-5.89558,12.7261,-9.80542,0,0,3.42803,5
1774299729028,0.0321802,-1.03368,0.11658,-7.62232,13.0215,-9.25498,0,0,3.28867,5
1774299729041,0.0345739,-1.02415,0.119372,-8.44421,13.204,-8.11283,0,0,3.28319,5
1774299729055,0.0338092,-1.02196,0.120835,-8.94382,13.3197,-7.30922,0,0,3.28747,5
1774299729068,0.0338468,-1.01928,0.125149,-9.2664,13.8164,-7.0234,0,0,3.28071,5
1774299729081,0.0362423,-1.01524,0.129905,-9.39319,14.0288,-6.90263,0,0,3.28202,5
1774299729095,0.0380206,-1.01383,0.136502,-9.40496,13.9352,-6.59508,0,0,3.2801,5
1774299729108,0.0385252,-1.01712,0.143825,-9.75905,13.6986,-6.51803,0,0,3.27765,5
1774299729121,0.0387623,-1.01846,0.151202,-10.557,13.3742,-6.95655,0,0,3.31321,5
1774299729135,0.0398004,-1.01641,0.151892,-11.4348,12.9751,-7.45312,0,0,3.28186,5
1774299729148,0.0411561,-1.01189,0.150962,-11.6626,12.5154,-7.70003,0,0,3.29539,5
1774299729162,0.0412888,-1.00933,0.151823,-11.6332,11.953,-7.98104,0,0,3.28658,5
1774299729175,0.0417893,-1.00613,0.152519,-11.6602,11.3972,-8.54217,0,0,3.32345,5
1774299729189,0.0448518,-1.00287,0.152265,-11.3923,10.7348,-9.09795,0,0,3.30182,5
1774299729202,0.0483889,-0.999573,0.152055,-10.9387,10.0419,-9.33181,0,0,3.27947,5
1774299729215,0.0509385,-0.99405,0.154491,-10.3388,9.43196,-9.34574,0,0,3.44523,5
1774299729229,0.0541027,-0.993702,0.154558,-9.99098,8.88191,-9.45695,0,0,3.28543,5
1774299729242,0.0586232,-0.992984,0.153276,-9.75042,8.45179,-9.45058,0,0,3.29141,5
1774299729256,0.0622628,-0.989245,0.155627,-9.3221,8.03551,-9.22449,0,0,3.28217,5
1774299729269,0.0650491,-0.986768,0.158611,-9.13447,7.60405,-8.96398,0,0,3.27932,5
1774299729282,0.0687173,-0.985809,0.156714,-9.2601,7.13941,-8.67911,0,0,3.2796,5
1774299729296,0.0737091,-0.986793,0.156982,-8.85586,6.69784,-8.15631,0,0,3.2873,5
1774299729309,0.074372,-0.991513,0.153043,-9.15725,6.26177,-7.69666,0,0,3.30034,5
1774299729323,0.075102,-0.984464,0.157208,-8.86497,5.82189,-7.27993,0,0,3.30486,5
1774299729336,0.0728853,-0.989179,0.156355,-9.1316,5.30736,-7.06084,0,0,3.30427,5
1774299729349,0.075837,-0.98899,0.157311,-9.05742,4.85122,-6.85532,0,0,3.30008,5
1774299729363,0.0757662,-0.990038,0.159806,-9.29826,4.40612,-6.72856,0,0,3.28543,5
1774299729376,0.0763072,-0.990089,0.160312,-9.77352,4.01938,-6.70996,0,0,3.3398,5
1774299729390,0.0801129,-0.992551,0.156302,-10.0872,3.64363,-6.60462,0,0,3.30445,5
1774299729403,0.0861972,-0.992418,0.15363,-10.2613,3.10227,-6.43797,0,0,3.31743,5
1774299729417,0.0873176,-0.992899,0.150467,-10.701,2.36862,-6.21815,0,0,3.31882,5
1774299729430,0.0875882,-0.98597,0.157425,-10.6253,1.56564,-5.9854,0,0,3.3138,5
1774299729443,0.0857437,-0.989253,0.157865,-11.3344,0.71094,-6.0543,0,0,3.32271,5
1774299729457,0.0876206,-0.986296,0.155317,-11.6911,0.0463377,-5.94292,0,0,3.33854,5
1774299729470,0.0905792,-0.992682,0.153254,-11.9949,-0.482502,-5.77142,0,0,3.30541,1
1774299729484,0.0885825,-0.983937,0.156023,-12.6538,-0.954275,-5.39802,0,0,3.28132,1
1774299729497,0.091798,-0.99174,0.151644,-13.0119,-1.28954,-5.19585,0,0,3.3021,1
1774299729511,0.0940828,-0.987606,0.149646,-13.3799,-1.53792,-4.78494,0,0,3.27587,1
1774299729524,0.0952,-0.985148,0.150021,-13.4378,-1.83574,-4.38894,0,0,3.32412,3
1774299729537,0.0952327,-0.981292,0.148852,-13.9022,-2.06846,-4.02244,0,0,3.30017,3
1774299729551,0.097378,-0.982633,0.142427,-14.0259,-2.30612,-3.69233,0,0,3.29021,3
1774299729564,0.0984792,-0.980638,0.141292,-14.0206,-2.4902,-3.22017,0,0,3.27432,3
1774299729578,0.0998312,-0.980802,0.139917,-14.0031,-2.73374,-2.88668,0,0,3.28378,3
1774299729591,0.10106,-0.982997,0.135869,-14.0813,-3.01458,-2.5993,0,0,3.27971,3
1774299729604,0.101157,-0.980708,0.13391,-13.9646,-3.27581,-2.18631,0,0,3.26595,3
1774299729618,0.100288,-0.981104,0.130894,-13.8762,-3.45089,-1.86971,0,0,3.27673,3
1774299729631,0.0999917,-0.980179,0.127444,-13.8862,-3.54377,-1.65393,0,0,3.29208,3
1774299729644,0.100455,-0.978398,0.126536,-13.5509,-3.65029,-1.42071,0,0,3.28063,3
1774299729658,0.100525,-0.97678,0.124173,-13.4857,-3.84546,-1.27808,0,0,3.27469,3
1774299729671,0.101873,-0.977486,0.120675,-13.139,-4.10162,-1.13103,0,0,3.26597,1
1774299729684,0.102895,-0.977948,0.118708,-12.8649,-4.41364,-0.938702,0,0,3.27737,1
1774299729698,0.103905,-0.977492,0.117755,-12.5222,-4.73384,-0.773864,0,0,3.26311,1
1774299729711,0.104037,-0.978989,0.116374,-12.3276,-5.0485,-0.626835,0,0,3.27676,1
1774299729725,0.10458,-0.981573,0.113089,-12.2185,-5.36649,-0.501327,0,0,3.54996,1
1774299729738,0.105132,-0.982144,0.110589,-12.1138,-5.67093,-0.38714,0,0,3.26628,1
1774299729752,0.104997,-0.9808,0.110183,-11.9892,-5.98526,-0.167175,0,0,3.29023,1
1774299729765,0.103192,-0.979675,0.106208,-12.2292,-6.23658,0.0151899,0,0,3.27569,1
1774299729778,0.104594,-0.985348,0.101745,-12.1564,-6.41428,0.0348909,0,0,3.28047,1
1774299729792,0.105048,-0.984664,0.100488,-12.3403,-6.64795,0.0723269,0,0,3.28932,1
1774299729805,0.10717,-0.985068,0.0985916,-12.5353,-6.96186,0.204005,0,0,3.29793,1
1774299729818,0.108911,-0.987173,0.0977926,-12.8397,-7.36093,0.526975,0,0,3.27345,1
1774299729832,0.110672,-0.990393,0.0963773,-13.3269,-7.86778,0.876361,0,0,3.29476,1
1774299729845,0.11117,-0.991485,0.0960916,-13.9646,-8.49307,1.13721,0,0,3.29521,1
1774299729859,0.110002,-0.995648,0.095466,-14.599,-9.25842,1.40184,0,0,3.27356,1
1774299729872,0.107487,-0.998668,0.0979428,-15.4967,-10.0078,1.64991,0,0,3.3469,1
1774299729885,0.106459,-1.00156,0.0999695,-16.5714,-10.3362,1.48457,0,0,3.29541,3
1774299729899,0.11026,-1.00957,0.0983095,-17.8612,-10.3075,0.915738,0,0,3.30373,3
1774299729912,0.114535,-1.01849,0.0981208,-19.2704,-10.2012,0.587764,0,0,3.2926,3
1774299729926,0.11512,-1.02467,0.0993604,-20.9804,-10.1347,0.760324,0,0,3.8369,3
1774299729940,0.114741,-1.02839,0.10408,-22.7585,-10.1584,0.902652,0,0,3.27702,3
1774299729953,0.112435,-1.03309,0.102091,-24.9339,-10.349,0.393861,0,0,3.28011,3
1774299729966,0.109418,-1.03934,0.0930561,-27.1068,-10.4613,-0.616058,0,0,3.27397,3
1774299729980,0.108392,-1.04117,0.0892642,-28.5931,-10.4873,-1.54535,0,0,3.264,3
1774299729993,0.10804,-1.04648,0.0838977,-30.4473,-10.525,-2.28121,0,0,3.29034,3
1774299730006,0.105322,-1.04437,0.0831861,-32.3396,-10.4455,-2.69534,0,0,3.27328,3
1774299730020,0.101527,-1.04931,0.0738894,-34.4366,-10.0925,-3.14404,0,0,3.31653,3
1774299730033,0.0970873,-1.05143,0.0693662,-36.5852,-9.11404,-3.46052,0,0,3.30638,3
1774299730047,0.0987778,-1.0535,0.066087,-38.9673,-8.11125,-3.95408,0,0,3.27178,3
1774299730060,0.104697,-1.06092,0.0610295,-41.5683,-7.48114,-4.55398,0,0,3.27502,3
1774299730073,0.112247,-1.0692,0.05788,-44.2665,-7.22036,-4.81193,0,0,3.26067,3
1774299730087,0.120183,-1.07831,0.0603349,-47.0515,-7.21485,-4.81392,0,0,3.2725,3
1774299730100,0.128818,-1.09127,0.0612731,-50.5443,-7.64298,-5.14721,0,0,3.26969,3
1774299730113,0.135078,-1.09968,0.0665584,-54.4291,-8.41319,-5.61124,0,0,3.2771,3
1774299730127,0.136655,-1.11014,0.0645231,-58.2788,-9.17445,-5.99272,0,0,3.28569,3
1774299730140,0.133775,-1.1193,0.0586691,-62.125,-9.65536,-6.46028,0,0,3.29795,3
1774299730154,0.132025,-1.12139,0.0552492,-66.205,-10.0742,-7.14782,0,0,3.30258,3
1774299730167,0.14343,-1.11416,0.0539221,-69.6053,-11.5066,-8.02716,0,0,3.28702,3
1774299730180,0.143884,-1.09036,0.055792,-70.4723,-12.7135,-7.31913,0,0,3.29586,3
1774299730194,0.152667,-1.05424,0.0736488,-68.4731,-13.5907,-5.93317,0,0,3.28973,3
1774299730207,0.154276,-1.02456,0.0955293,-64.2131,-14.9868,-4.02336,0,0,3.30152,3
1774299730220,0.148629,-1.00103,0.115172,-59.3288,-15.9441,-1.32404,0,0,3.29667,3
1774299730234,0.147777,-0.976919,0.134105,-54.057,-17.2108,1.16391,0,0,3.3113,3
1774299730247,0.144475,-0.952379,0.148985,-48.0352,-19.0984,3.36159,0,0,3.30045,3
1774299730261,0.138125,-0.93093,0.161603,-41.3706,-20.8339,5.90914,0,0,3.28641,3
1774299730274,0.13313,-0.911198,0.170572,-34.2865,-22.6048,8.66533,0,0,3.30106,3
1774299730287,0.128226,-0.89393,0.179459,-26.781,-24.278,11.4343,0,0,3.29052,3
1774299730301,0.120708,-0.880312,0.186718,-19.1198,-25.8369,13.9037,0,0,3.28721,3
1774299730314,0.112098,-0.869467,0.193308,-11.3213,-26.8745,15.8732,0,0,3.29884,3
1774299730328,0.107067,-0.862694,0.197613,-3.32876,-27.6266,17.1889,0,0,3.30215,3
1774299730341,0.10326,-0.861684,0.200523,4.60727,-28.0847,18.0766,0,0,3.33001,3
1774299730354,0.0987231,-0.864039,0.201022,12.156,-28.2573,18.6405,0,0,3.29099,3
1774299730368,0.0938078,-0.864838,0.199459,19.5266,-28.1268,18.5806,0,0,3.30808,4
1774299730381,0.0860432,-0.868443,0.197323,26.983,-27.6166,17.8972,0,0,3.29014,4
1774299730395,0.0771234,-0.877645,0.193862,34.088,-26.5826,16.7567,0,0,3.33288,4
1774299730408,0.0665544,-0.889744,0.188672,40.6673,-24.8581,15.2178,0,0,3.3281,4
1774299730421,0.0561272,-0.90394,0.182973,46.9469,-22.4961,13.4037,0,0,3.29249,4
1774299730435,0.0484623,-0.920686,0.177854,52.7933,-19.5545,11.4384,0,0,3.30969,4
1774299730448,0.045745,-0.939166,0.172083,57.8965,-16.3779,9.30157,0,0,3.2773,5
1774299730462,0.0490829,-0.964216,0.163511,61.9474,-13.4493,6.95704,0,0,3.28278,5
1774299730475,0.0565563,-0.985726,0.153467,64.7601,-11.0121,4.81766,0,0,3.33743,5
1774299730489,0.0673863,-1.00184,0.141737,66.9984,-9.27602,3.28941,0,0,3.29099,5
1774299730502,0.0793443,-1.01546,0.130638,69.115,-8.26543,2.55982,0,0,3.29313,5
1774299730516,0.0866153,-1.03526,0.120227,70.5931,-8.15121,2.53698,0,0,3.2786,5
1774299730529,0.0906429,-1.05276,0.108296,70.8664,-8.6497,2.3904,0,0,3.29608,5
1774299730542,0.088921,-1.06531,0.0947195,70.4808,-9.19473,2.03494,0,0,3.30088,5
1774299730556,0.0857796,-1.0753,0.0803487,70.2419,-9.39062,1.58124,0,0,3.31701,5
1774299730569,0.0840569,-1.08593,0.0669267,70.0506,-9.44964,0.658441,0,0,3.3078,5
1774299730583,0.0779465,-1.09672,0.0520097,69.0694,-9.1765,-0.842461,0,0,3.30019,5
1774299730596,0.0707581,-1.09039,0.029748,67.9689,-7.93984,-2.63769,0,0,3.29938,5
1774299730609,0.0706852,-1.08102,0.0135742,69.0981,-5.69909,-4.12841,0,0,3.31925,5
1774299730623,0.077705,-1.08598,0.000648743,71.0575,-3.56947,-5.39634,0,0,3.30504,5
1774299730637,0.0823358,-1.10078,-0.0114338,71.032,-1.89672,-6.78755,0,0,3.67048,5
1774299730650,0.0849276,-1.10756,-0.0270452,68.7287,-0.288251,-8.20307,0,0,3.29558,5
1774299730663,0.0829218,-1.10434,-0.0439705,66.5512,1.23984,-9.35805,0,0,3.28071,5
1774299730677,0.0728253,-1.10688,-0.0592587,65.0413,3.17849,-10.0239,0,0,3.28753,5
1774299730690,0.0589956,-1.11612,-0.0728853,62.3624,6.11697,-10.4503,0,0,3.27058,5
1774299730704,0.0497959,-1.12256,-0.0877312,58.0684,9.76969,-11.1329,0,0,3.28091,5
1774299730717,0.050896,-1.11756,-0.104512,53.891,13.5489,-12.1124,0,0,3.28186,5
1774299730730,0.0549162,-1.12281,-0.118647,50.1843,16.9192,-12.7197,0,0,3.29708,5
1774299730744,0.0549809,-1.13736,-0.1332,44.7291,19.8307,-12.654,0,0,3.32501,5
1774299730757,0.0509642,-1.12495,-0.124919,38.7052,22.2188,-11.6013,0,0,3.2898,5
1774299730771,0.0476464,-1.10851,-0.0874572,35.7163,24.1355,-9.7135,0,0,3.30673,5
1774299730784,0.04694,-1.10498,-0.0439785,33.5699,24.4251,-8.98324,0,0,3.28586,5
1774299730797,0.0473642,-1.11167,-0.00915973,29.5108,23.3641,-9.9172,0,0,3.28056,5
1774299730811,0.0497131,-1.12271,0.0101816,21.9123,21.1621,-10.9405,0,0,3.31897,5
1774299730824,0.0577034,-1.10839,0.0141246,14.6389,19.1512,-10.3084,0,0,3.28669,5
1774299730838,0.0630168,-1.10048,0.017831,11.2349,18.3802,-8.17373,0,0,3.35397,5
1774299730851,0.0633678,-1.09908,0.0313689,8.18932,18.0013,-6.19518,0,0,3.28925,5
1774299730864,0.0649101,-1.09723,0.0427026,3.27682,17.8634,-5.04526,0,0,3.28886,5
1774299730878,0.0685736,-1.08667,0.0472626,-0.806047,17.6659,-4.35591,0,0,3.27384,5
1774299730891,0.0692049,-1.07414,0.0477261,-3.35564,17.2029,-3.1443,0,0,3.2776,5
1774299730904,0.0669471,-1.06538,0.0479344,-5.05443,17.2318,-1.19353,0,0,3.27967,5
1774299730918,0.0634001,-1.05784,0.0524258,-6.43399,17.1135,0.447007,0,0,3.28099,5
1774299730931,0.0578621,-1.04808,0.058034,-7.3371,16.7838,1.53051,0,0,3.28364,5
1774299730945,0.052246,-1.0459,0.0597774,-8.27776,16.6204,2.14603,0,0,3.30875,5
1774299730958,0.0479326,-1.03752,0.0628753,-8.7486,16.4816,2.58486,0,0,3.31041,5
1774299730971,0.0450569,-1.0315,0.0654107,-8.84063,16.0983,2.84836,0,0,3.28904,5
1774299730985,0.0403852,-1.0268,0.0696289,-8.73439,15.7091,3.14675,0,0,3.29056,5
1774299730998,0.0371243,-1.02222,0.0725309,-8.54204,15.3332,3.38301,0,0,3.3208,5
1774299731012,0.0364083,-1.01712,0.0737471,-7.99867,14.808,3.44074,0,0,3.29317,5
1774299731025,0.0349015,-1.01235,0.0770349,-7.01435,14.0617,3.598,0,0,3.29958,5
1774299731038,0.0338236,-1.01234,0.0831897,-5.98461,13.2404,3.82222,0,0,3.28427,5
1774299731052,0.0317572,-1.01288,0.0895345,-5.5787,12.3834,3.86388,0,0,3.31234,5
1774299731065,0.0303897,-1.01364,0.0963065,-5.35355,11.5149,3.70581,0,0,3.27178,5
1774299731079,0.0279823,-1.01627,0.103658,-5.61632,10.7903,3.33223,0,0,3.29353,5
1774299731092,0.0273565,-1.01532,0.107816,-6.31309,10.3319,2.87685,0,0,3.27991,5
1774299731105,0.0272812,-1.01098,0.109485,-6.63294,9.8611,2.64654,0,0,3.30797,5
1774299731119,0.026259,-1.00962,0.111669,-6.90788,9.37904,2.60685,0,0,3.29521,5
1774299731132,0.0237866,-1.00676,0.115957,-7.12628,8.9844,2.44093,0,0,3.27612,5
1774299731146,0.0226717,-1.00258,0.118808,-7.30589,8.54425,1.94862,0,0,3.30404,5
