timestamp,ax,ay,az,gx,gy,gz,roll_k,pitch_k,delay_ms,classe_prevista
1774392941397,0.0395488,0.997997,0.00122064,-1.0992,-1.73277,1.24424,0,0,3.27676,-1
1774392941410,0.038086,0.999756,-0.000976453,-0.664135,-1.49619,1.27481,0,0,3.31065,-1
1774392941424,0.0424802,1.0061,0.00439426,-0.664122,-1.86258,1.08398,0,0,3.27045,-1
1774392941437,0.0390627,1.00635,0.00439453,-0.580155,-1.70229,1.5725,0,0,3.29076,-1
1774392941451,0.0397949,1.00708,-0.00244106,-0.213751,-1.58016,1.51909,0,0,3.26404,-1
1774392941464,0.0488277,0.994385,-0.00317379,0.00762695,-1.41222,1.36642,0,0,3.28343,-1
1774392941478,0.0454103,1,-0.00219731,-0.259534,-1.38931,1.22138,0,0,3.26758,-1
1774392941491,0.0444336,0.999023,-0.00366204,-0.0610747,-1.23665,0.923673,0,0,3.26463,-1
1774392941505,0.0427247,0.999756,-0.0126949,-0.549604,-1.26717,0.877864,0,0,3.26593,-1
1774392941518,0.037842,0.997315,0.00292891,-0.496185,-1.49618,0.916029,0,0,3.29791,0
1774392941532,0.0358888,0.997314,0.000244275,-0.62595,-1.54962,0.954197,0,0,3.28187,0
1774392941545,0.0371093,0.995361,-0.00659146,-0.687021,-1.09162,0.664131,0,0,3.25058,0
1774392941559,0.0419919,1,0.0102531,-0.396955,-1.00764,0.793889,0,0,3.64644,0
1774392941572,0.0349125,1.00439,0.00610372,-0.198479,-0.8855,0.80916,0,0,3.26171,0
1774392941586,0.0402829,1.0083,0.00317397,0.213728,-0.931296,0.656493,0,0,3.23887,3
1774392941599,0.0463864,0.99463,0.00683575,0.328241,-0.893131,0.748089,0,0,3.27541,3
1774392941613,0.0454102,1.01904,0.00732419,0.984713,-0.519095,0.679391,0,0,3.25084,3
1774392941626,0.045166,0.999024,-0.000243762,0.748099,-0.251916,0.702289,0,0,3.27767,3
1774392941639,0.0407717,1.0105,0.000976501,0.816792,-0.564876,0.671757,0,0,3.25321,3
1774392941653,0.0336918,0.992188,0.00781216,0.51146,-0.671753,0.870223,0,0,3.61988,3
1774392941666,0.0395505,1.00366,-0.00195264,0.381683,-0.900756,1.12976,0,0,3.25041,1
1774392941680,0.0417479,0.997315,-0.00122074,0.213745,-0.725196,1.50381,0,0,3.26519,5
1774392941693,0.0463865,0.999023,0.00439425,0.366408,-0.870225,1.01528,0,0,3.27952,5
1774392941707,0.0483397,1.00098,0.00317389,0.221378,-0.931296,1.06107,0,0,3.27456,5
1774392941720,0.0539548,0.995362,0.0012208,0.656475,-0.992365,0.877868,0,0,3.27412,5
1774392941733,0.0507814,0.996582,0.00927694,0.389321,-1.06107,0.770996,0,0,3.26343,5
1774392941747,0.0546873,1.00464,0.00390652,-0.0534218,-1.1832,0.938926,0,0,3.28006,5
1774392941760,0.0432135,0.996338,0.00244148,-0.320603,-1.30534,1.21373,0,0,3.27095,5
1774392941774,0.0439453,1.01025,0.000732507,-0.549611,-1.58014,1.09161,0,0,3.58416,5
1774392941787,0.0378421,1.00122,-0.0029295,-0.244284,-1.48855,1.03817,0,0,3.27178,5
1774392941801,0.0507806,1,-0.00634749,-0.587776,-1.67938,1.229,0,0,3.2516,5
1774392941814,0.0380866,1.01099,0.00561464,0.0305158,-1.41986,1.16031,0,0,3.29095,5
1774392941827,0.0456539,0.997315,-0.000976233,-0.312967,-1.22138,0.984738,0,0,3.26991,5
1774392941841,0.0415041,1.00684,0.00024408,0.0686908,-1.32824,1.19083,0,0,3.30847,5
1774392941854,0.0437011,1.00195,-0.0043943,0.083969,-1.53434,1.13741,0,0,3.26284,5
1774392941868,0.0483396,0.998779,0.00537061,-0.0992311,-1.50382,1.30534,0,0,3.66364,5
1774392941882,0.0451662,1.00342,-0.00341753,0.435098,-1.40458,1.03054,0,0,3.26367,5
1774392941895,0.0390628,1,0.00292937,0.229014,-1.19848,1.0916,0,0,3.25041,5
1774392941908,0.0490718,1.00488,0.00659161,0.595409,-0.923672,0.938936,0,0,3.27806,5
1774392941922,0.0419925,0.991944,0.0014651,0.75572,-1.00763,1.01526,0,0,3.27132,5
1774392941935,0.0483395,1.01221,-0.00781204,1.09923,-0.893133,0.7252,0,0,3.30441,5
1774392941949,0.0434573,0.994874,-0.000732776,1.03817,-0.557262,0.679391,0,0,3.25874,5
1774392941962,0.0495602,1.00439,0.00048822,1.55724,-0.793886,0.496189,0,0,3.57362,5
1774392941976,0.044678,0.997071,-0.0070797,1.20612,-0.572526,0.473283,0,0,3.26673,5
1774392941989,0.0417482,0.995606,0.00292919,1.19847,-0.503819,0.396949,0,0,3.24647,5
1774392942002,0.0498043,0.998047,0.0021973,0.717572,-0.564884,0.480914,0,0,3.27719,5
1774392942016,0.0375983,1.00195,-0.00292943,1.17556,-0.557252,0.328249,0,0,3.25311,5
1774392942029,0.0432126,0.995118,-0.00268556,0.847338,-0.450385,0.297711,0,0,3.298,5
1774392942043,0.0429688,1.00195,-0.00805637,0.694661,-0.664116,0.305343,0,0,3.26724,5
1774392942056,0.0488278,0.99292,-0.00244169,0.458022,-0.541988,0.488544,0,0,3.27799,5
1774392942069,0.039063,1.00342,-0.00537095,0.328248,-0.641218,0.442749,0,0,3.26345,5
1774392942083,0.0424803,0.999512,-0.000976782,0.198477,-0.633588,0.404581,0,0,3.57677,5
1774392942097,0.0407716,1.00049,-0.00122069,0.229007,-0.549621,0.633581,0,0,3.28015,5
1774392942110,0.0476071,1.00488,0.000244067,0.0763405,-0.541985,0.526721,0,0,3.24591,5
1774392942124,0.0402836,0.995606,0.0024413,0.122136,-0.671752,0.511451,0,0,3.75103,5
1774392942137,0.0466305,1,0.00512682,0.0992373,-0.679389,0.549617,0,0,3.25113,5
1774392942151,0.0493163,1.00708,0.00268567,-0.0686973,-0.633589,0.534352,0,0,3.307,5
1774392942164,0.0417484,0.994385,0.0014649,-0.0992357,-0.595421,0.435117,0,0,3.26393,5
1774392942178,0.0458982,1.00146,0.00781218,-0.190837,-0.847321,0.335881,0,0,4.33556,5
1774392942192,0.0419924,0.996338,-0.00683521,-0.28244,-0.709928,0.412211,0,0,3.29812,5
1774392942205,0.0419922,1.00195,0.00414984,-0.267176,-0.61069,0.580148,0,0,3.23019,5
1774392942219,0.0417481,0.995362,0.000244336,-0.320609,-0.748087,0.167951,0,0,3.26974,5
1774392942232,0.0427246,0.998291,0.000488269,-0.366411,-0.702291,0.358773,0,0,3.2638,5
1774392942247,0.0480954,1.00024,0.00463846,-0.717547,-0.778624,0.366412,0,0,4.90476,5
1774392942260,0.0405277,1.00122,0.00878885,-0.580157,-0.786259,0.221378,0,0,3.24165,5
1774392942275,0.0410156,0.994385,0.00268585,-0.541986,-0.816793,0.320608,0,0,3.30037,1
1774392942288,0.0427245,0.998535,0.00122078,-0.503818,-0.76336,0.503811,0,0,3.26513,1
1774392942301,0.043457,1.0022,0.00512676,-0.41985,-0.900759,0.343516,0,0,3.28258,1
1774392942315,0.0500485,0.996826,0.00317393,-0.656481,-1.05343,0.389312,0,0,3.2758,1
1774392942328,0.0405278,1.00024,0.00512686,-0.740455,-0.664134,0.0992453,0,0,3.29965,1
1774392942343,0.043701,1.00024,0.00512695,-0.725191,-0.824423,0.114503,0,0,4.78507,1
1774392942356,0.0417481,0.99707,0.00244154,-0.488557,-0.877861,0.122137,0,0,3.24834,5
1774392942371,0.0456541,1.00195,0.00244141,-0.687017,-0.923663,0.282438,0,0,4.88118,5
1774392942385,0.0522458,1.00586,0.00390618,-0.572523,-0.832064,0.374043,0,0,3.24506,5
1774392942399,0.042481,1.00415,0.00830056,-0.503819,-0.984728,0.282445,0,0,3.88939,5
1774392942412,0.0346684,0.991944,0.00122106,-0.55725,-0.740465,0.656477,0,0,3.27947,5
1774392942426,0.0319826,0.999023,0.0046385,-0.824419,-0.854958,0.900756,0,0,3.37106,5
1774392942439,0.0432123,0.998535,0.000488489,-0.885494,-0.984729,1.35113,0,0,3.27156,5
1774392942453,0.0429688,1.00146,0.0117182,-1.00763,-1.01527,1.18321,0,0,3.26036,5
1774392942466,0.0356449,1.00342,0.0131835,-0.725199,-0.961834,1.49617,0,0,3.29099,5
1774392942480,0.0471186,1.00952,0.00537148,-0.763358,-1.0916,1.43512,0,0,3.24782,5
1774392942495,0.0476074,1.00488,0.0156245,-0.503825,-1.00764,1.71755,0,0,4.98318,5
1774392942508,0.0412601,1.00537,0.00756876,-0.206116,-0.8168,1.77862,0,0,3.31212,5
1774392942522,0.0471188,1.00732,0.0122068,0.160294,-0.465659,1.88549,0,0,3.88433,5
1774392942536,0.0478515,1.00073,0.00512731,0.335873,-0.999984,1.5649,0,0,3.2758,5
1774392942549,0.0554195,1,-0.00170864,0.496178,-0.687032,1.48092,0,0,3.25463,5
1774392942562,0.0458989,0.999512,0.00512661,0.190849,-1.00762,1.02291,0,0,3.27087,5
1774392942576,0.0537105,1.00488,0.000244385,0.450374,-1.09923,0.694666,0,0,3.25287,5
1774392942590,0.0546875,1.00317,0.0131829,0.366415,-1.19847,0.244288,0,0,3.29578,5
1774392942603,0.0522462,0.999268,0.00659213,0.465646,-0.969473,0.015274,0,0,3.31191,5
1774392942618,0.0441899,1.00488,0.0102537,0.297715,-1.23663,-0.0610664,0,0,4.91427,5
1774392942631,0.0407717,0.999268,0.0122069,0.20611,-1.19847,0.0152649,0,0,3.27512,5
1774392942645,0.0407715,1.00415,0.00683621,0.419841,-1.46564,0.320602,0,0,3.90246,5
1774392942659,0.0368654,1.00024,0.00292988,0.381681,-1.44275,0.633578,0,0,3.271,5
1774392942672,0.0422361,1.00317,0.00512684,0.465646,-1.44275,0.618321,0,0,3.24208,5
1774392942686,0.0402833,1.00391,0.0063476,0.167948,-1.42748,0.931288,0,0,3.28586,5
1774392942699,0.0473629,1.00269,-0.00146445,0.190839,-1.56488,1.1145,0,0,3.32041,5
1774392942717,0.044922,1,-0.00463851,0.16794,-1.39695,1.16794,0,0,7.01302,5
1774392942731,0.0505368,1.00195,-0.00219739,0.305339,-1.02291,1.06871,0,0,3.56436,5
1774392942744,0.050293,0.99585,0.00878851,0.36641,-0.7939,0.877868,0,0,3.28673,5
1774392942758,0.0458987,0.998779,-0.00244084,0.0305444,-0.862593,1.03053,0,0,3.24158,5
1774392942771,0.0595696,0.99707,0.00292942,0.0610678,-0.847329,0.908401,0,0,3.23761,5
1774392942784,0.0458991,0.99585,0.00878877,-0.175565,-1.2977,0.740463,0,0,3.24299,5
1774392942798,0.0537105,1.00073,-0.000731946,-0.0992389,-1.38931,0.534357,0,0,3.23961,5
1774392942811,0.0434575,0.994141,0.0063473,-0.465638,-1.23665,0.572518,0,0,3.25582,5
1774392942824,0.043457,1.00391,-0.00317335,-0.519082,-1.29771,0.396952,0,0,3.23287,5
1774392942838,0.0576165,1.00659,-0.00195319,-0.435117,-1.33588,0.35878,0,0,3.28778,5
1774392942851,0.0495609,1.00391,0.00537073,-0.358781,-1.47328,0.473279,0,0,3.23924,5
1774392942864,0.0473634,1.00659,0.00610348,-0.206111,-1.13741,0.305349,0,0,3.27952,5
1774392942878,0.0412601,1.00049,0.00952131,-0.366407,-1.1145,0.534344,0,0,3.24071,5
1774392942891,-0.0219695,1.00342,0.0283194,-0.900747,-0.786269,1.79386,0,0,3.25874,5
1774392942904,0.0488246,1.01269,0.0175787,-0.374062,-0.83206,1.65649,0,0,3.24171,5
1774392942918,0.0351569,0.991456,-0.000487378,-0.778614,-0.946561,0.557285,0,0,3.23748,5
1774392942931,0.0405271,1.01343,0.00756796,-0.374058,-1.16793,0.404585,0,0,3.54456,5
1774392942945,0.0583487,0.991944,-0.00634696,-0.557246,-1.19847,0.557247,0,0,3.23532,5
1774392942958,0.0429695,1.00903,0.00195271,-0.145051,-0.969473,0.694652,0,0,3.26878,1
1774392942971,0.0419922,1.00244,0.00585918,-0.725173,-0.717565,0.755723,0,0,3.23952,1
1774392942985,0.043457,1,-0.00122035,-0.557257,-0.389323,0.687025,0,0,3.26069,1
1774392942998,0.049072,0.999268,0.00146471,-0.816786,-0.49618,0.740456,0,0,3.24243,1
1774392943011,0.0454103,1.00342,0.003662,-0.618327,0.190819,0.35879,0,0,3.23282,5
1774392943025,0.0505369,1.00195,-0.000243945,-1.10686,0.30534,0.442746,0,0,3.24917,5
1774392943038,0.0461428,1.00439,-0.00122065,-0.862603,1.09921,0.0916136,0,0,3.26597,5
1774392943051,0.0541988,1.00659,0.0122064,-0.839695,2.23661,-0.694633,0,0,3.27943,5
1774392943065,0.0529786,1.01733,0.0129394,-0.129792,3.39691,-1.75569,0,0,3.23774,5
1774392943078,0.0644526,1.0249,0.0241694,0.457998,5.25185,-2.70226,0,0,3.26615,5
1774392943091,0.0649414,1.09277,0.0434561,3.96936,2.87793,-6.44264,0,0,3.26534,5
1774392943105,0.144527,1.11694,0.0876443,9.45022,3.5725,-13.183,0,0,3.24882,5
1774392943118,0.642309,1.76925,0.347887,27.7552,-5.25164,-50.9073,0,0,3.25808,5
1774392943131,1.44137,1.51979,0.299075,68.7698,-55.2275,-58.8166,0,0,3.24561,5
1774392943145,0.820344,2.36129,0.3977,91.152,-84.5793,-39.4586,0,0,3.29319,5
1774392943158,0.128208,0.56259,0.598623,98.9463,-79.5345,-38.8168,0,0,3.2423,5
1774392943171,-0.100086,0.850816,0.780264,69.436,-53.3748,-59.9688,0,0,3.26613,5
1774392943185,-0.61765,0.649424,0.886469,58.382,-5.42129,-44.1379,0,0,3.24565,3
1774392943198,-0.319839,0.216086,1.15209,23.2911,29.0142,3.27339,0,0,3.2538,3
1774392943212,-0.174324,0.316401,1.29833,-9.02193,48.1597,45.9987,0,0,3.26536,3
1774392943225,-0.0378486,0.340087,1.38525,-26.3735,57.015,63.8773,0,0,3.25286,3
1774392943238,0.0932552,0.236089,1.3523,-50.0833,57.5954,65.3435,0,0,3.27763,3
1774392943252,0.212885,0.416495,1.25074,-71.7932,48.0308,59.3055,0,0,3.2686,3
1774392943265,0.278805,0.582511,1.09254,-87.9308,32.2982,50.3972,0,0,3.26186,3
1774392943278,0.224124,0.753654,0.909921,-99.9691,17.3592,37.8019,0,0,3.23734,3
1774392943292,0.135991,0.819333,0.729257,-112.107,7.51938,22.5348,0,0,3.27954,3
1774392943305,0.106447,0.935785,0.596198,-124.374,3.07647,9.13781,0,0,3.26638,3
1774392943318,0.117187,1.09643,0.47193,-130.824,0.969529,2.08418,0,0,3.2468,3
1774392943332,0.178708,1.1438,0.35108,-134.504,-0.946507,4.35871,0,0,3.28447,2
1774392943345,0.210692,1.25878,0.262944,-134.901,-3.06864,10.6029,0,0,3.27452,3
1774392943359,0.193848,1.28931,0.175297,-130.741,-3.55724,17.0609,0,0,3.25669,5
1774392943372,0.164552,1.31518,0.100346,-125.657,-1.86265,20.6564,0,0,3.26261,5
1774392943385,0.130861,1.29248,0.0617695,-119.557,1.01518,21.9542,0,0,3.2881,5
1774392943399,0.092043,1.21192,0.0310074,-114.886,4.86248,22.6717,0,0,3.28449,5
1774392943412,0.0400417,1.19775,0.0153816,-113.038,9.70978,22.8397,0,0,3.2561,5
1774392943425,0.0141615,1.23071,0.017578,-106.68,14.4273,22.084,0,0,3.25461,5
1774392943439,0.0129395,1.18823,-0.00219628,-98.6338,18.4503,21.1069,0,0,3.46958,5
1774392943452,-0.00219651,1.08204,0.013427,-95.0764,22.435,21.2061,0,0,3.25919,5
1774392943466,-0.0175774,1.04029,0.0190427,-92.6337,26.0991,20.5191,0,0,3.26993,5
1774392943479,-0.00415106,0.946294,0.0278316,-92.229,29.4503,18.313,0,0,3.26795,5
1774392943493,0.0551728,1.01928,0.0263673,-89.8016,31.2595,15.4199,0,0,3.28097,5
1774392943506,0.121823,0.953861,-0.00488125,-85.107,30.7176,14.3054,0,0,3.25932,5
1774392943519,0.139159,0.880619,-0.0239248,-87.1373,29.1604,16.5954,0,0,3.25178,5
1774392943533,0.140869,0.892822,-0.0393059,-89.9999,28.7405,17.7633,0,0,3.2585,5
1774392943546,0.165526,0.939451,-0.0600576,-89.4886,28.7939,15.2367,0,0,3.27423,5
1774392943559,0.210447,1.05151,-0.0986309,-82.4506,25.6642,15.832,0,0,3.28486,5
1774392943573,0.24951,1.03369,-0.166012,-73.2446,20.4276,17.8167,0,0,3.27567,5
1774392943586,0.289305,1.09594,-0.214353,-64.588,12.9926,18.6488,0,0,3.28304,5
1774392943599,0.270753,1.19653,-0.296138,-49.8172,4.94681,17.4504,0,0,3.2658,5
1774392943613,0.173101,1.18628,-0.402583,-34.802,0.152816,12.962,0,0,3.24839,5
1774392943626,0.0285717,1.19507,-0.496089,-22.3057,2.79381,8.30548,0,0,3.25243,5
1774392943640,-0.0363737,1.40868,-0.577389,-1.17621,10.2135,4.09173,0,0,3.39591,5
1774392943653,-0.0639635,1.41406,-0.659908,25.9152,19.1142,5.68698,0,0,3.25835,5
1774392943666,-0.915485,3.99975,-0.41554,239.215,61.7392,-66.3337,0,0,3.25728,5
1774392943680,0.795325,0.108349,0.922541,250.129,6.46731,-58.6644,0,0,3.2616,5
1774392943693,-0.727951,-0.289043,1.33421,250.13,69.563,3.05158,0,0,3.28941,5
1774392943707,-0.285667,0.577838,0.0127614,209.345,63.191,31.6862,0,0,3.24424,5
1774392943720,0.243138,1.17453,0.0534648,180.528,41.077,14.9089,0,0,3.2496,5
1774392943733,0.46825,1.42992,0.124996,164.084,-2.92234,5.10716,0,0,3.25117,5
1774392943747,-0.0492905,1.43213,0.0380903,163.122,-32.7854,17.7553,0,0,3.28256,5
1774392943760,-0.0537107,0.653848,0.0129407,133.558,-32.0382,13.3284,0,0,3.26021,5
1774392943773,-0.147212,0.470468,0.00952166,82.0702,-4.43594,10.8169,0,0,3.2423,5
1774392943787,0.03295,0.95188,0.0729949,58.6419,11.8468,3.0384,0,0,3.29434,5
1774392943800,0.129878,1.09423,0.117674,65.2517,16.0075,-1.95405,0,0,3.24293,5
1774392943813,0.122559,0.855969,0.0854508,59.5651,11.5498,-4.61061,0,0,3.27723,5
1774392943827,0.0563998,0.841553,0.0986322,42.7868,14.1068,-6.05339,0,0,3.2693,5
1774392943840,0.0283217,0.939448,0.0820321,33.8934,17.061,-7.99231,0,0,3.27358,5
1774392943854,0.0873994,0.96826,0.0893551,30.2368,14.9237,-6.17563,0,0,3.28419,5
1774392943867,0.0380884,0.953126,0.0817875,26.1833,12.8474,-2.60316,0,0,3.25367,5
1774392943880,0.0603016,1.00073,0.0654305,24.8397,10.3512,-2.48092,0,0,3.28365,5
1774392943894,0.0407725,1.00757,0.0607912,24.6947,9.56491,-2.32062,0,0,3.24571,5
1774392943907,0.120846,0.974123,0.0922836,23.4733,4.89327,-7.8777,0,0,3.27952,5
1774392943920,0.0637236,0.989013,0.0815435,22.8931,6.03813,-12.3663,0,0,3.2576,5
1774392943934,0.158687,1.04834,0.0832519,25.9159,7.32821,-18.0227,0,0,3.26724,5
1774392943947,0.0356507,1.02857,0.0708014,31.5571,5.74051,-20.5266,0,0,3.27828,5
1774392943960,-0.103509,0.957767,0.067383,27.9696,9.97697,-19.9847,0,0,3.26634,5
1774392943974,-0.0234415,0.961181,0.0336931,26.2901,10.1527,-13.649,0,0,3.27958,5
1774392943987,-0.022461,1.00317,0.00708141,25.6489,8.1451,-8.67954,0,0,3.2673,5
1774392944001,-0.00805736,1.06811,0.0109861,28.4045,9.20608,-3.64901,0,0,3.25019,5
1774392944014,-0.0668916,1.0315,-0.0229475,33.2212,8.74811,4.22877,0,0,3.26952,5
1774392944027,0.0517519,1.0459,-0.0056161,33.5572,8.06872,6.58008,0,0,3.24786,5
1774392944041,-0.00805365,1.10888,0.0407692,41.8471,8.67174,11.3128,0,0,3.25504,5
1774392944054,0.0832474,0.940194,-0.00268337,42.6107,5.49628,11.9847,0,0,3.27599,5
1774392944068,0.0163608,0.895998,-0.00707986,30.4889,4.63361,11.0153,0,0,3.27195,5
1774392944081,0.0388172,1.03027,-0.0146481,27.1909,3.37408,8.42756,0,0,3.26593,5
1774392944094,0.0410155,1.07788,0.00366119,31.5495,2.93131,9.09922,0,0,3.27256,5
1774392944108,0.102292,1.07837,-0.0300276,34.6182,1.63363,6.9848,0,0,3.25054,5
1774392944121,0.136473,1.07495,-0.023682,34.8244,-2.39683,-0.465425,0,0,3.26021,5
1774392944134,-0.0815321,1.06909,-0.0627422,32.1986,-0.526774,-2.03049,0,0,3.24932,5
1774392944148,0.0234323,1.19897,-0.0322281,34.8167,0.534319,3.53418,0,0,3.31528,5
1774392944161,0.0234375,1.15894,-0.0541981,38.5495,-0.389285,13.4883,0,0,3.26934,5
1774392944175,-0.0168437,1.12256,-0.0493167,39.6259,-1.15265,19.0304,0,0,3.27817,5
1774392944188,0.0346654,1.16113,-0.0488281,44.3739,-1.79387,22.664,0,0,3.29647,5
1774392944201,0.0541982,1.09888,-0.0451662,47.3511,-2.00763,23.5343,0,0,3.23763,5
1774392944215,0.0805651,1.09424,-0.0624991,48.8931,-2.71754,23.2061,0,0,3.26532,5
1774392944228,0.0859372,1.0874,-0.077636,50.0916,-3.62593,22.5954,0,0,3.26436,5
1774392944241,0.0878905,1.08936,-0.0954581,52.4732,-3.80152,21.397,0,0,3.25128,5
1774392944255,0.0727547,1.0769,-0.0920412,54.6335,-4.42746,20.2901,0,0,3.27841,5
1774392944268,0.0920401,1.09497,-0.111083,56.8931,-4.76335,19.084,0,0,3.24187,5
1774392944282,0.122557,1.08911,-0.109863,59.7251,-5.45799,17.1375,0,0,3.2815,5
1774392944295,0.0971692,1.04395,-0.14453,61.4351,-6.47325,15.3894,0,0,3.24626,5
1774392944308,0.082032,1.03931,-0.168456,63.0076,-7.10685,15.8702,0,0,3.25226,5
1774392944322,0.10205,1.05078,-0.160889,64.8244,-6.90077,14.7634,0,0,3.27112,5
1774392944335,0.093018,1.01416,-0.18994,67.8472,-8.5114,14.2977,0,0,3.24813,5
1774392944349,0.0402858,1.03101,-0.208739,67.1527,-7.82445,15.0916,0,0,3.69796,5
1774392944362,0.0688462,1.1018,-0.2229,71.8472,-8.79386,16.1603,0,0,3.24595,5
1774392944376,0.0708007,1.09375,-0.200685,76.206,-8.44276,15.8626,0,0,3.27584,5
1774392944389,0.10742,1.10352,-0.210693,80.6487,-10.1908,17.7938,0,0,3.25737,5
1774392944402,0.125732,1.11938,-0.215576,83.9388,-11.5954,18.6794,0,0,3.24295,5
1774392944416,0.141113,1.13818,-0.209961,88.2747,-14.0534,20.6259,0,0,3.26895,5
1774392944429,0.133301,1.22509,-0.209229,93.9846,-17.0839,22.7557,0,0,3.24936,5
1774392944442,0.128418,1.31469,-0.16968,102.656,-18.2748,25.3434,0,0,3.25063,5
1774392944456,0.215328,1.44213,-0.134523,116.748,-23.2289,28.4274,0,0,3.27778,1
1774392944469,0.330072,1.55908,-0.0488324,134.19,-30.1754,29.0687,0,0,3.25878,1
1774392944483,0.197516,1.74218,-0.0978979,148.419,-42.3584,39.3966,0,0,3.28217,1
1774392944496,0.380118,2.09935,0.174547,180.213,-43.7328,28.466,0,0,3.26767,1
1774392944509,0.535637,2.27636,0.259761,222.38,-57.3584,23.4429,0,0,3.2658,1
1774392944523,0.452885,2.43798,0.168706,250.129,-66.4959,8.7867,0,0,3.26821,1
1774392944536,0.234142,2.25904,-0.0695682,250.13,-62.5192,7.14509,0,0,3.25224,1
1774392944549,0.15723,2.24097,-0.261221,250.13,-57.7864,14.954,0,0,3.26943,3
1774392944563,0.259516,2.00099,-0.353511,250.13,-58.9847,-2.41169,0,0,3.28341,3
1774392944576,0.140631,1.56643,-0.172861,250.13,-57.4046,-7.06093,0,0,3.27313,3
1774392944590,0.480452,1.9409,-0.136232,250.13,-54.8856,-8.83964,0,0,3.28778,3
1774392944603,0.70702,0.885063,0.0988652,250.13,-68.9156,1.48061,0,0,3.27813,3
1774392944616,0.4568,0.638196,0.725799,250.13,-81.0912,19.717,0,0,3.25169,3
1774392944630,1.82757,-3.02179,1.21921,232.352,-133.319,31.7096,0,0,3.28704,3
1774392944643,-0.354627,-3.99995,0.0574311,-133.676,-141.901,48.0529,0,0,3.25273,3
1774392944656,-0.223883,1.44455,0.975296,-220.982,-107.879,-5.27321,0,0,3.28002,3
1774392944670,-0.709204,0.569868,0.613543,-140.117,-69.1691,-32.9763,0,0,3.26102,3
1774392944683,-0.587408,0.507571,0.506597,-190.304,-31.9171,-15.512,0,0,3.27187,3
1774392944697,-0.477056,0.594966,0.41187,-172.71,-6.39771,12.2816,0,0,3.26378,3
1774392944710,-0.41553,0.475348,0.349857,-197.549,21.9228,29.4041,0,0,3.24791,3
1774392944723,-0.380617,0.37647,0.30884,-206.282,48.6939,23.6032,0,0,3.27019,2
1774392944737,-0.320316,0.37085,0.3208,-234.198,72.5184,10.9622,0,0,3.24778,2
1774392944750,-0.172615,0.447262,0.354735,-250.137,86.0759,6.82455,0,0,3.27849,2
1774392944763,0.0170804,0.660146,0.381346,-250.137,85.9389,20.1446,0,0,3.26913,2
1774392944777,0.117915,0.683104,0.387695,-250.137,78.4735,33.9843,0,0,3.27025,2
1774392944790,0.0732444,0.951891,0.373292,-250.137,66.5118,41.267,0,0,3.26254,2
1774392944803,0.0537119,1.14355,0.296146,-250.137,62.7711,38.0841,0,0,3.2523,2
1774392944817,0.0588376,1.24511,0.229007,-250.137,61.0764,26.1225,0,0,3.27028,2
1774392944830,0.107419,1.31543,0.18799,-250.137,57.2597,13.8477,0,0,3.25097,2
1774392944843,0.178219,1.25928,0.234617,-250.137,48.9621,5.7636,0,0,3.26239,2
1774392944857,0.253658,1.41747,0.30444,-250.137,35.9699,-0.98453,0,0,3.28356,2
1774392944870,0.306394,1.54052,0.316406,-250.137,22.0081,-10.6028,0,0,3.25595,2
1774392944884,0.378414,1.62719,0.309571,-250.137,7.08442,-21.6638,0,0,3.26952,5
1774392944897,0.436276,1.78661,0.288575,-250.137,-10.5796,-27.6029,0,0,3.26674,5
1774392944911,0.47949,1.90576,0.250734,-250.137,-29.5338,-23.7406,0,0,3.26982,5
1774392944924,0.417484,1.98266,0.19263,-250.137,-44.0072,-15.1071,0,0,3.25363,5
1774392944937,0.26905,2.01733,0.157472,-250.137,-48.0151,-5.03084,0,0,3.27047,5
1774392944951,0.213382,2.15966,0.0603076,-250.137,-42.5421,-1.10699,0,0,3.24926,3
1774392944964,0.24951,2.35302,-0.18407,-250.137,-32.7102,4.97692,0,0,3.26926,3
1774392944977,0.364496,2.35937,-0.505599,-250.137,-26.7254,29.0298,0,0,3.26537,3
1774392944991,0.523918,2.32495,-0.850813,-250.137,-31.1144,70.3575,0,0,3.26736,3
1774392945004,0.414312,2.19654,-1.17064,-234.1,-40.7096,113.197,0,0,3.29645,3
1774392945018,0.0332222,2.47704,-1.52781,-190.467,-37.8092,118.855,0,0,3.25617,3
1774392945031,-0.338116,2.41577,-1.91087,-122.269,-14.0618,73.1159,0,0,3.2458,3
1774392945044,-0.382322,2.05129,-2.16649,-70.5588,14.503,17.3757,0,0,3.27969,3
1774392945058,-0.296635,2.13403,-2.17822,-18.8183,35.0223,-7.06797,0,0,3.48458,3
1774392945073,-0.265871,2.13428,-1.96827,43.1432,53.4498,-8.48851,0,0,4.54786,3
1774392945086,-0.322507,1.95802,3.24534,23.9624,93.5102,-31.465,0,0,3.26691,3
1774392945099,1.29411,3.28485,2.93459,250.123,62.3063,-107.738,0,0,3.23889,3
1774392945113,-0.155689,-0.740766,1.61408,250.13,32.1612,-92.8707,0,0,3.25656,3
1774392945126,-0.400134,-0.0359239,-0.00211646,250.13,77.6017,-98.2136,0,0,3.249,3
1774392945139,-0.209726,0.786092,0.00756788,199.551,87.8852,-22.1397,0,0,3.25397,3
1774392945153,-0.0639721,1.87348,0.148186,168.566,66.9548,10.5257,0,0,3.24784,3
1774392945166,0.21605,2.30442,-0.171859,205.007,5.9484,29.5109,0,0,3.2683,5
1774392945179,-0.0886078,0.54208,-0.0334542,192.619,-12.9002,33.1068,0,0,3.26321,5
1774392945193,-0.169918,-0.265585,-0.101315,88.9878,7.87724,25.0613,0,0,3.23841,5
1774392945206,0.142807,0.719921,-0.0200236,25.1088,28.3734,13.5805,0,0,3.26974,5
1774392945219,0.2373,1.39279,0.0761671,43.1979,19.8629,5.84756,0,0,3.25208,5
1774392945233,0.172122,0.782013,0.0524914,46.0304,12.8017,-2.27457,0,0,3.27658,5
1774392945246,0.109134,0.779297,0.0361336,23.3824,19.2059,-9.2288,0,0,3.26428,5
1774392945260,0.157468,0.979482,0.0776346,17.878,18.6489,-14.5495,0,0,3.87633,5
1774392945273,0.0429745,0.907718,0.0349142,11.9391,14.8322,-13.4809,0,0,3.2676,5
1774392945287,0.0312506,1.02026,0.0932588,9.04589,16.1145,-13.3969,0,0,3.23848,5
1774392945300,0.0146493,1.09131,0.108398,16.3815,17.9923,-14.9465,0,0,3.27965,5
1774392945313,0.0551738,1.10425,0.088624,25.6486,14.3513,-14.6107,0,0,3.24726,5
1774392945327,0.164057,0.985113,0.141355,28.3663,11.3436,-12.5115,0,0,3.27173,5
1774392945340,-0.0654182,0.892583,0.171629,23.3971,17.1372,-13.0458,0,0,3.2585,5
1774392945354,0.224351,0.906738,-0.0703004,15.0384,13.5955,-12.2825,0,0,3.27556,5
1774392945367,-0.0273312,1.11083,0.0937418,18.7861,11.1527,-8.76346,0,0,3.27434,5
1774392945380,0.0512656,1.04102,0.061525,27.8013,10.8702,-5.18331,0,0,3.23524,5
1774392945394,0.0119649,0.99927,0.0861804,27.6183,8.25962,-1.77109,0,0,3.28967,5
1774392945407,-0.0156236,1.11816,0.0817873,34.5799,9.27478,2.81666,0,0,3.24317,5
1774392945420,0.083247,1.05176,0.0219756,43.5951,7.93897,5.71747,0,0,3.27902,5
1774392945434,0.0371117,0.811291,0.0104986,32.9164,6.31303,4.26722,0,0,3.2613,5
1774392945447,0.0852027,0.946771,0.00878915,19.3897,4.64127,-1.10671,0,0,3.2861,5
1774392945461,0.0310086,1.16478,0.0573706,28.2364,3.90079,-0.374068,0,0,3.26358,5
1774392945474,0.0871554,1.09424,0.0588378,37.4806,2.69469,-1.32822,0,0,3.2671,5
1774392945487,0.124754,1.03394,0.0175802,37.9389,0.206182,-8.60284,0,0,3.2926,5
1774392945501,0.0197806,1.12133,0.0102543,39.3358,-0.564862,-7.61835,0,0,3.25424,5
1774392945514,-0.106439,1.14746,0.0253899,41.7938,4.3281,-12.9082,0,0,3.27271,5
1774392945527,-0.0600609,1.12964,-0.00927561,44.7098,4.38931,-9.61842,0,0,3.26054,5
1774392945541,-0.0485846,1.18628,-0.00195349,45.3206,2.40464,5.20566,0,0,3.27076,5
1774392945554,0.0229456,1.13794,0.0112298,46.7786,0.694708,17.0225,0,0,3.26573,5
1774392945568,0.0390617,1.17163,-0.0141589,50.3892,0.320622,18.5267,0,0,3.309,5
1774392945581,0.0278326,1.10523,-0.0197751,54.1907,-0.824393,20.6488,0,0,3.27493,5
1774392945594,0.0358883,1.09741,-0.0344231,53.1832,-1.45036,22.1374,0,0,3.29384,5
1774392945608,0.0505364,1.12451,-0.0317384,56.8091,-2.53432,22.6488,0,0,3.26782,5
1774392945621,0.0224623,1.09497,-0.0500479,58.4885,-3.04579,23.7175,0,0,3.28939,5
1774392945635,0.0998496,1.14013,-0.0437015,62.1755,-3.46564,22.4046,0,0,3.25328,5
1774392945648,0.0600606,1.12134,-0.0690905,66.2671,-4.32059,22.4198,0,0,3.29839,5
1774392945661,0.096922,1.12598,-0.0842278,71.4579,-6.24422,21.2443,0,0,3.25676,5
1774392945675,0.0732434,1.08716,-0.102538,74.29,-7.37401,20.3588,0,0,3.27393,5
1774392945688,0.0656742,1.0874,-0.107422,77.0915,-8.35112,21.0458,0,0,3.26952,5
1774392945701,0.0551763,1.13476,-0.115722,81.5648,-8.76335,21.603,0,0,3.29024,5
1774392945715,0.0512697,1.12476,-0.143553,86.7861,-10.2366,22.6794,0,0,3.25549,5
1774392945728,0.0544432,1.15234,-0.134766,92.7097,-11.2519,22.1909,0,0,3.26297,5
1774392945742,0.0698234,1.17944,-0.144043,100.366,-12.748,23.8015,0,0,3.2591,5
1774392945755,0.0720214,1.2063,-0.124757,107.191,-13.3817,24.8015,0,0,3.26663,5
1774392945768,0.138424,1.20972,-0.126465,116.481,-17.1831,28.7632,0,0,3.27923,5
1774392945782,0.136231,1.25,-0.128662,124.183,-20.5801,29.7175,0,0,3.28386,5
1774392945795,0.0756866,1.32934,-0.0917987,131.381,-23.5114,34.8624,0,0,3.27178,5
1774392945808,0.295155,1.58568,-0.0148964,148.534,-28.809,34.5954,0,0,3.23613,5
1774392945822,0.341062,1.71166,0.0768997,172.427,-37.7326,35.9694,0,0,3.25973,5
1774392945835,0.273685,1.9348,0.180903,197.908,-42.7632,34.4199,0,0,3.26326,5
1774392945848,0.251222,2.23997,0.234861,232.197,-48.5876,27.3819,0,0,3.29863,5
1774392945862,0.438711,2.51219,0.190188,250.129,-56.9387,15.2294,0,0,3.26582,5
1774392945875,0.225597,2.30274,-0.0043848,250.13,-53.336,6.55751,0,0,3.26747,5
1774392945889,0.199464,2.3789,-0.163566,250.13,-54.0305,18.4195,0,0,3.28678,5
1774392945902,0.139163,1.95339,-0.0974154,250.13,-50.0307,8.58808,0,0,3.24148,3
1774392945915,0.0173401,1.76563,0.0375909,250.13,-53.29,12.8701,0,0,3.27243,5
1774392945929,0.421611,1.95727,0.0412596,250.13,-51.2901,7.24444,0,0,3.25773,3
1774392945942,0.548089,0.894584,0.307848,250.13,-61.4043,21.6179,0,0,3.31749,3
1774392945955,0.519044,0.656262,0.782691,250.13,-73.3966,35.8698,0,0,3.26361,3
1774392945969,2.16007,-3.05108,1.3259,241.405,-144.799,58.7016,0,0,3.48471,4
1774392945982,-0.688334,-3.88839,-0.0219053,-110.615,-164.87,51.6796,0,0,3.27408,3
1774392945996,-0.58106,0.924808,0.872514,-229.844,-124.429,-22.5779,0,0,3.24443,3
1774392946009,-0.954083,0.606217,0.546891,-177.414,-75.3832,-53.6785,0,0,3.28756,3
1774392946022,-0.729992,0.49732,0.526124,-225.006,-31.3219,-42.008,0,0,3.25252,2
1774392946036,-0.612555,0.606684,0.53125,-214.306,2.4799,-17.1763,0,0,3.27967,2
1774392946049,-0.362073,0.638426,0.466556,-223.565,30.0068,-1.20659,0,0,3.26382,2
1774392946063,-0.23609,0.244649,0.46045,-236.771,51.5642,-0.977106,0,0,3.25237,2
1774392946076,-0.127691,0.276121,0.450684,-250.137,66.2667,-5.82428,0,0,3.29678,2
1774392946089,0.00804985,0.503895,0.548579,-250.137,75.2058,-5.48093,0,0,3.24815,2
1774392946103,0.0944781,0.795396,0.554199,-250.137,62.4126,6.33552,0,0,3.27973,2
1774392946116,0.148679,0.8894,0.545166,-250.137,51.5805,34.0068,0,0,3.26137,2
1774392946129,0.134522,0.938474,0.478275,-250.137,41.9011,49.2591,0,0,3.25048,2
1774392946143,0.0866723,1.12572,0.449953,-250.137,35.8551,47.6489,0,0,3.31695,2
1774392946156,0.0803226,1.33837,0.408205,-250.137,30.8093,39.7025,0,0,3.26313,2
1774392946170,0.0720219,1.35278,0.38672,-250.137,23.4506,33.9391,0,0,3.57936,2
1774392946183,0.130612,1.35645,0.415282,-250.137,13.1224,29.252,0,0,3.27176,2
1774392946197,0.0732451,1.3335,0.459959,-250.137,1.7637,20.0155,0,0,3.27787,2
1774392946210,0.0927725,1.49926,0.50366,-250.137,-7.99207,4.74092,0,0,3.27499,2
1774392946223,0.216302,1.79051,0.509277,-250.137,-22.5415,-8.68662,0,0,3.25156,2
1774392946237,0.289547,2.0764,0.456057,-250.137,-41.6177,-8.80916,0,0,3.26041,5
1774392946250,0.294433,2.17993,0.322272,-250.137,-58.2972,-9.19083,0,0,3.26273,5
1774392946263,0.127938,2.25952,0.1753,-250.137,-65.0303,-8.25194,0,0,3.25584,3
1774392946277,-0.0998421,2.34863,-0.0156155,-250.137,-57.3743,-5.35123,0,0,3.27675,3
1774392946290,-0.210932,2.6035,-0.23827,-250.137,-36.7258,2.93868,0,0,3.26747,3
1774392946304,0.002919,2.71313,-0.58177,-250.137,-15.4281,17.8545,0,0,3.25361,3
1774392946317,0.206289,2.65284,-0.959942,-250.137,-5.35145,48.4876,0,0,3.26282,3
1774392946330,0.195801,2.63696,-1.30882,-199.795,-4.92368,88.4797,0,0,3.25128,3
1774392946344,0.0405351,2.24294,-1.65257,-159.169,3.20586,97.099,0,0,3.25315,3
1774392946357,-0.177723,2.22754,-1.99437,-115.383,22.2895,62.9629,0,0,3.2448,3
1774392946370,-0.20825,2.18262,-2.21068,-61.0016,41.2437,24.7492,0,0,3.25239,3
1774392946384,-0.204102,2.14917,-2.21289,-9.66566,55.221,0.298443,0,0,3.2756,3
1774392946397,-0.215331,2.01514,-2.0232,40.5328,68.7477,-17.8239,0,0,3.31723,3
1774392946410,2.01551,3.99978,0.338993,-95.5913,50.0845,25.556,0,0,3.27817,3
1774392946424,1.35697,1.06314,2.61756,250.119,3.42888,-99.9199,0,0,3.2601,3
1774392946437,-0.228192,-0.752107,2.29347,250.13,-3.45018,-104.824,0,0,3.25948,3
1774392946450,-0.154545,-0.256128,-0.390735,250.13,-8.52657,-115.068,0,0,3.28619,3
1774392946464,-0.848842,0.382536,0.483843,140.683,26.7165,-32.9185,0,0,3.26147,3
1774392946477,-0.0603422,2.20889,-0.103975,107.871,43.8392,18.1282,0,0,3.28254,3
1774392946491,-0.167719,2.58445,-0.195308,174.364,-0.55592,32.2362,0,0,3.26269,3
1774392946504,-0.00342618,0.589699,0.0712757,181.152,-3.21366,28.3818,0,0,3.26739,5
1774392946517,-0.0834921,-0.325394,0.00122421,82.6976,18.1673,21.817,0,0,3.27673,5
1774392946531,0.0978913,0.687205,0.058835,13.4677,23.0838,15.2139,0,0,3.26147,5
1774392946544,0.23803,1.48434,0.104734,36.6176,11.1683,10.2215,0,0,3.27941,5
1774392946557,0.0813067,0.848909,0.0800794,48.5264,11.1985,4.04599,0,0,3.27523,5
1774392946571,0.0600597,0.670663,0.0705571,21.3214,18.8853,-1.43495,0,0,3.26295,5
1774392946584,0.135738,0.992904,0.0947254,11.3285,18.5725,-5.76323,0,0,3.3028,5
1774392946598,0.0571328,0.977784,0.097412,12.0152,17.7252,-6.85493,0,0,3.34271,5
1774392946611,0.0236833,1.00586,0.118163,11.3893,18.313,-7.81677,0,0,3.25743,5
1774392946624,0.0693337,1.05566,0.0908217,16.435,17.0535,-8.37403,0,0,3.2811,5
1774392946638,0.0568854,1.0022,0.127684,19.4885,12.7024,-6.29777,0,0,3.27099,5
1774392946651,0.0842271,1.01269,0.155516,21.1679,9.60315,-7.12975,0,0,3.27302,5
1774392946664,0.0729986,1.09594,0.112795,25.5953,9.59542,-10.6793,0,0,3.273,5
1774392946678,0.0593269,1.07202,0.231439,35.8394,13.3434,-16.3968,0,0,3.2953,5
1774392946692,0.0297866,0.984379,0.324214,37.5267,19.5952,-19.2213,0,0,3.30723,5
1774392946705,-0.0668897,1.01514,0.222905,42.1831,31.9233,-22.9999,0,0,3.26974,5
1774392946718,0.164783,0.993409,0.0900945,45.6488,15.8631,-12.2904,0,0,3.25937,5
1774392946732,-0.188703,0.982911,0.0175818,43.5039,15.4046,-5.69485,0,0,3.27497,5
1774392946745,-0.0014742,0.965333,0.0388173,38.4811,11.1452,3.62567,0,0,3.26011,5
1774392946758,-0.0861774,1.11572,-0.0114721,44.5189,11.2137,10.8318,0,0,3.27374,5
1774392946772,0.0678634,1.00733,0.0290507,49.9617,7.21386,13.1908,0,0,3.25871,5
1774392946785,0.0556647,0.99585,0.0156257,46.2902,7.07634,9.38943,0,0,3.2978,5
1774392946798,0.130611,0.971681,0.0427233,42.8093,3.05356,1.12239,0,0,3.26656,5
1774392946812,-0.0497957,1.08618,0.00683773,41.8932,1.75576,-3.15254,0,0,3.2583,5
1774392946825,0.0515086,1.1167,0.0175776,49.2975,4.5877,-4.25951,0,0,3.2685,5
1774392946839,0.0219741,1.04663,0.0258785,47.7176,5.37402,-8.39682,0,0,3.25245,5
1774392946852,0.0278317,1.14428,0.0180668,43.0154,5.17558,-0.0536854,0,0,3.29139,5
1774392946865,0.0432121,1.24145,0.00146567,49.3662,2.95427,5.30518,0,0,3.25687,5
1774392946879,-0.0126925,1.10718,7.32764e-08,49.3206,0.908458,15.2669,0,0,3.38215,5
1774392946892,-0.00341843,1.16699,-0.0139153,52.2442,0.251928,22.7479,0,0,3.28747,5
1774392946905,0.0488255,1.09619,-0.0129395,54.3892,-0.35876,24.3206,0,0,3.28447,5
1774392946919,0.0136736,1.08423,-0.0502911,55.0076,-1.08395,25.29,0,0,3.25302,5
1774392946932,0.00756866,1.10229,-0.0495606,57.8854,-1.7328,26.7099,0,0,3.268,5
1774392946946,0.0888631,1.10596,-0.0346687,60.6564,-2.44273,26.3359,0,0,3.2876,5
1774392946959,0.115721,1.1604,-0.0463861,66.4349,-4.04575,23.4657,0,0,3.26858,5
1774392946972,0.144286,1.11475,-0.0637198,69.893,-5.49614,19.1604,0,0,3.26504,5
1774392946986,0.12256,1.06348,-0.0820303,72.8701,-8.74036,17.4428,0,0,3.28026,5
1774392946999,0.0310104,1.09131,-0.111815,74.4198,-8.17559,16.5649,0,0,3.33697,5
1774392947012,0.0913056,1.07715,-0.113037,78.2136,-10.3129,17.8778,0,0,3.25224,5
1774392947026,0.0488302,1.06616,-0.141112,80.2824,-11.061,17.6489,0,0,3.24756,5
1774392947039,0.0583491,1.11108,-0.143555,85.1831,-11.8549,18.6412,0,0,3.28163,5
1774392947052,0.0673824,1.12524,-0.161132,90.8014,-12.7404,18.2061,0,0,3.25602,5
1774392947066,0.060059,1.12866,-0.158692,96.5952,-14.4732,18.8473,0,0,3.27343,5
1774392947079,0.0871568,1.20312,-0.132081,103,-15.916,20.0992,0,0,3.29673,5
1774392947093,0.0720222,1.18457,-0.157225,112.152,-18.0763,24.0228,0,0,3.32699,5
1774392947106,0.118162,1.26831,-0.12549,119.649,-20.4274,25.4503,0,0,3.276,5
1774392947119,0.137694,1.3291,-0.103517,132.755,-25.9235,30.3434,0,0,3.25893,5
1774392947133,0.0871607,1.44531,-0.052981,143.801,-28.3053,34.748,0,0,3.28726,5
1774392947146,0.297353,1.71532,0.0610295,164.954,-36.3738,39.7098,0,0,3.25863,5
1774392947159,0.14576,1.81713,0.068359,190.602,-49.4195,40.3359,0,0,3.27074,5
1774392947173,0.0832551,2.20237,0.162105,213.175,-45.794,36.9238,0,0,3.26347,5
1774392947186,0.158199,2.72385,0.136232,250.129,-44.7787,29.1682,0,0,3.29471,5
1774392947200,0.1438,2.83056,-0.041495,250.13,-36.3514,14.863,0,0,3.27232,5
1774392947213,0.291985,2.39309,-0.159418,250.13,-32.9314,6.61857,0,0,3.28499,5
1774392947226,0.278077,1.91872,0.0202547,250.13,-32.7634,-9.69417,0,0,3.25713,5
1774392947240,0.274903,2.12401,0.0185548,250.13,-27.0383,-28.9155,0,0,3.268,5
1774392947253,0.742652,1.26518,-0.0581016,250.13,-35.2135,-20.1453,0,0,3.2768,5
1774392947266,0.69678,0.916277,0.268782,250.13,-50.198,-4.07682,0,0,3.2613,3
1774392947280,1.23532,-0.623946,1.48773,250.13,-78.5564,-16.7553,0,0,3.28528,3
1774392947293,0.993664,-3.86898,0.425346,157.804,-170.791,28.3193,0,0,3.28913,3
1774392947307,-0.439381,-2.84185,0.761702,-246.4,-131.726,48.8543,0,0,3.28784,3
1774392947320,-0.308844,1.80861,1.06566,-226.856,-108.092,-47.7681,0,0,3.26715,3
1774392947333,-0.731912,0.27742,0.658712,-176.055,-68.6806,-54.4349,0,0,3.27161,3
1774392947347,-0.538096,0.307127,0.667724,-223.495,-31.3141,-32.7182,0,0,3.28621,3
1774392947360,-0.453373,0.516103,0.560308,-217.29,-0.374974,-7.09237,0,0,3.2708,3
1774392947373,-0.33692,0.410406,0.503177,-235.068,28.5106,7.24384,0,0,3.31515,3
1774392947387,-0.25684,0.267585,0.485108,-250.137,54.2817,5.13747,0,0,3.29269,2
1774392947400,-0.241456,0.181645,0.538083,-250.137,75.3276,1.54209,0,0,3.27773,2
1774392947414,-0.0764243,0.57664,0.655268,-250.137,90.8011,-3.28993,0,0,3.28163,2
1774392947427,0.0996006,0.889145,0.70117,-250.137,86.0459,1.59527,0,0,3.27824,2
1774392947441,0.246819,1.24071,0.664553,-250.137,71.718,25.068,0,0,3.30543,2
1774392947454,0.333004,1.31006,0.525398,-250.137,54.1837,48.8848,0,0,3.28052,2
1774392947467,0.310792,1.33227,0.412359,-250.137,38.4585,63.5263,0,0,3.28582,2
1774392947481,0.215581,1.49804,0.378664,-250.137,26.611,61.1146,0,0,3.29349,2
1774392947494,0.109869,1.604,0.455074,-250.137,19.7483,44.1837,0,0,3.38256,2
1774392947508,0.0703145,1.76757,0.517331,-250.137,14.0689,18.5046,0,0,3.26656,2
1774392947521,0.249015,2.0205,0.522461,-250.137,4.56517,-11.1823,0,0,3.29189,2
1774392947534,0.332759,1.86549,0.477785,-250.137,-14.6025,-21.1524,0,0,3.28937,5
1774392947548,0.568103,2.11083,0.377691,-250.137,-42.3427,-23.1297,0,0,3.27952,5
1774392947561,0.528566,2.22241,0.279058,-250.137,-69.0526,-21.71,0,0,3.2985,5
1774392947575,0.290295,2.34887,0.132087,-250.137,-82.1981,-16.4734,0,0,3.27554,3
1774392947590,-0.0139008,2.37183,-0.0280682,-250.137,-75.9773,-7.13005,0,0,4.95409,3
1774392947603,-0.206533,2.53661,-0.289538,-250.137,-55.2449,2.52643,0,0,3.27584,3
1774392947616,-0.0512773,2.47046,-0.598861,-250.137,-34.2831,16.3965,0,0,3.29673,3
1774392947631,0.11962,2.57446,-0.889634,-235.39,-23.7179,50.5944,0,0,3.30863,3
1774392947644,0.0180715,2.38258,-1.1223,-181.597,-21.9772,91.0675,0,0,3.28126,3
1774392947661,-0.062496,1.94314,-1.39964,-154.688,-12.1072,85.5269,0,0,7.05805,3
1774392947675,-0.242911,2.00561,-1.53661,-111.658,1.18281,50.3675,0,0,3.26398,3
1774392947689,-0.202395,1.83985,-1.60693,-73.7034,11.8623,20.4436,0,0,3.6932,3
1774392947702,-0.128666,1.89209,-1.54981,-33.8409,16.8624,2.34405,0,0,3.27373,3
1774392947715,-0.170408,1.98852,-1.47388,9.80785,22.351,-1.90827,0,0,3.26895,3
1774392947729,-0.393055,1.72633,-1.22218,44.6936,40.7628,-11.1677,0,0,3.26306,3
1774392947742,-0.466549,1.52906,-0.868914,61.572,67.4496,-22.618,0,0,3.29067,3
1774392947755,-0.349859,1.46826,-0.564468,79.7399,90.3581,-18.6184,0,0,3.25202,3
1774392947769,0.355433,3.95154,3.99965,-79.6441,65.3595,69.2493,0,0,3.27447,3
1774392947782,0.568105,0.387385,2.42513,250.12,57.8399,-51.2865,0,0,3.25641,5
1774392947795,0.914778,0.109145,2.00881,250.13,28.5963,-123.54,0,0,3.29699,5
1774392947809,-0.780433,0.382066,-0.0516548,250.13,57.8007,-64.33,0,0,3.27334,5
1774392947822,-0.527845,0.560782,0.0546822,171.262,63.3815,-0.742366,0,0,3.24843,5
1774392947836,-0.0212656,1.07639,0.396711,119.147,54.4964,8.00737,0,0,3.29734,5
1774392947849,0.263414,2.09175,0.151379,128.053,1.90997,22.9767,0,0,3.26134,5
1774392947862,0.145758,2.11352,0.092044,187.242,-30.854,35.9385,0,0,3.26602,5
1774392947876,-0.141099,0.485677,0.115721,169.291,-18.7866,32.7253,0,0,3.28406,5
1774392947889,-0.103762,-0.00192875,0.107178,88.2391,13.7471,22.7255,0,0,3.27761,5
1774392947902,0.124256,0.876909,0.15405,44.0319,22.3204,10.2217,0,0,3.3056,5
1774392947916,0.105958,1.36594,0.194822,64.694,17.9925,6.8627,0,0,3.27093,5
1774392947929,0.115966,0.909935,0.121097,71.7326,14.4047,0.939109,0,0,3.26471,5
1774392947943,0.0295453,0.655286,0.101563,46.5504,21.1219,-2.37395,0,0,3.2686,5
1774392947956,0.052245,0.952622,0.105713,31.9317,23.29,-4.23659,0,0,3.25993,5
1774392947969,0.0695792,0.99658,0.0854502,32.3664,16.962,-2.06113,0,0,3.2686,5
1774392947983,0.0661623,0.856696,0.133298,23.6796,11.4276,0.328173,0,0,3.26021,5
1774392947997,0.0708005,0.883055,0.0908224,12.7179,8.85504,1.78622,0,0,3.31156,5
1774392948010,0.0688478,0.951657,0.128416,6.79407,7.32066,1.16032,0,0,3.25958,5
1774392948023,0.0720213,1.16747,0.129394,14.7173,7.74045,0.900771,0,0,3.26891,5
1774392948037,0.0524912,1.06592,0.148192,29.6102,6.52675,-0.625908,0,0,3.28882,5
1774392948050,0.1311,0.886972,0.0778844,19.6186,2.16044,0.999951,0,0,3.27113,5
1774392948063,0.00440087,1.00048,0.112791,18.9466,7.45022,-3.03805,0,0,3.27662,5
1774392948077,0.123285,1.07446,0.0993659,24.5418,4.22147,-5.14497,0,0,3.25167,5
1774392948090,0.0920426,1.00293,0.0708022,28.0762,4.36641,-5.37404,0,0,3.24998,5
1774392948104,0.0527363,0.975587,0.0832513,25.168,4.22138,-6.71752,0,0,3.29576,5
1774392948117,0.0173358,1.07421,0.123289,29.2823,6.58772,-10.0991,0,0,3.26143,5
1774392948130,-0.02075,1.07056,0.0847187,34.9846,10.7861,-9.91604,0,0,3.25456,5
1774392948144,-0.0241698,1.03736,0.0512712,37.2595,12.832,-7.82449,0,0,3.30826,5
1774392948157,0.0734814,1.01831,-0.0280722,41.6945,15.4427,-6.61072,0,0,3.24904,5
1774392948170,0.00268909,1.01465,-0.0949674,41.9542,13.5115,-4.03061,0,0,3.26969,5
1774392948184,-0.00537069,1.07373,0.103262,46.1449,11.4886,-2.52676,0,0,3.25982,5
1774392948197,-0.0986281,1.1372,-0.0861722,55.618,15.8319,6.70965,0,0,3.26715,5
1774392948211,0.0371026,1.00928,0.0246527,61.6868,9.51927,11.4044,0,0,3.29363,5
1774392948224,0.107907,0.883063,0.0627422,53.901,8.40461,11.5878,0,0,3.25899,5
1774392948237,0.0595727,0.959225,0.0139185,48.7406,7.73284,5.99253,0,0,3.27156,5
1774392948251,0.0861803,1.01172,0.0700656,45.4886,3.74821,2.84742,0,0,3.24508,5
1774392948264,0.0859375,1.10009,0.0034213,47.6793,0.648948,-1.22125,0,0,3.26541,5
1774392948277,0.0593275,1.1062,-0.0341778,51.2442,-3.32049,-6.28229,0,0,3.25608,5
1774392948291,-0.0600526,0.968757,-0.0434566,44.9391,-1.91607,-7.14501,0,0,3.25413,5
1774392948304,-0.00830337,1.16112,-0.0336919,42.939,1.16785,-11.6335,0,0,3.29121,5
1774392948317,-0.0107421,1.17383,-0.0336914,46.1373,0.251936,0.182852,0,0,3.25037,5
1774392948331,-0.00219769,1.11988,-0.0554188,46.0534,-1.27476,9.2669,0,0,3.33352,5
1774392948344,-0.0576144,1.13184,-0.0427252,43.6718,-0.755741,20.5951,0,0,3.27534,5
1774392948358,-0.0131858,1.21655,-0.0502926,49.351,-0.763359,25.1296,0,0,3.94166,5
1774392948372,-0.0173338,1.14722,-0.0563962,53.4961,-0.122157,27.664,0,0,3.2881,5
1774392948385,0.0495572,1.19458,-0.0285658,58.9998,-1.30531,29.4961,0,0,3.27919,5
1774392948399,0.0800766,1.17774,-0.0441887,65.0533,-2.64118,28.8015,0,0,3.29297,5
1774392948412,0.0529799,1.1626,-0.0651845,69.0151,-3.32822,25.7863,0,0,3.29843,5
1774392948426,0.0402838,1.16992,-0.0893543,73.725,-4.41981,24.855,0,0,3.30186,5
1774392948439,0.10986,1.22802,-0.0725106,81.7326,-5.85492,24.3817,0,0,3.28376,5
1774392948453,0.0537137,1.20557,-0.102049,90.1066,-8.14497,24.1908,0,0,3.32278,5
1774392948466,0.0476077,1.21997,-0.100098,96.1907,-9.63354,26.0915,0,0,3.29019,5
1774392948479,0.0559078,1.23169,-0.109619,106.091,-12.2442,28.6259,0,0,3.27378,5
1774392948493,0.0317395,1.23071,-0.101075,114.359,-14.0076,31.3434,0,0,3.30402,5
1774392948506,0.0549305,1.29638,-0.091065,124.366,-16.3587,34.664,0,0,3.29617,5
1774392948520,0.124996,1.41064,-0.0698253,136.473,-20.4503,37.2747,0,0,3.29615,5
1774392948533,0.262688,1.50195,-0.0109893,151.9,-25.7327,37.374,0,0,3.30174,5
1774392948547,0.326169,1.62866,0.144035,171.106,-30.4808,36.4122,0,0,3.32141,5
1774392948560,0.365965,1.8557,0.203854,196.366,-43.0073,37.0763,0,0,3.27111,5
1774392948574,0.464595,2.13622,0.335443,220.961,-52.4883,28.8857,0,0,3.7071,5
1774392948588,0.40845,2.51731,0.31714,250.129,-63.4577,17.0462,0,0,3.30534,5
1774392948601,0.288092,2.58471,0.0183255,250.13,-64.4275,2.74089,0,0,3.319,5
1774392948615,-0.00730945,2.53614,-0.113763,250.13,-54.611,6.95407,0,0,3.30426,5
1774392948628,0.0651819,2.26417,0.118885,250.13,-47.0842,-7.45758,0,0,3.27326,5
1774392948642,0.217278,1.50687,0.241205,250.13,-46.7099,-12.5724,0,0,3.31899,5
1774392948655,0.319331,1.94358,0.154545,250.13,-44.023,-6.0231,0,0,3.27519,3
1774392948669,0.485587,0.88726,0.292718,250.13,-46.8243,-1.09938,0,0,3.89916,3
1774392948682,0.944069,-0.288515,0.663067,250.13,-64.7094,-6.24412,0,0,3.31865,3
1774392948696,2.44573,-3.53451,1.24777,199.994,-118.266,54.4562,0,0,3.28448,3
1774392948709,-0.510839,-3.26857,0.127742,-168.233,-140.358,55.2366,0,0,3.30078,3
1774392948723,-0.353523,1.18337,1.00411,-208.411,-103.375,-47.8061,0,0,3.30069,3
1774392948736,-0.879856,0.420448,0.543236,-183.726,-58.7342,-62.427,0,0,3.29636,3
1774392948750,-0.676768,0.544427,0.581541,-207.862,-18.4058,-41.4052,0,0,3.28315,3
1774392948763,-0.561529,0.328136,0.506107,-214.901,14.3654,-9.57347,0,0,3.32284,3
1774392948777,-0.37916,0.439203,0.475099,-226.847,43.5335,0.908083,0,0,3.26767,3
1774392948790,-0.253424,0.237071,0.433352,-248.557,66.9993,-8.21347,0,0,3.57988,2
1774392948804,-0.185794,0.29614,0.519527,-250.137,87.2513,-16.5341,0,0,3.27934,2
1774392948817,0.0229388,0.440667,0.572995,-250.137,96.4348,-16.5496,0,0,3.29024,2
1774392948831,0.261219,0.828838,0.616941,-250.137,75.8403,-1.3745,0,0,3.27574,2
1774392948844,0.372309,0.887448,0.582277,-250.137,54.9396,21.9459,0,0,3.27265,2
1774392948857,0.281255,0.907958,0.534914,-250.137,37.9165,39.4193,0,0,3.29317,2
1774392948871,0.182134,1.12328,0.446293,-250.137,27.9392,43.061,0,0,3.26826,2
1774392948884,0.106937,1.34081,0.341558,-250.137,22.7788,47.1067,0,0,3.3078,2
1774392948897,0.137206,1.54491,0.361083,-250.137,18.4658,49.5495,0,0,3.27937,2
1774392948911,0.232905,1.72387,0.449703,-250.137,8.87815,47.0688,0,0,3.29493,2
1774392948924,0.345453,1.75805,0.379886,-250.137,-3.80878,27.7105,0,0,3.29902,2
1774392948938,0.406247,1.64454,0.35547,-250.137,-16.7859,3.79461,0,0,3.32058,2
1774392948951,0.533929,1.75952,0.314699,-250.137,-35.9307,-17.5719,0,0,3.27397,5
1774392948964,0.40235,2.0432,0.172859,-250.137,-53.9155,-16.771,0,0,3.28075,3
1774392948978,0.123793,2.08447,-0.00658283,-250.137,-58.3739,-2.58821,0,0,3.29982,3
1774392948991,-0.0693263,2.39061,-0.136712,-250.137,-49.4735,7.84702,0,0,3.27693,3
1774392949004,-0.173091,2.56567,-0.289543,-250.137,-31.8708,8.92363,0,0,3.26245,3
1774392949018,0.022207,2.51465,-0.426751,-250.137,-14.9471,3.68718,0,0,3.28452,3
1774392949031,0.490211,2.5332,-0.585441,-250.137,-13.5878,6.41977,0,0,3.28967,3
1774392949045,0.750719,2.21437,-0.78539,-222.421,-34.6482,40.8997,0,0,3.29258,3
1774392949058,0.704348,2.26269,-1.04003,-194.161,-61.2969,85.8078,0,0,3.26058,3
1774392949071,0.0740061,2.19239,-1.31371,-157.871,-68.6181,105.427,0,0,3.2898,3
1774392949085,-0.482394,2.03614,-1.51269,-115.986,-45.6037,77.7031,0,0,3.30826,3
1774392949098,-0.499999,1.8689,-1.66235,-79.2148,-10.7644,27.2305,0,0,3.26847,3
1774392949112,-0.207778,1.9043,-1.69238,-43.1309,8.73987,-4.3044,0,0,3.30893,3
1774392949125,-0.157961,1.96801,-1.61499,-1.1234,18.2058,-1.12987,0,0,3.25926,3
1774392949138,-0.419176,1.98926,-1.38893,40.2125,39.4574,0.228967,0,0,3.28065,3
1774392949152,-0.78172,1.75392,-1.03713,79.2584,81.6018,-12.3508,0,0,3.25989,3
1774392949165,-0.0351936,3.11565,3.99963,-69.5146,99.9994,-6.88566,0,0,3.28895,3
1774392949178,0.310774,0.129544,3.241,250.12,76.2068,-62.4334,0,0,3.28319,3
1774392949192,0.60936,-0.16478,1.87897,250.13,58.3288,-124.67,0,0,3.35534,3
1774392949205,-0.606629,0.481901,-0.414924,250.13,69.9615,-85.7264,0,0,3.2828,3
1774392949219,-0.0837664,0.633049,0.12717,186.452,53.0081,-44.3982,0,0,3.29502,5
1774392949232,-0.4326,1.0886,0.589088,131.872,42.466,-29.2447,0,0,3.28147,5
1774392949245,0.0138937,2.08833,-0.0304866,135.366,17.2603,5.57147,0,0,3.29078,5
1774392949259,-0.0236798,1.95167,0.0627395,191.174,-8.21298,25.5185,0,0,3.34182,5
1774392949272,-0.0944789,0.28524,0.113767,156.803,-7.21377,26.7252,0,0,3.25611,5
1774392949286,-0.00439904,0.0495723,0.0778827,66.7661,9.97658,17.0995,0,0,3.28678,5
1774392949299,0.0664027,1.05513,0.130613,39.0466,15.5342,14.397,0,0,3.32265,5
1774392949312,0.169673,1.24828,0.16162,61.2283,11.0765,11.4657,0,0,3.37156,5
1774392949326,0.107913,0.766137,0.134035,54.2292,11.3359,7.59554,0,0,3.34093,5
1774392949339,0.0441926,0.820554,0.0598182,30.7793,15.9922,3.00777,0,0,3.25282,5
1774392949353,0.104001,1.02562,0.0656735,27.7024,17.8702,-0.679279,0,0,3.29119,5
1774392949366,0.118407,0.910162,0.0690916,24.1833,15.1986,-2.09919,0,0,3.26628,5
1774392949379,0.0441932,0.903809,0.101805,15.3209,12.4276,-0.832099,0,0,3.28202,5
1774392949393,0.068114,0.97485,0.108642,12.3436,10.8321,0.473243,0,0,3.28245,5
1774392949406,0.0920398,0.933352,0.142088,9.09933,8.91609,1.00762,0,0,3.28924,5
1774392949419,0.0993649,0.97241,0.124268,6.03063,8.06109,-2.50371,0,0,3.29584,5
1774392949433,0.011479,1.10766,0.147948,11.6487,12.8854,-7.19833,0,0,3.27519,5
1774392949446,0.0800747,1.06665,0.156005,25.0225,16.8625,-14.5647,0,0,3.28615,5
1774392949460,0.0773927,0.948492,0.100345,21.481,18.458,-17.9236,0,0,3.25695,5
1774392949473,0.106688,1.17943,0.216303,29.9616,16.1527,-20.7785,0,0,3.29367,5
1774392949486,0.119384,1.07203,0.141117,43.3965,17.061,-20.2596,0,0,3.36954,5
1774392949500,-0.0822653,0.919685,0.212643,39.0459,19.0457,-16.9238,0,0,3.26871,5
1774392949513,0.0764081,0.806646,0.0678783,28.4049,13.5803,-13.5268,0,0,3.27221,5
1774392949526,-0.096671,0.999502,0.0283223,24.0154,12.0306,-8.20627,0,0,3.26286,5
1774392949540,-0.0168497,1.09204,0.10815,28.7708,9.06879,-6.00007,0,0,3.30211,5
1774392949553,-0.0405262,1.17529,0.125976,45.2056,9.98471,0.709722,0,0,3.23802,5
1774392949567,0.0993582,1.01856,-0.0334393,52.0685,5.50395,4.7785,0,0,3.26613,5
1774392949580,-0.00268045,1.04565,0.102776,52.7939,7.32819,5.61066,0,0,3.23624,5
1774392949593,0.0527316,0.984134,-0.00194789,53.6794,6.62598,6.02289,0,0,3.24213,5
1774392949607,0.0483401,0.926517,-0.0202628,44.8094,4.62601,3.96953,0,0,3.23971,5
1774392949620,0.0512694,0.972654,0.00463743,40.0917,3.21378,-1.48839,0,0,3.25974,5
1774392949633,0.101804,0.979492,-0.00414995,32.5651,0.00772977,-5.03806,0,0,3.26015,5
1774392949647,0.041751,1.1079,0.00463823,32.0306,-1.31294,-9.69452,0,0,3.26289,5
1774392949660,0.0412598,1.12231,0.0136714,36.8854,0.519029,-9.64122,0,0,3.29667,5
1774392949673,-0.0280727,1.09326,-0.00439363,41.2289,3.20603,-12.8472,0,0,3.26421,5
1774392949687,-0.0117196,1.15576,0.013671,36.5116,3.09161,-1.40492,0,0,3.2836,5
1774392949700,0.0158678,1.19531,-0.00146409,42.0762,-1.19834,14.6942,0,0,3.31286,5
1774392949714,-0.0358861,1.13501,-0.003662,42.1832,-0.938939,16.0381,0,0,3.29763,5
1774392949727,-0.00219895,1.18994,-0.00390624,48.7937,-1.6641,22.351,0,0,3.33695,5
1774392949740,-0.0146478,1.13721,-0.0380842,53.122,-1.13742,25.145,0,0,3.31223,5
1774392949754,0.0649374,1.1311,-0.0297856,56.6945,-1.51907,25.4351,0,0,3.2881,5
1774392949767,0.0776361,1.14429,-0.0244143,60.1449,-2.77095,25.0458,0,0,3.25991,5
1774392949781,0.116697,1.19726,-0.028076,66.809,-4.77093,23.6413,0,0,3.30432,5
1774392949794,0.0710472,1.13965,-0.0363765,71.809,-5.80913,23.2901,0,0,3.3251,5
1774392949807,0.0368669,1.17505,-0.0148937,75.122,-6.19083,22.0535,0,0,3.30526,5
1774392949821,0.0202645,1.15332,-0.0778777,81.0838,-8.19841,26.0151,0,0,3.34023,5
1774392949834,0.0498032,1.19262,-0.076172,85.6258,-9.67171,26.5114,0,0,3.257,5
1774392949848,0.0395513,1.20532,-0.0883783,94.4043,-10.9771,28.0839,0,0,3.30834,5
1774392949861,0.0776348,1.198,-0.0971675,101.122,-13.6488,29.3053,0,0,3.27015,5
1774392949874,0.0891108,1.23511,-0.078126,110.534,-15.8473,29.2824,0,0,3.30632,5
1774392949888,0.101562,1.22315,-0.0524915,118.908,-17.8244,32.29,0,0,3.28708,5
1774392949901,0.041751,1.27392,-0.101804,129.488,-19.6412,35.8014,0,0,3.25761,5
1774392949914,0.171624,1.32568,-0.0520044,139.595,-23.1449,36.3359,0,0,3.28119,5
1774392949928,0.239987,1.47973,-0.0126973,154.397,-30.0227,37.4961,0,0,3.29613,5
1774392949941,0.231446,1.62524,0.122064,170.083,-35.6869,40.2747,0,0,3.30213,5
1774392949955,0.316646,1.84447,0.152342,192.289,-42.2517,35.2979,0,0,3.29245,5
1774392949968,0.213384,2.14915,0.193113,219.885,-45.5801,29.4506,0,0,3.29091,5
1774392949981,0.332269,2.51854,0.113041,250.129,-45.9847,16.8782,0,0,3.26732,5
1774392949995,0.153573,2.55615,-0.0927631,250.13,-41.5574,10.2979,0,0,3.27395,5
1774392950008,0.339102,2.53198,0.0178167,250.13,-39.313,3.15289,0,0,3.26134,5
1774392950022,0.414547,1.90238,0.228993,250.13,-43.8319,7.51132,0,0,3.35941,5
1774392950035,0.364504,1.9956,0.31982,250.13,-55.305,7.65648,0,0,3.32123,5
1774392950048,0.519523,1.75563,0.393551,250.13,-62.725,28.0376,0,0,3.3071,5
1774392950062,0.595211,1.20559,0.429197,250.13,-75.5034,39.5874,0,0,3.34739,5
1774392950075,1.02586,-0.367109,0.540522,250.13,-105.121,51.8088,0,0,3.2656,3
1774392950089,0.572777,-2.16861,2.4147,201.643,-145.319,70.6559,0,0,3.30476,4
1774392950102,0.298842,-3.01949,-0.680509,1.62432,-181.51,52.7028,0,0,3.29556,4
1774392950115,-0.868106,-0.967876,0.655451,-204.765,-119.956,-19.8452,0,0,3.26795,4
1774392950129,-1.03735,0.721351,0.504402,-194.306,-67.4978,-110.478,0,0,3.29906,4
1774392950142,-0.845469,0.324239,0.439212,-219.686,-20.9709,-82.6344,0,0,3.27032,4
1774392950155,-0.587171,0.42602,0.479002,-234.038,8.00676,-24.2842,0,0,3.27561,2
1774392950169,-0.393076,0.635488,0.428958,-240.107,34.2817,19.8307,0,0,3.28434,2
1774392950182,-0.261969,0.619874,0.437744,-239.252,53.3735,24.4426,0,0,3.27099,2
1774392950196,-0.158208,0.485602,0.358402,-244.862,83.2357,5.39752,0,0,3.27084,2
1774392950209,-0.107669,0.305673,0.394529,-250.137,97.5874,-8.3889,0,0,3.27717,2
1774392950222,0.0832424,0.377926,0.463131,-250.137,104.084,-13.4579,0,0,3.28736,2
1774392950236,0.28417,0.670151,0.518308,-250.137,89.0386,-3.17588,0,0,3.29228,2
1774392950249,0.413324,0.849112,0.543944,-250.137,59.7642,8.84697,0,0,3.29995,2
1774392950262,0.400635,1.08251,0.474613,-250.137,37.5808,18.9157,0,0,3.27499,2
1774392950276,0.327884,1.31298,0.353033,-250.137,18.6036,28.847,0,0,3.31371,2
1774392950289,0.27637,1.56224,0.235602,-250.137,3.58824,41.45,0,0,3.31271,2
1774392950303,0.20264,1.51782,0.236084,-250.137,-5.96918,46.3281,0,0,3.27808,2
1774392950316,0.138187,1.54321,0.29736,-250.137,-10.4579,45.6031,0,0,3.28352,2
1774392950329,0.145263,1.73437,0.234622,-250.137,-9.53438,33.1683,0,0,3.28736,2
1774392950343,0.230953,1.62916,0.137212,-250.137,-7.54204,9.62666,0,0,3.29693,2
1774392950356,0.277586,1.62012,0.117921,-250.137,-7.41985,-4.04539,0,0,3.25463,2
1774392950370,0.202885,1.7932,0.0678736,-250.137,-6.63361,-1.07642,0,0,3.26432,3
1774392950383,0.0561597,1.99901,0.0231956,-250.137,-0.4353,7.51119,0,0,3.28673,5
1774392950396,-0.0227011,2.12792,0.0195314,-250.137,12.3508,9.43506,0,0,3.33193,5
1774392950410,0.0551719,2.40233,-0.0439421,-250.137,25.1523,6.4352,0,0,3.25089,5
1774392950423,0.338853,2.43506,-0.223868,-250.137,28.1755,9.64113,0,0,3.2846,5
1774392950436,0.696515,2.29615,-0.460682,-250.137,16.5271,25.8926,0,0,3.3283,5
1774392950450,0.931385,2.53954,-0.727037,-220.489,-9.9076,51.8084,0,0,3.27356,3
1774392950464,0.683118,2.22487,-1.00707,-179.551,-38.4266,84.3502,0,0,3.35999,3
1774392950477,0.269552,2.01905,-1.20019,-150.947,-48.9691,92.8547,0,0,3.27565,3
1774392950490,-0.174294,2.00366,-1.38061,-112.726,-37.8629,64.8863,0,0,3.26374,3
1774392950504,-0.214842,1.97974,-1.45703,-67.9861,-16.7182,18.2533,0,0,3.28741,3
1774392950517,0.00438357,1.87305,-1.46948,-23.4136,-6.51939,-9.57932,0,0,3.28484,3
1774392950530,0.0405255,1.66651,-1.38477,8.35783,-3.32834,-7.44281,0,0,3.32819,3
1774392950544,-0.190662,1.73681,-1.2544,39.1899,9.20573,-7.08398,0,0,3.277,3
1774392950557,-0.439441,1.74365,-1.08033,69.1823,38.4877,-17.6256,0,0,3.27276,3
1774392950571,-0.507809,1.66944,-0.83595,95.5336,75.0752,-24.4578,0,0,3.28184,3
1774392950584,-0.365486,3.99976,1.46986,250.125,62.4889,-36.1752,0,0,3.30213,3
1774392950597,1.18132,-0.617933,1.85911,250.13,36.3825,-88.2198,0,0,3.27576,3
1774392950611,-0.699857,0.333204,0.0525806,250.13,94.212,-98.9233,0,0,3.29863,3
1774392950624,-0.0869447,1.02536,-0.0302693,228.069,97.0152,-31.0784,0,0,3.28062,3
1774392950638,0.0964264,0.828135,0.28514,183.727,63.8789,-14.6951,0,0,3.32106,3
1774392950651,-0.0580977,1.48361,0.224612,147.459,30.4667,18.2586,0,0,3.3103,5
1774392950664,0.257553,1.96677,0.0378511,177.808,-17.2657,31.6027,0,0,3.25213,5
1774392950678,-0.11131,0.617499,0.068602,163.466,-24.1448,36.435,0,0,3.28995,5
1774392950691,-0.0100148,0.0381149,0.0412611,85.0329,2.35798,24.2752,0,0,3.27384,5
1774392950705,0.121575,0.860799,0.0983858,40.0243,19.2361,11.863,0,0,3.2633,5
1774392950718,0.16284,1.28391,0.128905,56.0072,15.3436,6.52688,0,0,3.30593,5
1774392950731,0.114016,0.840842,0.099855,57.0305,15.4275,2.73294,0,0,3.35565,5
1774392950745,0.0686058,0.831543,0.0869147,37.9013,19.6029,0.549684,0,0,3.30123,5
1774392950758,0.140866,0.955316,0.04883,31.9315,20.0763,-6.3204,0,0,3.2706,5
1774392950772,0.11255,0.869633,0.0517577,23.1682,17.1604,-7.24425,0,0,3.29132,5
1774392950785,0.0896008,0.947018,0.0544432,14.3209,15.8092,-7.66411,0,0,3.28156,5
1774392950798,0.0830081,0.974608,0.0600583,12.5955,13.2138,-6.37408,0,0,3.25141,5
1774392950812,0.07959,0.964356,0.0991191,9.58788,10.9619,-4.0993,0,0,3.26269,5
1774392950825,0.115965,0.975097,0.114257,7.86265,7.69475,-4.1832,0,0,3.2795,5
1774392950838,0.0388222,0.956544,0.121826,7.51146,10.8701,-6.78618,0,0,3.33084,5
1774392950852,0.135249,1.19042,0.215327,19.5111,12.0992,-10.5266,0,0,3.30169,5
1774392950865,0.0888695,1.01881,0.136967,29.8852,12.8702,-14.5419,0,0,3.34628,5
1774392950879,0.0471212,1.01929,0.130616,31.8396,15.5572,-18.6869,0,0,3.26015,5
1774392950892,0.0158707,1.02515,0.104005,37.6716,20.2136,-14.3818,0,0,3.2733,5
1774392950906,0.0104983,0.955814,0.0444366,38.3511,11.8323,-11.8245,0,0,3.31395,5
1774392950919,-0.00268489,0.906252,0.0524898,30.1148,8.97718,-4.57274,0,0,3.25476,5
1774392950932,-0.0134272,0.922851,-0.0502878,20.6415,7.45043,-0.404705,0,0,3.32639,5
1774392950946,0.00414951,0.990719,0.0615178,14.9315,5.25961,2.37396,0,0,3.27876,5
1774392950959,0.0322252,1.17113,0.103514,26.8012,5.39694,6.06096,0,0,3.2936,5
1774392950972,0.0302735,1.03321,0.0210002,33.4502,5.03055,8.07628,0,0,3.27567,5
1774392950986,0.0852023,0.989748,-0.0124495,31.6718,3.6031,7.53437,0,0,3.28845,5
1774392950999,0.0139196,1.04126,0.0537076,32.9236,4.63356,6.07638,0,0,3.29747,5
1774392951013,0.0732392,1.06689,0.0434575,37.0915,3.52675,4.72523,0,0,3.27134,5
1774392951026,0.0886223,1.10547,0.0312506,44.7173,3.41222,2.94662,0,0,3.31574,5
1774392951039,0.125242,0.943856,0.0192877,42.6108,1.51151,-2.47312,0,0,3.33849,5
1774392951053,-0.0402749,1.00952,-0.0100083,33.4125,2.08395,-7.9693,0,0,3.31224,5
1774392951066,-0.00854651,1.09253,-0.000488757,36.374,2.95417,-6.61073,0,0,3.29595,5
1774392951080,0.00463801,1.1228,0.00634731,37.9007,4.29767,-8.19079,0,0,3.30086,5
1774392951093,0.0429668,1.15796,0.020263,41.29,3.70231,-2.08415,0,0,3.27178,5
1774392951106,-0.00805409,1.13599,-0.0183086,44.8701,1.79395,6.11426,0,0,3.27987,5
1774392951120,0.0156238,1.08057,-0.0217283,43.939,0.893157,14.8318,0,0,3.303,5
1774392951133,-0.0144028,1.10693,-0.0297848,44.4504,1.0229,17.7175,0,0,3.25969,5
1774392951147,0.00268469,1.11987,-0.00976663,45.5572,0.549633,20.6106,0,0,3.31039,5
1774392951160,0.0634735,1.15307,-0.0236809,50.0609,-0.564852,22.4503,0,0,3.28602,5
1774392951173,0.0598146,1.12818,-0.0305172,52.9923,-1.65646,24.3358,0,0,3.27458,5
1774392951187,0.0290543,1.15698,-0.0429681,56.2365,-2.09922,26.7938,0,0,3.28365,5
1774392951200,0.0234378,1.15503,-0.0520015,60.8777,-2.88547,28.8778,0,0,3.2666,5
1774392951213,0.0332026,1.19287,-0.052002,66.7097,-2.96183,30.4274,0,0,3.28134,5
1774392951227,0.0795875,1.19922,-0.0434575,73.183,-4.58774,29.7252,0,0,3.28763,5
1774392951240,0.113524,1.19556,-0.052978,80.0761,-6.62589,28.3054,0,0,3.28504,5
1774392951254,0.0966805,1.18359,-0.072997,86.7632,-8.04576,27.1298,0,0,3.27469,5
1774392951267,0.0781259,1.15674,-0.0876458,92.6868,-10.0915,27.4198,0,0,3.28706,5
1774392951280,0.0893549,1.18701,-0.103759,98.5494,-12.7175,28.2214,0,0,3.28421,5
1774392951294,0.116454,1.20215,-0.0983889,105.817,-14.9312,29.0076,0,0,3.29441,5
1774392951307,0.0966807,1.26391,-0.155515,114.618,-19.2136,32.3968,0,0,3.2558,5
1774392951320,0.186031,1.31738,-0.0930207,126.885,-21.0839,28.5879,0,0,3.27008,5
1774392951334,0.187988,1.27539,-0.0593279,134.191,-25.8701,32.2136,0,0,3.3171,5
1774392951347,0.282954,1.42138,-0.0256365,146.267,-32.3739,34.2976,0,0,3.2933,5
1774392951361,0.199955,1.48535,0.00170762,164.549,-34.832,35.9923,0,0,3.30449,5
1774392951374,0.210693,1.59374,0.0646941,183.915,-44.9005,41.7327,0,0,3.2516,5
1774392951387,0.195069,1.82323,0.139889,198.633,-48.7403,40.0917,0,0,3.30993,5
1774392951401,0.290034,2.07299,0.174315,230.564,-54.7097,33.2445,0,0,3.30539,5
1774392951414,0.243899,2.50535,0.0178301,250.129,-56.0152,29.8627,0,0,3.27206,5
1774392951428,0.223634,2.52124,-0.125237,250.13,-49.3055,19.9316,0,0,3.34073,5
1774392951441,0.29028,2.00564,-0.124756,250.13,-49.1145,10.2293,0,0,3.36017,5
1774392951454,0.360104,1.54006,-0.10132,250.13,-45.7024,12.1679,0,0,3.28,5
1774392951468,0.3147,1.72387,0.00536576,250.13,-51.4884,9.99243,0,0,3.28787,5
1774392951481,0.362546,1.24661,0.0603,250.13,-52.603,28.8773,0,0,3.33534,5
1774392951495,0.343751,0.816184,0.34105,250.13,-65.3889,56.5717,0,0,3.29217,4
1774392951508,0.438472,0.974113,0.768045,250.13,-88.7932,99.3041,0,0,3.2805,4
1774392951521,0.208996,-1.64611,1.08836,236.794,-119.663,80.4891,0,0,3.27906,4
1774392951535,-0.283911,-2.02732,-0.775297,96.1798,-121.634,75.2444,0,0,3.29776,4
1774392951548,-1.08541,-1.78566,-0.0342167,-69.1019,-59.6507,16.4445,0,0,3.33397,4
1774392951562,-0.993169,-0.934857,0.0168432,-183.126,2.41035,-58.181,0,0,3.26008,4
1774392951575,-0.595967,0.236025,0.219472,-223.281,35.4418,-76.0911,0,0,3.30504,4
1774392951588,-0.214375,0.317379,0.343011,-250.137,41.7632,-61.0157,0,0,3.31982,4
1774392951602,0.0348996,0.950896,0.380613,-247.496,34.9239,-37.6572,0,0,3.26869,4
1774392951615,0.142573,0.813728,0.28272,-232.397,25.298,-24.0615,0,0,3.285,2
1774392951629,0.186521,0.793946,0.200932,-222.321,17.4735,-22.0382,0,0,3.28271,2
1774392951642,0.0766656,0.423358,0.12891,-226.809,16.1069,-24.8854,0,0,3.32908,2
1774392951655,-0.0139115,0.355716,0.138183,-249.633,21.8472,-30.5952,0,0,3.26591,2
1774392951669,-0.0563944,0.546865,0.194821,-250.137,30.7478,-36.1754,0,0,3.3025,2
1774392951682,0.00121782,0.759755,0.198486,-250.137,29.9466,-35.0458,0,0,3.28139,2
1774392951696,0.0798301,0.892083,0.211913,-250.137,31.832,-27.3361,0,0,3.29882,2
1774392951709,0.12573,0.857668,0.190919,-250.137,31.5725,-15.5271,0,0,3.27743,2
1774392951722,0.119385,0.858887,0.19458,-250.137,31.9924,-3.13778,0,0,3.26863,2
1774392951736,0.14453,1.09105,0.226073,-250.137,33.8473,7.03023,0,0,3.26702,2
1774392951749,0.213864,1.36522,0.183596,-250.137,33.8931,17.4119,0,0,3.29902,2
1774392951762,0.282711,1.5537,0.165528,-250.137,31.6795,27.3432,0,0,3.28093,5
1774392951776,0.280029,1.56494,0.126467,-250.137,29.5955,31.7938,0,0,3.25239,5
1774392951789,0.276856,1.35792,0.133056,-250.137,27.7863,31.687,0,0,3.27813,5
1774392951802,0.325193,1.33374,0.186277,-250.137,25.4199,16.802,0,0,3.28647,5
1774392951816,0.388425,1.44628,0.229246,-250.137,18.3285,-0.335364,0,0,3.26106,5
1774392951829,0.485835,1.72118,0.198976,-250.137,4.18363,-7.64864,0,0,3.32506,5
1774392951843,0.504149,1.89477,0.0732485,-250.137,-13.7476,-8.14502,0,0,3.32578,5
1774392951856,0.419194,1.92944,-0.0253857,-250.137,-28.1064,-6.15273,0,0,3.37691,5
1774392951870,0.200206,1.90137,-0.088864,-250.137,-33.5647,-5.41224,0,0,3.27849,5
1774392951883,0.131107,1.98535,-0.119871,-250.137,-32.3664,-5.90075,0,0,3.25417,5
1774392951896,0.241694,2.21337,-0.205562,-250.137,-29.1146,-5.24429,0,0,3.28441,5
1774392951910,0.421622,2.33398,-0.422597,-212.413,-32.2136,-8.04572,0,0,3.25878,3
1774392951923,0.488766,1.87917,-0.585441,-188.871,-40.244,12.0452,0,0,3.26591,3
1774392951936,0.465089,1.93286,-0.716546,-172.985,-50.7936,39.419,0,0,3.27934,3
1774392951950,0.127702,2.19945,-0.922353,-128.658,-53.664,55.4041,0,0,3.29815,3
1774392951963,-0.230939,2.00465,-1.09496,-78.2458,-37.6264,43.1759,0,0,3.27613,3
1774392951977,-0.389152,1.58742,-1.23583,-48.0925,-10.0543,12.5047,0,0,3.29004,3
1774392951990,-0.230965,1.62866,-1.27295,-30.1914,11.7093,-2.3278,0,0,3.27219,3
1774392952003,-0.0878978,1.86034,-1.23828,7.18208,22.7249,-3.47325,0,0,3.28145,3
1774392952017,-0.263175,1.7937,-1.10767,46.6171,37.5415,0.610565,0,0,3.30473,3
1774392952030,-3.80256,3.99977,-1.5864,1.03954,122.967,-80.6159,0,0,3.27228,3
1774392952043,0.212934,0.658858,1.25352,250.122,68.139,-110.778,0,0,3.31176,3
1774392952057,-0.512659,-0.295851,0.972426,250.13,73.954,-72.963,0,0,3.29286,3
1774392952070,-0.259534,0.641066,0.107465,237.397,87.3049,-50.3442,0,0,3.34689,3
1774392952084,-0.0178344,0.936997,0.159421,211.711,67.3899,-5.7876,0,0,3.28737,3
1774392952097,-0.0312493,1.09032,0.508527,164.597,35.2834,11.6025,0,0,3.29954,3
1774392952110,0.130363,1.92452,-0.0087632,158.947,0.382726,23.9844,0,0,3.32823,5
1774392952124,-0.0961801,1.52248,0.0324686,186.633,-23.5794,36.3279,0,0,3.26408,5
1774392952137,-0.0800789,0.257387,0.0607896,139.65,-8.97754,29.2521,0,0,3.29749,5
1774392952151,-0.0173371,0.259521,0.0454109,60.6589,14.4497,19.9468,0,0,3.32499,5
1774392952164,0.145011,1.08053,0.148188,42.0693,12.855,14.962,0,0,3.29317,5
1774392952177,0.129151,1.13696,0.140137,56.824,9.13752,11.5421,0,0,3.30393,5
1774392952191,0.054203,0.794207,0.110597,47.214,14.5876,7.76347,0,0,3.30658,5
1774392952204,0.0700676,0.905756,0.0185593,31.6722,17.2366,1.35134,0,0,3.29458,5
1774392952218,0.112058,0.936034,-0.0165998,24.8933,14.9237,-6.19061,0,0,3.28547,5
1774392952231,0.017827,0.936279,0.0036611,18.5269,13.8168,-10.1602,0,0,3.33602,5
1774392952244,0.0783661,0.956786,0.0541967,14.7406,15.4809,-9.45804,0,0,3.30471,5
1774392952258,0.0827635,0.970702,0.114987,12.5802,14.2367,-7.99241,0,0,3.32415,5
1774392952271,0.05298,0.980957,0.101075,11.0229,13.3435,-6.65653,0,0,3.29804,5
1774392952285,0.063476,0.962892,0.114745,11.3053,10.7558,-5.84735,0,0,3.2866,5
1774392952298,0.0839833,1.00415,0.113281,8.17567,12.1603,-6.38166,0,0,3.27273,5
1774392952311,0.0515153,1.00879,0.124267,10.6488,13.458,-7.51142,0,0,3.2896,5
1774392952325,0.0695792,1.00684,0.118897,12.8854,12.6031,-8.64119,0,0,3.3245,5
1774392952338,0.0664064,1.03589,0.138427,19.038,14.1145,-10.2213,0,0,3.26317,5
1774392952352,-0.000484937,1.01416,0.0634803,21.8243,16.7556,-8.38937,0,0,3.41777,5
1774392952365,0.118646,1.00855,0.0581057,22,11.7101,-5.9848,0,0,3.26878,5
1774392952379,0.0593291,0.959475,0.0480962,20.8016,10.0001,-4.45806,0,0,3.28402,5
1774392952392,0.0144065,0.914065,0.0820296,15.7024,7.29016,-3.04584,0,0,3.27474,5
1774392952405,0.0446762,0.943358,0.0598156,10.0231,5.0993,0.404477,0,0,3.26585,5
1774392952419,0.0402834,0.996091,0.0407724,8.84736,3.9466,2.03049,0,0,3.30178,5
1774392952432,0.0139173,1.04297,0.0720199,8.52673,4.09923,3.01524,0,0,3.24613,5
1774392952445,0.0551737,1.09936,0.0759275,15.9692,3.85497,2.8397,0,0,3.31171,5
1774392952459,0.0471195,1.01392,0.0515149,20.8853,3.29773,2.42749,0,0,3.29206,5
1774392952472,0.0195326,0.992921,0.0458987,19.4581,3.73281,0.961876,0,0,3.32695,5
1774392952486,0.0527327,1.09155,0.109372,24.351,2.54202,-0.625907,0,0,3.30593,5
1774392952499,0.0720205,1.13965,0.0439486,33.5264,1.80918,0.129748,0,0,3.29226,5
1774392952512,0.00464204,1.13135,0.0480955,43.2287,2.70226,-1.06103,0,0,3.2788,5
1774392952526,0.0363754,1.08985,0.0195327,49.0304,3.32823,-2.24424,0,0,3.27413,5
1774392952539,0.0124524,1.03199,0.0263668,48.6107,4.29005,-2.14504,0,0,3.29347,5
1774392952553,0.0373523,1.05029,0.037353,47.1374,5.16791,-3.37401,0,0,3.34427,5
1774392952566,-0.00585721,1.07226,0.0266119,45.0611,4.1069,2.29754,0,0,3.34438,5
1774392952579,0.0136709,1.09521,0.0302733,43.9466,2.5344,12.7936,0,0,3.28847,5
1774392952593,0.0517559,1.15503,-0.00121913,52.0761,1.84735,15.8014,0,0,3.29054,5
1774392952606,0.00146736,1.0542,0.000976453,52.3969,1.57253,17.5572,0,0,3.26758,5
1774392952620,0.0297837,0.975834,-0.0256334,47.0078,1.09162,18.9389,0,0,3.27584,5
1774392952633,0.0761696,1.02954,-0.0246583,44.4886,0.305367,19.603,0,0,3.27984,5
1774392952646,0.055421,1.06128,-0.047118,44.5496,-0.564859,19.855,0,0,3.27785,5
1774392952660,0.04419,1.06128,-0.0634757,45.5954,-0.793886,19.7481,0,0,3.39643,5
1774392952673,0.0856913,1.05176,-0.0632324,46.3511,-1.31296,19.3359,0,0,3.24776,5
1774392952687,0.0981439,1.00757,-0.0805655,47.229,-2.68698,19.3053,0,0,3.29358,5
1774392952700,0.125975,1.00171,-0.0849607,45.4352,-3.97706,16.9085,0,0,3.34473,5
1774392952713,0.0817893,1.00317,-0.120604,45.2519,-4.30533,16.0993,0,0,3.30024,5
1774392952727,0.0744633,1.0061,-0.120117,44.3054,-4.58014,16.2137,0,0,3.29406,5
1774392952740,0.0688479,1.03345,-0.136962,45.7709,-4.57252,15.9008,0,0,3.2731,5
1774392952754,0.109129,0.994143,-0.128663,46.0611,-5.49616,15.7023,0,0,3.31736,5
1774392952767,0.0964362,1.02344,-0.149901,47.0839,-6.02288,16.3282,0,0,3.32419,5
1774392952780,0.0952149,1.02637,-0.161865,47.7099,-7.02287,16.458,0,0,3.28761,5
1774392952794,0.108886,1.05493,-0.160645,49.7328,-7.53434,15.7557,0,0,3.28287,5
1774392952807,0.157468,1.01538,-0.158936,51.3129,-8.87782,15.6183,0,0,3.29737,5
1774392952821,0.0764201,1.0332,-0.184325,51.5649,-8.35116,15.5573,0,0,3.30045,5
1774392952834,0.0622566,1.09521,-0.172852,54.832,-11.1602,17.6259,0,0,3.27278,5
1774392952847,0.147701,1.15527,-0.155274,57.9236,-11.9923,16.7634,0,0,3.31826,5
1774392952861,0.104494,1.16919,-0.144776,64.351,-14.3663,19.6869,0,0,3.35717,5
1774392952874,0.179928,1.24829,-0.161132,70.9922,-16.2366,19.7099,0,0,3.28924,5
1774392952888,0.128176,1.31421,-0.125246,80.6409,-20.061,21.6335,0,0,3.27537,5
1774392952901,0.160399,1.45605,-0.0747096,92.4958,-21.2442,20.6336,0,0,3.28356,5
1774392952914,0.133546,1.56835,-0.0158721,111.946,-23.8244,23.6259,0,0,3.28395,5
1774392952928,0.189939,1.64184,-0.032714,136.381,-27.5266,22.6184,0,0,3.2586,5
1774392952941,0.207275,1.48731,-0.0322266,158.32,-30.2137,19.5039,0,0,3.28839,5
1774392952955,0.232421,1.42823,-0.0698223,172.511,-35.1983,19.9084,0,0,3.30513,5
1774392952968,0.071053,1.33667,-0.161372,178.672,-35.771,20.3588,0,0,3.3286,5
1774392952981,-0.210191,1.3977,-0.300286,188.206,-34.5268,25.0457,0,0,3.27282,5
1774392952995,-0.339105,1.25562,-0.454338,193.366,-16.7257,27.5648,0,0,3.2526,5
1774392953008,-0.0859502,1.12696,-0.472655,202.771,-8.5346,26.5191,0,0,3.28552,5
1774392953021,-0.136472,0.83644,-0.56396,192.542,-1.16816,34.8165,0,0,3.26617,5
1774392953035,0.0512601,0.761234,-0.592772,184.443,2.56477,41.1601,0,0,3.32682,5
1774392953048,0.0993628,0.650396,-0.638181,170.26,3.25952,43.977,0,0,3.26728,5
1774392953062,0.216547,0.654541,-0.70361,161.046,2.63361,50.4655,0,0,3.43314,5
1774392953075,0.174074,0.567631,-0.760983,141.726,2.96182,50.8321,0,0,3.26121,5
1774392953089,0.145753,0.55005,-0.760498,123.84,3.9618,44.0994,0,0,3.29534,5
1774392953102,0.107912,0.637203,-0.746339,109.107,7.09914,53.5035,0,0,3.27423,5
1774392953115,0.381578,-0.285354,-0.482923,76.9399,-3.90043,69.7858,0,0,3.27813,5
1774392953129,0.552726,-1.44965,0.211635,-6.54711,-22.8926,71.6946,0,0,3.31082,5
1774392953142,1.12058,-0.426321,0.204346,-111.195,-69.9757,46.9855,0,0,3.31454,5
1774392953156,0.14873,0.681585,0.130131,-102.237,-84.6026,-1.34206,0,0,3.35745,5
1774392953169,-0.123522,0.626712,0.171873,-126.45,-77.3743,-20.7551,0,0,3.30611,5
1774392953182,-0.201656,0.693356,0.10889,-109.321,-62.634,-46.4114,0,0,3.30662,5
1774392953196,-0.23535,0.658693,0.0336952,-114.633,-45.0616,-63.9995,0,0,3.31617,5
1774392953209,-0.247314,0.569829,-0.0195286,-116.656,-26.0616,-72.786,0,0,3.27745,1
1774392953223,-0.228761,0.585204,-0.0595683,-128.931,-8.59594,-73.0687,0,0,3.31104,1
1774392953236,-0.18799,0.677974,-0.100584,-135.214,8.49567,-73.8168,0,0,3.28619,1
1774392953250,-0.153322,0.703612,-0.157224,-144.435,23.5339,-78.6869,0,0,3.3691,1
1774392953263,-0.120607,0.810786,-0.187254,-149.023,41.7933,-81.8014,0,0,3.3583,3
1774392953277,-0.0598175,1.00927,-0.227781,-146.855,57.3965,-80.9313,0,0,3.32682,3
1774392953290,-0.00122363,1.13159,-0.284177,-136.626,69.2058,-72.1987,0,0,3.31139,3
1774392953303,0.00195297,1.1333,-0.320555,-127.222,79.1218,-56.9547,0,0,3.33341,3
1774392953317,-0.0253893,1.01661,-0.331787,-124.328,90.7401,-43.2371,0,0,3.27871,3
1774392953330,-0.0590803,0.972658,-0.281497,-127.023,105.679,-40.2673,0,0,3.28602,3
1774392953344,-0.0314955,1.02343,-0.25171,-129.771,124.076,-48.473,0,0,3.33056,3
1774392953357,0.0590775,1.15356,-0.246094,-128.534,139.824,-59.8775,0,0,3.32374,3
1774392953370,0.1914,1.25292,-0.193362,-120.443,147.649,-62.519,0,0,3.34782,3
1774392953384,0.309076,1.23047,-0.177979,-112.367,148.695,-56.9315,0,0,3.25619,3
1774392953397,0.343016,1.19165,-0.145754,-106.794,147.573,-50.3513,0,0,3.2901,3
1774392953411,0.29346,1.14942,-0.114748,-102.855,148.695,-47.939,0,0,3.28795,5
1774392953424,0.265382,1.12402,-0.0534699,-101.947,152.733,-49.0305,0,0,3.25773,5
1774392953437,0.261475,1.10156,-0.000979187,-99.4199,157.633,-50.1145,0,0,3.30873,5
1774392953451,0.299315,1.05738,0.0539523,-103.542,161.351,-48.3512,0,0,3.30137,5
1774392953464,0.377193,1.0481,0.0698234,-103.427,162.656,-45.4657,0,0,3.3926,5
1774392953478,0.462398,1.0852,0.0690918,-107.519,160.802,-39.5803,0,0,3.29554,5
1774392953491,0.478271,1.15991,0.0759274,-105.855,157.42,-35.3436,0,0,3.2916,5
1774392953504,0.482666,1.16016,0.074463,-102.008,154.664,-33.626,0,0,3.29508,5
1774392953518,0.460939,1.13745,0.0581063,-97.649,153.725,-31.6336,0,0,3.28287,5
1774392953531,0.466064,1.1521,0.0651852,-97.3435,155.191,-31.916,0,0,3.28736,3
1774392953545,0.489013,1.22216,0.0456553,-95.542,158.382,-33.2748,0,0,3.26241,3
1774392953558,0.54736,1.19287,0.000490539,-94.9389,161.611,-32.3588,0,0,3.28949,3
1774392953571,0.589842,1.27295,-0.0554171,-94.8779,162.962,-23.901,0,0,3.29302,3
1774392953585,0.587402,1.32715,-0.105955,-90.4734,163.603,-10.5271,0,0,3.28998,3
1774392953598,0.513431,1.35327,-0.131346,-83.1376,166.702,2.67136,0,0,3.28445,3
1774392953612,0.448734,1.34375,-0.120118,-74.5422,172.694,10.4807,0,0,3.25976,3
1774392953625,0.425294,1.27979,-0.125244,-67.4659,179.893,17.1219,0,0,3.30404,3
1774392953638,0.42041,1.27905,-0.139404,-60.5422,186.114,23.1067,0,0,3.29023,3
1774392953652,0.431396,1.23975,-0.156493,-53.2216,191.183,27.5953,0,0,3.29523,3
1774392953665,0.404298,1.1272,-0.158203,-51.8321,194.885,32.9235,0,0,3.32202,3
1774392953679,0.378663,1.14941,-0.148438,-49.8779,197.527,36.6258,0,0,3.30482,3
1774392953692,0.319339,1.13721,-0.120119,-47.7176,200.282,39.4045,0,0,3.26089,3
1774392953705,0.321777,1.11231,-0.101319,-43.4581,202.801,39.2748,0,0,3.29937,3
1774392953719,0.341552,1.08618,-0.0732436,-41.5878,204.092,37.5955,0,0,3.29602,3
1774392953732,0.372801,1.08374,-0.0610358,-38.3894,203.649,38.7328,0,0,3.29402,3
1774392953746,0.428708,1.08301,-0.0498052,-36.4046,201.435,39.7023,0,0,3.32086,3
1774392953759,0.458983,1.05322,-0.0434573,-33.626,197.527,42.6411,0,0,3.29767,3
1774392953773,0.464599,0.990238,-0.0161146,-32.9313,192.641,46.2442,0,0,3.34271,3
1774392953786,0.494139,0.99292,0.0222149,-35.3205,187.336,49.5037,0,0,3.27785,5
1774392953799,0.524168,0.982911,0.0495592,-31.939,178.199,52.9923,0,0,3.28276,5
1774392953813,0.50879,0.970215,0.0610346,-31.5878,166.848,57.2212,0,0,3.293,5
1774392953826,0.43848,0.914065,0.0622558,-31.6489,157,55.0535,0,0,3.32384,5
1774392953839,0.303229,0.958738,0.0559085,-33.4274,152.504,49.0231,0,0,3.29867,5
1774392953853,0.226566,0.916018,0.0541993,-34.603,152.908,43.0994,0,0,3.25978,5
1774392953866,0.188478,1.01342,0.0615231,-34.0382,153.87,45.3434,0,0,3.32712,5
1774392953880,0.16504,1.05566,0.049317,-28.1681,155.389,52.496,0,0,3.28771,5
1774392953893,0.149903,1.0852,0.0598139,-22.2979,159.198,54.4045,0,0,3.32452,5
1774392953907,0.158691,1.04199,0.0593262,-19.3283,162.389,55.5725,0,0,3.3001,5
1774392953920,0.184569,1.15454,0.169916,-20.458,159.527,68.9233,0,0,3.26867,5
1774392953933,0.188232,1.14404,0.105716,35.9372,158.511,72.3281,0,0,3.30784,5
1774392953947,0.197509,1.35912,0.071779,2.94755,162.267,61.3057,0,0,3.31502,5
1774392953960,0.0524975,0.750763,0.00561854,11.6715,163.481,55.5651,0,0,3.40149,5
1774392953974,0.126949,1.07518,0.132074,-0.625585,158.764,55.1069,0,0,3.34425,5
1774392953987,0.10254,0.941169,0.170408,1.22895,149.245,59.3816,0,0,3.33663,5
1774392954001,0.171627,1.09594,0.148194,6.89296,138.657,60.8626,0,0,3.2843,5
1774392954014,0.0832564,0.84181,0.146484,1.55741,130.168,56.878,0,0,3.32134,5
1774392954027,0.0769046,0.947749,0.159423,2.09159,123.374,51.7711,0,0,3.29958,5
1774392954041,0.0749513,0.89014,0.149903,2.67937,116.626,46.6566,0,0,3.28736,5
1774392954054,0.113279,0.927732,0.138428,3.41983,108.527,39.4735,0,0,3.33776,5
1774392954068,0.127685,0.894533,0.139404,6.18312,103,30.382,0,0,3.2841,5
1774392954081,0.203365,0.814701,0.111574,2.32073,94.9086,27.5344,0,0,3.37595,5
1774392954094,0.566144,1.59371,-0.343239,-9.05309,81.5958,56.2739,0,0,3.29602,5
1774392954108,0.534425,0.783976,-0.140635,34.2659,57.2832,36.5349,0,0,3.25623,5
1774392954121,0.498293,1.31345,-0.242915,25.7941,40.0158,23.321,0,0,3.30295,5
1774392954135,0.418949,1.20215,-0.389641,54.3045,21.9166,11.6339,0,0,3.31534,5
1774392954148,0.138686,1.31591,-0.354494,60.1372,16.275,-0.0912513,0,0,3.3568,5
1774392954162,0.177977,1.0962,0.146703,74.6637,3.4126,-6.05326,0,0,3.27071,5
1774392954175,0.207274,0.722919,-0.044424,50.4282,-14.2132,-6.76334,0,0,3.88077,5
1774392954189,0.0583571,0.749022,-0.196526,24.6191,-20.6563,-7.36639,0,0,3.29561,5
1774392954202,-0.0295366,0.747559,-0.0676334,-0.380929,-8.35915,0.16008,0,0,3.29519,5
1774392954216,0.0707958,1.04759,0.086174,-4.25943,-10.0687,1.22898,0,0,3.29628,5
1774392954229,0.0917958,1.02808,0.119139,-0.824531,-15.1296,4.34342,0,0,3.27522,5
1774392954242,0.0979001,1.00195,0.134032,-1.69463,-16.4503,4.41221,0,0,3.2791,5
1774392954256,0.0864264,1.07885,0.141357,5.08377,-8.49642,-0.427336,0,0,3.29041,5
1774392954269,0.0783695,0.969,0.083499,8.02281,-2.733,-2.79382,0,0,3.3348,5
1774392954283,0.0832517,0.953126,0.0766605,4.10699,-2.78626,-3.47326,0,0,3.29878,5
1774392954296,0.0913082,1.00488,0.0871577,5.00761,-0.320685,-6.39686,0,0,3.27856,5
1774392954309,0.0544452,0.949466,0.0722664,3.29013,-0.381678,-6.51908,0,0,3.29041,5
1774392954323,0.0627437,0.998533,0.0632329,2.16034,-0.870214,-5.78628,0,0,3.28676,5
1774392954336,0.051026,0.975099,0.0583499,2.17557,-1.35113,-4.80156,0,0,3.2803,5
1774392954350,0.0490724,0.993407,0.0717767,1.34354,-0.97711,-4.01529,0,0,3.29015,3
1774392954363,0.0415043,0.992676,0.0683595,2.32821,-0.969466,-2.397,0,0,3.3063,3
1774392954376,0.0583488,0.979249,0.0664063,1.20614,-1.35877,-1.53438,0,0,3.26124,3
1774392954390,0.0502934,0.988037,0.0786127,0.725205,-1.80151,-0.610715,0,0,3.31639,3
1774392954403,0.0576168,0.989502,0.0849606,0.351156,-2.78623,-0.442753,0,0,3.27171,3
1774392954417,0.0559083,0.99707,0.0791019,0.259545,-3.19083,-0.587782,0,0,3.322,3
1774392954430,0.059326,0.996338,0.076172,0.244275,-2.78627,-1.12975,0,0,3.29045,3
1774392954443,0.0585938,0.999512,0.0798338,1.20608,-2.07636,-1.70991,0,0,3.26071,3
1774392954457,0.0585938,0.981934,0.0700688,0.923673,-1.771,-1.19849,0,0,3.32012,3
1774392954470,0.0512699,0.996825,0.0839837,0.748097,-0.99239,-1.30534,0,0,3.27671,5
1774392954484,0.0644525,0.998535,0.0805666,1.04579,-0.755732,-1.06871,0,0,3.34,5
1774392954497,0.052735,0.996338,0.0847166,1.67174,-0.877859,-1.229,0,0,3.2966,5
1774392954511,0.0527344,0.999756,0.0830079,2.14502,-0.259561,-1.61831,0,0,3.25578,5
1774392954524,0.0515137,0.99292,0.0781252,1.8626,-0.0610747,-1.16795,0,0,3.2873,5
1774392954537,0.0454105,0.995605,0.0776367,1.8397,0.0152649,-0.877871,0,0,3.26569,5
1774392954551,0.0495603,1.00122,0.082031,2.25953,0.312968,-0.999996,0,0,3.30063,5
1774392954564,0.0546872,1.00317,0.0751957,3.03814,0.770979,-0.9542,0,0,3.27954,5
1774392954577,0.0529786,0.994141,0.0649419,2.66413,1.28243,-0.961832,0,0,3.32636,5
1774392954591,0.0585935,1.00073,0.0759272,3.25952,2.29005,-1.3893,0,0,3.30402,5
1774392954604,0.0624998,0.992432,0.0786131,3.60304,2.56488,-2.33585,0,0,3.2878,5
1774392954618,0.056885,0.986573,0.0788574,3.58779,2.95419,-2.61068,0,0,3.28767,5
1774392954631,0.0566406,0.995605,0.076172,3.46565,2.80916,-2.64122,0,0,3.26471,5
1774392954644,0.0446783,0.993652,0.0673833,3.16795,3.3206,-2.44275,0,0,3.32706,5
1774392954658,0.0454101,0.998291,0.0720213,3.67174,3.67175,-2.53435,0,0,3.34836,5
1774392954671,0.0500486,0.996582,0.0642094,4.40456,4.26716,-3.12212,0,0,3.28889,5
1774392954685,0.0302744,0.994873,0.0683592,4.47328,4.64884,-3.03817,0,0,3.80577,5
1774392954699,0.0468742,0.997558,0.0654298,4.22901,5.03052,-2.91603,0,0,3.35695,5
1774392954712,0.0417483,0.984864,0.0688475,4.09924,5.22137,-2.30536,0,0,3.2951,5
1774392954725,0.0317388,0.993652,0.0539558,3.9542,4.93131,-2.09924,0,0,3.26806,5
1774392954739,0.0371091,1.00122,0.0600583,3.70993,4.7939,-2.09924,0,0,3.31899,5
1774392954752,0.045898,0.98877,0.0637205,3.21376,4.84733,-1.84734,0,0,3.283,5
1774392954766,0.029786,0.999999,0.0656737,3.14504,4.82443,-1.73283,0,0,3.40234,5
1774392954779,0.035156,1.00171,0.0434581,3.76334,4.74046,-1.68702,0,0,3.28323,5
1774392954793,0.0466303,0.997071,0.0698229,3.99999,5.07633,-1.44276,0,0,3.33067,5
1774392954806,0.0419924,0.995361,0.0620121,4.42747,4.60307,-1.64885,0,0,3.29569,5
1774392954819,0.0297858,0.999267,0.0417491,3.84735,2.26725,-1.65649,0,0,3.28321,5
1774392954833,0.0380855,0.999268,0.0698228,3.90076,2.02291,-1.18322,0,0,3.30449,5
1774392954846,0.0341799,0.996582,0.048585,4.32823,1.82443,-1.60304,0,0,3.36845,5
1774392954860,0.0358886,0.981446,0.0498046,4.31298,1.40459,-1.30535,0,0,3.32854,5
1774392954873,0.0371093,1.00171,0.0490723,4.16031,1.51145,-1.41984,0,0,3.32441,5
1774392954886,0.0395507,1.00049,0.0666495,4.71754,1.39695,-0.938946,0,0,3.30989,5
1774392954900,0.02295,0.994385,0.0537116,5.36639,1.75571,-1.08397,0,0,3.30821,5
1774392954913,-0.0317355,0.998291,0.0488284,6.06868,3.04576,-0.763368,0,0,3.28923,5
1774392954927,0.0263643,1.01147,0.048584,6.15267,1.93133,-0.10689,0,0,3.36438,5
1774392954940,0.0363765,0.997071,0.0554196,6.25954,1.91603,-3.20651e-06,0,0,3.3588,5
1774392954954,0.0356446,0.983643,0.0480961,5.13744,1.50383,0.381668,0,0,3.28956,5
1774392954967,0.0158701,1.01953,0.0456544,6.22134,1.36642,0.687014,0,0,3.28878,5
1774392954981,0.0400379,1.0188,0.022218,8.03811,2.18318,1.15266,0,0,3.4076,5
1774392954994,0.0415038,0.998536,0.0437001,7.28247,2.18321,1.29007,0,0,3.32332,5
1774392955007,0.00683767,1.08471,0.0622549,11.7251,2.82441,1.65648,0,0,3.324,5
1774392955021,0.00195337,1.03199,0.0375989,16.9082,3.56486,2.88546,0,0,3.29921,5
1774392955034,0.0109859,0.992678,0.0285649,17.6717,3.50382,3.62593,0,0,3.29869,5
1774392955048,0.0109863,1.0061,0.0190434,17.0764,3.06872,4.96943,0,0,3.29952,5
1774392955061,-0.00463789,1.06469,0.0346672,19.5648,4.16027,6.83964,0,0,3.29989,5
1774392955074,-0.0305163,1.07446,0.00048999,26.9311,4.67937,9.30527,0,0,3.36995,5
1774392955088,-0.063719,1.19042,-0.0432107,37.1142,6.54956,15.5036,0,0,3.2965,5
1774392955101,-0.0100125,0.940686,-0.0334478,46.015,6.72519,15.4504,0,0,3.31247,5
1774392955115,-0.0175777,0.937256,-0.00683727,35.153,7.74806,21.3204,0,0,3.29215,5
1774392955128,-0.0671362,0.954833,-0.0312488,31.2062,8.64883,26.2365,0,0,3.26787,5
1774392955141,-0.458721,0.959472,-0.139643,22.9163,23.6255,32.8777,0,0,3.30263,5
1774392955155,-0.863017,0.991698,-0.244624,22.5038,72.2199,30.7329,0,0,3.31045,5
1774392955168,-2.55021,0.611103,-0.314694,-4.70147,203.561,25.8551,0,0,3.363,5
1774392955182,-2.66992,1.17478,0.035627,-10.8548,250.128,39.3889,0,0,3.28423,5
1774392955195,-1.18049,1.13965,0.683317,11.465,250.13,46.7708,0,0,3.32873,5
1774392955209,-0.767843,1.18847,0.729734,25.7858,250.13,30.5119,0,0,3.31743,5
1774392955222,-0.094272,0.990244,1.05443,30.954,250.13,36.5571,0,0,3.28808,5
1774392955236,-0.264396,0.930423,0.637228,32.1679,250.13,32.1528,0,0,3.2961,5
1774392955249,1.01434,0.822759,1.072,25.275,250.13,32.9923,0,0,3.31288,5
1774392955263,1.13867,0.905758,0.673604,19.5803,250.13,43.2134,0,0,3.33558,5
1774392955276,1.7341,0.985836,0.627688,20.603,250.13,33.4965,0,0,3.2991,5
1774392955289,1.39333,0.70851,0.596437,24.3434,187.216,11.9472,0,0,3.32117,5
1774392955303,1.86814,1.01927,0.454841,21.4047,128.826,10.71,0,0,3.29154,5
1774392955316,1.80762,0.705338,0.367436,16.4811,61.1776,5.94671,0,0,3.3033,5
1774392955330,1.26053,0.748289,0.179453,1.74853,8.3451,-10.2667,0,0,3.28748,5
1774392955343,0.147272,0.870111,-0.0612673,-13.5568,0.244518,-17.0914,0,0,3.29491,5
1774392955356,0.0314999,1.24144,-0.0390636,-10.9008,3.39685,-14.6337,0,0,3.32017,5
1774392955370,-0.0666455,0.917253,-0.0310063,9.0452,1.25197,-8.53453,0,0,3.36017,5
1774392955383,0.0112266,1.02758,-0.0344237,-11.2055,0.503839,0.885214,0,0,3.38565,5
1774392955397,0.0637181,1.20238,-0.0285647,14.6175,-0.664087,3.38924,0,0,3.59151,5
1774392955411,0.0656737,0.875993,-0.0361324,2.09198,0.106847,6.02282,0,0,3.80538,5
1774392955424,0.138912,0.959713,-0.0388182,4.09154,-1.0076,2.55736,0,0,3.28645,5
1774392955438,0.163085,0.910647,-0.0410155,-4.49593,-1.29007,-0.00755664,0,0,3.305,5
1774392955451,0.123293,0.959714,-0.0415039,-6.35872,-1.19848,-3.66401,0,0,3.29926,5
1774392955465,0.0932632,0.995848,-0.0388185,-6.29771,-0.473304,-6.8167,0,0,3.30802,5
1774392955478,0.0781258,0.99707,-0.0366212,-5.29011,0.228987,-7.3664,0,0,3.33241,5
1774392955491,0.0649421,1.01733,-0.0280766,-4.66414,0.862576,-6.03057,0,0,3.28312,5
1774392955505,0.0615236,1.0227,-0.033447,-2.86265,0.786262,-5.03056,0,0,3.30491,5
1774392955518,0.0795889,1.0105,-0.023438,-2.42749,0.122157,-3.855,0,0,3.28495,5
1774392955532,0.0786133,0.985841,-0.0246581,-4.99229,-0.09923,-2.55729,0,0,3.24728,5
1774392955545,0.0778809,0.996337,-0.0207521,-6.66407,-0.809139,-1.55728,0,0,3.28486,5
1774392955558,0.0673833,1.02002,-0.0236815,-6.38169,-1.3664,-0.832083,0,0,3.37065,5
1774392955572,0.0698241,1.01953,-0.0314938,-4.63364,-1.67938,0.0305085,0,0,3.30887,5
1774392955585,0.078857,1.00586,-0.0200201,-3.37408,-1.45039,-0.0457992,0,0,3.27,5
1774392955599,0.093261,0.995606,-0.0166017,-3.31298,-1.51145,-0.862571,0,0,3.73798,5
1774392955612,0.0954589,0.977052,-0.0290521,-4.52668,-0.992382,-2.5114,0,0,3.31169,5
1774392955626,0.0844732,0.979248,-0.0266115,-5.99996,-0.824433,-4.06102,0,0,3.284,5
1774392955639,0.0786136,0.971924,-0.003175,-8.45031,-1.07633,-4.32824,0,0,3.28723,5
1774392955653,0.0100132,1.00952,-0.018798,-10.0687,-0.664135,-3.61834,0,0,3.29156,5
1774392955666,0.0615209,1.02197,-0.0119632,-6.92376,-0.946556,-3.80152,0,0,3.2823,5
1774392955680,0.0515142,0.992677,-0.0212398,-7.32823,-0.801531,-3.21376,0,0,3.39145,5
1774392955693,0.055908,1.01953,-0.0107427,-5.87791,-0.709926,-3.29771,0,0,3.34073,3
1774392955706,0.0666499,1.01001,-0.0187984,-4.62599,-0.0610882,-4.09921,0,0,3.31982,3
1774392955720,0.0568853,1.00317,-0.0104985,-4.49619,-0.175569,-3.78627,0,0,3.28152,3
1774392955733,0.0754385,1.01123,-0.00683612,-4.05345,-0.46564,-3.88549,0,0,3.34206,3
1774392955747,0.0551768,1.01685,-0.0021975,-3.771,-0.267182,-3.9313,0,0,3.35154,3
1774392955760,0.0610349,1.01367,-0.00488268,-2.83209,-0.435109,-3.10689,0,0,3.31611,3
1774392955774,0.0595704,1.00293,-0.00610345,-2.52673,-0.793882,-2.58017,0,0,3.31384,3
1774392955787,0.0642088,1.00806,-0.00732416,-2.58015,-0.83206,-2.14505,0,0,3.32232,5
1774392955800,0.0617677,1.01343,0.00512633,-1.86262,-0.916028,-2.25954,0,0,3.30621,5
1774392955814,0.0522466,1.0127,0.00268567,-1.06873,-0.908397,-2.23664,0,0,3.352,5
1774392955827,0.0590817,0.99585,-0.00878849,-1.0229,-1.30533,-2.03817,0,0,3.28561,5
1774392955841,0.0649411,0.999023,-0.000976953,-1.5496,-1.42748,-1.71757,0,0,3.2591,5
1774392955854,0.050782,0.99707,-0.00292959,-1.79389,-2.18318,-1.55726,0,0,3.35147,5
1774392955868,0.0517578,1.00024,-0.00341794,-2.28243,-1.93131,-1.63359,0,0,3.34578,5
1774392955881,0.0517578,1.00708,-0.00830054,-2.23664,-1.7939,-1.35879,0,0,3.30239,5
1774392955894,0.0495607,1.00854,0.00170848,-1.80154,-1.96946,-1.13741,0,0,3.31643,5
1774392955908,0.0588374,1.01001,-0.0117181,-1.03056,-1.6565,-0.656503,0,0,3.30462,5
1774392955921,0.0622557,0.999512,-0.00976572,-0.435132,-1.06109,-1.25189,0,0,3.27667,3
1774392955935,0.0493171,0.986817,-0.0061037,-0.954183,-1.55724,-1.92364,0,0,3.29804,3
1774392955948,0.0585933,0.99292,-0.0068359,-2.10684,-1.71755,-1.25956,0,0,3.32088,3
1774392955961,0.0573731,0.999511,-0.00439465,-2.25954,-2.26716,-1.21374,0,0,3.29649,3
1774392955975,0.0568848,1.01025,-0.00732407,-2.09161,-2.37404,-1.13741,0,0,3.29402,3
1774392955988,0.0549317,1.01074,-0.00146514,-1.19087,-1.97711,-0.80917,0,0,3.28947,3
1774392956002,0.0576171,1.0144,-0.0053709,0.114465,-1.36643,-0.984728,0,0,3.4556,3
1774392956015,0.0495609,1.00684,-0.00830063,0.526705,-1.01528,-1.12213,0,0,3.2938,3
1774392956029,0.046631,1.00708,0.00732344,0.641218,-1.10687,-1.0687,0,0,3.26856,3
1774392956042,0.0520017,0.997315,0.00390642,0.610688,-1.2061,-0.893135,0,0,3.28071,3
1774392956055,0.0588375,1.01343,0.000244324,0.793888,-1.18321,-0.702296,0,0,3.27137,3
1774392956069,0.0546877,1.01489,1.2215e-08,1.8015,-0.900772,-1.00762,0,0,3.31265,3
1774392956082,0.0437017,1.00049,-0.00634734,1.94656,-0.465662,-0.503832,0,0,3.28448,3
1774392956096,0.051025,1.00513,0.00390574,2.28243,-0.732816,-0.44275,0,0,3.29436,3
1774392956109,0.0546873,1.0022,0.00683579,1.91604,-1.21373,-0.488548,0,0,3.31502,3
1774392956122,0.0534669,1.00244,-0.00414984,2.0458,-1.36641,-0.877851,0,0,3.29387,3
1774392956136,0.0527344,0.995118,-0.00756819,1.98473,-1.54961,-1.03053,0,0,3.28035,3
1774392956149,0.0449223,0.989014,-0.008789,1.43513,-1.39695,-0.7252,0,0,3.29834,3
1774392956163,0.0344244,0.986817,-0.00146521,0.885513,-1.28245,0.0610451,0,0,3.37567,3
1774392956176,0.0451655,0.984863,-0.00292961,0.251927,-1.07634,-0.290066,0,0,3.3068,3
1774392956189,0.0366215,0.994384,-0.0146479,-0.206093,-1.4351,-0.290076,0,0,3.3228,5
1774392956203,0.0515129,0.995361,-0.00903348,-0.557241,-1.40458,-0.0992424,0,0,3.3321,5
1774392956216,0.0615229,1.0061,-0.00292999,-0.587785,-1.65648,-0.343504,0,0,3.31263,5
1774392956230,0.0561526,1,-0.00585923,-0.763354,-1.60306,-0.297711,0,0,3.28967,5
1774392956243,0.0393075,0.997315,-0.00219745,-1.13739,-1.70229,0.0763247,0,0,3.31447,5
1774392956257,0.0358888,0.994629,-0.00146488,-1.64884,-1.45802,0.511437,0,0,3.3268,5
1774392956270,0.0405271,1.00561,0.000244055,-1.40459,-1.49618,0.480917,0,0,3.26576,5
1774392956283,0.0463864,1.00513,-0.00366191,-1.55725,-1.65648,0.702283,0,0,3.3058,5
1774392956297,0.0541988,0.997315,-0.00048844,-1.70992,-1.56489,0.687023,0,0,3.27115,5
1774392956310,0.0437017,0.992188,-0.00830039,-1.70229,-1.51909,0.79389,0,0,3.31293,5
1774392956324,0.0498044,0.996582,0.00414977,-2.45799,-1.58015,0.473292,0,0,3.28043,5
1774392956337,0.0554196,1.00024,-0.00390585,-2.74808,-1.77862,0.725183,0,0,3.25695,5
1774392956350,0.0473637,0.996582,-0.000488452,-2.54199,-1.51146,0.732824,0,0,3.28099,3
1774392956364,0.0493163,0.999512,0.0053708,-2.91602,-1.61068,0.877858,0,0,3.27961,3
1774392956377,0.0458986,0.998047,-0.00244102,-2.75573,-1.61069,0.725195,0,0,3.31008,3
1774392956391,0.0522458,1.00342,0.00195291,-2.52672,-1.51909,0.778624,0,0,3.2871,3
1774392956404,0.0380866,1.01196,0.000244226,-2.16795,-1.54962,0.580159,0,0,3.36878,3
1774392956418,0.0402831,1.00952,0.00634735,-1.54964,-1.48092,0.389319,0,0,3.3693,3
1774392956431,0.0463864,1.01196,0.00903307,-0.91605,-1.14505,0.0839786,0,0,3.37043,3
1774392956444,0.0524899,1.00659,-0.00244083,-0.419862,-0.954204,-0.213732,0,0,3.32197,3
1774392956458,0.0529785,1.00195,-0.00146489,-0.33588,-0.862598,-0.251907,0,0,3.28463,3
1774392956471,0.0410162,0.998535,-0.00341787,-0.160311,-0.809162,-0.229008,0,0,3.27817,3
1774392956485,0.0444334,1.00269,0.00390588,-0.274806,-0.961827,-0.274808,0,0,3.30699,3
1774392956498,0.0473631,0.999268,-0.000243933,-0.114509,-0.854965,-0.381676,0,0,3.3188,3
1774392956512,0.0434572,1.00561,0.000732373,-0.656472,-1.12213,0.0534221,0,0,3.37258,3
1774392956525,0.0476072,0.998291,0.00439435,-0.618322,-0.732836,0.152669,0,0,3.28582,3
1774392956538,0.0322273,1.00342,0.00122086,-0.709921,-0.931292,0.320606,0,0,3.26995,3
1774392956552,0.0512686,1.00928,-0.000732324,-0.549623,-1.06106,0.458011,0,0,3.286,3
1774392956565,0.046387,1.00732,0.00927684,-0.106884,-0.938935,0.549616,0,0,3.28724,3
1774392956578,0.0537106,1,0.00415065,-0.213737,-0.770997,0.496185,0,0,3.29406,3
1774392956592,0.0471195,1.00659,0.0102536,-0.0534399,-0.824426,0.64885,0,0,3.35358,3
1774392956605,0.0493163,0.998291,0.0102539,-0.106869,-0.71756,1.06869,0,0,3.35399,1
1774392956619,0.0368659,0.994385,0.0107422,-0.435105,-0.885491,1.0687,0,0,3.30717,1
1774392956632,0.047851,1.00122,0.0109863,-0.244281,-1.21373,1.00764,0,0,3.30754,1
1774392956646,0.0556637,0.993164,0.00219771,-0.496176,-1.09924,0.9313,0,0,3.30508,1
1774392956659,0.0512698,0.996582,0.0100094,-0.633584,-1.1145,0.832064,0,0,3.28641,1
1774392956672,0.052246,1.0105,0.00390656,-0.465654,-0.801536,0.62596,0,0,3.26193,1
1774392956686,0.042481,0.998292,-0.00122045,-0.435115,-1.03053,0.893122,0,0,3.31258,1
1774392956699,0.0480954,0.998535,0.00634728,-0.534348,-0.992368,0.671762,0,0,3.28306,1
1774392956713,0.0407719,0.996826,0.0129391,-0.488551,-1.14503,0.90839,0,0,3.34276,1
1774392956726,0.0441893,1.00317,0.00830101,-0.702284,-0.992371,0.900764,0,0,3.29656,1
1774392956739,0.0424806,0.998535,0.0156246,-0.427489,-1.3435,0.900763,0,0,3.26737,1
1774392956753,0.0393068,0.999023,0.00439509,-0.564881,-1.15268,1.07633,0,0,3.31754,1
1774392956766,0.0397949,0.994873,0.0100095,-0.618319,-1.26717,1.33587,0,0,3.30089,1
1774392956780,0.0410156,0.995117,-0.00195253,-0.748088,-1.47328,1.39694,0,0,3.30771,1
1774392956793,0.0615224,1.00684,0.00659137,-0.801525,-1.45802,1.12978,0,0,3.29869,1
1774392956806,0.0502935,0.999268,0.00585941,-0.748093,-1.47328,1.0687,0,0,3.3181,1
1774392956820,0.0568844,1.00366,0.00854479,-0.603058,-1.25955,0.755735,0,0,3.3,1
1774392956833,0.0500492,1.00098,0.00830079,-0.625954,-1.14504,0.572525,0,0,3.28263,1
1774392956847,0.0554197,1.00586,0.00732427,-0.29772,-0.893137,0.526719,0,0,3.2911,1
1774392956860,0.0480961,0.998291,0.00756835,-0.244276,-1.08396,0.389317,0,0,3.27806,1
1774392956873,0.0495605,1,0.00561533,-0.206108,-1.1603,0.343513,0,0,3.27365,1
1774392956887,0.0493164,1.00049,0.00708,-0.25954,-1.22901,0.549612,0,0,3.29463,1
1774392956900,0.0495605,1.00342,0.00952136,-0.274809,-1.36641,0.763352,0,0,3.29221,3
1774392956914,0.0461427,0.995362,0.00659194,-0.43511,-1.28245,0.748092,0,0,3.29989,3
1774392956927,0.0419924,1.00464,0.00756831,-0.603048,-1.67938,0.954192,0,0,3.2875,3
1774392956940,0.0498043,0.996094,0.0112303,-0.755721,-1.61069,0.984732,0,0,3.31173,3
1774392956954,0.0483399,0.989502,0.0126952,-1.21373,-2.03052,1.37403,0,0,3.28521,3
1774392956967,0.0493164,0.993652,0.0129394,-1.21374,-1.92367,1.22138,0,0,3.32093,3
1774392956981,0.0456545,0.995117,-0.00244064,-1.16031,-2.37403,1.08397,0,0,3.2385,3
1774392956994,0.0334479,0.994629,-0.00366205,-1.51144,-2.48855,2.03051,0,0,3.31299,3
1774392957007,0.0419918,0.991455,0.00707954,-2.21372,-2.75572,2.29007,0,0,3.32241,3
1774392957021,0.0512691,0.990967,0.00341815,-2.85494,-2.90076,2.51144,0,0,3.33486,3
1774392957034,0.0473635,1.00268,0.00732402,-2.9771,-3.23663,2.76335,0,0,3.2948,3
1774392957048,0.0534665,0.989258,0.00708009,-3.1603,-3.30534,2.48092,0,0,3.3535,3
1774392957061,0.0913067,0.919437,-0.0415015,-4.87018,-3.63358,3.71752,0,0,3.30447,3
1774392957075,0.0815435,1.10717,0.0104954,-3.34356,-3.07635,2.36645,0,0,3.29397,3
1774392957088,0.058839,0.942635,0.0173336,-2.22141,-2.7252,2.06871,0,0,3.29854,3
1774392957102,0.0598144,1.01928,0.0190429,-4.15261,-3.24426,1.99237,0,0,3.3148,3
1774392957115,0.0495611,1.01196,0.0244138,-1.35123,-2.82444,1.3588,0,0,3.31967,3
1774392957128,0.0532225,0.984621,0.0231934,-3.48085,-2.89313,1.90075,0,0,3.27632,3
1774392957142,0.0554198,1.02954,0.0278318,-2.04584,-2.9084,1.76336,0,0,3.28337,3
1774392957155,0.0556641,0.991457,0.0151374,-1.7939,-2.4275,1.53436,0,0,3.28669,3
1774392957168,0.0561523,1.01465,0.0187986,-1.74046,-2.11451,1.48855,0,0,3.2906,3
1774392957182,0.0610349,1.00488,0.0180664,-0.557287,-1.6336,0.641247,0,0,3.29076,3
1774392957195,0.0673825,1.00415,0.0168458,-0.908386,-1.12979,0.541988,0,0,3.27397,3
1774392957209,0.0559088,0.999756,0.0161133,-0.770996,-1.48091,0.450384,0,0,3.32213,3
1774392957222,0.0532228,1.00342,0.025146,-1.06106,-1.59542,0.916017,0,0,3.39934,3
1774392957236,0.0532227,1.00293,0.010987,-0.618334,-1.51145,0.80153,0,0,3.28374,3
1774392957249,0.0415045,0.990723,0.0200191,-1.61829,-1.54198,1.5038,0,0,3.3001,3
1774392957262,0.0556634,0.998047,0.0234373,-1.58015,-1.40458,1.78625,0,0,3.26452,3
1774392957276,0.04419,0.997314,0.0214845,-1.82442,-1.04581,2.06106,0,0,3.30574,3
1774392957289,0.0568841,1.00098,0.00756906,-1.90839,-0.923668,2.45037,0,0,3.30963,3
1774392957303,0.0502933,0.991944,0.0151363,-2.31296,-0.66413,2.53435,0,0,3.32515,3
1774392957316,0.0498047,1.00659,0.0253901,-2.01528,0.106847,2.42748,0,0,3.26798,3
1774392957329,0.0664054,1.01318,0.0351558,-1.54963,0.90074,2.04581,0,0,3.303,3
1774392957343,0.0681151,1.02832,0.0375975,-0.0763801,2.25187,1.6107,0,0,3.2936,3
1774392957356,0.062012,1.02393,0.0400389,1.8778,4.19078,0.694684,0,0,3.28723,3
1774392957369,0.0522466,1.04541,0.0466305,4.25184,6.03811,0.625956,0,0,3.29048,5
1774392957383,0.0700675,1.06836,0.063964,6.66405,1.41999,1.13739,0,0,3.29262,5
1774392957396,0.0534676,1.12158,0.0759271,13.7326,1.90838,1.07634,0,0,3.31404,5
1774392957410,0.149165,1.27685,0.153561,23.786,-1.27471,2.55721,0,0,3.30875,5
1774392957423,1.01192,1.69993,0.416735,44.2437,-29.961,-6.93865,0,0,3.61184,5
1774392957437,0.203165,2.78657,0.560051,95.5175,-36.8777,35.6323,0,0,3.27093,5
1774392957450,0.657936,1.87798,0.434821,153.128,-63.816,16.1914,0,0,3.30845,5
1774392957464,0.379164,1.63746,0.432129,160.763,-73.7325,21.8014,0,0,3.33012,5
1774392957477,0.0322439,1.3279,0.409669,158.244,-71.5115,17.5421,0,0,3.30756,5
1774392957491,-0.259995,0.938252,0.705307,150.84,-55.5577,0.0234263,0,0,3.3155,3
1774392957504,-0.373774,0.69801,0.941883,122.031,-27.6955,-23.5184,0,0,3.31476,3
1774392957517,-0.306644,0.427016,1.05248,103.039,1.97621,-32.4577,0,0,3.31739,3
1774392957531,-0.191656,-0.275844,1.24071,54.9098,17.595,-10.2068,0,0,3.32549,3
1774392957544,-0.0471264,-0.136237,1.33251,1.38329,23.2059,17.1748,0,0,3.29165,3
1774392957558,0.0312461,0.0468658,1.34863,-26.9915,24.1145,25.8623,0,0,3.29154,3
1774392957571,0.0246585,-0.00829802,1.25586,-53.7549,23.2519,23.9314,0,0,3.34519,2
1774392957585,0.0048838,0.0544402,1.13697,-88.1135,22.3435,23.6412,0,0,3.38102,2
1774392957598,0.000732629,0.312487,1.00953,-115.289,21.2519,19.4505,0,0,3.25291,2
1774392957611,0.022704,0.53661,0.857674,-134.809,20.5038,13.6719,0,0,3.32971,2
1774392957625,0.0197755,0.70214,0.731696,-152.908,20.7863,10.023,0,0,3.6104,2
1774392957639,0.0356437,0.898184,0.609137,-166.412,21.2443,6.19095,0,0,3.34843,2
1774392957652,0.0861791,1.03539,0.500738,-177.229,22.4274,0.221553,0,0,3.30967,2
1774392957665,0.151364,1.16601,0.416508,-184.763,21.2748,-6.64102,0,0,3.28758,2
1774392957679,0.253169,1.32397,0.344486,-186.412,17.336,-14.0227,0,0,3.29354,2
1774392957692,0.33398,1.40722,0.284671,-183.832,9.06895,-17.9235,0,0,3.2648,5
1774392957706,0.370848,1.40552,0.242434,-181.756,0.320873,-17.0535,0,0,3.29467,5
1774392957719,0.367188,1.43628,0.189212,-177.298,-7.26695,-14.8474,0,0,3.295,5
1774392957732,0.316409,1.41773,0.136477,-173.825,-12.1525,-10.0307,0,0,3.30182,5
1774392957746,0.247806,1.40894,0.0920432,-169.603,-13.8244,-2.95441,0,0,3.2938,5
1774392957759,0.176029,1.34864,0.0317413,-167,-12.8932,5.27456,0,0,3.25856,5
1774392957773,0.134524,1.33521,-0.0246554,-165.382,-9.31308,11.6563,0,0,3.34969,5
1774392957786,0.101808,1.30933,-0.0778782,-162.947,-4.8093,14.4961,0,0,3.28023,5
1774392957799,0.1499,1.41918,-0.154293,-154.084,-2.12985,16.2671,0,0,3.30075,3
1774392957813,0.242183,1.40503,-0.243648,-141.1,-3.03051,17.2213,0,0,3.30549,3
1774392957826,0.31982,1.38818,-0.359613,-127.642,-6.41211,17.5114,0,0,3.29724,3
1774392957840,0.362303,1.33252,-0.469477,-118.603,-12.0533,19.1984,0,0,3.3101,3
1774392957853,0.305423,1.32568,-0.567134,-109.809,-17.4044,23.4961,0,0,3.27945,3
1774392957866,0.232426,1.51415,-0.652828,-95.4966,-21.1755,25.8167,0,0,3.30054,3
1774392957880,0.155521,1.55371,-0.734371,-66.2757,-22.2442,19.7559,0,0,3.31795,3
1774392957893,0.0361388,1.30885,-0.797848,-51.0539,-18.6413,8.11485,0,0,3.3788,3
1774392957907,-0.100823,1.31519,-0.798096,-39.3973,-10.5041,-0.824159,0,0,3.30658,3
1774392957920,-0.137205,1.5974,-0.794434,-15.9396,0.236319,-6.04564,0,0,3.33086,3
1774392957934,-0.212643,1.61987,-0.793213,21.0218,14.0912,-8.98464,0,0,3.34749,3
1774392957947,-0.352044,1.32204,-0.0295792,37.0835,36.9764,-7.48859,0,0,3.29017,3
1774392957960,0.749213,2.56634,1.93398,250.123,39.2824,-67.4867,0,0,3.29578,3
1774392957974,-0.126177,0.00305785,1.02861,250.13,20.97,-44.5198,0,0,3.28804,3
1774392957987,-0.300284,0.252185,0.38431,211.536,45.4191,-48.2136,0,0,3.3285,3
1774392958001,0.0561345,0.768285,0.161632,172.795,46.687,-16.7567,0,0,3.2986,3
1774392958014,0.0173359,0.794188,0.0878943,133.299,31.0386,-2.22944,0,0,3.30636,3
1774392958028,0.0341788,1.08617,0.577124,98.3675,13.2143,-5.76325,0,0,3.42378,3
1774392958041,-0.0534624,1.79171,0.151877,115.458,-0.862173,7.40419,0,0,3.30824,5
1774392958054,-0.00293221,1.45827,0.189451,142.992,-1.7328,15.015,0,0,3.27515,5
1774392958068,-0.0327134,0.494189,0.210936,114.596,11.908,10.5574,0,0,3.31697,5
1774392958081,0.0197728,0.520995,0.209473,67.0854,25.3202,8.16038,0,0,3.33956,5
1774392958095,0.0900844,1.1091,0.203858,61.9773,27.9007,4.96193,0,0,3.2613,5
1774392958108,0.0856936,1.07056,0.222655,72.7936,22.0154,5.83203,0,0,3.32415,5
1774392958122,0.0671396,0.782241,0.184572,62.3667,17.6261,7.36637,0,0,3.29217,5
1774392958135,0.0227073,0.865718,0.165284,47.3821,16.5649,9.25185,0,0,3.62636,5
1774392958149,0.0327143,1.02758,0.198973,46.6565,13.2444,11.7633,0,0,3.27617,5
1774392958162,0.0852025,0.969485,0.197998,47.8778,11.1527,13.7557,0,0,3.26302,5
1774392958175,0.0534684,0.901126,0.149172,40.7178,8.7558,12.8932,0,0,3.29112,5
1774392958189,0.0539551,0.908935,0.100832,32.1835,8.38169,12.7328,0,0,3.28787,5
1774392958202,0.0808092,0.92871,0.101318,24.3819,6.62601,11.3436,0,0,3.31112,5
1774392958216,0.0727543,0.96411,0.13037,20.9772,4.12221,10.229,0,0,3.29139,5
1774392958229,0.090087,0.983397,0.1167,18.5726,4.1603,7.01536,0,0,3.31782,5
1774392958242,0.117186,0.976807,0.0871597,17.5573,5.29768,3.31309,0,0,3.30291,5
1774392958256,0.105713,1.03247,0.0922849,19.1603,4.93894,-1.74794,0,0,3.29174,5
1774392958269,0.0942389,1.0061,0.130125,21.6106,8.64111,-7.09144,0,0,3.38347,5
1774392958283,0.0817877,1.02417,0.125489,23.1297,10.0687,-12.6182,0,0,3.25971,5
1774392958296,0.0825195,0.99463,0.103028,25.6335,13.9846,-16.9464,0,0,3.35173,5
1774392958309,0.0978996,0.965089,0.10376,23.6947,15.6793,-18.4732,0,0,3.28965,5
1774392958323,0.0903324,0.966553,0.128417,19.8398,9.4124,-12.1605,0,0,3.31852,5
1774392958337,0.0075725,1.02881,0.0310107,20.2519,14.7021,-13.519,0,0,3.67534,5
1774392958350,0.0637179,0.975344,0.116939,20.7786,9.04597,-9.98484,0,0,3.2706,5
1774392958363,0.0261249,0.997802,0.0581084,19.8932,8.09163,-4.53451,0,0,3.30687,5
1774392958377,-0.0212379,1.03906,0.0847155,23.9464,5.31306,0.274665,0,0,3.3446,5
1774392958390,0.0605428,1.02075,0.0944819,23.8473,3.84737,1.87781,0,0,3.32386,5
1774392958404,0.062744,0.988283,0.0791023,23.8702,2.19089,3.09157,0,0,3.29661,5
1774392958417,0.106687,1.06225,0.0974112,25.7022,-0.297635,2.80917,0,0,3.34202,5
1774392958431,0.101563,1.12231,0.0773936,32.2975,-2.68695,0.954254,0,0,3.32578,5
1774392958444,0.118651,1.10132,0.0793456,37.2212,-3.78623,-5.09906,0,0,3.30395,5
1774392958458,0.00708566,1.13647,0.0522474,44.0456,-1.62602,-9.80902,0,0,3.2865,5
1774392958471,-0.0104972,1.00513,0.0441899,43.3588,1.34342,-8.15272,0,0,3.31563,5
1774392958484,0.0070792,1.16161,0.0522457,45.8549,1.48855,-1.66432,0,0,3.30315,5
1774392958498,-0.0126943,1.06348,0.0249037,45.2977,0.313012,10.1523,0,0,3.30047,5
1774392958511,-0.0498028,1.10303,0.0124518,44.1985,0.0839763,14.809,0,0,3.3268,5
1774392958525,0.023678,1.12378,0.0256341,49.4655,0.305337,18.7632,0,0,3.29808,5
1774392958538,0.075681,1.07935,0.0236817,52.7938,-0.694626,19.5572,0,0,3.36806,5
1774392958551,0.0891107,1.07251,0.000977698,53.1221,-1.32823,18.1069,0,0,3.29508,5
1774392958565,0.0715341,1.08643,-0.0231922,55.1984,-1.52671,17.6031,0,0,3.29387,5
1774392958578,0.0761716,1.07471,-0.0029307,56.5419,-1.47328,15.939,0,0,3.30476,5
1774392958592,0.156978,1.08691,-0.0114742,61.1983,-2.73279,14.8092,0,0,3.28597,5
1774392958605,0.0654343,1.05078,-0.0471174,60,-2.56489,13.542,0,0,3.34824,5
1774392958619,0.08496,1.08227,-0.0622551,62.9388,-3.67172,14.2061,0,0,3.28498,5
1774392958632,0.043215,1.03394,-0.0681149,63.7786,-4.74043,15.0534,0,0,3.33702,5
1774392958645,0.0170911,1.05347,-0.121579,64.0534,-5.09923,16.9847,0,0,3.35167,5
1774392958659,0.0329582,1.08081,-0.128662,66.3282,-5.37404,19.5037,0,0,3.27841,5
1774392958672,0.0488273,1.10107,-0.109376,69.3053,-5.31298,20.8626,0,0,3.29424,5
1774392958686,0.0876445,1.12866,-0.121581,75.1601,-6.67935,21.6641,0,0,3.261,5
1774392958699,0.0424827,1.12573,-0.108887,78.0839,-7.13739,22.9313,0,0,3.35308,5
1774392958712,0.126461,1.18164,-0.115478,85.5341,-9.09918,23.5878,0,0,3.27615,5
1774392958726,0.129883,1.17041,-0.105958,90.6258,-12.519,25.5114,0,0,3.29952,5
1774392958739,0.0759304,1.24487,-0.112548,96.1525,-14.8167,28.7785,0,0,3.29211,5
1774392958753,0.118162,1.2395,-0.0981453,106.076,-17.1068,31.4274,0,0,3.29499,5
1774392958766,0.150145,1.24609,-0.101074,113.534,-22.1144,35.0228,0,0,3.26717,5
1774392958779,0.0935087,1.28052,-0.0817881,122.275,-23.6946,37.7862,0,0,3.28526,5
1774392958793,0.118163,1.47509,-0.0275906,135.992,-26.1831,44.6868,0,0,3.32169,5
1774392958806,0.353016,1.56176,0.0129374,160.679,-33.5952,43.397,0,0,3.24924,5
1774392958820,0.319826,1.64965,0.0983844,177.282,-43.0379,44.7252,0,0,3.32297,5
1774392958833,0.0661748,1.92772,0.17236,197.518,-51.015,50.8166,0,0,3.27813,5
1774392958846,-0.0136679,2.45359,0.164551,229.213,-49.4352,50.2901,0,0,3.41164,5
1774392958860,-0.357649,2.84178,0.0251535,250.129,-38.5118,43.5117,0,0,3.30376,5
1774392958873,-0.1858,2.51442,0.0178226,250.13,-15.1228,40.71,0,0,3.26141,5
1774392958887,0.0297744,1.8079,-0.0246561,250.13,-5.95447,27.4813,0,0,3.29613,1
1774392958900,0.372297,1.76343,0.0148906,250.13,-3.88556,20.9544,0,0,3.30106,5
1774392958913,0.456539,1.44118,-0.0532193,250.13,-13.0532,19.6565,0,0,3.3428,5
1774392958927,0.535641,1.12135,-0.0856917,250.13,-18.0304,22.977,0,0,3.27482,5
1774392958940,0.367684,0.817642,0.212876,250.13,-28.1295,34.8775,0,0,3.32793,5
1774392958954,1.36079,-1.49598,0.764377,250.13,-62.0372,-9.12845,0,0,3.29282,5
1774392958967,2.34907,-3.49111,0.332541,107.111,-177.065,20.6632,0,0,3.28052,4
1774392958980,-0.234002,-2.76371,0.559071,-197.945,-172.893,23.0763,0,0,3.3076,4
1774392958994,-0.521226,0.866518,0.942364,-250.136,-149.68,-52.2649,0,0,3.2663,4
1774392959007,-0.941873,1.03588,0.569355,-207.536,-107.261,-84.7624,0,0,3.3241,4
1774392959021,-0.867435,0.486356,0.476567,-218.931,-58.3221,-92.4883,0,0,3.31926,3
1774392959034,-0.668467,0.537839,0.376226,-212.909,-16.2837,-79.0386,0,0,3.31606,3
1774392959048,-0.491708,0.313488,0.409178,-227.206,23.8003,-56.7793,0,0,3.7126,3
1774392959062,-0.363288,0.341551,0.306402,-245.732,47.7397,-45.2217,0,0,3.29132,3
1774392959075,-0.226081,0.599352,0.409663,-250.137,72.526,-40.0307,0,0,3.30706,3
1774392959088,0.0224485,0.912338,0.383302,-250.137,85.534,-39.7099,0,0,3.28437,2
1774392959102,0.317368,1.03369,0.340578,-250.137,70.8172,-27.6874,0,0,3.31137,2
1774392959115,0.465325,0.905768,0.255375,-250.137,53.4967,-3.38241,0,0,3.31597,2
1774392959129,0.463135,0.917968,0.220461,-250.137,35.3822,16.4727,0,0,3.35862,2
1774392959142,0.36231,1.10277,0.206544,-250.137,23.9851,19.6946,0,0,3.28699,2
1774392959155,0.271977,1.33056,0.171144,-250.137,19.5498,13.5727,0,0,3.28508,2
1774392959169,0.21802,1.39355,0.14673,-250.137,15.4581,9.20624,0,0,3.28641,2
1774392959182,0.174563,1.41797,0.151611,-250.137,11.3894,12.8778,0,0,3.30813,2
1774392959196,0.195067,1.53808,0.182127,-250.137,6.93143,17.496,0,0,3.28276,2
1774392959209,0.265621,1.60937,0.185547,-250.137,1.18338,17.4962,0,0,3.28371,2
1774392959222,0.399163,1.66015,0.166993,-250.137,-7.90049,12.2139,0,0,3.3583,2
1774392959236,0.483638,1.63916,0.160645,-250.137,-20.7324,10.481,0,0,3.28589,3
1774392959249,0.534665,1.74145,0.19702,-250.137,-35.6102,14.2136,0,0,3.26971,5
1774392959263,0.507326,1.89233,0.164552,-250.137,-49.1675,19.2289,0,0,3.30226,3
1774392959276,0.390387,1.8855,0.0637257,-250.137,-59.1142,24.7861,0,0,3.27397,3
1774392959289,0.124281,1.68214,-0.0375926,-250.137,-60.3435,35.8012,0,0,3.27702,3
1774392959303,-0.138415,1.7871,-0.0717756,-250.137,-49.7026,46.9768,0,0,3.29608,3
1774392959316,-0.179685,2.0454,-0.186762,-250.137,-33.7486,50.3587,0,0,3.32821,3
1774392959330,0.00536184,2.02588,-0.335442,-250.137,-20.634,45.4811,0,0,3.26865,3
1774392959343,0.267809,1.94336,-0.526358,-232.077,-18.481,39.6796,0,0,3.31313,3
1774392959356,0.403558,2.08129,-0.75243,-206.199,-28.6791,53.137,0,0,3.29989,3
1774392959370,0.123549,2.19995,-1.10765,-156.666,-40.0684,75.9688,0,0,3.36965,3
1774392959383,-0.297586,1.87111,-1.43089,-121.993,-26.6493,71.7788,0,0,3.29313,3
1774392959397,-0.732156,1.89038,-1.76121,-83.2989,10.8615,34.1614,0,0,3.28874,3
1774392959410,-0.793454,1.97412,-1.88305,-39.383,53.6323,-6.32703,0,0,3.33315,3
1774392959424,-0.516615,2.06665,-1.89453,8.25048,79.6023,-26.3811,0,0,3.29826,3
1774392959437,-0.354012,2.01685,-1.77271,49.5102,90.7554,-20.6414,0,0,3.31243,3
1774392959451,2.13977,3.99978,-1.7583,102.716,12.1016,103.05,0,0,3.3286,3
1774392959464,1.40873,-0.0171331,1.32968,250.125,-12.0298,-53.1633,0,0,3.28847,3
1774392959478,1.04738,-0.356672,1.3789,250.13,-3.43537,-155.898,0,0,3.29743,3
1774392959491,-0.0841719,0.384484,-0.387607,235.855,-25.465,-123.871,0,0,3.27226,3
1774392959504,-0.369859,0.852516,0.649362,169.124,-38.0989,-48.9259,0,0,3.33267,3
1774392959518,-0.549796,1.65792,0.246846,137.375,9.98329,-2.98611,0,0,3.32545,3
1774392959531,-0.147969,2.26901,-0.0239122,175.487,12.1144,12.7629,0,0,3.30023,3
1774392959545,0.0151286,0.816235,0.102777,179.847,4.71015,17.7021,0,0,3.29365,5
1774392959558,-0.00341704,-0.060503,0.0351596,96.7811,10.9769,18.3893,0,0,3.35434,5
1774392959572,0.062985,0.630092,0.0644517,34.6584,19.8318,15.2749,0,0,3.3016,5
1774392959585,0.159175,1.3088,0.135006,43.9692,19.0382,12.8321,0,0,3.28986,5
1774392959598,0.13379,0.853294,0.132324,47.4426,15.1528,8.62608,0,0,3.2823,5
1774392959612,0.0825221,0.689461,0.114015,21.9321,14.0229,6.29015,0,0,3.29937,5
1774392959625,0.0830078,1.03685,0.0839859,14.8017,14.1756,4.17564,0,0,3.32247,5
1774392959639,0.0991203,0.97388,0.0515153,18.4961,14.8855,-1.32808,0,0,3.29521,5
1774392959652,0.0490748,0.945558,0.133053,13.107,15.1832,-1.09161,0,0,3.30869,5
1774392959666,0.0798324,0.992185,0.105714,12.5878,12.3207,-0.900769,0,0,3.38721,5
1774392959679,0.0402852,0.929691,0.13452,9.61841,11.8168,0.954143,0,0,3.30041,5
1774392959692,0.10278,0.929443,0.122071,3.74063,13.2748,-0.122105,0,0,3.28389,5
1774392959706,0.0639668,0.956542,0.12915,1.32068,15.687,-2.19841,0,0,3.28906,5
1774392959719,0.0556645,1.03051,0.207027,3.21368,19.58,-4.66405,0,0,3.29391,5
1774392959733,0.0603025,1.0564,0.158206,10.0914,21.3358,-7.05336,0,0,3.31617,5
1774392959746,0.101316,1.02442,0.138673,15.8472,21.5572,-8.59537,0,0,3.33247,5
1774392959760,0.0673845,1.104,0.16992,24.1219,17.3436,-11.29,0,0,3.32554,5
1774392959773,0.0102568,0.969001,0.179931,29.1525,19.0992,-12.7251,0,0,3.33002,5
1774392959786,0.175529,0.86646,-0.0187889,25.7253,13.4048,-8.87034,0,0,3.2876,5
1774392959800,0.010018,1.07494,0.041745,25.1756,13.0382,-5.67949,0,0,3.29906,5
1774392959813,0.133295,0.984624,0.107907,26.3358,8.19862,-4.26722,0,0,3.29941,5
1774392959827,0.0732452,0.973389,0.0495635,26.9618,8.27481,-4.32061,0,0,3.26443,5
1774392959840,0.0737304,1.12206,0.10864,31.5876,6.43517,-3.57254,0,0,3.37815,5
1774392959853,0.111082,1.07495,0.0449251,40.0074,4.22907,-3.84732,0,0,3.28737,5
1774392959867,0.00659702,1.22167,0.110348,49.6638,6.99992,-3.65649,0,0,3.32952,5
1774392959880,0.0219719,1.2168,0.0854505,65.2438,4.24436,1.63343,0,0,3.29499,5
1774392959894,0.011231,0.965345,0.0925289,63.2672,4.90838,0.763385,0,0,3.26984,5
1774392959907,0.0156248,1.04541,0.101806,63.0992,5.3893,0.748092,0,0,3.32247,5
1774392959921,0.00756876,1.08618,0.0612813,63.2672,6.44272,4.21364,0,0,3.3023,5
1774392959934,0.0671357,1.25561,0.0063504,71.9692,4.48861,11.6334,0,0,3.4556,5
1774392959948,0.0534675,1.14625,0.0707976,78.7097,1.99244,22.4882,0,0,3.3156,5
1774392959961,0.0449223,0.980721,0.0258812,69.5346,2.5267,18.6719,0,0,3.41832,5
1774392959975,0.052734,1.0393,-0.00781082,60.4659,2.17558,19.7099,0,0,3.31995,5
1774392959988,0.0607906,1.12133,0.0153797,62.5267,1.9084,21.4503,0,0,3.27728,5
1774392960001,0.0136742,1.15381,-0.0104968,66.3739,1.69466,21.3359,0,0,3.29447,5
1774392960015,0.074704,1.19092,-0.00293007,72.6945,-0.152616,25.4579,0,0,3.3616,5
1774392960028,0.150387,1.12964,-0.0332016,80.7479,-1.25951,21.3971,0,0,3.4068,5
1774392960042,0.107912,1.01246,-0.0563953,73.1071,-3.11445,18.6871,0,0,3.28319,5
1774392960055,0.157712,1.16015,-0.0651851,73.5572,-3.62594,15.0764,0,0,3.30458,5
1774392960069,0.100589,1.03272,-0.0932603,75.1679,-6.19076,14.9313,0,0,3.32554,5
1774392960082,0.106445,1.06348,-0.116698,74.7328,-7.35111,14.8092,0,0,3.27154,5
1774392960096,0.0607933,1.06567,-0.124755,77.0686,-8.55722,16.1526,0,0,3.32021,5
1774392960109,0.0632323,1.10083,-0.141601,80.0839,-9.39692,16.5038,0,0,3.27748,5
1774392960122,0.0549321,1.07691,-0.179686,87.0761,-9.99235,17.2366,0,0,3.29287,5
1774392960136,0.082274,0.964849,-0.201903,86.3283,-10.6565,17.3588,0,0,3.29698,5
1774392960149,0.0869138,1.02173,-0.211181,87.2519,-10.6336,17.5649,0,0,3.30726,5
1774392960163,0.134519,1.00049,-0.22412,89.8091,-12.0076,16.5344,0,0,3.34243,5
1774392960176,0.102541,1.00366,-0.2229,88.5115,-13.5267,16.5725,0,0,3.29419,5
1774392960190,0.0983889,1.09643,-0.268552,94.4884,-13.4351,16.2748,0,0,3.35167,5
1774392960203,0.142088,0.985113,-0.269775,97.9159,-13.8855,15.771,0,0,3.29869,5
1774392960216,0.161864,1.03247,-0.278564,98.2672,-15.8778,16.2061,0,0,3.31341,5
1774392960230,0.192625,1.13061,-0.256349,102.473,-18.8701,18.4732,0,0,3.27089,5
1774392960243,0.185059,1.28466,-0.194583,109.076,-21.0534,19.4962,0,0,3.33974,5
1774392960257,0.355704,1.48827,-0.105961,125.58,-28.3891,18.5954,0,0,3.27554,5
1774392960270,0.321535,1.68627,-0.0534694,143.16,-36.3204,19.3893,0,0,3.33728,5
1774392960284,0.347655,2.00487,0.056391,164.732,-42.5342,19.1985,0,0,3.29345,5
1774392960297,0.288089,2.42137,0.101072,202.701,-55.8698,17.4886,0,0,3.27235,5
1774392960310,0.102548,2.84641,0.117675,250.128,-59.3129,22.954,0,0,3.33178,5
1774392960324,-0.292461,2.84644,-0.062491,250.13,-46.3134,20.5344,0,0,3.28624,5
1774392960337,0.0646794,2.25784,-0.0485847,250.13,-36.0995,20.9084,0,0,3.29708,1
1774392960351,0.314929,1.77908,-0.0107441,250.13,-32.191,9.00799,0,0,3.32374,1
1774392960364,0.175056,1.72022,-0.0170895,250.13,-28.2062,6.87029,0,0,3.31837,1
1774392960378,0.595194,1.36183,0.1455,250.13,-40.2897,14.183,0,0,3.29886,1
1774392960391,0.437508,1.37451,0.172362,250.13,-51.0149,20.7479,0,0,3.28841,1
1774392960405,0.765853,-0.472564,0.279047,250.13,-57.4578,8.94692,0,0,3.31989,1
1774392960418,0.0539907,-3.1964,1.15059,169.392,-83.2053,-1.07604,0,0,3.2958,1
1774392960431,0.235587,-3.3977,-1.40124,-44.6119,-117.907,33.9379,0,0,3.31856,1
1774392960445,-0.687942,-1.51816,0.819957,-250.131,-48.0326,-14.7848,0,0,3.33536,1
1774392960458,-0.888174,1.08923,0.640634,-250.137,-10.9629,-83.3644,0,0,3.2793,1
1774392960472,-0.586685,0.491729,0.531988,-250.137,21.167,-70.7637,0,0,3.28019,2
1774392960485,-0.363537,0.576656,0.547363,-250.137,42.6253,-36.5125,0,0,3.28826,2
1774392960498,-0.119641,0.685297,0.492434,-250.137,56.8545,-17.5044,0,0,3.35895,2
1774392960512,0.0541905,0.601567,0.427005,-250.137,66.1829,-28.8088,0,0,3.3183,2
1774392960525,0.133297,0.385021,0.382082,-250.137,59.1147,-42.1904,0,0,3.34275,2
1774392960539,0.287834,0.520745,0.421873,-250.137,47.7561,-45.6335,0,0,3.26091,2
1774392960552,0.348386,0.649164,0.451903,-250.137,34.4126,-37.0232,0,0,3.30304,2
1774392960566,0.329591,0.898669,0.39136,-250.137,2.89408,-21.1302,0,0,3.3011,2
1774392960579,0.184578,0.866701,0.339114,-250.137,-9.09124,-3.84021,0,0,3.26924,2
1774392960592,0.0969282,1.10399,0.26099,-250.137,-12.3739,13.4575,0,0,3.28974,2
1774392960606,0.0979003,1.56516,0.130378,-250.137,-10.3665,32.5643,0,0,3.28828,2
1774392960619,0.114745,1.68774,0.023687,-250.137,-7.7329,51.6864,0,0,3.37097,2
1774392960633,0.104981,1.51173,0.0217286,-250.137,-3.93905,65.3813,0,0,3.2753,2
1774392960646,0.17236,1.65112,0.0173342,-250.137,1.67159,61.5497,0,0,3.38875,2
1774392960659,0.270503,1.70825,-0.0466277,-250.137,6.11437,47.634,0,0,3.28198,2
1774392960673,0.428947,1.68311,-0.118893,-250.137,3.22146,33.2752,0,0,3.28471,5
1774392960686,0.387209,1.42433,-0.128906,-250.137,-1.21361,24.6644,0,0,3.29443,5
1774392960700,0.180919,1.48413,-0.0737332,-250.137,-0.328271,18.3132,0,0,3.28232,5
1774392960713,0.0263749,1.69408,-0.00708341,-250.137,6.65628,12.0155,0,0,3.28637,3
1774392960726,-0.0498009,1.80517,-0.00854485,-250.137,15.4807,7.77875,0,0,3.29045,5
1774392960740,-0.000734875,1.77686,0.00585865,-250.137,23.328,3.25968,0,0,3.31121,5
1774392960753,0.129632,1.75708,-0.00366163,-250.137,25.8549,-1.87771,0,0,3.32211,5
1774392960767,0.344228,1.72363,-0.0419903,-250.137,19.9544,-5.52661,0,0,3.29354,5
1774392960780,0.601306,1.89941,-0.118404,-244.886,4.87068,-8.69456,0,0,3.2948,5
1774392960794,0.79418,2.01391,-0.324941,-215.276,-20.5718,-2.54217,0,0,3.29689,5
1774392960807,0.664557,1.87623,-0.531484,-189.963,-48.106,22.3733,0,0,3.29028,5
1774392960820,0.223899,1.86011,-0.743642,-164.497,-63.5415,47.1138,0,0,3.27404,5
1774392960834,-0.257544,1.96997,-0.939687,-127.551,-55.6186,46.4962,0,0,3.36525,5
1774392960847,-0.549546,1.74513,-1.10375,-87.3218,-28.9168,13.9933,0,0,3.31843,5
1774392960861,-0.421881,1.48512,-1.14038,-63.3366,-4.02365,-20.9761,0,0,3.26628,5
1774392960874,-0.139418,1.66576,-1.15552,-40.2602,6.57983,-30.0226,0,0,3.29893,3
1774392960888,0.000481287,1.99388,-1.12647,4.63987,5.15271,-24.3208,0,0,3.27308,3
1774392960901,-0.209218,1.91114,-1.04468,57.2122,13.412,-25.916,0,0,3.27074,3
1774392960915,-0.463122,1.55641,-0.885994,86.9075,37.7779,-38.9462,0,0,3.29369,3
1774392960928,-0.369878,3.99976,1.48182,250.125,14.7106,-59.7704,0,0,3.30026,3
1774392960941,0.435507,-0.524432,1.07448,250.13,-10.7855,-102.358,0,0,3.26591,3
1774392960955,-0.331505,0.274374,0.135545,250.13,34.5025,-126.244,0,0,3.3275,3
1774392960968,-0.0778935,0.92111,-0.0478424,219.97,47.7935,-51.4984,0,0,3.29519,3
1774392960982,-0.337389,0.746102,0.205065,170.147,37.4889,-10.0012,0,0,3.293,5
1774392960995,-0.0673963,1.22971,0.267331,123.643,33.42,-10.3817,0,0,3.3141,5
1774392961008,-0.26293,2.05123,0.0700782,147.915,20.4279,20.5716,0,0,3.32139,5
1774392961022,0.0429535,1.14824,0.090331,170.274,0.970049,19.5878,0,0,3.38713,5
1774392961035,-0.124503,0.235885,0.136228,114.345,9.45776,23.5419,0,0,3.32167,5
1774392961049,0.0717675,0.550033,0.132569,59.3146,18.4119,14.8781,0,0,3.35713,5
1774392961062,0.109617,1.1611,0.18115,57.9313,21.2976,11.1833,0,0,3.31002,5
1774392961076,0.0727557,1.01832,0.152345,66.4883,18.6489,8.65656,0,0,3.36277,5
1774392961089,0.0751952,0.774426,0.125245,52.7256,17.0611,6.38175,0,0,3.28411,5
1774392961103,0.00806,0.880854,0.0878925,38.1913,18.832,4.76341,0,0,3.31898,5
1774392961116,0.0456524,0.952877,0.0300322,30.3056,19.8015,5.9389,0,0,3.2906,5
1774392961130,0.0739732,0.975097,0.0729959,25.9391,15.5497,4.93896,0,0,3.31758,5
1774392961143,0.02344,0.965821,0.0700685,22.878,13.9084,6.04577,0,0,3.32404,5
1774392961156,0.0620098,0.963623,0.116941,20.71,11.6489,7.62591,0,0,3.26235,5
1774392961170,0.125485,0.899173,0.0544465,13.588,7.51921,4.67948,0,0,3.29291,5
1774392961183,0.0246632,0.878663,0.0710441,5.09949,8.16029,1.48101,0,0,3.30802,5
1774392961197,0.118404,1.16869,0.0957019,15.0989,9.91598,-5.41964,0,0,3.3311,5
1774392961210,0.244867,0.975596,0.178219,17.4121,6.05355,-4.35881,0,0,3.29776,5
1774392961223,-0.0466163,1.00073,0.0949749,18.9694,10.2899,-9.77846,0,0,3.30702,5
1774392961237,0.106926,1.06616,0.13989,21.0992,11.0381,-10.8626,0,0,3.31976,5
1774392961250,-0.0266047,1.10449,0.230708,32.2821,14.1449,-13.4121,0,0,3.29067,5
1774392961264,0.189686,0.974128,-0.0800626,36.7709,15.4809,-12.6336,0,0,3.30704,5
1774392961277,0.0495676,0.974853,0.0446715,33.8398,12.3665,-11.1756,0,0,3.57105,5
1774392961291,0.0571285,0.936037,-0.0097629,32.9313,8.8169,-6.09939,0,0,3.35847,5
1774392961304,0.00439717,0.913087,0.0720174,26.13,8.28246,-3.40466,0,0,3.3011,5
1774392961318,-0.0117179,0.963132,0.0429702,20.962,5.92373,-1.77867,0,0,3.25419,5
1774392961331,0.00512611,1.07812,0.0634755,25.6563,6.687,0.160247,0,0,3.32411,5
1774392961344,-0.0178211,1.15722,0.0500495,37.0073,5.47332,3.99225,0,0,3.2788,5
1774392961358,0.0100084,1.09424,0.0854474,45.6944,6.95415,5.86254,0,0,3.29089,5
1774392961371,0.0349109,0.962409,0.0214876,46.7481,4.66419,4.59546,0,0,3.30641,5
1774392961385,0.044189,0.971923,-0.00439324,42.1757,4.64122,3.54965,0,0,3.39502,5
1774392961398,0.0244151,0.864019,-0.000244348,32.1911,3.77865,1.31304,0,0,3.29143,5
1774392961412,0.047118,1.00903,-0.00903276,27.2597,3.44276,-1.73273,0,0,3.2943,5
1774392961425,0.0512693,1.14086,0.00244083,35.1677,2.61835,-3.145,0,0,3.40638,5
1774392961438,0.0148944,1.04346,-0.0200184,39.0762,0.465713,-5.74801,0,0,3.3023,5
1774392961452,-0.0612755,1.01196,-0.028564,35.336,2.88542,-9.0686,0,0,3.32793,5
1774392961465,0.0109827,1.05054,-0.00683702,31.4505,2.7252,-11.6564,0,0,3.29608,5
1774392961479,-0.0178208,1.13671,-0.0322253,35.206,3.68699,-12.3588,0,0,3.67025,5
1774392961493,-0.03247,1.20361,-0.0231938,37.4503,4.08396,-2.93921,0,0,3.31086,5
1774392961506,-0.0239262,1.20605,-0.0332026,43.4731,2.45043,7.16,0,0,3.27932,5
1774392961519,-0.047118,1.20459,-0.0114757,46.2976,1.70995,12.4884,0,0,3.33234,5
1774392961533,-0.0100116,1.22851,-0.0136718,52.725,1.17559,18.3204,0,0,3.29397,5
1774392961546,-0.0168454,1.2417,-0.0136719,57.7556,2.42744,19.1374,0,0,3.3083,5
1774392961560,-0.064939,1.2561,-0.0378406,64.1601,2.07635,23.7709,0,0,3.29497,5
1774392961573,0.0373484,1.32837,-0.0207528,73.9921,1.07637,25.9694,0,0,3.27656,5
1774392961586,0.0263677,1.2583,-0.0148929,81.3891,-0.129735,27.5725,0,0,3.29406,5
1774392961600,0.05078,1.28149,-0.0446762,88.8547,-2.32818,30.061,0,0,3.26734,5
1774392961613,0.0766589,1.25903,-0.0258798,95.5952,-5.39685,31.458,0,0,3.36513,5
1774392961627,0.116941,1.28955,-0.0280761,104.275,-9.54949,31.4809,0,0,3.34423,5
1774392961640,0.0861832,1.34912,-0.00293094,114.679,-13.1068,31.6183,0,0,3.29582,5
1774392961654,0.201654,1.45019,0.038328,131.832,-19.0227,29.8397,0,0,3.33252,5
1774392961667,0.198486,1.47973,0.0717757,145.862,-26.038,30.9618,0,0,3.28939,5
1774392961680,0.239256,1.7246,0.164546,167.923,-35.3738,32.8778,0,0,3.28506,5
1774392961694,0.363031,1.89306,0.322746,192.885,-46.7859,34.1221,0,0,3.29874,5
1774392961707,0.389647,2.11474,0.468743,222.014,-59.5798,32.7176,0,0,3.29661,5
1774392961721,0.343508,2.33886,0.405765,250.129,-70.5188,27.7864,0,0,3.29978,5
1774392961734,0.103283,2.35986,0.295904,250.13,-74.4274,20.6491,0,0,3.3033,5
1774392961747,-0.00219199,2.00148,-0.123026,250.13,-63.3973,22.374,0,0,3.29035,5
1774392961761,0.0341779,1.92383,-0.180173,250.13,-53.2522,17.6948,0,0,3.31543,5
1774392961774,0.0839819,1.32547,0.000479249,250.13,-49.8093,-0.625405,0,0,3.29523,5
1774392961788,0.192377,1.39013,-0.127923,250.13,-43.8322,0.832017,0,0,3.29723,5
1774392961801,0.658424,1.18336,0.107654,250.13,-58.137,-2.58768,0,0,3.28274,4
1774392961814,0.521003,0.701684,0.240716,250.13,-67.6104,1.62583,0,0,3.26815,4
1774392961828,0.748768,-0.306834,0.856415,250.13,-92.0909,-8.27451,0,0,3.31843,4
1774392961841,1.5107,-2.97716,0.695565,139.362,-141.449,34.4109,0,0,3.26793,4
1774392961855,-0.34146,-2.25272,0.133329,-117.267,-127.26,63.3197,0,0,3.40949,4
1774392961868,-0.665023,0.54405,0.558084,-150.968,-93.459,3.59721,0,0,3.29565,4
1774392961882,-1.05418,-0.101774,0.374521,-178.472,-33.7804,-36.327,0,0,3.29811,4
1774392961895,-0.85792,0.61764,0.414793,-192.862,19.0061,-46.4959,0,0,3.30524,4
1774392961908,-0.626232,0.417002,0.403809,-194.229,55.3501,-29.2982,0,0,3.29974,4
1774392961922,-0.350111,0.502437,0.411865,-203.618,81.0069,-9.77921,0,0,3.28926,4
1774392961935,-0.120861,0.341317,0.427734,-213.389,103.328,-2.66434,0,0,3.39195,2
1774392961949,-0.024663,0.427242,0.372073,-230.061,108.603,-0.11458,0,0,3.35373,2
1774392961962,0.171133,0.393801,0.426267,-250.137,103.611,3.58768,0,0,3.26791,2
1774392961975,0.259761,0.534905,0.474607,-250.137,94.3972,5.61063,0,0,3.28217,2
1774392961989,0.299314,0.649408,0.510008,-250.137,79.0157,6.35876,0,0,3.30312,2
1774392962002,0.270753,0.939194,0.515136,-250.137,57.8556,3.69474,0,0,3.24974,2
1774392962016,0.255372,1.10375,0.457767,-250.137,46.5805,2.87789,0,0,3.31317,2
1774392962029,0.259033,1.21777,0.405764,-250.137,36.069,6.65638,0,0,3.25995,2
1774392962042,0.302732,1.3789,0.385743,-250.137,24.1072,15.6791,0,0,3.3786,2
1774392962056,0.329589,1.53002,0.361573,-250.137,11.1836,23.4883,0,0,3.30576,2
1774392962069,0.230474,1.50513,0.413816,-250.137,2.93155,23.9695,0,0,3.27767,2
1774392962083,0.200441,1.61913,0.473142,-250.137,-1.25942,13.8018,0,0,3.29999,2
1774392962096,0.246824,1.63867,0.497557,-250.137,-5.00752,0.206515,0,0,3.30187,2
1774392962110,0.386712,1.96971,0.47754,-250.137,-15.6714,-5.96165,0,0,3.325,3
1774392962123,0.511468,2.04614,0.324226,-250.137,-34.488,0.595223,0,0,3.28898,3
1774392962136,0.457034,2.04883,0.214361,-250.137,-51.9766,10.6638,0,0,3.30886,3
1774392962150,0.328376,2.25219,0.0712962,-250.137,-60.9234,12.1679,0,0,3.29448,3
1774392962163,0.179939,2.36206,-0.138906,-250.137,-59.3512,7.28259,0,0,3.29832,3
1774392962177,0.147463,2.41894,-0.426743,-250.137,-52.4277,5.52677,0,0,3.26248,3
1774392962190,0.203122,2.20899,-0.664783,-250.137,-46.6338,10.9998,0,0,3.28321,3
1774392962203,0.258298,2.3955,-0.866445,-223.215,-48.8625,36.0145,0,0,3.31474,3
1774392962217,-0.141093,2.29859,-1.11425,-174.269,-46.3054,69.083,0,0,3.29032,3
1774392962230,-0.643041,1.84328,-1.38475,-142.421,-20.3672,80.7401,0,0,3.3455,3
1774392962244,-0.717281,2.01513,-1.55395,-117.802,20.9835,43.337,0,0,3.26752,3
1774392962257,-0.447279,2.27196,-1.51709,-60.3071,51.251,-0.853636,0,0,3.31258,3
1774392962270,-0.134537,2.00905,-1.33863,-9.27634,61.7096,-16.801,0,0,3.30086,3
1774392962284,-0.0866723,1.79835,-1.09401,26.9455,64.8396,-11.1299,0,0,3.28774,3
1774392962297,0.0522391,1.83618,3.99962,-17.6552,63.3283,-14.1984,0,0,3.29126,3
1774392962311,1.08247,1.90698,1.94249,250.122,27.6118,-97.3945,0,0,3.2658,3
1774392962324,-0.758453,-0.545532,1.14921,250.13,25.6871,-79.1074,0,0,3.33552,3
1774392962337,0.00508878,0.20382,0.239303,229.482,39.5721,-79.6488,0,0,3.2641,3
1774392962351,-0.112055,0.356194,0.260985,158.987,48.2898,-43.2835,0,0,3.36375,3
1774392962364,-0.811244,0.90134,0.287352,101.551,68.3658,-6.33699,0,0,3.28334,5
1774392962378,0.238961,1.73336,0.149421,103.343,40.5352,6.60267,0,0,3.27174,5
1774392962391,0.0974192,2.11961,0.139649,147.167,4.31406,28.1215,0,0,3.29506,5
1774392962404,0.0793466,1.19194,0.212887,167.725,-18.4573,24.7177,0,0,3.29602,5
1774392962418,-0.107168,0.284957,0.19214,118.872,-3.0768,21.3894,0,0,3.3146,5
1774392962431,-0.0156296,0.430169,0.170899,59.7651,13.801,14.5193,0,0,3.29691,5
1774392962445,0.159659,1.07077,0.216795,48.8858,11.4505,10.8016,0,0,3.33399,5
1774392962458,0.119387,1.10864,0.221191,63.0759,3.50406,9.13745,0,0,3.3138,5
1774392962472,0.0119683,0.869641,0.220947,59.2215,2.75575,9.12977,0,0,3.27148,5
1774392962485,-0.00268481,0.887694,0.160159,48.3591,9.90818,9.58777,0,0,3.26721,5
1774392962499,0.0595672,0.984858,0.12549,42.8399,7.67946,9.14505,0,0,3.32747,5
1774392962512,0.0668942,0.944338,0.157225,39.5574,4.77871,10.8091,0,0,3.2873,5
1774392962525,0.0781244,0.882816,0.140626,30.901,4.50383,11.2824,0,0,3.29376,5
1774392962539,0.08374,0.914793,0.149169,22.8934,4.00002,10.3359,0,0,3.35817,5
1774392962552,0.0793459,0.954588,0.130372,18.3513,3.84733,8.74051,0,0,3.31384,5
1774392962566,0.0917963,0.953857,0.142333,15.107,2.83972,7.05349,0,0,3.26686,5
1774392962579,0.0126993,1.03613,0.105715,18.0304,5.94647,3.87032,0,0,3.27041,5
1774392962592,0.0788541,0.968509,0.115966,17.3817,7.91597,1.50389,0,0,3.29517,5
1774392962606,0.0749514,1.04809,0.0886244,20.3969,8.55723,-2.3892,0,0,3.29943,5
1774392962619,0.0839839,0.958989,0.146481,19.9313,9.80912,-4.50375,0,0,3.25952,5
1774392962633,-0.00219296,1.00342,0.116945,20.5038,11.2519,-7.06099,0,0,3.31563,5
1774392962646,0.136468,0.95386,0.0974131,16.5116,11.8168,-7.3664,0,0,3.28143,5
1774392962659,0.0942404,0.993894,0.136473,15.2748,14.3663,-8.49615,0,0,3.3626,5
1774392962673,0.0676283,1.04345,0.165282,19.9006,15.3511,-11.8167,0,0,3.29597,5
1774392962686,0.063965,1.01953,0.167969,25.2899,18.0381,-15.122,0,0,3.26769,5
1774392962700,-0.0170858,1.02246,0.129641,29.1984,18.8855,-14.542,0,0,3.37439,5
1774392962713,0.181387,0.992189,-0.134997,30.9312,18.8321,-8.8933,0,0,3.28886,5
1774392962727,0.0373607,1.03564,-0.017584,30.3054,8.99266,-6.09932,0,0,3.35532,5
1774392962740,0.0300297,0.879158,0.106683,23.3361,6.78633,-1.08412,0,0,3.27782,5
1774392962753,0.02002,0.91577,0.0566431,15.2216,4.27488,1.52664,0,0,3.3406,5
1774392962767,0.0803193,1.06445,0.0871567,14.8397,4.38931,1.08398,0,0,3.3,5
1774392962780,0.0590831,1.21777,0.129392,30.6942,3.45041,1.12214,0,0,3.28678,5
1774392962794,0.09326,1.1067,0.0415083,47.1216,3.16031,2.08394,0,0,3.32,5
1774392962807,0.0376004,0.953377,0.128658,47.5572,3.36641,0.648898,0,0,3.29571,5
1774392962820,0.0390624,0.964599,0.0297901,41.42,2.30538,0.366421,0,0,3.28197,5
1774392962834,-0.0251433,0.958741,0.0278321,36.4658,3.61065,0.694647,0,0,3.30897,5
1774392962847,0.0219703,1.07177,0.0200199,34.4352,3.57252,-1.23658,0,0,3.35752,5
1774392962861,0.0361321,1.11401,0.0278316,40.6945,2.89315,-1.06871,0,0,3.2895,5
1774392962874,0.0271001,1.03272,0.0546862,38.5039,2.4733,2.58004,0,0,3.25778,5
1774392962887,0.00952236,1.10278,0.0266127,36.4123,2.29008,4.89306,0,0,3.29006,5
1774392962901,0.0251457,1.18261,0.0400384,41.2594,1.38171,11.8166,0,0,3.36317,5
1774392962914,0.0112312,1.15088,0.0141615,44.7709,-0.106826,22.3585,0,0,3.31688,5
1774392962928,0.00024469,1.2019,0.00732456,50.0456,0.732799,23.2519,0,0,3.25119,5
1774392962941,0.0300278,1.16748,0.01831,56.496,0.160323,26.6564,0,0,3.33178,5
1774392962954,0.0825169,1.17798,0.024902,59.4274,-1.04577,27.8931,0,0,3.28876,5
1774392962968,0.0324732,1.22314,0.0253906,65.2975,-1.42747,29.7175,0,0,3.30248,5
1774392962981,0.0644515,1.24023,0.0192874,70.1373,-1.66412,31.1984,0,0,3.29661,5
1774392962995,0.0998517,1.2854,0.0173341,79.2898,-3.82436,33.8091,0,0,3.29658,5
1774392963008,0.0451687,1.2522,-0.0014639,86.1372,-5.15263,36.0992,0,0,3.30282,5
1774392963021,0.0891091,1.28906,0.0112298,93.4196,-8.12205,38.8778,0,0,3.28862,5
1774392963035,0.117674,1.35766,0.0263664,103.435,-10.9846,40,0,0,3.30497,5
1774392963048,0.148436,1.36792,0.0371088,115.862,-15.1144,39.9466,0,0,3.45886,5
1774392963062,0.155761,1.38232,0.055419,127.855,-20.1525,42.5419,0,0,3.28523,5
1774392963075,0.0932648,1.42993,0.0710441,141.641,-25.7021,46.5419,0,0,3.29924,5
1774392963089,0.115477,1.51294,0.105223,156.732,-30.2441,51.954,0,0,3.28132,5
1774392963102,0.333241,1.66064,0.168454,177.954,-39.8165,54.4427,0,0,3.2653,5
1774392963115,0.243657,1.63086,0.252681,199.587,-45.4044,54.0534,0,0,3.31011,5
1774392963129,0.297849,1.98192,0.413566,221.923,-53.0914,57.1678,0,0,3.31897,5
1774392963142,0.231937,2.36155,0.40088,250.129,-58.8395,49.0384,0,0,3.29587,5
1774392963156,-0.0561379,2.46459,0.215585,250.13,-52.8246,43.0307,0,0,3.2986,5
1774392963169,-0.117673,2.75975,0.0315033,250.13,-38.1378,40.9695,0,0,3.25404,5
1774392963183,0.0412518,2.52906,0.135249,250.13,-28.1682,22.3288,0,0,3.3023,5
1774392963196,0.344223,1.53838,0.319083,250.13,-25.2062,22.4122,0,0,3.34799,4
1774392963209,0.460443,1.8723,0.249759,250.13,-32.0838,32.4882,0,0,3.3343,4
1774392963223,0.619865,0.976363,0.307614,250.13,-48.1675,54.7703,0,0,3.32019,4
1774392963236,0.317398,0.848883,0.485343,250.13,-61.45,80.8313,0,0,3.28995,4
1774392963250,1.44916,-1.70275,1.01169,250.13,-95.0143,28.0016,0,0,3.27797,4
1774392963263,1.36255,-3.35758,0.106246,143.973,-175.349,43.6713,0,0,3.29487,4
1774392963276,-1.08948,-3.07497,0.119872,-172.838,-136.856,37.1987,0,0,3.29623,4
1774392963290,-0.617211,0.10653,1.02022,-250.135,-103.673,-66.7984,0,0,3.34663,4
1774392963303,-0.741449,1.74113,0.679216,-210.558,-58.2304,-136.135,0,0,3.31267,4
1774392963317,-0.449477,0.269605,0.490732,-197.504,-33.3977,-145.389,0,0,3.28739,4
1774392963330,-0.328131,0.241701,0.495117,-221.854,-19.031,-103.223,0,0,3.29802,4
1774392963344,-0.259769,0.267089,0.47339,-238.519,-6.78663,-52.9328,0,0,3.33606,2
1774392963357,-0.243653,0.362788,0.476074,-250.137,15.7245,-36.6875,0,0,3.30808,2
1774392963370,-0.252441,0.544913,0.487548,-250.137,34.6101,-37.2443,0,0,3.27784,2
1774392963384,-0.0586034,0.759022,0.479981,-250.137,39.0609,-35.4123,0,0,3.34417,2
1774392963397,0.160145,0.536388,0.47876,-250.137,34.8856,-21.2065,0,0,3.3123,2
1774392963411,0.306633,0.662591,0.502928,-250.137,23.5118,-9.95454,0,0,3.31647,2
1774392963424,0.421137,1.01976,0.469728,-250.137,5.42039,-4.96962,0,0,3.26702,2
1774392963437,0.345707,1.20214,0.343512,-250.137,-14.0147,7.03781,0,0,3.32667,2
1774392963451,0.171151,1.42528,0.266361,-250.137,-26.6866,18.8393,0,0,3.26232,2
1774392963464,0.00489113,1.31666,0.275634,-250.137,-31.5113,23.1449,0,0,3.30317,2
1774392963478,-0.0683557,1.70066,0.317869,-250.137,-27.3284,17.7483,0,0,3.2963,2
1774392963491,-0.0910633,1.44044,0.307374,-250.137,-19.8476,17.8397,0,0,3.26782,2
1774392963504,0.104238,1.62157,0.304199,-250.137,-15.8169,19.0305,0,0,3.33378,2
1774392963518,0.105957,1.51465,0.317382,-250.137,-16.5954,26.5494,0,0,3.30302,2
1774392963531,0.0927741,1.76219,0.409907,-250.137,-14.0382,27.8702,0,0,3.33732,2
1774392963545,0.069093,2.07005,0.386476,-250.137,-14.4351,29.2595,0,0,3.28884,3
1774392963558,0.0249046,2.25609,0.276129,-250.137,-12.5726,34.1983,0,0,3.30371,3
1774392963572,-0.0895939,2.48192,0.11744,-250.137,-4.01552,32.4962,0,0,3.32467,3
1774392963585,-0.0239291,2.33961,-0.077627,-250.137,4.61043,25.2674,0,0,3.26689,3
1774392963598,0.315657,2.5183,-0.237297,-250.137,4.12979,23.4504,0,0,3.26843,3
1774392963612,0.867892,2.78905,-0.557113,-250.137,-23.6709,36.9309,0,0,3.59712,3
1774392963625,0.834963,2.57594,-0.951396,-204.978,-63.7393,71.2356,0,0,3.31578,3
1774392963639,-0.0683142,2.37037,-1.28563,-162.017,-79.7705,98.7473,0,0,3.26076,3
1774392963652,-0.862265,2.25562,-1.70555,-122.505,-51.8024,80.8784,0,0,3.31656,3
1774392963666,-0.979486,2.24536,-1.91112,-66.2307,0.425914,12.1013,0,0,3.26795,3
1774392963679,-0.566183,1.82961,-1.90601,-32.1842,32.1136,-19.5487,0,0,3.32926,3
1774392963692,-0.151632,2.10838,-1.78321,4.96835,39.2899,-11.0384,0,0,3.30569,3
1774392963706,-0.410632,2.06519,-1.54713,54.4871,54.4118,-10.687,0,0,3.26097,3
1774392963719,2.30748,3.99978,-2.46992,109.891,6.23809,97.3784,0,0,3.33843,3
1774392963733,1.40239,-0.0312926,0.930738,250.126,-4.02259,-37.0189,0,0,3.36465,3
1774392963746,1.13283,-0.158197,1.45432,250.13,10.511,-125.211,0,0,3.37728,3
1774392963760,-0.430586,0.389377,-0.253577,228.993,31.0299,-89.1461,0,0,3.28356,3
1774392963773,-0.258554,0.665269,0.0143909,161.788,35.6792,-48.4211,0,0,3.29785,3
1774392963786,-0.430655,1.18699,0.243397,119.711,53.5109,-17.8788,0,0,3.29965,3
1774392963800,-0.148452,1.9526,0.0515233,123.092,36.7944,12.1899,0,0,3.3195,5
1774392963813,0.155014,1.93262,0.120114,169.678,8.56573,22.8623,0,0,3.64582,5
1774392963827,0.0163644,0.593085,0.155272,153.298,1.07656,17.3818,0,0,3.31619,5
1774392963840,-0.0424775,0.113061,0.138429,82.4449,14.4805,12.4963,0,0,3.29198,5
1774392963854,0.0571239,0.750456,0.156737,39.7494,22.5875,8.4276,0,0,3.2898,5
1774392963867,0.127926,1.28318,0.208249,54.6484,16.3132,8.36641,0,0,3.29247,5
1774392963881,0.0661652,0.925555,0.163332,60.4578,11.7253,6.1451,0,0,3.31148,5
1774392963894,0.0158717,0.727061,0.144044,40.3823,15.3892,4.18326,0,0,3.28941,5
1774392963907,0.0512678,0.935048,0.106203,27.8324,17.3587,2.65653,0,0,3.30254,5
1774392963921,0.0766589,1.03588,0.122802,29.4656,14.023,2.22902,0,0,3.29854,5
1774392963934,0.038332,0.947758,0.128174,27.8397,11.2291,4.04575,0,0,3.29521,5
1774392963948,0.0329593,0.908205,0.130371,23.3131,10.313,4,0,0,3.31574,5
1774392963961,0.0686017,0.851321,0.136963,12.84,7.81687,4.39693,0,0,3.31452,5
1774392963974,0.0671387,0.922604,0.167723,5.09184,5.02298,4.61831,0,0,3.33943,5
1774392963988,0.0175806,1.11669,0.147462,10.1373,7.58771,4.26719,0,0,3.279,5
1774392964001,0.0859341,1.05493,0.205808,21.7172,4.64894,3.52674,0,0,3.27671,5
1774392964015,0.0363794,0.903328,0.0761784,17.7329,4.69466,0.816875,0,0,3.2945,5
1774392964028,0.0683578,0.976315,0.0844722,14.626,7.51137,-2.60295,0,0,3.30274,5
1774392964041,0.101561,1.04663,0.116453,19.1831,6.85498,-4.49613,0,0,3.28845,5
1774392964055,0.0649432,0.959721,0.082033,20.1221,3.75582,-5.13739,0,0,3.38378,5
1774392964068,3.24684e-06,0.900638,0.137693,13.2521,6.9083,-6.43508,0,0,3.32715,5
1774392964082,0.0947218,1.10204,0.176268,16.0915,9.82434,-8.58772,0,0,3.32395,5
1774392964095,0.0546895,1.11523,0.177246,31.0454,11.0763,-12.5724,0,0,3.29463,5
1774392964108,0.0117209,0.948983,0.0444402,30.7481,16.8853,-12.6794,0,0,3.28028,5
1774392964122,0.0893516,1.03955,0.00293176,32.0763,15.5497,-11.8016,0,0,3.32806,5
1774392964135,0.104003,1.0166,0.0754358,38.8013,10.0689,-10.2901,0,0,3.29704,5
1774392964149,-0.000483057,0.900152,0.0690921,34.6032,8.93133,-5.75586,0,0,3.32445,5
1774392964162,-0.0187979,0.897705,0.050538,25.153,7.77866,-3.09932,0,0,3.29147,5
1774392964176,-0.0520003,1.11303,0.0471193,28.4808,8.58776,-0.358861,0,0,3.35189,5
1774392964189,0.0051241,1.14136,0.0678701,44.885,8.05345,4.93114,0,0,3.32684,5
1774392964202,-0.0173329,1.03321,0.0378433,50.6945,7.39697,6.1679,0,0,3.30434,5
1774392964216,0.0571252,1.04126,0.0261236,51.5496,8.25952,6.29771,0,0,3.27028,5
1774392964229,0.0441901,1.00366,0.0400384,54.0686,7.87787,4.4428,0,0,3.29547,5
1774392964243,0.0327154,1.02954,0.0144056,53.1069,7.35879,5.26715,0,0,3.30717,5
1774392964256,0.0883761,1.02222,-0.0209943,56.748,4.3436,2.03063,0,0,3.26382,5
1774392964269,0.0222201,0.965091,-0.0239256,52.2597,3.03821,1.53437,0,0,3.33878,5
1774392964283,0.00366304,1.01318,-0.0119635,47.1452,1.03823,-2.9388,0,0,3.34797,5
1774392964296,-0.13012,0.950443,-0.0266106,40.817,3.76328,-6.19074,0,0,3.3138,5
1774392964310,-0.0227104,1.06201,-0.029785,36.0688,3.57252,-5.0153,0,0,3.28706,5
1774392964323,-0.0478503,1.17211,-0.0280763,40.6029,4.73279,-4.80917,0,0,3.33499,5
1774392964337,-0.0119647,1.22778,-0.0295409,45.1296,5.04579,5.50351,0,0,3.31958,5
1774392964350,0.052487,1.28003,-0.00463992,53.7402,3.6718,11.8624,0,0,3.28774,5
1774392964363,0.0148945,1.17872,-0.0620089,56.519,1.10695,21.7096,0,0,3.3485,5
1774392964377,-0.0324683,1.18848,-0.0314957,56.3206,1.5038,24.4045,0,0,3.31902,5
1774392964390,-1.62325e-06,1.25586,-0.0573718,61.6105,1.54962,27.0076,0,0,3.29228,5
1774392964404,0.0280748,1.22754,-0.043946,66.1449,1.50382,29.748,0,0,3.3165,5
1774392964417,0.0275879,1.2688,-0.0527339,71.5724,0.404613,31.5343,0,0,3.34563,5
1774392964431,0.0209964,1.32177,-0.042481,79.7173,-0.793857,33.3664,0,0,3.37006,5
1774392964444,0.0820282,1.34033,-0.0185559,89.0455,-2.8778,33.9847,0,0,3.28839,5
1774392964457,0.139646,1.30078,-0.017334,98.3051,-7.92351,34.1832,0,0,3.29793,5
1774392964471,0.0930199,1.33642,-0.0310052,106.641,-11.9922,35.7938,0,0,3.28669,5
1774392964484,0.0812994,1.4187,0.0161109,119.183,-16.5724,38.4961,0,0,3.2815,5
1774392964498,0.292958,1.54931,0.0817838,134.106,-24.0608,36.3894,0,0,3.31754,5
1774392964511,0.290772,1.65942,0.143063,155.106,-35.0455,36.7557,0,0,3.29663,5
1774392964525,0.214848,1.83129,0.235591,179.488,-43.5799,39.9541,0,0,3.32106,5
1774392964538,0.327143,1.93164,0.376702,207.228,-53.1066,38.5726,0,0,3.29489,5
1774392964551,0.367185,2.07983,0.438962,238.266,-71.03,38.9771,0,0,3.31165,5
1774392964565,0.423825,2.35277,0.384524,250.129,-82.9691,28.9469,0,0,3.29887,5
1774392964578,0.154799,2.39477,0.192148,250.13,-81.1756,11.283,0,0,3.28384,5
1774392964592,0.00269315,2.15309,-0.0949563,250.13,-70.1683,24.5492,0,0,3.28923,5
1774392964605,0.01123,1.9734,-0.0883792,250.13,-62.8933,17.1987,0,0,3.28923,5
1774392964618,0.0854455,1.34036,0.152088,250.13,-50.9546,-22.7393,0,0,3.28734,5
1774392964632,0.260489,1.41479,0.132325,250.13,-45.6566,-10.2141,0,0,3.31713,5
1774392964645,0.479969,1.03542,0.333974,250.13,-56.847,3.71714,0,0,3.33932,4
1774392964659,0.446291,0.681902,0.410641,250.13,-65.0456,15.5874,0,0,3.32369,4
1774392964672,0.468261,-0.975259,0.602529,250.13,-77.3202,-3.96125,0,0,3.29761,4
1774392964685,1.508,-2.77725,0.0259077,160.163,-90.9996,44.0215,0,0,3.29426,4
1774392964699,-0.96472,-2.99315,0.0234376,-132.556,-67.5656,41.6413,0,0,3.29106,4
1774392964712,-0.64235,0.403639,0.492408,-218.684,-22.7342,-39.6769,0,0,3.29063,4
1774392964726,-0.77636,0.810282,0.352546,-189.085,25.5711,-63.9687,0,0,3.70886,4
1774392964739,-0.468277,0.474382,0.386717,-198.748,53.0831,-55.4125,0,0,3.3303,4
1774392964753,-0.254893,0.521726,0.383057,-197.16,66.9003,-24.5963,0,0,3.30369,4
1774392964766,0.0029168,0.480715,0.321536,-199.901,73.2975,-7.89363,0,0,3.3008,2
1774392964780,0.119135,0.127947,0.338378,-215.816,76.0992,-12.1067,0,0,3.29258,2
1774392964793,0.185788,0.161864,0.293948,-246.014,68.7483,-26.4271,0,0,3.29595,2
1774392964806,0.245847,0.263667,0.402582,-250.137,57.4507,-34.2669,0,0,3.30413,2
1774392964820,0.268554,0.51488,0.435057,-250.137,43.9088,-36.687,0,0,3.35678,2
1774392964833,0.244142,0.537597,0.452392,-250.137,21.7106,-29.4811,0,0,3.33263,2
1774392964847,0.155278,0.736318,0.488524,-250.137,8.67215,-14.6646,0,0,3.27189,2
1774392964860,0.0334534,0.99901,0.493896,-250.137,5.54971,-4.85526,0,0,3.3605,2
1774392964874,0.0603014,1.39061,0.420414,-250.137,6.67172,5.12947,0,0,3.30754,2
1774392964887,0.219474,1.83079,0.273445,-250.137,3.74055,21.4346,0,0,3.29611,2
1774392964900,0.324458,1.84985,0.205326,-250.137,-2.725,34.3966,0,0,3.30276,2
1774392964914,0.218511,1.64308,0.204834,-250.137,-6.32814,38.4503,0,0,3.32893,2
1774392964928,0.139164,1.61475,0.152835,-250.137,-1.48106,31.4048,0,0,3.73158,2
1774392964941,0.133057,1.52051,0.178954,-250.137,5.44254,22.7407,0,0,3.26367,3
1774392964955,0.143798,1.56421,0.219725,-250.137,10.3205,19.7482,0,0,3.34726,3
1774392964968,0.119142,1.73046,0.239013,-250.137,13.5953,26.183,0,0,3.29819,3
1774392964981,0.150877,2.02928,0.202639,-250.137,16.0839,30.8548,0,0,3.3061,3
1774392964995,0.123537,2.18627,0.0622629,-250.137,20.5037,26.5116,0,0,3.28282,3
1774392965008,0.139892,2.10791,-0.0358838,-250.137,26.6868,15.7789,0,0,3.31315,3
1774392965022,0.400866,2.12695,-0.0866674,-250.137,25.939,4.14539,0,0,3.27256,5
1774392965035,0.811015,2.26684,-0.231438,-250.137,6.88607,5.19844,0,0,3.27263,5
1774392965048,1.07323,2.26953,-0.505357,-231.428,-29.6936,26.8161,0,0,3.30915,5
1774392965062,0.915779,2.23462,-0.797349,-195.123,-67.3958,54.0221,0,0,3.25448,5
1774392965075,0.270296,2.13331,-1.10619,-157.703,-85.5185,66.6637,0,0,3.27922,5
1774392965088,-0.355926,1.88893,-1.32445,-124.78,-71.947,46.6037,0,0,3.26682,3
1774392965102,-0.482416,2.0703,-1.48901,-80.6425,-39.9704,-0.761938,0,0,3.26978,3
1774392965115,-0.294931,1.87086,-1.49585,-29.4367,-16.4969,-30.6861,0,0,3.26517,3
1774392965129,-0.0673942,1.64235,-1.41919,-3.12293,-4.70264,-32.2366,0,0,3.51399,3
1774392965142,-0.150142,1.90697,-1.25147,34.2355,10.2133,-28.794,0,0,3.37843,3
1774392965156,-0.435288,1.76539,-1.06861,72.4798,39.0907,-35.8013,0,0,3.27885,3
1774392965169,0.21652,3.99977,-0.191938,171.165,48.9921,-22.8096,0,0,3.31036,3
1774392965182,0.990684,-0.304228,1.38786,250.127,17.4437,-78.525,0,0,3.28884,3
1774392965196,-0.309505,-0.132821,0.91726,250.13,72.9983,-95.9079,0,0,3.24993,3
1774392965209,-0.250247,0.917184,-0.13569,221.97,84.0913,-58.0851,0,0,3.31165,3
1774392965223,-0.259277,1.01001,0.112048,199.978,86.4961,5.44848,0,0,3.25339,3
1774392965236,0.00584612,0.994386,0.374987,161.268,77.3514,-5.16762,0,0,3.31221,3
1774392965249,0.0646943,1.66623,0.00807499,149.703,45.917,14.2208,0,0,3.27376,3
1774392965263,0.0942368,1.55909,0.0261221,171.656,3.23792,29.8316,0,0,3.29032,5
1774392965276,0.00781682,0.467584,0.0976527,139.81,-4.32802,25.3513,0,0,3.27798,5
1774392965290,-0.0358865,0.331794,0.0598163,72.5669,10.2209,19.2216,0,0,3.28052,5
1774392965303,0.0747015,0.956023,0.127682,48.2832,16.1907,12.5193,0,0,3.2791,5
1774392965316,0.124997,1.10693,0.131836,57.1219,15.542,8.78637,0,0,3.27956,5
1774392965330,0.112305,0.858411,0.130371,51.42,13.7252,5.38178,0,0,3.34098,5
1774392965343,0.0605495,0.847901,0.12378,35.6875,15.5572,3.51151,0,0,3.27863,5
1774392965357,0.089354,0.987054,0.116211,30.7177,16.1374,1.32068,0,0,3.30798,5
1774392965370,0.0881348,0.954347,0.0627468,28.6718,14.4123,0.0458398,0,0,3.27256,5
1774392965383,0.0937497,0.943848,0.0451669,22.5269,9.649,-0.473267,0,0,3.24782,5
1774392965397,0.104492,1.03955,-0.00585682,22.4504,6.78635,-2.68696,0,0,3.26876,5
1774392965410,0.107178,0.93482,0.0849564,19.9237,6.90839,-4.20606,0,0,3.25328,5
1774392965423,0.0742204,0.9978,0.0783695,16.9467,6.7023,-6.41215,0,0,3.31361,5
1774392965437,0.115232,0.97339,0.112059,15.3054,6.78626,-9.45792,0,0,3.28128,5
1774392965450,0.0275923,1.04882,0.101807,19.7022,10.6945,-13.4121,0,0,3.27039,5
1774392965464,0.096188,1.14062,0.125731,28.0379,12.2137,-17.4808,0,0,3.28593,5
1774392965477,-0.114736,1.0708,0.224604,36.2211,17.4273,-18.1985,0,0,3.26861,5
1774392965490,0.13695,0.976567,-0.0317255,40.1831,15.4886,-15.7863,0,0,3.27509,5
1774392965504,-0.125475,0.977539,0.0761665,36.9161,15.8092,-9.54981,0,0,3.32247,5
1774392965517,0.0339276,0.94922,-0.0537044,33.1299,7.38957,-6.52681,0,0,3.2933,5
1774392965530,0.0190437,0.87183,-0.0476077,21.8858,7.04581,-1.08413,0,0,3.30574,5
1774392965544,0.072263,0.967036,0.0109834,16.0078,3.83979,0.450336,0,0,3.32091,5
1774392965557,0.0224634,1.03613,0.0444319,14.2672,3.28246,2.90069,0,0,3.27615,5
1774392965571,0.0075691,1.0957,0.0541987,22.473,3.50381,4.51904,0,0,3.26737,5
1774392965584,0.0351549,0.974615,0.0397956,22.542,2.58781,4.05345,0,0,3.27372,5
1774392965597,0.0607897,1.01098,0.0327152,21.2672,2.36642,3.05347,0,0,3.25572,5
1774392965611,0.0498052,0.991456,0.017823,22.3969,1.35881,1.98476,0,0,3.29691,5
1774392965624,0.0229506,1.05761,0.00659236,24.4427,1.39695,0.801562,0,0,3.26058,5
1774392965639,0.0583478,1.06567,0.00878895,30.1907,0.160342,0.374059,0,0,4.64684,5
1774392965652,0.0737297,0.975102,-0.00488213,26.9925,0.229006,-1.06103,0,0,3.25552,5
1774392965666,0.0524913,1.01562,0.0122062,24.1528,-1.02286,-4.52661,0,0,3.30337,5
1774392965679,0.063476,1.09521,0.00390666,28.9006,-2.04577,-6.42742,0,0,3.26337,5
1774392965692,-0.0207477,1.06445,-0.0290511,32.3816,-1.16033,-5.25194,0,0,3.24741,5
1774392965706,0.0214823,1.05127,-0.0090342,33.3358,0.938868,-6.70988,0,0,3.27408,5
1774392965719,-0.0124495,1.05347,-0.0178218,33.458,2.5572,-7.59539,0,0,3.28926,5
1774392965733,0.00732323,1.09595,-0.0200194,33.4198,2.04582,-2.93907,0,0,3.30434,5
1774392965746,-0.0290509,1.11182,-0.0422352,35.4274,1.76337,1.80902,0,0,3.27161,5
1774392965759,0.0395474,1.09033,-0.028321,36.3588,0.442788,9.05322,0,0,3.28571,5
1774392965773,-0.0165988,1.12671,-0.0288086,38.8549,0.419848,10.4656,0,0,3.26937,5
1774392965786,0.0146469,1.12964,-0.0437004,41.8625,0.0992463,13.3969,0,0,3.24263,5
1774392965799,-0.0148911,1.1272,-0.0439453,44.7709,0.15267,17.4045,0,0,3.29115,5
1774392965813,-0.0134278,1.13672,-0.0473631,47.1984,0.206105,21.893,0,0,3.26097,5
1774392965826,0.00439364,1.17431,-0.0512693,50.7633,0.694642,24.1373,0,0,3.28967,5
1774392965840,0.0390608,1.22876,-0.0397955,57.496,0.412222,26.4045,0,0,3.54856,5
1774392965853,0.0986298,1.22681,-0.0373536,64.412,-1.18316,25.6412,0,0,3.28354,5
1774392965867,0.0671402,1.2041,-0.0354005,69.5724,-2.37401,26.9389,0,0,3.27593,5
1774392965880,0.0764156,1.24536,-0.0380858,76.9921,-4.70985,28.4809,0,0,3.27371,5
1774392965893,0.0837399,1.23291,-0.0690902,83.8013,-7.22893,30.4427,0,0,3.27863,5
1774392965907,0.070069,1.24707,-0.0549323,90.5341,-9.28238,33.7098,0,0,3.28158,5
1774392965920,0.0456555,1.27026,-0.0795886,99.099,-11.9236,36.7327,0,0,3.30787,5
1774392965934,0.0661611,1.29785,-0.053224,107.297,-14.8778,40.3587,0,0,3.24682,5
1774392965947,0.125241,1.37939,-0.0153828,121.771,-16.1374,40.458,0,0,3.29189,5
1774392965960,0.209468,1.4436,0.0236797,136.511,-23.496,42.4961,0,0,3.27489,5
1774392965974,0.270749,1.52563,0.0913052,152.396,-30.5952,41.1222,0,0,3.27763,5
1774392965987,0.235842,1.72362,0.160397,174.808,-36.0075,40.5267,0,0,3.27041,5
1774392966000,0.422842,2.00462,0.340079,203.381,-45.2974,37.5573,0,0,3.25019,5
1774392966014,0.557855,2.23412,0.423336,243.174,-60.1293,32.3971,0,0,3.28345,5
1774392966027,0.301771,2.22998,0.346195,250.13,-72.2286,25.0537,0,0,3.2815,5
1774392966040,0.0622678,2.40087,0.0266273,250.13,-69.0306,26.1526,0,0,3.29499,5
1774392966054,0.0124537,2.58373,0.0195316,250.13,-60.6415,28.7175,0,0,3.27356,4
1774392966067,0.160149,1.90506,0.127924,250.13,-54.1071,21.3056,0,0,3.29439,4
1774392966081,0.358633,1.36331,0.0444378,250.13,-54.2824,19.4657,0,0,3.27537,4
1774392966094,0.321535,1.58056,0.0517574,250.13,-54.4275,23.7861,0,0,3.24071,4
1774392966107,0.382809,0.839393,0.272206,250.13,-66.992,36.5645,0,0,3.27821,4
1774392966121,0.466304,0.229523,0.395258,250.13,-77.6027,46.9463,0,0,3.26776,4
1774392966134,0.136491,-1.67739,1.0654,217.344,-99.4879,38.7483,0,0,3.3351,4
1774392966148,0.297111,-2.80658,-0.68375,56.8445,-141.609,45.8242,0,0,3.27732,4
1774392966161,-0.775581,-1.22957,0.277784,-146.856,-94.7113,24.9014,0,0,3.30402,4
1774392966174,-0.948966,0.0148304,0.354,-170.465,-55.276,-45.6315,0,0,3.26943,4
1774392966188,-0.821295,0.466286,0.363525,-205.312,-13.5585,-56.9844,0,0,3.24172,4
1774392966201,-0.476336,0.567866,0.434079,-198.176,10.4649,-54.9466,0,0,3.27447,4
1774392966214,-0.238781,0.637936,0.413331,-201.969,23.7248,-35.2067,0,0,3.27685,4
1774392966228,0.0576024,0.506354,0.406006,-193.214,32.8776,-23.5194,0,0,3.26721,2
1774392966241,0.0522464,0.262707,0.306401,-206.358,29.649,-24.5191,0,0,3.27021,2
1774392966255,0.0620112,0.181645,0.385494,-238.22,29.084,-28.7251,0,0,3.28265,2
1774392966268,0.0373547,0.229734,0.425291,-250.137,30.0305,-36.2746,0,0,3.32417,2
1774392966281,0.0712874,0.640116,0.485349,-250.137,26.794,-38.3587,0,0,3.30767,2
1774392966295,0.0566414,0.575931,0.500488,-250.137,13.3744,-31.4735,0,0,3.29986,2
1774392966308,0.0354015,0.627927,0.533201,-250.137,9.80163,-20.237,0,0,3.26278,2
1774392966321,0.0139171,0.857655,0.506105,-250.137,8.37409,-7.9164,0,0,3.26215,2
1774392966335,0.107905,1.29514,0.449954,-250.137,5.3894,4.38894,0,0,3.27187,2
1774392966349,0.15698,1.83933,0.29493,-250.137,-1.23644,26.778,0,0,3.30191,2
1774392966362,0.113528,1.68555,0.239261,-250.137,-7.07616,44.2819,0,0,3.29682,2
1774392966376,0.00928256,1.68335,0.239258,-250.137,-5.59546,47.4961,0,0,3.25591,2
1774392966389,-0.0649377,1.79589,0.165775,-250.137,2.26694,45.7405,0,0,3.24952,2
1774392966402,0.184802,1.95214,0.100833,-250.137,9.38147,43.4734,0,0,3.28139,2
1774392966416,0.464586,2.02197,0.0534692,-250.137,3.05362,49.4502,0,0,3.27948,2
1774392966429,0.494872,1.78956,-0.0690857,-250.137,-7.5722,54.7785,0,0,3.37725,5
1774392966443,0.33326,1.7356,-0.122068,-250.137,-10.3511,44.9469,0,0,3.2701,5
1774392966456,0.129405,2.04393,-0.161863,-250.137,-4.61849,26.3212,0,0,3.28754,5
1774392966469,0.123047,2.02075,-0.287347,-250.137,3.48067,13.3668,0,0,3.34037,5
1774392966483,0.285881,2.11694,-0.381831,-250.137,5.37399,6.76356,0,0,3.28023,5
1774392966496,0.463126,2.04786,-0.504877,-250.137,-1.58758,4.42755,0,0,3.26765,5
1774392966509,0.595208,2.04956,-0.621576,-231.833,-15.1904,9.2365,0,0,3.258,5
1774392966523,0.579346,2.1831,-0.813223,-194.948,-33.2208,21.5721,0,0,3.27343,3
1774392966536,0.363292,2.06324,-1.05297,-158.123,-45.2515,30.2669,0,0,3.28823,3
1774392966550,-0.128882,1.87184,-1.21117,-122.001,-40.0383,26.4963,0,0,3.69921,3
1774392966563,-0.399889,1.84815,-1.32055,-88.5277,-19.3594,9.55013,0,0,3.30385,3
1774392966577,-0.435789,1.80567,-1.35888,-49.1768,5.87711,-13.8695,0,0,3.29635,3
1774392966590,-0.302009,1.68311,-1.27784,-13.566,26.1292,-33.9765,0,0,3.24285,3
1774392966604,-0.23804,1.66748,-0.585728,-15.9007,43.427,-30.8551,0,0,3.2735,3
1774392966617,0.948183,3.99976,0.911302,250.122,54.7401,-122.486,0,0,3.28958,3
1774392966630,-0.0124031,-0.72242,0.306427,250.13,2.18478,-82.2836,0,0,3.31743,3
1774392966644,0.103998,-0.320577,1.07369,243.909,45.5407,-41.276,0,0,3.24887,3
1774392966657,-0.369605,0.322233,0.282754,159.003,35.8782,-4.60415,0,0,3.32082,3
1774392966670,-0.339357,0.841771,0.126473,91.8341,57.5261,25.0067,0,0,3.26569,3
1774392966684,0.414757,1.93281,0.108155,85.4887,22.9629,25.8702,0,0,3.25184,3
1774392966697,0.163831,2.27806,0.0678731,143.113,-6.12126,24.855,0,0,3.26071,5
1774392966711,-0.0903193,0.806226,0.150875,150.511,-2.26729,19.0765,0,0,3.25884,5
1774392966724,-0.102538,0.12064,0.199705,89.7346,23.4114,13.9849,0,0,3.303,5
1774392966737,0.170885,0.528544,0.164553,35.3833,24.7786,7.06128,0,0,3.24896,5
1774392966751,0.203368,1.23751,0.181884,39.435,13.8858,2.22152,0,0,3.61699,5
1774392966764,0.0734928,1.03004,0.157472,54.4728,11.0841,-0.702202,0,0,3.26937,5
1774392966778,0.00390973,0.645039,0.177245,35.4128,15.8625,-1.87783,0,0,3.26811,5
1774392966791,0.0581028,0.881824,0.195556,18.6341,14.0917,-0.259591,0,0,3.28084,5
1774392966804,0.0747062,1.11498,0.184571,24.3357,8.54978,1.832,0,0,3.27121,5
1774392966818,0.00708346,1.13354,0.174561,36.5493,5.38177,5.96171,0,0,3.30961,5
1774392966831,-0.00268506,0.914806,0.150636,36.7176,6.04578,7.63354,0,0,3.2556,5
1774392966845,0.0490697,0.898438,0.154541,28.985,6.08397,7.30535,0,0,3.33084,5
1774392966858,0.060058,0.923827,0.158691,23.1681,4.626,6.35117,0,0,3.27845,5
1774392966872,0.0764152,0.960203,0.151856,19.8016,3.97712,3.26727,0,0,3.3565,5
1774392966885,0.0524914,1.02929,0.159668,23.9006,4.24427,0.648934,0,0,3.27535,5
1774392966898,0.065429,0.956547,0.112307,22.4275,3.48094,-0.809117,0,0,3.26432,5
1774392966912,-0.0131797,1.00879,0.109863,22.3893,6.67929,-3.75564,0,0,3.27395,5
1774392966925,0.0788528,1.03149,0.106201,24.8931,7.26716,-5.65643,0,0,3.25613,5
1774392966938,0.0598154,1.04297,0.114013,29.1067,7.03817,-7.77093,0,0,3.30361,5
1774392966952,0.0764152,1.04712,0.125976,33.7861,6.9771,-9.61063,0,0,3.50627,5
1774392966965,0.0524914,1.04858,0.124268,40.0914,8.25187,-11.977,0,0,3.27476,5
1774392966979,-0.0698181,1.00318,0.0417522,41.6641,11.8854,-6.85512,0,0,3.29598,5
1774392966992,0.13207,0.988526,0.0681139,41.7099,13.3358,-8.25187,0,0,3.24519,5
1774392967006,0.0864281,0.90186,0.0720213,39.5191,11.71,-7.64887,0,0,3.30532,5
1774392967019,0.0371118,0.871095,0.00830397,29.924,10.3512,-5.02298,0,0,3.26015,5
1774392967032,0.0219734,0.9436,0.0585912,23.2445,7.95427,-5.88547,0,0,3.29598,5
1774392967046,0.000245227,1.04125,0.0629881,25.0763,8.24427,-3.08405,0,0,3.2636,5
1774392967059,0.0349104,1.02564,0.00928003,29.3434,5.71,-0.870295,0,0,3.28071,5
1774392967072,-0.0246552,0.966067,-0.00390559,26.1986,5.95419,1.54191,0,0,3.2731,5
1774392967086,0.02905,0.939699,0.0544404,23.2291,4.37409,1.61832,0,0,3.29282,5
1774392967099,0.018067,0.961913,0.0117209,20.0077,4.50381,1.00002,0,0,3.28578,5
1774392967113,0.00708063,0.943849,-0.000487671,15.733,4.20612,0.160331,0,0,3.26976,5
1774392967126,0.0102537,1.00854,0.00683557,14.4199,3.70231,-0.648831,0,0,3.30206,5
1774392967139,-0.00683508,1.05469,0.0246573,17.8472,3.67939,0.686983,0,0,3.24,5
1774392967153,-0.0178217,1.03613,-0.00170767,21.4732,3.72519,2.54193,0,0,3.28067,5
1774392967166,0.0300269,0.996584,0.00610313,22.2214,3.25192,2.82442,0,0,3.32761,5
1774392967179,0.0368649,0.978517,-0.0222154,20.3665,3.16031,3.51906,0,0,3.27574,5
1774392967193,0.0202645,0.964844,0.00390494,16.9619,2.1985,2.29775,0,0,3.294,5
1774392967206,0.0297847,0.982177,-0.0170888,14.5115,2.05344,1.30537,0,0,3.23295,5
1774392967220,0.0327147,1.00171,0.000975659,14.1756,1.43513,0.374074,0,0,3.27243,5
1774392967233,0.027344,1.02807,0.00707977,15.0229,1.03818,0.534346,0,0,3.25072,5
1774392967246,-0.00390469,1.05298,-0.0136708,17.4198,0.0916314,1.54195,0,0,3.33954,5
1774392967260,0.0151358,1.02979,-0.0146484,19.0229,-0.687,1.62595,0,0,3.27741,5
1774392967273,-0.000975757,1.00269,-0.0192869,18.4809,-0.854957,1.58779,0,0,3.29763,5
1774392967287,0.049558,1.04492,-0.0263668,19.0229,-1.1145,-0.412154,0,0,3.27291,5
1774392967300,0.0405278,1.07959,-0.0183109,23.8396,-1.00764,-1.09922,0,0,3.25056,5
1774392967313,0.0546868,1.0896,-0.0170899,29.4655,-1.8015,-3.52664,0,0,3.27045,5
1774392967327,0.0541992,1.0686,-0.0319817,33.9617,-2.58776,-6.09153,0,0,3.27947,5
1774392967340,0.0400398,1.02661,-0.0190436,32.7939,-3.33586,-7.99994,0,0,3.28054,5
1774392967353,-0.0202607,1.08716,-0.0368643,32.6031,-3.74045,-5.63366,0,0,3.29785,5
1774392967367,-0.0903285,1.25512,0.00585724,36.1449,0.870091,-12.4273,0,0,3.28785,5
1774392967380,-0.0136757,1.40478,-0.0129385,49.824,1.37403,-13.6107,0,0,3.26782,5
1774392967393,0.0649375,1.50585,0.0737261,54.6105,-3.54184,13.1824,0,0,3.2771,5
1774392967407,-0.106925,1.67382,0.0866693,69.1064,-1.95425,21.1753,0,0,3.27982,5
1774392967420,0.0649328,1.79272,0.21142,88.8925,-3.26714,18.0001,0,0,3.26028,5
1774392967434,0.00097976,1.65162,0.234618,103.839,1.77847,16.3283,0,0,3.30069,5
1774392967447,0.203603,1.81835,0.131597,127.144,-10.1447,21.6945,0,0,3.26239,5
1774392967461,0.131351,1.75171,0.20776,148.228,-20.3279,25.664,0,0,3.81846,5
1774392967474,0.160155,1.66333,0.247557,164.297,-31.8928,33.1982,0,0,3.27682,5
1774392967488,0.276117,1.71777,0.309323,191.396,-43.7096,28.9849,0,0,3.26756,5
1774392967501,0.386713,1.63672,0.298829,220.312,-55.9386,21.9239,0,0,3.28235,5
1774392967515,0.289312,1.41432,0.22681,239.778,-65.5264,20.7252,0,0,3.31193,5
1774392967528,0.298828,1.30323,-0.0700535,241.168,-67.1832,11.8934,0,0,3.31158,5
1774392967541,0.139656,1.1443,-0.475322,223.543,-62.6337,-1.63318,0,0,3.28735,5
1774392967555,0.0788605,1.37108,-0.37647,216.535,-51.0309,-36.5104,0,0,3.28267,5
1774392967568,0.165279,0.758087,0.0749286,203.153,-45.4658,-44.1448,0,0,3.30832,5
1774392967582,0.746553,-0.466003,0.607884,147.956,-80.8005,-13.2605,0,0,3.27263,5
1774392967595,0.97533,-0.60888,0.995098,60.4225,-143.868,21.3577,0,0,3.28702,5
1774392967608,0.0984325,0.136437,0.606709,25.4133,-176.121,27.3815,0,0,3.25697,5
1774392967622,-0.294658,-0.54562,0.718012,-49.4405,-171.405,14.2599,0,0,3.31856,3
1774392967635,-0.57982,0.656922,0.646,-64.0148,-146.131,-13.2587,0,0,3.25934,3
1774392967649,-0.547609,0.374038,0.499031,-57.42,-115.619,-14.1603,0,0,3.25824,3
1774392967662,-0.436773,0.228279,0.440677,-77.1444,-83.6803,-0.153092,0,0,3.65679,3
1774392967676,-0.396486,0.411124,0.431397,-94.0453,-62.4663,16.4881,0,0,3.30434,3
1774392967689,-0.251716,0.398926,0.375003,-111.564,-41.1762,23.6944,0,0,3.30067,2
1774392967703,-0.183353,0.540276,0.314456,-127.16,-23.3364,27.977,0,0,3.26109,2
1774392967716,-0.156495,0.551269,0.235111,-141.572,-7.99283,38.1295,0,0,3.32578,2
1774392967729,-0.20239,0.619381,0.170169,-160.946,8.53386,52.4271,0,0,3.25876,2
1774392967743,-0.315424,0.863757,0.115237,-172.397,29.3276,69.488,0,0,3.27565,2
1774392967756,-0.33081,1.06859,0.0908215,-171.657,52.5413,73.2289,0,0,3.26919,2
1774392967769,-0.332519,1.10962,0.057863,-170.321,77.6481,76.664,0,0,3.28132,2
1774392967783,-0.182381,1.25561,0.0356456,-163.168,95.1063,80.8625,0,0,3.28056,2
1774392967796,-0.0239337,1.04103,0.0192879,-170.214,103.984,81.8702,0,0,3.26385,2
1774392967810,0.133293,1.17138,0.00293051,-176.641,103.588,64.1379,0,0,3.31017,2
1774392967823,0.161131,1.2478,-0.0129387,-177.489,101.741,37.3901,0,0,3.3016,2
1774392967837,0.253169,1.36621,-0.0161131,-175.321,96.9772,7.68791,0,0,3.29706,2
1774392967850,0.309323,1.4248,-0.0610329,-170.565,91.1605,-14.381,0,0,3.26258,5
1774392967863,0.35156,1.45947,-0.115232,-167.611,84.2597,-19.8853,0,0,3.46008,5
1774392967877,0.276859,1.50781,-0.190182,-163.809,81.2673,-12.3285,0,0,3.27524,5
1774392967890,0.207523,1.58398,-0.258053,-156.458,86.6334,-9.16803,0,0,3.27034,5
1774392967904,0.16675,1.58594,-0.307615,-147.367,98.6561,-8.55727,0,0,3.27643,5
1774392967917,0.19995,1.61108,-0.313232,-134.344,111.053,-7.09165,0,0,3.30139,5
1774392967930,0.293208,1.55835,-0.279054,-120.802,123.717,0.557022,0,0,3.31017,5
1774392967944,0.364498,1.42042,-0.238283,-110.031,131.572,12.3355,0,0,3.26371,5
1774392967957,0.358399,1.32911,-0.214601,-102.038,137.504,25.3279,0,0,3.27371,5
1774392967971,0.264897,1.25415,-0.196778,-97.8704,144.649,39.1981,0,0,3.29458,5
1774392967984,0.207522,1.29175,-0.164064,-89.0995,156.076,43.3816,0,0,3.26197,5
1774392967997,0.167482,1.22437,-0.165039,-80.1224,168.511,44.5419,0,0,3.27415,5
1774392968011,0.0979039,1.16797,-0.152589,-74.3284,181.007,51.6105,0,0,3.27798,5
1774392968024,0.068605,1.02784,-0.142334,-74.2977,194.412,57.3739,0,0,3.27413,5
1774392968038,0.0517587,1.09472,-0.12671,-75.4885,208.679,61.5495,0,0,3.29143,5
1774392968051,0.106687,1.14551,-0.118653,-68.4659,220.748,64.2289,0,0,3.35712,5
1774392968064,0.225336,1.22021,-0.126953,-58.6644,229.175,63.9008,0,0,3.27039,5
1774392968078,0.296627,1.10181,-0.156981,-50.8476,233.611,66.4732,0,0,3.33517,5
1774392968091,0.35986,1.12109,-0.149659,-48.0154,235.343,70.9541,0,0,3.27556,5
1774392968105,0.420651,1.27782,-0.183592,-35.8401,235.153,76.3815,0,0,3.2985,5
1774392968118,0.38135,1.19703,-0.208007,-22.8248,235.511,84.2669,0,0,3.27598,5
1774392968131,0.288823,1.05592,-0.188478,-18.3971,241.694,90.038,0,0,3.26293,5
1774392968145,0.298339,0.988773,-0.109867,-20.4656,250.13,93.9541,0,0,3.31356,5
1774392968158,0.362301,1.04345,-0.0224653,-18.5268,250.13,99.8014,0,0,3.25086,5
1774392968172,1.01095,2.91104,0.341046,27.9986,244.214,139.838,0,0,3.30645,5
1774392968185,0.417022,0.39246,-0.0612592,60.686,250.13,148.068,0,0,3.2798,5
1774392968198,0.314458,1.39888,-0.0749505,46.9241,250.13,153.763,0,0,3.26506,5
1774392968212,0.280519,1.20045,-0.232414,87.3423,250.13,159.595,0,0,3.27869,5
1774392968225,0.190922,0.870622,0.108626,85.1451,250.13,153.779,0,0,3.30119,5
1774392968239,0.101323,0.903319,0.362536,88.0152,250.13,135.688,0,0,3.34163,5
1774392968252,0.0368685,0.844974,0.383544,89.4122,250.13,120.802,0,0,3.26324,5
1774392968265,0.0139172,1.00146,0.353761,87.9161,250.13,106.497,0,0,3.30824,5
1774392968279,-0.0942329,1.10424,0.0344398,83.0917,250.13,95.6034,0,0,3.28165,5
1774392968292,0.186754,1.052,0.0978972,74.2522,250.13,80.718,0,0,3.26123,5
1774392968306,0.358634,0.803235,0.105957,53.2831,237.565,62.657,0,0,3.29348,5
1774392968319,0.299808,0.885738,0.0749527,34.1227,191.917,56.0613,0,0,3.25859,5
1774392968332,0.244876,0.93945,0.0769042,25.3056,158.39,49.275,0,0,3.3121,5
1774392968346,0.181888,0.943115,0.0729982,21.878,136.474,43.3208,0,0,3.25811,5
1774392968359,0.174073,0.979002,0.124753,20.1604,119.359,39.2291,0,0,3.28265,5
1774392968373,0.242672,0.978272,0.124023,20.4656,100.772,31.3743,0,0,3.29874,5
1774392968386,0.28491,0.996337,0.138427,19.8168,81.2143,23.4735,0,0,3.2786,5
1774392968399,0.255128,0.974855,0.128418,20.916,61.8174,18.9849,0,0,3.28228,5
1774392968413,0.247315,0.934084,0.106935,16.0917,44.283,16.4276,0,0,3.31769,5
1774392968426,0.225831,0.978513,0.117187,14.4733,30.0386,14.3894,0,0,3.29778,5
1774392968440,0.225098,0.946779,0.117187,11.5955,17.5195,11.5726,0,0,3.26408,5
1774392968453,0.234375,0.975829,0.158445,9.00771,4.09964,9.24434,0,0,3.2871,5
1774392968466,0.181643,0.99829,0.139161,9.21373,-7.57217,6.5726,0,0,3.30752,5
1774392968480,0.0715387,1.03979,0.125001,12.29,-8.02289,5.30538,0,0,3.32226,5
1774392968493,0.0927724,1.0542,0.14038,17.8548,-8.86257,3.06114,0,0,3.30432,5
1774392968507,0.0588396,1.11303,0.131104,26.3585,-6.39702,-0.587677,0,0,3.24895,5
1774392968520,0.0100122,0.779314,-0.023918,20.359,0.992145,-11.992,0,0,3.3136,5
1774392968534,0.0251457,0.952628,-0.0344233,9.92398,3.08391,-9.08406,0,0,3.26543,5
1774392968547,0.0383294,0.995847,0.0288054,11.7557,2.99237,-6.14513,0,0,3.25382,5
1774392968560,0.0642077,0.95386,0.00952245,8.62605,4.69461,-5.66414,0,0,3.27758,5
1774392968574,0.068115,0.959961,0.0122069,5.98481,3.96949,-4.51912,0,0,3.60777,5
1774392968587,0.0913074,0.981932,0.0436996,3.19092,4.12977,-4.31298,0,0,3.28693,5
1774392968601,0.0886232,1.00098,0.0385745,4.45034,3.80154,-6.06865,0,0,3.311,5
1774392968614,0.0939939,0.974855,0.0527337,2.59548,3.00002,-7.04577,0,0,3.3298,5
1774392968628,0.0712902,0.99414,0.034913,3.08395,3.35113,-8.93124,0,0,3.27574,5
1774392968641,0.0603033,0.989014,0.0354004,2.09927,4.00761,-9.40457,0,0,3.31186,5
1774392968655,0.0661618,1.03564,0.0344239,4.54191,5.96177,-10.8778,0,0,3.2565,5
1774392968668,0.0634767,1.00806,0.05371,7.35106,8.59534,-12.3893,0,0,3.29189,5
1774392968681,0.0595705,1.02051,0.0539551,9.22132,9.50379,-13.6488,0,0,3.28143,5
1774392968695,0.0773917,1.02051,0.0441899,12.1373,10.5343,-15.8702,0,0,3.27035,5
1774392968708,0.0646979,0.958987,0.0339361,11.2061,9.77102,-15.5191,0,0,3.27697,5
1774392968722,-0.0624936,0.91968,0.0107433,3.97732,7.25962,-13.0993,0,0,3.26585,5
1774392968735,0.0317336,1.00122,0.00537136,1.31306,5.82447,-11.9619,0,0,3.30276,5
1774392968748,1.58652e-06,1.01538,0.0117184,1.42748,6.51906,-8.77109,0,0,3.25924,5
1774392968762,-0.00537083,1.0083,0.0295401,2.58775,5.70231,-5.86268,0,0,3.32126,5
1774392968775,0.0231919,1.00244,0.0322264,3.21372,5.75572,-5.38933,0,0,3.25878,5
1774392968789,0.0278318,1.02807,0.0229497,5.19078,6.36639,-4.74048,0,0,3.35963,5
1774392968802,0.025879,0.995607,0.0356439,4.70994,3.63367,-5.45036,0,0,3.27778,5
1774392968815,0.0231935,0.999023,0.0310061,5.00762,3.66412,-5.33588,0,0,3.25478,5
1774392968829,0.0131841,1.00195,0.0285646,4.78627,3.64122,-4.76338,0,0,3.28693,5
1774392968842,0.0146484,0.999024,0.0300292,5.22899,3.35879,-3.69469,0,0,3.2653,5
1774392968855,0.0173339,0.993897,0.0249026,4.94657,3.53435,-2.99239,0,0,3.25417,5
1774392968869,0.028808,0.983643,0.0195315,4.1298,3.01528,-2.3817,0,0,3.26959,5
1774392968882,0.00610465,0.975586,0.0161135,1.90846,2.43513,-1.24431,0,0,3.2843,5
1774392968896,0.0134274,1.00244,0.0246578,1.46566,1.82445,-0.511472,0,0,3.27802,5
1774392968909,0.0180662,0.996826,0.0239258,1.41985,1.89313,0.183185,0,0,3.30565,5
1774392968922,0.0246579,0.993408,0.0253906,0.587811,1.27483,0.320607,0,0,3.28093,5
1774392968936,0.0244141,1.01733,0.0183109,1.32059,1.31298,0.198477,0,0,3.27513,5
1774392968949,0.0141607,0.998048,0.0190429,2.58775,0.946576,0.633575,0,0,3.31006,5
1774392968963,0.0224605,0.989747,0.0249021,1.73285,0.984732,0.931289,0,0,3.29048,5
1774392968976,0.00903387,1.01977,0.0322262,3.09156,1.35877,0.916031,0,0,3.30976,5
1774392968990,0.00805669,1.00415,0.017823,5.08391,1.52671,0.908397,0,0,3.27606,5
1774392969003,0.0280752,0.984132,0.0168458,4.1756,1.25192,1.2061,0,0,3.26919,5
1774392969016,0.0227053,0.984619,0.0144044,2.4657,1.19084,2.09921,0,0,3.27921,5
1774392969030,0.0048837,1.02026,0.0285637,3.59539,1.06107,2.51144,0,0,3.26598,5
1774392969043,0.0229483,1.01465,0.0153815,5.36636,1.48854,2.88548,0,0,3.30726,5
1774392969056,0.0270994,1.01001,0.0185545,6.71752,2.39692,1.99239,0,0,3.2825,5
1774392969070,0.00903411,1.00122,0.0126956,7.25189,2.83205,1.67177,0,0,3.32082,5
1774392969083,0.0266104,0.979982,0.0117188,6.77101,2.20613,1.15269,0,0,3.41417,5
1774392969097,0.0170903,1.00854,-0.00805565,6.35116,2.27481,1.60304,0,0,3.26735,5
1774392969110,0.0251461,0.998292,0.0158679,6.48855,2.12978,1.78625,0,0,3.2758,5
1774392969124,0.0231935,1.00415,0.0126955,6.38932,2.42747,1.60306,0,0,3.26495,5
1774392969137,0.022461,1.03808,0.0224604,8.67169,2.87022,1.19085,0,0,3.28635,5
1774392969150,0.0412588,0.990969,-0.00292842,10.2061,3.07633,1.00001,0,0,3.27184,5
1774392969164,0.03418,0.989746,-0.0112301,8.5573,3.51144,1.1832,0,0,3.30419,5
1774392969177,0.036621,0.981934,0.000975952,7.81682,2.65651,1.45037,0,0,3.28748,5
1774392969191,0.0424802,0.980225,-0.019042,5.58785,2.26719,1.22901,0,0,3.32943,5
1774392969204,0.0205089,0.98291,0.00463749,3.59548,1.93894,1.51144,0,0,3.30306,5
1774392969217,0.0166018,1.01929,0.00122087,4.24426,2.07633,1.03818,0,0,3.25813,5
1774392969231,0.0283197,1.01587,0.000976575,5.12974,2.05344,1.41984,0,0,3.31556,5
1774392969244,0.023926,1.00464,-0.00878857,5.39694,2.09924,1.41221,0,0,3.27211,5
1774392969258,0.0251464,1.00635,0.00561451,5.64121,2.10687,1.64121,0,0,3.27048,5
1774392969271,0.0288084,0.981447,-0.00292926,4.65652,1.83207,1.30535,0,0,3.29706,5
1774392969285,0.0139168,0.990966,-0.0161126,3.06875,2.1145,1.06108,0,0,3.57068,5
1774392969298,0.0131836,1.00122,-0.0170898,2.94657,2.47327,0.954202,0,0,3.27119,5
1774392969311,0.0168455,0.992432,-0.00659232,2.09163,3.29769,0.625964,0,0,3.2675,5
1774392969325,0.0112307,1.00879,-0.00463877,2.0687,3.35878,1.01526,0,0,3.28941,5
1774392969338,-0.00122008,0.999512,-0.0117184,1.04583,2.83971,2.72514,0,0,3.26511,5
1774392969352,-0.0219716,1.00024,-0.0239252,-0.290036,3.51143,5.12207,0,0,3.30478,5
1774392969365,-0.00293064,1.00586,-0.00927808,-0.0305421,5.31292,5.51907,0,0,3.26424,5
1774392969378,0.00683545,0.986573,-0.0109862,-1.1908,6.45798,4.90842,0,0,3.291,5
1774392969392,-0.0297833,1.01196,-0.016113,-1.97708,10.061,4.39696,0,0,3.2745,5
1774392969405,-0.106686,1.00537,-0.0227047,-1.04583,17.6334,4.95418,0,0,3.26706,5
1774392969419,-0.317616,0.944339,-0.0275876,-4.61058,38.4879,6.25187,0,0,3.29952,5
1774392969432,-0.620346,0.934571,-0.0156256,-10.954,78.556,9.51135,0,0,3.27565,5
1774392969445,-0.651366,0.973631,-0.0134278,-14.0839,125.968,13.0075,0,0,3.26067,5
1774392969459,-0.54566,0.970703,0.0436983,-15.1984,172.869,16.0152,0,0,3.28274,5
1774392969472,-0.523927,1.0166,0.0925269,-15.7252,215.594,21.954,0,0,3.27293,5
1774392969486,-0.371834,1.05639,0.199458,-9.92384,250.129,27.8777,0,0,3.27756,5
1774392969499,-0.408934,1.00781,0.259518,-5.91615,250.13,33.9158,0,0,3.28078,5
1774392969513,-0.278815,0.986573,0.267822,-5.09926,250.13,34.7786,0,0,3.28258,5
1774392969526,-0.377681,0.973145,0.325437,-4.39697,250.13,38.4732,0,0,3.28197,5
1774392969539,-0.400389,1.01391,0.434809,-2.69471,250.13,39.4733,0,0,3.31671,5
1774392969553,-0.333744,0.991944,0.623282,0.992256,250.13,35.8093,0,0,3.26235,5
1774392969566,-0.30591,0.89893,0.842518,-0.595372,250.13,34.771,0,0,3.28263,5
1774392969580,0.180884,1.36546,0.994133,4.64106,250.13,0.17661,0,0,3.28743,5
1774392969593,0.403309,1.6787,0.803965,37.5486,250.13,-33.8845,0,0,3.33526,5
1774392969606,0.629627,1.10647,0.731205,56.3811,250.13,-27.588,0,0,3.2885,5
1774392969620,1.0886,1.3911,0.770994,44.3897,250.13,42.0437,0,0,3.26437,5
1774392969633,1.11548,0.959494,0.724123,68.0985,250.13,85.4033,0,0,3.27993,5
1774392969647,1.00684,0.82447,0.616949,48.9395,213.154,125.068,0,0,3.29098,5
1774392969660,0.766125,0.727056,0.612793,39.0461,166.589,105.611,0,0,3.31945,5
1774392969673,0.553722,0.681399,0.62329,28.7255,135.245,67.1691,0,0,3.26035,4
1774392969687,0.555908,0.767086,0.675534,22.9849,106.482,28.3141,0,0,3.29272,4
1774392969700,0.623288,0.549816,0.720701,13.3514,77.6192,-1.45712,0,0,3.27652,4
1774392969714,0.734614,0.694573,0.742919,4.02318,44.3369,-18.2361,0,0,3.26935,4
1774392969727,0.693117,0.577643,0.721925,-6.85464,13.7795,-19.5648,0,0,3.27632,4
1774392969740,0.657472,0.547121,0.666018,-24.6331,-14.1213,-17.3054,0,0,3.29069,4
1774392969754,0.528327,0.56372,0.626467,-44.8315,-34.7627,-6.08431,0,0,3.32043,4
1774392969767,0.307384,0.697991,0.555668,-61.4117,-47.1218,12.3888,0,0,3.29487,4
1774392969781,0.0864368,0.827874,0.485355,-73.1752,-49.2595,31.6941,0,0,3.31597,4
1774392969794,-0.145008,0.929438,0.401127,-79.7555,-41.0308,40.2746,0,0,3.28747,4
1774392969807,-0.273187,0.967283,0.31934,-84.3205,-25.9394,34.7177,0,0,3.26782,4
1774392969821,-0.277832,1.00268,0.291749,-86.5114,-5.92426,22.0767,0,0,3.27341,4
1774392969834,-0.151129,1.07714,0.25342,-86.0611,4.37374,12.6262,0,0,3.26172,4
1774392969848,-0.0310119,1.11474,0.228761,-86.3511,10.725,11.7558,0,0,3.26721,4
1774392969861,0.0905701,1.13696,0.198244,-82.8398,10.0687,11.3359,0,0,3.28093,4
1774392969875,0.173092,1.04004,0.149417,-84.3664,5.92379,14.0686,0,0,3.33869,3
1774392969888,0.186767,1.04297,0.112795,-89.9998,0.725347,17.9617,0,0,3.30941,3
1774392969901,0.167726,1.1062,0.0986335,-91.3282,-5.0609,18.8168,0,0,3.28324,3
1774392969915,0.159424,1.17675,0.0581075,-88.7253,-10.4426,16.2138,0,0,3.26635,3
1774392969928,0.160889,1.17871,0.0295424,-83.1986,-15.893,11.2292,0,0,3.27252,3
1774392969941,0.193114,1.14356,0.00146625,-79.4429,-20.9388,6.05359,0,0,3.25922,3
1774392969955,0.221922,1.1748,-0.0268541,-73.6719,-27.725,0.389483,0,0,3.2915,3
1774392969968,0.283444,1.15137,-0.0512683,-65.9392,-36.0074,-4.9693,0,0,3.28971,3
1774392969982,0.304686,1.15796,-0.0839827,-57.672,-44.8242,-10.0685,0,0,3.33676,3
1774392969996,0.27588,1.13745,-0.124998,-47.2446,-53.0608,-15.1831,0,0,3.41004,3
1774392970009,0.196293,1.04908,-0.177243,-41.7177,-58.4197,-18.2289,0,0,3.29348,3
1774392970023,0.0600654,1.07471,-0.217283,-35.7483,-58.2137,-20.832,0,0,3.29919,3
1774392970036,-0.0495551,1.0708,-0.270017,-27.588,-52.4048,-26.7784,0,0,3.29384,3
1774392970049,-0.109372,1.11694,-0.344723,-17.0996,-42.2522,-34.8471,0,0,3.30682,3
1774392970063,-0.171384,1.05054,-0.388181,-6.96214,-29.9927,-40.1067,0,0,3.31043,3
1774392970076,-0.214109,0.924079,-0.439695,-4.57259,-16.5882,-41.1068,0,0,3.30211,3
1774392970090,-0.211426,0.905763,-0.45166,-5.45799,-3.09201,-41.9465,0,0,3.34465,3
1774392970103,-0.158206,0.938475,-0.448731,-4.26721,9.68664,-43.6641,0,0,3.29378,3
1774392970116,-0.0583546,0.987546,-0.456298,0.656341,19.3356,-41.8016,0,0,3.32574,3
1774392970130,-0.801232,3.99973,-0.840069,63.3645,45.732,-97.38,0,0,3.29552,3
1774392970143,0.0546447,1.90806,-0.51027,250.124,54.4349,-114.114,0,0,3.28019,3
1774392970157,-1.08271,0.0769958,0.233361,194.139,57.519,-3.19417,0,0,3.29182,3
1774392970170,-0.372106,0.858848,0.309322,120.773,68.4653,45.8382,0,0,3.3195,3
1774392970184,0.547561,1.99067,0.314941,137.137,35.9246,14.1155,0,0,3.35767,3
1774392970197,0.260024,0.833554,-0.314422,149.404,1.85598,-0.327811,0,0,3.39736,2
1774392970211,-0.108624,-0.16328,-0.19361,56.5295,4.94647,5.05327,0,0,3.27502,2
1774392970224,-0.0979009,1.08856,0.041248,10.6808,26.9383,-0.205949,0,0,3.2921,2
1774392970237,0.132313,1.30809,0.0324711,42.8693,13.6645,-4.56475,0,0,3.28667,2
1774392970251,0.15161,0.628452,-0.0307586,27.2218,-4.78571,4.32798,0,0,3.32861,2
1774392970264,-0.0119547,0.984113,0.0129373,10.6723,4.52644,1.93137,0,0,3.29213,2
1774392970278,0.154533,1.06054,0.0205074,26.1064,2.25198,-3.90822,0,0,3.29826,2
1774392970291,0.0566455,0.804944,-0.017088,16.1377,2.41984,-3.92366,0,0,3.30811,5
1774392970305,0.0632321,0.895747,0.00414933,2.71796,3.08395,-5.6488,0,0,3.31876,5
1774392970318,-0.000485096,0.941892,-0.00659126,-1.16019,1.27486,-1.82454,0,0,3.28924,5
1774392970331,0.0319808,1.15307,0.0393043,8.35849,-0.290029,-1.74809,0,0,3.29982,5
1774392970345,0.0410152,0.804461,0.00927884,0.481152,-0.885478,0.122081,0,0,3.29097,5
1774392970358,0.0275886,1.0869,0.0375962,-3.7785,-0.923663,1.62591,0,0,3.3386,5
1774392970372,0.0236818,1.05176,0.0305179,5.79361,-1.0687,2.17556,0,0,3.32441,5
1774392970385,0.0175784,1.02417,0.0295411,5.31299,-0.900768,3.79384,0,0,3.3146,5
1774392970399,0.0327141,1.06714,0.010499,11.4349,-1.0229,4.77096,0,0,3.87509,5
