t,mode,S,prom
0.0,5.0,5.0,0.0
0.01,5.0,5.0,0.0
0.02,5.0,5.0,0.0
0.03,5.0,5.0,0.0
0.04,5.0,5.0,0.0
0.05,5.0,5.0,0.0
0.06,5.0,5.0,0.0
0.07,5.0,5.0,0.0008090105839073658
0.08,5.0,5.0,0.0028411083854734897
0.08999999999999998,5.0,5.0,0.003771957289427519
0.1,5.0,5.0,0.004702806193381548
0.11,5.0,5.0,0.0026560290716588497
0.12,5.0,5.0,-0.0010526598431169986
0.13,5.0,5.0,-0.004243041668087244
0.14,5.0,5.0,-0.005899133440107107
0.15,5.0,5.0,-0.007555225212126969
0.16,5.0,5.0,-0.008223040960729122
0.17,5.0,5.0,-0.010022464115172623
0.18,5.0,5.0,-0.014123481418937444
0.19,5.0,5.0,-0.017801986541599035
0.2,5.0,5.0,-0.021480491664260627
0.21,5.0,5.0,-0.02227779505774379
0.22,5.0,5.0,-0.02145377164706588
0.23,5.0,5.0,-0.02136439932510257
0.24,5.0,5.0,-0.023083492089062928
0.25,5.0,5.0,-0.024802584853023286
0.26,5.0,5.0,-0.0274327976629138
0.27,5.0,5.0,-0.029306285455822943
0.28,5.0,5.0,-0.029412290453910823
0.29,5.0,5.0,-0.028147578146308656
0.3,5.0,5.0,-0.02688286583870649
0.31,5.0,5.0,-0.02523889858275652
0.32,5.0,5.0,-0.02402504608035088
0.33,5.0,5.0,-0.023221334815025328
0.34,5.0,5.0,-0.021807026863098145
0.35,5.0,5.0,-0.02039271891117096
0.36,5.0,5.0,-0.01856875866651535
0.37,5.0,5.0,-0.017415032908320426
0.38,5.0,5.0,-0.017354401014745235
0.39,5.0,5.0,-0.017884101439267396
0.4,5.0,5.0,-0.01778173614293337
0.41,5.0,5.0,-0.01796220149844885
0.42,5.0,5.0,-0.017380347289144994
0.43,5.0,5.0,-0.016433474142104387
0.44,5.0,5.0,-0.0161705887876451
0.45,5.0,5.0,-0.016149203386157752
0.46,5.0,5.0,-0.01661462625488639
0.47,5.0,5.0,-0.01645461153239012
0.48,5.0,5.0,-0.014705233369022607
0.49,5.0,5.0,-0.011718563828617334
0.5,5.0,5.0,-0.009363960009068249
0.51,5.0,5.0,-0.006168607901781796
0.52,5.0,5.0,-0.003647533152252436
0.53,5.0,5.0,-0.001928747212514281
0.54,5.0,5.0,-0.0005757722305133939
0.55,5.0,5.0,0.0010187027044594287
0.56,5.0,5.0,0.0018387206830084324
0.57,5.0,5.0,0.003457856480963528
0.58,5.0,5.0,0.01008964276406914
0.59,5.0,5.0,0.022142597124911845
0.6,5.0,5.0,0.03419555148575455
0.61,5.0,5.0,0.04329767713788897
0.62,5.0,5.0,0.044879541941918434
0.63,5.0,5.0,0.049565487331710754
0.64,5.0,5.0,0.06971475924365224
0.65,5.0,5.0,0.0898640311555937
0.66,5.0,5.0,0.12042398185003549
0.67,5.0,5.0,0.14581104107201098
0.68,5.0,5.0,0.16000645719468592
0.69,5.0,5.0,0.16674391590058804
0.7,5.0,5.0,0.17348137460649013
0.71,5.0,5.0,0.18071437887847425
0.72,5.0,5.0,0.19032153859734532
0.73,5.0,5.0,0.18703037425875663
0.74,5.0,5.0,0.15810533463954926
0.75,5.0,5.0,0.12918029502034187
0.761,5.0,5.0,0.08936548084020614
0.771,5.0,5.0,0.05371749773621559
0.781,5.0,5.0,0.02245684489607811
0.791,5.0,5.0,-0.008105958253145218
0.801,5.0,5.0,-0.03782099261879921
0.811,5.0,5.0,-0.06491948813199996
0.8209999999999998,5.0,5.0,-0.08627195432782173
0.8309999999999998,5.0,5.0,-0.09620570614933968
0.8409999999999999,5.0,5.0,-0.09525553211569786
0.851,5.0,5.0,-0.09324878901243208
0.861,5.0,5.0,-0.08960705623030663
0.871,5.0,5.0,-0.08624090701341629
0.881,5.0,5.0,-0.08177882134914398
0.891,5.0,5.0,-0.07731673568487167
0.901,5.0,5.0,-0.07334960475564004
0.911,5.0,5.0,-0.07065806686878204
0.921,5.0,5.0,-0.06829581782221794
0.931,5.0,5.0,-0.06691237092018128
0.941,5.0,5.0,-0.06552892401814461
0.951,5.0,5.0,-0.06568668261170388
0.961,5.0,5.0,-0.06598401591181755
0.971,5.0,5.0,-0.0660321868956089
0.981,5.0,5.0,-0.06714092865586281
0.9910000000000002,5.0,5.0,-0.06824967041611671
1.001,5.0,5.0,-0.07076848447322845
1.011,5.0,5.0,-0.07413201853632927
1.021,5.0,5.0,-0.07843305170536041
1.031,5.0,5.0,-0.08350777998566628
1.041,5.0,5.0,-0.08858250826597212
1.051,5.0,5.0,-0.09433272927999496
1.061,5.0,5.0,-0.10043579041957856
1.071,5.0,5.0,-0.10557325184345244
1.081,5.0,5.0,-0.1091331496834755
1.091,5.0,5.0,-0.11269304752349854
1.101,5.0,5.0,-0.11495791375637054
1.111,5.0,5.0,-0.1160322032868862
1.121,5.0,5.0,-0.11572052538394928
1.131,5.0,5.0,-0.11366225779056548
1.141,5.0,5.0,-0.1116039901971817
1.151,5.0,5.0,-0.10798544064164162
1.161,5.0,5.0,-0.10438595712184906
1.171,5.0,5.0,-0.10229138880968094
1.181,5.0,5.0,-0.10166110023856165
1.191,5.0,5.0,-0.10103081166744232
1.201,5.0,5.0,-0.10154058262705803
1.211,5.0,5.0,-0.10339449867606162
1.221,5.0,5.0,-0.10694537088274957
1.231,5.0,5.0,-0.11287677437067033
1.241,5.0,5.0,-0.11880817785859107
1.251,5.0,5.0,-0.12684173583984376
1.261,5.0,5.0,-0.1354451097548008
1.271,5.0,5.0,-0.14455637708306313
1.281,5.0,5.0,-0.1561149403452873
1.291,5.0,5.0,-0.16767350360751151
1.301,5.0,5.0,-0.18157691210508348
1.311,5.0,5.0,-0.19424292147159575
1.321,5.0,5.0,-0.2025577545166016
1.331,5.0,5.0,-0.20488723963499073
1.341,5.0,5.0,-0.20721672475337985
1.351,5.0,5.0,-0.2039371073246002
1.361,5.0,5.0,-0.19852967858314516
1.371,5.0,5.0,-0.19395122230052947
1.381,5.0,5.0,-0.18854224830865857
1.391,5.0,5.0,-0.1832329660654068
1.401,5.0,5.0,-0.1746765524148941
1.411,5.0,5.0,-0.16469284147024155
1.421,5.0,5.0,-0.15572721958160402
1.431,5.0,5.0,-0.1489358738064766
1.441,5.0,5.0,-0.14113859832286835
1.451,5.0,5.0,-0.13724842369556428
1.461,5.0,5.0,-0.13555741608142852
1.471,5.0,5.0,-0.1337720438838005
1.481,5.0,5.0,-0.13107488453388214
1.491,5.0,5.0,-0.12848643213510513
1.501,5.0,5.0,-0.12589797973632813
1.511,5.0,5.0,-0.12435036152601242
1.521,5.0,5.0,-0.12509225606918334
1.531,5.0,5.0,-0.12898003160953522
1.541,5.0,5.0,-0.13511189073324203
1.551,5.0,5.0,-0.14124374985694885
1.561,5.0,5.0,-0.14753566384315492
1.571,5.0,5.0,-0.15253139436244964
1.581,5.0,5.0,-0.15617562532424928
1.591,5.0,5.0,-0.1595652088522911
1.601,5.0,5.0,-0.16295479238033295
1.611,5.0,5.0,-0.16669636070728305
1.621,5.0,5.0,-0.17079276740550994
1.631,5.0,5.0,-0.17559445053339004
1.641,5.0,5.0,-0.18349776566028597
1.651,5.0,5.0,-0.19140108078718185
1.661,5.0,5.0,-0.2045319840312004
1.671,5.0,5.0,-0.2232023686170578
1.681,5.0,5.0,-0.24774837046861647
1.691,5.0,5.0,-0.27705299109220505
1.701,5.0,5.0,-0.3063576117157936
1.711,5.0,5.0,-0.3393323138356209
1.721,5.0,5.0,-0.37556999474763864
1.731,5.0,5.0,-0.4132784157991409
1.741,5.0,5.0,-0.448180428147316
1.751,5.0,5.0,-0.48308244049549104
1.761,5.0,5.0,-0.5114987879991532
1.771,5.0,5.0,-0.5336601972579956
1.781,5.0,5.0,-0.5508325874805451
1.791,5.0,5.0,-0.5637351125478745
1.801,5.0,5.0,-0.5766376376152038
1.811,5.0,5.0,-0.5864101886749268
1.821,5.0,5.0,-0.5939595699310303
1.831,5.0,5.0,-0.5996525168418885
1.841,5.0,5.0,-0.6043368697166441
1.851,5.0,5.0,-0.6090212225914001
1.861,5.0,5.0,-0.6139442682266235
1.871,5.0,5.0,-0.6185361862182617
1.881,5.0,5.0,-0.6218350529670715
1.891,5.0,5.0,-0.6241042196750641
1.901,5.0,5.0,-0.6247954845428467
1.911,5.0,5.0,-0.6249466419219971
1.921,5.0,10.0,-0.6217833638191224
1.931,5.0,10.0,-0.6160955488681793
1.941,5.0,10.0,-0.6085602879524231
1.951,5.0,10.0,-0.6002122342586518
1.961,5.0,10.0,-0.5919522941112518
1.971,5.0,10.0,-0.5847266674041748
1.981,5.0,10.0,-0.5783291161060333
1.991,5.0,10.0,-0.5714944958686828
2.001,5.0,10.0,-0.564228218793869
2.011,5.0,10.0,-0.5569619417190552
2.021,5.0,10.0,-0.5498969852924347
2.031,5.0,10.0,-0.5440473258495331
2.041,5.0,10.0,-0.5405955076217651
2.051,5.0,10.0,-0.5386101722717285
2.061,5.0,10.0,-0.536624836921692
2.071,5.0,10.0,-0.5343735992908478
2.081,5.0,10.0,-0.5319475114345551
2.091,5.0,10.0,-0.5302595496177673
2.101,5.0,10.0,-0.5297514438629152
2.111,5.0,10.0,-0.5292433381080628
2.121,5.0,10.0,-0.5289844155311585
2.131,5.0,10.0,-0.5269691407680511
2.141,5.0,10.0,-0.5226097375154495
2.151,5.0,10.0,-0.517633107304573
2.161,5.0,10.0,-0.5126564770936965
2.171,5.0,10.0,-0.508266019821167
2.181,5.0,10.0,-0.5039285540580749
2.191,5.0,10.0,-0.4995619893074036
2.201,5.0,10.0,-0.4957737177610397
2.211,5.0,10.0,-0.49198544621467594
2.221,5.0,10.0,-0.48919690847396846
2.231,5.0,10.0,-0.4878289252519608
2.241,5.0,10.0,-0.48764987587928765
2.251,5.0,10.0,-0.48743436336517326
2.261,1.0,1.0,-0.48788744211196894
2.271,1.0,1.0,-0.4893476277589798
2.281,1.0,1.0,-0.49225982129573825
2.291,1.0,1.0,-0.4970655649900436
2.301,1.0,1.0,-0.5021227180957795
2.311,1.0,1.0,-0.50927976667881
2.321,1.0,1.0,-0.5181532353162766
2.331,1.0,1.0,-0.5277689456939697
2.341,1.0,1.0,-0.5378032147884368
2.351,1.0,1.0,-0.5478374838829041
2.361,1.0,1.0,-0.5579747021198272
2.371,1.0,1.0,-0.5679330646991729
2.381,1.0,1.0,-0.5781132817268372
2.391,1.0,1.0,-0.5877522945404052
2.401,1.0,1.0,-0.5969402968883515
2.411,1.0,1.0,-0.6040284037590027
2.421,1.0,1.0,-0.6079122960567475
2.431,1.0,1.0,-0.6088415205478668
2.441,1.0,1.0,-0.6066336035728456
2.451,1.0,1.0,-0.6022001683712006
2.461,1.0,1.0,-0.5969951927661896
2.471,1.0,1.0,-0.5889231860637665
2.481,1.0,1.0,-0.5775656342506409
2.491,1.0,1.0,-0.5634793043136597
2.501,1.0,1.0,-0.5481970816850662
2.511,1.0,1.0,-0.5329148590564727
2.521,1.0,1.0,-0.5182326018810273
2.531,1.0,1.0,-0.5058209240436553
2.541,1.0,1.0,-0.4963134169578553
2.551,1.0,1.0,-0.4894805490970612
2.561,1.0,1.0,-0.4826476812362671
2.571,1.0,1.0,-0.4780273169279098
2.581,1.0,1.0,-0.4753828018903733
2.591,1.0,1.0,-0.474591401219368
2.601,1.0,1.0,-0.4757720321416855
2.611,1.0,1.0,-0.47695266306400297
2.621,1.0,1.0,-0.4802645117044449
2.631,1.0,1.0,-0.48555242121219633
2.641,1.0,1.0,-0.4925357073545456
2.651,1.0,1.0,-0.5006704777479172
2.661,1.0,1.0,-0.5088052481412888
2.671,1.0,1.0,-0.5180250346660614
2.681,1.0,1.0,-0.5280996143817902
2.691,1.0,1.0,-0.53764927983284
2.701,1.0,1.0,-0.5468738168478012
2.711,1.0,1.0,-0.5542534649372101
2.721,1.0,1.0,-0.5578242182731629
2.731,1.0,1.0,-0.5569057285785675
2.741,1.0,1.0,-0.5523890167474746
2.751,1.0,1.0,-0.546271699666977
2.761,1.0,1.0,-0.5389906674623489
2.771,1.0,1.0,-0.5285366296768188
2.781,1.0,1.0,-0.5153988331556321
2.791,1.0,1.0,-0.5021992355585099
2.801,1.0,1.0,-0.4889996379613876
2.811,1.0,1.0,-0.4770400047302246
2.821,1.0,1.0,-0.4663997232913971
2.831,1.0,1.0,-0.45791862607002254
2.841,1.0,1.0,-0.45181438624858855
2.851,1.0,1.0,-0.4466737776994705
2.861,1.0,1.0,-0.4426968842744827
2.871,1.0,1.0,-0.4417366027832032
2.881,1.0,1.0,-0.44437939226627354
2.891,1.0,1.0,-0.4488302618265152
2.901,1.0,1.0,-0.4534105837345123
2.911,1.0,1.0,-0.45859583020210265
2.921,1.0,1.0,-0.4653146475553512
2.931,1.0,1.0,-0.47310162484645846
2.941,1.0,1.0,-0.4803903132677078
2.951,1.0,1.0,-0.48667916059494015
2.961,1.0,1.0,-0.49296800792217255
2.971,1.0,1.0,-0.498719385266304
2.981,1.0,1.0,-0.5039967209100723
2.991,1.0,1.0,-0.5082018285989761
3.001,1.0,1.0,-0.5101149201393127
3.011,1.0,1.0,-0.5120280116796494
3.021,1.0,1.0,-0.5110032021999359
3.031,1.0,1.0,-0.5081342369318008
3.041,1.0,1.0,-0.50451440513134
3.051,1.0,1.0,-0.4998471945524216
3.061,1.0,1.0,-0.4951799839735031
3.071,1.0,1.0,-0.4892118960618973
3.081,1.0,1.0,-0.4830929905176162
3.091,1.0,1.0,-0.47865628004074096
3.101,1.0,1.0,-0.47638213336467744
3.111,1.0,1.0,-0.4741440445184708
3.121,1.0,1.0,-0.4727215737104416
3.131,1.0,1.0,-0.47097491323947904
3.141,1.0,1.0,-0.46851707994937897
3.151,1.0,1.0,-0.46394981443881994
3.161,1.0,1.0,-0.4593825489282608
3.171,1.0,1.0,-0.4518220722675324
3.181,1.0,1.0,-0.4418913960456848
3.191,1.0,1.0,-0.4301748871803284
3.201,1.0,1.0,-0.4180174291133881
3.211,1.0,1.0,-0.4058239132165909
3.221,1.0,1.0,-0.3951524049043656
3.231,1.0,1.0,-0.3866674333810806
3.241,1.0,1.0,-0.3806674718856812
3.251,1.0,1.0,-0.3789633125066757
3.261,1.0,1.0,-0.37725915312767033
3.271,1.0,1.0,-0.37970558106899266
3.281,1.0,1.0,-0.3842118948698044
3.291,1.0,1.0,-0.3905512660741806
3.301,1.0,1.0,-0.3990072399377823
3.311,1.0,1.0,-0.407463213801384
3.321,1.0,1.0,-0.4171141684055328
3.331,1.0,1.0,-0.4265603870153427
3.341,1.0,1.0,-0.4360238432884216
3.351,1.0,1.0,-0.446933576464653
3.361,1.0,1.0,-0.4578433096408844
3.371,1.0,1.0,-0.4707046806812286
3.381,1.0,1.0,-0.4850349843502045
3.391,1.0,1.0,-0.500337490439415
3.401,1.0,1.0,-0.5151845693588257
3.411,1.0,1.0,-0.5300316482782363
3.421,1.0,1.0,-0.541570496559143
3.431,1.0,1.0,-0.5479715466499329
3.441,1.0,1.0,-0.5468082100152969
3.451,1.0,1.0,-0.5430958151817321
3.461,1.0,1.0,-0.5315724432468414
3.471,1.0,1.0,-0.5103947550058365
3.481,1.0,1.0,-0.4813643753528594
3.491,1.0,1.0,-0.4454882964491844
3.501,1.0,1.0,-0.4054421752691269
3.511,1.0,1.0,-0.36539605408906933
3.521,1.0,1.0,-0.32584727108478545
3.531,1.0,1.0,-0.2905936062335968
3.541,1.0,1.0,-0.26145637333393096
3.551,1.0,1.0,-0.2312583923339844
3.561,1.0,1.0,-0.20887138843536376
3.571,1.0,1.0,-0.19318708777427676
3.581,1.0,1.0,-0.18365577608346936
3.591,1.0,1.0,-0.17798140943050383
3.601,1.0,1.0,-0.17343408912420272
3.611,1.0,1.0,-0.1688867688179016
3.621,1.0,1.0,-0.16279901117086407
3.631,1.0,1.0,-0.15156998559832574
3.641,1.0,1.0,-0.13383967094123364
3.651,1.0,1.0,-0.1100342858582735
3.661,1.0,1.0,-0.08622890077531338
3.671,1.0,1.0,-0.055824012681841846
3.681,1.0,1.0,-0.019228288158774372
3.691,1.0,1.0,0.022276580706238745
3.701,1.0,1.0,0.06799861527979374
3.711,1.0,1.0,0.11372064985334872
3.721,1.0,1.0,0.1621642891317606
3.731,1.0,1.0,0.21067497543990613
3.741,1.0,1.0,0.25730065405368807
3.751,1.0,1.0,0.30106503143906593
3.761,1.0,1.0,0.34482940882444374
3.771,1.0,1.0,0.38573900759220126
3.781,1.0,1.0,0.42502388060092927
3.791,1.0,1.0,0.4619285881519318
3.801,1.0,1.0,0.49443569481372834
3.811,1.0,1.0,0.5269428014755249
3.821,1.0,1.0,0.5551788866519928
3.831,1.0,1.0,0.5796585559844971
3.841,1.0,1.0,0.6006642699241638
3.851,1.0,1.0,0.6199472665786743
3.861,1.0,1.0,0.6392302632331848
3.871,1.0,1.0,0.6577610969543457
3.881,1.0,1.0,0.6744125664234162
3.891,1.0,1.0,0.6891973912715912
3.901,1.0,1.0,0.7016174376010895
3.911,1.0,1.0,0.7140374839305877
3.921,1.0,1.0,0.7233581364154814
3.931,1.0,1.0,0.7336834967136382
3.941,1.0,1.0,0.7491617023944854
3.951,1.0,1.0,0.7683510780334472
3.961,1.0,1.0,0.7875404536724091
3.971,1.0,1.0,0.8081176221370697
3.981,1.0,1.0,0.8301122009754179
3.991,1.0,1.0,0.8536618351936339
4.001,1.0,1.0,0.8783575773239136
4.011,1.0,1.0,0.9030533194541931
4.021,1.0,1.0,0.9273161292076112
4.031,1.0,1.0,0.9479084968566894
4.041,1.0,1.0,0.9642806529998781
4.051,1.0,1.0,0.979190182685852
4.061,1.0,1.0,0.9940997123718259
4.071,1.0,1.0,1.006506896018982
4.081,1.0,1.0,1.013008052110672
4.091,1.0,1.0,1.015286111831665
4.101,1.0,1.0,1.0172445058822632
4.111,1.0,1.0,1.0192028999328613
4.121,1.0,1.0,1.0210286498069765
4.131,1.0,1.0,1.021474552154541
4.141,1.0,1.0,1.0201789140701294
4.151,1.0,1.0,1.0170613765716552
4.161,1.0,1.0,1.0139438390731812
4.171,1.0,1.0,1.011682629585266
4.181,1.0,1.0,1.0125386714935305
4.191,1.0,1.0,1.0135378837585447
4.201,1.0,1.0,1.0124984860420227
4.211,1.0,1.0,1.0105781435966492
4.221,1.0,1.0,1.0102503657341004
4.231,1.0,1.0,1.012403780221939
4.241,1.0,1.0,1.0149063766002655
4.251,1.0,1.0,1.014527589082718
4.261,1.0,1.0,1.0129143118858337
4.271,1.0,1.0,1.008625763654709
4.281,1.0,1.0,1.00349480509758
4.291,1.0,1.0,1.0003263771533966
4.301,1.0,1.0,0.9985647916793824
4.311,1.0,1.0,0.9976841509342192
4.321,1.0,1.0,0.9961879909038543
4.331,1.0,1.0,0.9942551851272584
4.341,1.0,1.0,0.9922760546207428
4.351,1.0,1.0,0.9922367393970488
4.361,1.0,1.0,0.9934319138526917
4.371,1.0,1.0,0.9966903269290924
4.381,1.0,1.0,1.0029282510280608
4.391,1.0,1.0,1.011974889039993
4.401,1.0,1.0,1.022709035873413
4.411,1.0,1.0,1.0334431827068329
4.421,1.0,1.0,1.0441129028797147
4.431,1.0,1.0,1.0552856624126434
4.441,1.0,1.0,1.0663685202598572
4.451,1.0,1.0,1.075474202632904
4.461,1.0,1.0,1.0845798850059507
4.471,1.0,1.0,1.0922145962715148
4.481,1.0,1.0,1.0986687421798706
4.491,1.0,1.0,1.102632260322571
4.501,1.0,1.0,1.1043957233428956
4.511,1.0,1.0,1.1061591863632203
4.521,1.0,1.0,1.1050336003303527
4.531,1.0,1.0,1.097521698474884
4.541,1.0,1.0,1.0838151156902314
4.551,1.0,1.0,1.0662517607212068
4.561,1.0,1.0,1.048688405752182
4.571,1.0,1.0,1.0266071498394012
4.581,1.0,1.0,0.9994424164295197
4.591,1.0,1.0,0.9682206928730009
4.601,1.0,1.0,0.9341142117977143
4.611,1.0,1.0,0.8959032654762269
4.621,1.0,1.0,0.8612613141536712
4.631,1.0,1.0,0.828440773487091
4.641,1.0,1.0,0.7971197307109834
4.651,1.0,1.0,0.7665452778339386
4.661,1.0,1.0,0.7334580302238464
4.671,1.0,1.0,0.7042964160442352
4.681,1.0,1.0,0.6769026219844818
4.691,1.0,1.0,0.6514345943927765
4.701,1.0,1.0,0.6298916399478912
4.711,1.0,1.0,0.6112113714218139
4.721,1.0,1.0,0.5918405771255493
4.731,1.0,1.0,0.5766995847225189
4.741,1.0,1.0,0.566128271818161
4.751,1.0,1.0,0.5586074411869049
4.761,1.0,1.0,0.5548740684986113
4.771,1.0,1.0,0.5532021045684814
4.781,1.0,1.0,0.5550618946552277
4.791,1.0,1.0,0.5574765682220459
4.801,1.0,1.0,0.5598912417888642
4.811,1.0,1.0,0.5608495056629181
4.821,1.0,1.0,0.5598907351493836
4.831,1.0,1.0,0.5565353512763977
4.841,1.0,1.0,0.5512708604335785
4.851,1.0,1.0,0.5434135496616364
4.861,1.0,1.0,0.5342815756797791
4.871,1.0,1.0,0.5219150245189667
4.881,1.0,1.0,0.5117258787155151
4.891,1.0,1.0,0.5034504532814026
4.901,1.0,1.0,0.4948230445384979
4.911,1.0,1.0,0.48889382481575006
4.921,1.0,1.0,0.48494788408279427
4.931,1.0,1.0,0.48095300793647766
4.941,1.0,1.0,0.4786289602518082
4.951,1.0,1.0,0.4800313740968704
4.961,1.0,1.0,0.4814337879419327
4.971,1.0,1.0,0.4834966033697128
4.981,1.0,1.0,0.4809556692838669
4.991,1.0,1.0,0.4777490913867951
5.001,1.0,1.0,0.4769500553607941
5.011,1.0,1.0,0.47615101933479304
5.021,1.0,1.0,0.4765297770500183
5.031,1.0,1.0,0.4738221943378448
5.041,1.0,1.0,0.46178595423698426
5.051,1.0,1.0,0.44190343022346495
5.061,1.0,1.0,0.4220209062099457
5.071,1.0,1.0,0.398086228966713
5.081,1.0,1.0,0.37195951342582706
5.091,1.0,1.0,0.34417614340782166
5.101,1.0,1.0,0.3136422783136368
5.111,1.0,1.0,0.2831084132194519
5.121,1.0,1.0,0.2514410883188248
5.131,1.0,1.0,0.22478758096694945
5.141,1.0,1.0,0.20707569718360905
5.151,1.0,1.0,0.1966316595673561
5.161,1.0,1.0,0.1861876219511032
5.171,1.0,1.0,0.18051460534334185
5.181,1.0,1.0,0.17769269198179244
5.191,1.0,1.0,0.17562597692012788
5.201,1.0,1.0,0.17425419837236406
5.211,1.0,1.0,0.17205664068460463
5.221,1.0,1.0,0.170036943256855
5.231,1.0,1.0,0.16801040023565292
5.241,1.0,1.0,0.1652575969696045
5.251,1.0,1.0,0.16169858276844024
5.261,1.0,1.0,0.158139568567276
5.271,1.0,1.0,0.15426373481750488
5.281,1.0,1.0,0.15068796873092652
5.291,1.0,1.0,0.1475600004196167
5.301,1.0,1.0,0.1430272713303566
5.312,1.0,1.0,0.13932032138109207
5.322,1.0,1.0,0.13461462482810022
5.332,1.0,1.0,0.1304681830108166
5.342,1.0,1.0,0.12799474373459815
5.352,1.0,1.0,0.1261930324137211
5.362,1.0,1.0,0.124391321092844
5.372,1.0,1.0,0.12199928686022758
5.382,1.0,1.0,0.11820271015167236
5.392,1.0,1.0,0.11238602325320245
5.402,1.0,1.0,0.10493823401629924
5.412,1.0,1.0,0.09749044477939603
5.422,1.0,1.0,0.08898329697549343
5.432,1.0,1.0,0.07953777834773064
5.442,1.0,1.0,0.0686397485435009
5.452,1.0,1.0,0.05507638286799192
5.462,1.0,1.0,0.04151301719248295
5.472,1.0,1.0,0.024174050614237785
5.482,1.0,1.0,0.002784160152077675
5.492,1.0,1.0,-0.022160166874527928
5.502,1.0,1.0,-0.05044476613402367
5.512,1.0,1.0,-0.08504746071994304
5.522,1.0,1.0,-0.11718996316194534
5.532,1.0,1.0,-0.15206422619521617
5.542,1.0,1.0,-0.18343796245753768
5.552,1.0,1.0,-0.2060675399377942
5.562,1.0,1.0,-0.22693439200520515
5.572,1.0,1.0,-0.24332460165023803
5.582,1.0,1.0,-0.25884170532226564
5.592,1.0,1.0,-0.2752248764038086
5.602,1.0,1.0,-0.2844321966171265
5.612,1.0,1.0,-0.27850177586078645
5.622,1.0,1.0,-0.2725713551044464
5.632,1.0,1.0,-0.2682159662246704
5.642,1.0,1.0,-0.29063804745674127
5.652,1.0,1.0,-0.3368284612894058
5.662,1.0,1.0,-0.38863994628191
5.672,1.0,1.0,-0.4404514312744141
5.682,1.0,1.0,-0.4882848143577576
5.692,1.0,1.0,-0.5284134954214096
5.702,1.0,1.0,-0.5662357270717621
5.712,1.0,1.0,-0.6128776043653488
5.722,1.0,1.0,-0.6555554389953613
5.732,1.0,1.0,-0.6892708897590637
5.742,1.0,1.0,-0.6954390704631804
5.752,1.0,1.0,-0.6802670359611511
5.762,1.0,1.0,-0.6612366557121276
5.772,1.0,1.0,-0.6395352900028228
5.782,1.0,1.0,-0.6166950583457945
5.792,1.0,1.0,-0.5927404046058655
5.802,1.0,1.0,-0.5633618175983429
5.812,1.0,1.0,-0.5339832305908203
5.822,1.0,1.0,-0.49628489017486566
5.832,1.0,1.0,-0.4522944778203965
5.842,1.0,1.0,-0.406745195388794
5.852,1.0,1.0,-0.3639422826468944
5.862,1.0,1.0,-0.321139369904995
5.872,1.0,1.0,-0.2810692138969898
5.882,1.0,1.0,-0.23897460773587223
5.892,1.0,1.0,-0.19289336651563643
5.902,1.0,1.0,-0.15063670268282295
5.912,1.0,1.0,-0.10838003885000944
5.922,1.0,1.0,-0.07771068718284369
5.932,1.0,1.0,-0.05862239196430892
5.942,1.0,1.0,-0.047158208186738194
5.952,1.0,1.0,-0.039309401880018406
5.962,1.0,1.0,-0.03146059557329863
5.972,1.0,1.0,-0.024316658894531433
5.982,1.0,1.0,-0.0171267009107396
5.992,1.0,1.0,-0.01145755264442414
6.002,1.0,1.0,-0.007886131084524094
6.012,1.0,1.0,-0.00431470952462405
6.022,1.0,1.0,-0.003261011163704097
6.032,1.0,1.0,-0.0060900600627064715
6.042,1.0,1.0,-0.011274907179176808
6.052,1.0,1.0,-0.015495076589286328
6.062,1.0,1.0,-0.019715245999395847
6.072,1.0,1.0,-0.023536247573792933
6.082,1.0,1.0,-0.03060953691601753
6.092,1.0,1.0,-0.043389097601175305
6.102,1.0,1.0,-0.06017483845353126
6.112,1.0,1.0,-0.07696057930588722
6.122,1.0,1.0,-0.09268702119588851
6.132,1.0,1.0,-0.10517820492386816
6.142,1.0,1.0,-0.11751549392938614
6.152,1.0,1.0,-0.1318637527525425
6.162,1.0,1.0,-0.14621201157569885
6.172,1.0,1.0,-0.1602527178823948
6.182,1.0,1.0,-0.17233561500906944
6.192,1.0,1.0,-0.1829894244670868
6.202,1.0,1.0,-0.19238128289580345
6.212,1.0,1.0,-0.20157392621040343
6.222,1.0,1.0,-0.21000462919473648
6.232,1.0,1.0,-0.21705560833215717
6.242,1.0,1.0,-0.21974914669990536
6.252,1.0,1.0,-0.21672149449586867
6.262,1.0,1.0,-0.2105266749858856
6.272,1.0,1.0,-0.20427193492650983
6.282,1.0,1.0,-0.19623172730207444
6.292,1.0,1.0,-0.1864641860127449
6.302,1.0,1.0,-0.17567263022065163
6.312,1.0,1.0,-0.165080289542675
6.322,1.0,1.0,-0.1537952221930027
6.332,1.0,1.0,-0.14151059612631797
6.342,1.0,1.0,-0.12834383323788642
6.352,1.0,1.0,-0.11584432050585748
6.362,1.0,1.0,-0.10651197507977486
6.372,1.0,1.0,-0.09652695506811139
6.382,1.0,1.0,-0.09003607332706451
6.392,1.0,1.0,-0.08582655638456346
6.402,1.0,1.0,-0.08264748528599737
6.412,1.0,1.0,-0.07946841418743132
6.422,1.0,1.0,-0.07689523324370384
6.432,1.0,1.0,-0.07363715395331383
6.442,1.0,1.0,-0.06909417137503623
6.452,1.0,1.0,-0.06518134996294975
6.462,1.0,1.0,-0.061268528550863274
6.472,1.0,1.0,-0.060256033390760425
6.482,1.0,1.0,-0.06260433420538902
6.492,1.0,1.0,-0.0671145923435688
6.502,1.0,1.0,-0.07209467068314553
6.512,1.0,1.0,-0.07707474902272224
6.522,1.0,1.0,-0.08215656653046606
6.532,1.0,1.0,-0.08900207206606865
6.542,1.0,1.0,-0.09974716827273368
6.552,1.0,1.0,-0.11373447999358176
6.562,1.0,1.0,-0.12970500513911248
6.572,1.0,1.0,-0.14342787861824036
6.582,1.0,1.0,-0.154865001142025
6.592,1.0,1.0,-0.16498133391141892
6.602,1.0,1.0,-0.17554533183574678
6.612,1.0,1.0,-0.1863572597503662
6.622,1.0,1.0,-0.19715428501367568
6.632,1.0,1.0,-0.20598932951688767
6.642,1.0,1.0,-0.2120247393846512
6.652,1.0,1.0,-0.21601161658763884
6.662,1.0,1.0,-0.2191942572593689
6.672,1.0,1.0,-0.2223768979310989
6.682,1.0,1.0,-0.22522104680538177
6.692,1.0,1.0,-0.22687275409698487
6.702,1.0,1.0,-0.2276319682598114
6.712,1.0,1.0,-0.22814325243234637
6.722,1.0,1.0,-0.2299861311912537
6.732,1.0,1.0,-0.23407316207885745
6.742,1.0,1.0,-0.23927259147167207
6.752,1.0,1.0,-0.24406966567039487
6.762,1.0,1.0,-0.24768776297569275
6.772,1.0,1.0,-0.25146797597408294
6.782,1.0,1.0,-0.2544141381978989
6.792,1.0,1.0,-0.2566272765398025
6.802,1.0,1.0,-0.2560673534870148
6.812,1.0,1.0,-0.25550743043422697
6.822,1.0,1.0,-0.2502604603767395
6.832,1.0,1.0,-0.24173012524843213
6.842,1.0,1.0,-0.23230395913124088
6.852,1.0,1.0,-0.2230425640940666
6.862,1.0,1.0,-0.2137811690568924
6.872,1.0,1.0,-0.20467233359813689
6.882,1.0,1.0,-0.19508103430271148
6.892,1.0,1.0,-0.18588090687990189
6.902,1.0,1.0,-0.17954586893320085
6.912,1.0,1.0,-0.17321083098649978
6.922,1.0,1.0,-0.16942378431558608
6.932,1.0,1.0,-0.16518376916646957
6.942,1.0,1.0,-0.15968502163887024
6.952,1.0,1.0,-0.15426672101020814
6.962,1.0,1.0,-0.14884842038154605
6.972,1.0,1.0,-0.14431630522012712
6.982,1.0,1.0,-0.14138883948326111
6.992,1.0,1.0,-0.14010290950536727
7.002,1.0,1.0,-0.1392154037952423
7.012,1.0,1.0,-0.1383278980851173
7.022,1.0,1.0,-0.1382507264614105
7.032,1.0,1.0,-0.14046110808849335
7.042,1.0,1.0,-0.1437809318304062
7.052,1.0,1.0,-0.1458430364727974
7.062,1.0,1.0,-0.1479051411151886
7.072,1.0,1.0,-0.1486636534333229
7.082,1.0,1.0,-0.14880313873291015
7.092,1.0,1.0,-0.14776266664266585
7.102,1.0,1.0,-0.1456384241580963
7.112,1.0,1.0,-0.1432450070977211
7.122,1.0,1.0,-0.14084871709346772
7.132,1.0,1.0,-0.13840044289827347
7.142,1.0,1.0,-0.13609105795621873
7.152,1.0,1.0,-0.13376887366175652
7.162,1.0,1.0,-0.13045306801795958
7.172,1.0,1.0,-0.1272399939596653
7.182,1.0,1.0,-0.12248654589056968
7.192,1.0,1.0,-0.11548525616526605
7.202,1.0,1.0,-0.10518047511577606
7.211999999999998,1.0,1.0,-0.09244151338934897
7.222,1.0,1.0,-0.07970255166292192
7.232,1.0,1.0,-0.06675307855475694
7.242,1.0,1.0,-0.05480588704813272
7.252,1.0,1.0,-0.04491412399802357
7.261999999999999,1.0,1.0,-0.03681709433440119
7.272,1.0,1.0,-0.028720064670778808
7.282,1.0,1.0,-0.020825797715224324
7.292,1.0,1.0,-0.014296145574189723
7.301999999999999,1.0,1.0,-0.012184793804772198
7.312,1.0,1.0,-0.014366686646826565
7.322,1.0,1.0,-0.016548579488880933
7.332,1.0,1.0,-0.02061600163578987
7.341999999999999,1.0,1.0,-0.025809232890605927
7.352,1.0,1.0,-0.03122129486873746
7.362,1.0,1.0,-0.03580244472250342
7.372,1.0,1.0,-0.04038359457626938
7.381999999999999,1.0,1.0,-0.04506313567981124
7.392,1.0,1.0,-0.04976727636530996
7.402,1.0,1.0,-0.0528845839202404
7.412,1.0,1.0,-0.05433155037462711
7.421999999999999,1.0,1.0,-0.05577851682901382
7.432,1.0,1.0,-0.056841980665922165
7.442,1.0,1.0,-0.058122121542692175
7.452,1.0,1.0,-0.06015995889902114
7.461999999999998,1.0,1.0,-0.06389375403523445
7.472,1.0,1.0,-0.06762754917144775
7.482,1.0,1.0,-0.0726062960922718
7.492,1.0,1.0,-0.07858824729919434
7.502,1.0,1.0,-0.08716225177049637
7.511999999999999,1.0,1.0,-0.09857923425734041
7.522,1.0,1.0,-0.1099962167441845
7.532,1.0,1.0,-0.12276942059397696
7.542,1.0,1.0,-0.13579776510596275
7.551999999999999,1.0,1.0,-0.14780155718326568
7.562,1.0,1.0,-0.1583471417427063
7.572,1.0,1.0,-0.1688927263021469
7.582,1.0,1.0,-0.1791374959051609
7.591999999999999,1.0,1.0,-0.1885236829519272
7.602,1.0,1.0,-0.19541563540697096
7.612,1.0,1.0,-0.2003768399357796
7.622,1.0,1.0,-0.20533804446458817
7.631999999999999,1.0,1.0,-0.2094286262989044
7.642,1.0,1.0,-0.21235754340887072
7.652,1.0,1.0,-0.2149346560239792
7.662,1.0,1.0,-0.2185666874051094
7.671999999999999,1.0,1.0,-0.2221987187862396
7.682,1.0,1.0,-0.2270622342824936
7.692,1.0,1.0,-0.23435244858264925
7.702,1.0,1.0,-0.24395606517791749
7.711999999999998,1.0,1.0,-0.2532696172595024
7.722,1.0,1.0,-0.26258316934108733
7.732,1.0,1.0,-0.2706180661916733
7.742,1.0,1.0,-0.2780431225895882
7.752,1.0,1.0,-0.28446648716926576
7.761999999999999,1.0,1.0,-0.2883839040994644
7.772,1.0,1.0,-0.2923013210296631
7.782,1.0,1.0,-0.2930265098810196
7.792,1.0,1.0,-0.29139629006385803
7.801999999999999,1.0,1.0,-0.28842284977436067
7.812,1.0,1.0,-0.28376380503177645
7.822,1.0,1.0,-0.2791047602891922
7.832,1.0,1.0,-0.2719541385769844
7.841999999999999,1.0,1.0,-0.26189365088939665
7.852,1.0,1.0,-0.24774081856012345
7.862,1.0,1.0,-0.22711542844772337
7.872,1.0,1.0,-0.2064900383353233
7.881999999999999,1.0,1.0,-0.17833693344146012
7.892,1.0,1.0,-0.1432947786524892
7.902,1.0,1.0,-0.10317666251212358
7.912,1.0,1.0,-0.06174199301749468
7.921999999999999,1.0,1.0,-0.020307323522865774
7.932,1.0,1.0,0.01959951501339674
7.942,1.0,1.0,0.056933635286986826
7.952,1.0,1.0,0.09091879408806562
7.961999999999998,1.0,1.0,0.12118161749094725
7.972,1.0,1.0,0.15144444089382886
7.982,1.0,1.0,0.17853431552648544
7.992,1.0,1.0,0.20241702347993848
8.002,1.0,1.0,0.22221763283014295
8.012,1.0,1.0,0.23799328058958047
8.022,1.0,1.0,0.2537689283490181
8.032,1.0,1.0,0.26566132307052615
8.042,1.0,1.0,0.2745761588215828
8.051999999999998,1.0,1.0,0.28257184028625487
8.061999999999998,1.0,1.0,0.2903084427118301
8.072,1.0,1.0,0.2980450451374054
8.082,1.0,1.0,0.30388139486312865
8.092,1.0,1.0,0.30588643848896024
8.102,1.0,1.0,0.3047070324420929
8.112,1.0,1.0,0.3035272419452667
8.122,1.0,1.0,0.3023474514484405
8.131999999999998,1.0,1.0,0.30366669297218324
8.141999999999998,1.0,1.0,0.3074706494808197
8.152,1.0,1.0,0.3123945087194443
8.162,1.0,1.0,0.31772090792655944
8.172,1.0,1.0,0.32304730713367463
8.182,1.0,1.0,0.3298850625753403
8.192,1.0,1.0,0.3398439288139344
8.202,1.0,1.0,0.35141887366771696
8.211999999999998,1.0,1.0,0.3610050708055496
8.221999999999998,1.0,1.0,0.3705912679433823
8.231999999999998,1.0,1.0,0.3772240161895752
8.242,1.0,1.0,0.3819265633821488
8.252,1.0,1.0,0.38449420034885406
8.262,1.0,1.0,0.38250530958175666
8.272,1.0,1.0,0.3805164188146592
8.282,1.0,1.0,0.37134528160095215
8.292,1.0,1.0,0.3558093965053558
8.301999999999998,1.0,1.0,0.3376781493425369
8.311999999999998,1.0,1.0,0.31968622803688046
8.322,1.0,1.0,0.30169430673122405
8.332,1.0,1.0,0.2852281525731087
8.342,1.0,1.0,0.270952419936657
8.352,1.0,1.0,0.257873085141182
8.362,1.0,1.0,0.2451601549983025
8.372,1.0,1.0,0.23244722485542296
8.381999999999998,1.0,1.0,0.22105155438184737
8.391999999999998,1.0,1.0,0.21183721274137496
8.402,1.0,1.0,0.20472249686717983
8.412,1.0,1.0,0.20102210491895675
8.422,1.0,1.0,0.19554740637540816
8.432,1.0,1.0,0.19054003804922104
8.442,1.0,1.0,0.18521690517663955
8.452,1.0,1.0,0.1799740508198738
8.461999999999998,1.0,1.0,0.17478455752134325
8.471999999999998,1.0,1.0,0.17096324115991593
8.481999999999998,1.0,1.0,0.16947682499885558
8.492,1.0,1.0,0.16947887539863588
8.502,1.0,1.0,0.1698721781373024
8.512,1.0,1.0,0.1685248926281929
8.522,1.0,1.0,0.16895191371440887
8.532,1.0,1.0,0.1684394046664238
8.542,1.0,1.0,0.16560768187046052
8.551999999999998,1.0,1.0,0.16075386330485344
8.561999999999998,1.0,1.0,0.1558422677218914
8.572,1.0,1.0,0.1495624952018261
8.582,1.0,1.0,0.14082585647702217
8.592,1.0,1.0,0.13033140674233437
8.602,1.0,1.0,0.12058131843805311
8.612999999999998,1.0,1.0,0.11245080679655076
8.622999999999998,1.0,1.0,0.10432029515504836
8.633,1.0,1.0,0.09798048138618468
8.643,1.0,1.0,0.09335367381572723
8.653,1.0,1.0,0.08954579159617422
8.663,1.0,1.0,0.08579568639397621
8.673,1.0,1.0,0.08193738684058188
8.683,1.0,1.0,0.07884723842144013
8.692999999999998,1.0,1.0,0.07721085920929907
8.702999999999998,1.0,1.0,0.0758268840610981
8.713,1.0,1.0,0.07456392049789427
8.723,1.0,1.0,0.07298078238964081
8.733,1.0,1.0,0.07133101224899292
8.743,1.0,1.0,0.06963531076908111
8.753,1.0,1.0,0.06840159110724926
8.763,1.0,1.0,0.0671678714454174
8.772999999999998,1.0,1.0,0.06651900559663773
8.782999999999998,1.0,1.0,0.06567135825753212
8.793,1.0,1.0,0.06360909827053547
8.803,1.0,1.0,0.059635188058018686
8.813,1.0,1.0,0.05566127784550191
8.823,1.0,1.0,0.049618813768029214
8.833,1.0,1.0,0.042361084278672925
8.843,1.0,1.0,0.034855876211076976
8.853,1.0,1.0,0.026150705758482214
8.862999999999998,1.0,1.0,0.01744553530588746
8.872999999999998,1.0,1.0,0.005655398685485124
8.883,1.0,1.0,-0.009254356008023023
8.893,1.0,1.0,-0.025640009250491855
8.903,1.0,1.0,-0.042334466334432365
8.913,1.0,1.0,-0.061735309567302464
8.923,1.0,1.0,-0.07874742439016699
8.933,1.0,1.0,-0.09590408075600862
8.942999999999998,1.0,1.0,-0.1117352683097124
8.952999999999998,1.0,1.0,-0.12434296607971192
8.963,1.0,1.0,-0.1353955235332251
8.973,1.0,1.0,-0.1438397742807865
8.983,1.0,1.0,-0.14773806259036065
8.993,1.0,1.0,-0.1470572456717491
9.003,1.0,1.0,-0.14164948910474778
9.013000000000002,1.0,1.0,-0.13020498305559158
9.023,1.0,1.0,-0.1187604770064354
9.033,1.0,1.0,-0.09924352932721375
9.043,1.0,1.0,-0.0713864179328084
9.053,1.0,1.0,-0.042556554265320304
9.063,1.0,1.0,-0.02088689673691988
9.073,1.0,1.0,0.0007827607914805411
9.083,1.0,1.0,0.02359040882438421
9.093,1.0,1.0,0.056573993526399136
9.103,1.0,1.0,0.09268288966268301
9.113,1.0,1.0,0.12879379298537968
9.123,1.0,1.0,0.1649046963080764
9.133,1.0,1.0,0.20383796766400336
9.143,1.0,1.0,0.2427383936941624
9.153,1.0,1.0,0.283936133235693
9.163,1.0,1.0,0.3318616397678852
9.173,1.0,1.0,0.3797871463000774
9.183,1.0,1.0,0.42288389652967445
9.193,1.0,1.0,0.45396037101745607
9.203,1.0,1.0,0.4825500190258026
9.213,1.0,1.0,0.5050417006015777
9.223,1.0,1.0,0.5275333821773529
9.233,1.0,1.0,0.5335136115550995
9.243,1.0,1.0,0.5263460069894791
9.253,1.0,1.0,0.5111573845148086
9.263000000000002,1.0,1.0,0.49106784760952
9.273,1.0,1.0,0.4709783107042312
9.283,1.0,1.0,0.44911216795444486
9.293,1.0,1.0,0.4231642812490463
9.303,1.0,1.0,0.3917435020208359
9.313,1.0,1.0,0.36275758445262907
9.323,1.0,1.0,0.3337716668844223
9.333,1.0,1.0,0.3142120331525803
9.343,1.0,1.0,0.3018408060073853
9.353,1.0,1.0,0.29397052526474
9.363,1.0,1.0,0.2910346180200577
9.373,1.0,1.0,0.28809871077537536
9.383,1.0,1.0,0.29095634520053865
9.393,1.0,1.0,0.2948079615831375
9.403,1.0,1.0,0.29114229083061216
9.413,1.0,1.0,0.27915006279945376
9.423,1.0,1.0,0.2671578347682953
9.433,1.0,1.0,0.24967343956232071
9.443,1.0,1.0,0.22860078066587447
9.453,1.0,1.0,0.2060467936098576
9.463,1.0,1.0,0.1828767955303192
9.473,1.0,1.0,0.15970679745078087
9.483,1.0,1.0,0.13510241284966468
9.493,1.0,1.0,0.11254690736532212
9.503,1.0,1.0,0.09872504994273186
9.513000000000002,1.0,1.0,0.0926394023001194
9.523,1.0,1.0,0.08655375465750695
9.533,1.0,1.0,0.0834160216152668
9.543,1.0,1.0,0.08081958033144473
9.553,1.0,1.0,0.0780198659747839
9.563,1.0,1.0,0.07534287460148334
9.573,1.0,1.0,0.07266588322818278
9.583,1.0,1.0,0.07027490027248859
9.593,1.0,1.0,0.06815327070653439
9.603,1.0,1.0,0.06641651131212711
9.613,1.0,1.0,0.06468477360904216
9.623,1.0,1.0,0.06295303590595722
9.633,1.0,1.0,0.06111807264387607
9.643,1.0,1.0,0.06040705814957618
9.653,1.0,1.0,0.061504589021205903
9.663,1.0,1.0,0.06370773166418076
9.673,1.0,1.0,0.06591087430715561
9.683,1.0,1.0,0.06940100863575935
9.693,1.0,1.0,0.07531873807311057
9.703,1.0,1.0,0.08399015292525291
9.713,1.0,1.0,0.09571651667356493
9.723,1.0,1.0,0.10744288042187693
9.733,1.0,1.0,0.12154573276638984
9.743,1.0,1.0,0.1346354641020298
9.753,1.0,1.0,0.14416426420211792
9.763000000000002,1.0,1.0,0.15146008133888245
9.773,1.0,1.0,0.15875589847564697
9.783,1.0,1.0,0.16735917776823045
9.793,1.0,1.0,0.1798614367842674
9.803,1.0,1.0,0.19556404650211331
9.813,1.0,1.0,0.21116224974393843
9.823,1.0,1.0,0.2267604529857636
9.833,1.0,1.0,0.23915142863988875
9.843,1.0,1.0,0.248129253089428
9.853,1.0,1.0,0.2555323526263237
9.863,1.0,1.0,0.26003834456205366
9.873,1.0,1.0,0.26454433649778364
9.883,1.0,1.0,0.2601160302758217
9.893,1.0,1.0,0.243130886554718
9.903,1.0,1.0,0.21751364320516584
9.913,1.0,1.0,0.18912404030561447
9.923,1.0,1.0,0.16073443740606308
9.933,1.0,1.0,0.13251232579350472
9.943,1.0,1.0,0.10639474159106611
9.953,1.0,1.0,0.08349490417167545
9.963,1.0,1.0,0.06462484309449792
9.973,1.0,1.0,0.0457547820173204
9.983,1.0,1.0,0.03285480635240674
9.993,1.0,1.0,0.024635409563779832
10.003,1.0,1.0,0.016742085106670856
10.013,1.0,1.0,0.009005507268011569
10.023,1.0,1.0,0.0012689294293522836
10.033,1.0,1.0,-0.0033326948061585425
10.043,1.0,1.0,-0.005331852752715349
10.053,1.0,1.0,-0.007610290963202715
10.063,1.0,1.0,-0.010824781190603972
10.073,1.0,1.0,-0.014039271418005228
10.083,1.0,1.0,-0.016212225519120695
10.093,1.0,1.0,-0.013610574696213008
10.103,1.0,1.0,-0.004017140995711088
10.113,1.0,1.0,0.010042608249932528
10.123,1.0,1.0,0.024102357495576144
10.133,1.0,1.0,0.03787206122651696
10.143,1.0,1.0,0.04825934367254377
10.153,1.0,1.0,0.055029880348593
10.163,1.0,1.0,0.06206829929724336
10.173,1.0,1.0,0.0671588928438723
10.183,1.0,1.0,0.07243830487132072
10.193,1.0,1.0,0.07831666618585585
10.203,1.0,1.0,0.08350259065628052
10.213,1.0,1.0,0.08480333015322684
10.223,1.0,1.0,0.08737931996583939
10.233,1.0,1.0,0.08828401789069176
10.243,1.0,1.0,0.09196918681263923
10.253,1.0,1.0,0.10209615230560302
10.263,1.0,1.0,0.11222311779856682
10.273,1.0,1.0,0.1284516654908657
10.283,1.0,1.0,0.14534754753112794
10.293,1.0,1.0,0.15523747056722642
10.303,1.0,1.0,0.15193740278482437
10.313,1.0,1.0,0.14863733500242232
10.323,1.0,1.0,0.10848671942949296
10.333,1.0,1.0,0.02648046761751175
10.343,1.0,1.0,-0.039960967004299165
10.353,1.0,1.0,-0.06036207526922226
10.363,1.0,1.0,-0.0656558781862259
10.373,1.0,1.0,-0.07510343790054323
10.383,1.0,1.0,-0.09964547120034695
10.393,1.0,1.0,-0.135178991779685
10.403,1.0,1.0,-0.16960189901292325
10.413,1.0,1.0,-0.208861431106925
10.423,1.0,1.0,-0.21254566572606565
10.433,1.0,1.0,-0.17684392295777798
10.443,1.0,1.0,-0.15778554938733577
10.453,1.0,1.0,-0.18589449785649773
10.463,1.0,1.0,-0.22435003332793715
10.473,1.0,1.0,-0.2628055687993765
10.483,1.0,1.0,-0.27836526185274124
10.493,1.0,1.0,-0.2677813775837421
10.503,1.0,1.0,-0.24201168324798344
10.513,1.0,1.0,-0.2183386666700244
10.523,1.0,1.0,-0.19466565009206527
10.533,1.0,1.0,-0.18310385551303623
10.543,1.0,1.0,-0.1783644726499915
10.553,1.0,1.0,-0.17468863632529974
10.563,1.0,1.0,-0.17573569919914006
10.573,1.0,1.0,-0.1767827620729804
10.583,1.0,1.0,-0.19044500943273307
10.593,1.0,1.0,-0.2202541036531329
10.603,1.0,1.0,-0.2613190561532974
10.613,1.0,1.0,-0.2999676324427128
10.623,1.0,1.0,-0.33861620873212817
10.633,1.0,1.0,-0.36712299883365623
10.643,1.0,1.0,-0.39289175570011137
10.653,1.0,1.0,-0.421285143494606
10.663,1.0,1.0,-0.4491606146097184
10.673,1.0,1.0,-0.4770360857248306
10.683,1.0,1.0,-0.5011461049318313
10.693,1.0,1.0,-0.5196716278791428
10.703,1.0,1.0,-0.5313404321670532
10.713,1.0,1.0,-0.5363092124462128
10.723,1.0,1.0,-0.5412779927253724
10.733,1.0,1.0,-0.5397707164287568
10.743,1.0,1.0,-0.5314401984214783
10.753,1.0,1.0,-0.517912158370018
10.763,1.0,1.0,-0.5014200121164322
10.773,1.0,1.0,-0.4849278658628464
10.783,1.0,1.0,-0.4655114203691482
10.793,1.0,1.0,-0.44309655427932737
10.803,1.0,1.0,-0.4179281502962112
10.813,1.0,1.0,-0.394942843914032
10.823,1.0,1.0,-0.3657648637890816
10.833,1.0,1.0,-0.3321972891688347
10.843,1.0,1.0,-0.2962694205343724
10.853,1.0,1.0,-0.25993823260068893
10.863,1.0,1.0,-0.22712688669562336
10.873,1.0,1.0,-0.19116346314549448
10.883,1.0,1.0,-0.15726413261145353
10.893,1.0,1.0,-0.1284877819940448
10.903,1.0,1.0,-0.10749952849000692
10.913,1.0,1.0,-0.08651127498596907
10.923,1.0,1.0,-0.07588946651667357
10.933,1.0,1.0,-0.07678197603672743
10.943,1.0,1.0,-0.08823324795812368
10.953,1.0,1.0,-0.10941478591412306
10.963,1.0,1.0,-0.13059632387012243
10.973,1.0,1.0,-0.161587074957788
10.983,1.0,1.0,-0.20034319162368772
10.993,1.0,1.0,-0.2414190351963043
11.003,1.0,1.0,-0.28150540962815285
11.013,1.0,1.0,-0.3215917840600014
11.023,1.0,1.0,-0.36071100085973745
11.033,1.0,1.0,-0.39837558269500734
11.043,1.0,1.0,-0.4319100350141525
11.053,1.0,1.0,-0.4585170835256577
11.063,1.0,1.0,-0.4851241320371628
11.073,1.0,1.0,-0.5048574477434158
11.083,1.0,1.0,-0.5200505554676056
11.093,1.0,1.0,-0.5329878270626068
11.103,1.0,1.0,-0.5432648807764053
11.113,1.0,1.0,-0.5525960683822632
11.123,1.0,1.0,-0.5587206423282624
11.133,1.0,1.0,-0.5617989540100098
11.143,1.0,1.0,-0.5668547987937927
11.153,1.0,1.0,-0.5789520859718321
11.163,1.0,1.0,-0.5968374967575073
11.173,1.0,1.0,-0.6149395048618317
11.183,1.0,1.0,-0.6346598207950592
11.193,1.0,1.0,-0.6558213829994202
11.203,1.0,1.0,-0.6831833183765411
11.213,1.0,1.0,-0.7191567420959473
11.223,1.0,1.0,-0.7551301658153534
11.233,1.0,1.0,-0.7964301526546477
11.243,1.0,1.0,-0.8377549827098848
11.253,1.0,1.0,-0.8750299990177155
11.263,1.0,1.0,-0.9071483194828034
11.273,1.0,1.0,-0.9392666399478912
11.283,1.0,1.0,-0.9671665072441101
11.293,1.0,1.0,-0.9903053939342499
11.303,1.0,1.0,-1.0058711528778077
11.313,1.0,1.0,-1.0137712895870208
11.323,1.0,1.0,-1.0207168102264403
11.333,1.0,1.0,-1.0208146810531615
11.343,2.0,2.0,-1.015529364347458
11.353,2.0,2.0,-1.0054221212863923
11.363,2.0,2.0,-0.9946834504604339
11.373,2.0,2.0,-0.9812394201755523
11.383,2.0,2.0,-0.9671432912349699
11.393,2.0,2.0,-0.9539530754089358
11.403,2.0,2.0,-0.9419347167015075
11.413,2.0,2.0,-0.9299163579940797
11.423,2.0,2.0,-0.9195987462997437
11.433,2.0,2.0,-0.9115473091602323
11.443,2.0,2.0,-0.9053395867347716
11.453,2.0,2.0,-0.9004011631011963
11.463,2.0,2.0,-0.8936690151691437
11.473,2.0,2.0,-0.8896422266960144
11.483,2.0,2.0,-0.885155713558197
11.493,2.0,2.0,-0.8803058147430419
11.503,2.0,2.0,-0.876190435886383
11.513,2.0,2.0,-0.8724814653396606
11.523,2.0,2.0,-0.8680263638496398
11.533,2.0,2.0,-0.8620342552661896
11.543,2.0,2.0,-0.8556110382080077
11.553,2.0,2.0,-0.8500560581684112
11.563,2.0,2.0,-0.8456716895103454
11.573,2.0,2.0,-0.8412873208522796
11.583,2.0,2.0,-0.8401890337467194
11.593,2.0,2.0,-0.8444275617599486
11.603,2.0,2.0,-0.853873711824417
11.613,2.0,2.0,-0.8683233439922333
11.623,2.0,2.0,-0.8827729761600495
11.633,2.0,2.0,-0.901112872362137
11.643,2.0,2.0,-0.920089828968048
11.653,2.0,2.0,-0.9378891170024872
11.663,2.0,2.0,-0.9550145208835602
11.673,2.0,2.0,-0.9721399247646333
11.683,2.0,2.0,-0.9863104820251466
11.693,2.0,2.0,-0.9937087357044221
11.703,2.0,2.0,-0.992104560136795
11.713,2.0,2.0,-0.9814494013786317
11.723,2.0,2.0,-0.970794242620468
11.733,2.0,2.0,-0.9547920167446136
11.743,2.0,2.0,-0.9379064321517946
11.753,2.0,2.0,-0.9211049914360047
11.763,2.0,2.0,-0.9034745693206787
11.773,2.0,2.0,-0.8858441472053526
11.783,2.0,2.0,-0.8680504977703094
11.793,2.0,2.0,-0.8506512522697449
11.803,2.0,2.0,-0.8341296136379241
11.813,2.0,2.0,-0.8188112735748291
11.823,2.0,2.0,-0.8034929335117341
11.833,2.0,2.0,-0.7874120235443115
11.843,2.0,2.0,-0.7696447551250457
11.853,2.0,2.0,-0.75256769657135
11.863,2.0,2.0,-0.73861865401268
11.873,2.0,2.0,-0.7246696114540101
11.883,2.0,2.0,-0.7147620141506195
11.893,2.0,2.0,-0.7107026159763337
11.903,2.0,2.0,-0.7125241458415985
11.913,2.0,2.0,-0.7163958728313448
11.923,2.0,2.0,-0.7202675998210907
11.933,2.0,2.0,-0.7229549467563628
11.943,2.0,2.0,-0.7229949414730072
11.953,2.0,2.0,-0.7176039338111877
11.963,2.0,2.0,-0.7027786016464234
11.973,2.0,2.0,-0.6879532694816589
11.983,2.0,2.0,-0.6616956055164337
11.993,2.0,2.0,-0.6235253185033798
12.003,2.0,2.0,-0.5747594773769379
12.013,2.0,2.0,-0.5186221271753311
12.023,2.0,2.0,-0.4624847769737244
12.033,2.0,2.0,-0.399771387130022
12.043,2.0,2.0,-0.3280361732468009
12.053,2.0,2.0,-0.24592293407768007
12.063,2.0,2.0,-0.15473194923251868
12.073,2.0,2.0,-0.06354096438735723
12.083,3.0,3.0,0.03482070062309504
12.093,3.0,3.0,0.13864053282886743
12.103,3.0,3.0,0.24763046000152827
12.113,3.0,3.0,0.3624688008800149
12.123,3.0,3.0,0.47730714175850153
12.133,3.0,3.0,0.5947322623804212
12.143,3.0,3.0,0.7064645916223526
12.153,3.0,3.0,0.8066374957561493
12.163,3.0,3.0,0.8961330503225327
12.173,3.0,3.0,0.985628604888916
12.183,3.0,3.0,1.0675407469272613
12.193,3.0,3.0,1.1436219692230225
12.203,3.0,3.0,1.2132418155670166
12.213,3.0,3.0,1.2731230318546296
12.223,3.0,3.0,1.3330042481422424
12.233,3.0,3.0,1.3805010795593262
12.243,3.0,3.0,1.4174418807029725
12.253,3.0,3.0,1.4471128940582276
12.263,3.0,3.0,1.4691856622695922
12.273,3.0,3.0,1.4912584304809573
12.283,3.0,3.0,1.5066123247146606
12.293,3.0,3.0,1.5192235946655273
12.303,3.0,3.0,1.5298299312591552
12.313,3.0,3.0,1.5383578181266784
12.323,3.0,3.0,1.5468857049942015
12.333,3.0,3.0,1.5562613129615783
12.343,3.0,3.0,1.567932629585266
12.353,3.0,3.0,1.5805597305297852
12.363,3.0,3.0,1.591521382331848
12.373,3.0,3.0,1.6024830341339111
12.383,3.0,3.0,1.605925679206848
12.393,4.0,4.0,1.5958623290061953
12.403,4.0,4.0,1.575850784778595
12.413,4.0,4.0,1.5562663316726684
12.423,4.0,4.0,1.536681878566742
12.433,4.0,4.0,1.5221341490745544
12.443,4.0,4.0,1.5111077427864077
12.453,4.0,4.0,1.5019956946372983
12.463,4.0,4.0,1.4958223938941957
12.473,4.0,4.0,1.4896490931510926
12.483,4.0,4.0,1.48928040266037
12.493,4.0,4.0,1.4962411642074585
12.503,4.0,4.0,1.5071942687034607
12.513,4.0,4.0,1.5153777837753295
12.523,4.0,4.0,1.5235612988471985
12.533,4.0,4.0,1.5261998295783996
12.543,4.0,4.0,1.5238631129264832
12.553,4.0,4.0,1.5165167331695557
12.563,4.0,4.0,1.5040175437927246
12.573,4.0,4.0,1.4915183544158936
12.583,4.0,4.0,1.4750621795654295
12.593,4.0,4.0,1.4580976843833924
12.603,4.0,4.0,1.4409682631492615
12.613,4.0,4.0,1.4195344686508178
12.623,4.0,4.0,1.3981006741523745
12.633,4.0,4.0,1.3713921308517456
12.643,4.0,4.0,1.3429912090301517
12.653,4.0,4.0,1.3161180377006532
12.663,4.0,4.0,1.289608883857727
12.673,4.0,4.0,1.263099730014801
12.683,4.0,4.0,1.2321462750434875
12.693,4.0,4.0,1.1960460305213927
12.703,4.0,4.0,1.1602090716362
12.713,4.0,4.0,1.126507157087326
12.723,4.0,4.0,1.0928052425384522
12.733,4.0,4.0,1.057923400402069
12.743,4.0,4.0,1.0226847767829894
12.753,4.0,4.0,0.9897856831550595
12.763,4.0,4.0,0.9611676454544067
12.773,4.0,4.0,0.9308142960071565
12.783,4.0,4.0,0.9041008293628692
12.793,4.0,4.0,0.8794164538383484
12.803,4.0,4.0,0.8530518233776093
12.813,4.0,4.0,0.8252161502838135
12.823,4.0,4.0,0.7973804771900178
12.833,4.0,4.0,0.7685044109821318
12.843,4.0,4.0,0.7348811805248261
12.853,4.0,4.0,0.6938559800386429
12.863,4.0,4.0,0.6469227999448777
12.873,4.0,4.0,0.6017249315977097
12.883,4.0,4.0,0.5564333647489548
12.893,4.0,4.0,0.5103889644145966
12.903,4.0,4.0,0.4609819799661637
12.913,4.0,4.0,0.4091423317790032
12.923,4.0,4.0,0.35730268359184264
12.933,4.0,4.0,0.3059823110699654
12.943,4.0,4.0,0.25500672888010734
12.953,4.0,4.0,0.20205183308571575
12.963,4.0,4.0,0.1447856528684497
12.973,4.0,4.0,0.08751947265118362
12.983,4.0,4.0,0.02355922441929579
12.993,5.0,5.0,-0.04661082942038775
13.003,5.0,5.0,-0.11971442122012375
13.013,5.0,5.0,-0.19296494293957953
13.023,5.0,5.0,-0.26621546465903523
13.033,5.0,5.0,-0.3356503890827298
13.043,5.0,5.0,-0.3965721145272255
13.053,5.0,5.0,-0.4482114523649216
13.063,5.0,5.0,-0.49208821505308153
13.073,5.0,5.0,-0.5359649777412414
13.083,5.0,5.0,-0.5720154345035553
13.093,5.0,5.0,-0.5995593070983887
13.103,5.0,5.0,-0.6190357267856598
13.113,5.0,5.0,-0.6315490961074829
13.123,5.0,5.0,-0.644062465429306
13.133,5.0,5.0,-0.6517529368400574
13.143,5.0,5.0,-0.6566053628921509
13.153,5.0,5.0,-0.6591788947582244
13.163,5.0,5.0,-0.659069949388504
13.173,5.0,5.0,-0.6589610040187835
13.183,5.0,5.0,-0.6528923749923705
13.193,5.0,5.0,-0.6384989321231842
13.203,5.0,5.0,-0.6189024567604064
13.213,5.0,5.0,-0.5987236708402633
13.223,5.0,5.0,-0.5785448849201201
13.233,5.0,5.0,-0.5592567533254623
13.243,5.0,5.0,-0.5415845334529876
13.253,5.0,5.0,-0.5273539215326308
13.263,5.0,5.0,-0.5166125625371932
13.273,5.0,5.0,-0.5058712035417556
13.283,5.0,5.0,-0.497541555762291
13.293,5.0,5.0,-0.49141883552074433
13.303,5.0,5.0,-0.4874926179647446
13.313,5.0,5.0,-0.4845137506723404
13.323,5.0,5.0,-0.4808476507663727
13.333,5.0,5.0,-0.4782730787992477
13.343,5.0,5.0,-0.47587249279022215
13.353,5.0,5.0,-0.47044126689434046
13.363,5.0,5.0,-0.46036173403263086
13.373,5.0,5.0,-0.45028220117092127
13.383,5.0,5.0,-0.4382071942090988
13.393,5.0,5.0,-0.42478841841220855
13.403,5.0,5.0,-0.40798130333423616
13.413,5.0,5.0,-0.38856285214424136
13.423,5.0,5.0,-0.36983163356781007
13.433,5.0,5.0,-0.35057680010795594
13.443,5.0,5.0,-0.332987505197525
13.453,5.0,5.0,-0.3165597140789032
13.463,5.0,5.0,-0.30151676535606386
13.473,5.0,5.0,-0.285180413722992
13.483,5.0,5.0,-0.2705091506242752
13.493,5.0,5.0,-0.2598869085311889
13.503,5.0,5.0,-0.25257757008075715
13.513,5.0,5.0,-0.24617384374141693
13.523,5.0,5.0,-0.2397701174020767
13.533,5.0,5.0,-0.233634889125824
13.543,5.0,5.0,-0.22856939435005189
13.553,5.0,5.0,-0.22594829648733136
13.563,5.0,5.0,-0.2246980771422386
13.573,5.0,5.0,-0.2247412607073784
13.583,5.0,5.0,-0.2255814388394356
13.593,5.0,5.0,-0.22617128640413284
13.603,5.0,5.0,-0.2266078129410744
13.613,5.0,5.0,-0.22673866599798204
13.623,5.0,5.0,-0.22686951905488967
13.633,5.0,5.0,-0.22524360269308089
13.643,5.0,5.0,-0.2200903922319412
13.653,5.0,5.0,-0.21193428337574005
13.663,5.0,5.0,-0.2033203691244125
13.673,5.0,5.0,-0.19470645487308505
13.683,5.0,5.0,-0.18702970892190932
13.693,5.0,5.0,-0.18032421469688412
13.703,5.0,5.0,-0.1745513543486595
13.713,5.0,5.0,-0.16808911859989167
13.723,5.0,5.0,-0.1616268828511238
13.733,5.0,5.0,-0.15347828343510628
13.743,5.0,5.0,-0.14583540558815003
13.753,5.0,5.0,-0.14039296358823777
13.763,5.0,5.0,-0.13666456788778306
13.773,5.0,5.0,-0.13293617218732834
13.783,5.0,5.0,-0.1300438940525055
13.793,5.0,5.0,-0.12725797146558762
13.803,5.0,5.0,-0.12473744750022887
13.813,5.0,5.0,-0.12349945306777954
13.823,5.0,5.0,-0.1222614586353302
13.833,5.0,5.0,-0.1225077159702778
13.843,5.0,5.0,-0.12322969138622283
13.853,5.0,5.0,-0.12443188950419426
13.863,5.0,5.0,-0.126472657173872
13.873,5.0,5.0,-0.12851342484354972
13.883,5.0,5.0,-0.1318586938083172
13.893,5.0,5.0,-0.13811784759163856
13.903,5.0,5.0,-0.1468085028231144
13.913,5.0,5.0,-0.15656944885849952
13.923,5.0,5.0,-0.16633039489388465
13.933,5.0,5.0,-0.17765982672572136
13.943,5.0,5.0,-0.18981134369969369
13.953,5.0,5.0,-0.201324425637722
13.963,5.0,5.0,-0.21359461694955825
13.973,5.0,5.0,-0.2258648082613945
13.983,5.0,5.0,-0.23994397968053816
13.993,5.0,5.0,-0.25388928353786466
14.003,5.0,5.0,-0.26586290299892423
14.013,5.0,5.0,-0.27634267657995226
14.023,5.0,5.0,-0.28682245016098024
14.033,5.0,5.0,-0.2971860870718956
14.043,5.0,5.0,-0.3073087215423584
14.053,5.0,5.0,-0.3160556584596634
14.063,5.0,5.0,-0.32245340645313264
14.073,5.0,5.0,-0.32885115444660185
14.083,5.0,5.0,-0.33359024226665496
14.093,5.0,5.0,-0.3376931190490723
14.103,5.0,5.0,-0.3407524794340134
14.113,5.0,5.0,-0.3423245370388031
14.123,5.0,5.0,-0.34389659464359285
14.133,5.0,5.0,-0.34338848888874046
14.143,5.0,5.0,-0.34109126925468447
14.153,5.0,5.0,-0.33778940141201014
14.163,5.0,5.0,-0.33344719409942625
14.173,5.0,5.0,-0.3291049867868424
14.183,5.0,5.0,-0.3224276751279831
14.193,5.0,5.0,-0.31218147575855254
14.203,5.0,5.0,-0.2999742358922958
14.213,5.0,5.0,-0.28756816089153286
14.223,5.0,5.0,-0.27516208589077
14.233,5.0,5.0,-0.26260748505592346
14.243,5.0,5.0,-0.25016222298145296
14.253,5.0,5.0,-0.23822129666805267
14.263,5.0,5.0,-0.22534959763288495
14.273,5.0,5.0,-0.2124778985977173
14.283,5.0,5.0,-0.19672659039497373
14.293,5.0,5.0,-0.17892970219254495
14.303,5.0,5.0,-0.16075214371085167
14.313,5.0,5.0,-0.14305140525102616
14.323,5.0,5.0,-0.12535066679120063
14.333,5.0,5.0,-0.10952823534607888
14.343,5.0,5.0,-0.09554574210196734
14.353,5.0,5.0,-0.08180653844028711
14.363,5.0,5.0,-0.06873112451285124
14.373,5.0,5.0,-0.055655710585415366
14.383,5.0,5.0,-0.04488273542374373
14.393,5.0,5.0,-0.03690901901572943
14.403,5.0,5.0,-0.03054818888194859
14.413,5.0,5.0,-0.022662993939593437
14.423,5.0,5.0,-0.009799459995701908
14.433,5.0,5.0,0.001952042756602168
14.443,5.0,5.0,0.01580294272862375
14.453,5.0,5.0,0.02819155580364168
14.463,5.0,5.0,0.038458377262577406
14.473,5.0,5.0,0.047306322818622
14.483,5.0,5.0,0.05636617406271398
14.493,5.0,5.0,0.06434820122085512
14.503,5.0,5.0,0.0706107508391142
14.513,5.0,5.0,0.07286515906453132
14.523,5.0,5.0,0.07013176754117012
14.533,5.0,5.0,0.06739837601780892
14.543,5.0,5.0,0.06310244277119637
14.553,5.0,5.0,0.06144473776221275
14.563,5.0,5.0,0.06239264085888863
14.573,5.0,5.0,0.06475941985845565
14.583,5.0,5.0,0.06608496084809304
14.593,5.0,5.0,0.06714568994939327
14.603,5.0,5.0,0.06871298849582672
14.613,5.0,5.0,0.07201343849301338
14.623,5.0,5.0,0.07532334923744202
14.633,5.0,5.0,0.07963722795248032
14.643,5.0,5.0,0.08193448558449745
14.653,5.0,5.0,0.08149620071053505
14.663,5.0,5.0,0.0803541973233223
14.675,5.0,5.0,0.07921219393610954
14.684,5.0,5.0,0.0790256455540657
14.694,5.0,5.0,0.08105264231562614
14.704,5.0,5.0,0.08545054271817207
14.714,5.0,5.0,0.09101662784814833
14.724,5.0,5.0,0.09658271297812462
14.734,5.0,5.0,0.10260875597596168
14.744,5.0,5.0,0.10912995487451552
14.754,5.0,5.0,0.11619325429201126
14.764,5.0,5.0,0.12547398284077643
14.774,5.0,5.0,0.13475471138954162
14.784,5.0,5.0,0.14729085937142372
14.794,5.0,5.0,0.15964308083057405
14.804,5.0,5.0,0.16760508567094803
14.814,5.0,5.0,0.17122302949428558
14.824,5.0,5.0,0.17484097331762313
14.834,5.0,5.0,0.17736242711544037
14.844,5.0,5.0,0.18069286644458768
14.854,5.0,5.0,0.1835601389408112
14.864,5.0,5.0,0.18295667320489883
14.874,5.0,5.0,0.18235320746898648
14.884,5.0,5.0,0.17686973363161088
14.894,5.0,5.0,0.16839951574802398
14.904,5.0,5.0,0.15954150184988974
14.914,5.0,5.0,0.15084580555558205
14.924,5.0,5.0,0.14215010926127433
14.934,5.0,5.0,0.13287073597311974
14.944,5.0,5.0,0.12373974919319151
14.954,5.0,5.0,0.11720922440290452
14.964,5.0,5.0,0.1140180505812168
14.974,5.0,5.0,0.11082687675952912
14.984,5.0,5.0,0.1090769462287426
14.994,5.0,5.0,0.10758979395031928
15.004,5.0,5.0,0.10641568750143052
15.014,5.0,5.0,0.1054906725883484
15.024,5.0,5.0,0.10456565767526628
15.034,5.0,5.0,0.10499172732234
15.044,5.0,5.0,0.10758385285735132
15.054,5.0,5.0,0.1102622129023075
15.064,5.0,5.0,0.11232872903347016
15.074,5.0,5.0,0.11673552170395853
15.084,5.0,5.0,0.12141144275665285
15.094,5.0,5.0,0.1309320107102394
15.104,5.0,5.0,0.1451347589492798
15.114,5.0,5.0,0.1633956864476204
15.124,5.0,5.0,0.18489460647106168
15.134,5.0,5.0,0.20525868311524392
15.144,5.0,5.0,0.22572622895240785
15.154,5.0,5.0,0.246289336681366
15.164,5.0,5.0,0.26586910933256147
15.174,5.0,5.0,0.2812520280480385
15.184,5.0,5.0,0.2966349467635155
15.194,5.0,5.0,0.306687219440937
15.204,5.0,5.0,0.3128132879734039
15.214,5.0,5.0,0.3156503975391388
15.224,5.0,5.0,0.3150749772787094
15.234,5.0,5.0,0.31449955701828003
15.244,5.0,5.0,0.31151303052902224
15.254,5.0,5.0,0.3071260958909988
15.264,5.0,5.0,0.30117558538913725
15.274,5.0,5.0,0.294574972987175
15.284,5.0,5.0,0.2879743605852127
15.294,5.0,5.0,0.28216898143291474
15.304,5.0,5.0,0.2765337064862251
15.314,5.0,5.0,0.2695811077952385
15.324,5.0,5.0,0.2610906004905701
15.334,5.0,5.0,0.25260009318590165
15.344,5.0,5.0,0.242741097509861
15.354,5.0,5.0,0.23245662599802017
15.364,5.0,5.0,0.22500035166740415
15.374,5.0,5.0,0.2225848004221916
15.384,5.0,5.0,0.22016924917697905
15.394,5.0,5.0,0.22268748283386233
15.404,5.0,5.0,0.23209868222475047
15.414,5.0,5.0,0.2516705319285393
15.424,5.0,5.0,0.27295482754707334
15.434,5.0,5.0,0.29316496700048444
15.444,5.0,5.0,0.29752685129642487
15.454,5.0,5.0,0.2963553622364998
15.464,5.0,5.0,0.30941515862941743
15.474,5.0,5.0,0.3292396113276482
15.484,5.0,5.0,0.34906406402587886
15.494,5.0,5.0,0.36610509753227233
15.504,5.0,5.0,0.3844738364219665
15.514,5.0,5.0,0.4055601000785828
15.524,5.0,5.0,0.4349226474761963
15.534,5.0,5.0,0.4653593510389328
15.544,5.0,5.0,0.514511077105999
15.554,5.0,5.0,0.563916951417923
15.564,5.0,5.0,0.5886343061923981
15.574,5.0,5.0,0.589767211675644
15.584,5.0,5.0,0.5909001171588898
15.594,5.0,5.0,0.5760029017925262
15.604,5.0,5.0,0.5526755332946778
15.614,5.0,5.0,0.5274057209491729
15.624,5.0,5.0,0.498739105463028
15.634,5.0,5.0,0.47007248997688295
15.644,5.0,5.0,0.4377728164196014
15.654,5.0,5.0,0.4093981355428696
15.664,5.0,5.0,0.39290794134140017
15.674,5.0,5.0,0.3934143006801605
15.684,5.0,5.0,0.3939206600189209
15.694,5.0,5.0,0.41075081825256343
15.704,5.0,5.0,0.4287594109773636
15.714,5.0,5.0,0.4358171612024308
15.724,5.0,5.0,0.4355219513177872
15.734,5.0,5.0,0.4352267414331436
15.744,5.0,5.0,0.433487406373024
15.754,5.0,5.0,0.4284747302532196
15.764,5.0,5.0,0.4159419387578964
15.774,5.0,5.0,0.4006983429193497
15.784,5.0,5.0,0.38438735008239744
15.794,5.0,5.0,0.3616973102092743
15.804,5.0,5.0,0.32455677837133406
15.814,5.0,5.0,0.28242637403309345
15.824,5.0,5.0,0.24276944920420648
15.834,5.0,5.0,0.2058550328016281
15.844,5.0,5.0,0.17304527014493942
15.854,5.0,5.0,0.1442553572356701
15.864,5.0,5.0,0.12045245431363584
15.874,5.0,5.0,0.09664955139160157
15.884,5.0,5.0,0.07522738203406334
15.894,5.0,5.0,0.06119653806090354
15.905,5.0,5.0,0.0638526976108551
15.915,5.0,5.0,0.07505231015384198
15.925,5.0,5.0,0.08625192269682885
15.935,5.0,5.0,0.09579433053731919
15.945,5.0,5.0,0.10598266273736952
15.955,5.0,5.0,0.11924651637673378
15.965,5.0,5.0,0.1284469936043024
15.975,5.0,5.0,0.13764747083187104
15.985,5.0,5.0,0.134284345805645
15.995,5.0,5.0,0.12340942472219468
16.005,5.0,5.0,0.11500981152057647
16.015,5.0,5.0,0.11432885527610778
16.025,5.0,5.0,0.1136478990316391
16.035,5.0,5.0,0.12287739068269728
16.045,5.0,5.0,0.136822971701622
16.055,5.0,5.0,0.14782275557518004
16.065,5.0,5.0,0.16033437550067903
16.075,5.0,5.0,0.17284599542617798
16.085,5.0,5.0,0.19540409371256828
16.095,5.0,5.0,0.22236285731196404
16.105,5.0,5.0,0.2427685350179672
16.115,5.0,5.0,0.25270400792360304
16.125,5.0,5.0,0.2626394808292389
16.135,5.0,5.0,0.26269601434469225
16.145,5.0,5.0,0.2547761097550392
16.155,5.0,5.0,0.24042804390192032
16.165,5.0,5.0,0.2226975180208683
16.175,5.0,5.0,0.18683552071452145
16.185,5.0,5.0,0.15217731073498725
16.195,5.0,5.0,0.08723020628094674
16.205,5.0,5.0,0.01367725059390068
16.215,5.0,5.0,-0.05569785013794899
16.225,5.0,5.0,-0.1294597335159779
16.235,5.0,5.0,-0.2043384291231632
16.245,5.0,5.0,-0.28337779715657235
16.255,5.0,5.0,-0.3593929834663868
16.265,5.0,5.0,-0.4302580684423447
16.275,5.0,5.0,-0.4815122589468956
16.285,5.0,5.0,-0.5327664494514466
16.295,5.0,5.0,-0.5528909623622894
16.305,5.0,5.0,-0.56342453956604
16.315,5.0,5.0,-0.5773972690105438
16.325,5.0,5.0,-0.5875272154808044
16.335,5.0,5.0,-0.5976571619510651
16.345,5.0,5.0,-0.6035662293434143
16.355,5.0,5.0,-0.6064511060714721
16.365,5.0,5.0,-0.60670166015625
16.375,5.0,5.0,-0.6084316372871399
16.385,5.0,10.0,-0.6074722170829773
16.395,5.0,10.0,-0.6047159552574157
16.405,5.0,10.0,-0.5990563809871674
16.415,5.0,10.0,-0.5905214726924897
16.425,5.0,10.0,-0.581442564725876
16.435,5.0,10.0,-0.5697103381156922
16.445,5.0,10.0,-0.553094020485878
16.455,5.0,10.0,-0.5389397829771042
16.465,1.0,1.0,-0.5455455988645553
16.475,1.0,1.0,-0.5521514147520066
16.485,1.0,1.0,-0.5813335806131363
16.495,1.0,1.0,-0.6212757855653763
16.505,1.0,1.0,-0.6682631582021713
16.515,1.0,1.0,-0.7174471467733383
16.525,1.0,1.0,-0.7596459537744522
16.535,1.0,1.0,-0.8044980794191362
16.545,1.0,1.0,-0.8471542716026306
16.555,1.0,1.0,-0.8849586844444275
16.565,1.0,1.0,-0.9035543084144592
16.575,1.0,1.0,-0.9214101672172545
16.585,1.0,1.0,-0.9193790733814241
16.595,1.0,1.0,-0.9074272572994232
16.605,1.0,1.0,-0.8892115175724029
16.615,1.0,1.0,-0.8699008047580719
16.625,1.0,1.0,-0.8571087956428528
16.635,1.0,1.0,-0.8443167865276336
16.645,1.0,1.0,-0.8373538434505462
16.655,1.0,1.0,-0.8317709505558014
16.665,1.0,1.0,-0.8269149422645568
16.675,1.0,1.0,-0.8227986991405486
16.685,1.0,1.0,-0.8207581400871277
16.695,1.0,1.0,-0.8231636404991148
16.705,1.0,1.0,-0.8303846120834351
16.715,1.0,1.0,-0.8419046998023987
16.725,1.0,1.0,-0.8538912653923033
16.735,1.0,1.0,-0.8683147609233856
16.745,1.0,1.0,-0.884972870349884
16.755,1.0,1.0,-0.9055024564266205
16.765,1.0,1.0,-0.9306808769702912
16.775,1.0,1.0,-0.9558592975139618
16.785,1.0,1.0,-0.9837049424648284
16.795,1.0,1.0,-1.0124166548252105
16.805,1.0,1.0,-1.0419548571109771
16.815,1.0,1.0,-1.071803230047226
16.825,1.0,1.0,-1.1016516029834746
16.835,1.0,1.0,-1.1296624779701232
16.845,1.0,1.0,-1.1541344523429873
16.855,1.0,1.0,-1.1745169758796692
16.865,1.0,1.0,-1.190485656261444
16.875,1.0,1.0,-1.206454336643219
16.885,1.0,1.0,-1.2171858549118042
16.895,1.0,1.0,-1.2216769456863403
16.905,2.0,2.0,-1.2204053282737732
16.915,2.0,2.0,-1.2143457531929016
16.925,2.0,2.0,-1.2044140338897704
16.935,2.0,2.0,-1.1938828825950625
16.945,2.0,2.0,-1.179550325870514
16.955,2.0,2.0,-1.1622875213623047
16.965,2.0,2.0,-1.1429786086082458
16.975,2.0,2.0,-1.122559142112732
16.985,2.0,2.0,-1.1026339292526246
16.995,2.0,2.0,-1.0838609337806702
17.005,2.0,2.0,-1.066662621498108
17.015,2.0,2.0,-1.05089772939682
17.025,2.0,2.0,-1.037912482023239
17.035,2.0,2.0,-1.0249272346496583
17.045,2.0,2.0,-1.0147716104984283
17.055,2.0,2.0,-1.00488982796669
17.065,2.0,2.0,-0.9940609812736512
17.075,2.0,2.0,-0.9840713679790496
17.085,2.0,2.0,-0.9740817546844481
17.095,2.0,2.0,-0.9664066553115843
17.105,2.0,2.0,-0.9597939372062682
17.115,2.0,2.0,-0.953080916404724
17.125,2.0,2.0,-0.9469124317169187
17.135,2.0,2.0,-0.9407439470291138
17.145,2.0,2.0,-0.9358404397964477
17.155,2.0,2.0,-0.9318738520145416
17.165,2.0,2.0,-0.9282918691635133
17.175,2.0,2.0,-0.9247959315776824
17.185,2.0,2.0,-0.9212999939918518
17.195,2.0,2.0,-0.9157857775688173
17.205,2.0,2.0,-0.9065559744834899
17.215,2.0,2.0,-0.8949639379978179
17.225,2.0,2.0,-0.8824431180953981
17.235,2.0,2.0,-0.869922298192978
17.245,2.0,2.0,-0.8570915579795837
17.255,2.0,2.0,-0.8446003735065459
17.265,2.0,2.0,-0.8311631917953491
17.275,2.0,2.0,-0.8148664116859436
17.285,2.0,2.0,-0.7985696315765379
17.295,2.0,2.0,-0.78165602684021
17.305,2.0,2.0,-0.7678944051265717
17.315,2.0,2.0,-0.7561530530452728
17.325,2.0,2.0,-0.7426076591014861
17.335,2.0,2.0,-0.7290622651576996
17.345,2.0,2.0,-0.7130793392658233
17.355,2.0,2.0,-0.6963158905506134
17.365,2.0,2.0,-0.6810940682888031
17.375,2.0,2.0,-0.6719401121139528
17.385,2.0,2.0,-0.6627861559391022
17.395,2.0,2.0,-0.6621093809604645
17.405,2.0,2.0,-0.6655529022216797
17.415,2.0,2.0,-0.6687566280364992
17.425,2.0,2.0,-0.6713923931121826
17.435,2.0,2.0,-0.6740281581878662
17.445,2.0,2.0,-0.6763141393661499
17.455,2.0,2.0,-0.6783268809318542
17.465,2.0,2.0,-0.676500552892685
17.475,2.0,2.0,-0.6612607061862945
17.485,2.0,2.0,-0.6460208594799042
17.495,2.0,2.0,-0.6112107634544373
17.505,2.0,2.0,-0.5617002159357071
17.515,2.0,2.0,-0.5036327570676804
17.525,2.0,2.0,-0.4381045382469893
17.535,2.0,2.0,-0.37257631942629815
17.545,2.0,2.0,-0.2995190657675266
17.555,2.0,2.0,-0.21751579418778416
17.565,2.0,2.0,-0.1273919738829136
17.575,2.0,2.0,-0.03493209555745125
17.585,3.0,3.0,0.057527782768011085
17.595,3.0,3.0,0.14847172126173974
17.605,3.0,3.0,0.23937968537211415
17.615,3.0,3.0,0.3285812608897686
17.625,3.0,3.0,0.40647332705557354
17.635,3.0,3.0,0.48769904524087904
17.645,3.0,3.0,0.5612877666950226
17.655,3.0,3.0,0.6327238738536834
17.665,3.0,3.0,0.7038603723049164
17.675,3.0,3.0,0.7622702866792679
17.685,3.0,3.0,0.832576608657837
17.695,3.0,3.0,0.9015009284019471
17.705,3.0,3.0,0.9674971044063568
17.715,3.0,3.0,1.029229950904846
17.725,3.0,3.0,1.0909627974033356
17.735,3.0,3.0,1.1464433193206789
17.745,3.0,3.0,1.1914188146591187
17.755,3.0,3.0,1.2247495055198667
17.765,3.0,3.0,1.248132514953613
17.775,3.0,3.0,1.2715155243873597
17.785,3.0,3.0,1.2864814281463623
17.795,3.0,3.0,1.2957684755325318
17.805,3.0,3.0,1.3012847423553466
17.815,3.0,3.0,1.3061691164970397
17.825,3.0,3.0,1.3140197157859803
17.835,3.0,3.0,1.3247889876365662
17.845,3.0,3.0,1.344163465499878
17.855,3.0,3.0,1.3663335919380188
17.865,3.0,3.0,1.3838568568229674
17.875,3.0,3.0,1.3976523399353027
17.885,3.0,3.0,1.407968521118164
17.895,3.0,3.0,1.4118823409080503
17.905,4.0,4.0,1.4089674949645996
17.915,4.0,4.0,1.3973365306854248
17.925,4.0,4.0,1.378902554512024
17.935,4.0,4.0,1.360468578338623
17.945,4.0,4.0,1.3386146306991578
17.955,4.0,4.0,1.3142365336418151
17.965,4.0,4.0,1.290689504146576
17.975,4.0,4.0,1.2722547769546508
17.985,4.0,4.0,1.253820049762726
17.995,4.0,4.0,1.2387849926948546
18.005,4.0,4.0,1.2234646439552308
18.015,4.0,4.0,1.2065618872642516
18.025,4.0,4.0,1.1853586554527282
18.035,4.0,4.0,1.1641554236412048
18.045,4.0,4.0,1.135883867740631
18.055,4.0,4.0,1.102034568786621
18.065,4.0,4.0,1.0648433864116669
18.075,4.0,4.0,1.024824458360672
18.085,4.0,4.0,0.9848055303096771
18.095,4.0,4.0,0.9445106208324434
18.105,4.0,4.0,0.91107337474823
18.115,4.0,4.0,0.8919460892677306
18.125,4.0,4.0,0.8887155890464784
18.135,4.0,4.0,0.8854850888252258
18.145,4.0,4.0,0.8951314806938171
18.155,4.0,4.0,0.9135821104049683
18.165,4.0,4.0,0.9372286856174468
18.175,4.0,4.0,0.9623792588710784
18.185,4.0,4.0,0.9875298321247101
18.195,4.0,4.0,1.0096005856990815
18.205,4.0,4.0,1.024169099330902
18.215,4.0,4.0,1.029129946231842
18.225,4.0,4.0,1.02856365442276
18.235,4.0,4.0,1.0322666764259338
18.245,4.0,4.0,1.0321651339530944
18.255,4.0,4.0,1.0318551659584043
18.265,4.0,4.0,1.02690749168396
18.275,4.0,4.0,1.0172119975090026
18.285,4.0,4.0,1.0036253690719603
18.295,4.0,4.0,0.9926363468170166
18.305,4.0,4.0,0.9822172522544861
18.315,4.0,4.0,0.9721890747547148
18.325,4.0,4.0,0.9603301286697389
18.335,4.0,4.0,0.9446023643016817
18.345,4.0,4.0,0.9288745999336243
18.355,4.0,4.0,0.9102647721767424
18.365,4.0,4.0,0.89169482588768
18.375,4.0,4.0,0.8764681220054625
18.385,4.0,4.0,0.8664585053920746
18.395,4.0,4.0,0.8564488887786865
18.405,4.0,4.0,0.8512515187263489
18.415,4.0,4.0,0.8475127160549165
18.425,4.0,4.0,0.8414449453353882
18.435,4.0,4.0,0.8327301204204558
18.445,4.0,4.0,0.8240152955055235
18.455,4.0,4.0,0.8143126249313355
18.465,4.0,4.0,0.8038967132568359
18.475,4.0,4.0,0.7908526778221131
18.485,4.0,4.0,0.7764826893806458
18.495,4.0,4.0,0.7589855909347533
18.505,4.0,4.0,0.7373402059078218
18.515,4.0,4.0,0.7136640965938568
18.525,4.0,4.0,0.6899560272693634
18.535,4.0,4.0,0.6684945166110993
18.545,4.0,4.0,0.6454321146011353
18.555,4.0,4.0,0.6239323496818543
18.565,4.0,4.0,0.6047978401184082
18.575,4.0,4.0,0.5871886909008026
18.585,4.0,4.0,0.5695795416831969
18.595,4.0,4.0,0.5520556151866913
18.605,4.0,4.0,0.533273309469223
18.615,4.0,4.0,0.5096573412418366
18.625,4.0,4.0,0.480429956316948
18.635,4.0,4.0,0.45120257139205927
18.645,4.0,4.0,0.4267501622438431
18.655,4.0,4.0,0.41552718579769127
18.665,4.0,4.0,0.41435144245624544
18.675,4.0,4.0,0.4231695204973221
18.685,4.0,4.0,0.43198759853839874
18.695,4.0,4.0,0.45364494025707247
18.705,4.0,4.0,0.4811665326356888
18.715,4.0,4.0,0.5059738427400589
18.725,4.0,4.0,0.5228177189826966
18.735,4.0,4.0,0.5396615952253342
18.745,4.0,4.0,0.5400843918323517
18.755,4.0,4.0,0.5202235311269761
18.765,4.0,4.0,0.4831012889742851
18.775,4.0,4.0,0.4250009994953871
18.785,4.0,4.0,0.36690071001648905
18.795,4.0,4.0,0.28370216563344003
18.805,4.0,4.0,0.18556436076760288
18.815,4.0,4.0,0.08768290057778358
18.825,5.0,5.0,-0.0007982991635799406
18.835,5.0,5.0,-0.08927949890494345
18.845,5.0,5.0,-0.16897436305880548
18.855,5.0,5.0,-0.24559605941176416
18.865,5.0,5.0,-0.3170694209635257
18.875,5.0,5.0,-0.3778058562427759
18.885,5.0,5.0,-0.43854229152202606
18.895,5.0,5.0,-0.48724920153617857
18.905,5.0,5.0,-0.5237558513879776
18.915,5.0,5.0,-0.5495238691568375
18.925,5.0,5.0,-0.5650995582342148
18.935,5.0,5.0,-0.5715872496366501
18.945,5.0,5.0,-0.5736142814159393
18.955,5.0,5.0,-0.5629870057106018
18.965,5.0,5.0,-0.548825576901436
18.975,5.0,5.0,-0.536730432510376
18.985,5.0,5.0,-0.5246352881193161
18.995,5.0,5.0,-0.5122830599546433
19.005,5.0,5.0,-0.499279597401619
19.015,5.0,5.0,-0.4879032999277114
19.025,5.0,5.0,-0.4808567434549332
19.035,5.0,5.0,-0.4828981846570969
19.045,5.0,5.0,-0.4829846113920212
19.055,5.0,5.0,-0.4883812487125397
19.065,5.0,5.0,-0.49234792590141296
19.075,5.0,5.0,-0.4895507723093033
19.085,5.0,5.0,-0.4867536187171936
19.095,5.0,5.0,-0.4778459817171097
19.105,5.0,5.0,-0.4655382961034775
19.115,5.0,5.0,-0.44980047047138216
19.125,5.0,5.0,-0.43102217316627506
19.135,5.0,5.0,-0.4122438758611679
19.145,5.0,5.0,-0.39315159320831294
19.155,5.0,5.0,-0.3738680422306061
19.165,5.0,5.0,-0.3542543828487396
19.175,5.0,5.0,-0.3377236545085907
19.185,5.0,5.0,-0.3211929261684417
19.195,5.0,5.0,-0.31033843457698823
19.205,5.0,5.0,-0.3059640288352966
19.215,5.0,5.0,-0.30877614617347715
19.225,5.0,5.0,-0.31899271011352537
19.235,5.0,5.0,-0.3292092740535736
19.245,5.0,5.0,-0.34572993516922
19.255,5.0,5.0,-0.3672859996557236
19.265,5.0,5.0,-0.3930788159370423
19.275,5.0,5.0,-0.42051286697387696
19.285,5.0,5.0,-0.4479469180107117
19.295,5.0,5.0,-0.473967719078064
19.305,5.0,5.0,-0.49642724096775054
19.315,5.0,5.0,-0.513191619515419
19.325,5.0,5.0,-0.5246310472488404
19.335,5.0,5.0,-0.5360704749822617
19.345,5.0,5.0,-0.5436615943908691
19.355,5.0,5.0,-0.5463772654533386
19.365,5.0,10.0,-0.5428758502006531
19.375,5.0,10.0,-0.5342517882585526
19.385,5.0,10.0,-0.5233515441417694
19.395,5.0,10.0,-0.511284527182579
19.405,5.0,10.0,-0.4960822463035584
19.415,5.0,10.0,-0.4781069159507752
19.425,5.0,10.0,-0.4560110211372376
19.435,5.0,10.0,-0.4286437630653381
19.445,5.0,10.0,-0.4010897159576416
19.455,5.0,10.0,-0.3707582890987397
19.465,5.0,10.0,-0.34086032807826994
19.475,5.0,10.0,-0.3125879377126693
19.485,5.0,10.0,-0.28648641705513
19.495,5.0,10.0,-0.26038489639759066
19.505,5.0,10.0,-0.23720161318778996
19.515,5.0,10.0,-0.2178184285759926
19.525,5.0,10.0,-0.20359862893819808
19.535,5.0,10.0,-0.1947815015912056
19.545,5.0,10.0,-0.1859643742442131
19.555,5.0,10.0,-0.18080272078514095
19.565,5.0,10.0,-0.17661432921886444
19.575,5.0,10.0,-0.17081452608108522
19.585,5.0,10.0,-0.16512003540992737
19.595,5.0,10.0,-0.1577104739844799
19.605,5.0,10.0,-0.15092091038823127
19.615,5.0,10.0,-0.14554328396916388
19.625,5.0,10.0,-0.14017985835671426
19.635,5.0,10.0,-0.13468512371182442
19.645,5.0,10.0,-0.12830729112029077
19.655,5.0,10.0,-0.12221515625715255
19.665,5.0,10.0,-0.1179207757115364
19.675,5.0,10.0,-0.11445439606904984
19.685,5.0,10.0,-0.11098801642656328
19.695,5.0,10.0,-0.10654799789190292
19.705,5.0,10.0,-0.0995895329862833
19.715,5.0,10.0,-0.08922019749879836
19.725,5.0,10.0,-0.07648463046643883
19.735,5.0,10.0,-0.0637490634340793
19.745,5.0,10.0,-0.05015497882850469
19.755,5.0,10.0,-0.03466223035939038
19.765,5.0,10.0,-0.017281478689983486
19.775,5.0,10.0,-0.002532073901966214
19.785,5.0,10.0,0.01221733088605106
19.795,5.0,10.0,0.021413828572258355
19.805,5.0,10.0,0.025563972955569624
19.815,5.0,10.0,0.025433077057823536
19.825,5.0,10.0,0.02195649479981512
19.835,5.0,10.0,0.018479912541806694
19.845,5.0,10.0,0.012224977277219296
19.855,5.0,10.0,0.002541634254157543
19.865,5.0,10.0,-0.009728827886283398
19.875,5.0,10.0,-0.020967322029173376
19.885,5.0,10.0,-0.03220581617206335
19.895,5.0,10.0,-0.040921343863010405
19.905,5.0,10.0,-0.048452363908290864
19.915,5.0,10.0,-0.05489130169153213
19.925,5.0,10.0,-0.060001591593027113
19.935,5.0,10.0,-0.0651118814945221
19.945,5.0,10.0,-0.06937407068908215
19.955,5.0,10.0,-0.0721786979585886
19.965,5.0,10.0,-0.07271102294325829
19.975,5.0,10.0,-0.07048772126436234
19.985,5.0,10.0,-0.06826441958546639
19.995,5.0,10.0,-0.06160230189561844
20.005,5.0,10.0,-0.04885069467127323
20.015,5.0,10.0,-0.03105039559304714
20.025,5.0,10.0,-0.008943217620253564
20.035,5.0,10.0,0.01790131665766239
20.045,5.0,10.0,0.04493448771536351
20.055,5.0,10.0,0.07563901878893374
20.065,5.0,10.0,0.10792773105204104
20.075,5.0,10.0,0.13950371965765954
20.085,5.0,10.0,0.17181928269565103
20.095,5.0,10.0,0.20003726072609423
20.105,5.0,10.0,0.2230463683605194
20.115,5.0,10.0,0.240659961104393
20.125,5.0,10.0,0.2520116358995438
20.135,5.0,10.0,0.2541926562786102
20.145,5.0,10.0,0.2563736766576767
20.155,5.0,10.0,0.2481470733880997
20.165,5.0,10.0,0.2314600482583046
20.175,5.0,10.0,0.2092164278030396
20.185,5.0,10.0,0.18623323291540145
20.195,5.0,10.0,0.15978485997766256
20.205,5.0,10.0,0.129518504999578
20.215,5.0,10.0,0.09649877417832611
20.225,5.0,10.0,0.06317464504390953
20.235,5.0,10.0,0.034283814020454884
20.245,5.0,10.0,0.003836246766149998
20.255,5.0,10.0,-0.022453506849706168
20.265,5.0,10.0,-0.04586414452642203
20.275,5.0,10.0,-0.06713576372712851
20.285,5.0,10.0,-0.08840738292783498
20.295,5.0,10.0,-0.1056400578469038
20.305,5.0,10.0,-0.11751208566129208
20.315,5.0,10.0,-0.1249015174806118
20.325,5.0,10.0,-0.12795206308364868
20.335,5.0,10.0,-0.13100260868668556
20.345,5.0,10.0,-0.1284693367779255
20.355,5.0,10.0,-0.12079987600445748
20.365,5.0,10.0,-0.11058793254196644
20.375,5.0,10.0,-0.10026991404592991
20.385,5.0,10.0,-0.08995189554989337
20.395,5.0,10.0,-0.0811834406107664
20.405,5.0,10.0,-0.07357030846178533
20.415,5.0,10.0,-0.06488708294928074
20.425,5.0,10.0,-0.055731711350381366
20.435,5.0,10.0,-0.04657633975148201
20.445,5.0,10.0,-0.04122440684586763
20.455,5.0,10.0,-0.04045239519327879
20.465,5.0,10.0,-0.04176096934825182
20.475,5.0,10.0,-0.04635131601244211
20.485,5.0,10.0,-0.0509416626766324
20.495,5.0,10.0,-0.058521468378603454
20.505,5.0,10.0,-0.0632136644795537
20.515,5.0,10.0,-0.062403122521936895
20.525,5.0,10.0,-0.059211019147187474
20.535,5.0,10.0,-0.05601891577243805
20.545,5.0,10.0,-0.05234608687460422
20.555,5.0,10.0,-0.04774703960865736
20.565,5.0,10.0,-0.04065046142786741
20.575,5.0,10.0,-0.02794916275888681
20.585,5.0,10.0,-0.015247864089906216
20.595,5.0,10.0,0.002260471321642399
20.605,5.0,10.0,0.01886723656207323
20.615,5.0,10.0,0.03157065603882074
20.625,5.0,10.0,0.04121288051828743
20.635,5.0,10.0,0.05085510499775409
20.645,5.0,10.0,0.05871840063482523
20.655,5.0,10.0,0.065745048224926
20.665,5.0,10.0,0.0719446785748005
20.675,5.0,10.0,0.07731405086815357
20.685,5.0,10.0,0.08268342316150663
20.695,5.0,10.0,0.08724326863884926
20.705,5.0,10.0,0.09024171829223632
20.715,5.0,10.0,0.09213773235678673
20.725,5.0,10.0,0.09526550620794298
20.735,5.0,10.0,0.09958322718739507
20.745,5.0,10.0,0.10497550889849663
20.755,5.0,10.0,0.11065422967076302
20.765,5.0,10.0,0.11487608700990676
20.775,5.0,10.0,0.11832212433218955
20.785,5.0,10.0,0.122507905960083
20.795,5.0,10.0,0.12666143402457236
20.805,5.0,10.0,0.130602315813303
20.815,5.0,10.0,0.1308930352330208
20.825,5.0,10.0,0.1263128012418747
20.835,5.0,10.0,0.12054262012243272
20.845,5.0,10.0,0.11302121132612228
20.855,5.0,10.0,0.10461992174386978
20.865,5.0,10.0,0.09652063883841037
20.875,5.0,10.0,0.0892458811402321
20.885,5.0,10.0,0.08123137913644314
20.895,5.0,10.0,0.07571760304272174
20.905,5.0,10.0,0.07381001599133015
20.915,5.0,10.0,0.07629945315420628
20.925,5.0,10.0,0.08240434266626835
20.935,5.0,10.0,0.08850923217833041
20.945,5.0,10.0,0.09821252115070819
20.955,5.0,10.0,0.11257111318409443
20.965,5.0,10.0,0.13121081441640853
20.975,5.0,10.0,0.15203876979649067
20.985,5.0,10.0,0.1728667251765728
20.995,5.0,10.0,0.19449069052934648
21.005,5.0,10.0,0.2167039215564728
21.015,5.0,10.0,0.23948550373315808
21.025,5.0,10.0,0.26277019679546354
21.035,5.0,10.0,0.286054889857769
21.045,5.0,10.0,0.31007803678512574
21.055,5.0,10.0,0.3351532340049744
21.065,5.0,10.0,0.3609510898590088
21.075,5.0,10.0,0.3862918138504029
21.085,5.0,10.0,0.4116325378417969
21.095,5.0,10.0,0.43470136821269995
21.105,5.0,10.0,0.45463095903396605
21.115,5.0,10.0,0.4722594946622848
21.125,5.0,10.0,0.4883088886737824
21.135,5.0,10.0,0.5044220477342606
21.145,5.0,10.0,0.5179495811462401
21.155,5.0,10.0,0.5271491646766663
21.165,5.0,10.0,0.5316045820713043
21.175,5.0,10.0,0.5315344095230102
21.185,5.0,10.0,0.5292857229709625
21.195,5.0,10.0,0.5260121941566467
21.205,5.0,10.0,0.5254735171794891
21.215,5.0,10.0,0.5342965066432953
21.225,5.0,10.0,0.5528931677341461
21.235,5.0,10.0,0.5722068965435028
21.245,5.0,10.0,0.5915206253528595
21.255,5.0,10.0,0.5954409897327423
21.265,5.0,10.0,0.5754411429166794
21.275,5.0,10.0,0.5455592542886734
21.285,5.0,10.0,0.5293689101934433
21.295,5.0,10.0,0.5131785660982132
21.305,5.0,10.0,0.5140152543783187
21.315,5.0,10.0,0.5161935836076736
21.325,5.0,10.0,0.506844773888588
21.335,5.0,10.0,0.4967151314020157
21.345,5.0,10.0,0.4750468164682388
21.355,5.0,10.0,0.45738900899887086
21.365,5.0,10.0,0.4621936202049256
21.375,5.0,10.0,0.4798818647861481
21.385,5.0,10.0,0.48769611120224
21.395,5.0,10.0,0.4955103576183319
21.405,5.0,10.0,0.4896807283163071
21.415,5.0,10.0,0.47807191908359525
21.425,5.0,10.0,0.4686523050069809
21.435,5.0,10.0,0.4592326909303665
21.445,5.0,10.0,0.4598270446062088
21.455,5.0,10.0,0.466525787115097
21.466,5.0,10.0,0.4659749299287796
21.476,5.0,10.0,0.4556246310472488
21.486,5.0,10.0,0.4436352998018265
21.496,5.0,10.0,0.4268962740898132
21.506,5.0,10.0,0.4050486236810684
21.516,5.0,10.0,0.38407858014106744
21.526,5.0,10.0,0.36694854497909546
21.536,5.0,10.0,0.3498185098171234
21.546,5.0,10.0,0.3354592800140381
21.556,5.0,10.0,0.3043623626232147
21.566,5.0,10.0,0.23456807732582088
21.576,5.0,10.0,0.15141550898551942
21.586,5.0,10.0,0.0682629406452179
21.596,5.0,10.0,0.0025026828050613405
21.606,5.0,10.0,-0.0519645482301712
21.616,5.0,10.0,-0.11114851832389833
21.626,5.0,10.0,-0.1761719763278961
21.636,5.0,10.0,-0.24119543433189392
21.646,5.0,10.0,-0.30345070362091064
21.656,5.0,10.0,-0.33779558092355727
21.666,5.0,10.0,-0.32090664505958555
21.676,5.0,10.0,-0.28042237609624865
21.686,5.0,10.0,-0.2399381071329117
21.696,5.0,10.0,-0.2126479119062424
21.706,5.0,10.0,-0.20020946413278576
21.716,5.0,10.0,-0.1897259920835495
21.726,5.0,10.0,-0.1739440210163593
21.736,5.0,10.0,-0.15816204994916916
21.746,5.0,10.0,-0.137462105602026
21.756,5.0,10.0,-0.11125577315688132
21.766,5.0,10.0,-0.07652172967791555
21.776,5.0,10.0,-0.03476928547024727
21.786,5.0,10.0,0.003134796768426895
21.796,5.0,10.0,0.041590336710214615
21.806,5.0,10.0,0.06618103682994843
21.816,5.0,10.0,0.06426245570182801
21.826,5.0,10.0,0.027976468950510026
21.836,5.0,10.0,-0.020940522849559783
21.846,5.0,10.0,-0.07878977730870246
21.856,5.0,10.0,-0.14608252570033073
21.866,5.0,10.0,-0.22279374375939368
21.876,5.0,10.0,-0.30670431032776835
21.886,5.0,10.0,-0.3868358232080936
21.896,5.0,10.0,-0.46696733608841895
21.906,1.0,1.0,-0.5308601960539817
21.916,1.0,1.0,-0.5662849545478821
21.926,1.0,1.0,-0.5692213892936706
21.936,1.0,1.0,-0.5595268189907073
21.946,1.0,1.0,-0.5459057986736298
21.956,1.0,1.0,-0.5291016340255738
21.966,1.0,1.0,-0.5103411167860031
21.976,1.0,1.0,-0.4876027196645737
21.986,1.0,1.0,-0.4647950142621994
21.996,1.0,1.0,-0.44498244524002073
22.006,1.0,1.0,-0.4418375849723816
22.016,1.0,1.0,-0.4558500289916992
22.026,1.0,1.0,-0.4854500472545624
22.036,1.0,1.0,-0.5150500655174255
22.046,1.0,1.0,-0.5633077502250672
22.056,1.0,1.0,-0.6237471759319305
22.066,1.0,1.0,-0.6876944452524185
22.076,1.0,1.0,-0.7555618196725845
22.086,1.0,1.0,-0.8250206857919693
22.096,1.0,1.0,-0.8914844155311584
22.106,1.0,1.0,-0.9433916926383972
22.116,1.0,1.0,-0.9785338044166565
22.126,1.0,1.0,-0.9970516979694366
22.136,1.0,1.0,-1.0155695915222167
22.146,2.0,2.0,-1.0151678681373597
22.156,2.0,2.0,-1.0026732087135315
22.166,2.0,2.0,-0.98742356300354
22.176,2.0,2.0,-0.972152417898178
22.186,2.0,2.0,-0.9552897810935974
22.196,2.0,2.0,-0.9375800967216493
22.206,2.0,2.0,-0.9158974707126616
22.216,2.0,2.0,-0.8923377931118012
22.226,2.0,2.0,-0.8704796075820923
22.236,2.0,2.0,-0.8486214220523833
22.246,2.0,2.0,-0.8319337844848633
22.256,2.0,2.0,-0.82166827917099
22.266,2.0,2.0,-0.8156848311424254
22.276,2.0,2.0,-0.8127193629741669
22.286,2.0,2.0,-0.8097538948059082
22.296,2.0,2.0,-0.811865472793579
22.306,2.0,2.0,-0.8207249104976653
22.316,2.0,2.0,-0.8354759871959686
22.326,2.0,2.0,-0.8541343510150908
22.336,2.0,2.0,-0.875842833518982
22.346,2.0,2.0,-0.8965691685676574
22.356,2.0,2.0,-0.9187502980232238
22.366,2.0,2.0,-0.9430795669555664
22.376,2.0,2.0,-0.9686569452285768
22.386,2.0,2.0,-0.9966580867767334
22.396,2.0,2.0,-1.0204292297363282
22.406,2.0,2.0,-1.0417303562164306
22.416,2.0,2.0,-1.062372624874115
22.426,2.0,2.0,-1.081761848926544
22.436,2.0,2.0,-1.097985464334488
22.446,2.0,2.0,-1.1142090797424316
22.456,2.0,2.0,-1.127355945110321
22.466,2.0,2.0,-1.137140190601349
22.476,2.0,2.0,-1.1415010452270509
22.486,2.0,2.0,-1.1393624901771546
22.496,2.0,2.0,-1.1372239351272584
22.506,2.0,2.0,-1.1294286727905274
22.516,2.0,2.0,-1.1174042344093322
22.526,2.0,2.0,-1.1021428108215332
22.536,2.0,2.0,-1.0835472464561462
22.546,2.0,2.0,-1.0649516820907592
22.556,2.0,2.0,-1.0418386936187745
22.566,2.0,2.0,-1.0138098180294035
22.576,2.0,2.0,-0.9839407324790954
22.586,2.0,2.0,-0.9581472933292388
22.596,2.0,2.0,-0.9300716996192931
22.606,2.0,2.0,-0.90329213142395
22.616,2.0,2.0,-0.8763719379901886
22.626,2.0,2.0,-0.8504884600639342
22.636,2.0,2.0,-0.8280546128749846
22.646,2.0,2.0,-0.8046910345554352
22.656,2.0,2.0,-0.7840146601200104
22.666,2.0,2.0,-0.7665702700614929
22.676,2.0,2.0,-0.7529361367225647
22.686,2.0,2.0,-0.7393020033836365
22.696,2.0,2.0,-0.7299953818321228
22.706,2.0,2.0,-0.7273422956466675
22.716,2.0,2.0,-0.7330397069454193
22.726,2.0,2.0,-0.7449227809906006
22.736,2.0,2.0,-0.7568058550357819
22.746,2.0,2.0,-0.7704884231090545
22.756,2.0,2.0,-0.7843845367431641
22.766,2.0,2.0,-0.79865003824234
22.776,2.0,2.0,-0.8101960003376006
22.786,2.0,2.0,-0.8217419624328612
22.796,2.0,2.0,-0.8268170237541198
22.806,2.0,2.0,-0.8250614941120149
22.816,2.0,2.0,-0.8183522284030914
22.826,2.0,2.0,-0.8088196516036987
22.836,2.0,2.0,-0.7992870748043059
22.846,2.0,2.0,-0.7882250368595123
22.856,2.0,2.0,-0.7754593312740324
22.866,2.0,2.0,-0.7619593322277068
22.876,2.0,2.0,-0.7499049127101898
22.886,2.0,2.0,-0.7378504931926726
22.896,2.0,2.0,-0.72602641582489
22.906,2.0,2.0,-0.7108217179775238
22.916,2.0,2.0,-0.690423208475113
22.926,2.0,2.0,-0.6662402629852296
22.936,2.0,2.0,-0.6420573174953461
22.946,2.0,2.0,-0.6181430280208587
22.956,2.0,2.0,-0.5974949061870575
22.966,2.0,2.0,-0.5794707298278808
22.976,2.0,2.0,-0.5632343471050263
22.986,2.0,2.0,-0.5469979643821716
22.996,2.0,2.0,-0.5349156141281128
23.006,2.0,2.0,-0.5283596992492676
23.016,2.0,2.0,-0.5243575036525726
23.026,2.0,2.0,-0.5196328073740005
23.036,2.0,2.0,-0.5149081110954284
23.046,2.0,2.0,-0.5081397503614425
23.056,2.0,2.0,-0.4973387867212296
23.066,2.0,2.0,-0.4797587424516678
23.076,2.0,2.0,-0.4556101649999618
23.086,2.0,2.0,-0.4314615875482559
23.096,2.0,2.0,-0.4030271351337433
23.106,2.0,2.0,-0.37078996300697326
23.116,2.0,2.0,-0.3335201770067215
23.126,2.0,2.0,-0.29052335098385806
23.136,2.0,2.0,-0.24752652496099475
23.146,2.0,2.0,-0.19945241510868075
23.156,2.0,2.0,-0.14745113626122475
23.166,2.0,2.0,-0.092615158110857
23.176,2.0,2.0,-0.0352385975420475
23.186,3.0,3.0,0.02213796302676201
23.196,3.0,3.0,0.08274179026484489
23.206,3.0,3.0,0.14663106724619865
23.216,3.0,3.0,0.21069259867072104
23.226,3.0,3.0,0.2696869820356369
23.236,3.0,3.0,0.3286813654005528
23.246,3.0,3.0,0.38045179173350335
23.256,3.0,3.0,0.4268727779388428
23.266,3.0,3.0,0.46948673427104953
23.276,3.0,3.0,0.5081990242004395
23.286,3.0,3.0,0.5469113141298294
23.296,3.0,3.0,0.5824463844299317
23.306,3.0,3.0,0.6161621570587158
23.316,3.0,3.0,0.6503877758979797
23.326,3.0,3.0,0.6900097727775574
23.336,3.0,3.0,0.729631769657135
23.346,3.0,3.0,0.7776769995689392
23.356,3.0,3.0,0.8307938814163208
23.366,3.0,3.0,0.8838090360164642
23.376,3.0,3.0,0.9351473391056061
23.386,3.0,3.0,0.9864856421947479
23.396,3.0,3.0,1.0354669511318206
23.406,3.0,3.0,1.080562824010849
23.416,3.0,3.0,1.1197982549667358
23.426,3.0,3.0,1.1508979082107544
23.436,3.0,3.0,1.1819975614547729
23.446,3.0,3.0,1.205527055263519
23.456,3.0,3.0,1.2242919564247132
23.466,3.0,3.0,1.239227116107941
23.476,3.0,3.0,1.2476263642311096
23.486,3.0,3.0,1.2492377161979675
23.496,4.0,4.0,1.2488289713859555
23.506,4.0,4.0,1.238176155090332
23.516,4.0,4.0,1.2163079261779786
23.526,4.0,4.0,1.18607816696167
23.536,4.0,4.0,1.1558484077453612
23.546,4.0,4.0,1.1205462217330933
23.556,4.0,4.0,1.082691735029221
23.566,4.0,4.0,1.0437484979629517
23.576,4.0,4.0,1.0033914864063262
23.586,4.0,4.0,0.9698223710060122
23.596,4.0,4.0,0.928499525785446
23.606,4.0,4.0,0.8902714610099792
23.616,4.0,4.0,0.8605989754199982
23.626,4.0,4.0,0.8408425867557525
23.636,4.0,4.0,0.8210861980915068
23.646,4.0,4.0,0.809441351890564
23.656,4.0,4.0,0.8033289194107056
23.666,4.0,4.0,0.8019545435905456
23.676,4.0,4.0,0.8075197458267211
23.686,4.0,4.0,0.8130849480628967
23.696,4.0,4.0,0.8264651834964752
23.706,4.0,4.0,0.8442488491535187
23.716,4.0,4.0,0.8626300454139709
23.726,4.0,4.0,0.880099731683731
23.736,4.0,4.0,0.8975694179534912
23.746,4.0,4.0,0.912797486782074
23.756,4.0,4.0,0.924088615179062
23.766,4.0,4.0,0.9312857031822205
23.776,4.0,4.0,0.9354459285736083
23.786,4.0,4.0,0.9358591973781586
23.796,4.0,4.0,0.9362111628055572
23.806,4.0,4.0,0.9313075542449952
23.816,4.0,4.0,0.9211084008216855
23.826,4.0,4.0,0.9055346369743346
23.836,4.0,4.0,0.8864494502544403
23.846,4.0,4.0,0.8654256582260131
23.856,4.0,4.0,0.8397296726703644
23.866,4.0,4.0,0.8108429014682771
23.876,4.0,4.0,0.7817211747169495
23.886,4.0,4.0,0.7568509697914123
23.896,4.0,4.0,0.7319807648658752
23.906,4.0,4.0,0.7141974985599516
23.916,4.0,4.0,0.7024563014507293
23.926,4.0,4.0,0.6949209988117218
23.936,4.0,4.0,0.6911419928073883
23.946,4.0,4.0,0.6873629868030549
23.956,4.0,4.0,0.6875831305980682
23.966,4.0,4.0,0.6917140305042265
23.976,4.0,4.0,0.6981089651584625
23.986,4.0,4.0,0.7045468211174011
23.996,4.0,4.0,0.7115542471408844
24.006,4.0,4.0,0.7172058045864105
24.016,4.0,4.0,0.7231611430644989
24.026,4.0,4.0,0.7300670504570006
24.036,4.0,4.0,0.7366051256656646
24.046,4.0,4.0,0.7431432008743286
24.056,4.0,4.0,0.7480176985263824
24.066,4.0,4.0,0.7515334010124206
24.076,4.0,4.0,0.7546667456626893
24.086,4.0,4.0,0.7585988759994505
24.096,4.0,4.0,0.7619614362716673
24.106,4.0,4.0,0.7689032256603242
24.116,4.0,4.0,0.779975825548172
24.126,4.0,4.0,0.7936718642711639
24.136,4.0,4.0,0.8086307406425477
24.146,4.0,4.0,0.8235896170139314
24.156,4.0,4.0,0.8387123107910157
24.166,4.0,4.0,0.8509724617004395
24.176,4.0,4.0,0.8592050552368163
24.186,4.0,4.0,0.8652884900569917
24.196,4.0,4.0,0.8713719248771667
24.206,4.0,4.0,0.8764158248901366
24.216,4.0,4.0,0.8811012983322144
24.226,4.0,4.0,0.8850198447704315
24.236,4.0,4.0,0.8852773308753966
24.246,4.0,4.0,0.885534816980362
24.256,4.0,4.0,0.8810454964637757
24.266,4.0,4.0,0.8744934380054473
24.276,4.0,4.0,0.8658997178077698
24.286,4.0,4.0,0.8424939036369323
24.296,4.0,4.0,0.819088089466095
24.306,4.0,4.0,0.7684091448783874
24.316,4.0,4.0,0.6953147247433662
24.326,4.0,4.0,0.6150238379836083
24.336,4.0,4.0,0.5435421854257584
24.346,4.0,4.0,0.4720605328679085
24.356,4.0,4.0,0.41482118219137193
24.366,4.0,4.0,0.3680314168334008
24.376,4.0,4.0,0.3262399569153785
24.386,4.0,4.0,0.2955185666680336
24.396,4.0,4.0,0.2647971764206886
24.406,4.0,4.0,0.2563334867358208
24.416,4.0,4.0,0.26632257997989656
24.426,4.0,4.0,0.2845747947692871
24.436,4.0,4.0,0.30252671688795085
24.446,4.0,4.0,0.32047863900661466
24.456,4.0,4.0,0.33519900739192965
24.466,4.0,4.0,0.34885924458503725
24.476,4.0,4.0,0.3653442531824112
24.486,4.0,4.0,0.3863741725683213
24.496,4.0,4.0,0.4071384102106094
24.506,4.0,4.0,0.4290126919746399
24.516,4.0,4.0,0.4475115984678269
24.526,4.0,4.0,0.4577044546604157
24.536,4.0,4.0,0.4619095504283905
24.546,4.0,4.0,0.46036340594291686
24.556,4.0,4.0,0.4462382018566132
24.566,4.0,4.0,0.42071469873189926
24.576,4.0,4.0,0.3868022978305817
24.586,4.0,4.0,0.34722993820905684
24.596,4.0,4.0,0.30792326033115386
24.606,4.0,4.0,0.26422586366534234
24.616,4.0,4.0,0.21737664127722384
24.626,4.0,4.0,0.1701958035118878
24.636,4.0,4.0,0.11899243639782071
24.646,4.0,4.0,0.07354030953720211
24.656,4.0,4.0,0.029492176044732327
24.666,5.0,5.0,-0.015226882230490449
24.676,5.0,5.0,-0.06315584285184742
24.686,5.0,5.0,-0.11679668379947544
24.696,5.0,5.0,-0.18304604096338156
24.706,5.0,5.0,-0.24353898791596293
24.716,5.0,5.0,-0.3087152261286974
24.726,5.0,5.0,-0.37498452514410013
24.736,5.0,5.0,-0.4391772970557213
24.746,5.0,5.0,-0.5033700689673424
24.756,5.0,5.0,-0.563218455016613
24.766,5.0,5.0,-0.6182674407958985
24.776,5.0,5.0,-0.6656722962856293
24.786,5.0,5.0,-0.6975115954875946
24.796,5.0,5.0,-0.7167423784732817
24.806,5.0,5.0,-0.7259641528129579
24.816,5.0,5.0,-0.7137786328792572
24.826,5.0,5.0,-0.6915036141872406
24.836,5.0,5.0,-0.6715723872184753
24.846,5.0,5.0,-0.6516411602497101
24.856,5.0,5.0,-0.6380508482456207
24.866,5.0,5.0,-0.6274272203445435
24.876,5.0,5.0,-0.6166382014751435
24.886,5.0,5.0,-0.6080609142780304
24.896,5.0,5.0,-0.5994836270809174
24.906,5.0,5.0,-0.5990565598011017
24.916,5.0,5.0,-0.6096031904220581
24.926,5.0,5.0,-0.6237765192985535
24.936,5.0,5.0,-0.630832612514496
24.946,5.0,5.0,-0.6378887057304382
24.956,5.0,5.0,-0.6342209339141845
24.966,5.0,5.0,-0.6216746926307678
24.976,5.0,5.0,-0.6046427547931671
24.986,5.0,5.0,-0.5866750359535218
24.996,5.0,5.0,-0.5687073171138763
25.006,5.0,5.0,-0.5486173093318939
25.016,5.0,5.0,-0.5236587643623352
25.026,5.0,5.0,-0.49496964514255526
25.036,5.0,5.0,-0.4648337572813034
25.046,5.0,5.0,-0.4346978694200516
25.056,5.0,5.0,-0.4028754353523255
25.066,5.0,5.0,-0.3708825692534447
25.076,5.0,5.0,-0.3424623504281044
25.086,5.0,5.0,-0.31840045005083084
25.096,5.0,5.0,-0.29433854967355727
25.106,5.0,5.0,-0.2738057598471641
25.116,5.0,5.0,-0.25820183008909225
25.126,5.0,5.0,-0.24961965531110764
25.136,5.0,5.0,-0.2492310717701912
25.146,5.0,5.0,-0.24884248822927477
25.156,5.0,5.0,-0.25720362216234205
25.166,5.0,5.0,-0.27338382303714753
25.176,5.0,5.0,-0.29303932785987846
25.186,5.0,5.0,-0.3120375096797943
25.197,5.0,5.0,-0.33103569149971007
25.207,5.0,5.0,-0.3496060848236084
25.217,5.0,5.0,-0.36744791865348814
25.227,5.0,5.0,-0.3822668641805649
25.237,5.0,5.0,-0.39355211853981026
25.247,5.0,5.0,-0.4048373728990554
25.257,5.0,5.0,-0.4126770287752152
25.267,5.0,5.0,-0.41484778225421903
25.277,5.0,10.0,-0.41070745587348934
25.287,5.0,10.0,-0.4038677871227264
25.297,5.0,10.0,-0.3970281183719635
25.307,5.0,10.0,-0.38900141417980194
25.317,5.0,10.0,-0.3784497529268265
25.327,5.0,10.0,-0.3651867002248764
25.337,5.0,10.0,-0.3497010707855225
25.347,5.0,10.0,-0.33421544134616854
25.357,5.0,10.0,-0.31766046285629274
25.367,5.0,10.0,-0.3019936829805374
25.377,5.0,10.0,-0.28760980516672136
25.387,5.0,10.0,-0.2733822405338288
25.397,5.0,10.0,-0.2591546759009361
25.407,5.0,10.0,-0.24543450176715847
25.417,5.0,10.0,-0.23346978574991223
25.427,5.0,10.0,-0.22266204059123992
25.437,5.0,10.0,-0.21186604350805285
25.447,5.0,10.0,-0.20107004642486573
25.457,5.0,10.0,-0.19007095843553545
25.467,5.0,10.0,-0.17873535603284835
25.477,5.0,10.0,-0.16724514961242676
25.487,5.0,10.0,-0.1557597227394581
25.497,5.0,10.0,-0.1442742958664894
25.507,5.0,10.0,-0.13349917009472848
25.517,5.0,10.0,-0.12493322268128396
25.527,5.0,10.0,-0.11829223930835724
25.537,5.0,10.0,-0.11152838692069052
25.547,5.0,10.0,-0.10476453453302384
25.557,5.0,10.0,-0.09854339659214019
25.567,5.0,10.0,-0.096072056889534
25.577,5.0,10.0,-0.09793410301208497
25.587,5.0,10.0,-0.10186232253909112
25.597,5.0,10.0,-0.10579054206609724
25.607,5.0,10.0,-0.10945187285542488
25.617,5.0,10.0,-0.11243216618895532
25.627,5.0,10.0,-0.11631059795618055
25.637,5.0,10.0,-0.12176338210701942
25.647,5.0,10.0,-0.12721616625785828
25.657,5.0,10.0,-0.13158053606748582
25.667,5.0,10.0,-0.1321616031229496
25.677,5.0,10.0,-0.12974381521344186
25.687,5.0,10.0,-0.12710481584072114
25.697,5.0,10.0,-0.1244658164680004
25.707,5.0,10.0,-0.12353111952543258
25.717,5.0,10.0,-0.12348904758691788
25.727,5.0,10.0,-0.1237776145339012
25.737,5.0,10.0,-0.12590843588113784
25.747,5.0,10.0,-0.12803925722837448
25.757,5.0,10.0,-0.13078464120626448
25.767,5.0,10.0,-0.13039223700761796
25.777,5.0,10.0,-0.12696492075920104
25.787,5.0,10.0,-0.12300724685192108
25.797,5.0,10.0,-0.11904957294464112
25.807,5.0,10.0,-0.11578593254089356
25.817,5.0,10.0,-0.11408467516303064
25.827,5.0,10.0,-0.11325914636254313
25.837,5.0,10.0,-0.11284665837883948
25.847,5.0,10.0,-0.11243417039513588
25.857,5.0,10.0,-0.11480355635285378
25.867,5.0,10.0,-0.11990129798650742
25.877,5.0,10.0,-0.12393304705619812
25.887,5.0,10.0,-0.12436228469014168
25.897,5.0,10.0,-0.12479152232408525
25.907,5.0,10.0,-0.11935648173093796
25.917,5.0,10.0,-0.10738588981330396
25.927,5.0,10.0,-0.09167627356946467
25.937,5.0,10.0,-0.07299474440515041
25.947,5.0,10.0,-0.05431321524083614
25.957,5.0,10.0,-0.032156797125935555
25.967,5.0,10.0,-0.009051110967993737
25.977,5.0,10.0,0.012538905069231988
25.987,5.0,10.0,0.03230952806770802
25.997,5.0,10.0,0.05208015106618404
26.007,5.0,10.0,0.0690915647894144
26.017,5.0,10.0,0.08347363397479057
26.027,5.0,10.0,0.09609294459223745
26.037,5.0,10.0,0.10540971532464027
26.047,5.0,10.0,0.11472648605704308
26.057,5.0,10.0,0.11986758932471275
26.067,5.0,10.0,0.12144054472446442
26.077,5.0,10.0,0.1210200108587742
26.087,5.0,10.0,0.12217706888914108
26.097,5.0,10.0,0.123334126919508
26.107,5.0,10.0,0.12888404205441475
26.117,5.0,10.0,0.13739397898316383
26.127,5.0,10.0,0.143880844861269
26.137,5.0,10.0,0.1435173787176609
26.147,5.0,10.0,0.1431539125740528
26.157,5.0,10.0,0.13660763278603555
26.167,5.0,10.0,0.12852228451520203
26.177,5.0,10.0,0.11890997104346752
26.187,5.0,10.0,0.10436896802857518
26.197,5.0,10.0,0.08940215772017837
26.207,5.0,10.0,0.06821976909413933
26.217,5.0,10.0,0.04163624560460448
26.227,5.0,10.0,0.01571650607511401
26.237,5.0,10.0,-0.003161845821887255
26.247,5.0,10.0,-0.025344356615096326
26.257,5.0,10.0,-0.03885895507410168
26.267,5.0,10.0,-0.05233824541792274
26.277,5.0,10.0,-0.0654569217003882
26.287,5.0,10.0,-0.07625498417764902
26.297,5.0,10.0,-0.084276557341218
26.307,5.0,10.0,-0.09229813050478698
26.317,5.0,10.0,-0.09639128781855105
26.327,5.0,10.0,-0.09588235169649123
26.337,5.0,10.0,-0.09025634266436099
26.347,5.0,10.0,-0.07890639565885067
26.357,5.0,10.0,-0.06755644865334035
26.367,5.0,10.0,-0.05181037858128548
26.377,5.0,10.0,-0.03457040674984455
26.387,5.0,10.0,-0.0172808475792408
26.397,5.0,10.0,-0.002341970428824425
26.407,5.0,10.0,0.014703482761979103
26.417,5.0,10.0,0.03168233819305897
26.427,5.0,10.0,0.050011050328612326
26.437,5.0,10.0,0.07106670215725899
26.447,5.0,10.0,0.09446602463722227
26.457,5.0,10.0,0.1178653471171856
26.467,5.0,10.0,0.14187550358474257
26.477,5.0,10.0,0.1651526980102062
26.487,5.0,10.0,0.1866392191499472
26.497,5.0,10.0,0.20812574028968808
26.507,5.0,10.0,0.2271201178431511
26.517,5.0,10.0,0.24346595406532287
26.527,5.0,10.0,0.25553748160600664
26.537,5.0,10.0,0.26044479608535764
26.547,5.0,10.0,0.2605886608362198
26.557,5.0,10.0,0.2584622696042061
26.567,5.0,10.0,0.25282187759876246
26.577,5.0,10.0,0.24550279229879376
26.587,5.0,10.0,0.2356293186545372
26.597,5.0,10.0,0.22575584501028065
26.607,5.0,10.0,0.2128053605556488
26.617,5.0,10.0,0.19747664034366608
26.627,5.0,10.0,0.18176902309060097
26.637,5.0,10.0,0.16814321801066398
26.647,5.0,10.0,0.15451741293072702
26.657,5.0,10.0,0.14289341494441032
26.667,5.0,10.0,0.13204510807991027
26.677,5.0,10.0,0.12370027154684068
26.687,5.0,10.0,0.12024084478616714
26.697,5.0,10.0,0.11678141802549362
26.707,5.0,10.0,0.11777477711439133
26.717,5.0,10.0,0.12140425443649291
26.727,5.0,10.0,0.12669962123036385
26.737,5.0,10.0,0.134507604688406
26.747,5.0,10.0,0.146415825933218
26.757,5.0,10.0,0.15859249606728554
26.767,5.0,10.0,0.17487993985414504
26.777,5.0,10.0,0.19205991476774212
26.787,5.0,10.0,0.20796094089746475
26.797,5.0,10.0,0.22431006878614423
26.807,5.0,10.0,0.23966898918151852
26.817,5.0,10.0,0.25414480417966845
26.827,5.0,10.0,0.26492751240730283
26.837,5.0,10.0,0.27111093103885653
26.847,5.0,10.0,0.2747874245047569
26.857,5.0,10.0,0.27846391797065734
26.867,5.0,10.0,0.28168055713176726
26.877,5.0,10.0,0.2856066912412644
26.887,5.0,10.0,0.29083241820335387
26.897,5.0,10.0,0.2969502538442612
26.907,5.0,10.0,0.30306808948516845
26.917,5.0,10.0,0.31033818125724794
26.927,5.0,10.0,0.32044114768505094
26.937,5.0,10.0,0.3329452097415924
26.947,5.0,10.0,0.34484461545944206
26.957,5.0,10.0,0.35674402117729187
26.967,5.0,10.0,0.3666876465082168
26.977,5.0,10.0,0.37592677772045135
26.987,5.0,10.0,0.3852413326501846
26.997,5.0,10.0,0.3932156771421432
27.007,5.0,10.0,0.4032092273235321
27.017,5.0,10.0,0.4176391363143921
27.027,5.0,10.0,0.43877180516719816
27.037,5.0,10.0,0.4608325302600861
27.047,5.0,10.0,0.48190459907054894
27.057,5.0,10.0,0.4973300397396088
27.067,5.0,10.0,0.5071874886751176
27.077,5.0,10.0,0.5168998628854752
27.087,5.0,10.0,0.5195568472146987
27.097,5.0,10.0,0.5222138315439224
27.107,5.0,10.0,0.505968964099884
27.117,5.0,10.0,0.47747559994459154
27.127,5.0,10.0,0.45188886672258377
27.137,5.0,10.0,0.43549926728010174
27.147,5.0,10.0,0.41910966783761977
27.157,5.0,10.0,0.415320397913456
27.167,5.0,10.0,0.42224952131509774
27.177,5.0,10.0,0.4302897289395332
27.187,5.0,10.0,0.4405668035149574
27.197,5.0,10.0,0.4508438780903816
27.207,5.0,10.0,0.4704305663704872
27.217,5.0,10.0,0.49015492796897886
27.227,5.0,10.0,0.5022869825363159
27.237,5.0,10.0,0.514569553732872
27.247,5.0,10.0,0.5268521249294281
27.257,5.0,10.0,0.5362080097198486
27.267,5.0,10.0,0.53176549077034
27.277,5.0,10.0,0.5148687243461609
27.287,5.0,10.0,0.49227051436901087
27.297,5.0,10.0,0.469672304391861
27.307,5.0,10.0,0.44967221021652226
27.317,5.0,10.0,0.4325759202241898
27.327,5.0,10.0,0.40581002831459045
27.337,5.0,10.0,0.3633456245064736
27.347,5.0,10.0,0.3208812206983566
27.357,5.0,10.0,0.2783735767006874
27.367,5.0,10.0,0.23865011781454087
27.377,5.0,10.0,0.18392361253499984
27.387,5.0,10.0,0.11985598653554916
27.397,5.0,10.0,0.05578836053609848
27.407,5.0,10.0,-0.006287975609302521
27.417,5.0,10.0,-0.06195235103368759
27.427,5.0,10.0,-0.10343864411115648
27.437,5.0,10.0,-0.13146612495183946
27.447,5.0,10.0,-0.15949360579252242
27.457,5.0,10.0,-0.18358870446681977
27.467,5.0,10.0,-0.19677543202415113
27.477,5.0,10.0,-0.17889832193031907
27.487,5.0,10.0,-0.13554312670603394
27.497,5.0,10.0,-0.09218793148174882
27.507,5.0,10.0,-0.041466175857931366
27.517,5.0,10.0,-0.004024954978376627
27.527,5.0,10.0,0.0016874617896974087
27.537,5.0,10.0,-0.018158037308603527
27.547,5.0,10.0,-0.043770461622625594
27.557,5.0,10.0,-0.07729904288426041
27.567,5.0,10.0,-0.1222263105213642
27.577,5.0,10.0,-0.17819125354290008
27.587,5.0,10.0,-0.2478651449084282
27.597,5.0,10.0,-0.3175390362739563
27.607,5.0,10.0,-0.400345566868782
27.617,1.0,1.0,-0.4769731849431992
27.627,1.0,1.0,-0.5266389727592469
27.637,1.0,1.0,-0.5558851659297943
27.647,1.0,1.0,-0.5793644338846207
27.657,1.0,1.0,-0.6028234302997589
27.667,1.0,1.0,-0.6217379033565521
27.677,1.0,1.0,-0.6339558660984039
27.687,1.0,1.0,-0.6376848459243776
27.697,1.0,1.0,-0.641413825750351
27.707,1.0,1.0,-0.636852890253067
27.717,1.0,1.0,-0.6279887616634369
27.727,1.0,1.0,-0.6175601303577423
27.737,1.0,1.0,-0.6126441895961762
27.747,1.0,1.0,-0.60772824883461
27.757,1.0,1.0,-0.6147216975688934
27.767,1.0,1.0,-0.6284573018550873
27.777,1.0,1.0,-0.6450266361236572
27.787,1.0,1.0,-0.6646303653717041
27.797,1.0,1.0,-0.6842340946197509
27.807,1.0,1.0,-0.7013623237609863
27.817,1.0,1.0,-0.71337930560112
27.827,1.0,1.0,-0.7257305562496186
27.837,1.0,1.0,-0.7348120033740997
27.847,1.0,1.0,-0.7438934504985809
27.857,1.0,1.0,-0.7416992843151091
27.867,1.0,1.0,-0.7347848773002624
27.877,1.0,1.0,-0.7301519215106963
27.887,1.0,1.0,-0.7275236308574675
27.897,1.0,1.0,-0.7248953402042387
27.907,1.0,1.0,-0.7274824976921082
27.917,1.0,1.0,-0.7382256031036377
27.927,1.0,1.0,-0.7561830461025238
27.937,1.0,1.0,-0.7791954517364502
27.947,1.0,1.0,-0.8022078573703766
27.957,1.0,1.0,-0.8275663673877716
27.967,1.0,1.0,-0.8528016746044158
27.977,1.0,1.0,-0.8763694763183594
27.987,1.0,1.0,-0.898273229598999
27.997,1.0,1.0,-0.9201769828796386
28.007,1.0,1.0,-0.9412775576114656
28.017,1.0,1.0,-0.9615731060504914
28.027,1.0,1.0,-0.9804610252380371
28.037,1.0,1.0,-0.9980993628501893
28.047,1.0,1.0,-1.0157377004623414
28.057,1.0,1.0,-1.033045721054077
28.067,1.0,1.0,-1.051361972093582
28.077,1.0,1.0,-1.0715697169303895
28.087,1.0,1.0,-1.0918830394744874
28.097,1.0,1.0,-1.1121963620185853
28.107,1.0,1.0,-1.129972553253174
28.117,1.0,1.0,-1.1446910500526428
28.127,1.0,1.0,-1.1559682846069337
28.137,1.0,1.0,-1.1629113912582398
28.147,1.0,1.0,-1.167370903491974
28.157,1.0,1.0,-1.1692011237144473
28.167,2.0,2.0,-1.1653796792030335
28.177,2.0,2.0,-1.1563206434249875
28.187,2.0,2.0,-1.1430145978927613
28.197,2.0,2.0,-1.1267477869987488
28.207,2.0,2.0,-1.1106215476989747
28.217,2.0,2.0,-1.0925389170646669
28.227,2.0,2.0,-1.0720983505249024
28.237,2.0,2.0,-1.0493667006492615
28.247,2.0,2.0,-1.029118645191193
28.257,2.0,2.0,-1.005597859621048
28.267,2.0,2.0,-0.9823019266128541
28.277,2.0,2.0,-0.9604734480381011
28.287,2.0,2.0,-0.9423220098018646
28.297,2.0,2.0,-0.9271313369274141
28.307,2.0,2.0,-0.9119880139827728
28.317,2.0,2.0,-0.8983976602554321
28.327,2.0,2.0,-0.8879414141178131
28.337,2.0,2.0,-0.8825218796730041
28.347,2.0,2.0,-0.8771023452281952
28.357,2.0,2.0,-0.8761687040328979
28.367,2.0,2.0,-0.8773518085479738
28.377,2.0,2.0,-0.8790494382381439
28.387,2.0,2.0,-0.8811638534069061
28.397,2.0,2.0,-0.8832782685756685
28.407,2.0,2.0,-0.8844988882541656
28.417,2.0,2.0,-0.8818997144699096
28.427,2.0,2.0,-0.8749856591224671
28.437,2.0,2.0,-0.8654825270175934
28.447,2.0,2.0,-0.8559793949127197
28.457,2.0,2.0,-0.8447301745414733
28.467,2.0,2.0,-0.8316298007965088
28.477,2.0,2.0,-0.815486294031143
28.487,2.0,2.0,-0.7960588157176971
28.497,2.0,2.0,-0.7765626549720764
28.507,2.0,2.0,-0.757912939786911
28.517,2.0,2.0,-0.7428210973739624
28.527,2.0,2.0,-0.7289253771305085
28.537,2.0,2.0,-0.7148341238498688
28.547,2.0,2.0,-0.7007428705692291
28.557,2.0,2.0,-0.6869075179100037
28.567,2.0,2.0,-0.6744940221309662
28.577,2.0,2.0,-0.6657270610332489
28.587,2.0,2.0,-0.659427535533905
28.597,2.0,2.0,-0.6531966924667358
28.607,2.0,2.0,-0.6465370357036592
28.617,2.0,2.0,-0.6417704343795776
28.627,2.0,2.0,-0.6410423338413238
28.637,2.0,2.0,-0.6404629349708557
28.647,2.0,2.0,-0.6398835361003876
28.657,2.0,2.0,-0.6368397116661072
28.667,2.0,2.0,-0.6330870568752289
28.677,2.0,2.0,-0.6286223411560059
28.687,2.0,2.0,-0.6225448310375212
28.697,2.0,2.0,-0.6164673209190369
28.707,2.0,2.0,-0.6101452112197876
28.717,2.0,2.0,-0.6041334450244904
28.727,2.0,2.0,-0.5978618741035462
28.737,2.0,2.0,-0.5918842434883118
28.747,2.0,2.0,-0.5825283706188201
28.757,2.0,2.0,-0.5759139478206634
28.767,2.0,2.0,-0.566362875699997
28.777,2.0,2.0,-0.5549661308526993
28.787,2.0,2.0,-0.5433583229780197
28.797,2.0,2.0,-0.5317505151033401
28.807,2.0,2.0,-0.5164658218622208
28.817,2.0,2.0,-0.4946883350610733
28.827,2.0,2.0,-0.4708436191082001
28.837,2.0,2.0,-0.45046423077583314
28.847,2.0,2.0,-0.4334630846977234
28.857,2.0,2.0,-0.41755534708499914
28.867,2.0,2.0,-0.40518415272235864
28.877,2.0,2.0,-0.3960072219371796
28.887,2.0,2.0,-0.3909625679254532
28.897,2.0,2.0,-0.3859179139137268
28.907,2.0,2.0,-0.38680806159973147
28.917,2.0,2.0,-0.3927387297153473
28.927,2.0,2.0,-0.3994262844324112
28.937,2.0,2.0,-0.4052423924207688
28.947,2.0,2.0,-0.41105850040912634
28.957,2.0,2.0,-0.4175502747297287
28.967,2.0,2.0,-0.42210055887699127
28.977,2.0,2.0,-0.4191580146551132
28.987,2.0,2.0,-0.4078827857971191
28.997,2.0,2.0,-0.396607556939125
29.007,2.0,2.0,-0.37762448787689207
29.017,2.0,2.0,-0.3503576308488846
29.027,2.0,2.0,-0.31574188023805616
29.037,2.0,2.0,-0.27203247901052235
29.047,2.0,2.0,-0.22832307778298852
29.057,2.0,2.0,-0.17328217662870884
29.067,2.0,2.0,-0.109507792070508
29.077,2.0,2.0,-0.040241293981671325
29.087,3.0,3.0,0.03313039056956768
29.097,3.0,3.0,0.1065020751208067
29.107,3.0,3.0,0.18093353919684887
29.117,3.0,3.0,0.252414233610034
29.127,3.0,3.0,0.3187602873891592
29.137,3.0,3.0,0.376905526407063
29.147,3.0,3.0,0.4350507654249668
29.157,3.0,3.0,0.48316849023103714
29.167,3.0,3.0,0.5218906462192535
29.177,3.0,3.0,0.5510759294033051
29.187,3.0,3.0,0.5725106418132782
29.197,3.0,3.0,0.5939453542232513
29.207,3.0,3.0,0.6107688128948212
29.217,3.0,3.0,0.624402529001236
29.227,3.0,3.0,0.6370968759059905
29.237,3.0,3.0,0.6509966969490051
29.247,3.0,3.0,0.6648965179920197
29.257,3.0,3.0,0.6778110802173615
29.267,3.0,3.0,0.6876438438892365
29.277,3.0,3.0,0.6968627214431763
29.287,3.0,3.0,0.7072412431240082
29.297,3.0,3.0,0.7176197648048401
29.307,3.0,3.0,0.7283414065837861
29.317,3.0,3.0,0.7392669498920441
29.327,3.0,3.0,0.7499432623386384
29.337,3.0,3.0,0.7604897379875184
29.347,3.0,3.0,0.7710362136363984
29.357,3.0,3.0,0.7831432700157166
29.367,3.0,3.0,0.7951745390892029
29.377,3.0,3.0,0.8037288606166838
29.387,3.0,3.0,0.8088291883468629
29.397,3.0,3.0,0.8139295160770416
29.407,3.0,3.0,0.8171753287315368
29.417,3.0,3.0,0.8188192844390869
29.427,3.0,3.0,0.8194526851177214
29.437,3.0,3.0,0.8205608367919922
29.447,3.0,3.0,0.8216689884662627
29.457,3.0,3.0,0.8228102207183838
29.467,3.0,3.0,0.8229775190353393
29.477,3.0,3.0,0.8212678790092467
29.487,3.0,3.0,0.8165100097656249
29.497,3.0,3.0,0.8117521405220031
29.507,3.0,3.0,0.8043615996837616
29.517,3.0,3.0,0.7957458376884462
29.527,3.0,3.0,0.7850071907043455
29.537,3.0,3.0,0.7702781856060029
29.547,3.0,3.0,0.7555491805076598
29.557,3.0,3.0,0.7396896004676817
29.567,3.0,3.0,0.7274686872959137
29.577,3.0,3.0,0.7193592965602875
29.587,3.0,3.0,0.7125576972961426
29.597,3.0,3.0,0.7057560980319977
29.607,3.0,3.0,0.6982377350330353
29.617,3.0,3.0,0.6902834832668304
29.627,3.0,3.0,0.6839166283607483
29.637,3.0,3.0,0.6806297242641449
29.647,3.0,3.0,0.6773428201675415
29.657,3.0,3.0,0.6760282993316651
29.667,3.0,3.0,0.6744226574897766
29.677,3.0,3.0,0.6733059108257293
29.687,3.0,3.0,0.6760429263114929
29.697,3.0,3.0,0.6787799417972564
29.707,3.0,3.0,0.6860667169094086
29.717,3.0,3.0,0.6956380009651184
29.727,3.0,3.0,0.7047308266162873
29.737,3.0,3.0,0.711166250705719
29.747,3.0,3.0,0.7176016747951508
29.757,3.0,3.0,0.7210261821746825
29.767,3.0,3.0,0.7235471546649933
29.777,3.0,3.0,0.7264351606369017
29.787,3.0,3.0,0.7286259829998016
29.797,3.0,3.0,0.7308168053627014
29.807,3.0,3.0,0.7319119274616241
29.817,3.0,3.0,0.732991999387741
29.827,3.0,3.0,0.7350142955780029
29.837,3.0,3.0,0.7364315569400787
29.847,3.0,3.0,0.7378488183021545
29.857,3.0,3.0,0.7355281591415405
29.867,3.0,3.0,0.7295216143131255
29.877,3.0,3.0,0.722190523147583
29.887,3.0,3.0,0.7139787435531616
29.897,3.0,3.0,0.7057669639587403
29.907,3.0,3.0,0.6971788048744202
29.917,3.0,3.0,0.6896304607391357
29.927,3.0,3.0,0.6855316162109375
29.937,3.0,3.0,0.6892451703548431
29.947,3.0,3.0,0.6929587244987487
29.957,3.0,3.0,0.7056512415409089
29.967,3.0,3.0,0.722141247987747
29.977,3.0,3.0,0.7376609146595001
29.987,3.0,3.0,0.7524031281471253
29.997,3.0,3.0,0.7671453416347502
30.007,3.0,3.0,0.7810294151306152
30.017,3.0,3.0,0.7919458150863646
30.027,3.0,3.0,0.7977902114391326
30.037,3.0,3.0,0.7974964857101442
30.047,3.0,3.0,0.7972027599811553
30.057,3.0,3.0,0.7920655071735382
30.067,3.0,3.0,0.7831614017486572
30.077,3.0,3.0,0.7699596226215363
30.087,3.0,3.0,0.7529987812042237
30.097,3.0,3.0,0.736037939786911
30.107,3.0,3.0,0.7171824395656585
30.117,3.0,3.0,0.6977819263935089
30.127,3.0,3.0,0.6783658385276794
30.137,3.0,3.0,0.6600772440433502
30.147,3.0,3.0,0.6417886495590209
30.157,3.0,3.0,0.6280096530914305
30.167,3.0,3.0,0.6224585771560669
30.177,3.0,3.0,0.6242404460906983
30.187,3.0,3.0,0.6296484887599945
30.197,3.0,3.0,0.6350565314292907
30.207,3.0,3.0,0.6430735051631927
30.217,3.0,3.0,0.6533780813217163
30.227,3.0,3.0,0.6645387291908265
30.237,3.0,3.0,0.6749069631099701
30.247,3.0,3.0,0.6841033875942231
30.257,3.0,3.0,0.6904184937477112
30.267,3.0,3.0,0.690378737449646
30.277,3.0,3.0,0.6861482083797454
30.287,3.0,3.0,0.6795326054096222
30.297,3.0,3.0,0.6729170024394989
30.307,3.0,3.0,0.6615928709506989
30.317,3.0,3.0,0.6449146866798401
30.327,3.0,3.0,0.626087886095047
30.337,3.0,3.0,0.6069819271564484
30.347,3.0,3.0,0.5875936985015868
30.357,3.0,3.0,0.5682054698467255
30.367,3.0,3.0,0.5494473814964295
30.377,3.0,3.0,0.5331667244434357
30.387,3.0,3.0,0.5219814419746399
30.397,3.0,3.0,0.5143859624862671
30.407,3.0,3.0,0.5108541667461395
30.417,3.0,3.0,0.5143594801425934
30.427,3.0,3.0,0.5206127822399139
30.437,3.0,3.0,0.5248555839061737
30.447,3.0,3.0,0.5245661020278931
30.457,3.0,3.0,0.5242766201496124
30.467,3.0,3.0,0.5195982813835144
30.477,3.0,3.0,0.5106421500444412
30.487,3.0,3.0,0.49502276480197904
30.497,3.0,3.0,0.47047788798809054
30.507,3.0,3.0,0.445933011174202
30.517,3.0,3.0,0.4147311925888061
30.527,3.0,3.0,0.3862367153167725
30.537,3.0,3.0,0.36725592613220215
30.547,3.0,3.0,0.3542614996433258
30.557,3.0,3.0,0.3418096452951432
30.567,3.0,3.0,0.3364636927843094
30.577,3.0,3.0,0.3419596642255784
30.587,3.0,3.0,0.35505811870098114
30.597,3.0,3.0,0.37349226176738737
30.607,3.0,3.0,0.3887818038463592
30.617,3.0,3.0,0.40041874647140496
30.627,3.0,3.0,0.39861284792423246
30.637,3.0,3.0,0.380004432797432
30.647,3.0,3.0,0.36139601767063134
30.657,3.0,3.0,0.33308974355459214
30.667,3.0,3.0,0.2940396090969443
30.677,3.0,3.0,0.2376870846375823
30.687,3.0,3.0,0.16795214023441077
30.697,3.0,3.0,0.09821719583123921
30.707,3.0,3.0,0.023101026378571983
30.717,3.0,3.0,-0.0526488596573472
30.727,3.0,3.0,-0.12676276210695506
30.737,3.0,3.0,-0.19840071443468327
30.747,3.0,3.0,-0.2700386667624116
30.757,3.0,3.0,-0.33602889273315667
30.767,3.0,3.0,-0.39111972898244857
30.777,3.0,3.0,-0.4325302213430405
30.787,3.0,3.0,-0.45988394767045976
30.797,3.0,3.0,-0.48723767399787904
30.807,3.0,3.0,-0.497867539525032
30.817,3.0,3.0,-0.48984519243240354
30.827,3.0,3.0,-0.4675459161400795
30.837,3.0,3.0,-0.4359150916337967
30.847,3.0,3.0,-0.40428426712751386
30.857,3.0,3.0,-0.36777864694595336
30.867,3.0,3.0,-0.333476097881794
30.877,3.0,3.0,-0.30590034276247025
30.887,3.0,3.0,-0.28629351407289505
30.897,3.0,3.0,-0.26668668538331985
30.907,3.0,3.0,-0.2591024175286293
30.917,3.0,3.0,-0.2665168568491936
30.927,3.0,3.0,-0.28443728387355804
30.937,3.0,3.0,-0.30709985047578814
30.947,3.0,3.0,-0.3297624170780182
30.957,3.0,3.0,-0.3536756679415703
30.967,3.0,3.0,-0.37515443861484526
30.977,3.0,3.0,-0.3928700417280197
30.987,3.0,3.0,-0.40730064511299136
30.997,3.0,3.0,-0.42173124849796295
31.007,3.0,3.0,-0.4309337645769119
31.017,3.0,3.0,-0.43391658663749694
31.027,3.0,3.0,-0.4321198970079422
31.037,3.0,3.0,-0.4262610226869583
31.047,3.0,3.0,-0.4204021483659745
31.057,3.0,3.0,-0.4131576120853424
31.067,3.0,3.0,-0.40799498260021205
31.077,3.0,3.0,-0.4046390116214752
31.087,3.0,3.0,-0.4024884909391403
31.097,3.0,3.0,-0.40033797025680545
31.107,3.0,3.0,-0.401748338341713
31.117,3.0,3.0,-0.40588822662830354
31.127,3.0,3.0,-0.40933997035026554
31.137,3.0,3.0,-0.4131574273109436
31.147,3.0,3.0,-0.41697488427162166
31.157,3.0,3.0,-0.42143823206424713
31.167,3.0,3.0,-0.4235796213150024
31.177,3.0,3.0,-0.4230486035346985
31.187,3.0,3.0,-0.4210459500551224
31.197,3.0,3.0,-0.41904329657554634
31.207,3.0,3.0,-0.415213319659233
31.217,3.0,3.0,-0.4098122984170914
31.227,3.0,3.0,-0.40234787166118624
31.237,3.0,3.0,-0.3901437431573868
31.247,3.0,3.0,-0.3779396146535873
31.257,3.0,3.0,-0.3614807546138764
31.267,3.0,3.0,-0.34331003427505485
31.277,3.0,3.0,-0.3228647753596306
31.287,3.0,3.0,-0.2993999093770981
31.297,3.0,3.0,-0.2759350433945656
31.307,3.0,3.0,-0.2503248691558838
31.317,3.0,3.0,-0.22338742166757583
31.327,3.0,3.0,-0.19699899479746816
31.337,3.0,3.0,-0.1725552849471569
31.347,3.0,3.0,-0.14409102760255338
31.357,3.0,3.0,-0.120737823843956
31.367,3.0,3.0,-0.09951111879199744
31.377,3.0,3.0,-0.08256977256387472
31.387,3.0,3.0,-0.06778958905488253
31.397,3.0,3.0,-0.05300940554589033
31.407,3.0,3.0,-0.03766216114163399
31.417,3.0,3.0,-0.022902773320674898
31.427,3.0,3.0,-0.011292392015457151
31.437,3.0,3.0,-0.004836614057421684
31.447,3.0,3.0,-0.004238261841237545
31.457,3.0,3.0,-0.0036399096250534055
31.467,3.0,3.0,-0.0070476258173584935
31.477,3.0,3.0,-0.011888663657009602
31.487,3.0,3.0,-0.01823145505040884
31.497,3.0,3.0,-0.02493809927254915
31.507,3.0,3.0,-0.03402710855007172
31.517,3.0,3.0,-0.04476680308580398
31.527,3.0,3.0,-0.05515475943684578
31.537,3.0,3.0,-0.06478641517460346
31.547,3.0,3.0,-0.07319955509155987
31.557,3.0,3.0,-0.0816126950085163
31.567,3.0,3.0,-0.08780448287725448
31.577,3.0,3.0,-0.09315081983804704
31.587,3.0,3.0,-0.09983691424131394
31.597,3.0,3.0,-0.10667719766497612
31.607,3.0,3.0,-0.11351748108863832
31.617,3.0,3.0,-0.1187860794365406
31.627,3.0,3.0,-0.1230947308242321
31.637,3.0,3.0,-0.1264452561736107
31.647,3.0,3.0,-0.12917741909623146
31.657,3.0,3.0,-0.13150113001465796
31.667,3.0,3.0,-0.1335573047399521
31.677,3.0,3.0,-0.13326798602938653
31.687,3.0,3.0,-0.12831484228372575
31.697,3.0,3.0,-0.1228436566889286
31.707,3.0,3.0,-0.11563174650073052
31.717,3.0,3.0,-0.10891536101698876
31.727,3.0,3.0,-0.10162612721323969
31.737,3.0,3.0,-0.09335289224982259
31.747,3.0,3.0,-0.08507965728640558
31.757,3.0,3.0,-0.07710683643817902
31.767,3.0,3.0,-0.06895801238715649
31.777,3.0,3.0,-0.061179492995142935
31.787,3.0,3.0,-0.05634004659950733
31.797,3.0,3.0,-0.051500600203871726
31.807,3.0,3.0,-0.05016168244183064
31.817,3.0,3.0,-0.050556999817490574
31.827,3.0,3.0,-0.05098921023309231
31.837,3.0,3.0,-0.05069337412714958
31.847,3.0,3.0,-0.05039753802120685
31.857,3.0,3.0,-0.05001317672431469
31.867,3.0,3.0,-0.05127175562083721
31.877,3.0,3.0,-0.05397632084786892
31.887,3.0,3.0,-0.0549364823848009
31.897,3.0,3.0,-0.055896643921732894
31.907,3.0,3.0,-0.05260012783110143
31.917,3.0,3.0,-0.04629343124106526
31.927,3.0,3.0,-0.039656704152002925
31.937,3.0,3.0,-0.03300410606898367
31.947,3.0,3.0,-0.024049430200830103
31.957,3.0,3.0,-0.015291317412629724
31.967,3.0,3.0,-0.0034593323711305858
31.977,3.0,3.0,0.009741215175017715
31.987,3.0,3.0,0.02225501141510904
31.997,3.0,3.0,0.03607480204664171
32.007,3.0,3.0,0.04739771909080446
32.017,3.0,3.0,0.05832963646389544
32.027,3.0,3.0,0.06855685226619243
32.037,3.0,3.0,0.07622093632817267
32.047,3.0,3.0,0.07929980903863905
32.057,3.0,3.0,0.08237868174910545
32.067,3.0,3.0,0.08057241290807723
32.077,3.0,3.0,0.07603665851056576
32.087,3.0,3.0,0.06951248778495937
32.097,3.0,3.0,0.05984286090824753
32.107,3.0,3.0,0.05017323403153569
32.117,3.0,3.0,0.03724187223706395
32.127,3.0,3.0,0.022274450794793663
32.137,3.0,3.0,0.0073110869387164705
32.147,3.0,3.0,-0.005365979834459722
32.157,3.0,3.0,-0.018043046607635917
32.167,3.0,3.0,-0.02812171631958336
32.177,3.0,3.0,-0.03686845989432186
32.187,3.0,3.0,-0.0428089078515768
32.197,3.0,3.0,-0.04690989404916764
32.207,3.0,3.0,-0.04740040861070157
32.217,3.0,3.0,-0.041975729912519445
32.227,3.0,3.0,-0.030837293714284897
32.237,3.0,3.0,-0.014710094034671784
32.247,3.0,3.0,0.001413942128419876
32.257,3.0,3.0,0.020876175165176394
32.267,3.0,3.0,0.04358170367777348
32.277,3.0,3.0,0.06857860721647739
32.287,3.0,3.0,0.0910529438406229
32.297,3.0,3.0,0.11068014092743396
32.307,3.0,3.0,0.12669686637818814
32.317,3.0,3.0,0.13566251322627068
32.327,3.0,3.0,0.13721714317798614
32.337,3.0,3.0,0.13023183830082416
32.347,3.0,3.0,0.11959387939423324
32.357,3.0,3.0,0.10561772361397744
32.367,3.0,3.0,0.08843729190994054
32.377,3.0,3.0,0.07076693207491189
32.387,3.0,3.0,0.053935449244454495
32.397,3.0,3.0,0.038659278815612194
32.407,3.0,3.0,0.023383108386769887
32.417,3.0,3.0,0.01108757653273642
32.427,3.0,3.0,0.0041922888252884155
32.437,3.0,3.0,0.0035949247423559426
32.447,3.0,3.0,0.006812459276989103
32.457,3.0,3.0,0.010029993811622262
32.467,3.0,3.0,0.015115145896561445
32.477,3.0,3.0,0.02356255420017988
32.487,3.0,3.0,0.03714218493551016
32.497,3.0,3.0,0.05507988603785634
32.507,3.0,3.0,0.07301758714020253
32.517,3.0,3.0,0.09348427206277848
32.527,3.0,3.0,0.11546383388340473
32.537,3.0,3.0,0.13825911469757557
32.547,3.0,3.0,0.15977344624698162
32.557,3.0,3.0,0.1812877777963877
32.567,3.0,3.0,0.19782981723546983
32.577,3.0,3.0,0.2086474865674973
32.587,3.0,3.0,0.21640369296073916
32.597,3.0,3.0,0.22144137173891068
32.607,3.0,3.0,0.22647905051708225
32.617,3.0,3.0,0.2263387396931648
32.627,3.0,3.0,0.22105439156293868
32.637,3.0,3.0,0.21494875252246856
32.647,3.0,3.0,0.21256857812404636
32.657,3.0,3.0,0.21018840372562408
32.667,3.0,3.0,0.21218070089817048
32.677,3.0,3.0,0.2148751839995384
32.687,3.0,3.0,0.2152806237339973
32.697,3.0,3.0,0.21504630297422409
32.707,3.0,3.0,0.21481198221445083
32.717,3.0,3.0,0.21650716364383696
32.727,3.0,3.0,0.2189270183444023
32.737,3.0,3.0,0.2193840131163597
32.747,3.0,3.0,0.21898227930068967
32.757,3.0,3.0,0.21858054548501968
32.767,3.0,3.0,0.22036481350660325
32.777,3.0,3.0,0.22479878813028337
32.787,3.0,3.0,0.23142357170581815
32.797,3.0,3.0,0.23834040015935895
32.807,3.0,3.0,0.24836174845695497
32.817,3.0,3.0,0.26290734112262726
32.827,3.0,3.0,0.28175013810396193
32.837,3.0,3.0,0.30371043682098386
32.847,3.0,3.0,0.32392270416021346
32.857,3.0,3.0,0.3462049305438996
32.867,3.0,3.0,0.36677317321300507
32.877,3.0,3.0,0.3865053534507752
32.887,3.0,3.0,0.4056057572364808
32.897,3.0,3.0,0.4247017115354538
32.907,3.0,3.0,0.4406931459903717
32.917,3.0,3.0,0.4519367575645447
32.927,3.0,3.0,0.4587873548269272
32.937,3.0,3.0,0.46312983036041266
32.947,3.0,3.0,0.4717849493026733
32.957,3.0,3.0,0.4783701092004776
32.967,3.0,3.0,0.4848461955785751
32.977,3.0,3.0,0.481207811832428
32.987,3.0,3.0,0.4696350365877152
32.997,3.0,3.0,0.4611609905958176
33.007,3.0,3.0,0.4571210354566574
33.017,3.0,3.0,0.45348058938980096
33.027,3.0,3.0,0.4487230211496353
33.037,3.0,3.0,0.4376462459564209
33.047,3.0,3.0,0.4175705313682556
33.057,3.0,3.0,0.3974948167800904
33.067,3.0,3.0,0.3746703863143921
33.077,3.0,3.0,0.36133163273334495
33.087,3.0,3.0,0.35693399906158446
33.097,3.0,3.0,0.3531631976366043
33.107,3.0,3.0,0.3449583053588867
33.117,3.0,3.0,0.3427084892988205
33.127,3.0,3.0,0.3460270375013351
33.137,3.0,3.0,0.3507020711898804
33.147,3.0,3.0,0.35133428275585177
33.157,3.0,3.0,0.35196649432182314
33.167,3.0,3.0,0.35284255743026727
33.177,3.0,3.0,0.358588719367981
33.187,3.0,3.0,0.3636887907981873
33.197,3.0,3.0,0.35773827135562897
33.207,3.0,3.0,0.35178775191307066
33.217,3.0,3.0,0.32913044691085813
33.227,3.0,3.0,0.2937474220991135
33.237,3.0,3.0,0.2567728146910667
33.247,3.0,3.0,0.22592224925756452
33.257,3.0,3.0,0.19507168382406237
33.267,3.0,3.0,0.16609510630369187
33.277,3.0,3.0,0.13354626055806876
33.287,3.0,3.0,0.10180792640894652
33.297,3.0,3.0,0.0789880795404315
33.307,3.0,3.0,0.056168232671916486
33.317,3.0,3.0,0.04266142118722201
33.327,3.0,3.0,0.02851776573807001
33.337,3.0,3.0,0.011590063013136387
33.347,3.0,3.0,-4.695635288953781e-05
33.357,3.0,3.0,-0.0073866648599505424
33.367,3.0,3.0,-0.015054786019027232
33.377,3.0,3.0,-0.02415257692337036
33.387,3.0,3.0,-0.034044140949845314
33.397,3.0,3.0,-0.04402233473956585
33.407,3.0,3.0,-0.054230958223342896
33.417,3.0,3.0,-0.0630009077489376
33.427,3.0,3.0,-0.0639121700078249
33.437,3.0,3.0,-0.057438093796372415
33.447,3.0,3.0,-0.05398468039929867
33.458,3.0,3.0,-0.05552444644272327
33.468,3.0,3.0,-0.05706421248614788
33.478,3.0,3.0,-0.06021948605775833
33.488,3.0,3.0,-0.06666772551834584
33.498,3.0,3.0,-0.07874936871230602
33.508,3.0,3.0,-0.09669898971915245
33.518,3.0,3.0,-0.11464861072599888
33.528,3.0,3.0,-0.1386403650045395
33.538,3.0,3.0,-0.16916195303201675
33.548,3.0,3.0,-0.20702555477619167
33.558,3.0,3.0,-0.25125859007239343
33.568,3.0,3.0,-0.29549162536859513
33.578,3.0,3.0,-0.3417604506015778
33.588,3.0,3.0,-0.38645786643028257
33.598,3.0,3.0,-0.42804937958717354
33.608,3.0,3.0,-0.4652316629886627
33.618,3.0,3.0,-0.502413946390152
33.628,3.0,3.0,-0.5330436736345291
33.638,3.0,3.0,-0.5538427233695984
33.648,3.0,3.0,-0.5611808478832245
33.658,3.0,3.0,-0.5544179081916809
33.668,3.0,3.0,-0.5476549685001373
33.678,3.0,3.0,-0.5326320379972458
33.688,3.0,3.0,-0.5137522608041764
33.698,3.0,3.0,-0.48901878595352166
33.708,3.0,3.0,-0.45922615528106686
33.718,3.0,3.0,-0.42943352460861206
33.728,3.0,3.0,-0.4031967520713806
33.738,3.0,3.0,-0.39071415066719056
33.748,3.0,3.0,-0.39526866674423217
33.758,3.0,3.0,-0.4164648175239563
33.768,3.0,3.0,-0.4376609683036804
33.778,3.0,3.0,-0.4731047540903092
33.788,3.0,3.0,-0.5184614032506942
33.798,3.0,3.0,-0.572692334651947
33.808,3.0,3.0,-0.6337382376194001
33.818,3.0,3.0,-0.694784140586853
33.828,3.0,3.0,-0.7544916689395904
33.838,3.0,3.0,-0.8051742374897003
33.848,3.0,3.0,-0.8478847444057463
33.858,3.0,3.0,-0.8854499459266663
33.868,3.0,3.0,-0.923015147447586
33.878,3.0,3.0,-0.9545374512672424
33.888,3.0,3.0,-0.9804577469825746
33.898,3.0,3.0,-1.002454060316086
33.908,3.0,3.0,-1.021005380153656
33.918,3.0,3.0,-1.0397422015666962
33.928,3.0,3.0,-1.0555288076400755
33.938,3.0,3.0,-1.0682239949703216
33.948,3.0,3.0,-1.0757375836372376
33.958,3.0,3.0,-1.0787906050682068
33.968,3.0,3.0,-1.0802249550819396
33.978,3.0,3.0,-1.0785322427749633
33.988,3.0,3.0,-1.0756651401519777
33.998,3.0,3.0,-1.0695738434791564
34.008,3.0,3.0,-1.0634825468063354
34.018,3.0,3.0,-1.0524501204490662
34.028,3.0,3.0,-1.0368659377098084
34.038,3.0,3.0,-1.0175684690475464
34.048,3.0,3.0,-0.9963758587837219
34.058,3.0,3.0,-0.9725911259651184
34.068,3.0,3.0,-0.9504250645637512
34.078,3.0,3.0,-0.9259031295776368
34.088,3.0,3.0,-0.8990759849548339
34.098,3.0,3.0,-0.8727546334266663
34.108,3.0,3.0,-0.8438506841659545
34.118,3.0,3.0,-0.8197023630142212
34.128,3.0,3.0,-0.7979253888130189
34.138,3.0,3.0,-0.7802808284759521
34.148,3.0,3.0,-0.7679066240787505
34.158,3.0,3.0,-0.758124542236328
34.168,3.0,3.0,-0.7494517922401427
34.178,3.0,3.0,-0.743683248758316
34.188,3.0,3.0,-0.741350758075714
34.198,3.0,3.0,-0.7412495493888854
34.208,3.0,3.0,-0.7437309384346008
34.218,3.0,3.0,-0.7442931294441224
34.228,3.0,3.0,-0.7455977082252504
34.238,3.0,3.0,-0.7473935842514038
34.248,3.0,3.0,-0.7491280615329744
34.258,3.0,3.0,-0.7508625388145447
34.268,3.0,3.0,-0.7519586205482481
34.278,3.0,3.0,-0.7507122337818145
34.288,3.0,3.0,-0.7468611478805542
34.298,3.0,3.0,-0.7423798024654389
34.308,3.0,3.0,-0.7378984570503235
34.318,3.0,3.0,-0.7331377565860748
34.328,3.0,3.0,-0.7260907471179961
34.338,3.0,3.0,-0.7154787003993988
34.348,3.0,3.0,-0.7010187566280365
34.358,3.0,3.0,-0.6865588128566742
34.368,3.0,3.0,-0.6686668217182159
34.378,3.0,3.0,-0.6489333093166352
34.388,3.0,3.0,-0.6285059094429016
34.398,3.0,3.0,-0.6084396541118622
34.408,3.0,3.0,-0.5881739616394043
34.418,3.0,3.0,-0.5701068222522736
34.428,3.0,3.0,-0.5553239524364472
34.438,3.0,3.0,-0.5442178606986999
34.448,3.0,3.0,-0.5365318059921265
34.458,3.0,3.0,-0.5303726553916931
34.468,3.0,3.0,-0.5271746158599854
34.478,3.0,3.0,-0.5302081525325775
34.488,3.0,3.0,-0.5383519530296326
34.498,3.0,3.0,-0.5487475216388702
34.508,3.0,3.0,-0.5605916678905487
34.518,3.0,3.0,-0.5724358141422272
34.528,3.0,3.0,-0.5858129680156707
34.538,3.0,3.0,-0.5998237609863282
34.548,3.0,3.0,-0.6137570261955261
34.558,3.0,3.0,-0.6266628623008728
34.568,3.0,3.0,-0.6395686984062193
34.578,3.0,3.0,-0.6503347873687744
34.588,3.0,3.0,-0.6582455039024353
34.598,3.0,3.0,-0.6619489908218383
34.608,3.0,3.0,-0.6608174800872803
34.618,3.0,3.0,-0.6596859693527222
34.628,3.0,3.0,-0.654455053806305
34.638,3.0,3.0,-0.6451001644134522
34.648,3.0,3.0,-0.6304986298084259
34.658,3.0,3.0,-0.6106607258319855
34.668,3.0,3.0,-0.5908228218555449
34.678,3.0,3.0,-0.568974107503891
34.688,3.0,3.0,-0.5506319403648376
34.698,3.0,3.0,-0.5394875168800354
34.708,3.0,3.0,-0.5353889346122742
34.718,3.0,3.0,-0.5312903523445129
34.728,3.0,3.0,-0.5331192433834075
34.738,3.0,3.0,-0.5412376523017883
34.748,3.0,3.0,-0.5584712266921997
34.758,3.0,3.0,-0.5876100897789002
34.768,3.0,3.0,-0.6167489528656006
34.778,3.0,3.0,-0.6548475801944733
34.788,3.0,3.0,-0.6961854755878448
34.798,3.0,3.0,-0.7386378347873687
34.808,3.0,3.0,-0.7811494410037993
34.818,3.0,3.0,-0.82366104722023
34.828,3.0,3.0,-0.8635330915451049
34.838,3.0,3.0,-0.8988140523433685
34.848,3.0,3.0,-0.9268813014030456
34.858,3.0,3.0,-0.9477801561355592
34.868,3.0,3.0,-0.9628544628620147
34.878,3.0,3.0,-0.9581078290939331
34.888,3.0,3.0,-0.9288766860961913
34.898,3.0,3.0,-0.8754240155220032
34.908,3.0,3.0,-0.8010325133800505
34.918,3.0,3.0,-0.7266410112380981
34.928,3.0,3.0,-0.632838923484087
34.938,3.0,3.0,-0.5204601019620896
34.948,3.0,3.0,-0.3950483769178391
34.958,3.0,3.0,-0.26963665187358854
34.968,3.0,3.0,-0.13887225091457367
34.978,3.0,3.0,-0.008178040385246277
34.988,3.0,3.0,0.11761325299739836
34.998,3.0,3.0,0.2349780768156052
35.008,3.0,3.0,0.33492330014705657
35.018,3.0,3.0,0.4403540045022965
35.028,3.0,3.0,0.52891481295228
35.038,3.0,3.0,0.5996157705783844
35.048,3.0,3.0,0.6579419851303101
35.058,3.0,3.0,0.7162681996822358
35.068,3.0,3.0,0.7673072814941406
35.078,3.0,3.0,0.811529666185379
35.088,3.0,3.0,0.8473264694213866
35.098,3.0,3.0,0.8743487060070037
35.108,3.0,3.0,0.9013709425926208
35.118,3.0,3.0,0.9245636343955994
35.128,3.0,3.0,0.9494150578975676
35.138,3.0,3.0,0.9743245065212248
35.148,3.0,3.0,0.9936190366744994
35.158,3.0,3.0,1.0070116460323333
35.168,3.0,3.0,1.0165141642093658
35.178,4.0,4.0,1.015323042869568
35.188,4.0,4.0,1.006444650888443
35.198,4.0,4.0,0.9940062344074247
35.208,4.0,4.0,0.9807135045528412
35.218,4.0,4.0,0.9657648384571077
35.228,4.0,4.0,0.9495492041110992
35.238,4.0,4.0,0.9338254392147064
35.248,4.0,4.0,0.919614827632904
35.258,4.0,4.0,0.9105293333530425
35.268,4.0,4.0,0.9014438390731812
35.278,4.0,4.0,0.8995306015014648
35.288,4.0,4.0,0.9024031102657318
35.298,4.0,4.0,0.9089584589004516
35.308,4.0,4.0,0.9193398356437683
35.318,4.0,4.0,0.9297212123870848
35.328,4.0,4.0,0.9401485323905946
35.338,4.0,4.0,0.9482269883155824
35.348,4.0,4.0,0.9565853714942931
35.358,4.0,4.0,0.9653477191925048
35.368,4.0,4.0,0.9741100668907164
35.378,4.0,4.0,0.9820006787776947
35.388,4.0,4.0,0.9920626044273376
35.398,4.0,4.0,1.0060090124607086
35.408,4.0,4.0,1.020573407411575
35.418,4.0,4.0,1.035137802362442
35.428,4.0,4.0,1.047747641801834
35.438,4.0,4.0,1.0587319910526276
35.448,4.0,4.0,1.0677674770355223
35.458,4.0,4.0,1.0743281185626985
35.468,4.0,4.0,1.0808887600898742
35.478,4.0,4.0,1.085176992416382
35.488,4.0,4.0,1.0851965546607971
35.498,4.0,4.0,1.0798886656761169
35.508,4.0,4.0,1.0712321519851684
35.518,4.0,4.0,1.06257563829422
35.528,4.0,4.0,1.0526149153709412
35.538,4.0,4.0,1.04213947057724
35.548,4.0,4.0,1.0299516439437866
35.558,4.0,4.0,1.013405555486679
35.568,4.0,4.0,0.9968594670295715
35.578,4.0,4.0,0.9744040668010712
35.588,4.0,4.0,0.946816474199295
35.598,4.0,4.0,0.9148517668247222
35.608,4.0,4.0,0.8796749114990233
35.618,4.0,4.0,0.8444980561733246
35.628,4.0,4.0,0.8088871896266938
35.638,4.0,4.0,0.7760738253593443
35.648,4.0,4.0,0.7502985835075378
35.658,4.0,4.0,0.7348106563091278
35.668,4.0,4.0,0.7193227291107177
35.678,4.0,4.0,0.713068300485611
35.688,4.0,4.0,0.7122555315494538
35.698,4.0,4.0,0.7139737367630005
35.708,4.0,4.0,0.7177189648151397
35.718,4.0,4.0,0.721464192867279
35.728,4.0,4.0,0.7277430593967437
35.738,4.0,4.0,0.7354075968265533
35.748,4.0,4.0,0.7430677115917207
35.758,4.0,4.0,0.7519339978694916
35.768,4.0,4.0,0.7608002841472625
35.778,4.0,4.0,0.7730194747447966
35.788,4.0,4.0,0.7886163234710692
35.798,4.0,4.0,0.8034360229969024
35.808,4.0,4.0,0.812421053647995
35.818,4.0,4.0,0.8214060842990876
35.828,4.0,4.0,0.8248843491077422
35.838,4.0,4.0,0.8253035306930541
35.848,4.0,4.0,0.8206749141216279
35.858,4.0,4.0,0.8079087615013123
35.868,4.0,4.0,0.7951426088809966
35.878,4.0,4.0,0.7750463485717772
35.888,4.0,4.0,0.7524363040924072
35.898,4.0,4.0,0.7351136863231658
35.908,4.0,4.0,0.7279604792594909
35.918,4.0,4.0,0.720807272195816
35.928,4.0,4.0,0.7202616751194
35.938,4.0,4.0,0.7208044826984404
35.948,4.0,4.0,0.7219749450683594
35.958,4.0,4.0,0.7242352366447448
35.968,4.0,4.0,0.7264955282211304
35.978,4.0,4.0,0.7274191796779632
35.988,4.0,4.0,0.72451611161232
35.998,4.0,4.0,0.7173726081848144
36.008,4.0,4.0,0.7072440803050993
36.018,4.0,4.0,0.6971155524253845
36.028,4.0,4.0,0.6865826785564423
36.038,4.0,4.0,0.6783999502658844
36.048,4.0,4.0,0.6753307521343233
36.058,4.0,4.0,0.6757787227630615
36.068,4.0,4.0,0.6762266933918
36.078,4.0,4.0,0.6765578389167786
36.088,4.0,4.0,0.6714926302433014
36.098,4.0,4.0,0.6548131227493286
36.108,4.0,4.0,0.6310981839895249
36.118,4.0,4.0,0.6073832452297211
36.128,4.0,4.0,0.5798998326063156
36.138,4.0,4.0,0.546868771314621
36.148,4.0,4.0,0.5104478150606155
36.158,4.0,4.0,0.4742349714040756
36.168,4.0,4.0,0.4380221277475357
36.178,4.0,4.0,0.4043573260307312
36.188,4.0,4.0,0.378654021024704
36.198,4.0,4.0,0.3670871198177338
36.208,4.0,4.0,0.36257056891918177
36.218,4.0,4.0,0.35805401802062986
36.228,4.0,4.0,0.35266261398792265
36.238,4.0,4.0,0.34401680827140807
36.248,4.0,4.0,0.3277527421712876
36.258,4.0,4.0,0.30309873521327974
36.268,4.0,4.0,0.2784447282552719
36.278,4.0,4.0,0.24793886579573157
36.288,4.0,4.0,0.21302572935819625
36.298,4.0,4.0,0.17404019758105277
36.308,4.0,4.0,0.1311146818101406
36.318,4.0,4.0,0.08818916603922845
36.328,4.0,4.0,0.042184806615114215
36.338,5.0,5.0,-0.003896846622228623
36.348,5.0,5.0,-0.047240789979696274
36.358,5.0,5.0,-0.0872024081647396
36.368,5.0,5.0,-0.12716402634978294
36.378,5.0,5.0,-0.1645450945943594
36.388,5.0,5.0,-0.20192410722374915
36.398,5.0,5.0,-0.24221598953008647
36.408,5.0,5.0,-0.28540353327989576
36.418,5.0,5.0,-0.328591077029705
36.428,5.0,5.0,-0.3714297950267792
36.438,5.0,5.0,-0.4111809641122818
36.448,5.0,5.0,-0.4480466514825821
36.458,5.0,5.0,-0.4830267697572708
36.468,5.0,5.0,-0.5180068880319595
36.478,5.0,5.0,-0.5501918077468873
36.488,5.0,5.0,-0.5748916685581207
36.498,5.0,5.0,-0.5861265182495117
36.508,5.0,5.0,-0.5909463107585907
36.518,5.0,5.0,-0.587410831451416
36.528,5.0,5.0,-0.572087025642395
36.538,5.0,5.0,-0.5487989366054536
36.548,5.0,5.0,-0.5189606726169587
36.558,5.0,5.0,-0.48030758500099185
36.568,5.0,5.0,-0.44165449738502505
36.578,5.0,5.0,-0.3931345134973526
36.588,5.0,5.0,-0.34049329459667205
36.598,5.0,5.0,-0.2930582359433174
36.608,5.0,5.0,-0.24785076081752777
36.618,5.0,5.0,-0.21099855750799176
36.628,5.0,5.0,-0.18574983179569243
36.638,5.0,5.0,-0.17087508887052535
36.648,5.0,5.0,-0.16548912674188615
36.658,5.0,5.0,-0.1722349479794502
36.668,5.0,5.0,-0.1789807692170143
36.678,5.0,5.0,-0.20067045241594317
36.688,5.0,5.0,-0.23516150265932084
36.698,5.0,5.0,-0.27658272087574004
36.708,5.0,5.0,-0.3190960302948952
36.718,5.0,5.0,-0.3616093397140503
36.728,5.0,5.0,-0.4006117835640907
36.738,5.0,5.0,-0.4345641672611237
36.748,5.0,5.0,-0.46518779695034024
36.758,5.0,5.0,-0.49226580560207367
36.768,5.0,5.0,-0.5193438142538072
36.778,5.0,5.0,-0.540738970041275
36.788,5.0,5.0,-0.5562437176704407
36.798,5.0,5.0,-0.5658440053462982
36.808,5.0,5.0,-0.5694325745105744
36.818,5.0,5.0,-0.5730211436748505
36.828,5.0,5.0,-0.573399829864502
36.838,5.0,5.0,-0.5735305368900299
36.848,5.0,10.0,-0.5722781658172608
36.858,5.0,10.0,-0.567727530002594
36.868,5.0,10.0,-0.560293847322464
36.878,5.0,10.0,-0.5518883287906646
36.888,5.0,10.0,-0.5381987929344177
36.898,5.0,10.0,-0.5200775057077408
36.908,5.0,10.0,-0.5007905751466751
36.918,5.0,10.0,-0.4815036445856095
36.928,5.0,10.0,-0.4610500544309616
36.938,5.0,10.0,-0.437047603726387
36.948,5.0,10.0,-0.40951712131500245
36.958,5.0,10.0,-0.3801802724599838
36.968,5.0,10.0,-0.3537264704704285
36.978,5.0,10.0,-0.3244206175208092
36.988,5.0,10.0,-0.29842603355646136
36.998,5.0,10.0,-0.2775998190045357
37.008,5.0,10.0,-0.260368312895298
37.018,5.0,10.0,-0.24313680678606037
37.028,5.0,10.0,-0.22776557207107545
37.038,5.0,10.0,-0.21404908597469327
37.048,5.0,10.0,-0.20264501869678497
37.058,5.0,10.0,-0.1960707455873489
37.068,5.0,10.0,-0.18949647247791288
37.078,5.0,10.0,-0.18985901623964313
37.088,5.0,10.0,-0.19460339695215223
37.098,5.0,10.0,-0.19984665662050247
37.108,5.0,10.0,-0.20444992184638977
37.118,5.0,10.0,-0.20905318707227707
37.128,5.0,10.0,-0.2149279356002808
37.138,5.0,10.0,-0.22382134199142456
37.148,5.0,10.0,-0.23290846049785613
37.158,5.0,10.0,-0.23757820278406144
37.168,5.0,10.0,-0.24224794507026676
37.178,5.0,10.0,-0.24139126986265183
37.188,5.0,10.0,-0.23750503957271576
37.198,5.0,10.0,-0.2322184801101685
37.208,5.0,10.0,-0.2250327572226524
37.218,5.0,10.0,-0.2178470343351364
37.228,5.0,10.0,-0.20797238051891329
37.238,5.0,10.0,-0.195811240375042
37.248,5.0,10.0,-0.18409552425146103
37.258,5.0,10.0,-0.1745685189962387
37.268,5.0,10.0,-0.1650415137410164
37.278,5.0,10.0,-0.15723202824592591
37.288,5.0,10.0,-0.1509700283408165
37.298,5.0,10.0,-0.14633022248744965
37.308,5.0,10.0,-0.14334549754858017
37.318,5.0,10.0,-0.1403607726097107
37.328,5.0,10.0,-0.1393549144268036
37.338,5.0,10.0,-0.14007143378257753
37.348,5.0,10.0,-0.14104217886924744
37.358,5.0,10.0,-0.1397265166044235
37.368,5.0,10.0,-0.1384108543395996
37.378,5.0,10.0,-0.13153934329748154
37.388,5.0,10.0,-0.11705858334898948
37.398,5.0,10.0,-0.09762287624180317
37.408,5.0,10.0,-0.07833825387060642
37.418,5.0,10.0,-0.05905363149940968
37.428,5.0,10.0,-0.04079683907330036
37.438,5.0,10.0,-0.021321919560432435
37.448,5.0,10.0,-0.0007753677666187287
37.458,5.0,10.0,0.018779904395341877
37.468,5.0,10.0,0.03833517655730248
37.478,5.0,10.0,0.0545817531645298
37.488,5.0,10.0,0.06530609354376793
37.498,5.0,10.0,0.07195009253919124
37.508,5.0,10.0,0.07832033224403857
37.518,5.0,10.0,0.08469057194888592
37.528,5.0,10.0,0.09135525636374948
37.538,5.0,10.0,0.09472573921084403
37.548,5.0,10.0,0.09131130054593088
37.558,5.0,10.0,0.0813697239384055
37.568,5.0,10.0,0.07142814733088017
37.578,5.0,10.0,0.056857410445809366
37.588,5.0,10.0,0.03997381739318371
37.598,5.0,10.0,0.02228589989244938
37.608,5.0,10.0,0.005049284175038337
37.618,5.0,10.0,-0.012187331542372703
37.628,5.0,10.0,-0.02475820677354932
37.638,5.0,10.0,-0.027433101180940868
37.648,5.0,10.0,-0.017764719668775797
37.658,5.0,10.0,0.0021145992912352087
37.668,5.0,10.0,0.021993918251246213
37.678,5.0,10.0,0.048630062770098445
37.688,5.0,10.0,0.07957790000364184
37.698,5.0,10.0,0.11327095283195376
37.708,5.0,10.0,0.14892354188486934
37.718,5.0,10.0,0.18457613093778488
37.728,5.0,10.0,0.2195878241211176
37.738,5.0,10.0,0.24984021559357644
37.748,5.0,10.0,0.2726228550076485
37.758,5.0,10.0,0.28781663477420805
37.768,5.0,10.0,0.30301041454076766
37.778,5.0,10.0,0.31159466952085496
37.788,5.0,10.0,0.3135084003210068
37.798,5.0,10.0,0.3083298236131668
37.808,5.0,10.0,0.2968674346804619
37.818,5.0,10.0,0.28540504574775694
37.828,5.0,10.0,0.2698342487215996
37.838,5.0,10.0,0.25327550172805785
37.848,5.0,10.0,0.237658166885376
37.858,5.0,10.0,0.2226702332496643
37.868,5.0,10.0,0.20768229961395265
37.878,5.0,10.0,0.19386452436447144
37.888,5.0,10.0,0.1820759236812592
37.898,5.0,10.0,0.17064973786473275
37.908,5.0,10.0,0.15841065347194672
37.918,5.0,10.0,0.14574896767735482
37.928,5.0,10.0,0.1336876407265663
37.938,5.0,10.0,0.12332116588950157
37.948,5.0,10.0,0.11606255397200584
37.958,5.0,10.0,0.11257966682314872
37.968,5.0,10.0,0.1090967796742916
37.978,5.0,10.0,0.1106054238975048
37.988,5.0,10.0,0.12014284804463386
37.998,5.0,10.0,0.1385742634534836
38.008,5.0,10.0,0.162914427369833
38.018,5.0,10.0,0.18767719268798827
38.028,5.0,10.0,0.21443759873509408
38.038,5.0,10.0,0.23917043954133987
38.048,5.0,10.0,0.25818044394254686
38.058,5.0,10.0,0.272317411005497
38.068,5.0,10.0,0.2864543780684471
38.078,5.0,10.0,0.2966837033629417
38.088,5.0,10.0,0.3005122184753418
38.098,5.0,10.0,0.2971712052822113
38.108,5.0,10.0,0.2886498510837555
38.118,5.0,10.0,0.28012849688529967
38.128,5.0,10.0,0.2678432270884514
38.138,5.0,10.0,0.25456268787384034
38.148,5.0,10.0,0.2439033329486847
38.158,5.0,10.0,0.23566047996282577
38.168,5.0,10.0,0.22741762697696685
38.178,5.0,10.0,0.21871158480644223
38.188,5.0,10.0,0.21027495414018632
38.198,5.0,10.0,0.20585243403911593
38.208,5.0,10.0,0.20506494641304016
38.218,5.0,10.0,0.2042774587869644
38.228,5.0,10.0,0.20331436693668364
38.238,5.0,10.0,0.20235049724578855
38.248,5.0,10.0,0.2048239350318909
38.258,5.0,10.0,0.2111970379948616
38.268,5.0,10.0,0.21757014095783236
38.278,5.0,10.0,0.22560785114765167
38.288,5.0,10.0,0.23312555104494093
38.298,5.0,10.0,0.2393178880214691
38.308,5.0,10.0,0.24571297466754916
38.318,5.0,10.0,0.2521080613136292
38.328,5.0,10.0,0.25973270982503893
38.338,5.0,10.0,0.26623168885707854
38.348,5.0,10.0,0.2681633532047272
38.358,5.0,10.0,0.26417180597782136
38.368,5.0,10.0,0.26018025875091555
38.378,5.0,10.0,0.2510963439941406
38.388,5.0,10.0,0.23699934333562847
38.398,5.0,10.0,0.21586482748389244
38.408,5.0,10.0,0.18711061757057904
38.418,5.0,10.0,0.15835640765726566
38.428,5.0,10.0,0.1233926434069872
38.438,5.0,10.0,0.0820197869092226
38.448,5.0,10.0,0.03392325975000858
38.458,5.0,10.0,-0.017833736166357993
38.468,5.0,10.0,-0.06959073208272457
38.478,5.0,10.0,-0.12137481234967708
38.488,5.0,10.0,-0.17152770571410655
38.498,5.0,10.0,-0.21866949684917927
38.508,5.0,10.0,-0.2621889168396592
38.518,5.0,10.0,-0.3086766630411148
38.528,5.0,10.0,-0.3482425376772881
38.538,5.0,10.0,-0.38229979723691937
38.548,5.0,10.0,-0.4104028761386872
38.558,1.0,1.0,-0.43450084924697874
38.568,1.0,1.0,-0.4585988223552704
38.578,1.0,1.0,-0.4806150019168854
38.588,1.0,1.0,-0.5005951672792435
38.598,1.0,1.0,-0.5184874266386033
38.608,1.0,1.0,-0.5357264190912248
38.618,1.0,1.0,-0.5499970853328705
38.628,1.0,1.0,-0.5684491008520126
38.638,1.0,1.0,-0.5892494976520538
38.648,1.0,1.0,-0.6117371678352356
38.658,1.0,1.0,-0.6337928652763367
38.668,1.0,1.0,-0.6558485627174377
38.678,1.0,1.0,-0.6760373950004578
38.688,1.0,1.0,-0.6945110380649566
38.698,1.0,1.0,-0.7110444486141205
38.708,1.0,1.0,-0.7234047710895538
38.718,1.0,1.0,-0.7357650935649872
38.728,1.0,1.0,-0.7421026289463043
38.738,1.0,1.0,-0.7434384822845459
38.748,1.0,1.0,-0.7422498941421509
38.758,1.0,1.0,-0.7399292647838592
38.768,1.0,1.0,-0.7376086354255676
38.778,1.0,1.0,-0.7344144105911254
38.788,1.0,1.0,-0.730395656824112
38.798,1.0,1.0,-0.7259097814559936
38.808,1.0,1.0,-0.7220473647117615
38.819,1.0,1.0,-0.7181849479675293
38.829,1.0,1.0,-0.7151073455810547
38.839,1.0,1.0,-0.7116227984428406
38.849,1.0,1.0,-0.708550614118576
38.859,1.0,1.0,-0.7085219740867614
38.869,1.0,1.0,-0.7084933340549469
38.879,1.0,1.0,-0.7123912930488585
38.889,1.0,1.0,-0.7196235239505768
38.899,1.0,1.0,-0.7291657030582429
38.909,1.0,1.0,-0.7402272284030914
38.919,1.0,1.0,-0.75128875374794
38.929,1.0,1.0,-0.7648994326591492
38.939,1.0,1.0,-0.7813821792602538
38.949,1.0,1.0,-0.79745255112648
38.959,1.0,1.0,-0.8101305544376373
38.969,1.0,1.0,-0.8228085577487946
38.979,1.0,1.0,-0.8324885129928589
38.989,1.0,1.0,-0.8396585822105408
38.999,1.0,1.0,-0.8441951036453248
39.009,1.0,1.0,-0.8467246890068054
39.019,1.0,1.0,-0.8477289974689484
39.029,1.0,1.0,-0.8472407758235931
39.039,1.0,1.0,-0.8421758115291595
39.049,1.0,1.0,-0.8340103030204773
39.059,1.0,1.0,-0.8248797714710235
39.069,1.0,1.0,-0.8157492399215699
39.079,1.0,1.0,-0.8047671675682068
39.089,1.0,1.0,-0.7900928378105163
39.099,1.0,1.0,-0.771750271320343
39.109,1.0,1.0,-0.7499777734279632
39.119,1.0,1.0,-0.7297305524349212
39.129,1.0,1.0,-0.7052016496658324
39.139,1.0,1.0,-0.6805027961730957
39.149,1.0,1.0,-0.6573306560516358
39.159,1.0,1.0,-0.6347586274147033
39.169,1.0,1.0,-0.612186598777771
39.179,1.0,1.0,-0.5894902229309082
39.189,1.0,1.0,-0.5683713674545288
39.199,1.0,1.0,-0.5506885945796968
39.209,1.0,1.0,-0.5369597256183625
39.219,1.0,1.0,-0.5232308566570282
39.229,1.0,1.0,-0.5141961455345153
39.239,1.0,1.0,-0.5106074392795563
39.249,1.0,1.0,-0.5132466733455657
39.259,1.0,1.0,-0.5235024213790893
39.269,1.0,1.0,-0.5337581694126129
39.279,1.0,1.0,-0.551967853307724
39.289,1.0,1.0,-0.5763941943645478
39.299,1.0,1.0,-0.6045978307723999
39.309,1.0,1.0,-0.6354747295379639
39.319,1.0,1.0,-0.6663516283035278
39.329,1.0,1.0,-0.6990672469139099
39.339,1.0,1.0,-0.7306594491004944
39.349,1.0,1.0,-0.7575303494930269
39.359,1.0,1.0,-0.77827051281929
39.369,1.0,1.0,-0.7990106761455534
39.379,1.0,1.0,-0.8141662418842317
39.389,1.0,1.0,-0.8242969810962677
39.399,1.0,1.0,-0.8302844107151031
39.409,1.0,1.0,-0.8333410799503328
39.419,1.0,1.0,-0.8363977491855621
39.429,1.0,1.0,-0.8369936108589171
39.439,1.0,1.0,-0.8359691202640532
39.449,1.0,1.0,-0.834147435426712
39.459,1.0,1.0,-0.8312495529651641
39.469,1.0,1.0,-0.8274828493595123
39.479,1.0,1.0,-0.8230418384075164
39.489,1.0,1.0,-0.8166075587272643
39.499,1.0,1.0,-0.8068497121334077
39.509,1.0,1.0,-0.7921514272689819
39.519,1.0,1.0,-0.7717835366725921
39.529,1.0,1.0,-0.751625257730484
39.539,1.0,1.0,-0.7253859400749206
39.549,1.0,1.0,-0.6912333607673645
39.559,1.0,1.0,-0.6487606793642045
39.569,1.0,1.0,-0.6005448430776597
39.579,1.0,1.0,-0.5523290067911149
39.589,1.0,1.0,-0.4999044507741928
39.599,1.0,1.0,-0.4415939897298813
39.609,1.0,1.0,-0.3757351281121373
39.619,1.0,1.0,-0.3034044044092298
39.629,1.0,1.0,-0.2310736807063222
39.639,1.0,1.0,-0.15497024375945329
39.649,1.0,1.0,-0.07684173602610826
39.659,1.0,1.0,0.0025802163407206537
39.669,1.0,1.0,0.07539019268006086
39.679,1.0,1.0,0.15407881122082473
39.689,1.0,1.0,0.22797880452126265
39.699,1.0,1.0,0.29333060663193466
39.709,1.0,1.0,0.3487180292606354
39.719,1.0,1.0,0.3919639840722084
39.729,1.0,1.0,0.4392487972974777
39.739,1.0,1.0,0.4815132409334183
39.749,1.0,1.0,0.5180425524711609
39.759,1.0,1.0,0.5462848782539368
39.769,1.0,1.0,0.5745272040367128
39.779,1.0,1.0,0.5974895507097244
39.789,1.0,1.0,0.6198019027709961
39.799,1.0,1.0,0.6402004718780516
39.809,1.0,1.0,0.6552106022834777
39.819,1.0,1.0,0.6702207326889038
39.829,1.0,1.0,0.6787979066371918
39.839,1.0,1.0,0.6812080383300781
39.849,1.0,1.0,0.6795722067356109
39.859,1.0,1.0,0.6772170126438141
39.869,1.0,1.0,0.6748618185520172
39.88,1.0,1.0,0.6712053179740906
39.889,1.0,1.0,0.6648563146591187
39.899,1.0,1.0,0.6596303462982177
39.909,1.0,1.0,0.660165011882782
39.919,1.0,1.0,0.6606996774673461
39.929,1.0,1.0,0.6659808993339539
39.939,1.0,1.0,0.6712456345558168
39.949,1.0,1.0,0.6727188467979432
39.959,1.0,1.0,0.6699131488800049
39.969,1.0,1.0,0.6671074509620667
39.979,1.0,1.0,0.6630314469337464
39.989,1.0,1.0,0.6600756645202637
39.999,1.0,1.0,0.6577091813087464
40.009,1.0,1.0,0.6552679061889648
40.019,1.0,1.0,0.6528266310691834
40.029,1.0,1.0,0.6524926245212554
40.039,1.0,1.0,0.6573468148708344
40.049,1.0,1.0,0.6677218019962311
40.059,1.0,1.0,0.6814870417118073
40.069,1.0,1.0,0.6950590670108795
40.079,1.0,1.0,0.7106040418148041
40.089,1.0,1.0,0.728512328863144
40.099,1.0,1.0,0.7482778429985046
40.109,1.0,1.0,0.766800457239151
40.119,1.0,1.0,0.7860055923461914
40.129,1.0,1.0,0.8007510006427765
40.139,1.0,1.0,0.811732017993927
40.149,1.0,1.0,0.8193436563014984
40.159,1.0,1.0,0.8239206194877624
40.169,1.0,1.0,0.8268966913223267
40.179,1.0,1.0,0.8298727631568908
40.189,1.0,1.0,0.8310870945453643
40.199,1.0,1.0,0.8291351795196533
40.209,1.0,1.0,0.8234725117683409
40.219,1.0,1.0,0.8140420377254486
40.229,1.0,1.0,0.8046115636825562
40.239,1.0,1.0,0.792051589488983
40.249,1.0,1.0,0.779384833574295
40.259,1.0,1.0,0.768876314163208
40.269,1.0,1.0,0.7601619005203246
40.279,1.0,1.0,0.748796421289444
40.289,1.0,1.0,0.7331163763999939
40.299,1.0,1.0,0.7148025333881377
40.309,1.0,1.0,0.6984645605087281
40.319,1.0,1.0,0.6863178133964538
40.329,1.0,1.0,0.6741710662841797
40.339,1.0,1.0,0.6643309593200684
40.349,1.0,1.0,0.6543317377567291
40.359,1.0,1.0,0.6448041737079621
40.369,1.0,1.0,0.635276609659195
40.379,1.0,1.0,0.628834068775177
40.389,1.0,1.0,0.6262485325336457
40.399,1.0,1.0,0.6254078090190888
40.409,1.0,1.0,0.6245261371135712
40.419,1.0,1.0,0.6225385248661042
40.429,1.0,1.0,0.6221105754375458
40.439,1.0,1.0,0.6233013451099396
40.449,1.0,1.0,0.6251241326332092
40.459,1.0,1.0,0.6249253809452057
40.469,1.0,1.0,0.6247266292572021
40.479,1.0,1.0,0.6222233057022095
40.489,1.0,1.0,0.6191620230674744
40.499,1.0,1.0,0.6160856544971466
40.509,1.0,1.0,0.6119615316390992
40.519,1.0,1.0,0.6078374087810516
40.529,1.0,1.0,0.6025336802005768
40.539,1.0,1.0,0.596682894229889
40.549,1.0,1.0,0.590009480714798
40.559,1.0,1.0,0.5826158285140991
40.569,1.0,1.0,0.5752221763134001
40.579,1.0,1.0,0.567659717798233
40.589,1.0,1.0,0.559832763671875
40.599,1.0,1.0,0.5516071081161499
40.609,1.0,1.0,0.5434667587280273
40.619,1.0,1.0,0.5353264093399048
40.629,1.0,1.0,0.5279069662094116
40.639,1.0,1.0,0.5230567753314972
40.649,1.0,1.0,0.5241724073886871
40.659,1.0,1.0,0.532785975933075
40.669,1.0,1.0,0.5413995444774627
40.679,1.0,1.0,0.5565810561180115
40.689,1.0,1.0,0.577424955368042
40.699,1.0,1.0,0.6025612473487854
40.709,1.0,1.0,0.6299934983253479
40.719,1.0,1.0,0.6574257493019104
40.729,1.0,1.0,0.6852670907974243
40.739,1.0,1.0,0.7104560375213623
40.749,1.0,1.0,0.7304736375808717
40.759,1.0,1.0,0.7448975443840027
40.769,1.0,1.0,0.7593214511871339
40.779,1.0,1.0,0.7665756821632386
40.789,1.0,1.0,0.7648936629295348
40.799,1.0,1.0,0.7564280629158019
40.809,1.0,1.0,0.744665640592575
40.819,1.0,1.0,0.7329032182693481
40.829,1.0,1.0,0.7188685894012451
40.839,1.0,1.0,0.702658474445343
40.849,1.0,1.0,0.6844656467437744
40.859,1.0,1.0,0.6645394027233124
40.869,1.0,1.0,0.6446131587028503
40.879,1.0,1.0,0.6248386383056641
40.889,1.0,1.0,0.6046362936496734
40.899,1.0,1.0,0.578262883424759
40.909,1.0,1.0,0.5423047631978989
40.919,1.0,1.0,0.5063466429710388
40.929,1.0,1.0,0.4624650806188583
40.939,1.0,1.0,0.41376251876354225
40.949,1.0,1.0,0.3611151620745659
40.959,1.0,1.0,0.3056141429580748
40.969,1.0,1.0,0.25011312384158374
40.979,1.0,1.0,0.19810724686831235
40.989,1.0,1.0,0.15460668560117485
40.999,1.0,1.0,0.1187499238178134
41.009,1.0,1.0,0.0871138060465455
41.019,1.0,1.0,0.05547768827527762
41.029,1.0,1.0,0.02567995321005583
41.039,1.0,1.0,-0.0017152609303593637
41.049,1.0,1.0,-0.02445727903395891
41.059,1.0,1.0,-0.04463112307712436
41.069,1.0,1.0,-0.0648049671202898
41.079,1.0,1.0,-0.09037760496139528
41.089,1.0,1.0,-0.1211945317685604
41.099,1.0,1.0,-0.1472531020641327
41.109,1.0,1.0,-0.1635011475533247
41.119,1.0,1.0,-0.17974919304251671
41.129,1.0,1.0,-0.18957379460334775
41.139,1.0,1.0,-0.19900010526180267
41.149,1.0,1.0,-0.21133492439985277
41.159,1.0,1.0,-0.22458044588565823
41.169,1.0,1.0,-0.23782596737146375
41.179,1.0,1.0,-0.2483341947197914
41.189,1.0,1.0,-0.25720870047807687
41.199,1.0,1.0,-0.26829954236745834
41.209,1.0,1.0,-0.28139358311891555
41.219,1.0,1.0,-0.29448762387037275
41.229,1.0,1.0,-0.30534043461084365
41.239,1.0,1.0,-0.3097918599843979
41.249,1.0,1.0,-0.3068836510181427
41.259,1.0,1.0,-0.3000795125961304
41.269,1.0,1.0,-0.29327537417411803
41.279,1.0,1.0,-0.2879906803369522
41.289,1.0,1.0,-0.2868848592042923
41.299,1.0,1.0,-0.2886740535497665
41.309,1.0,1.0,-0.2924454689025879
41.319,1.0,1.0,-0.29621688425540926
41.329,1.0,1.0,-0.3038088768720627
41.339,1.0,1.0,-0.31648110449314115
41.349,1.0,1.0,-0.3313332796096802
41.359,1.0,1.0,-0.3439777821302414
41.369,1.0,1.0,-0.35662228465080253
41.379,1.0,1.0,-0.3657080173492432
41.389,1.0,1.0,-0.37315553724765776
41.399,1.0,1.0,-0.3818792283535004
41.409,1.0,1.0,-0.3916402697563172
41.419,1.0,1.0,-0.4014013111591339
41.429,1.0,1.0,-0.4102948725223541
41.439,1.0,1.0,-0.41943075954914094
41.449,1.0,1.0,-0.4294211179018021
41.459,1.0,1.0,-0.43688384890556337
41.469,1.0,1.0,-0.44434657990932463
41.479,1.0,1.0,-0.4468297749757767
41.489,1.0,1.0,-0.44416830539703367
41.499,1.0,1.0,-0.4352650463581085
41.509,1.0,1.0,-0.4209018409252167
41.519,1.0,1.0,-0.4065386354923248
41.529,1.0,1.0,-0.3894274175167084
41.539,1.0,1.0,-0.3702886313199997
41.549,1.0,1.0,-0.35067946314811704
41.559,1.0,1.0,-0.33504432141780854
41.569,1.0,1.0,-0.3194091796875
41.579,1.0,1.0,-0.30903332531452177
41.589,1.0,1.0,-0.30100629329681394
41.599,1.0,1.0,-0.29532293379306795
41.609,1.0,1.0,-0.2941865921020508
41.619,1.0,1.0,-0.2930502504110336
41.629,1.0,1.0,-0.29436857998371124
41.639,1.0,1.0,-0.295156392455101
41.649,1.0,1.0,-0.2969653278589249
41.659,1.0,1.0,-0.3015298843383789
41.669,1.0,1.0,-0.30609444081783294
41.679,1.0,1.0,-0.3128413587808609
41.689,1.0,1.0,-0.32124951779842376
41.699,1.0,1.0,-0.33009816110134127
41.709,1.0,1.0,-0.33825950026512147
41.719,1.0,1.0,-0.3464208394289017
41.729,1.0,1.0,-0.3551050305366516
41.739,1.0,1.0,-0.364685383439064
41.749,1.0,1.0,-0.37274058163166046
41.759,1.0,1.0,-0.37705426216125487
41.769,1.0,1.0,-0.3813679426908493
41.779,1.0,1.0,-0.3826577037572861
41.789,1.0,1.0,-0.3838770657777786
41.799,1.0,1.0,-0.386748743057251
41.809,1.0,1.0,-0.39006503820419314
41.819,1.0,1.0,-0.3933813333511352
41.829,1.0,1.0,-0.394513675570488
41.839,1.0,1.0,-0.3945947408676148
41.849,1.0,1.0,-0.3977993369102478
41.859,1.0,1.0,-0.4042400568723679
41.869,1.0,1.0,-0.4086760193109512
41.879,1.0,1.0,-0.4140573263168335
41.889,1.0,1.0,-0.41426060199737547
41.899,1.0,1.0,-0.40843734741210935
41.909,1.0,1.0,-0.3985190361738205
41.919,1.0,1.0,-0.3861118912696838
41.929,1.0,1.0,-0.37452355325222014
41.939,1.0,1.0,-0.3604887455701828
41.949,1.0,1.0,-0.342268967628479
41.959,1.0,1.0,-0.3229753255844116
41.969,1.0,1.0,-0.305241534113884
41.979,1.0,1.0,-0.2875077426433563
41.989,1.0,1.0,-0.26835733354091645
41.999,1.0,1.0,-0.24426987171173092
42.009,1.0,1.0,-0.2161188330501318
42.019,1.0,1.0,-0.18732170518487687
42.029,1.0,1.0,-0.15852457731962205
42.039,1.0,1.0,-0.13100497387349605
42.049,1.0,1.0,-0.10395579524338246
42.059,1.0,1.0,-0.07426494620740413
42.069,1.0,1.0,-0.0408639419823885
42.079,1.0,1.0,-0.007462937757372856
42.089,1.0,1.0,0.024101128056645396
42.099,1.0,1.0,0.04735798127949238
42.109,1.0,1.0,0.06149010807275772
42.119,1.0,1.0,0.07248731199651955
42.129,1.0,1.0,0.07946570105850696
42.139,1.0,1.0,0.08160696290433406
42.149,1.0,1.0,0.08169666789472102
42.159,1.0,1.0,0.08001909349113702
42.169,1.0,1.0,0.07418645694851875
42.179,1.0,1.0,0.06855602487921715
42.189,1.0,1.0,0.05981146134436131
42.199,1.0,1.0,0.05158665217459202
42.209,1.0,1.0,0.04605673253536224
42.219,1.0,1.0,0.04052681289613247
42.229,1.0,1.0,0.038681666180491445
42.239,1.0,1.0,0.040447025746107104
42.249,1.0,1.0,0.04497999101877213
42.259,1.0,1.0,0.05263595078140497
42.269,1.0,1.0,0.06029191054403782
42.279,1.0,1.0,0.07157418541610241
42.289,1.0,1.0,0.08525047302246094
42.299,1.0,1.0,0.1003149062395096
42.309,1.0,1.0,0.11685981936752796
42.319,1.0,1.0,0.13340473249554635
42.329,1.0,1.0,0.15026310756802558
42.339,1.0,1.0,0.1655831068754196
42.349,1.0,1.0,0.17777626663446428
42.359,1.0,1.0,0.1860908478498459
42.369,1.0,1.0,0.1944054290652275
42.379,1.0,1.0,0.1997995361685753
42.389,1.0,1.0,0.20225077420473095
42.399,1.0,1.0,0.1980675861239433
42.409,1.0,1.0,0.1840178310871124
42.419,1.0,1.0,0.16996807605028152
42.429,1.0,1.0,0.14851306416094304
42.439,1.0,1.0,0.12460017260164022
42.449,1.0,1.0,0.09980363454669712
42.459,1.0,1.0,0.07265814673155546
42.469,1.0,1.0,0.045512658916413776
42.479,1.0,1.0,0.01617093663662672
42.489,1.0,1.0,-0.012270698137581347
42.499,1.0,1.0,-0.0355049641802907
42.509,1.0,1.0,-0.04970884118229151
42.519,1.0,1.0,-0.06391271818429231
42.529,1.0,1.0,-0.06908558141440153
42.539,1.0,1.0,-0.06894713137298822
42.549,1.0,1.0,-0.06548916678875685
42.559,1.0,1.0,-0.058474300988018514
42.569,1.0,1.0,-0.051459435187280175
42.579,1.0,1.0,-0.04183133654296398
42.589,1.0,1.0,-0.031157110072672366
42.599,1.0,1.0,-0.019828778691589832
42.609,1.0,1.0,-0.0075982661917805665
42.619,1.0,1.0,0.004632246308028698
42.629,1.0,1.0,0.017920156382024287
42.639,1.0,1.0,0.03293455168604851
42.649,1.0,1.0,0.050288395211100574
42.659,1.0,1.0,0.06923974826931953
42.669,1.0,1.0,0.08819110132753849
42.679,1.0,1.0,0.10679013002663852
42.689,1.0,1.0,0.12370179146528244
42.699,1.0,1.0,0.13867319449782373
42.709,1.0,1.0,0.15175809860229492
42.719,1.0,1.0,0.16626965180039405
42.729,1.0,1.0,0.17811863049864768
42.739,1.0,1.0,0.1888219490647316
42.749,1.0,1.0,0.19771907329559327
42.759,1.0,1.0,0.2054089426994324
42.769,1.0,1.0,0.21309881210327147
42.779,1.0,1.0,0.22081592082977292
42.789,1.0,1.0,0.22911969423294068
42.799,1.0,1.0,0.23811722248792647
42.809,1.0,1.0,0.24739913195371627
42.819,1.0,1.0,0.2552543923258781
42.829,1.0,1.0,0.2640594944357872
42.839,1.0,1.0,0.2723236992955208
42.849,1.0,1.0,0.282099238038063
42.859,1.0,1.0,0.29635405391454694
42.869,1.0,1.0,0.31060886979103086
42.879,1.0,1.0,0.3299536734819412
42.889,1.0,1.0,0.35177663564682005
42.899,1.0,1.0,0.3733480632305145
42.909,1.0,1.0,0.3947596371173858
42.919,1.0,1.0,0.4161712110042572
42.929,1.0,1.0,0.4381234288215637
42.939,1.0,1.0,0.4597913414239884
42.949,1.0,1.0,0.4796705454587936
42.959,1.0,1.0,0.4957784414291382
42.969,1.0,1.0,0.5118863373994827
42.979,1.0,1.0,0.5237122088670729
42.989,1.0,1.0,0.5338754177093505
42.999,1.0,1.0,0.5447241008281708
43.009,1.0,1.0,0.5564149796962738
43.019,1.0,1.0,0.5681058585643768
43.029,1.0,1.0,0.5819811582565307
43.039,1.0,1.0,0.6004399716854095
43.049,1.0,1.0,0.6229383289813996
43.059,1.0,1.0,0.647154712677002
43.069,1.0,1.0,0.6737733364105225
43.079,1.0,1.0,0.6985840380191803
43.089,1.0,1.0,0.7242269515991211
43.099,1.0,1.0,0.7520110845565795
43.109,1.0,1.0,0.782812988758087
43.119,1.0,1.0,0.8194513022899628
43.129,1.0,1.0,0.852414709329605
43.139,1.0,1.0,0.8796763896942139
43.149,1.0,1.0,0.8865271508693694
43.159,1.0,1.0,0.8706027269363403
43.169,1.0,1.0,0.8429482519626618
43.179,1.0,1.0,0.8152937769889832
43.189,1.0,1.0,0.7806033372879028
43.199,1.0,1.0,0.7365120589733123
43.209,1.0,1.0,0.6901861548423767
43.219,1.0,1.0,0.6523544251918793
43.229,1.0,1.0,0.6145226955413817
43.239,1.0,1.0,0.5796746790409089
43.249,1.0,1.0,0.5486575663089752
43.259,1.0,1.0,0.5350997596979141
43.269,1.0,1.0,0.5347318679094315
43.279,1.0,1.0,0.5343639761209488
43.289,1.0,1.0,0.5321409195661545
43.299,1.0,1.0,0.5253867715597152
43.309,1.0,1.0,0.5112073391675949
43.319,1.0,1.0,0.4809990108013153
43.329,1.0,1.0,0.4507906824350357
43.339,1.0,1.0,0.4147271811962128
43.349,1.0,1.0,0.3853066250681877
43.359,1.0,1.0,0.354003469645977
43.369,1.0,1.0,0.31883821040391924
43.379,1.0,1.0,0.2812035739421844
43.389,1.0,1.0,0.24814907014369963
43.399,1.0,1.0,0.21933579891920088
43.409,1.0,1.0,0.1732277199625969
43.419,1.0,1.0,0.12881795316934586
43.429,1.0,1.0,0.06769980937242508
43.439,1.0,1.0,0.026862493157386775
43.449,1.0,1.0,0.008411157131195068
43.459,1.0,1.0,-0.010411294549703598
43.469,1.0,1.0,-0.029233746230602264
43.479,1.0,1.0,-0.047794687747955325
43.489,1.0,1.0,-0.06057460997253657
43.499,1.0,1.0,-0.06255666632205248
43.509,1.0,1.0,-0.0385459491983056
43.519,1.0,1.0,-0.014535232074558736
43.529,1.0,1.0,0.02862714659422636
43.539,1.0,1.0,0.05828117560595274
43.549,1.0,1.0,0.07510269563645125
43.559,1.0,1.0,0.09972239937633277
43.569,1.0,1.0,0.12434210311621428
43.581,1.0,1.0,0.15294655691832304
43.591,1.0,1.0,0.17874567434191704
43.601,1.0,1.0,0.20104895234107967
43.611,1.0,1.0,0.2197987623512745
43.621,1.0,1.0,0.23854857236146929
43.631,1.0,1.0,0.25107875615358355
43.641,1.0,1.0,0.2500052899122238
43.651,1.0,1.0,0.23657276332378388
43.661,1.0,1.0,0.22319643869996073
43.671,1.0,1.0,0.20982011407613757
43.681,1.0,1.0,0.1926317974925041
43.691,1.0,1.0,0.13327517956495286
43.701,1.0,1.0,0.03839665204286576
43.711,1.0,1.0,-0.022022373974323276
43.721,1.0,1.0,-0.0824413999915123
43.731,1.0,1.0,-0.09346154034137724
43.741,1.0,1.0,-0.08728795051574707
43.751,1.0,1.0,-0.08012285828590393
43.761,1.0,1.0,-0.08219781592488289
43.771,1.0,1.0,-0.08427277356386184
43.781,1.0,1.0,-0.08887649476528166
43.791,1.0,1.0,-0.0584134628996253
43.801,1.0,1.0,-0.00023543741554021835
43.811,1.0,1.0,0.018575232662260528
43.821,1.0,1.0,0.03738590274006128
43.831,1.0,1.0,0.008738277293741702
43.841,1.0,1.0,-0.0276317423209548
43.851,1.0,1.0,-0.05758825745433569
43.861,1.0,1.0,-0.08272138144820929
43.871,1.0,1.0,-0.10785450544208287
43.881,1.0,1.0,-0.1280750935897231
43.891,1.0,1.0,-0.13853152990341186
43.901,1.0,1.0,-0.13648870699107646
43.911,1.0,1.0,-0.12527811657637358
43.921,1.0,1.0,-0.11406752616167068
43.931,1.0,1.0,-0.09803181961178781
43.941,1.0,1.0,-0.08029355574399234
43.951,1.0,1.0,-0.0639367843978107
43.961,1.0,1.0,-0.050112882163375616
43.971,1.0,1.0,-0.036288979928940535
43.981,1.0,1.0,-0.027297304850071667
43.991,1.0,1.0,-0.026808218192309143
44.001,1.0,1.0,-0.03330521574243903
44.011,1.0,1.0,-0.04330716179683805
44.021,1.0,1.0,-0.053309107851237054
44.031,1.0,1.0,-0.06645485339686275
44.041,1.0,1.0,-0.08163303891196846
44.051,1.0,1.0,-0.09610778167843817
44.061,1.0,1.0,-0.10936240889132023
44.071,1.0,1.0,-0.12261703610420228
44.081,1.0,1.0,-0.13518538922071455
44.091,1.0,1.0,-0.14868089333176612
44.101,1.0,1.0,-0.16434379890561104
44.111,1.0,1.0,-0.1781551346182823
44.121,1.0,1.0,-0.1919664703309536
44.131,1.0,1.0,-0.20038082078099248
44.141,1.0,1.0,-0.2039293184876442
44.151,1.0,1.0,-0.20301887691020964
44.161,1.0,1.0,-0.19709170013666152
44.171,1.0,1.0,-0.1911645233631134
44.181,1.0,1.0,-0.17890177816152572
44.191,1.0,1.0,-0.15781415328383447
44.201,1.0,1.0,-0.12903647171333432
44.211,1.0,1.0,-0.09820647472515702
44.221,1.0,1.0,-0.06264317417517304
44.231,1.0,1.0,-0.03232242399826646
44.241,1.0,1.0,-0.0018679075874388216
44.251,1.0,1.0,0.03030365323647857
44.261,1.0,1.0,0.06678151255473494
44.271,1.0,1.0,0.11084495997056364
44.281,1.0,1.0,0.15237012868747116
44.291,1.0,1.0,0.1961202456615865
44.301,1.0,1.0,0.23794062696397303
44.311,1.0,1.0,0.27532034665346145
44.321,1.0,1.0,0.3085287481546402
44.331,1.0,1.0,0.34173714965581886
44.341,1.0,1.0,0.3723162844777107
44.351,1.0,1.0,0.3985302060842514
44.361,1.0,1.0,0.4146017760038376
44.371,1.0,1.0,0.4150462567806244
44.381,1.0,1.0,0.4154907375574112
44.391,1.0,1.0,0.39822858273983
44.401,1.0,1.0,0.3646146073937416
44.411,1.0,1.0,0.3176328517496586
44.421,1.0,1.0,0.27008911073207853
44.431,1.0,1.0,0.2122705712914467
44.441,1.0,1.0,0.144919915497303
44.451,1.0,1.0,0.06980998665094376
44.461,1.0,1.0,-0.008638201653957366
44.471,1.0,1.0,-0.07904488891363144
44.481,1.0,1.0,-0.1529539182782173
44.491,1.0,1.0,-0.2134815827012062
44.501,1.0,1.0,-0.25398352146148684
44.511,1.0,1.0,-0.27231157943606377
44.521,1.0,1.0,-0.2906396374106407
44.531,1.0,1.0,-0.2908939301967621
44.541,1.0,1.0,-0.2766978099942207
44.551,1.0,1.0,-0.24658856950700284
44.561,1.0,1.0,-0.1983445908874273
44.571,1.0,1.0,-0.15010061226785182
44.581,1.0,1.0,-0.08886325918138027
44.591,1.0,1.0,-0.03175837062299251
44.601,1.0,1.0,-0.0016693055629730224
44.611,1.0,1.0,-0.005606517195701599
44.621,1.0,1.0,-0.009543728828430176
44.631,1.0,1.0,-0.027728903293609615
44.641,1.0,1.0,-0.045226983726024635
44.651,1.0,1.0,-0.06623522527515888
44.661,1.0,1.0,-0.09956242330372332
44.671,1.0,1.0,-0.1328896213322878
44.681,1.0,1.0,-0.18009032793343066
44.691,1.0,1.0,-0.22673071809113027
44.701,1.0,1.0,-0.2529718771576881
44.711,1.0,1.0,-0.2554775163531303
44.721,1.0,1.0,-0.25798315554857254
44.731,1.0,1.0,-0.2544745221734047
44.741,1.0,1.0,-0.2571346119046211
44.751,1.0,1.0,-0.26358773112297057
44.761,1.0,1.0,-0.2678161025047302
44.771,1.0,1.0,-0.2720444738864899
44.781,1.0,1.0,-0.26919068992137907
44.791,1.0,1.0,-0.26013481318950654
44.801,1.0,1.0,-0.24652081727981567
44.811,1.0,1.0,-0.22891574651002883
44.821,1.0,1.0,-0.211310675740242
44.831,1.0,1.0,-0.195183826982975
44.841,1.0,1.0,-0.18633794933557513
44.851,1.0,1.0,-0.18567555099725724
44.861,1.0,1.0,-0.19351363629102708
44.871,1.0,1.0,-0.20209829360246656
44.881,1.0,1.0,-0.21338263005018235
44.891,1.0,1.0,-0.21866691857576367
44.901,1.0,1.0,-0.21384305059909817
44.911,1.0,1.0,-0.20080086383968596
44.921,1.0,1.0,-0.18775867708027363
44.931,1.0,1.0,-0.16683326624333858
44.941,1.0,1.0,-0.13721591793000698
44.951,1.0,1.0,-0.10159826837480068
44.961,1.0,1.0,-0.06088959686458111
44.971,1.0,1.0,-0.019434353336691856
44.981,1.0,1.0,0.021832776442170142
44.991,1.0,1.0,0.05411799810826778
45.001,1.0,1.0,0.07288076691329479
45.011,1.0,1.0,0.08049027379602193
45.021,1.0,1.0,0.08809978067874909
45.031,1.0,1.0,0.0894431434571743
45.041,1.0,1.0,0.08948157876729965
45.051,1.0,1.0,0.0935734286904335
45.061,1.0,1.0,0.10355272740125657
45.071,1.0,1.0,0.11353202611207962
45.081,1.0,1.0,0.1260063484311104
45.091,1.0,1.0,0.13718656823039055
45.101,1.0,1.0,0.14632393047213554
45.111,1.0,1.0,0.15458501800894736
45.121,1.0,1.0,0.1628461055457592
45.131,1.0,1.0,0.17076554372906683
45.141,1.0,1.0,0.17683465480804444
45.151,1.0,1.0,0.17978621423244476
45.161,1.0,1.0,0.180725471675396
45.171,1.0,1.0,0.1816647291183472
45.181,1.0,1.0,0.1821206569671631
45.191,1.0,1.0,0.1828196793794632
45.201,1.0,1.0,0.1837821528315544
45.211,1.0,1.0,0.18548325151205064
45.221,1.0,1.0,0.18718435019254684
45.231,1.0,1.0,0.1925544649362564
45.241,1.0,1.0,0.20422138720750807
45.251,1.0,1.0,0.21983627527952196
45.261,1.0,1.0,0.23450035899877547
45.271,1.0,1.0,0.249164442718029
45.281,1.0,1.0,0.2615389719605446
45.291,1.0,1.0,0.27428225725889205
45.301,1.0,1.0,0.28767000138759613
45.311,1.0,1.0,0.2958583742380142
45.321,1.0,1.0,0.3040467470884323
45.331,1.0,1.0,0.2802755147218704
45.341,1.0,1.0,0.2018869787454605
45.351,1.0,1.0,0.1141754299402237
45.361,1.0,1.0,0.0706945851445198
45.371,1.0,1.0,0.02721374034881592
45.381,1.0,1.0,0.011191438138484954
45.391,1.0,1.0,-0.010802915692329409
45.401,1.0,1.0,-0.04417452700436116
45.411,1.0,1.0,-0.07869284935295581
45.421,1.0,1.0,-0.11321117170155048
45.431,1.0,1.0,-0.11860278584063053
45.441,1.0,1.0,-0.07230485118925571
45.451,1.0,1.0,-0.021446577459573745
45.461,1.0,1.0,-0.0206019327044487
45.471,1.0,1.0,-0.019757287949323653
45.481,1.0,1.0,-0.04984035268425942
45.491,1.0,1.0,-0.07498387172818184
45.501,1.0,1.0,-0.08907486535608769
45.511,1.0,1.0,-0.09966863282024861
45.521,1.0,1.0,-0.11026240028440952
45.531,1.0,1.0,-0.12442541010677814
45.541,1.0,1.0,-0.142342684045434
45.551,1.0,1.0,-0.16024964451789855
45.561,1.0,1.0,-0.17524003013968467
45.571,1.0,1.0,-0.1902304157614708
45.581,1.0,1.0,-0.2030433908104897
45.591,1.0,1.0,-0.21716589033603667
45.601,1.0,1.0,-0.23134402781724928
45.611,1.0,1.0,-0.24143531620502476
45.621,1.0,1.0,-0.25152660459280013
45.631,1.0,1.0,-0.2602463856339455
45.641,1.0,1.0,-0.2732325255870819
45.651,1.0,1.0,-0.28998427987098696
45.661,1.0,1.0,-0.3077344343066216
45.671,1.0,1.0,-0.32548458874225616
45.681,1.0,1.0,-0.33934994637966154
45.691,1.0,1.0,-0.3446890026330948
45.701,1.0,1.0,-0.34689715802669524
45.711,1.0,1.0,-0.35013791620731355
45.721,1.0,1.0,-0.350538095831871
45.731,1.0,1.0,-0.34893914461135866
45.741,1.0,1.0,-0.33626911640167234
45.751,1.0,1.0,-0.31384041309356686
45.761,1.0,1.0,-0.28656686097383494
45.771,1.0,1.0,-0.25615044832229616
45.781,1.0,1.0,-0.22786110192537307
45.791,1.0,1.0,-0.1992294907569885
45.801,1.0,1.0,-0.16659497041255236
45.811,1.0,1.0,-0.12960104662925004
45.821,1.0,1.0,-0.0954477014020085
45.831,1.0,1.0,-0.057137242890894405
45.841,1.0,1.0,-0.021614321507513523
45.851,1.0,1.0,0.008870910666882992
45.861,1.0,1.0,0.03614011164754629
45.871,1.0,1.0,0.06026645209640265
45.881,1.0,1.0,0.0828410631045699
45.891,1.0,1.0,0.09665133859962224
45.901,1.0,1.0,0.1019874207675457
45.911,1.0,1.0,0.1014181423932314
45.921,1.0,1.0,0.10084886401891709
45.931,1.0,1.0,0.09583832919597626
45.941,1.0,1.0,0.0888667494058609
45.951,1.0,1.0,0.08272563368082046
45.961,1.0,1.0,0.07792348712682723
45.971,1.0,1.0,0.07312134057283401
45.981,1.0,1.0,0.06944593340158463
45.991,1.0,1.0,0.06760668978095055
46.001,1.0,1.0,0.06761767417192459
46.011,1.0,1.0,0.06843287907540799
46.021,1.0,1.0,0.06924808397889137
46.031,1.0,1.0,0.07007925733923911
46.041,1.0,1.0,0.07077789530158043
46.051,1.0,1.0,0.07206211909651757
46.061,1.0,1.0,0.07526674196124077
46.071,1.0,1.0,0.07847136482596398
46.081,1.0,1.0,0.0834404967725277
46.091,1.0,1.0,0.08765275925397872
46.101,1.0,1.0,0.08850166648626326
46.111,1.0,1.0,0.0855521384626627
46.121,1.0,1.0,0.08260261043906211
46.131,1.0,1.0,0.07711695665493606
46.141,1.0,1.0,0.07117742095142603
46.151,1.0,1.0,0.0661520941182971
46.161,1.0,1.0,0.060875825770199295
46.171,1.0,1.0,0.05559955742210151
46.181,1.0,1.0,0.049043015576899045
46.191,1.0,1.0,0.04315528962761164
46.201,1.0,1.0,0.04108353089541197
46.211,1.0,1.0,0.043584773503243926
46.221,1.0,1.0,0.04547241423279047
46.231,1.0,1.0,0.05016435543075204
46.241,1.0,1.0,0.052943415939807885
46.251,1.0,1.0,0.050565306935459374
46.261,1.0,1.0,0.0438441158272326
46.271,1.0,1.0,0.03634116491302848
46.281,1.0,1.0,0.02877896847203374
46.291,1.0,1.0,0.022171413619071247
46.301,1.0,1.0,0.015741490479558706
46.311,1.0,1.0,0.008518446516245603
46.321,1.0,1.0,0.0007224180735647678
46.331,1.0,1.0,-0.007073610369116068
46.341,1.0,1.0,-0.014222603011876344
46.351,1.0,1.0,-0.01895185280591249
46.361,1.0,1.0,-0.020354043692350388
46.371,1.0,1.0,-0.02034382354468107
46.381,1.0,1.0,-0.02033360339701176
46.391,1.0,1.0,-0.021764381788671017
46.401,1.0,1.0,-0.02529027871787548
46.411,1.0,1.0,-0.030317815020680428
46.421,1.0,1.0,-0.03610629606992007
46.431,1.0,1.0,-0.0418947771191597
46.441,1.0,1.0,-0.04734061919152736
46.451,1.0,1.0,-0.05210394151508808
46.461,1.0,1.0,-0.05716016758233309
46.471,1.0,1.0,-0.06262591611593962
46.481,1.0,1.0,-0.06809166464954615
46.491,1.0,1.0,-0.07226277142763139
46.501,1.0,1.0,-0.07336104512214661
46.511,1.0,1.0,-0.07123231180012227
46.521,1.0,1.0,-0.06742288284003735
46.531,1.0,1.0,-0.06439213119447232
46.541,1.0,1.0,-0.060676560178399085
46.551,1.0,1.0,-0.057853983342647554
46.561,1.0,1.0,-0.055186658352613445
46.571,1.0,1.0,-0.05189579874277115
46.581,1.0,1.0,-0.04860493913292885
46.591,1.0,1.0,-0.04542092494666576
46.601,1.0,1.0,-0.04349978230893612
46.611,1.0,1.0,-0.04235091805458069
46.621,1.0,1.0,-0.039830465242266654
46.631,1.0,1.0,-0.03653133511543274
46.641,1.0,1.0,-0.03165467327926308
46.651,1.0,1.0,-0.025562886544503272
46.661,1.0,1.0,-0.020061871246434753
46.671,1.0,1.0,-0.01628952696919441
46.681,1.0,1.0,-0.012517182691954076
46.691,1.0,1.0,-0.01056866857688874
46.701,1.0,1.0,-0.009747500414960086
46.711,1.0,1.0,-0.008982317033223806
46.721,1.0,1.0,-0.009321886743418871
46.731,1.0,1.0,-0.008179478044621647
46.741,1.0,1.0,-0.007052958430722356
46.751,1.0,1.0,-0.006553990812972188
46.761,1.0,1.0,-0.006783659989014268
46.771,1.0,1.0,-0.0061293215258046985
46.781,1.0,1.0,-0.006265777628868817
46.791,1.0,1.0,-0.005387254850938916
46.801,1.0,1.0,-0.003345883125439286
46.811,1.0,1.0,-0.0006629201583564281
46.821,1.0,1.0,0.00202004280872643
46.831,1.0,1.0,0.004588836478069425
46.841,1.0,1.0,0.006593085313215852
46.851,1.0,1.0,0.008434222685173154
46.861,1.0,1.0,0.01031142403371632
46.871,1.0,1.0,0.012188625382259488
46.881,1.0,1.0,0.01337153180502355
46.891,1.0,1.0,0.013317906996235251
46.901,1.0,1.0,0.011643281718716026
46.911,1.0,1.0,0.00810867603868246
46.921,1.0,1.0,0.004864203231409192
46.931,1.0,1.0,0.0002519213128834963
46.941,1.0,1.0,-0.004003393230959773
46.951,1.0,1.0,-0.006880323821678758
46.961,1.0,1.0,-0.00822612144984305
46.971,1.0,1.0,-0.009917901363223793
46.981,1.0,1.0,-0.01012459178455174
46.991,1.0,1.0,-0.009518902108538896
47.001,1.0,1.0,-0.008030460972804576
47.011,1.0,1.0,-0.006003435340244322
47.021,1.0,1.0,-0.004800368484575301
47.031,1.0,1.0,-0.00359730162890628
47.041,1.0,1.0,-0.004063898709136993
47.051,1.0,1.0,-0.005503482103813439
47.061,1.0,1.0,-0.006687377591151744
47.071,1.0,1.0,-0.00702782777370885
47.081,1.0,1.0,-0.007368277956265955
47.091,1.0,1.0,-0.007357925269752739
47.101,1.0,1.0,-0.007589614298194647
47.111,1.0,1.0,-0.0077691120095551005
47.121,1.0,1.0,-0.007414783816784621
47.131,1.0,1.0,-0.0065887710079550734
47.141,1.0,1.0,-0.0044481999473646285
47.151,1.0,1.0,-0.002087217033840716
47.161,1.0,1.0,-0.0006670353235676884
47.171,1.0,1.0,0.00025568336714059113
47.181,1.0,1.0,0.0004590668482705951
47.191,1.0,1.0,0.00027734385803341867
47.201,1.0,1.0,0.0010180804645642638
47.211,1.0,1.0,0.002980899042449892
47.221,1.0,1.0,0.004943717620335519
47.231,1.0,1.0,0.006966478074900807
47.241,1.0,1.0,0.007397295394912361
47.251,1.0,1.0,0.005584076279774308
47.261,1.0,1.0,0.0024787573609501125
47.271,1.0,1.0,-0.0005141837056726218
47.281,1.0,1.0,-0.00278778956271708
47.291,1.0,1.0,-0.002931533358059824
47.301,1.0,1.0,-0.0015879768412560224
47.311,1.0,1.0,-1.0145362466573714e-06
47.321,1.0,1.0,0.0016509971115738153
47.331,1.0,1.0,0.002771382266655564
47.341,1.0,1.0,0.003621725365519524
47.351,1.0,1.0,0.004790762718766928
47.361,1.0,1.0,0.006362991267815232
47.371,1.0,1.0,0.007575964229181409
47.381,1.0,1.0,0.008788937190547585
47.391,1.0,1.0,0.00867011290974915
47.401,1.0,1.0,0.00700217024423182
47.411,1.0,1.0,0.004340930003672838
47.421,1.0,1.0,0.0019941321108490227
47.431,1.0,1.0,-0.0003526657819747925
47.441,1.0,1.0,-0.000951926689594984
47.451,1.0,1.0,0.0009167597629129888
47.461,1.0,1.0,0.005210374435409904
47.471,1.0,1.0,0.010748629597947002
47.481,1.0,1.0,0.0162868847604841
47.491,1.0,1.0,0.021859124163165686
47.501,1.0,1.0,0.027643946604803203
47.511,1.0,1.0,0.034064996801316735
47.521,1.0,1.0,0.040867047989740966
47.531,1.0,1.0,0.0476690991781652
47.541,1.0,1.0,0.054357085004448885
47.551,1.0,1.0,0.05987561233341694
47.561,1.0,1.0,0.06284843198955059
47.571,1.0,1.0,0.06349674239754677
47.581,1.0,1.0,0.06414505280554295
47.591,1.0,1.0,0.06413399912416935
47.601,1.0,1.0,0.06424740627408028
47.611,1.0,1.0,0.06438611149787903
47.621,1.0,1.0,0.06403892636299133
47.631,1.0,1.0,0.06287035830318928
47.641,1.0,1.0,0.06093134433031082
47.651,1.0,1.0,0.05728310793638229
47.661,1.0,1.0,0.053556985408067706
47.671,1.0,1.0,0.05130300186574458
47.681,1.0,1.0,0.04904901832342148
47.691,1.0,1.0,0.04754474014043808
47.701,1.0,1.0,0.04483887255191803
47.711,1.0,1.0,0.040539230406284335
47.721,1.0,1.0,0.0357612194493413
47.731,1.0,1.0,0.03180459141731262
47.741,1.0,1.0,0.028049018420279025
47.751,1.0,1.0,0.026866627857089043
47.761,1.0,1.0,0.02849607653915882
47.771,1.0,1.0,0.02998013272881508
47.781,1.0,1.0,0.03310172222554684
47.791,1.0,1.0,0.03659982047975063
47.801,1.0,1.0,0.04011226780712605
47.811,1.0,1.0,0.04335467219352722
47.821,1.0,1.0,0.04623155687004328
47.831,1.0,1.0,0.049108441546559335
47.841,1.0,1.0,0.05189802031964064
47.851,1.0,1.0,0.05423185117542744
47.861,1.0,1.0,0.05541047491133213
47.871,1.0,1.0,0.05692125745117664
47.881,1.0,1.0,0.05679450668394566
47.891,1.0,1.0,0.055730025097727766
47.901,1.0,1.0,0.054583852365612986
47.911,1.0,1.0,0.05398961342871189
47.921,1.0,1.0,0.0541522778570652
47.931,1.0,1.0,0.05431494228541851
47.941,1.0,1.0,0.05477849543094635
47.951,1.0,1.0,0.054442032054066655
47.961,1.0,1.0,0.052780814841389655
47.971,1.0,1.0,0.05037371404469013
47.981,1.0,1.0,0.047966613247990605
47.991,1.0,1.0,0.0464335773140192
48.001,1.0,1.0,0.04735235683619976
48.011,1.0,1.0,0.05082967951893806
48.021,1.0,1.0,0.055793099850416174
48.031,1.0,1.0,0.06075652018189431
48.041,1.0,1.0,0.06578187458217144
48.051,1.0,1.0,0.06983260586857795
48.061,1.0,1.0,0.07279253527522087
48.071,1.0,1.0,0.07494228519499302
48.081,1.0,1.0,0.07709203511476517
48.091,1.0,1.0,0.07816493436694145
48.101,1.0,1.0,0.07759902216494083
48.111,1.0,1.0,0.07554752640426159
48.121,1.0,1.0,0.07245138697326184
48.131,1.0,1.0,0.06935524754226208
48.141,1.0,1.0,0.0655851785093546
48.151,1.0,1.0,0.061983815208077435
48.161,1.0,1.0,0.059645919501781455
48.171,1.0,1.0,0.059346411749720565
48.181,1.0,1.0,0.06053571701049805
48.191,1.0,1.0,0.06233154311776161
48.201,1.0,1.0,0.06531747616827488
48.211,1.0,1.0,0.06785473190248012
48.221,1.0,1.0,0.06868266053497792
48.231,1.0,1.0,0.06793974973261356
48.241,1.0,1.0,0.06739419661462305
48.251,1.0,1.0,0.06682469062507153
48.261,1.0,1.0,0.06679310426115989
48.271,1.0,1.0,0.06671828627586365
48.281,1.0,1.0,0.06550376862287521
48.291,1.0,1.0,0.06428925096988677
48.301,1.0,1.0,0.061354705691337594
48.311,1.0,1.0,0.05767601206898689
48.321,1.0,1.0,0.055280291289091114
48.331,1.0,1.0,0.05445540994405747
48.341,1.0,1.0,0.054618911072611805
48.351,1.0,1.0,0.05736872367560864
48.361,1.0,1.0,0.06210586540400982
48.371,1.0,1.0,0.06749969907104969
48.381,1.0,1.0,0.07254441939294337
48.391,1.0,1.0,0.07767371423542499
48.401,1.0,1.0,0.08257014490664005
48.411,1.0,1.0,0.0869011130183935
48.421,1.0,1.0,0.08949273563921453
48.431,1.0,1.0,0.09208435826003553
48.441,1.0,1.0,0.09201935194432737
48.451,1.0,1.0,0.0890303872525692
48.461,1.0,1.0,0.08327795416116715
48.471,1.0,1.0,0.07622224427759648
48.481,1.0,1.0,0.0691665343940258
48.491,1.0,1.0,0.06230373680591583
48.501,1.0,1.0,0.05636912360787392
48.511,1.0,1.0,0.052229651063680646
48.521,1.0,1.0,0.050299806892871855
48.531,1.0,1.0,0.048369962722063065
48.541,1.0,1.0,0.04849449023604393
48.551,1.0,1.0,0.0501655574887991
48.561,1.0,1.0,0.05254807732999325
48.571,1.0,1.0,0.054965905845165246
48.581,1.0,1.0,0.05738373436033726
48.591,1.0,1.0,0.05954987592995167
48.601,1.0,1.0,0.060403938964009286
48.611,1.0,1.0,0.05887837782502174
48.621,1.0,1.0,0.05522512905299663
48.631,1.0,1.0,0.05157188028097152
48.641,1.0,1.0,0.04592696051113308
48.651,1.0,1.0,0.03858402227051557
48.661,1.0,1.0,0.03081778301857412
48.671,1.0,1.0,0.02334926133044064
48.681,1.0,1.0,0.015880739642307164
48.691,1.0,1.0,0.00865562460385263
48.701,1.0,1.0,0.0025342867244035005
48.711,1.0,1.0,-0.0019442014861851928
48.721,1.0,1.0,-0.005179742118343711
48.731,1.0,1.0,-0.008606732124462724
48.741,1.0,1.0,-0.01042817635461688
48.751,1.0,1.0,-0.011355317384004592
48.761,1.0,1.0,-0.01389220291748643
48.771,1.0,1.0,-0.020248828083276754
48.781,1.0,1.0,-0.029568651970475916
48.791,1.0,1.0,-0.039157682377845046
48.801,1.0,1.0,-0.049708593636751175
48.811,1.0,1.0,-0.059693384449929
48.821,1.0,1.0,-0.06942002680152655
48.831,1.0,1.0,-0.07989133382216096
48.841,1.0,1.0,-0.09036264084279537
48.851,1.0,1.0,-0.10115690156817436
48.861,1.0,1.0,-0.10978631302714348
48.871,1.0,1.0,-0.11346221044659614
48.881,1.0,1.0,-0.11183878555893896
48.891,1.0,1.0,-0.11021536067128182
48.901,1.0,1.0,-0.10628371238708496
48.911,1.0,1.0,-0.1033635437488556
48.921,1.0,1.0,-0.1018372006714344
48.931,1.0,1.0,-0.09937474355101586
48.941,1.0,1.0,-0.09807514622807505
48.951,1.0,1.0,-0.09628532752394675
48.961,1.0,1.0,-0.09406200870871544
48.971,1.0,1.0,-0.0923310749232769
48.981,1.0,1.0,-0.09293626472353936
48.991,1.0,1.0,-0.09245476350188257
49.001,1.0,1.0,-0.09221391677856444
49.011,1.0,1.0,-0.08984879031777382
49.021,1.0,1.0,-0.0838392674922943
49.031,1.0,1.0,-0.0778297446668148
49.041,1.0,1.0,-0.06810371736064554
49.051,1.0,1.0,-0.05574026834219695
49.061,1.0,1.0,-0.04263800363987684
49.071,1.0,1.0,-0.030542765371501447
49.081,1.0,1.0,-0.018447527103126048
49.091,1.0,1.0,-0.008113851398229599
49.101,1.0,1.0,0.00036801993846893313
49.111,1.0,1.0,0.006470651086419821
49.121,1.0,1.0,0.009730521612800658
49.131,1.0,1.0,0.012990392139181494
49.141,1.0,1.0,0.013632881734520198
49.151,1.0,1.0,0.011956336628645658
49.161,1.0,1.0,0.008394678961485625
49.172,1.0,1.0,0.003993701096624136
49.182,1.0,1.0,-0.0004072767682373524
49.192,1.0,1.0,-0.00479258680716157
49.202,1.0,1.0,-0.008821479324251414
49.212,1.0,1.0,-0.011863462626934052
49.222,1.0,1.0,-0.013270443235524
49.232,1.0,1.0,-0.014677423844113946
49.242,1.0,1.0,-0.014169109147042036
49.252,1.0,1.0,-0.011286678165197373
49.262,1.0,1.0,-0.005876734107732773
49.272,1.0,1.0,0.0003902927041053772
49.282,1.0,1.0,0.006657319515943528
49.292,1.0,1.0,0.01137364599853754
49.302,1.0,1.0,0.013531135022640228
49.312,1.0,1.0,0.01350906565785408
49.322,1.0,1.0,0.011851739510893822
49.332,1.0,1.0,0.010194413363933563
49.342,1.0,1.0,0.006926567666232585
49.352,1.0,1.0,0.0019399670884013176
49.362,1.0,1.0,-0.004447871074080467
49.372,1.0,1.0,-0.010953465104103088
49.382,1.0,1.0,-0.01745905913412571
49.392,1.0,1.0,-0.022498618811368946
49.402,1.0,1.0,-0.025090905837714672
49.412,1.0,1.0,-0.025131367892026905
49.422,1.0,1.0,-0.023619345389306545
49.432,1.0,1.0,-0.021724792756140237
49.442,1.0,1.0,-0.020071279630064963
49.452,1.0,1.0,-0.01929486505687237
49.462,1.0,1.0,-0.01930649932473898
49.472,1.0,1.0,-0.018927526846528053
49.482,1.0,1.0,-0.018080749828368423
49.492,1.0,1.0,-0.016490103118121623
49.502,1.0,1.0,-0.014261478651314972
49.512,1.0,1.0,-0.012615203484892845
49.522,1.0,1.0,-0.011828670371323824
49.532,1.0,1.0,-0.01142466738820076
49.542,1.0,1.0,-0.0108701144810766
49.552,1.0,1.0,-0.009888282371684909
49.562,1.0,1.0,-0.008040244015865027
49.572,1.0,1.0,-0.0050853126449510455
49.582,1.0,1.0,-0.002598185813985765
49.592,1.0,1.0,0.0014562837081030012
49.602,1.0,1.0,0.005931106791831553
49.612,1.0,1.0,0.00987046689260751
49.622,1.0,1.0,0.01284948328975588
49.632,1.0,1.0,0.01582849968690425
49.642,1.0,1.0,0.01871262870263308
49.652,1.0,1.0,0.02294829289894551
49.662,1.0,1.0,0.028190968744456767
49.672,1.0,1.0,0.03196834158152342
49.682,1.0,1.0,0.03574571441859007
49.692,1.0,1.0,0.03595064282417297
49.702,1.0,1.0,0.033195669017732146
49.712,1.0,1.0,0.02995390994474292
49.722,1.0,1.0,0.028561764676123855
49.732,1.0,1.0,0.0271696194075048
49.742,1.0,1.0,0.02848233981058001
49.752,1.0,1.0,0.030958333890885117
49.762,1.0,1.0,0.03242851598188281
49.772,1.0,1.0,0.03264884641394019
49.782,1.0,1.0,0.03286917684599757
49.792,1.0,1.0,0.03342370567843318
49.802,1.0,1.0,0.035959743428975344
49.812,1.0,1.0,0.040405607968568805
49.822,1.0,1.0,0.04423925708979368
49.832,1.0,1.0,0.04807290621101856
49.842,1.0,1.0,0.048295156285166736
49.852,1.0,1.0,0.04514014795422554
49.862,1.0,1.0,0.042005963996052734
49.872,1.0,1.0,0.04160407669842244
49.882,1.0,1.0,0.04120218940079212
49.892,1.0,1.0,0.04331102780997753
49.902,1.0,1.0,0.04510821923613549
49.912,1.0,1.0,0.043816962838172914
49.922,1.0,1.0,0.03981938250362873
49.932,1.0,1.0,0.03582180216908455
49.942,1.0,1.0,0.031868931918870656
49.952,1.0,1.0,0.029267041373532265
49.962,1.0,1.0,0.02682403427315876
49.972,1.0,1.0,0.02314124283147976
49.982,1.0,1.0,0.01945845138980076
49.992,1.0,1.0,0.014664593327324836
50.002,1.0,1.0,0.01060784513829276
50.012,1.0,1.0,0.009630384843330833
50.022,1.0,1.0,0.01212433389155194
50.032,1.0,1.0,0.014618282939773053
50.042,1.0,1.0,0.018383788596838712
50.052,1.0,1.0,0.020763872750103475
50.062,1.0,1.0,0.020684837829321623
50.072,1.0,1.0,0.019078625901602208
50.082,1.0,1.0,0.017472413973882793
50.092,1.0,1.0,0.01600555151235312
50.102,1.0,1.0,0.01525841667316854
50.112,1.0,1.0,0.014286137698218229
50.122,1.0,1.0,0.01183875217102468
50.132,1.0,1.0,0.009391366643831134
50.142,1.0,1.0,0.005481238150969148
50.152,1.0,1.0,0.0018914765212684867
50.162,1.0,1.0,0.00042362599633634086
50.172,1.0,1.0,0.0009675804991275072
50.182,1.0,1.0,0.0015115350019186736
50.192,1.0,1.0,0.0027016668813303114
50.202,1.0,1.0,0.0032093968708068127
50.212,1.0,1.0,0.002242437191307545
50.222,1.0,1.0,0.0003610733896493912
50.232,1.0,1.0,-0.0015202904120087625
50.242,1.0,1.0,-0.002639651950448752
50.252,1.0,1.0,-0.0024950715247541665
50.262,1.0,1.0,-0.0021608715294860305
50.272,1.0,1.0,-0.0020446602837182583
50.282,1.0,1.0,-0.0019284490379504857
50.292,1.0,1.0,-0.0012246197904460133
50.302,1.0,1.0,0.0009991933708079158
50.312,1.0,1.0,0.005048151093069464
50.322,1.0,1.0,0.010028025100473317
50.332,1.0,1.0,0.015007899107877164
50.342,1.0,1.0,0.01935591526562348
50.352,1.0,1.0,0.02229396525071934
50.362,1.0,1.0,0.024337547738105057
50.372,1.0,1.0,0.026037581684067845
50.382,1.0,1.0,0.027737615630030632
50.392,1.0,1.0,0.02864708360284567
50.402,1.0,1.0,0.02834616601467133
50.412,1.0,1.0,0.02734363414347172
50.422,1.0,1.0,0.026439039036631584
50.432,1.0,1.0,0.02553444392979145
50.442,1.0,1.0,0.02492604181170464
50.452,1.0,1.0,0.02440593931823969
50.462,1.0,1.0,0.023995739594101905
50.472,1.0,1.0,0.023784567974507807
50.482,1.0,1.0,0.023573396354913716
50.492,1.0,1.0,0.02363727018237114
50.502,1.0,1.0,0.02387043330818415
50.512,1.0,1.0,0.023783820681273937
50.522,1.0,1.0,0.023444636352360246
50.532,1.0,1.0,0.02310545202344656
50.542,1.0,1.0,0.02318826150149107
50.552,1.0,1.0,0.024004662781953807
50.562,1.0,1.0,0.02562590893357992
50.572,1.0,1.0,0.027686507813632487
50.582,1.0,1.0,0.029747106693685056
50.592,1.0,1.0,0.03118118550628424
50.602,1.0,1.0,0.03126997742801905
50.612,1.0,1.0,0.03052710052579641
50.622,1.0,1.0,0.0299744613468647
50.632,1.0,1.0,0.029940871149301527
50.642,1.0,1.0,0.03005629684776068
50.652,1.0,1.0,0.030465162359178063
50.662,1.0,1.0,0.02983843721449375
50.672,1.0,1.0,0.027191010303795338
50.682,1.0,1.0,0.023295443365350367
50.692,1.0,1.0,0.01944001642987132
50.702,1.0,1.0,0.016060389042831958
50.712,1.0,1.0,0.0139386031543836
50.722,1.0,1.0,0.012770634214393794
50.732,1.0,1.0,0.011083616293035448
50.742,1.0,1.0,0.010288352682255208
50.752,1.0,1.0,0.009367506927810607
50.762,1.0,1.0,0.007870206958614291
50.772,1.0,1.0,0.005861907941289246
50.782,1.0,1.0,0.00510174895171076
50.792,1.0,1.0,0.002643069229088724
50.802,1.0,1.0,-0.0009143199305981398
50.812,1.0,1.0,-0.005465847719460726
50.822,1.0,1.0,-0.010320788621902466
50.832,1.0,1.0,-0.015175729524344206
50.842,1.0,1.0,-0.019889756757766008
50.852,1.0,1.0,-0.023718454968184238
50.862,1.0,1.0,-0.02598956869915128
50.872,1.0,1.0,-0.026880477042868733
50.882,1.0,1.0,-0.02777138538658619
50.892,1.0,1.0,-0.02774016372859478
50.902,1.0,1.0,-0.026457475498318672
50.912,1.0,1.0,-0.02359647992998361
50.922,1.0,1.0,-0.019541965099051595
50.932,1.0,1.0,-0.015487450268119572
50.942,1.0,1.0,-0.011394078470766544
50.952,1.0,1.0,-0.008501365408301353
50.962,1.0,1.0,-0.007008458278141916
50.972,1.0,1.0,-0.006627454305998981
50.982,1.0,1.0,-0.006246450333856046
50.992,1.0,1.0,-0.006447655498050152
51.002,1.0,1.0,-0.006922670057974756
51.012,1.0,1.0,-0.008272551908157766
51.022,1.0,1.0,-0.011110304039902983
51.032,1.0,1.0,-0.013948056171648205
51.042,1.0,1.0,-0.017805462493561207
51.052,1.0,1.0,-0.021555502503179013
51.062,1.0,1.0,-0.02455790210515261
51.072,1.0,1.0,-0.026390574965626003
51.082,1.0,1.0,-0.0282232478260994
51.092,1.0,1.0,-0.028612566366791724
51.102,1.0,1.0,-0.027657706663012503
51.112,1.0,1.0,-0.025323073845356703
51.122,1.0,1.0,-0.021448858734220266
51.132,1.0,1.0,-0.01757464362308383
51.142,1.0,1.0,-0.012455438915640117
51.152,1.0,1.0,-0.007024579588323832
51.162,1.0,1.0,-0.0017673940397799014
51.172,1.0,1.0,0.003446658235043288
51.182,1.0,1.0,0.008660710509866476
51.192,1.0,1.0,0.013840193767100571
51.202,1.0,1.0,0.018721182178705928
51.212,1.0,1.0,0.02277720887213945
51.222,1.0,1.0,0.025682028383016583
51.232,1.0,1.0,0.02858684789389372
51.242,1.0,1.0,0.03029960244894028
51.252,1.0,1.0,0.031101817451417445
51.262,1.0,1.0,0.03159441817551852
51.272,1.0,1.0,0.032437588833272454
51.282,1.0,1.0,0.033964294008910656
51.292,1.0,1.0,0.03544081375002861
51.302,1.0,1.0,0.037204737216234206
51.312,1.0,1.0,0.03850062005221844
51.322,1.0,1.0,0.03827217184007168
51.332,1.0,1.0,0.03627169877290726
51.342,1.0,1.0,0.034166430309414866
51.352,1.0,1.0,0.03138937391340733
51.362,1.0,1.0,0.02945353323593736
51.372,1.0,1.0,0.028599068988114595
51.382,1.0,1.0,0.028055589739233257
51.392,1.0,1.0,0.027512110490351915
51.402,1.0,1.0,0.026357671711593863
51.412,1.0,1.0,0.02417320413514972
51.422,1.0,1.0,0.021677661407738923
51.432,1.0,1.0,0.02015380710363388
51.442,1.0,1.0,0.01862995279952884
51.452,1.0,1.0,0.018360044155269865
51.462,1.0,1.0,0.018627410940825935
51.472,1.0,1.0,0.018848149850964547
51.482,1.0,1.0,0.018557419627904893
51.492,1.0,1.0,0.01826668940484524
51.502,1.0,1.0,0.017225261963903903
51.512,1.0,1.0,0.015944147296249867
51.522,1.0,1.0,0.015288138994947076
51.532,1.0,1.0,0.01585054467432201
51.542,1.0,1.0,0.016412950353696942
51.552,1.0,1.0,0.01802547019906342
51.562,1.0,1.0,0.019443267444148656
51.572,1.0,1.0,0.01936082956381142
51.582,1.0,1.0,0.017532509053125978
51.592,1.0,1.0,0.015704188542440534
51.602,1.0,1.0,0.013090627896599472
51.612,1.0,1.0,0.01102149251382798
51.622,1.0,1.0,0.009888472803868353
51.632,1.0,1.0,0.008818959631025792
51.642,1.0,1.0,0.0077494464581832284
51.652,1.0,1.0,0.0057755600311793385
51.662,1.0,1.0,0.003014141882886179
51.672,1.0,1.0,9.734216437209396e-05
51.682,1.0,1.0,-0.0020677167427493254
51.692,1.0,1.0,-0.004232775649870746
51.702,1.0,1.0,-0.0050465586333302784
51.712,1.0,1.0,-0.005203213423374109
51.722,1.0,1.0,-0.005752403728547506
51.732,1.0,1.0,-0.007055557376588696
51.742,1.0,1.0,-0.008358711024629881
51.752,1.0,1.0,-0.01025141105928924
51.762,1.0,1.0,-0.01206314624287188
51.772,1.0,1.0,-0.01271830163896084
51.782,1.0,1.0,-0.011940504377707838
51.792,1.0,1.0,-0.01116270711645484
51.802,1.0,1.0,-0.00966293946839869
51.812,1.0,1.0,-0.008008554065600037
51.822,1.0,1.0,-0.006475602881982922
51.832,1.0,1.0,-0.004670272441580891
51.842,1.0,1.0,-0.0035927181132137777
51.852,1.0,1.0,-0.0029717841185629367
51.862,1.0,1.0,-0.002678447403013706
51.872,1.0,1.0,-0.002750789932906628
51.882,1.0,1.0,-0.00374499368481338
51.892,1.0,1.0,-0.0042759525589644905
51.902,1.0,1.0,-0.005233058566227554
51.912,1.0,1.0,-0.00619196156039834
51.922,1.0,1.0,-0.006849374715238808
51.932,1.0,1.0,-0.00798967806622386
51.942,1.0,1.0,-0.008402205305173993
51.952,1.0,1.0,-0.008641757676377891
51.962,1.0,1.0,-0.008517852379009126
51.972,1.0,1.0,-0.007768606720492245
51.982,1.0,1.0,-0.005832932284101844
51.992,1.0,1.0,-0.004360502725467086
52.002,1.0,1.0,-0.0024271443951874973
52.012,1.0,1.0,-0.0007498910650610925
52.022,1.0,1.0,0.00023401016369462013
52.032,1.0,1.0,0.0007403742987662554
52.042,1.0,1.0,0.0012467384338378906
52.052,1.0,1.0,0.00184689755551517
52.062,1.0,1.0,0.002811023429967463
52.072,1.0,1.0,0.0037207632558420305
52.082,1.0,1.0,0.004105560504831374
52.092,1.0,1.0,0.004490357753820717
52.102,1.0,1.0,0.004393227794207632
52.112,1.0,1.0,0.004102599178440869
52.122,1.0,1.0,0.0037991396849974984
52.132,1.0,1.0,0.0036978848511353135
52.142,1.0,1.0,0.003596630017273128
52.152,1.0,1.0,0.0034757166402414443
52.162,1.0,1.0,0.0025947101879864928
52.172,1.0,1.0,0.0009110091719776392
52.182,1.0,1.0,-0.0007848193403333425
52.192,1.0,1.0,-0.0024806478526443244
52.202,1.0,1.0,-0.00370312366867438
52.212,1.0,1.0,-0.0046257079811766735
52.222,1.0,1.0,-0.005385585175827145
52.232,1.0,1.0,-0.00584037876687944
52.242,1.0,1.0,-0.006295172357931733
52.252,1.0,1.0,-0.0061253456864506
52.262,1.0,1.0,-0.005209561949595809
52.272,1.0,1.0,-0.0040675550582818685
52.282,1.0,1.0,-0.003249261353630573
52.292,1.0,1.0,-0.0024309676489792766
52.302,1.0,1.0,-0.002163040218874812
52.312,1.0,1.0,-0.0026490213931538165
52.322,1.0,1.0,-0.0037535291980020703
52.332,1.0,1.0,-0.005052826728206128
52.342,1.0,1.0,-0.006352124258410185
52.352,1.0,1.0,-0.00791637086076662
52.362,1.0,1.0,-0.009942972462158648
52.372,1.0,1.0,-0.01243110136128962
52.382,1.0,1.0,-0.016100356657989322
52.392,1.0,1.0,-0.019769611954689025
52.402,1.0,1.0,-0.025074962503276767
52.412,1.0,1.0,-0.03047943823039532
52.422,1.0,1.0,-0.034068073891103265
52.432,1.0,1.0,-0.035560541413724424
52.442,1.0,1.0,-0.037053008936345576
52.452,1.0,1.0,-0.03701773751527071
52.462,1.0,1.0,-0.03616122882813215
52.472,1.0,1.0,-0.035077199898660184
52.482,1.0,1.0,-0.033254308812320235
52.492,1.0,1.0,-0.03143141772598028
52.502,1.0,1.0,-0.02843830119818449
52.512,1.0,1.0,-0.025543146021664145
52.522,1.0,1.0,-0.024030568636953832
52.532,1.0,1.0,-0.02397470455616713
52.542,1.0,1.0,-0.023918840475380416
52.552,1.0,1.0,-0.025825039111077787
52.562,1.0,1.0,-0.03005104437470436
52.572,1.0,1.0,-0.03543487414717674
52.582,1.0,1.0,-0.04117451682686805
52.592,1.0,1.0,-0.04778826758265496
52.602,1.0,1.0,-0.05413612611591816
52.612,1.0,1.0,-0.06137455403804779
52.622,1.0,1.0,-0.07003749310970306
52.632,1.0,1.0,-0.08048665411770342
52.642,1.0,1.0,-0.09175424203276633
52.652,1.0,1.0,-0.10240942761301994
52.662,1.0,1.0,-0.11204014644026757
52.672,1.0,1.0,-0.12193973436951636
52.682,1.0,1.0,-0.13136689066886903
52.692,1.0,1.0,-0.14221121594309807
52.702,1.0,1.0,-0.15638914853334426
52.712,1.0,1.0,-0.17265933454036714
52.722,1.0,1.0,-0.188948555290699
52.732,1.0,1.0,-0.20344308018684387
52.742,1.0,1.0,-0.216435182094574
52.752,1.0,1.0,-0.22752451598644255
52.762,1.0,1.0,-0.23651874810457232
52.772,1.0,1.0,-0.24362852722406383
52.782,1.0,1.0,-0.2513835713267326
52.792,1.0,1.0,-0.25684733837842944
52.802,1.0,1.0,-0.2598674073815346
52.812,1.0,1.0,-0.25978650003671644
52.822,1.0,1.0,-0.2581035688519478
52.832,1.0,1.0,-0.2557050123810768
52.842,1.0,1.0,-0.25399045199155806
52.852,1.0,1.0,-0.251651693880558
52.862,1.0,1.0,-0.2480224326252937
52.872,1.0,1.0,-0.24234888702631
52.882,1.0,1.0,-0.233598367869854
52.892,1.0,1.0,-0.224847848713398
52.902,1.0,1.0,-0.2145682454109192
52.912,1.0,1.0,-0.2046101689338684
52.922,1.0,1.0,-0.19376438558101652
52.932,1.0,1.0,-0.18246691524982453
52.942,1.0,1.0,-0.1711694449186325
52.952,1.0,1.0,-0.16459258794784545
52.962,1.0,1.0,-0.1657947704195976
52.972,1.0,1.0,-0.17273154407739638
52.982,1.0,1.0,-0.1829753920435905
52.992,1.0,1.0,-0.1932192400097847
53.002,1.0,1.0,-0.20510211288928987
53.012,1.0,1.0,-0.21832434535026551
53.022,1.0,1.0,-0.23485905528068543
53.032,1.0,1.0,-0.25321707129478455
53.042,1.0,1.0,-0.2715750873088837
53.052,1.0,1.0,-0.2871150463819504
53.062,1.0,1.0,-0.2998127430677414
53.072,1.0,1.0,-0.31211808025836946
53.082,1.0,1.0,-0.32382344603538515
53.092,1.0,1.0,-0.3355288118124008
53.102,1.0,1.0,-0.34490654468536375
53.112,1.0,1.0,-0.3503296822309494
53.122,1.0,1.0,-0.3515160322189332
53.132,1.0,1.0,-0.35105788409709926
53.142,1.0,1.0,-0.3505997359752655
53.152,1.0,1.0,-0.3497450351715088
53.162,1.0,1.0,-0.3455052703619003
53.172,1.0,1.0,-0.3370717614889145
53.182,1.0,1.0,-0.3271518170833588
53.192,1.0,1.0,-0.31723187267780306
53.202,1.0,1.0,-0.30740058422088623
53.212,1.0,1.0,-0.29830039441585543
53.222,1.0,1.0,-0.2907918870449066
53.232,1.0,1.0,-0.2856383442878724
53.242,1.0,1.0,-0.2823893815279007
53.252,1.0,1.0,-0.28016138076782227
53.262,1.0,1.0,-0.28124324083328245
53.272,1.0,1.0,-0.2854108393192291
53.282,1.0,1.0,-0.2913838565349579
53.292,1.0,1.0,-0.2970186978578568
53.302,1.0,1.0,-0.30389266610145566
53.312,1.0,1.0,-0.31169061064720155
53.322,1.0,1.0,-0.3192956954240799
53.332,1.0,1.0,-0.32357130944728846
53.342,1.0,1.0,-0.32272625267505645
53.352,1.0,1.0,-0.3218811959028244
53.362,1.0,1.0,-0.317453470826149
53.372,1.0,1.0,-0.3110396593809128
53.382,1.0,1.0,-0.3042078226804733
53.392,1.0,1.0,-0.29771416187286376
53.402,1.0,1.0,-0.29452610909938814
53.412,1.0,1.0,-0.2980326503515244
53.422,1.0,1.0,-0.3089084982872009
53.432,1.0,1.0,-0.3271986573934555
53.442,1.0,1.0,-0.34870490729808806
53.452,1.0,1.0,-0.372886773943901
53.462,1.0,1.0,-0.40161677300930015
53.472,1.0,1.0,-0.43362655341625206
53.482,1.0,1.0,-0.4660006672143936
53.492,1.0,1.0,-0.49837478101253513
53.502,1.0,1.0,-0.5273661345243454
53.512,1.0,1.0,-0.5503261774778366
53.522,1.0,1.0,-0.5663237154483796
53.532,1.0,1.0,-0.5761333167552948
53.542,1.0,1.0,-0.5859429180622101
53.552,1.0,1.0,-0.5919865489006042
53.562,1.0,1.0,-0.5958960473537445
53.572,1.0,1.0,-0.5997174918651581
53.582,1.0,1.0,-0.6057907640933992
53.592,1.0,1.0,-0.61186403632164
53.602,1.0,1.0,-0.618929636478424
53.612,1.0,1.0,-0.6243432581424713
53.622,1.0,1.0,-0.6285401225090027
53.632,1.0,1.0,-0.634162425994873
53.642,1.0,1.0,-0.6397847294807434
53.652,1.0,1.0,-0.6466674149036408
53.662,1.0,1.0,-0.6516068518161774
53.672,1.0,1.0,-0.6534833431243896
53.682,1.0,1.0,-0.6538716852664948
53.692,1.0,1.0,-0.6542600274085999
53.702,1.0,1.0,-0.6546096622943878
53.712,1.0,1.0,-0.6548815846443177
53.722,1.0,1.0,-0.6544438004493713
53.732,1.0,1.0,-0.6533370614051819
53.742,1.0,1.0,-0.6522303223609924
53.752,1.0,1.0,-0.6509355664253235
53.762,1.0,1.0,-0.6497890174388885
53.772,1.0,1.0,-0.6487321496009827
53.782,1.0,1.0,-0.6476234257221222
53.792,1.0,1.0,-0.6483509719371796
53.802,1.0,1.0,-0.6482020497322083
53.812,1.0,1.0,-0.6516164779663086
53.822,1.0,1.0,-0.6585701763629913
53.832,1.0,1.0,-0.6657450377941132
53.842,1.0,1.0,-0.6731555461883545
53.852,1.0,1.0,-0.6805840432643889
53.862,1.0,1.0,-0.6903068363666535
53.872,1.0,1.0,-0.7003238320350648
53.882,1.0,1.0,-0.7077935039997101
53.892,1.0,1.0,-0.7129031300544739
53.902,1.0,1.0,-0.7180127561092376
53.912,1.0,1.0,-0.7221251308917999
53.922,1.0,1.0,-0.7273416757583617
53.932,1.0,1.0,-0.7353163897991181
53.942,1.0,1.0,-0.7441172003746032
53.952,1.0,1.0,-0.7529180109500884
53.962,1.0,1.0,-0.7599046528339386
53.972,1.0,1.0,-0.7662090480327607
53.982,1.0,1.0,-0.773838222026825
53.992,1.0,1.0,-0.781991171836853
54.002,1.0,1.0,-0.7902220368385315
54.012,1.0,1.0,-0.7967084765434264
54.022,1.0,1.0,-0.7993707597255707
54.032,1.0,1.0,-0.7985967397689819
54.042,1.0,1.0,-0.7967609763145447
54.052,1.0,1.0,-0.7945126533508301
54.062,1.0,1.0,-0.790844988822937
54.072,1.0,1.0,-0.7849602460861207
54.082,1.0,1.0,-0.7772953033447265
54.092,1.0,1.0,-0.7696303606033325
54.102,1.0,1.0,-0.7608937740325926
54.112,1.0,1.0,-0.7507996797561645
54.122,1.0,1.0,-0.7385232150554658
54.132,1.0,1.0,-0.723516184091568
54.142,1.0,1.0,-0.7085091531276703
54.152,1.0,1.0,-0.6915570616722106
54.162,1.0,1.0,-0.6752996444702148
54.172,1.0,1.0,-0.6618077695369721
54.182,1.0,1.0,-0.6511633098125458
54.192,1.0,1.0,-0.6405188500881195
54.202,1.0,1.0,-0.6322267591953278
54.212,1.0,1.0,-0.6266381084918976
54.222,1.0,1.0,-0.6234673857688904
54.232,1.0,1.0,-0.6211179256439209
54.242,1.0,1.0,-0.6187684655189514
54.252,1.0,1.0,-0.6163363218307495
54.262,1.0,1.0,-0.6130131125450136
54.272,1.0,1.0,-0.6066837549209595
54.282,1.0,1.0,-0.5957233548164368
54.292,1.0,1.0,-0.5847629547119141
54.302,1.0,1.0,-0.5703390419483185
54.312,1.0,1.0,-0.554423987865448
54.322,1.0,1.0,-0.5379042208194733
54.332,1.0,1.0,-0.5210728108882904
54.342,1.0,1.0,-0.5042414009571076
54.352,1.0,1.0,-0.4872585952281952
54.362,1.0,1.0,-0.4715650230646133
54.372,1.0,1.0,-0.45913716554641726
54.382,1.0,1.0,-0.4498664945363998
54.392,1.0,1.0,-0.4405958235263824
54.402,1.0,1.0,-0.4333490341901779
54.412,1.0,1.0,-0.4282994419336319
54.422,1.0,1.0,-0.42681975364685054
54.432,1.0,1.0,-0.43044596612453456
54.442,1.0,1.0,-0.4340721786022186
54.452,1.0,1.0,-0.4430356919765472
54.462,1.0,1.0,-0.456991109251976
54.472,1.0,1.0,-0.47617856860160823
54.482,1.0,1.0,-0.4998250812292098
54.492,1.0,1.0,-0.524289470911026
54.502,1.0,1.0,-0.5488348513841629
54.512,1.0,1.0,-0.5705868273973465
54.522,1.0,1.0,-0.5886036276817321
54.532,1.0,1.0,-0.6036816209554672
54.542,1.0,1.0,-0.6191716969013216
54.552,1.0,1.0,-0.6319161713123321
54.562,1.0,1.0,-0.6391402304172515
54.572,1.0,1.0,-0.6375916123390197
54.582,1.0,1.0,-0.6281702041625976
54.592,1.0,1.0,-0.6179309189319611
54.602,1.0,1.0,-0.6018485754728318
54.612,1.0,1.0,-0.5795317620038987
54.622,1.0,1.0,-0.5517436474561691
54.632,1.0,1.0,-0.518839430809021
54.642,1.0,1.0,-0.4855231314897537
54.652,1.0,1.0,-0.44667555540800097
54.662,1.0,1.0,-0.40208655148744576
54.672,1.0,1.0,-0.35184439867734907
54.682,1.0,1.0,-0.2963028816506267
54.692,1.0,1.0,-0.24076136462390424
54.702,1.0,1.0,-0.1852222353219986
54.712,1.0,1.0,-0.13291074335575104
54.722,1.0,1.0,-0.0803761884570122
54.732,1.0,1.0,-0.026133036613464358
54.742,1.0,1.0,0.028110115230083464
54.752,1.0,1.0,0.08326494097709654
54.763,1.0,1.0,0.1394418478012085
54.772,1.0,1.0,0.19477765858173368
54.782,1.0,1.0,0.2472360147163272
54.792,1.0,1.0,0.29969437085092065
54.802,1.0,1.0,0.35146692246198646
54.812,1.0,1.0,0.4035046622157097
54.822,1.0,1.0,0.45184904932975767
54.832,1.0,1.0,0.49563336223363874
54.842,1.0,1.0,0.5394176751375198
54.852,1.0,1.0,0.5788579672574997
54.862,1.0,1.0,0.6107180535793304
54.872,1.0,1.0,0.6336663722991943
54.882,1.0,1.0,0.6495770573616028
54.892,1.0,1.0,0.6654877424240112
54.902,1.0,1.0,0.6767108380794524
54.912,1.0,1.0,0.6847700715065003
54.922,1.0,1.0,0.6903226971626282
54.932,1.0,1.0,0.6936740517616272
54.942,1.0,1.0,0.6970254063606263
54.952,1.0,1.0,0.6992411375045776
54.963,1.0,1.0,0.7022412657737732
54.973,1.0,1.0,0.7070698320865632
54.983,1.0,1.0,0.7136498391628265
54.993,1.0,1.0,0.7202298462390899
55.003,1.0,1.0,0.7275964379310607
55.013,1.0,1.0,0.7347053885459901
55.023,1.0,1.0,0.7413608610630035
55.033,1.0,1.0,0.7467755854129791
55.043,1.0,1.0,0.7521903097629548
55.053,1.0,1.0,0.7555354535579681
55.063,1.0,1.0,0.7575675666332243
55.073,1.0,1.0,0.7590712010860443
55.083,1.0,1.0,0.7597127914428711
55.093,1.0,1.0,0.7603543817996977
55.103,1.0,1.0,0.7599311590194701
55.113,1.0,1.0,0.7570986568927763
55.123,1.0,1.0,0.7503135561943054
55.133,1.0,1.0,0.7415410041809082
55.143,1.0,1.0,0.7327684521675109
55.153,1.0,1.0,0.72433420419693
55.163,1.0,1.0,0.7152839362621307
55.173,1.0,1.0,0.7048349916934967
55.183,1.0,1.0,0.6938831210136414
55.193,1.0,1.0,0.682931250333786
55.203,1.0,1.0,0.6724661648273468
55.213,1.0,1.0,0.6651047766208649
55.223,1.0,1.0,0.6620623707771301
55.233,1.0,1.0,0.6605001091957092
55.243,1.0,1.0,0.6589378476142883
55.253,1.0,1.0,0.6575779020786284
55.263,1.0,1.0,0.6587638854980469
55.273,1.0,1.0,0.663756650686264
55.283,1.0,1.0,0.6715119063854218
55.293,1.0,1.0,0.6792671620845795
55.303,1.0,1.0,0.6891185581684113
55.313,1.0,1.0,0.7013909459114075
55.323,1.0,1.0,0.7168039500713348
55.333,1.0,1.0,0.7347984790802001
55.343,1.0,1.0,0.7524109840393065
55.353,1.0,1.0,0.770589143037796
55.363,1.0,1.0,0.7873978674411772
55.373,1.0,1.0,0.8034357845783233
55.383,1.0,1.0,0.8198045730590819
55.393,1.0,1.0,0.8395466327667237
55.403,1.0,1.0,0.8565167188644409
55.413,1.0,1.0,0.8726691663265229
55.423,1.0,1.0,0.8872166931629181
55.433,1.0,1.0,0.9020923912525176
55.443,1.0,1.0,0.9182607114315032
55.453,1.0,1.0,0.9344290316104888
55.463,1.0,1.0,0.9505718886852264
55.473,1.0,1.0,0.9657278716564177
55.483,1.0,1.0,0.977808165550232
55.493,1.0,1.0,0.9825183272361755
55.503,1.0,1.0,0.9872284889221192
55.513,1.0,1.0,0.9840967178344726
55.523,1.0,1.0,0.9762113630771635
55.533,1.0,1.0,0.9643275141716003
55.543,1.0,1.0,0.9486629843711852
55.553,1.0,1.0,0.9329984545707702
55.563,1.0,1.0,0.9153488278388976
55.573,1.0,1.0,0.8960152566432954
55.583,1.0,1.0,0.8744816005229948
55.593,1.0,1.0,0.8569448053836822
55.603,1.0,1.0,0.8346963346004485
55.613,1.0,1.0,0.8125271499156952
55.623,1.0,1.0,0.790623164176941
55.633,1.0,1.0,0.7709959387779235
55.643,1.0,1.0,0.7542387962341309
55.653,1.0,1.0,0.7380110621452332
55.663,1.0,1.0,0.7235731959342957
55.673,1.0,1.0,0.7099066555500031
55.683,1.0,1.0,0.6994967281818388
55.693,1.0,1.0,0.6890868008136749
55.703,1.0,1.0,0.6850150644779205
55.713,1.0,1.0,0.6866062223911286
55.723,1.0,1.0,0.6898985743522644
55.733,1.0,1.0,0.6926800191402436
55.743,1.0,1.0,0.6954614639282226
55.753,1.0,1.0,0.6990902960300446
55.763,1.0,1.0,0.7008054494857788
55.773,1.0,1.0,0.6905440509319305
55.783,1.0,1.0,0.662489476799965
55.793,1.0,1.0,0.6344349026679993
55.803,1.0,1.0,0.5974834084510803
55.814,1.0,1.0,0.5677832663059235
55.824,1.0,1.0,0.5501608669757843
55.834,1.0,1.0,0.5325399160385131
55.844,1.0,1.0,0.508014839887619
55.854,1.0,1.0,0.48211296796798714
55.864,1.0,1.0,0.4541564524173737
55.874,1.0,1.0,0.43682880997657775
55.884,1.0,1.0,0.4418443083763122
55.894,1.0,1.0,0.4527281135320663
55.904,1.0,1.0,0.470882323384285
55.914,1.0,1.0,0.48360188901424406
55.924,1.0,1.0,0.48974898755550383
55.934,1.0,1.0,0.4975192159414291
55.944,1.0,1.0,0.5120576947927475
55.954,1.0,1.0,0.5288789719343185
55.964,1.0,1.0,0.5494099110364914
55.974,1.0,1.0,0.5668311983346939
55.984,1.0,1.0,0.5674019664525985
55.994,1.0,1.0,0.5503859549760819
56.004,1.0,1.0,0.5333699434995651
56.014,1.0,1.0,0.5045806914567947
56.024,1.0,1.0,0.46462075412273407
56.034,1.0,1.0,0.4187382653355599
56.044,1.0,1.0,0.3689991295337677
56.054,1.0,1.0,0.31697719544172287
56.064,1.0,1.0,0.2534645790234208
56.074,1.0,1.0,0.17583103422075513
56.084,1.0,1.0,0.10197523478418588
56.094,1.0,1.0,0.04303116891533136
56.104,1.0,1.0,-0.01591289695352316
56.114,1.0,1.0,-0.06080996450036765
56.124,1.0,1.0,-0.0950620686635375
56.134,1.0,1.0,-0.12275015171617268
56.144,1.0,1.0,-0.14561576526612044
56.154,1.0,1.0,-0.16848137881606817
56.164,1.0,1.0,-0.17972105294466018
56.174,1.0,1.0,-0.17457073479890822
56.184,1.0,1.0,-0.16419547498226167
56.194,1.0,1.0,-0.15912907421588898
56.204,1.0,1.0,-0.1540626734495163
56.214,1.0,1.0,-0.15580254048109057
56.224,1.0,1.0,-0.1624033823609352
56.234,1.0,1.0,-0.17000238001346588
56.244,1.0,1.0,-0.17681998685002326
56.254,1.0,1.0,-0.18363759368658067
56.264,1.0,1.0,-0.18846213966608047
56.274,1.0,1.0,-0.18781541287899017
56.284,1.0,1.0,-0.18165061324834825
56.294,1.0,1.0,-0.17278384268283845
56.304,1.0,1.0,-0.16391707211732864
56.314,1.0,1.0,-0.15282143875956536
56.324,1.0,1.0,-0.14018039032816887
56.334,1.0,1.0,-0.1277958072721958
56.344,1.0,1.0,-0.11575658693909643
56.354,1.0,1.0,-0.10371736660599708
56.364,1.0,1.0,-0.09162838310003281
56.374,1.0,1.0,-0.08169684931635857
56.384,1.0,1.0,-0.07525349408388138
56.394,1.0,1.0,-0.07082574516534805
56.404,1.0,1.0,-0.0670265644788742
56.414,1.0,1.0,-0.0636646382510662
56.424,1.0,1.0,-0.06032276675105095
56.434,1.0,1.0,-0.05485688783228397
56.444,1.0,1.0,-0.04684066837653519
56.454,1.0,1.0,-0.03882444892078638
56.464,1.0,1.0,-0.02980272639542818
56.474,1.0,1.0,-0.02065135333687067
56.484,1.0,1.0,-0.01051295530050993
56.494,1.0,1.0,0.0010546764358878135
56.504,1.0,1.0,0.013164176605641842
56.514,1.0,1.0,0.023043730668723585
56.524,1.0,1.0,0.027656856272369624
56.534,1.0,1.0,0.02664942042902112
56.544,1.0,1.0,0.02182566821575165
56.554,1.0,1.0,0.017518298234790564
56.564,1.0,1.0,0.013012662576511505
56.574,1.0,1.0,0.010359779419377444
56.584,1.0,1.0,0.008307044627144931
56.594,1.0,1.0,0.006254309834912419
56.604,1.0,1.0,0.0034311354625970124
56.614,1.0,1.0,0.00225656577385962
56.624,1.0,1.0,0.00523761003278196
56.634,1.0,1.0,0.011089763557538388
56.644,1.0,1.0,0.0173016922082752
56.654,1.0,1.0,0.022997238626703616
56.664,1.0,1.0,0.026535789109766485
56.674,1.0,1.0,0.02853558305650949
56.684,1.0,1.0,0.031809218041598794
56.694,1.0,1.0,0.035816312022507193
56.704,1.0,1.0,0.04048971068114041
56.714,1.0,1.0,0.04574445076286793
56.724,1.0,1.0,0.052329319156706335
56.734,1.0,1.0,0.06055297385901213
56.744,1.0,1.0,0.06837646830826997
56.754,1.0,1.0,0.07619996275752784
56.764,1.0,1.0,0.0813998367637396
56.774,1.0,1.0,0.0829786255955696
56.784,1.0,1.0,0.0822040282189846
56.794,1.0,1.0,0.0828615479171276
56.804,1.0,1.0,0.08370990231633185
56.814,1.0,1.0,0.08698998168110848
56.824,1.0,1.0,0.08993539586663246
56.834,1.0,1.0,0.090974622964859
56.844,1.0,1.0,0.09154120311141015
56.854,1.0,1.0,0.09210778325796128
56.864,1.0,1.0,0.093434888869524
56.874,1.0,1.0,0.09430271089076996
56.884,1.0,1.0,0.09146909266710282
56.894,1.0,1.0,0.0824499797075987
56.904,1.0,1.0,0.07343086674809454
56.914,1.0,1.0,0.05969066750258208
56.924,1.0,1.0,0.04543205890804529
56.934,1.0,1.0,0.032687670178711416
56.944,1.0,1.0,0.02054102905094624
56.954,1.0,1.0,0.008394387923181057
56.964,1.0,1.0,-0.002772337570786476
56.974,1.0,1.0,-0.010021306900307536
56.984,1.0,1.0,-0.010848970105871556
56.994,1.0,1.0,-0.0076567146461457005
57.004,1.0,1.0,-0.002493906347081065
57.014,1.0,1.0,0.00502971769310534
57.024,1.0,1.0,0.011006009811535478
57.034,1.0,1.0,0.014753775531426072
57.044,1.0,1.0,0.018395219417288895
57.054,1.0,1.0,0.022036663303151727
57.064,1.0,1.0,0.02712744702585041
57.074,1.0,1.0,0.03236615210771561
57.084,1.0,1.0,0.03538509439677
57.094,1.0,1.0,0.038208256289362905
57.104,1.0,1.0,0.03906086534261703
57.114,1.0,1.0,0.04011013023555279
57.124,1.0,1.0,0.04249216578900814
57.134,1.0,1.0,0.04462479911744594
57.144,1.0,1.0,0.044550884142518045
57.154,1.0,1.0,0.04447696916759014
57.164,1.0,1.0,0.04188210368156433
57.174,1.0,1.0,0.03863671571016312
57.184,1.0,1.0,0.036996277049183846
57.194,1.0,1.0,0.03630608543753624
57.204,1.0,1.0,0.03561589382588863
57.214,1.0,1.0,0.03351022750139236
57.224,1.0,1.0,0.02976447008550167
57.234,1.0,1.0,0.026177249383181334
57.244,1.0,1.0,0.023842374235391612
57.254,1.0,1.0,0.0215074990876019
57.264,1.0,1.0,0.020103462785482407
57.274,1.0,1.0,0.0190572127699852
57.284,1.0,1.0,0.018648919090628623
57.294,1.0,1.0,0.019015592336654664
57.304,1.0,1.0,0.019382265582680705
57.314,1.0,1.0,0.01949436068534851
57.324,1.0,1.0,0.01817780900746584
57.334,1.0,1.0,0.01519064987078309
57.344,1.0,1.0,0.012536687962710857
57.354,1.0,1.0,0.009882726054638625
57.364,1.0,1.0,0.009920557215809821
57.374,1.0,1.0,0.01170777902007103
57.384,1.0,1.0,0.011738803610205652
57.394,1.0,1.0,0.008602753281593321
57.404,1.0,1.0,0.005466702952980995
57.414,1.0,1.0,0.0018739548046141864
57.425,1.0,1.0,0.0009560702834278344
57.435,1.0,1.0,0.0035261554876342416
57.444,1.0,1.0,0.006863501784391701
57.455,1.0,1.0,0.01020084808114916
57.465,1.0,1.0,0.009808732219971715
57.475,1.0,1.0,0.004477098048664628
57.485,1.0,1.0,-0.0015391478082165122
57.494,1.0,1.0,-0.0020815190626308324
57.505,1.0,1.0,-0.002623890317045152
57.515,1.0,1.0,0.002606261870823801
57.525,1.0,1.0,0.009219775698147713
57.535,1.0,1.0,0.015257532708346844
57.545,1.0,1.0,0.02156638549640775
57.555,1.0,1.0,0.027875238284468647
57.565,1.0,1.0,0.035772939398884776
57.575,1.0,1.0,0.04517774824053049
57.585,1.0,1.0,0.053094316460192206
57.595,1.0,1.0,0.05634332606568933
57.605,1.0,1.0,0.05959233567118645
57.615,1.0,1.0,0.05943074561655522
57.625,1.0,1.0,0.058098331466317175
57.635,1.0,1.0,0.05454541109502316
57.645,1.0,1.0,0.04832774489186704
57.655,1.0,1.0,0.04211007868871093
57.665,1.0,1.0,0.036070697288960216
57.675,1.0,1.0,0.03289289278909564
57.685,1.0,1.0,0.0314982189796865
57.695,1.0,1.0,0.028759853448718783
57.705,1.0,1.0,0.026021487917751072
57.715,1.0,1.0,0.02092114863917232
57.725,1.0,1.0,0.016501734405755995
57.735,1.0,1.0,0.017203837260603906
57.745,1.0,1.0,0.022789893904700875
57.755,1.0,1.0,0.02851178804412484
57.765,1.0,1.0,0.03369984673336148
57.775,1.0,1.0,0.03476271601393819
57.785,1.0,1.0,0.034173041302710774
57.795,1.0,1.0,0.03603720301762224
57.805,1.0,1.0,0.037901364732533686
57.815,1.0,1.0,0.04176302896812559
57.825,1.0,1.0,0.04399811215698719
57.835,1.0,1.0,0.04203850030899048
57.845,1.0,1.0,0.03715179665014148
57.855,1.0,1.0,0.03212925549596548
57.865,1.0,1.0,0.027150886412709952
57.875,1.0,1.0,0.022816098178736866
57.885,1.0,1.0,0.018313128571026027
57.895,1.0,1.0,0.013820950384251771
57.905,1.0,1.0,0.00932877219747752
57.915,1.0,1.0,0.0068424914730712775
57.925,1.0,1.0,0.0072642628801986575
57.935,1.0,1.0,0.00801634273957461
57.945,1.0,1.0,0.0056078867753967645
57.955,1.0,1.0,0.0031994308112189168
57.965,1.0,1.0,-0.0026923952857032417
57.975,1.0,1.0,-0.009198009967803955
57.985,1.0,1.0,-0.0139752596616745
57.995,1.0,1.0,-0.018014436587691307
58.005,1.0,1.0,-0.022053613513708117
58.015,1.0,1.0,-0.02797152251005173
58.025,1.0,1.0,-0.0363797314465046
58.035,1.0,1.0,-0.045586636289954185
58.045,1.0,1.0,-0.053697980195283886
58.055,1.0,1.0,-0.06180932410061359
58.065,1.0,1.0,-0.06785730682313443
58.075,1.0,1.0,-0.0727730944752693
58.085,1.0,1.0,-0.0776390165090561
58.095,1.0,1.0,-0.08085790388286114
58.105,1.0,1.0,-0.08407679125666617
58.115,1.0,1.0,-0.08426756002008913
58.125,1.0,1.0,-0.08197756800800561
58.135,1.0,1.0,-0.07704817727208138
58.145,1.0,1.0,-0.0687856680713594
58.155,1.0,1.0,-0.06052315887063742
58.165,1.0,1.0,-0.05000554643338546
58.175,1.0,1.0,-0.03890074335504323
58.185,1.0,1.0,-0.02895666214171797
58.195,1.0,1.0,-0.022271761135198177
58.205,1.0,1.0,-0.01558686012867838
58.215,1.0,1.0,-0.011575268977321683
58.225,1.0,1.0,-0.008350407681427894
58.235,1.0,1.0,-0.005714623886160552
58.245,1.0,1.0,-0.004577997874002904
58.255,1.0,1.0,-0.003441371861845255
58.265,1.0,1.0,-0.00407877421239391
58.275,1.0,1.0,-0.005037097982130945
58.285,1.0,1.0,-0.0043508203234523535
58.295,1.0,1.0,-0.001703461864963174
58.305,1.0,1.0,0.0009438965935260056
58.315,1.0,1.0,0.003963336953893304
58.325,1.0,1.0,0.005880439281463624
58.335,1.0,1.0,0.006065059173852205
58.345,1.0,1.0,0.004861331835854799
58.355,1.0,1.0,0.003657604497857392
58.365,1.0,1.0,0.0021391143323853607
58.375,1.0,1.0,0.0007597231538966297
58.385,1.0,1.0,-0.0006302984431385993
58.395,1.0,1.0,-0.002165082329884172
58.405,1.0,1.0,-0.003699866216629744
58.415,1.0,1.0,-0.0053453351836651565
58.425,1.0,1.0,-0.006506311474367976
58.435,1.0,1.0,-0.006138757662847638
58.445,1.0,1.0,-0.003670926904305816
58.455,1.0,1.0,-0.000448771147057414
58.466,1.0,1.0,0.003982909442856908
58.476,1.0,1.0,0.009724201681092382
58.486,1.0,1.0,0.01564557165838778
58.496,1.0,1.0,0.02050383258610964
58.506,1.0,1.0,0.025362093513831497
58.516,1.0,1.0,0.028234221413731574
58.526,1.0,1.0,0.02895704247057438
58.536,1.0,1.0,0.028508693259209395
58.546,1.0,1.0,0.02862861948087812
58.556,1.0,1.0,0.027994220703840257
58.566,1.0,1.0,0.0299097802489996
58.576,1.0,1.0,0.03330769687891007
58.586,1.0,1.0,0.03693962469696999
58.596,1.0,1.0,0.040165849030017846
58.606,1.0,1.0,0.04339207336306572
58.616,1.0,1.0,0.04619319848716259
58.626,1.0,1.0,0.048840025812387465
58.636,1.0,1.0,0.05199236776679753
58.646,1.0,1.0,0.0555096416734159
58.656,1.0,1.0,0.059026915580034256
58.666,1.0,1.0,0.06148726940155029
58.676,1.0,1.0,0.06202197074890137
58.686,1.0,1.0,0.06108452379703522
58.696,1.0,1.0,0.05986929461359978
58.706,1.0,1.0,0.05865406543016433
58.716,1.0,1.0,0.05911475569009781
58.726,1.0,1.0,0.0621985875070095
58.736,1.0,1.0,0.06662565916776657
58.746,1.0,1.0,0.07052248269319535
58.756,1.0,1.0,0.07441930621862411
58.766,1.0,1.0,0.07719942778348923
58.776,1.0,1.0,0.0795052893459797
58.786,1.0,1.0,0.08218569532036782
58.796,1.0,1.0,0.08584699258208275
58.806,1.0,1.0,0.08950828984379769
58.816,1.0,1.0,0.09402908608317376
58.826,1.0,1.0,0.0987288624048233
58.836,1.0,1.0,0.10295117050409316
58.846,1.0,1.0,0.10655228719115258
58.856,1.0,1.0,0.11015340387821196
58.866,1.0,1.0,0.11279224529862404
58.876,1.0,1.0,0.11368831023573876
58.886,1.0,1.0,0.1123570702970028
58.896,1.0,1.0,0.1084112510085106
58.906,1.0,1.0,0.1044654317200184
58.916,1.0,1.0,0.09843478128314016
58.926,1.0,1.0,0.09261891543865203
58.936,1.0,1.0,0.08881774172186852
58.946,1.0,1.0,0.08681711331009864
58.956,1.0,1.0,0.08481648489832878
58.966,1.0,1.0,0.08424465954303742
58.976,1.0,1.0,0.08548979461193085
58.986,1.0,1.0,0.08901341408491134
58.996,1.0,1.0,0.09470487385988237
59.006,1.0,1.0,0.10039633363485335
59.016,1.0,1.0,0.10697560906410215
59.026,1.0,1.0,0.11172432005405426
59.036,1.0,1.0,0.11281343027949334
59.046,1.0,1.0,0.1109277918934822
59.056,1.0,1.0,0.10904215350747108
59.066,1.0,1.0,0.10532821714878082
59.076,1.0,1.0,0.10030214339494706
59.086,1.0,1.0,0.09389574043452739
59.096,1.0,1.0,0.08570250533521176
59.106,1.0,1.0,0.07750927023589611
59.116,1.0,1.0,0.0674962216988206
59.126,1.0,1.0,0.056855074409395454
59.136,1.0,1.0,0.04753791876137257
59.146,1.0,1.0,0.040372020192444326
59.156,1.0,1.0,0.033206121623516084
59.166,1.0,1.0,0.027861993946135043
59.176,1.0,1.0,0.023487815447151665
59.186,1.0,1.0,0.01970299258828163
59.196,1.0,1.0,0.017372075561434032
59.206,1.0,1.0,0.01504115853458643
59.216,1.0,1.0,0.015068846195936203
59.226,1.0,1.0,0.01747549409046769
59.236,1.0,1.0,0.021090947650372983
59.246,1.0,1.0,0.024138392508029936
59.256,1.0,1.0,0.02718583736568689
59.266,1.0,1.0,0.028522772714495655
59.276,1.0,1.0,0.028231677040457724
59.286,1.0,1.0,0.02728667138144374
59.296,1.0,1.0,0.026174925430677832
59.306,1.0,1.0,0.025063179479911924
59.316,1.0,1.0,0.02295702169649303
59.326,1.0,1.0,0.018232466233894233
59.336,1.0,1.0,0.009785674465820193
59.346,1.0,1.0,-0.0013638556469231845
59.356,1.0,1.0,-0.012513385759666562
59.366,1.0,1.0,-0.02336962935514748
59.376,1.0,1.0,-0.031238919543102383
59.386,1.0,1.0,-0.035494084423407915
59.396,1.0,1.0,-0.03720440345350653
59.406,1.0,1.0,-0.03891472248360514
59.416,1.0,1.0,-0.03923878083005548
59.426,1.0,1.0,-0.038759272731840606
59.436,1.0,1.0,-0.03772965651005506
59.446,1.0,1.0,-0.03640483375638724
59.456,1.0,1.0,-0.03597487118095159
59.466,1.0,1.0,-0.03496402259916067
59.476,1.0,1.0,-0.03554524499922991
59.486,1.0,1.0,-0.03937287833541632
59.496,1.0,1.0,-0.04597037760540843
59.506,1.0,1.0,-0.05181189998984337
59.516,1.0,1.0,-0.05839341627433896
59.526,1.0,1.0,-0.06290197409689427
59.536,1.0,1.0,-0.06498488634824753
59.546,1.0,1.0,-0.06714883372187615
59.556,1.0,1.0,-0.07253444567322731
59.566,1.0,1.0,-0.07792005762457846
59.576,1.0,1.0,-0.08528707176446913
59.586,1.0,1.0,-0.09165136292576787
59.596,1.0,1.0,-0.09712925180792809
59.606,1.0,1.0,-0.10336311757564544
59.616,1.0,1.0,-0.109708983451128
59.626,1.0,1.0,-0.11740672811865809
59.636,1.0,1.0,-0.12608544528484344
59.646,1.0,1.0,-0.13400452584028244
59.656,1.0,1.0,-0.13780708163976668
59.666,1.0,1.0,-0.1432321101427078
59.676,1.0,1.0,-0.14760782569646835
59.686,1.0,1.0,-0.15225300937891006
59.696,1.0,1.0,-0.15662728399038314
59.706,1.0,1.0,-0.16100155860185622
59.716,1.0,1.0,-0.16529315263032912
59.726,1.0,1.0,-0.17048994600772857
59.736,1.0,1.0,-0.17727412581443786
59.746,1.0,1.0,-0.1855527013540268
59.756,1.0,1.0,-0.19383127689361573
59.766,1.0,1.0,-0.2025877684354782
59.776,1.0,1.0,-0.2105541199445725
59.786,1.0,1.0,-0.21761935651302336
59.796,1.0,1.0,-0.22443783879280088
59.806,1.0,1.0,-0.23125632107257843
59.816,1.0,1.0,-0.23830175399780276
59.826,1.0,1.0,-0.2456783562898636
59.836,1.0,1.0,-0.2527329236268997
59.846,1.0,1.0,-0.25821654349565504
59.856,1.0,1.0,-0.2637001633644104
59.866,1.0,1.0,-0.2669945150613785
59.876,1.0,1.0,-0.268467503786087
59.886,1.0,1.0,-0.267035123705864
59.896,1.0,1.0,-0.2609377786517143
59.906,1.0,1.0,-0.2548404335975647
59.916,1.0,1.0,-0.24533523470163343
59.926,1.0,1.0,-0.23443953245878216
59.936,1.0,1.0,-0.2238326832652092
59.946,1.0,1.0,-0.21581528335809708
59.956,1.0,1.0,-0.20455175638198853
59.966,1.0,1.0,-0.1933771088719368
59.976,1.0,1.0,-0.17654343992471694
59.986,1.0,1.0,-0.1703798457980156
59.996,1.0,1.0,-0.1852340817451477
