timestamp,ax,ay,az,gx,gy,gz,roll,pitch_k,acc_norm,gyro_norm,classe_prevista_raw,classe_prevista,delay_ms
1784923028369,0.000488444,0.658911,-0.19033,0.029334,0.0325684,0.123131,96.4739,-0.0370984,1.02843,0.222098,0,0,3.294
1784923028383,-0.003,0.791,-0.228,0.019,0.017,0.081,101.092,0.176,1.028,0.013,0,0,3.314
1784923028397,-0.005,0.848,-0.244,0.014,0.010,0.060,102.659,0.310,1.028,0.011,0,0,3.558
1784923028410,-0.006,0.880,-0.252,0.011,0.005,0.049,103.466,0.383,1.032,0.013,0,0,3.272
1784923028423,-0.004,0.900,-0.257,0.009,0.003,0.041,103.956,0.244,1.027,0.011,0,0,3.261
1784923028437,-0.003,0.914,-0.260,0.007,0.001,0.036,104.257,0.188,1.025,0.012,0,0,3.883
1784923028451,-0.004,0.924,-0.263,0.006,-0.000,0.032,104.495,0.212,1.025,0.011,0,0,3.248
1784923028464,-0.004,0.932,-0.265,0.005,-0.001,0.029,104.674,0.223,1.029,0.012,0,0,3.335
1784923028477,-0.004,0.938,-0.266,0.004,-0.002,0.027,104.803,0.226,1.024,0.013,0,0,3.262
1784923028491,-0.004,0.942,-0.268,0.004,-0.003,0.025,104.963,0.239,1.023,0.013,0,0,3.342
1784923028504,-0.004,0.947,-0.269,0.003,-0.004,0.023,105.087,0.244,1.026,0.011,0,0,3.259
1784923028518,-0.004,0.951,-0.270,0.003,-0.004,0.022,105.158,0.235,1.031,0.012,0,0,3.270
1784923028531,-0.004,0.953,-0.271,0.003,-0.005,0.021,105.224,0.236,1.022,0.013,0,0,3.277
1784923028545,-0.003,0.956,-0.272,0.002,-0.005,0.020,105.306,0.187,1.025,0.014,0,0,3.267
1784923028559,-0.003,0.958,-0.272,0.002,-0.005,0.019,105.368,0.165,1.032,0.013,0,0,3.803
1784923028572,-0.003,0.961,-0.273,0.002,-0.006,0.018,105.428,0.173,1.032,0.012,0,0,3.398
1784923028586,-0.003,0.963,-0.273,0.002,-0.006,0.018,105.414,0.187,1.025,0.016,0,0,3.263
1784923028599,-0.004,0.964,-0.273,0.002,-0.006,0.017,105.463,0.208,1.026,0.014,0,0,3.273
1784923028612,-0.004,0.966,-0.274,0.002,-0.006,0.017,105.504,0.234,1.027,0.015,0,0,3.265
1784923028626,-0.004,0.967,-0.274,0.002,-0.007,0.016,105.534,0.208,1.026,0.012,0,0,3.296
1784923028639,-0.004,0.969,-0.274,0.002,-0.007,0.016,105.514,0.227,1.032,0.014,0,0,3.263
1784923028653,-0.004,0.970,-0.274,0.002,-0.007,0.015,105.505,0.193,1.027,0.014,0,0,4.188
1784923028667,-0.003,0.971,-0.275,0.002,-0.007,0.015,105.566,0.139,1.030,0.013,0,0,3.287
1784923028680,-0.003,0.972,-0.275,0.002,-0.007,0.015,105.592,0.170,1.029,0.014,0,0,3.260
1784923028694,-0.003,0.973,-0.275,0.002,-0.007,0.015,105.612,0.177,1.027,0.015,0,0,3.581
1784923028707,-0.003,0.974,-0.276,0.002,-0.007,0.015,105.638,0.175,1.024,0.016,0,0,3.243
1784923028721,-0.003,0.974,-0.276,0.003,-0.007,0.014,105.639,0.180,1.025,0.014,0,0,3.284
1784923028734,-0.003,0.975,-0.276,0.003,-0.007,0.014,105.657,0.171,1.025,0.014,0,0,3.256
1784923028747,-0.003,0.975,-0.276,0.003,-0.007,0.014,105.656,0.152,1.024,0.013,0,0,3.502
1784923028761,-0.003,0.976,-0.276,0.003,-0.007,0.014,105.691,0.153,1.028,0.015,2,2,12.911
1784923028784,-0.003,0.977,-0.276,0.003,-0.008,0.014,105.681,0.147,1.027,0.015,2,2,3.264
1784923028797,-0.003,0.977,-0.277,0.003,-0.008,0.013,105.721,0.107,1.032,0.014,2,2,3.262
1784923028811,-0.003,0.978,-0.277,0.003,-0.008,0.013,105.745,0.109,1.025,0.009,2,2,3.253
1784923028827,-0.002,0.978,-0.277,0.003,-0.008,0.013,105.788,0.096,1.028,0.012,2,2,3.270
1784923028840,-0.002,0.979,-0.278,0.003,-0.008,0.013,105.782,0.101,1.029,0.012,2,2,3.842
1784923028855,-0.002,0.979,-0.278,0.003,-0.008,0.012,105.783,0.084,1.026,0.013,2,2,3.290
1784923028868,-0.003,0.980,-0.278,0.003,-0.008,0.012,105.774,0.122,1.036,0.012,2,2,3.255
1784923028885,-0.002,0.981,-0.278,0.003,-0.008,0.012,105.786,0.099,1.033,0.010,2,2,6.685
1784923028898,-0.003,0.981,-0.278,0.003,-0.008,0.012,105.791,0.153,1.023,0.013,2,2,3.249
1784923028913,-0.003,0.981,-0.278,0.003,-0.008,0.011,105.799,0.146,1.033,0.013,2,2,5.126
1784923028927,-0.002,0.982,-0.278,0.003,-0.008,0.011,105.776,0.113,1.026,0.011,2,2,3.244
1784923028941,-0.003,0.982,-0.278,0.003,-0.008,0.011,105.789,0.164,1.033,0.014,2,2,3.676
1784923028954,-0.003,0.983,-0.278,0.003,-0.008,0.011,105.782,0.182,1.030,0.013,2,2,3.260
1784923028967,-0.003,0.983,-0.279,0.003,-0.008,0.011,105.826,0.163,1.031,0.011,2,2,3.253
1784923028983,-0.003,0.983,-0.279,0.003,-0.008,0.011,105.828,0.149,1.022,0.013,2,2,3.889
1784923028997,-0.003,0.983,-0.279,0.003,-0.008,0.011,105.840,0.161,1.028,0.011,2,2,3.267
1784923029010,-0.003,0.983,-0.279,0.003,-0.008,0.010,105.813,0.164,1.022,0.012,2,2,3.307
1784923029024,-0.003,0.983,-0.279,0.002,-0.009,0.010,105.805,0.166,1.019,0.012,2,2,3.286
1784923029037,-0.003,0.983,-0.279,0.002,-0.009,0.010,105.815,0.170,1.026,0.012,2,2,3.259
1784923029050,-0.003,0.983,-0.278,0.002,-0.009,0.010,105.780,0.173,1.021,0.012,2,2,3.895
1784923029064,-0.003,0.984,-0.279,0.002,-0.009,0.010,105.787,0.170,1.032,0.013,2,2,3.259
1784923029078,-0.003,0.984,-0.278,0.002,-0.009,0.010,105.771,0.197,1.025,0.013,2,2,3.321
1784923029091,-0.003,0.984,-0.279,0.002,-0.009,0.010,105.793,0.158,1.026,0.013,2,2,3.255
1784923029108,-0.003,0.984,-0.279,0.002,-0.009,0.010,105.785,0.155,1.024,0.011,2,2,6.871
1784923029121,-0.003,0.984,-0.279,0.002,-0.009,0.009,105.796,0.164,1.028,0.011,2,2,3.869
1784923029140,-0.003,0.985,-0.279,0.002,-0.009,0.009,105.781,0.171,1.028,0.010,2,2,8.158
1784923029154,-0.003,0.985,-0.279,0.002,-0.009,0.009,105.763,0.177,1.024,0.011,2,2,3.259
1784923029167,-0.003,0.985,-0.279,0.002,-0.009,0.009,105.763,0.155,1.028,0.010,2,2,3.263
1784923029180,-0.003,0.985,-0.278,0.001,-0.009,0.009,105.739,0.151,1.027,0.011,2,2,3.273
1784923029194,-0.003,0.985,-0.278,0.001,-0.009,0.009,105.736,0.187,1.027,0.013,2,2,3.945
1784923029208,-0.003,0.985,-0.279,0.001,-0.009,0.009,105.747,0.200,1.031,0.015,2,2,3.269
1784923029221,-0.003,0.986,-0.279,0.001,-0.009,0.009,105.782,0.187,1.037,0.011,2,2,3.266
1784923029238,-0.003,0.986,-0.279,0.001,-0.009,0.009,105.792,0.170,1.027,0.013,2,2,6.714
1784923029251,-0.003,0.986,-0.279,0.001,-0.009,0.009,105.772,0.163,1.031,0.015,2,2,3.254
1784923029265,-0.003,0.986,-0.279,0.000,-0.009,0.009,105.784,0.173,1.024,0.017,2,2,4.720
1784923029280,-0.003,0.986,-0.279,0.000,-0.009,0.009,105.760,0.184,1.026,0.017,2,2,3.259
1784923029294,-0.003,0.987,-0.279,-0.000,-0.009,0.009,105.730,0.175,1.028,0.014,2,2,3.305
1784923029307,-0.003,0.987,-0.279,-0.000,-0.009,0.009,105.729,0.204,1.028,0.012,2,2,3.266
1784923029321,-0.003,0.987,-0.279,-0.000,-0.009,0.009,105.738,0.201,1.025,0.016,2,2,3.262
1784923029334,-0.003,0.987,-0.279,-0.001,-0.009,0.009,105.755,0.214,1.022,0.019,2,2,3.939
1784923029348,-0.003,0.987,-0.279,-0.001,-0.009,0.009,105.732,0.195,1.031,0.017,2,2,3.265
1784923029364,-0.003,0.987,-0.279,-0.001,-0.009,0.009,105.725,0.126,1.027,0.019,2,2,5.669
1784923029377,-0.003,0.987,-0.279,-0.002,-0.009,0.010,105.749,0.121,1.030,0.021,2,2,3.261
1784923029391,-0.003,0.987,-0.279,-0.002,-0.009,0.010,105.719,0.121,1.028,0.022,2,2,3.376
1784923029404,-0.002,0.988,-0.278,-0.003,-0.009,0.010,105.690,0.092,1.030,0.018,2,2,3.818
1784923029419,-0.002,0.988,-0.278,-0.003,-0.009,0.010,105.639,0.073,1.031,0.015,2,2,3.745
1784923029432,-0.002,0.988,-0.278,-0.003,-0.009,0.010,105.610,0.072,1.029,0.016,2,2,3.264
1784923029446,-0.002,0.988,-0.277,-0.003,-0.009,0.010,105.562,0.065,1.029,0.014,2,2,4.308
1784923029460,-0.002,0.988,-0.277,-0.003,-0.009,0.010,105.524,0.009,1.024,0.014,2,2,3.229
1784923029474,-0.001,0.988,-0.277,-0.003,-0.009,0.010,105.528,-0.012,1.022,0.015,2,2,4.796
1784923029489,-0.001,0.988,-0.277,-0.003,-0.009,0.010,105.520,-0.048,1.033,0.013,2,2,3.891
1784923029502,-0.001,0.989,-0.276,-0.003,-0.009,0.010,105.475,-0.091,1.031,0.015,2,2,3.236
1784923029516,-0.000,0.989,-0.276,-0.003,-0.009,0.010,105.485,-0.096,1.022,0.013,2,2,3.229
1784923029529,-0.001,0.989,-0.276,-0.003,-0.009,0.010,105.471,-0.063,1.029,0.014,2,2,3.238
1784923029542,-0.001,0.989,-0.276,-0.003,-0.009,0.010,105.462,-0.056,1.026,0.013,2,2,3.682
1784923029557,-0.000,0.989,-0.276,-0.003,-0.009,0.010,105.445,-0.056,1.023,0.012,2,2,3.247
1784923029570,-0.001,0.989,-0.276,-0.003,-0.009,0.010,105.446,-0.026,1.031,0.011,2,2,3.225
1784923029584,-0.001,0.989,-0.276,-0.003,-0.009,0.010,105.452,-0.014,1.033,0.010,2,2,3.874
1784923029597,-0.001,0.989,-0.275,-0.003,-0.009,0.010,105.442,-0.016,1.029,0.011,2,2,3.230
1784923029611,-0.001,0.989,-0.275,-0.002,-0.009,0.010,105.423,0.047,1.024,0.013,2,2,3.691
1784923029625,-0.001,0.989,-0.275,-0.002,-0.009,0.009,105.426,0.050,1.023,0.010,2,2,3.251
1784923029638,-0.001,0.989,-0.275,-0.002,-0.009,0.009,105.469,0.027,1.028,0.012,2,2,3.224
1784923029651,-0.001,0.989,-0.275,-0.002,-0.009,0.009,105.489,0.029,1.022,0.014,2,2,3.243
1784923029665,-0.001,0.989,-0.275,-0.002,-0.008,0.009,105.464,-0.010,1.031,0.011,2,2,3.220
1784923029679,-0.001,0.989,-0.275,-0.002,-0.008,0.009,105.424,0.002,1.030,0.012,2,2,4.421
1784923029693,-0.001,0.989,-0.275,-0.002,-0.008,0.010,105.492,0.014,1.019,0.015,2,2,3.230
1784923029707,-0.001,0.989,-0.275,-0.002,-0.008,0.010,105.479,-0.004,1.027,0.017,2,2,3.235
1784923029720,-0.000,0.989,-0.275,-0.002,-0.008,0.010,105.480,-0.009,1.024,0.017,2,2,3.235
1784923029733,-0.000,0.989,-0.274,-0.002,-0.008,0.010,105.409,-0.042,1.031,0.016,2,2,3.225
1784923029747,-0.000,0.989,-0.274,-0.002,-0.008,0.010,105.410,-0.003,1.026,0.014,2,2,3.829
1784923029761,-0.000,0.989,-0.275,-0.002,-0.008,0.010,105.469,-0.020,1.014,0.016,2,2,3.231
1784923029774,-0.000,0.989,-0.275,-0.003,-0.008,0.011,105.469,-0.020,1.028,0.026,2,2,3.234
1784923029787,-0.000,0.989,-0.274,-0.003,-0.008,0.011,105.419,-0.008,1.023,0.022,2,2,3.239
1784923029801,-0.000,0.989,-0.274,-0.004,-0.008,0.011,105.386,-0.010,1.030,0.020,2,2,3.224
1784923029814,-0.000,0.989,-0.274,-0.004,-0.008,0.011,105.385,-0.039,1.023,0.020,2,2,3.720
1784923029828,0.000,0.989,-0.274,-0.004,-0.008,0.011,105.373,-0.077,1.027,0.021,2,2,3.231
1784923029841,0.000,0.989,-0.273,-0.004,-0.008,0.012,105.326,-0.063,1.028,0.026,2,2,3.235
1784923029854,0.001,0.989,-0.273,-0.004,-0.007,0.012,105.327,-0.146,1.031,0.017,2,2,3.238
1784923029868,0.001,0.989,-0.273,-0.004,-0.007,0.012,105.305,-0.180,1.025,0.022,2,2,3.222
1784923029881,0.001,0.989,-0.273,-0.004,-0.007,0.013,105.353,-0.189,1.017,0.025,2,2,3.733
1784923029895,0.001,0.989,-0.273,-0.005,-0.007,0.014,105.411,-0.132,1.021,0.044,2,2,3.224
1784923029908,0.001,0.989,-0.273,-0.006,-0.007,0.015,105.349,-0.161,1.026,0.042,2,2,3.238
1784923029922,0.002,0.988,-0.273,-0.006,-0.007,0.015,105.337,-0.180,1.015,0.041,2,2,3.235
1784923029935,0.002,0.988,-0.272,-0.006,-0.006,0.016,105.304,-0.183,1.024,0.046,2,2,3.227
1784923029948,0.005,0.989,-0.272,-0.006,-0.005,0.018,105.250,-0.528,1.038,0.054,2,2,3.701
1784923029962,0.005,0.989,-0.271,-0.007,-0.006,0.019,105.174,-0.576,1.035,0.048,2,2,3.226
1784923029975,0.006,0.990,-0.271,-0.006,-0.006,0.019,105.159,-0.615,1.025,0.039,2,2,3.267
1784923029989,0.006,0.989,-0.271,-0.006,-0.006,0.020,105.155,-0.656,1.015,0.034,2,2,3.226
1784923030002,0.007,0.989,-0.270,-0.005,-0.006,0.020,105.143,-0.677,1.010,0.036,2,2,3.224
1784923030015,0.007,0.988,-0.270,-0.004,-0.007,0.020,105.126,-0.667,1.020,0.040,2,2,3.697
1784923030029,0.007,0.988,-0.270,-0.003,-0.008,0.020,105.164,-0.653,1.019,0.044,2,2,3.229
1784923030042,0.007,0.989,-0.270,-0.001,-0.009,0.021,105.104,-0.632,1.034,0.053,2,2,3.259
1784923030056,0.007,0.990,-0.270,0.000,-0.009,0.021,105.078,-0.555,1.055,0.058,2,2,3.223
1784923030069,0.007,0.991,-0.270,0.002,-0.009,0.021,105.075,-0.549,1.044,0.059,2,2,3.244
1784923030082,0.007,0.991,-0.270,0.004,-0.009,0.022,105.121,-0.594,1.036,0.055,2,2,3.685
1784923030096,0.007,0.991,-0.270,0.004,-0.009,0.022,105.163,-0.610,1.028,0.033,2,2,3.228
1784923030109,0.008,0.992,-0.271,0.005,-0.010,0.021,105.187,-0.639,1.040,0.029,2,2,3.234
1784923030123,0.008,0.992,-0.271,0.006,-0.010,0.020,105.216,-0.606,1.046,0.029,2,2,3.235
1784923030136,0.008,0.993,-0.271,0.006,-0.010,0.020,105.239,-0.574,1.042,0.026,2,2,3.241
1784923030149,0.008,0.993,-0.271,0.007,-0.009,0.019,105.242,-0.573,1.044,0.032,2,2,3.685
1784923030163,0.008,0.994,-0.272,0.009,-0.009,0.019,105.256,-0.639,1.036,0.038,2,2,3.226
1784923030177,0.009,0.993,-0.272,0.010,-0.009,0.017,105.294,-0.655,1.025,0.037,2,2,3.235
1784923030190,0.009,0.993,-0.272,0.011,-0.009,0.016,105.295,-0.688,1.019,0.044,2,2,3.225
1784923030203,0.010,0.993,-0.272,0.012,-0.009,0.014,105.297,-0.752,1.031,0.050,2,2,3.246
1784923030217,0.011,0.994,-0.272,0.013,-0.009,0.012,105.264,-0.831,1.045,0.079,2,2,3.699
1784923030230,0.011,0.993,-0.272,0.015,-0.009,0.009,105.314,-0.837,1.028,0.096,2,2,3.229
1784923030244,0.010,0.993,-0.273,0.017,-0.009,0.006,105.414,-0.773,1.026,0.102,2,2,3.234
1784923030257,0.010,0.992,-0.273,0.019,-0.010,0.003,105.483,-0.718,1.013,0.093,2,2,3.227
1784923030270,0.010,0.991,-0.274,0.021,-0.010,0.001,105.551,-0.659,1.014,0.087,2,2,3.264
1784923030284,0.009,0.991,-0.274,0.022,-0.010,-0.000,105.631,-0.550,1.019,0.074,2,2,3.687
1784923030297,0.009,0.990,-0.275,0.024,-0.010,-0.002,105.724,-0.527,1.024,0.068,2,2,3.231
1784923030311,0.008,0.991,-0.276,0.025,-0.010,-0.003,105.756,-0.479,1.045,0.071,2,2,3.232
1784923030324,0.008,0.991,-0.276,0.026,-0.010,-0.004,105.824,-0.399,1.034,0.066,2,2,3.226
1784923030337,0.008,0.991,-0.277,0.027,-0.010,-0.005,105.872,-0.376,1.032,0.065,2,2,3.277
1784923030351,0.007,0.991,-0.278,0.028,-0.010,-0.006,105.952,-0.268,1.025,0.062,2,2,3.685
1784923030365,0.006,0.991,-0.279,0.029,-0.010,-0.007,106.020,-0.195,1.033,0.054,2,2,3.240
1784923030378,0.006,0.991,-0.279,0.030,-0.009,-0.008,106.008,-0.166,1.041,0.063,2,2,3.242
1784923030391,0.005,0.991,-0.279,0.031,-0.009,-0.009,106.038,-0.144,1.036,0.082,2,2,3.228
1784923030405,0.005,0.991,-0.280,0.033,-0.008,-0.011,106.111,-0.125,1.033,0.090,2,2,3.238
1784923030418,0.004,0.992,-0.281,0.034,-0.008,-0.012,106.176,-0.041,1.050,0.094,2,2,3.688
1784923030432,0.004,0.993,-0.281,0.037,-0.007,-0.015,106.107,-0.072,1.062,0.124,2,2,3.229
1784923030445,0.005,0.995,-0.281,0.040,-0.006,-0.019,106.019,-0.119,1.077,0.170,2,2,3.230
1784923030458,0.004,0.997,-0.282,0.044,-0.005,-0.023,106.025,-0.018,1.081,0.200,2,2,3.233
1784923030472,0.004,0.998,-0.284,0.049,-0.004,-0.028,106.148,-0.060,1.066,0.257,2,2,3.231
1784923030485,0.004,1.000,-0.286,0.057,-0.004,-0.032,106.273,-0.079,1.097,0.287,3,3,3.686
1784923030499,0.004,1.003,-0.286,0.067,-0.004,-0.034,106.225,-0.082,1.115,0.334,3,3,3.237
1784923030512,0.003,1.005,-0.291,0.078,-0.003,-0.037,106.616,0.002,1.120,0.388,3,3,3.237
1784923030525,-0.000,1.012,-0.293,0.092,-0.001,-0.040,106.590,0.304,1.199,0.465,3,3,3.229
1784923030539,0.000,1.018,-0.294,0.107,-0.001,-0.043,106.442,0.233,1.204,0.526,3,3,3.253
1784923030552,-0.002,1.026,-0.295,0.128,-0.001,-0.041,106.323,0.415,1.251,0.664,3,3,3.682
1784923030566,-0.002,1.034,-0.298,0.149,-0.001,-0.039,106.371,0.447,1.258,0.706,3,3,3.240
1784923030579,-0.004,1.047,-0.302,0.172,-0.002,-0.038,106.349,0.601,1.384,0.748,3,3,3.232
1784923030593,-0.009,1.065,-0.305,0.195,-0.003,-0.036,106.108,0.963,1.507,0.795,3,3,3.234
1784923030606,-0.012,1.083,-0.308,0.223,-0.002,-0.033,105.952,1.137,1.519,0.974,3,3,3.238
1784923030619,-0.012,1.101,-0.311,0.257,-0.003,-0.027,105.790,1.053,1.546,1.132,3,3,3.892
1784923030633,-0.014,1.120,-0.314,0.295,-0.003,-0.022,105.614,1.186,1.593,1.294,3,3,3.236
1784923030647,-0.023,1.146,-0.321,0.337,-0.002,-0.015,105.572,1.697,1.787,1.422,3,3,3.231
1784923030660,-0.028,1.176,-0.321,0.385,0.002,-0.007,105.068,1.953,1.864,1.645,3,3,3.230
1784923030673,-0.007,1.202,-0.318,0.443,0.001,-0.001,104.405,0.460,1.850,1.958,3,3,3.236
1784923030686,0.008,1.230,-0.318,0.509,-0.005,0.007,103.948,-0.596,1.883,2.234,3,3,3.674
1784923030700,0.020,1.249,-0.315,0.573,-0.015,0.017,103.425,-1.443,1.711,2.289,3,3,3.242
1784923030714,0.035,1.258,-0.317,0.645,-0.027,0.043,103.498,-2.560,1.540,2.621,3,3,3.232
1784923030727,0.047,1.273,-0.311,0.713,-0.045,0.064,102.853,-3.369,1.647,2.598,3,3,3.228
1784923030740,0.061,1.280,-0.315,0.779,-0.066,0.083,103.102,-4.339,1.531,2.639,3,3,3.233
1784923030754,0.071,1.253,-0.312,0.841,-0.093,0.096,103.751,-6.051,0.769,2.609,4,4,3.683
1784923030767,0.088,1.214,-0.293,0.888,-0.124,0.104,100.550,-10.478,0.602,2.324,4,4,3.245
1784923030781,0.085,1.138,-0.219,0.906,-0.156,0.107,89.099,-9.542,1.491,1.705,4,4,3.233
1784923030794,0.075,1.079,-0.178,0.893,-0.176,0.103,78.932,-7.546,0.755,0.897,4,4,3.231
1784923030807,0.063,1.048,-0.137,0.850,-0.189,0.087,73.940,-5.604,0.875,0.663,4,4,3.232
1784923030821,0.058,1.009,-0.098,0.799,-0.194,0.076,67.922,-4.716,0.779,0.657,4,4,3.936
1784923030835,0.054,0.969,-0.063,0.735,-0.196,0.074,62.234,-4.046,0.716,0.962,4,4,3.241
1784923030848,0.045,0.937,-0.031,0.657,-0.192,0.069,58.253,-2.413,0.728,1.372,4,4,3.235
1784923030861,0.033,0.914,-0.004,0.569,-0.183,0.058,56.101,-0.525,0.738,1.711,4,4,3.228
1784923030875,0.024,0.896,0.017,0.476,-0.167,0.049,55.085,0.852,0.710,1.983,4,4,3.235
1784923030888,0.021,0.880,0.034,0.372,-0.149,0.047,54.812,1.211,0.684,2.335,4,4,3.683
1784923030902,0.024,0.876,0.047,0.266,-0.132,0.046,56.051,0.528,0.852,2.519,4,4,3.239
1784923030915,0.030,0.887,0.052,0.163,-0.122,0.044,58.457,-0.342,1.145,2.506,4,4,3.231
1784923030928,0.034,0.910,0.050,0.064,-0.117,0.046,61.468,-0.781,1.415,2.503,4,4,3.229
1784923030942,0.034,0.939,0.041,-0.031,-0.116,0.049,64.701,-0.843,1.582,2.507,4,4,3.235
1784923030955,0.030,0.973,0.026,-0.121,-0.115,0.054,68.078,-0.575,1.742,2.468,5,5,3.695
1784923030969,0.024,1.008,0.004,-0.201,-0.112,0.057,71.558,-0.170,1.841,2.278,5,5,3.255
1784923030982,0.019,1.040,-0.022,-0.275,-0.105,0.064,75.141,0.077,1.841,2.221,5,5,3.231
1784923030996,0.018,1.074,-0.050,-0.342,-0.093,0.072,78.472,0.111,1.938,2.105,5,5,3.232
1784923031009,0.022,1.096,-0.080,-0.404,-0.079,0.087,81.942,-0.232,1.739,2.097,5,5,3.234
1784923031022,0.027,1.116,-0.110,-0.468,-0.066,0.106,85.213,-0.684,1.740,2.212,5,5,3.863
1784923031036,0.030,1.137,-0.141,-0.528,-0.055,0.125,88.248,-0.895,1.803,2.195,5,5,3.236
1784923031049,0.029,1.158,-0.174,-0.583,-0.047,0.143,91.127,-0.784,1.840,2.096,5,5,3.228
1784923031063,0.022,1.175,-0.206,-0.632,-0.039,0.158,93.916,-0.320,1.809,1.990,5,5,3.230
1784923031076,0.013,1.191,-0.237,-0.675,-0.031,0.168,96.471,0.276,1.790,1.856,5,5,3.232
1784923031089,0.009,1.204,-0.266,-0.712,-0.023,0.174,98.815,0.446,1.739,1.725,5,5,3.684
1784923031103,0.015,1.212,-0.294,-0.742,-0.017,0.181,101.139,-0.028,1.684,1.569,5,5,3.243
1784923031116,0.023,1.215,-0.323,-0.766,-0.015,0.192,103.549,-0.733,1.594,1.467,5,5,3.234
1784923031130,0.027,1.214,-0.351,-0.785,-0.017,0.204,106.013,-1.047,1.534,1.374,5,5,3.228
1784923031143,0.023,1.212,-0.378,-0.797,-0.022,0.213,108.226,-0.736,1.530,1.210,5,5,3.233
1784923031156,0.016,1.209,-0.405,-0.802,-0.027,0.219,110.423,-0.149,1.529,1.002,5,5,3.694
1784923031170,0.008,1.205,-0.435,-0.797,-0.032,0.220,112.672,0.416,1.554,0.733,5,5,3.243
1784923031184,0.002,1.200,-0.465,-0.782,-0.039,0.220,114.909,0.830,1.569,0.508,5,5,3.232
1784923031197,-0.002,1.191,-0.494,-0.761,-0.046,0.218,117.101,1.092,1.508,0.359,5,5,3.225
1784923031210,-0.007,1.184,-0.519,-0.732,-0.054,0.215,118.892,1.366,1.497,0.286,5,5,3.235
1784923031224,-0.012,1.178,-0.541,-0.696,-0.062,0.209,120.377,1.718,1.459,0.359,1,1,3.910
1784923031238,-0.018,1.170,-0.559,-0.655,-0.068,0.202,121.707,2.182,1.389,0.478,1,1,3.241
1784923031251,-0.026,1.163,-0.576,-0.610,-0.073,0.192,122.757,2.730,1.400,0.590,1,1,3.233
1784923031264,-0.033,1.158,-0.591,-0.561,-0.075,0.181,123.590,3.216,1.412,0.739,1,1,3.227
1784923031277,-0.002,1.106,-0.495,-0.522,-0.088,0.139,111.726,0.743,1.744,1.148,1,1,3.236
1784923031291,0.013,1.107,-0.466,-0.455,-0.102,0.086,108.882,-0.947,1.185,1.875,1,1,3.681
1784923031305,0.001,1.110,-0.450,-0.394,-0.118,0.046,107.482,0.337,1.225,1.645,1,1,3.241
1784923031318,-0.023,1.108,-0.428,-0.323,-0.118,0.035,105.586,2.902,1.192,1.549,1,1,3.231
1784923031331,-0.024,1.105,-0.414,-0.260,-0.110,0.031,104.583,2.817,1.052,1.363,1,1,3.228
1784923031345,-0.023,1.102,-0.402,-0.199,-0.103,0.028,103.938,2.537,1.035,1.397,1,1,3.240
1784923031358,-0.021,1.094,-0.395,-0.149,-0.099,0.028,104.097,2.175,0.953,1.158,1,1,3.689
1784923031372,-0.021,1.088,-0.389,-0.107,-0.095,0.028,104.140,2.077,0.990,0.983,1,1,3.246
1784923031385,-0.022,1.083,-0.384,-0.073,-0.085,0.032,104.341,2.093,1.015,0.832,1,1,3.227
1784923031398,-0.016,1.076,-0.382,-0.048,-0.076,0.034,104.856,1.324,0.990,0.634,1,1,3.247
1784923031412,-0.015,1.072,-0.377,-0.029,-0.067,0.035,104.869,1.092,1.013,0.494,1,1,3.235
1784923031425,-0.011,1.068,-0.369,-0.013,-0.060,0.035,104.599,0.577,1.012,0.426,1,1,3.867
1784923031439,-0.008,1.063,-0.363,0.001,-0.054,0.034,104.458,0.309,0.978,0.383,1,1,3.261
1784923031452,-0.005,1.059,-0.357,0.014,-0.050,0.033,104.314,-0.134,0.992,0.336,1,1,3.237
1784923031466,-0.001,1.054,-0.352,0.024,-0.047,0.031,104.307,-0.549,0.993,0.289,1,1,3.242
1784923031479,0.002,1.047,-0.350,0.030,-0.046,0.027,104.770,-0.901,0.935,0.204,1,1,3.228
1784923031492,0.005,1.046,-0.344,0.037,-0.046,0.023,104.462,-1.177,1.045,0.229,1,1,3.697
1784923031506,0.006,1.040,-0.342,0.041,-0.047,0.020,104.809,-1.270,0.974,0.177,1,1,3.265
1784923031520,0.006,1.038,-0.339,0.043,-0.047,0.017,104.840,-1.206,1.017,0.123,1,1,3.231
1784923031533,0.006,1.036,-0.336,0.044,-0.046,0.016,104.901,-1.063,1.034,0.086,1,1,3.243
1784923031546,0.006,1.035,-0.333,0.045,-0.045,0.017,104.913,-1.032,1.044,0.065,1,1,3.241
1784923031560,0.006,1.033,-0.330,0.044,-0.044,0.018,104.961,-0.990,1.030,0.053,1,1,3.705
1784923031573,0.007,1.032,-0.328,0.042,-0.042,0.020,104.965,-1.045,1.039,0.064,1,1,3.233
1784923031587,0.009,1.031,-0.325,0.040,-0.041,0.021,104.941,-1.125,1.045,0.065,1,1,3.240
1784923031600,0.011,1.030,-0.322,0.038,-0.039,0.022,104.903,-1.383,1.044,0.055,1,1,3.229
1784923031615,0.013,1.028,-0.319,0.035,-0.038,0.022,104.840,-1.523,1.029,0.053,1,1,4.484
1784923031628,0.015,1.027,-0.316,0.033,-0.038,0.021,104.711,-1.724,1.036,0.034,1,1,3.923
1784923031642,0.016,1.026,-0.312,0.031,-0.037,0.020,104.601,-1.771,1.032,0.026,1,1,3.230
1784923031656,0.017,1.025,-0.309,0.029,-0.036,0.019,104.473,-1.727,1.028,0.021,1,1,3.231
1784923031669,0.018,1.024,-0.306,0.028,-0.034,0.018,104.345,-1.769,1.028,0.015,1,1,3.226
1784923031684,0.019,1.022,-0.303,0.027,-0.033,0.016,104.300,-1.820,1.016,0.021,1,1,4.493
1784923031697,0.019,1.021,-0.300,0.027,-0.033,0.015,104.236,-1.814,1.024,0.028,1,1,3.697
1784923031711,0.021,1.020,-0.298,0.027,-0.032,0.013,104.144,-1.895,1.028,0.051,1,1,3.225
1784923031724,0.022,1.019,-0.295,0.028,-0.032,0.011,104.109,-1.964,1.032,0.073,1,1,3.229
1784923031738,0.022,1.018,-0.293,0.029,-0.032,0.009,104.091,-1.984,1.017,0.090,1,1,3.228
1784923031752,0.023,1.016,-0.291,0.031,-0.032,0.007,104.128,-1.930,1.019,0.090,1,1,3.958
1784923031765,0.023,1.016,-0.289,0.032,-0.032,0.004,104.095,-1.877,1.029,0.086,2,2,3.694
1784923031779,0.023,1.015,-0.288,0.033,-0.032,0.003,104.137,-1.857,1.022,0.088,2,2,3.246
1784923031792,0.023,1.013,-0.287,0.033,-0.033,0.001,104.270,-1.751,1.014,0.074,2,2,3.227
1784923031805,0.022,1.012,-0.286,0.034,-0.033,0.001,104.292,-1.635,1.023,0.053,2,2,3.221
1784923031819,0.022,1.011,-0.285,0.034,-0.033,0.000,104.329,-1.563,1.025,0.049,2,2,3.252
1784923031832,0.021,1.010,-0.284,0.034,-0.033,0.000,104.350,-1.501,1.032,0.050,2,2,4.001
1784923031846,0.021,1.010,-0.282,0.034,-0.033,0.000,104.300,-1.370,1.028,0.060,2,2,3.222
1784923031859,0.021,1.009,-0.281,0.035,-0.033,-0.000,104.309,-1.388,1.020,0.055,2,2,3.272
1784923031873,0.022,1.010,-0.279,0.037,-0.033,-0.002,104.241,-1.489,1.055,0.106,2,2,3.231
1784923031886,0.023,1.010,-0.278,0.040,-0.034,-0.004,104.233,-1.531,1.039,0.139,2,2,3.239
1784923031899,0.023,1.010,-0.277,0.044,-0.034,-0.006,104.242,-1.510,1.047,0.171,2,2,3.700
1784923031913,0.021,1.009,-0.278,0.048,-0.034,-0.009,104.404,-1.332,1.043,0.168,2,2,3.228
1784923031927,0.021,1.009,-0.278,0.052,-0.033,-0.011,104.499,-1.263,1.039,0.182,2,2,3.254
1784923031940,0.021,1.009,-0.277,0.057,-0.033,-0.014,104.530,-1.244,1.047,0.193,2,2,3.226
1784923031953,0.022,1.011,-0.276,0.062,-0.032,-0.018,104.456,-1.336,1.092,0.236,2,2,3.235
1784923031967,0.023,1.013,-0.276,0.069,-0.031,-0.024,104.397,-1.475,1.090,0.315,3,3,3.686
1784923031980,0.024,1.014,-0.277,0.078,-0.030,-0.033,104.558,-1.531,1.063,0.396,3,3,3.228
1784923031994,0.023,1.015,-0.277,0.085,-0.028,-0.042,104.652,-1.419,1.084,0.405,3,3,3.250
1784923032007,0.023,1.018,-0.277,0.094,-0.026,-0.054,104.639,-1.403,1.125,0.482,3,3,3.226
1784923032020,0.025,1.021,-0.277,0.104,-0.025,-0.067,104.607,-1.580,1.113,0.550,3,3,3.229
1784923032034,0.022,1.028,-0.278,0.116,-0.021,-0.073,104.527,-1.203,1.219,0.469,2,2,3.981
1784923032048,0.018,1.040,-0.279,0.140,-0.022,-0.081,104.424,-0.832,1.340,0.833,2,2,3.220
1784923032061,0.017,1.054,-0.280,0.166,-0.022,-0.090,104.218,-0.750,1.385,0.910,2,2,3.255
1784923032074,0.021,1.069,-0.282,0.196,-0.021,-0.086,104.107,-1.113,1.457,0.960,2,2,3.231
1784923032088,0.024,1.095,-0.286,0.229,-0.022,-0.087,103.986,-1.235,1.698,1.087,2,2,3.224
1784923032101,0.032,1.127,-0.288,0.265,-0.028,-0.089,103.636,-1.742,1.863,1.232,3,3,3.707
1784923032115,0.039,1.159,-0.289,0.310,-0.035,-0.090,103.239,-2.127,1.893,1.504,3,3,3.233
1784923032128,0.033,1.193,-0.293,0.360,-0.043,-0.088,103.056,-1.657,1.986,1.659,3,3,3.236
1784923032142,0.020,1.222,-0.294,0.412,-0.050,-0.081,102.686,-0.748,1.902,1.797,3,3,3.232
1784923032155,0.010,1.254,-0.291,0.483,-0.056,-0.064,102.128,-0.128,1.982,2.351,3,3,3.228
1784923032168,-0.003,1.288,-0.283,0.558,-0.060,-0.049,101.236,0.672,2.055,2.532,3,3,3.746
1784923032182,0.004,1.317,-0.276,0.630,-0.063,-0.032,100.553,0.135,1.950,2.537,3,3,3.239
1784923032195,0.022,1.346,-0.274,0.699,-0.067,-0.012,100.174,-0.987,2.030,2.561,3,3,3.232
1784923032209,0.047,1.357,-0.261,0.766,-0.081,0.021,99.153,-2.783,1.714,2.681,3,3,3.235
1784923032222,0.060,1.362,-0.263,0.830,-0.105,0.036,99.386,-3.758,1.541,2.641,3,3,3.222
1784923032236,0.077,1.320,-0.245,0.892,-0.134,0.052,96.549,-7.822,0.621,2.690,4,4,4.041
1784923032250,0.088,1.246,-0.214,0.948,-0.168,0.059,83.672,-9.743,0.683,2.630,4,4,3.237
1784923032263,0.065,1.164,-0.159,0.949,-0.188,0.055,72.760,-6.951,1.298,1.219,4,4,3.231
1784923032276,0.051,1.084,-0.107,0.910,-0.192,0.047,62.743,-5.211,1.249,0.349,4,4,3.251
1784923032290,0.042,1.052,-0.062,0.851,-0.184,0.031,58.818,-3.794,1.000,0.796,4,4,3.223
1784923032303,0.039,1.023,-0.020,0.785,-0.172,0.017,55.431,-3.351,0.966,1.010,4,4,3.706
1784923032317,0.041,0.988,0.015,0.712,-0.158,0.016,51.626,-3.655,0.817,1.182,4,4,3.235
1784923032330,0.041,0.951,0.045,0.628,-0.144,0.023,47.781,-3.583,0.728,1.579,4,4,3.223
1784923032343,0.034,0.919,0.071,0.531,-0.127,0.025,45.128,-2.310,0.691,2.037,4,4,3.246
1784923032357,0.025,0.900,0.093,0.420,-0.106,0.018,44.621,-0.784,0.773,2.490,4,4,3.235
1784923032370,0.021,0.893,0.110,0.312,-0.082,0.011,45.863,-0.282,0.884,2.563,4,4,3.691
1784923032384,0.023,0.897,0.120,0.207,-0.060,0.011,48.210,-0.694,1.038,2.556,4,4,3.249
1784923032398,0.030,0.909,0.125,0.107,-0.040,0.020,51.172,-1.401,1.206,2.556,4,4,4.001
1784923032411,0.038,0.930,0.123,0.010,-0.026,0.032,54.495,-2.073,1.397,2.546,4,4,3.240
1784923032425,0.044,0.957,0.115,-0.083,-0.017,0.043,58.071,-2.527,1.573,2.532,4,4,3.224
1784923032438,0.046,0.993,0.102,-0.173,-0.011,0.053,61.697,-2.557,1.786,2.526,5,5,3.950
1784923032452,0.046,1.039,0.081,-0.259,-0.004,0.063,65.397,-2.460,2.081,2.529,5,5,3.230
1784923032466,0.051,1.084,0.050,-0.342,0.003,0.078,69.350,-2.616,2.169,2.552,5,5,3.397
1784923032479,0.059,1.120,0.010,-0.422,0.008,0.101,73.592,-2.942,2.111,2.602,5,5,3.240
1784923032492,0.063,1.151,-0.033,-0.499,0.011,0.126,77.837,-3.058,2.064,2.623,5,5,3.231
1784923032506,0.060,1.180,-0.080,-0.574,0.013,0.148,81.967,-2.781,2.136,2.603,5,5,3.691
1784923032520,0.051,1.207,-0.134,-0.643,0.014,0.166,86.200,-2.151,2.227,2.536,5,5,3.246
1784923032533,0.038,1.231,-0.193,-0.703,0.015,0.175,90.369,-1.366,2.315,2.285,5,5,3.238
1784923032546,0.030,1.249,-0.255,-0.750,0.015,0.174,94.564,-0.884,2.312,1.966,5,5,3.235
1784923032560,0.028,1.261,-0.320,-0.781,0.013,0.171,98.771,-0.760,2.307,1.612,5,5,3.240
1784923032573,0.025,1.267,-0.385,-0.798,0.012,0.170,102.904,-0.590,2.277,1.221,5,5,3.688
1784923032587,0.017,1.267,-0.449,-0.797,0.014,0.170,106.960,-0.188,2.260,0.803,5,5,3.244
1784923032600,0.002,1.263,-0.510,-0.781,0.020,0.170,110.859,0.643,2.207,0.446,5,5,3.241
1784923032613,-0.016,1.253,-0.566,-0.754,0.031,0.166,114.524,1.662,2.102,0.321,5,5,3.225
1784923032627,-0.026,1.242,-0.613,-0.717,0.043,0.156,117.792,2.187,1.941,0.457,5,5,3.261
1784923032640,-0.010,1.363,-0.688,-0.702,0.047,0.122,118.026,1.580,4.643,0.825,1,1,3.791
1784923032654,0.013,1.339,-0.677,-0.626,0.047,0.073,118.028,-1.340,1.057,1.810,1,1,3.229
1784923032667,0.006,1.348,-0.621,-0.547,0.043,0.033,113.341,-0.741,1.672,1.797,1,1,3.234
1784923032681,-0.016,1.333,-0.599,-0.474,0.048,0.022,111.739,1.850,1.120,1.459,1,1,3.226
1784923032694,-0.024,1.320,-0.575,-0.402,0.062,0.021,109.894,2.655,1.066,1.548,1,1,3.242
1784923032707,-0.018,1.303,-0.563,-0.334,0.073,0.017,109.745,1.859,0.976,1.453,1,1,3.703
1784923032721,-0.013,1.287,-0.550,-0.280,0.069,0.012,109.443,1.128,0.988,1.147,1,1,3.229
1784923032735,-0.019,1.274,-0.537,-0.232,0.066,0.014,108.897,1.804,1.021,0.998,1,1,3.240
1784923032748,-0.019,1.259,-0.529,-0.192,0.068,0.018,109.033,1.757,1.008,0.860,1,1,3.334
1784923032761,-0.017,1.243,-0.522,-0.163,0.068,0.020,109.387,1.441,0.962,0.602,1,1,3.240
1784923032775,-0.017,1.231,-0.511,-0.141,0.069,0.022,109.069,1.364,1.001,0.456,1,1,3.690
1784923032788,-0.017,1.220,-0.500,-0.122,0.072,0.025,108.601,1.374,1.014,0.426,1,1,3.230
1784923032802,-0.014,1.210,-0.488,-0.104,0.074,0.028,108.063,0.936,1.029,0.394,1,1,3.264
1784923032815,-0.009,1.199,-0.478,-0.088,0.074,0.029,107.809,0.343,1.002,0.328,1,1,3.234
1784923032828,-0.004,1.186,-0.472,-0.076,0.072,0.027,108.095,-0.284,0.961,0.227,1,1,3.231
1784923032842,-0.001,1.177,-0.463,-0.068,0.068,0.024,107.768,-0.603,1.020,0.170,1,1,3.794
1784923032856,0.000,1.169,-0.454,-0.061,0.064,0.022,107.577,-0.712,1.021,0.132,1,1,3.223
1784923032869,0.001,1.160,-0.448,-0.055,0.059,0.019,107.529,-0.727,1.015,0.125,1,1,3.255
1784923032882,0.001,1.154,-0.439,-0.051,0.054,0.018,107.116,-0.736,1.060,0.095,1,1,3.230
1784923032896,0.002,1.148,-0.431,-0.046,0.049,0.016,106.889,-0.713,1.041,0.122,1,1,3.226
1784923032909,0.002,1.142,-0.424,-0.041,0.045,0.014,106.714,-0.714,1.050,0.115,1,1,3.762
1784923032923,0.002,1.136,-0.417,-0.035,0.042,0.012,106.554,-0.646,1.046,0.117,1,1,3.226
1784923032936,0.003,1.131,-0.412,-0.030,0.040,0.011,106.476,-0.645,1.049,0.118,1,1,3.237
1784923032950,0.003,1.125,-0.406,-0.025,0.038,0.009,106.382,-0.668,1.033,0.111,1,1,3.242
1784923032963,0.003,1.119,-0.400,-0.021,0.036,0.008,106.368,-0.650,1.026,0.084,1,1,3.222
1784923032976,0.004,1.113,-0.395,-0.018,0.033,0.007,106.340,-0.721,1.028,0.062,1,1,3.762
1784923032990,0.005,1.108,-0.390,-0.016,0.031,0.005,106.289,-0.750,1.033,0.062,1,1,3.246
1784923033003,0.005,1.103,-0.385,-0.015,0.029,0.003,106.189,-0.728,1.035,0.057,1,1,3.222
1784923033017,0.005,1.098,-0.380,-0.013,0.027,0.001,106.111,-0.697,1.031,0.057,1,1,3.272
1784923033030,0.005,1.094,-0.376,-0.011,0.025,-0.000,106.031,-0.628,1.027,0.065,1,1,3.231
1784923033043,0.005,1.089,-0.371,-0.008,0.024,-0.002,105.966,-0.588,1.035,0.086,1,1,3.752
1784923033057,0.006,1.085,-0.367,-0.004,0.022,-0.005,105.940,-0.708,1.021,0.127,1,1,3.230
1784923033071,0.006,1.080,-0.363,-0.001,0.020,-0.008,105.953,-0.704,1.016,0.124,1,1,3.220
1784923033084,0.006,1.076,-0.360,0.002,0.019,-0.011,105.957,-0.604,1.022,0.108,1,1,3.257
1784923033097,0.007,1.072,-0.356,0.004,0.016,-0.014,105.964,-0.674,1.031,0.123,1,1,3.233
1784923033111,0.007,1.069,-0.353,0.008,0.014,-0.017,105.962,-0.651,1.034,0.142,1,1,3.756
1784923033125,0.006,1.065,-0.350,0.011,0.012,-0.020,105.973,-0.587,1.033,0.142,1,1,3.281
1784923033138,0.005,1.062,-0.348,0.014,0.010,-0.023,106.020,-0.427,1.025,0.135,1,1,3.230
1784923033151,0.004,1.058,-0.345,0.016,0.009,-0.025,106.080,-0.266,1.026,0.128,1,1,3.283
1784923033165,0.003,1.055,-0.344,0.020,0.008,-0.027,106.185,-0.118,1.031,0.131,1,1,3.229
1784923033178,0.001,1.053,-0.342,0.023,0.007,-0.029,106.234,0.045,1.046,0.126,1,1,3.675
1784923033192,0.001,1.050,-0.340,0.025,0.006,-0.030,106.314,0.114,1.035,0.115,1,1,3.253
1784923033205,-0.000,1.047,-0.338,0.027,0.006,-0.032,106.384,0.202,1.037,0.117,1,1,3.236
1784923033218,-0.000,1.045,-0.336,0.030,0.005,-0.035,106.382,0.221,1.038,0.143,1,1,3.226
1784923033232,-0.001,1.044,-0.335,0.034,0.005,-0.039,106.397,0.268,1.054,0.187,1,1,3.479
1784923033245,-0.004,1.042,-0.334,0.038,0.005,-0.042,106.445,0.553,1.063,0.201,3,3,3.689
1784923033259,-0.005,1.043,-0.332,0.043,0.007,-0.046,106.385,0.635,1.096,0.249,3,3,3.230
1784923033272,-0.005,1.044,-0.330,0.051,0.008,-0.053,106.281,0.592,1.100,0.343,3,3,3.231
1784923033286,-0.007,1.045,-0.329,0.062,0.009,-0.063,106.270,0.843,1.117,0.470,3,3,3.223
1784923033299,-0.008,1.048,-0.329,0.077,0.010,-0.069,106.203,0.933,1.171,0.506,3,3,3.256
1784923033312,-0.010,1.053,-0.329,0.092,0.010,-0.075,106.179,1.020,1.201,0.536,3,3,3.684
1784923033326,-0.012,1.059,-0.329,0.114,0.009,-0.081,106.128,1.171,1.243,0.745,3,3,3.237
1784923033340,-0.014,1.071,-0.330,0.137,0.008,-0.085,106.016,1.344,1.370,0.754,3,3,3.256
1784923033353,-0.009,1.084,-0.333,0.169,0.005,-0.085,105.991,0.837,1.423,0.991,3,3,3.235
1784923033366,-0.009,1.104,-0.336,0.200,0.002,-0.088,105.850,0.791,1.601,1.036,3,3,3.242
1784923033380,-0.022,1.129,-0.338,0.227,0.001,-0.086,105.617,1.669,1.753,0.939,4,4,3.685
1784923033393,-0.027,1.153,-0.340,0.266,0.001,-0.081,105.312,1.888,1.711,1.270,4,4,3.228
1784923033407,-0.029,1.185,-0.341,0.315,-0.000,-0.073,104.909,1.913,1.937,1.584,4,4,3.259
1784923033420,-0.033,1.217,-0.340,0.370,-0.001,-0.063,104.382,2.071,1.934,1.814,4,4,3.229
1784923033433,-0.039,1.251,-0.337,0.429,-0.000,-0.054,103.782,2.358,2.031,1.983,4,4,3.245
1784923033447,-0.043,1.285,-0.332,0.498,-0.002,-0.042,103.062,2.473,2.037,2.290,3,3,3.822
1784923033461,-0.042,1.322,-0.321,0.572,-0.004,-0.030,102.027,2.303,2.131,2.515,3,3,3.229
1784923033474,-0.033,1.354,-0.318,0.644,-0.005,-0.027,101.530,1.675,2.088,2.503,3,3,3.234
1784923033487,-0.006,1.374,-0.309,0.713,-0.011,-0.014,100.746,-0.252,1.899,2.527,3,3,3.233
1784923033501,0.016,1.387,-0.307,0.779,-0.024,0.004,100.598,-1.764,1.778,2.574,3,3,3.226
1784923033514,0.034,1.383,-0.298,0.843,-0.046,0.015,100.025,-3.291,1.361,2.592,3,3,3.716
1784923033528,0.061,1.347,-0.288,0.904,-0.075,0.035,99.664,-7.680,0.865,2.685,3,3,3.234
1784923033541,0.081,1.264,-0.262,0.962,-0.112,0.043,84.405,-10.706,0.819,2.697,3,3,3.227
1784923033555,0.073,1.144,-0.225,0.954,-0.138,0.046,69.804,-9.317,1.598,1.119,3,3,3.257
1784923033568,0.066,1.070,-0.177,0.911,-0.153,0.046,60.198,-7.941,1.040,0.589,3,3,3.232
1784923033581,0.055,1.047,-0.139,0.845,-0.156,0.029,58.036,-6.038,0.887,0.975,4,4,3.693
1784923033595,0.052,1.017,-0.104,0.778,-0.153,0.013,55.234,-5.422,0.756,1.060,4,4,3.235
1784923033608,0.054,0.986,-0.075,0.707,-0.147,0.016,52.845,-5.696,0.654,1.139,4,4,3.225
1784923033622,0.053,0.956,-0.048,0.630,-0.138,0.031,50.594,-5.475,0.615,1.425,4,4,3.242
1784923033635,0.045,0.927,-0.024,0.548,-0.124,0.046,48.539,-3.632,0.588,1.672,4,4,3.233
1784923033648,0.031,0.899,-0.003,0.454,-0.106,0.053,47.104,-0.905,0.613,2.024,4,4,3.682
1784923033662,0.019,0.877,0.015,0.347,-0.081,0.055,46.766,1.415,0.612,2.488,4,4,3.282
1784923033676,0.013,0.866,0.030,0.242,-0.054,0.056,48.044,2.209,0.724,2.588,4,4,3.230
1784923033689,0.014,0.869,0.039,0.140,-0.027,0.057,50.641,1.835,0.968,2.589,4,4,3.266
1784923033702,0.023,0.884,0.042,0.042,-0.006,0.061,53.978,0.685,1.231,2.565,4,4,3.250
1784923033716,0.035,0.907,0.037,-0.052,0.006,0.073,57.662,-0.526,1.459,2.550,5,5,3.691
1784923033729,0.039,0.937,0.025,-0.143,0.013,0.084,61.538,-0.873,1.609,2.536,5,5,3.241
1784923033743,0.033,0.970,0.008,-0.231,0.021,0.089,65.405,-0.491,1.741,2.521,5,5,3.233
1784923033756,0.024,1.009,-0.016,-0.315,0.034,0.092,69.266,0.038,1.937,2.534,5,5,3.228
1784923033769,0.018,1.052,-0.046,-0.396,0.051,0.100,73.107,0.326,2.105,2.566,5,5,3.258
1784923033783,0.017,1.093,-0.083,-0.474,0.069,0.115,76.974,0.329,2.184,2.605,5,5,3.690
1784923033797,0.017,1.126,-0.122,-0.546,0.084,0.131,80.872,0.224,2.102,2.527,5,5,3.226
1784923033810,0.017,1.152,-0.164,-0.616,0.097,0.138,84.818,0.164,2.030,2.498,5,5,3.268
1784923033823,0.022,1.176,-0.208,-0.685,0.105,0.134,88.623,-0.177,2.058,2.482,5,5,3.224
1784923033837,0.035,1.197,-0.257,-0.746,0.105,0.124,92.386,-0.977,2.153,2.340,5,5,3.233
1784923033850,0.054,1.217,-0.311,-0.794,0.098,0.120,96.166,-2.017,2.278,2.047,5,5,3.702
1784923033864,0.062,1.232,-0.365,-0.826,0.085,0.132,99.826,-2.422,2.202,1.740,5,5,3.228
1784923033877,0.047,1.243,-0.416,-0.842,0.073,0.147,103.284,-1.503,2.146,1.371,5,5,3.236
1784923033890,0.020,1.242,-0.464,-0.845,0.068,0.152,106.846,0.223,2.039,0.959,5,5,3.234
1784923033904,-0.008,1.231,-0.510,-0.839,0.071,0.150,110.689,1.993,1.926,0.725,5,5,3.227
1784923033917,-0.027,1.215,-0.556,-0.830,0.078,0.144,114.505,3.110,1.836,0.641,5,5,3.785
1784923033931,-0.034,1.239,-0.598,-0.865,0.087,0.130,116.056,3.243,2.331,1.817,5,5,3.285
1784923033944,-0.010,1.246,-0.647,-0.792,0.080,0.092,118.411,1.692,2.255,1.422,5,5,3.227
1784923033958,-0.003,1.285,-0.713,-0.697,0.065,0.057,120.011,1.247,3.055,1.983,5,5,3.367
1784923033971,-0.032,1.273,-0.676,-0.604,0.049,0.049,116.395,4.312,1.209,1.853,5,5,3.227
1784923033984,-0.042,1.267,-0.643,-0.524,0.041,0.051,113.554,5.159,1.173,1.569,5,5,3.691
1784923033998,-0.041,1.255,-0.623,-0.448,0.039,0.049,112.299,4.770,1.018,1.528,5,5,3.244
1784923034011,-0.037,1.238,-0.610,-0.382,0.043,0.045,112.174,3.979,0.932,1.336,5,5,3.221
1784923034025,-0.037,1.226,-0.599,-0.328,0.043,0.039,111.932,3.799,1.026,1.082,5,5,3.246
1784923034038,-0.038,1.217,-0.583,-0.282,0.044,0.036,111.094,3.734,1.044,0.927,5,5,3.244
1784923034051,-0.036,1.202,-0.574,-0.244,0.043,0.035,111.282,3.409,0.958,0.734,1,1,3.696
1784923034065,-0.035,1.190,-0.563,-0.216,0.043,0.035,111.171,3.175,0.968,0.519,1,1,3.274
1784923034079,-0.034,1.179,-0.550,-0.192,0.045,0.035,110.625,2.907,0.987,0.436,1,1,3.231
1784923034092,-0.032,1.170,-0.537,-0.170,0.045,0.034,110.007,2.507,0.998,0.404,1,1,3.227
1784923034105,-0.028,1.161,-0.524,-0.150,0.044,0.032,109.427,1.977,1.005,0.371,1,1,3.255
1784923034119,-0.024,1.154,-0.511,-0.132,0.042,0.029,108.859,1.430,1.018,0.348,1,1,3.687
1784923034132,-0.019,1.141,-0.505,-0.115,0.038,0.024,109.273,0.838,0.932,0.339,1,1,3.250
1784923034146,-0.020,1.133,-0.495,-0.104,0.033,0.019,108.989,0.950,1.014,0.225,1,1,3.234
1784923034159,-0.019,1.126,-0.486,-0.095,0.030,0.015,108.755,0.904,1.017,0.183,1,1,3.225
1784923034172,-0.020,1.120,-0.478,-0.087,0.025,0.011,108.538,0.936,1.019,0.185,1,1,3.255
1784923034186,-0.019,1.115,-0.469,-0.080,0.021,0.007,108.236,0.922,1.043,0.145,1,1,3.694
1784923034200,-0.019,1.110,-0.461,-0.074,0.018,0.005,108.030,0.949,1.040,0.113,1,1,3.222
1784923034213,-0.020,1.106,-0.453,-0.068,0.016,0.004,107.753,0.983,1.060,0.105,1,1,3.247
1784923034226,-0.020,1.102,-0.446,-0.062,0.014,0.003,107.580,1.001,1.049,0.111,1,1,3.229
1784923034240,-0.020,1.098,-0.439,-0.055,0.013,0.002,107.381,0.999,1.060,0.121,1,1,3.223
1784923034253,-0.019,1.094,-0.432,-0.049,0.013,0.001,107.263,0.913,1.039,0.130,1,1,3.716
1784923034267,-0.018,1.089,-0.426,-0.042,0.011,-0.002,107.175,0.768,1.030,0.134,1,1,3.226
1784923034280,-0.016,1.084,-0.420,-0.037,0.009,-0.005,107.104,0.624,1.018,0.131,1,1,3.227
1784923034293,-0.016,1.080,-0.414,-0.033,0.008,-0.008,106.998,0.601,1.030,0.136,1,1,3.252
1784923034307,-0.016,1.076,-0.408,-0.028,0.006,-0.011,106.922,0.658,1.029,0.143,1,1,3.241
1784923034320,-0.017,1.071,-0.404,-0.024,0.005,-0.014,107.026,0.771,1.008,0.127,1,1,3.707
1784923034334,-0.018,1.067,-0.400,-0.020,0.004,-0.016,107.053,0.918,1.016,0.105,1,1,3.237
1784923034347,-0.019,1.062,-0.395,-0.017,0.004,-0.017,107.063,1.024,1.011,0.078,1,1,3.226
1784923034361,-0.019,1.059,-0.391,-0.013,0.003,-0.017,107.092,1.058,1.029,0.073,1,1,3.307
1784923034374,-0.019,1.055,-0.387,-0.011,0.003,-0.018,107.042,1.068,1.029,0.066,1,1,3.228
1784923034387,-0.018,1.052,-0.383,-0.008,0.002,-0.019,107.052,0.986,1.019,0.078,1,1,3.685
1784923034402,-0.018,1.048,-0.379,-0.006,0.001,-0.020,107.055,0.989,1.017,0.077,1,1,4.524
1784923034416,-0.019,1.045,-0.376,-0.004,0.000,-0.021,107.078,1.084,1.025,0.072,1,1,3.382
1784923034429,-0.020,1.042,-0.374,-0.002,-0.001,-0.021,107.154,1.169,1.026,0.059,1,1,3.265
1784923034443,-0.021,1.039,-0.371,-0.001,-0.001,-0.022,107.182,1.293,1.021,0.044,1,1,3.282
1784923034456,-0.022,1.037,-0.368,0.000,-0.002,-0.021,107.200,1.442,1.024,0.029,1,1,3.918
1784923034470,-0.023,1.034,-0.365,0.001,-0.001,-0.020,107.181,1.515,1.035,0.034,1,1,3.270
1784923034484,-0.024,1.033,-0.362,0.003,-0.001,-0.019,107.158,1.608,1.051,0.042,1,1,3.274
1784923034497,-0.024,1.033,-0.360,0.005,-0.000,-0.019,107.133,1.573,1.065,0.059,1,1,3.260
1784923034510,-0.024,1.030,-0.358,0.006,-0.000,-0.019,107.202,1.538,1.023,0.061,1,1,3.262
1784923034524,-0.025,1.028,-0.356,0.009,-0.000,-0.020,107.224,1.612,1.041,0.084,2,2,3.879
1784923034538,-0.025,1.027,-0.354,0.012,0.000,-0.021,107.174,1.632,1.052,0.095,2,2,3.253
1784923034551,-0.025,1.028,-0.352,0.016,0.001,-0.022,107.153,1.660,1.078,0.155,2,2,3.256
1784923034564,-0.026,1.029,-0.350,0.022,0.003,-0.025,107.033,1.665,1.103,0.206,2,2,3.355
1784923034578,-0.024,1.031,-0.347,0.031,0.004,-0.031,106.875,1.484,1.124,0.314,2,2,3.245
1784923034591,-0.023,1.034,-0.345,0.041,0.006,-0.041,106.716,1.281,1.124,0.430,3,3,3.872
1784923034605,-0.023,1.038,-0.344,0.053,0.009,-0.053,106.662,1.286,1.177,0.507,3,3,3.263
1784923034619,-0.022,1.045,-0.344,0.072,0.010,-0.063,106.565,1.172,1.248,0.647,3,3,3.251
1784923034632,-0.026,1.056,-0.343,0.094,0.008,-0.072,106.358,1.498,1.341,0.732,3,3,3.271
1784923034645,-0.024,1.071,-0.344,0.119,0.004,-0.079,106.136,1.286,1.444,0.822,3,3,3.260
1784923034659,-0.013,1.096,-0.346,0.159,-0.001,-0.084,105.894,0.439,1.695,1.232,3,3,3.828
1784923034673,-0.018,1.120,-0.350,0.196,-0.005,-0.091,105.781,0.828,1.707,1.191,3,3,3.264
1784923034686,-0.012,1.151,-0.349,0.240,-0.008,-0.090,105.245,0.381,1.878,1.381,3,3,3.359
1784923034699,-0.005,1.185,-0.348,0.289,-0.013,-0.091,104.733,-0.039,1.948,1.585,3,3,3.248
1784923034713,-0.005,1.221,-0.349,0.339,-0.019,-0.091,104.314,-0.029,2.046,1.653,3,3,3.274
1784923034726,-0.006,1.255,-0.347,0.400,-0.025,-0.084,103.772,0.024,2.018,1.988,3,3,3.824
1784923034740,-0.006,1.290,-0.338,0.471,-0.035,-0.078,102.824,0.049,2.061,2.338,3,3,3.251
1784923034754,-0.004,1.323,-0.327,0.546,-0.046,-0.073,101.876,-0.042,2.056,2.523,3,3,3.261
1784923034767,0.011,1.352,-0.313,0.619,-0.057,-0.065,100.711,-0.984,2.021,2.527,3,3,3.251
1784923034780,0.036,1.382,-0.307,0.689,-0.074,-0.057,100.167,-2.434,2.116,2.558,3,3,3.244
1784923034794,0.066,1.406,-0.299,0.756,-0.101,-0.043,99.563,-4.137,2.069,2.648,3,3,3.864
1784923034808,0.085,1.393,-0.287,0.821,-0.138,-0.036,98.833,-6.007,1.221,2.733,3,3,3.258
1784923034821,0.109,1.323,-0.265,0.883,-0.182,-0.035,85.396,-11.498,0.720,2.834,3,3,3.248
1784923034834,0.092,1.233,-0.173,0.926,-0.222,-0.061,75.206,-9.615,1.984,2.509,3,3,3.268
1784923034848,0.082,1.150,-0.142,0.900,-0.232,-0.061,63.165,-7.757,0.866,0.540,3,3,3.271
1784923034861,0.068,1.110,-0.098,0.842,-0.225,-0.064,58.568,-5.693,0.934,0.670,4,4,3.828
1784923034875,0.058,1.080,-0.060,0.782,-0.203,-0.066,55.673,-4.081,0.887,0.872,4,4,3.260
1784923034888,0.054,1.043,-0.029,0.716,-0.175,-0.054,52.364,-3.456,0.707,1.159,4,4,3.250
1784923034902,0.051,1.006,-0.000,0.642,-0.144,-0.033,49.021,-2.959,0.641,1.529,4,4,3.246
1784923034917,0.045,0.973,0.024,0.561,-0.113,-0.018,46.698,-2.065,0.626,1.749,4,4,5.491
1784923034931,0.039,0.940,0.045,0.467,-0.080,-0.014,44.335,-0.973,0.555,2.108,4,4,3.878
1784923034945,0.037,0.914,0.065,0.359,-0.048,-0.012,43.536,-0.674,0.607,2.579,4,4,3.261
1784923034958,0.041,0.904,0.079,0.253,-0.018,-0.007,45.145,-1.503,0.786,2.615,4,4,3.450
1784923034972,0.052,0.908,0.085,0.150,0.005,0.002,48.262,-2.962,1.080,2.585,4,4,3.259
1784923034985,0.068,0.923,0.083,0.052,0.019,0.020,52.054,-4.374,1.300,2.576,4,4,3.253
1784923035000,0.078,0.945,0.072,-0.043,0.024,0.042,56.284,-5.094,1.466,2.584,5,5,5.092
1784923035014,0.075,0.974,0.054,-0.134,0.027,0.060,60.598,-4.627,1.644,2.555,5,5,3.245
1784923035027,0.061,1.007,0.031,-0.222,0.034,0.073,64.899,-3.478,1.811,2.546,5,5,3.256
1784923035040,0.046,1.043,0.003,-0.306,0.050,0.086,69.038,-2.326,1.947,2.577,5,5,3.262
1784923035054,0.040,1.078,-0.029,-0.388,0.071,0.105,73.033,-1.866,1.989,2.646,5,5,3.262
1784923035067,0.047,1.111,-0.060,-0.466,0.089,0.131,76.773,-2.258,1.997,2.688,5,5,4.024
1784923035081,0.059,1.145,-0.094,-0.539,0.099,0.155,80.285,-2.865,2.070,2.592,5,5,3.260
1784923035095,0.068,1.173,-0.130,-0.607,0.101,0.176,83.802,-3.323,2.047,2.482,5,5,3.241
1784923035108,0.072,1.198,-0.171,-0.671,0.097,0.192,87.351,-3.403,2.045,2.392,5,5,3.391
1784923035121,0.071,1.219,-0.214,-0.727,0.090,0.203,90.941,-3.217,2.039,2.254,5,5,3.260
1784923035135,0.065,1.236,-0.262,-0.776,0.086,0.210,94.592,-2.724,2.070,2.072,5,5,3.870
1784923035149,0.056,1.250,-0.311,-0.813,0.086,0.217,98.070,-2.125,2.077,1.825,5,5,3.301
1784923035162,0.052,1.258,-0.358,-0.837,0.088,0.222,101.533,-1.807,2.000,1.514,5,5,3.258
1784923035175,0.047,1.257,-0.406,-0.850,0.092,0.229,105.114,-1.484,1.906,1.264,5,5,3.256
1784923035189,0.035,1.250,-0.452,-0.852,0.098,0.236,108.708,-0.644,1.847,1.027,5,5,3.261
1784923035202,0.017,1.244,-0.496,-0.844,0.105,0.234,111.947,0.485,1.862,0.729,5,5,3.865
1784923035216,0.003,1.236,-0.538,-0.824,0.114,0.226,114.968,1.378,1.832,0.451,5,5,3.278
1784923035230,-0.005,1.228,-0.577,-0.792,0.121,0.218,117.764,1.804,1.787,0.297,5,5,3.349
1784923035243,-0.011,1.219,-0.613,-0.751,0.124,0.208,120.196,2.049,1.742,0.401,5,5,3.258
1784923035256,-0.017,1.219,-0.635,-0.760,0.133,0.185,121.364,2.392,1.661,1.151,5,5,3.257
1784923035270,0.035,1.177,-0.595,-0.704,0.103,0.126,113.633,-4.735,1.250,1.732,1,1,3.973
1784923035285,0.025,1.183,-0.553,-0.614,0.100,0.074,109.989,-3.487,1.385,2.141,1,1,3.280
1784923035299,-0.013,1.183,-0.531,-0.527,0.101,0.053,108.232,0.232,1.459,1.801,1,1,3.250
1784923035313,-0.030,1.180,-0.509,-0.442,0.118,0.049,106.721,2.067,1.171,1.851,1,1,4.382
1784923035326,-0.026,1.168,-0.500,-0.365,0.126,0.043,106.872,1.603,0.970,1.667,1,1,3.264
1784923035340,-0.020,1.159,-0.491,-0.304,0.122,0.039,106.855,0.830,0.993,1.287,1,1,3.907
1784923035354,-0.023,1.152,-0.482,-0.251,0.117,0.040,106.736,1.202,1.042,1.137,1,1,3.269
1784923035367,-0.019,1.139,-0.480,-0.210,0.113,0.041,107.754,0.674,0.963,0.847,1,1,3.251
1784923035381,-0.019,1.127,-0.476,-0.179,0.113,0.039,108.312,0.773,0.948,0.624,1,1,3.298
1784923035394,-0.017,1.120,-0.467,-0.154,0.114,0.037,108.053,0.575,1.003,0.507,1,1,3.262
1784923035407,-0.015,1.113,-0.457,-0.132,0.113,0.036,107.670,0.352,0.999,0.457,1,1,3.979
1784923035422,-0.012,1.107,-0.448,-0.110,0.110,0.032,107.342,-0.068,1.015,0.459,1,1,3.262
1784923035436,-0.008,1.101,-0.440,-0.091,0.106,0.027,107.177,-0.448,1.000,0.416,1,1,3.282
1784923035450,-0.004,1.096,-0.432,-0.075,0.099,0.020,106.954,-0.794,1.021,0.390,1,1,3.265
1784923035463,-0.001,1.083,-0.431,-0.063,0.092,0.011,107.953,-1.138,0.898,0.349,1,1,3.554
1784923035478,-0.002,1.081,-0.423,-0.055,0.084,0.004,107.527,-0.952,1.065,0.257,1,1,5.087
1784923035492,-0.002,1.077,-0.418,-0.048,0.078,-0.003,107.476,-0.790,1.033,0.259,1,1,3.273
1784923035505,-0.004,1.073,-0.413,-0.041,0.071,-0.009,107.422,-0.554,1.042,0.225,1,1,3.265
1784923035519,-0.005,1.070,-0.408,-0.034,0.067,-0.013,107.383,-0.342,1.044,0.182,1,1,3.267
1784923035532,-0.006,1.066,-0.404,-0.029,0.063,-0.015,107.393,-0.122,1.036,0.147,1,1,3.349
1784923035548,-0.008,1.064,-0.399,-0.024,0.060,-0.016,107.326,0.161,1.054,0.108,1,1,5.392
1784923035562,-0.009,1.060,-0.395,-0.020,0.057,-0.016,107.281,0.278,1.031,0.092,1,1,3.274
1784923035575,-0.009,1.058,-0.391,-0.017,0.055,-0.017,107.214,0.263,1.045,0.076,1,1,3.387
1784923035589,-0.008,1.055,-0.387,-0.014,0.052,-0.017,107.172,0.234,1.031,0.070,1,1,3.262
1784923035602,-0.008,1.051,-0.383,-0.012,0.049,-0.018,107.186,0.270,1.026,0.068,1,1,3.264
1784923035617,-0.009,1.048,-0.380,-0.010,0.046,-0.019,107.212,0.344,1.029,0.050,1,1,5.260
1784923035631,-0.010,1.045,-0.377,-0.009,0.044,-0.018,107.218,0.480,1.027,0.031,1,1,3.284
1784923035647,-0.010,1.043,-0.374,-0.008,0.042,-0.018,107.233,0.529,1.034,0.026,1,1,5.885
1784923035660,-0.011,1.040,-0.370,-0.007,0.040,-0.017,107.204,0.582,1.032,0.021,1,1,3.273
1784923035674,-0.011,1.038,-0.367,-0.005,0.038,-0.017,107.193,0.594,1.031,0.029,1,1,3.271
1784923035687,-0.010,1.036,-0.364,-0.004,0.036,-0.017,107.068,0.545,1.043,0.043,1,1,3.922
1784923035701,-0.010,1.034,-0.361,-0.001,0.034,-0.018,107.069,0.488,1.033,0.080,1,1,3.262
1784923035715,-0.010,1.032,-0.359,0.001,0.032,-0.019,107.090,0.489,1.034,0.082,1,1,3.708
1784923035728,-0.010,1.030,-0.356,0.002,0.030,-0.021,107.068,0.583,1.032,0.082,1,1,3.255
1784923035743,-0.011,1.028,-0.354,0.004,0.028,-0.023,107.087,0.674,1.034,0.091,1,1,4.296
1784923035756,-0.012,1.026,-0.352,0.006,0.026,-0.024,107.175,0.811,1.023,0.086,1,1,3.909
1784923035770,-0.014,1.024,-0.351,0.008,0.024,-0.025,107.226,0.947,1.038,0.068,1,1,3.261
1784923035783,-0.014,1.023,-0.349,0.010,0.023,-0.025,107.231,1.004,1.045,0.068,1,1,3.271
1784923035797,-0.015,1.022,-0.348,0.012,0.022,-0.025,107.279,1.037,1.046,0.077,1,1,3.266
1784923035811,-0.016,1.020,-0.347,0.014,0.022,-0.026,107.389,1.193,1.028,0.078,1,1,3.272
1784923035824,-0.017,1.019,-0.346,0.016,0.022,-0.026,107.437,1.267,1.046,0.083,2,2,3.934
1784923035838,-0.018,1.018,-0.344,0.018,0.022,-0.027,107.472,1.328,1.045,0.092,2,2,3.265
1784923035852,-0.018,1.018,-0.344,0.021,0.023,-0.029,107.526,1.323,1.069,0.114,2,2,3.271
1784923035865,-0.018,1.019,-0.342,0.026,0.024,-0.032,107.406,1.330,1.090,0.198,2,2,3.260
1784923035880,-0.017,1.021,-0.340,0.032,0.025,-0.038,107.262,1.185,1.105,0.281,2,2,5.014
1784923035893,-0.019,1.023,-0.339,0.040,0.026,-0.047,107.159,1.297,1.125,0.383,3,3,3.910
1784923035908,-0.014,1.032,-0.337,0.052,0.025,-0.054,106.841,0.752,1.249,0.438,3,3,3.313
1784923035922,-0.011,1.036,-0.337,0.070,0.024,-0.062,106.740,0.495,1.187,0.590,3,3,3.299
1784923035935,-0.013,1.043,-0.336,0.094,0.022,-0.069,106.611,0.666,1.245,0.777,3,3,3.255
1784923035948,-0.010,1.051,-0.337,0.119,0.020,-0.073,106.571,0.374,1.275,0.789,3,3,3.274
1784923035962,-0.013,1.071,-0.339,0.149,0.019,-0.069,106.325,0.585,1.541,0.929,3,3,3.912
1784923035976,-0.016,1.094,-0.340,0.182,0.016,-0.072,106.021,0.786,1.650,1.047,3,3,3.276
1784923035989,-0.029,1.121,-0.343,0.215,0.014,-0.071,105.736,1.682,1.784,1.065,3,3,3.266
1784923036005,-0.036,1.152,-0.345,0.260,0.014,-0.065,105.364,2.059,1.886,1.430,3,3,5.405
1784923036018,-0.039,1.188,-0.342,0.315,0.014,-0.056,104.707,2.200,1.998,1.748,3,3,3.266
1784923036031,-0.043,1.227,-0.341,0.377,0.016,-0.047,104.115,2.333,2.111,2.010,3,3,3.923
1784923036046,-0.044,1.263,-0.337,0.447,0.013,-0.036,103.439,2.275,2.064,2.262,3,3,3.359
1784923036059,-0.048,1.303,-0.327,0.523,0.011,-0.026,102.434,2.374,2.183,2.514,3,3,3.254
1784923036073,-0.051,1.344,-0.318,0.596,0.012,-0.017,101.560,2.435,2.246,2.510,3,3,3.652
1784923036087,-0.033,1.371,-0.314,0.667,0.009,-0.009,101.078,1.255,2.007,2.509,3,3,3.266
1784923036100,-0.010,1.392,-0.313,0.735,0.000,0.008,100.875,-0.269,1.934,2.553,3,3,3.904
1784923036114,0.010,1.392,-0.297,0.800,-0.018,0.015,99.604,-1.973,1.474,2.557,3,3,3.278
1784923036127,0.042,1.353,-0.275,0.863,-0.046,0.025,96.663,-6.984,0.914,2.635,3,3,3.262
1784923036141,0.064,1.270,-0.238,0.913,-0.083,0.018,83.351,-9.596,0.972,2.437,3,3,3.278
1784923036154,0.066,1.193,-0.194,0.900,-0.108,0.020,72.383,-9.252,0.915,0.937,3,3,3.269
1784923036169,0.062,1.117,-0.132,0.848,-0.119,0.029,63.223,-8.311,1.343,0.696,4,4,5.144
1784923036183,0.052,1.096,-0.087,0.784,-0.121,0.030,60.614,-6.667,1.106,0.894,4,4,3.319
1784923036196,0.045,1.065,-0.050,0.715,-0.116,0.037,57.379,-5.365,0.865,1.111,4,4,3.257
1784923036209,0.041,1.030,-0.018,0.639,-0.105,0.054,53.988,-4.498,0.721,1.419,4,4,3.268
1784923036224,0.035,0.999,0.007,0.555,-0.092,0.072,51.654,-3.202,0.659,1.743,4,4,3.277
1784923036238,0.027,0.973,0.029,0.461,-0.075,0.080,50.380,-1.671,0.667,2.031,4,4,3.957
1784923036252,0.022,0.947,0.047,0.353,-0.056,0.084,49.492,-0.730,0.581,2.480,4,4,3.275
1784923036265,0.025,0.930,0.061,0.248,-0.039,0.090,50.158,-1.372,0.670,2.543,4,4,3.263
1784923036279,0.037,0.929,0.070,0.146,-0.030,0.100,52.383,-2.934,0.995,2.534,4,4,3.279
1784923036292,0.051,0.947,0.072,0.047,-0.031,0.116,55.493,-4.070,1.401,2.563,4,4,3.263
1784923036306,0.058,0.975,0.067,-0.047,-0.040,0.137,58.923,-4.398,1.604,2.605,5,5,3.957
1784923036320,0.053,1.007,0.055,-0.138,-0.052,0.154,62.578,-3.773,1.713,2.594,5,5,3.266
1784923036336,0.036,1.042,0.036,-0.226,-0.057,0.165,66.297,-2.447,1.883,2.551,5,5,5.829
1784923036349,0.014,1.079,0.009,-0.310,-0.053,0.175,70.168,-0.987,2.030,2.537,5,5,3.273
1784923036362,-0.004,1.117,-0.024,-0.391,-0.037,0.184,74.037,0.177,2.117,2.564,5,5,3.258
1784923036376,-0.015,1.154,-0.063,-0.470,-0.014,0.197,77.927,0.779,2.172,2.624,5,5,3.949
1784923036390,-0.014,1.190,-0.106,-0.545,0.010,0.210,81.738,0.699,2.253,2.639,5,5,3.266
1784923036405,-0.007,1.221,-0.156,-0.618,0.028,0.221,85.730,0.267,2.268,2.594,5,5,3.355
1784923036418,-0.000,1.244,-0.213,-0.682,0.037,0.226,89.931,-0.108,2.282,2.389,5,5,3.261
1784923036432,0.001,1.262,-0.276,-0.734,0.042,0.226,94.195,-0.180,2.349,2.112,5,5,3.276
1784923036445,-0.004,1.279,-0.344,-0.770,0.046,0.224,98.357,0.105,2.452,1.709,5,5,3.919
1784923036459,-0.016,1.287,-0.410,-0.786,0.053,0.221,102.481,0.744,2.389,1.240,5,5,3.272
1784923036472,-0.028,1.286,-0.473,-0.787,0.065,0.217,106.588,1.367,2.258,0.900,5,5,3.283
1784923036486,-0.035,1.279,-0.533,-0.774,0.080,0.212,110.571,1.720,2.158,0.653,5,5,3.270
1784923036501,-0.038,1.270,-0.589,-0.749,0.094,0.206,114.241,1.790,2.115,0.480,5,5,4.674
1784923036514,-0.035,1.265,-0.638,-0.741,0.111,0.197,117.285,1.575,2.065,0.767,5,5,3.928
1784923036528,0.014,1.301,-0.690,-0.651,0.093,0.150,118.620,-0.616,2.988,2.036,5,5,3.264
1784923036541,-0.012,1.319,-0.629,-0.561,0.082,0.123,113.751,1.091,1.936,1.887,5,5,3.301
1784923036555,-0.025,1.308,-0.597,-0.481,0.082,0.112,110.961,2.522,1.132,1.606,5,5,3.256
1784923036568,-0.033,1.300,-0.574,-0.404,0.088,0.107,109.310,3.284,1.131,1.622,5,5,3.268
1784923036581,-0.026,1.288,-0.557,-0.330,0.097,0.102,108.487,2.354,1.052,1.610,5,5,3.930
1784923036595,-0.018,1.272,-0.546,-0.271,0.096,0.093,108.456,1.249,0.976,1.260,5,5,3.263
1784923036609,-0.021,1.260,-0.532,-0.221,0.092,0.092,107.880,1.591,1.025,1.099,5,5,3.286
1784923036622,-0.021,1.246,-0.521,-0.177,0.089,0.092,107.778,1.484,0.993,0.954,5,5,3.255
1784923036636,-0.017,1.231,-0.514,-0.143,0.086,0.089,108.139,0.951,0.970,0.746,5,5,3.280
1784923036649,-0.015,1.217,-0.505,-0.116,0.086,0.084,108.197,0.706,0.971,0.590,1,1,3.958
1784923036663,-0.013,1.205,-0.495,-0.095,0.086,0.080,108.085,0.553,0.981,0.456,1,1,3.263
1784923036676,-0.013,1.195,-0.485,-0.077,0.086,0.077,107.819,0.559,1.000,0.394,1,1,3.265
1784923036690,-0.010,1.183,-0.478,-0.060,0.083,0.073,107.980,0.181,0.987,0.389,1,1,3.711
1784923036704,-0.009,1.175,-0.469,-0.049,0.079,0.069,107.693,0.128,1.034,0.237,1,1,3.323
1784923036717,-0.008,1.164,-0.463,-0.042,0.073,0.064,107.807,0.017,0.986,0.187,1,1,3.961
1784923036731,-0.006,1.157,-0.454,-0.035,0.068,0.059,107.563,-0.267,1.037,0.156,1,1,3.274
1784923036744,-0.004,1.149,-0.446,-0.031,0.063,0.055,107.359,-0.393,1.011,0.124,1,1,3.268
1784923036758,-0.003,1.141,-0.439,-0.027,0.058,0.051,107.269,-0.480,1.005,0.111,1,1,3.263
1784923036771,-0.002,1.135,-0.432,-0.025,0.053,0.048,107.095,-0.522,1.035,0.090,1,1,3.270
1784923036785,-0.001,1.129,-0.425,-0.021,0.049,0.044,106.920,-0.541,1.041,0.103,1,1,3.921
1784923036799,-0.001,1.123,-0.419,-0.018,0.046,0.042,106.838,-0.514,1.024,0.078,1,1,3.275
1784923036812,-0.001,1.117,-0.413,-0.015,0.043,0.039,106.761,-0.520,1.030,0.072,1,1,3.275
1784923036825,-0.001,1.111,-0.408,-0.013,0.042,0.039,106.721,-0.376,1.033,0.044,1,1,3.268
1784923036839,-0.002,1.107,-0.402,-0.012,0.040,0.039,106.622,-0.301,1.043,0.047,1,1,3.283
1784923036852,-0.001,1.102,-0.397,-0.012,0.039,0.039,106.526,-0.303,1.032,0.055,1,1,3.923
1784923036867,0.000,1.097,-0.391,-0.012,0.037,0.039,106.365,-0.476,1.035,0.038,1,1,3.635
1784923036880,0.002,1.093,-0.385,-0.012,0.036,0.038,106.233,-0.588,1.027,0.028,1,1,3.271
1784923036893,0.003,1.089,-0.380,-0.012,0.034,0.037,106.104,-0.689,1.036,0.017,1,1,3.276
1784923036909,0.003,1.084,-0.376,-0.011,0.032,0.036,106.058,-0.697,1.031,0.016,1,1,5.526
1784923036922,0.004,1.080,-0.371,-0.011,0.030,0.034,105.994,-0.730,1.028,0.016,1,1,3.905
1784923036937,0.004,1.077,-0.367,-0.010,0.029,0.033,105.929,-0.686,1.032,0.015,1,1,4.169
1784923036951,0.005,1.073,-0.362,-0.008,0.028,0.031,105.823,-0.754,1.034,0.036,1,1,3.268
1784923036966,0.006,1.070,-0.358,-0.006,0.026,0.029,105.703,-0.839,1.034,0.058,1,1,5.679
1784923036980,0.007,1.068,-0.354,-0.003,0.024,0.026,105.584,-0.938,1.054,0.093,1,1,3.272
1784923036993,0.008,1.064,-0.350,-0.000,0.022,0.023,105.529,-0.916,1.013,0.109,1,1,4.033
1784923037007,0.008,1.061,-0.347,0.003,0.020,0.018,105.533,-0.923,1.029,0.130,1,1,3.275
1784923037021,0.007,1.058,-0.344,0.006,0.018,0.015,105.552,-0.806,1.024,0.114,1,1,3.263
1784923037035,0.007,1.055,-0.341,0.008,0.016,0.012,105.606,-0.748,1.033,0.104,1,1,3.277
1784923037048,0.007,1.052,-0.338,0.011,0.014,0.009,105.617,-0.649,1.035,0.103,1,1,3.280
1784923037062,0.006,1.050,-0.336,0.014,0.013,0.006,105.646,-0.568,1.039,0.106,2,2,3.915
1784923037078,0.006,1.047,-0.334,0.016,0.012,0.004,105.688,-0.469,1.037,0.111,2,2,3.275
1784923037092,0.005,1.046,-0.332,0.019,0.012,0.001,105.746,-0.380,1.047,0.110,2,2,3.263
1784923037105,0.005,1.043,-0.331,0.022,0.011,-0.001,105.831,-0.315,1.034,0.115,2,2,3.262
1784923037119,0.004,1.041,-0.329,0.025,0.011,-0.004,105.909,-0.235,1.033,0.133,2,2,3.275
1784923037132,0.003,1.038,-0.328,0.028,0.012,-0.007,106.069,-0.083,1.012,0.127,2,2,3.934
1784923037146,0.002,1.037,-0.327,0.032,0.012,-0.009,106.074,0.011,1.068,0.158,2,2,3.277
1784923037159,0.002,1.036,-0.325,0.038,0.013,-0.014,106.035,-0.049,1.064,0.239,2,2,3.266
1784923037176,0.003,1.037,-0.324,0.047,0.013,-0.022,106.023,-0.181,1.100,0.361,2,2,6.775
1784923037190,0.005,1.041,-0.322,0.057,0.014,-0.033,105.798,-0.334,1.155,0.461,2,2,3.264
1784923037203,0.003,1.043,-0.321,0.071,0.014,-0.048,105.822,-0.115,1.132,0.609,3,3,3.930
1784923037217,0.001,1.051,-0.322,0.091,0.013,-0.060,105.783,0.091,1.259,0.721,3,3,3.264
1784923037230,0.001,1.061,-0.321,0.110,0.011,-0.072,105.539,0.038,1.322,0.709,3,3,3.266
1784923037244,-0.003,1.072,-0.320,0.134,0.010,-0.081,105.227,0.417,1.360,0.825,3,3,3.272
1784923037257,-0.010,1.097,-0.321,0.162,0.010,-0.081,104.925,0.884,1.686,0.893,3,3,3.260
1784923037271,-0.017,1.119,-0.324,0.192,0.009,-0.085,104.840,1.371,1.642,0.980,3,3,3.959
1784923037285,-0.019,1.155,-0.325,0.227,0.007,-0.085,104.369,1.421,1.983,1.155,3,3,3.270
1784923037298,-0.014,1.185,-0.327,0.271,0.002,-0.083,104.081,1.045,1.868,1.417,3,3,3.574
1784923037312,-0.020,1.214,-0.326,0.324,-0.003,-0.079,103.631,1.380,1.882,1.707,3,3,3.259
1784923037325,-0.021,1.250,-0.325,0.388,-0.007,-0.070,103.161,1.331,2.067,2.054,3,3,3.259
1784923037338,-0.025,1.281,-0.322,0.454,-0.012,-0.055,102.636,1.527,1.969,2.196,3,3,3.977
1784923037353,-0.041,1.316,-0.313,0.530,-0.014,-0.044,101.708,2.385,2.131,2.512,3,3,3.272
1784923037366,-0.033,1.346,-0.305,0.603,-0.018,-0.037,100.957,1.776,2.004,2.507,3,3,3.269
1784923037379,-0.013,1.368,-0.302,0.673,-0.024,-0.026,100.612,0.415,1.924,2.523,3,3,3.269
1784923037393,0.011,1.375,-0.295,0.741,-0.038,-0.007,100.112,-1.492,1.614,2.581,3,3,3.261
1784923037406,0.030,1.385,-0.294,0.806,-0.060,0.001,100.041,-2.766,1.698,2.586,3,3,3.924
1784923037420,0.047,1.352,-0.273,0.869,-0.085,0.010,97.553,-5.742,0.776,2.619,3,3,3.254
1784923037433,0.057,1.285,-0.239,0.930,-0.116,0.011,86.442,-7.735,0.595,2.669,3,3,3.279
1784923037447,0.040,1.204,-0.164,0.970,-0.141,0.002,76.202,-5.914,1.631,2.177,3,3,3.257
1784923037460,0.041,1.126,-0.137,0.952,-0.152,0.004,64.115,-5.734,0.728,0.636,3,3,3.275
1784923037473,0.033,1.077,-0.096,0.890,-0.152,0.006,58.009,-4.277,0.813,0.737,4,4,3.875
1784923037487,0.026,1.051,-0.060,0.823,-0.143,0.003,55.794,-3.021,0.875,0.920,4,4,3.268
1784923037501,0.024,1.022,-0.031,0.753,-0.128,0.004,53.613,-2.609,0.715,1.081,4,4,3.524
1784923037515,0.024,0.988,-0.008,0.677,-0.112,0.014,50.902,-2.566,0.566,1.375,4,4,3.290
1784923037528,0.020,0.955,0.013,0.591,-0.092,0.021,48.583,-1.773,0.530,1.716,4,4,3.257
1784923037541,0.017,0.928,0.032,0.494,-0.069,0.022,47.445,-0.989,0.544,2.074,4,4,3.922
1784923037555,0.017,0.907,0.047,0.386,-0.047,0.022,47.771,-1.064,0.599,2.475,4,4,3.256
1784923037569,0.020,0.899,0.058,0.279,-0.026,0.026,49.566,-1.585,0.775,2.557,4,4,3.289
1784923037582,0.026,0.900,0.064,0.176,-0.009,0.034,52.325,-2.398,0.954,2.549,4,4,3.284
1784923037595,0.036,0.912,0.065,0.077,0.002,0.045,55.439,-3.251,1.202,2.540,4,4,3.267
1784923037609,0.045,0.930,0.062,-0.019,0.006,0.058,58.823,-3.933,1.348,2.534,5,5,3.926
1784923037623,0.050,0.954,0.053,-0.111,0.004,0.067,62.244,-4.176,1.492,2.523,5,5,3.251
1784923037636,0.049,0.984,0.040,-0.200,-0.002,0.075,65.678,-3.849,1.676,2.520,5,5,3.275
1784923037650,0.043,1.021,0.022,-0.285,-0.006,0.082,69.100,-3.259,1.856,2.517,5,5,3.264
1784923037663,0.037,1.063,-0.004,-0.367,-0.006,0.091,72.642,-2.685,2.064,2.522,5,5,3.261
1784923037676,0.035,1.105,-0.038,-0.446,-0.002,0.106,76.310,-2.401,2.185,2.541,5,5,3.886
1784923037690,0.037,1.139,-0.078,-0.514,0.002,0.128,80.158,-2.393,2.111,2.399,5,5,3.259
1784923037704,0.040,1.166,-0.119,-0.580,0.004,0.151,83.978,-2.454,2.021,2.411,5,5,3.314
1784923037717,0.039,1.191,-0.163,-0.643,0.003,0.168,87.641,-2.241,2.074,2.363,5,5,3.255
1784923037730,0.029,1.212,-0.213,-0.699,0.001,0.180,91.461,-1.562,2.133,2.207,5,5,3.257
1784923037744,0.013,1.227,-0.268,-0.748,0.003,0.187,95.485,-0.534,2.169,2.046,5,5,3.913
1784923037758,-0.004,1.240,-0.327,-0.785,0.010,0.188,99.414,0.397,2.237,1.766,5,5,3.262
1784923037771,-0.015,1.248,-0.385,-0.807,0.021,0.187,103.199,0.988,2.213,1.427,5,5,3.282
1784923037785,-0.020,1.250,-0.442,-0.814,0.033,0.187,106.938,1.222,2.115,1.065,5,5,3.263
1784923037798,-0.026,1.245,-0.497,-0.806,0.046,0.190,110.696,1.529,2.061,0.769,5,5,3.277
1784923037811,-0.036,1.235,-0.551,-0.788,0.059,0.190,114.373,2.114,2.028,0.527,5,5,3.938
1784923037825,-0.048,1.225,-0.600,-0.759,0.071,0.183,117.665,2.720,1.971,0.399,5,5,3.265
1784923037839,-0.049,1.215,-0.643,-0.720,0.082,0.172,120.514,2.711,1.871,0.464,5,5,3.292
1784923037852,-0.043,1.207,-0.678,-0.679,0.090,0.163,122.790,2.190,1.777,0.507,5,5,3.261
1784923037865,-0.004,1.152,-0.631,-0.646,0.075,0.114,110.372,-4.131,0.942,1.233,5,5,3.284
1784923037879,-0.028,1.152,-0.579,-0.563,0.077,0.085,106.018,-1.540,1.376,1.715,5,5,3.932
1784923037893,-0.040,1.146,-0.559,-0.490,0.090,0.078,105.167,0.153,1.063,1.478,5,5,3.269
1784923037906,-0.043,1.143,-0.536,-0.413,0.102,0.073,103.810,0.768,1.085,1.641,5,5,3.360
1784923037920,-0.036,1.136,-0.526,-0.346,0.108,0.071,104.190,0.023,1.052,1.425,5,5,3.256
1784923037933,-0.030,1.130,-0.513,-0.287,0.103,0.067,103.983,-0.447,1.034,1.231,5,5,3.267
1784923037946,-0.031,1.123,-0.502,-0.237,0.099,0.071,104.120,-0.111,1.005,1.073,1,1,3.917
1784923037960,-0.027,1.115,-0.497,-0.196,0.096,0.075,104.962,-0.506,1.022,0.886,1,1,3.269
1784923037974,-0.025,1.105,-0.492,-0.166,0.096,0.073,105.687,-0.484,0.959,0.617,1,1,3.269
1784923037987,-0.023,1.099,-0.483,-0.142,0.096,0.071,105.782,-0.577,0.995,0.504,1,1,3.263
1784923038001,-0.021,1.093,-0.472,-0.121,0.096,0.069,105.664,-0.656,1.002,0.431,1,1,3.305
1784923038014,-0.018,1.087,-0.463,-0.102,0.096,0.067,105.576,-0.824,1.001,0.403,1,1,3.914
1784923038028,-0.014,1.082,-0.454,-0.085,0.094,0.063,105.580,-1.201,0.998,0.354,1,1,3.261
1784923038041,-0.007,1.072,-0.450,-0.074,0.088,0.056,106.192,-1.885,0.948,0.241,1,1,3.265
1784923038055,-0.006,1.069,-0.442,-0.066,0.082,0.051,106.051,-1.803,1.026,0.173,1,1,3.273
1784923038068,-0.006,1.064,-0.436,-0.061,0.077,0.048,106.236,-1.640,0.996,0.116,1,1,3.298
1784923038082,-0.004,1.060,-0.428,-0.056,0.071,0.044,106.091,-1.616,1.016,0.102,1,1,3.918
1784923038096,-0.004,1.057,-0.421,-0.051,0.067,0.042,106.022,-1.494,1.018,0.101,1,1,3.268
1784923038109,-0.003,1.055,-0.415,-0.045,0.063,0.040,105.948,-1.385,1.045,0.107,1,1,3.348
1784923038122,-0.003,1.052,-0.409,-0.039,0.060,0.039,105.882,-1.295,1.043,0.125,1,1,3.258
1784923038136,-0.002,1.051,-0.403,-0.033,0.058,0.038,105.816,-1.219,1.053,0.132,1,1,3.283
1784923038149,-0.001,1.049,-0.398,-0.027,0.056,0.037,105.838,-1.291,1.045,0.129,1,1,3.924
1784923038163,0.001,1.046,-0.393,-0.022,0.054,0.035,105.867,-1.375,1.020,0.099,1,1,3.281
1784923038177,0.003,1.044,-0.388,-0.018,0.052,0.033,105.901,-1.501,1.040,0.094,1,1,3.280
1784923038190,0.004,1.041,-0.384,-0.015,0.049,0.029,105.949,-1.527,1.026,0.092,1,1,3.260
1784923038203,0.004,1.039,-0.380,-0.013,0.046,0.026,105.975,-1.369,1.039,0.073,1,1,3.283
1784923038217,0.004,1.037,-0.376,-0.011,0.043,0.023,105.990,-1.275,1.033,0.069,1,1,3.905
1784923038231,0.004,1.036,-0.372,-0.009,0.041,0.021,105.933,-1.154,1.048,0.069,1,1,3.272
1784923038244,0.005,1.034,-0.368,-0.006,0.040,0.018,105.989,-1.139,1.038,0.101,1,1,3.257
1784923038257,0.005,1.032,-0.365,-0.002,0.039,0.015,106.049,-1.121,1.027,0.103,1,1,3.279
1784923038271,0.006,1.030,-0.362,0.000,0.038,0.011,106.076,-1.138,1.023,0.107,1,1,3.266
1784923038284,0.007,1.027,-0.359,0.003,0.036,0.008,106.131,-1.159,1.022,0.114,1,1,3.919
1784923038298,0.007,1.025,-0.356,0.005,0.034,0.004,106.165,-1.170,1.020,0.119,1,1,3.275
1784923038312,0.008,1.023,-0.353,0.007,0.032,0.000,106.205,-1.111,1.012,0.111,1,1,3.283
1784923038325,0.007,1.021,-0.350,0.009,0.030,-0.003,106.253,-0.985,1.020,0.101,1,1,3.259
1784923038338,0.006,1.019,-0.348,0.011,0.027,-0.006,106.308,-0.840,1.019,0.100,1,1,3.264
1784923038352,0.006,1.017,-0.346,0.013,0.026,-0.008,106.403,-0.713,1.023,0.095,1,1,3.899
1784923038366,0.005,1.015,-0.344,0.015,0.024,-0.010,106.436,-0.605,1.026,0.088,1,1,3.296
1784923038379,0.005,1.014,-0.342,0.017,0.022,-0.012,106.505,-0.568,1.028,0.094,1,1,3.281
1784923038393,0.004,1.012,-0.340,0.018,0.021,-0.013,106.612,-0.434,1.009,0.074,1,1,3.275
1784923038406,0.003,1.010,-0.339,0.019,0.019,-0.014,106.706,-0.301,1.029,0.063,1,1,3.272
1784923038419,0.002,1.010,-0.337,0.019,0.018,-0.015,106.727,-0.190,1.043,0.055,2,2,3.930
1784923038433,0.001,1.010,-0.336,0.020,0.017,-0.016,106.773,-0.079,1.051,0.056,2,2,3.278
1784923038447,0.001,1.009,-0.335,0.021,0.016,-0.017,106.796,0.016,1.047,0.072,2,2,3.267
1784923038460,-0.000,1.008,-0.334,0.022,0.016,-0.019,106.875,0.141,1.033,0.084,2,2,3.282
1784923038473,-0.001,1.007,-0.332,0.024,0.016,-0.021,106.874,0.202,1.036,0.099,2,2,3.282
1784923038487,-0.002,1.007,-0.331,0.027,0.016,-0.023,106.895,0.260,1.050,0.129,2,2,3.918
1784923038501,-0.002,1.007,-0.331,0.030,0.016,-0.026,106.937,0.338,1.051,0.162,2,2,3.286
1784923038514,-0.002,1.008,-0.330,0.035,0.016,-0.031,106.942,0.291,1.079,0.238,2,2,3.299
1784923038528,-0.004,1.010,-0.329,0.042,0.017,-0.038,106.910,0.450,1.090,0.303,2,2,3.268
1784923038541,-0.002,1.016,-0.328,0.053,0.017,-0.045,106.707,0.287,1.183,0.404,2,2,3.265
1784923038554,-0.002,1.019,-0.327,0.066,0.015,-0.052,106.646,0.276,1.138,0.469,3,3,3.911
1784923038568,-0.001,1.027,-0.327,0.080,0.014,-0.060,106.514,0.141,1.236,0.523,3,3,3.270
1784923038582,-0.006,1.033,-0.328,0.099,0.013,-0.067,106.448,0.622,1.234,0.644,3,3,3.260
1784923038595,-0.009,1.044,-0.328,0.119,0.012,-0.072,106.302,0.861,1.315,0.659,3,3,3.286
1784923038609,-0.008,1.056,-0.330,0.149,0.009,-0.072,106.252,0.751,1.385,0.927,3,3,3.267
1784923038622,-0.011,1.074,-0.333,0.175,0.006,-0.073,106.178,0.910,1.509,0.876,4,4,3.923
1784923038636,-0.025,1.094,-0.337,0.201,0.006,-0.072,106.053,1.934,1.621,0.876,4,4,3.282
1784923038649,-0.026,1.114,-0.338,0.236,0.007,-0.067,105.773,1.958,1.606,1.148,4,4,3.255
1784923038663,-0.024,1.140,-0.340,0.278,0.006,-0.060,105.510,1.730,1.751,1.364,4,4,3.296
1784923038676,-0.026,1.166,-0.339,0.325,0.005,-0.052,105.043,1.734,1.752,1.559,4,4,3.262
1784923038689,-0.028,1.193,-0.341,0.378,0.004,-0.045,104.728,1.829,1.826,1.750,3,3,3.911
1784923038704,-0.029,1.219,-0.338,0.436,0.001,-0.034,104.190,1.781,1.814,1.971,3,3,3.283
1784923038717,-0.029,1.247,-0.334,0.504,-0.003,-0.023,103.557,1.674,1.874,2.282,3,3,3.293
1784923038730,-0.021,1.277,-0.331,0.578,-0.008,-0.012,102.999,1.108,1.958,2.522,3,3,3.275
1784923038744,-0.012,1.307,-0.326,0.650,-0.016,0.001,102.375,0.497,1.994,2.533,3,3,3.255
1784923038757,0.003,1.321,-0.325,0.718,-0.024,0.031,102.176,-0.646,1.673,2.639,3,3,3.926
1784923038771,0.020,1.347,-0.333,0.784,-0.040,0.057,102.432,-1.655,2.027,2.649,3,3,3.282
1784923038784,0.031,1.329,-0.325,0.848,-0.061,0.072,102.120,-2.953,0.994,2.611,3,3,3.271
1784923038798,0.050,1.293,-0.311,0.909,-0.087,0.091,100.874,-6.887,0.678,2.686,3,3,3.281
1784923038811,0.066,1.227,-0.268,0.957,-0.120,0.103,89.662,-9.118,0.795,2.443,3,3,3.269
1784923038825,0.064,1.176,-0.245,0.948,-0.154,0.116,82.289,-8.795,0.265,1.314,4,4,3.929
1784923038839,0.048,1.115,-0.196,0.903,-0.179,0.112,73.135,-6.259,0.964,0.872,4,4,3.269
1784923038852,0.031,1.089,-0.158,0.851,-0.196,0.096,69.813,-3.597,0.904,0.871,4,4,3.269
1784923038865,0.019,1.054,-0.123,0.789,-0.204,0.085,65.502,-1.446,0.749,0.956,4,4,3.272
1784923038879,0.008,1.017,-0.092,0.719,-0.205,0.086,61.023,0.625,0.670,1.124,4,4,3.257
1784923038892,-0.006,0.982,-0.061,0.640,-0.198,0.089,57.134,3.001,0.724,1.417,4,4,3.986
1784923038906,-0.020,0.950,-0.033,0.550,-0.182,0.087,54.002,5.386,0.712,1.790,4,4,3.268
1784923038920,-0.031,0.924,-0.009,0.450,-0.162,0.085,52.010,7.078,0.681,2.195,4,4,3.301
1784923038933,-0.037,0.906,0.009,0.340,-0.140,0.084,51.937,7.749,0.674,2.537,4,4,3.277
1784923038946,-0.039,0.899,0.020,0.235,-0.121,0.084,53.742,7.565,0.801,2.533,4,4,3.253
1784923038960,-0.043,0.907,0.026,0.133,-0.103,0.084,56.465,7.486,1.092,2.527,4,4,3.945
1784923038974,-0.047,0.923,0.025,0.035,-0.088,0.082,59.582,7.410,1.283,2.521,4,4,3.278
1784923038987,-0.056,0.943,0.019,-0.059,-0.071,0.077,62.996,7.704,1.406,2.527,4,4,3.268
1784923039001,-0.072,0.967,0.008,-0.149,-0.048,0.068,66.343,8.438,1.578,2.569,4,4,3.276
1784923039014,-0.089,0.999,-0.006,-0.236,-0.013,0.057,69.643,9.052,1.774,2.665,4,4,3.262
1784923039027,-0.102,1.038,-0.028,-0.320,0.033,0.047,73.001,9.254,2.005,2.790,5,5,3.948
1784923039041,-0.108,1.074,-0.058,-0.397,0.089,0.040,76.603,8.984,2.005,2.839,5,5,3.262
1784923039055,-0.109,1.108,-0.094,-0.469,0.152,0.032,80.282,8.483,2.057,2.958,5,5,3.287
1784923039068,-0.111,1.147,-0.135,-0.531,0.222,0.016,83.801,8.060,2.249,2.989,5,5,3.273
1784923039081,-0.107,1.182,-0.181,-0.581,0.297,-0.009,87.369,7.331,2.286,3.001,5,5,3.266
1784923039096,-0.092,1.206,-0.230,-0.621,0.375,-0.040,91.143,6.056,2.162,3.040,5,5,4.166
1784923039113,-0.066,1.214,-0.282,-0.654,0.453,-0.075,95.384,4.103,2.056,3.061,5,5,6.055
1784923039127,-0.029,1.211,-0.332,-0.685,0.529,-0.100,99.724,1.518,1.990,3.004,5,5,3.678
1784923039142,0.007,1.213,-0.375,-0.711,0.599,-0.114,103.247,-0.843,1.988,2.830,5,5,5.214
1784923039156,0.039,1.215,-0.414,-0.721,0.665,-0.119,106.251,-2.876,1.924,2.580,5,5,3.281
1784923039169,0.067,1.210,-0.449,-0.720,0.725,-0.113,109.246,-4.736,1.783,2.386,5,5,3.898
1784923039183,0.093,1.199,-0.483,-0.712,0.778,-0.101,112.335,-6.465,1.691,2.211,5,5,3.301
1784923039197,0.119,1.186,-0.515,-0.697,0.821,-0.093,115.282,-8.201,1.658,1.976,5,5,3.267
1784923039210,0.141,1.261,-0.552,-0.663,0.849,-0.052,115.289,-8.486,3.273,1.880,5,5,3.264
1784923039224,0.179,1.272,-0.600,-0.608,0.864,0.006,117.415,-9.972,2.441,2.126,5,5,3.581
1784923039237,0.179,1.244,-0.601,-0.542,0.871,0.059,119.005,-10.104,0.908,2.143,5,5,3.946
1784923039254,0.205,1.309,-0.560,-0.463,0.864,0.080,115.583,-10.632,2.849,1.820,5,5,6.207
1784923039268,0.212,1.307,-0.546,-0.396,0.820,0.076,114.176,-11.131,1.340,1.392,5,5,3.267
1784923039283,0.201,1.276,-0.553,-0.349,0.777,0.075,116.518,-9.934,0.925,0.945,5,5,5.524
1784923039297,0.191,1.259,-0.545,-0.321,0.740,0.069,116.229,-8.836,0.961,0.454,5,5,3.315
1784923039310,0.184,1.251,-0.531,-0.294,0.706,0.061,114.797,-8.066,1.094,0.466,1,1,3.866
1784923039324,0.173,1.238,-0.520,-0.272,0.673,0.054,114.041,-6.937,0.997,0.395,1,1,3.270
1784923039338,0.163,1.227,-0.509,-0.251,0.642,0.051,113.171,-5.973,1.028,0.320,1,1,4.139
1784923039353,0.150,1.214,-0.502,-0.242,0.617,0.051,112.885,-4.748,0.993,0.049,1,1,3.700
1784923039366,0.144,1.205,-0.492,-0.228,0.592,0.051,112.171,-4.353,1.045,0.150,1,1,3.252
1784923039380,0.137,1.196,-0.481,-0.214,0.570,0.052,111.418,-3.832,1.039,0.163,1,1,3.932
1784923039394,0.133,1.188,-0.472,-0.200,0.549,0.051,110.833,-3.641,1.032,0.163,1,1,3.264
1784923039407,0.126,1.179,-0.463,-0.187,0.528,0.050,110.286,-3.260,1.023,0.164,1,1,3.265
1784923039421,0.121,1.170,-0.455,-0.175,0.508,0.049,109.877,-2.964,1.010,0.138,1,1,3.318
1784923039435,0.117,1.161,-0.448,-0.165,0.488,0.047,109.571,-2.836,1.004,0.102,1,1,4.650
1784923039449,0.112,1.153,-0.441,-0.156,0.468,0.044,109.237,-2.602,1.020,0.089,1,1,3.867
1784923039466,0.106,1.145,-0.434,-0.148,0.450,0.041,108.943,-2.226,1.016,0.075,1,1,6.339
1784923039479,0.100,1.139,-0.427,-0.140,0.432,0.040,108.627,-1.864,1.042,0.066,1,1,3.673
1784923039493,0.095,1.134,-0.420,-0.131,0.416,0.039,108.272,-1.583,1.063,0.099,1,1,3.250
1784923039506,0.090,1.128,-0.414,-0.122,0.400,0.038,108.034,-1.368,1.034,0.123,1,1,3.250
1784923039521,0.086,1.121,-0.409,-0.113,0.386,0.037,107.931,-1.212,1.015,0.115,1,1,4.889
1784923039535,0.083,1.115,-0.404,-0.106,0.371,0.035,107.835,-1.120,1.030,0.095,1,1,3.312
1784923039548,0.078,1.110,-0.399,-0.099,0.357,0.033,107.645,-0.940,1.048,0.087,1,1,3.273
1784923039561,0.075,1.105,-0.394,-0.092,0.344,0.031,107.465,-0.868,1.039,0.094,1,1,3.260
1784923039577,0.072,1.100,-0.389,-0.085,0.330,0.027,107.365,-0.852,1.020,0.112,1,1,5.783
1784923039591,0.069,1.094,-0.386,-0.078,0.317,0.024,107.419,-0.690,1.014,0.105,1,1,5.931
1784923039620,0.065,1.090,-0.382,-0.073,0.306,0.023,107.359,-0.541,1.037,0.063,1,1,8.149
1784923039635,0.062,1.086,-0.378,-0.067,0.295,0.021,107.274,-0.473,1.045,0.088,1,1,4.620
1784923039649,0.059,1.082,-0.375,-0.061,0.284,0.018,107.248,-0.400,1.040,0.111,1,1,3.723
1784923039663,0.055,1.077,-0.372,-0.055,0.274,0.015,107.261,-0.238,1.015,0.118,1,1,3.924
1784923039678,0.052,1.071,-0.370,-0.050,0.264,0.013,107.372,-0.078,1.008,0.095,1,1,5.687
1784923039694,0.047,1.067,-0.367,-0.046,0.255,0.012,107.434,0.195,1.017,0.069,1,1,5.501
1784923039708,0.044,1.062,-0.365,-0.042,0.246,0.012,107.528,0.319,1.019,0.051,1,1,3.395
1784923039723,0.042,1.059,-0.362,-0.039,0.237,0.011,107.475,0.330,1.035,0.061,1,1,3.348
1784923039737,0.040,1.056,-0.360,-0.034,0.228,0.009,107.470,0.317,1.041,0.092,1,1,4.049
1784923039751,0.037,1.053,-0.358,-0.029,0.220,0.007,107.480,0.418,1.035,0.106,1,1,4.101
1784923039767,0.034,1.050,-0.357,-0.025,0.212,0.005,107.582,0.507,1.023,0.085,1,1,3.252
1784923039780,0.032,1.046,-0.355,-0.022,0.204,0.004,107.684,0.574,1.022,0.073,1,1,3.361
1784923039796,0.030,1.043,-0.354,-0.019,0.196,0.003,107.764,0.611,1.027,0.062,1,1,5.072
1784923039809,0.028,1.040,-0.353,-0.016,0.189,0.003,107.817,0.670,1.021,0.056,1,1,3.558
1784923039823,0.025,1.037,-0.352,-0.013,0.181,0.002,107.899,0.772,1.022,0.062,2,2,3.776
1784923039836,0.022,1.034,-0.350,-0.010,0.175,0.003,107.950,0.933,1.033,0.073,2,2,3.255
1784923039850,0.020,1.032,-0.350,-0.007,0.168,0.003,107.999,0.977,1.040,0.061,2,2,3.246
1784923039864,0.017,1.030,-0.348,-0.005,0.162,0.003,108.016,1.078,1.035,0.060,2,2,4.366
1784923039878,0.016,1.028,-0.348,-0.002,0.156,0.003,108.087,1.060,1.041,0.063,2,2,3.247
1784923039891,0.014,1.026,-0.347,0.001,0.151,0.003,108.142,1.125,1.039,0.079,2,2,3.775
1784923039905,0.012,1.025,-0.347,0.003,0.146,0.002,108.189,1.209,1.057,0.076,2,2,3.568
1784923039919,0.011,1.024,-0.346,0.007,0.141,0.001,108.242,1.147,1.061,0.108,2,2,3.505
1784923039932,0.009,1.023,-0.346,0.010,0.137,-0.001,108.304,1.197,1.064,0.119,2,2,3.255
1784923039946,0.007,1.025,-0.346,0.016,0.132,-0.003,108.235,1.268,1.112,0.156,2,2,3.247
1784923039961,0.004,1.027,-0.346,0.022,0.129,-0.005,108.200,1.437,1.126,0.206,3,3,6.011
1784923039975,0.001,1.031,-0.345,0.031,0.126,-0.011,108.016,1.592,1.183,0.317,3,3,3.235
1784923039989,0.001,1.042,-0.343,0.044,0.123,-0.021,107.528,1.404,1.313,0.474,3,3,3.238
1784923040002,0.001,1.051,-0.342,0.061,0.119,-0.037,107.248,1.335,1.283,0.687,3,3,3.235
1784923040015,-0.009,1.062,-0.342,0.082,0.116,-0.061,107.019,2.088,1.369,0.917,3,3,3.235
1784923040029,-0.017,1.083,-0.344,0.104,0.117,-0.082,106.754,2.571,1.592,0.939,3,3,3.690
1784923040042,-0.022,1.099,-0.346,0.131,0.117,-0.106,106.602,2.747,1.507,1.103,3,3,3.274
1784923040057,-0.023,1.115,-0.346,0.159,0.119,-0.126,106.291,2.641,1.509,1.115,3,3,4.123
1784923040070,-0.027,1.129,-0.349,0.191,0.120,-0.151,106.265,2.859,1.494,1.303,3,3,3.230
1784923040083,-0.034,1.132,-0.350,0.219,0.120,-0.192,106.310,3.383,1.276,1.575,3,3,3.268
1784923040097,-0.042,1.126,-0.354,0.246,0.122,-0.243,107.030,4.152,1.098,1.833,3,3,3.692
1784923040110,-0.069,1.115,-0.348,0.264,0.134,-0.310,106.740,7.161,1.116,2.215,3,3,3.227
1784923040124,-0.101,1.106,-0.348,0.268,0.160,-0.391,107.135,10.279,1.262,2.670,3,3,3.236
1784923040137,-0.143,1.093,-0.342,0.264,0.205,-0.469,106.929,14.185,1.357,2.857,3,3,3.223
1784923040151,-0.182,1.070,-0.324,0.255,0.269,-0.545,104.665,18.699,1.176,3.155,3,3,3.256
1784923040164,-0.236,1.045,-0.294,0.220,0.352,-0.559,99.895,23.227,1.552,2.756,4,4,3.684
1784923040179,-0.252,1.037,-0.246,0.173,0.431,-0.573,94.830,23.538,1.317,2.876,4,4,4.584
1784923040193,-0.232,1.034,-0.194,0.131,0.508,-0.610,90.200,20.523,1.376,3.098,4,4,3.233
1784923040206,-0.179,1.031,-0.148,0.085,0.582,-0.639,86.200,14.992,1.611,3.077,4,4,3.225
1784923040221,-0.110,1.031,-0.111,0.044,0.653,-0.651,83.294,8.982,1.865,2.871,4,4,4.371
1784923040234,-0.051,1.025,-0.082,0.003,0.722,-0.657,80.940,3.409,1.648,2.829,4,4,3.703
1784923040248,-0.010,1.018,-0.060,-0.041,0.788,-0.664,79.335,-1.036,1.293,2.898,4,4,4.019
1784923040262,0.013,1.012,-0.043,-0.089,0.839,-0.677,78.442,-3.579,1.070,2.718,4,4,3.230
1784923040275,0.025,1.010,-0.029,-0.141,0.883,-0.691,78.018,-4.796,1.040,2.731,4,4,3.218
1784923040288,0.030,1.009,-0.018,-0.197,0.927,-0.701,77.876,-5.145,1.044,2.828,4,4,3.240
1784923040302,0.036,1.012,-0.007,-0.254,0.974,-0.708,77.937,-5.425,1.104,2.934,4,4,3.684
1784923040317,0.046,1.018,-0.000,-0.313,1.024,-0.711,78.354,-6.095,1.190,3.075,4,4,4.434
1784923040330,0.060,1.028,0.003,-0.372,1.074,-0.713,79.137,-7.132,1.303,3.146,4,4,3.227
1784923040343,0.077,1.041,0.003,-0.429,1.126,-0.714,80.184,-8.249,1.398,3.201,4,4,3.241
1784923040357,0.097,1.056,-0.001,-0.481,1.177,-0.713,81.478,-9.460,1.492,3.179,4,4,3.235
1784923040370,0.120,1.074,-0.010,-0.526,1.226,-0.709,83.049,-10.725,1.598,3.083,4,4,3.680
1784923040384,0.142,1.089,-0.025,-0.564,1.274,-0.699,84.989,-11.906,1.594,2.971,4,4,3.261
1784923040400,0.160,1.102,-0.045,-0.596,1.319,-0.683,87.308,-12.693,1.560,2.887,4,4,5.580
1784923040415,0.164,1.114,-0.069,-0.619,1.363,-0.664,89.796,-12.415,1.531,2.788,4,4,3.350
1784923040429,0.162,1.128,-0.095,-0.633,1.405,-0.645,92.153,-11.641,1.583,2.703,4,4,3.582
1784923040442,0.159,1.138,-0.121,-0.640,1.446,-0.631,94.549,-10.875,1.516,2.644,4,4,3.979
1784923040456,0.168,1.140,-0.146,-0.643,1.485,-0.624,97.000,-11.251,1.427,2.641,4,4,3.274
1784923040470,0.197,1.139,-0.172,-0.642,1.523,-0.617,99.533,-13.219,1.563,2.614,4,4,3.383
1784923040483,0.243,1.130,-0.201,-0.640,1.559,-0.603,102.592,-16.231,1.789,2.578,4,4,3.411
1784923040497,0.295,1.121,-0.236,-0.636,1.583,-0.583,105.912,-19.113,1.965,2.282,4,4,3.336
1784923040510,0.342,1.108,-0.273,-0.630,1.581,-0.560,109.366,-21.561,1.923,1.581,1,1,3.744
1784923040524,0.352,1.107,-0.314,-0.608,1.562,-0.511,112.138,-21.357,1.722,1.315,1,1,3.317
1784923040538,0.342,1.126,-0.377,-0.570,1.531,-0.469,114.635,-19.647,2.348,1.047,1,1,3.480
1784923040551,0.372,1.073,-0.423,-0.543,1.480,-0.450,87.011,-21.169,1.757,0.238,1,1,3.253
1784923040566,0.355,1.061,-0.416,-0.527,1.414,-0.428,89.106,-18.976,0.847,0.359,1,1,3.998
1784923040581,0.334,1.066,-0.403,-0.510,1.360,-0.404,89.676,-16.678,1.194,0.229,1,1,5.896
1784923040595,0.324,1.067,-0.394,-0.488,1.307,-0.385,90.665,-15.528,1.103,0.151,1,1,3.362
1784923040614,0.309,1.063,-0.388,-0.467,1.256,-0.367,92.035,-13.985,1.018,0.152,1,1,8.325
1784923040628,0.295,1.061,-0.381,-0.445,1.209,-0.349,93.093,-12.582,1.053,0.168,1,1,3.511
1784923040643,0.281,1.058,-0.377,-0.424,1.163,-0.330,94.285,-11.242,1.032,0.200,1,1,4.718
1784923040657,0.270,1.051,-0.375,-0.405,1.119,-0.312,95.882,-10.314,0.950,0.199,1,1,4.045
1784923040671,0.258,1.049,-0.370,-0.389,1.078,-0.294,96.664,-9.393,1.039,0.172,1,1,4.100
1784923040686,0.248,1.046,-0.366,-0.373,1.039,-0.277,97.542,-8.637,1.010,0.159,1,1,3.971
1784923040702,0.238,1.043,-0.360,-0.359,1.002,-0.261,98.112,-7.959,1.024,0.172,1,1,6.439
1784923040716,0.229,1.040,-0.357,-0.346,0.965,-0.245,98.901,-7.377,0.999,0.175,1,1,3.900
1784923040731,0.222,1.038,-0.352,-0.333,0.930,-0.230,99.400,-6.981,1.036,0.155,1,1,3.875
1784923040745,0.214,1.036,-0.348,-0.322,0.895,-0.216,99.867,-6.552,1.025,0.145,1,1,3.435
1784923040767,0.206,1.034,-0.344,-0.311,0.863,-0.202,100.332,-6.070,1.025,0.166,1,1,11.947
1784923040781,0.200,1.034,-0.341,-0.300,0.832,-0.189,100.694,-5.805,1.066,0.152,1,1,3.493
1784923040795,0.194,1.033,-0.337,-0.288,0.803,-0.178,101.057,-5.625,1.042,0.122,1,1,3.421
1784923040809,0.188,1.031,-0.334,-0.277,0.775,-0.167,101.376,-5.351,1.033,0.125,1,1,3.972
1784923040824,0.182,1.030,-0.330,-0.267,0.747,-0.157,101.625,-5.207,1.040,0.106,1,1,4.917
1784923040838,0.178,1.029,-0.327,-0.257,0.721,-0.148,101.880,-5.100,1.033,0.087,1,1,3.686
1784923040853,0.173,1.027,-0.324,-0.248,0.695,-0.140,102.161,-4.970,1.025,0.086,1,1,4.559
1784923040869,0.168,1.026,-0.321,-0.240,0.670,-0.132,102.439,-4.856,1.036,0.078,1,1,5.264
1784923040884,0.164,1.026,-0.318,-0.233,0.645,-0.125,102.534,-4.775,1.050,0.067,1,1,5.226
1784923040899,0.160,1.024,-0.315,-0.225,0.622,-0.119,102.678,-4.723,1.034,0.040,1,1,3.878
1784923040916,0.156,1.023,-0.312,-0.217,0.599,-0.114,102.828,-4.659,1.018,0.022,1,1,4.217
1784923040930,0.153,1.021,-0.310,-0.210,0.577,-0.109,102.964,-4.635,1.017,0.028,1,1,3.322
1784923040943,0.150,1.020,-0.307,-0.202,0.555,-0.104,103.064,-4.614,1.032,0.022,1,1,3.367
1784923040957,0.147,1.019,-0.304,-0.195,0.534,-0.101,103.162,-4.610,1.026,0.014,1,1,3.854
1784923040973,0.143,1.017,-0.303,-0.188,0.514,-0.097,103.350,-4.552,1.010,0.023,1,1,3.595
1784923040990,0.140,1.016,-0.300,-0.183,0.494,-0.093,103.438,-4.436,1.025,0.042,1,1,4.284
1784923041006,0.136,1.015,-0.298,-0.178,0.476,-0.089,103.455,-4.332,1.026,0.050,1,1,4.494
1784923041019,0.133,1.014,-0.295,-0.173,0.458,-0.085,103.471,-4.292,1.030,0.048,1,1,3.238
1784923041033,0.131,1.013,-0.293,-0.168,0.440,-0.081,103.501,-4.244,1.020,0.047,1,1,4.046
1784923041048,0.128,1.012,-0.291,-0.163,0.424,-0.077,103.602,-4.175,1.016,0.046,1,1,3.245
1784923041062,0.125,1.011,-0.289,-0.158,0.408,-0.073,103.619,-4.127,1.022,0.048,1,1,3.694
1784923041075,0.124,1.010,-0.287,-0.153,0.392,-0.071,103.577,-4.318,1.038,0.038,1,1,3.306
1784923041089,0.125,1.010,-0.284,-0.147,0.375,-0.072,103.459,-4.675,1.032,0.140,1,1,3.441
1784923041104,0.123,1.010,-0.282,-0.140,0.357,-0.076,103.430,-4.624,1.041,0.197,1,1,3.913
1784923041118,0.109,1.011,-0.280,-0.135,0.344,-0.075,103.380,-3.251,1.086,0.064,1,1,3.514
1784923041133,0.104,1.010,-0.280,-0.128,0.331,-0.073,103.596,-2.900,1.014,0.031,1,1,3.335
1784923041146,0.101,1.009,-0.278,-0.124,0.318,-0.068,103.661,-2.720,1.028,0.052,1,1,3.286
1784923041160,0.099,1.008,-0.278,-0.120,0.306,-0.064,103.769,-2.760,1.021,0.059,1,1,3.365
1784923041173,0.097,1.008,-0.276,-0.117,0.295,-0.059,103.748,-2.875,1.034,0.063,2,2,3.904
1784923041196,0.097,1.008,-0.274,-0.111,0.283,-0.057,103.683,-3.008,1.048,0.024,2,2,10.185
1784923041212,0.097,1.010,-0.272,-0.104,0.272,-0.056,103.535,-3.235,1.065,0.095,2,2,3.331
1784923041226,0.096,1.009,-0.271,-0.096,0.261,-0.056,103.572,-3.383,1.034,0.125,2,2,3.611
1784923041239,0.095,1.008,-0.270,-0.089,0.249,-0.057,103.618,-3.454,1.018,0.131,2,2,3.369
1784923041253,0.095,1.008,-0.269,-0.082,0.239,-0.058,103.596,-3.536,1.043,0.144,2,2,3.692
1784923041267,0.093,1.008,-0.268,-0.074,0.229,-0.059,103.620,-3.506,1.037,0.161,2,2,3.324
1784923041280,0.091,1.008,-0.267,-0.066,0.219,-0.060,103.651,-3.473,1.030,0.168,2,2,3.385
1784923041294,0.090,1.008,-0.266,-0.058,0.210,-0.062,103.623,-3.419,1.054,0.188,2,2,3.299
1784923041309,0.089,1.010,-0.265,-0.048,0.201,-0.064,103.589,-3.435,1.075,0.235,2,2,3.244
1784923041322,0.088,1.012,-0.264,-0.037,0.192,-0.067,103.526,-3.444,1.094,0.297,3,3,3.724
1784923041336,0.084,1.013,-0.265,-0.027,0.184,-0.069,103.690,-3.145,1.053,0.266,3,3,3.348
1784923041350,0.083,1.013,-0.266,-0.016,0.177,-0.073,103.916,-3.165,1.057,0.335,3,3,3.266
1784923041364,0.080,1.013,-0.268,-0.006,0.170,-0.078,104.189,-2.967,1.059,0.315,3,3,3.909
1784923041378,0.079,1.013,-0.269,0.004,0.164,-0.084,104.381,-2.933,1.056,0.364,3,3,3.302
1784923041392,0.079,1.014,-0.269,0.014,0.158,-0.094,104.442,-3.071,1.092,0.440,3,3,3.803
1784923041409,0.080,1.019,-0.269,0.028,0.152,-0.107,104.303,-3.239,1.162,0.590,3,3,4.251
1784923041422,0.076,1.035,-0.271,0.050,0.144,-0.120,104.164,-2.853,1.415,0.787,3,3,3.276
1784923041435,0.076,1.048,-0.272,0.074,0.136,-0.132,104.037,-2.886,1.374,0.811,3,3,3.234
1784923041449,0.064,1.072,-0.271,0.108,0.127,-0.148,103.490,-1.958,1.608,1.161,3,3,3.252
1784923041462,0.053,1.082,-0.276,0.143,0.121,-0.148,103.766,-1.039,1.388,1.048,4,4,3.877
1784923041478,0.045,1.116,-0.279,0.177,0.116,-0.153,103.454,-0.536,1.884,1.112,4,4,3.374
1784923041491,0.066,1.141,-0.277,0.218,0.106,-0.155,102.959,-2.160,1.789,1.313,4,4,3.341
1784923041506,0.070,1.164,-0.281,0.267,0.092,-0.159,102.911,-2.420,1.723,1.581,4,4,4.010
1784923041523,0.049,1.189,-0.283,0.320,0.084,-0.157,102.663,-0.954,1.800,1.692,4,4,3.644
1784923041540,0.033,1.216,-0.282,0.384,0.080,-0.148,102.266,0.108,1.854,2.056,3,3,4.913
1784923041554,0.028,1.248,-0.278,0.456,0.078,-0.144,101.614,0.320,1.954,2.328,3,3,3.595
1784923041571,0.046,1.268,-0.277,0.532,0.069,-0.145,101.310,-1.068,1.791,2.513,3,3,5.853
1784923041585,0.073,1.267,-0.281,0.605,0.055,-0.138,101.805,-3.611,1.456,2.522,3,3,3.793
1784923041599,0.091,1.272,-0.290,0.674,0.033,-0.147,102.561,-4.992,1.551,2.563,3,3,3.670
1784923041619,0.103,1.215,-0.257,0.725,0.009,-0.181,92.459,-8.132,0.596,2.378,4,4,10.247
1784923041636,0.097,1.156,-0.217,0.718,0.000,-0.199,82.609,-7.077,0.681,0.881,4,4,3.408
1784923041650,0.095,1.103,-0.168,0.691,0.003,-0.204,74.335,-6.625,0.903,0.341,4,4,3.358
1784923041664,0.094,1.065,-0.126,0.650,0.015,-0.206,68.918,-6.478,0.824,0.594,4,4,3.357
1784923041677,0.094,1.032,-0.089,0.597,0.030,-0.205,64.615,-6.510,0.791,0.919,4,4,3.368
1784923041691,0.094,1.001,-0.057,0.535,0.049,-0.198,61.032,-6.572,0.720,1.191,4,4,3.819
1784923041707,0.093,0.975,-0.030,0.464,0.069,-0.188,58.534,-6.567,0.693,1.505,4,4,3.433
1784923041721,0.092,0.950,-0.007,0.384,0.091,-0.179,56.816,-6.535,0.645,1.802,4,4,3.423
1784923041734,0.091,0.932,0.011,0.295,0.113,-0.171,56.348,-6.554,0.668,2.139,4,4,3.557
1784923041749,0.093,0.923,0.025,0.198,0.136,-0.163,57.185,-6.746,0.819,2.428,4,4,4.579
1784923041763,0.098,0.925,0.034,0.099,0.156,-0.154,59.085,-7.276,1.027,2.580,5,5,4.423
1784923041779,0.109,0.939,0.035,0.002,0.170,-0.141,61.750,-8.040,1.278,2.567,5,5,3.634
1784923041793,0.121,0.960,0.030,-0.091,0.177,-0.125,64.723,-8.729,1.486,2.542,5,5,3.390
1784923041807,0.132,0.990,0.019,-0.179,0.178,-0.107,67.858,-9.077,1.689,2.501,5,5,3.452
1784923041822,0.135,1.023,0.001,-0.259,0.175,-0.087,71.194,-8.880,1.807,2.372,5,5,4.653
1784923041835,0.134,1.056,-0.023,-0.332,0.174,-0.069,74.618,-8.308,1.872,2.292,5,5,3.742
1784923041849,0.129,1.088,-0.053,-0.401,0.176,-0.052,78.130,-7.606,1.907,2.220,5,5,3.233
1784923041864,0.124,1.116,-0.087,-0.461,0.180,-0.033,81.702,-6.916,1.927,2.100,5,5,4.585
1784923041877,0.117,1.134,-0.122,-0.519,0.188,-0.009,85.354,-6.167,1.768,2.158,5,5,3.628
1784923041893,0.110,1.149,-0.158,-0.580,0.196,0.013,88.872,-5.390,1.753,2.261,5,5,5.713
1784923041907,0.101,1.166,-0.196,-0.637,0.203,0.025,92.221,-4.637,1.842,2.191,5,5,3.815
1784923041921,0.093,1.181,-0.239,-0.687,0.209,0.032,95.629,-3.976,1.933,2.031,5,5,3.268
1784923041934,0.087,1.195,-0.286,-0.726,0.215,0.039,98.999,-3.472,1.982,1.774,5,5,3.405
1784923041948,0.082,1.203,-0.334,-0.751,0.219,0.046,102.444,-3.033,1.970,1.465,5,5,3.873
1784923041971,0.074,1.206,-0.384,-0.760,0.225,0.053,105.943,-2.500,1.934,1.085,5,5,12.501
1784923041984,0.060,1.202,-0.432,-0.755,0.231,0.059,109.455,-1.553,1.884,0.787,5,5,3.741
1784923042001,0.045,1.196,-0.477,-0.740,0.240,0.063,112.776,-0.519,1.827,0.588,5,5,5.750
1784923042015,0.033,1.189,-0.518,-0.712,0.247,0.064,115.722,0.217,1.759,0.459,5,5,3.286
1784923042028,0.021,1.287,-0.567,-0.593,0.253,0.042,115.704,0.534,3.818,2.588,5,5,3.267
1784923042041,0.028,1.274,-0.593,-0.515,0.250,0.015,117.917,-0.106,1.528,1.669,5,5,3.250
1784923042055,0.026,1.276,-0.543,-0.447,0.230,-0.003,113.103,-0.084,1.411,1.432,5,5,3.736
1784923042069,0.020,1.265,-0.528,-0.383,0.219,-0.008,111.944,0.529,1.062,1.293,5,5,3.427
1784923042082,0.014,1.258,-0.504,-0.319,0.214,-0.007,109.756,1.022,1.108,1.353,5,5,3.234
1784923042096,0.017,1.248,-0.490,-0.256,0.213,-0.007,108.899,0.494,1.051,1.384,5,5,3.419
1784923042110,0.021,1.235,-0.480,-0.204,0.206,-0.010,108.564,-0.120,0.980,1.153,5,5,3.388
1784923042130,0.014,1.222,-0.471,-0.163,0.198,-0.007,108.315,0.618,0.986,0.908,1,1,4.849
1784923042144,0.015,1.209,-0.464,-0.129,0.191,-0.005,108.278,0.465,0.991,0.757,1,1,3.254
1784923042158,0.017,1.195,-0.459,-0.104,0.185,-0.003,108.696,-0.003,0.949,0.539,1,1,3.354
1784923042171,0.015,1.184,-0.451,-0.085,0.181,-0.000,108.423,0.146,0.995,0.405,1,1,3.377
1784923042186,0.016,1.174,-0.443,-0.071,0.177,0.002,108.110,-0.026,0.992,0.328,1,1,4.691
1784923042199,0.017,1.167,-0.433,-0.058,0.172,0.004,107.595,-0.257,1.022,0.286,1,1,3.728
1784923042214,0.018,1.157,-0.425,-0.047,0.167,0.005,107.278,-0.480,0.985,0.247,1,1,3.942
1784923042229,0.020,1.149,-0.417,-0.038,0.162,0.006,106.961,-0.756,1.007,0.200,1,1,4.515
1784923042245,0.021,1.142,-0.409,-0.031,0.156,0.007,106.679,-0.906,1.007,0.153,1,1,4.260
1784923042263,0.022,1.135,-0.402,-0.024,0.150,0.008,106.397,-1.102,1.017,0.147,1,1,7.865
1784923042276,0.024,1.127,-0.397,-0.020,0.143,0.008,106.458,-1.294,0.986,0.097,1,1,3.739
1784923042290,0.025,1.122,-0.390,-0.015,0.136,0.008,106.142,-1.463,1.048,0.126,1,1,3.234
1784923042305,0.025,1.116,-0.384,-0.010,0.130,0.008,105.939,-1.494,1.030,0.121,1,1,3.240
1784923042318,0.026,1.112,-0.378,-0.006,0.124,0.008,105.758,-1.503,1.045,0.119,1,1,3.258
1784923042332,0.026,1.108,-0.372,-0.001,0.119,0.008,105.542,-1.565,1.054,0.123,1,1,3.888
1784923042347,0.026,1.102,-0.369,0.003,0.114,0.008,105.632,-1.565,1.022,0.105,1,1,5.865
1784923042364,0.028,1.098,-0.364,0.005,0.108,0.007,105.586,-1.793,1.040,0.072,1,1,4.789
1784923042379,0.029,1.094,-0.360,0.007,0.103,0.006,105.477,-1.897,1.037,0.058,1,1,3.876
1784923042394,0.030,1.090,-0.356,0.008,0.098,0.004,105.404,-1.995,1.037,0.072,1,1,5.131
1784923042411,0.030,1.086,-0.352,0.010,0.094,0.003,105.353,-1.951,1.029,0.077,1,1,3.443
1784923042425,0.030,1.082,-0.348,0.012,0.090,0.001,105.267,-1.876,1.040,0.065,1,1,3.725
1784923042439,0.029,1.078,-0.344,0.013,0.086,-0.000,105.253,-1.814,1.018,0.059,1,1,3.472
1784923042452,0.029,1.074,-0.341,0.014,0.083,-0.001,105.310,-1.758,1.023,0.041,1,1,3.245
1784923042466,0.029,1.070,-0.338,0.015,0.080,-0.001,105.249,-1.768,1.030,0.041,1,1,3.463
1784923042479,0.030,1.068,-0.334,0.016,0.076,-0.002,105.188,-1.815,1.039,0.055,1,1,3.245
1784923042492,0.030,1.064,-0.331,0.017,0.073,-0.004,105.131,-1.881,1.025,0.071,1,1,3.863
1784923042506,0.031,1.061,-0.328,0.019,0.069,-0.006,105.121,-1.959,1.025,0.093,1,1,3.230
1784923042521,0.032,1.058,-0.325,0.021,0.065,-0.009,105.076,-2.029,1.040,0.132,1,1,3.316
1784923042535,0.032,1.056,-0.323,0.025,0.062,-0.014,105.071,-2.030,1.048,0.166,1,1,3.352
1784923042550,0.032,1.054,-0.321,0.028,0.059,-0.018,105.057,-1.997,1.043,0.192,1,1,3.278
1784923042565,0.032,1.052,-0.319,0.033,0.056,-0.024,105.125,-2.001,1.041,0.220,1,1,3.737
1784923042579,0.031,1.049,-0.318,0.037,0.053,-0.029,105.226,-1.853,1.034,0.223,1,1,3.451
1784923042592,0.029,1.046,-0.317,0.040,0.051,-0.034,105.403,-1.554,1.025,0.197,1,1,3.632
1784923042609,0.027,1.044,-0.316,0.043,0.049,-0.038,105.529,-1.374,1.040,0.203,1,1,6.083
1784923042623,0.026,1.043,-0.315,0.047,0.047,-0.043,105.567,-1.264,1.061,0.220,1,1,3.687
1784923042637,0.026,1.041,-0.314,0.051,0.045,-0.048,105.656,-1.193,1.042,0.235,2,2,4.237
1784923042653,0.024,1.039,-0.313,0.055,0.044,-0.054,105.753,-1.027,1.042,0.265,2,2,4.455
1784923042669,0.022,1.038,-0.313,0.060,0.043,-0.060,105.870,-0.835,1.050,0.286,2,2,5.721
1784923042682,0.020,1.037,-0.312,0.067,0.042,-0.062,105.897,-0.636,1.068,0.268,2,2,3.255
1784923042696,0.019,1.038,-0.312,0.076,0.040,-0.065,105.952,-0.537,1.104,0.337,2,2,3.653
1784923042709,0.018,1.039,-0.313,0.087,0.039,-0.067,106.044,-0.497,1.117,0.407,3,3,3.710
1784923042724,0.017,1.040,-0.314,0.100,0.037,-0.072,106.150,-0.399,1.108,0.464,3,3,4.620
1784923042738,0.014,1.042,-0.315,0.113,0.034,-0.077,106.337,-0.136,1.135,0.514,3,3,3.291
1784923042752,0.013,1.043,-0.317,0.128,0.032,-0.081,106.496,-0.058,1.117,0.545,3,3,4.137
1784923042766,0.009,1.045,-0.319,0.146,0.031,-0.084,106.723,0.292,1.146,0.620,3,3,3.499
1784923042779,0.008,1.051,-0.321,0.164,0.029,-0.084,106.750,0.367,1.253,0.639,3,3,3.701
1784923042794,0.006,1.062,-0.324,0.184,0.027,-0.085,106.742,0.510,1.350,0.716,3,3,3.747
1784923042807,0.003,1.077,-0.327,0.206,0.023,-0.087,106.627,0.669,1.461,0.808,3,3,3.270
1784923042823,-0.004,1.098,-0.330,0.235,0.022,-0.085,106.438,1.139,1.622,0.967,3,3,5.597
1784923042837,-0.013,1.119,-0.334,0.267,0.021,-0.078,106.256,1.733,1.634,1.106,3,3,3.496
1784923042853,-0.022,1.148,-0.338,0.306,0.022,-0.069,105.996,2.238,1.843,1.344,3,3,5.197
1784923042867,-0.023,1.181,-0.337,0.355,0.023,-0.058,105.369,2.153,1.945,1.635,3,3,3.312
1784923042880,-0.014,1.215,-0.334,0.415,0.023,-0.050,104.655,1.446,1.987,1.979,3,3,3.285
1784923042894,-0.005,1.248,-0.329,0.482,0.017,-0.041,103.863,0.736,1.974,2.226,3,3,3.554
1784923042907,-0.000,1.279,-0.324,0.556,0.011,-0.033,103.133,0.390,1.988,2.487,3,3,3.233
1784923042922,0.003,1.304,-0.321,0.628,0.003,-0.026,102.611,0.129,1.869,2.514,4,4,3.949
1784923042936,0.006,1.322,-0.321,0.697,-0.005,-0.010,102.417,-0.100,1.748,2.542,4,4,3.320
1784923042950,0.018,1.332,-0.314,0.764,-0.015,0.022,101.798,-1.070,1.567,2.659,4,4,3.989
1784923042965,0.024,1.333,-0.314,0.829,-0.033,0.045,101.957,-1.584,1.414,2.628,4,4,3.435
1784923042980,0.043,1.298,-0.302,0.891,-0.057,0.079,101.112,-5.313,0.703,2.766,4,4,4.461
1784923042994,0.054,1.233,-0.280,0.945,-0.090,0.107,87.488,-9.297,0.393,2.665,4,4,3.874
1784923043008,0.043,1.139,-0.200,0.957,-0.116,0.123,76.206,-7.791,1.810,1.599,4,4,3.402
1784923043022,0.028,1.076,-0.156,0.917,-0.135,0.122,67.028,-5.312,0.907,0.653,4,4,4.604
1784923043043,0.014,1.054,-0.123,0.861,-0.140,0.101,64.876,-2.929,0.882,0.794,4,4,9.670
1784923043056,0.012,1.024,-0.094,0.798,-0.140,0.092,61.879,-2.402,0.670,0.861,4,4,3.412
1784923043071,0.011,0.990,-0.066,0.729,-0.136,0.097,58.312,-2.152,0.578,1.095,4,4,4.941
1784923043088,0.004,0.959,-0.042,0.648,-0.127,0.100,55.594,-0.507,0.577,1.448,4,4,4.647
1784923043102,-0.005,0.925,-0.021,0.555,-0.112,0.095,52.482,1.833,0.526,1.889,4,4,3.697
1784923043118,-0.012,0.895,-0.005,0.442,-0.090,0.089,50.712,3.605,0.455,2.547,4,4,5.423
1784923043131,-0.009,0.888,0.007,0.333,-0.068,0.081,52.541,2.926,0.785,2.552,4,4,3.241
1784923043147,-0.001,0.899,0.010,0.228,-0.052,0.078,55.720,1.847,1.162,2.531,4,4,5.753
1784923043165,0.008,0.918,0.006,0.126,-0.043,0.085,59.335,0.830,1.342,2.521,4,4,4.689
1784923043179,0.009,0.939,-0.003,0.029,-0.037,0.089,63.044,0.599,1.427,2.512,4,4,3.982
1784923043194,0.005,0.966,-0.016,-0.065,-0.030,0.088,66.628,0.792,1.578,2.506,4,4,4.009
1784923043207,0.002,0.997,-0.033,-0.155,-0.022,0.087,70.167,0.967,1.726,2.510,4,4,3.435
1784923043223,0.000,1.033,-0.057,-0.242,-0.011,0.090,73.711,0.962,1.911,2.520,5,5,4.388
1784923043237,0.002,1.068,-0.085,-0.326,0.001,0.100,77.281,0.735,1.951,2.544,5,5,3.730
1784923043251,0.006,1.099,-0.116,-0.407,0.011,0.114,80.758,0.419,1.950,2.558,5,5,3.400
1784923043265,0.011,1.127,-0.149,-0.484,0.018,0.123,84.140,0.038,1.960,2.522,5,5,3.843
1784923043282,0.020,1.156,-0.184,-0.556,0.019,0.128,87.398,-0.507,2.026,2.432,5,5,7.037
1784923043297,0.028,1.183,-0.226,-0.617,0.013,0.133,90.760,-0.975,2.119,2.232,5,5,4.126
1784923043315,0.029,1.203,-0.273,-0.664,0.005,0.142,94.365,-1.052,2.103,1.938,5,5,6.063
1784923043329,0.020,1.217,-0.323,-0.697,0.001,0.154,97.977,-0.469,2.083,1.612,5,5,4.268
1784923043343,0.004,1.225,-0.372,-0.716,0.001,0.162,101.611,0.471,2.042,1.285,5,5,3.332
1784923043357,-0.013,1.221,-0.423,-0.726,0.007,0.167,105.577,1.538,1.952,1.035,5,5,3.863
1784923043371,-0.031,1.210,-0.473,-0.729,0.018,0.169,109.647,2.637,1.903,0.871,5,5,4.198
1784923043387,-0.045,1.205,-0.522,-0.718,0.029,0.162,113.038,3.329,1.950,0.554,5,5,3.464
1784923043408,-0.049,1.200,-0.567,-0.690,0.037,0.153,116.101,3.436,1.894,0.254,5,5,10.899
1784923043422,-0.042,1.207,-0.596,-0.731,0.051,0.148,117.651,2.791,1.851,1.846,5,5,3.250
1784923043440,0.005,1.196,-0.589,-0.660,0.035,0.114,117.295,-1.716,1.471,1.462,5,5,7.745
1784923043455,-0.007,1.191,-0.555,-0.577,0.008,0.093,113.768,-0.259,1.122,1.781,5,5,3.853
1784923043469,-0.020,1.179,-0.537,-0.500,0.004,0.090,112.358,1.416,0.990,1.504,5,5,3.244
1784923043483,-0.015,1.174,-0.521,-0.427,0.012,0.085,111.112,0.851,1.067,1.495,5,5,3.292
1784923043496,-0.008,1.163,-0.513,-0.367,0.017,0.077,111.019,-0.039,0.995,1.207,5,5,3.232
1784923043510,-0.008,1.157,-0.500,-0.313,0.015,0.071,110.125,0.018,1.042,1.083,5,5,3.315
1784923043524,-0.010,1.148,-0.491,-0.267,0.015,0.070,109.828,0.353,1.005,0.926,1,1,4.172
1784923043540,-0.011,1.137,-0.486,-0.234,0.018,0.070,110.066,0.441,0.968,0.656,1,1,3.678
1784923043554,-0.010,1.128,-0.477,-0.207,0.023,0.069,109.838,0.310,0.988,0.500,1,1,3.247
1784923043567,-0.009,1.121,-0.468,-0.186,0.026,0.070,109.391,0.199,0.999,0.399,1,1,3.219
1784923043580,-0.007,1.114,-0.458,-0.166,0.029,0.071,108.915,0.073,0.996,0.385,1,1,3.248
1784923043594,-0.003,1.108,-0.449,-0.149,0.031,0.070,108.485,-0.398,0.995,0.288,1,1,3.689
1784923043608,0.000,1.101,-0.441,-0.135,0.032,0.068,108.137,-0.829,0.997,0.234,1,1,3.523
1784923043621,0.003,1.096,-0.433,-0.123,0.031,0.065,107.831,-1.062,1.018,0.185,1,1,3.234
1784923043634,0.005,1.091,-0.425,-0.113,0.029,0.063,107.523,-1.209,1.013,0.156,1,1,3.223
1784923043648,0.006,1.085,-0.419,-0.106,0.027,0.059,107.482,-1.223,0.999,0.082,1,1,3.237
1784923043661,0.007,1.080,-0.413,-0.100,0.024,0.057,107.295,-1.262,1.020,0.088,1,1,3.684
1784923043675,0.007,1.078,-0.406,-0.093,0.022,0.054,106.941,-1.254,1.056,0.079,1,1,3.258
1784923043688,0.008,1.075,-0.399,-0.087,0.020,0.052,106.722,-1.247,1.041,0.087,1,1,3.223
1784923043701,0.009,1.072,-0.394,-0.081,0.019,0.051,106.545,-1.261,1.039,0.085,1,1,3.227
1784923043715,0.009,1.069,-0.388,-0.075,0.018,0.050,106.342,-1.253,1.046,0.087,1,1,3.233
1784923043728,0.010,1.067,-0.383,-0.068,0.018,0.049,106.216,-1.288,1.053,0.095,1,1,3.680
1784923043742,0.011,1.065,-0.378,-0.063,0.018,0.048,106.079,-1.344,1.049,0.071,1,1,3.244
1784923043755,0.013,1.062,-0.373,-0.058,0.017,0.045,106.045,-1.505,1.039,0.072,1,1,3.223
1784923043768,0.015,1.060,-0.368,-0.054,0.016,0.042,105.868,-1.650,1.053,0.080,1,1,3.250
1784923043782,0.017,1.058,-0.364,-0.049,0.015,0.037,105.733,-1.784,1.044,0.119,1,1,3.236
1784923043795,0.017,1.054,-0.360,-0.044,0.014,0.032,105.698,-1.740,1.021,0.131,1,1,3.677
1784923043809,0.017,1.051,-0.356,-0.040,0.013,0.028,105.736,-1.615,1.014,0.109,1,1,3.428
1784923043822,0.017,1.048,-0.352,-0.036,0.012,0.024,105.719,-1.554,1.015,0.095,1,1,3.222
1784923043836,0.017,1.046,-0.348,-0.032,0.012,0.021,105.596,-1.528,1.031,0.099,1,1,3.236
1784923043849,0.019,1.043,-0.345,-0.027,0.011,0.017,105.640,-1.666,1.024,0.122,1,1,3.228
1784923043862,0.019,1.040,-0.343,-0.023,0.010,0.013,105.696,-1.619,1.008,0.128,1,1,3.688
1784923043876,0.019,1.037,-0.340,-0.019,0.008,0.010,105.733,-1.575,1.018,0.111,1,1,3.232
1784923043889,0.019,1.035,-0.337,-0.016,0.007,0.006,105.746,-1.547,1.024,0.105,1,1,3.232
1784923043903,0.019,1.032,-0.335,-0.013,0.006,0.004,105.834,-1.466,1.022,0.101,1,1,3.271
1784923043916,0.018,1.030,-0.334,-0.010,0.005,0.001,105.931,-1.310,1.027,0.085,1,1,3.226
1784923043929,0.017,1.028,-0.332,-0.008,0.003,-0.000,105.962,-1.205,1.029,0.074,1,1,3.710
1784923043943,0.017,1.026,-0.330,-0.006,0.003,-0.002,105.960,-1.124,1.028,0.076,1,1,3.236
1784923043957,0.016,1.025,-0.328,-0.004,0.002,-0.004,106.008,-1.036,1.029,0.077,1,1,3.221
1784923043970,0.015,1.023,-0.326,-0.001,0.001,-0.005,106.044,-0.900,1.033,0.072,1,1,3.245
1784923043983,0.014,1.022,-0.325,0.000,0.001,-0.007,106.058,-0.807,1.044,0.059,1,1,3.218
1784923043996,0.014,1.022,-0.323,0.002,0.000,-0.008,106.066,-0.757,1.047,0.069,1,1,3.695
1784923044010,0.013,1.021,-0.322,0.004,-0.000,-0.011,106.066,-0.707,1.048,0.093,1,1,3.299
1784923044024,0.013,1.020,-0.320,0.007,-0.000,-0.013,106.072,-0.639,1.046,0.110,1,1,3.228
1784923044037,0.012,1.020,-0.319,0.010,0.000,-0.016,106.076,-0.590,1.046,0.123,1,1,3.238
1784923044051,0.012,1.020,-0.318,0.013,0.000,-0.020,106.019,-0.588,1.062,0.164,1,1,3.221
1784923044064,0.012,1.020,-0.316,0.018,0.001,-0.025,105.985,-0.562,1.063,0.219,3,3,3.721
1784923044078,0.011,1.021,-0.315,0.025,0.001,-0.031,105.971,-0.505,1.081,0.268,3,3,3.278
1784923044091,0.010,1.022,-0.314,0.033,0.002,-0.038,105.930,-0.397,1.094,0.324,3,3,3.237
1784923044104,0.009,1.023,-0.314,0.042,0.003,-0.046,105.980,-0.221,1.090,0.373,3,3,3.235
1784923044118,0.010,1.030,-0.313,0.052,0.003,-0.052,105.725,-0.320,1.212,0.392,3,3,3.225
1784923044131,0.009,1.035,-0.312,0.066,0.003,-0.056,105.636,-0.292,1.175,0.443,3,3,3.704
1784923044145,0.005,1.038,-0.312,0.081,0.003,-0.061,105.663,0.129,1.148,0.503,3,3,3.273
1784923044158,0.006,1.044,-0.313,0.098,0.002,-0.064,105.687,0.012,1.232,0.565,3,3,3.242
1784923044172,0.002,1.047,-0.315,0.118,0.003,-0.064,105.910,0.415,1.181,0.651,3,3,3.233
1784923044185,-0.001,1.051,-0.318,0.137,0.003,-0.057,106.118,0.712,1.198,0.639,3,3,3.228
1784923044198,-0.002,1.057,-0.321,0.160,0.004,-0.048,106.355,0.730,1.240,0.767,3,3,3.677
1784923044212,0.002,1.069,-0.323,0.182,0.003,-0.041,106.238,0.326,1.399,0.768,3,3,3.529
1784923044226,-0.006,1.089,-0.327,0.209,0.002,-0.038,106.118,0.895,1.570,0.914,3,3,3.248
1784923044239,-0.014,1.105,-0.331,0.237,0.003,-0.033,106.108,1.468,1.526,0.983,3,3,3.224
1784923044252,-0.022,1.126,-0.334,0.272,0.005,-0.027,105.947,1.964,1.644,1.174,3,3,3.230
1784923044266,-0.024,1.152,-0.338,0.311,0.007,-0.020,105.763,1.989,1.795,1.343,3,3,3.685
1784923044279,-0.027,1.183,-0.337,0.357,0.011,-0.018,105.187,2.080,1.873,1.570,3,3,3.219
1784923044293,-0.009,1.208,-0.335,0.413,0.010,-0.011,104.598,0.719,1.819,1.848,3,3,3.246
1784923044306,-0.002,1.232,-0.335,0.473,0.006,-0.008,104.249,0.209,1.813,2.040,3,3,3.222
1784923044319,0.001,1.257,-0.337,0.539,0.001,-0.003,104.010,-0.022,1.829,2.260,3,3,3.240
1784923044333,0.009,1.283,-0.333,0.611,-0.008,0.008,103.385,-0.526,1.870,2.530,3,3,3.692
1784923044346,0.011,1.308,-0.334,0.682,-0.012,0.033,103.164,-0.627,1.898,2.589,3,3,3.241
1784923044360,0.025,1.326,-0.332,0.749,-0.021,0.062,102.819,-1.647,1.776,2.645,3,3,3.234
1784923044373,0.032,1.349,-0.330,0.814,-0.037,0.077,102.460,-2.004,1.877,2.584,3,3,3.227
1784923044386,0.051,1.340,-0.320,0.877,-0.059,0.093,101.699,-3.903,1.250,2.634,3,3,3.266
1784923044402,0.068,1.285,-0.311,0.937,-0.087,0.110,106.231,-10.359,0.470,2.684,4,4,5.810
1784923044418,0.062,1.185,-0.223,0.974,-0.114,0.112,93.271,-9.189,1.984,2.114,4,4,5.195
1784923044431,0.060,1.119,-0.195,0.957,-0.133,0.117,80.712,-8.464,0.527,0.832,4,4,3.298
1784923044446,0.049,1.081,-0.154,0.900,-0.139,0.107,74.796,-6.320,0.801,0.671,4,4,4.619
1784923044462,0.043,1.056,-0.116,0.837,-0.139,0.086,71.053,-5.094,0.881,0.914,4,4,5.364
1784923044477,0.042,1.028,-0.085,0.768,-0.134,0.074,67.667,-4.830,0.742,1.051,4,4,5.804
1784923044494,0.041,0.997,-0.055,0.688,-0.128,0.070,63.885,-4.584,0.662,1.390,4,4,3.339
1784923044509,0.040,0.966,-0.028,0.596,-0.121,0.063,60.289,-4.143,0.638,1.804,4,4,4.695
1784923044523,0.037,0.932,-0.002,0.487,-0.112,0.056,56.482,-3.633,0.597,2.344,4,4,3.239
1784923044536,0.037,0.913,0.020,0.376,-0.103,0.051,55.194,-3.463,0.708,2.507,4,4,3.220
1784923044549,0.040,0.914,0.036,0.269,-0.095,0.046,56.392,-3.751,1.023,2.505,4,4,3.705
1784923044563,0.046,0.929,0.042,0.167,-0.091,0.047,58.890,-4.107,1.276,2.502,4,4,3.235
1784923044576,0.047,0.950,0.041,0.068,-0.090,0.051,61.800,-4.019,1.418,2.508,4,4,3.223
1784923044590,0.047,0.973,0.034,-0.028,-0.089,0.057,64.849,-3.767,1.470,2.510,4,4,3.229
1784923044603,0.044,0.999,0.025,-0.119,-0.086,0.061,67.877,-3.402,1.578,2.507,4,4,3.221
1784923044616,0.042,1.033,0.011,-0.208,-0.080,0.065,70.878,-3.023,1.807,2.509,5,5,3.716
1784923044630,0.042,1.076,-0.010,-0.293,-0.071,0.073,73.966,-2.838,2.070,2.523,5,5,3.248
1784923044643,0.047,1.119,-0.039,-0.373,-0.060,0.090,77.218,-2.972,2.168,2.533,5,5,3.244
1784923044657,0.053,1.149,-0.073,-0.448,-0.049,0.117,80.706,-3.200,2.001,2.518,5,5,3.421
1784923044670,0.054,1.171,-0.108,-0.524,-0.041,0.141,84.229,-3.131,1.869,2.625,5,5,3.236
1784923044684,0.049,1.197,-0.144,-0.597,-0.036,0.159,87.458,-2.674,1.985,2.578,5,5,3.830
1784923044698,0.040,1.226,-0.188,-0.668,-0.032,0.172,90.701,-2.000,2.200,2.554,5,5,3.245
1784923044711,0.026,1.253,-0.240,-0.732,-0.027,0.182,94.141,-1.186,2.320,2.434,5,5,3.249
1784923044724,0.014,1.275,-0.300,-0.782,-0.020,0.187,97.801,-0.464,2.388,2.118,5,5,3.248
1784923044738,0.010,1.286,-0.364,-0.819,-0.012,0.187,101.688,-0.250,2.337,1.815,5,5,3.249
1784923044751,0.013,1.291,-0.429,-0.842,-0.003,0.190,105.630,-0.396,2.331,1.464,5,5,3.898
1784923044765,0.007,1.290,-0.495,-0.848,0.007,0.201,109.549,-0.067,2.322,1.135,5,5,3.253
1784923044778,-0.014,1.285,-0.559,-0.838,0.022,0.207,113.320,1.057,2.321,0.804,5,5,3.278
1784923044792,-0.041,1.271,-0.618,-0.817,0.044,0.203,117.074,2.503,2.225,0.686,5,5,3.256
1784923044805,-0.058,1.260,-0.669,-0.787,0.071,0.192,120.242,3.374,2.110,0.774,5,5,3.249
1784923044818,-0.031,1.371,-0.759,-0.665,0.097,0.161,120.767,2.417,4.698,2.701,5,5,3.876
1784923044832,-0.037,1.353,-0.725,-0.574,0.103,0.124,117.743,3.077,0.984,1.996,5,5,3.269
1784923044846,-0.046,1.350,-0.671,-0.483,0.098,0.109,112.988,3.733,1.404,1.883,5,5,3.826
1784923044860,-0.049,1.337,-0.651,-0.400,0.097,0.106,111.903,3.910,1.072,1.760,5,5,3.261
1784923044875,-0.048,1.323,-0.630,-0.321,0.102,0.104,110.776,3.714,1.027,1.744,5,5,5.524
1784923044889,-0.043,1.305,-0.617,-0.260,0.097,0.101,110.678,2.997,0.991,1.323,1,1,3.888
1784923044903,-0.049,1.293,-0.601,-0.209,0.097,0.105,110.010,3.689,1.078,1.158,1,1,3.273
1784923044916,-0.044,1.278,-0.590,-0.165,0.099,0.109,109.992,2.913,1.001,1.010,1,1,3.306
1784923044930,-0.039,1.261,-0.581,-0.132,0.099,0.108,110.323,2.206,0.971,0.734,1,1,3.266
1784923044945,-0.035,1.247,-0.568,-0.109,0.102,0.106,110.033,1.790,0.983,0.522,1,1,3.328
1784923044958,-0.032,1.234,-0.555,-0.090,0.103,0.105,109.592,1.413,0.988,0.432,1,1,3.921
1784923044975,-0.027,1.221,-0.542,-0.076,0.103,0.104,109.208,0.811,0.978,0.318,1,1,5.597
1784923044988,-0.021,1.208,-0.530,-0.065,0.101,0.101,108.975,0.148,0.972,0.227,1,1,3.273
1784923045002,-0.016,1.197,-0.519,-0.058,0.097,0.097,108.657,-0.387,0.989,0.117,1,1,3.265
1784923045015,-0.012,1.187,-0.507,-0.053,0.092,0.092,108.257,-0.790,1.019,0.093,1,1,3.289
1784923045028,-0.009,1.179,-0.495,-0.049,0.085,0.087,107.778,-1.045,1.028,0.108,1,1,3.902
1784923045045,-0.006,1.170,-0.485,-0.045,0.079,0.083,107.525,-1.257,1.016,0.098,1,1,5.621
1784923045058,-0.004,1.164,-0.474,-0.042,0.074,0.078,107.118,-1.365,1.050,0.086,1,1,3.274
1784923045072,-0.002,1.157,-0.465,-0.038,0.070,0.075,106.852,-1.396,1.041,0.075,1,1,3.246
1784923045085,-0.001,1.151,-0.455,-0.035,0.066,0.072,106.563,-1.395,1.041,0.064,1,1,3.371
1784923045099,0.000,1.145,-0.446,-0.031,0.063,0.071,106.307,-1.410,1.047,0.062,1,1,3.878
1784923045113,0.003,1.139,-0.438,-0.028,0.061,0.069,106.026,-1.593,1.050,0.054,1,1,3.372
1784923045126,0.007,1.133,-0.429,-0.025,0.058,0.066,105.813,-1.889,1.041,0.056,1,1,3.406
1784923045141,0.009,1.127,-0.421,-0.023,0.055,0.063,105.580,-2.083,1.027,0.059,1,1,4.279
1784923045154,0.012,1.121,-0.414,-0.021,0.051,0.059,105.562,-2.198,1.010,0.060,1,1,3.270
1784923045167,0.014,1.116,-0.406,-0.019,0.048,0.056,105.320,-2.295,1.044,0.061,1,1,3.918
1784923045185,0.016,1.111,-0.399,-0.016,0.045,0.051,105.147,-2.414,1.039,0.094,1,1,6.519
1784923045198,0.018,1.106,-0.392,-0.013,0.041,0.046,104.989,-2.528,1.029,0.124,1,1,3.266
1784923045211,0.019,1.102,-0.386,-0.008,0.038,0.041,104.882,-2.530,1.032,0.139,1,1,3.270
1784923045225,0.020,1.098,-0.379,-0.003,0.036,0.037,104.674,-2.542,1.052,0.178,1,1,3.269
1784923045238,0.022,1.094,-0.373,0.003,0.032,0.031,104.589,-2.561,1.030,0.187,1,1,3.921
1784923045252,0.022,1.089,-0.369,0.008,0.029,0.027,104.724,-2.444,1.010,0.175,1,1,3.269
1784923045265,0.021,1.083,-0.365,0.011,0.026,0.023,104.875,-2.271,1.007,0.125,1,1,3.258
1784923045279,0.022,1.080,-0.361,0.014,0.024,0.020,104.881,-2.241,1.039,0.126,1,1,3.287
1784923045292,0.022,1.076,-0.357,0.018,0.021,0.017,104.890,-2.144,1.038,0.125,1,1,3.260
1784923045306,0.021,1.072,-0.353,0.020,0.019,0.014,104.962,-2.000,1.021,0.108,1,1,3.939
1784923045320,0.021,1.069,-0.350,0.022,0.018,0.012,105.021,-1.876,1.036,0.095,1,1,3.266
1784923045333,0.021,1.067,-0.346,0.025,0.016,0.010,104.983,-1.841,1.057,0.107,1,1,3.273
1784923045346,0.022,1.064,-0.344,0.028,0.015,0.007,105.074,-1.810,1.031,0.121,1,1,3.294
1784923045360,0.021,1.060,-0.341,0.031,0.014,0.005,105.147,-1.730,1.012,0.123,1,1,3.258
1784923045373,0.021,1.058,-0.338,0.034,0.013,0.002,105.115,-1.657,1.058,0.128,2,2,3.931
1784923045387,0.021,1.056,-0.335,0.037,0.013,-0.001,105.125,-1.588,1.055,0.157,2,2,3.265
1784923045401,0.021,1.054,-0.333,0.042,0.013,-0.005,105.220,-1.514,1.035,0.186,2,2,3.367
1784923045415,0.021,1.052,-0.331,0.047,0.013,-0.010,105.289,-1.441,1.050,0.238,2,2,3.873
1784923045431,0.020,1.052,-0.329,0.054,0.014,-0.017,105.225,-1.405,1.093,0.300,2,2,5.871
1784923045445,0.021,1.052,-0.326,0.062,0.015,-0.026,105.178,-1.420,1.093,0.402,3,3,4.705
1784923045459,0.024,1.055,-0.325,0.074,0.015,-0.040,105.109,-1.772,1.149,0.550,3,3,3.253
1784923045472,0.024,1.060,-0.325,0.088,0.013,-0.058,105.143,-1.626,1.219,0.674,3,3,3.259
1784923045486,0.024,1.067,-0.323,0.107,0.014,-0.068,104.951,-1.635,1.255,0.689,3,3,3.275
1784923045499,0.026,1.080,-0.322,0.129,0.011,-0.078,104.702,-1.722,1.407,0.781,3,3,3.252
1784923045513,0.023,1.093,-0.324,0.158,0.006,-0.086,104.733,-1.373,1.409,0.970,3,3,3.865
1784923045527,0.021,1.106,-0.327,0.193,0.002,-0.085,104.834,-1.174,1.449,1.094,3,3,3.252
1784923045540,0.010,1.128,-0.331,0.225,0.001,-0.089,104.818,-0.341,1.692,1.084,3,3,3.258
1784923045553,0.009,1.162,-0.332,0.264,0.000,-0.085,104.409,-0.263,1.928,1.262,3,3,3.259
1784923045567,0.015,1.195,-0.332,0.309,-0.002,-0.081,103.984,-0.639,1.963,1.477,3,3,3.262
1784923045580,0.015,1.229,-0.331,0.362,-0.005,-0.076,103.477,-0.618,1.994,1.749,3,3,3.904
1784923045594,0.009,1.261,-0.329,0.420,-0.007,-0.073,102.992,-0.227,1.972,1.928,3,3,3.259
1784923045607,0.011,1.291,-0.323,0.491,-0.012,-0.063,102.285,-0.342,1.956,2.361,3,3,3.267
1784923045621,0.007,1.328,-0.312,0.566,-0.018,-0.055,101.314,-0.122,2.146,2.511,3,3,3.263
1784923045634,0.014,1.357,-0.306,0.638,-0.024,-0.045,100.686,-0.569,1.993,2.517,3,3,3.641
1784923045648,0.032,1.384,-0.301,0.707,-0.032,-0.030,100.232,-1.633,2.048,2.538,3,3,3.909
1784923045662,0.053,1.409,-0.292,0.773,-0.049,-0.011,99.514,-2.915,2.024,2.597,3,3,3.268
1784923045675,0.073,1.402,-0.280,0.837,-0.076,-0.000,98.646,-4.723,1.352,2.634,3,3,3.273
1784923045689,0.098,1.376,-0.256,0.899,-0.109,0.007,96.152,-7.884,1.059,2.689,3,3,3.290
1784923045702,0.118,1.285,-0.223,0.950,-0.150,0.007,81.916,-10.185,1.024,2.557,3,3,3.269
1784923045715,0.122,1.191,-0.182,0.942,-0.184,0.017,69.288,-10.176,1.143,1.322,4,4,3.925
1784923045729,0.111,1.123,-0.120,0.894,-0.207,0.027,61.099,-8.736,1.283,0.912,4,4,3.261
1784923045743,0.093,1.101,-0.076,0.832,-0.215,0.023,58.617,-6.355,1.126,0.885,4,4,3.285
1784923045756,0.079,1.069,-0.037,0.766,-0.213,0.023,55.410,-4.439,0.934,0.966,4,4,3.265
1784923045770,0.071,1.035,-0.004,0.694,-0.203,0.038,52.192,-3.253,0.788,1.246,4,4,3.261
1784923045783,0.061,1.003,0.025,0.614,-0.187,0.058,49.494,-1.803,0.742,1.595,4,4,3.888
1784923045797,0.048,0.973,0.050,0.524,-0.165,0.071,47.591,0.197,0.721,1.896,4,4,3.257
1784923045810,0.037,0.945,0.072,0.423,-0.140,0.077,46.024,1.927,0.666,2.288,4,4,3.285
1784923045824,0.031,0.920,0.091,0.314,-0.113,0.083,45.071,2.476,0.633,2.579,4,4,3.264
1784923045837,0.034,0.915,0.105,0.210,-0.089,0.087,46.672,1.638,0.911,2.566,4,4,3.282
1784923045850,0.044,0.930,0.112,0.109,-0.072,0.094,49.678,0.460,1.324,2.544,4,4,3.879
1784923045864,0.055,0.956,0.110,0.012,-0.065,0.110,53.281,-0.663,1.561,2.558,4,4,3.258
1784923045878,0.058,0.986,0.100,-0.081,-0.065,0.127,57.215,-0.968,1.647,2.566,4,4,3.269
1784923045891,0.049,1.019,0.084,-0.171,-0.065,0.137,61.130,-0.469,1.760,2.532,4,4,3.256
1784923045904,0.035,1.057,0.062,-0.257,-0.059,0.143,65.056,0.337,1.947,2.520,4,4,3.268
1784923045918,0.022,1.102,0.033,-0.340,-0.044,0.152,68.974,0.995,2.189,2.557,5,5,3.875
1784923045932,0.015,1.147,-0.006,-0.420,-0.023,0.171,73.040,1.186,2.312,2.641,5,5,3.266
1784923045945,0.016,1.187,-0.051,-0.493,-0.002,0.194,77.197,1.024,2.292,2.559,5,5,3.264
1784923045959,0.017,1.214,-0.097,-0.561,0.014,0.210,81.423,0.795,2.113,2.455,5,5,3.248
1784923045972,0.018,1.233,-0.146,-0.629,0.024,0.220,85.720,0.618,2.056,2.454,5,5,3.268
1784923045985,0.018,1.248,-0.199,-0.695,0.028,0.225,89.985,0.536,2.085,2.449,5,5,3.867
1784923045999,0.017,1.269,-0.258,-0.751,0.030,0.227,93.961,0.493,2.308,2.198,5,5,3.263
1784923046013,0.016,1.285,-0.319,-0.789,0.032,0.227,97.899,0.472,2.329,1.794,5,5,3.264
1784923046026,0.013,1.293,-0.377,-0.810,0.035,0.230,101.743,0.545,2.214,1.398,5,5,3.267
1784923046040,0.007,1.289,-0.430,-0.817,0.039,0.235,105.644,0.828,1.994,1.087,5,5,3.808
1784923046053,-0.006,1.281,-0.481,-0.816,0.046,0.236,109.430,1.522,1.970,0.857,1,1,3.871
1784923046067,-0.021,1.271,-0.531,-0.804,0.057,0.232,112.970,2.385,1.957,0.606,1,1,3.255
1784923046081,-0.029,1.263,-0.576,-0.780,0.069,0.222,116.065,2.703,1.926,0.418,1,1,3.267
1784923046094,-0.031,1.256,-0.642,-0.719,0.085,0.182,119.487,2.666,2.338,1.334,1,1,3.258
1784923046107,-0.008,1.275,-0.706,-0.616,0.077,0.134,121.572,1.389,2.762,2.342,1,1,3.276
1784923046121,-0.008,1.264,-0.666,-0.532,0.065,0.094,117.515,1.374,1.050,1.910,1,1,3.871
1784923046135,-0.028,1.265,-0.633,-0.451,0.057,0.077,114.500,3.126,1.368,1.685,1,1,3.267
1784923046148,-0.051,1.255,-0.609,-0.375,0.067,0.076,112.557,5.524,1.173,1.652,1,1,3.260
1784923046161,-0.040,1.247,-0.592,-0.303,0.083,0.077,111.491,3.983,1.125,1.638,1,1,3.250
1784923046175,-0.030,1.233,-0.580,-0.246,0.084,0.071,111.299,2.580,0.988,1.256,1,1,3.267
1784923046188,-0.034,1.224,-0.563,-0.196,0.080,0.072,110.261,2.924,1.046,1.087,1,1,3.863
1784923046202,-0.033,1.213,-0.548,-0.152,0.078,0.076,109.595,2.768,1.014,1.002,1,1,3.286
1784923046215,-0.027,1.199,-0.540,-0.117,0.079,0.077,109.832,1.955,0.964,0.806,1,1,3.265
1784923046229,-0.025,1.187,-0.530,-0.091,0.083,0.076,109.726,1.608,0.971,0.631,1,1,3.254
1784923046243,-0.023,1.177,-0.518,-0.068,0.085,0.076,109.285,1.311,1.006,0.540,1,1,3.762
1784923046256,-0.020,1.169,-0.507,-0.049,0.086,0.076,108.832,0.926,1.026,0.471,1,1,3.862
1784923046270,-0.015,1.160,-0.496,-0.032,0.086,0.073,108.484,0.424,1.001,0.405,1,1,3.289
1784923046283,-0.010,1.147,-0.491,-0.023,0.082,0.068,109.013,-0.190,0.938,0.227,1,1,3.271
1784923046297,-0.008,1.140,-0.481,-0.017,0.078,0.063,108.603,-0.435,1.027,0.171,1,1,3.268
1784923046310,-0.006,1.132,-0.472,-0.012,0.073,0.059,108.318,-0.525,1.004,0.134,1,1,3.257
1784923046323,-0.005,1.124,-0.465,-0.009,0.068,0.055,108.303,-0.619,0.992,0.098,1,1,3.872
1784923046337,-0.002,1.119,-0.456,-0.007,0.063,0.052,107.993,-0.838,1.044,0.075,1,1,3.276
1784923046351,-0.002,1.114,-0.448,-0.005,0.059,0.049,107.685,-0.851,1.035,0.076,1,1,3.256
1784923046364,-0.001,1.109,-0.440,-0.003,0.056,0.047,107.462,-0.851,1.037,0.072,1,1,3.261
1784923046378,-0.000,1.104,-0.433,-0.000,0.054,0.046,107.237,-0.834,1.036,0.070,1,1,3.267
1784923046391,0.000,1.100,-0.426,0.002,0.052,0.045,107.066,-0.816,1.046,0.062,1,1,3.887
1784923046406,0.002,1.096,-0.419,0.004,0.050,0.044,106.815,-0.965,1.054,0.062,1,1,3.288
1784923046419,0.004,1.092,-0.412,0.006,0.049,0.043,106.630,-1.105,1.030,0.050,1,1,3.258
1784923046433,0.006,1.087,-0.407,0.007,0.046,0.041,106.592,-1.301,1.025,0.044,1,1,3.305
1784923046446,0.008,1.083,-0.401,0.007,0.044,0.038,106.512,-1.359,1.031,0.036,1,1,3.259
1784923046459,0.009,1.079,-0.395,0.008,0.042,0.036,106.402,-1.425,1.033,0.041,1,1,3.886
1784923046473,0.009,1.076,-0.390,0.009,0.039,0.033,106.272,-1.388,1.050,0.048,1,1,3.257
1784923046487,0.010,1.074,-0.385,0.010,0.037,0.030,106.145,-1.378,1.049,0.065,1,1,3.269
1784923046500,0.011,1.071,-0.380,0.013,0.036,0.027,106.010,-1.377,1.040,0.098,1,1,3.271
1784923046514,0.012,1.067,-0.375,0.016,0.034,0.023,105.946,-1.438,1.034,0.128,1,1,3.260
1784923046527,0.013,1.064,-0.370,0.019,0.033,0.019,105.885,-1.507,1.032,0.136,1,1,3.900
1784923046541,0.013,1.061,-0.366,0.023,0.031,0.014,105.885,-1.504,1.024,0.162,1,1,3.266
1784923046554,0.014,1.058,-0.363,0.026,0.029,0.010,105.883,-1.510,1.031,0.163,1,1,3.263
1784923046568,0.014,1.054,-0.360,0.029,0.026,0.005,105.985,-1.417,1.029,0.154,1,1,3.276
1784923046581,0.013,1.052,-0.357,0.031,0.024,0.001,105.993,-1.308,1.027,0.134,1,1,3.257
1784923046594,0.013,1.049,-0.354,0.033,0.022,-0.003,106.030,-1.209,1.038,0.144,1,1,3.918
1784923046608,0.013,1.046,-0.351,0.036,0.020,-0.007,106.097,-1.121,1.033,0.152,1,1,3.264
1784923046622,0.012,1.044,-0.349,0.039,0.019,-0.010,106.132,-0.960,1.028,0.153,1,1,3.261
1784923046635,0.011,1.041,-0.347,0.042,0.017,-0.013,106.257,-0.835,1.020,0.138,1,1,3.267
1784923046649,0.010,1.038,-0.345,0.044,0.017,-0.015,106.338,-0.661,1.030,0.129,1,1,3.285
1784923046662,0.009,1.037,-0.343,0.046,0.016,-0.017,106.395,-0.527,1.053,0.126,1,1,3.909
1784923046676,0.009,1.036,-0.341,0.048,0.015,-0.020,106.394,-0.522,1.059,0.136,1,1,3.265
1784923046690,0.008,1.034,-0.340,0.051,0.014,-0.023,106.442,-0.494,1.046,0.172,1,1,3.249
1784923046703,0.007,1.033,-0.339,0.054,0.014,-0.027,106.532,-0.356,1.051,0.190,1,1,3.276
1784923046716,0.006,1.032,-0.337,0.058,0.015,-0.031,106.536,-0.163,1.064,0.211,1,1,3.260
1784923046730,0.004,1.032,-0.336,0.063,0.015,-0.035,106.605,0.010,1.059,0.247,3,3,3.912
1784923046744,0.003,1.032,-0.335,0.070,0.016,-0.041,106.559,0.100,1.088,0.302,3,3,3.255
1784923046757,0.003,1.035,-0.333,0.077,0.016,-0.044,106.436,0.074,1.140,0.306,3,3,3.257
1784923046770,0.005,1.039,-0.332,0.088,0.016,-0.049,106.295,-0.100,1.157,0.398,3,3,3.266
1784923046784,0.001,1.042,-0.331,0.101,0.015,-0.053,106.264,0.229,1.160,0.477,3,3,3.261
1784923046797,0.001,1.049,-0.332,0.118,0.015,-0.058,106.242,0.218,1.257,0.587,3,3,3.959
1784923046811,-0.004,1.055,-0.334,0.139,0.014,-0.063,106.347,0.731,1.256,0.704,3,3,3.253
1784923046825,-0.003,1.065,-0.335,0.163,0.012,-0.060,106.356,0.527,1.327,0.786,3,3,3.263
1784923046838,0.000,1.077,-0.339,0.189,0.010,-0.055,106.414,0.215,1.403,0.868,3,3,3.258
1784923046851,0.000,1.098,-0.341,0.217,0.007,-0.055,106.193,0.190,1.601,0.958,3,3,3.266
1784923046865,-0.007,1.125,-0.343,0.250,0.006,-0.054,105.875,0.692,1.773,1.112,3,3,3.934
1784923046879,-0.011,1.151,-0.345,0.289,0.006,-0.048,105.555,0.963,1.752,1.285,3,3,3.260
1784923046892,-0.013,1.183,-0.347,0.335,0.005,-0.042,105.208,1.016,1.932,1.547,3,3,3.267
1784923046906,-0.011,1.212,-0.345,0.390,0.004,-0.035,104.666,0.809,1.870,1.821,3,3,3.265
1784923046919,-0.008,1.248,-0.342,0.454,0.001,-0.029,103.987,0.598,2.059,2.119,3,3,3.265
1784923046932,-0.005,1.280,-0.335,0.524,-0.003,-0.020,103.158,0.341,1.991,2.363,3,3,3.907
1784923046946,-0.000,1.306,-0.329,0.598,-0.008,-0.012,102.512,0.027,1.877,2.512,3,3,3.253
1784923046960,0.010,1.333,-0.324,0.668,-0.015,-0.003,101.914,-0.616,1.963,2.521,3,3,3.262
1784923046973,0.027,1.344,-0.322,0.736,-0.024,0.015,101.688,-1.906,1.656,2.560,3,3,3.258
1784923046986,0.047,1.367,-0.326,0.802,-0.040,0.035,101.810,-3.042,1.962,2.602,3,3,3.247
1784923047000,0.061,1.354,-0.309,0.865,-0.063,0.045,100.342,-4.525,1.150,2.605,3,3,3.866
1784923047014,0.081,1.323,-0.289,0.925,-0.091,0.063,98.144,-7.762,0.842,2.681,3,3,3.258
1784923047027,0.098,1.257,-0.242,0.979,-0.127,0.089,87.482,-9.868,0.935,2.697,3,3,3.256
1784923047040,0.094,1.203,-0.217,0.977,-0.160,0.113,79.759,-8.945,0.332,1.568,3,3,3.254
1784923047054,0.073,1.133,-0.169,0.931,-0.182,0.119,69.852,-6.144,1.047,0.858,3,3,3.276
1784923047067,0.052,1.112,-0.133,0.872,-0.193,0.105,67.447,-3.248,1.008,0.836,4,4,3.895
1784923047081,0.040,1.085,-0.101,0.809,-0.194,0.093,64.796,-1.426,0.810,0.897,4,4,3.253
1784923047095,0.035,1.053,-0.072,0.742,-0.190,0.095,61.852,-0.761,0.659,1.003,4,4,4.039
1784923047109,0.030,1.021,-0.046,0.669,-0.182,0.103,58.797,0.187,0.623,1.264,4,4,3.270
1784923047122,0.020,0.989,-0.022,0.586,-0.169,0.106,56.172,1.832,0.619,1.588,4,4,3.266
1784923047135,0.010,0.958,-0.000,0.490,-0.153,0.103,53.792,3.788,0.586,2.014,4,4,3.899
1784923047149,0.003,0.934,0.019,0.379,-0.132,0.096,52.601,4.637,0.613,2.534,4,4,3.262
1784923047163,0.001,0.926,0.036,0.272,-0.111,0.090,53.500,4.430,0.860,2.539,4,4,3.294
1784923047176,0.004,0.932,0.046,0.170,-0.092,0.086,55.583,3.725,1.096,2.533,4,4,3.294
1784923047189,0.008,0.946,0.050,0.071,-0.077,0.088,58.289,2.908,1.272,2.526,4,4,3.274
1784923047203,0.011,0.966,0.049,-0.025,-0.065,0.092,61.225,2.346,1.402,2.521,5,5,3.949
1784923047217,0.011,0.990,0.044,-0.117,-0.055,0.095,64.220,2.091,1.512,2.516,5,5,3.266
1784923047230,0.010,1.021,0.034,-0.205,-0.045,0.095,67.277,1.969,1.701,2.513,5,5,3.293
1784923047244,0.009,1.060,0.017,-0.290,-0.034,0.095,70.411,1.771,1.947,2.515,5,5,3.277
1784923047257,0.011,1.103,-0.007,-0.372,-0.023,0.098,73.659,1.486,2.124,2.521,5,5,3.277
1784923047270,0.014,1.144,-0.038,-0.451,-0.010,0.103,77.052,1.114,2.162,2.520,5,5,3.941
1784923047284,0.021,1.177,-0.073,-0.522,0.003,0.112,80.564,0.574,2.089,2.429,5,5,3.258
1784923047298,0.031,1.199,-0.113,-0.594,0.013,0.129,84.343,-0.189,1.943,2.524,5,5,3.290
1784923047311,0.041,1.216,-0.155,-0.664,0.019,0.149,88.080,-0.880,1.948,2.598,5,5,3.258
1784923047325,0.045,1.239,-0.201,-0.733,0.022,0.167,91.605,-1.125,2.121,2.582,5,5,3.266
1784923047338,0.042,1.266,-0.253,-0.794,0.024,0.180,94.965,-0.988,2.323,2.433,5,5,3.938
1784923047352,0.039,1.286,-0.311,-0.838,0.026,0.189,98.549,-0.834,2.336,2.027,5,5,3.340
1784923047365,0.039,1.295,-0.371,-0.866,0.028,0.198,102.344,-0.843,2.251,1.668,5,5,3.270
1784923047379,0.037,1.292,-0.432,-0.882,0.029,0.208,106.395,-0.719,2.158,1.371,5,5,3.258
1784923047392,0.027,1.287,-0.496,-0.886,0.031,0.215,110.372,-0.178,2.213,1.080,5,5,3.271
1784923047406,0.011,1.280,-0.559,-0.877,0.037,0.217,114.125,0.652,2.270,0.708,5,5,3.962
1784923047420,-0.005,1.271,-0.619,-0.851,0.045,0.214,117.645,1.459,2.245,0.359,5,5,3.358
1784923047433,-0.015,1.259,-0.673,-0.814,0.056,0.207,120.837,1.928,2.114,0.359,5,5,3.321
1784923047447,-0.014,1.205,-0.736,-0.711,0.084,0.159,126.420,1.687,2.121,2.365,5,5,3.303
1784923047460,-0.013,1.219,-0.685,-0.612,0.068,0.111,121.460,1.523,1.591,2.298,5,5,3.286
1784923047474,-0.027,1.212,-0.644,-0.516,0.067,0.092,117.254,2.975,1.127,2.017,5,5,3.884
1784923047488,-0.037,1.205,-0.620,-0.429,0.078,0.087,115.084,3.966,1.079,1.879,5,5,3.262
1784923047501,-0.038,1.201,-0.604,-0.346,0.094,0.088,113.925,3.898,1.147,1.862,5,5,3.293
1784923047514,-0.026,1.189,-0.593,-0.278,0.090,0.082,113.626,2.267,1.014,1.496,5,5,3.287
1784923047528,-0.033,1.180,-0.577,-0.222,0.085,0.084,112.617,3.082,1.040,1.241,5,5,3.291
1784923047541,-0.031,1.170,-0.566,-0.174,0.083,0.087,112.243,2.627,0.987,1.077,1,1,3.890
1784923047555,-0.024,1.156,-0.558,-0.140,0.083,0.086,112.461,1.655,0.948,0.770,1,1,3.270
1784923047568,-0.021,1.146,-0.547,-0.113,0.085,0.082,112.085,1.305,0.975,0.596,1,1,3.276
1784923047582,-0.019,1.138,-0.534,-0.091,0.086,0.079,111.353,1.056,0.992,0.487,1,1,3.256
1784923047595,-0.017,1.131,-0.522,-0.070,0.085,0.077,110.736,0.711,1.016,0.473,1,1,3.281
1784923047609,-0.013,1.121,-0.513,-0.057,0.083,0.071,110.659,0.344,0.965,0.292,1,1,3.922
1784923047623,-0.009,1.113,-0.503,-0.047,0.077,0.065,110.288,-0.178,0.993,0.242,1,1,3.268
1784923047636,-0.007,1.107,-0.492,-0.040,0.071,0.059,109.720,-0.369,1.000,0.208,1,1,3.277
1784923047649,-0.006,1.101,-0.483,-0.034,0.064,0.053,109.370,-0.445,1.003,0.182,1,1,3.260
1784923047663,-0.005,1.096,-0.474,-0.029,0.059,0.048,109.004,-0.465,1.022,0.150,1,1,3.308
1784923047676,-0.005,1.092,-0.465,-0.026,0.054,0.044,108.595,-0.442,1.045,0.120,1,1,3.912
1784923047690,-0.005,1.088,-0.456,-0.022,0.050,0.041,108.278,-0.377,1.050,0.099,1,1,3.265
1784923047704,-0.005,1.085,-0.448,-0.019,0.047,0.039,107.997,-0.309,1.042,0.073,1,1,3.272
1784923047717,-0.004,1.082,-0.441,-0.015,0.045,0.038,107.678,-0.315,1.054,0.075,1,1,3.265
1784923047730,-0.004,1.079,-0.433,-0.012,0.043,0.037,107.421,-0.327,1.042,0.087,1,1,3.290
1784923047744,-0.002,1.076,-0.426,-0.008,0.042,0.036,107.139,-0.450,1.054,0.096,1,1,3.917
1784923047758,-0.000,1.073,-0.419,-0.003,0.040,0.034,106.950,-0.636,1.042,0.110,1,1,3.314
1784923047771,0.002,1.070,-0.412,0.000,0.038,0.030,106.793,-0.858,1.031,0.124,1,1,3.265
1784923047784,0.003,1.066,-0.407,0.003,0.035,0.025,106.713,-0.923,1.026,0.122,1,1,3.264
1784923047798,0.003,1.063,-0.401,0.005,0.032,0.021,106.618,-0.852,1.028,0.111,1,1,3.275
1784923047811,0.003,1.059,-0.396,0.007,0.029,0.017,106.540,-0.764,1.029,0.110,1,1,3.913
1784923047825,0.003,1.057,-0.390,0.009,0.027,0.015,106.396,-0.652,1.032,0.090,1,1,3.279
1784923047839,0.002,1.054,-0.386,0.012,0.026,0.013,106.354,-0.529,1.028,0.096,1,1,3.265
1784923047852,0.002,1.050,-0.381,0.015,0.024,0.011,106.357,-0.438,1.019,0.106,1,1,3.284
1784923047865,0.002,1.047,-0.377,0.018,0.023,0.009,106.325,-0.460,1.024,0.107,1,1,3.288
1784923047879,0.003,1.044,-0.373,0.020,0.022,0.006,106.339,-0.530,1.018,0.097,1,1,3.894
1784923047893,0.004,1.041,-0.369,0.022,0.019,0.003,106.317,-0.587,1.019,0.107,1,1,3.285
1784923047906,0.003,1.039,-0.366,0.023,0.017,0.000,106.315,-0.492,1.032,0.099,1,1,3.259
1784923047920,0.003,1.037,-0.362,0.025,0.015,-0.002,106.267,-0.394,1.029,0.101,1,1,3.278
1784923047933,0.002,1.035,-0.359,0.026,0.013,-0.005,106.283,-0.271,1.030,0.090,1,1,3.277
1784923047946,0.001,1.033,-0.356,0.027,0.012,-0.006,106.318,-0.163,1.025,0.083,1,1,3.899
1784923047960,-0.000,1.031,-0.354,0.028,0.011,-0.008,106.384,-0.010,1.042,0.073,1,1,3.292
1784923047974,-0.001,1.030,-0.352,0.029,0.010,-0.008,106.444,0.064,1.043,0.068,1,1,3.277
1784923047987,-0.001,1.029,-0.349,0.030,0.010,-0.009,106.428,0.084,1.055,0.068,1,1,3.262
1784923048000,-0.001,1.028,-0.347,0.033,0.010,-0.011,106.389,0.047,1.058,0.104,1,1,3.264
1784923048014,-0.001,1.027,-0.344,0.034,0.009,-0.013,106.385,0.105,1.050,0.104,2,2,3.896
1784923048028,-0.002,1.026,-0.342,0.037,0.009,-0.015,106.387,0.207,1.048,0.126,2,2,3.301
1784923048041,-0.003,1.026,-0.340,0.040,0.009,-0.018,106.410,0.287,1.050,0.153,2,2,3.264
1784923048055,-0.004,1.026,-0.339,0.046,0.010,-0.021,106.460,0.375,1.077,0.233,2,2,3.263
1784923048068,-0.003,1.028,-0.338,0.054,0.011,-0.027,106.386,0.301,1.115,0.308,2,2,3.278
1784923048081,-0.001,1.032,-0.335,0.064,0.013,-0.036,106.141,0.048,1.163,0.428,3,3,3.893
1784923048095,0.001,1.036,-0.334,0.077,0.013,-0.051,106.040,-0.162,1.165,0.603,3,3,3.282
1784923048109,-0.000,1.047,-0.331,0.096,0.012,-0.065,105.699,-0.021,1.321,0.742,3,3,3.267
1784923048122,0.002,1.059,-0.330,0.113,0.012,-0.076,105.437,-0.273,1.346,0.667,3,3,3.276
1784923048136,-0.002,1.072,-0.331,0.140,0.010,-0.089,105.368,0.112,1.422,0.932,3,3,3.322
1784923048149,-0.006,1.095,-0.335,0.164,0.006,-0.101,105.317,0.396,1.640,0.901,4,4,3.892
1784923048163,-0.013,1.108,-0.339,0.196,0.004,-0.108,105.478,1.029,1.469,1.057,4,4,3.277
1784923048176,-0.025,1.139,-0.339,0.232,0.004,-0.107,104.965,1.766,1.862,1.183,4,4,3.270
1784923048190,-0.029,1.171,-0.341,0.276,0.002,-0.102,104.648,1.926,1.915,1.418,4,4,3.306
1784923048203,-0.032,1.199,-0.342,0.327,0.001,-0.097,104.321,2.054,1.866,1.644,4,4,3.267
1784923048216,-0.034,1.231,-0.340,0.387,-0.000,-0.088,103.822,2.023,1.948,1.944,3,3,3.910
1784923048231,-0.037,1.264,-0.335,0.452,-0.003,-0.074,103.144,2.125,2.005,2.177,3,3,3.272
1784923048244,-0.041,1.300,-0.325,0.527,-0.005,-0.063,102.172,2.256,2.079,2.463,3,3,3.268
1784923048257,-0.043,1.330,-0.316,0.600,-0.009,-0.056,101.351,2.280,1.999,2.508,3,3,3.292
1784923048271,-0.024,1.362,-0.307,0.670,-0.013,-0.047,100.552,1.024,2.103,2.510,3,3,3.272
1784923048284,0.001,1.374,-0.303,0.738,-0.022,-0.031,100.224,-0.804,1.739,2.544,3,3,3.917
1784923048298,0.022,1.396,-0.305,0.804,-0.040,-0.023,100.256,-2.057,1.970,2.561,3,3,3.268
1784923048312,0.044,1.362,-0.289,0.867,-0.062,-0.015,98.865,-5.639,0.813,2.586,3,3,3.257
1784923048325,0.067,1.295,-0.246,0.927,-0.094,-0.010,88.106,-8.785,0.920,2.668,3,3,3.290
1784923048338,0.069,1.192,-0.153,0.957,-0.121,-0.007,76.944,-8.255,2.176,1.914,3,3,3.265
1784923048352,0.075,1.118,-0.113,0.927,-0.144,0.001,66.385,-8.574,0.929,0.782,3,3,3.927
1784923048366,0.070,1.087,-0.076,0.866,-0.159,-0.002,62.888,-7.530,0.857,0.899,3,3,3.277
1784923048380,0.064,1.059,-0.042,0.806,-0.165,-0.004,59.952,-6.416,0.821,0.824,3,3,3.540
1784923048393,0.062,1.025,-0.014,0.742,-0.165,0.009,56.718,-5.914,0.667,1.005,3,3,3.318
1784923048407,0.058,0.990,0.011,0.670,-0.160,0.033,53.406,-5.037,0.598,1.359,3,3,3.267
1784923048420,0.047,0.956,0.033,0.588,-0.149,0.051,50.513,-2.769,0.583,1.628,4,4,4.058
1784923048434,0.036,0.926,0.052,0.494,-0.132,0.062,48.435,-0.577,0.577,2.002,4,4,3.272
1784923048448,0.031,0.902,0.069,0.387,-0.112,0.071,47.846,0.122,0.586,2.452,4,4,3.282
1784923048461,0.033,0.891,0.079,0.280,-0.093,0.083,49.463,-0.474,0.716,2.561,4,4,3.265
1784923048474,0.042,0.895,0.082,0.177,-0.079,0.098,52.427,-1.601,1.018,2.563,4,4,3.291
1784923048488,0.051,0.907,0.080,0.077,-0.073,0.118,55.872,-2.578,1.205,2.585,4,4,3.889
1784923048502,0.055,0.926,0.072,-0.018,-0.074,0.139,59.538,-2.961,1.335,2.592,4,4,3.257
1784923048515,0.050,0.952,0.060,-0.110,-0.077,0.153,63.153,-2.473,1.542,2.560,4,4,3.267
1784923048528,0.039,0.984,0.042,-0.199,-0.077,0.164,66.838,-1.583,1.728,2.544,4,4,3.260
1784923048542,0.028,1.023,0.016,-0.284,-0.072,0.178,70.611,-0.836,1.974,2.558,4,4,3.256
1784923048555,0.022,1.066,-0.019,-0.367,-0.063,0.198,74.483,-0.471,2.163,2.612,5,5,3.934
1784923048569,0.020,1.102,-0.060,-0.438,-0.053,0.226,78.510,-0.403,2.103,2.483,5,5,3.262
1784923048583,0.019,1.128,-0.100,-0.509,-0.047,0.248,82.411,-0.333,1.967,2.495,5,5,3.279
1784923048596,0.014,1.159,-0.140,-0.574,-0.045,0.261,85.922,-0.090,2.089,2.340,5,5,3.269
1784923048609,0.007,1.181,-0.184,-0.633,-0.046,0.270,89.574,0.342,2.030,2.212,5,5,3.258
1784923048623,-0.003,1.199,-0.230,-0.687,-0.045,0.275,93.256,0.915,2.026,2.129,5,5,3.940
1784923048637,-0.013,1.215,-0.278,-0.732,-0.042,0.277,96.774,1.445,2.069,1.944,5,5,3.266
1784923048650,-0.022,1.228,-0.327,-0.766,-0.035,0.277,100.165,1.847,2.072,1.671,5,5,3.273
1784923048664,-0.025,1.236,-0.374,-0.787,-0.025,0.278,103.477,1.969,1.990,1.392,5,5,3.273
1784923048677,-0.027,1.238,-0.419,-0.797,-0.015,0.280,106.728,1.982,1.891,1.124,5,5,3.318
1784923048690,-0.032,1.236,-0.460,-0.795,-0.004,0.281,109.741,2.174,1.818,0.857,5,5,3.936
1784923048704,-0.040,1.227,-0.499,-0.784,0.008,0.279,112.859,2.703,1.719,0.643,5,5,3.267
1784923048718,-0.052,1.216,-0.536,-0.767,0.024,0.273,115.823,3.408,1.689,0.544,5,5,3.291
1784923048731,-0.059,1.208,-0.572,-0.742,0.042,0.263,118.413,3.766,1.711,0.515,5,5,3.269
1784923048745,-0.059,1.201,-0.604,-0.708,0.060,0.251,120.584,3.643,1.695,0.548,5,5,3.257
1784923048758,-0.089,1.310,-0.645,-0.589,0.081,0.201,119.826,4.295,4.057,2.807,5,5,3.927
1784923048772,-0.087,1.293,-0.626,-0.517,0.102,0.150,118.239,4.090,0.944,1.920,5,5,3.260
1784923048785,-0.105,1.304,-0.576,-0.437,0.114,0.121,113.763,5.292,1.716,1.798,5,5,3.279
1784923048799,-0.111,1.289,-0.555,-0.369,0.130,0.111,112.099,6.148,0.982,1.494,5,5,3.300
1784923048812,-0.109,1.279,-0.533,-0.302,0.141,0.108,110.254,5.980,1.066,1.512,5,5,3.262
1784923048826,-0.097,1.264,-0.521,-0.239,0.138,0.103,109.753,4.424,0.999,1.385,1,1,3.924
1784923048840,-0.095,1.252,-0.506,-0.184,0.128,0.100,108.917,4.320,1.012,1.246,1,1,3.270
1784923048853,-0.094,1.241,-0.497,-0.138,0.124,0.102,108.686,4.299,1.039,1.080,1,1,3.291
1784923048866,-0.088,1.225,-0.494,-0.103,0.123,0.104,109.379,3.607,0.982,0.836,1,1,3.283
1784923048880,-0.082,1.211,-0.488,-0.077,0.121,0.102,109.581,3.003,0.961,0.592,1,1,3.324
1784923048893,-0.077,1.200,-0.478,-0.056,0.121,0.098,109.217,2.567,0.993,0.491,1,1,3.911
1784923048907,-0.072,1.190,-0.468,-0.038,0.121,0.095,108.719,2.121,1.013,0.452,1,1,3.258
1784923048921,-0.066,1.180,-0.458,-0.022,0.119,0.092,108.279,1.583,0.997,0.400,1,1,3.297
1784923048934,-0.060,1.172,-0.449,-0.008,0.114,0.088,107.869,0.961,1.015,0.350,1,1,3.273
1784923048947,-0.050,1.158,-0.445,0.000,0.107,0.079,108.332,0.012,0.955,0.280,1,1,3.276
1784923048961,-0.047,1.150,-0.438,0.007,0.100,0.072,108.168,-0.158,1.000,0.241,1,1,3.934
1784923048975,-0.045,1.142,-0.431,0.012,0.093,0.065,107.883,-0.084,1.013,0.183,1,1,3.268
1784923048988,-0.043,1.134,-0.425,0.015,0.087,0.060,107.780,-0.141,1.010,0.163,1,1,3.290
1784923049002,-0.041,1.129,-0.418,0.019,0.080,0.055,107.519,-0.095,1.042,0.153,1,1,3.303
1784923049015,-0.039,1.123,-0.412,0.021,0.075,0.051,107.353,-0.075,1.031,0.115,1,1,3.263
1784923049028,-0.038,1.118,-0.406,0.024,0.071,0.049,107.173,-0.045,1.054,0.091,1,1,3.935
1784923049042,-0.036,1.113,-0.401,0.026,0.068,0.046,107.092,-0.019,1.041,0.075,1,1,3.261
1784923049056,-0.035,1.108,-0.396,0.027,0.066,0.045,106.959,0.016,1.043,0.062,1,1,3.295
1784923049069,-0.033,1.103,-0.391,0.028,0.063,0.044,106.825,-0.099,1.033,0.053,1,1,3.261
1784923049083,-0.031,1.098,-0.386,0.028,0.061,0.043,106.742,-0.157,1.031,0.039,1,1,3.391
1784923049096,-0.028,1.094,-0.381,0.028,0.058,0.041,106.609,-0.269,1.033,0.029,1,1,3.949
1784923049110,-0.026,1.089,-0.377,0.028,0.056,0.040,106.534,-0.384,1.026,0.027,1,1,3.267
1784923049124,-0.023,1.085,-0.372,0.028,0.053,0.037,106.411,-0.498,1.034,0.032,1,1,3.272
1784923049137,-0.021,1.081,-0.368,0.027,0.051,0.035,106.282,-0.597,1.037,0.040,1,1,3.264
1784923049150,-0.020,1.077,-0.363,0.028,0.048,0.032,106.206,-0.635,1.025,0.058,1,1,3.309
1784923049164,-0.018,1.074,-0.360,0.028,0.046,0.029,106.180,-0.607,1.029,0.060,1,1,3.931
1784923049178,-0.017,1.070,-0.357,0.029,0.043,0.027,106.164,-0.596,1.026,0.071,1,1,3.271
1784923049191,-0.016,1.066,-0.354,0.031,0.041,0.024,106.185,-0.611,1.023,0.082,1,1,3.266
1784923049205,-0.015,1.062,-0.350,0.032,0.039,0.022,106.158,-0.623,1.021,0.081,1,1,3.257
1784923049218,-0.014,1.059,-0.347,0.034,0.037,0.019,106.135,-0.605,1.030,0.088,1,1,3.298
1784923049231,-0.012,1.056,-0.345,0.035,0.034,0.016,106.137,-0.628,1.029,0.101,1,1,3.946
1784923049245,-0.011,1.053,-0.342,0.036,0.032,0.014,106.169,-0.618,1.027,0.094,1,1,3.268
1784923049259,-0.011,1.050,-0.340,0.038,0.029,0.011,106.209,-0.553,1.025,0.099,1,1,3.264
1784923049272,-0.010,1.047,-0.338,0.039,0.027,0.008,106.189,-0.522,1.033,0.107,1,1,3.265
1784923049286,-0.010,1.045,-0.336,0.041,0.025,0.006,106.212,-0.432,1.034,0.105,1,1,3.367
1784923049299,-0.011,1.043,-0.335,0.042,0.023,0.004,106.307,-0.265,1.042,0.091,2,2,3.934
1784923049313,-0.011,1.040,-0.333,0.043,0.022,0.002,106.366,-0.151,1.032,0.078,2,2,3.263
1784923049326,-0.011,1.038,-0.332,0.044,0.021,0.001,106.418,-0.053,1.037,0.077,2,2,3.275
1784923049340,-0.011,1.036,-0.330,0.045,0.021,0.001,106.441,0.022,1.038,0.062,2,2,3.257
1784923049353,-0.011,1.034,-0.329,0.045,0.020,-0.000,106.489,0.062,1.038,0.069,2,2,3.291
1784923049367,-0.011,1.034,-0.328,0.047,0.020,-0.002,106.470,0.038,1.059,0.100,2,2,3.906
1784923049381,-0.010,1.033,-0.326,0.050,0.020,-0.005,106.463,0.058,1.057,0.150,2,2,3.273
1784923049394,-0.010,1.031,-0.325,0.054,0.020,-0.008,106.506,0.118,1.036,0.177,2,2,3.265
1784923049407,-0.010,1.030,-0.325,0.058,0.020,-0.012,106.561,0.157,1.065,0.212,2,2,3.267
1784923049421,-0.009,1.031,-0.324,0.064,0.021,-0.018,106.601,0.017,1.088,0.269,2,2,3.349
1784923049434,-0.007,1.032,-0.324,0.072,0.021,-0.026,106.579,-0.195,1.114,0.380,3,3,3.908
1784923049448,-0.008,1.035,-0.324,0.081,0.022,-0.038,106.562,0.040,1.145,0.476,3,3,3.361
1784923049462,-0.007,1.049,-0.322,0.094,0.022,-0.045,106.154,-0.017,1.372,0.480,3,3,3.272
1784923049475,-0.005,1.058,-0.321,0.112,0.022,-0.055,105.828,-0.164,1.305,0.663,3,3,3.263
1784923049488,-0.011,1.073,-0.321,0.144,0.022,-0.061,105.559,0.353,1.447,1.003,3,3,3.268
1784923049502,-0.002,1.113,-0.320,0.181,0.025,-0.053,104.913,-0.222,2.002,1.141,3,3,3.882
1784923049516,0.006,1.156,-0.322,0.224,0.020,-0.059,104.419,-0.627,2.139,1.364,3,3,3.311
1784923049529,0.011,1.189,-0.324,0.269,0.013,-0.060,104.105,-0.962,1.957,1.461,3,3,3.259
1784923049543,0.007,1.221,-0.325,0.321,0.006,-0.059,103.732,-0.595,1.955,1.673,3,3,3.304
1784923049556,0.001,1.256,-0.326,0.375,0.001,-0.054,103.348,-0.225,2.051,1.792,3,3,3.264
1784923049569,-0.003,1.277,-0.322,0.437,-0.006,-0.043,102.780,0.089,1.755,2.076,3,3,3.860
1784923049583,-0.011,1.303,-0.313,0.511,-0.012,-0.034,101.906,0.591,1.884,2.438,3,3,3.290
1784923049597,-0.010,1.314,-0.307,0.585,-0.018,-0.021,101.372,0.495,1.572,2.529,3,3,3.258
1784923049610,0.004,1.303,-0.306,0.656,-0.026,0.004,101.731,-0.980,1.140,2.593,3,3,3.361
1784923049624,0.020,1.281,-0.311,0.722,-0.040,0.023,103.295,-3.018,0.979,2.530,3,3,3.265
1784923049637,0.015,1.256,-0.311,0.786,-0.055,0.018,104.191,-2.146,0.775,2.489,4,4,3.878
1784923049651,0.018,1.199,-0.280,0.833,-0.072,0.015,93.610,-3.012,0.404,2.100,4,4,3.275
1784923049664,0.015,1.137,-0.223,0.835,-0.088,0.018,83.482,-2.447,1.037,1.031,4,4,3.268
1784923049678,-0.003,1.078,-0.180,0.818,-0.097,0.007,74.135,0.300,0.899,0.586,4,4,3.295
1784923049691,-0.024,1.047,-0.142,0.780,-0.094,-0.018,69.802,3.357,0.913,0.689,4,4,3.299
1784923049704,-0.036,1.017,-0.107,0.731,-0.081,-0.049,65.943,5.110,0.803,1.048,4,4,3.864
1784923049718,-0.038,0.989,-0.076,0.674,-0.064,-0.077,62.738,5.273,0.717,1.190,4,4,3.266
1784923049732,-0.040,0.965,-0.050,0.611,-0.043,-0.098,60.435,5.316,0.694,1.333,4,4,3.261
1784923049745,-0.044,0.942,-0.027,0.540,-0.014,-0.118,58.744,6.023,0.654,1.619,4,4,3.272
1784923049759,-0.047,0.915,-0.006,0.453,0.021,-0.138,56.710,6.492,0.569,2.119,4,4,3.318
1784923049772,-0.046,0.903,0.012,0.354,0.061,-0.159,56.675,6.056,0.757,2.592,4,4,3.873
1784923049786,-0.039,0.906,0.025,0.251,0.104,-0.182,58.274,4.903,1.030,2.810,4,4,3.266
1784923049799,-0.025,0.921,0.029,0.154,0.143,-0.203,60.689,3.183,1.276,2.745,4,4,3.262
1784923049813,-0.008,0.936,0.028,0.062,0.180,-0.221,63.516,1.385,1.318,2.661,4,4,3.286
1784923049826,0.008,0.953,0.023,-0.025,0.215,-0.235,66.345,-0.205,1.385,2.635,4,4,3.253
1784923049840,0.020,0.971,0.016,-0.112,0.251,-0.248,69.172,-1.254,1.402,2.706,5,5,3.902
1784923049854,0.027,0.994,0.005,-0.199,0.294,-0.263,72.000,-1.802,1.519,2.908,5,5,3.264
1784923049867,0.039,1.024,-0.012,-0.283,0.346,-0.281,74.924,-2.576,1.741,3.083,5,5,3.274
1784923049880,0.056,1.055,-0.033,-0.360,0.407,-0.294,77.877,-3.585,1.866,3.166,5,5,3.277
1784923049894,0.076,1.086,-0.057,-0.430,0.479,-0.294,80.795,-4.714,1.924,3.251,5,5,3.271
1784923049907,0.096,1.116,-0.085,-0.491,0.554,-0.289,83.706,-5.760,1.977,3.249,5,5,3.985
1784923049921,0.116,1.147,-0.117,-0.539,0.626,-0.287,86.606,-6.667,2.070,3.074,5,5,3.257
1784923049935,0.133,1.173,-0.151,-0.574,0.696,-0.285,89.512,-7.423,2.018,2.914,5,5,3.275
1784923049948,0.145,1.191,-0.183,-0.598,0.763,-0.283,92.288,-7.900,1.864,2.802,5,5,3.266
1784923049961,0.153,1.212,-0.214,-0.615,0.827,-0.281,94.778,-8.132,1.928,2.727,5,5,3.256
1784923049975,0.168,1.195,-0.251,-0.635,0.889,-0.287,99.267,-9.315,1.414,2.783,5,5,3.879
1784923049989,0.186,1.215,-0.271,-0.633,0.949,-0.292,100.595,-10.073,1.901,2.606,5,5,3.262
1784923050002,0.331,1.192,-0.328,-0.517,1.007,-0.306,105.959,-15.184,3.899,3.601,5,5,3.259
1784923050015,0.357,1.238,-0.365,-0.518,1.062,-0.302,107.062,-15.661,2.699,2.564,5,5,3.261
1784923050029,0.390,1.210,-0.379,-0.521,1.115,-0.303,110.051,-19.011,1.443,2.597,5,5,3.253
1784923050042,0.423,1.208,-0.397,-0.512,1.167,-0.295,111.416,-20.908,1.810,2.518,5,5,3.952
1784923050056,0.451,1.195,-0.416,-0.495,1.216,-0.279,113.390,-22.805,1.643,2.507,5,5,3.401
1784923050070,0.472,1.185,-0.440,-0.483,1.260,-0.246,115.410,-23.861,1.636,2.464,5,5,3.259
1784923050083,0.488,1.195,-0.475,-0.452,1.293,-0.207,116.947,-23.902,2.068,2.327,5,5,3.269
1784923050096,0.499,1.204,-0.517,-0.406,1.320,-0.169,118.713,-23.579,2.130,2.320,5,5,3.262
1784923050110,0.516,1.293,-0.559,-0.392,1.351,-0.175,118.305,-22.667,3.671,2.190,5,5,3.881
1784923050124,0.543,1.273,-0.547,-0.346,1.313,-0.180,117.431,-25.446,1.424,0.958,5,5,3.262
1784923050137,0.514,1.252,-0.541,-0.320,1.243,-0.171,117.408,-22.265,0.906,0.679,5,5,3.256
1784923050151,0.484,1.243,-0.525,-0.298,1.185,-0.163,115.754,-19.272,1.079,0.437,5,5,3.278
1784923050164,0.466,1.238,-0.511,-0.274,1.140,-0.160,114.240,-17.874,1.130,0.356,5,5,3.255
1784923050177,0.448,1.224,-0.501,-0.253,1.091,-0.159,113.621,-16.468,0.978,0.372,1,1,3.908
1784923050191,0.425,1.212,-0.492,-0.237,1.043,-0.155,112.984,-14.448,0.984,0.298,1,1,3.259
1784923050205,0.405,1.205,-0.480,-0.218,0.998,-0.151,111.903,-12.852,1.085,0.309,1,1,3.262
1784923050218,0.384,1.191,-0.474,-0.208,0.958,-0.145,111.909,-11.243,0.945,0.103,1,1,3.265
1784923050231,0.363,1.180,-0.466,-0.197,0.921,-0.136,111.401,-9.704,0.997,0.138,1,1,3.255
1784923050245,0.345,1.170,-0.458,-0.188,0.886,-0.125,110.968,-8.418,1.001,0.162,1,1,3.887
1784923050259,0.330,1.163,-0.450,-0.179,0.853,-0.115,110.444,-7.630,1.030,0.169,1,1,3.265
1784923050272,0.315,1.154,-0.443,-0.171,0.820,-0.105,110.037,-6.848,1.008,0.150,1,1,3.291
1784923050285,0.302,1.147,-0.435,-0.164,0.789,-0.096,109.550,-6.262,1.032,0.126,1,1,3.274
1784923050299,0.290,1.141,-0.428,-0.156,0.759,-0.090,109.102,-5.887,1.038,0.092,1,1,3.271
1784923050312,0.279,1.135,-0.421,-0.150,0.729,-0.085,108.694,-5.479,1.030,0.067,1,1,3.921
1784923050326,0.267,1.128,-0.414,-0.144,0.701,-0.081,108.364,-5.046,1.032,0.057,1,1,3.287
1784923050340,0.257,1.122,-0.408,-0.137,0.673,-0.078,108.059,-4.681,1.026,0.061,1,1,3.264
1784923050353,0.246,1.117,-0.402,-0.131,0.646,-0.074,107.804,-4.290,1.031,0.057,1,1,3.271
1784923050366,0.234,1.111,-0.397,-0.125,0.621,-0.072,107.622,-3.807,1.031,0.050,1,1,3.264
1784923050380,0.224,1.106,-0.392,-0.119,0.597,-0.069,107.463,-3.376,1.039,0.048,1,1,3.877
1784923050394,0.213,1.102,-0.386,-0.113,0.574,-0.065,107.231,-2.998,1.033,0.050,1,1,3.257
1784923050407,0.204,1.097,-0.381,-0.107,0.552,-0.062,107.060,-2.678,1.034,0.052,1,1,3.264
1784923050423,0.195,1.093,-0.377,-0.101,0.532,-0.058,106.946,-2.407,1.041,0.054,1,1,3.344
1784923050438,0.186,1.090,-0.373,-0.096,0.512,-0.055,106.749,-2.144,1.058,0.062,1,1,3.390
1784923050455,0.178,1.085,-0.369,-0.090,0.493,-0.052,106.714,-2.006,1.026,0.072,1,1,4.064
1784923050469,0.171,1.081,-0.365,-0.084,0.475,-0.050,106.657,-1.893,1.020,0.057,1,1,3.377
1784923050483,0.164,1.077,-0.362,-0.079,0.457,-0.048,106.593,-1.709,1.027,0.053,1,1,3.476
1784923050496,0.156,1.073,-0.358,-0.075,0.440,-0.045,106.562,-1.494,1.034,0.039,1,1,3.409
1784923050511,0.150,1.070,-0.355,-0.071,0.424,-0.043,106.464,-1.424,1.036,0.043,1,1,3.634
1784923050526,0.143,1.066,-0.352,-0.066,0.408,-0.042,106.403,-1.317,1.022,0.056,1,1,5.183
1784923050540,0.137,1.063,-0.348,-0.061,0.393,-0.041,106.346,-1.225,1.032,0.070,1,1,3.797
1784923050557,0.131,1.059,-0.346,-0.056,0.378,-0.040,106.403,-1.077,1.019,0.071,1,1,3.352
1784923050570,0.125,1.056,-0.344,-0.052,0.364,-0.039,106.420,-0.954,1.031,0.063,1,1,3.419
1784923050584,0.120,1.053,-0.342,-0.048,0.351,-0.037,106.439,-0.894,1.032,0.059,1,1,3.257
1784923050597,0.115,1.050,-0.340,-0.043,0.338,-0.036,106.486,-0.817,1.030,0.064,2,2,3.693
1784923050611,0.110,1.047,-0.338,-0.040,0.325,-0.035,106.522,-0.742,1.032,0.050,2,2,3.247
1784923050624,0.105,1.045,-0.337,-0.037,0.313,-0.034,106.568,-0.659,1.044,0.044,2,2,3.225
1784923050638,0.100,1.042,-0.335,-0.034,0.302,-0.033,106.579,-0.568,1.030,0.035,2,2,3.231
1784923050651,0.095,1.040,-0.333,-0.032,0.291,-0.031,106.611,-0.462,1.029,0.034,2,2,3.229
1784923050664,0.084,1.169,-0.358,0.062,0.373,0.048,106.245,-0.202,4.104,4.107,3,3,3.674
1784923050678,0.077,1.149,-0.350,0.083,0.452,0.098,106.005,0.325,0.735,2.939,3,3,3.238
1784923050692,0.082,1.139,-0.354,0.017,0.469,0.114,106.926,-0.719,1.032,1.984,3,3,3.228
1784923050705,0.092,1.138,-0.350,-0.024,0.456,0.127,106.546,-2.041,1.174,1.178,3,3,3.292
1784923050718,0.096,1.117,-0.352,-0.016,0.380,0.075,107.935,-3.090,0.801,2.039,3,3,3.253
1784923050732,0.089,1.112,-0.349,-0.024,0.322,0.042,107.741,-2.468,1.036,1.451,4,4,3.719
1784923050746,0.081,1.102,-0.349,-0.037,0.295,0.033,108.094,-1.707,0.956,0.609,4,4,3.227
1784923050759,0.079,1.099,-0.348,-0.036,0.278,0.025,108.048,-1.780,1.089,0.231,4,4,3.240
1784923050772,0.076,1.090,-0.348,-0.038,0.267,0.020,108.298,-1.595,0.947,0.162,4,4,3.231
1784923050786,0.076,1.085,-0.346,-0.038,0.256,0.012,108.221,-1.871,1.029,0.189,4,4,3.289
1784923050799,0.075,1.077,-0.345,-0.038,0.249,0.005,108.418,-1.988,0.965,0.201,5,5,3.716
1784923050813,0.072,1.072,-0.344,-0.036,0.245,-0.002,108.370,-1.836,1.025,0.220,5,5,3.233
1784923050826,0.068,1.068,-0.343,-0.035,0.242,-0.009,108.295,-1.535,1.018,0.266,5,5,3.224
1784923050842,0.054,1.067,-0.339,-0.034,0.243,-0.021,107.939,-0.208,1.098,0.404,5,5,3.237
1784923050855,0.020,1.064,-0.336,-0.036,0.261,-0.042,107.642,3.176,1.286,0.953,5,5,3.231
1784923050869,-0.015,1.064,-0.322,-0.042,0.319,-0.065,106.030,6.281,1.304,1.952,5,5,3.730
1784923050884,-0.050,1.062,-0.299,-0.054,0.400,-0.097,103.397,9.327,1.328,2.694,5,5,3.237
1784923050898,-0.063,1.066,-0.269,-0.060,0.478,-0.129,100.420,9.952,1.257,2.684,5,5,3.239
1784923050911,-0.058,1.069,-0.252,-0.070,0.553,-0.160,98.777,8.817,1.148,2.696,5,5,3.236
1784923050924,-0.057,1.077,-0.231,-0.074,0.625,-0.190,96.982,8.075,1.269,2.689,5,5,3.222
1784923050938,-0.061,1.083,-0.213,-0.078,0.695,-0.221,95.529,7.981,1.231,2.716,5,5,3.712
1784923050952,-0.070,1.083,-0.193,-0.080,0.762,-0.249,93.743,8.473,1.156,2.687,5,5,3.227
1784923050967,-0.080,1.091,-0.174,-0.082,0.826,-0.283,92.376,8.962,1.319,2.766,5,5,5.307
1784923050980,-0.086,1.095,-0.152,-0.082,0.888,-0.316,90.675,8.988,1.240,2.760,5,5,3.230
1784923050994,-0.084,1.094,-0.125,-0.081,0.948,-0.335,88.351,8.335,1.168,2.635,5,5,3.234
1784923051007,-0.076,1.094,-0.095,-0.082,1.006,-0.347,85.990,7.087,1.224,2.588,5,5,3.706
1784923051021,-0.064,1.093,-0.068,-0.085,1.061,-0.356,83.907,5.588,1.206,2.576,5,5,3.227
1784923051035,-0.044,1.089,-0.046,-0.090,1.115,-0.364,82.235,3.124,1.160,2.576,5,5,3.245
1784923051049,-0.016,1.085,-0.026,-0.096,1.166,-0.372,80.853,0.089,1.255,2.580,5,5,3.222
1784923051062,0.019,1.078,-0.007,-0.106,1.216,-0.382,79.410,-3.434,1.271,2.608,5,5,3.227
1784923051075,0.054,1.070,0.008,-0.119,1.263,-0.390,78.439,-7.039,1.272,2.610,1,1,3.699
1784923051089,0.091,1.060,0.019,-0.134,1.309,-0.393,77.966,-10.664,1.239,2.600,1,1,3.228
1784923051102,0.125,1.054,0.024,-0.150,1.351,-0.392,78.370,-13.806,1.266,2.535,1,1,3.243
1784923051116,0.158,1.128,-0.017,-0.182,1.383,-0.387,81.196,-14.094,3.019,2.440,1,1,3.227
1784923051132,0.201,1.126,-0.096,-0.171,1.395,-0.382,87.646,-15.434,2.418,1.714,1,1,5.877
1784923051145,0.224,1.103,-0.154,-0.148,1.373,-0.377,94.241,-16.397,1.703,0.947,1,1,3.685
1784923051159,0.247,1.086,-0.168,-0.139,1.313,-0.362,97.049,-18.794,1.146,0.254,1,1,3.236
1784923051172,0.224,1.081,-0.170,-0.132,1.252,-0.342,97.616,-15.459,1.022,0.383,1,1,3.238
1784923051186,0.217,1.081,-0.172,-0.130,1.203,-0.324,97.946,-14.247,1.103,0.190,1,1,3.228
1784923051199,0.213,1.082,-0.174,-0.127,1.150,-0.311,98.247,-13.578,1.149,0.240,1,1,3.234
1784923051212,0.208,1.076,-0.182,-0.125,1.102,-0.302,99.437,-12.740,1.011,0.169,1,1,3.719
1784923051228,0.198,1.070,-0.187,-0.121,1.057,-0.292,100.239,-11.490,0.991,0.124,1,1,5.544
1784923051242,0.188,1.065,-0.193,-0.115,1.015,-0.282,100.994,-10.128,1.007,0.064,1,1,3.228
1784923051255,0.178,1.061,-0.197,-0.110,0.976,-0.271,101.571,-8.950,1.018,0.054,1,1,3.225
1784923051268,0.169,1.057,-0.202,-0.105,0.939,-0.259,102.065,-7.948,1.019,0.056,1,1,3.253
1784923051282,0.160,1.054,-0.206,-0.101,0.904,-0.247,102.498,-7.099,1.027,0.070,1,1,3.695
1784923051295,0.152,1.051,-0.210,-0.098,0.870,-0.234,102.927,-6.222,1.017,0.106,1,1,3.237
1784923051309,0.146,1.048,-0.213,-0.094,0.837,-0.221,103.194,-5.720,1.036,0.110,1,1,3.228
1784923051322,0.141,1.045,-0.216,-0.092,0.806,-0.210,103.508,-5.324,1.020,0.094,1,1,3.264
1784923051335,0.136,1.043,-0.219,-0.090,0.775,-0.200,103.747,-5.018,1.036,0.076,1,1,3.258
1784923051349,0.131,1.040,-0.222,-0.088,0.746,-0.191,103.972,-4.652,1.023,0.064,1,1,3.696
1784923051363,0.125,1.038,-0.224,-0.087,0.717,-0.181,104.118,-4.186,1.026,0.088,1,1,3.236
1784923051376,0.120,1.036,-0.227,-0.086,0.690,-0.173,104.350,-3.836,1.035,0.078,1,1,3.228
1784923051390,0.116,1.034,-0.229,-0.085,0.663,-0.164,104.458,-3.549,1.032,0.073,1,1,3.964
1784923051404,0.112,1.033,-0.231,-0.083,0.638,-0.157,104.550,-3.342,1.034,0.052,1,1,3.442
1784923051417,0.107,1.031,-0.234,-0.080,0.614,-0.150,104.680,-3.056,1.033,0.050,1,1,4.374
1784923051433,0.103,1.030,-0.235,-0.078,0.590,-0.143,104.717,-2.859,1.035,0.041,1,1,4.726
1784923051447,0.099,1.028,-0.237,-0.076,0.568,-0.136,104.813,-2.688,1.027,0.041,1,1,3.335
1784923051460,0.096,1.026,-0.239,-0.073,0.546,-0.130,104.907,-2.523,1.030,0.033,1,1,3.326
1784923051476,0.093,1.023,-0.241,-0.071,0.525,-0.124,105.081,-2.407,1.009,0.039,1,1,4.315
1784923051491,0.089,1.022,-0.243,-0.070,0.505,-0.119,105.164,-2.262,1.028,0.057,1,1,5.439
1784923051505,0.087,1.021,-0.244,-0.069,0.485,-0.114,105.093,-2.186,1.036,0.047,1,1,3.261
1784923051519,0.084,1.020,-0.245,-0.067,0.466,-0.109,105.103,-2.122,1.025,0.039,1,1,3.930
1784923051533,0.081,1.018,-0.246,-0.065,0.448,-0.105,105.157,-2.011,1.024,0.033,1,1,3.754
1784923051552,0.078,1.017,-0.247,-0.063,0.430,-0.101,105.184,-1.875,1.030,0.027,1,1,4.665
1784923051568,0.075,1.016,-0.249,-0.062,0.414,-0.097,105.211,-1.728,1.029,0.022,2,2,5.104
1784923051584,0.071,1.015,-0.250,-0.060,0.398,-0.093,105.217,-1.561,1.027,0.025,2,2,4.991
1784923051598,0.069,1.014,-0.250,-0.058,0.383,-0.089,105.165,-1.524,1.036,0.020,2,2,3.583
1784923051613,0.067,1.013,-0.251,-0.056,0.368,-0.085,105.204,-1.502,1.031,0.015,2,2,5.037
1784923051626,0.065,1.012,-0.253,-0.054,0.354,-0.082,105.321,-1.425,1.029,0.015,2,2,3.241
1784923051642,0.063,1.012,-0.254,-0.052,0.341,-0.078,105.298,-1.404,1.035,0.016,2,2,3.702
1784923051656,0.061,1.010,-0.254,-0.050,0.328,-0.075,105.308,-1.374,1.016,0.016,2,2,3.524
1784923051672,0.059,1.009,-0.255,-0.049,0.315,-0.072,105.307,-1.322,1.027,0.018,2,2,3.744
1784923051685,0.058,1.009,-0.255,-0.047,0.303,-0.069,105.230,-1.327,1.041,0.016,2,2,3.260
1784923051699,0.056,1.009,-0.256,-0.045,0.291,-0.067,105.243,-1.286,1.032,0.014,2,2,3.253
1784923051712,0.054,1.008,-0.257,-0.044,0.280,-0.064,105.296,-1.243,1.023,0.011,2,2,3.929
1784923051726,0.052,1.007,-0.258,-0.042,0.269,-0.062,105.302,-1.218,1.034,0.012,2,2,3.239
1784923051740,0.051,1.007,-0.258,-0.040,0.259,-0.060,105.289,-1.201,1.030,0.012,2,2,3.476
1784923051754,0.049,1.006,-0.259,-0.038,0.249,-0.058,105.290,-1.187,1.021,0.014,2,2,3.306
1784923051767,0.048,1.005,-0.259,-0.036,0.239,-0.055,105.268,-1.109,1.035,0.016,2,2,3.526
1784923051782,0.046,1.005,-0.260,-0.034,0.230,-0.053,105.280,-1.108,1.032,0.015,2,2,5.565
1784923051797,0.045,1.004,-0.261,-0.033,0.221,-0.051,105.328,-1.109,1.013,0.014,2,2,3.425
1784923051811,0.044,1.003,-0.261,-0.031,0.213,-0.049,105.288,-1.058,1.027,0.009,2,2,3.638
1784923051824,0.042,1.003,-0.261,-0.030,0.204,-0.048,105.318,-1.011,1.029,0.012,2,2,3.342
1784923051838,0.041,1.002,-0.262,-0.029,0.197,-0.046,105.326,-0.995,1.027,0.011,2,2,3.251
1784923051852,0.040,1.002,-0.263,-0.027,0.189,-0.044,105.358,-0.968,1.031,0.014,2,2,4.547
1784923051869,0.039,1.001,-0.263,-0.026,0.182,-0.043,105.402,-0.970,1.030,0.013,2,2,3.281
1784923051884,0.038,1.000,-0.264,-0.025,0.174,-0.042,105.433,-0.951,1.012,0.015,2,2,4.223
1784923051899,0.037,0.999,-0.264,-0.025,0.168,-0.040,105.424,-0.922,1.024,0.015,2,2,3.376
1784923051913,0.036,0.999,-0.265,-0.024,0.161,-0.039,105.429,-0.895,1.024,0.015,2,2,3.401
1784923051927,0.034,0.998,-0.265,-0.024,0.154,-0.037,105.413,-0.843,1.025,0.016,2,2,4.435
1784923051941,0.033,0.998,-0.265,-0.023,0.148,-0.036,105.411,-0.822,1.034,0.014,2,2,3.869
1784923051957,0.032,0.997,-0.266,-0.022,0.142,-0.034,105.443,-0.792,1.016,0.014,2,2,4.294
1784923051971,0.031,0.996,-0.266,-0.022,0.137,-0.033,105.522,-0.767,1.005,0.032,2,2,3.841
1784923051985,0.030,0.995,-0.267,-0.023,0.131,-0.031,105.598,-0.712,1.017,0.056,2,2,4.165
1784923051998,0.029,0.995,-0.267,-0.024,0.126,-0.029,105.546,-0.723,1.022,0.054,2,2,3.685
1784923052012,0.029,0.995,-0.267,-0.025,0.120,-0.027,105.470,-0.755,1.037,0.055,2,2,3.246
1784923052025,0.028,0.995,-0.267,-0.026,0.115,-0.025,105.390,-0.786,1.037,0.048,2,2,3.228
1784923052039,0.028,0.996,-0.267,-0.025,0.110,-0.024,105.321,-0.770,1.038,0.034,2,2,3.233
1784923052052,0.027,0.995,-0.267,-0.025,0.105,-0.023,105.377,-0.787,1.007,0.035,2,2,3.232
1784923052065,0.027,0.994,-0.267,-0.026,0.100,-0.021,105.397,-0.778,1.012,0.055,2,2,3.686
1784923052079,0.026,0.993,-0.267,-0.027,0.095,-0.019,105.354,-0.796,1.020,0.073,2,2,3.232
