timestamp,ax,ay,az,gx,gy,gz,roll,pitch_k,acc_norm,gyro_norm,classe_prevista_raw,classe_prevista,delay_ms
1778180197978,0.0456543,0.937012,-0.459961,0.0529008,-0.267099,0.248015,105.596,-2.27693,1.04482,0.36831,0,0,3.298
1778180197992,0.055,0.940,-0.457,0.000,-0.010,-0.002,110.552,-2.634,1.047,0.010,0,0,3.270
1778180198005,0.061,0.939,-0.455,0.001,-0.007,0.017,112.290,-2.864,1.045,0.019,0,0,3.279
1778180198018,0.058,0.939,-0.451,-0.001,-0.006,0.017,113.142,-2.940,1.043,0.018,0,0,3.259
1778180198033,0.059,0.938,-0.449,-0.002,-0.009,0.014,113.653,-2.999,1.042,0.017,0,0,3.266
1778180198047,0.060,0.943,-0.456,-0.000,-0.008,0.013,114.036,-3.050,1.049,0.015,0,0,3.252
1778180198060,0.059,0.939,-0.452,0.001,-0.010,0.004,114.299,-3.076,1.044,0.011,0,0,3.263
1778180198073,0.063,0.948,-0.446,0.006,-0.014,-0.002,114.426,-3.127,1.049,0.015,0,0,3.258
1778180198087,0.056,0.942,-0.451,0.008,-0.015,-0.007,114.580,-3.121,1.045,0.018,0,0,3.270
1778180198100,0.060,0.943,-0.456,0.011,-0.016,-0.013,114.734,-3.138,1.049,0.024,0,0,3.261
1778180198114,0.055,0.942,-0.453,0.012,-0.017,-0.015,114.849,-3.122,1.047,0.026,0,0,3.935
1778180198128,0.054,0.942,-0.452,0.016,-0.019,-0.020,114.939,-3.103,1.046,0.032,0,0,3.279
1778180198141,0.054,0.945,-0.451,0.016,-0.019,-0.023,115.006,-3.088,1.048,0.034,0,0,3.273
1778180198154,0.056,0.941,-0.461,0.016,-0.022,-0.023,115.123,-3.087,1.049,0.036,0,0,3.284
1778180198168,0.048,0.938,-0.454,0.019,-0.022,-0.026,115.198,-3.041,1.044,0.039,0,0,3.270
1778180198181,0.051,0.939,-0.454,0.019,-0.021,-0.022,115.259,-3.018,1.044,0.035,0,0,3.299
1778180198195,0.049,0.945,-0.459,0.018,-0.021,-0.021,115.326,-2.983,1.051,0.035,0,0,3.265
1778180198209,0.048,0.934,-0.455,0.018,-0.021,-0.021,115.388,-2.948,1.040,0.034,0,0,3.953
1778180198222,0.039,0.937,-0.451,0.017,-0.020,-0.023,115.422,-2.870,1.041,0.035,0,0,3.246
1778180198235,0.048,0.940,-0.448,0.015,-0.018,-0.023,115.427,-2.845,1.043,0.033,0,0,3.261
1778180198249,0.037,0.939,-0.458,0.014,-0.017,-0.018,115.481,-2.766,1.045,0.028,0,0,3.253
1778180198262,0.041,0.941,-0.465,0.014,-0.020,-0.017,115.562,-2.715,1.051,0.029,0,0,3.254
1778180198276,0.042,0.937,-0.465,0.013,-0.018,-0.014,115.641,-2.674,1.047,0.026,0,0,3.262
1778180198289,0.034,0.936,-0.457,0.012,-0.019,-0.012,115.677,-2.598,1.042,0.025,0,0,3.259
1778180198303,0.041,0.941,-0.457,0.013,-0.018,-0.009,115.699,-2.564,1.047,0.023,0,0,3.814
1778180198316,0.036,0.939,-0.451,0.010,-0.017,-0.006,115.697,-2.507,1.042,0.021,0,0,3.441
1778180198330,0.034,0.939,-0.462,0.011,-0.015,-0.002,115.743,-2.447,1.047,0.018,0,0,3.241
1778180198343,0.041,0.935,-0.459,0.010,-0.017,-0.001,115.783,-2.426,1.042,0.020,0,0,3.266
1778180198357,0.044,0.935,-0.456,0.007,-0.016,-0.001,115.801,-2.426,1.041,0.017,0,0,3.253
1778180198370,0.041,0.942,-0.460,0.006,-0.013,-0.002,115.821,-2.409,1.049,0.014,2,2,3.960
1778180198384,0.040,0.941,-0.460,0.006,-0.015,-0.003,115.842,-2.388,1.048,0.017,2,2,3.260
1778180198398,0.036,0.935,-0.466,0.005,-0.015,0.002,115.901,-2.347,1.045,0.016,2,2,3.812
1778180198411,0.039,0.939,-0.462,0.002,-0.015,-0.000,115.928,-2.327,1.047,0.015,2,2,3.268
1778180198425,0.042,0.946,-0.464,0.003,-0.012,0.002,115.945,-2.325,1.054,0.013,2,2,3.252
1778180198438,0.045,0.939,-0.461,0.001,-0.014,0.001,115.967,-2.337,1.047,0.014,4,4,3.881
1778180198452,0.031,0.942,-0.461,0.001,-0.014,0.001,115.976,-2.274,1.049,0.014,4,4,3.248
1778180198467,0.031,0.946,-0.463,0.001,-0.013,0.000,115.986,-2.217,1.054,0.013,4,4,4.463
1778180198480,0.012,0.944,-0.458,0.004,-0.008,0.020,115.974,-2.068,1.049,0.022,4,4,3.249
1778180198494,0.027,0.941,-0.466,0.002,-0.002,0.035,116.011,-2.011,1.050,0.036,4,4,3.259
1778180198507,0.038,0.933,-0.464,0.001,-0.001,0.040,116.052,-2.016,1.042,0.040,2,2,3.856
1778180198521,0.045,0.940,-0.467,0.001,-0.000,0.040,116.085,-2.057,1.051,0.040,2,2,3.249
1778180198534,0.040,0.934,-0.459,0.002,0.002,0.037,116.094,-2.070,1.042,0.037,2,2,3.258
1778180198548,0.047,0.938,-0.458,0.000,0.001,0.038,116.087,-2.116,1.045,0.038,2,2,3.244
1778180198561,0.044,0.945,-0.459,0.001,-0.000,0.034,116.068,-2.142,1.052,0.034,2,2,3.266
1778180198575,0.049,0.941,-0.458,0.001,0.001,0.032,116.054,-2.192,1.048,0.032,2,2,3.864
1778180198589,0.046,0.944,-0.462,0.003,-0.000,0.028,116.056,-2.221,1.051,0.028,2,2,3.263
1778180198602,0.050,0.939,-0.455,0.005,-0.001,0.024,116.034,-2.271,1.045,0.024,2,2,3.254
1778180198615,0.049,0.950,-0.459,0.007,-0.002,0.019,116.010,-2.310,1.056,0.020,2,2,3.263
1778180198629,0.048,0.937,-0.458,0.007,0.001,0.024,116.015,-2.339,1.044,0.025,2,2,3.270
1778180198642,0.048,0.934,-0.458,0.008,-0.002,0.021,116.023,-2.366,1.042,0.023,2,2,3.854
1778180198656,0.044,0.940,-0.460,0.001,-0.001,0.034,116.027,-2.368,1.047,0.034,2,2,3.308
1778180198669,0.031,0.896,-0.475,-0.018,-0.002,0.045,116.208,-2.308,1.015,0.048,2,2,3.250
1778180198683,0.138,0.891,-0.491,-0.050,-0.067,0.076,116.459,-2.825,1.026,0.113,2,2,3.245
1778180198696,0.320,0.939,-0.427,-0.088,-0.353,0.124,116.266,-4.195,1.080,0.384,2,2,3.255
1778180198709,0.610,0.930,-0.367,-0.124,-0.941,0.309,115.816,-6.780,1.171,0.998,4,4,3.847
1778180198723,0.744,0.965,-0.377,-0.112,-1.888,0.586,115.393,-9.531,1.276,1.980,4,4,3.296
1778180198737,0.427,0.845,-0.370,-0.157,-2.501,0.849,115.225,-10.990,1.017,2.646,4,4,3.241
1778180198750,0.005,0.992,-0.361,-0.167,-2.501,1.026,114.729,-9.968,1.056,2.709,4,4,3.262
1778180198763,-0.187,0.968,-0.331,-0.141,-2.501,1.099,114.173,-8.034,1.040,2.736,4,4,3.252
1778180198777,-0.284,0.987,-0.324,-0.143,-2.501,1.092,113.602,-5.816,1.076,2.733,4,4,3.850
1778180198791,-0.297,1.003,-0.324,-0.122,-2.352,1.028,113.059,-3.766,1.095,2.569,4,4,3.254
1778180198804,-0.200,1.039,-0.302,-0.069,-2.009,0.940,112.411,-2.410,1.100,2.219,4,4,3.251
1778180198817,-0.152,1.044,-0.292,0.003,-1.618,0.783,111.764,-1.423,1.094,1.797,4,4,3.277
1778180198831,-0.200,1.046,-0.398,0.104,-1.100,0.569,111.674,-0.325,1.137,1.243,4,4,3.251
1778180198844,-0.202,0.988,-0.477,0.196,-0.472,0.317,112.062,0.700,1.115,0.601,4,4,3.849
1778180198858,-0.129,0.803,-0.697,0.257,0.051,0.044,113.861,1.292,1.071,0.265,4,4,3.254
1778180198871,0.155,0.957,-0.450,0.102,-0.059,-0.101,113.987,0.377,1.069,0.155,4,4,3.244
1778180198885,-0.022,0.934,-0.462,0.089,-0.037,-0.057,114.208,0.456,1.042,0.111,4,4,3.259
1778180198898,0.116,0.935,-0.450,0.078,-0.056,-0.099,114.349,-0.194,1.044,0.138,4,4,3.246
1778180198911,-0.019,0.945,-0.472,0.089,-0.049,-0.047,114.557,-0.080,1.057,0.112,1,1,3.871
1778180198925,0.032,0.943,-0.467,0.076,-0.038,-0.011,114.724,-0.239,1.053,0.086,1,1,3.263
1778180198939,0.003,0.955,-0.464,0.084,-0.034,0.027,114.838,-0.233,1.062,0.094,1,1,3.247
1778180198952,0.008,0.948,-0.482,0.082,-0.012,0.066,115.040,-0.249,1.063,0.106,1,1,3.247
1778180198965,0.042,0.938,-0.465,0.075,0.002,0.086,115.165,-0.442,1.048,0.114,1,1,3.241
1778180198979,0.060,0.933,-0.479,0.069,0.005,0.086,115.356,-0.711,1.051,0.110,1,1,3.827
1778180198993,0.102,0.927,-0.469,0.069,-0.005,0.055,115.496,-1.178,1.043,0.089,1,1,3.251
1778180199006,0.111,0.932,-0.462,0.073,-0.024,0.020,115.578,-1.646,1.046,0.079,1,1,3.251
1778180199019,0.101,0.926,-0.470,0.068,-0.045,-0.014,115.706,-2.019,1.043,0.082,1,1,3.246
1778180199033,0.104,0.917,-0.475,0.068,-0.071,-0.052,115.866,-2.374,1.039,0.111,1,1,3.246
1778180199046,0.093,0.928,-0.467,0.066,-0.093,-0.084,115.946,-2.636,1.043,0.142,1,1,3.823
1778180199060,0.096,0.918,-0.479,0.065,-0.113,-0.108,116.100,-2.888,1.040,0.169,1,1,3.239
1778180199073,0.059,0.952,-0.480,0.069,-0.114,-0.113,116.164,-2.915,1.068,0.174,1,1,3.263
1778180199087,0.031,0.949,-0.483,0.070,-0.105,-0.094,116.242,-2.796,1.066,0.157,1,1,3.237
1778180199100,-0.010,0.947,-0.495,0.067,-0.076,-0.057,116.368,-2.479,1.069,0.116,1,1,3.259
1778180199113,-0.013,0.948,-0.487,0.057,-0.043,-0.014,116.443,-2.176,1.066,0.073,1,1,3.815
1778180199127,0.009,0.948,-0.491,0.049,-0.018,0.028,116.534,-2.015,1.068,0.059,1,1,3.278
1778180199141,0.021,0.930,-0.493,0.041,-0.003,0.050,116.665,-1.931,1.052,0.065,1,1,3.254
1778180199154,0.047,0.939,-0.488,0.040,0.005,0.059,116.743,-1.991,1.059,0.071,1,1,3.243
1778180199167,0.060,0.941,-0.474,0.045,0.005,0.054,116.741,-2.109,1.055,0.071,1,1,3.262
1778180199181,0.050,0.922,-0.488,0.044,0.001,0.049,116.851,-2.167,1.044,0.066,1,1,3.860
1778180199195,0.061,0.914,-0.489,0.044,-0.002,0.040,116.975,-2.280,1.039,0.059,1,1,3.258
1778180199208,0.075,0.910,-0.488,0.045,-0.005,0.024,117.092,-2.457,1.035,0.052,1,1,3.244
1778180199221,0.049,0.928,-0.497,0.047,-0.005,0.023,117.194,-2.477,1.054,0.053,1,1,3.265
1778180199235,0.056,0.913,-0.489,0.043,-0.008,0.022,117.288,-2.537,1.037,0.049,1,1,3.258
1778180199248,0.058,0.917,-0.488,0.043,-0.010,0.014,117.355,-2.597,1.040,0.047,4,4,3.856
1778180199262,0.040,0.908,-0.495,0.038,-0.011,0.013,117.472,-2.561,1.035,0.041,4,4,3.272
1778180199275,0.053,0.917,-0.485,0.037,-0.011,0.006,117.507,-2.597,1.039,0.039,4,4,3.253
1778180199289,0.068,0.936,-0.491,0.033,-0.013,-0.002,117.524,-2.700,1.059,0.036,4,4,3.256
1778180199302,0.058,0.924,-0.489,0.036,-0.015,-0.000,117.556,-2.743,1.047,0.039,4,4,3.265
1778180199315,0.050,0.917,-0.502,0.037,-0.011,0.005,117.666,-2.743,1.046,0.039,1,1,3.846
1778180199329,0.039,0.920,-0.493,0.037,-0.010,0.014,117.715,-2.687,1.045,0.041,1,1,3.314
1778180199343,0.030,0.922,-0.496,0.038,-0.005,0.026,117.768,-2.588,1.047,0.047,1,1,3.251
1778180199358,0.051,0.918,-0.496,0.039,-0.007,0.026,117.825,-2.605,1.044,0.047,1,1,5.025
1778180199371,0.043,0.930,-0.512,0.039,-0.007,0.029,117.920,-2.578,1.062,0.049,1,1,3.265
1778180199385,0.048,0.959,-0.503,0.051,-0.011,0.035,117.897,-2.575,1.084,0.062,4,4,3.820
1778180199399,0.038,0.961,-0.491,0.065,-0.008,0.047,117.818,-2.520,1.080,0.080,4,4,3.324
1778180199412,0.068,0.983,-0.504,0.087,-0.009,0.068,117.754,-2.614,1.107,0.111,4,4,3.250
1778180199426,0.026,1.000,-0.503,0.096,-0.008,0.132,117.655,-2.493,1.119,0.163,4,4,3.295
1778180199439,0.028,1.021,-0.510,0.113,-0.003,0.201,117.549,-2.391,1.142,0.231,4,4,3.254
1778180199452,-0.051,1.140,-0.523,0.155,0.027,0.255,117.273,-1.944,1.256,0.300,4,4,3.846
1778180199466,0.088,0.942,-0.526,0.251,0.059,0.247,117.456,-2.201,1.083,0.357,4,4,3.260
1778180199480,-0.063,0.734,-0.450,0.446,-0.026,0.151,117.841,-1.593,0.863,0.472,4,4,3.254
1778180199493,0.078,1.048,-0.519,0.352,0.094,0.275,117.698,-1.803,1.172,0.456,4,4,3.257
1778180199506,0.123,1.036,-0.525,0.414,0.065,0.261,117.621,-2.205,1.168,0.494,4,4,3.251
1778180199522,0.121,1.097,-0.542,0.439,0.052,0.263,117.495,-2.531,1.230,0.515,4,4,5.912
1778180199536,0.153,1.312,-0.547,0.539,0.060,0.233,117.032,-2.876,1.429,0.590,4,4,3.258
1778180199549,0.131,1.497,-0.529,0.703,0.026,0.162,116.311,-3.051,1.593,0.722,4,4,3.249
1778180199563,0.136,1.276,-0.523,0.827,0.007,0.188,115.928,-3.297,1.385,0.849,4,4,3.293
1778180199576,0.058,1.348,-0.531,0.981,-0.006,0.200,115.506,-3.203,1.450,1.001,4,4,3.246
1778180199590,0.047,1.377,-0.527,1.161,0.072,0.236,115.073,-3.071,1.475,1.187,4,4,3.953
1778180199604,0.053,1.432,-0.506,1.367,-0.003,0.304,114.538,-2.971,1.520,1.401,4,4,3.301
1778180199618,0.098,1.429,-0.485,1.584,-0.028,0.349,113.988,-3.041,1.513,1.622,4,4,3.860
1778180199631,0.189,1.591,-0.474,1.857,-0.055,0.363,113.286,-3.369,1.671,1.893,4,4,3.263
1778180199645,0.247,1.611,-0.483,2.157,-0.093,0.307,112.657,-3.842,1.700,2.181,4,4,3.253
1778180199658,0.293,1.725,-0.513,2.475,-0.149,0.247,112.077,-4.355,1.823,2.492,4,4,3.873
1778180199672,0.227,1.724,-0.657,2.501,-0.177,0.181,111.961,-4.608,1.859,2.514,4,4,3.243
1778180199685,0.169,1.737,-0.758,2.501,-0.124,0.183,112.114,-4.654,1.903,2.511,4,4,3.238
1778180199699,0.222,1.456,-0.798,2.501,-0.105,0.284,112.744,-4.935,1.675,2.520,4,4,3.249
1778180199712,0.390,1.227,-0.740,2.501,-0.224,0.417,113.539,-5.913,1.485,2.546,4,4,3.252
1778180199725,0.274,1.495,-0.740,2.501,-0.220,0.961,113.807,-6.239,1.691,2.688,4,4,3.903
1778180199739,0.358,1.324,-0.335,2.501,-0.245,1.157,112.891,-7.044,1.412,2.767,4,4,3.254
1778180199753,0.357,1.031,-0.050,2.501,-0.375,1.444,110.976,-8.190,1.092,2.912,4,4,3.296
1778180199767,0.442,-0.202,0.565,2.501,-0.609,1.508,98.543,-10.870,0.745,2.983,4,4,3.248
1778180199780,0.438,0.240,-0.264,2.122,-0.889,1.160,102.267,-14.665,0.565,2.576,4,4,3.270
1778180199793,-0.080,0.262,-0.266,1.576,-0.860,0.791,105.413,-12.126,0.382,1.962,4,4,3.827
1778180199807,-0.158,-0.108,-0.131,0.817,-0.725,0.302,82.024,-6.896,0.232,1.134,4,4,3.244
1778180199821,-0.219,0.083,-0.219,0.197,-0.551,-0.007,89.361,-2.141,0.321,0.585,4,4,3.248
1778180199834,-0.227,0.118,-0.184,-0.331,-0.365,-0.202,94.866,2.450,0.315,0.532,4,4,3.266
1778180199850,-0.189,0.173,-0.175,-0.782,-0.173,-0.288,98.714,5.785,0.311,0.852,4,4,5.769
1778180199863,-0.151,0.270,-0.206,-1.200,-0.052,-0.274,101.429,7.517,0.372,1.232,4,4,3.870
1778180199877,-0.146,0.354,-0.239,-1.466,0.044,-0.229,103.573,8.596,0.452,1.485,4,4,3.257
1778180199891,-0.135,0.396,-0.303,-1.673,0.124,-0.188,105.837,9.216,0.517,1.688,4,4,3.273
1778180199904,-0.101,0.388,-0.353,-1.863,0.173,-0.231,108.355,9.380,0.534,1.886,4,4,3.254
1778180199918,-0.062,0.370,-0.397,-2.081,0.181,-0.362,111.080,9.112,0.546,2.120,4,4,3.324
1778180199931,-0.021,0.428,-0.432,-2.286,0.174,-0.519,113.383,8.436,0.609,2.350,4,4,3.862
1778180199946,0.034,0.540,-0.488,-2.445,0.148,-0.648,115.163,7.376,0.729,2.534,4,4,3.898
1778180199959,0.099,0.639,-0.548,-2.501,0.119,-0.689,116.630,6.034,0.848,2.597,4,4,3.257
1778180199973,0.138,0.709,-0.623,-2.501,0.093,-0.654,118.029,4.666,0.954,2.587,4,4,3.242
1778180199986,0.143,0.791,-0.690,-2.501,0.088,-0.562,119.271,3.483,1.060,2.565,4,4,3.265
1778180199999,0.146,0.843,-0.787,-2.501,0.108,-0.446,120.583,2.466,1.162,2.543,5,5,3.855
1778180200013,0.116,0.897,-0.865,-2.501,0.154,-0.356,121.855,1.724,1.252,2.531,5,5,3.262
1778180200027,0.093,0.967,-0.917,-2.501,0.231,-0.373,122.962,1.179,1.336,2.540,5,5,3.256
1778180200040,0.081,0.991,-0.952,-2.479,0.328,-0.519,123.997,0.745,1.377,2.554,5,5,3.668
1778180200059,0.103,1.011,-0.967,-2.390,0.492,-0.703,124.923,0.272,1.402,2.539,5,5,8.251
1778180200072,0.200,1.019,-0.941,-2.302,0.611,-0.749,125.663,-0.534,1.401,2.497,5,5,3.864
1778180200090,0.272,1.057,-0.931,-2.261,0.726,-0.674,126.207,-1.523,1.435,2.468,5,5,7.057
1778180200103,0.304,1.056,-0.915,-2.240,0.840,-0.427,126.655,-2.545,1.430,2.430,5,5,3.260
1778180200117,0.303,1.078,-0.895,-2.242,0.928,-0.236,126.944,-3.463,1.433,2.438,5,5,3.275
1778180200133,0.252,1.123,-0.876,-2.223,1.020,-0.099,127.042,-4.090,1.447,2.448,5,5,3.285
1778180200147,0.225,1.192,-0.870,-2.168,1.051,-0.059,126.956,-4.524,1.493,2.410,5,5,3.862
1778180200164,0.187,1.203,-0.887,-2.087,1.039,-0.057,126.904,-4.770,1.507,2.332,5,5,7.141
1778180200178,0.193,1.236,-0.923,-2.018,0.989,-0.108,126.890,-4.996,1.555,2.250,5,5,3.252
1778180200193,0.291,1.249,-0.987,-1.905,0.872,-0.229,127.027,-5.505,1.618,2.108,5,5,3.254
1778180200207,0.376,1.242,-1.022,-1.775,0.736,-0.277,127.258,-6.233,1.652,1.941,5,5,3.247
1778180200222,0.472,1.210,-1.074,-1.596,0.557,-0.179,127.672,-7.186,1.685,1.700,5,5,5.118
1778180200236,0.548,1.146,-1.120,-1.362,0.364,0.036,128.307,-8.299,1.693,1.410,5,5,3.255
1778180200249,0.595,1.055,-1.205,-1.129,0.136,0.297,129.306,-9.450,1.708,1.175,5,5,3.256
1778180200263,0.505,0.988,-1.272,-0.870,-0.085,0.512,130.530,-10.207,1.688,1.013,5,5,3.256
1778180200276,0.298,0.929,-1.332,-0.585,-0.236,0.607,131.917,-10.226,1.651,0.876,5,5,3.250
1778180200291,0.119,0.820,-1.337,-0.296,-0.310,0.493,133.493,-9.667,1.573,0.653,1,1,5.017
1778180200304,0.032,0.784,-1.309,-0.030,-0.330,0.215,134.975,-8.861,1.526,0.395,1,1,3.255
1778180200318,3.231,4.000,-0.970,1.920,-0.853,-0.955,131.993,-11.645,5.232,2.308,1,1,3.422
1778180200331,0.627,0.323,0.225,1.748,-0.769,-0.753,124.680,-16.042,0.741,2.053,1,1,3.307
1778180200345,-0.630,1.514,-0.019,1.793,-0.633,-0.498,121.451,-12.366,1.640,1.965,1,1,3.263
1778180200359,-0.294,1.229,-0.028,1.923,-0.265,-0.253,118.583,-9.908,1.264,1.958,1,1,3.907
1778180200373,0.015,1.045,-0.220,1.988,-0.121,-0.253,116.993,-9.043,1.068,2.007,1,1,3.252
1778180200387,-0.063,0.891,-0.345,1.933,-0.012,-0.183,116.442,-7.824,0.958,1.942,1,1,3.982
1778180200400,-0.281,0.832,-0.623,1.684,0.007,-0.100,117.432,-5.638,1.077,1.687,1,1,3.260
1778180200414,-0.053,0.894,-0.525,1.467,-0.105,0.025,117.716,-4.822,1.038,1.471,1,1,3.254
1778180200427,-0.040,0.794,-0.643,1.242,-0.025,0.150,118.789,-4.150,1.023,1.252,1,1,3.929
1778180200441,-0.015,0.800,-0.611,0.936,0.045,0.192,119.606,-3.673,1.007,0.957,1,1,3.257
1778180200455,-0.124,0.902,-0.519,0.794,0.129,0.313,119.635,-2.678,1.048,0.863,1,1,3.340
1778180200469,-0.015,0.945,-0.453,0.740,0.173,0.361,119.251,-2.345,1.048,0.841,1,1,3.244
1778180200485,0.196,0.752,-0.988,0.671,-0.052,0.349,121.484,-2.976,1.256,0.758,1,1,6.306
1778180200498,-0.044,0.795,-0.594,0.232,0.005,0.091,121.987,-2.453,0.993,0.249,1,1,3.910
1778180200512,0.118,0.925,-0.472,0.154,-0.021,0.049,121.519,-2.838,1.045,0.163,1,1,3.258
1778180200526,-0.027,0.878,-0.540,0.100,-0.021,0.062,121.525,-2.424,1.032,0.119,1,1,3.248
1778180200539,0.162,0.938,-0.469,0.085,-0.055,0.009,121.056,-3.030,1.061,0.102,1,1,3.252
1778180200552,0.163,0.920,-0.498,0.090,-0.078,-0.059,120.805,-3.583,1.059,0.133,1,1,3.337
1778180200566,0.067,0.914,-0.492,0.071,-0.084,-0.061,120.567,-3.593,1.040,0.125,1,1,3.890
1778180200580,0.045,0.965,-0.489,0.070,-0.067,-0.040,120.214,-3.477,1.082,0.105,1,1,3.258
1778180200593,0.040,0.945,-0.500,0.067,-0.041,-0.014,119.993,-3.351,1.070,0.080,1,1,3.257
1778180200607,0.022,0.943,-0.497,0.065,-0.018,0.022,119.783,-3.145,1.067,0.071,1,1,3.276
1778180200620,0.072,0.927,-0.487,0.063,-0.005,0.052,119.588,-3.221,1.050,0.081,1,1,3.505
1778180200634,0.086,0.909,-0.498,0.059,0.004,0.050,119.506,-3.366,1.040,0.078,1,1,3.834
1778180200647,0.109,0.927,-0.503,0.060,0.013,0.006,119.410,-3.605,1.060,0.061,1,1,3.260
1778180200662,0.099,0.906,-0.511,0.041,-0.016,-0.009,119.411,-3.781,1.045,0.045,1,1,4.516
1778180200675,0.028,0.929,-0.509,0.033,-0.012,-0.004,119.346,-3.564,1.059,0.035,1,1,3.240
1778180200689,0.043,0.932,-0.498,0.021,-0.009,0.010,119.231,-3.446,1.058,0.025,1,1,3.263
1778180200702,0.031,0.933,-0.497,0.017,0.004,0.035,119.117,-3.278,1.057,0.039,1,1,3.827
1778180200716,0.027,0.940,-0.494,0.020,0.018,0.064,118.983,-3.106,1.063,0.069,1,1,3.246
1778180200730,0.053,0.912,-0.511,0.018,0.027,0.072,119.012,-3.089,1.047,0.079,1,1,3.262
1778180200744,0.074,0.925,-0.499,0.023,0.027,0.071,118.946,-3.181,1.053,0.079,1,1,3.258
1778180200757,0.106,0.922,-0.493,0.023,0.019,0.042,118.872,-3.431,1.051,0.052,1,1,3.280
1778180200770,0.121,0.921,-0.500,0.028,0.007,0.005,118.835,-3.732,1.055,0.029,1,1,3.854
1778180200784,0.096,0.910,-0.499,0.023,-0.005,-0.037,118.827,-3.882,1.042,0.044,1,1,3.245
1778180200799,0.100,0.921,-0.495,0.019,-0.017,-0.065,118.772,-4.033,1.050,0.070,1,1,4.470
1778180200812,0.082,0.933,-0.493,0.016,-0.020,-0.079,118.684,-4.072,1.058,0.083,1,1,3.257
1778180200826,0.058,0.931,-0.508,0.018,-0.018,-0.076,118.677,-3.982,1.063,0.080,1,1,3.267
1778180200839,0.034,0.935,-0.508,0.018,-0.012,-0.060,118.661,-3.779,1.064,0.064,1,1,3.854
1778180200853,0.071,0.933,-0.495,0.027,-0.009,-0.047,118.595,-3.785,1.059,0.055,1,1,3.251
1778180200868,0.070,0.929,-0.511,0.032,-0.012,-0.047,118.615,-3.784,1.063,0.058,1,1,4.554
1778180200881,0.090,0.936,-0.498,0.039,-0.021,-0.056,118.557,-3.886,1.064,0.072,1,1,3.259
1778180200894,0.090,0.921,-0.500,0.041,-0.035,-0.074,118.552,-3.981,1.052,0.092,1,1,3.283
1778180200908,0.093,0.921,-0.499,0.048,-0.048,-0.091,118.544,-4.083,1.052,0.114,1,1,3.858
1778180200922,0.083,0.934,-0.487,0.063,-0.070,-0.102,118.447,-4.122,1.057,0.139,1,1,3.254
1778180200936,0.083,0.931,-0.494,0.083,-0.091,-0.117,118.400,-4.159,1.057,0.170,1,1,4.266
1778180200949,0.042,0.909,-0.527,0.086,-0.100,-0.112,118.560,-3.979,1.051,0.173,1,1,3.269
1778180200963,0.046,0.937,-0.500,0.100,-0.108,-0.093,118.514,-3.836,1.063,0.174,1,1,3.255
1778180200976,0.017,0.926,-0.518,0.106,-0.110,-0.083,118.581,-3.560,1.061,0.173,1,1,3.847
1778180200990,0.013,0.922,-0.520,0.102,-0.098,-0.050,118.662,-3.289,1.059,0.150,1,1,3.249
1778180201004,0.013,0.928,-0.523,0.104,-0.075,-0.018,118.730,-3.042,1.065,0.130,1,1,3.951
1778180201018,0.010,0.983,-0.531,0.113,-0.048,0.007,118.695,-2.804,1.117,0.123,1,1,3.243
1778180201031,0.012,0.955,-0.538,0.114,-0.025,0.052,118.761,-2.599,1.096,0.128,1,1,3.257
1778180201044,-0.008,0.976,-0.516,0.122,-0.003,0.090,118.675,-2.315,1.103,0.151,2,2,3.862
1778180201058,-0.003,0.961,-0.546,0.141,0.013,0.184,118.763,-2.078,1.106,0.232,2,2,3.253
1778180201072,-0.036,1.130,-0.523,0.211,0.030,0.270,118.391,-1.723,1.245,0.344,2,2,3.264
1778180201085,-0.013,1.225,-0.516,0.371,0.068,0.241,117.862,-1.504,1.329,0.447,2,2,3.248
1778180201098,0.079,1.056,-0.540,0.394,0.066,0.271,117.786,-1.722,1.189,0.483,2,2,3.264
1778180201112,0.079,1.081,-0.552,0.478,0.066,0.316,117.715,-1.910,1.216,0.577,4,4,3.851
1778180201126,0.032,1.101,-0.588,0.514,0.029,0.223,117.753,-1.869,1.248,0.562,4,4,3.243
1778180201139,0.085,1.382,-0.582,0.609,0.072,0.270,117.284,-2.001,1.502,0.670,4,4,3.268
1778180201152,0.080,1.567,-0.542,0.887,0.065,0.224,116.503,-2.073,1.660,0.917,4,4,3.305
1778180201166,0.153,1.299,-0.570,1.001,0.038,0.213,116.236,-2.460,1.427,1.025,4,4,3.249
1778180201179,0.163,1.406,-0.537,1.178,0.005,0.204,115.728,-2.814,1.513,1.196,4,4,3.856
1778180201193,0.164,1.411,-0.519,1.369,-0.040,0.214,115.202,-3.139,1.513,1.386,4,4,3.248
1778180201206,0.144,1.488,-0.521,1.584,-0.064,0.233,114.642,-3.336,1.583,1.603,4,4,3.263
1778180201220,0.261,1.564,-0.483,1.849,-0.143,0.232,113.929,-3.879,1.658,1.869,4,4,3.253
1778180201233,0.278,1.653,-0.435,2.160,-0.186,0.163,113.055,-4.388,1.731,2.174,4,4,3.243
1778180201246,0.336,1.696,-0.408,2.501,-0.272,0.092,112.148,-5.008,1.776,2.518,4,4,3.870
1778180201260,0.325,1.984,-0.456,2.501,-0.396,0.043,111.272,-5.395,2.062,2.533,4,4,3.251
1778180201274,0.240,2.059,-0.586,2.501,-0.422,0.011,110.759,-5.490,2.154,2.537,4,4,3.258
1778180201287,0.164,2.212,-0.698,2.501,-0.380,0.009,110.449,-5.352,2.325,2.530,4,4,3.261
1778180201300,0.183,1.914,-0.814,2.501,-0.392,0.111,110.696,-5.322,2.088,2.534,4,4,3.244
1778180201314,0.243,1.704,-0.945,2.501,-0.378,0.235,111.488,-5.494,1.963,2.541,4,4,3.884
1778180201328,0.236,1.971,-0.746,2.501,-0.336,0.722,111.416,-5.578,2.121,2.625,4,4,3.253
1778180201341,0.072,1.968,-0.353,2.501,-0.404,1.352,110.345,-5.243,2.001,2.872,4,4,3.257
1778180201355,0.341,-0.077,0.522,2.501,-0.581,1.500,99.049,-7.874,0.628,2.974,4,4,3.618
1778180201368,-0.058,-1.562,0.271,2.216,-0.728,0.967,82.003,-6.926,1.586,2.525,4,4,3.241
1778180201382,-0.195,0.383,-0.517,1.060,-0.538,0.567,87.846,-4.664,0.672,1.317,4,4,3.870
1778180201395,-0.272,-0.189,0.023,0.051,-0.237,0.038,71.602,1.019,0.332,0.245,4,4,3.251
1778180201409,-0.254,0.403,-0.088,-0.575,0.021,-0.295,74.520,3.937,0.484,0.646,4,4,3.253
1778180201422,-0.106,0.603,-0.033,-0.795,0.158,-0.467,76.291,4.512,0.613,0.935,4,4,3.251
1778180201436,-0.033,0.458,0.029,-0.996,0.217,-0.425,77.247,4.470,0.461,1.104,4,4,3.253
1778180201449,-0.036,0.429,0.003,-1.205,0.260,-0.268,78.426,4.506,0.431,1.262,4,4,3.873
1778180201463,-0.055,0.278,0.016,-1.517,0.295,-0.145,79.221,5.134,0.284,1.552,4,4,3.255
1778180201476,-0.049,0.123,0.019,-1.956,0.310,-0.190,79.406,6.699,0.133,1.990,4,4,3.249
1778180201490,-0.028,0.106,0.045,-2.478,0.285,-0.384,78.233,7.363,0.119,2.524,4,4,3.278
1778180201503,0.007,0.353,0.005,-2.501,0.228,-0.528,79.269,6.561,0.353,2.567,4,4,3.245
1778180201516,0.066,0.621,-0.070,-2.501,0.155,-0.507,80.900,5.362,0.628,2.557,4,4,3.864
1778180201530,0.119,0.854,-0.196,-2.501,0.087,-0.325,82.995,4.116,0.885,2.524,4,4,3.257
1778180201544,0.135,0.931,-0.302,-2.501,0.038,-0.129,85.371,2.977,0.988,2.505,4,4,3.251
1778180201557,0.136,0.971,-0.404,-2.501,0.011,-0.051,87.959,1.993,1.060,2.502,4,4,3.721
1778180201571,0.140,0.999,-0.479,-2.501,-0.007,-0.093,90.592,1.119,1.117,2.503,4,4,3.252
1778180201584,0.145,1.147,-0.571,-2.501,-0.014,-0.155,93.052,0.401,1.290,2.506,5,5,3.863
1778180201598,0.170,1.277,-0.653,-2.501,-0.003,-0.184,95.337,-0.281,1.445,2.508,5,5,3.256
1778180201611,0.167,1.338,-0.708,-2.501,0.042,-0.191,97.481,-0.852,1.523,2.509,5,5,3.243
1778180201625,0.171,1.392,-0.763,-2.501,0.122,-0.230,99.501,-1.355,1.596,2.515,5,5,3.282
1778180201638,0.213,1.426,-0.854,-2.501,0.219,-0.295,101.537,-1.922,1.676,2.528,5,5,3.248
1778180201651,0.239,1.380,-0.966,-2.501,0.321,-0.243,103.767,-2.507,1.701,2.534,5,5,3.850
1778180201665,0.273,1.404,-1.093,-2.501,0.445,-0.035,106.061,-3.099,1.800,2.541,5,5,3.273
1778180201679,0.308,1.494,-1.267,-2.501,0.551,0.257,108.365,-3.653,1.983,2.574,5,5,3.284
1778180201692,0.304,1.690,-1.567,-2.501,0.612,0.555,110.694,-4.021,2.325,2.634,5,5,3.263
1778180201706,0.245,1.919,-1.939,-2.501,0.625,0.800,113.033,-4.126,2.739,2.699,5,5,3.252
1778180201719,0.009,1.744,-2.340,-2.262,0.617,0.928,115.913,-3.750,2.918,2.522,5,5,3.852
1778180201733,-0.233,1.284,-2.624,-1.774,0.624,0.674,119.529,-2.959,2.930,1.997,5,5,3.277
1778180201746,-0.301,0.984,-2.703,-1.251,0.598,-0.008,123.379,-2.110,2.893,1.387,5,5,3.241
1778180201760,-0.162,0.632,-2.746,-0.704,0.524,-0.509,127.533,-1.596,2.823,1.014,5,5,3.318
1778180201773,-0.038,0.301,-2.780,-0.275,0.415,-0.430,131.937,-1.371,2.797,0.658,5,5,3.252
1778180201786,-0.086,0.344,-2.943,-0.267,0.655,-1.051,135.875,-1.083,2.965,1.266,5,5,3.848
1778180201800,2.231,1.232,-1.825,2.501,-0.736,-0.202,136.836,-5.296,3.135,2.615,5,5,3.262
1778180201814,-0.593,1.291,-0.144,2.213,-0.805,-0.270,132.985,-2.458,1.427,2.371,5,5,3.248
1778180201827,-0.065,1.387,0.191,2.501,-0.657,-0.379,128.151,-1.971,1.402,2.614,5,5,3.248
1778180201840,-0.165,0.714,-0.581,2.501,-0.402,-0.487,128.242,-0.815,0.935,2.580,5,5,3.270
1778180201854,-0.184,0.250,-1.395,2.120,-0.130,-0.384,132.198,-0.033,1.429,2.158,1,1,3.849
1778180201868,0.216,0.604,-0.920,1.291,-0.196,-0.362,133.580,-1.086,1.122,1.355,1,1,3.258
1778180201881,-0.252,0.777,-0.649,0.895,-0.060,-0.080,133.228,0.348,1.044,0.901,1,1,3.243
1778180201894,-0.155,0.963,-0.421,0.825,0.071,0.041,131.361,1.114,1.063,0.829,1,1,3.269
1778180201908,0.364,0.515,-0.631,0.352,-0.144,-0.060,132.257,-1.282,0.892,0.385,1,1,3.266
1778180201921,0.086,0.767,-0.567,0.195,-0.007,0.042,131.707,-1.653,0.957,0.199,1,1,3.875
1778180201935,0.094,0.935,-0.481,0.156,-0.040,0.064,130.332,-1.979,1.055,0.173,1,1,3.254
1778180201949,-0.045,0.943,-0.518,0.130,0.016,0.134,129.233,-1.563,1.076,0.188,1,1,3.269
1778180201962,0.092,0.972,-0.485,0.135,0.009,0.087,128.022,-1.875,1.090,0.161,1,1,3.259
1778180201975,0.089,0.936,-0.508,0.111,-0.003,0.000,127.116,-2.152,1.069,0.111,1,1,3.262
1778180201989,0.118,0.930,-0.502,0.088,-0.040,-0.040,126.282,-2.555,1.063,0.105,1,1,3.888
1778180202003,0.044,0.935,-0.515,0.080,-0.085,-0.072,125.575,-2.535,1.068,0.137,1,1,3.243
1778180202016,0.008,0.947,-0.513,0.077,-0.076,-0.056,124.895,-2.334,1.077,0.122,1,1,3.263
1778180202029,-0.049,0.934,-0.519,0.078,-0.046,-0.003,124.339,-1.864,1.069,0.090,1,1,3.244
1778180202043,-0.048,0.935,-0.529,0.062,0.008,0.057,123.880,-1.443,1.076,0.085,1,1,3.295
1778180202056,-0.049,0.919,-0.513,0.051,0.056,0.114,123.433,-1.054,1.054,0.137,1,1,3.820
1778180202070,0.024,0.921,-0.496,0.050,0.073,0.136,122.944,-1.081,1.046,0.162,1,1,3.247
1778180202084,0.067,0.903,-0.500,0.032,0.068,0.119,122.568,-1.332,1.034,0.141,1,1,4.058
1778180202099,0.100,0.878,-0.494,0.021,0.054,0.086,122.261,-1.745,1.013,0.104,1,1,3.245
1778180202112,0.088,0.891,-0.507,0.008,0.038,0.050,122.013,-2.048,1.029,0.063,1,1,3.242
1778180202125,0.085,0.915,-0.498,0.009,0.024,0.029,121.683,-2.296,1.045,0.038,1,1,3.833
1778180202139,0.092,0.894,-0.510,0.006,0.008,-0.002,121.493,-2.562,1.033,0.010,1,1,3.245
1778180202154,0.062,0.916,-0.496,0.009,0.003,-0.012,121.202,-2.641,1.044,0.015,1,1,4.144
1778180202167,0.035,0.914,-0.524,0.007,0.007,-0.006,121.073,-2.569,1.054,0.011,1,1,3.281
1778180202180,0.039,0.912,-0.504,0.007,0.008,-0.000,120.867,-2.530,1.042,0.011,1,1,3.244
1778180202195,0.056,0.907,-0.510,0.000,0.004,-0.003,120.721,-2.584,1.042,0.005,1,1,5.155
1778180202209,0.035,0.922,-0.512,0.004,-0.005,0.000,120.560,-2.521,1.055,0.006,1,1,3.244
1778180202222,0.013,0.931,-0.509,0.019,-0.008,0.014,120.379,-2.350,1.061,0.025,1,1,3.249
1778180202236,0.055,0.928,-0.512,0.025,-0.014,0.017,120.235,-2.407,1.062,0.034,1,1,3.263
1778180202249,0.027,0.936,-0.509,0.035,-0.012,0.038,120.074,-2.317,1.066,0.053,1,1,3.249
1778180202263,0.046,0.927,-0.516,0.042,-0.008,0.046,119.983,-2.334,1.062,0.063,5,5,4.679
1778180202277,0.034,0.933,-0.517,0.045,-0.002,0.066,119.889,-2.287,1.067,0.080,5,5,3.263
1778180202293,0.020,0.957,-0.517,0.058,0.001,0.092,119.745,-2.171,1.087,0.109,5,5,3.299
1778180202307,0.028,0.946,-0.521,0.074,0.005,0.110,119.661,-2.108,1.081,0.132,5,5,3.258
1778180202320,0.023,1.013,-0.514,0.111,0.016,0.125,119.399,-2.017,1.137,0.168,5,5,3.303
1778180202333,0.008,1.075,-0.477,0.180,0.030,0.120,118.880,-1.860,1.176,0.218,5,5,3.876
1778180202347,0.055,1.020,-0.510,0.226,0.042,0.137,118.661,-1.945,1.142,0.268,5,5,3.285
1778180202361,0.026,1.035,-0.532,0.284,0.048,0.157,118.522,-1.881,1.164,0.328,5,5,3.247
1778180202374,0.040,1.073,-0.525,0.350,0.065,0.186,118.291,-1.885,1.195,0.402,5,5,3.253
1778180202389,0.056,1.069,-0.544,0.443,0.074,0.205,118.166,-1.958,1.201,0.494,5,5,3.253
1778180202403,0.091,1.176,-0.529,0.538,0.053,0.254,117.791,-2.155,1.292,0.597,5,5,3.890
1778180202417,0.067,1.327,-0.563,0.691,0.127,0.430,117.334,-2.203,1.443,0.824,5,5,3.252
1778180202430,0.159,1.630,-0.581,0.836,0.067,0.207,116.598,-2.494,1.738,0.863,5,5,3.248
1778180202443,0.147,1.459,-0.534,1.110,0.088,0.264,115.982,-2.770,1.561,1.144,5,5,3.261
1778180202457,0.136,1.457,-0.533,1.273,0.034,0.258,115.423,-2.982,1.558,1.299,5,5,3.250
1778180202470,0.168,1.593,-0.516,1.526,0.005,0.282,114.713,-3.244,1.683,1.552,4,4,4.207
1778180202485,0.226,1.647,-0.496,1.809,-0.040,0.267,113.957,-3.646,1.735,1.829,4,4,3.298
1778180202499,0.303,1.762,-0.457,2.135,-0.097,0.209,113.060,-4.199,1.845,2.148,4,4,3.283
1778180202512,0.315,1.905,-0.435,2.501,-0.167,0.140,112.090,-4.670,1.980,2.511,4,4,3.259
1778180202525,0.311,2.276,-0.397,2.501,-0.296,0.078,110.930,-4.954,2.331,2.520,4,4,3.292
1778180202539,0.353,2.292,-0.448,2.501,-0.394,-0.043,109.990,-5.299,2.362,2.532,4,4,3.890
1778180202556,0.420,2.450,-0.604,2.501,-0.459,-0.166,109.405,-5.695,2.558,2.548,4,4,6.395
1778180202569,0.240,2.264,-0.686,2.501,-0.449,-0.036,109.163,-5.704,2.378,2.541,4,4,3.256
1778180202583,0.475,2.044,-0.816,2.501,-0.570,-0.152,109.410,-6.320,2.252,2.570,4,4,3.263
1778180202596,0.312,2.479,-0.489,2.501,-0.532,0.231,108.625,-6.390,2.546,2.568,4,4,3.295
1778180202609,0.290,2.299,0.185,2.501,-0.610,0.799,106.416,-6.463,2.324,2.696,4,4,3.855
1778180202627,0.529,1.541,1.102,2.501,-0.937,0.754,101.471,-7.334,1.967,2.776,4,4,6.909
1778180202640,0.317,-1.553,-0.236,2.501,-1.170,-0.066,82.436,-7.721,1.602,2.762,4,4,3.243
1778180202654,-0.020,-0.408,-0.008,1.943,-1.076,-0.580,65.922,-6.720,0.409,2.296,4,4,3.268
1778180202668,-0.462,-0.416,0.013,0.692,-0.766,-0.609,51.262,-1.518,0.622,1.198,4,4,3.276
1778180202682,-0.339,-0.416,0.193,-0.401,-0.403,-0.516,40.196,2.092,0.570,0.768,4,4,3.897
1778180202697,-0.443,-0.236,0.217,-1.402,0.009,-0.411,31.860,7.043,0.547,1.460,4,4,4.331
1778180202710,-0.378,-0.096,0.263,-2.110,0.308,-0.445,26.912,11.464,0.471,2.178,4,4,3.239
1778180202723,-0.321,-0.066,0.267,-2.501,0.539,-0.573,23.031,15.077,0.422,2.622,4,4,3.261
1778180202737,-0.215,0.017,0.296,-2.501,0.684,-0.708,21.154,17.058,0.366,2.688,4,4,3.252
1778180202750,-0.056,0.236,0.267,-2.501,0.692,-0.778,23.079,16.283,0.361,2.710,4,4,3.843
1778180202765,0.143,0.771,0.170,-2.501,0.578,-0.723,28.264,13.759,0.802,2.667,4,4,3.911
1778180202778,0.384,0.977,0.024,-2.501,0.397,-0.626,34.002,10.408,1.050,2.609,4,4,3.253
1778180202794,0.373,1.064,-0.130,-2.501,0.147,-0.215,39.992,7.593,1.135,2.515,4,4,5.773
1778180202807,0.399,0.955,-0.252,-2.501,-0.079,0.046,46.157,4.778,1.065,2.503,4,4,3.255
1778180202821,0.400,0.857,-0.292,-2.501,-0.276,-0.084,52.114,2.055,0.990,2.518,4,4,3.846
1778180202835,0.353,1.009,-0.332,-2.501,-0.447,-0.287,57.450,0.109,1.119,2.557,4,4,3.259
1778180202848,0.283,1.322,-0.455,-2.501,-0.495,-0.302,62.353,-0.990,1.427,2.568,4,4,3.257
1778180202861,0.270,1.563,-0.595,-2.501,-0.428,-0.181,66.967,-1.769,1.694,2.544,4,4,3.246
1778180202875,0.301,1.482,-0.677,-2.501,-0.299,-0.077,71.493,-2.597,1.657,2.520,4,4,3.312
1778180202888,0.313,1.418,-0.762,-2.501,-0.138,-0.009,75.942,-3.398,1.640,2.505,5,5,3.823
1778180202906,0.343,1.531,-0.930,-2.501,0.119,0.203,80.255,-4.106,1.824,2.512,5,5,6.852
1778180202919,0.386,1.830,-1.176,-2.501,0.360,0.560,84.295,-4.673,2.210,2.589,5,5,3.248
1778180202932,0.365,2.036,-1.528,-2.501,0.588,1.042,88.346,-5.004,2.572,2.773,5,5,3.236
1778180202946,0.222,2.081,-1.944,-2.501,0.752,1.415,92.599,-4.953,2.856,2.971,5,5,3.259
1778180202959,-0.133,1.969,-2.360,-2.501,0.900,1.602,97.122,-4.246,3.076,3.104,5,5,3.886
1778180202973,-0.466,1.819,-2.874,-2.463,1.021,1.445,101.930,-3.100,3.433,3.033,5,5,3.263
1778180202989,-0.200,1.299,-3.023,-1.471,0.909,0.203,107.145,-2.474,3.297,1.741,5,5,3.262
1778180203003,0.264,0.578,-3.283,-0.841,0.430,-0.470,113.126,-2.670,3.344,1.055,5,5,3.258
1778180203017,0.339,0.580,-3.340,-0.147,-0.003,-0.149,118.550,-2.959,3.407,0.210,5,5,4.044
1778180203030,-0.244,0.626,-3.222,0.121,0.527,-0.954,123.349,-2.274,3.291,1.096,1,1,3.841
1778180203045,1.320,1.576,1.719,2.225,-0.524,-0.860,115.660,-4.865,2.680,2.442,1,1,3.268
1778180203058,-0.589,1.506,0.964,2.501,-0.413,-0.438,110.114,-2.666,1.883,2.573,1,1,3.258
1778180203072,0.020,1.148,-0.135,2.501,-0.457,-0.579,108.841,-2.507,1.156,2.608,1,1,3.272
1778180203085,-0.368,1.115,-0.448,2.501,-0.408,-0.438,109.133,-0.650,1.257,2.572,1,1,3.256
1778180203099,0.071,0.424,-1.019,2.501,-0.232,-0.329,113.724,-0.936,1.106,2.534,1,1,3.867
1778180203113,0.094,0.692,-0.886,1.766,-0.157,-0.262,116.414,-1.299,1.128,1.793,1,1,3.244
1778180203129,-0.185,0.733,-0.782,1.254,0.053,-0.071,118.358,-0.247,1.088,1.257,1,1,4.296
1778180203142,0.153,-0.366,-1.621,0.533,-0.044,0.014,91.189,-0.725,1.669,0.535,1,1,3.243
1778180203155,-0.339,0.640,-0.786,0.270,0.004,0.051,95.913,1.103,1.068,0.275,1,1,3.251
1778180203169,-0.088,0.936,-0.561,0.168,0.028,0.136,98.294,1.435,1.095,0.218,1,1,3.823
1778180203183,-0.060,0.938,-0.505,0.121,0.070,0.224,100.194,1.607,1.067,0.264,1,1,3.251
1778180203196,0.187,0.951,-0.521,0.109,0.073,0.130,101.954,0.522,1.100,0.185,1,1,3.275
1778180203209,0.119,0.901,-0.521,0.091,0.057,0.118,103.674,-0.148,1.047,0.159,1,1,3.244
1778180203223,0.106,0.900,-0.505,0.072,0.031,0.066,105.157,-0.693,1.038,0.102,1,1,3.244
1778180203236,0.068,0.928,-0.495,0.060,0.014,0.040,106.387,-0.978,1.054,0.074,1,1,3.897
1778180203250,0.081,0.922,-0.493,0.035,0.027,0.031,107.507,-1.308,1.049,0.054,1,1,3.251
1778180203267,-0.030,0.943,-0.515,0.038,0.047,0.082,108.565,-1.034,1.075,0.102,1,1,6.622
1778180203280,-0.064,0.982,-0.501,0.047,0.096,0.166,109.369,-0.621,1.104,0.198,1,1,3.252
1778180203294,0.056,0.938,-0.491,0.041,0.121,0.176,110.155,-0.852,1.061,0.217,1,1,3.251
1778180203309,0.025,0.923,-0.503,0.053,0.103,0.135,110.958,-0.899,1.051,0.178,1,1,3.900
1778180203323,0.088,0.894,-0.503,0.043,0.082,0.107,111.759,-1.279,1.030,0.141,1,1,3.260
1778180203338,0.118,0.898,-0.479,0.025,0.069,0.065,112.360,-1.786,1.025,0.098,1,1,5.392
1778180203351,0.141,0.889,-0.501,0.022,0.039,0.014,113.030,-2.362,1.030,0.048,1,1,3.267
1778180203365,0.115,0.903,-0.507,0.015,0.017,-0.017,113.629,-2.740,1.042,0.028,1,1,3.246
1778180203382,0.081,0.917,-0.495,0.009,0.006,-0.037,114.080,-2.904,1.045,0.038,1,1,4.366
1778180203396,0.095,0.950,-0.483,0.014,-0.006,-0.038,114.353,-3.114,1.070,0.041,1,1,3.253
1778180203409,0.096,0.923,-0.497,0.012,-0.016,-0.036,114.729,-3.315,1.053,0.041,1,1,3.242
1778180203422,0.098,0.949,-0.500,0.030,-0.024,-0.034,115.018,-3.497,1.077,0.051,1,1,3.266
1778180203436,0.104,0.953,-0.494,0.055,-0.045,-0.036,115.242,-3.693,1.079,0.080,1,1,3.246
1778180203452,0.078,0.939,-0.495,0.071,-0.066,-0.013,115.485,-3.742,1.064,0.098,1,1,6.897
1778180203469,0.062,0.986,-0.510,0.101,-0.085,0.035,115.660,-3.691,1.112,0.136,1,1,3.252
1778180203483,0.019,1.008,-0.506,0.135,-0.084,0.075,115.756,-3.430,1.128,0.176,1,1,3.249
1778180203496,0.055,1.066,-0.498,0.229,-0.061,0.022,115.688,-3.360,1.178,0.238,1,1,3.271
1778180203509,0.029,0.971,-0.519,0.246,-0.048,0.052,115.918,-3.184,1.102,0.256,1,1,3.248
1778180203524,0.022,0.940,-0.525,0.276,-0.026,0.083,116.231,-2.993,1.077,0.290,1,1,5.341
1778180203538,0.017,0.985,-0.537,0.303,0.001,0.131,116.454,-2.790,1.122,0.330,1,1,3.289
1778180203552,-0.012,0.989,-0.548,0.346,0.035,0.182,116.695,-2.467,1.130,0.393,1,1,3.264
1778180203565,0.023,1.072,-0.536,0.401,0.060,0.233,116.681,-2.335,1.199,0.468,1,1,3.258
1778180203581,0.048,1.111,-0.567,0.485,0.017,0.258,116.714,-2.322,1.249,0.550,1,1,5.987
1778180203594,0.109,1.337,-0.585,0.639,0.067,0.371,116.422,-2.506,1.463,0.742,4,4,3.857
1778180203608,0.142,1.714,-0.546,0.858,0.041,0.181,115.589,-2.697,1.804,0.878,4,4,3.259
1778180203622,0.186,1.372,-0.525,1.060,0.025,0.208,115.146,-3.128,1.480,1.080,4,4,3.247
1778180203635,0.134,1.492,-0.519,1.228,0.010,0.219,114.578,-3.291,1.585,1.247,4,4,3.276
1778180203651,0.189,1.596,-0.545,1.507,-0.021,0.238,114.033,-3.585,1.697,1.526,4,4,3.266
1778180203665,0.273,1.738,-0.479,1.784,-0.094,0.268,113.215,-4.064,1.823,1.806,4,4,3.846
1778180203679,0.255,1.830,-0.413,2.170,-0.125,0.231,112.217,-4.413,1.893,2.185,4,4,3.310
1778180203693,0.271,2.019,-0.389,2.501,-0.213,0.188,111.141,-4.706,2.073,2.517,4,4,3.276
1778180203706,0.328,2.193,-0.346,2.501,-0.311,0.133,109.984,-5.057,2.244,2.524,4,4,3.247
1778180203719,0.234,2.428,-0.423,2.501,-0.362,0.065,109.024,-5.091,2.476,2.528,4,4,3.260
1778180203733,0.342,2.633,-0.600,2.501,-0.381,-0.095,108.434,-5.294,2.722,2.532,4,4,3.849
1778180203747,0.313,2.625,-0.703,2.501,-0.320,-0.087,108.107,-5.415,2.735,2.523,4,4,3.274
1778180203763,0.246,2.235,-0.919,2.501,-0.375,-0.150,108.511,-5.453,2.429,2.534,4,4,3.256
1778180203777,0.128,2.825,-0.375,2.501,-0.293,0.233,107.469,-5.179,2.853,2.529,4,4,3.253
1778180203791,0.248,1.743,0.610,2.501,-0.390,1.123,103.972,-5.414,1.864,2.770,4,4,3.290
1778180203804,1.292,-0.108,1.221,2.501,-0.747,0.668,93.599,-9.324,1.781,2.695,4,4,3.842
1778180203822,0.037,-0.198,-0.144,2.501,-0.679,0.429,72.712,-9.255,0.248,2.627,4,4,7.080
1778180203835,-0.216,0.031,-0.091,1.493,-0.506,0.242,81.147,-2.088,0.236,1.595,4,4,3.254
1778180203849,-0.424,-0.165,0.038,0.618,-0.192,-0.059,66.101,4.596,0.456,0.650,4,4,3.254
1778180203862,-0.343,-0.031,0.044,-0.091,0.080,-0.407,56.470,11.878,0.347,0.425,4,4,3.261
1778180203875,-0.280,-0.029,0.136,-0.694,0.289,-0.682,49.963,16.797,0.313,1.015,4,4,3.859
1778180203889,-0.228,-0.041,0.181,-1.272,0.428,-0.871,44.005,20.029,0.294,1.600,4,4,3.258
1778180203905,-0.105,-0.152,0.207,-1.890,0.444,-1.060,36.374,20.236,0.277,2.212,4,4,5.494
1778180203918,0.107,-0.216,0.258,-2.501,0.286,-1.238,29.115,16.634,0.353,2.806,4,4,3.250
1778180203932,0.183,-0.098,0.260,-2.501,0.065,-1.215,24.378,11.880,0.333,2.782,4,4,3.249
1778180203945,0.300,0.202,0.234,-2.501,-0.177,-1.035,25.938,6.556,0.431,2.713,4,4,3.860
1778180203959,0.484,0.726,0.093,-2.501,-0.441,-0.636,31.338,2.747,0.878,2.618,4,4,3.245
1778180203972,0.385,1.099,-0.151,-2.501,-0.614,-0.077,37.662,0.665,1.174,2.577,4,4,3.253
1778180203986,0.380,1.052,-0.320,-2.501,-0.733,0.130,44.250,-1.212,1.163,2.610,4,4,3.252
1778180203999,0.356,1.047,-0.475,-2.501,-0.818,-0.064,50.925,-2.733,1.204,2.632,4,4,3.272
1778180204013,0.333,1.029,-0.579,-2.501,-0.886,-0.331,57.435,-3.970,1.227,2.674,5,5,4.566
1778180204027,0.292,1.023,-0.684,-2.501,-0.896,-0.417,63.744,-4.862,1.265,2.690,5,5,3.251
1778180204041,0.314,1.239,-0.757,-2.501,-0.798,-0.272,69.230,-5.560,1.485,2.640,5,5,3.251
1778180204054,0.363,1.413,-0.838,-2.501,-0.641,0.000,74.123,-6.217,1.682,2.582,5,5,3.254
1778180204067,0.381,1.423,-0.959,-2.501,-0.440,0.254,78.865,-6.818,1.758,2.552,5,5,3.252
1778180204083,0.372,1.417,-1.108,-2.501,-0.131,0.368,83.542,-7.280,1.837,2.532,5,5,6.284
1778180204097,0.313,1.469,-1.341,-2.501,0.204,0.494,88.189,-7.438,2.014,2.558,5,5,3.273
1778180204110,0.338,1.593,-1.564,-2.501,0.528,0.824,92.593,-7.549,2.258,2.686,5,5,3.257
1778180204125,0.212,1.739,-1.895,-2.501,0.858,1.403,96.860,-7.279,2.581,2.994,5,5,3.281
1778180204139,-0.128,1.669,-2.189,-2.501,1.145,1.780,101.218,-6.334,2.756,3.277,5,5,3.259
1778180204152,-0.592,1.297,-2.488,-2.289,1.313,1.655,106.093,-4.598,2.868,3.115,5,5,3.880
1778180204167,-0.893,1.018,-2.772,-1.923,1.267,0.883,111.205,-2.560,3.086,2.467,5,5,3.272
1778180204180,-0.408,0.936,-2.747,-1.347,0.991,-0.488,115.959,-1.556,2.931,1.742,5,5,3.284
1778180204194,0.368,0.428,-2.972,-0.774,0.436,-1.165,121.271,-2.073,3.026,1.465,5,5,3.250
1778180204207,0.667,0.415,-3.069,-0.236,-0.051,-0.502,126.124,-3.033,3.168,0.557,5,5,3.260
1778180204221,0.016,0.373,-2.950,0.323,-0.196,0.709,130.563,-2.774,2.973,0.803,5,5,3.868
1778180204235,-3.718,-4.000,-4.000,0.945,0.809,-1.262,105.301,0.659,6.769,1.772,5,5,3.284
1778180204249,0.364,1.169,-0.020,2.043,0.246,-0.679,103.939,-1.050,1.224,2.167,5,5,3.260
1778180204262,0.449,1.194,0.043,2.501,-0.187,-0.427,102.415,-2.910,1.277,2.544,5,5,3.256
1778180204275,-0.330,1.258,-0.321,2.501,-0.198,-0.126,102.597,-1.277,1.339,2.512,5,5,3.254
1778180204289,0.154,0.136,-1.359,2.402,-0.259,-0.058,109.415,-1.767,1.374,2.417,1,1,3.872
1778180204303,0.050,0.643,-0.851,1.588,-0.222,-0.217,112.601,-1.852,1.068,1.618,1,1,3.730
1778180204317,-0.154,-0.162,-1.153,0.493,-0.370,-0.180,85.528,-0.959,1.175,0.643,1,1,3.259
1778180204330,-1.021,0.662,-0.687,0.246,-0.101,-0.045,90.336,3.599,1.397,0.270,1,1,3.244
1778180204343,-0.120,0.854,-0.632,0.117,-0.013,0.107,93.776,3.868,1.069,0.159,1,1,3.289
1778180204357,-0.071,0.956,-0.473,0.079,0.052,0.211,95.920,3.863,1.068,0.231,1,1,3.871
1778180204371,0.199,0.997,-0.455,0.116,0.041,0.110,97.693,2.516,1.114,0.165,1,1,3.261
1778180204384,0.064,0.912,-0.511,0.097,0.032,0.098,99.743,1.944,1.048,0.141,1,1,3.250
1778180204397,0.026,0.888,-0.537,0.077,0.018,0.073,101.781,1.623,1.038,0.108,1,1,3.272
1778180204411,0.064,0.888,-0.536,0.059,0.012,0.066,103.618,1.134,1.039,0.090,1,1,3.260
1778180204424,0.048,0.927,-0.522,0.068,-0.011,0.050,105.117,0.783,1.065,0.086,1,1,3.899
1778180204438,-0.029,0.931,-0.531,0.059,0.002,0.074,106.503,0.856,1.072,0.094,1,1,3.285
1778180204451,0.021,0.944,-0.509,0.064,0.022,0.092,107.630,0.668,1.072,0.114,1,1,3.254
1778180204465,-0.018,0.991,-0.499,0.071,0.037,0.122,108.494,0.693,1.109,0.146,1,1,3.274
1778180204478,0.041,0.941,-0.534,0.057,0.059,0.148,109.548,0.421,1.083,0.169,1,1,3.272
1778180204492,0.077,0.907,-0.514,0.076,0.031,0.110,110.499,-0.023,1.045,0.138,1,1,3.909
1778180204506,0.039,0.890,-0.506,0.050,0.012,0.092,111.368,-0.228,1.025,0.106,1,1,3.683
1778180204519,0.044,0.872,-0.499,0.001,0.011,0.055,112.166,-0.446,1.005,0.056,1,1,3.250
1778180204533,0.067,1.004,-0.463,0.054,-0.013,0.050,112.414,-0.733,1.107,0.075,1,1,3.292
1778180204546,0.081,0.952,-0.521,0.079,-0.037,0.005,113.013,-1.070,1.088,0.088,1,1,3.252
1778180204560,0.150,1.024,-0.505,0.124,-0.052,-0.068,113.322,-1.679,1.152,0.150,1,1,3.851
1778180204574,0.018,0.968,-0.515,0.176,-0.069,-0.063,113.768,-1.610,1.097,0.200,1,1,3.265
1778180204587,-0.146,1.104,-0.555,0.247,-0.050,0.050,114.046,-0.816,1.245,0.257,1,1,3.281
1778180204600,0.060,0.901,-0.535,0.262,-0.039,0.068,114.678,-1.049,1.050,0.274,1,1,3.252
1778180204614,0.000,0.896,-0.536,0.275,-0.029,0.099,115.269,-0.950,1.044,0.294,1,1,3.251
1778180204627,-0.001,0.909,-0.553,0.277,-0.015,0.138,115.844,-0.852,1.064,0.310,1,1,3.880
1778180204641,0.085,0.986,-0.536,0.292,-0.016,0.183,116.101,-1.181,1.126,0.345,1,1,3.268
1778180204654,0.030,0.961,-0.570,0.318,-0.013,0.202,116.534,-1.213,1.118,0.377,1,1,3.262
1778180204668,-0.035,1.041,-0.588,0.366,0.010,0.189,116.812,-0.940,1.196,0.412,1,1,3.318
1778180204681,-0.028,1.064,-0.556,0.452,0.034,0.153,116.887,-0.722,1.201,0.479,1,1,3.251
1778180204694,-0.033,0.878,-0.596,0.451,0.052,0.183,117.580,-0.484,1.061,0.489,1,1,3.917
1778180204709,-0.033,0.904,-0.615,0.466,0.058,0.198,118.213,-0.272,1.093,0.510,1,1,3.265
1778180204722,-0.016,0.949,-0.608,0.491,0.103,0.223,118.634,-0.170,1.127,0.548,1,1,3.253
1778180204736,0.041,1.107,-0.609,0.567,0.119,0.238,118.651,-0.331,1.264,0.626,1,1,3.267
1778180204749,0.174,1.135,-0.605,0.667,0.076,0.226,118.595,-1.033,1.298,0.708,1,1,3.264
1778180204763,0.223,1.183,-0.599,0.773,0.043,0.197,118.430,-1.843,1.345,0.799,4,4,3.914
1778180204777,0.233,1.258,-0.599,0.898,0.003,0.150,118.149,-2.570,1.413,0.910,4,4,3.259
1778180204790,0.240,1.232,-0.602,1.033,-0.042,0.119,117.950,-3.269,1.392,1.041,4,4,3.262
1778180204803,0.196,1.253,-0.618,1.172,-0.086,0.090,117.790,-3.717,1.411,1.178,4,4,3.244
1778180204817,0.180,1.432,-0.600,1.361,-0.099,0.075,117.309,-3.992,1.563,1.367,4,4,3.287
1778180204830,0.275,1.596,-0.567,1.607,-0.155,0.061,116.572,-4.490,1.716,1.615,4,4,3.886
1778180204844,0.411,1.714,-0.484,1.955,-0.245,-0.010,115.544,-5.300,1.828,1.971,4,4,3.247
1778180204857,0.373,1.914,-0.454,2.378,-0.328,-0.050,114.385,-5.817,2.002,2.401,4,4,3.250
1778180204871,0.301,2.160,-0.520,2.501,-0.442,-0.066,113.351,-5.998,2.242,2.541,4,4,3.266
1778180204884,0.227,2.664,-0.612,2.501,-0.497,-0.018,112.362,-5.879,2.742,2.550,4,4,3.289
1778180204898,0.179,2.758,-0.794,2.501,-0.464,0.077,111.763,-5.660,2.876,2.545,4,4,3.867
1778180204911,0.482,2.253,-0.847,2.501,-0.533,0.162,111.654,-6.198,2.455,2.563,4,4,3.267
1778180204925,0.451,2.119,-1.092,2.501,-0.618,-0.010,112.187,-6.628,2.426,2.577,4,4,3.252
1778180204938,0.109,2.265,-0.607,2.501,-0.633,0.602,111.503,-6.251,2.348,2.650,4,4,3.264
1778180204952,0.653,1.773,0.098,2.501,-0.790,1.015,109.157,-7.576,1.892,2.813,4,4,3.282
1778180204965,0.648,1.625,0.519,2.501,-1.128,1.345,105.649,-8.833,1.825,3.056,4,4,3.832
1778180204979,0.303,-0.204,-0.541,2.501,-1.375,0.805,80.439,-10.622,0.653,2.965,4,4,3.267
1778180204992,-0.058,-0.781,0.073,2.501,-1.208,-0.022,64.737,-9.211,0.787,2.778,4,4,3.255
1778180205006,-0.527,-0.886,0.125,1.197,-0.848,-0.486,50.779,-5.434,1.038,1.545,4,4,3.261
1778180205019,-0.600,-0.341,-0.036,0.081,-0.350,-0.606,36.811,0.816,0.691,0.704,4,4,3.250
1778180205032,-0.545,-0.211,0.155,-0.778,0.180,-0.470,28.191,6.859,0.605,0.926,4,4,3.857
1778180205046,-0.359,-0.029,0.187,-1.463,0.583,-0.263,24.661,12.125,0.406,1.597,4,4,3.311
1778180205060,-0.341,0.071,0.193,-1.927,0.867,-0.103,24.245,16.573,0.398,2.116,4,4,3.245
1778180205073,-0.254,0.069,0.238,-2.332,1.037,-0.050,23.479,19.340,0.355,2.553,4,4,3.267
1778180205086,-0.149,-0.017,0.235,-2.501,1.057,-0.212,20.849,20.572,0.278,2.724,4,4,3.249
1778180205100,0.010,0.039,0.214,-2.501,0.918,-0.542,19.850,18.358,0.218,2.719,4,4,3.848
1778180205114,0.105,0.324,0.105,-2.501,0.679,-0.791,24.810,14.982,0.357,2.710,4,4,3.268
1778180205127,0.373,0.549,0.028,-2.501,0.336,-0.823,30.731,10.312,0.664,2.655,4,4,3.250
1778180205141,0.389,0.912,-0.153,-2.501,0.026,-0.466,37.275,7.160,1.003,2.545,4,4,3.319
1778180205154,0.409,0.958,-0.329,-2.501,-0.222,-0.141,44.093,4.388,1.092,2.515,4,4,3.260
1778180205167,0.268,0.948,-0.500,-2.501,-0.358,-0.067,51.107,2.635,1.105,2.528,5,5,3.847
1778180205181,0.171,0.977,-0.644,-2.501,-0.380,-0.211,57.985,1.591,1.182,2.539,5,5,3.277
1778180205195,0.137,0.950,-0.750,-2.501,-0.341,-0.298,64.673,0.826,1.218,2.542,5,5,3.251
1778180205208,0.174,1.092,-0.849,-2.501,-0.255,-0.219,70.684,0.064,1.395,2.524,5,5,3.278
1778180205221,0.198,1.223,-0.946,-2.501,-0.128,-0.046,76.111,-0.636,1.559,2.505,5,5,3.248
1778180205235,0.266,1.230,-1.056,-2.501,0.002,0.123,81.300,-1.461,1.643,2.504,5,5,3.844
1778180205249,0.274,1.214,-1.205,-2.501,0.125,0.282,86.386,-2.188,1.732,2.520,5,5,3.248
1778180205262,0.298,1.283,-1.406,-2.501,0.241,0.413,91.260,-2.825,1.927,2.547,5,5,3.287
1778180205275,0.311,1.310,-1.629,-2.501,0.320,0.637,96.010,-3.361,2.114,2.601,5,5,3.263
1778180205289,0.295,1.400,-1.919,-2.501,0.357,1.024,100.564,-3.714,2.394,2.726,5,5,3.261
1778180205302,0.253,1.687,-2.215,-2.501,0.308,1.546,104.572,-3.854,2.795,2.956,5,5,3.868
1778180205316,0.013,1.506,-2.491,-2.083,0.163,1.829,108.785,-3.512,2.911,2.777,5,5,3.250
1778180205329,-0.304,1.046,-2.599,-1.617,-0.032,1.350,113.474,-2.588,2.818,2.107,5,5,3.245
1778180205343,-0.524,0.760,-2.589,-1.229,-0.166,0.603,118.245,-1.297,2.749,1.379,5,5,3.282
1778180205356,-0.515,0.644,-2.559,-0.794,-0.196,0.089,122.776,-0.123,2.688,0.822,5,5,3.238
1778180205370,-0.353,0.551,-2.511,-0.305,-0.140,-0.056,127.042,0.632,2.595,0.341,5,5,3.907
1778180205384,-0.239,0.410,-2.417,0.141,-0.042,0.032,131.164,1.101,2.463,0.150,5,5,3.281
1778180205397,-0.250,0.468,-2.233,0.428,0.271,-0.139,134.685,1.590,2.295,0.525,5,5,3.245
1778180205410,0.912,0.344,0.662,1.836,-0.149,-1.566,124.485,-3.385,1.179,2.418,5,5,3.250
1778180205424,-1.092,2.633,0.524,2.022,0.037,-1.266,120.133,-0.957,2.898,2.386,5,5,3.256
1778180205437,-0.078,1.462,-0.062,2.424,-0.006,-0.899,117.496,-0.576,1.465,2.586,1,1,3.933
1778180205451,0.044,0.663,-0.811,2.120,-0.383,-0.642,119.706,-0.750,1.049,2.248,1,1,3.259
1778180205464,0.048,0.759,-0.661,1.654,-0.475,-0.624,120.788,-0.940,1.008,1.830,1,1,3.240
1778180205478,0.120,1.002,-0.355,0.730,-0.572,-0.645,119.715,-1.465,1.070,1.130,1,1,3.259
1778180205491,-0.223,0.865,-0.611,0.337,-0.359,-0.427,120.240,-0.197,1.083,0.651,1,1,3.253
1778180205505,-0.333,0.787,-0.647,0.230,-0.180,-0.060,121.115,1.544,1.072,0.298,1,1,3.876
1778180205519,-0.431,0.870,-0.569,0.085,0.030,0.222,121.312,3.539,1.126,0.240,1,1,3.296
1778180205532,-0.052,0.945,-0.545,0.066,0.092,0.323,121.183,3.464,1.092,0.342,1,1,3.259
1778180205545,0.061,0.939,-0.538,0.027,0.138,0.309,121.050,2.828,1.084,0.340,1,1,3.245
1778180205559,0.076,0.936,-0.492,0.044,0.105,0.260,120.736,2.169,1.060,0.284,1,1,3.252
1778180205572,0.056,0.900,-0.500,0.029,0.086,0.223,120.574,1.667,1.031,0.240,1,1,3.896
1778180205586,0.056,0.874,-0.533,0.013,0.078,0.187,120.650,1.212,1.025,0.203,1,1,3.266
1778180205599,0.074,0.948,-0.499,0.021,0.058,0.158,120.376,0.720,1.074,0.170,1,1,3.268
1778180205613,0.067,0.938,-0.505,0.021,0.045,0.131,120.178,0.311,1.068,0.140,1,1,3.247
1778180205626,-0.021,0.946,-0.517,0.017,0.053,0.161,120.034,0.390,1.078,0.171,1,1,3.252
1778180205639,-0.098,0.958,-0.544,0.002,0.099,0.240,119.994,0.837,1.106,0.260,1,1,3.857
1778180205653,0.184,0.945,-0.511,0.005,0.091,0.211,119.842,-0.165,1.089,0.230,1,1,3.260
1778180205667,0.085,0.903,-0.514,0.001,0.058,0.153,119.823,-0.597,1.043,0.163,1,1,3.253
1778180205680,-0.046,0.944,-0.514,0.010,0.069,0.188,119.704,-0.306,1.076,0.200,1,1,3.252
1778180205693,-0.041,0.955,-0.504,0.017,0.092,0.262,119.526,-0.069,1.081,0.278,1,1,3.240
1778180205707,0.033,0.916,-0.508,0.024,0.103,0.286,119.477,-0.232,1.048,0.305,1,1,3.822
1778180205721,0.163,0.916,-0.478,0.041,0.089,0.265,119.295,-1.065,1.046,0.283,1,1,3.249
1778180205734,0.207,0.888,-0.492,0.039,0.065,0.204,119.267,-2.061,1.036,0.218,1,1,3.267
1778180205747,0.247,0.866,-0.513,0.050,0.020,0.106,119.397,-3.177,1.037,0.119,1,1,3.242
1778180205761,0.276,0.894,-0.498,0.039,-0.018,-0.012,119.370,-4.309,1.060,0.045,1,1,3.260
1778180205774,0.205,0.826,-0.529,0.025,-0.039,-0.110,119.678,-5.024,1.002,0.120,1,1,3.825
1778180205788,0.168,0.919,-0.499,0.021,-0.085,-0.159,119.566,-5.416,1.059,0.182,1,1,3.250
1778180205801,0.095,1.001,-0.513,0.050,-0.100,-0.158,119.333,-5.360,1.129,0.194,1,1,3.244
1778180205815,0.072,1.080,-0.473,0.114,-0.109,-0.154,118.793,-5.183,1.181,0.221,1,1,3.260
1778180205828,-0.021,1.034,-0.535,0.204,-0.091,-0.143,118.654,-4.590,1.164,0.265,1,1,3.273
1778180205842,-0.035,1.036,-0.521,0.258,-0.070,-0.071,118.467,-3.988,1.160,0.277,5,5,3.863
1778180205855,-0.053,1.044,-0.526,0.313,-0.055,0.020,118.302,-3.363,1.171,0.319,5,5,3.253
1778180205869,0.003,1.028,-0.538,0.362,-0.038,0.116,118.237,-3.058,1.160,0.382,5,5,3.256
1778180205882,0.088,1.013,-0.568,0.406,-0.031,0.199,118.335,-3.181,1.165,0.453,5,5,3.257
1778180205896,0.029,1.093,-0.551,0.466,-0.004,0.284,118.185,-3.009,1.224,0.545,5,5,3.271
1778180205909,0.091,1.239,-0.582,0.570,0.014,0.271,117.897,-3.083,1.371,0.631,5,5,3.877
1778180205923,0.039,1.425,-0.560,0.759,0.015,0.090,117.284,-2.929,1.532,0.764,5,5,3.290
1778180205936,-0.001,0.925,-0.591,0.793,0.023,0.162,117.789,-2.644,1.097,0.809,5,5,3.255
1778180205950,-0.082,1.057,-0.579,0.834,0.077,0.196,117.877,-2.024,1.208,0.860,5,5,3.283
1778180205963,0.051,1.071,-0.603,0.886,0.083,0.227,118.020,-2.059,1.230,0.918,5,5,3.251
1778180205976,0.119,1.108,-0.582,0.976,0.067,0.254,117.989,-2.378,1.257,1.011,4,4,3.871
1778180205990,0.162,1.120,-0.585,1.084,0.055,0.265,117.950,-2.846,1.273,1.117,4,4,3.263
1778180206004,0.144,1.011,-0.592,1.161,0.035,0.263,118.177,-3.242,1.180,1.191,4,4,3.257
1778180206017,0.201,1.068,-0.585,1.254,0.014,0.257,118.228,-3.827,1.235,1.281,4,4,3.257
1778180206030,0.160,1.118,-0.606,1.348,-0.019,0.249,118.248,-4.146,1.282,1.371,4,4,3.251
1778180206044,0.321,1.274,-0.600,1.514,-0.057,0.202,117.960,-4.973,1.444,1.529,4,4,3.829
1778180206058,0.403,1.398,-0.590,1.766,-0.131,0.198,117.476,-5.915,1.570,1.782,4,4,3.275
1778180206071,0.251,1.454,-0.575,2.033,-0.160,0.245,116.914,-6.219,1.583,2.054,4,4,3.245
1778180206084,0.140,1.894,-0.675,2.364,-0.162,0.396,116.220,-6.005,2.016,2.403,4,4,3.254
1778180206098,-0.213,2.199,-0.713,2.501,-0.121,0.442,115.434,-4.934,2.322,2.543,4,4,3.250
1778180206111,-0.061,2.709,-0.815,2.501,-0.054,0.499,114.607,-4.348,2.830,2.551,4,4,3.839
1778180206125,0.087,2.214,-0.972,2.501,-0.036,0.626,114.521,-4.131,2.419,2.579,4,4,3.281
1778180206138,0.203,2.112,-0.878,2.501,-0.059,0.639,114.337,-4.221,2.296,2.582,4,4,3.253
1778180206152,0.141,2.224,-0.920,2.501,-0.034,0.632,114.159,-4.138,2.411,2.580,4,4,3.263
1778180206165,0.368,2.156,-0.488,2.501,-0.084,1.251,113.074,-4.642,2.241,2.798,4,4,3.277
1778180206179,0.319,2.135,-0.042,2.501,-0.248,1.897,110.987,-5.009,2.159,3.149,4,4,3.853
1778180206193,0.012,1.760,0.524,2.501,-0.391,2.501,107.415,-4.568,1.837,3.559,4,4,3.259
1778180206206,0.342,-1.864,0.023,2.501,-0.736,2.469,88.703,-5.122,1.895,3.591,4,4,3.257
1778180206219,-0.187,-1.649,0.239,0.919,-0.738,1.157,72.489,-4.025,1.677,1.652,4,4,3.280
1778180206233,-0.424,-0.848,-0.161,-0.681,-0.405,0.268,56.010,-1.151,0.961,0.836,4,4,3.262
1778180206246,-0.459,0.100,-0.106,-1.486,-0.103,-0.441,63.678,5.839,0.481,1.553,4,4,3.846
1778180206260,-0.351,0.495,-0.033,-1.793,0.095,-0.801,66.550,8.644,0.608,1.966,4,4,3.257
1778180206273,-0.256,0.347,-0.025,-1.930,0.181,-0.859,69.171,11.277,0.432,2.121,4,4,3.313
1778180206287,-0.216,0.192,-0.025,-2.142,0.176,-0.836,71.867,14.777,0.290,2.306,4,4,3.277
1778180206300,-0.042,0.084,0.006,-2.404,0.074,-0.973,73.198,15.886,0.094,2.594,4,4,3.306
1778180206314,0.202,0.138,0.028,-2.501,-0.166,-1.081,73.722,9.132,0.246,2.730,4,4,3.908
1778180206328,0.326,0.344,-0.039,-2.501,-0.519,-0.799,75.883,4.148,0.476,2.677,4,4,3.255
1778180206341,0.246,0.524,-0.167,-2.501,-0.816,-0.213,78.906,1.457,0.602,2.640,4,4,3.252
1778180206354,0.218,0.582,-0.254,-2.501,-1.022,0.308,82.206,-0.482,0.671,2.719,4,4,3.270
1778180206368,-0.002,0.561,-0.362,-2.501,-1.114,0.429,86.071,-0.423,0.668,2.772,4,4,3.257
1778180206381,-0.174,0.655,-0.473,-2.501,-1.095,0.236,89.854,0.773,0.826,2.741,4,4,3.879
1778180206395,-0.262,0.813,-0.538,-2.501,-0.992,0.002,93.053,2.130,1.010,2.691,4,4,3.261
1778180206408,-0.244,0.897,-0.612,-2.501,-0.859,-0.097,96.025,3.133,1.113,2.646,4,4,3.262
1778180206422,-0.200,1.006,-0.725,-2.501,-0.687,-0.047,98.853,3.707,1.256,2.595,4,4,3.248
1778180206435,-0.142,1.127,-0.872,-2.501,-0.483,0.083,101.600,3.896,1.432,2.549,4,4,3.322
1778180206448,-0.069,1.024,-0.966,-2.501,-0.292,0.138,104.620,3.791,1.410,2.522,5,5,3.874
1778180206462,-0.011,0.968,-1.072,-2.501,-0.106,0.130,107.788,3.473,1.444,2.507,5,5,3.274
1778180206476,-0.015,1.079,-1.167,-2.501,0.104,0.170,110.591,3.193,1.590,2.509,5,5,3.260
1778180206489,0.015,1.163,-1.278,-2.501,0.344,0.262,113.170,2.842,1.728,2.538,5,5,3.266
1778180206503,0.088,1.398,-1.406,-2.501,0.585,0.445,115.263,2.329,1.985,2.607,5,5,3.257
1778180206516,0.130,1.532,-1.552,-2.501,0.775,0.651,117.176,1.783,2.185,2.698,5,5,3.893
1778180206530,0.031,1.491,-1.709,-2.382,0.925,0.845,119.243,1.538,2.268,2.691,5,5,3.263
1778180206543,-0.141,1.482,-1.848,-2.037,1.037,1.134,121.338,1.716,2.373,2.552,5,5,3.267
1778180206557,-0.316,1.209,-1.962,-1.796,1.048,1.286,123.909,2.297,2.326,2.444,5,5,3.282
1778180206570,-0.459,1.030,-1.993,-1.640,0.891,0.850,126.644,3.179,2.290,2.051,5,5,3.350
1778180206584,-0.424,1.096,-2.061,-1.316,0.674,0.003,129.054,3.857,2.372,1.478,1,1,3.844
1778180206598,-0.142,0.929,-2.144,-0.834,0.458,-0.675,131.671,3.820,2.341,1.167,1,1,3.286
1778180206611,0.204,0.688,-2.194,-0.391,0.289,-0.685,134.612,2.974,2.308,0.840,1,1,3.277
1778180206624,-1.083,-1.481,-4.000,0.605,0.341,-0.398,106.618,4.047,4.401,0.801,1,1,3.251
1778180206638,0.115,1.057,-2.324,2.196,-0.001,-0.289,111.272,3.418,2.556,2.215,1,1,3.251
1778180206651,0.125,1.024,-0.273,1.652,-0.090,-0.029,110.671,2.455,1.067,1.654,1,1,3.831
1778180206665,0.344,1.337,0.079,1.988,-0.271,-0.157,108.381,0.850,1.383,2.013,1,1,3.245
1778180206678,-0.106,0.919,-0.433,2.113,-0.266,-0.062,109.033,1.337,1.021,2.130,1,1,3.280
1778180206692,0.021,0.860,-0.854,1.899,-0.136,-0.034,111.482,1.113,1.212,1.904,1,1,3.250
1778180206705,0.141,0.549,-0.835,1.354,-0.188,-0.176,114.827,0.241,1.009,1.379,1,1,3.256
1778180206718,-0.099,0.757,-0.683,1.009,-0.051,-0.156,116.468,0.747,1.024,1.022,1,1,3.854
1778180206732,-0.243,1.137,-0.289,0.304,-0.143,-0.022,115.306,1.787,1.198,0.337,1,1,3.250
1778180206746,-0.334,0.597,-0.729,0.139,-0.017,0.093,117.721,3.473,1.000,0.168,1,1,3.253
1778180206759,0.002,0.927,-0.479,0.144,0.006,0.139,117.685,3.131,1.043,0.201,1,1,3.264
1778180206772,-0.015,0.820,-0.514,0.101,0.035,0.188,118.104,2.917,0.967,0.216,1,1,3.258
1778180206786,0.067,0.951,-0.410,0.097,0.030,0.178,117.648,2.289,1.038,0.205,1,1,3.863
1778180206800,0.157,0.946,-0.468,0.085,0.025,0.109,117.524,1.264,1.067,0.141,1,1,3.248
1778180206813,0.092,0.912,-0.497,0.083,0.008,0.085,117.622,0.665,1.043,0.119,1,1,3.244
1778180206826,0.091,0.936,-0.484,0.076,-0.002,0.054,117.594,0.130,1.058,0.093,1,1,3.254
1778180206840,0.094,0.896,-0.495,0.053,-0.012,0.026,117.719,-0.384,1.028,0.060,1,1,3.273
1778180206853,0.057,0.908,-0.490,0.041,-0.020,0.016,117.781,-0.646,1.033,0.048,1,1,3.819
1778180206867,0.046,0.937,-0.485,0.037,-0.024,0.012,117.741,-0.824,1.056,0.045,1,1,3.250
1778180206880,0.013,0.938,-0.499,0.033,-0.014,0.023,117.767,-0.813,1.062,0.042,1,1,3.252
1778180206894,0.051,0.927,-0.483,0.021,0.002,0.040,117.746,-1.003,1.046,0.045,1,1,3.237
1778180206907,0.020,0.940,-0.492,0.031,0.016,0.045,117.734,-1.009,1.061,0.057,1,1,3.246
1778180206920,0.052,0.927,-0.492,0.024,0.008,0.057,117.755,-1.182,1.050,0.062,1,1,3.811
1778180206934,0.063,0.927,-0.492,0.022,0.008,0.048,117.777,-1.396,1.051,0.053,1,1,3.245
1778180206948,0.043,0.929,-0.490,0.019,0.007,0.045,117.782,-1.485,1.051,0.049,1,1,3.246
1778180206961,0.073,0.933,-0.500,0.020,-0.002,0.032,117.820,-1.718,1.061,0.038,1,1,3.232
1778180206975,0.058,0.929,-0.492,0.018,-0.004,0.026,117.829,-1.856,1.053,0.032,1,1,3.525
1778180206988,0.061,0.927,-0.496,0.009,0.001,0.025,117.859,-1.996,1.053,0.027,1,1,3.856
1778180207002,0.046,0.941,-0.489,0.011,0.003,0.040,117.820,-2.040,1.061,0.041,1,1,3.275
1778180207015,0.050,0.928,-0.488,0.011,0.010,0.045,117.811,-2.108,1.049,0.047,1,1,3.291
1778180207029,0.071,0.909,-0.496,0.005,0.010,0.040,117.889,-2.278,1.038,0.042,1,1,3.243
1778180207042,0.086,0.914,-0.474,0.008,0.003,0.031,117.846,-2.517,1.033,0.032,1,1,3.286
1778180207055,0.087,0.905,-0.496,0.002,-0.008,0.014,117.931,-2.735,1.036,0.016,1,1,3.884
1778180207069,0.078,0.905,-0.485,0.002,-0.018,-0.010,117.955,-2.886,1.030,0.021,1,1,3.264
1778180207083,0.088,0.906,-0.487,-0.003,-0.031,-0.032,117.984,-3.076,1.033,0.044,1,1,3.261
1778180207096,0.094,0.906,-0.490,-0.007,-0.045,-0.057,118.024,-3.278,1.034,0.072,1,1,3.280
1778180207110,0.085,0.896,-0.484,-0.012,-0.052,-0.082,118.055,-3.419,1.022,0.098,1,1,3.246
1778180207123,0.085,0.910,-0.491,-0.018,-0.067,-0.099,118.085,-3.539,1.037,0.121,1,1,3.849
1778180207137,0.045,0.914,-0.484,-0.022,-0.074,-0.104,118.066,-3.440,1.035,0.130,1,1,3.253
1778180207150,0.049,0.911,-0.488,-0.023,-0.081,-0.111,118.076,-3.369,1.034,0.139,1,1,3.276
1778180207164,0.012,0.920,-0.489,-0.024,-0.082,-0.106,118.069,-3.114,1.042,0.136,1,1,3.266
1778180207177,0.033,0.969,-0.477,-0.012,-0.088,-0.096,117.894,-2.983,1.080,0.131,1,1,3.316
1778180207190,0.040,0.941,-0.487,0.001,-0.092,-0.094,117.844,-2.905,1.060,0.131,1,1,3.865
1778180207204,0.054,0.955,-0.470,0.024,-0.102,-0.086,117.690,-2.906,1.066,0.135,1,1,3.253
1778180207218,0.027,0.924,-0.483,0.033,-0.100,-0.090,117.681,-2.768,1.043,0.138,1,1,3.285
1778180207231,0.026,0.912,-0.490,0.029,-0.099,-0.093,117.733,-2.644,1.036,0.139,1,1,3.278
1778180207244,0.034,0.927,-0.503,0.025,-0.097,-0.102,117.804,-2.566,1.056,0.143,1,1,3.286
1778180207258,0.022,0.924,-0.499,0.016,-0.089,-0.106,117.857,-2.435,1.051,0.139,1,1,3.897
1778180207272,0.046,0.917,-0.505,0.002,-0.077,-0.099,117.949,-2.445,1.048,0.125,1,1,3.254
1778180207285,-0.002,0.938,-0.508,-0.007,-0.058,-0.080,117.997,-2.202,1.067,0.099,1,1,3.277
1778180207299,-0.049,0.957,-0.513,-0.017,-0.019,-0.045,118.015,-1.749,1.086,0.052,1,1,3.265
1778180207312,-0.017,0.982,-0.489,-0.026,-0.003,-0.005,117.867,-1.496,1.097,0.027,1,1,3.244
1778180207325,-0.066,0.980,-0.481,-0.029,0.031,0.030,117.704,-1.027,1.094,0.052,1,1,3.870
1778180207339,0.021,0.970,-0.487,-0.029,0.038,0.046,117.606,-1.032,1.085,0.066,1,1,3.295
1778180207353,0.014,0.963,-0.481,-0.020,0.044,0.064,117.503,-1.004,1.077,0.081,1,1,3.246
1778180207366,0.038,0.961,-0.465,-0.008,0.038,0.066,117.344,-1.103,1.068,0.077,1,1,3.269
1778180207379,0.061,0.950,-0.492,0.009,0.034,0.051,117.347,-1.310,1.072,0.062,1,1,3.250
1778180207393,0.044,0.926,-0.476,0.024,0.025,0.031,117.333,-1.414,1.042,0.046,1,1,3.880
1778180207407,0.042,0.937,-0.482,0.035,0.028,0.015,117.322,-1.499,1.054,0.047,1,1,3.260
1778180207420,0.064,0.922,-0.477,0.042,0.010,-0.007,117.328,-1.692,1.040,0.044,1,1,3.258
1778180207433,0.065,0.927,-0.483,0.049,-0.006,-0.035,117.347,-1.872,1.047,0.060,1,1,3.253
1778180207447,0.067,0.905,-0.467,0.055,-0.017,-0.065,117.340,-2.050,1.020,0.087,1,1,3.254
1778180207460,0.095,0.884,-0.492,0.034,-0.048,-0.040,117.509,-2.368,1.017,0.071,4,4,3.867
1778180207474,0.140,1.001,-0.498,0.056,-0.069,-0.119,117.408,-2.819,1.127,0.148,4,4,3.329
1778180207488,0.139,0.913,-0.480,0.065,-0.114,-0.165,117.437,-3.280,1.041,0.211,4,4,3.277
1778180207501,0.099,0.910,-0.483,0.068,-0.163,-0.124,117.488,-3.488,1.035,0.216,4,4,3.248
1778180207514,0.228,0.972,-0.466,0.068,-0.305,-0.018,117.312,-4.291,1.102,0.313,4,4,3.251
1778180207528,0.474,0.940,-0.429,0.049,-0.565,0.227,117.047,-6.228,1.137,0.611,4,4,3.857
1778180207542,0.721,0.962,-0.378,0.010,-0.967,0.540,116.512,-8.954,1.260,1.107,4,4,3.258
1778180207555,0.615,1.031,-0.301,0.013,-1.323,0.710,115.538,-10.935,1.237,1.502,4,4,3.270
1778180207568,0.488,0.978,-0.318,-0.008,-1.567,0.789,114.822,-12.307,1.138,1.754,4,4,3.279
1778180207582,0.260,0.995,-0.306,0.034,-1.730,0.752,114.085,-12.473,1.073,1.886,4,4,3.253
1778180207595,0.275,1.084,-0.307,0.016,-1.871,0.744,113.297,-12.591,1.160,2.014,4,4,3.849
1778180207609,0.190,0.897,-0.317,0.007,-1.979,0.793,112.933,-12.467,0.970,2.132,4,4,3.259
1778180207622,0.124,0.917,-0.314,0.024,-2.071,0.771,112.549,-11.974,0.977,2.210,4,4,3.262
1778180207636,-0.001,1.052,-0.326,0.050,-2.132,0.727,112.040,-10.829,1.101,2.253,4,4,3.251
1778180207649,0.013,0.919,-0.333,0.004,-2.191,0.785,111.840,-9.871,0.978,2.327,4,4,3.287
1778180207663,-0.247,0.834,-0.420,0.041,-2.200,0.768,112.303,-7.521,0.966,2.331,4,4,3.849
1778180207677,-0.179,0.983,-0.386,0.049,-2.274,0.789,112.223,-5.889,1.071,2.408,4,4,3.240
1778180207690,-0.205,0.950,-0.406,0.041,-2.368,0.872,112.310,-4.260,1.053,2.523,4,4,3.281
1778180207703,-0.085,0.759,-0.376,-0.028,-2.501,1.011,112.696,-3.307,0.851,2.698,4,4,3.244
1778180207717,-0.025,1.006,-0.361,-0.033,-2.501,1.063,112.413,-2.864,1.069,2.718,4,4,3.830
1778180207731,-0.030,0.894,-0.349,-0.063,-2.501,1.171,112.310,-2.424,0.960,2.762,4,4,3.884
1778180207744,-0.177,1.045,-0.353,-0.055,-2.501,0.988,111.962,-1.326,1.117,2.690,4,4,3.255
1778180207758,-0.225,0.981,-0.416,-0.064,-2.501,0.903,112.060,-0.066,1.089,2.660,4,4,3.256
1778180207771,-0.224,0.892,-0.425,-0.104,-2.501,0.958,112.386,1.155,1.013,2.681,4,4,3.246
1778180207784,-0.228,0.822,-0.398,-0.211,-2.501,1.018,112.717,2.378,0.941,2.709,4,4,3.248
1778180207798,-0.201,0.940,-0.371,-0.242,-2.501,1.031,112.603,3.221,1.031,2.716,5,5,3.921
1778180207812,-0.183,0.930,-0.334,-0.239,-2.501,1.085,112.335,3.910,1.005,2.737,5,5,3.266
1778180207825,-0.142,0.932,-0.330,-0.252,-2.501,1.131,112.063,4.317,0.998,2.757,5,5,3.252
1778180207838,-0.103,0.968,-0.312,-0.266,-2.501,1.199,111.662,4.457,1.022,2.787,5,5,3.251
1778180207852,-0.080,0.995,-0.293,-0.280,-2.501,1.238,111.164,4.451,1.041,2.805,5,5,3.379
1778180207865,-0.015,1.013,-0.259,-0.282,-2.501,1.252,110.517,4.104,1.045,2.811,4,4,3.906
1778180207879,0.035,1.051,-0.227,-0.250,-2.501,1.264,109.724,3.536,1.076,2.814,4,4,3.257
1778180207893,0.089,1.041,-0.226,-0.219,-2.501,1.290,109.011,2.747,1.069,2.823,4,4,3.255
1778180207909,0.120,1.074,-0.172,-0.164,-2.501,1.296,108.066,1.889,1.094,2.822,4,4,3.304
1778180207923,0.098,1.118,-0.087,-0.080,-2.501,1.260,106.770,1.234,1.126,2.802,4,4,3.277
1778180207936,0.128,1.160,-0.042,0.007,-2.501,1.212,105.374,0.517,1.168,2.779,5,5,3.975
1778180207955,0.088,1.120,-0.080,0.137,-2.501,1.128,104.301,0.041,1.126,2.748,5,5,6.830
1778180207968,0.043,1.143,-0.039,0.281,-2.501,1.055,103.125,-0.169,1.144,2.729,5,5,3.257
1778180207982,-0.011,1.059,-0.094,0.386,-2.501,0.991,102.357,-0.097,1.064,2.718,5,5,3.271
1778180207997,-0.113,1.063,-0.120,0.501,-2.501,0.949,101.794,0.486,1.076,2.722,5,5,3.287
1778180208012,-0.172,1.070,-0.143,0.592,-2.501,0.929,101.393,1.303,1.093,2.733,5,5,3.859
1778180208029,-0.228,1.083,-0.194,0.692,-2.253,0.882,101.274,2.294,1.124,2.516,5,5,3.249
1778180208043,-0.419,0.998,-0.323,0.649,-1.601,0.806,101.910,4.147,1.130,1.906,5,5,3.243
1778180208056,-0.535,0.926,-0.421,0.523,-0.774,0.576,103.105,6.392,1.149,1.097,5,5,3.280
1778180208069,-0.237,0.922,-0.587,0.463,0.108,0.195,104.948,6.949,1.118,0.514,5,5,3.234
1778180208083,0.354,0.900,-0.477,0.392,0.247,-0.093,106.179,4.467,1.078,0.472,1,1,3.817
1778180208097,0.213,0.937,-0.463,0.380,0.014,-0.137,107.143,2.947,1.066,0.405,1,1,3.243
1778180208110,-0.149,0.725,-0.621,0.305,-0.016,-0.071,109.372,3.510,0.966,0.314,1,1,3.260
1778180208123,-0.097,0.835,-0.569,0.125,-0.013,-0.024,110.788,3.700,1.015,0.128,1,1,3.256
1778180208137,0.028,0.971,-0.434,0.113,-0.021,-0.019,111.101,3.203,1.064,0.117,1,1,3.255
1778180208150,0.003,0.902,-0.494,0.127,-0.006,-0.010,111.825,2.884,1.029,0.127,1,1,3.859
1778180208164,0.021,0.923,-0.470,0.102,0.000,0.026,112.319,2.499,1.036,0.105,1,1,3.252
1778180208177,-0.021,0.915,-0.479,0.083,0.010,0.042,112.823,2.372,1.033,0.094,1,1,3.272
1778180208191,0.046,0.908,-0.487,0.073,0.011,0.048,113.333,1.903,1.031,0.088,1,1,3.249
1778180208204,-0.022,0.917,-0.509,0.071,0.013,0.052,113.878,1.836,1.049,0.089,1,1,3.252
1778180208217,0.108,0.888,-0.507,0.063,0.010,0.017,114.432,1.086,1.028,0.066,1,1,3.815
1778180208231,0.074,0.916,-0.478,0.072,-0.004,0.005,114.731,0.591,1.036,0.073,1,1,3.244
1778180208245,0.075,0.908,-0.504,0.052,-0.017,-0.009,115.141,0.142,1.041,0.055,1,1,3.247
1778180208258,0.074,0.955,-0.480,0.062,-0.026,-0.026,115.286,-0.249,1.072,0.072,1,1,3.253
1778180208272,0.026,0.953,-0.488,0.058,-0.035,-0.017,115.460,-0.358,1.071,0.070,1,1,3.829
1778180208285,-0.001,0.924,-0.524,0.040,-0.023,-0.019,115.849,-0.317,1.063,0.049,1,1,3.805
1778180208299,0.042,0.948,-0.506,0.036,-0.028,-0.021,116.063,-0.499,1.075,0.051,1,1,3.271
1778180208312,0.060,0.922,-0.497,0.028,-0.028,-0.033,116.280,-0.765,1.049,0.051,1,1,3.269
1778180208326,-0.040,0.959,-0.484,0.030,-0.025,-0.018,116.325,-0.489,1.075,0.043,1,1,3.244
1778180208339,0.016,0.935,-0.503,0.016,-0.014,-0.013,116.509,-0.524,1.062,0.025,1,1,3.253
1778180208352,0.007,0.932,-0.498,0.008,-0.004,0.019,116.660,-0.511,1.057,0.021,1,1,3.847
1778180208369,0.030,0.954,-0.481,0.014,0.011,0.044,116.670,-0.613,1.068,0.048,1,1,5.663
1778180208382,0.042,0.952,-0.482,0.009,0.030,0.054,116.686,-0.772,1.068,0.062,1,1,3.272
1778180208396,0.033,0.949,-0.490,0.025,0.032,0.077,116.745,-0.868,1.068,0.087,1,1,3.245
1778180208409,0.008,0.938,-0.510,0.024,0.049,0.097,116.918,-0.828,1.068,0.111,1,1,3.257
1778180208422,0.028,0.951,-0.487,0.027,0.061,0.116,116.937,-0.891,1.069,0.134,1,1,3.852
1778180208436,0.060,0.930,-0.492,0.026,0.067,0.117,117.025,-1.118,1.054,0.137,1,1,3.262
1778180208450,0.061,0.932,-0.480,0.031,0.068,0.112,117.048,-1.327,1.050,0.135,1,1,3.253
1778180208465,0.069,0.927,-0.486,0.037,0.058,0.090,117.104,-1.558,1.049,0.113,1,1,5.230
1778180208478,0.037,0.934,-0.492,0.041,0.049,0.070,117.170,-1.600,1.057,0.095,1,1,3.252
1778180208492,0.080,0.899,-0.509,0.035,0.039,0.055,117.393,-1.868,1.037,0.076,1,1,3.852
1778180208506,0.073,0.909,-0.498,0.031,0.026,0.039,117.519,-2.076,1.040,0.057,1,1,3.260
1778180208519,0.078,0.904,-0.496,0.025,0.020,0.018,117.635,-2.290,1.034,0.036,1,1,3.256
1778180208533,0.068,0.904,-0.505,0.020,0.010,0.009,117.785,-2.428,1.037,0.024,1,1,3.292
1778180208546,0.066,0.906,-0.498,0.016,0.002,0.001,117.879,-2.545,1.036,0.016,1,1,3.250
1778180208559,0.071,0.908,-0.516,0.013,-0.001,-0.002,118.043,-2.675,1.047,0.013,1,1,4.033
1778180208574,0.054,0.918,-0.502,0.010,-0.003,-0.003,118.102,-2.702,1.048,0.011,1,1,3.254
1778180208587,0.045,0.918,-0.498,0.010,-0.003,-0.003,118.136,-2.680,1.045,0.011,1,1,3.251
1778180208600,0.061,0.910,-0.498,0.005,-0.004,-0.002,118.190,-2.744,1.039,0.007,1,1,3.283
1778180208614,0.062,0.915,-0.503,0.005,-0.005,-0.003,118.250,-2.809,1.046,0.008,1,1,3.250
1778180208629,0.055,0.913,-0.502,0.005,-0.006,-0.003,118.306,-2.827,1.043,0.009,1,1,5.804
1778180208643,0.058,0.914,-0.498,0.003,-0.011,-0.006,118.331,-2.862,1.042,0.013,1,1,3.248
1778180208657,0.068,0.914,-0.511,0.001,-0.012,-0.011,118.414,-2.944,1.050,0.016,1,1,3.259
1778180208670,0.056,0.914,-0.501,0.003,-0.018,-0.020,118.446,-2.957,1.044,0.027,1,1,3.259
1778180208683,0.060,0.931,-0.500,0.004,-0.018,-0.020,118.427,-2.983,1.059,0.027,1,1,3.246
1778180208697,0.057,0.923,-0.505,0.006,-0.016,-0.018,118.450,-2.994,1.053,0.025,1,1,3.937
1778180208711,0.051,0.920,-0.506,0.007,-0.016,-0.013,118.485,-2.975,1.052,0.022,1,1,3.257
1778180208726,0.043,0.928,-0.508,0.009,-0.014,-0.008,118.505,-2.912,1.059,0.019,1,1,5.081
1778180208739,0.054,0.926,-0.506,0.007,-0.014,-0.008,118.518,-2.914,1.056,0.017,1,1,3.297
1778180208753,0.060,0.927,-0.500,0.010,-0.015,-0.010,118.500,-2.945,1.054,0.020,1,1,3.252
1778180208772,0.062,0.928,-0.501,0.013,-0.018,-0.015,118.488,-2.986,1.057,0.027,1,1,9.340
1778180208786,0.057,0.928,-0.495,0.019,-0.027,-0.023,118.448,-2.997,1.054,0.040,1,1,3.243
1778180208799,0.069,0.920,-0.491,0.022,-0.034,-0.034,118.412,-3.070,1.045,0.053,1,1,3.266
1778180208812,0.067,0.920,-0.499,0.033,-0.050,-0.048,118.419,-3.128,1.049,0.077,1,1,3.245
1778180208826,0.047,0.906,-0.506,0.034,-0.042,-0.046,118.490,-3.078,1.039,0.071,1,1,3.790
1778180208840,0.035,0.917,-0.507,0.035,-0.038,-0.036,118.533,-2.968,1.048,0.063,1,1,3.853
1778180208853,0.008,0.919,-0.516,0.031,-0.024,-0.011,118.610,-2.726,1.054,0.041,1,1,3.252
1778180208867,0.031,0.917,-0.519,0.029,-0.015,0.009,118.695,-2.624,1.054,0.034,1,1,3.375
1778180208880,0.032,0.928,-0.508,0.028,-0.008,0.019,118.693,-2.541,1.058,0.035,1,1,3.245
1778180208894,0.051,0.920,-0.511,0.030,-0.007,0.026,118.730,-2.562,1.054,0.040,1,1,3.263
1778180208907,0.047,0.926,-0.511,0.031,-0.007,0.024,118.747,-2.559,1.059,0.040,4,4,3.855
1778180208923,0.060,0.926,-0.515,0.036,-0.013,0.021,118.782,-2.622,1.061,0.043,4,4,5.140
1778180208936,0.052,0.924,-0.516,0.037,-0.014,0.016,118.821,-2.638,1.059,0.043,4,4,3.253
1778180208950,0.050,0.913,-0.509,0.038,-0.014,0.018,118.850,-2.648,1.046,0.045,4,4,3.245
1778180208963,0.031,0.916,-0.515,0.036,-0.010,0.020,118.900,-2.558,1.051,0.043,4,4,3.264
1778180208976,0.042,0.919,-0.514,0.032,-0.003,0.032,118.931,-2.532,1.054,0.045,4,4,3.851
1778180208990,0.036,0.921,-0.506,0.032,0.005,0.039,118.920,-2.477,1.051,0.051,4,4,3.282
1778180209004,0.034,0.917,-0.517,0.031,0.009,0.051,118.967,-2.420,1.053,0.060,4,4,3.264
1778180209017,0.038,0.925,-0.508,0.031,0.017,0.061,118.947,-2.386,1.056,0.071,4,4,3.244
1778180209030,0.032,0.916,-0.515,0.035,0.022,0.068,118.984,-2.326,1.051,0.080,4,4,3.251
1778180209044,0.030,0.916,-0.521,0.031,0.026,0.078,119.046,-2.260,1.054,0.088,4,4,3.847
1778180209058,0.061,0.945,-0.506,0.048,0.030,0.082,118.964,-2.354,1.074,0.100,4,4,3.250
1778180209071,0.044,0.940,-0.508,0.064,0.025,0.094,118.908,-2.353,1.070,0.116,4,4,3.295
1778180209087,0.069,0.943,-0.508,0.089,0.017,0.089,118.850,-2.480,1.074,0.127,4,4,5.287
1778180209100,0.091,0.962,-0.522,0.117,0.010,0.099,118.815,-2.696,1.099,0.153,4,4,3.253
1778180209113,0.100,1.014,-0.524,0.156,-0.005,0.142,118.675,-2.917,1.146,0.211,4,4,3.878
1778180209127,0.045,1.140,-0.515,0.249,-0.001,0.205,118.261,-2.837,1.252,0.323,4,4,3.260
1778180209141,0.235,1.278,-0.499,0.354,-0.003,0.072,117.599,-3.490,1.392,0.362,4,4,3.257
1778180209154,0.154,1.067,-0.531,0.435,-0.002,0.155,117.489,-3.856,1.202,0.462,4,4,3.271
1778180209167,0.090,1.076,-0.559,0.480,0.011,0.219,117.486,-3.892,1.216,0.528,4,4,3.255
1778180209183,0.097,1.128,-0.552,0.537,0.016,0.320,117.350,-3.944,1.260,0.625,4,4,5.856
1778180209197,0.092,1.736,-0.551,0.761,0.004,0.212,116.423,-3.843,1.823,0.790,4,4,3.260
1778180209210,0.179,1.569,-0.524,1.068,-0.009,0.197,115.667,-4.067,1.664,1.087,4,4,3.258
1778180209223,0.202,1.439,-0.573,1.234,-0.034,0.191,115.291,-4.388,1.562,1.250,4,4,3.256
1778180209237,0.224,1.544,-0.506,1.468,-0.116,0.196,114.612,-4.717,1.640,1.485,4,4,3.268
1778180209251,0.173,1.488,-0.525,1.708,-0.177,0.220,114.119,-4.864,1.587,1.731,4,4,3.945
1778180209265,0.160,1.601,-0.458,1.963,-0.225,0.258,113.342,-4.924,1.673,1.992,4,4,3.251
1778180209281,0.158,1.628,-0.513,2.224,-0.253,0.277,112.787,-4.960,1.714,2.256,4,4,5.151
1778180209294,0.193,1.822,-0.532,2.501,-0.334,0.302,112.169,-5.041,1.908,2.541,4,4,3.261
1778180209307,0.260,1.910,-0.469,2.501,-0.368,0.312,111.374,-5.280,1.984,2.547,4,4,3.251
1778180209321,0.242,2.004,-0.650,2.501,-0.404,0.309,111.049,-5.400,2.121,2.553,4,4,3.876
1778180209335,0.367,1.829,-0.652,2.501,-0.465,0.354,110.912,-5.904,1.976,2.569,4,4,3.259
1778180209349,0.183,1.782,-0.933,2.501,-0.480,0.411,111.552,-5.837,2.020,2.580,4,4,3.276
1778180209365,0.216,2.409,-0.638,2.501,-0.459,1.031,110.914,-5.753,2.502,2.744,4,4,3.293
1778180209379,0.281,0.246,-0.310,2.501,-0.448,1.467,113.832,-8.578,0.485,2.934,4,4,3.273
1778180209392,0.344,-1.520,0.990,2.156,-0.716,1.345,97.591,-8.784,1.846,2.641,4,4,3.933
1778180209410,-0.290,0.673,-0.580,0.826,-0.727,0.814,100.743,-6.227,0.935,1.369,4,4,3.272
1778180209423,-0.183,0.294,0.145,0.059,-0.520,0.483,97.219,-2.862,0.375,0.712,4,4,3.288
1778180209436,-0.390,1.209,-0.183,-0.069,-0.306,0.440,97.352,-0.908,1.283,0.541,4,4,3.258
1778180209450,-0.295,0.882,-0.075,0.017,-0.136,0.405,97.116,0.932,0.933,0.428,4,4,3.281
1778180209463,-0.329,0.531,-0.038,-0.131,-0.010,0.274,96.832,3.863,0.626,0.303,4,4,3.875
1778180209478,-0.349,0.316,0.039,-0.443,0.132,0.091,95.517,8.019,0.472,0.471,4,4,3.667
1778180209493,-0.297,0.224,0.099,-0.950,0.237,-0.051,92.735,12.059,0.385,0.981,4,4,3.286
1778180209507,-0.181,0.283,0.113,-1.356,0.259,-0.064,90.406,13.828,0.355,1.382,4,4,3.249
1778180209520,-0.112,0.354,0.093,-1.721,0.236,0.020,88.965,14.134,0.383,1.737,4,4,3.289
1778180209535,-0.049,0.416,0.041,-2.093,0.159,0.206,88.531,13.420,0.421,2.109,4,4,3.860
1778180209550,0.005,0.484,-0.008,-2.411,0.030,0.341,88.758,12.083,0.484,2.435,4,4,3.260
1778180209563,-0.007,0.604,-0.079,-2.501,-0.111,0.405,89.584,10.993,0.609,2.536,4,4,3.252
1778180209577,-0.038,0.701,-0.146,-2.501,-0.250,0.416,90.744,10.238,0.717,2.548,4,4,4.264
1778180209591,-0.067,0.792,-0.220,-2.501,-0.365,0.366,92.150,9.707,0.825,2.554,4,4,3.255
1778180209604,-0.064,0.868,-0.291,-2.501,-0.463,0.312,93.706,9.163,0.917,2.563,5,5,3.859
1778180209618,0.042,0.893,-0.383,-2.501,-0.566,0.262,95.561,8.058,0.973,2.578,5,5,3.255
1778180209631,-0.049,1.016,-0.495,-2.501,-0.585,0.311,97.503,7.527,1.131,2.588,5,5,3.253
1778180209646,-0.087,1.167,-0.652,-2.501,-0.504,0.364,99.566,7.165,1.339,2.577,5,5,4.372
1778180209659,-0.151,1.321,-0.836,-2.501,-0.353,0.396,101.731,7.009,1.571,2.557,5,5,3.244
1778180209673,-0.138,1.433,-1.008,-2.501,-0.170,0.323,103.958,6.770,1.757,2.528,5,5,4.469
1778180209687,-0.089,1.579,-1.250,-2.501,0.017,0.207,106.279,6.367,2.016,2.510,5,5,3.257
1778180209701,-0.002,1.702,-1.545,-2.501,0.140,0.229,108.748,5.767,2.299,2.516,5,5,3.245
1778180209714,0.004,1.693,-1.900,-2.501,0.191,0.413,111.560,5.210,2.545,2.542,5,5,3.255
1778180209727,-0.052,1.499,-2.141,-2.465,0.196,0.524,114.742,4.822,2.614,2.528,5,5,3.246
1778180209741,-0.205,1.330,-2.280,-2.218,0.180,0.462,118.072,4.785,2.647,2.273,1,1,3.874
1778180209755,-0.294,1.134,-2.383,-1.868,0.176,0.179,121.542,4.934,2.655,1.885,1,1,3.254
1778180209770,-0.169,1.012,-2.448,-1.394,0.165,-0.307,124.967,4.813,2.654,1.437,1,1,5.203
1778180209783,0.058,0.792,-2.491,-0.794,0.163,-0.567,128.524,4.234,2.614,0.989,1,1,3.261
1778180209797,0.154,0.606,-2.485,-0.297,0.234,-0.431,132.116,3.505,2.562,0.573,1,1,3.247
1778180209810,0.142,0.770,-2.469,-0.271,0.640,-1.013,135.024,2.872,2.590,1.229,1,1,3.865
1778180209824,-0.057,1.065,-2.186,2.396,0.310,-0.716,136.831,2.728,2.433,2.520,1,1,3.247
1778180209838,-0.490,1.095,-0.142,2.315,0.521,-0.419,133.079,4.746,1.209,2.410,1,1,3.254
1778180209851,0.064,1.469,-0.070,2.192,0.124,-0.325,129.242,4.057,1.472,2.220,1,1,3.247
1778180209866,0.260,0.579,-1.143,1.960,-0.265,-0.288,131.513,2.579,1.307,1.999,1,1,4.604
1778180209879,-0.102,0.687,-0.742,1.362,-0.299,-0.224,132.055,2.879,1.016,1.412,5,5,3.830
1778180209893,-0.055,-0.830,-1.977,0.512,-0.375,-0.118,104.538,2.746,2.145,0.646,5,5,3.245
1778180209907,-0.475,0.573,-0.854,0.255,-0.123,-0.122,108.493,4.842,1.133,0.309,5,5,3.258
1778180209920,-0.162,1.065,-0.439,0.249,-0.083,0.049,108.867,5.144,1.163,0.267,5,5,3.248
1778180209935,-0.067,0.762,-0.590,0.126,-0.007,0.113,110.664,5.034,0.966,0.170,5,5,4.198
1778180209949,0.044,0.897,-0.502,0.053,0.026,0.130,111.482,4.321,1.029,0.143,1,1,3.865
1778180209963,0.065,0.857,-0.550,0.020,0.045,0.147,112.550,3.563,1.020,0.156,1,1,3.252
1778180209977,0.021,0.932,-0.522,0.040,0.053,0.113,113.188,3.117,1.068,0.131,1,1,3.252
1778180209990,0.083,1.015,-0.425,0.067,0.022,0.079,113.142,2.412,1.104,0.106,1,1,3.246
1778180210004,0.050,0.940,-0.475,0.046,0.033,0.072,113.489,1.923,1.054,0.092,1,1,4.482
1778180210018,0.104,0.920,-0.485,0.032,0.021,0.055,113.900,1.199,1.045,0.067,1,1,3.868
1778180210032,0.070,0.950,-0.487,0.034,0.006,0.031,114.206,0.728,1.070,0.047,1,1,3.902
1778180210046,0.079,0.941,-0.496,0.027,0.001,0.015,114.547,0.254,1.067,0.031,1,1,3.253
1778180210061,0.024,0.945,-0.510,0.025,0.012,0.034,114.906,0.109,1.074,0.044,1,1,5.070
1778180210074,-0.005,0.956,-0.510,0.025,0.034,0.074,115.208,0.124,1.084,0.085,1,1,3.257
1778180210088,0.007,0.942,-0.495,0.025,0.055,0.104,115.449,0.075,1.064,0.120,1,1,3.854
1778180210102,0.021,0.937,-0.496,0.025,0.059,0.110,115.681,-0.038,1.061,0.127,1,1,3.259
1778180210115,0.077,0.905,-0.494,0.025,0.042,0.083,115.960,-0.440,1.034,0.097,1,1,3.255
1778180210130,0.085,0.913,-0.497,0.029,0.020,0.049,116.205,-0.845,1.043,0.061,1,1,4.109
1778180210143,0.102,0.906,-0.481,0.032,0.000,0.023,116.374,-1.306,1.031,0.039,1,1,3.259
1778180210157,0.070,0.935,-0.489,0.038,-0.015,0.004,116.490,-1.542,1.058,0.041,1,1,3.864
1778180210171,0.048,0.929,-0.498,0.039,-0.019,0.001,116.652,-1.644,1.055,0.044,1,1,3.260
1778180210184,0.049,0.934,-0.504,0.044,-0.022,0.003,116.816,-1.737,1.062,0.049,1,1,3.244
1778180210199,0.046,0.915,-0.497,0.048,-0.018,0.007,116.979,-1.810,1.042,0.051,1,1,4.348
1778180210212,0.062,0.935,-0.497,0.060,-0.035,0.000,117.076,-1.954,1.061,0.070,1,1,3.251
1778180210226,0.073,0.929,-0.493,0.063,-0.047,-0.000,117.158,-2.145,1.054,0.079,1,1,4.694
1778180210240,0.098,0.948,-0.487,0.066,-0.062,-0.009,117.161,-2.439,1.070,0.091,1,1,3.262
1778180210253,0.077,0.985,-0.483,0.087,-0.071,-0.015,117.064,-2.590,1.100,0.114,1,1,3.246
1778180210267,0.046,0.940,-0.490,0.100,-0.075,0.001,117.110,-2.582,1.061,0.125,1,1,3.272
1778180210280,0.075,0.955,-0.511,0.116,-0.073,0.013,117.210,-2.711,1.086,0.138,1,1,3.240
1778180210294,-0.012,0.963,-0.520,0.169,-0.070,-0.014,117.321,-2.393,1.095,0.183,1,1,3.876
1778180210308,-0.052,1.066,-0.522,0.227,-0.054,0.021,117.206,-1.927,1.188,0.234,1,1,3.243
1778180210323,0.021,0.901,-0.535,0.268,-0.027,0.050,117.538,-1.851,1.048,0.274,1,1,4.659
1778180210336,-0.019,0.935,-0.535,0.274,-0.005,0.083,117.753,-1.581,1.078,0.286,1,1,3.290
1778180210350,-0.012,0.944,-0.550,0.267,0.035,0.128,117.987,-1.371,1.092,0.298,1,1,3.256
1778180210365,0.008,0.966,-0.543,0.290,0.047,0.183,118.115,-1.281,1.108,0.346,4,4,3.897
1778180210379,0.073,1.037,-0.534,0.335,0.059,0.220,118.035,-1.500,1.169,0.405,4,4,3.259
1778180210399,0.085,1.046,-0.569,0.393,0.063,0.273,118.082,-1.748,1.193,0.483,4,4,9.187
1778180210412,0.032,1.344,-0.535,0.524,0.083,0.283,117.477,-1.703,1.447,0.601,4,4,3.268
1778180210425,0.043,1.555,-0.554,0.750,0.082,0.176,116.729,-1.684,1.652,0.774,4,4,3.257
1778180210439,0.067,1.372,-0.543,0.919,0.077,0.164,116.241,-1.770,1.477,0.937,4,4,3.846
1778180210454,0.074,1.478,-0.557,1.109,0.069,0.221,115.708,-1.857,1.581,1.133,4,4,4.682
1778180210467,0.079,1.512,-0.555,1.345,0.068,0.231,115.181,-1.947,1.613,1.366,4,4,3.255
1778180210481,0.217,1.552,-0.514,1.569,-0.009,0.244,114.530,-2.482,1.649,1.588,4,4,3.247
1778180210495,0.208,1.686,-0.454,1.902,-0.082,0.230,113.630,-2.891,1.758,1.917,4,4,3.267
1778180210509,0.374,1.853,-0.389,2.253,-0.181,0.128,112.511,-3.678,1.930,2.264,4,4,3.842
1778180210524,0.542,1.937,-0.354,2.501,-0.333,-0.018,111.354,-4.792,2.042,2.523,4,4,4.368
1778180210537,0.390,2.071,-0.404,2.501,-0.459,-0.138,110.372,-5.333,2.145,2.547,4,4,3.241
1778180210551,0.401,2.175,-0.569,2.501,-0.555,-0.290,109.828,-5.787,2.283,2.579,4,4,4.125
1778180210565,0.304,2.105,-0.675,2.501,-0.554,-0.386,109.632,-5.982,2.231,2.591,4,4,3.252
1778180210578,0.285,1.670,-0.793,2.501,-0.585,-0.212,110.182,-6.248,1.870,2.578,4,4,3.850
1778180210592,0.307,1.879,-0.819,2.501,-0.578,-0.198,110.504,-6.465,2.072,2.575,4,4,3.284
1778180210605,0.438,1.973,-0.518,2.501,-0.607,0.302,109.953,-7.001,2.087,2.591,4,4,3.245
1778180210619,0.410,1.747,-0.023,2.501,-0.689,0.747,108.127,-7.590,1.795,2.700,4,4,3.259
1778180210632,0.350,1.606,0.722,2.501,-0.804,0.947,104.099,-7.937,1.795,2.793,4,4,3.247
1778180210646,0.124,-0.561,-0.269,2.501,-0.651,0.732,83.203,-8.250,0.634,2.686,4,4,4.299
1778180210660,-0.125,-0.132,-0.268,2.501,-0.465,0.750,60.663,-5.309,0.324,2.652,4,4,3.257
1778180210673,-0.453,0.056,-0.345,1.732,-0.045,0.499,71.144,0.171,0.572,1.803,4,4,3.241
1778180210687,-0.450,-0.205,-0.231,0.977,0.389,-0.145,51.209,5.431,0.546,1.062,4,4,3.270
1778180210700,-0.232,-0.253,-0.161,0.238,0.675,-0.987,34.692,8.502,0.379,1.219,4,4,3.244
1778180210714,0.013,-0.160,-0.123,-0.406,0.750,-1.545,19.257,7.338,0.202,1.764,4,4,4.805
1778180210728,0.266,-0.077,-0.105,-1.042,0.617,-1.601,3.736,0.564,0.296,2.007,4,4,3.259
1778180210742,0.434,-0.037,-0.139,-1.525,0.356,-1.263,-12.312,-6.303,0.457,2.012,4,4,3.250
1778180210755,0.584,-0.063,-0.147,-1.968,-0.011,-0.761,-26.071,-12.806,0.606,2.110,4,4,3.255
1778180210768,0.559,-0.011,-0.194,-2.378,-0.381,-0.294,-40.392,-18.322,0.592,2.426,4,4,3.250
1778180210782,0.378,0.027,-0.224,-2.501,-0.691,-0.058,-20.085,-22.209,0.440,2.596,4,4,3.894
1778180210796,0.134,0.053,-0.254,-2.501,-0.856,-0.027,-2.181,-22.687,0.292,2.644,4,4,3.270
1778180210812,-0.074,0.157,-0.273,-2.501,-0.875,-0.035,12.299,-19.273,0.324,2.650,4,4,5.242
1778180210825,-0.199,0.415,-0.307,-2.501,-0.767,0.009,23.159,-15.429,0.553,2.616,4,4,3.252
1778180210838,-0.194,0.642,-0.377,-2.501,-0.593,0.090,32.413,-12.576,0.770,2.572,4,4,3.252
1778180210852,-0.157,0.791,-0.476,-2.501,-0.387,0.163,40.844,-10.459,0.936,2.536,5,5,3.872
1778180210866,-0.141,0.808,-0.554,-2.501,-0.154,0.221,48.795,-8.683,0.990,2.516,5,5,3.257
1778180210879,-0.071,0.786,-0.629,-2.501,0.091,0.214,56.392,-7.472,1.009,2.512,5,5,3.250
1778180210893,0.030,0.755,-0.691,-2.501,0.290,0.220,63.630,-6.918,1.024,2.528,5,5,3.250
1778180210906,0.178,0.737,-0.702,-2.501,0.412,0.254,70.284,-7.204,1.033,2.548,5,5,3.254
1778180210919,0.275,0.823,-0.802,-2.501,0.483,0.273,76.369,-7.800,1.182,2.562,5,5,3.850
1778180210933,0.340,1.109,-0.979,-2.501,0.527,0.378,81.608,-8.290,1.519,2.584,5,5,3.249
1778180210947,0.358,1.191,-1.159,-2.501,0.576,0.555,86.612,-8.660,1.700,2.626,5,5,3.251
1778180210960,0.317,1.268,-1.304,-2.501,0.633,0.670,91.293,-8.776,1.846,2.666,5,5,3.240
1778180210973,0.145,1.404,-1.491,-2.501,0.745,0.711,95.615,-8.326,2.053,2.705,5,5,3.252
1778180210987,-0.075,1.467,-1.703,-2.501,0.915,0.856,99.767,-7.353,2.249,2.798,5,5,3.818
1778180211001,-0.199,1.703,-1.954,-2.456,1.040,1.043,103.492,-6.236,2.600,2.864,5,5,3.244
1778180211014,-0.233,1.465,-2.209,-1.985,0.978,0.931,107.578,-5.165,2.661,2.401,5,5,3.248
1778180211027,-0.347,0.919,-2.309,-1.769,0.766,0.425,112.402,-3.916,2.509,1.974,5,5,3.243
1778180211041,-0.275,0.948,-2.438,-1.447,0.557,-0.175,116.811,-2.972,2.631,1.561,5,5,3.255
1778180211054,0.206,0.756,-2.622,-0.909,0.247,-0.463,121.292,-3.100,2.736,1.050,5,5,3.848
1778180211068,1.984,4.000,-3.852,0.634,-0.437,-2.008,122.493,-4.675,5.897,2.151,5,5,3.260
1778180211081,-0.075,1.171,-2.778,2.315,-0.650,-1.532,125.788,-4.095,3.016,2.851,5,5,3.256
1778180211095,-1.420,1.164,-0.396,1.929,0.016,-0.563,124.170,0.969,1.878,2.010,5,5,3.245
1778180211108,0.442,1.455,0.162,2.335,-0.168,-0.466,120.314,-0.723,1.529,2.387,5,5,3.257
1778180211121,-0.053,1.168,-0.621,2.491,-0.157,-0.519,120.093,-0.434,1.324,2.549,5,5,3.843
1778180211135,-0.081,0.556,-1.037,1.868,-0.332,-0.284,123.110,-0.018,1.179,1.919,5,5,3.252
1778180211149,-0.016,0.718,-0.727,1.318,-0.345,-0.291,124.272,0.071,1.022,1.393,5,5,3.242
1778180211162,-0.151,0.553,-0.828,0.460,-0.217,-0.084,126.362,0.884,1.007,0.515,5,5,3.237
1778180211175,-0.256,0.532,-0.779,0.273,-0.112,0.053,128.197,2.241,0.978,0.299,5,5,3.243
1778180211189,-0.035,0.834,-0.583,0.159,0.002,0.176,127.889,2.215,1.018,0.237,1,1,3.817
1778180211203,-0.037,0.843,-0.537,0.053,0.092,0.224,127.379,2.207,1.000,0.248,1,1,4.066
1778180211217,0.050,0.918,-0.494,0.023,0.107,0.190,126.513,1.738,1.043,0.219,1,1,3.246
1778180211230,0.186,0.904,-0.489,-0.008,0.073,0.124,125.740,0.596,1.045,0.145,1,1,3.243
1778180211243,0.105,0.972,-0.462,0.021,0.034,0.088,124.756,0.009,1.082,0.096,1,1,3.249
1778180211257,0.117,0.944,-0.454,0.040,-0.011,0.026,123.894,-0.598,1.054,0.049,1,1,3.815
1778180211271,0.096,0.915,-0.484,0.040,-0.040,-0.045,123.323,-1.046,1.039,0.072,1,1,3.723
1778180211284,0.042,0.906,-0.508,0.047,-0.058,-0.042,122.938,-1.165,1.039,0.086,1,1,3.259
1778180211300,0.034,0.947,-0.495,0.054,-0.053,-0.043,122.430,-1.227,1.069,0.087,1,1,5.130
1778180211313,0.002,0.966,-0.526,0.052,-0.027,-0.026,122.064,-1.122,1.100,0.064,1,1,3.251
1778180211326,0.018,1.004,-0.477,0.059,-0.004,0.023,121.430,-1.105,1.112,0.064,1,1,3.829
1778180211340,0.003,0.897,-0.546,0.032,0.025,0.048,121.420,-1.018,1.051,0.063,1,1,3.261
1778180211354,0.016,0.949,-0.480,0.044,0.025,0.079,120.985,-1.002,1.064,0.094,1,1,3.244
1778180211367,0.050,0.937,-0.494,0.048,0.026,0.079,120.681,-1.163,1.060,0.096,1,1,3.275
1778180211380,0.042,0.912,-0.508,0.044,0.020,0.075,120.532,-1.272,1.045,0.089,1,1,3.251
1778180211394,0.038,0.917,-0.502,0.047,0.014,0.065,120.356,-1.351,1.046,0.081,1,1,4.111
1778180211408,0.039,0.922,-0.506,0.052,0.012,0.051,120.205,-1.423,1.052,0.074,1,1,3.292
1778180211421,0.060,0.915,-0.506,0.054,0.011,0.048,120.087,-1.598,1.047,0.073,1,1,3.246
1778180211439,0.041,0.923,-0.502,0.060,0.006,0.038,119.940,-1.657,1.052,0.071,1,1,7.058
1778180211452,0.067,0.935,-0.499,0.063,-0.002,0.027,119.765,-1.843,1.062,0.069,1,1,3.268
1778180211465,0.031,0.912,-0.509,0.061,-0.009,0.024,119.708,-1.830,1.045,0.066,1,1,3.871
1778180211481,0.037,0.923,-0.510,0.059,-0.019,0.019,119.635,-1.845,1.055,0.065,1,1,3.253
1778180211496,0.065,0.895,-0.514,0.045,-0.025,0.018,119.658,-2.012,1.034,0.055,1,1,5.138
1778180211510,0.085,0.967,-0.519,0.046,-0.030,0.004,119.522,-2.240,1.100,0.055,1,1,3.255
1778180211523,0.016,0.988,-0.508,0.081,-0.031,0.018,119.302,-2.107,1.111,0.088,1,1,3.243
1778180211537,0.097,0.984,-0.536,0.097,-0.035,-0.026,119.233,-2.378,1.125,0.107,5,5,3.876
1778180211551,0.000,0.951,-0.519,0.141,-0.036,-0.016,119.174,-2.153,1.083,0.147,5,5,3.249
1778180211564,-0.045,1.052,-0.523,0.201,-0.026,0.050,118.915,-1.740,1.176,0.208,5,5,3.273
1778180211578,-0.067,0.968,-0.541,0.304,0.005,0.118,118.942,-1.245,1.111,0.326,5,5,3.249
1778180211593,0.014,0.940,-0.533,0.280,0.017,0.135,118.998,-1.196,1.081,0.311,5,5,5.149
1778180211607,-0.007,0.900,-0.555,0.279,0.031,0.181,119.251,-1.048,1.057,0.334,5,5,4.261
1778180211621,0.016,0.935,-0.544,0.290,0.051,0.210,119.340,-1.029,1.082,0.362,5,5,3.243
1778180211634,0.062,0.999,-0.559,0.330,0.053,0.209,119.329,-1.224,1.146,0.394,5,5,3.261
1778180211647,0.121,1.100,-0.555,0.389,0.053,0.205,119.085,-1.643,1.238,0.443,5,5,3.254
1778180211661,0.093,1.280,-0.578,0.491,0.045,0.167,118.631,-1.846,1.408,0.520,5,5,3.277
1778180211674,0.064,1.494,-0.553,0.709,0.033,0.060,117.840,-1.891,1.594,0.712,4,4,3.851
1778180211689,0.073,1.282,-0.587,0.845,0.035,0.080,117.532,-1.993,1.412,0.849,4,4,3.849
1778180211702,-0.019,1.461,-0.552,1.025,0.079,0.119,116.882,-1.737,1.562,1.035,4,4,3.254
1778180211715,0.039,1.493,-0.543,1.222,0.081,0.167,116.227,-1.705,1.590,1.236,4,4,3.250
1778180211730,0.054,1.474,-0.514,1.449,0.039,0.230,115.560,-1.732,1.562,1.468,4,4,4.319
1778180211743,0.100,1.587,-0.518,1.699,0.010,0.245,114.849,-1.892,1.672,1.716,4,4,3.836
1778180211757,0.138,1.716,-0.461,2.009,-0.047,0.243,113.915,-2.135,1.782,2.024,4,4,3.286
1778180211771,0.413,1.823,-0.420,2.369,-0.154,0.109,112.873,-3.115,1.916,2.377,4,4,3.254
1778180211784,0.561,1.901,-0.352,2.501,-0.307,-0.064,111.695,-4.359,2.013,2.521,4,4,3.249
1778180211797,0.637,2.058,-0.474,2.501,-0.469,-0.236,110.865,-5.540,2.206,2.556,4,4,3.255
1778180211811,0.483,2.268,-0.614,2.501,-0.592,-0.412,110.322,-6.117,2.399,2.603,4,4,3.846
1778180211826,0.631,2.171,-0.643,2.501,-0.698,-0.318,109.958,-7.017,2.350,2.616,4,4,4.406
1778180211839,0.388,1.942,-0.910,2.501,-0.847,-0.554,110.446,-7.326,2.180,2.698,4,4,3.237
1778180211853,0.267,1.770,-0.828,2.501,-0.739,-0.243,110.888,-7.368,1.972,2.620,4,4,3.241
1778180211866,0.466,1.607,-0.605,2.501,-0.711,0.548,110.864,-8.112,1.779,2.657,4,4,3.247
1778180211879,0.522,1.212,-0.191,2.501,-0.839,0.976,109.733,-9.534,1.333,2.813,4,4,3.804
1778180211894,0.560,2.388,0.091,2.501,-1.185,0.995,107.649,-9.881,2.454,2.941,4,4,4.364
1778180211908,-0.032,0.191,-0.682,2.501,-1.094,0.752,113.044,-8.697,0.709,2.832,4,4,3.242
1778180211922,-0.384,-0.037,-0.617,2.501,-0.874,0.660,85.491,-4.843,0.728,2.730,4,4,4.620
1778180211936,-0.620,-0.333,-0.507,2.088,-0.327,0.029,63.407,-0.041,0.867,2.114,4,4,3.278
1778180211949,-0.601,-0.543,-0.441,1.272,0.171,-0.843,45.098,3.832,0.923,1.536,4,4,3.895
1778180211965,-0.258,-0.527,-0.282,0.315,0.582,-1.757,29.569,5.688,0.651,1.877,4,4,3.287
1778180211979,0.029,-0.269,-0.234,-0.281,0.675,-1.876,14.298,4.711,0.357,2.014,4,4,3.256
1778180211993,0.307,-0.147,-0.149,-0.764,0.557,-1.337,0.064,-1.041,0.372,1.637,4,4,3.292
1778180212007,0.524,0.046,-0.110,-1.018,0.272,-0.569,15.039,-8.283,0.537,1.197,4,4,3.253
1778180212020,0.525,0.218,-0.114,-1.101,-0.079,0.123,24.793,-13.673,0.580,1.111,4,4,3.856
1778180212036,0.207,0.211,-0.089,-1.130,-0.339,0.567,33.171,-16.385,0.309,1.308,4,4,3.250
1778180212049,-0.167,0.097,-0.098,-1.213,-0.332,0.625,42.871,-10.025,0.216,1.404,4,4,3.254
1778180212065,-0.392,-0.075,-0.135,-1.472,-0.114,0.439,24.421,-2.557,0.421,1.540,4,4,3.246
1778180212079,-0.413,-0.191,-0.183,-1.820,0.114,0.177,9.374,3.145,0.490,1.832,4,4,3.241
1778180212092,-0.326,-0.274,-0.216,-2.264,0.308,-0.077,-3.717,6.944,0.478,2.286,4,4,3.823
1778180212106,-0.191,-0.278,-0.207,-2.501,0.426,-0.240,-15.412,9.026,0.395,2.549,4,4,3.247
1778180212120,0.014,-0.164,-0.205,-2.501,0.417,-0.278,-27.391,7.883,0.263,2.551,4,4,4.421
1778180212134,0.114,-0.013,-0.226,-2.501,0.343,-0.132,-41.596,4.589,0.253,2.528,4,4,3.263
1778180212148,0.160,0.133,-0.237,-2.501,0.277,0.075,-23.296,1.256,0.315,2.518,4,4,3.978
1778180212161,0.148,0.409,-0.254,-2.501,0.221,0.285,-9.493,-0.492,0.504,2.527,5,5,3.850
1778180212175,0.160,0.784,-0.347,-2.501,0.202,0.414,2.242,-1.452,0.873,2.543,5,5,3.251
1778180212189,0.172,1.166,-0.526,-2.501,0.182,0.417,12.900,-2.043,1.291,2.542,5,5,3.266
1778180212203,0.248,1.283,-0.714,-2.501,0.108,0.297,23.001,-2.761,1.489,2.521,5,5,3.254
1778180212216,0.231,1.293,-0.878,-2.501,0.007,0.189,32.624,-3.300,1.580,2.509,5,5,3.253
1778180212229,0.245,1.102,-0.958,-2.501,-0.067,0.258,41.983,-3.891,1.480,2.515,5,5,3.876
1778180212245,0.214,1.474,-1.179,-2.501,-0.084,0.584,50.228,-4.136,1.900,2.570,5,5,4.825
1778180212261,0.113,1.490,-1.400,-2.501,0.010,0.925,58.121,-4.042,2.048,2.667,5,5,3.281
1778180212275,-0.083,1.672,-1.639,-2.501,0.167,1.111,65.380,-3.464,2.343,2.742,5,5,3.246
1778180212288,-0.217,1.769,-1.838,-2.501,0.301,1.144,72.107,-2.672,2.560,2.767,5,5,3.287
1778180212301,-0.369,1.853,-2.087,-2.501,0.361,1.066,78.412,-1.702,2.815,2.743,5,5,3.870
1778180212315,-0.527,1.614,-2.319,-2.394,0.339,0.829,84.763,-0.535,2.874,2.556,5,5,3.257
1778180212333,-0.266,1.239,-2.356,-1.550,0.215,-0.032,91.184,0.058,2.676,1.565,5,5,3.253
1778180212347,0.112,0.750,-2.503,-0.952,-0.094,-0.432,98.045,-0.180,2.615,1.050,5,5,3.248
1778180212360,0.187,0.577,-2.572,-0.431,-0.358,-0.106,104.639,-0.548,2.642,0.570,5,5,3.252
1778180212373,4.000,4.000,-0.840,2.501,-1.294,-1.287,104.374,-4.718,5.719,3.096,5,5,3.853
1778180212388,0.059,1.902,-0.016,1.729,-0.667,-1.271,103.053,-4.439,1.903,2.247,5,5,3.292
1778180212402,-0.092,1.614,0.540,2.304,-0.045,-0.685,100.052,-3.722,1.705,2.404,5,5,3.278
1778180212417,0.006,0.965,-0.225,2.501,-0.079,-0.787,100.347,-3.400,0.991,2.623,5,5,3.312
1778180212431,-0.185,0.752,-0.647,2.501,-0.053,-0.462,103.236,-2.073,1.009,2.544,5,5,3.248
1778180212444,0.232,0.506,-0.929,1.824,-0.327,-0.346,107.823,-3.052,1.083,1.885,5,5,3.816
1778180212458,-0.212,0.759,-0.734,1.393,-0.188,-0.258,110.318,-1.683,1.076,1.429,5,5,3.242
1778180212471,-0.076,0.771,-0.683,1.077,0.011,-0.184,112.336,-1.119,1.033,1.093,5,5,3.243
1778180212485,0.176,1.060,-0.333,0.470,-0.335,-0.121,111.868,-1.870,1.125,0.590,5,5,3.237
1778180212501,-0.093,0.831,-0.573,0.215,-0.076,0.013,113.080,-1.193,1.013,0.228,5,5,3.247
1778180212514,-0.055,0.863,-0.549,0.169,-0.074,0.014,113.973,-0.786,1.025,0.185,1,1,3.826
1778180212528,-0.018,0.795,-0.590,0.073,-0.015,-0.001,115.173,-0.611,0.990,0.075,1,1,3.286
1778180212541,-0.030,0.930,-0.519,0.044,-0.007,0.012,115.552,-0.400,1.065,0.046,1,1,3.254
1778180212557,0.022,0.936,-0.514,0.000,-0.014,0.025,115.857,-0.476,1.068,0.029,1,1,3.289
1778180212571,-0.014,0.949,-0.518,-0.013,-0.017,0.052,116.122,-0.361,1.082,0.057,1,1,3.278
1778180212584,-0.021,0.923,-0.502,-0.013,0.003,0.071,116.351,-0.220,1.051,0.073,1,1,3.936
1778180212603,-0.008,0.963,-0.503,0.002,0.033,0.100,116.466,-0.159,1.086,0.106,1,1,7.342
1778180212617,-0.074,0.966,-0.503,0.001,0.079,0.155,116.565,0.226,1.091,0.174,1,1,3.294
1778180212631,-0.098,0.928,-0.535,-0.008,0.131,0.219,116.886,0.701,1.076,0.255,1,1,3.253
1778180212645,-0.026,0.912,-0.541,-0.015,0.165,0.209,117.244,0.770,1.061,0.267,1,1,3.271
1778180212658,0.111,0.928,-0.486,-0.001,0.133,0.194,117.282,0.120,1.054,0.235,1,1,3.824
1778180212672,0.055,0.937,-0.489,0.013,0.102,0.176,117.309,-0.173,1.058,0.204,1,1,3.263
1778180212685,0.136,0.907,-0.488,0.008,0.079,0.122,117.400,-0.873,1.039,0.146,1,1,3.250
1778180212699,0.124,0.909,-0.486,0.022,0.049,0.078,117.469,-1.444,1.038,0.095,1,1,3.496
1778180212712,0.104,0.919,-0.484,0.030,0.030,0.031,117.497,-1.848,1.044,0.053,1,1,3.288
1778180212727,0.106,0.912,-0.490,0.039,0.017,-0.006,117.567,-2.231,1.040,0.043,1,1,3.841
1778180212745,0.076,0.927,-0.489,0.049,0.004,-0.031,117.589,-2.415,1.050,0.058,1,1,3.317
1778180212759,0.065,0.943,-0.497,0.053,-0.003,-0.039,117.609,-2.518,1.068,0.066,1,1,3.255
1778180212776,0.046,0.940,-0.508,0.052,-0.003,-0.037,117.683,-2.513,1.069,0.064,1,1,7.402
1778180212790,0.026,0.946,-0.505,0.050,0.003,-0.013,117.720,-2.404,1.073,0.052,1,1,3.258
1778180212807,0.016,0.919,-0.509,0.051,0.012,0.016,117.841,-2.258,1.050,0.055,1,1,7.531
1778180212821,0.031,0.906,-0.511,0.036,0.022,0.044,117.990,-2.205,1.041,0.061,1,1,3.271
1778180212835,0.028,0.991,-0.490,0.054,0.030,0.071,117.830,-2.134,1.106,0.094,1,1,3.733
1778180212848,0.047,0.964,-0.479,0.084,0.058,0.107,117.697,-2.168,1.077,0.148,1,1,3.253
1778180212863,0.051,0.948,-0.501,0.102,0.027,0.134,117.711,-2.219,1.074,0.170,1,1,4.730
1778180212876,0.044,1.028,-0.503,0.132,0.034,0.204,117.553,-2.218,1.145,0.246,4,4,3.844
1778180212890,0.062,1.207,-0.538,0.206,0.039,0.209,117.218,-2.262,1.323,0.296,4,4,3.244
1778180212904,0.128,0.882,-0.530,0.350,0.082,0.206,117.578,-2.724,1.037,0.414,4,4,3.245
1778180212917,-0.012,1.020,-0.555,0.406,0.078,0.240,117.670,-2.409,1.162,0.478,4,4,3.237
1778180212930,0.015,1.014,-0.537,0.459,0.069,0.244,117.692,-2.253,1.148,0.524,4,4,3.319
1778180212944,0.046,1.106,-0.528,0.529,0.099,0.400,117.487,-2.241,1.227,0.671,4,4,3.876
1778180212958,0.065,1.268,-0.581,0.650,0.116,0.541,117.212,-2.283,1.396,0.854,4,4,3.243
1778180212971,0.223,1.560,-0.551,0.840,0.088,0.291,116.474,-2.797,1.669,0.894,4,4,3.313
1778180212985,0.191,1.418,-0.531,1.126,0.034,0.265,115.908,-3.216,1.527,1.157,4,4,3.263
1778180212998,0.151,1.260,-0.554,1.249,0.036,0.245,115.701,-3.505,1.385,1.273,4,4,3.349
1778180213011,0.129,1.383,-0.520,1.405,-0.008,0.262,115.218,-3.646,1.483,1.429,4,4,3.851
1778180213025,0.210,1.297,-0.542,1.579,0.005,0.270,114.978,-4.106,1.421,1.602,4,4,3.310
1778180213039,0.148,1.428,-0.525,1.773,-0.055,0.261,114.523,-4.246,1.529,1.793,4,4,3.256
1778180213052,0.188,1.486,-0.471,2.021,-0.100,0.295,113.863,-4.497,1.570,2.045,4,4,3.272
1778180213066,0.150,1.482,-0.464,2.293,-0.074,0.275,113.246,-4.593,1.560,2.311,4,4,3.276
1778180213079,0.292,1.713,-0.420,2.501,-0.125,0.198,112.346,-5.051,1.787,2.512,4,4,3.993
1778180213093,0.510,1.997,-0.393,2.501,-0.215,0.081,111.280,-5.910,2.098,2.512,4,4,3.268
1778180213106,0.530,2.465,-0.473,2.501,-0.271,-0.072,110.289,-6.481,2.565,2.517,4,4,3.285
1778180213120,0.557,2.396,-0.654,2.501,-0.422,-0.051,109.812,-7.066,2.545,2.537,4,4,3.256
1778180213133,0.466,2.127,-0.813,2.501,-0.475,-0.045,109.917,-7.495,2.325,2.546,4,4,3.272
1778180213147,0.757,1.581,-0.861,2.501,-0.627,0.457,110.739,-8.952,1.953,2.619,4,4,3.866
1778180213161,0.043,1.606,-0.982,2.501,-0.533,0.686,111.758,-8.225,1.883,2.648,4,4,3.248
1778180213174,0.023,1.503,-0.518,2.501,-0.451,1.748,111.496,-7.523,1.589,3.085,4,4,3.252
1778180213187,0.358,1.375,0.038,2.501,-0.587,2.392,109.301,-8.195,1.421,3.510,4,4,3.253
1778180213201,0.560,0.918,0.302,2.501,-1.001,2.501,105.730,-10.276,1.117,3.676,4,4,3.249
1778180213214,0.162,-1.350,-0.966,2.501,-1.163,1.655,83.727,-9.829,1.668,3.217,4,4,3.820
1778180213228,-0.480,-0.581,-0.559,1.998,-0.889,0.764,63.028,-5.966,0.939,2.316,4,4,3.246
1778180213241,-0.635,-0.721,-0.386,0.903,-0.440,-0.216,45.789,-1.801,1.035,1.028,4,4,3.290
1778180213255,-0.400,-0.604,-0.305,-0.044,-0.066,-1.209,30.323,1.281,0.786,1.212,4,4,3.273
1778180213268,-0.025,-0.253,-0.223,-0.748,0.094,-1.779,14.940,1.561,0.338,1.932,4,4,3.248
1778180213281,0.148,-0.088,-0.183,-1.246,0.037,-1.702,-1.153,-2.023,0.251,2.110,4,4,3.854
1778180213295,0.237,0.003,-0.137,-1.616,-0.098,-1.106,15.963,-7.529,0.274,1.961,4,4,3.314
1778180213309,0.301,0.080,-0.085,-1.862,-0.282,-0.375,27.455,-13.350,0.323,1.920,4,4,3.247
1778180213322,0.165,0.207,-0.094,-2.050,-0.475,0.189,35.725,-15.499,0.281,2.113,4,4,3.470
1778180213336,-0.010,0.223,-0.094,-2.213,-0.584,0.465,43.060,-13.800,0.242,2.335,4,4,3.250
1778180213349,-0.144,0.021,-0.082,-2.467,-0.608,0.456,54.744,-6.814,0.166,2.582,4,4,3.809
1778180213363,-0.290,-0.092,-0.045,-2.501,-0.550,0.318,38.466,0.551,0.308,2.581,4,4,3.244
1778180213376,-0.355,-0.249,0.015,-2.501,-0.437,0.111,26.565,5.717,0.434,2.542,4,4,3.237
1778180213390,-0.404,0.031,0.088,-2.501,-0.269,0.002,25.905,12.501,0.415,2.516,4,4,3.273
1778180213403,-0.394,0.386,0.112,-2.501,-0.059,0.108,30.463,15.536,0.563,2.504,4,4,3.237
1778180213416,-0.326,0.741,0.056,-2.501,0.161,0.363,35.714,16.311,0.812,2.533,5,5,3.829
1778180213430,-0.141,0.938,-0.008,-2.501,0.341,0.604,40.926,15.574,0.949,2.596,5,5,3.249
1778180213444,0.007,1.019,-0.166,-2.501,0.414,0.693,46.476,14.054,1.032,2.628,5,5,3.249
1778180213457,0.012,1.076,-0.348,-2.501,0.474,0.681,52.323,12.659,1.131,2.636,5,5,3.280
1778180213470,-0.005,1.090,-0.508,-2.501,0.520,0.578,58.285,11.475,1.202,2.619,5,5,3.244
1778180213484,0.031,1.188,-0.594,-2.501,0.572,0.395,63.830,10.259,1.329,2.596,5,5,3.874
1778180213498,0.043,1.642,-0.915,-2.501,0.637,0.340,69.089,9.158,1.880,2.604,5,5,3.248
1778180213511,0.133,1.553,-1.098,-2.501,0.710,0.236,74.433,7.906,1.907,2.611,5,5,3.243
1778180213524,0.136,1.731,-1.370,-2.501,0.837,0.098,79.562,6.818,2.212,2.640,5,5,3.270
1778180213538,0.154,2.020,-1.684,-2.501,0.985,0.209,84.343,5.850,2.634,2.696,5,5,3.252
1778180213551,0.187,2.201,-2.040,-2.501,1.099,0.580,88.955,4.954,3.007,2.793,5,5,3.847
1778180213565,0.115,2.093,-2.394,-2.501,1.145,0.750,93.701,4.286,3.182,2.851,5,5,3.278
1778180213578,-0.006,1.742,-2.700,-2.501,1.135,0.589,98.788,3.888,3.213,2.809,5,5,3.254
1778180213592,0.027,1.557,-2.822,-1.795,1.058,-0.013,103.765,3.473,3.223,2.084,5,5,3.247
1778180213605,0.551,1.011,-2.815,-0.939,0.772,-0.612,109.138,2.150,3.042,1.361,5,5,3.257
1778180213619,0.719,0.582,-2.969,-0.369,0.286,-0.294,114.824,0.673,3.109,0.552,5,5,3.837
1778180213632,0.338,0.709,-2.938,-0.063,0.532,-0.518,119.734,0.003,3.041,0.745,5,5,3.251
1778180213646,1.694,1.017,1.293,1.643,-0.242,-0.425,111.976,-4.358,2.361,1.714,5,5,3.275
1778180213659,-0.300,1.965,1.210,2.230,-0.286,-0.439,106.877,-3.240,2.327,2.291,5,5,3.252
1778180213673,0.305,0.942,0.048,2.501,-0.323,-0.645,104.995,-4.638,0.991,2.603,5,5,3.242
1778180213686,-0.145,1.089,-0.159,2.501,-0.275,-0.485,104.357,-3.485,1.110,2.563,5,5,3.854
1778180213700,-0.192,0.551,-0.808,2.501,-0.199,-0.359,108.290,-2.096,0.997,2.535,5,5,3.254
1778180213713,-0.248,0.833,-0.675,2.175,-0.191,-0.171,110.262,-0.658,1.100,2.190,5,5,3.278
1778180213727,0.068,0.697,-0.749,1.649,-0.195,-0.082,112.811,-0.956,1.025,1.663,5,5,3.258
1778180213740,-0.216,0.770,-0.729,1.245,-0.021,0.003,114.771,0.229,1.082,1.245,5,5,3.258
1778180213753,-0.086,0.757,-0.647,0.905,0.116,0.105,116.272,0.679,1.000,0.918,1,1,3.877
1778180213767,0.156,0.544,-0.786,0.456,-0.015,0.039,119.035,-0.266,0.969,0.458,1,1,3.280
1778180213781,-0.140,0.811,-0.589,0.230,0.027,0.105,119.695,0.517,1.012,0.255,1,1,3.253
1778180213794,-0.008,0.907,-0.517,0.188,0.018,0.082,119.695,0.509,1.044,0.205,1,1,3.249
1778180213807,0.100,0.851,-0.545,0.096,0.008,0.079,119.973,-0.079,1.015,0.124,1,1,3.264
1778180213821,0.089,0.946,-0.498,0.062,0.003,0.071,119.763,-0.522,1.073,0.094,1,1,3.852
1778180213835,0.094,0.945,-0.487,0.062,-0.020,0.044,119.524,-0.953,1.067,0.079,1,1,3.319
1778180213848,0.047,0.958,-0.471,0.070,-0.024,0.026,119.207,-1.100,1.069,0.078,1,1,3.254
1778180213862,0.029,0.982,-0.473,0.069,-0.012,0.031,118.873,-1.141,1.090,0.077,1,1,3.290
1778180213875,0.032,0.953,-0.487,0.085,-0.008,0.044,118.699,-1.195,1.071,0.096,1,1,3.260
1778180213888,-0.006,0.956,-0.508,0.089,0.027,0.075,118.633,-1.053,1.083,0.119,1,1,3.864
1778180213902,0.019,0.956,-0.475,0.089,0.045,0.118,118.420,-1.051,1.068,0.154,1,1,3.250
1778180213916,0.065,0.896,-0.513,0.078,0.059,0.121,118.552,-1.293,1.034,0.156,1,1,3.250
1778180213929,0.088,0.942,-0.471,0.088,0.055,0.105,118.362,-1.626,1.057,0.147,1,1,3.260
1778180213942,0.086,0.912,-0.524,0.079,0.048,0.069,118.507,-1.915,1.056,0.115,1,1,3.276
1778180213956,0.117,0.868,-0.495,0.062,0.034,0.037,118.619,-2.371,1.006,0.079,1,1,3.843
1778180213970,0.118,0.891,-0.501,0.056,0.020,-0.003,118.687,-2.771,1.029,0.059,1,1,3.258
1778180213983,0.098,0.903,-0.499,0.046,0.005,-0.038,118.708,-3.025,1.037,0.061,1,1,3.288
1778180213996,0.074,0.936,-0.492,0.046,0.002,-0.048,118.618,-3.119,1.060,0.067,1,1,3.247
1778180214010,0.069,0.916,-0.496,0.034,0.001,-0.047,118.601,-3.182,1.044,0.058,1,1,3.249
1778180214023,0.074,0.892,-0.497,0.024,-0.002,-0.052,118.649,-3.273,1.024,0.058,1,1,3.850
1778180214037,0.057,0.927,-0.503,0.025,-0.008,-0.052,118.636,-3.254,1.056,0.059,1,1,3.279
1778180214051,0.067,0.919,-0.491,0.025,-0.017,-0.048,118.587,-3.296,1.044,0.057,1,1,3.261
1778180214064,0.028,0.928,-0.507,0.018,-0.017,-0.035,118.593,-3.127,1.058,0.043,1,1,3.290
1778180214077,0.032,0.941,-0.504,0.021,-0.016,-0.008,118.550,-2.995,1.068,0.028,1,1,3.241
1778180214091,0.051,0.950,-0.493,0.028,-0.015,0.011,118.445,-2.971,1.071,0.034,1,1,3.827
1778180214105,0.036,0.942,-0.509,0.041,-0.013,0.037,118.437,-2.871,1.071,0.057,1,1,3.277
1778180214118,0.044,0.917,-0.510,0.050,-0.020,0.056,118.498,-2.825,1.050,0.078,1,1,3.241
1778180214131,0.034,0.945,-0.502,0.067,-0.022,0.084,118.448,-2.728,1.071,0.110,1,1,3.280
1778180214145,0.063,0.941,-0.531,0.077,-0.024,0.109,118.540,-2.787,1.082,0.136,1,1,3.605
1778180214158,0.072,0.981,-0.500,0.103,-0.019,0.133,118.396,-2.879,1.103,0.169,1,1,3.848
1778180214172,-0.003,0.989,-0.528,0.126,-0.019,0.155,118.367,-2.591,1.121,0.200,1,1,3.250
1778180214186,0.094,0.969,-0.523,0.165,-0.017,0.105,118.365,-2.807,1.105,0.197,1,1,3.251
1778180214199,0.040,0.934,-0.527,0.220,-0.005,0.102,118.465,-2.745,1.073,0.243,1,1,3.264
1778180214212,0.038,1.016,-0.518,0.242,0.010,0.123,118.327,-2.663,1.141,0.272,1,1,3.258
1778180214226,0.036,1.012,-0.532,0.282,0.029,0.152,118.272,-2.582,1.144,0.321,4,4,3.851
1778180214240,0.047,1.076,-0.535,0.356,0.041,0.180,118.096,-2.551,1.203,0.402,4,4,3.255
1778180214253,0.075,1.052,-0.557,0.428,0.055,0.213,118.077,-2.651,1.192,0.481,4,4,3.263
1778180214266,0.029,1.135,-0.564,0.519,0.066,0.299,117.922,-2.523,1.268,0.603,4,4,3.254
1778180214280,0.108,1.230,-0.577,0.625,0.078,0.380,117.659,-2.717,1.363,0.736,4,4,3.244
1778180214293,0.142,1.518,-0.597,0.754,0.069,0.246,117.070,-2.931,1.637,0.796,4,4,3.949
1778180214307,0.176,1.637,-0.531,1.091,0.056,0.232,116.203,-3.208,1.730,1.117,4,4,3.253
1778180214321,0.130,1.425,-0.561,1.275,0.040,0.243,115.752,-3.366,1.537,1.299,4,4,3.310
1778180214334,0.099,1.587,-0.542,1.515,0.023,0.283,115.095,-3.367,1.680,1.542,4,4,3.261
1778180214348,0.141,1.595,-0.488,1.779,-0.036,0.351,114.327,-3.505,1.674,1.814,4,4,3.811
1778180214361,0.198,1.766,-0.413,2.092,-0.040,0.366,113.265,-3.764,1.825,2.124,4,4,3.925
1778180214375,0.326,1.866,-0.382,2.489,-0.083,0.355,112.153,-4.331,1.932,2.516,4,4,3.243
1778180214389,0.347,2.073,-0.324,2.501,-0.155,0.349,110.892,-4.812,2.126,2.530,4,4,3.262
1778180214402,0.220,2.338,-0.329,2.501,-0.249,0.283,109.667,-4.860,2.371,2.530,4,4,3.281
1778180214416,0.447,2.531,-0.423,2.501,-0.323,0.159,108.700,-5.338,2.605,2.527,4,4,3.246
1778180214429,0.315,2.266,-0.581,2.501,-0.352,0.185,108.289,-5.559,2.361,2.533,4,4,3.872
1778180214443,0.352,2.050,-0.621,2.501,-0.305,0.408,108.154,-5.918,2.170,2.553,4,4,3.250
1778180214456,0.265,1.941,-0.723,2.501,-0.410,0.468,108.371,-6.050,2.089,2.578,4,4,3.243
1778180214470,0.233,1.759,-0.348,2.501,-0.293,1.129,107.688,-6.177,1.808,2.760,4,4,3.242
1778180214483,0.345,1.636,0.041,2.501,-0.392,1.967,105.869,-6.723,1.673,3.206,4,4,3.236
1778180214496,0.838,1.415,0.419,2.501,-0.889,2.501,102.791,-8.898,1.696,3.647,4,4,3.830
1778180214510,0.193,-0.150,-0.635,2.501,-1.520,2.501,77.157,-9.618,0.681,3.850,4,4,3.237
1778180214523,-0.496,0.103,-0.329,2.501,-1.527,2.501,85.293,-3.450,0.604,3.853,4,4,3.271
1778180214537,-0.782,-0.398,-0.193,1.970,-1.312,1.868,66.162,2.633,0.898,3.015,4,4,3.272
1778180214550,-1.079,-0.913,-0.101,0.883,-0.701,0.277,50.705,7.098,1.417,1.161,4,4,3.496
1778180214564,-1.063,-0.733,-0.020,-0.157,-0.028,-1.355,37.176,11.692,1.292,1.364,4,4,3.857
1778180214578,-0.635,-0.268,-0.050,-0.958,0.405,-2.146,24.068,16.929,0.691,2.385,4,4,3.236
1778180214591,-0.293,-0.207,-0.031,-1.606,0.564,-2.282,12.406,20.501,0.360,2.847,4,4,3.277
1778180214604,0.185,-0.023,0.002,-2.085,0.417,-1.959,3.118,10.680,0.186,2.891,4,4,3.265
1778180214618,0.456,-0.010,-0.038,-2.474,0.049,-1.128,-12.933,1.571,0.458,2.719,4,4,3.256
1778180214631,0.491,0.148,-0.097,-2.501,-0.357,-0.341,0.017,-5.250,0.522,2.550,4,4,3.839
1778180214645,0.339,0.253,-0.109,-2.501,-0.715,0.095,10.803,-9.593,0.437,2.603,4,4,3.253
1778180214658,0.119,0.197,-0.086,-2.501,-0.943,0.070,20.588,-11.439,0.246,2.674,4,4,3.263
1778180214672,-0.177,0.199,-0.036,-2.501,-0.990,-0.151,28.157,-6.439,0.268,2.695,4,4,3.237
1778180214685,-0.328,0.323,-0.002,-2.501,-0.919,-0.349,34.077,-1.503,0.460,2.688,4,4,3.251
1778180214699,-0.308,0.477,-0.002,-2.501,-0.784,-0.359,39.419,1.761,0.568,2.646,4,4,3.884
1778180214712,-0.135,0.644,-0.057,-2.501,-0.655,-0.081,44.712,2.717,0.661,2.587,4,4,3.260
1778180214726,-0.020,0.757,-0.161,-2.501,-0.526,0.375,50.163,2.597,0.774,2.583,4,4,3.250
1778180214739,0.077,0.833,-0.333,-2.501,-0.399,0.843,56.023,1.882,0.901,2.670,4,4,3.250
1778180214753,0.093,0.893,-0.540,-2.501,-0.268,1.158,62.219,1.219,1.047,2.769,4,4,3.421
1778180214767,0.035,1.020,-0.773,-2.501,-0.137,1.238,68.397,0.955,1.280,2.794,5,5,3.940
1778180214781,0.019,1.272,-0.977,-2.501,0.004,0.942,74.020,0.800,1.604,2.673,5,5,3.254
1778180214794,-0.025,1.872,-1.361,-2.501,0.126,0.610,78.966,0.783,2.314,2.578,5,5,3.248
1778180214807,-0.010,1.702,-1.581,-2.501,0.278,0.426,84.095,0.733,2.323,2.553,5,5,3.243
1778180214821,-0.086,1.689,-1.767,-2.501,0.485,0.537,89.060,0.854,2.446,2.604,5,5,3.269
1778180214834,-0.145,1.796,-1.906,-2.501,0.755,0.781,93.593,1.074,2.623,2.727,5,5,3.844
1778180214848,-0.133,1.798,-2.018,-2.501,1.025,0.922,97.845,1.240,2.706,2.856,5,5,3.265
1778180214861,-0.409,1.629,-2.025,-2.501,1.254,1.023,101.967,1.973,2.631,2.979,5,5,3.250
1778180214875,-0.448,1.444,-2.106,-2.115,1.382,1.071,106.114,2.733,2.592,2.744,5,5,3.262
1778180214888,-0.436,1.210,-2.263,-1.668,1.341,0.810,110.466,3.390,2.603,2.288,5,5,3.266
1778180214901,-0.363,0.997,-2.208,-1.171,1.302,0.020,114.769,3.878,2.449,1.751,5,5,3.838
1778180214915,-0.268,1.891,-3.425,0.351,1.019,-0.981,118.226,3.882,3.922,1.457,5,5,3.269
1778180214929,1.372,1.502,-2.810,1.390,0.215,-0.974,121.426,1.297,3.469,1.711,5,5,3.250
1778180214942,0.249,-0.339,-1.694,2.501,-0.266,-0.466,93.830,0.394,1.745,2.558,5,5,3.257
1778180214956,0.016,1.129,0.036,2.279,-0.434,-0.041,93.292,0.280,1.130,2.320,5,5,3.698
1778180214969,0.405,1.143,-0.121,2.501,-0.438,-0.273,93.555,-1.594,1.219,2.554,5,5,3.843
1778180214983,-0.237,0.814,-0.657,2.485,-0.275,-0.215,96.918,-0.230,1.073,2.509,5,5,3.243
1778180214997,0.050,0.381,-1.131,1.989,-0.289,-0.151,103.049,-0.434,1.194,2.015,5,5,3.249
1778180215010,0.090,0.560,-0.866,1.379,-0.429,-0.277,107.242,-0.869,1.036,1.470,5,5,3.262
1778180215023,-0.222,0.721,-0.727,0.969,-0.137,-0.205,109.904,0.379,1.048,1.000,5,5,3.252
1778180215037,-0.101,0.904,-0.602,0.813,-0.042,-0.077,111.215,0.847,1.091,0.818,1,1,3.847
1778180215051,-0.100,1.043,-0.439,0.387,-0.108,0.020,111.370,1.246,1.137,0.402,1,1,3.318
1778180215064,0.013,0.806,-0.571,0.177,-0.007,0.148,112.694,1.053,0.988,0.231,1,1,3.265
1778180215077,0.006,0.860,-0.520,0.109,-0.003,0.138,113.499,0.922,1.005,0.175,1,1,3.261
1778180215091,0.035,0.844,-0.542,0.055,0.030,0.158,114.376,0.646,1.004,0.170,1,1,3.252
1778180215104,0.038,0.927,-0.510,0.025,0.055,0.148,114.800,0.388,1.059,0.159,1,1,3.890
1778180215118,0.122,0.905,-0.533,0.026,0.057,0.126,115.341,-0.280,1.057,0.141,1,1,3.245
1778180215132,0.163,0.936,-0.485,0.040,0.036,0.080,115.538,-1.092,1.066,0.096,1,1,3.293
1778180215145,0.148,0.946,-0.471,0.060,0.001,0.028,115.624,-1.746,1.067,0.066,1,1,3.283
1778180215159,-0.009,0.913,-0.520,0.053,-0.004,-0.003,116.008,-1.535,1.051,0.054,1,1,3.725
1778180215172,0.061,0.951,-0.496,0.063,-0.010,-0.002,116.153,-1.700,1.075,0.064,1,1,3.849
1778180215186,0.022,0.943,-0.515,0.058,0.015,0.023,116.391,-1.652,1.075,0.064,1,1,3.248
1778180215199,-0.011,0.999,-0.479,0.068,0.031,0.072,116.321,-1.442,1.108,0.104,1,1,3.251
1778180215213,0.024,0.940,-0.539,0.047,0.050,0.082,116.655,-1.424,1.084,0.107,1,1,3.249
1778180215226,0.044,0.920,-0.502,0.053,0.053,0.099,116.841,-1.516,1.049,0.124,1,1,3.239
1778180215240,0.026,0.891,-0.500,0.038,0.054,0.103,117.077,-1.512,1.022,0.122,1,1,3.888
1778180215254,0.086,0.901,-0.500,0.037,0.048,0.086,117.261,-1.821,1.034,0.105,1,1,3.292
1778180215267,0.083,0.915,-0.501,0.042,0.041,0.066,117.397,-2.078,1.046,0.089,1,1,3.280
1778180215280,0.085,0.916,-0.479,0.040,0.034,0.037,117.416,-2.327,1.037,0.065,1,1,3.255
1778180215294,0.081,0.904,-0.506,0.035,0.021,0.016,117.590,-2.530,1.040,0.044,1,1,3.251
1778180215307,0.073,0.896,-0.502,0.026,0.016,0.001,117.746,-2.675,1.030,0.030,1,1,3.897
1778180215321,0.051,0.891,-0.520,0.023,0.009,-0.010,117.988,-2.690,1.033,0.026,1,1,3.246
1778180215334,0.078,0.917,-0.494,0.020,-0.001,-0.021,118.019,-2.843,1.045,0.029,1,1,3.256
1778180215348,0.091,0.909,-0.490,0.020,-0.012,-0.034,118.051,-3.053,1.037,0.041,1,1,3.276
1778180215362,0.054,0.921,-0.497,0.021,-0.022,-0.025,118.079,-3.044,1.048,0.040,1,1,3.587
1778180215375,0.065,0.938,-0.501,0.033,-0.030,-0.019,118.081,-3.088,1.065,0.048,4,4,3.866
1778180215389,0.064,0.937,-0.505,0.054,-0.036,-0.006,118.105,-3.124,1.066,0.065,4,4,3.255
1778180215402,0.071,0.947,-0.496,0.064,-0.046,0.010,118.063,-3.190,1.071,0.079,4,4,3.280
1778180215416,0.059,0.930,-0.512,0.069,-0.048,0.022,118.137,-3.188,1.063,0.087,4,4,3.284
1778180215429,0.063,0.944,-0.503,0.080,-0.055,0.045,118.132,-3.207,1.071,0.107,4,4,3.262
1778180215442,0.043,0.963,-0.500,0.099,-0.056,0.047,118.066,-3.120,1.086,0.123,4,4,3.848
1778180215456,0.044,0.984,-0.520,0.128,-0.046,0.024,118.044,-3.037,1.114,0.139,4,4,3.255
1778180215470,0.026,0.965,-0.513,0.156,-0.034,0.052,118.038,-2.877,1.093,0.168,4,4,3.262
1778180215483,0.026,0.935,-0.525,0.175,-0.015,0.070,118.160,-2.735,1.073,0.189,4,4,3.272
1778180215496,0.049,0.911,-0.536,0.182,-0.014,0.080,118.382,-2.726,1.058,0.199,4,4,3.247
1778180215510,0.071,0.903,-0.530,0.190,-0.008,0.080,118.574,-2.838,1.049,0.206,4,4,3.841
1778180215524,0.054,0.917,-0.535,0.201,-0.007,0.083,118.734,-2.845,1.064,0.217,4,4,3.269
1778180215537,0.068,0.927,-0.550,0.211,-0.007,0.084,118.916,-2.920,1.080,0.227,4,4,3.253
1778180215550,0.090,0.971,-0.545,0.242,-0.016,0.077,118.951,-3.083,1.117,0.254,4,4,3.266
1778180215564,0.126,1.006,-0.524,0.304,-0.020,0.077,118.816,-3.392,1.142,0.314,4,4,3.820
1778180215578,0.093,1.031,-0.561,0.366,-0.026,0.092,118.789,-3.501,1.177,0.379,4,4,3.893
1778180215592,0.000,1.117,-0.565,0.419,-0.009,0.154,118.602,-3.168,1.251,0.446,4,4,3.302
1778180215605,0.003,1.409,-0.580,0.551,0.016,0.200,118.010,-2.876,1.524,0.587,4,4,3.251
1778180215619,0.071,1.761,-0.523,0.812,0.043,0.065,116.920,-2.812,1.838,0.816,4,4,3.286
1778180215632,0.127,1.360,-0.589,0.992,0.021,0.105,116.586,-3.010,1.487,0.997,4,4,3.266
1778180215645,-0.015,1.553,-0.565,1.188,0.043,0.124,115.958,-2.673,1.653,1.196,4,4,3.904
1778180215659,0.089,1.551,-0.530,1.428,0.021,0.176,115.283,-2.716,1.642,1.439,4,4,3.261
1778180215673,0.170,1.602,-0.510,1.673,-0.032,0.221,114.559,-3.007,1.689,1.687,4,4,3.244
1778180215686,0.120,1.584,-0.472,1.944,-0.071,0.246,113.801,-3.115,1.657,1.961,4,4,3.254
1778180215699,0.234,1.580,-0.460,2.226,-0.137,0.269,113.081,-3.588,1.662,2.247,4,4,3.271
1778180215713,0.364,1.728,-0.443,2.501,-0.196,0.310,112.254,-4.343,1.820,2.528,4,4,3.811
1778180215727,0.214,1.832,-0.550,2.501,-0.290,0.428,111.727,-4.536,1.925,2.554,4,4,3.264
1778180215740,0.280,2.038,-0.556,2.501,-0.356,0.655,111.113,-4.821,2.131,2.610,4,4,3.256
1778180215753,0.308,2.024,-0.702,2.501,-0.403,0.795,110.924,-5.141,2.164,2.655,4,4,3.241
1778180215767,0.347,1.691,-0.692,2.501,-0.482,0.907,111.050,-5.675,1.860,2.704,4,4,3.304
1778180215780,0.205,1.578,-0.800,2.501,-0.533,0.973,111.604,-5.764,1.781,2.736,4,4,3.846
1778180215794,0.205,1.840,-0.660,2.501,-0.521,1.597,111.427,-5.784,1.965,3.013,4,4,3.288
1778180215808,0.269,1.180,-0.373,2.501,-0.640,2.099,111.057,-6.398,1.267,3.328,4,4,3.260
1778180215821,0.290,1.454,-0.159,2.501,-0.903,2.501,109.648,-6.856,1.491,3.651,4,4,3.253
1778180215834,0.513,1.813,0.105,2.501,-1.459,2.501,107.463,-7.705,1.887,3.826,4,4,3.245
1778180215848,-0.352,0.114,-0.467,2.501,-1.622,2.501,113.056,-3.526,0.595,3.892,4,4,3.869
1778180215862,-0.652,0.211,-0.452,2.501,-1.508,2.501,117.042,1.808,0.821,3.845,4,4,3.268
1778180215875,-0.925,-0.183,-0.483,2.267,-1.131,1.862,90.757,7.422,1.059,3.144,4,4,3.250
1778180215888,-1.126,-0.623,-0.472,1.474,-0.525,0.575,70.027,11.969,1.371,1.667,4,4,3.291
1778180215902,-1.020,-0.652,-0.367,0.637,0.108,-0.688,52.011,15.944,1.265,0.944,4,4,3.259
1778180215915,-0.810,-0.391,-0.362,-0.066,0.572,-1.395,34.432,19.821,0.969,1.509,4,4,3.854
1778180215929,-0.486,-0.304,-0.243,-0.692,0.854,-1.594,18.918,22.817,0.623,1.936,4,4,3.259
1778180215942,-0.060,-0.158,-0.156,-1.172,0.859,-1.454,4.319,22.081,0.230,2.056,4,4,3.276
1778180215956,0.175,0.013,-0.195,-1.492,0.609,-0.808,20.662,15.990,0.262,1.803,4,4,3.266
1778180215970,0.330,0.077,-0.206,-1.709,0.228,-0.071,33.866,9.116,0.396,1.726,4,4,3.707
1778180215983,0.226,0.152,-0.216,-1.866,-0.136,0.361,44.417,4.391,0.348,1.906,4,4,3.866
1778180215997,0.032,0.122,-0.217,-2.014,-0.420,0.357,54.518,3.267,0.251,2.088,4,4,3.303
1778180216010,-0.210,0.016,-0.225,-2.227,-0.558,0.100,66.071,7.040,0.309,2.298,4,4,3.255
1778180216024,-0.346,-0.098,-0.227,-2.501,-0.584,-0.202,44.879,11.553,0.425,2.577,4,4,3.265
1778180216037,-0.424,-0.089,-0.208,-2.501,-0.531,-0.428,25.684,16.342,0.481,2.593,4,4,3.256
1778180216050,-0.374,0.052,-0.175,-2.501,-0.438,-0.484,38.782,20.873,0.416,2.585,4,4,3.953
1778180216064,-0.237,0.292,-0.177,-2.501,-0.340,-0.354,46.632,22.200,0.416,2.549,4,4,3.260
1778180216078,-0.082,0.572,-0.224,-2.501,-0.303,-0.142,52.794,20.809,0.620,2.524,4,4,3.247
1778180216091,0.046,0.727,-0.320,-2.501,-0.272,0.087,58.594,18.517,0.795,2.518,4,4,3.279
1778180216105,0.046,0.778,-0.426,-2.501,-0.244,0.352,64.314,16.474,0.888,2.538,4,4,3.243
1778180216118,0.160,0.881,-0.533,-2.501,-0.265,0.508,69.724,14.068,1.042,2.566,5,5,3.884
1778180216132,0.203,0.952,-0.640,-2.501,-0.334,0.540,74.881,11.776,1.165,2.581,5,5,3.261
1778180216145,0.245,0.945,-0.718,-2.501,-0.424,0.562,79.858,9.547,1.212,2.599,5,5,3.248
1778180216159,0.259,1.173,-0.860,-2.501,-0.496,0.727,84.270,7.679,1.478,2.652,5,5,3.264
1778180216172,0.169,1.266,-1.006,-2.501,-0.478,0.992,88.474,6.381,1.626,2.733,5,5,3.649
1778180216186,0.022,1.399,-1.172,-2.501,-0.336,1.155,92.421,5.708,1.825,2.775,5,5,3.947
1778180216200,-0.182,1.527,-1.395,-2.501,-0.023,1.158,96.225,5.643,2.076,2.757,5,5,3.250
1778180216213,-0.263,1.855,-1.593,-2.501,0.325,1.175,99.500,5.689,2.459,2.783,5,5,3.271
1778180216227,-0.240,1.901,-1.857,-2.501,0.572,1.369,102.813,5.639,2.668,2.908,5,5,3.256
1778180216240,-0.264,1.854,-2.084,-2.154,0.620,1.521,106.193,5.616,2.802,2.709,5,5,3.260
1778180216253,-0.381,1.367,-2.356,-1.700,0.522,1.426,110.349,5.840,2.750,2.279,5,5,3.823
1778180216267,-0.531,0.853,-2.428,-1.413,0.337,0.777,115.133,6.393,2.628,1.647,5,5,3.254
1778180216281,-0.273,0.919,-2.549,-0.855,0.125,-0.073,119.417,6.332,2.723,0.867,5,5,3.265
1778180216294,-0.013,0.483,-2.694,-0.216,-0.085,-0.321,124.213,5.756,2.737,0.396,5,5,3.312
1778180216307,0.627,0.901,-2.600,1.647,-0.576,-1.229,127.702,3.988,2.822,2.134,5,5,3.260
1778180216321,-0.866,1.599,-0.318,1.057,-0.185,-1.038,125.187,6.270,1.846,1.492,1,1,3.858
1778180216335,0.360,1.977,0.593,1.623,0.004,-0.652,120.251,4.733,2.095,1.749,1,1,3.253
1778180216348,0.024,1.357,-0.222,1.998,-0.107,-0.768,118.258,4.186,1.376,2.143,1,1,3.288
1778180216361,-0.154,0.695,-0.857,1.785,-0.269,-0.554,120.418,4.545,1.114,1.888,1,1,3.252
1778180216375,0.039,0.614,-0.722,1.431,-0.472,-0.528,122.245,3.887,0.949,1.597,1,1,3.297
1778180216388,-0.256,0.677,-0.726,1.076,-0.214,-0.429,123.648,4.892,1.025,1.178,1,1,3.897
1778180216402,-0.091,0.103,-1.372,0.611,-0.421,-0.093,128.600,4.785,1.378,0.748,1,1,3.243
1778180216416,-0.376,0.854,-0.599,0.348,-0.132,-0.056,128.260,6.218,1.109,0.377,1,1,3.281
1778180216429,-0.129,0.893,-0.536,0.152,-0.006,0.128,127.566,6.300,1.049,0.199,1,1,3.242
1778180216442,-0.153,0.952,-0.477,0.119,0.076,0.234,126.522,6.478,1.075,0.274,1,1,3.292
1778180216456,0.092,0.892,-0.480,0.068,0.104,0.220,125.740,5.371,1.018,0.253,1,1,3.855
1778180216470,0.102,0.931,-0.441,0.054,0.093,0.189,124.751,4.320,1.035,0.217,1,1,3.258
1778180216483,0.103,0.951,-0.449,0.047,0.070,0.141,123.852,3.377,1.057,0.165,1,1,3.253
1778180216496,0.078,0.873,-0.509,0.032,0.052,0.080,123.507,2.636,1.013,0.101,1,1,3.260
1778180216510,0.145,0.929,-0.464,0.045,0.001,0.043,122.842,1.628,1.049,0.062,1,1,3.272
1778180216523,0.128,0.898,-0.474,0.037,-0.019,-0.003,122.363,0.792,1.023,0.042,1,1,3.873
1778180216537,0.050,0.923,-0.455,0.052,-0.038,-0.008,121.782,0.454,1.030,0.065,1,1,3.268
1778180216550,-0.031,0.951,-0.482,0.052,-0.044,0.003,121.317,0.567,1.067,0.069,1,1,3.262
1778180216564,-0.004,0.960,-0.486,0.049,-0.016,0.013,120.892,0.533,1.076,0.054,1,1,3.290
1778180216577,0.018,0.930,-0.512,0.044,0.002,0.042,120.698,0.390,1.062,0.061,1,1,3.336
1778180216591,0.019,0.923,-0.503,0.043,0.023,0.069,120.498,0.255,1.051,0.084,1,1,3.854
1778180216605,0.011,0.966,-0.491,0.045,0.030,0.072,120.160,0.176,1.083,0.090,1,1,3.326
1778180216618,0.094,0.917,-0.451,0.046,0.012,0.063,119.781,-0.342,1.026,0.079,1,1,3.257
1778180216631,0.096,0.907,-0.467,0.041,0.005,0.023,119.538,-0.823,1.024,0.047,1,1,3.248
1778180216645,0.065,0.927,-0.488,0.039,-0.002,0.019,119.369,-1.081,1.050,0.043,1,1,3.254
1778180216658,0.028,0.943,-0.486,0.037,-0.004,0.014,119.168,-1.121,1.061,0.040,1,1,3.860
1778180216672,0.034,0.944,-0.486,0.032,-0.001,0.015,118.985,-1.187,1.062,0.036,1,1,3.285
1778180216685,0.012,0.938,-0.491,0.033,0.001,0.032,118.855,-1.136,1.059,0.046,1,1,3.252
1778180216699,0.035,0.916,-0.508,0.031,0.011,0.030,118.869,-1.210,1.047,0.045,1,1,3.270
1778180216712,0.035,0.923,-0.501,0.034,0.010,0.036,118.836,-1.277,1.051,0.050,1,1,3.254
1778180216726,0.047,0.922,-0.494,0.033,0.011,0.029,118.774,-1.398,1.047,0.046,1,1,3.857
1778180216740,0.059,0.915,-0.495,0.030,0.008,0.019,118.740,-1.572,1.042,0.036,1,1,3.264
1778180216753,0.060,0.909,-0.484,0.028,-0.001,0.006,118.672,-1.740,1.031,0.029,1,1,3.254
1778180216766,0.056,0.919,-0.497,0.027,-0.006,-0.008,118.646,-1.868,1.047,0.029,1,1,3.261
1778180216780,0.050,0.917,-0.487,0.025,-0.014,-0.022,118.580,-1.953,1.040,0.036,1,1,3.312
1778180216793,0.041,0.924,-0.500,0.027,-0.019,-0.031,118.563,-1.977,1.051,0.045,5,5,3.850
1778180216807,0.064,0.923,-0.489,0.036,-0.024,-0.037,118.501,-2.121,1.046,0.057,5,5,3.248
1778180216820,0.039,0.926,-0.495,0.040,-0.029,-0.038,118.467,-2.122,1.051,0.062,5,5,3.245
1778180216834,0.040,0.931,-0.495,0.041,-0.026,-0.032,118.421,-2.126,1.055,0.058,5,5,3.265
1778180216847,0.037,0.924,-0.496,0.043,-0.023,-0.020,118.404,-2.118,1.049,0.053,5,5,3.267
1778180216861,0.009,0.911,-0.496,0.042,-0.016,-0.006,118.420,-1.962,1.037,0.045,1,1,3.852
1778180216875,0.006,0.921,-0.509,0.037,-0.009,0.012,118.467,-1.806,1.052,0.040,1,1,3.264
1778180216888,0.039,0.936,-0.497,0.037,-0.004,0.019,118.419,-1.835,1.060,0.042,1,1,3.267
1778180216901,0.026,0.915,-0.505,0.039,-0.004,0.022,118.463,-1.795,1.046,0.045,1,1,3.261
1778180216915,0.002,0.900,-0.503,0.031,0.007,0.031,118.534,-1.636,1.031,0.045,1,1,3.292
1778180216928,0.033,0.921,-0.499,0.040,0.002,0.040,118.527,-1.655,1.048,0.057,1,1,3.892
1778180216942,0.008,0.918,-0.499,0.038,0.017,0.053,118.524,-1.538,1.045,0.067,1,1,3.283
1778180216955,0.012,0.932,-0.516,0.033,0.027,0.075,118.568,-1.454,1.066,0.087,1,1,3.250
1778180216969,0.045,0.946,-0.512,0.034,0.030,0.080,118.556,-1.546,1.076,0.092,1,1,3.296
1778180216982,0.047,0.934,-0.505,0.035,0.027,0.086,118.544,-1.638,1.063,0.097,1,1,3.255
1778180216996,0.070,0.920,-0.531,0.036,0.020,0.076,118.681,-1.843,1.064,0.087,1,1,3.948
1778180217010,0.083,0.957,-0.483,0.053,0.006,0.074,118.501,-2.089,1.075,0.091,1,1,3.276
1778180217023,0.087,0.940,-0.497,0.056,-0.014,0.076,118.442,-2.333,1.067,0.095,1,1,3.262
1778180217036,0.057,0.969,-0.511,0.071,-0.028,0.096,118.385,-2.397,1.097,0.123,1,1,3.247
1778180217050,0.041,1.069,-0.516,0.123,-0.030,0.069,118.136,-2.356,1.188,0.145,1,1,3.249
1778180217063,-0.019,1.157,-0.496,0.259,-0.027,0.068,117.668,-2.048,1.259,0.269,4,4,3.866
1778180217077,0.077,1.048,-0.515,0.307,-0.032,0.061,117.527,-2.212,1.170,0.315,4,4,3.262
1778180217090,0.060,0.952,-0.530,0.346,-0.001,0.139,117.675,-2.299,1.091,0.373,4,4,3.250
1778180217104,0.029,1.018,-0.536,0.409,-0.021,0.210,117.686,-2.219,1.151,0.460,4,4,3.250
1778180217117,0.068,1.046,-0.507,0.467,-0.013,0.271,117.511,-2.325,1.164,0.540,4,4,3.256
1778180217131,-0.025,1.214,-0.565,0.549,0.006,0.296,117.270,-2.001,1.340,0.623,4,4,3.892
1778180217145,0.172,1.469,-0.549,0.736,-0.009,0.085,116.625,-2.406,1.577,0.740,4,4,3.251
1778180217158,0.155,1.090,-0.558,0.854,-0.020,0.112,116.673,-2.863,1.235,0.861,4,4,3.260
1778180217171,0.071,1.151,-0.607,0.926,-0.020,0.086,116.780,-2.887,1.303,0.930,4,4,3.307
1778180217185,0.029,1.146,-0.571,1.016,-0.030,0.109,116.752,-2.735,1.281,1.022,4,4,3.272
1778180217198,0.113,1.148,-0.584,1.102,-0.023,0.112,116.774,-2.950,1.293,1.108,4,4,3.837
1778180217212,0.101,1.133,-0.610,1.216,-0.066,0.138,116.918,-3.095,1.290,1.226,4,4,3.261
1778180217225,0.169,1.155,-0.549,1.314,-0.053,0.155,116.776,-3.515,1.290,1.325,4,4,3.282
1778180217239,0.205,1.117,-0.603,1.414,-0.106,0.186,116.926,-4.053,1.286,1.430,4,4,3.255
1778180217252,0.192,1.184,-0.603,1.552,-0.161,0.296,116.932,-4.449,1.343,1.588,4,4,3.269
1778180217265,0.277,1.288,-0.639,1.686,-0.241,0.457,116.880,-5.062,1.464,1.764,4,4,3.853
1778180217279,0.309,1.270,-0.623,1.860,-0.369,0.747,116.808,-5.751,1.447,2.038,4,4,3.269
1778180217293,0.290,1.416,-0.694,2.017,-0.482,0.996,116.742,-6.195,1.604,2.300,4,4,3.288
1778180217306,0.284,1.630,-0.610,2.268,-0.556,1.094,116.151,-6.488,1.763,2.578,4,4,3.247
1778180217320,0.175,1.564,-0.720,2.476,-0.592,1.292,116.013,-6.422,1.731,2.854,4,4,3.274
1778180217333,0.181,1.327,-0.592,2.501,-0.627,1.483,115.825,-6.487,1.465,2.975,4,4,3.844
1778180217347,0.153,1.308,-0.702,2.501,-0.622,1.696,116.053,-6.430,1.493,3.085,4,4,3.264
1778180217360,0.235,1.236,-0.966,2.501,-0.639,2.093,117.191,-6.630,1.587,3.323,4,4,3.259
1778180217374,0.268,1.132,-0.883,2.501,-0.704,2.501,118.213,-7.006,1.460,3.607,4,4,3.243
1778180217388,0.173,0.894,-0.745,2.478,-0.805,2.501,119.317,-7.142,1.177,3.612,4,4,4.031
1778180217401,0.103,0.767,-0.706,2.267,-0.954,2.501,120.580,-7.000,1.047,3.508,4,4,3.886
1778180217415,0.075,0.900,-0.468,2.245,-1.136,2.501,120.285,-6.735,1.017,3.548,4,4,3.254
1778180217428,0.310,1.075,-0.441,2.406,-1.488,2.501,119.525,-7.515,1.203,3.776,4,4,3.294
1778180217442,-0.340,-0.315,-0.783,2.180,-1.502,2.198,93.119,-4.712,0.910,3.440,4,4,3.253
1778180217459,-0.560,-0.468,-0.743,1.562,-1.154,1.668,70.203,-1.170,1.041,2.560,4,4,7.241
1778180217472,-0.865,-0.500,-0.729,0.792,-0.674,0.944,49.677,3.162,1.236,1.404,4,4,3.871
1778180217486,-0.830,-0.532,-0.620,0.210,-0.145,0.184,31.697,7.185,1.165,0.314,4,4,3.275
1778180217500,-0.664,-0.358,-0.573,-0.237,0.256,-0.273,14.601,10.732,0.947,0.443,4,4,3.257
1778180217513,-0.485,-0.148,-0.495,-0.523,0.512,-0.389,-2.326,13.821,0.708,0.829,4,4,3.252
1778180217529,-0.242,0.000,-0.414,-0.699,0.607,-0.267,15.015,15.392,0.479,0.963,4,4,3.285
1778180217543,-0.107,-0.079,-0.380,-0.884,0.525,-0.062,-2.422,15.398,0.403,1.030,4,4,3.860
1778180217557,0.042,-0.359,-0.293,-1.262,0.297,0.164,-14.485,13.436,0.466,1.306,4,4,3.289
1778180217571,0.044,-0.583,-0.202,-1.810,0.049,0.324,-23.486,11.766,0.619,1.840,4,4,3.258
1778180217586,-0.030,-0.627,-0.138,-2.468,-0.136,0.458,-30.992,10.902,0.643,2.513,4,4,5.245
1778180217599,-0.121,-0.128,-0.070,-2.501,-0.259,0.634,-39.340,13.650,0.190,2.593,4,4,3.259
1778180217613,-0.242,0.256,-0.104,-2.501,-0.277,0.850,-24.939,16.271,0.367,2.656,4,4,3.953
1778180217629,-0.349,0.548,-0.267,-2.501,-0.208,1.101,-11.534,17.558,0.703,2.741,4,4,3.284
1778180217643,-0.394,0.516,-0.359,-2.501,-0.155,1.059,1.437,18.940,0.742,2.721,4,4,3.251
1778180217656,-0.437,0.398,-0.438,-2.501,-0.121,0.786,14.399,20.605,0.735,2.625,4,4,3.292
1778180217669,-0.394,0.314,-0.486,-2.501,-0.145,0.391,27.025,21.904,0.700,2.536,4,4,3.254
1778180217683,-0.310,0.397,-0.562,-2.501,-0.190,0.106,38.221,22.129,0.755,2.511,5,5,4.240
1778180217697,-0.204,0.640,-0.733,-2.501,-0.261,0.136,47.794,21.151,0.994,2.519,5,5,3.246
1778180217710,-0.132,0.838,-0.928,-2.501,-0.361,0.306,56.368,19.712,1.258,2.546,5,5,3.265
1778180217724,-0.154,0.826,-1.040,-2.495,-0.428,0.198,64.471,18.467,1.337,2.540,5,5,3.256
1778180217737,-0.288,0.833,-1.136,-2.321,-0.408,-0.038,72.012,17.808,1.437,2.357,5,5,3.252
1778180217751,-0.286,0.815,-1.150,-2.193,-0.277,-0.289,78.923,17.204,1.438,2.230,5,5,3.864
1778180217764,-0.221,0.959,-1.179,-2.049,-0.105,-0.343,84.815,16.353,1.536,2.080,5,5,3.262
1778180217778,-0.105,1.097,-1.204,-1.816,0.057,-0.224,89.842,15.149,1.632,1.831,5,5,3.269
1778180217791,-0.020,1.116,-1.211,-1.581,0.199,-0.120,94.360,13.774,1.647,1.598,5,5,3.265
1778180217805,0.003,1.074,-1.212,-1.385,0.351,-0.058,98.555,12.452,1.619,1.430,5,5,3.258
1778180217818,0.058,1.094,-1.211,-1.242,0.469,-0.064,102.297,11.074,1.633,1.329,5,5,3.867
1778180217832,0.074,1.169,-1.199,-1.042,0.573,0.006,105.477,9.780,1.676,1.189,5,5,3.252
1778180217845,0.116,1.195,-1.149,-0.835,0.608,0.042,108.181,8.468,1.662,1.033,5,5,3.285
1778180217859,0.156,1.184,-1.079,-0.629,0.597,0.007,110.477,7.133,1.609,0.867,5,5,3.257
1778180217872,0.169,1.097,-0.985,-0.485,0.562,-0.014,112.516,5.831,1.484,0.742,5,5,3.276
1778180217885,0.231,1.066,-0.920,-0.402,0.507,0.037,114.254,4.390,1.427,0.648,5,5,3.864
1778180217899,0.341,1.120,-0.983,-0.262,0.361,-0.044,115.873,2.745,1.529,0.448,5,5,3.249
1778180217913,-1.369,-4.000,-0.497,0.148,0.152,-0.179,95.616,4.268,4.257,0.277,5,5,3.264
1778180217926,0.146,1.932,-0.382,0.410,-0.242,-0.176,96.146,3.459,1.975,0.508,5,5,3.252
1778180217940,0.076,0.897,-0.583,0.237,-0.143,-0.239,98.701,2.743,1.072,0.365,5,5,3.310
1778180217953,0.035,0.995,-0.476,0.176,-0.080,-0.201,100.307,2.308,1.104,0.279,1,1,3.852
1778180217967,0.003,0.976,-0.490,0.154,-0.072,-0.136,101.863,2.074,1.092,0.218,1,1,3.254
1778180217980,-0.013,0.929,-0.491,0.146,-0.055,-0.067,103.385,1.946,1.051,0.170,1,1,3.306
1778180217994,-0.039,0.904,-0.500,0.109,-0.032,-0.006,104.866,1.966,1.034,0.113,1,1,3.260
1778180218007,-0.054,0.903,-0.486,0.075,-0.004,0.058,106.145,2.068,1.027,0.095,1,1,3.281
1778180218020,0.003,0.908,-0.489,0.054,0.010,0.094,107.301,1.854,1.031,0.109,1,1,3.886
1778180218034,0.061,0.918,-0.467,0.050,0.008,0.092,108.222,1.357,1.032,0.105,1,1,3.264
1778180218048,0.097,0.924,-0.459,0.054,-0.004,0.063,109.000,0.717,1.036,0.083,1,1,3.252
1778180218061,0.117,0.923,-0.475,0.059,-0.027,0.012,109.783,0.037,1.044,0.066,1,1,3.259
1778180218074,0.106,0.913,-0.471,0.059,-0.053,-0.040,110.496,-0.526,1.033,0.089,1,1,3.269
1778180218088,0.078,0.917,-0.485,0.053,-0.072,-0.073,111.197,-0.884,1.041,0.116,1,1,3.858
1778180218102,0.065,0.939,-0.475,0.050,-0.081,-0.090,111.735,-1.135,1.054,0.131,1,1,3.720
1778180218116,0.039,0.934,-0.483,0.054,-0.090,-0.095,112.271,-1.227,1.052,0.141,1,1,3.252
1778180218129,-0.001,0.938,-0.484,0.053,-0.085,-0.075,112.747,-1.103,1.056,0.125,1,1,3.259
1778180218143,0.010,0.937,-0.492,0.055,-0.076,-0.044,113.218,-1.049,1.058,0.104,1,1,3.271
1778180218156,-0.011,0.933,-0.495,0.054,-0.061,-0.016,113.669,-0.893,1.056,0.083,1,1,3.847
1778180218170,-0.003,0.935,-0.495,0.047,-0.045,0.013,114.072,-0.794,1.058,0.067,1,1,3.297
1778180218183,0.004,0.926,-0.499,0.043,-0.030,0.029,114.475,-0.739,1.052,0.060,1,1,3.258
1778180218197,0.019,0.923,-0.490,0.036,-0.023,0.041,114.806,-0.768,1.045,0.059,1,1,3.286
1778180218210,0.055,0.927,-0.477,0.037,-0.019,0.036,115.038,-0.980,1.044,0.055,1,1,3.242
1778180218223,0.050,0.925,-0.482,0.038,-0.026,0.028,115.272,-1.150,1.044,0.053,1,1,3.808
1778180218237,0.054,0.923,-0.494,0.034,-0.024,0.023,115.546,-1.322,1.048,0.047,1,1,3.341
1778180218251,0.046,0.923,-0.492,0.029,-0.021,0.019,115.788,-1.437,1.047,0.040,1,1,3.335
1778180218264,0.041,0.921,-0.488,0.023,-0.022,0.015,115.991,-1.512,1.044,0.035,1,1,3.248
1778180218278,0.051,0.920,-0.492,0.019,-0.022,0.010,116.196,-1.633,1.045,0.031,1,1,3.266
1778180218291,0.026,0.924,-0.486,0.013,-0.021,0.010,116.346,-1.615,1.044,0.026,1,1,3.855
1778180218305,0.016,0.915,-0.495,0.010,-0.014,0.016,116.542,-1.546,1.040,0.024,1,1,3.592
1778180218319,0.029,0.927,-0.489,0.004,-0.012,0.019,116.663,-1.551,1.048,0.023,1,1,3.250
1778180218332,0.036,0.929,-0.489,0.000,-0.010,0.021,116.766,-1.593,1.050,0.023,1,1,3.255
1778180218345,0.030,0.917,-0.497,-0.005,-0.007,0.023,116.929,-1.597,1.044,0.025,1,1,3.266
1778180218359,0.036,0.924,-0.499,-0.006,-0.005,0.026,117.067,-1.631,1.050,0.027,1,1,3.845
1778180218373,0.031,0.933,-0.490,-0.008,-0.004,0.031,117.128,-1.634,1.054,0.033,1,1,3.250
1778180218386,0.025,0.917,-0.498,-0.010,-0.003,0.038,117.262,-1.608,1.044,0.039,1,1,3.258
1778180218399,0.029,0.933,-0.487,-0.008,-0.001,0.040,117.289,-1.607,1.053,0.041,1,1,3.263
1778180218413,0.025,0.927,-0.483,-0.008,-0.001,0.048,117.310,-1.585,1.045,0.049,1,1,3.250
1778180218426,0.048,0.927,-0.484,-0.009,-0.000,0.047,117.336,-1.686,1.047,0.048,1,1,3.880
1778180218440,0.054,0.927,-0.491,-0.004,-0.003,0.046,117.393,-1.805,1.050,0.046,1,1,3.299
1778180218453,0.061,0.930,-0.485,-0.003,-0.006,0.036,117.406,-1.949,1.051,0.037,1,1,3.256
1778180218467,0.051,0.917,-0.489,0.000,-0.010,0.030,117.470,-2.028,1.040,0.031,1,1,3.264
1778180218480,0.055,0.929,-0.479,0.003,-0.013,0.023,117.454,-2.120,1.047,0.026,1,1,3.259
1778180218493,0.044,0.929,-0.490,0.010,-0.013,0.018,117.489,-2.149,1.051,0.024,1,1,3.945
1778180218508,0.031,0.935,-0.490,0.012,-0.011,0.019,117.506,-2.103,1.056,0.025,1,1,3.468
1778180218521,0.038,0.938,-0.481,0.018,-0.011,0.024,117.474,-2.101,1.054,0.032,1,1,3.259
1778180218534,0.042,0.929,-0.483,0.019,-0.006,0.020,117.472,-2.122,1.048,0.028,1,1,3.255
1778180218548,0.048,0.932,-0.487,0.021,-0.010,0.019,117.485,-2.168,1.052,0.030,1,1,3.254
1778180218562,0.078,0.931,-0.486,0.020,-0.007,0.009,117.494,-2.366,1.053,0.023,2,2,4.308
1778180218576,0.042,0.929,-0.496,0.016,-0.009,0.016,117.551,-2.357,1.054,0.024,2,2,3.274
1778180218590,0.052,0.922,-0.487,0.013,-0.006,0.010,117.577,-2.404,1.044,0.018,2,2,4.264
1778180218603,0.049,0.924,-0.497,0.009,-0.004,0.015,117.642,-2.431,1.050,0.018,2,2,3.261
1778180218617,0.046,0.923,-0.498,0.006,-0.003,0.014,117.709,-2.439,1.050,0.016,2,2,3.256
1778180218630,0.041,0.922,-0.490,0.001,-0.002,0.012,117.736,-2.418,1.045,0.012,1,1,3.911
1778180218644,0.052,0.921,-0.501,-0.003,-0.004,0.005,117.816,-2.459,1.050,0.007,1,1,3.253
1778180218658,0.052,0.924,-0.502,-0.004,-0.006,0.005,117.882,-2.492,1.053,0.008,1,1,3.299
1778180218671,0.039,0.912,-0.493,-0.010,-0.007,0.001,117.932,-2.462,1.038,0.013,1,1,3.258
1778180218684,0.055,0.923,-0.501,-0.010,-0.007,-0.002,117.986,-2.515,1.052,0.013,1,1,3.248
1778180218698,0.032,0.921,-0.492,-0.012,-0.004,0.004,117.999,-2.444,1.044,0.013,2,2,3.902
