timestamp,ax,ay,az,gx,gy,gz,roll,pitch_k,acc_norm,gyro_norm,classe_prevista_raw,classe_prevista,delay_ms
1784901643001,0.0665912,0.6664,-0.113319,0.0318946,-0.177262,0.134406,90.5997,-5.11519,1.01852,0.381886,0,0,3.245
1784901643014,0.077,0.800,-0.133,0.020,-0.116,0.078,94.757,-5.185,1.017,0.021,0,0,3.249
1784901643027,0.083,0.857,-0.144,0.015,-0.087,0.059,96.401,-5.265,1.020,0.013,0,0,3.224
1784901643041,0.087,0.891,-0.149,0.013,-0.070,0.049,97.113,-5.369,1.027,0.013,0,0,3.241
1784901643054,0.089,0.912,-0.153,0.012,-0.059,0.041,97.640,-5.414,1.023,0.013,0,0,3.229
1784901643067,0.090,0.926,-0.156,0.011,-0.051,0.036,97.995,-5.402,1.022,0.012,0,0,3.232
1784901643081,0.091,0.937,-0.157,0.010,-0.046,0.032,98.196,-5.421,1.020,0.012,0,0,3.523
1784901643094,0.092,0.945,-0.159,0.009,-0.042,0.029,98.442,-5.438,1.022,0.014,0,0,3.231
1784901643107,0.093,0.952,-0.158,0.009,-0.038,0.027,98.485,-5.467,1.028,0.012,0,0,3.232
1784901643121,0.094,0.957,-0.159,0.009,-0.035,0.025,98.617,-5.476,1.016,0.015,0,0,3.232
1784901643134,0.094,0.960,-0.160,0.009,-0.033,0.023,98.691,-5.500,1.014,0.013,0,0,3.226
1784901643147,0.094,0.963,-0.160,0.008,-0.031,0.022,98.792,-5.490,1.013,0.009,0,0,3.223
1784901643161,0.095,0.966,-0.161,0.008,-0.029,0.021,98.896,-5.507,1.018,0.009,0,0,3.227
1784901643174,0.095,0.969,-0.162,0.007,-0.027,0.019,98.967,-5.471,1.020,0.010,0,0,3.228
1784901643187,0.095,0.971,-0.162,0.007,-0.026,0.018,99.025,-5.472,1.018,0.011,0,0,3.231
1784901643201,0.095,0.973,-0.163,0.007,-0.025,0.017,99.084,-5.470,1.018,0.011,0,0,3.236
1784901643214,0.095,0.974,-0.163,0.007,-0.024,0.017,99.152,-5.482,1.013,0.012,0,0,3.218
1784901643227,0.095,0.976,-0.164,0.007,-0.023,0.016,99.203,-5.466,1.021,0.014,0,0,3.239
1784901643241,0.095,0.978,-0.164,0.007,-0.022,0.015,99.266,-5.449,1.018,0.012,0,0,3.223
1784901643255,0.095,0.979,-0.165,0.006,-0.021,0.015,99.347,-5.464,1.024,0.011,0,0,3.287
1784901643268,0.095,0.980,-0.165,0.006,-0.021,0.014,99.375,-5.448,1.014,0.011,0,0,3.276
1784901643282,0.096,0.981,-0.165,0.006,-0.020,0.014,99.370,-5.475,1.013,0.010,0,0,3.356
1784901643296,0.096,0.982,-0.165,0.005,-0.020,0.013,99.338,-5.465,1.016,0.012,0,0,4.274
1784901643309,0.096,0.983,-0.165,0.005,-0.019,0.013,99.347,-5.494,1.025,0.010,0,0,3.224
1784901643324,0.096,0.984,-0.165,0.005,-0.019,0.013,99.325,-5.473,1.016,0.010,0,0,4.319
1784901643337,0.096,0.985,-0.165,0.005,-0.018,0.012,99.327,-5.443,1.019,0.009,0,0,3.227
1784901643352,0.096,0.986,-0.165,0.005,-0.017,0.012,99.339,-5.457,1.026,0.008,0,0,4.350
1784901643365,0.096,0.987,-0.165,0.005,-0.017,0.011,99.365,-5.509,1.026,0.010,0,0,3.246
1784901643379,0.096,0.988,-0.165,0.005,-0.016,0.011,99.375,-5.487,1.018,0.011,0,0,3.865
1784901643392,0.096,0.988,-0.166,0.005,-0.016,0.011,99.401,-5.497,1.020,0.011,2,2,18.254
1784901643421,0.096,0.989,-0.166,0.005,-0.016,0.010,99.428,-5.469,1.020,0.011,2,2,3.244
1784901643434,0.096,0.990,-0.166,0.005,-0.015,0.010,99.439,-5.475,1.023,0.011,2,2,3.262
1784901643447,0.096,0.990,-0.166,0.005,-0.015,0.010,99.424,-5.445,1.015,0.012,2,2,3.267
1784901643461,0.096,0.991,-0.166,0.005,-0.015,0.010,99.464,-5.435,1.018,0.013,2,2,3.232
1784901643475,0.096,0.991,-0.166,0.005,-0.015,0.010,99.467,-5.440,1.020,0.010,2,2,4.470
1784901643489,0.096,0.991,-0.166,0.004,-0.014,0.010,99.489,-5.415,1.017,0.012,2,2,3.233
1784901643502,0.096,0.992,-0.167,0.004,-0.014,0.010,99.514,-5.404,1.016,0.014,2,2,3.231
1784901643515,0.096,0.992,-0.166,0.004,-0.014,0.010,99.476,-5.398,1.019,0.014,2,2,3.243
1784901643529,0.096,0.993,-0.166,0.004,-0.014,0.010,99.451,-5.389,1.024,0.014,2,2,3.226
1784901643542,0.096,0.993,-0.166,0.004,-0.014,0.010,99.461,-5.402,1.022,0.013,2,2,3.720
1784901643556,0.096,0.994,-0.167,0.004,-0.014,0.009,99.498,-5.398,1.018,0.012,2,2,3.229
1784901643569,0.096,0.994,-0.167,0.004,-0.013,0.009,99.523,-5.433,1.023,0.013,2,2,3.293
1784901643583,0.096,0.994,-0.167,0.004,-0.013,0.009,99.570,-5.441,1.017,0.012,2,2,3.246
1784901643596,0.096,0.994,-0.167,0.003,-0.013,0.009,99.574,-5.415,1.015,0.014,2,2,3.268
1784901643610,0.096,0.994,-0.167,0.003,-0.013,0.009,99.574,-5.428,1.018,0.013,2,2,3.704
1784901643623,0.096,0.995,-0.168,0.003,-0.013,0.009,99.578,-5.408,1.023,0.012,2,2,3.231
1784901643637,0.096,0.995,-0.168,0.003,-0.013,0.009,99.570,-5.412,1.021,0.010,2,2,3.253
1784901643650,0.096,0.995,-0.168,0.003,-0.013,0.009,99.575,-5.382,1.015,0.013,2,2,3.231
1784901643663,0.096,0.996,-0.168,0.002,-0.013,0.009,99.549,-5.381,1.020,0.014,2,2,3.273
1784901643677,0.095,0.996,-0.167,0.002,-0.012,0.009,99.535,-5.343,1.017,0.013,2,2,3.702
1784901643691,0.095,0.996,-0.168,0.002,-0.012,0.009,99.555,-5.346,1.024,0.018,2,2,3.229
1784901643704,0.096,0.996,-0.168,0.002,-0.012,0.009,99.551,-5.388,1.020,0.018,2,2,3.240
1784901643717,0.096,0.997,-0.168,0.002,-0.012,0.009,99.537,-5.407,1.017,0.013,2,2,3.227
1784901643731,0.096,0.997,-0.168,0.002,-0.012,0.009,99.575,-5.392,1.020,0.014,2,2,3.256
1784901643744,0.096,0.997,-0.168,0.001,-0.012,0.009,99.620,-5.389,1.016,0.013,2,2,3.688
1784901643758,0.095,0.997,-0.168,0.001,-0.012,0.009,99.582,-5.348,1.019,0.012,2,2,3.279
1784901643771,0.096,0.997,-0.168,0.001,-0.012,0.009,99.553,-5.370,1.019,0.012,2,2,3.295
1784901643785,0.096,0.997,-0.168,0.001,-0.012,0.009,99.550,-5.378,1.017,0.012,2,2,3.236
1784901643798,0.096,0.997,-0.167,0.001,-0.012,0.009,99.506,-5.382,1.023,0.014,2,2,3.247
1784901643812,0.095,0.998,-0.167,0.002,-0.012,0.009,99.506,-5.343,1.018,0.012,2,2,3.710
1784901643826,0.095,0.998,-0.167,0.002,-0.012,0.009,99.502,-5.356,1.019,0.015,2,2,3.251
1784901643839,0.095,0.998,-0.167,0.002,-0.011,0.009,99.496,-5.348,1.023,0.016,2,2,3.234
1784901643854,0.095,0.998,-0.167,0.002,-0.011,0.009,99.501,-5.361,1.020,0.014,2,2,3.253
1784901643867,0.096,0.998,-0.167,0.002,-0.011,0.009,99.501,-5.377,1.017,0.013,2,2,3.237
1784901643880,0.096,0.998,-0.168,0.002,-0.011,0.009,99.510,-5.399,1.018,0.011,2,2,3.687
1784901643894,0.096,0.998,-0.168,0.002,-0.011,0.009,99.544,-5.423,1.022,0.010,2,2,3.232
1784901643908,0.096,0.998,-0.168,0.002,-0.011,0.009,99.564,-5.394,1.017,0.012,2,2,3.229
1784901643921,0.096,0.998,-0.168,0.002,-0.011,0.009,99.545,-5.419,1.019,0.012,2,2,3.258
1784901643934,0.096,0.999,-0.168,0.002,-0.011,0.009,99.512,-5.399,1.021,0.012,2,2,3.238
1784901643949,0.096,0.999,-0.168,0.002,-0.011,0.008,99.535,-5.442,1.019,0.013,2,2,3.749
1784901643963,0.096,0.999,-0.168,0.002,-0.011,0.008,99.514,-5.449,1.018,0.013,2,2,3.432
1784901643977,0.096,0.999,-0.168,0.002,-0.011,0.008,99.508,-5.433,1.024,0.015,2,2,4.272
1784901643991,0.096,0.999,-0.167,0.002,-0.011,0.009,99.484,-5.429,1.021,0.013,2,2,3.239
1784901644004,0.096,1.000,-0.167,0.002,-0.011,0.008,99.459,-5.443,1.023,0.014,2,2,3.244
1784901644018,0.096,0.999,-0.167,0.002,-0.011,0.009,99.456,-5.459,1.015,0.015,2,2,3.702
1784901644032,0.096,0.999,-0.167,0.002,-0.011,0.009,99.479,-5.437,1.013,0.013,2,2,3.237
1784901644045,0.096,0.999,-0.167,0.002,-0.011,0.009,99.503,-5.437,1.018,0.014,2,2,3.254
1784901644059,0.096,0.999,-0.168,0.002,-0.011,0.009,99.532,-5.422,1.024,0.015,2,2,3.234
1784901644072,0.096,1.000,-0.168,0.002,-0.011,0.009,99.517,-5.442,1.021,0.014,2,2,3.226
1784901644087,0.096,1.000,-0.168,0.002,-0.011,0.009,99.572,-5.456,1.020,0.015,2,2,3.705
1784901644101,0.096,0.999,-0.168,0.002,-0.011,0.009,99.597,-5.431,1.015,0.014,2,2,3.231
1784901644114,0.096,0.999,-0.169,0.001,-0.010,0.009,99.652,-5.408,1.014,0.018,2,2,3.417
1784901644128,0.096,0.999,-0.169,0.001,-0.011,0.009,99.656,-5.455,1.018,0.021,2,2,3.225
1784901644141,0.097,0.999,-0.169,0.001,-0.011,0.009,99.617,-5.480,1.017,0.019,2,2,3.267
1784901644154,0.096,0.999,-0.169,0.000,-0.011,0.010,99.633,-5.433,1.023,0.020,2,2,3.696
1784901644169,0.096,0.999,-0.169,-0.000,-0.011,0.010,99.634,-5.443,1.015,0.023,2,2,4.408
1784901644183,0.096,0.999,-0.169,-0.001,-0.011,0.010,99.627,-5.442,1.014,0.029,2,2,3.246
1784901644196,0.097,0.999,-0.168,-0.002,-0.011,0.010,99.587,-5.493,1.023,0.024,2,2,3.226
1784901644210,0.097,1.000,-0.168,-0.002,-0.011,0.009,99.542,-5.502,1.026,0.018,2,2,3.259
1784901644223,0.097,1.000,-0.168,-0.003,-0.011,0.009,99.528,-5.458,1.017,0.019,2,2,3.694
1784901644237,0.097,0.999,-0.168,-0.004,-0.011,0.009,99.520,-5.457,1.016,0.026,2,2,3.256
1784901644251,0.096,1.000,-0.168,-0.005,-0.010,0.008,99.543,-5.432,1.019,0.033,2,2,3.235
1784901644264,0.097,1.000,-0.168,-0.006,-0.010,0.008,99.513,-5.447,1.020,0.037,2,2,3.228
1784901644279,0.097,1.000,-0.168,-0.007,-0.010,0.007,99.480,-5.467,1.023,0.031,2,2,3.249
1784901644293,0.097,1.000,-0.167,-0.007,-0.010,0.007,99.386,-5.438,1.023,0.026,2,2,3.847
1784901644306,0.097,1.000,-0.166,-0.008,-0.009,0.006,99.317,-5.437,1.017,0.020,2,2,3.268
1784901644320,0.096,1.000,-0.166,-0.008,-0.009,0.006,99.256,-5.406,1.016,0.016,2,2,3.235
1784901644334,0.096,1.000,-0.165,-0.008,-0.009,0.005,99.198,-5.380,1.019,0.011,2,2,3.280
1784901644347,0.096,1.001,-0.165,-0.008,-0.009,0.005,99.182,-5.392,1.024,0.012,2,2,3.321
1784901644362,0.097,1.001,-0.164,-0.008,-0.009,0.005,99.095,-5.461,1.028,0.010,2,2,5.041
1784901644376,0.097,1.001,-0.164,-0.008,-0.008,0.004,99.102,-5.468,1.012,0.018,2,2,3.231
1784901644389,0.096,1.000,-0.164,-0.008,-0.008,0.003,99.136,-5.428,1.008,0.017,2,2,3.234
1784901644402,0.096,1.000,-0.164,-0.008,-0.008,0.003,99.134,-5.425,1.015,0.023,2,2,3.241
1784901644416,0.097,1.001,-0.163,-0.009,-0.008,0.002,99.029,-5.445,1.025,0.021,2,2,3.224
1784901644430,0.096,1.001,-0.162,-0.009,-0.008,0.002,98.995,-5.364,1.017,0.012,2,2,3.721
1784901644444,0.096,1.001,-0.162,-0.009,-0.008,0.002,99.023,-5.332,1.017,0.012,2,2,3.235
1784901644458,0.095,1.001,-0.163,-0.009,-0.008,0.002,99.077,-5.321,1.013,0.017,2,2,4.728
1784901644472,0.096,1.000,-0.162,-0.009,-0.008,0.002,99.060,-5.346,1.015,0.022,2,2,3.257
1784901644485,0.096,1.001,-0.162,-0.010,-0.007,0.002,99.067,-5.350,1.020,0.023,2,2,3.244
1784901644499,0.095,1.000,-0.162,-0.010,-0.007,0.003,99.048,-5.312,1.010,0.029,2,2,3.799
1784901644513,0.095,1.000,-0.162,-0.011,-0.007,0.003,98.996,-5.315,1.020,0.028,2,2,3.225
1784901644527,0.095,1.000,-0.161,-0.012,-0.007,0.003,98.993,-5.277,1.013,0.033,2,2,3.656
1784901644541,0.095,1.000,-0.161,-0.012,-0.007,0.004,99.007,-5.257,1.017,0.036,2,2,3.230
1784901644556,0.094,1.000,-0.161,-0.013,-0.007,0.005,98.924,-5.199,1.016,0.044,2,2,4.761
1784901644569,0.094,1.001,-0.160,-0.013,-0.007,0.007,98.873,-5.215,1.022,0.042,2,2,3.702
1784901644583,0.094,1.001,-0.160,-0.013,-0.008,0.008,98.860,-5.168,1.012,0.053,2,2,3.227
1784901644596,0.094,1.000,-0.160,-0.013,-0.008,0.010,98.865,-5.234,1.011,0.049,2,2,3.243
1784901644609,0.094,1.000,-0.159,-0.013,-0.008,0.011,98.836,-5.209,1.009,0.050,2,2,3.223
1784901644623,0.094,1.000,-0.158,-0.013,-0.008,0.012,98.774,-5.219,1.006,0.054,2,2,3.979
1784901644637,0.094,1.000,-0.158,-0.014,-0.008,0.014,98.730,-5.203,1.015,0.063,2,2,3.696
1784901644651,0.093,0.999,-0.158,-0.014,-0.008,0.016,98.758,-5.181,1.002,0.071,2,2,3.222
1784901644664,0.093,0.999,-0.157,-0.015,-0.009,0.018,98.732,-5.199,1.003,0.089,2,2,3.242
1784901644677,0.094,0.998,-0.157,-0.015,-0.009,0.021,98.728,-5.274,1.010,0.094,2,2,3.225
1784901644692,0.094,0.998,-0.157,-0.016,-0.010,0.023,98.775,-5.346,1.008,0.090,2,2,4.303
1784901644705,0.095,0.998,-0.156,-0.017,-0.010,0.025,98.686,-5.405,1.018,0.088,2,2,3.700
1784901644719,0.096,0.999,-0.155,-0.017,-0.011,0.026,98.567,-5.560,1.034,0.072,2,2,3.787
1784901644733,0.098,1.000,-0.155,-0.017,-0.011,0.027,98.483,-5.717,1.038,0.056,2,2,3.231
1784901644746,0.099,1.001,-0.154,-0.017,-0.011,0.027,98.417,-5.870,1.034,0.034,2,2,3.223
1784901644759,0.101,1.001,-0.153,-0.016,-0.012,0.027,98.351,-6.017,1.031,0.017,2,2,3.234
1784901644773,0.102,1.002,-0.153,-0.015,-0.012,0.025,98.322,-6.128,1.030,0.019,2,2,3.694
1784901644786,0.103,1.003,-0.151,-0.014,-0.012,0.023,98.179,-6.258,1.044,0.048,2,2,3.241
1784901644800,0.103,1.003,-0.152,-0.012,-0.012,0.020,98.252,-6.209,1.022,0.050,2,2,3.225
1784901644815,0.103,1.003,-0.152,-0.011,-0.012,0.019,98.275,-6.134,1.023,0.036,2,2,5.170
1784901644828,0.103,1.004,-0.151,-0.010,-0.012,0.018,98.215,-6.074,1.028,0.033,2,2,3.240
1784901644842,0.103,1.004,-0.151,-0.008,-0.012,0.017,98.195,-6.002,1.022,0.035,2,2,3.702
1784901644855,0.103,1.003,-0.150,-0.006,-0.012,0.017,98.219,-6.069,1.012,0.039,2,2,3.267
1784901644869,0.104,1.003,-0.150,-0.005,-0.012,0.016,98.248,-6.114,1.018,0.040,2,2,3.236
1784901644883,0.104,1.003,-0.151,-0.004,-0.013,0.014,98.300,-6.159,1.009,0.037,2,2,3.273
1784901644896,0.105,1.002,-0.151,-0.003,-0.013,0.013,98.347,-6.180,1.004,0.040,2,2,3.228
1784901644909,0.105,1.002,-0.150,-0.002,-0.013,0.011,98.341,-6.216,1.014,0.045,2,2,3.689
1784901644923,0.105,1.002,-0.150,-0.001,-0.013,0.010,98.342,-6.156,1.013,0.040,2,2,3.232
1784901644936,0.105,1.002,-0.150,-0.000,-0.014,0.008,98.374,-6.098,1.019,0.036,2,2,3.230
1784901644950,0.104,1.002,-0.150,0.000,-0.014,0.007,98.399,-6.062,1.021,0.035,2,2,3.239
1784901644963,0.104,1.002,-0.150,0.001,-0.014,0.006,98.395,-6.045,1.018,0.039,2,2,3.228
1784901644978,0.104,1.002,-0.150,0.002,-0.014,0.005,98.335,-6.017,1.018,0.045,2,2,5.699
1784901644992,0.105,1.002,-0.150,0.004,-0.015,0.003,98.355,-6.070,1.024,0.073,2,2,3.430
1784901645006,0.104,1.003,-0.149,0.006,-0.015,0.001,98.240,-5.979,1.038,0.083,2,2,3.238
1784901645019,0.104,1.003,-0.150,0.009,-0.015,-0.001,98.343,-5.920,1.029,0.103,2,2,3.254
1784901645033,0.104,1.004,-0.149,0.013,-0.016,-0.003,98.271,-5.868,1.036,0.115,2,2,3.300
1784901645047,0.104,1.004,-0.149,0.017,-0.016,-0.004,98.267,-5.864,1.027,0.144,2,2,4.440
1784901645062,0.103,1.005,-0.149,0.022,-0.017,-0.006,98.336,-5.783,1.026,0.156,2,2,3.239
1784901645076,0.103,1.005,-0.150,0.027,-0.017,-0.008,98.419,-5.780,1.031,0.178,2,2,3.224
1784901645089,0.103,1.006,-0.150,0.033,-0.017,-0.010,98.373,-5.769,1.051,0.204,2,2,3.239
1784901645102,0.103,1.007,-0.151,0.040,-0.017,-0.013,98.494,-5.740,1.032,0.224,2,2,3.229
1784901645116,0.103,1.007,-0.152,0.046,-0.017,-0.016,98.636,-5.770,1.038,0.235,3,3,3.702
1784901645130,0.103,1.007,-0.154,0.053,-0.017,-0.019,98.837,-5.711,1.032,0.244,3,3,3.228
1784901645143,0.102,1.008,-0.156,0.059,-0.017,-0.022,99.026,-5.588,1.039,0.246,3,3,3.222
1784901645156,0.103,1.009,-0.157,0.066,-0.018,-0.026,99.149,-5.681,1.068,0.275,3,3,3.236
1784901645170,0.103,1.013,-0.158,0.074,-0.019,-0.030,99.166,-5.664,1.113,0.322,3,3,3.229
1784901645183,0.106,1.018,-0.159,0.084,-0.021,-0.037,99.176,-5.955,1.158,0.401,3,3,3.706
1784901645197,0.107,1.023,-0.161,0.093,-0.023,-0.046,99.243,-5.980,1.155,0.458,3,3,3.228
1784901645210,0.106,1.035,-0.165,0.104,-0.022,-0.060,99.393,-5.782,1.321,0.572,3,3,3.245
1784901645223,0.100,1.048,-0.166,0.121,-0.016,-0.077,99.278,-5.098,1.339,0.761,3,3,3.228
1784901645237,0.098,1.056,-0.166,0.141,-0.007,-0.093,99.158,-4.845,1.262,0.863,3,3,3.227
1784901645250,0.093,1.068,-0.164,0.159,-0.005,-0.104,98.781,-4.345,1.336,0.747,3,3,3.699
1784901645264,0.088,1.082,-0.164,0.181,-0.002,-0.114,98.532,-3.861,1.388,0.840,3,3,3.231
1784901645277,0.084,1.097,-0.163,0.207,0.004,-0.123,98.315,-3.433,1.429,0.974,3,3,3.231
1784901645290,0.081,1.110,-0.161,0.237,0.009,-0.132,97.973,-3.222,1.417,1.091,3,3,3.233
1784901645304,0.082,1.123,-0.160,0.272,0.014,-0.141,97.740,-3.239,1.407,1.234,3,3,3.226
1784901645317,0.085,1.134,-0.160,0.310,0.015,-0.151,97.643,-3.537,1.397,1.369,3,3,3.691
1784901645331,0.093,1.145,-0.159,0.354,0.014,-0.163,97.439,-4.280,1.425,1.566,3,3,3.230
1784901645345,0.100,1.157,-0.163,0.402,0.008,-0.179,97.673,-4.817,1.459,1.756,3,3,3.811
1784901645358,0.111,1.172,-0.167,0.453,-0.000,-0.197,97.874,-5.554,1.558,1.916,3,3,3.244
1784901645371,0.123,1.185,-0.177,0.506,-0.011,-0.222,98.577,-6.361,1.575,2.088,3,3,3.238
1784901645385,0.145,1.200,-0.184,0.561,-0.030,-0.248,98.948,-7.853,1.688,2.248,3,3,3.704
1784901645399,0.159,1.216,-0.198,0.619,-0.051,-0.277,99.768,-8.620,1.689,2.438,3,3,3.231
1784901645412,0.180,1.225,-0.205,0.676,-0.080,-0.301,100.183,-10.059,1.616,2.505,3,3,3.297
1784901645425,0.193,1.230,-0.225,0.725,-0.113,-0.332,101.725,-10.757,1.557,2.491,3,3,3.230
1784901645441,0.208,1.225,-0.240,0.764,-0.150,-0.365,103.173,-11.961,1.377,2.427,3,3,5.230
1784901645455,0.224,1.211,-0.245,0.794,-0.190,-0.391,103.997,-13.758,1.122,2.269,4,4,3.694
1784901645469,0.239,1.184,-0.242,0.814,-0.231,-0.411,104.212,-16.433,0.829,2.070,4,4,3.229
1784901645482,0.243,1.127,-0.213,0.811,-0.268,-0.421,92.949,-18.534,0.551,1.576,4,4,3.240
1784901645495,0.243,1.095,-0.204,0.803,-0.290,-0.414,92.603,-19.826,0.455,1.077,4,4,3.224
1784901645509,0.236,1.055,-0.191,0.766,-0.303,-0.394,90.057,-19.973,0.218,0.672,4,4,3.256
1784901645523,0.224,1.036,-0.176,0.721,-0.300,-0.376,88.776,-17.820,0.647,0.496,4,4,4.074
1784901645539,0.219,1.024,-0.163,0.679,-0.285,-0.357,88.060,-16.777,0.761,0.443,4,4,5.768
1784901645553,0.216,1.005,-0.151,0.642,-0.260,-0.331,87.189,-16.595,0.634,0.605,4,4,3.232
1784901645566,0.214,0.981,-0.139,0.603,-0.228,-0.300,85.845,-16.926,0.498,0.886,4,4,3.230
1784901645579,0.211,0.954,-0.125,0.558,-0.190,-0.264,83.775,-17.227,0.434,1.213,4,4,3.248
1784901645593,0.210,0.928,-0.110,0.505,-0.147,-0.223,81.581,-17.767,0.457,1.556,4,4,3.695
1784901645607,0.210,0.907,-0.096,0.444,-0.101,-0.178,79.915,-18.297,0.542,1.855,4,4,3.584
1784901645620,0.211,0.891,-0.082,0.379,-0.055,-0.131,78.745,-18.661,0.612,2.059,4,4,3.239
1784901645633,0.212,0.879,-0.070,0.310,-0.009,-0.084,78.170,-18.766,0.697,2.200,4,4,3.226
1784901645647,0.212,0.870,-0.059,0.238,0.035,-0.037,77.775,-18.584,0.738,2.343,4,4,3.246
1784901645660,0.212,0.866,-0.048,0.162,0.078,0.009,77.590,-18.222,0.818,2.476,5,5,3.689
1784901645675,0.213,0.865,-0.037,0.082,0.119,0.053,77.512,-17.896,0.899,2.623,5,5,3.259
1784901645689,0.214,0.869,-0.027,-0.001,0.158,0.097,77.699,-17.490,1.012,2.749,5,5,3.239
1784901645703,0.214,0.878,-0.018,-0.087,0.195,0.139,77.956,-16.936,1.114,2.862,5,5,3.218
1784901645719,0.214,0.895,-0.011,-0.176,0.230,0.180,78.477,-16.230,1.290,2.991,5,5,3.284
1784901645732,0.214,0.921,-0.007,-0.262,0.262,0.218,79.242,-15.446,1.502,2.992,5,5,3.689
1784901645750,0.214,0.953,-0.007,-0.345,0.294,0.251,80.350,-14.675,1.666,2.961,5,5,7.018
1784901645763,0.214,0.990,-0.013,-0.425,0.324,0.282,81.672,-13.951,1.827,2.931,5,5,3.228
1784901645776,0.213,1.028,-0.023,-0.502,0.352,0.309,83.177,-13.144,1.877,2.917,5,5,3.238
1784901645790,0.209,1.070,-0.039,-0.576,0.381,0.335,84.903,-12.254,2.022,2.919,5,5,3.227
1784901645803,0.207,1.114,-0.061,-0.648,0.408,0.357,86.774,-11.493,2.157,2.895,5,5,3.700
1784901645817,0.205,1.156,-0.091,-0.715,0.433,0.378,88.939,-10.774,2.217,2.833,5,5,3.296
1784901645830,0.203,1.193,-0.129,-0.774,0.454,0.392,91.462,-10.134,2.216,2.643,5,5,3.239
1784901645844,0.206,1.225,-0.175,-0.824,0.468,0.404,94.338,-9.856,2.291,2.386,5,5,3.239
1784901645857,0.215,1.253,-0.233,-0.861,0.471,0.414,97.636,-9.834,2.416,2.005,5,5,3.236
1784901645870,0.222,1.274,-0.300,-0.880,0.462,0.423,101.231,-9.711,2.500,1.552,5,5,3.714
1784901645887,0.214,1.288,-0.373,-0.878,0.441,0.430,105.021,-8.884,2.539,1.013,5,5,3.268
1784901645900,0.194,1.296,-0.443,-0.857,0.416,0.428,108.652,-7.499,2.487,0.552,5,5,3.239
1784901645916,0.169,1.302,-0.506,-0.818,0.390,0.415,111.899,-5.940,2.396,0.332,5,5,5.305
1784901645929,0.152,1.303,-0.558,-0.765,0.363,0.393,114.741,-4.766,2.145,0.733,5,5,3.246
1784901645942,0.140,1.303,-0.596,-0.703,0.333,0.367,116.929,-4.011,1.930,1.048,5,5,3.713
1784901645957,0.120,1.314,-0.526,-0.636,0.350,0.299,111.240,-2.706,1.875,2.012,5,5,3.261
1784901645970,0.128,1.322,-0.449,-0.554,0.351,0.233,105.479,-3.253,1.959,2.174,5,5,3.217
1784901645983,0.130,1.315,-0.413,-0.458,0.336,0.167,102.351,-3.708,1.224,2.583,5,5,3.277
1784901645997,0.095,1.309,-0.389,-0.359,0.320,0.132,100.489,-0.590,1.373,2.328,5,5,3.233
1784901646010,0.082,1.295,-0.374,-0.268,0.306,0.120,99.733,0.519,0.995,2.118,1,1,3.712
1784901646025,0.079,1.277,-0.377,-0.194,0.289,0.112,101.349,0.418,1.009,1.721,1,1,3.232
1784901646038,0.077,1.263,-0.375,-0.134,0.275,0.101,102.125,0.173,1.001,1.434,1,1,3.227
1784901646053,0.076,1.248,-0.373,-0.087,0.265,0.094,102.766,-0.181,0.973,1.149,1,1,4.406
1784901646066,0.078,1.234,-0.366,-0.049,0.257,0.090,102.760,-0.738,0.958,0.940,1,1,3.230
1784901646080,0.085,1.223,-0.355,-0.015,0.242,0.084,102.191,-2.006,1.020,0.868,1,1,3.722
1784901646093,0.098,1.201,-0.362,0.003,0.221,0.076,104.449,-4.021,0.978,0.590,1,1,3.230
1784901646107,0.103,1.192,-0.352,0.015,0.204,0.068,103.767,-4.758,1.021,0.431,1,1,3.236
1784901646121,0.102,1.181,-0.349,0.025,0.187,0.061,104.038,-4.798,0.994,0.392,1,1,3.708
1784901646134,0.104,1.173,-0.342,0.030,0.173,0.056,103.748,-5.058,1.008,0.273,1,1,3.223
1784901646147,0.104,1.166,-0.334,0.036,0.161,0.052,103.267,-5.211,1.037,0.244,1,1,3.732
1784901646161,0.106,1.158,-0.327,0.041,0.150,0.050,103.014,-5.436,1.014,0.216,1,1,3.232
1784901646174,0.108,1.150,-0.322,0.046,0.142,0.048,102.847,-5.741,1.012,0.176,1,1,3.222
1784901646188,0.111,1.144,-0.315,0.050,0.134,0.046,102.613,-6.111,1.032,0.177,1,1,3.239
1784901646201,0.113,1.137,-0.310,0.054,0.126,0.043,102.390,-6.455,1.019,0.170,1,1,3.235
1784901646214,0.115,1.131,-0.304,0.057,0.119,0.040,102.235,-6.712,1.022,0.157,1,1,3.715
1784901646228,0.117,1.124,-0.299,0.059,0.112,0.036,102.092,-6.899,1.016,0.152,1,1,3.234
1784901646241,0.118,1.119,-0.294,0.062,0.106,0.034,101.975,-7.024,1.022,0.149,1,1,3.229
1784901646255,0.120,1.113,-0.289,0.065,0.100,0.031,101.825,-7.187,1.024,0.152,1,1,3.247
1784901646268,0.122,1.108,-0.286,0.067,0.093,0.028,101.779,-7.364,1.026,0.164,1,1,3.227
1784901646281,0.123,1.103,-0.282,0.070,0.088,0.024,101.735,-7.473,1.025,0.174,1,1,3.700
1784901646295,0.125,1.099,-0.278,0.073,0.082,0.020,101.685,-7.629,1.043,0.191,1,1,3.237
1784901646308,0.126,1.095,-0.274,0.077,0.076,0.015,101.600,-7.670,1.039,0.222,1,1,3.222
1784901646322,0.127,1.091,-0.271,0.082,0.071,0.010,101.509,-7.691,1.040,0.236,1,1,3.243
1784901646335,0.127,1.087,-0.268,0.087,0.066,0.006,101.586,-7.720,1.029,0.257,1,1,3.228
1784901646348,0.127,1.083,-0.267,0.092,0.062,0.001,101.707,-7.657,1.025,0.252,1,1,3.706
1784901646362,0.128,1.079,-0.265,0.097,0.059,-0.004,101.848,-7.638,1.037,0.255,1,1,3.240
1784901646379,0.127,1.076,-0.264,0.101,0.056,-0.008,101.985,-7.465,1.033,0.251,1,1,3.306
1784901646393,0.125,1.073,-0.263,0.105,0.052,-0.012,102.096,-7.265,1.037,0.236,1,1,3.994
1784901646406,0.125,1.071,-0.261,0.110,0.049,-0.014,102.151,-7.161,1.053,0.246,1,1,3.242
1784901646420,0.125,1.069,-0.260,0.115,0.047,-0.017,102.228,-7.181,1.069,0.262,1,1,3.711
1784901646434,0.126,1.068,-0.259,0.120,0.044,-0.020,102.295,-7.223,1.092,0.273,1,1,3.231
1784901646447,0.128,1.071,-0.260,0.127,0.042,-0.023,102.398,-7.327,1.179,0.322,1,1,3.226
1784901646460,0.130,1.072,-0.259,0.133,0.039,-0.026,102.453,-7.465,1.130,0.319,1,1,3.226
1784901646474,0.131,1.072,-0.259,0.141,0.037,-0.027,102.500,-7.554,1.108,0.337,1,1,3.233
1784901646487,0.129,1.071,-0.259,0.147,0.035,-0.029,102.602,-7.212,1.092,0.327,1,1,3.686
1784901646501,0.123,1.077,-0.258,0.153,0.034,-0.032,102.503,-6.541,1.216,0.333,1,1,3.227
1784901646514,0.122,1.078,-0.258,0.162,0.033,-0.034,102.615,-6.336,1.135,0.394,1,1,3.219
1784901646527,0.119,1.079,-0.259,0.171,0.032,-0.036,102.771,-6.046,1.138,0.413,1,1,3.378
1784901646541,0.117,1.080,-0.260,0.181,0.031,-0.037,102.895,-5.746,1.153,0.440,1,1,3.223
1784901646554,0.117,1.082,-0.261,0.192,0.031,-0.038,103.021,-5.732,1.154,0.491,3,3,3.849
1784901646569,0.117,1.084,-0.263,0.205,0.030,-0.040,103.169,-5.748,1.178,0.546,3,3,3.235
1784901646582,0.119,1.086,-0.264,0.219,0.029,-0.043,103.327,-5.945,1.188,0.613,3,3,3.223
1784901646596,0.119,1.089,-0.266,0.235,0.027,-0.047,103.476,-5.952,1.196,0.664,3,3,3.248
1784901646609,0.117,1.093,-0.267,0.254,0.026,-0.050,103.514,-5.755,1.214,0.740,3,3,3.226
1784901646622,0.117,1.097,-0.269,0.274,0.025,-0.053,103.553,-5.677,1.234,0.828,3,3,3.868
1784901646636,0.116,1.102,-0.270,0.298,0.023,-0.057,103.634,-5.557,1.241,0.927,3,3,3.232
1784901646650,0.113,1.106,-0.271,0.324,0.022,-0.059,103.647,-5.251,1.245,1.008,3,3,3.227
1784901646663,0.106,1.118,-0.271,0.353,0.022,-0.060,103.382,-4.561,1.398,1.110,3,3,3.251
1784901646676,0.110,1.131,-0.270,0.389,0.022,-0.061,103.082,-4.884,1.448,1.306,3,3,3.232
1784901646690,0.112,1.141,-0.269,0.430,0.021,-0.061,102.821,-5.041,1.399,1.497,3,3,3.725
1784901646704,0.107,1.157,-0.268,0.477,0.019,-0.060,102.454,-4.519,1.515,1.700,3,3,3.232
1784901646717,0.103,1.176,-0.270,0.530,0.013,-0.059,102.310,-4.146,1.625,1.908,3,3,3.230
1784901646731,0.111,1.205,-0.276,0.590,0.003,-0.053,102.352,-4.562,1.915,2.181,3,3,3.590
1784901646745,0.118,1.237,-0.284,0.658,-0.006,-0.050,102.415,-4.887,2.013,2.435,3,3,3.227
1784901646760,0.145,1.262,-0.288,0.727,-0.026,-0.049,102.369,-6.505,1.989,2.564,3,3,4.526
1784901646774,0.168,1.282,-0.298,0.792,-0.050,-0.053,102.766,-7.799,1.902,2.591,3,3,3.311
1784901646787,0.200,1.297,-0.309,0.856,-0.086,-0.062,103.382,-9.683,1.932,2.725,3,3,3.254
1784901646801,0.228,1.290,-0.339,0.917,-0.124,-0.078,105.969,-11.530,1.742,2.777,3,3,3.436
1784901646814,0.249,1.293,-0.352,0.976,-0.164,-0.100,106.821,-12.873,1.652,2.855,3,3,3.263
1784901646827,0.274,1.295,-0.349,1.026,-0.208,-0.121,106.359,-14.603,1.585,2.772,4,4,3.908
1784901646843,0.297,1.275,-0.331,1.064,-0.251,-0.138,104.481,-17.410,1.164,2.535,4,4,3.263
1784901646856,0.315,1.213,-0.303,1.084,-0.296,-0.145,92.340,-21.882,0.785,2.211,4,4,3.253
1784901646870,0.332,1.138,-0.278,1.070,-0.349,-0.135,77.805,-24.617,0.903,1.868,4,4,3.270
1784901646883,0.331,1.064,-0.265,1.028,-0.396,-0.115,61.904,-25.072,0.644,1.657,4,4,3.254
1784901646899,0.311,1.016,-0.234,0.951,-0.426,-0.103,55.623,-21.121,0.478,1.614,4,4,6.071
1784901646913,0.293,0.996,-0.210,0.864,-0.437,-0.098,56.161,-18.319,0.635,1.565,4,4,3.264
1784901646926,0.280,0.972,-0.188,0.778,-0.435,-0.090,56.271,-16.423,0.556,1.521,4,4,3.260
1784901646940,0.269,0.953,-0.169,0.693,-0.423,-0.076,57.243,-15.202,0.581,1.523,4,4,4.148
1784901646954,0.260,0.932,-0.153,0.612,-0.402,-0.054,58.078,-14.417,0.507,1.594,4,4,3.256
1784901646967,0.253,0.907,-0.139,0.529,-0.374,-0.027,58.734,-14.347,0.431,1.800,4,4,3.851
1784901646982,0.249,0.884,-0.127,0.439,-0.341,0.006,59.932,-14.901,0.426,2.131,4,4,3.272
1784901646995,0.244,0.868,-0.117,0.345,-0.305,0.043,61.639,-15.015,0.546,2.413,4,4,3.244
1784901647008,0.240,0.860,-0.108,0.248,-0.267,0.082,63.724,-14.745,0.696,2.613,4,4,3.249
1784901647022,0.235,0.857,-0.101,0.151,-0.228,0.121,65.915,-14.150,0.816,2.740,4,4,3.257
1784901647035,0.231,0.860,-0.097,0.056,-0.188,0.158,68.169,-13.669,0.926,2.811,4,4,3.925
1784901647050,0.228,0.865,-0.094,-0.039,-0.149,0.197,70.461,-13.222,0.990,2.895,4,4,3.254
1784901647063,0.223,0.874,-0.092,-0.130,-0.112,0.234,72.521,-12.613,1.085,2.896,4,4,3.251
1784901647077,0.220,0.890,-0.090,-0.218,-0.076,0.267,74.452,-12.101,1.243,2.871,4,4,3.997
1784901647095,0.219,0.910,-0.091,-0.303,-0.043,0.298,76.316,-11.697,1.360,2.860,4,4,3.320
1784901647108,0.213,0.930,-0.092,-0.384,-0.011,0.331,78.088,-10.937,1.392,2.888,5,5,3.847
1784901647125,0.202,0.957,-0.093,-0.463,0.027,0.362,79.665,-9.725,1.541,2.931,5,5,5.718
1784901647138,0.187,0.989,-0.097,-0.538,0.070,0.388,81.206,-8.338,1.705,2.975,5,5,3.250
1784901647151,0.174,1.025,-0.102,-0.611,0.120,0.410,82.710,-7.218,1.827,3.036,5,5,3.264
1784901647167,0.168,1.066,-0.112,-0.681,0.172,0.431,84.271,-6.627,1.989,3.086,5,5,3.297
1784901647180,0.166,1.110,-0.126,-0.749,0.223,0.448,85.974,-6.305,2.134,3.069,5,5,3.863
1784901647197,0.168,1.155,-0.149,-0.814,0.267,0.459,87.960,-6.227,2.224,2.968,5,5,5.751
1784901647210,0.174,1.200,-0.180,-0.876,0.303,0.464,90.193,-6.352,2.379,2.854,5,5,3.266
1784901647223,0.186,1.241,-0.223,-0.936,0.328,0.467,92.906,-6.744,2.472,2.715,5,5,3.251
1784901647239,0.206,1.274,-0.284,-0.979,0.337,0.472,96.328,-7.430,2.641,2.251,5,5,3.305
1784901647252,0.222,1.300,-0.355,-1.003,0.329,0.481,100.034,-7.890,2.737,1.793,5,5,3.848
1784901647269,0.220,1.317,-0.429,-1.008,0.306,0.490,103.913,-7.514,2.647,1.382,5,5,5.739
1784901647282,0.200,1.329,-0.503,-0.993,0.277,0.486,107.652,-6.282,2.674,0.862,5,5,3.336
1784901647295,0.177,1.337,-0.573,-0.958,0.244,0.467,111.108,-5.000,2.620,0.604,5,5,3.260
1784901647311,0.162,1.341,-0.630,-0.904,0.208,0.437,114.131,-4.138,2.353,0.957,5,5,3.266
1784901647324,0.151,1.341,-0.669,-0.838,0.169,0.404,116.474,-3.550,2.033,1.292,5,5,3.841
1784901647340,0.163,1.302,-0.579,-0.773,0.182,0.325,107.083,-4.757,1.516,2.020,5,5,5.254
1784901647353,0.171,1.301,-0.497,-0.672,0.167,0.254,101.160,-5.340,1.855,2.530,5,5,3.244
1784901647367,0.147,1.304,-0.467,-0.556,0.151,0.203,99.275,-3.371,1.431,2.719,5,5,3.248
1784901647380,0.123,1.295,-0.445,-0.444,0.150,0.180,98.274,-1.138,1.174,2.497,5,5,3.252
1784901647393,0.115,1.277,-0.433,-0.347,0.148,0.175,98.452,-0.681,0.895,2.181,5,5,3.843
1784901647407,0.116,1.260,-0.429,-0.268,0.142,0.164,99.692,-1.373,0.966,1.779,5,5,3.264
1784901647423,0.112,1.242,-0.429,-0.204,0.138,0.153,101.325,-1.395,0.960,1.468,5,5,3.337
1784901647436,0.111,1.225,-0.426,-0.155,0.134,0.145,102.424,-1.681,0.932,1.110,5,5,3.279
1784901647450,0.111,1.213,-0.414,-0.114,0.133,0.134,102.119,-2.238,0.974,0.961,5,5,3.287
1784901647463,0.119,1.203,-0.404,-0.079,0.125,0.124,101.941,-3.510,1.030,0.853,1,1,3.867
1784901647478,0.113,1.187,-0.407,-0.051,0.106,0.114,103.597,-3.124,0.970,0.797,1,1,3.986
1784901647491,0.111,1.174,-0.407,-0.038,0.095,0.106,104.602,-3.177,0.970,0.365,1,1,3.231
1784901647505,0.114,1.168,-0.394,-0.027,0.082,0.099,103.797,-3.869,1.072,0.373,1,1,3.222
1784901647518,0.116,1.160,-0.384,-0.018,0.070,0.093,103.454,-4.369,1.009,0.330,1,1,3.245
1784901647532,0.119,1.155,-0.373,-0.007,0.058,0.087,102.829,-4.883,1.057,0.381,1,1,3.691
1784901647546,0.122,1.146,-0.367,0.003,0.049,0.081,102.906,-5.399,1.006,0.322,1,1,3.427
1784901647559,0.124,1.139,-0.359,0.011,0.042,0.075,102.682,-5.822,1.015,0.275,1,1,3.235
1784901647572,0.128,1.132,-0.352,0.018,0.035,0.068,102.606,-6.422,1.009,0.268,1,1,3.222
1784901647587,0.129,1.125,-0.346,0.023,0.030,0.062,102.534,-6.603,1.013,0.225,1,1,4.197
1784901647600,0.130,1.119,-0.339,0.028,0.026,0.057,102.451,-6.794,1.014,0.172,1,1,3.694
1784901647619,0.130,1.113,-0.333,0.031,0.023,0.053,102.331,-6.905,1.017,0.152,1,1,7.989
1784901647632,0.131,1.108,-0.327,0.035,0.020,0.050,102.226,-7.001,1.028,0.145,1,1,3.235
1784901647645,0.132,1.103,-0.321,0.039,0.017,0.048,102.079,-7.182,1.034,0.147,1,1,3.384
1784901647659,0.133,1.099,-0.316,0.042,0.014,0.045,102.009,-7.339,1.030,0.133,1,1,3.230
1784901647672,0.134,1.095,-0.310,0.045,0.012,0.043,101.892,-7.458,1.031,0.144,1,1,3.694
1784901647687,0.135,1.091,-0.305,0.049,0.010,0.041,101.822,-7.558,1.042,0.148,1,1,4.091
1784901647700,0.135,1.087,-0.301,0.053,0.008,0.039,101.800,-7.609,1.039,0.170,1,1,3.239
1784901647714,0.136,1.083,-0.297,0.057,0.007,0.037,101.800,-7.658,1.033,0.172,1,1,3.225
1784901647728,0.137,1.080,-0.293,0.062,0.005,0.034,101.785,-7.831,1.038,0.189,1,1,4.351
1784901647741,0.139,1.077,-0.289,0.067,0.004,0.031,101.732,-8.021,1.040,0.213,1,1,3.694
1784901647755,0.141,1.074,-0.286,0.073,0.002,0.027,101.759,-8.163,1.047,0.240,1,1,3.231
1784901647769,0.142,1.071,-0.283,0.079,0.001,0.022,101.825,-8.261,1.051,0.257,1,1,3.359
1784901647782,0.142,1.068,-0.281,0.085,0.000,0.017,101.994,-8.261,1.042,0.274,1,1,3.224
1784901647796,0.141,1.065,-0.280,0.091,-0.000,0.012,102.141,-8.084,1.033,0.267,1,1,3.236
1784901647809,0.139,1.063,-0.278,0.097,-0.001,0.008,102.257,-7.832,1.042,0.268,1,1,3.695
1784901647823,0.138,1.060,-0.277,0.102,-0.001,0.004,102.434,-7.677,1.048,0.255,1,1,3.237
1784901647839,0.138,1.060,-0.276,0.107,0.000,0.002,102.539,-7.659,1.097,0.256,1,1,3.267
1784901647852,0.138,1.060,-0.275,0.113,0.002,-0.002,102.690,-7.637,1.101,0.290,1,1,3.240
1784901647865,0.141,1.060,-0.276,0.120,0.005,-0.004,102.909,-7.879,1.102,0.313,1,1,3.247
1784901647879,0.143,1.059,-0.276,0.128,0.006,-0.006,103.124,-8.125,1.096,0.324,1,1,3.693
1784901647893,0.144,1.059,-0.276,0.135,0.006,-0.008,103.303,-8.133,1.105,0.322,1,1,3.225
1784901647911,0.143,1.060,-0.277,0.143,0.007,-0.008,103.459,-7.990,1.127,0.373,1,1,3.235
1784901647924,0.141,1.062,-0.277,0.153,0.007,-0.009,103.473,-7.689,1.156,0.401,1,1,3.222
1784901647937,0.141,1.065,-0.277,0.163,0.008,-0.011,103.525,-7.568,1.165,0.419,1,1,3.252
1784901647951,0.139,1.070,-0.277,0.174,0.007,-0.013,103.510,-7.281,1.211,0.474,3,3,3.743
1784901647968,0.136,1.074,-0.277,0.187,0.006,-0.015,103.530,-6.949,1.214,0.540,3,3,6.860
1784901647982,0.136,1.081,-0.277,0.203,0.006,-0.017,103.467,-6.853,1.259,0.623,3,3,3.244
1784901647995,0.139,1.088,-0.277,0.223,0.006,-0.019,103.385,-7.075,1.294,0.733,3,3,3.234
1784901648008,0.143,1.097,-0.277,0.245,0.004,-0.022,103.208,-7.308,1.345,0.833,3,3,3.248
1784901648022,0.151,1.107,-0.271,0.271,-0.000,-0.025,102.558,-7.917,1.370,0.942,3,3,3.702
1784901648035,0.147,1.115,-0.270,0.300,-0.003,-0.027,102.361,-7.396,1.319,1.071,3,3,3.241
1784901648049,0.137,1.131,-0.268,0.333,-0.006,-0.026,102.019,-6.415,1.486,1.184,3,3,3.226
1784901648062,0.141,1.145,-0.267,0.373,-0.011,-0.025,101.825,-6.603,1.500,1.431,3,3,3.248
1784901648076,0.141,1.160,-0.264,0.421,-0.014,-0.023,101.362,-6.559,1.495,1.663,3,3,3.240
1784901648089,0.141,1.174,-0.261,0.475,-0.018,-0.019,100.994,-6.377,1.497,1.895,3,3,3.718
1784901648103,0.139,1.199,-0.258,0.537,-0.023,-0.013,100.574,-6.091,1.762,2.145,3,3,3.227
1784901648116,0.141,1.227,-0.260,0.605,-0.031,-0.009,100.423,-6.074,1.888,2.398,3,3,3.273
1784901648129,0.157,1.259,-0.267,0.676,-0.040,-0.006,100.616,-6.854,2.065,2.516,3,3,3.236
1784901648143,0.187,1.289,-0.274,0.743,-0.060,-0.006,100.753,-8.385,2.156,2.566,3,3,3.245
1784901648159,0.220,1.306,-0.284,0.809,-0.083,-0.013,101.326,-10.277,1.996,2.602,3,3,3.721
1784901648173,0.246,1.321,-0.293,0.871,-0.114,-0.025,101.844,-11.719,1.898,2.690,3,3,3.230
1784901648188,0.271,1.319,-0.320,0.932,-0.148,-0.043,104.070,-13.183,1.759,2.744,3,3,4.872
1784901648201,0.296,1.322,-0.329,0.990,-0.186,-0.059,104.749,-14.756,1.713,2.812,3,3,3.235
1784901648214,0.323,1.323,-0.322,1.046,-0.227,-0.075,103.997,-16.609,1.641,2.859,3,3,3.231
1784901648228,0.349,1.303,-0.300,1.090,-0.268,-0.091,101.495,-19.352,1.270,2.640,4,4,3.703
1784901648241,0.362,1.232,-0.263,1.108,-0.310,-0.102,88.813,-21.917,0.910,2.162,4,4,3.226
1784901648255,0.366,1.168,-0.239,1.094,-0.357,-0.103,76.702,-24.719,0.565,1.726,4,4,3.346
1784901648268,0.363,1.090,-0.225,1.034,-0.393,-0.091,61.583,-24.835,0.697,1.450,4,4,3.230
1784901648281,0.353,1.045,-0.192,0.943,-0.415,-0.083,56.348,-23.698,0.565,1.722,4,4,3.218
1784901648295,0.349,1.027,-0.168,0.848,-0.428,-0.079,56.713,-23.439,0.763,1.801,4,4,3.720
1784901648309,0.351,1.003,-0.146,0.756,-0.436,-0.074,56.587,-24.305,0.705,1.750,4,4,3.227
1784901648322,0.351,0.974,-0.129,0.664,-0.442,-0.060,56.394,-25.931,0.540,1.842,4,4,3.230
1784901648335,0.347,0.946,-0.114,0.570,-0.442,-0.040,56.428,-26.595,0.483,2.008,4,4,3.233
1784901648349,0.339,0.922,-0.099,0.472,-0.435,-0.014,56.950,-25.989,0.486,2.183,4,4,3.224
1784901648362,0.332,0.905,-0.087,0.373,-0.420,0.015,58.295,-25.121,0.582,2.334,4,4,3.807
1784901648376,0.325,0.893,-0.077,0.274,-0.398,0.051,60.136,-24.202,0.678,2.498,4,4,3.230
1784901648389,0.317,0.885,-0.070,0.175,-0.371,0.092,62.384,-23.005,0.739,2.666,4,4,3.223
1784901648402,0.308,0.884,-0.064,0.079,-0.338,0.136,64.558,-21.496,0.852,2.796,4,4,3.256
1784901648416,0.300,0.886,-0.059,-0.015,-0.299,0.182,66.713,-20.177,0.940,2.898,4,4,3.222
1784901648429,0.295,0.890,-0.057,-0.107,-0.259,0.229,68.906,-19.253,1.012,2.999,5,5,3.689
1784901648443,0.291,0.899,-0.056,-0.196,-0.220,0.278,71.160,-18.474,1.099,3.039,5,5,3.233
1784901648456,0.287,0.911,-0.056,-0.282,-0.183,0.322,73.225,-17.590,1.208,3.013,5,5,3.229
1784901648470,0.282,0.928,-0.056,-0.364,-0.147,0.364,75.050,-16.663,1.312,2.988,5,5,3.409
1784901648483,0.278,0.952,-0.055,-0.443,-0.112,0.403,76.608,-15.775,1.473,2.988,5,5,3.310
1784901648497,0.271,0.980,-0.056,-0.520,-0.077,0.441,78.127,-14.678,1.612,3.002,5,5,3.762
1784901648510,0.258,1.012,-0.058,-0.593,-0.037,0.476,79.596,-13.202,1.709,3.025,5,5,3.244
1784901648524,0.242,1.049,-0.064,-0.664,0.008,0.507,81.150,-11.597,1.865,3.068,5,5,3.226
1784901648537,0.226,1.090,-0.076,-0.732,0.061,0.535,82.884,-10.169,2.016,3.136,5,5,3.228
1784901648550,0.214,1.134,-0.092,-0.798,0.116,0.560,84.696,-9.056,2.140,3.183,5,5,3.228
1784901648564,0.205,1.178,-0.113,-0.861,0.170,0.581,86.622,-8.253,2.218,3.163,5,5,3.687
1784901648577,0.200,1.222,-0.143,-0.922,0.221,0.594,88.860,-7.659,2.343,3.079,5,5,3.236
1784901648591,0.198,1.271,-0.184,-0.980,0.267,0.599,91.343,-7.256,2.581,2.985,5,5,3.224
1784901648604,0.203,1.313,-0.239,-1.032,0.304,0.598,94.343,-7.207,2.671,2.760,5,5,3.232
1784901648617,0.220,1.346,-0.312,-1.065,0.327,0.596,97.967,-7.668,2.868,2.201,5,5,3.238
1784901648631,0.238,1.368,-0.395,-1.077,0.331,0.598,101.997,-8.118,2.950,1.590,5,5,3.673
1784901648647,0.232,1.379,-0.482,-1.064,0.317,0.603,106.145,-7.523,2.897,1.029,5,5,3.762
1784901648661,0.202,1.388,-0.564,-1.033,0.298,0.594,109.966,-5.927,2.868,0.480,5,5,3.255
1784901648674,0.167,1.396,-0.635,-0.983,0.278,0.568,113.208,-4.186,2.755,0.406,5,5,3.222
1784901648687,0.144,1.401,-0.691,-0.916,0.257,0.530,115.929,-2.991,2.464,0.970,5,5,3.238
1784901648701,0.134,1.285,-0.644,-0.843,0.273,0.448,97.943,-2.309,1.315,2.101,5,5,3.686
1784901648714,0.161,1.295,-0.553,-0.735,0.251,0.360,93.084,-3.977,2.225,2.842,5,5,3.235
1784901648728,0.145,1.299,-0.507,-0.615,0.207,0.288,90.895,-2.845,1.491,3.102,5,5,3.236
1784901648741,0.103,1.297,-0.488,-0.500,0.178,0.258,91.157,0.575,1.493,2.604,5,5,3.231
1784901648754,0.089,1.283,-0.474,-0.393,0.170,0.236,91.975,1.664,1.016,2.407,5,5,3.239
1784901648768,0.089,1.264,-0.477,-0.308,0.165,0.218,94.842,1.035,0.998,1.911,1,1,3.689
1784901648782,0.084,1.247,-0.471,-0.242,0.163,0.208,96.413,1.046,0.938,1.476,1,1,3.220
1784901648795,0.082,1.231,-0.466,-0.190,0.159,0.200,97.867,0.708,0.951,1.165,1,1,3.245
1784901648808,0.084,1.219,-0.454,-0.146,0.157,0.191,98.239,-0.003,0.984,0.997,1,1,3.237
1784901648822,0.094,1.208,-0.457,-0.106,0.132,0.188,100.179,-1.500,1.152,1.072,1,1,3.239
1784901648835,0.103,1.184,-0.464,-0.087,0.118,0.181,103.292,-3.071,0.955,0.477,1,1,3.753
1784901648849,0.113,1.178,-0.446,-0.070,0.104,0.172,102.239,-4.481,1.091,0.451,1,1,3.228
1784901648862,0.115,1.167,-0.439,-0.056,0.092,0.162,102.686,-5.017,0.985,0.396,1,1,3.232
1784901648875,0.118,1.159,-0.427,-0.044,0.079,0.153,102.467,-5.487,1.002,0.362,1,1,3.234
1784901648889,0.119,1.150,-0.418,-0.034,0.069,0.145,102.486,-5.728,1.000,0.300,1,1,3.220
1784901648902,0.120,1.143,-0.409,-0.026,0.063,0.139,102.412,-5.982,1.015,0.217,1,1,3.733
1784901648916,0.122,1.135,-0.400,-0.019,0.057,0.134,102.362,-6.335,1.010,0.186,1,1,3.234
1784901648929,0.125,1.129,-0.392,-0.014,0.052,0.130,102.344,-6.655,1.019,0.154,1,1,3.226
1784901648942,0.128,1.122,-0.384,-0.009,0.049,0.126,102.331,-7.101,1.017,0.130,1,1,3.255
1784901648956,0.131,1.117,-0.376,-0.005,0.045,0.122,102.282,-7.510,1.039,0.113,1,1,3.225
1784901648969,0.135,1.112,-0.367,-0.001,0.041,0.118,102.031,-7.973,1.041,0.125,1,1,3.723
1784901648983,0.139,1.106,-0.359,0.004,0.038,0.113,101.881,-8.352,1.026,0.132,1,1,3.232
1784901648999,0.142,1.101,-0.351,0.009,0.035,0.107,101.741,-8.679,1.031,0.140,1,1,3.297
1784901649012,0.145,1.096,-0.345,0.013,0.032,0.101,101.708,-9.008,1.038,0.152,1,1,3.322
1784901649026,0.148,1.092,-0.339,0.019,0.030,0.095,101.720,-9.227,1.027,0.170,1,1,3.237
1784901649039,0.151,1.087,-0.332,0.024,0.027,0.089,101.656,-9.567,1.037,0.193,1,1,3.694
1784901649053,0.153,1.084,-0.327,0.030,0.024,0.082,101.644,-9.695,1.051,0.207,1,1,3.241
1784901649066,0.154,1.082,-0.321,0.037,0.022,0.076,101.567,-9.663,1.075,0.232,1,1,3.248
1784901649079,0.156,1.079,-0.316,0.044,0.020,0.070,101.521,-9.707,1.055,0.241,1,1,3.224
1784901649093,0.157,1.077,-0.311,0.052,0.018,0.065,101.498,-9.806,1.055,0.265,1,1,3.228
1784901649106,0.159,1.074,-0.307,0.060,0.016,0.059,101.572,-9.938,1.056,0.294,1,1,3.676
1784901649120,0.161,1.071,-0.304,0.068,0.013,0.052,101.720,-10.004,1.046,0.306,1,1,3.246
1784901649133,0.162,1.068,-0.301,0.077,0.013,0.044,101.839,-10.038,1.057,0.339,1,1,3.241
1784901649146,0.163,1.065,-0.298,0.085,0.013,0.038,102.048,-10.031,1.042,0.339,1,1,3.218
1784901649160,0.162,1.063,-0.296,0.094,0.013,0.032,102.185,-9.823,1.058,0.348,1,1,3.237
1784901649173,0.162,1.062,-0.295,0.102,0.015,0.026,102.354,-9.703,1.094,0.348,1,1,3.762
1784901649189,0.171,1.064,-0.294,0.113,0.014,0.019,102.500,-10.465,1.188,0.420,1,1,3.240
1784901649202,0.175,1.064,-0.293,0.124,0.013,0.016,102.712,-10.733,1.129,0.414,1,1,3.338
1784901649216,0.179,1.062,-0.293,0.135,0.011,0.011,103.014,-11.059,1.091,0.431,1,1,3.221
1784901649229,0.176,1.062,-0.293,0.144,0.010,0.008,103.235,-10.538,1.113,0.404,1,1,3.277
1784901649242,0.169,1.066,-0.291,0.158,0.009,0.000,103.145,-9.609,1.178,0.537,3,3,3.701
1784901649256,0.165,1.069,-0.291,0.169,0.007,-0.007,103.232,-9.053,1.162,0.498,3,3,3.223
1784901649271,0.160,1.073,-0.290,0.182,0.006,-0.013,103.269,-8.443,1.204,0.563,3,3,4.268
1784901649284,0.157,1.078,-0.290,0.198,0.006,-0.018,103.269,-8.044,1.225,0.622,3,3,3.229
1784901649297,0.155,1.085,-0.289,0.216,0.006,-0.022,103.200,-7.789,1.272,0.685,3,3,3.222
1784901649311,0.153,1.094,-0.288,0.237,0.006,-0.026,103.035,-7.510,1.324,0.810,3,3,3.729
1784901649324,0.145,1.101,-0.293,0.261,0.005,-0.031,103.475,-6.636,1.318,0.894,3,3,3.226
1784901649339,0.147,1.113,-0.294,0.289,0.004,-0.033,103.427,-6.715,1.423,1.027,3,3,4.222
1784901649352,0.146,1.124,-0.292,0.322,0.003,-0.034,103.145,-6.587,1.386,1.182,3,3,3.301
1784901649366,0.138,1.140,-0.290,0.361,-0.001,-0.032,102.801,-5.832,1.510,1.378,3,3,3.224
1784901649380,0.136,1.156,-0.286,0.407,-0.006,-0.028,102.270,-5.605,1.534,1.611,3,3,4.802
1784901649394,0.136,1.175,-0.280,0.462,-0.009,-0.024,101.593,-5.567,1.602,1.893,3,3,3.249
1784901649407,0.141,1.197,-0.277,0.525,-0.014,-0.018,101.185,-5.824,1.706,2.149,3,3,3.227
1784901649420,0.145,1.228,-0.274,0.595,-0.022,-0.013,100.760,-5.912,1.933,2.430,3,3,3.232
1784901649434,0.160,1.274,-0.284,0.666,-0.027,-0.016,100.904,-6.467,2.374,2.507,3,3,3.216
1784901649447,0.197,1.299,-0.280,0.734,-0.046,-0.019,100.447,-8.545,2.128,2.565,3,3,3.713
1784901649461,0.224,1.326,-0.289,0.799,-0.072,-0.032,100.794,-9.910,2.127,2.634,3,3,3.236
1784901649474,0.270,1.338,-0.292,0.862,-0.108,-0.037,100.956,-12.561,2.069,2.716,3,3,3.484
1784901649488,0.287,1.337,-0.314,0.923,-0.142,-0.055,102.897,-13.568,1.683,2.754,3,3,3.901
1784901649502,0.310,1.348,-0.330,0.982,-0.183,-0.077,103.850,-14.657,1.897,2.868,3,3,3.228
1784901649515,0.341,1.353,-0.325,1.038,-0.227,-0.096,103.305,-16.573,1.812,2.907,4,4,3.715
1784901649532,0.363,1.344,-0.306,1.087,-0.271,-0.116,101.589,-18.419,1.433,2.822,4,4,5.863
1784901649545,0.382,1.283,-0.269,1.113,-0.315,-0.131,91.231,-21.912,0.972,2.366,4,4,3.240
1784901649558,0.394,1.195,-0.238,1.101,-0.367,-0.133,76.937,-23.484,1.060,1.893,4,4,3.246
1784901649572,0.395,1.108,-0.234,1.051,-0.407,-0.123,60.153,-23.762,0.918,1.482,4,4,3.268
1784901649585,0.382,1.052,-0.199,0.961,-0.434,-0.114,52.767,-22.403,0.585,1.790,4,4,3.693
1784901649600,0.372,1.029,-0.175,0.860,-0.447,-0.112,53.038,-21.519,0.673,1.915,4,4,4.406
1784901649613,0.369,1.008,-0.152,0.764,-0.454,-0.108,53.531,-21.888,0.694,1.855,4,4,3.228
1784901649629,0.365,0.982,-0.136,0.670,-0.456,-0.096,54.318,-22.670,0.549,1.851,4,4,5.102
1784901649642,0.356,0.954,-0.122,0.575,-0.452,-0.079,55.018,-22.607,0.427,1.950,4,4,3.249
1784901649655,0.344,0.927,-0.109,0.477,-0.437,-0.056,55.795,-21.710,0.378,2.144,4,4,3.692
1784901649669,0.334,0.905,-0.098,0.375,-0.414,-0.028,57.146,-20.911,0.475,2.378,4,4,3.244
1784901649682,0.327,0.891,-0.088,0.273,-0.383,0.007,59.071,-20.568,0.630,2.582,4,4,3.233
1784901649698,0.321,0.885,-0.081,0.173,-0.348,0.049,61.608,-19.957,0.762,2.750,4,4,3.296
1784901649711,0.314,0.881,-0.077,0.074,-0.309,0.092,64.227,-19.132,0.813,2.862,4,4,3.268
1784901649725,0.309,0.879,-0.074,-0.022,-0.266,0.137,66.767,-18.523,0.861,2.938,4,4,3.696
1784901649738,0.305,0.883,-0.073,-0.114,-0.223,0.183,69.240,-18.061,1.003,2.999,4,4,3.232
1784901649752,0.302,0.895,-0.074,-0.202,-0.181,0.229,71.619,-17.436,1.189,3.015,4,4,3.249
1784901649765,0.299,0.913,-0.076,-0.287,-0.140,0.271,73.925,-16.736,1.319,2.996,4,4,3.226
1784901649778,0.297,0.932,-0.080,-0.370,-0.100,0.311,76.061,-16.086,1.389,2.987,4,4,3.285
1784901649792,0.291,0.953,-0.084,-0.449,-0.060,0.350,78.094,-15.230,1.421,3.014,5,5,3.694
1784901649806,0.281,0.977,-0.088,-0.525,-0.016,0.387,79.877,-14.020,1.514,3.059,5,5,3.223
1784901649819,0.271,1.004,-0.094,-0.598,0.034,0.421,81.544,-12.795,1.626,3.115,5,5,3.236
1784901649832,0.264,1.036,-0.100,-0.669,0.088,0.451,83.111,-11.927,1.751,3.161,5,5,3.237
1784901649846,0.263,1.074,-0.108,-0.737,0.144,0.478,84.593,-11.527,1.930,3.182,5,5,3.230
1784901649859,0.268,1.114,-0.120,-0.802,0.197,0.502,86.130,-11.375,2.076,3.174,5,5,3.713
1784901649873,0.274,1.159,-0.138,-0.865,0.245,0.525,87.826,-11.323,2.248,3.118,5,5,3.234
1784901649886,0.280,1.208,-0.164,-0.926,0.286,0.544,89.717,-11.155,2.427,3.025,5,5,3.240
1784901649899,0.284,1.257,-0.201,-0.984,0.319,0.558,91.973,-10.894,2.561,2.911,5,5,3.232
1784901649913,0.291,1.301,-0.253,-1.036,0.343,0.566,94.797,-10.761,2.680,2.693,5,5,3.226
1784901649926,0.305,1.331,-0.320,-1.074,0.353,0.572,98.329,-10.957,2.756,2.260,5,5,3.718
1784901649940,0.321,1.354,-0.399,-1.092,0.346,0.580,102.190,-11.201,2.894,1.750,5,5,3.230
1784901649953,0.321,1.371,-0.484,-1.088,0.321,0.592,106.095,-10.732,2.939,1.377,5,5,3.237
1784901649967,0.290,1.384,-0.567,-1.062,0.289,0.593,109.788,-8.978,2.936,0.923,5,5,3.230
1784901649980,0.245,1.395,-0.640,-1.015,0.260,0.572,113.057,-6.684,2.868,0.529,5,5,3.273
1784901649993,0.211,1.399,-0.697,-0.951,0.236,0.538,115.827,-4.903,2.510,0.904,5,5,3.679
1784901650007,0.193,1.420,-0.737,-0.953,0.257,0.428,117.240,-4.003,2.487,2.737,5,5,3.237
1784901650020,0.262,1.408,-0.619,-0.854,0.282,0.330,108.932,-7.225,2.864,2.945,5,5,3.238
1784901650037,0.258,1.419,-0.546,-0.729,0.266,0.254,104.051,-7.027,1.992,3.046,5,5,6.737
1784901650053,0.215,1.410,-0.522,-0.610,0.246,0.221,102.699,-3.457,1.412,2.594,5,5,3.311
1784901650067,0.200,1.393,-0.501,-0.494,0.234,0.208,101.686,-2.444,1.015,2.507,5,5,3.703
1784901650082,0.198,1.369,-0.493,-0.398,0.220,0.193,102.612,-3.052,0.923,2.107,5,5,4.816
1784901650095,0.195,1.342,-0.492,-0.323,0.213,0.182,104.407,-3.530,0.891,1.622,5,5,3.229
1784901650109,0.188,1.321,-0.487,-0.265,0.205,0.173,105.282,-3.486,0.936,1.248,5,5,3.221
1784901650122,0.184,1.306,-0.474,-0.215,0.200,0.161,104.957,-3.601,0.998,1.095,5,5,3.237
1784901650135,0.183,1.276,-0.467,-0.175,0.170,0.151,106.006,-4.566,0.727,1.068,1,1,3.703
1784901650149,0.178,1.259,-0.465,-0.150,0.156,0.141,106.907,-4.503,0.967,0.552,1,1,3.253
1784901650162,0.184,1.243,-0.457,-0.131,0.139,0.127,106.971,-5.857,1.008,0.538,1,1,3.232
1784901650176,0.182,1.230,-0.448,-0.119,0.124,0.116,106.788,-6.007,0.980,0.356,1,1,3.227
1784901650189,0.182,1.221,-0.435,-0.108,0.109,0.106,105.922,-6.391,1.045,0.371,1,1,3.236
1784901650202,0.179,1.211,-0.424,-0.097,0.098,0.097,105.497,-6.442,1.020,0.297,1,1,3.679
1784901650218,0.178,1.201,-0.414,-0.087,0.090,0.092,105.108,-6.649,1.011,0.213,1,1,3.351
1784901650232,0.178,1.192,-0.404,-0.079,0.082,0.087,104.660,-6.915,1.034,0.191,1,1,3.228
1784901650245,0.179,1.183,-0.395,-0.070,0.075,0.082,104.269,-7.327,1.029,0.205,1,1,3.521
1784901650259,0.178,1.174,-0.387,-0.062,0.069,0.077,104.148,-7.561,1.012,0.172,1,1,3.245
1784901650272,0.179,1.166,-0.380,-0.055,0.064,0.073,103.932,-7.823,1.027,0.144,1,1,3.696
1784901650286,0.179,1.158,-0.372,-0.048,0.060,0.070,103.702,-8.103,1.029,0.134,1,1,3.249
1784901650299,0.179,1.151,-0.364,-0.043,0.055,0.066,103.520,-8.303,1.026,0.125,1,1,3.228
1784901650312,0.179,1.144,-0.357,-0.037,0.052,0.062,103.251,-8.381,1.031,0.121,1,1,3.241
1784901650326,0.180,1.139,-0.350,-0.031,0.049,0.058,103.053,-8.628,1.050,0.135,1,1,3.231
1784901650340,0.180,1.133,-0.343,-0.025,0.046,0.054,102.859,-8.785,1.043,0.150,1,1,4.198
1784901650353,0.180,1.127,-0.337,-0.018,0.043,0.050,102.737,-8.963,1.028,0.174,1,1,3.272
1784901650367,0.179,1.121,-0.332,-0.012,0.040,0.046,102.716,-8.949,1.032,0.168,1,1,3.230
1784901650382,0.179,1.115,-0.327,-0.005,0.038,0.042,102.654,-9.003,1.023,0.171,1,1,4.908
1784901650395,0.179,1.111,-0.322,0.001,0.035,0.038,102.569,-9.070,1.051,0.191,1,1,3.227
1784901650408,0.180,1.107,-0.316,0.009,0.033,0.033,102.398,-9.301,1.063,0.240,1,1,3.755
1784901650422,0.181,1.104,-0.312,0.018,0.030,0.027,102.328,-9.367,1.074,0.286,1,1,3.239
1784901650436,0.178,1.100,-0.308,0.028,0.028,0.021,102.303,-9.151,1.061,0.310,1,1,3.226
1784901650449,0.177,1.097,-0.304,0.038,0.027,0.015,102.364,-9.086,1.055,0.328,1,1,3.232
1784901650462,0.175,1.094,-0.302,0.048,0.027,0.010,102.475,-8.903,1.062,0.332,1,1,3.225
1784901650475,0.174,1.090,-0.299,0.059,0.027,0.005,102.565,-8.826,1.063,0.366,5,5,3.708
1784901650489,0.172,1.087,-0.298,0.069,0.028,-0.001,102.768,-8.601,1.061,0.373,5,5,3.235
1784901650503,0.172,1.084,-0.297,0.080,0.029,-0.009,103.003,-8.662,1.061,0.422,5,5,3.228
1784901650516,0.172,1.083,-0.297,0.090,0.029,-0.010,103.218,-8.741,1.108,0.337,5,5,3.225
1784901650529,0.178,1.081,-0.296,0.100,0.027,-0.013,103.443,-9.397,1.126,0.382,5,5,3.218
1784901650542,0.179,1.078,-0.296,0.109,0.025,-0.018,103.736,-9.529,1.069,0.384,1,1,3.690
1784901650559,0.169,1.080,-0.296,0.115,0.024,-0.022,103.837,-8.401,1.166,0.293,1,1,3.242
1784901650576,0.165,1.082,-0.297,0.125,0.022,-0.024,103.958,-7.974,1.164,0.382,1,1,7.208
1784901650590,0.163,1.084,-0.297,0.136,0.021,-0.027,103.991,-7.778,1.185,0.431,1,1,3.543
1784901650603,0.161,1.087,-0.296,0.147,0.020,-0.030,104.023,-7.570,1.176,0.458,1,1,3.248
1784901650617,0.158,1.089,-0.296,0.162,0.020,-0.030,104.055,-7.278,1.194,0.547,3,3,3.679
1784901650632,0.158,1.094,-0.296,0.179,0.019,-0.032,104.057,-7.281,1.229,0.618,3,3,4.908
1784901650645,0.161,1.099,-0.296,0.198,0.018,-0.036,104.006,-7.541,1.277,0.723,3,3,3.234
1784901650659,0.165,1.105,-0.296,0.221,0.017,-0.041,103.931,-7.900,1.290,0.832,3,3,3.234
1784901650672,0.167,1.113,-0.296,0.248,0.015,-0.050,103.835,-7.972,1.331,0.994,3,3,3.238
1784901650685,0.163,1.119,-0.296,0.277,0.014,-0.061,103.817,-7.558,1.302,1.079,3,3,3.688
1784901650699,0.157,1.133,-0.299,0.309,0.013,-0.063,103.835,-6.955,1.472,1.146,3,3,3.252
1784901650713,0.159,1.147,-0.296,0.347,0.009,-0.067,103.410,-7.036,1.482,1.342,3,3,3.229
1784901650728,0.158,1.161,-0.293,0.392,0.007,-0.070,102.961,-6.837,1.507,1.574,3,3,4.847
1784901650741,0.156,1.183,-0.290,0.444,0.003,-0.071,102.462,-6.536,1.675,1.805,3,3,3.243
1784901650754,0.154,1.210,-0.289,0.505,-0.005,-0.070,102.067,-6.311,1.814,2.092,3,3,3.685
1784901650768,0.166,1.243,-0.296,0.574,-0.016,-0.070,102.144,-6.786,2.074,2.394,3,3,3.243
1784901650781,0.194,1.275,-0.296,0.646,-0.032,-0.071,101.809,-8.251,2.155,2.544,3,3,3.230
1784901650795,0.221,1.310,-0.300,0.714,-0.057,-0.076,101.663,-9.468,2.263,2.603,3,3,3.267
1784901650808,0.255,1.329,-0.306,0.781,-0.088,-0.083,101.926,-11.328,2.056,2.670,3,3,3.234
1784901650822,0.273,1.349,-0.323,0.845,-0.125,-0.101,102.804,-12.119,2.018,2.785,3,3,3.683
1784901650837,0.301,1.364,-0.345,0.906,-0.167,-0.126,104.062,-13.402,2.107,2.901,3,3,3.236
1784901650850,0.323,1.362,-0.351,0.965,-0.209,-0.152,104.641,-14.910,1.613,2.944,3,3,3.224
1784901650863,0.346,1.350,-0.337,1.012,-0.251,-0.178,103.390,-17.176,1.378,2.730,3,3,3.240
1784901650877,0.365,1.301,-0.309,1.044,-0.293,-0.196,97.071,-21.606,0.862,2.437,3,3,3.221
1784901650891,0.370,1.215,-0.249,1.051,-0.333,-0.201,84.752,-21.552,1.347,1.870,4,4,4.588
1784901650905,0.365,1.161,-0.244,1.032,-0.370,-0.194,59.976,-25.506,0.296,1.437,4,4,3.302
1784901650918,0.342,1.083,-0.212,0.965,-0.394,-0.182,49.438,-21.849,0.811,1.297,4,4,3.225
1784901650932,0.324,1.051,-0.184,0.881,-0.402,-0.178,48.414,-19.140,0.551,1.450,4,4,3.237
1784901650945,0.315,1.028,-0.159,0.794,-0.398,-0.176,48.934,-18.265,0.650,1.484,4,4,3.228
1784901650960,0.310,0.999,-0.139,0.709,-0.389,-0.167,49.170,-18.791,0.525,1.501,4,4,4.866
1784901650973,0.305,0.969,-0.123,0.623,-0.376,-0.149,49.516,-19.590,0.426,1.653,4,4,3.229
1784901650987,0.298,0.936,-0.108,0.531,-0.356,-0.126,48.970,-20.189,0.351,1.922,4,4,3.238
1784901651000,0.293,0.910,-0.094,0.433,-0.330,-0.100,50.080,-20.597,0.443,2.208,4,4,3.236
1784901651013,0.293,0.895,-0.084,0.334,-0.303,-0.069,52.572,-21.148,0.635,2.384,4,4,3.222
1784901651027,0.293,0.883,-0.078,0.237,-0.277,-0.033,55.695,-21.565,0.705,2.509,4,4,3.701
1784901651040,0.291,0.874,-0.076,0.138,-0.249,0.007,59.126,-21.301,0.710,2.673,4,4,3.228
1784901651054,0.285,0.869,-0.074,0.040,-0.220,0.046,62.294,-20.417,0.779,2.770,4,4,3.692
1784901651068,0.283,0.872,-0.074,-0.054,-0.189,0.086,65.397,-19.821,0.981,2.804,4,4,3.260
1784901651081,0.284,0.885,-0.078,-0.145,-0.162,0.128,68.505,-19.356,1.222,2.838,4,4,3.237
1784901651095,0.285,0.903,-0.086,-0.232,-0.137,0.168,71.644,-18.708,1.355,2.830,5,5,3.848
1784901651109,0.281,0.921,-0.097,-0.314,-0.112,0.206,74.718,-17.765,1.368,2.767,5,5,3.226
1784901651123,0.276,0.941,-0.108,-0.392,-0.085,0.245,77.545,-16.687,1.425,2.788,5,5,3.999
1784901651136,0.268,0.964,-0.120,-0.467,-0.052,0.283,80.090,-15.430,1.522,2.843,5,5,3.222
1784901651151,0.258,0.993,-0.132,-0.537,-0.011,0.320,82.354,-14.106,1.668,2.891,5,5,4.132
1784901651164,0.253,1.020,-0.146,-0.603,0.036,0.357,84.596,-13.190,1.685,2.923,5,5,3.699
1784901651178,0.251,1.045,-0.159,-0.668,0.085,0.392,86.581,-12.658,1.660,3.038,5,5,3.221
1784901651191,0.253,1.073,-0.171,-0.735,0.133,0.423,88.299,-12.376,1.770,3.093,5,5,3.232
1784901651205,0.260,1.106,-0.185,-0.801,0.175,0.450,89.850,-12.340,1.922,3.022,5,5,3.231
1784901651219,0.267,1.143,-0.201,-0.862,0.206,0.472,91.396,-12.281,2.085,2.859,5,5,4.409
1784901651232,0.272,1.181,-0.223,-0.923,0.242,0.484,93.059,-12.084,2.165,2.877,5,5,3.686
1784901651247,0.314,1.230,-0.237,-0.973,0.264,0.493,94.031,-13.583,2.657,2.529,5,5,4.330
1784901651261,0.438,1.351,-0.264,-0.955,0.257,0.499,94.818,-15.861,5.162,0.808,5,5,3.237
1784901651274,0.434,1.389,-0.307,-0.994,0.244,0.514,97.131,-15.085,2.562,2.211,5,5,3.233
1784901651288,0.431,1.397,-0.359,-1.015,0.219,0.527,100.571,-14.568,2.206,1.836,5,5,3.236
1784901651301,0.413,1.411,-0.412,-1.018,0.187,0.540,103.650,-13.195,2.332,1.558,5,5,3.696
1784901651315,0.369,1.416,-0.468,-1.003,0.153,0.544,106.896,-10.566,2.344,1.153,5,5,3.274
1784901651328,0.311,1.418,-0.521,-0.971,0.128,0.532,109.940,-7.367,2.416,0.578,5,5,3.228
1784901651343,0.262,1.418,-0.568,-0.923,0.113,0.503,112.605,-4.654,2.297,0.480,5,5,4.856
1784901651357,0.177,1.485,-0.627,-0.815,0.152,0.392,113.630,-1.781,3.891,3.412,5,5,3.227
1784901651370,0.181,1.466,-0.595,-0.724,0.176,0.295,110.819,-2.982,1.107,2.885,4,4,3.690
1784901651384,0.180,1.468,-0.524,-0.614,0.190,0.215,105.548,-3.190,1.835,2.949,4,4,3.236
1784901651397,0.138,1.464,-0.482,-0.499,0.195,0.172,102.419,-0.178,1.644,2.682,4,4,3.240
1784901651412,0.126,1.443,-0.467,-0.392,0.203,0.146,101.969,0.550,1.008,2.479,4,4,4.275
1784901651425,0.126,1.423,-0.454,-0.301,0.203,0.131,101.866,-0.178,1.009,2.085,4,4,3.236
1784901651440,0.127,1.399,-0.454,-0.224,0.192,0.118,103.346,-0.986,0.980,1.789,1,1,4.739
1784901651453,0.127,1.379,-0.448,-0.162,0.176,0.106,103.849,-1.519,1.004,1.488,1,1,3.244
1784901651467,0.123,1.361,-0.437,-0.110,0.165,0.095,103.629,-1.577,0.997,1.254,1,1,3.222
1784901651481,0.135,1.324,-0.458,-0.073,0.147,0.083,108.078,-3.432,1.133,0.969,1,1,3.240
1784901651494,0.136,1.305,-0.451,-0.058,0.131,0.075,108.060,-3.992,0.926,0.445,1,1,3.223
1784901651508,0.133,1.291,-0.440,-0.046,0.121,0.067,107.539,-3.993,1.010,0.351,1,1,4.560
1784901651522,0.132,1.274,-0.435,-0.040,0.111,0.059,107.665,-4.272,0.973,0.236,1,1,3.231
1784901651535,0.134,1.263,-0.423,-0.034,0.103,0.054,106.919,-4.744,1.040,0.178,1,1,3.222
1784901651549,0.133,1.252,-0.412,-0.028,0.095,0.052,106.159,-4.842,1.049,0.168,1,1,3.235
1784901651562,0.132,1.242,-0.402,-0.020,0.088,0.051,105.583,-4.968,1.030,0.199,1,1,3.234
1784901651577,0.132,1.230,-0.394,-0.013,0.082,0.051,105.298,-5.223,1.015,0.189,1,1,4.893
1784901651591,0.133,1.221,-0.385,-0.006,0.076,0.051,104.893,-5.586,1.038,0.193,1,1,3.364
1784901651605,0.135,1.211,-0.378,0.000,0.071,0.050,104.651,-5.983,1.031,0.180,1,1,4.207
1784901651618,0.138,1.201,-0.371,0.006,0.066,0.048,104.504,-6.452,1.025,0.166,1,1,3.230
1784901651632,0.139,1.191,-0.365,0.009,0.061,0.046,104.359,-6.713,1.020,0.131,1,1,3.223
1784901651647,0.140,1.183,-0.359,0.013,0.057,0.043,104.167,-6.920,1.037,0.121,1,1,3.699
1784901651660,0.140,1.175,-0.352,0.017,0.053,0.041,103.974,-7.046,1.039,0.121,1,1,3.224
1784901651674,0.140,1.167,-0.347,0.021,0.050,0.039,103.856,-7.157,1.035,0.122,1,1,3.238
1784901651687,0.140,1.159,-0.342,0.024,0.047,0.037,103.831,-7.225,1.008,0.114,1,1,3.224
1784901651701,0.140,1.151,-0.337,0.026,0.045,0.036,103.828,-7.296,1.016,0.097,1,1,4.140
1784901651715,0.141,1.145,-0.332,0.029,0.042,0.035,103.610,-7.357,1.051,0.092,1,1,3.689
1784901651730,0.142,1.139,-0.327,0.032,0.039,0.033,103.487,-7.550,1.045,0.118,1,1,4.748
1784901651743,0.143,1.133,-0.322,0.036,0.036,0.031,103.305,-7.731,1.052,0.140,1,1,3.239
1784901651757,0.143,1.127,-0.318,0.039,0.034,0.029,103.276,-7.780,1.032,0.144,1,1,3.225
1784901651772,0.144,1.122,-0.314,0.043,0.032,0.027,103.255,-7.854,1.036,0.147,1,1,4.533
1784901651785,0.144,1.116,-0.311,0.047,0.029,0.024,103.299,-7.882,1.028,0.150,1,1,3.688
1784901651799,0.144,1.110,-0.308,0.050,0.027,0.021,103.408,-7.919,1.019,0.153,1,1,3.235
1784901651812,0.143,1.103,-0.306,0.053,0.025,0.018,103.533,-7.855,1.004,0.136,1,1,3.233
1784901651825,0.143,1.098,-0.304,0.055,0.024,0.016,103.643,-7.845,1.026,0.122,1,1,3.222
1784901651839,0.143,1.093,-0.302,0.057,0.022,0.014,103.732,-7.900,1.029,0.116,1,1,3.231
1784901651852,0.143,1.089,-0.300,0.059,0.021,0.011,103.796,-7.854,1.042,0.119,1,1,3.694
1784901651866,0.142,1.085,-0.298,0.061,0.020,0.010,103.864,-7.788,1.038,0.119,1,1,3.241
1784901651879,0.142,1.081,-0.297,0.063,0.019,0.008,103.994,-7.785,1.040,0.131,1,1,3.229
1784901651892,0.143,1.076,-0.296,0.065,0.018,0.006,104.188,-7.843,1.020,0.122,1,1,3.227
1784901651906,0.142,1.072,-0.295,0.066,0.018,0.004,104.333,-7.792,1.024,0.107,1,1,3.244
1784901651919,0.141,1.068,-0.294,0.067,0.017,0.002,104.476,-7.674,1.021,0.091,2,2,3.685
1784901651933,0.140,1.064,-0.293,0.067,0.017,0.001,104.590,-7.592,1.019,0.086,2,2,3.250
1784901651946,0.140,1.061,-0.292,0.068,0.017,0.000,104.651,-7.555,1.040,0.081,2,2,3.231
1784901651960,0.139,1.057,-0.292,0.068,0.016,-0.001,104.751,-7.545,1.032,0.091,2,2,3.826
1784901651974,0.139,1.055,-0.290,0.069,0.016,-0.003,104.753,-7.468,1.038,0.102,2,2,3.229
1784901651987,0.139,1.054,-0.289,0.070,0.016,-0.004,104.742,-7.465,1.070,0.108,2,2,3.679
1784901652001,0.140,1.053,-0.288,0.072,0.017,-0.006,104.699,-7.612,1.077,0.144,2,2,3.233
1784901652014,0.140,1.052,-0.288,0.075,0.017,-0.009,104.710,-7.647,1.079,0.158,2,2,3.227
1784901652027,0.141,1.050,-0.288,0.078,0.017,-0.012,104.831,-7.737,1.071,0.186,2,2,3.232
1784901652041,0.141,1.049,-0.288,0.081,0.018,-0.015,104.993,-7.658,1.074,0.188,2,2,3.225
1784901652054,0.145,1.050,-0.289,0.084,0.018,-0.018,105.049,-8.061,1.126,0.199,3,3,3.688
1784901652068,0.147,1.048,-0.289,0.088,0.017,-0.021,105.179,-8.266,1.084,0.210,3,3,3.224
1784901652081,0.148,1.046,-0.290,0.092,0.015,-0.025,105.324,-8.409,1.056,0.241,3,3,3.226
1784901652094,0.145,1.045,-0.290,0.096,0.014,-0.027,105.467,-7.938,1.057,0.217,3,3,3.222
1784901652108,0.140,1.043,-0.292,0.099,0.012,-0.028,105.656,-7.361,1.057,0.178,3,3,3.430
1784901652125,0.138,1.044,-0.292,0.103,0.010,-0.028,105.645,-7.141,1.101,0.226,4,4,3.731
1784901652139,0.138,1.044,-0.292,0.108,0.008,-0.028,105.729,-7.143,1.100,0.250,4,4,3.257
1784901652152,0.139,1.046,-0.293,0.114,0.005,-0.029,105.704,-7.260,1.155,0.272,4,4,3.231
1784901652165,0.145,1.050,-0.293,0.121,0.000,-0.030,105.598,-7.781,1.208,0.334,4,4,3.233
1784901652179,0.150,1.053,-0.293,0.130,-0.007,-0.032,105.511,-8.257,1.177,0.407,4,4,3.222
1784901652192,0.156,1.055,-0.293,0.140,-0.016,-0.033,105.422,-8.852,1.163,0.487,3,3,3.670
1784901652206,0.165,1.054,-0.294,0.150,-0.028,-0.034,105.543,-9.751,1.158,0.550,3,3,3.219
1784901652219,0.183,1.052,-0.295,0.161,-0.047,-0.030,105.820,-11.560,1.208,0.683,3,3,3.236
1784901652232,0.208,1.049,-0.297,0.171,-0.074,-0.023,106.065,-13.930,1.274,0.919,3,3,3.213
1784901652246,0.238,1.043,-0.298,0.179,-0.112,-0.013,106.410,-16.605,1.321,1.178,3,3,3.213
1784901652259,0.267,1.034,-0.295,0.186,-0.159,-0.000,106.341,-19.407,1.257,1.480,3,3,3.663
1784901652273,0.297,1.021,-0.296,0.189,-0.216,0.014,106.946,-22.339,1.230,1.758,3,3,3.228
1784901652286,0.324,1.007,-0.295,0.188,-0.283,0.030,107.474,-25.056,1.193,2.054,3,3,3.331
1784901652300,0.348,0.994,-0.294,0.183,-0.357,0.048,107.733,-27.298,1.149,2.354,3,3,3.309
1784901652313,0.366,0.983,-0.290,0.174,-0.437,0.069,107.418,-28.992,1.091,2.577,3,3,3.257
1784901652326,0.380,0.975,-0.284,0.163,-0.513,0.092,106.816,-30.037,1.060,2.598,4,4,3.708
1784901652340,0.388,0.969,-0.276,0.150,-0.587,0.117,105.854,-30.315,1.020,2.619,4,4,3.256
1784901652354,0.390,0.968,-0.270,0.136,-0.658,0.141,105.191,-29.806,1.035,2.629,4,4,3.235
1784901652367,0.387,0.968,-0.262,0.122,-0.726,0.167,104.194,-28.744,1.027,2.646,4,4,3.219
1784901652380,0.382,0.969,-0.250,0.107,-0.792,0.192,102.811,-27.478,1.026,2.656,4,4,3.261
1784901652394,0.375,0.970,-0.237,0.092,-0.856,0.215,101.327,-25.977,1.029,2.649,4,4,3.691
1784901652407,0.366,0.972,-0.220,0.077,-0.917,0.239,99.451,-24.416,1.025,2.659,4,4,3.218
1784901652421,0.354,0.973,-0.203,0.062,-0.975,0.262,97.630,-22.644,1.024,2.667,4,4,3.233
1784901652434,0.338,0.976,-0.185,0.046,-1.032,0.284,95.798,-20.360,1.065,2.670,4,4,3.223
1784901652447,0.319,0.978,-0.167,0.030,-1.086,0.304,94.078,-17.933,1.040,2.662,4,4,3.245
1784901652461,0.298,0.981,-0.152,0.014,-1.139,0.322,92.786,-15.419,1.084,2.654,4,4,3.688
1784901652475,0.274,0.985,-0.137,-0.001,-1.189,0.338,91.605,-12.748,1.116,2.642,4,4,3.283
1784901652488,0.248,0.991,-0.125,-0.015,-1.238,0.352,90.754,-10.057,1.166,2.631,4,4,3.260
1784901652501,0.224,0.995,-0.113,-0.029,-1.285,0.367,89.942,-7.605,1.139,2.636,4,4,3.264
1784901652515,0.199,0.999,-0.102,-0.042,-1.326,0.381,89.293,-5.232,1.153,2.525,4,4,3.278
1784901652528,0.175,1.002,-0.091,-0.055,-1.359,0.396,88.583,-2.952,1.142,2.380,4,4,3.881
1784901652542,0.150,1.004,-0.080,-0.068,-1.384,0.410,87.832,-0.754,1.133,2.218,4,4,3.262
1784901652555,0.123,1.010,-0.069,-0.081,-1.400,0.420,87.275,1.400,1.224,1.993,4,4,3.271
1784901652569,0.097,1.015,-0.064,-0.094,-1.407,0.427,87.344,3.441,1.225,1.760,4,4,3.254
1784901652582,0.074,1.019,-0.064,-0.106,-1.406,0.430,87.833,5.144,1.187,1.529,4,4,3.262
1784901652596,0.056,1.021,-0.064,-0.119,-1.400,0.432,88.338,6.265,1.126,1.391,1,1,3.870
1784901652609,0.041,1.023,-0.064,-0.130,-1.388,0.433,88.867,7.125,1.113,1.238,1,1,3.270
1784901652623,0.025,1.026,-0.066,-0.140,-1.368,0.429,89.567,8.085,1.130,1.017,1,1,3.256
1784901652641,0.013,1.026,-0.070,-0.149,-1.341,0.423,90.389,8.553,1.065,0.795,1,1,5.273
1784901652654,0.005,1.026,-0.074,-0.158,-1.311,0.416,91.187,8.594,1.068,0.687,1,1,3.414
1784901652668,-0.002,1.029,-0.078,-0.164,-1.277,0.407,91.937,8.549,1.113,0.545,1,1,3.841
1784901652682,-0.009,1.030,-0.083,-0.168,-1.240,0.398,92.722,8.561,1.073,0.426,1,1,3.274
1784901652695,-0.017,1.031,-0.088,-0.172,-1.200,0.389,93.491,8.759,1.086,0.348,1,1,3.246
1784901652708,-0.034,1.023,-0.094,-0.174,-1.152,0.380,94.530,10.292,0.975,0.292,1,1,3.264
1784901652722,-0.032,1.027,-0.096,-0.174,-1.108,0.374,94.797,9.231,1.134,0.272,1,1,3.243
1784901652737,-0.026,1.029,-0.099,-0.171,-1.066,0.368,95.209,7.764,1.082,0.241,1,1,5.718
1784901652751,-0.017,1.030,-0.103,-0.167,-1.026,0.361,95.700,6.107,1.076,0.177,1,1,3.240
1784901652764,-0.008,1.029,-0.108,-0.164,-0.988,0.352,96.249,4.608,1.045,0.145,1,1,3.242
1784901652778,-0.001,1.028,-0.112,-0.161,-0.951,0.342,96.726,3.295,1.036,0.122,1,1,3.255
1784901652791,0.006,1.026,-0.116,-0.157,-0.915,0.332,97.140,2.130,1.034,0.098,1,1,3.261
1784901652806,0.014,1.024,-0.120,-0.155,-0.882,0.321,97.674,1.017,1.016,0.093,1,1,3.958
1784901652820,0.020,1.024,-0.123,-0.152,-0.849,0.309,97.903,0.083,1.038,0.098,1,1,3.276
1784901652835,0.024,1.024,-0.124,-0.149,-0.818,0.298,97.995,-0.536,1.056,0.055,1,1,5.496
1784901652849,0.028,1.023,-0.128,-0.145,-0.787,0.288,98.330,-1.031,1.011,0.065,1,1,3.265
1784901652862,0.031,1.021,-0.131,-0.142,-0.758,0.279,98.663,-1.509,1.011,0.089,1,1,3.261
1784901652876,0.036,1.021,-0.132,-0.139,-0.729,0.271,98.663,-2.135,1.041,0.086,1,1,3.924
1784901652890,0.041,1.020,-0.134,-0.136,-0.702,0.263,98.815,-2.743,1.023,0.061,1,1,3.255
1784901652903,0.045,1.018,-0.137,-0.132,-0.676,0.255,98.995,-3.217,1.011,0.065,1,1,3.298
1784901652916,0.050,1.018,-0.138,-0.129,-0.651,0.247,99.093,-3.717,1.030,0.066,1,1,3.260
1784901652930,0.054,1.018,-0.139,-0.126,-0.627,0.239,99.078,-4.139,1.042,0.042,1,1,3.251
1784901652943,0.058,1.017,-0.141,-0.122,-0.603,0.231,99.220,-4.517,1.027,0.032,1,1,3.877
1784901652957,0.061,1.016,-0.143,-0.119,-0.581,0.223,99.331,-4.765,1.015,0.050,1,1,3.271
1784901652971,0.064,1.014,-0.145,-0.116,-0.559,0.217,99.470,-5.023,1.010,0.063,1,1,3.300
1784901652984,0.068,1.013,-0.147,-0.113,-0.538,0.211,99.569,-5.312,1.008,0.068,1,1,3.395
1784901652998,0.071,1.012,-0.149,-0.111,-0.518,0.205,99.692,-5.563,1.013,0.069,1,1,3.988
1784901653014,0.074,1.011,-0.150,-0.109,-0.499,0.198,99.737,-5.781,1.021,0.075,1,1,6.024
1784901653028,0.077,1.011,-0.150,-0.108,-0.480,0.193,99.671,-5.993,1.031,0.075,1,1,3.267
1784901653041,0.080,1.011,-0.151,-0.105,-0.462,0.187,99.677,-6.254,1.032,0.060,1,1,3.267
1784901653055,0.083,1.010,-0.152,-0.103,-0.445,0.181,99.670,-6.449,1.016,0.056,1,1,3.254
1784901653071,0.086,1.009,-0.153,-0.101,-0.428,0.175,99.688,-6.623,1.023,0.051,1,1,3.313
1784901653084,0.088,1.010,-0.153,-0.098,-0.413,0.170,99.570,-6.718,1.038,0.048,1,1,3.922
1784901653098,0.090,1.009,-0.154,-0.095,-0.397,0.166,99.593,-6.779,1.018,0.064,1,1,3.314
1784901653113,0.092,1.009,-0.154,-0.093,-0.383,0.163,99.601,-6.878,1.027,0.078,1,1,3.265
1784901653126,0.095,1.008,-0.155,-0.090,-0.369,0.159,99.599,-7.068,1.019,0.067,1,1,3.265
1784901653140,0.098,1.007,-0.156,-0.088,-0.355,0.156,99.647,-7.200,1.021,0.071,1,1,3.271
1784901653153,0.100,1.007,-0.156,-0.085,-0.342,0.152,99.610,-7.385,1.025,0.068,2,2,3.941
1784901653167,0.103,1.007,-0.157,-0.082,-0.329,0.149,99.562,-7.574,1.026,0.060,2,2,3.297
1784901653181,0.107,1.007,-0.156,-0.078,-0.318,0.145,99.370,-7.830,1.046,0.052,2,2,3.306
1784901653194,0.110,1.007,-0.156,-0.073,-0.306,0.140,99.408,-8.003,1.026,0.046,2,2,3.359
1784901653208,0.111,1.006,-0.157,-0.069,-0.295,0.136,99.455,-8.040,1.020,0.050,2,2,3.354
1784901653221,0.113,1.006,-0.157,-0.065,-0.285,0.132,99.407,-8.113,1.014,0.049,2,2,4.284
1784901653236,0.115,1.005,-0.158,-0.061,-0.275,0.128,99.477,-8.187,1.019,0.055,2,2,3.324
1784901653249,0.117,1.004,-0.159,-0.058,-0.265,0.125,99.606,-8.190,1.013,0.053,2,2,3.244
1784901653262,0.118,1.003,-0.160,-0.055,-0.256,0.122,99.686,-8.192,1.013,0.057,2,2,3.249
1784901653277,0.120,1.004,-0.160,-0.052,-0.247,0.119,99.621,-8.268,1.038,0.053,2,2,3.284
1784901653292,0.122,1.003,-0.161,-0.049,-0.238,0.116,99.676,-8.438,1.028,0.054,2,2,3.798
1784901653306,0.125,1.003,-0.162,-0.045,-0.230,0.113,99.687,-8.548,1.032,0.053,2,2,3.241
1784901653319,0.126,1.003,-0.162,-0.043,-0.222,0.110,99.758,-8.614,1.021,0.053,2,2,3.241
1784901653333,0.128,1.002,-0.163,-0.040,-0.214,0.108,99.830,-8.668,1.021,0.045,2,2,3.261
1784901653350,0.129,1.001,-0.165,-0.038,-0.207,0.105,99.961,-8.729,1.002,0.044,2,2,7.426
1784901653364,0.131,1.000,-0.166,-0.037,-0.200,0.103,100.054,-8.790,1.009,0.046,2,2,4.663
1784901653378,0.132,1.000,-0.166,-0.035,-0.193,0.101,100.000,-8.847,1.024,0.043,2,2,3.258
1784901653392,0.134,0.999,-0.167,-0.034,-0.186,0.098,100.087,-8.916,1.016,0.035,2,2,3.326
1784901653405,0.136,0.999,-0.168,-0.033,-0.180,0.096,100.131,-8.981,1.023,0.036,2,2,3.256
1784901653418,0.138,0.998,-0.168,-0.032,-0.174,0.093,100.175,-9.101,1.011,0.036,2,2,3.250
1784901653432,0.139,0.997,-0.169,-0.032,-0.168,0.090,100.227,-9.167,1.009,0.034,2,2,3.857
1784901653446,0.141,0.997,-0.169,-0.032,-0.162,0.087,100.168,-9.279,1.021,0.036,2,2,3.248
1784901653461,0.143,0.997,-0.169,-0.031,-0.157,0.084,100.150,-9.370,1.042,0.023,2,2,4.730
1784901653475,0.144,0.998,-0.168,-0.030,-0.152,0.081,99.981,-9.398,1.049,0.017,2,2,3.251
1784901653488,0.145,0.998,-0.169,-0.028,-0.146,0.078,100.041,-9.392,1.031,0.022,2,2,3.239
1784901653501,0.146,0.998,-0.170,-0.026,-0.141,0.075,100.046,-9.396,1.028,0.020,2,2,3.848
1784901653515,0.148,0.998,-0.170,-0.024,-0.137,0.072,100.059,-9.426,1.020,0.022,2,2,3.251
1784901653529,0.148,0.997,-0.171,-0.023,-0.132,0.070,100.118,-9.386,1.015,0.025,2,2,3.267
1784901653542,0.149,0.997,-0.171,-0.022,-0.128,0.068,100.180,-9.391,1.015,0.025,2,2,3.298
1784901653555,0.150,0.998,-0.171,-0.020,-0.123,0.067,100.000,-9.419,1.057,0.035,2,2,3.239
1784901653569,0.151,0.998,-0.171,-0.018,-0.119,0.065,100.028,-9.457,1.034,0.039,2,2,3.829
1784901653583,0.152,0.999,-0.171,-0.016,-0.115,0.064,99.967,-9.396,1.033,0.052,2,2,3.246
1784901653596,0.151,0.998,-0.172,-0.014,-0.111,0.063,100.115,-9.303,1.007,0.054,2,2,3.254
1784901653609,0.153,0.997,-0.173,-0.013,-0.107,0.062,100.207,-9.381,1.015,0.049,2,2,3.240
1784901653623,0.154,0.996,-0.174,-0.012,-0.104,0.061,100.267,-9.496,1.016,0.029,2,2,3.250
1784901653636,0.155,0.996,-0.174,-0.011,-0.100,0.059,100.261,-9.582,1.014,0.014,2,2,3.840
1784901653650,0.156,0.995,-0.174,-0.011,-0.097,0.057,100.296,-9.624,1.006,0.010,2,2,3.261
1784901653663,0.157,0.994,-0.175,-0.011,-0.094,0.055,100.355,-9.647,1.011,0.021,2,2,3.245
1784901653677,0.158,0.994,-0.175,-0.011,-0.091,0.053,100.379,-9.648,1.021,0.027,2,2,3.236
1784901653690,0.158,0.994,-0.175,-0.012,-0.088,0.051,100.304,-9.606,1.025,0.022,2,2,3.290
1784901653703,0.158,0.995,-0.175,-0.012,-0.085,0.049,100.282,-9.590,1.034,0.020,2,2,3.875
1784901653717,0.159,0.995,-0.175,-0.011,-0.083,0.048,100.262,-9.606,1.025,0.022,2,2,3.278
1784901653731,0.160,0.994,-0.176,-0.011,-0.080,0.047,100.291,-9.648,1.016,0.024,2,2,3.279
1784901653744,0.161,0.994,-0.176,-0.012,-0.078,0.045,100.301,-9.687,1.016,0.022,2,2,3.242
1784901653757,0.161,0.993,-0.176,-0.012,-0.075,0.044,100.359,-9.659,1.015,0.026,2,2,3.256
1784901653771,0.162,0.993,-0.177,-0.012,-0.073,0.042,100.389,-9.701,1.017,0.029,2,2,3.827
1784901653785,0.162,0.993,-0.177,-0.013,-0.071,0.040,100.361,-9.715,1.027,0.035,2,2,3.242
1784901653798,0.163,0.993,-0.176,-0.014,-0.069,0.039,100.261,-9.692,1.033,0.026,2,2,3.251
1784901653811,0.163,0.994,-0.176,-0.014,-0.066,0.037,100.204,-9.644,1.031,0.019,2,2,3.255
1784901653825,0.163,0.994,-0.176,-0.014,-0.065,0.036,100.143,-9.607,1.023,0.022,2,2,3.252
1784901653838,0.163,0.994,-0.175,-0.013,-0.063,0.035,100.106,-9.564,1.029,0.016,2,2,3.838
1784901653852,0.163,0.994,-0.175,-0.013,-0.061,0.034,100.071,-9.564,1.023,0.020,2,2,3.244
1784901653865,0.164,0.994,-0.175,-0.013,-0.059,0.033,100.016,-9.585,1.028,0.019,2,2,3.250
1784901653879,0.164,0.994,-0.175,-0.013,-0.057,0.032,100.002,-9.638,1.023,0.015,2,2,3.274
1784901653893,0.165,0.995,-0.174,-0.012,-0.055,0.031,99.926,-9.665,1.032,0.010,2,2,4.214
1784901653906,0.165,0.995,-0.174,-0.011,-0.054,0.030,99.845,-9.683,1.035,0.027,2,2,3.858
1784901653921,0.166,0.995,-0.174,-0.009,-0.052,0.029,99.901,-9.660,1.025,0.025,2,2,3.666
1784901653934,0.166,0.995,-0.174,-0.008,-0.051,0.028,99.900,-9.669,1.026,0.023,2,2,3.261
1784901653947,0.166,0.996,-0.174,-0.007,-0.049,0.027,99.879,-9.663,1.031,0.030,2,2,3.249
1784901653961,0.166,0.995,-0.174,-0.005,-0.048,0.025,99.919,-9.646,1.023,0.035,2,2,3.261
1784901653974,0.166,0.995,-0.175,-0.004,-0.046,0.024,100.012,-9.627,1.018,0.032,2,2,3.890
1784901653988,0.166,0.995,-0.175,-0.003,-0.045,0.023,100.046,-9.576,1.015,0.028,2,2,3.254
1784901654002,0.166,0.994,-0.175,-0.002,-0.044,0.023,100.037,-9.608,1.021,0.021,2,2,3.253
1784901654017,0.167,0.994,-0.175,-0.001,-0.042,0.022,99.989,-9.600,1.018,0.022,2,2,4.935
1784901654030,0.166,0.995,-0.175,-0.000,-0.041,0.021,99.977,-9.552,1.030,0.027,2,2,3.338
1784901654043,0.167,0.995,-0.174,0.001,-0.040,0.021,99.941,-9.593,1.029,0.029,2,2,3.898
1784901654058,0.167,0.995,-0.175,0.002,-0.039,0.020,99.966,-9.613,1.029,0.036,2,2,3.304
1784901654071,0.166,0.996,-0.174,0.004,-0.038,0.019,99.831,-9.451,1.039,0.051,2,2,3.259
1784901654084,0.164,0.997,-0.174,0.006,-0.037,0.020,99.812,-9.185,1.032,0.085,2,2,3.260
1784901654098,0.163,0.998,-0.173,0.009,-0.036,0.022,99.776,-9.038,1.041,0.116,2,2,3.254
1784901654111,0.164,0.998,-0.173,0.013,-0.035,0.025,99.742,-9.109,1.038,0.148,2,2,3.854
1784901654125,0.162,0.998,-0.175,0.017,-0.034,0.029,99.928,-8.914,1.023,0.183,2,2,3.282
1784901654139,0.161,0.998,-0.175,0.021,-0.034,0.034,99.983,-8.808,1.028,0.215,2,2,3.266
1784901654152,0.162,0.997,-0.177,0.024,-0.034,0.040,100.242,-8.927,1.012,0.219,2,2,3.245
1784901654165,0.164,0.995,-0.179,0.026,-0.033,0.044,100.488,-9.298,1.000,0.181,2,2,3.259
1784901654179,0.167,0.993,-0.181,0.027,-0.033,0.048,100.730,-9.636,0.998,0.138,2,2,3.852
1784901654194,0.170,0.991,-0.182,0.026,-0.032,0.049,100.924,-10.038,1.008,0.076,2,2,3.289
1784901654208,0.174,0.989,-0.184,0.024,-0.031,0.047,101.116,-10.517,1.012,0.031,2,2,3.249
1784901654222,0.177,0.988,-0.185,0.021,-0.031,0.044,101.272,-10.851,1.011,0.068,2,2,4.116
1784901654236,0.179,0.988,-0.186,0.017,-0.030,0.041,101.333,-10.960,1.022,0.092,2,2,3.473
1784901654249,0.179,0.988,-0.187,0.013,-0.029,0.037,101.359,-10.867,1.029,0.097,2,2,3.888
1784901654263,0.179,0.987,-0.188,0.009,-0.028,0.034,101.468,-10.837,1.008,0.117,2,2,3.257
1784901654279,0.179,0.988,-0.188,0.005,-0.026,0.031,101.381,-10.776,1.039,0.117,2,2,5.297
1784901654292,0.180,0.988,-0.188,0.001,-0.025,0.027,101.305,-10.781,1.035,0.116,2,2,3.287
1784901654306,0.179,0.990,-0.188,-0.003,-0.024,0.025,101.202,-10.577,1.046,0.108,2,2,3.241
1784901654319,0.178,0.990,-0.187,-0.006,-0.023,0.024,101.105,-10.408,1.028,0.097,2,2,3.834
1784901654333,0.175,0.991,-0.188,-0.010,-0.021,0.024,101.117,-10.014,1.039,0.111,2,2,3.247
1784901654348,0.173,0.992,-0.188,-0.014,-0.019,0.027,101.077,-9.773,1.042,0.163,2,2,3.996
1784901654361,0.173,0.991,-0.187,-0.018,-0.017,0.033,100.945,-9.692,0.993,0.226,2,2,3.243
1784901654374,0.169,0.993,-0.188,-0.023,-0.014,0.041,100.958,-9.185,1.061,0.301,2,2,3.240
1784901654388,0.166,0.993,-0.187,-0.030,-0.010,0.053,100.810,-8.892,1.015,0.420,3,3,3.833
1784901654402,0.168,0.995,-0.186,-0.038,-0.009,0.069,100.626,-9.102,1.061,0.538,3,3,3.283
1784901654415,0.170,0.996,-0.185,-0.046,-0.011,0.088,100.538,-9.395,1.061,0.662,3,3,3.276
1784901654429,0.187,0.994,-0.178,-0.058,-0.028,0.112,99.612,-11.338,1.108,0.935,3,3,3.270
1784901654444,0.214,0.994,-0.165,-0.073,-0.071,0.140,98.020,-13.956,1.275,1.538,3,3,5.517
1784901654458,0.241,0.993,-0.150,-0.091,-0.140,0.167,96.389,-16.472,1.307,2.192,3,3,3.875
1784901654471,0.261,0.990,-0.138,-0.112,-0.228,0.191,94.926,-18.393,1.149,2.713,3,3,3.259
1784901654485,0.268,0.989,-0.127,-0.138,-0.312,0.208,93.840,-18.852,1.060,2.711,3,3,3.273
1784901654498,0.258,1.004,-0.115,-0.165,-0.393,0.200,92.898,-17.224,1.342,2.648,3,3,3.255
1784901654512,0.244,1.005,-0.103,-0.191,-0.471,0.183,91.825,-15.279,1.045,2.656,3,3,3.286
1784901654525,0.234,1.011,-0.091,-0.211,-0.547,0.167,90.776,-13.879,1.153,2.619,4,4,3.840
1784901654540,0.218,1.015,-0.078,-0.225,-0.619,0.149,89.678,-11.945,1.130,2.587,4,4,3.643
1784901654553,0.199,1.019,-0.065,-0.232,-0.689,0.128,88.731,-9.809,1.141,2.572,4,4,3.255
1784901654566,0.181,1.018,-0.055,-0.237,-0.756,0.108,87.970,-7.736,1.037,2.561,4,4,3.255
1784901654581,0.163,1.010,-0.045,-0.245,-0.817,0.093,87.034,-5.489,0.894,2.461,4,4,4.315
1784901654594,0.143,1.004,-0.036,-0.257,-0.863,0.083,86.209,-3.328,0.920,2.132,4,4,3.851
1784901654609,0.126,1.001,-0.026,-0.268,-0.894,0.077,85.533,-1.613,0.985,1.784,4,4,3.796
1784901654622,0.113,0.998,-0.018,-0.277,-0.913,0.071,84.962,-0.465,0.958,1.505,4,4,3.254
1784901654635,0.105,0.994,-0.009,-0.286,-0.923,0.064,84.462,-0.023,0.944,1.307,4,4,3.250
1784901654649,0.103,0.992,-0.002,-0.296,-0.928,0.057,84.070,-0.326,0.962,1.209,4,4,3.259
1784901654662,0.104,0.992,0.004,-0.307,-0.932,0.050,83.945,-0.958,0.994,1.187,5,5,3.845
1784901654676,0.106,0.988,0.007,-0.320,-0.934,0.042,84.014,-1.791,0.926,1.212,5,5,3.257
1784901654689,0.112,0.984,0.009,-0.339,-0.936,0.034,84.253,-3.049,0.931,1.294,5,5,3.255
1784901654705,0.123,0.984,0.009,-0.359,-0.941,0.028,84.715,-4.746,1.050,1.384,5,5,5.266
1784901654718,0.138,0.986,0.007,-0.377,-0.950,0.023,85.430,-6.585,1.133,1.452,5,5,3.268
1784901654731,0.152,0.988,0.003,-0.393,-0.962,0.018,86.365,-8.279,1.120,1.528,5,5,3.845
1784901654745,0.166,0.989,-0.004,-0.409,-0.978,0.014,87.501,-9.772,1.126,1.612,5,5,3.418
1784901654759,0.178,0.993,-0.013,-0.421,-0.997,0.009,88.828,-10.942,1.192,1.681,5,5,3.626
1784901654773,0.188,0.998,-0.024,-0.429,-1.020,0.003,90.185,-11.720,1.213,1.733,5,5,3.543
1784901654786,0.194,1.003,-0.038,-0.431,-1.045,-0.005,91.841,-12.146,1.209,1.778,5,5,3.253
1784901654800,0.196,1.003,-0.055,-0.430,-1.070,-0.012,93.808,-12.193,1.100,1.772,5,5,3.845
1784901654814,0.194,1.002,-0.072,-0.428,-1.091,-0.017,95.767,-11.808,1.097,1.684,5,5,3.251
1784901654827,0.191,1.005,-0.091,-0.421,-1.107,-0.019,97.680,-11.164,1.190,1.535,5,5,3.236
1784901654840,0.184,1.007,-0.113,-0.408,-1.116,-0.018,99.706,-10.290,1.204,1.355,5,5,3.264
1784901654854,0.172,1.006,-0.136,-0.390,-1.116,-0.013,101.963,-8.905,1.177,1.121,5,5,3.246
1784901654867,0.155,1.003,-0.160,-0.369,-1.104,-0.007,104.221,-7.040,1.187,0.816,1,1,3.821
1784901654881,0.116,1.002,-0.185,-0.335,-1.073,-0.024,106.380,-3.435,1.431,0.785,1,1,3.247
1784901654894,0.108,1.009,-0.175,-0.312,-1.033,-0.040,104.567,-2.769,1.162,0.541,1,1,3.237
1784901654907,0.105,1.014,-0.158,-0.282,-0.984,-0.051,102.224,-2.755,1.140,0.665,1,1,3.256
1784901654921,0.104,1.021,-0.153,-0.245,-0.934,-0.059,101.244,-2.781,1.186,0.838,1,1,3.236
1784901654936,0.109,1.021,-0.150,-0.210,-0.895,-0.065,100.642,-3.709,1.043,0.750,1,1,5.007
1784901654950,0.113,1.018,-0.151,-0.179,-0.863,-0.069,100.558,-4.435,0.989,0.645,1,1,3.281
1784901654965,0.114,1.016,-0.153,-0.153,-0.835,-0.073,100.665,-4.827,0.992,0.565,1,1,4.601
1784901654978,0.115,1.014,-0.153,-0.131,-0.807,-0.077,100.544,-5.058,1.001,0.489,1,1,3.247
1784901654991,0.117,1.013,-0.152,-0.111,-0.780,-0.081,100.204,-5.483,1.008,0.459,1,1,3.239
1784901655005,0.110,1.007,-0.165,-0.094,-0.751,-0.084,101.766,-4.769,0.985,0.386,1,1,3.823
1784901655019,0.106,1.003,-0.168,-0.085,-0.726,-0.085,102.027,-4.367,0.952,0.189,1,1,3.241
1784901655032,0.106,1.004,-0.167,-0.077,-0.702,-0.085,101.696,-4.555,1.028,0.171,1,1,3.248
1784901655045,0.107,1.003,-0.167,-0.071,-0.679,-0.084,101.454,-4.830,1.014,0.143,1,1,3.245
1784901655059,0.108,1.003,-0.166,-0.065,-0.656,-0.082,101.163,-5.005,1.017,0.121,1,1,3.245
1784901655072,0.109,1.003,-0.166,-0.059,-0.635,-0.080,101.058,-5.259,1.018,0.118,1,1,3.810
1784901655086,0.110,1.002,-0.167,-0.054,-0.613,-0.078,100.963,-5.420,1.008,0.095,1,1,3.241
1784901655099,0.111,1.001,-0.167,-0.050,-0.592,-0.076,100.881,-5.630,1.018,0.070,1,1,3.256
1784901655113,0.112,1.002,-0.167,-0.047,-0.572,-0.073,100.705,-5.830,1.026,0.066,1,1,3.260
1784901655128,0.113,1.002,-0.166,-0.043,-0.553,-0.072,100.496,-6.017,1.043,0.074,1,1,5.331
1784901655142,0.115,1.003,-0.165,-0.039,-0.535,-0.070,100.254,-6.214,1.040,0.102,1,1,3.843
1784901655156,0.116,1.003,-0.166,-0.035,-0.518,-0.070,100.200,-6.407,1.033,0.120,1,1,3.252
1784901655169,0.117,1.004,-0.165,-0.030,-0.501,-0.069,100.084,-6.514,1.036,0.128,1,1,3.260
1784901655182,0.118,1.004,-0.165,-0.025,-0.485,-0.069,100.033,-6.590,1.024,0.136,1,1,3.246
1784901655196,0.118,1.004,-0.166,-0.021,-0.469,-0.068,99.984,-6.603,1.025,0.129,1,1,3.280
1784901655209,0.118,1.003,-0.166,-0.017,-0.454,-0.068,99.975,-6.620,1.015,0.117,1,1,3.836
1784901655224,0.118,1.003,-0.167,-0.013,-0.438,-0.066,99.995,-6.604,1.024,0.096,1,1,3.508
1784901655237,0.118,1.003,-0.167,-0.009,-0.424,-0.065,99.963,-6.657,1.026,0.102,1,1,3.284
1784901655250,0.119,1.003,-0.167,-0.006,-0.409,-0.064,100.013,-6.717,1.020,0.100,1,1,3.271
1784901655268,0.119,1.003,-0.168,-0.002,-0.395,-0.064,100.069,-6.735,1.026,0.101,1,1,7.487
1784901655281,0.119,1.002,-0.169,0.001,-0.382,-0.063,100.089,-6.811,1.019,0.103,1,1,3.865
1784901655295,0.120,1.002,-0.169,0.004,-0.369,-0.063,100.094,-6.895,1.016,0.119,1,1,3.292
1784901655309,0.120,1.002,-0.170,0.007,-0.356,-0.063,100.136,-6.853,1.031,0.116,1,1,3.253
1784901655322,0.121,1.002,-0.171,0.011,-0.344,-0.064,100.141,-6.899,1.032,0.130,1,1,3.253
1784901655336,0.119,1.003,-0.171,0.015,-0.331,-0.064,100.196,-6.751,1.027,0.135,1,1,3.247
1784901655349,0.119,1.003,-0.171,0.020,-0.320,-0.064,100.143,-6.698,1.039,0.154,1,1,3.810
1784901655364,0.119,1.004,-0.172,0.025,-0.308,-0.064,100.174,-6.714,1.041,0.177,1,1,4.269
1784901655377,0.119,1.004,-0.173,0.031,-0.297,-0.064,100.227,-6.648,1.043,0.194,1,1,3.237
1784901655391,0.119,1.005,-0.174,0.037,-0.287,-0.065,100.298,-6.664,1.045,0.213,1,1,3.279
1784901655404,0.119,1.006,-0.176,0.044,-0.277,-0.065,100.412,-6.662,1.048,0.233,1,1,3.254
1784901655417,0.120,1.007,-0.177,0.051,-0.267,-0.067,100.519,-6.693,1.062,0.263,3,3,3.854
1784901655431,0.120,1.008,-0.178,0.058,-0.258,-0.070,100.533,-6.731,1.049,0.282,3,3,3.261
1784901655445,0.121,1.009,-0.180,0.066,-0.249,-0.074,100.729,-6.853,1.078,0.314,3,3,3.248
1784901655458,0.123,1.011,-0.184,0.073,-0.241,-0.077,101.028,-6.954,1.089,0.314,3,3,3.654
1784901655472,0.124,1.014,-0.186,0.082,-0.235,-0.081,101.146,-7.023,1.122,0.365,3,3,3.263
1784901655486,0.123,1.017,-0.189,0.090,-0.227,-0.085,101.349,-6.823,1.113,0.372,3,3,3.879
1784901655503,0.118,1.026,-0.192,0.101,-0.219,-0.087,101.441,-6.292,1.244,0.398,3,3,3.391
1784901655516,0.115,1.031,-0.194,0.114,-0.209,-0.091,101.456,-5.912,1.176,0.501,3,3,3.250
1784901655529,0.111,1.038,-0.196,0.129,-0.199,-0.097,101.395,-5.449,1.207,0.561,3,3,3.254
1784901655543,0.107,1.047,-0.197,0.143,-0.191,-0.101,101.253,-5.030,1.261,0.565,3,3,3.255
1784901655556,0.107,1.057,-0.198,0.159,-0.184,-0.105,101.160,-4.945,1.301,0.613,3,3,3.927
1784901655570,0.104,1.068,-0.200,0.179,-0.177,-0.110,101.051,-4.683,1.338,0.725,3,3,3.251
1784901655585,0.104,1.080,-0.201,0.201,-0.169,-0.115,100.909,-4.617,1.356,0.817,3,3,4.344
1784901655598,0.104,1.092,-0.201,0.226,-0.160,-0.121,100.713,-4.587,1.376,0.930,3,3,3.253
1784901655611,0.097,1.111,-0.199,0.255,-0.154,-0.127,100.230,-3.963,1.530,1.048,3,3,3.245
1784901655625,0.100,1.127,-0.197,0.291,-0.145,-0.133,99.798,-4.214,1.497,1.255,3,3,3.869
1784901655639,0.106,1.142,-0.196,0.333,-0.140,-0.140,99.551,-4.656,1.503,1.466,3,3,3.242
1784901655653,0.108,1.154,-0.194,0.382,-0.138,-0.147,99.196,-4.768,1.421,1.678,3,3,3.837
1784901655666,0.108,1.169,-0.190,0.437,-0.138,-0.153,98.674,-4.735,1.506,1.901,3,3,3.289
1784901655679,0.113,1.186,-0.189,0.500,-0.141,-0.161,98.446,-5.073,1.601,2.175,3,3,3.242
1784901655695,0.122,1.215,-0.196,0.572,-0.148,-0.170,98.687,-5.486,1.892,2.497,3,3,3.827
1784901655709,0.138,1.248,-0.203,0.644,-0.159,-0.180,98.798,-6.287,2.058,2.581,3,3,3.251
1784901655722,0.167,1.274,-0.215,0.712,-0.185,-0.187,99.335,-7.822,2.074,2.666,3,3,3.434
1784901655736,0.188,1.295,-0.226,0.779,-0.219,-0.198,99.884,-8.963,1.929,2.776,3,3,3.241
1784901655750,0.206,1.319,-0.238,0.843,-0.258,-0.213,100.417,-9.753,2.002,2.869,3,3,3.942
1784901655763,0.220,1.329,-0.265,0.904,-0.297,-0.234,102.153,-10.396,1.841,2.938,3,3,3.988
1784901655777,0.230,1.333,-0.280,0.963,-0.335,-0.261,103.183,-10.982,1.604,2.986,3,3,3.244
1784901655791,0.247,1.325,-0.277,1.010,-0.371,-0.288,102.911,-12.570,1.327,2.741,3,3,3.362
1784901655804,0.264,1.286,-0.258,1.038,-0.402,-0.312,99.830,-16.561,0.782,2.349,3,3,3.381
1784901655819,0.289,1.183,-0.205,1.034,-0.437,-0.315,85.741,-17.900,1.647,1.668,3,3,3.286
1784901655832,0.295,1.143,-0.194,1.017,-0.471,-0.296,85.034,-21.679,0.493,1.504,4,4,3.850
1784901655846,0.279,1.077,-0.174,0.954,-0.497,-0.270,71.828,-18.792,0.457,1.397,4,4,3.261
1784901655860,0.258,1.053,-0.152,0.875,-0.500,-0.255,70.564,-15.378,0.640,1.330,4,4,3.291
1784901655874,0.244,1.031,-0.134,0.794,-0.489,-0.241,69.999,-13.260,0.619,1.342,4,4,3.258
1784901655891,0.236,1.012,-0.120,0.716,-0.465,-0.218,70.192,-12.573,0.622,1.361,4,4,3.285
1784901655904,0.230,0.991,-0.108,0.642,-0.433,-0.189,70.546,-12.374,0.565,1.467,4,4,3.842
1784901655921,0.226,0.968,-0.097,0.566,-0.393,-0.157,70.793,-12.668,0.522,1.680,4,4,6.306
1784901655935,0.226,0.944,-0.087,0.486,-0.349,-0.121,70.816,-13.968,0.472,1.943,4,4,3.256
1784901655949,0.229,0.921,-0.077,0.401,-0.306,-0.078,71.000,-15.932,0.539,2.257,4,4,3.264
1784901655963,0.234,0.904,-0.069,0.311,-0.264,-0.031,71.713,-17.431,0.640,2.492,4,4,3.745
1784901655976,0.238,0.893,-0.062,0.219,-0.225,0.018,72.776,-18.362,0.744,2.642,4,4,3.874
1784901655993,0.243,0.887,-0.057,0.125,-0.189,0.066,74.008,-18.927,0.821,2.759,4,4,6.011
1784901656006,0.246,0.885,-0.053,0.029,-0.158,0.114,75.331,-19.086,0.905,2.887,4,4,3.263
1784901656020,0.248,0.889,-0.050,-0.065,-0.129,0.160,76.554,-18.772,1.024,2.909,4,4,3.251
1784901656033,0.249,0.899,-0.047,-0.155,-0.101,0.203,77.820,-18.377,1.141,2.898,4,4,3.247
1784901656046,0.253,0.913,-0.047,-0.242,-0.074,0.246,79.109,-18.043,1.274,2.913,5,5,3.863
1784901656060,0.255,0.931,-0.046,-0.326,-0.048,0.290,80.329,-17.537,1.357,2.950,5,5,3.255
1784901656074,0.253,0.955,-0.047,-0.407,-0.021,0.334,81.483,-16.637,1.496,2.984,5,5,3.249
1784901656087,0.249,0.986,-0.049,-0.485,0.010,0.376,82.563,-15.605,1.674,3.014,5,5,3.251
1784901656100,0.247,1.023,-0.053,-0.559,0.044,0.415,83.688,-14.688,1.839,3.030,5,5,3.241
1784901656114,0.248,1.064,-0.060,-0.631,0.080,0.451,84.872,-14.028,1.998,3.031,5,5,3.856
1784901656128,0.253,1.109,-0.070,-0.701,0.114,0.485,86.114,-13.632,2.150,3.025,5,5,3.245
1784901656141,0.258,1.156,-0.086,-0.768,0.144,0.518,87.568,-13.257,2.248,3.002,5,5,3.245
1784901656154,0.263,1.203,-0.108,-0.832,0.170,0.549,89.202,-12.848,2.340,2.963,5,5,3.250
1784901656168,0.264,1.250,-0.141,-0.894,0.188,0.578,91.228,-12.256,2.454,2.906,5,5,3.683
1784901656182,0.261,1.296,-0.188,-0.953,0.199,0.602,93.781,-11.488,2.605,2.821,5,5,3.856
1784901656195,0.256,1.333,-0.252,-0.998,0.201,0.617,96.999,-10.716,2.727,2.395,5,5,3.244
1784901656209,0.254,1.361,-0.330,-1.023,0.192,0.628,100.698,-10.109,2.834,1.909,5,5,3.245
1784901656222,0.245,1.381,-0.418,-1.026,0.169,0.638,104.642,-9.203,2.973,1.481,5,5,3.242
1784901656235,0.209,1.398,-0.509,-1.006,0.137,0.639,108.463,-7.306,3.094,1.077,5,5,3.239
1784901656249,0.152,1.410,-0.591,-0.965,0.110,0.619,111.949,-4.668,3.119,0.628,5,5,3.783
1784901656263,0.100,1.418,-0.658,-0.904,0.089,0.580,114.912,-2.192,2.853,0.907,5,5,3.243
1784901656276,0.229,1.531,-0.703,-0.909,0.101,0.465,114.717,-5.333,5.313,2.740,5,5,3.250
1784901656289,0.294,1.534,-0.593,-0.834,0.135,0.355,107.723,-8.172,2.964,2.925,5,5,3.245
1784901656303,0.279,1.547,-0.506,-0.712,0.136,0.249,102.502,-7.251,2.322,3.510,5,5,3.243
1784901656316,0.215,1.548,-0.473,-0.593,0.124,0.190,100.508,-3.084,1.968,2.850,5,5,3.838
1784901656330,0.183,1.524,-0.455,-0.478,0.125,0.168,99.753,-0.191,1.117,2.535,5,5,3.282
1784901656343,0.162,1.500,-0.443,-0.381,0.124,0.164,99.895,1.500,1.040,2.150,5,5,3.296
1784901656357,0.162,1.473,-0.442,-0.302,0.114,0.155,101.333,0.382,1.009,1.742,5,5,3.247
1784901656370,0.158,1.446,-0.437,-0.239,0.107,0.153,102.272,0.015,0.915,1.414,5,5,3.366
1784901656384,0.153,1.422,-0.432,-0.189,0.107,0.149,102.938,-0.279,0.942,1.122,1,1,3.800
1784901656397,0.157,1.402,-0.419,-0.147,0.107,0.144,102.454,-1.599,1.001,0.940,1,1,3.239
1784901656411,0.171,1.386,-0.426,-0.108,0.077,0.141,104.082,-3.513,1.305,1.127,1,1,3.262
1784901656424,0.176,1.357,-0.430,-0.088,0.063,0.134,106.154,-4.864,0.913,0.539,1,1,3.235
1784901656437,0.179,1.341,-0.415,-0.074,0.051,0.126,105.098,-5.682,1.038,0.410,1,1,3.250
1784901656451,0.178,1.325,-0.406,-0.060,0.039,0.119,104.771,-5.974,0.989,0.389,1,1,3.802
1784901656465,0.174,1.308,-0.398,-0.050,0.031,0.115,104.690,-5.964,0.991,0.282,1,1,3.233
1784901656478,0.173,1.293,-0.391,-0.043,0.027,0.113,104.538,-6.151,0.996,0.177,1,1,3.252
1784901656491,0.174,1.280,-0.381,-0.037,0.023,0.112,104.030,-6.600,1.028,0.160,1,1,3.239
1784901656505,0.175,1.267,-0.372,-0.031,0.020,0.111,103.679,-7.037,1.023,0.154,1,1,3.277
1784901656518,0.176,1.255,-0.363,-0.026,0.018,0.109,103.286,-7.504,1.027,0.133,1,1,3.882
1784901656532,0.179,1.244,-0.354,-0.021,0.015,0.106,102.949,-8.051,1.039,0.121,1,1,3.257
1784901656549,0.180,1.233,-0.347,-0.016,0.013,0.102,102.776,-8.398,1.028,0.114,1,1,6.290
1784901656562,0.181,1.222,-0.340,-0.012,0.011,0.097,102.536,-8.671,1.024,0.120,1,1,3.257
1784901656579,0.183,1.213,-0.333,-0.006,0.008,0.092,102.276,-9.030,1.049,0.164,1,1,3.289
1784901656592,0.184,1.204,-0.326,0.001,0.006,0.085,102.035,-9.263,1.038,0.192,1,1,3.832
1784901656610,0.185,1.195,-0.320,0.008,0.004,0.078,101.880,-9.463,1.032,0.226,1,1,7.171
1784901656623,0.186,1.185,-0.314,0.014,0.001,0.070,101.836,-9.701,1.022,0.241,1,1,3.257
1784901656637,0.187,1.176,-0.309,0.021,-0.001,0.062,101.842,-9.848,1.010,0.258,1,1,3.272
1784901656650,0.187,1.167,-0.305,0.027,-0.004,0.053,101.824,-9.918,1.018,0.263,1,1,3.251
1784901656663,0.186,1.160,-0.300,0.034,-0.006,0.045,101.772,-9.912,1.037,0.277,1,1,3.853
1784901656677,0.186,1.153,-0.296,0.041,-0.007,0.036,101.805,-9.945,1.035,0.289,1,1,3.275
1784901656691,0.184,1.146,-0.293,0.047,-0.009,0.029,101.871,-9.762,1.034,0.281,1,1,3.245
1784901656704,0.182,1.139,-0.291,0.054,-0.009,0.023,102.035,-9.506,1.015,0.256,1,1,3.275
1784901656718,0.179,1.133,-0.288,0.060,-0.009,0.018,102.114,-9.209,1.048,0.251,1,1,3.248
1784901656731,0.179,1.129,-0.285,0.067,-0.009,0.014,102.066,-9.199,1.078,0.260,1,1,3.856
1784901656745,0.178,1.125,-0.283,0.075,-0.009,0.008,102.168,-9.201,1.072,0.303,1,1,3.260
1784901656758,0.178,1.122,-0.281,0.083,-0.008,0.004,102.245,-9.212,1.091,0.312,1,1,3.248
1784901656772,0.181,1.120,-0.279,0.091,-0.008,-0.000,102.220,-9.519,1.140,0.340,1,1,3.258
1784901656785,0.185,1.119,-0.277,0.102,-0.007,-0.005,102.186,-9.930,1.155,0.394,1,1,3.250
1784901656798,0.188,1.118,-0.276,0.113,-0.007,-0.011,102.313,-10.130,1.156,0.429,1,1,3.854
1784901656812,0.186,1.116,-0.276,0.125,-0.007,-0.016,102.483,-9.937,1.108,0.474,1,1,3.254
1784901656826,0.181,1.117,-0.275,0.138,-0.006,-0.022,102.487,-9.285,1.158,0.493,1,1,3.248
1784901656839,0.170,1.121,-0.272,0.153,-0.004,-0.027,102.261,-8.131,1.246,0.587,1,1,3.346
1784901656852,0.166,1.127,-0.271,0.169,-0.003,-0.033,102.131,-7.635,1.283,0.588,1,1,3.282
1784901656866,0.160,1.135,-0.270,0.187,-0.002,-0.037,101.988,-7.053,1.313,0.690,3,3,3.972
1784901656880,0.156,1.143,-0.268,0.209,-0.001,-0.041,101.815,-6.703,1.341,0.788,3,3,3.296
1784901656895,0.155,1.153,-0.266,0.236,-0.000,-0.043,101.501,-6.514,1.400,0.942,3,3,5.159
1784901656909,0.157,1.163,-0.263,0.268,-0.000,-0.045,101.237,-6.727,1.408,1.093,3,3,3.252
1784901656922,0.159,1.172,-0.260,0.304,-0.002,-0.048,100.943,-6.852,1.398,1.263,3,3,3.245
1784901656935,0.156,1.186,-0.256,0.346,-0.008,-0.049,100.531,-6.515,1.502,1.428,3,3,3.824
1784901656949,0.153,1.207,-0.251,0.395,-0.011,-0.050,99.980,-6.229,1.680,1.692,3,3,3.249
1784901656964,0.166,1.225,-0.245,0.454,-0.017,-0.051,99.357,-7.070,1.682,1.992,3,3,4.549
1784901656978,0.171,1.249,-0.238,0.521,-0.026,-0.055,98.726,-7.286,1.804,2.281,3,3,3.576
1784901656992,0.180,1.284,-0.234,0.595,-0.038,-0.057,98.292,-7.578,2.096,2.528,3,3,4.057
1784901657005,0.204,1.327,-0.243,0.665,-0.061,-0.064,98.580,-8.505,2.422,2.597,3,3,3.851
1784901657019,0.257,1.362,-0.246,0.734,-0.093,-0.070,98.530,-10.873,2.570,2.678,3,3,3.250
1784901657033,0.298,1.393,-0.247,0.799,-0.135,-0.075,98.429,-12.662,2.396,2.799,3,3,3.325
1784901657046,0.332,1.418,-0.255,0.862,-0.192,-0.084,98.826,-14.117,2.292,3.027,3,3,3.282
1784901657059,0.364,1.423,-0.281,0.923,-0.248,-0.101,100.774,-15.794,2.044,3.070,3,3,3.253
1784901657074,0.384,1.431,-0.287,0.982,-0.304,-0.121,101.104,-16.780,1.843,3.130,3,3,3.856
1784901657088,0.410,1.424,-0.267,1.038,-0.360,-0.138,99.307,-18.705,1.625,3.142,3,3,3.258
1784901657101,0.435,1.379,-0.221,1.074,-0.414,-0.148,92.363,-21.577,1.304,2.730,3,3,3.281
1784901657115,0.447,1.293,-0.177,1.081,-0.474,-0.146,80.129,-22.966,1.216,2.402,3,3,3.245
1784901657128,0.436,1.188,-0.172,1.060,-0.521,-0.131,63.700,-21.720,1.122,1.842,3,3,3.287
1784901657141,0.403,1.121,-0.143,0.988,-0.546,-0.120,54.181,-16.921,0.672,1.484,4,4,3.842
1784901657155,0.375,1.084,-0.118,0.898,-0.546,-0.118,52.148,-12.961,0.562,1.538,4,4,3.257
1784901657171,0.361,1.058,-0.096,0.808,-0.531,-0.112,52.221,-12.190,0.632,1.542,4,4,3.255
1784901657184,0.350,1.025,-0.080,0.718,-0.506,-0.098,51.635,-12.317,0.432,1.631,4,4,3.251
1784901657198,0.338,0.991,-0.065,0.626,-0.474,-0.077,50.943,-12.488,0.367,1.865,4,4,3.266
1784901657211,0.328,0.962,-0.050,0.529,-0.435,-0.052,50.912,-12.603,0.433,2.160,4,4,3.842
1784901657229,0.321,0.939,-0.038,0.427,-0.389,-0.021,51.921,-13.150,0.521,2.486,4,4,7.593
1784901657243,0.316,0.922,-0.028,0.324,-0.341,0.015,53.801,-13.905,0.616,2.690,4,4,3.253
1784901657256,0.311,0.908,-0.021,0.221,-0.291,0.055,55.993,-14.295,0.655,2.875,4,4,3.254
1784901657271,0.306,0.896,-0.015,0.120,-0.240,0.095,58.170,-14.515,0.667,2.954,4,4,3.262
1784901657284,0.303,0.890,-0.010,0.022,-0.190,0.137,60.529,-14.793,0.790,3.004,4,4,3.907
1784901657298,0.301,0.892,-0.006,-0.071,-0.141,0.179,62.862,-14.819,0.986,3.030,4,4,3.261
1784901657312,0.300,0.902,-0.004,-0.161,-0.092,0.219,65.299,-14.704,1.151,3.030,4,4,3.258
1784901657325,0.301,0.918,-0.006,-0.248,-0.045,0.257,67.852,-14.707,1.308,3.034,4,4,3.282
1784901657338,0.302,0.938,-0.011,-0.332,0.002,0.297,70.429,-14.571,1.416,3.079,4,4,3.246
1784901657352,0.303,0.966,-0.018,-0.412,0.048,0.338,72.898,-14.257,1.627,3.121,5,5,3.857
1784901657367,0.302,1.000,-0.030,-0.490,0.095,0.376,75.375,-13.751,1.795,3.152,5,5,3.287
1784901657380,0.300,1.036,-0.044,-0.564,0.145,0.408,77.805,-13.213,1.867,3.139,5,5,3.272
1784901657394,0.304,1.074,-0.061,-0.636,0.196,0.432,80.203,-13.049,2.003,3.113,5,5,3.305
1784901657407,0.315,1.117,-0.082,-0.705,0.243,0.455,82.523,-13.194,2.182,3.076,5,5,3.247
1784901657424,0.328,1.165,-0.107,-0.772,0.282,0.478,84.790,-13.343,2.392,3.015,5,5,6.994
1784901657437,0.338,1.215,-0.141,-0.836,0.309,0.499,87.288,-13.280,2.544,2.896,5,5,3.252
1784901657453,0.346,1.263,-0.186,-0.898,0.326,0.514,90.125,-13.096,2.633,2.771,5,5,5.168
1784901657466,0.360,1.305,-0.249,-0.957,0.328,0.524,93.552,-13.133,2.827,2.630,5,5,3.243
1784901657479,0.378,1.338,-0.327,-0.998,0.311,0.534,97.468,-13.303,3.001,2.214,5,5,3.251
1784901657493,0.386,1.361,-0.416,-1.018,0.275,0.548,101.648,-13.047,3.068,1.908,5,5,3.811
1784901657507,0.366,1.380,-0.510,-1.013,0.224,0.556,105.779,-11.687,3.118,1.618,5,5,3.249
1784901657521,0.318,1.395,-0.597,-0.982,0.173,0.540,109.562,-9.277,3.142,1.168,5,5,3.261
1784901657535,0.270,1.407,-0.669,-0.928,0.128,0.505,112.749,-6.931,2.895,1.203,5,5,3.253
1784901657549,0.236,1.416,-0.722,-0.858,0.088,0.460,115.296,-5.142,2.536,1.549,5,5,3.971
1784901657562,0.162,1.309,-0.598,-0.783,0.123,0.350,101.847,-1.678,2.769,2.940,5,5,3.875
1784901657576,0.158,1.326,-0.462,-0.683,0.154,0.244,95.420,-1.636,3.034,3.306,5,5,3.259
1784901657590,0.105,1.333,-0.405,-0.565,0.160,0.174,92.076,1.554,2.015,3.006,5,5,3.555
1784901657603,0.072,1.323,-0.384,-0.451,0.163,0.158,91.604,4.297,1.287,2.527,5,5,3.246
1784901657618,0.064,1.305,-0.379,-0.341,0.163,0.147,92.930,4.514,0.933,2.511,5,5,4.450
1784901657631,0.075,1.280,-0.391,-0.255,0.152,0.135,96.694,2.402,1.040,1.997,1,1,3.837
1784901657646,0.073,1.261,-0.393,-0.189,0.146,0.131,98.646,2.041,0.963,1.537,1,1,3.843
1784901657659,0.071,1.243,-0.393,-0.141,0.143,0.127,100.163,1.583,0.940,1.097,1,1,3.291
1784901657673,0.083,1.233,-0.383,-0.101,0.132,0.125,100.038,-0.273,1.067,0.964,1,1,3.245
1784901657687,0.096,1.209,-0.392,-0.080,0.116,0.120,102.985,-2.483,0.983,0.546,1,1,3.255
1784901657700,0.107,1.198,-0.381,-0.063,0.102,0.111,102.502,-4.136,1.028,0.458,1,1,3.851
1784901657714,0.112,1.187,-0.375,-0.049,0.089,0.101,102.760,-4.887,1.003,0.442,1,1,3.261
1784901657728,0.114,1.178,-0.367,-0.038,0.075,0.091,102.556,-5.319,1.014,0.401,1,1,3.253
1784901657743,0.114,1.168,-0.362,-0.029,0.066,0.084,102.747,-5.442,0.997,0.295,1,1,5.351
1784901657756,0.116,1.160,-0.354,-0.021,0.058,0.079,102.492,-5.779,1.018,0.240,1,1,3.258
1784901657770,0.118,1.152,-0.347,-0.014,0.052,0.075,102.433,-6.106,1.013,0.217,1,1,3.835
1784901657784,0.122,1.145,-0.341,-0.006,0.046,0.070,102.364,-6.614,1.021,0.212,1,1,3.263
1784901657797,0.127,1.137,-0.334,0.000,0.041,0.065,102.260,-7.228,1.019,0.207,1,1,3.250
1784901657811,0.130,1.130,-0.329,0.005,0.036,0.059,102.221,-7.673,1.011,0.188,1,1,3.275
1784901657824,0.133,1.124,-0.324,0.010,0.032,0.054,102.222,-7.961,1.033,0.189,1,1,3.251
1784901657837,0.135,1.119,-0.318,0.015,0.028,0.048,102.069,-8.147,1.035,0.186,1,1,3.837
1784901657851,0.136,1.114,-0.312,0.021,0.025,0.044,101.954,-8.257,1.038,0.190,1,1,3.253
1784901657865,0.137,1.108,-0.308,0.026,0.022,0.040,101.961,-8.274,1.025,0.189,1,1,3.254
1784901657878,0.137,1.104,-0.303,0.032,0.020,0.037,101.930,-8.246,1.032,0.184,1,1,3.263
1784901657891,0.139,1.100,-0.299,0.038,0.018,0.033,101.808,-8.371,1.043,0.211,1,1,3.315
1784901657907,0.142,1.096,-0.295,0.045,0.015,0.029,101.820,-8.648,1.053,0.236,1,1,5.937
1784901657921,0.144,1.092,-0.292,0.051,0.014,0.023,101.885,-8.840,1.050,0.259,1,1,3.297
1784901657934,0.146,1.087,-0.289,0.058,0.012,0.017,102.043,-8.970,1.029,0.270,1,1,3.263
1784901657948,0.146,1.083,-0.287,0.064,0.011,0.010,102.169,-8.984,1.040,0.275,1,1,3.392
1784901657961,0.148,1.080,-0.284,0.071,0.009,0.004,102.188,-9.033,1.055,0.296,1,1,3.251
1784901657975,0.148,1.078,-0.282,0.079,0.009,-0.002,102.281,-8.940,1.073,0.322,1,1,3.911
1784901657989,0.147,1.077,-0.282,0.086,0.009,-0.007,102.458,-8.768,1.083,0.319,1,1,3.256
1784901658005,0.150,1.076,-0.281,0.095,0.010,-0.012,102.593,-8.924,1.118,0.346,1,1,5.937
1784901658018,0.154,1.077,-0.280,0.105,0.010,-0.019,102.691,-9.255,1.146,0.424,1,1,3.276
1784901658031,0.158,1.077,-0.279,0.115,0.010,-0.029,102.772,-9.531,1.131,0.484,1,1,3.259
1784901658045,0.157,1.079,-0.278,0.126,0.009,-0.036,102.779,-9.261,1.166,0.446,1,1,3.836
1784901658059,0.153,1.083,-0.277,0.137,0.007,-0.046,102.754,-8.683,1.206,0.536,1,1,3.241
1784901658072,0.148,1.088,-0.276,0.149,0.007,-0.053,102.672,-8.024,1.227,0.519,1,1,3.312
1784901658086,0.141,1.094,-0.276,0.162,0.006,-0.060,102.615,-7.245,1.242,0.561,1,1,3.404
1784901658099,0.139,1.100,-0.275,0.179,0.006,-0.066,102.523,-6.947,1.273,0.644,1,1,3.432
1784901658113,0.137,1.107,-0.274,0.199,0.006,-0.070,102.406,-6.734,1.283,0.753,3,3,4.545
1784901658129,0.135,1.116,-0.272,0.224,0.006,-0.074,102.219,-6.403,1.340,0.885,3,3,3.436
1784901658143,0.137,1.127,-0.270,0.252,0.006,-0.079,101.896,-6.496,1.399,1.008,3,3,3.531
1784901658157,0.140,1.141,-0.267,0.286,0.004,-0.088,101.558,-6.701,1.466,1.189,3,3,3.388
1784901658170,0.141,1.154,-0.264,0.326,0.002,-0.093,101.173,-6.612,1.456,1.404,3,3,3.531
1784901658184,0.134,1.174,-0.257,0.374,-0.002,-0.095,100.490,-5.919,1.625,1.609,3,3,4.005
1784901658201,0.141,1.195,-0.250,0.434,-0.006,-0.096,99.767,-6.346,1.680,2.003,3,3,3.394
1784901658217,0.149,1.220,-0.248,0.504,-0.015,-0.100,99.494,-6.702,1.802,2.360,3,3,5.498
1784901658234,0.160,1.253,-0.244,0.579,-0.028,-0.102,99.035,-7.154,2.031,2.534,3,3,6.719
1784901658253,0.187,1.304,-0.252,0.650,-0.054,-0.106,99.121,-8.138,2.581,2.614,3,3,8.937
1784901658268,0.220,1.343,-0.252,0.719,-0.091,-0.112,98.848,-9.571,2.398,2.729,3,3,6.001
1784901658283,0.250,1.370,-0.262,0.785,-0.145,-0.126,99.334,-10.963,2.221,2.976,3,3,3.236
1784901658296,0.278,1.378,-0.286,0.848,-0.198,-0.147,101.070,-12.497,1.955,3.027,3,3,3.228
1784901658309,0.298,1.389,-0.295,0.910,-0.248,-0.172,101.608,-13.555,1.849,3.056,3,3,3.237
1784901658323,0.322,1.389,-0.282,0.969,-0.296,-0.197,100.497,-15.231,1.632,3.057,3,3,3.223
1784901658337,0.346,1.345,-0.242,1.011,-0.337,-0.218,93.943,-18.503,1.138,2.656,4,4,3.706
1784901658350,0.378,1.245,-0.195,1.015,-0.390,-0.218,80.325,-20.618,1.652,2.097,4,4,3.227
1784901658364,0.378,1.155,-0.189,0.998,-0.438,-0.195,63.756,-21.021,0.902,1.820,4,4,3.683
1784901658377,0.354,1.083,-0.162,0.926,-0.472,-0.169,53.008,-17.523,0.676,1.730,4,4,3.231
1784901658391,0.327,1.045,-0.135,0.835,-0.482,-0.157,50.378,-13.345,0.569,1.692,4,4,3.224
1784901658404,0.309,1.020,-0.111,0.742,-0.475,-0.149,50.254,-11.251,0.632,1.708,4,4,3.695
1784901658418,0.297,0.995,-0.092,0.653,-0.456,-0.136,50.559,-10.705,0.575,1.667,4,4,3.246
1784901658433,0.289,0.968,-0.076,0.567,-0.428,-0.111,50.961,-11.021,0.468,1.790,4,4,4.459
1784901658446,0.281,0.939,-0.061,0.478,-0.391,-0.077,50.795,-11.288,0.423,2.067,4,4,3.233
1784901658460,0.271,0.913,-0.046,0.385,-0.346,-0.039,50.686,-10.808,0.451,2.394,4,4,3.636
1784901658473,0.264,0.894,-0.031,0.286,-0.295,0.001,51.438,-10.813,0.554,2.716,4,4,3.697
1784901658487,0.261,0.881,-0.018,0.184,-0.241,0.045,52.816,-11.378,0.706,2.956,4,4,3.227
1784901658500,0.263,0.873,-0.006,0.085,-0.187,0.092,54.521,-12.353,0.794,3.072,4,4,3.243
1784901658513,0.265,0.869,0.003,-0.011,-0.137,0.142,56.490,-13.234,0.860,3.113,4,4,3.252
1784901658527,0.265,0.869,0.011,-0.104,-0.091,0.191,58.441,-13.606,0.926,3.108,4,4,3.254
1784901658540,0.265,0.873,0.020,-0.193,-0.047,0.237,60.272,-13.664,1.020,3.077,5,5,3.686
1784901658554,0.265,0.886,0.028,-0.278,-0.005,0.280,62.177,-13.561,1.209,3.062,5,5,3.754
1784901658568,0.267,0.906,0.033,-0.361,0.034,0.321,64.254,-13.516,1.403,3.051,5,5,3.236
1784901658581,0.270,0.936,0.034,-0.440,0.070,0.362,66.526,-13.363,1.626,3.049,5,5,3.225
1784901658594,0.269,0.974,0.030,-0.516,0.103,0.402,68.936,-12.864,1.826,3.047,5,5,3.235
1784901658608,0.264,1.014,0.021,-0.590,0.139,0.437,71.459,-12.067,1.900,3.030,5,5,4.228
1784901658623,0.259,1.057,0.009,-0.661,0.179,0.464,73.898,-11.321,2.015,3.009,5,5,4.218
1784901658636,0.260,1.108,-0.007,-0.729,0.219,0.486,76.265,-10.928,2.257,2.997,5,5,3.225
1784901658650,0.265,1.166,-0.030,-0.795,0.255,0.508,78.760,-10.705,2.529,2.967,5,5,3.228
1784901658663,0.268,1.228,-0.061,-0.858,0.285,0.529,81.364,-10.359,2.709,2.922,5,5,3.241
1784901658676,0.265,1.289,-0.106,-0.919,0.310,0.545,84.339,-9.749,2.845,2.845,5,5,3.684
1784901658691,0.260,1.341,-0.167,-0.978,0.329,0.553,87.823,-9.094,2.888,2.747,5,5,3.290
1784901658704,0.268,1.383,-0.249,-1.031,0.336,0.554,91.971,-9.003,3.117,2.527,5,5,3.227
1784901658718,0.285,1.414,-0.349,-1.059,0.322,0.554,96.582,-9.243,3.362,1.873,5,5,3.270
1784901658732,0.281,1.436,-0.457,-1.057,0.283,0.559,101.273,-8.657,3.424,1.414,5,5,4.463
1784901658745,0.240,1.451,-0.559,-1.030,0.238,0.549,105.675,-6.781,3.357,1.023,5,5,3.709
1784901658761,0.189,1.463,-0.643,-0.976,0.201,0.511,109.424,-4.502,3.178,1.001,5,5,3.286
1784901658774,0.157,1.472,-0.708,-0.902,0.165,0.461,112.512,-2.993,2.759,1.512,5,5,3.225
1784901658791,0.178,1.450,-0.583,-0.834,0.190,0.360,104.110,-4.157,2.452,2.576,5,5,3.267
1784901658804,0.201,1.465,-0.483,-0.710,0.167,0.256,98.624,-5.291,2.562,3.541,5,5,3.232
1784901658821,0.153,1.463,-0.463,-0.591,0.133,0.203,97.857,-1.724,1.690,2.850,5,5,7.191
1784901658835,0.135,1.442,-0.447,-0.477,0.124,0.178,97.714,-0.177,1.023,2.551,5,5,3.235
1784901658848,0.125,1.419,-0.446,-0.374,0.124,0.167,99.345,0.365,1.013,2.303,5,5,3.228
1784901658861,0.114,1.393,-0.457,-0.290,0.131,0.159,102.260,0.941,1.076,1.900,5,5,3.236
1784901658875,0.111,1.368,-0.457,-0.226,0.126,0.154,103.826,0.574,0.944,1.448,5,5,3.223
1784901658891,0.108,1.353,-0.444,-0.176,0.120,0.152,103.445,0.300,1.039,1.127,1,1,3.734
1784901658905,0.123,1.323,-0.455,-0.147,0.104,0.148,106.543,-2.170,1.044,0.672,1,1,3.225
1784901658919,0.136,1.308,-0.441,-0.126,0.090,0.142,105.700,-4.052,1.072,0.519,1,1,3.263
1784901658932,0.141,1.291,-0.432,-0.107,0.077,0.132,105.660,-5.156,0.982,0.457,1,1,3.230
1784901658945,0.146,1.275,-0.423,-0.092,0.064,0.120,105.477,-6.014,1.003,0.461,1,1,3.241
1784901658959,0.146,1.261,-0.416,-0.081,0.054,0.110,105.403,-6.215,0.993,0.316,1,1,3.742
1784901658973,0.145,1.250,-0.406,-0.071,0.048,0.103,104.940,-6.351,1.020,0.253,1,1,3.224
1784901658987,0.146,1.237,-0.397,-0.061,0.042,0.097,104.667,-6.631,1.005,0.223,1,1,3.240
1784901659000,0.148,1.226,-0.389,-0.053,0.036,0.093,104.389,-7.072,1.016,0.195,1,1,3.227
1784901659014,0.151,1.216,-0.380,-0.044,0.032,0.088,104.021,-7.548,1.035,0.192,1,1,3.277
1784901659027,0.154,1.207,-0.371,-0.036,0.029,0.083,103.676,-8.006,1.045,0.192,1,1,3.697
1784901659041,0.157,1.198,-0.364,-0.028,0.025,0.078,103.440,-8.389,1.042,0.205,1,1,3.632
1784901659055,0.159,1.189,-0.356,-0.020,0.023,0.072,103.210,-8.661,1.040,0.213,1,1,3.235
1784901659068,0.161,1.181,-0.350,-0.012,0.021,0.067,103.060,-8.857,1.035,0.215,1,1,3.227
1784901659081,0.162,1.173,-0.343,-0.004,0.019,0.062,102.865,-9.080,1.040,0.219,1,1,3.239
1784901659095,0.164,1.165,-0.338,0.005,0.017,0.056,102.840,-9.303,1.044,0.255,1,1,3.698
1784901659109,0.166,1.156,-0.333,0.013,0.015,0.049,102.969,-9.580,1.005,0.248,1,1,3.350
1784901659122,0.168,1.148,-0.329,0.019,0.013,0.042,103.040,-9.787,1.018,0.240,1,1,3.236
1784901659137,0.168,1.141,-0.325,0.026,0.011,0.035,103.111,-9.738,1.031,0.243,1,1,4.921
1784901659150,0.170,1.136,-0.321,0.032,0.009,0.027,103.001,-9.861,1.069,0.263,1,1,3.303
1784901659164,0.172,1.130,-0.318,0.039,0.007,0.018,103.121,-10.036,1.056,0.330,1,1,3.685
1784901659178,0.170,1.124,-0.314,0.046,0.006,0.009,103.169,-9.786,1.041,0.328,1,1,3.242
1784901659191,0.170,1.118,-0.312,0.054,0.004,0.000,103.292,-9.736,1.036,0.340,1,1,3.229
1784901659204,0.171,1.113,-0.310,0.062,0.004,-0.008,103.448,-9.794,1.050,0.348,1,1,3.237
1784901659218,0.172,1.109,-0.309,0.069,0.002,-0.017,103.672,-9.930,1.076,0.346,1,1,3.269
1784901659232,0.172,1.105,-0.307,0.076,0.002,-0.024,103.805,-9.827,1.076,0.338,1,1,5.338
1784901659246,0.172,1.102,-0.306,0.084,-0.000,-0.029,103.910,-9.772,1.077,0.317,1,1,3.236
1784901659260,0.171,1.100,-0.305,0.091,-0.002,-0.035,103.974,-9.510,1.111,0.356,1,1,3.227
1784901659273,0.165,1.104,-0.302,0.098,-0.003,-0.045,103.732,-8.773,1.207,0.406,1,1,3.241
1784901659286,0.161,1.105,-0.300,0.107,-0.003,-0.053,103.678,-8.329,1.167,0.420,1,1,3.236
1784901659300,0.157,1.107,-0.298,0.118,-0.003,-0.060,103.581,-7.833,1.183,0.468,1,1,3.789
1784901659314,0.152,1.111,-0.297,0.130,-0.002,-0.065,103.505,-7.279,1.217,0.496,1,1,3.234
1784901659328,0.149,1.116,-0.296,0.145,-0.001,-0.070,103.366,-6.917,1.260,0.568,1,1,3.642
1784901659341,0.147,1.123,-0.294,0.163,-0.000,-0.075,103.182,-6.680,1.303,0.654,1,1,3.291
1784901659354,0.143,1.131,-0.293,0.184,0.001,-0.080,103.017,-6.287,1.327,0.757,1,1,3.224
1784901659369,0.141,1.139,-0.291,0.209,0.002,-0.084,102.787,-6.126,1.351,0.881,3,3,5.290
1784901659383,0.141,1.149,-0.289,0.237,0.002,-0.090,102.541,-6.096,1.393,0.993,3,3,3.228
1784901659397,0.144,1.158,-0.287,0.270,0.001,-0.097,102.294,-6.329,1.403,1.160,3,3,3.240
1784901659410,0.144,1.170,-0.284,0.311,-0.000,-0.104,101.966,-6.242,1.460,1.427,3,3,3.229
1784901659424,0.139,1.189,-0.279,0.356,-0.000,-0.109,101.455,-5.786,1.609,1.521,3,3,3.616
1784901659437,0.147,1.208,-0.273,0.409,-0.001,-0.115,100.792,-6.265,1.648,1.819,3,3,3.739
1784901659451,0.156,1.228,-0.268,0.470,-0.008,-0.122,100.278,-6.815,1.708,2.095,3,3,3.283
1784901659470,0.159,1.264,-0.268,0.546,-0.020,-0.130,100.019,-6.774,2.089,2.545,3,3,8.504
1784901659483,0.183,1.308,-0.275,0.618,-0.042,-0.140,100.086,-7.767,2.408,2.608,3,3,3.252
1784901659497,0.222,1.339,-0.276,0.688,-0.075,-0.147,99.944,-9.650,2.311,2.687,3,3,3.246
1784901659510,0.257,1.360,-0.275,0.755,-0.115,-0.153,99.756,-11.510,2.106,2.768,3,3,3.681
1784901659525,0.280,1.373,-0.281,0.820,-0.162,-0.173,100.162,-12.754,1.871,2.942,3,3,3.720
1784901659538,0.313,1.392,-0.300,0.882,-0.219,-0.201,101.242,-14.210,2.205,3.159,3,3,3.229
1784901659551,0.336,1.394,-0.301,0.943,-0.274,-0.230,101.366,-15.621,1.691,3.187,3,3,3.225
1784901659565,0.358,1.381,-0.282,0.993,-0.327,-0.260,99.634,-17.685,1.401,3.037,3,3,3.266
1784901659578,0.374,1.318,-0.242,1.022,-0.375,-0.285,89.567,-20.697,0.966,2.588,4,4,3.691
1784901659593,0.354,1.241,-0.213,1.018,-0.409,-0.298,76.766,-17.849,0.631,1.698,4,4,4.387
1784901659606,0.345,1.154,-0.206,0.985,-0.433,-0.289,60.513,-17.306,0.777,1.062,4,4,3.223
1784901659620,0.321,1.089,-0.180,0.913,-0.436,-0.280,50.914,-13.558,0.528,1.083,4,4,3.927
1784901659634,0.302,1.060,-0.157,0.830,-0.421,-0.273,50.807,-11.116,0.548,1.337,4,4,3.260
1784901659647,0.291,1.032,-0.135,0.748,-0.396,-0.262,50.875,-10.526,0.558,1.402,4,4,3.741
1784901659661,0.285,1.003,-0.119,0.669,-0.363,-0.243,51.356,-11.208,0.464,1.481,4,4,3.270
1784901659674,0.279,0.969,-0.105,0.588,-0.325,-0.215,51.140,-12.911,0.330,1.724,4,4,3.247
1784901659688,0.273,0.935,-0.093,0.500,-0.283,-0.184,50.707,-14.321,0.303,2.067,4,4,3.224
1784901659701,0.270,0.908,-0.080,0.405,-0.236,-0.151,51.551,-15.508,0.424,2.389,4,4,3.249
1784901659714,0.270,0.892,-0.070,0.307,-0.189,-0.114,53.701,-16.556,0.611,2.605,4,4,3.709
1784901659731,0.272,0.884,-0.065,0.211,-0.142,-0.073,56.789,-17.221,0.786,2.712,4,4,3.261
1784901659744,0.273,0.877,-0.064,0.116,-0.097,-0.030,60.232,-17.767,0.785,2.795,4,4,3.224
1784901659759,0.275,0.871,-0.064,0.020,-0.053,0.015,63.588,-18.269,0.815,2.952,4,4,3.242
1784901659772,0.277,0.872,-0.065,-0.074,-0.012,0.059,66.585,-18.392,0.944,2.972,4,4,3.225
1784901659785,0.279,0.880,-0.066,-0.164,0.026,0.101,69.288,-18.294,1.116,2.943,5,5,3.709
1784901659800,0.282,0.895,-0.069,-0.250,0.060,0.138,71.872,-18.013,1.262,2.898,5,5,3.667
1784901659813,0.286,0.913,-0.074,-0.334,0.092,0.173,74.325,-17.779,1.367,2.873,5,5,3.393
1784901659827,0.291,0.934,-0.080,-0.414,0.123,0.208,76.625,-17.615,1.481,2.885,5,5,3.564
1784901659840,0.295,0.960,-0.087,-0.492,0.153,0.242,78.765,-17.227,1.591,2.911,5,5,3.220
1784901659853,0.297,0.992,-0.096,-0.566,0.187,0.275,80.796,-16.705,1.741,2.941,5,5,3.703
1784901659867,0.302,1.027,-0.108,-0.638,0.222,0.306,82.786,-16.290,1.872,2.966,5,5,3.229
1784901659881,0.309,1.061,-0.124,-0.707,0.258,0.337,84.866,-16.110,1.935,2.991,5,5,3.227
1784901659894,0.318,1.094,-0.143,-0.774,0.292,0.368,86.940,-16.014,1.957,3.009,5,5,3.229
1784901659907,0.328,1.130,-0.163,-0.838,0.322,0.401,88.907,-15.941,2.089,3.005,5,5,3.223
1784901659921,0.338,1.170,-0.187,-0.899,0.343,0.434,90.856,-15.774,2.246,2.952,5,5,3.717
1784901659934,0.342,1.210,-0.220,-0.959,0.354,0.463,93.078,-15.308,2.310,2.849,5,5,3.229
1784901659948,0.316,1.205,-0.252,-1.013,0.355,0.484,96.648,-12.890,1.472,2.666,5,5,3.237
1784901659961,0.317,1.240,-0.310,-1.056,0.347,0.498,99.656,-12.385,2.579,2.333,5,5,3.225
1784901659974,0.316,1.263,-0.378,-1.084,0.328,0.507,103.176,-11.819,2.585,1.966,5,5,3.227
1784901659991,0.307,1.285,-0.459,-1.086,0.296,0.515,106.827,-10.930,2.841,1.449,5,5,3.689
1784901660005,0.278,1.301,-0.540,-1.064,0.260,0.518,110.402,-9.180,2.870,1.029,5,5,3.231
1784901660019,0.251,1.419,-0.589,-0.987,0.241,0.459,110.601,-7.887,4.342,1.504,5,5,3.275
1784901660032,0.169,1.476,-0.658,-0.871,0.272,0.349,112.332,-4.749,3.843,3.453,5,5,3.232
1784901660050,0.159,1.494,-0.624,-0.757,0.320,0.253,109.852,-4.134,1.905,3.521,5,5,7.988
1784901660064,0.122,1.544,-0.545,-0.637,0.330,0.193,105.667,-2.472,2.977,2.900,5,5,3.688
1784901660078,0.054,1.537,-0.511,-0.520,0.340,0.174,103.262,2.092,2.006,2.595,5,5,3.238
1784901660091,0.053,1.513,-0.497,-0.412,0.337,0.164,103.124,1.712,1.000,2.408,5,5,3.223
1784901660105,0.059,1.481,-0.499,-0.326,0.323,0.162,105.095,0.427,0.971,1.915,5,5,3.848
1784901660118,0.068,1.453,-0.492,-0.259,0.297,0.157,105.776,-1.067,0.943,1.543,5,5,3.231
1784901660132,0.067,1.432,-0.479,-0.201,0.282,0.148,105.352,-1.320,0.976,1.319,1,1,3.795
1784901660146,0.076,1.398,-0.485,-0.155,0.257,0.138,107.978,-2.716,0.956,1.088,1,1,3.238
1784901660159,0.079,1.373,-0.483,-0.135,0.237,0.124,108.996,-3.282,0.933,0.545,1,1,3.224
1784901660173,0.086,1.355,-0.472,-0.117,0.215,0.106,108.467,-4.231,1.018,0.612,1,1,3.566
1784901660186,0.088,1.337,-0.464,-0.106,0.197,0.090,108.334,-4.599,0.999,0.465,1,1,3.234
1784901660199,0.090,1.322,-0.455,-0.095,0.183,0.078,107.873,-4.851,1.029,0.345,1,1,3.824
1784901660213,0.088,1.310,-0.441,-0.083,0.172,0.074,106.896,-4.618,1.064,0.245,1,1,3.243
1784901660227,0.087,1.298,-0.429,-0.071,0.162,0.073,106.153,-4.509,1.057,0.282,1,1,3.225
1784901660243,0.093,1.286,-0.418,-0.056,0.151,0.072,105.598,-5.328,1.054,0.344,1,1,3.276
1784901660256,0.101,1.273,-0.409,-0.043,0.142,0.068,105.312,-6.277,1.045,0.328,1,1,3.220
1784901660273,0.108,1.259,-0.403,-0.031,0.133,0.060,105.272,-6.992,1.018,0.313,1,1,6.889
1784901660286,0.110,1.246,-0.395,-0.023,0.123,0.053,105.089,-7.232,1.017,0.268,1,1,3.228
1784901660300,0.112,1.235,-0.388,-0.014,0.115,0.047,104.862,-7.391,1.036,0.266,1,1,3.222
1784901660313,0.114,1.227,-0.381,-0.006,0.107,0.040,104.637,-7.431,1.066,0.263,1,1,3.227
1784901660326,0.116,1.218,-0.374,0.003,0.101,0.034,104.424,-7.537,1.061,0.267,1,1,3.228
1784901660340,0.117,1.209,-0.367,0.012,0.095,0.028,104.229,-7.524,1.048,0.276,1,1,3.698
1784901660354,0.118,1.201,-0.362,0.020,0.089,0.023,104.158,-7.582,1.063,0.278,1,1,3.231
1784901660367,0.120,1.193,-0.356,0.029,0.085,0.017,104.034,-7.670,1.065,0.290,1,1,3.243
1784901660380,0.123,1.185,-0.353,0.037,0.079,0.011,104.117,-7.879,1.068,0.296,1,1,3.230
1784901660393,0.125,1.180,-0.350,0.045,0.075,0.003,104.269,-7.964,1.110,0.313,1,1,3.230
1784901660407,0.129,1.172,-0.348,0.053,0.070,-0.003,104.482,-8.332,1.081,0.314,1,1,3.688
1784901660421,0.127,1.165,-0.345,0.060,0.065,-0.009,104.577,-8.030,1.046,0.300,1,1,3.228
1784901660434,0.122,1.161,-0.341,0.067,0.061,-0.014,104.474,-7.320,1.108,0.291,1,1,3.339
1784901660447,0.122,1.158,-0.338,0.075,0.057,-0.018,104.367,-7.149,1.122,0.324,1,1,3.228
1784901660461,0.122,1.155,-0.335,0.085,0.054,-0.023,104.384,-7.097,1.122,0.358,1,1,3.237
1784901660474,0.121,1.149,-0.333,0.094,0.050,-0.027,104.487,-6.954,1.063,0.370,1,1,3.681
1784901660488,0.119,1.143,-0.331,0.104,0.048,-0.031,104.685,-6.697,1.056,0.375,1,1,3.230
1784901660503,0.118,1.138,-0.330,0.113,0.045,-0.034,104.813,-6.498,1.077,0.382,1,1,3.321
1784901660516,0.119,1.133,-0.329,0.123,0.043,-0.038,104.982,-6.578,1.091,0.411,1,1,3.326
1784901660530,0.119,1.128,-0.329,0.133,0.041,-0.042,105.299,-6.601,1.065,0.426,1,1,3.291
1784901660543,0.118,1.123,-0.329,0.144,0.038,-0.046,105.570,-6.418,1.073,0.440,1,1,3.693
1784901660557,0.116,1.121,-0.329,0.155,0.038,-0.049,105.669,-6.176,1.120,0.467,1,1,3.253
1784901660570,0.116,1.119,-0.329,0.167,0.037,-0.052,105.831,-6.133,1.138,0.503,1,1,3.228
1784901660584,0.115,1.118,-0.330,0.181,0.036,-0.056,105.957,-5.991,1.159,0.549,1,1,3.230
1784901660597,0.115,1.117,-0.331,0.195,0.035,-0.060,106.116,-5.947,1.161,0.599,1,1,3.235
1784901660610,0.112,1.117,-0.331,0.211,0.034,-0.064,106.235,-5.653,1.162,0.641,3,3,3.676
1784901660624,0.110,1.119,-0.332,0.229,0.034,-0.068,106.299,-5.386,1.207,0.705,3,3,3.257
1784901660638,0.111,1.122,-0.333,0.249,0.034,-0.074,106.269,-5.409,1.262,0.815,3,3,3.231
1784901660651,0.112,1.129,-0.333,0.272,0.033,-0.079,106.138,-5.504,1.325,0.897,3,3,3.231
1784901660664,0.113,1.138,-0.332,0.299,0.031,-0.084,105.870,-5.529,1.378,1.028,3,3,3.235
1784901660678,0.109,1.152,-0.330,0.332,0.029,-0.089,105.371,-5.095,1.494,1.189,3,3,3.676
1784901660692,0.112,1.170,-0.326,0.372,0.026,-0.092,104.725,-5.212,1.585,1.417,3,3,3.703
1784901660706,0.118,1.188,-0.322,0.420,0.021,-0.095,104.132,-5.512,1.603,1.693,3,3,3.225
1784901660719,0.119,1.216,-0.319,0.478,0.014,-0.096,103.595,-5.400,1.854,1.994,3,3,3.251
1784901660733,0.129,1.252,-0.318,0.547,0.001,-0.091,103.026,-5.812,2.106,2.357,3,3,3.221
1784901660746,0.141,1.298,-0.325,0.619,-0.017,-0.080,102.932,-6.175,2.387,2.558,4,4,3.698
1784901660760,0.165,1.336,-0.323,0.689,-0.048,-0.069,102.420,-7.252,2.273,2.647,4,4,3.234
1784901660773,0.189,1.364,-0.330,0.756,-0.082,-0.061,102.551,-8.441,2.167,2.686,4,4,3.231
1784901660787,0.210,1.370,-0.343,0.821,-0.123,-0.064,103.484,-9.713,1.768,2.774,4,4,3.246
1784901660800,0.240,1.363,-0.372,0.883,-0.169,-0.073,106.008,-11.658,1.795,2.865,4,4,3.228
1784901660813,0.266,1.357,-0.384,0.943,-0.218,-0.087,107.120,-13.487,1.615,2.945,4,4,3.903
1784901660827,0.294,1.332,-0.378,0.987,-0.269,-0.100,107.201,-16.713,1.227,2.687,4,4,3.230
1784901660841,0.318,1.280,-0.352,1.013,-0.320,-0.109,100.358,-22.025,0.879,2.382,4,4,3.233
1784901660854,0.333,1.180,-0.284,1.011,-0.372,-0.104,86.995,-22.130,1.708,1.990,4,4,3.235
1784901660867,0.339,1.142,-0.263,0.984,-0.429,-0.086,84.040,-24.973,0.596,1.963,4,4,3.228
1784901660881,0.310,1.055,-0.231,0.916,-0.472,-0.060,70.226,-20.816,1.011,1.886,4,4,3.717
1784901660895,0.277,1.024,-0.199,0.825,-0.489,-0.045,66.848,-15.448,0.756,1.837,4,4,3.229
1784901660908,0.245,1.010,-0.173,0.738,-0.484,-0.039,66.181,-11.138,0.932,1.564,4,4,3.251
1784901660921,0.215,0.991,-0.148,0.658,-0.461,-0.032,65.147,-7.081,0.813,1.436,4,4,3.231
1784901660935,0.192,0.966,-0.128,0.581,-0.423,-0.018,64.099,-3.425,0.623,1.556,4,4,3.226
1784901660948,0.171,0.937,-0.109,0.502,-0.374,0.004,62.378,0.160,0.510,1.885,4,4,3.699
1784901660962,0.153,0.914,-0.092,0.418,-0.315,0.029,61.675,2.470,0.550,2.238,4,4,3.226
1784901660975,0.141,0.897,-0.078,0.330,-0.252,0.055,62.125,3.537,0.574,2.496,4,4,3.240
1784901660989,0.133,0.884,-0.068,0.240,-0.189,0.080,63.370,3.598,0.630,2.674,4,4,3.229
1784901661002,0.126,0.875,-0.059,0.146,-0.127,0.105,64.871,3.486,0.703,2.818,4,4,3.227
1784901661015,0.118,0.873,-0.053,0.052,-0.067,0.128,66.668,3.414,0.826,2.908,4,4,3.698
1784901661029,0.112,0.878,-0.049,-0.041,-0.011,0.146,68.712,3.176,0.982,2.916,4,4,3.331
1784901661043,0.107,0.886,-0.049,-0.131,0.041,0.158,70.955,2.893,1.068,2.874,4,4,3.311
1784901661056,0.102,0.897,-0.051,-0.219,0.089,0.166,73.252,2.740,1.152,2.842,4,4,3.235
1784901661069,0.092,0.911,-0.054,-0.303,0.137,0.168,75.416,3.060,1.209,2.875,4,4,3.268
1784901661083,0.080,0.925,-0.057,-0.385,0.192,0.166,77.321,3.534,1.264,2.974,5,5,3.681
1784901661096,0.069,0.945,-0.059,-0.463,0.256,0.160,78.906,3.875,1.397,3.156,5,5,3.235
1784901661110,0.062,0.972,-0.061,-0.539,0.332,0.150,80.369,3.778,1.562,3.403,5,5,3.232
1784901661123,0.063,1.005,-0.067,-0.612,0.412,0.139,81.909,3.145,1.733,3.540,5,5,3.233
1784901661137,0.071,1.042,-0.078,-0.682,0.490,0.126,83.608,2.162,1.894,3.544,5,5,3.233
1784901661150,0.085,1.082,-0.094,-0.749,0.564,0.110,85.411,0.928,2.042,3.552,5,5,3.699
1784901661164,0.107,1.123,-0.115,-0.810,0.636,0.092,87.371,-0.670,2.200,3.478,5,5,3.228
1784901661177,0.139,1.166,-0.143,-0.861,0.705,0.075,89.488,-2.563,2.371,3.344,5,5,3.236
1784901661190,0.186,1.206,-0.179,-0.900,0.772,0.062,91.905,-4.961,2.591,3.157,5,5,3.227
1784901661204,0.254,1.233,-0.226,-0.923,0.836,0.056,94.983,-8.133,2.833,2.933,5,5,3.329
1784901661217,0.335,1.246,-0.287,-0.932,0.898,0.068,98.951,-11.475,3.074,2.789,5,5,3.691
1784901661231,0.410,1.253,-0.360,-0.926,0.955,0.098,103.295,-14.226,3.142,2.709,5,5,3.232
1784901661244,0.459,1.254,-0.437,-0.906,0.988,0.132,107.625,-15.892,2.918,2.144,5,5,3.233
1784901661258,0.484,1.255,-0.512,-0.872,1.005,0.155,111.611,-16.506,2.712,1.615,5,5,3.221
1784901661271,0.502,1.254,-0.580,-0.825,1.008,0.163,115.172,-16.911,2.552,1.201,5,5,3.231
1784901661284,0.521,1.247,-0.633,-0.768,0.998,0.165,118.365,-17.570,2.310,1.075,5,5,3.679
1784901661298,0.536,1.239,-0.664,-0.703,0.981,0.167,120.569,-18.404,1.923,1.140,5,5,3.237
1784901661311,0.475,1.224,-0.588,-0.652,0.974,0.169,112.849,-13.658,1.640,1.053,5,5,3.223
1784901661325,0.465,1.245,-0.513,-0.568,0.976,0.175,107.468,-13.023,2.059,1.938,5,5,3.234
1784901661338,0.458,1.244,-0.489,-0.470,0.962,0.186,105.665,-13.139,1.273,2.211,5,5,3.233
1784901661351,0.444,1.224,-0.504,-0.390,0.933,0.192,108.641,-12.501,1.153,1.736,1,1,3.693
1784901661365,0.437,1.198,-0.518,-0.338,0.891,0.198,111.832,-12.729,1.085,1.109,1,1,3.244
1784901661379,0.427,1.188,-0.506,-0.298,0.855,0.203,111.017,-12.624,1.006,0.807,1,1,3.222
1784901661392,0.419,1.178,-0.506,-0.264,0.797,0.203,111.634,-12.721,1.123,0.961,1,1,3.240
1784901661405,0.411,1.164,-0.500,-0.243,0.761,0.199,111.826,-12.872,0.956,0.350,1,1,3.228
1784901661419,0.402,1.162,-0.477,-0.221,0.727,0.196,109.629,-12.575,1.128,0.400,1,1,3.693
1784901661432,0.399,1.151,-0.467,-0.201,0.695,0.189,109.155,-13.212,1.019,0.364,1,1,3.234
1784901661446,0.390,1.146,-0.452,-0.181,0.664,0.179,108.003,-12.953,1.043,0.362,1,1,3.317
1784901661459,0.379,1.138,-0.440,-0.163,0.634,0.168,107.266,-12.552,1.003,0.353,1,1,3.234
1784901661472,0.367,1.131,-0.430,-0.147,0.605,0.158,106.807,-11.916,1.003,0.322,1,1,3.229
1784901661486,0.354,1.125,-0.419,-0.132,0.579,0.151,106.248,-11.151,1.010,0.266,1,1,3.699
1784901661499,0.342,1.120,-0.408,-0.118,0.554,0.145,105.567,-10.492,1.029,0.267,1,1,3.236
1784901661513,0.333,1.114,-0.399,-0.106,0.531,0.140,105.216,-10.202,1.011,0.238,1,1,3.223
1784901661526,0.326,1.108,-0.392,-0.094,0.509,0.134,105.054,-10.134,1.013,0.205,1,1,3.261
1784901661545,0.318,1.102,-0.383,-0.086,0.488,0.126,104.701,-10.052,1.011,0.176,1,1,8.947
1784901661560,0.308,1.097,-0.376,-0.078,0.467,0.119,104.425,-9.538,1.017,0.155,1,1,5.370
1784901661574,0.298,1.093,-0.368,-0.071,0.447,0.114,104.183,-9.082,1.021,0.135,1,1,3.226
1784901661588,0.288,1.089,-0.361,-0.064,0.428,0.111,103.939,-8.536,1.026,0.133,1,1,3.254
1784901661601,0.279,1.085,-0.355,-0.057,0.411,0.108,103.797,-8.148,1.022,0.134,1,1,3.372
1784901661614,0.272,1.080,-0.350,-0.051,0.394,0.105,103.734,-8.046,1.015,0.121,1,1,3.227
1784901661628,0.266,1.076,-0.344,-0.045,0.378,0.102,103.642,-8.030,1.021,0.104,1,1,3.681
1784901661642,0.260,1.072,-0.339,-0.041,0.362,0.099,103.580,-7.871,1.021,0.091,1,1,3.782
1784901661655,0.252,1.068,-0.334,-0.037,0.347,0.096,103.468,-7.618,1.014,0.080,1,1,3.230
1784901661669,0.245,1.065,-0.329,-0.033,0.333,0.094,103.433,-7.388,1.017,0.071,1,1,3.232
1784901661682,0.238,1.061,-0.325,-0.031,0.320,0.092,103.436,-7.157,1.011,0.067,1,1,3.233
1784901661695,0.230,1.058,-0.321,-0.029,0.308,0.091,103.399,-6.777,1.008,0.084,1,1,3.688
1784901661709,0.225,1.055,-0.316,-0.027,0.296,0.092,103.296,-6.689,1.025,0.102,1,1,3.234
1784901661723,0.221,1.053,-0.312,-0.025,0.285,0.092,103.195,-6.742,1.039,0.099,1,1,3.235
1784901661739,0.218,1.051,-0.307,-0.022,0.274,0.091,103.050,-6.986,1.036,0.078,1,1,3.282
1784901661752,0.215,1.048,-0.303,-0.020,0.263,0.089,102.976,-7.089,1.026,0.065,1,1,3.271
1784901661766,0.212,1.045,-0.300,-0.017,0.253,0.086,102.979,-7.160,1.025,0.056,1,1,3.742
1784901661779,0.209,1.043,-0.297,-0.015,0.243,0.083,102.945,-7.248,1.025,0.046,1,1,3.238
1784901661794,0.206,1.040,-0.294,-0.013,0.233,0.080,102.999,-7.295,1.021,0.042,1,1,3.262
1784901661807,0.201,1.038,-0.291,-0.012,0.224,0.076,102.992,-7.128,1.008,0.031,1,1,3.219
1784901661820,0.195,1.036,-0.288,-0.011,0.215,0.074,103.023,-6.840,1.021,0.028,1,1,3.223
1784901661834,0.192,1.033,-0.286,-0.010,0.207,0.073,103.079,-6.756,1.014,0.034,1,1,3.696
1784901661847,0.188,1.031,-0.284,-0.010,0.199,0.071,103.072,-6.750,1.018,0.038,1,1,3.225
1784901661861,0.185,1.029,-0.281,-0.010,0.192,0.070,103.088,-6.746,1.021,0.042,1,1,3.231
1784901661874,0.183,1.027,-0.279,-0.009,0.185,0.069,103.040,-6.851,1.024,0.027,1,1,3.232
1784901661888,0.182,1.026,-0.276,-0.009,0.178,0.066,102.981,-7.038,1.027,0.012,1,1,3.233
1784901661902,0.180,1.024,-0.274,-0.008,0.170,0.063,102.999,-7.072,1.017,0.027,2,2,3.673
1784901661919,0.178,1.023,-0.271,-0.007,0.163,0.059,102.890,-7.134,1.040,0.036,2,2,3.273
1784901661932,0.179,1.022,-0.269,-0.006,0.157,0.055,102.841,-7.486,1.044,0.075,2,2,3.231
1784901661946,0.178,1.021,-0.268,-0.005,0.150,0.050,102.878,-7.625,1.031,0.087,2,2,4.021
1784901661960,0.177,1.020,-0.266,-0.004,0.143,0.044,102.920,-7.685,1.029,0.115,2,2,3.228
1784901661974,0.175,1.018,-0.265,-0.003,0.137,0.037,102.974,-7.660,1.015,0.132,2,2,3.739
1784901661988,0.173,1.016,-0.263,-0.003,0.131,0.031,102.951,-7.636,1.012,0.139,2,2,3.227
1784901662002,0.170,1.015,-0.262,-0.003,0.125,0.025,102.985,-7.531,1.021,0.143,2,2,4.655
1784901662016,0.169,1.014,-0.260,-0.004,0.120,0.018,103.015,-7.498,1.030,0.154,2,2,3.233
1784901662029,0.165,1.013,-0.259,-0.005,0.115,0.012,103.026,-7.213,1.015,0.139,2,2,3.236
1784901662042,0.160,1.011,-0.258,-0.005,0.111,0.008,103.123,-6.879,1.013,0.100,2,2,3.743
1784901662056,0.158,1.010,-0.257,-0.007,0.106,0.004,103.085,-6.743,1.016,0.109,2,2,3.241
1784901662070,0.154,1.009,-0.256,-0.010,0.102,0.001,103.159,-6.542,1.008,0.110,2,2,3.347
1784901662085,0.152,1.009,-0.255,-0.012,0.098,-0.002,103.064,-6.429,1.043,0.114,2,2,3.245
1784901662100,0.148,1.009,-0.254,-0.015,0.094,-0.004,103.064,-6.187,1.039,0.103,2,2,4.905
1784901662113,0.145,1.008,-0.252,-0.017,0.091,-0.006,102.997,-6.021,1.018,0.102,2,2,3.680
1784901662127,0.144,1.008,-0.251,-0.020,0.087,-0.009,102.937,-6.101,1.036,0.119,2,2,3.233
1784901662140,0.141,1.009,-0.248,-0.021,0.084,-0.013,102.671,-5.901,1.050,0.115,2,2,3.236
1784901662154,0.139,1.009,-0.245,-0.022,0.082,-0.016,102.492,-5.804,1.026,0.116,2,2,3.467
1784901662168,0.137,1.009,-0.245,-0.023,0.080,-0.020,102.508,-5.729,1.040,0.128,2,2,3.248
1784901662181,0.135,1.010,-0.244,-0.024,0.078,-0.025,102.480,-5.739,1.060,0.168,3,3,3.683
1784901662196,0.135,1.011,-0.243,-0.026,0.075,-0.031,102.438,-5.868,1.071,0.210,3,3,4.143
1784901662209,0.133,1.011,-0.241,-0.028,0.072,-0.039,102.356,-5.745,1.023,0.253,3,3,3.228
1784901662222,0.129,1.011,-0.239,-0.030,0.070,-0.048,102.172,-5.428,1.032,0.309,3,3,3.229
1784901662235,0.128,1.011,-0.238,-0.033,0.068,-0.060,102.184,-5.468,1.038,0.388,3,3,3.219
1784901662249,0.116,1.011,-0.234,-0.038,0.069,-0.079,101.781,-4.166,1.038,0.602,3,3,3.792
1784901662263,0.094,1.012,-0.225,-0.046,0.078,-0.104,100.911,-1.839,1.098,0.826,3,3,3.235
1784901662276,0.074,1.014,-0.216,-0.055,0.095,-0.131,99.925,0.108,1.131,1.037,3,3,3.242
1784901662290,0.052,1.018,-0.208,-0.066,0.122,-0.161,99.184,2.161,1.185,1.314,3,3,3.222
1784901662303,0.028,1.019,-0.202,-0.082,0.161,-0.201,98.615,4.387,1.157,1.778,3,3,3.221
1784901662316,0.006,1.018,-0.196,-0.104,0.211,-0.244,98.141,6.306,1.104,2.143,3,3,3.675
1784901662330,-0.023,1.026,-0.188,-0.130,0.273,-0.289,97.402,8.513,1.360,2.518,3,3,3.231
1784901662343,-0.082,1.042,-0.173,-0.152,0.356,-0.320,96.132,11.908,1.959,2.831,3,3,3.217
1784901662357,-0.094,1.050,-0.169,-0.160,0.436,-0.318,95.953,12.304,1.279,2.546,3,3,3.432
1784901662370,-0.100,1.052,-0.162,-0.164,0.512,-0.309,95.356,12.308,1.111,2.516,3,3,3.219
1784901662384,-0.092,1.053,-0.144,-0.164,0.586,-0.303,93.621,10.744,1.111,2.510,4,4,3.690
1784901662397,-0.057,1.057,-0.122,-0.164,0.657,-0.295,91.648,6.816,1.396,2.507,4,4,3.225
1784901662411,-0.020,1.055,-0.103,-0.161,0.725,-0.284,89.892,2.629,1.318,2.503,4,4,3.237
1784901662424,0.026,1.048,-0.095,-0.159,0.791,-0.270,89.301,-2.239,1.361,2.505,4,4,3.237
1784901662437,0.062,1.043,-0.088,-0.155,0.855,-0.254,89.001,-6.028,1.276,2.507,4,4,3.220
1784901662451,0.109,1.038,-0.083,-0.153,0.916,-0.238,89.042,-10.286,1.468,2.510,4,4,3.672
1784901662464,0.152,1.033,-0.083,-0.149,0.975,-0.220,89.508,-14.038,1.422,2.514,4,4,3.242
1784901662478,0.190,1.026,-0.084,-0.147,1.015,-0.202,90.216,-17.405,1.365,2.076,4,4,3.221
1784901662491,0.225,1.020,-0.086,-0.147,1.037,-0.183,91.005,-20.290,1.328,1.650,4,4,3.229
1784901662504,0.253,1.015,-0.088,-0.148,1.044,-0.163,91.669,-22.494,1.258,1.302,4,4,3.222
1784901662518,0.275,1.011,-0.089,-0.151,1.042,-0.143,92.176,-24.008,1.200,1.062,4,4,3.674
1784901662531,0.289,1.009,-0.090,-0.154,1.032,-0.122,92.632,-24.775,1.149,0.904,4,4,3.232
1784901662545,0.300,1.009,-0.091,-0.156,1.018,-0.101,92.984,-25.080,1.126,0.826,4,4,3.226
1784901662558,0.306,1.008,-0.091,-0.158,1.003,-0.079,93.239,-24.975,1.102,0.816,4,4,3.227
1784901662571,0.310,1.009,-0.092,-0.160,0.987,-0.055,93.481,-24.540,1.106,0.845,4,4,3.228
1784901662585,0.310,1.011,-0.092,-0.162,0.973,-0.030,93.646,-23.771,1.108,0.896,4,4,3.704
1784901662598,0.307,1.013,-0.092,-0.163,0.962,-0.004,93.765,-22.710,1.088,0.971,4,4,3.238
1784901662612,0.301,1.015,-0.091,-0.164,0.956,0.023,93.815,-21.499,1.073,1.084,4,4,3.244
1784901662625,0.294,1.015,-0.091,-0.165,0.955,0.051,93.932,-20.161,1.035,1.229,4,4,3.225
1784901662638,0.286,1.016,-0.091,-0.169,0.959,0.079,93.983,-18.767,1.036,1.367,4,4,3.238
1784901662652,0.278,1.017,-0.091,-0.174,0.967,0.107,94.101,-17.612,1.061,1.477,1,1,3.765
1784901662666,0.273,1.019,-0.091,-0.179,0.978,0.136,94.125,-16.705,1.055,1.575,1,1,3.234
1784901662679,0.265,1.022,-0.090,-0.182,0.990,0.167,94.118,-15.547,1.113,1.633,1,1,3.218
1784901662692,0.253,1.028,-0.090,-0.184,1.002,0.194,94.166,-14.004,1.150,1.614,1,1,3.228
1784901662706,0.238,1.033,-0.093,-0.184,1.016,0.216,94.454,-12.288,1.149,1.592,1,1,3.219
1784901662719,0.223,1.036,-0.097,-0.185,1.031,0.234,94.994,-10.664,1.129,1.592,1,1,3.698
1784901662733,0.208,1.037,-0.105,-0.187,1.046,0.249,95.862,-9.053,1.100,1.608,1,1,3.258
1784901662746,0.193,1.037,-0.114,-0.191,1.063,0.260,96.912,-7.478,1.098,1.617,1,1,3.222
1784901662759,0.179,1.037,-0.126,-0.197,1.080,0.267,98.262,-6.188,1.111,1.621,1,1,3.232
1784901662773,0.168,1.036,-0.140,-0.202,1.097,0.271,99.718,-5.148,1.120,1.625,1,1,3.291
1784901662786,0.157,1.037,-0.156,-0.206,1.114,0.274,101.163,-4.317,1.168,1.618,1,1,3.716
1784901662800,0.147,1.040,-0.172,-0.205,1.130,0.275,102.587,-3.616,1.223,1.585,1,1,3.226
1784901662813,0.138,1.043,-0.190,-0.198,1.144,0.275,103.968,-2.950,1.262,1.545,1,1,3.245
1784901662826,0.129,1.046,-0.209,-0.186,1.157,0.275,105.450,-2.422,1.270,1.516,1,1,3.232
1784901662840,0.121,1.044,-0.229,-0.169,1.168,0.276,107.205,-1.936,1.202,1.494,1,1,3.227
1784901662853,0.114,1.041,-0.249,-0.151,1.175,0.276,108.930,-1.575,1.190,1.446,1,1,3.694
1784901662867,0.095,1.073,-0.260,-0.118,1.181,0.259,108.641,-0.499,1.872,1.531,1,1,3.232
1784901662880,0.102,1.074,-0.284,-0.082,1.180,0.230,110.301,-1.481,1.392,1.534,1,1,3.234
1784901662894,0.108,1.053,-0.310,-0.045,1.165,0.199,113.758,-2.488,1.086,1.335,1,1,3.227
1784901662907,0.127,1.048,-0.293,-0.024,1.146,0.167,110.923,-5.121,1.106,1.069,1,1,3.225
1784901662920,0.146,1.047,-0.268,-0.002,1.118,0.131,107.574,-7.252,1.188,1.058,4,4,3.704
