timestamp,ax,ay,az,gx,gy,gz,roll_k,pitch_k,delay_ms,classe_prevista
1777238909191,-0.00277609,-0.582162,-0.405309,0.0204813,-0.267552,0.204813,0,0,3.22262,-1
1777238909204,-0.001345,-0.70111,-0.48755,0.00332045,-0.145289,0.084724,0,0,3.28001,-1
1777238909218,0.000521259,-0.751829,-0.522959,-0.00267568,-0.0943206,0.0476124,0,0,3.22846,-1
1777238909232,0.000808965,-0.782138,-0.542532,-0.00643201,-0.0663996,0.0273442,0,0,3.74835,-1
1777238909245,0.000995946,-0.800314,-0.555556,-0.00855757,-0.0490999,0.0149093,0,0,3.23301,-1
1777238909258,0.00293978,-0.812584,-0.566446,-0.00950695,-0.0375257,0.00778744,0,0,3.22411,-1
1777238909272,0.00485253,-0.822059,-0.572848,-0.010166,-0.0295125,0.00403698,0,0,3.23448,-1
1777238909285,0.0072792,-0.829396,-0.577286,-0.00996542,-0.0243962,0.00275109,0,0,3.21505,-1
1777238909300,0.00698814,-0.834751,-0.58192,-0.010136,-0.0206897,0.00272316,0,0,4.35003,-1
1777238909313,0.00649871,-0.840135,-0.584344,-0.0098175,-0.0186,0.00399983,0,0,3.22463,-1
1777238909327,0.00738614,-0.843555,-0.58604,-0.00928209,-0.0175629,0.0061173,0,0,4.07803,-1
1777238909340,0.00689787,-0.847761,-0.588561,-0.00873961,-0.0172229,0.00839783,0,0,3.26192,-1
1777238909354,0.00736155,-0.850648,-0.591403,-0.00826732,-0.0164382,0.0103651,0,0,3.22237,-1
1777238909367,0.00708973,-0.85334,-0.592324,-0.00761965,-0.0165111,0.0123765,0,0,3.24198,-1
1777238909380,0.00758416,-0.855115,-0.594599,-0.0070447,-0.0167254,0.014235,0,0,3.22398,-1
1777238909394,0.00751637,-0.85838,-0.596619,-0.00682351,-0.0171464,0.0164298,0,0,3.25499,-1
1777238909407,0.00791534,-0.860669,-0.599208,-0.00632038,-0.0179432,0.0195947,0,0,3.22961,-1
1777238909421,0.00783654,-0.862808,-0.600921,-0.00585092,-0.0196266,0.0234899,0,0,4.01694,-1
1777238909435,0.0079307,-0.864298,-0.602142,-0.00566421,-0.0220982,0.0282355,0,0,3.24887,-1
1777238909448,0.0064254,-0.863613,-0.601288,-0.00527946,-0.0238628,0.0323009,0,0,3.73322,-1
1777238909462,0.00496021,-0.863504,-0.603329,-0.00548116,-0.0250776,0.0346932,0,0,3.22924,-1
1777238909475,0.00226978,-0.863023,-0.604032,-0.00525451,-0.0247655,0.0350308,0,0,3.22025,-1
1777238909488,-0.000127193,-0.863831,-0.604222,-0.00542209,-0.0235636,0.034192,0,0,3.2312,-1
1777238909502,-0.000851909,-0.862566,-0.605031,-0.00553626,-0.0223204,0.0326149,0,0,3.22248,-1
1777238909515,0.000162771,-0.861983,-0.605443,-0.00536414,-0.0216155,0.0316318,0,0,3.23644,-1
1777238909528,0.00104318,-0.861672,-0.60564,-0.0055134,-0.0218043,0.0312198,0,0,3.22916,-1
1777238909542,0.00344945,-0.862206,-0.606648,-0.00509064,-0.022725,0.0328488,0,0,3.65066,-1
1777238909555,0.00367065,-0.86267,-0.606718,-0.00471291,-0.0238231,0.0353385,0,0,3.22959,-1
1777238909569,0.00254294,-0.864842,-0.607004,-0.00430908,-0.0255906,0.0376804,0,0,3.22064,-1
1777238909602,0.000373229,-0.865216,-0.607381,-0.004596,-0.0267581,0.0384615,0,0,22.9997,0
1777238909615,-0.00105975,-0.866216,-0.608287,-0.00501322,-0.0274511,0.0389469,0,0,3.39381,0
1777238909629,-0.00172453,-0.86554,-0.608044,-0.00490287,-0.0278378,0.0392751,0,0,3.67183,0
1777238909643,-0.00471493,-0.866079,-0.608928,-0.0051926,-0.027562,0.0390397,0,0,3.45216,0
1777238909656,-0.00795461,-0.867222,-0.608761,-0.00556127,-0.0262762,0.0378384,0,0,3.38177,0
1777238909670,-0.0100916,-0.867153,-0.608585,-0.00602116,-0.0248358,0.0357177,0,0,3.41496,0
1777238909683,-0.0122043,-0.866643,-0.608721,-0.00679881,-0.0228084,0.0325638,0,0,3.36259,0
1777238909697,-0.0125264,-0.86591,-0.608035,-0.00724328,-0.0210299,0.029541,0,0,3.37164,0
1777238909710,-0.0130634,-0.866079,-0.609917,-0.00709205,-0.0191916,0.0272384,0,0,3.39112,0
1777238909724,-0.0125001,-0.865678,-0.610006,-0.00655889,-0.0174306,0.0253195,0,0,3.74996,0
1777238909738,-0.0127189,-0.865877,-0.609955,-0.00607643,-0.0163194,0.0244584,0,0,3.45572,0
1777238909751,-0.0132949,-0.866436,-0.610265,-0.00561077,-0.0150626,0.0237789,0,0,3.39353,0
1777238909764,-0.0145671,-0.86499,-0.610984,-0.00503187,-0.0140789,0.0227038,0,0,3.36783,0
1777238909778,-0.0152534,-0.865569,-0.610547,-0.00442223,-0.0124958,0.0210191,0,0,3.39827,0
1777238909791,-0.015978,-0.865139,-0.610907,-0.00438494,-0.0110111,0.0192207,0,0,3.37692,0
1777238909805,-0.0158028,-0.865602,-0.611928,-0.00418847,-0.00974845,0.0182056,0,0,3.39448,0
1777238909818,-0.0152324,-0.864363,-0.611977,-0.00424103,-0.00893796,0.0181102,0,0,3.41157,0
1777238909832,-0.0156702,-0.865186,-0.61186,-0.00469195,-0.00915313,0.0186033,0,0,3.39064,0
1777238909846,-0.0148278,-0.86545,-0.611468,-0.00514405,-0.0103757,0.0194977,0,0,3.83338,0
1777238909859,-0.0135495,-0.864617,-0.611514,-0.00567348,-0.0112673,0.0207264,0,0,3.39864,0
1777238909873,-0.0139195,-0.864216,-0.611779,-0.00592383,-0.0122647,0.0215723,0,0,3.3162,0
1777238909886,-0.0144338,-0.862709,-0.612073,-0.00590345,-0.012816,0.0216792,0,0,3.41057,0
1777238909900,-0.0147194,-0.862366,-0.612876,-0.00549206,-0.0130592,0.0211958,0,0,3.33698,0
1777238909913,-0.0159969,-0.863323,-0.613122,-0.00551819,-0.0131727,0.0200296,0,0,3.4477,0
1777238909927,-0.0166235,-0.863286,-0.613143,-0.00541274,-0.0128984,0.0184597,0,0,3.35951,0
1777238909941,-0.0165563,-0.862642,-0.613355,-0.00577016,-0.0128606,0.017406,0,0,3.9057,0
1777238909954,-0.0170127,-0.863273,-0.612991,-0.00543188,-0.0124856,0.0164897,0,0,3.39279,0
1777238909968,-0.0150282,-0.863435,-0.612997,-0.00511181,-0.0131655,0.0167694,0,0,3.30462,0
1777238909981,-0.0161042,-0.863801,-0.613903,-0.00517587,-0.0137321,0.0176896,0,0,3.41203,0
1777238909995,-0.0159767,-0.864343,-0.613982,-0.00535648,-0.0143823,0.0188634,0,0,3.33803,0
1777238910008,-0.0164451,-0.864654,-0.615434,-0.00532887,-0.0154713,0.0202488,0,0,3.41774,0
1777238910022,-0.0171735,-0.864151,-0.614796,-0.0051532,-0.0160607,0.0209834,0,0,3.33479,0
1777238910035,-0.0166799,-0.863779,-0.614983,-0.00549026,-0.0165264,0.0216083,0,0,3.40224,0
1777238910048,-0.0179242,-0.863424,-0.614147,-0.00532585,-0.0168381,0.021671,0,0,3.38027,0
1777238910062,-0.0183612,-0.864017,-0.614677,-0.00586315,-0.0168689,0.0213671,0,0,3.83114,0
1777238910076,-0.0191588,-0.864081,-0.615522,-0.00664168,-0.0171872,0.0211138,0,0,3.38281,0
1777238910089,-0.0191757,-0.864265,-0.61661,-0.00758308,-0.0179105,0.0205465,0,0,3.30614,0
1777238910103,-0.0198017,-0.863942,-0.617072,-0.00858386,-0.0190475,0.0205826,0,0,3.40383,0
1777238910116,-0.0206025,-0.863984,-0.616315,-0.00958325,-0.0192826,0.0203837,0,0,3.3312,0
1777238910130,-0.0217804,-0.864985,-0.616076,-0.0105178,-0.0196948,0.0209814,0,0,3.41266,0
1777238910143,-0.0230282,-0.865822,-0.616352,-0.0123018,-0.020051,0.0217466,0,0,3.4672,0
1777238910157,-0.0230821,-0.865552,-0.616076,-0.0139283,-0.0204878,0.0222315,0,0,3.769,0
1777238910171,-0.0211022,-0.867279,-0.61619,-0.016925,-0.021208,0.0237553,0,0,3.3927,0
1777238910184,-0.0196083,-0.869551,-0.616418,-0.0211271,-0.0228769,0.0262592,0,0,3.30964,5
1777238910198,-0.020692,-0.872972,-0.618321,-0.027097,-0.0249547,0.0288419,0,0,3.43931,5
1777238910211,-0.0252039,-0.878354,-0.618429,-0.0362068,-0.0272714,0.0309052,0,0,3.3209,5
1777238910225,-0.0267406,-0.895864,-0.61997,-0.048671,-0.0291765,0.0348256,0,0,3.40368,5
1777238910238,-0.0405894,-0.920686,-0.619925,-0.0721241,-0.0282578,0.0355735,0,0,3.33355,5
1777238910251,-0.0593051,-0.974311,-0.622203,-0.111528,-0.0202276,0.0264639,0,0,3.39785,5
1777238910265,-0.0521336,-1.1124,-0.629102,-0.194989,-0.00801406,0.0407683,0,0,3.38516,5
1777238910279,-0.0872797,-1.14475,-0.639661,-0.324819,0.0186906,0.0325613,0,0,3.82816,5
1777238910292,-0.156079,-1.29419,-0.657675,-0.480708,0.0678147,0.029679,0,0,3.41687,5
1777238910306,-0.157388,-1.37491,-0.672447,-0.685895,0.128115,-0.00764666,0,0,3.33637,5
1777238910319,-0.191726,-1.44338,-0.678259,-0.900969,0.195834,-0.0533569,0,0,3.42174,5
1777238910333,-0.22704,-1.51007,-0.678029,-1.14207,0.276808,-0.0921486,0,0,3.35637,5
1777238910346,-0.278066,-1.56733,-0.685969,-1.36862,0.375215,-0.134221,0,0,3.55742,5
1777238910360,-0.331182,-1.57274,-0.671886,-1.55741,0.489384,-0.187016,0,0,3.35181,5
1777238910374,-0.383701,-1.50319,-0.675488,-1.71474,0.631332,-0.306317,0,0,3.77607,5
1777238910387,-0.41508,-1.41513,-0.671248,-1.84584,0.781784,-0.499705,0,0,3.42081,5
1777238910401,-0.420673,-1.30522,-0.676671,-1.93389,0.928293,-0.722629,0,0,3.35038,5
1777238910414,-0.446793,-1.23151,-0.654002,-1.99881,1.07686,-0.969023,0,0,3.41463,4
1777238910428,-0.466545,-1.17565,-0.614791,-2.06645,1.22288,-1.22365,0,0,3.36564,4
1777238910441,-0.356101,-1.0522,-0.544105,-2.11306,1.28484,-1.43661,0,0,3.4489,4
1777238910455,-0.18982,-0.718455,-0.474143,-2.04169,1.1589,-1.56132,0,0,3.4104,4
1777238910468,-0.0363776,-0.428017,-0.392103,-1.71683,0.851828,-1.48147,0,0,3.44537,4
1777238910482,0.0277724,-0.291637,-0.321098,-1.25512,0.445111,-1.23496,0,0,3.42725,4
1777238910495,0.0244344,-0.297314,-0.265306,-0.798131,0.0384575,-0.994556,0,0,3.41294,4
1777238910509,-0.0116647,-0.343326,-0.224941,-0.416025,-0.312965,-0.815324,0,0,3.45357,4
1777238910522,-0.0586744,-0.364068,-0.193787,-0.101115,-0.59471,-0.687044,0,0,3.32824,4
1777238910536,-0.0907066,-0.360136,-0.169892,0.180241,-0.822818,-0.556837,0,0,3.46105,4
1777238910550,-0.121381,-0.347682,-0.153327,0.45314,-1.00664,-0.410392,0,0,3.45474,4
1777238910563,-0.1576,-0.347003,-0.13975,0.725288,-1.14192,-0.26866,0,0,3.39802,4
1777238910577,-0.19635,-0.367003,-0.135297,0.989407,-1.22478,-0.151543,0,0,3.53563,4
1777238910590,-0.231441,-0.399231,-0.13912,1.24047,-1.25856,-0.0624306,0,0,3.49188,4
1777238910604,-0.254026,-0.444553,-0.151608,1.45061,-1.25665,0.0116259,0,0,3.48905,4
1777238910617,-0.262729,-0.492653,-0.17667,1.62572,-1.2364,0.0837213,0,0,3.38901,4
1777238910631,-0.257995,-0.549567,-0.205764,1.77165,-1.21089,0.153521,0,0,3.47588,4
1777238910644,-0.246068,-0.622756,-0.242414,1.89326,-1.18845,0.201751,0,0,3.37635,4
1777238910658,-0.224001,-0.705701,-0.29521,1.9946,-1.17641,0.218507,0,0,3.43535,5
1777238910672,-0.202076,-0.787527,-0.357617,2.07905,-1.1798,0.203934,0,0,3.44229,5
1777238910685,-0.168917,-0.867032,-0.424186,2.14942,-1.20648,0.177706,0,0,3.41013,5
1777238910699,-0.153382,-0.954463,-0.495624,2.20807,-1.25123,0.150684,0,0,3.444,5
1777238910712,-0.161545,-1.04655,-0.570678,2.25694,-1.29223,0.120672,0,0,3.36657,5
1777238910726,-0.190606,-1.1306,-0.645686,2.29767,-1.30739,0.0771119,0,0,3.45207,5
1777238910739,-0.244888,-1.186,-0.717758,2.30278,-1.27906,0.0136874,0,0,3.37983,5
1777238910753,-0.324833,-1.19971,-0.781717,2.28053,-1.19606,-0.0484794,0,0,3.51162,5
1777238910766,-0.412805,-1.18041,-0.837119,2.24346,-1.06565,-0.0668371,0,0,3.36214,5
1777238910780,-0.471137,-1.16133,-0.887698,2.18595,-0.913703,0.00636347,0,0,3.52659,5
1777238910793,-0.486329,-1.14309,-0.933864,2.10029,-0.753048,0.145634,0,0,3.42096,5
1777238910807,-0.438425,-1.13698,-0.980284,1.9728,-0.589805,0.264122,0,0,3.40379,5
1777238910820,-0.33365,-1.13302,-1.02249,1.79736,-0.445422,0.306323,0,0,3.44548,5
1777238910834,-0.215946,-1.11658,-1.05102,1.58272,-0.332928,0.258794,0,0,3.3587,5
1777238910847,-0.133667,-1.09958,-1.0562,1.34119,-0.249043,0.151285,0,0,3.44735,5
1777238910861,-0.0965571,-1.07526,-1.03251,1.09082,-0.187142,0.0426609,0,0,3.42859,5
1777238910875,-0.0829326,-1.04006,-0.981131,0.860775,-0.144908,-0.0271846,0,0,3.46738,5
1777238910888,-0.0671784,-1.01528,-0.915607,0.66174,-0.123721,-0.0627047,0,0,3.37394,5
1777238910902,-0.0350339,-0.991844,-0.850127,0.493002,-0.127388,-0.087114,0,0,3.50535,5
1777238910915,-0.349912,-1.14824,-0.822617,0.390682,-0.0488543,-0.334631,0,0,3.42509,5
1777238910929,-0.407202,-0.694939,-0.576008,0.0315482,0.0392627,-0.508426,0,0,3.35977,5
1777238910942,-0.341254,-0.949916,-0.481638,-0.233799,0.156866,-0.689732,0,0,3.43822,5
1777238910956,-0.214891,-0.948537,-0.44349,-0.445939,0.213267,-0.750502,0,0,3.42227,5
1777238910969,-0.161384,-0.921088,-0.417864,-0.652901,0.216526,-0.727632,0,0,3.45559,5
1777238910983,-0.145748,-0.909224,-0.41524,-0.815891,0.216151,-0.695749,0,0,3.38946,5
1777238910996,-0.117727,-0.901754,-0.424125,-0.924006,0.220711,-0.650911,0,0,3.42377,5
1777238911010,-0.0881866,-0.895752,-0.435217,-0.987295,0.225618,-0.590186,0,0,3.42161,5
1777238911023,-0.0623783,-0.887419,-0.441888,-1.01149,0.222913,-0.515028,0,0,3.35927,5
1777238911037,-0.0211183,-0.883563,-0.452055,-1.0143,0.189005,-0.420093,0,0,3.43355,5
1777238911050,-0.0113864,-0.893534,-0.45551,-1.00405,0.151372,-0.318907,0,0,3.35785,5
1777238911064,-0.00251867,-0.893376,-0.467099,-0.982519,0.114871,-0.216799,0,0,3.44946,5
1777238911077,0.000805175,-0.89253,-0.473268,-0.959096,0.087787,-0.123312,0,0,3.36229,5
1777238911091,-0.00843763,-0.87658,-0.490817,-0.924209,0.066133,-0.0579894,0,0,3.56438,5
1777238911104,-0.0523015,-0.85176,-0.508242,-0.870937,0.0538004,-0.0355128,0,0,3.4215,5
1777238911118,-0.0675435,-0.829439,-0.52929,-0.79998,0.0534087,-0.0582326,0,0,3.41414,5
1777238911132,-0.0845732,-0.825727,-0.541033,-0.722642,0.0586167,-0.0997613,0,0,3.45331,5
1777238911145,-0.086812,-0.830998,-0.55213,-0.655891,0.0685673,-0.141697,0,0,3.35342,5
1777238911159,-0.0777531,-0.831456,-0.558612,-0.589706,0.0785771,-0.175803,0,0,3.47466,5
1777238911172,-0.060526,-0.843274,-0.563081,-0.535722,0.084743,-0.197648,0,0,3.35363,5
1777238911186,-0.044829,-0.848549,-0.569021,-0.487478,0.085123,-0.206322,0,0,3.4807,5
1777238911199,-0.0296242,-0.858468,-0.574435,-0.447886,0.0792692,-0.200968,0,0,3.37231,5
1777238911213,-0.0283263,-0.85566,-0.58216,-0.412284,0.0705106,-0.194573,0,0,3.49637,5
1777238911226,-0.0276821,-0.823528,-0.598969,-0.371623,0.059344,-0.196037,0,0,3.4544,5
1777238911240,-0.0197877,-0.843083,-0.607225,-0.326149,0.0455857,-0.197525,0,0,3.33853,5
1777238911253,-0.0204938,-0.839021,-0.610886,-0.290379,0.0384842,-0.199324,0,0,3.43751,5
1777238911267,-0.0120989,-0.841413,-0.61384,-0.253649,0.0338259,-0.203063,0,0,3.40061,5
1777238911280,-0.00185045,-0.844617,-0.614281,-0.225102,0.0327175,-0.198315,0,0,3.37235,5
1777238911294,0.00415209,-0.844277,-0.612187,-0.193755,0.0300636,-0.188049,0,0,3.43666,5
1777238911307,0.00701513,-0.852604,-0.611494,-0.171883,0.0293533,-0.168883,0,0,3.41898,5
1777238911321,0.0187663,-0.855009,-0.613049,-0.149648,0.0258351,-0.145265,0,0,3.43394,5
1777238911334,0.0254622,-0.863691,-0.613948,-0.134872,0.020346,-0.118294,0,0,3.37309,5
1777238911348,0.0317584,-0.864088,-0.615147,-0.122126,0.0129728,-0.0896594,0,0,3.33985,5
1777238911361,0.028056,-0.869965,-0.614869,-0.116555,0.0068794,-0.0644999,0,0,3.4115,5
1777238911375,0.0263858,-0.866993,-0.614917,-0.111226,0.000923676,-0.044755,0,0,3.37374,5
1777238911388,0.0251286,-0.866633,-0.615216,-0.108401,-0.0036832,-0.0302348,0,0,3.40122,5
1777238911402,0.0235546,-0.863939,-0.61628,-0.10555,-0.00630088,-0.0200811,0,0,3.40733,5
1777238911415,0.0210941,-0.861922,-0.619167,-0.104053,-0.00676473,-0.0133755,0,0,3.38229,5
1777238911429,0.0174137,-0.860332,-0.621254,-0.102041,-0.00539555,-0.0111208,0,0,3.37731,5
1777238911442,0.0158268,-0.857149,-0.623968,-0.0997292,-0.00274056,-0.012079,0,0,3.39998,5
1777238911455,0.0164114,-0.856349,-0.624972,-0.0954868,-0.000324514,-0.0131066,0,0,3.33579,5
1777238911469,0.0193641,-0.854785,-0.627228,-0.0932619,0.00166341,-0.0139374,0,0,3.40857,5
1777238911482,0.0220564,-0.852623,-0.628093,-0.0888506,0.0020732,-0.0133193,0,0,3.33474,5
1777238911496,0.0251981,-0.85036,-0.630034,-0.0846656,0.000735301,-0.0105269,0,0,3.42518,1
1777238911509,0.0253844,-0.852095,-0.631043,-0.0807836,-0.00177911,-0.00590985,0,0,3.34503,1
1777238911523,0.0233584,-0.851414,-0.63266,-0.0774342,-0.00351821,-0.00188416,0,0,3.42087,1
1777238911536,0.0235618,-0.848731,-0.63387,-0.0737015,-0.00527281,0.00195404,0,0,3.39709,1
1777238911550,0.0229342,-0.847013,-0.634986,-0.0695604,-0.00660775,0.00550877,0,0,3.32314,1
1777238911563,0.0224858,-0.847323,-0.635182,-0.0659696,-0.00682961,0.00853466,0,0,3.40194,1
1777238911577,0.0243484,-0.845758,-0.63606,-0.0620103,-0.00640381,0.012214,0,0,3.32355,1
1777238911590,0.0256761,-0.844721,-0.638334,-0.0569424,-0.00692684,0.0175193,0,0,3.41746,1
1777238911604,0.0268288,-0.844014,-0.640663,-0.0524774,-0.00765532,0.0222966,0,0,3.333,1
1777238911617,0.0313364,-0.84221,-0.641945,-0.0489093,-0.0111504,0.028695,0,0,3.36359,1
1777238911631,0.0318397,-0.843024,-0.64338,-0.0455033,-0.0155388,0.0367878,0,0,3.41375,1
1777238911644,0.0322446,-0.844954,-0.644657,-0.0446115,-0.0209007,0.0432265,0,0,3.30683,1
1777238911658,0.0247141,-0.851004,-0.644641,-0.0480669,-0.0248854,0.047129,0,0,3.38459,1
1777238911671,0.0229373,-0.852204,-0.645817,-0.0528293,-0.0279898,0.0505973,0,0,3.37127,1
1777238911685,0.0195287,-0.851862,-0.646902,-0.0557547,-0.0310602,0.0562357,0,0,3.40913,1
1777238911698,0.0222314,-0.861249,-0.648423,-0.0613477,-0.033657,0.0581099,0,0,3.33924,1
1777238911712,0.0271196,-0.864251,-0.650645,-0.0706778,-0.03619,0.0591119,0,0,3.38696,1
1777238911725,0.00453254,-0.867373,-0.653121,-0.0828676,-0.0316214,0.0594508,0,0,3.36772,1
1777238911738,-0.0080647,-0.88115,-0.657812,-0.0999978,-0.0196973,0.0557764,0,0,3.32957,1
1777238911752,-0.00973656,-0.926859,-0.662175,-0.140583,-0.00530751,0.0538849,0,0,3.3949,1
1777238911765,-0.0359923,-0.982985,-0.686809,-0.184608,0.0156916,0.092156,0,0,3.38,1
1777238911779,-0.0424451,-1.01537,-0.690021,-0.288917,0.0157226,0.107853,0,0,3.38209,1
1777238911792,-0.0480155,-1.02805,-0.700884,-0.35425,0.0260157,0.106175,0,0,3.32548,1
1777238911806,-0.0500528,-1.11572,-0.71585,-0.454648,0.0354456,0.101863,0,0,3.3902,1
1777238911819,-0.0507601,-1.14982,-0.722377,-0.590477,0.0469681,0.0807894,0,0,3.37331,1
1777238911833,-0.0579371,-1.17837,-0.723765,-0.723642,0.0661375,0.0612431,0,0,3.36401,1
1777238911846,-0.0682542,-1.20483,-0.728219,-0.872895,0.0912723,0.0386949,0,0,3.38716,1
1777238911860,-0.0748954,-1.20428,-0.725331,-1.02833,0.121378,0.0214697,0,0,3.33651,1
1777238911873,-0.0799215,-1.18444,-0.722984,-1.16459,0.152828,0.00275147,0,0,3.39018,1
1777238911887,-0.0788161,-1.19073,-0.728056,-1.29447,0.184074,-0.0124654,0,0,3.33,1
1777238911900,-0.0787572,-1.21006,-0.739312,-1.43912,0.21552,-0.032627,0,0,3.41166,1
1777238911914,-0.0742986,-1.19808,-0.75034,-1.57887,0.24577,-0.0449373,0,0,3.34531,1
1777238911927,-0.0735803,-1.17835,-0.753673,-1.71013,0.272862,-0.0596869,0,0,3.44848,1
1777238911941,-0.066072,-1.15999,-0.76802,-1.83693,0.301456,-0.0768892,0,0,3.38283,1
1777238911954,-0.0828452,-1.11005,-0.779833,-1.94767,0.334407,-0.0922423,0,0,3.32968,4
1777238911967,-0.0717353,-1.09571,-0.814025,-2.03995,0.361586,-0.121665,0,0,3.39727,4
1777238911981,-0.0659499,-1.06704,-0.84873,-2.11686,0.368065,-0.092418,0,0,3.32381,4
1777238911994,-0.0594471,-1.01986,-0.86905,-2.18094,0.350117,0.0068781,0,0,3.41027,4
1777238912008,-0.0841067,-0.98993,-0.862145,-2.22054,0.341256,0.117055,0,0,3.33598,4
1777238912021,-0.109056,-0.973756,-0.846273,-2.24907,0.360894,0.193233,0,0,3.37914,4
1777238912035,-0.122996,-0.993139,-0.805019,-2.29112,0.415007,0.220747,0,0,3.42475,4
1777238912048,-0.112547,-1.0293,-0.792718,-2.32616,0.482671,0.176017,0,0,3.33405,4
1777238912062,-0.0818876,-0.930343,-0.787121,-2.35536,0.526119,0.0775207,0,0,3.44005,4
1777238912075,-0.0389898,-0.830428,-0.768138,-2.3797,0.540913,0.0187736,0,0,3.3902,4
1777238912089,0.000282035,-0.655434,-0.745126,-2.38129,0.516919,-0.0157548,0,0,3.45057,4
1777238912102,0.0301322,-0.499863,-0.71987,-2.2776,0.466313,-0.0411697,0,0,3.36024,4
1777238912116,0.0504189,-0.37512,-0.69865,-2.09058,0.400324,-0.0738119,0,0,3.43911,4
1777238912129,0.0623701,-0.275791,-0.675851,-1.84362,0.328845,-0.116739,0,0,3.42431,4
1777238912143,0.0662478,-0.183631,-0.648014,-1.54904,0.260259,-0.16302,0,0,3.36122,4
1777238912156,0.0669443,-0.116613,-0.621914,-1.22612,0.197786,-0.202835,0,0,3.45957,4
1777238912170,0.0673238,-0.0811714,-0.599801,-0.896363,0.139911,-0.224322,0,0,3.43431,4
1777238912183,0.0646613,-0.0664214,-0.578317,-0.578038,0.0866813,-0.220713,0,0,3.46833,4
1777238912197,0.0631862,-0.0624945,-0.559246,-0.27923,0.0374889,-0.190378,0,0,3.35557,4
1777238912210,0.0664737,-0.0573156,-0.542431,0.00241028,-0.0104514,-0.135048,0,0,3.48833,4
1777238912227,0.0747973,-0.043039,-0.522974,0.286169,-0.0563049,-0.0654154,0,0,3.42098,4
1777238912240,0.0873323,-0.0236304,-0.500676,0.574161,-0.0980785,-0.00512349,0,0,3.57896,4
1777238912254,0.105904,-0.00111707,-0.474946,0.87647,-0.13761,0.0362521,0,0,3.41633,4
1777238912268,0.130619,0.0206172,-0.446172,1.14727,-0.180476,0.0664187,0,0,3.54044,4
1777238912281,0.152817,0.0246242,-0.420515,1.37295,-0.232967,0.0993057,0,0,3.44427,4
1777238912295,0.168679,-0.00632028,-0.400458,1.561,-0.293719,0.140923,0,0,3.37698,4
1777238912308,0.171771,-0.062817,-0.389157,1.71772,-0.356484,0.178619,0,0,3.45376,4
1777238912322,0.168503,-0.152984,-0.397426,1.84832,-0.413965,0.201304,0,0,3.35303,4
1777238912335,0.165441,-0.263377,-0.419983,1.95715,-0.46436,0.210731,0,0,3.39353,4
1777238912349,0.157345,-0.360831,-0.458259,2.04784,-0.50455,0.203726,0,0,3.43074,5
1777238912362,0.145941,-0.431191,-0.500982,2.12341,-0.528448,0.175077,0,0,3.43216,5
1777238912376,0.13591,-0.483979,-0.541388,2.1864,-0.538923,0.134918,0,0,3.44844,5
1777238912389,0.122666,-0.544353,-0.575924,2.23888,-0.540018,0.0963629,0,0,3.34698,5
1777238912403,0.109976,-0.623827,-0.612632,2.28262,-0.53513,0.0733431,0,0,3.44235,5
1777238912416,0.108288,-0.699971,-0.646723,2.31906,-0.528295,0.0597198,0,0,3.34546,5
1777238912430,0.115927,-0.770038,-0.679989,2.34944,-0.521569,0.028596,0,0,3.48131,5
1777238912443,0.12819,-0.855676,-0.715016,2.37475,-0.517631,-0.0253685,0,0,3.35098,5
1777238912457,0.11963,-0.941772,-0.756816,2.39584,-0.512428,-0.0833669,0,0,3.3999,5
1777238912470,0.0846596,-1.01073,-0.799543,2.41341,-0.495306,-0.121699,0,0,3.46725,5
1777238912484,0.0329032,-1.06234,-0.835545,2.42806,-0.460337,-0.123171,0,0,3.46714,5
1777238912498,-0.0256737,-1.10453,-0.866095,2.44027,-0.40523,-0.095022,0,0,3.57331,5
1777238912511,-0.0710304,-1.14465,-0.896995,2.45044,-0.335885,-0.0457626,0,0,3.39124,5
1777238912525,-0.107515,-1.1852,-0.930483,2.44007,-0.256558,0.0063047,0,0,3.52761,5
1777238912538,-0.132049,-1.20783,-0.965316,2.3896,-0.176101,0.0575058,0,0,3.37487,5
1777238912552,-0.13749,-1.21249,-1.00199,2.30473,-0.108507,0.127985,0,0,3.47909,5
1777238912565,-0.114901,-1.20048,-1.04182,2.19013,-0.0664911,0.220967,0,0,3.36033,5
1777238912579,-0.0734114,-1.18368,-1.08543,2.04483,-0.0437044,0.295602,0,0,3.59516,5
1777238912593,-0.0255179,-1.1744,-1.13231,1.8509,-0.0290285,0.305496,0,0,3.42698,5
1777238912606,0.0284505,-1.13279,-1.16596,1.62177,-0.0229054,0.25958,0,0,3.33442,5
1777238912619,0.0641115,-1.08167,-1.17852,1.39443,-0.0282482,0.198021,0,0,3.4434,5
1777238912633,0.0711377,-1.06592,-1.17243,1.15118,-0.03382,0.134458,0,0,3.34063,5
1777238912646,0.0662998,-1.0443,-1.1389,0.906813,-0.0356388,0.0772391,0,0,3.45298,5
1777238912660,0.0654774,-1.01263,-1.08344,0.686632,-0.0400553,0.0243278,0,0,3.36922,5
1777238912674,0.0670475,-0.996652,-1.02023,0.491659,-0.0530359,-0.0288617,0,0,3.53837,5
1777238912687,0.104539,-1.36169,-0.84982,0.00470314,-0.0272245,-0.0131736,0,0,3.40461,5
1777238912701,-0.0120564,-1.22752,-0.669342,-0.191819,0.0263587,-0.0243876,0,0,3.35966,5
1777238912714,0.0267547,-1.31641,-0.600668,-0.501172,0.0269401,-0.10587,0,0,3.41063,5
1777238912728,0.0535347,-1.20909,-0.55359,-0.672262,0.0107325,-0.129256,0,0,3.34326,5
1777238912741,0.0311987,-1.17192,-0.515708,-0.837076,0.0326588,-0.134278,0,0,3.43333,5
1777238912755,0.0282779,-1.1492,-0.488416,-0.946265,0.0688442,-0.119366,0,0,3.35368,5
1777238912768,0.0363907,-1.11368,-0.475755,-1.02158,0.0907671,-0.0961005,0,0,3.54492,5
1777238912782,0.0461047,-1.08538,-0.471486,-1.05983,0.0948504,-0.0694985,0,0,3.43022,5
1777238912795,0.0512893,-1.03594,-0.472058,-1.05824,0.0842074,-0.0593149,0,0,3.40266,5
1777238912809,0.0443055,-1.03516,-0.478925,-1.03763,0.0746385,-0.0369736,0,0,3.4127,5
1777238912822,0.0375342,-1.00157,-0.48463,-1.00164,0.0641199,-0.0132032,0,0,3.34511,5
1777238912836,0.0388616,-0.986535,-0.492478,-0.946176,0.0487258,0.00692352,0,0,3.42509,5
1777238912849,0.0273385,-0.975119,-0.495464,-0.889765,0.0351977,0.0218256,0,0,3.35957,1
1777238912863,0.0212587,-0.968103,-0.494196,-0.834664,0.0241152,0.0298928,0,0,3.46326,1
1777238912876,0.00729388,-0.962172,-0.489813,-0.78605,0.0201214,0.0281422,0,0,3.4905,1
1777238912890,0.00543193,-0.955414,-0.486233,-0.743667,0.0164625,0.0226249,0,0,3.46668,1
1777238912904,-0.00773423,-0.953858,-0.483962,-0.709087,0.018388,0.0110805,0,0,3.44887,1
1777238912917,-0.0115086,-0.950126,-0.483887,-0.682305,0.022906,-0.00248378,0,0,3.34088,1
1777238912930,-0.0107642,-0.944666,-0.490708,-0.65785,0.0266838,-0.0143599,0,0,3.4407,1
1777238912944,-0.00432699,-0.943754,-0.49827,-0.638119,0.0306334,-0.0231243,0,0,3.3592,1
1777238912958,-0.0110919,-0.927134,-0.51156,-0.61272,0.0350953,-0.0309369,0,0,3.46888,1
1777238912971,-0.0183488,-0.917626,-0.530626,-0.581173,0.037274,-0.0401701,0,0,3.36457,1
1777238912986,-0.0125528,-0.903612,-0.542547,-0.538343,0.0360872,-0.0497601,0,0,5.04096,1
1777238913000,-0.00404617,-0.898072,-0.549166,-0.494307,0.0301871,-0.0509324,0,0,3.40042,1
1777238913013,0.0025996,-0.894839,-0.555331,-0.457062,0.022217,-0.0448228,0,0,3.53314,1
1777238913027,0.00898088,-0.88534,-0.560972,-0.415961,0.0125091,-0.0384846,0,0,3.43613,1
1777238913040,0.00448376,-0.885103,-0.566643,-0.381177,0.00359218,-0.0350985,0,0,3.32109,1
1777238913054,0.000450568,-0.874732,-0.571276,-0.346757,-0.00224825,-0.0357882,0,0,3.42722,1
1777238913067,0.00383354,-0.874124,-0.574785,-0.313786,-0.00708983,-0.0384876,0,0,3.34448,1
1777238913081,0.00300667,-0.869928,-0.579214,-0.281361,-0.0123967,-0.0399738,0,0,3.43792,1
1777238913094,-5.97699e-05,-0.871787,-0.585248,-0.254913,-0.0150762,-0.04251,0,0,3.36777,1
1777238913108,0.00171754,-0.864457,-0.591065,-0.228458,-0.0176144,-0.0415318,0,0,3.45268,1
1777238913121,0.00503008,-0.860281,-0.594733,-0.198664,-0.019844,-0.0368236,0,0,3.3999,4
1777238913135,0.0101259,-0.861223,-0.598625,-0.171317,-0.0243357,-0.0275184,0,0,3.32409,4
1777238913148,0.0148077,-0.864872,-0.600202,-0.145194,-0.0297963,-0.0123468,0,0,3.40066,4
1777238913162,0.0181647,-0.871579,-0.600542,-0.128514,-0.0361534,0.00420213,0,0,3.34901,4
1777238913175,0.0203394,-0.86788,-0.602382,-0.110034,-0.0418835,0.0208682,0,0,3.4114,4
1777238913189,0.016501,-0.871553,-0.602982,-0.096784,-0.0469131,0.0372884,0,0,3.39268,4
1777238913202,0.0109808,-0.868822,-0.603534,-0.0844828,-0.0507864,0.0486309,0,0,3.39051,4
1777238913216,0.00535149,-0.871824,-0.603403,-0.075466,-0.0523856,0.0548006,0,0,3.37035,4
1777238913229,-0.0011124,-0.869669,-0.603804,-0.0673794,-0.0511483,0.0562905,0,0,3.36135,4
1777238913243,-0.00524462,-0.871755,-0.604538,-0.0616966,-0.0494302,0.0559037,0,0,3.38507,4
1777238913256,-0.00709507,-0.872279,-0.603503,-0.0565029,-0.0468534,0.0542327,0,0,3.32692,4
1777238913269,-0.00667486,-0.871254,-0.605628,-0.0537906,-0.0439936,0.053082,0,0,3.38672,4
1777238913283,-0.00865855,-0.87075,-0.606411,-0.0508814,-0.0407708,0.0506345,0,0,3.38292,1
1777238913296,-0.0101556,-0.867257,-0.607156,-0.0481264,-0.0375125,0.0477297,0,0,3.38494,1
1777238913310,-0.0145117,-0.866958,-0.606805,-0.0449018,-0.0334487,0.0430191,0,0,3.33131,1
1777238913323,-0.0173287,-0.865251,-0.606854,-0.0431052,-0.0284974,0.0358747,0,0,3.38064,1
1777238913337,-0.0198709,-0.864766,-0.606896,-0.0396742,-0.0230481,0.0274274,0,0,3.35603,1
1777238913350,-0.0217886,-0.865504,-0.608027,-0.0394231,-0.0176418,0.0183523,0,0,3.31451,1
1777238913364,-0.0209121,-0.861929,-0.609138,-0.0380307,-0.013073,0.00936484,0,0,3.39463,1
1777238913377,-0.0221135,-0.86452,-0.610456,-0.0372012,-0.00871861,-0.000503852,0,0,3.32003,1
1777238913390,-0.0209046,-0.864325,-0.61263,-0.0370824,-0.00507722,-0.00945296,0,0,3.37303,1
1777238913404,-0.0198872,-0.866407,-0.613134,-0.0371488,-0.00189005,-0.0156128,0,0,3.37098,1
1777238913417,-0.0164622,-0.866767,-0.613925,-0.0382983,-0.000786235,-0.0195501,0,0,3.35172,1
1777238913431,-0.0133921,-0.869139,-0.615803,-0.0389636,-0.000680641,-0.0207956,0,0,3.36113,1
1777238913444,-0.0114665,-0.870973,-0.616275,-0.0406503,-0.00127967,-0.0200014,0,0,3.32205,1
1777238913458,-0.00879737,-0.869445,-0.618326,-0.0415979,-0.00259311,-0.0174694,0,0,3.32296,1
1777238913471,-0.00850673,-0.871914,-0.619398,-0.0425784,-0.00387848,-0.014685,0,0,3.27713,1
1777238913485,-0.0096056,-0.871162,-0.619396,-0.0460673,-0.00408448,-0.0138915,0,0,3.49153,1
1777238913498,-0.00998057,-0.872086,-0.619749,-0.0492291,-0.00374725,-0.0143752,0,0,3.34285,1
1777238913512,-0.00914796,-0.8698,-0.619379,-0.0533398,-0.0032881,-0.014931,0,0,3.33746,1
1777238913525,-0.00967975,-0.870131,-0.619669,-0.05632,-0.00333805,-0.0145163,0,0,3.36655,1
1777238913538,-0.00753558,-0.869229,-0.621144,-0.0623405,-0.00402853,-0.0143234,0,0,3.32196,1
1777238913552,-0.00573829,-0.868027,-0.624676,-0.0664288,-0.00524006,-0.0119361,0,0,3.36011,1
1777238913565,-0.00427436,-0.867176,-0.624783,-0.0700138,-0.00675857,-0.0107738,0,0,3.31529,1
1777238913579,-0.00750735,-0.862481,-0.622817,-0.0731922,-0.00675174,-0.0101613,0,0,3.37605,1
1777238913592,-0.00912396,-0.860431,-0.625132,-0.0738688,-0.00663154,-0.00919297,0,0,3.35926,1
1777238913606,-0.0102058,-0.856817,-0.627624,-0.0730204,-0.00529727,-0.0091748,0,0,3.33635,1
1777238913619,-0.0160352,-0.855095,-0.62834,-0.07183,-0.00218793,-0.0130019,0,0,3.34003,1
1777238913632,-0.0196165,-0.852603,-0.628286,-0.0701764,0.00201896,-0.0189011,0,0,3.32007,1
1777238913646,-0.0179645,-0.853334,-0.628689,-0.0685948,0.00574099,-0.0257891,0,0,3.34553,1
1777238913659,-0.0172702,-0.851299,-0.630358,-0.0679512,0.00984777,-0.0353967,0,0,3.28759,1
1777238913673,-0.0127746,-0.851752,-0.634092,-0.0704809,0.0130411,-0.0443828,0,0,3.29961,1
1777238913686,-0.00974002,-0.850376,-0.633602,-0.0711769,0.0149643,-0.0492248,0,0,3.3385,1
1777238913700,-0.00977557,-0.850886,-0.635235,-0.07051,0.0171903,-0.0547739,0,0,3.38276,1
1777238913713,-0.008037,-0.851201,-0.637136,-0.0726387,0.0200886,-0.0611284,0,0,3.2925,1
1777238913726,-0.00623798,-0.848642,-0.637595,-0.0721735,0.0233181,-0.0662329,0,0,3.36137,1
1777238913740,-0.00281008,-0.850957,-0.639668,-0.0745339,0.0257549,-0.0701687,0,0,3.28227,1
1777238913753,0.00631086,-0.850104,-0.641434,-0.0764118,0.0258772,-0.0686011,0,0,3.33055,1
1777238913767,0.0155489,-0.850811,-0.645703,-0.0772007,0.0226203,-0.0614297,0,0,3.32381,1
1777238913780,0.0245026,-0.849366,-0.647286,-0.0766876,0.0155297,-0.0499191,0,0,3.34251,1
1777238913793,0.0277403,-0.852647,-0.650784,-0.0768071,0.00749608,-0.0361922,0,0,3.37459,1
1777238913807,0.0284923,-0.852086,-0.652759,-0.0800237,-0.00197209,-0.0208344,0,0,3.28805,1
1777238913820,0.0320729,-0.857132,-0.655117,-0.0839002,-0.0104857,-0.00709485,0,0,3.36542,1
1777238913834,0.0212835,-0.86354,-0.656971,-0.0912272,-0.0155828,0.00121231,0,0,3.29613,1
1777238913847,0.0217604,-0.8683,-0.658935,-0.103974,-0.0191689,0.00789321,0,0,3.34753,1
1777238913861,0.0212736,-0.876679,-0.66331,-0.115297,-0.0215975,0.0176464,0,0,3.33735,1
1777238913874,0.0221378,-0.893927,-0.671292,-0.141259,-0.029372,0.0320972,0,0,3.29083,1
1777238913888,0.0355637,-0.959025,-0.682146,-0.198937,-0.0446675,0.0713024,0,0,3.4014,1
1777238913901,0.0363143,-0.965486,-0.683656,-0.252244,-0.0601745,0.111365,0,0,3.28331,1
1777238913915,0.0371912,-0.997734,-0.689696,-0.319262,-0.0748528,0.13615,0,0,3.40255,1
1777238913928,0.022092,-0.992724,-0.696356,-0.382616,-0.0846293,0.158141,0,0,3.30326,1
1777238913942,0.0164463,-1.03692,-0.702331,-0.447969,-0.0906516,0.170575,0,0,3.298,1
1777238913955,0.00346944,-1.0493,-0.708355,-0.535687,-0.0871588,0.180187,0,0,3.35787,1
1777238913968,-0.0149716,-1.07607,-0.712427,-0.623797,-0.0742608,0.170245,0,0,3.38476,1
1777238913982,-0.0323338,-1.06958,-0.719148,-0.719335,-0.0546576,0.157405,0,0,3.36231,1
1777238913995,-0.041199,-1.07164,-0.725337,-0.817296,-0.0320111,0.145,0,0,3.3542,1
1777238914009,-0.0483813,-1.07945,-0.731128,-0.918154,-0.00768098,0.133734,0,0,3.38974,1
1777238914022,-0.0503383,-1.08879,-0.741111,-1.02482,0.0158256,0.128405,0,0,3.30653,1
1777238914036,-0.04615,-1.09797,-0.749778,-1.13677,0.034842,0.123912,0,0,3.40476,1
1777238914049,-0.0473394,-1.12502,-0.760392,-1.26031,0.0533989,0.128006,0,0,3.33613,1
1777238914063,-0.042935,-1.15162,-0.779033,-1.39293,0.071013,0.128593,0,0,3.44309,1
1777238914076,-0.0388537,-1.19087,-0.794607,-1.53773,0.0881597,0.140901,0,0,3.41281,1
1777238914090,-0.0400394,-1.21877,-0.803721,-1.69834,0.103505,0.142519,0,0,3.43548,1
1777238914104,-0.0373048,-1.24196,-0.827558,-1.83218,0.116267,0.143562,0,0,3.41424,1
1777238914117,-0.0348661,-1.26152,-0.850089,-1.94371,0.124624,0.143847,0,0,3.33885,1
1777238914131,-0.0519553,-1.25135,-0.876889,-2.03666,0.135915,0.157786,0,0,3.46614,1
1777238914144,-0.0392859,-1.22267,-0.919943,-2.11411,0.15727,0.120776,0,0,3.37848,1
1777238914158,-0.040672,-1.21141,-0.934996,-2.17865,0.159977,0.0848957,0,0,3.32346,1
1777238914171,-0.0443848,-1.24551,-0.933364,-2.23244,0.149128,0.118482,0,0,3.36411,1
1777238914185,-0.0363484,-1.2887,-0.890027,-2.27726,0.113256,0.221317,0,0,3.42987,4
1777238914198,-0.039891,-1.28585,-0.79002,-2.31461,0.0790871,0.365996,0,0,3.42844,4
1777238914212,-0.161905,-1.1682,-0.683438,-2.34574,0.13326,0.537961,0,0,3.46564,4
1777238914226,-0.153792,-0.61656,-0.612778,-2.23967,0.218302,0.592499,0,0,3.50022,4
1777238914239,-0.107564,-0.590004,-0.624458,-1.99992,0.306447,0.661396,0,0,3.49514,4
1777238914253,-0.0245429,-0.409855,-0.618996,-1.72484,0.352637,0.67026,0,0,3.40685,4
1777238914266,0.0429377,-0.326474,-0.589128,-1.38053,0.374908,0.630038,0,0,3.45129,4
1777238914280,0.0997245,-0.270231,-0.569694,-1.02835,0.368734,0.533035,0,0,3.41194,4
1777238914293,0.140278,-0.251125,-0.546516,-0.698686,0.346324,0.388941,0,0,3.51122,4
1777238914307,0.171787,-0.220639,-0.523818,-0.383994,0.311135,0.235848,0,0,3.37807,4
1777238914321,0.197118,-0.19816,-0.502245,-0.0863307,0.261747,0.104288,0,0,3.53322,4
1777238914334,0.21155,-0.177549,-0.482968,0.202154,0.203848,0.0145148,0,0,3.4114,4
1777238914348,0.212113,-0.157369,-0.463078,0.486032,0.143041,-0.0226626,0,0,3.57076,4
1777238914361,0.195164,-0.144064,-0.447965,0.768678,0.0921272,-0.0244708,0,0,3.44337,4
1777238914375,0.168996,-0.133927,-0.43494,1.05006,0.0613528,-0.0101379,0,0,3.54985,4
1777238914389,0.142963,-0.135936,-0.423921,1.29193,0.0512928,0.0146179,0,0,3.48107,4
1777238914402,0.124896,-0.160489,-0.419147,1.49349,0.0551231,0.0508203,0,0,3.53733,4
1777238914416,0.113682,-0.200692,-0.424365,1.66146,0.0650835,0.094106,0,0,3.49227,4
1777238914430,0.104589,-0.247404,-0.435618,1.80143,0.0794398,0.129974,0,0,3.55781,4
1777238914443,0.0946674,-0.303403,-0.456778,1.91808,0.0991642,0.151759,0,0,3.5615,4
1777238914457,0.0824822,-0.361384,-0.487406,2.01528,0.124151,0.161759,0,0,3.38283,5
1777238914470,0.0723531,-0.416712,-0.526095,2.09628,0.150927,0.171135,0,0,3.38644,5
1777238914484,0.0706686,-0.462239,-0.567471,2.16379,0.168534,0.190399,0,0,3.4969,5
1777238914498,0.0725198,-0.496491,-0.605583,2.22004,0.171017,0.21322,0,0,3.5077,5
1777238914511,0.0798536,-0.556953,-0.648227,2.26691,0.154982,0.233205,0,0,3.48083,5
1777238914525,0.0917545,-0.62666,-0.692716,2.30598,0.118274,0.242073,0,0,3.36866,5
1777238914538,0.106527,-0.674055,-0.729155,2.33853,0.0571369,0.241766,0,0,3.41394,5
1777238914552,0.116779,-0.703526,-0.755161,2.36566,-0.0272587,0.24455,0,0,3.50251,5
1777238914565,0.11265,-0.746648,-0.776647,2.38827,-0.122156,0.249988,0,0,3.48709,5
1777238914579,0.0944922,-0.806928,-0.796332,2.4071,-0.213578,0.254532,0,0,3.38213,5
1777238914593,0.0679173,-0.863351,-0.822655,2.4228,-0.294699,0.263929,0,0,3.5964,5
1777238914606,0.0365118,-0.911728,-0.850979,2.43589,-0.361269,0.288452,0,0,3.46763,5
1777238914620,0.00882653,-0.957816,-0.880911,2.44679,-0.410078,0.328367,0,0,3.38079,5
1777238914633,-0.0154357,-1.00739,-0.908926,2.45587,-0.43607,0.364924,0,0,3.40903,5
1777238914647,-0.0356,-1.05856,-0.940552,2.45029,-0.43142,0.369243,0,0,3.47451,5
1777238914661,-0.0571286,-1.09013,-0.968332,2.42893,-0.399249,0.326685,0,0,3.53285,5
1777238914674,-0.103906,-1.10006,-0.989877,2.39943,-0.342059,0.252047,0,0,3.47524,5
1777238914688,-0.171254,-1.12925,-1.02354,2.33746,-0.267492,0.203436,0,0,3.39746,5
1777238914701,-0.220043,-1.15928,-1.07156,2.21702,-0.198559,0.252863,0,0,3.50105,5
1777238914715,-0.217685,-1.15332,-1.11705,2.05511,-0.149461,0.375312,0,0,3.39331,5
1777238914728,-0.143027,-1.12298,-1.15352,1.87477,-0.125225,0.47201,0,0,3.4754,5
1777238914742,-0.0356436,-1.10433,-1.18647,1.65794,-0.12868,0.469016,0,0,3.4022,5
1777238914756,0.0512837,-1.07536,-1.20603,1.40997,-0.151024,0.3632,0,0,3.44079,5
1777238914769,0.0936517,-1.04999,-1.20771,1.14834,-0.184212,0.240478,0,0,3.51211,5
1777238914783,0.0893537,-1.01757,-1.17873,0.899993,-0.213332,0.144979,0,0,3.47663,5
1777238914797,0.0843673,-1.00683,-1.12606,0.660656,-0.230958,0.0706121,0,0,3.77283,5
1777238914810,0.0936788,-0.990258,-1.0528,0.451297,-0.244577,0.00975944,0,0,3.38914,5
1777238914824,0.114728,-0.981923,-0.976575,0.267875,-0.264514,-0.0491954,0,0,3.58053,5
1777238914837,0.142495,-1.37963,-0.320805,0.223076,-0.256268,-0.0307162,0,0,3.41366,5
1777238914851,0.0850795,-1.30782,-0.0863389,-0.143263,-0.24731,-0.245902,0,0,3.47257,5
1777238914865,0.141493,-1.27144,-0.0867364,-0.417503,-0.196435,-0.30198,0,0,3.38953,5
1777238914878,0.151866,-1.22895,-0.0930976,-0.654281,-0.184675,-0.254563,0,0,3.41453,5
1777238914892,0.0892913,-1.18829,-0.111007,-0.818211,-0.125754,-0.238166,0,0,3.45876,5
1777238914905,0.0938038,-1.15795,-0.137044,-0.951652,-0.0471102,-0.213599,0,0,3.44222,5
1777238914919,0.102547,-1.12175,-0.167049,-1.04047,0.005627,-0.177783,0,0,3.46513,5
1777238914932,0.0984926,-1.10298,-0.204811,-1.09388,0.0338367,-0.140405,0,0,3.37366,5
1777238914946,0.0916586,-1.0627,-0.23869,-1.11625,0.045551,-0.116202,0,0,3.48272,5
1777238914960,0.073886,-1.03256,-0.27824,-1.09358,0.0576411,-0.101606,0,0,3.38459,5
1777238914973,0.0665304,-1.02071,-0.311194,-1.05861,0.061762,-0.0812113,0,0,3.43326,5
1777238914987,0.0546427,-0.999292,-0.333918,-1.01381,0.0636439,-0.0745972,0,0,3.4535,5
1777238915000,0.0481822,-0.995074,-0.353262,-0.969691,0.0603012,-0.0700142,0,0,3.5039,5
1777238915014,0.0326319,-0.983627,-0.365295,-0.929743,0.0599075,-0.0693757,0,0,3.45618,5
1777238915027,0.0397528,-0.975039,-0.380151,-0.894607,0.0522257,-0.064009,0,0,3.39946,5
1777238915041,0.0361229,-0.961985,-0.389992,-0.854972,0.0434705,-0.0568905,0,0,3.47051,1
1777238915054,0.0163388,-0.944925,-0.409797,-0.812667,0.0428539,-0.0602077,0,0,3.4069,1
1777238915068,0.0266039,-0.918113,-0.431592,-0.750582,0.0406989,-0.072514,0,0,3.49183,4
1777238915082,0.0358381,-0.905257,-0.454601,-0.680103,0.0318165,-0.0856447,0,0,3.39253,4
1777238915095,0.0464614,-0.902879,-0.477409,-0.613648,0.0209794,-0.0843095,0,0,3.45227,4
1777238915109,0.0569073,-0.893446,-0.49245,-0.54888,0.00734289,-0.0791129,0,0,3.48092,4
1777238915122,0.0611831,-0.886383,-0.506442,-0.481,-0.012227,-0.0681793,0,0,3.40407,4
1777238915136,0.0703647,-0.888132,-0.51428,-0.416648,-0.0347057,-0.0481901,0,0,3.48663,4
1777238915149,0.0664329,-0.890648,-0.519637,-0.365158,-0.0513514,-0.0223467,0,0,3.39853,4
1777238915163,0.0653034,-0.889552,-0.525607,-0.315431,-0.0663425,0.00663218,0,0,3.47272,4
1777238915177,0.0609447,-0.891752,-0.531273,-0.275327,-0.0789877,0.0259339,0,0,3.38916,4
1777238915190,0.0503722,-0.893534,-0.534937,-0.243765,-0.0852251,0.0407719,0,0,3.46518,4
1777238915204,0.0334395,-0.896368,-0.538891,-0.215428,-0.0881074,0.0532514,0,0,3.48196,4
1777238915218,0.0187382,-0.901498,-0.54094,-0.197933,-0.0836392,0.0569207,0,0,3.42644,4
1777238915231,0.0136309,-0.896559,-0.544425,-0.181878,-0.0772311,0.0549784,0,0,3.47574,4
1777238915245,0.00971138,-0.894908,-0.546614,-0.166743,-0.0684814,0.0506627,0,0,3.38331,4
1777238915258,0.0152199,-0.894376,-0.551602,-0.153405,-0.0630475,0.0508322,0,0,3.44139,4
1777238915272,0.0128925,-0.889603,-0.551912,-0.139263,-0.0572597,0.0508207,0,0,3.3715,4
1777238915285,0.00894164,-0.89318,-0.555206,-0.12964,-0.0513042,0.0473887,0,0,3.51561,4
1777238915299,0.00477141,-0.886731,-0.557357,-0.120756,-0.0454252,0.043142,0,0,3.37868,4
1777238915312,0.00369226,-0.890944,-0.557906,-0.111877,-0.039661,0.0381654,0,0,3.50348,4
1777238915326,-0.000236639,-0.891255,-0.559702,-0.108574,-0.033407,0.0317918,0,0,3.42181,4
1777238915339,0.000373631,-0.88403,-0.562741,-0.103507,-0.0276611,0.0256789,0,0,3.35568,4
1777238915353,-0.00138069,-0.881618,-0.564157,-0.0946396,-0.0239288,0.0229004,0,0,3.43909,1
1777238915367,0.0031444,-0.877786,-0.566223,-0.0859911,-0.0225997,0.0236129,0,0,3.3639,1
1777238915380,0.00642977,-0.874556,-0.569496,-0.0736948,-0.0228534,0.0283288,0,0,3.43479,1
1777238915394,0.0038774,-0.875354,-0.571663,-0.0639569,-0.0217926,0.03133,0,0,3.36553,1
1777238915407,0.00188657,-0.873281,-0.573222,-0.0529793,-0.021074,0.0343526,0,0,3.44989,1
1777238915421,-0.00286604,-0.874505,-0.574447,-0.0442131,-0.0181087,0.0319987,0,0,3.4349,1
1777238915434,-0.00467603,-0.87235,-0.575768,-0.034834,-0.0157395,0.0285103,0,0,3.38681,1
1777238915448,-0.00599014,-0.875691,-0.576819,-0.0269037,-0.0127218,0.0237968,0,0,3.44296,1
1777238915461,-0.00346353,-0.875085,-0.578117,-0.0201297,-0.0107287,0.019678,0,0,3.37213,1
1777238915475,-0.00336101,-0.877648,-0.57696,-0.0145101,-0.0083681,0.0146935,0,0,3.44988,1
1777238915488,-0.00545967,-0.878779,-0.576309,-0.0108068,-0.00520497,0.00828783,0,0,3.3745,1
1777238915502,-0.00718526,-0.88108,-0.574779,-0.00824227,-0.00277259,0.00235182,0,0,3.44007,1
1777238915516,-0.00630277,-0.879474,-0.575799,-0.00652505,-0.0013054,-0.00259486,0,0,3.44007,1
1777238915529,-0.00527919,-0.883421,-0.574786,-0.00368181,0.000120817,-0.00718783,0,0,3.4317,1
1777238915543,-0.00342536,-0.882794,-0.575902,-0.00492568,0.00211086,-0.0123512,0,0,3.43305,1
1777238915556,-0.00168712,-0.882893,-0.576388,-0.00283247,0.00343844,-0.0147583,0,0,3.37744,1
1777238915570,-0.000306628,-0.885488,-0.57681,-0.00429424,0.00423941,-0.0155556,0,0,3.42842,1
1777238915583,0.00240401,-0.884492,-0.577466,-0.00403654,0.00380002,-0.0140444,0,0,3.36733,1
1777238915597,0.00147597,-0.888131,-0.577456,-0.00564114,0.00399365,-0.0137266,0,0,3.44177,5
1777238915610,0.00324393,-0.884374,-0.577866,-0.00546431,0.00415502,-0.0131691,0,0,3.46418,5
1777238915624,0.0036851,-0.886292,-0.579316,-0.00620754,0.00445488,-0.0130226,0,0,3.43363,5
1777238915638,0.00348904,-0.883581,-0.578097,-0.00622893,0.00532818,-0.014071,0,0,3.44714,5
1777238915651,0.00470219,-0.884542,-0.57868,-0.00536889,0.00622132,-0.0154154,0,0,3.37677,5
1777238915665,0.00530508,-0.883156,-0.578542,-0.00541555,0.00711827,-0.0168538,0,0,3.44939,5
1777238915678,0.00586069,-0.880858,-0.578841,-0.0035842,0.00787846,-0.0185232,0,0,3.3874,5
1777238915692,0.00354417,-0.881952,-0.578103,-0.00196903,0.0100387,-0.0234004,0,0,3.49594,5
1777238915705,0.00150074,-0.884221,-0.577913,-0.00259505,0.0128439,-0.0314087,0,0,3.39698,5
1777238915719,0.000434347,-0.883649,-0.578166,-0.00361293,0.016314,-0.0418355,0,0,3.50414,5
1777238915733,0.00098837,-0.886402,-0.577421,-0.00610237,0.0195619,-0.0537942,0,0,3.42301,5
1777238915746,0.000568584,-0.890112,-0.577707,-0.0118919,0.0227138,-0.0671186,0,0,3.36666,5
1777238915760,0.00770008,-0.887091,-0.577826,-0.0160041,0.0252513,-0.0786039,0,0,3.42464,5
1777238915773,0.00925912,-0.888007,-0.577608,-0.0193291,0.0281165,-0.0889893,0,0,3.37589,5
1777238915787,0.0142481,-0.890089,-0.577708,-0.0238302,0.030975,-0.0982671,0,0,3.43172,5
1777238915800,0.0177754,-0.88868,-0.579436,-0.0277211,0.0329117,-0.103798,0,0,3.38379,5
1777238915814,0.0259209,-0.888968,-0.581194,-0.0298821,0.03263,-0.103992,0,0,3.45155,5
1777238915827,0.0303872,-0.890892,-0.581143,-0.0328534,0.0313901,-0.102538,0,0,3.46629,5
1777238915841,0.0342007,-0.893398,-0.582579,-0.0364618,0.0287284,-0.0980816,0,0,3.38039,5
1777238915854,0.0398923,-0.894062,-0.584019,-0.0420133,0.0244365,-0.0888593,0,0,3.44055,5
1777238915868,0.0445443,-0.892065,-0.586299,-0.0455964,0.0178829,-0.0760087,0,0,3.40324,5
1777238915881,0.046653,-0.890942,-0.586187,-0.0485568,0.0112637,-0.0625009,0,0,3.44794,5
1777238915895,0.0452989,-0.889935,-0.586283,-0.0518635,0.00604037,-0.0515498,0,0,3.38646,5
1777238915909,0.04126,-0.889576,-0.588264,-0.0557514,0.004054,-0.0441795,0,0,3.4867,5
1777238915922,0.0417425,-0.88624,-0.589437,-0.0583042,0.00251319,-0.0385974,0,0,3.43668,5
1777238915936,0.0412285,-0.885563,-0.590295,-0.0597446,0.00107651,-0.0344673,0,0,3.42351,5
1777238915949,0.0413935,-0.885876,-0.591748,-0.0635404,0.000731701,-0.0318653,0,0,3.44992,5
1777238915963,0.0422123,-0.885376,-0.593878,-0.0664618,0.000546138,-0.0300022,0,0,3.37031,5
1777238915976,0.0431806,-0.884395,-0.594729,-0.0689599,0.000162494,-0.0289586,0,0,3.44107,5
1777238915990,0.0441822,-0.885505,-0.597399,-0.0726956,-0.000297158,-0.0275927,0,0,3.37935,5
1777238916004,0.0471429,-0.881193,-0.598816,-0.0754779,-0.00125272,-0.0270525,0,0,3.50981,5
1777238916017,0.0512577,-0.883208,-0.601302,-0.0769695,-0.00397014,-0.0223274,0,0,3.42863,5
1777238916031,0.0535113,-0.884218,-0.603202,-0.0793957,-0.00758326,-0.0148912,0,0,3.54735,5
1777238916044,0.0603258,-0.884,-0.605399,-0.0821809,-0.0129352,-0.00651873,0,0,3.43939,5
1777238916058,0.0598402,-0.884905,-0.607145,-0.0866902,-0.0189854,0.00286289,0,0,3.37113,5
1777238916071,0.058196,-0.884887,-0.608018,-0.0917075,-0.0245616,0.0100193,0,0,3.43598,5
1777238916085,0.0559643,-0.887155,-0.608905,-0.0977969,-0.0299464,0.0135912,0,0,3.36766,5
1777238916098,0.0509381,-0.891634,-0.611959,-0.108419,-0.0339248,0.0126619,0,0,3.43798,5
1777238916112,0.0447084,-0.891437,-0.613709,-0.120196,-0.0373419,0.0047373,0,0,3.41346,5
1777238916126,0.0392352,-0.913721,-0.617385,-0.14197,-0.0368434,0.00141594,0,0,3.39974,5
1777238916139,0.0359631,-0.913058,-0.62093,-0.17841,-0.033769,-0.0129804,0,0,3.40681,5
1777238916153,0.0335726,-0.921137,-0.624619,-0.211181,-0.0314615,-0.0133742,0,0,3.36172,5
1777238916166,0.039733,-0.964119,-0.638889,-0.253924,-0.032452,0.00287518,0,0,3.41585,5
1777238916180,0.0302506,-0.998574,-0.654464,-0.302659,-0.0267889,0.0527522,0,0,3.35072,5
1777238916193,0.0275512,-1.03277,-0.659525,-0.384595,-0.0320696,0.084062,0,0,3.42257,5
1777238916207,0.0254649,-1.0123,-0.675662,-0.430827,-0.0261903,0.0948099,0,0,3.3955,5
1777238916220,0.0344631,-1.0589,-0.691441,-0.498195,-0.0268889,0.107889,0,0,3.44522,5
1777238916234,0.0413748,-1.06568,-0.695297,-0.587033,-0.0274583,0.104526,0,0,3.41592,5
1777238916247,0.0460567,-1.05214,-0.698613,-0.655174,-0.0273094,0.112385,0,0,3.41022,5
1777238916261,0.0486739,-1.05511,-0.703744,-0.733815,-0.027427,0.10789,0,0,3.43053,5
1777238916274,0.0429999,-1.05374,-0.707426,-0.812022,-0.0247006,0.100723,0,0,3.36714,5
1777238916288,0.030288,-1.03182,-0.707535,-0.894331,-0.0187136,0.0898518,0,0,3.44216,5
1777238916302,0.0211172,-1.0017,-0.710879,-0.960759,-0.010213,0.0806526,0,0,3.37489,4
1777238916316,0.00543374,-0.985519,-0.717803,-1.0233,0.00176905,0.0664853,0,0,4.22726,4
1777238916329,-0.00795786,-0.974302,-0.72758,-1.09025,0.0203292,0.051155,0,0,3.39607,4
1777238916343,-0.0157564,-0.946836,-0.737612,-1.15486,0.0438494,0.0287361,0,0,3.41526,4
1777238916356,-0.0212726,-0.933412,-0.74822,-1.21204,0.0702943,0.0162495,0,0,3.42744,4
1777238916370,-0.0224265,-0.915195,-0.754728,-1.27622,0.0952325,0.00169649,0,0,3.36703,4
1777238916384,-0.01886,-0.892976,-0.768647,-1.33109,0.120505,-0.00684326,0,0,3.44814,4
1777238916397,-0.0110021,-0.884141,-0.779766,-1.38992,0.142177,-0.0162243,0,0,3.36666,4
1777238916411,0.00167557,-0.864406,-0.796337,-1.45088,0.158494,-0.0191437,0,0,3.45846,4
1777238916424,0.0147094,-0.854059,-0.816354,-1.50296,0.169012,-0.0120091,0,0,3.43464,4
1777238916438,0.0239024,-0.849741,-0.844575,-1.56261,0.169482,0.00683723,0,0,3.44724,4
1777238916451,0.0391226,-0.839557,-0.873839,-1.62192,0.16593,0.0290183,0,0,3.46126,4
1777238916465,0.0556187,-0.834512,-0.90018,-1.67968,0.161201,0.0442201,0,0,3.41365,4
1777238916478,0.0685254,-0.840298,-0.932958,-1.74234,0.144054,0.0634531,0,0,3.44263,4
1777238916492,0.0817582,-0.83583,-0.962318,-1.80985,0.118646,0.08887,0,0,3.36622,4
1777238916505,0.0937298,-0.83623,-0.994822,-1.87162,0.0800545,0.140687,0,0,3.44594,4
1777238916519,0.0907084,-0.844556,-1.02034,-1.93328,0.0369666,0.219529,0,0,3.74326,4
1777238916533,0.0789805,-0.856386,-1.03574,-1.99061,-0.00691717,0.317279,0,0,3.50735,4
1777238916547,0.0635541,-0.893262,-1.03206,-2.03608,-0.0381434,0.442669,0,0,3.39233,4
1777238916560,0.056434,-0.945193,-0.988876,-2.08187,-0.0554885,0.599807,0,0,3.49659,4
1777238916574,0.0358715,-0.991504,-0.86883,-2.14,-0.0394211,0.729241,0,0,3.45059,4
1777238916587,0.0147371,-0.717847,-0.826373,-2.20023,0.030457,0.717828,0,0,3.38616,4
1777238916601,0.0195511,-0.426106,-0.766765,-1.95792,0.122506,0.720926,0,0,3.46144,4
1777238916614,0.0546476,-0.374074,-0.734539,-1.69179,0.1942,0.604232,0,0,3.40952,4
1777238916628,0.108251,-0.250915,-0.707687,-1.34564,0.237215,0.494303,0,0,3.50376,4
1777238916642,0.153825,-0.23754,-0.678775,-0.979448,0.244104,0.387593,0,0,3.42248,4
1777238916655,0.177533,-0.215664,-0.656085,-0.624985,0.228178,0.292371,0,0,3.45918,4
1777238916669,0.186117,-0.227974,-0.633297,-0.293722,0.200683,0.206251,0,0,3.46542,4
1777238916682,0.183726,-0.218426,-0.612998,0.00892147,0.171803,0.126392,0,0,3.40707,4
1777238916696,0.18596,-0.216249,-0.59444,0.295844,0.143551,0.0622223,0,0,3.49285,4
1777238916709,0.184265,-0.202134,-0.576429,0.570443,0.118226,0.00779342,0,0,3.40868,4
1777238916723,0.164681,-0.169192,-0.549725,0.858142,0.110507,-0.0504902,0,0,3.87537,4
1777238916737,0.140535,-0.167068,-0.529918,1.132,0.122623,-0.107622,0,0,3.4144,4
1777238916751,0.111078,-0.195241,-0.51848,1.36022,0.150558,-0.150321,0,0,3.56798,4
1777238916764,0.0808052,-0.223046,-0.511701,1.5504,0.185223,-0.150408,0,0,3.42711,4
1777238916778,0.0544896,-0.25256,-0.509516,1.70888,0.21677,-0.101536,0,0,3.54731,4
1777238916792,0.0404889,-0.298582,-0.517978,1.84095,0.238746,-0.02572,0,0,3.47124,4
1777238916805,0.0366334,-0.346228,-0.534204,1.95101,0.251041,0.042129,0,0,3.38535,5
1777238916819,0.0431304,-0.401752,-0.561868,2.04272,0.254952,0.0887589,0,0,3.51801,5
1777238916832,0.0578115,-0.453111,-0.598498,2.11915,0.243618,0.126638,0,0,3.4667,5
1777238916846,0.0744507,-0.496126,-0.636704,2.18284,0.216208,0.164145,0,0,3.50044,5
1777238916859,0.0928544,-0.529001,-0.673092,2.23592,0.171675,0.196227,0,0,3.40528,5
1777238916873,0.116683,-0.574563,-0.708867,2.28015,0.111001,0.214477,0,0,3.45911,5
1777238916887,0.135441,-0.605016,-0.737322,2.31701,0.0357579,0.213756,0,0,3.51622,5
1777238916900,0.144135,-0.645708,-0.766017,2.34772,-0.0454689,0.200395,0,0,3.40101,5
1777238916914,0.137431,-0.681585,-0.793922,2.37332,-0.126262,0.192454,0,0,3.49127,5
1777238916927,0.119707,-0.717046,-0.818762,2.39465,-0.198781,0.195518,0,0,3.47081,5
1777238916941,0.0971125,-0.756133,-0.842934,2.41242,-0.256758,0.205095,0,0,3.47624,5
1777238916955,0.0747606,-0.801427,-0.869615,2.41776,-0.29969,0.212159,0,0,3.41376,5
1777238916968,0.0546464,-0.854972,-0.893102,2.40068,-0.329589,0.2204,0,0,3.53094,5
1777238916982,0.0370218,-0.904099,-0.914974,2.35698,-0.348703,0.244023,0,0,3.41024,5
1777238916995,0.0371942,-0.94865,-0.932999,2.28909,-0.362291,0.291469,0,0,3.5112,5
1777238917009,0.0566468,-0.969379,-0.940476,2.21561,-0.373499,0.341339,0,0,3.47851,5
1777238917023,0.0876271,-0.983806,-0.941693,2.1498,-0.381097,0.362821,0,0,3.38994,5
1777238917036,0.119544,-0.971784,-0.931553,2.10918,-0.385901,0.339093,0,0,3.48702,5
1777238917050,0.131748,-1.00542,-0.930246,2.06942,-0.383455,0.281357,0,0,3.41085,5
1777238917063,0.117862,-1.04804,-0.94407,1.99065,-0.370512,0.211207,0,0,3.49096,5
1777238917077,0.0908773,-1.05883,-0.962797,1.88852,-0.349715,0.158894,0,0,3.3982,5
1777238917090,0.0740763,-1.07041,-0.988193,1.7645,-0.332307,0.142742,0,0,3.4517,5
1777238917104,0.0787921,-1.07345,-1.01764,1.61434,-0.326095,0.153252,0,0,3.4624,5
1777238917117,0.107594,-1.06632,-1.04861,1.4379,-0.333107,0.153537,0,0,3.39742,5
1777238917131,0.145309,-1.05095,-1.0831,1.23732,-0.35077,0.116497,0,0,3.47244,5
1777238917145,0.17934,-1.01374,-1.11095,1.0261,-0.378568,0.0495619,0,0,3.38894,5
1777238917158,0.193831,-0.98812,-1.13332,0.809653,-0.405028,-0.0302124,0,0,3.47674,5
1777238917172,0.187141,-0.973439,-1.09751,0.596123,-0.429699,-0.0607496,0,0,3.40405,5
1777238917185,-0.00455342,-1.14301,-0.890445,0.244658,-0.339253,0.083612,0,0,3.47314,5
1777238917199,-0.0686181,-1.17245,-0.740195,-0.072531,-0.201846,0.0449439,0,0,3.47813,5
1777238917212,0.0234265,-1.13747,-0.669037,-0.370252,-0.10837,-0.00168165,0,0,3.43218,5
1777238917227,0.0109776,-1.08329,-0.609347,-0.595464,-0.0390998,0.00462916,0,0,3.96553,5
1777238917240,0.00515567,-1.0645,-0.567496,-0.754668,0.00231509,-0.0124401,0,0,3.39511,5
1777238917254,0.00177388,-1.05902,-0.540875,-0.886638,0.0352371,-0.0474278,0,0,3.4687,5
1777238917267,0.00408168,-1.04237,-0.524582,-0.982338,0.0573668,-0.0841415,0,0,3.39909,5
1777238917281,0.0278333,-1.02514,-0.524367,-1.04047,0.0644723,-0.110016,0,0,3.39055,5
1777238917294,0.0388036,-0.999401,-0.524888,-1.06047,0.0566404,-0.113525,0,0,3.48072,5
1777238917308,0.0412828,-0.98304,-0.524054,-1.05255,0.0537525,-0.104998,0,0,3.44289,5
1777238917321,0.0474888,-0.975302,-0.527929,-1.03247,0.0502391,-0.0833893,0,0,3.35031,5
1777238917335,0.0531345,-0.947608,-0.535445,-0.992035,0.0406572,-0.0559542,0,0,3.49444,5
1777238917349,0.0528565,-0.933246,-0.5402,-0.933413,0.0261838,-0.0276209,0,0,3.45053,5
1777238917362,0.0517788,-0.925346,-0.540662,-0.873252,0.0116799,-0.00591815,0,0,3.53913,5
1777238917376,0.0450844,-0.898572,-0.545277,-0.797722,0.00358822,0.0030962,0,0,3.44739,5
1777238917390,0.0517546,-0.89331,-0.546549,-0.721066,-0.00774773,0.00522647,0,0,3.53248,5
1777238917403,0.0428114,-0.891637,-0.543568,-0.65197,-0.0122325,0.000207813,0,0,3.46937,5
1777238917417,0.040001,-0.890121,-0.54291,-0.592049,-0.0140106,-0.00882173,0,0,3.37066,5
1777238917431,0.0367567,-0.88578,-0.544687,-0.537204,-0.0147925,-0.0265372,0,0,3.89916,5
1777238917444,0.0363528,-0.882493,-0.552729,-0.487072,-0.0132559,-0.0516563,0,0,3.40413,5
1777238917458,0.025675,-0.857474,-0.565308,-0.435639,-0.00868013,-0.086164,0,0,3.49415,5
1777238917471,0.0468707,-0.851097,-0.565517,-0.364406,-0.0120299,-0.10735,0,0,3.44661,5
1777238917485,0.0611876,-0.862161,-0.565409,-0.30899,-0.0145923,-0.120616,0,0,3.49431,5
1777238917499,0.0680201,-0.87151,-0.565509,-0.26295,-0.0204809,-0.113376,0,0,3.4475,5
1777238917512,0.0757859,-0.88072,-0.564951,-0.226262,-0.0283397,-0.096236,0,0,3.4652,5
1777238917526,0.0893488,-0.883377,-0.564435,-0.194391,-0.0396088,-0.0678938,0,0,3.52039,5
1777238917539,0.0904435,-0.885265,-0.562668,-0.163316,-0.0500429,-0.0339446,0,0,3.47851,5
1777238917553,0.0871795,-0.893628,-0.56033,-0.139748,-0.0580638,-0.00294366,0,0,3.44722,5
1777238917567,0.0796164,-0.895452,-0.559908,-0.125363,-0.0626994,0.0223434,0,0,3.42027,5
1777238917580,0.0705084,-0.893047,-0.557997,-0.110334,-0.0654175,0.0406551,0,0,3.35209,5
1777238917594,0.0607668,-0.897714,-0.55695,-0.100864,-0.0650362,0.0490955,0,0,3.3462,5
1777238917607,0.0541748,-0.893498,-0.55736,-0.0922972,-0.0617159,0.0508239,0,0,3.43265,5
1777238917621,0.0478081,-0.895211,-0.555302,-0.0846497,-0.0564426,0.0477858,0,0,3.45155,5
1777238917634,0.0462696,-0.892741,-0.555833,-0.0786839,-0.050407,0.0423279,0,0,3.57072,5
1777238917648,0.0450947,-0.896515,-0.556486,-0.0736361,-0.0446267,0.0369653,0,0,3.34278,5
1777238917661,0.0420478,-0.898409,-0.557343,-0.0723939,-0.0386139,0.0300665,0,0,3.36766,5
1777238917675,0.0435847,-0.895743,-0.558248,-0.0714733,-0.0340103,0.0246229,0,0,3.33787,5
1777238917688,0.0385813,-0.898093,-0.558518,-0.0701463,-0.0294997,0.0195649,0,0,3.3469,5
1777238917702,0.039835,-0.898556,-0.55988,-0.072094,-0.0250284,0.0126272,0,0,3.33457,5
1777238917715,0.0371595,-0.898862,-0.559324,-0.0751292,-0.0202844,0.00507738,0,0,3.41218,5
1777238917729,0.0367668,-0.897841,-0.559968,-0.0773278,-0.0150207,-0.00415307,0,0,3.44633,5
1777238917742,0.0349139,-0.896536,-0.560398,-0.0796561,-0.00932391,-0.0147077,0,0,3.45126,5
1777238917756,0.0309244,-0.896272,-0.559581,-0.0820798,-0.00357145,-0.0264422,0,0,3.38653,5
1777238917769,0.0307742,-0.895206,-0.562572,-0.0865932,0.00271081,-0.0400122,0,0,3.34016,5
1777238917783,0.0316734,-0.891321,-0.563624,-0.0894002,0.00975265,-0.052911,0,0,3.4077,5
1777238917796,0.0344165,-0.890715,-0.566532,-0.0921719,0.0164097,-0.0639144,0,0,3.34833,5
1777238917810,0.0362513,-0.888837,-0.569154,-0.0935657,0.0209393,-0.0715444,0,0,3.5669,5
1777238917824,0.0446324,-0.888461,-0.570529,-0.0937984,0.0229965,-0.0749002,0,0,3.44266,5
1777238917838,0.051137,-0.888328,-0.574232,-0.0937887,0.0230696,-0.0738418,0,0,3.57142,5
1777238917851,0.0564628,-0.887698,-0.577222,-0.0932209,0.0211076,-0.0687613,0,0,3.36983,5
1777238917865,0.0635961,-0.884545,-0.581073,-0.0916026,0.0166482,-0.0605454,0,0,3.34098,5
1777238917878,0.0666367,-0.881324,-0.582872,-0.0874678,0.0114944,-0.0504926,0,0,3.35037,5
1777238917892,0.0703382,-0.879976,-0.585882,-0.0838695,0.00552013,-0.0391764,0,0,3.34424,5
1777238917905,0.0721042,-0.876843,-0.58753,-0.0787844,-0.000717959,-0.027558,0,0,3.34824,4
1777238917918,0.0737663,-0.875603,-0.587932,-0.07316,-0.00707413,-0.0168835,0,0,3.34426,4
1777238917932,0.0721851,-0.875331,-0.589438,-0.068384,-0.0125236,-0.00765741,0,0,3.36655,4
1777238917946,0.0709411,-0.875158,-0.591518,-0.0654472,-0.0161234,-0.00133028,0,0,3.45837,4
1777238917959,0.0686384,-0.874784,-0.593067,-0.0630508,-0.0189705,0.00240288,0,0,3.42935,4
1777238917973,0.0681191,-0.874072,-0.595763,-0.0612319,-0.0205925,0.00454693,0,0,3.45783,4
1777238917986,0.0667673,-0.874645,-0.597235,-0.0610011,-0.0213207,0.00616824,0,0,3.47311,4
1777238918000,0.0675562,-0.874563,-0.598545,-0.0601981,-0.0231616,0.00769745,0,0,3.45774,4
1777238918014,0.070847,-0.874041,-0.598782,-0.0589565,-0.0265151,0.0106766,0,0,3.35518,4
1777238918027,0.0703262,-0.87494,-0.601079,-0.0595884,-0.0307728,0.0132611,0,0,3.36953,4
1777238918041,0.0717721,-0.877232,-0.60185,-0.063283,-0.0354913,0.0150967,0,0,3.41531,4
1777238918054,0.0728988,-0.880991,-0.604096,-0.0726595,-0.0407338,0.015405,0,0,3.41228,4
1777238918068,0.0697591,-0.880459,-0.603988,-0.0836539,-0.0443011,0.0138171,0,0,3.35596,4
1777238918081,0.0705076,-0.880995,-0.606306,-0.0965309,-0.047999,0.0112726,0,0,3.3432,4
1777238918095,0.0721548,-0.87702,-0.609638,-0.106448,-0.0518185,0.0125745,0,0,3.34707,4
1777238918108,0.0724268,-0.872732,-0.612016,-0.107319,-0.0557648,0.0187103,0,0,3.33987,4
1777238918121,0.0676763,-0.880334,-0.615336,-0.113784,-0.0591806,0.0229837,0,0,3.34866,4
1777238918135,0.0686028,-0.88095,-0.616931,-0.125304,-0.0631467,0.0242676,0,0,3.34826,4
1777238918149,0.06619,-0.882096,-0.619892,-0.140552,-0.0674314,0.0241798,0,0,3.48811,4
1777238918162,0.0624223,-0.880807,-0.62433,-0.157292,-0.0708748,0.021244,0,0,3.41618,4
1777238918176,0.0594406,-0.873286,-0.627699,-0.167858,-0.0730699,0.0226906,0,0,3.45192,4
1777238918189,0.0600368,-0.874831,-0.631462,-0.171014,-0.0748102,0.0275984,0,0,3.43474,4
1777238918203,0.0534445,-0.877073,-0.632733,-0.177677,-0.0725708,0.0301869,0,0,3.45731,4
1777238918217,0.0489434,-0.882623,-0.635865,-0.185685,-0.0688981,0.032484,0,0,3.4875,4
1777238918230,0.0479309,-0.882873,-0.640159,-0.196646,-0.0659901,0.0342965,0,0,3.42052,4
1777238918244,0.0579901,-0.898114,-0.649744,-0.202892,-0.0684014,0.0526771,0,0,4.06996,4
1777238918258,0.0429812,-0.926178,-0.653689,-0.218975,-0.0667849,0.0719765,0,0,3.41613,4
1777238918272,0.0507651,-0.937836,-0.65956,-0.25968,-0.0666719,0.0837845,0,0,3.91574,4
1777238918285,0.0532123,-0.938468,-0.65565,-0.289746,-0.0702546,0.0969451,0,0,3.41616,4
1777238918299,0.0408919,-0.953686,-0.667825,-0.324839,-0.0736345,0.119057,0,0,3.39753,4
1777238918313,0.0427098,-0.97047,-0.677849,-0.374236,-0.0769855,0.13527,0,0,3.43235,4
1777238918326,0.0253392,-0.984238,-0.684333,-0.424459,-0.0714192,0.141377,0,0,3.36887,4
1777238918340,0.0128956,-0.996385,-0.693083,-0.490293,-0.0594143,0.141834,0,0,3.4152,4
1777238918353,0.00511586,-1.00059,-0.698202,-0.560334,-0.0444992,0.135269,0,0,3.38459,4
1777238918367,-0.00520973,-0.9963,-0.699527,-0.630151,-0.0257467,0.122114,0,0,3.39689,4
1777238918380,-0.00902723,-0.982793,-0.706049,-0.701372,-0.00575588,0.104089,0,0,3.39702,4
1777238918394,-0.013339,-0.977436,-0.714865,-0.763637,0.0156869,0.0876446,0,0,3.35939,4
1777238918408,-0.0226804,-0.9816,-0.722294,-0.831581,0.0386704,0.0727191,0,0,3.40846,4
1777238918422,-0.0242601,-0.97122,-0.731221,-0.903684,0.0590574,0.0532583,0,0,3.37676,4
1777238918435,-0.0151115,-0.953361,-0.743347,-0.969596,0.0779295,0.0394455,0,0,3.42759,4
1777238918449,-0.00797274,-0.94355,-0.754679,-1.03436,0.0930328,0.0272224,0,0,3.40785,4
1777238918462,-0.00405887,-0.925219,-0.761816,-1.09815,0.106141,0.0134741,0,0,3.43385,4
1777238918476,0.00210599,-0.910205,-0.77213,-1.15757,0.116657,0.00484167,0,0,3.37665,4
1777238918490,0.00369443,-0.89852,-0.781568,-1.21886,0.12411,-0.00396782,0,0,3.78574,4
1777238918504,0.0174274,-0.882037,-0.801762,-1.27828,0.127776,-0.00859914,0,0,3.41244,4
1777238918517,0.031281,-0.863738,-0.818394,-1.33032,0.127574,-0.0102576,0,0,3.3619,4
1777238918531,0.034301,-0.850551,-0.844159,-1.37782,0.125879,-0.00844618,0,0,3.42874,4
1777238918544,0.0139848,-0.83862,-0.858228,-1.42731,0.131019,-0.00710209,0,0,3.58276,4
1777238918558,-0.0115362,-0.837076,-0.87276,-1.48078,0.144844,0.000112122,0,0,3.4287,4
1777238918571,-0.0299946,-0.832744,-0.896412,-1.53989,0.167052,0.00725628,0,0,3.39713,4
1777238918585,-0.0298383,-0.830527,-0.917043,-1.60993,0.18865,0.00985098,0,0,3.40548,4
1777238918599,-0.0252951,-0.821138,-0.936565,-1.6722,0.212196,0.00661882,0,0,3.40944,4
1777238918612,-0.00693776,-0.817426,-0.958629,-1.73576,0.222733,0.0081111,0,0,3.70333,4
1777238918626,0.00530083,-0.814654,-0.982611,-1.80377,0.223054,0.0352325,0,0,3.42755,4
1777238918640,-0.000480781,-0.826466,-1.02415,-1.86146,0.212201,0.107528,0,0,3.38415,4
1777238918653,0.00987745,-0.852583,-1.07692,-1.90777,0.185295,0.241923,0,0,3.41676,4
1777238918667,0.0176804,-0.870851,-1.09654,-1.95716,0.143267,0.433243,0,0,3.38207,4
1777238918680,0.00512003,-0.820502,-1.06439,-1.98253,0.115573,0.612118,0,0,3.45194,4
1777238918694,-0.0175921,-0.661936,-0.893982,-1.95491,0.126374,0.735174,0,0,3.41165,4
1777238918708,-0.0120568,-0.333134,-0.857636,-1.79311,0.163111,0.719668,0,0,3.7857,4
1777238918722,0.0106043,-0.308088,-0.865876,-1.37738,0.213165,0.767866,0,0,3.45176,4
1777238918735,0.0436304,-0.421591,-0.877502,-1.0432,0.238528,0.710652,0,0,3.38794,4
1777238918749,0.0582456,-0.574894,-0.911467,-0.852804,0.259766,0.649691,0,0,3.49561,4
1777238918762,0.0761467,-0.641432,-0.91078,-0.796535,0.26623,0.511472,0,0,3.39272,4
1777238918776,0.104815,-0.526827,-0.887502,-0.701018,0.26042,0.359064,0,0,3.46118,4
1777238918789,0.14119,-0.454574,-0.853876,-0.538851,0.227157,0.218597,0,0,3.41239,4
1777238918803,0.167529,-0.407766,-0.818633,-0.368508,0.168623,0.101057,0,0,3.44078,4
1777238918817,0.17045,-0.368832,-0.781664,-0.182675,0.103776,0.015741,0,0,3.4427,4
1777238918830,0.162402,-0.346546,-0.746929,-0.0105374,0.0441902,-0.0501141,0,0,3.72189,4
1777238918844,0.151103,-0.313684,-0.711462,0.158178,-0.00565578,-0.0929449,0,0,3.47346,4
1777238918858,0.145926,-0.288627,-0.678546,0.320937,-0.0477284,-0.118446,0,0,3.44381,4
1777238918871,0.14304,-0.25751,-0.647619,0.482002,-0.0817966,-0.1398,0,0,3.47244,4
1777238918885,0.136706,-0.225507,-0.617968,0.649073,-0.104869,-0.165825,0,0,3.41683,4
1777238918898,0.125287,-0.191223,-0.588299,0.829151,-0.117391,-0.190567,0,0,3.43903,5
1777238918912,0.116112,-0.163001,-0.561447,1.02637,-0.121757,-0.211172,0,0,3.37254,5
1777238918927,0.110592,-0.154293,-0.538744,1.23786,-0.123067,-0.223801,0,0,4.59689,5
1777238918940,0.106378,-0.164074,-0.523311,1.44468,-0.125329,-0.232379,0,0,3.39439,5
1777238918954,0.100403,-0.181349,-0.514288,1.62078,-0.128334,-0.236384,0,0,3.47328,5
1777238918968,0.0971775,-0.212883,-0.511568,1.76754,-0.134134,-0.239086,0,0,3.43887,5
1777238918981,0.0905168,-0.250235,-0.511524,1.88983,-0.144742,-0.242941,0,0,3.43679,5
1777238918995,0.084605,-0.291223,-0.514702,1.99174,-0.160008,-0.237921,0,0,3.42003,5
1777238919008,0.0730059,-0.336139,-0.51936,2.07667,-0.179218,-0.225762,0,0,3.43331,5
1777238919022,0.055407,-0.395951,-0.529292,2.14744,-0.195315,-0.214598,0,0,3.44307,5
1777238919035,0.0354302,-0.463196,-0.547501,2.20642,-0.205829,-0.20074,0,0,3.46468,5
1777238919049,0.0149652,-0.540078,-0.571644,2.25556,-0.212911,-0.17825,0,0,3.9077,5
1777238919063,0.00231224,-0.615547,-0.605152,2.29652,-0.222184,-0.14316,0,0,3.47664,5
1777238919077,-0.000405319,-0.662766,-0.637044,2.33065,-0.245013,-0.0991219,0,0,3.41035,5
1777238919090,0.00067758,-0.696588,-0.660904,2.35909,-0.288109,-0.0436958,0,0,3.47324,5
1777238919104,-0.00491303,-0.745031,-0.685224,2.38279,-0.350142,0.0221365,0,0,3.40642,5
1777238919117,-0.0185176,-0.841943,-0.719851,2.40254,-0.414049,0.0707117,0,0,3.50179,5
1777238919131,-0.0280131,-0.968358,-0.781636,2.419,-0.461822,0.0809366,0,0,3.41155,5
1777238919145,-0.0488685,-1.08001,-0.851365,2.43272,-0.47648,0.0559841,0,0,3.7167,5
1777238919158,-0.077721,-1.1783,-0.922587,2.44415,-0.457551,0.0325949,0,0,3.44257,5
1777238919172,-0.108755,-1.23501,-0.980594,2.45367,-0.417017,0.0477476,0,0,3.39309,5
1777238919186,-0.139593,-1.2737,-1.03205,2.43164,-0.362794,0.0952223,0,0,3.45822,5
1777238919199,-0.174249,-1.30191,-1.08435,2.35005,-0.293881,0.135052,0,0,3.39372,5
1777238919213,-0.183298,-1.31495,-1.14089,2.20199,-0.221885,0.170775,0,0,3.45246,5
1777238919227,-0.158662,-1.2998,-1.20092,2.00349,-0.167309,0.240009,0,0,3.40194,5
1777238919240,-0.0976361,-1.2628,-1.25372,1.77382,-0.138674,0.306789,0,0,3.47766,5
1777238919254,-0.00373016,-1.22656,-1.30242,1.51436,-0.138678,0.311599,0,0,3.7104,5
1777238919268,0.08504,-1.18728,-1.33663,1.22147,-0.166456,0.235684,0,0,3.86863,5
1777238919282,0.129909,-1.12213,-1.35018,0.934824,-0.207619,0.121543,0,0,3.44731,5
1777238919295,0.0372515,-1.42125,-0.952011,0.459059,-0.188538,0.0490212,0,0,3.39644,5
1777238919309,0.0716562,-1.31099,-0.673617,0.0452206,-0.183476,-0.110956,0,0,3.46216,5
1777238919322,0.137463,-1.26325,-0.605763,-0.262011,-0.170072,-0.171369,0,0,3.40185,5
1777238919336,0.132539,-1.24574,-0.534432,-0.558431,-0.150913,-0.158075,0,0,3.45859,5
1777238919349,0.108961,-1.20042,-0.489713,-0.77695,-0.10758,-0.137441,0,0,3.41815,5
1777238919363,0.110077,-1.15043,-0.469642,-0.936491,-0.0468,-0.106443,0,0,3.44615,5
1777238919377,0.108762,-1.11439,-0.449835,-1.03423,0.00320104,-0.0556362,0,0,3.42861,5
1777238919390,0.105111,-1.08822,-0.447277,-1.09351,0.0302757,-0.0143406,0,0,3.70159,5
1777238919404,0.0901342,-1.05768,-0.45268,-1.10912,0.0320109,0.0293345,0,0,3.43211,5
1777238919417,0.0808306,-1.04303,-0.451259,-1.09743,0.0277063,0.0531986,0,0,3.38802,5
1777238919431,0.0655465,-1.02353,-0.453757,-1.07005,0.0231649,0.0676401,0,0,3.44115,5
1777238919445,0.0493166,-1.00556,-0.458467,-1.02648,0.0181209,0.0710232,0,0,3.40902,5
1777238919458,0.032877,-0.982054,-0.468766,-0.971799,0.0162076,0.0593641,0,0,3.59487,5
1777238919472,0.0249414,-0.945749,-0.48263,-0.893141,0.0185191,0.0312131,0,0,3.39776,5
1777238919486,0.0204966,-0.935042,-0.484211,-0.805925,0.0209287,-0.000312239,0,0,3.87498,5
1777238919499,0.0189217,-0.924943,-0.484972,-0.725243,0.0269826,-0.0276139,0,0,3.44013,5
1777238919513,0.0296829,-0.912571,-0.484411,-0.641748,0.0280707,-0.0491693,0,0,3.3832,5
1777238919526,0.0308546,-0.905175,-0.487463,-0.562093,0.025835,-0.0732264,0,0,3.44798,1
1777238919540,0.0471211,-0.896373,-0.489179,-0.478691,0.0169618,-0.0814036,0,0,3.40383,1
1777238919554,0.046027,-0.896613,-0.495849,-0.398794,0.00620859,-0.0836379,0,0,3.46916,1
1777238919567,0.0472969,-0.888231,-0.49794,-0.319911,-0.00855391,-0.0879807,0,0,3.44407,1
1777238919581,0.0547373,-0.884879,-0.496539,-0.241555,-0.0273573,-0.0927956,0,0,3.4465,1
1777238919594,0.0521892,-0.885475,-0.493263,-0.167975,-0.0437265,-0.0954849,0,0,3.47042,1
1777238919608,0.0509742,-0.903655,-0.489582,-0.114712,-0.0569604,-0.102039,0,0,3.73907,1
1777238919622,0.045737,-0.936716,-0.488703,-0.0937867,-0.0658512,-0.106954,0,0,3.47626,1
1777238919635,0.0433776,-0.961269,-0.485945,-0.104479,-0.0676241,-0.108683,0,0,3.4039,1
1777238919649,0.0424872,-0.959778,-0.481717,-0.119686,-0.0628038,-0.101599,0,0,3.46711,1
1777238919663,0.049178,-0.941818,-0.479172,-0.118072,-0.0586978,-0.083343,0,0,3.44844,1
1777238919676,0.0488424,-0.933045,-0.47841,-0.0983807,-0.0549708,-0.0590709,0,0,3.50431,1
1777238919690,0.056626,-0.941965,-0.477072,-0.0877727,-0.0521703,-0.0330425,0,0,3.4099,1
1777238919704,0.0544724,-0.944015,-0.477198,-0.0831566,-0.050002,-0.00543618,0,0,4.29868,1
1777238919718,0.0547903,-0.941322,-0.476728,-0.0777069,-0.0498744,0.0206734,0,0,3.43248,1
1777238919731,0.0559028,-0.943939,-0.476417,-0.0738524,-0.0504043,0.0469861,0,0,3.3205,1
1777238919745,0.0544236,-0.943412,-0.47724,-0.0740373,-0.0520163,0.0663434,0,0,3.42824,5
1777238919758,0.0523672,-0.941893,-0.477119,-0.0736443,-0.053894,0.0810622,0,0,3.35633,5
1777238919772,0.0492306,-0.941282,-0.47859,-0.0753397,-0.0552297,0.0911905,0,0,3.43079,5
1777238919786,0.0418103,-0.939883,-0.479063,-0.0778594,-0.0557703,0.0952796,0,0,3.3639,5
1777238919801,0.0366225,-0.936931,-0.479409,-0.0792086,-0.0546305,0.0948959,0,0,4.7987,5
1777238919814,0.0291585,-0.935333,-0.479034,-0.0792005,-0.0524211,0.0892071,0,0,3.36763,5
1777238919828,0.0250266,-0.93179,-0.481604,-0.0809623,-0.0484425,0.0790848,0,0,3.84474,5
1777238919842,0.0199593,-0.926527,-0.481068,-0.0790589,-0.0441983,0.067787,0,0,3.41396,5
1777238919855,0.0138547,-0.925109,-0.480796,-0.07489,-0.038066,0.0536393,0,0,3.34322,5
1777238919869,0.00871532,-0.924651,-0.481461,-0.0728028,-0.0304367,0.0337834,0,0,3.42489,5
1777238919882,0.0056044,-0.922226,-0.482842,-0.0709616,-0.0224377,0.0096668,0,0,3.35457,5
1777238919896,0.00332165,-0.925494,-0.483269,-0.0715138,-0.0148049,-0.0154812,0,0,4.26552,5
1777238919910,0.00285177,-0.928749,-0.486342,-0.0772411,-0.00802447,-0.0436644,0,0,3.34587,5
1777238919923,0.00160735,-0.930674,-0.486694,-0.087103,-0.000885531,-0.0753692,0,0,3.35491,5
1777238919937,0.00824807,-0.930962,-0.489703,-0.102586,0.00340964,-0.104398,0,0,3.39448,5
1777238919950,0.0186142,-0.924585,-0.48929,-0.113211,0.00552585,-0.121019,0,0,3.32909,5
1777238919964,0.0291908,-0.920593,-0.493918,-0.114279,0.00545729,-0.124093,0,0,3.74233,5
1777238919978,0.0374729,-0.915936,-0.498677,-0.109316,0.00291924,-0.117737,0,0,3.33324,5
1777238919991,0.0431515,-0.91215,-0.502519,-0.0989086,-2.27693e-05,-0.104373,0,0,3.38772,5
1777238920004,0.0448968,-0.909571,-0.505275,-0.0829963,-0.00298335,-0.0867234,0,0,3.34274,5
1777238920018,0.0460261,-0.910099,-0.506124,-0.0663646,-0.00414007,-0.0708191,0,0,3.4129,5
1777238920031,0.0454302,-0.912036,-0.507376,-0.0535609,-0.00409891,-0.0584561,0,0,3.33957,5
1777238920045,0.0456206,-0.912561,-0.5093,-0.044545,-0.00433179,-0.0513979,0,0,3.39515,5
1777238920058,0.0440487,-0.920737,-0.508879,-0.0397417,-0.00442408,-0.0458342,0,0,3.3784,5
1777238920072,0.0458045,-0.925616,-0.509639,-0.044314,-0.00486994,-0.046961,0,0,3.39553,5
1777238920085,0.0455595,-0.926282,-0.510363,-0.0532388,-0.00459263,-0.0497576,0,0,3.4189,5
1777238920099,0.0449929,-0.922387,-0.512376,-0.0600527,-0.00429793,-0.0548362,0,0,3.32846,5
1777238920112,0.0460452,-0.920486,-0.512547,-0.0645731,-0.00311087,-0.0589411,0,0,3.32926,5
1777238920126,0.0474092,-0.916487,-0.513821,-0.0670552,-0.00129468,-0.0620311,0,0,3.37281,5
1777238920139,0.0491083,-0.911406,-0.515185,-0.0639455,-0.000366434,-0.0627612,0,0,3.34002,5
1777238920152,0.0538649,-0.909375,-0.517012,-0.0573973,0.000687005,-0.0606853,0,0,3.36926,5
1777238920166,0.0554854,-0.912888,-0.518856,-0.0530092,0.00117047,-0.0594387,0,0,3.42674,5
1777238920179,0.0590156,-0.917933,-0.519042,-0.0556375,2.11919e-05,-0.0608554,0,0,3.37928,5
1777238920193,0.0617911,-0.920865,-0.5202,-0.0634002,-0.00144544,-0.0633592,0,0,3.31572,5
1777238920206,0.0678684,-0.92399,-0.52394,-0.0727571,-0.00470326,-0.0632064,0,0,3.37128,5
1777238920220,0.0707964,-0.924419,-0.525418,-0.0833409,-0.00895756,-0.0602675,0,0,3.32855,5
1777238920233,0.0762661,-0.924985,-0.528728,-0.0929113,-0.0152636,-0.0536834,0,0,3.34246,5
1777238920247,0.0798247,-0.923095,-0.53038,-0.101574,-0.0218418,-0.0442273,0,0,3.40109,5
1777238920260,0.0807268,-0.916951,-0.532296,-0.105192,-0.0281506,-0.0316398,0,0,3.33631,5
1777238920274,0.0780997,-0.911905,-0.534056,-0.104059,-0.0328863,-0.0170662,0,0,3.41681,5
1777238920287,0.0739851,-0.909101,-0.536485,-0.0988535,-0.0358149,-0.00475622,0,0,3.34663,5
1777238920301,0.0710239,-0.907889,-0.539238,-0.0942863,-0.0364488,0.00373369,0,0,3.42487,5
1777238920314,0.0665549,-0.909281,-0.541081,-0.092007,-0.0360356,0.007717,0,0,3.35683,5
1777238920328,0.0628356,-0.910844,-0.543324,-0.0948405,-0.033134,0.00610005,0,0,3.42304,5
1777238920341,0.0564857,-0.912105,-0.54598,-0.0979014,-0.0282732,-0.000450977,0,0,3.41592,5
1777238920355,0.0543828,-0.910819,-0.547513,-0.102933,-0.0213346,-0.0108338,0,0,3.36844,5
1777238920369,0.0528466,-0.90893,-0.548008,-0.107775,-0.0134786,-0.0218017,0,0,3.78124,5
1777238920382,0.0559524,-0.908963,-0.550529,-0.112357,-0.00782246,-0.0305091,0,0,3.33944,5
1777238920396,0.0609332,-0.908734,-0.552846,-0.118224,-0.00377063,-0.0376125,0,0,3.44894,5
1777238920409,0.0653219,-0.91201,-0.556145,-0.127769,-0.00212438,-0.0410003,0,0,3.36163,5
1777238920423,0.071867,-0.913696,-0.560393,-0.139769,-0.00304258,-0.0416096,0,0,3.45316,5
1777238920436,0.0730455,-0.913036,-0.561185,-0.15234,-0.00576704,-0.0403617,0,0,3.36013,5
1777238920450,0.0826263,-0.921472,-0.565251,-0.169482,-0.0115107,-0.0378587,0,0,3.34361,5
1777238920463,0.0859581,-0.929504,-0.570294,-0.196196,-0.0194396,-0.0313962,0,0,3.3935,5
1777238920477,0.0898803,-0.928756,-0.573352,-0.224031,-0.0291004,-0.0230974,0,0,3.37946,5
1777238920490,0.0927388,-0.925854,-0.577134,-0.25079,-0.0409933,-0.0110163,0,0,3.40768,5
1777238920504,0.0992741,-0.937362,-0.588106,-0.275136,-0.0556878,0.0131989,0,0,3.33452,5
1777238920517,0.10334,-0.960286,-0.605837,-0.302346,-0.0735821,0.0468006,0,0,3.41033,5
1777238920531,0.101658,-1.00207,-0.584426,-0.331866,-0.0901098,0.100196,0,0,3.35129,5
1777238920544,0.0951788,-0.990566,-0.598877,-0.387001,-0.103425,0.122008,0,0,3.36744,5
1777238920557,0.0889101,-0.993579,-0.609204,-0.417246,-0.105717,0.147386,0,0,3.30342,5
1777238920571,0.0795747,-1.03531,-0.620101,-0.47857,-0.107423,0.164743,0,0,3.7385,5
1777238920585,0.0676411,-1.04163,-0.632232,-0.545361,-0.102433,0.169652,0,0,3.36755,5
1777238920598,0.0618484,-1.0393,-0.637488,-0.608615,-0.0949406,0.171262,0,0,3.40761,5
1777238920612,0.0538592,-1.04091,-0.645011,-0.673986,-0.085822,0.167324,0,0,3.38416,5
1777238920625,0.0454107,-1.03291,-0.652251,-0.742583,-0.0753733,0.159717,0,0,3.40352,5
1777238920639,0.0334428,-1.01307,-0.657475,-0.809659,-0.0627347,0.147703,0,0,3.37787,5
1777238920652,0.0281673,-1.00131,-0.665839,-0.865289,-0.0490474,0.140554,0,0,3.42846,4
1777238920666,0.0179891,-1.00937,-0.677187,-0.921214,-0.0342189,0.13036,0,0,3.4692,4
1777238920680,0.00854086,-1.02693,-0.689999,-0.994319,-0.0176124,0.11857,0,0,3.42287,4
1777238920693,0.00252532,-1.0376,-0.702956,-1.06925,0.00262577,0.105004,0,0,3.384,4
1777238920707,-0.0174642,-1.04085,-0.715236,-1.1425,0.0283332,0.0925541,0,0,3.43407,4
1777238920720,-0.0339511,-1.03926,-0.727602,-1.21831,0.0572878,0.0778028,0,0,3.35876,4
1777238920734,-0.0422814,-1.04387,-0.747122,-1.29208,0.0902717,0.0685125,0,0,3.42861,4
1777238920747,-0.0503505,-1.05478,-0.775973,-1.36641,0.121715,0.0673355,0,0,3.35724,4
1777238920761,-0.0614421,-1.06365,-0.799285,-1.44424,0.152714,0.0930594,0,0,3.36929,4
1777238920774,-0.0683697,-1.0681,-0.821874,-1.51535,0.190048,0.125717,0,0,3.3932,4
1777238920788,-0.0493228,-1.07029,-0.849174,-1.57068,0.219582,0.148543,0,0,3.32068,4
1777238920801,-0.0388662,-1.09513,-0.878894,-1.62582,0.234804,0.194117,0,0,3.40316,4
1777238920815,-0.0230315,-1.12734,-0.893694,-1.69564,0.235479,0.270428,0,0,3.32783,4
1777238920828,0.00519371,-1.16127,-0.893837,-1.77296,0.2272,0.400764,0,0,3.40957,4
1777238920842,0.0130991,-1.17367,-0.83351,-1.86082,0.232883,0.500866,0,0,3.34746,4
1777238920855,-0.00973153,-1.06533,-0.730013,-1.96758,0.261041,0.440976,0,0,3.54392,4
1777238920869,-0.023055,-0.81695,-0.714598,-2.02287,0.313908,0.381284,0,0,3.40115,4
1777238920882,0.00987036,-0.65171,-0.714727,-1.78023,0.342773,0.425408,0,0,3.41726,4
1777238920896,0.0553792,-0.622228,-0.679322,-1.52062,0.357031,0.43541,0,0,3.44811,4
1777238920909,0.0943443,-0.63736,-0.679692,-1.31743,0.354574,0.412956,0,0,3.33654,4
1777238920923,0.138148,-0.627881,-0.686286,-1.11993,0.337298,0.362502,0,0,3.459,4
1777238920936,0.172576,-0.620971,-0.683744,-0.960323,0.306094,0.270367,0,0,3.35579,4
1777238920950,0.205427,-0.588236,-0.67951,-0.813527,0.261033,0.159683,0,0,3.43668,4
1777238920963,0.233081,-0.558561,-0.667179,-0.674656,0.199309,0.0511223,0,0,3.37231,4
1777238920977,0.247182,-0.51256,-0.647401,-0.537494,0.126536,-0.044739,0,0,3.43535,4
1777238920990,0.250609,-0.45898,-0.627173,-0.385583,0.0500139,-0.125908,0,0,3.324,4
1777238921004,0.244159,-0.409244,-0.611219,-0.221027,-0.0227365,-0.197265,0,0,3.29744,4
1777238921017,0.229165,-0.360946,-0.599684,-0.0425476,-0.087255,-0.258866,0,0,3.43594,4
1777238921031,0.209229,-0.327409,-0.592532,0.142661,-0.138858,-0.309487,0,0,3.36594,4
1777238921044,0.184843,-0.304469,-0.587513,0.323375,-0.175384,-0.349738,0,0,3.35235,4
1777238921058,0.160518,-0.281205,-0.584603,0.499428,-0.196688,-0.380431,0,0,3.42853,4
1777238921071,0.136213,-0.261329,-0.583363,0.674206,-0.204606,-0.403285,0,0,3.40026,4
1777238921085,0.117652,-0.252501,-0.585729,0.845858,-0.202541,-0.420193,0,0,3.47696,4
1777238921098,0.105205,-0.251464,-0.592384,1.00815,-0.195018,-0.431878,0,0,3.38044,4
1777238921112,0.0958778,-0.254263,-0.602312,1.16397,-0.185238,-0.440738,0,0,3.43796,4
1777238921125,0.0864929,-0.265251,-0.615468,1.30988,-0.173856,-0.447333,0,0,3.3647,4
1777238921139,0.0771222,-0.283863,-0.632649,1.44359,-0.161839,-0.451645,0,0,3.44803,4
1777238921152,0.0667986,-0.304977,-0.650783,1.56512,-0.147461,-0.455697,0,0,3.36296,4
1777238921166,0.0549078,-0.325175,-0.668426,1.67769,-0.130785,-0.458691,0,0,3.56707,4
1777238921179,0.0440048,-0.34921,-0.683164,1.78782,-0.112283,-0.455093,0,0,3.44109,4
1777238921193,0.0275895,-0.387192,-0.700497,1.88855,-0.0906301,-0.447615,0,0,3.39207,4
1777238921206,0.00802899,-0.434808,-0.718055,1.96883,-0.0648126,-0.432796,0,0,3.43613,4
1777238921220,-0.0161925,-0.466241,-0.732978,2.03967,-0.0326746,-0.410053,0,0,3.33792,4
1777238921233,-0.039056,-0.51441,-0.74632,2.10183,0.0056719,-0.378823,0,0,3.44765,4
1777238921247,-0.0619951,-0.570195,-0.760735,2.14034,0.0485179,-0.340533,0,0,3.37307,5
1777238921260,-0.08426,-0.61287,-0.772704,2.16642,0.094452,-0.290546,0,0,3.44579,5
1777238921274,-0.100567,-0.63702,-0.777144,2.19829,0.139511,-0.22833,0,0,3.3655,5
1777238921287,-0.105878,-0.665774,-0.774114,2.24232,0.178321,-0.154601,0,0,3.5499,5
1777238921301,-0.0981026,-0.709624,-0.772673,2.28549,0.205191,-0.0762641,0,0,3.44505,5
1777238921314,-0.0728857,-0.774944,-0.777407,2.31413,0.214746,-0.00210306,0,0,3.32563,5
1777238921328,-0.0326539,-0.847582,-0.786825,2.31142,0.202568,0.0625477,0,0,3.43003,5
1777238921341,0.00530042,-0.905693,-0.799506,2.28753,0.17401,0.112454,0,0,3.3434,5
1777238921355,0.0359048,-0.965059,-0.810194,2.2463,0.139105,0.142134,0,0,3.4289,5
1777238921368,0.0619294,-1.00631,-0.819474,2.19393,0.102193,0.158992,0,0,3.35591,5
1777238921382,0.0854255,-1.04527,-0.825439,2.14283,0.0670694,0.164631,0,0,3.44126,5
1777238921395,0.101,-1.09236,-0.835219,2.07526,0.0374688,0.155398,0,0,3.41055,5
1777238921409,0.107572,-1.1333,-0.849888,1.98617,0.0172927,0.139524,0,0,3.33676,5
1777238921422,0.11122,-1.16103,-0.866709,1.87336,0.00540294,0.126588,0,0,3.44365,5
1777238921436,0.108468,-1.17404,-0.887426,1.73894,0.00211059,0.116979,0,0,3.34579,5
1777238921449,0.0865497,-1.16588,-0.908566,1.58144,0.0107792,0.0989453,0,0,3.46496,5
1777238921463,0.0422332,-1.14878,-0.936121,1.41204,0.0385246,0.0800499,0,0,3.36585,5
1777238921476,0.0380835,-1.13751,-0.960689,1.22841,0.0573838,0.13321,0,0,3.55968,5
1777238921490,0.0504699,-1.10433,-0.978513,1.04423,0.0708351,0.198947,0,0,3.43792,5
1777238921504,0.0824572,-1.08412,-0.988325,0.857559,0.0835839,0.220293,0,0,3.38881,5
1777238921517,0.121103,-1.07203,-0.988577,0.65247,0.0917271,0.186542,0,0,3.42339,5
1777238921530,0.147097,-1.0562,-0.974672,0.449272,0.0922153,0.132373,0,0,3.34529,5
1777238921544,0.151488,-1.05205,-0.946514,0.248363,0.0861845,0.0752596,0,0,3.43818,5
1777238921557,0.135064,-1.04792,-0.904726,0.0559383,0.0807644,0.0274364,0,0,3.37398,5
1777238921571,0.118039,-1.03994,-0.851297,-0.119021,0.0742375,-0.00895564,0,0,3.43368,5
1777238921585,0.113808,-1.02904,-0.789208,-0.271232,0.0595745,-0.031089,0,0,3.41742,5
1777238921598,0.099294,-1.14756,-0.250123,-0.197503,-0.0113851,-0.0382103,0,0,3.49609,5
1777238921612,-0.209093,-1.279,-0.342118,-0.227423,0.0708178,0.0743159,0,0,3.46342,5
1777238921625,-0.155127,-1.30796,-0.453518,-0.3713,0.0690403,0.0288128,0,0,3.29861,5
1777238921639,-0.039007,-1.29096,-0.464951,-0.57602,0.0453198,0.0442779,0,0,3.41976,5
1777238921652,-0.0466068,-1.20681,-0.430578,-0.69994,0.0123467,0.0726489,0,0,3.36368,5
1777238921666,-0.0699986,-1.16302,-0.407233,-0.764123,0.0211031,0.0785814,0,0,3.43087,5
1777238921679,-0.0497719,-1.15766,-0.397516,-0.821133,0.0494816,0.0868458,0,0,3.36333,5
1777238921693,-0.018023,-1.1549,-0.399922,-0.884443,0.0451151,0.0902214,0,0,3.40829,5
1777238921706,-0.00387325,-1.12056,-0.406707,-0.929899,0.0371506,0.0870293,0,0,3.43013,5
1777238921720,0.011243,-1.06449,-0.421156,-0.914076,0.0246484,0.0967611,0,0,3.31548,5
1777238921733,-0.00584171,-1.00551,-0.451814,-0.84631,0.025604,0.0886368,0,0,3.42837,5
1777238921746,0.000911977,-0.972197,-0.455815,-0.742447,0.0195809,0.0766884,0,0,3.35365,5
1777238921760,0.00954245,-0.967367,-0.45945,-0.644113,0.0125515,0.0656627,0,0,3.41152,1
1777238921773,0.0162314,-0.975818,-0.459356,-0.569674,0.00492525,0.0533449,0,0,3.38118,1
1777238921787,0.0265107,-0.972506,-0.454449,-0.514385,-0.00551395,0.0435635,0,0,3.44209,1
1777238921801,0.0252693,-0.957791,-0.458747,-0.461148,-0.0140733,0.0389238,0,0,3.43446,1
1777238921814,0.0343576,-0.941187,-0.45659,-0.401134,-0.0212443,0.0359606,0,0,3.34213,1
1777238921828,0.0273529,-0.944368,-0.453496,-0.3462,-0.0256934,0.0377662,0,0,3.43983,1
1777238921841,0.0269013,-0.944461,-0.453189,-0.304709,-0.0287776,0.0321207,0,0,3.35396,1
1777238921855,0.0297264,-0.941613,-0.450157,-0.267104,-0.0295666,0.0266782,0,0,3.45503,1
1777238921868,0.0263239,-0.940203,-0.447556,-0.235755,-0.0287609,0.0161631,0,0,3.38385,1
1777238921882,0.0245602,-0.940265,-0.446842,-0.209058,-0.0273135,0.00517409,0,0,3.66994,1
1777238921895,0.0264069,-0.93723,-0.446898,-0.186352,-0.0250768,-0.0073422,0,0,3.42976,1
1777238921909,0.0313883,-0.934049,-0.446271,-0.163042,-0.0235309,-0.0128361,0,0,3.37402,1
1777238921922,0.0363566,-0.933828,-0.44756,-0.139672,-0.0243165,-0.0126306,0,0,3.43048,1
1777238921936,0.0430831,-0.937593,-0.448133,-0.119154,-0.0260525,-0.00743386,0,0,3.35435,1
1777238921949,0.044548,-0.941602,-0.447536,-0.103227,-0.0290769,0.00128603,0,0,3.43716,1
1777238921963,0.0435677,-0.945887,-0.447564,-0.0935539,-0.0319406,0.00780197,0,0,3.35629,1
1777238921976,0.0406899,-0.946712,-0.44804,-0.089043,-0.0343144,0.00998765,0,0,3.47157,1
1777238921990,0.0384486,-0.945981,-0.448678,-0.0876631,-0.0355037,0.00860294,0,0,3.43265,1
1777238922004,0.0363097,-0.944156,-0.449167,-0.0866276,-0.0357951,0.00353044,0,0,3.76589,1
1777238922017,0.0349674,-0.943279,-0.449978,-0.0852431,-0.0354272,-0.00142183,0,0,3.43892,5
1777238922031,0.0374051,-0.943064,-0.451165,-0.0847764,-0.0354005,-0.00594313,0,0,3.32589,5
1777238922044,0.03772,-0.94484,-0.451681,-0.0850999,-0.0351875,-0.00857856,0,0,3.41803,5
1777238922058,0.0356128,-0.944709,-0.45245,-0.084797,-0.0332542,-0.0114363,0,0,3.35002,5
1777238922071,0.0360352,-0.940285,-0.454019,-0.0803079,-0.0304726,-0.0108153,0,0,3.42672,5
1777238922085,0.033603,-0.939178,-0.454931,-0.0729665,-0.0263226,-0.0100687,0,0,3.35255,5
1777238922098,0.0335503,-0.940758,-0.455143,-0.0686172,-0.0224699,-0.0126654,0,0,3.40903,5
1777238922112,0.0356279,-0.9402,-0.457515,-0.0649927,-0.0197173,-0.0131754,0,0,3.39033,4
1777238922126,0.0349223,-0.940681,-0.459124,-0.0631936,-0.0168636,-0.0156232,0,0,3.65522,4
1777238922139,0.035114,-0.942546,-0.459653,-0.0650659,-0.0142057,-0.0193807,0,0,3.40829,4
1777238922152,0.0326423,-0.944648,-0.459822,-0.0698323,-0.0120671,-0.0243312,0,0,3.33507,4
1777238922166,0.0355152,-0.943706,-0.462961,-0.0746694,-0.0100432,-0.0286603,0,0,3.39592,4
1777238922179,0.0359183,-0.94292,-0.464367,-0.0777461,-0.00740239,-0.0309446,0,0,3.35089,4
1777238922193,0.0368473,-0.938732,-0.465331,-0.0773457,-0.00507451,-0.030889,0,0,3.46213,4
1777238922207,0.0394556,-0.93754,-0.465974,-0.0747219,-0.00290561,-0.0286797,0,0,3.36418,4
1777238922220,0.0408515,-0.937245,-0.468045,-0.0722683,-0.00106001,-0.0252484,0,0,3.81366,4
1777238922234,0.0441546,-0.936185,-0.469618,-0.07002,-0.000501666,-0.0210785,0,0,3.3995,4
1777238922247,0.0470868,-0.934492,-0.473557,-0.0667597,-0.000863348,-0.0156824,0,0,3.32029,4
1777238922261,0.0493753,-0.933473,-0.474565,-0.0638137,-0.00222073,-0.0110713,0,0,3.39694,4
1777238922274,0.0489171,-0.936191,-0.475085,-0.0627583,-0.00275392,-0.00716497,0,0,3.33079,4
1777238922288,0.0509322,-0.935366,-0.475505,-0.0635326,-0.00397432,-0.0045586,0,0,3.40516,4
1777238922301,0.0499471,-0.934489,-0.475612,-0.0635927,-0.00500404,-0.00157237,0,0,3.38398,4
1777238922315,0.0501857,-0.936302,-0.479019,-0.0652586,-0.00616749,0.000954324,0,0,3.44029,4
1777238922328,0.0507468,-0.935913,-0.480722,-0.0685679,-0.00777316,0.00246194,0,0,3.3885,4
1777238922342,0.0498827,-0.935189,-0.482973,-0.0732213,-0.00970919,0.0030567,0,0,3.66135,4
1777238922356,0.0503872,-0.935043,-0.484573,-0.0788549,-0.0120477,0.00406125,0,0,3.39291,4
1777238922369,0.0499244,-0.933276,-0.487378,-0.0816794,-0.0137293,0.00501287,0,0,3.34102,4
1777238922383,0.0493617,-0.930293,-0.488173,-0.0832188,-0.014978,0.00621302,0,0,3.39803,4
1777238922396,0.0486158,-0.929088,-0.489796,-0.0833948,-0.0155606,0.0070223,0,0,3.40131,4
1777238922410,0.0498341,-0.92759,-0.492363,-0.084343,-0.0160078,0.00616998,0,0,3.44007,4
1777238922423,0.0479643,-0.927416,-0.494527,-0.0865327,-0.0165333,0.00411112,0,0,3.37924,4
1777238922437,0.0456331,-0.926557,-0.495731,-0.0886373,-0.0159915,0.000677839,0,0,3.82642,4
1777238922451,0.0482418,-0.924718,-0.498127,-0.0906074,-0.0156545,-0.00229773,0,0,3.42457,4
1777238922464,0.0471609,-0.922156,-0.499436,-0.0906461,-0.0152337,-0.00375956,0,0,3.30574,4
1777238922477,0.0477344,-0.918548,-0.501827,-0.0869379,-0.0145777,-0.00340014,0,0,3.40259,4
1777238922491,0.0491654,-0.917056,-0.503259,-0.0819648,-0.0147817,-0.00138307,0,0,3.32268,4
1777238922505,0.048188,-0.91708,-0.50624,-0.0776551,-0.01457,-0.000109301,0,0,3.6069,4
1777238922518,0.0468246,-0.916489,-0.508988,-0.0734658,-0.0137701,0.00118118,0,0,3.38305,4
1777238922532,0.0458661,-0.91662,-0.511182,-0.0689569,-0.0119077,0.00293088,0,0,3.39027,4
1777238922545,0.0453556,-0.915382,-0.511607,-0.0644233,-0.010063,0.00429991,0,0,3.38152,1
1777238922559,0.0490304,-0.913503,-0.513873,-0.0581772,-0.00874208,0.00752728,0,0,3.65592,1
1777238922572,0.0483603,-0.913802,-0.514458,-0.0515981,-0.00756496,0.0112727,0,0,3.40533,1
1777238922586,0.0480681,-0.913933,-0.514676,-0.0470569,-0.00663492,0.0137324,0,0,3.32752,1
1777238922599,0.0463023,-0.910926,-0.517375,-0.0424584,-0.00550366,0.0144589,0,0,3.40446,1
1777238922613,0.0446405,-0.908218,-0.519203,-0.036756,-0.00374669,0.013843,0,0,3.35728,1
1777238922626,0.0427151,-0.904871,-0.518571,-0.0302738,-0.0013029,0.0115867,0,0,3.44713,1
1777238922640,0.0425555,-0.90116,-0.520177,-0.0229254,0.00144606,0.00770902,0,0,3.35874,1
1777238922654,0.0400684,-0.89649,-0.521315,-0.0125905,0.00470377,0.00241655,0,0,3.84776,1
1777238922667,0.0387777,-0.894398,-0.520565,-0.000530221,0.00946689,-0.00374956,0,0,3.41413,1
1777238922681,0.0412281,-0.894962,-0.520075,0.0113266,0.0142504,-0.00977858,0,0,3.32522,1
1777238922694,0.0437416,-0.895774,-0.519199,0.0226704,0.017626,-0.0138104,0,0,3.71537,1
1777238922708,0.0450875,-0.897541,-0.519468,0.0323653,0.0200064,-0.0170939,0,0,3.34381,1
1777238922721,0.0475107,-0.901326,-0.518769,0.0390703,0.0217483,-0.0205045,0,0,3.43703,1
1777238922735,0.0530569,-0.905225,-0.520606,0.0415408,0.0219786,-0.0236392,0,0,3.35546,1
1777238922748,0.0522745,-0.907869,-0.520561,0.0442356,0.0208727,-0.0246485,0,0,3.37798,1
1777238922762,0.053815,-0.911677,-0.519557,0.045489,0.0196967,-0.0251587,0,0,3.41335,1
1777238922776,0.0532865,-0.913664,-0.5192,0.0445487,0.0187676,-0.0261564,0,0,3.69137,1
1777238922789,0.0589725,-0.91391,-0.518664,0.0447702,0.0164794,-0.0231075,0,0,3.44346,1
1777238922803,0.0594051,-0.914702,-0.517845,0.0472322,0.0151959,-0.0185183,0,0,3.40655,1
1777238922816,0.0621293,-0.915519,-0.517682,0.0500599,0.013503,-0.0135108,0,0,3.42424,1
1777238922830,0.0635937,-0.915488,-0.51622,0.0516275,0.0106163,-0.00938877,0,0,3.36709,5
1777238922843,0.062967,-0.917455,-0.514694,0.0521832,0.00915229,-0.00720056,0,0,3.45185,5
1777238922857,0.0605891,-0.920676,-0.512951,0.0490458,0.00746152,-0.00699283,0,0,3.36028,5
1777238922871,0.0614522,-0.918871,-0.511727,0.0451336,0.00544185,-0.00823194,0,0,3.86946,5
1777238922884,0.0625232,-0.915857,-0.510214,0.04368,0.00313538,-0.00911186,0,0,3.42424,5
1777238922898,0.0620376,-0.916747,-0.508063,0.0414509,0.000806203,-0.0110411,0,0,3.71842,5
1777238922912,0.0609404,-0.917101,-0.50684,0.0387282,-0.00121112,-0.0135393,0,0,3.43744,5
1777238922925,0.061178,-0.914062,-0.505006,0.0383931,-0.00209069,-0.0154685,0,0,3.35107,5
1777238922939,0.0592933,-0.913322,-0.505183,0.0418416,-0.00178041,-0.0160965,0,0,3.4497,5
1777238922952,0.0602949,-0.913999,-0.504564,0.0460512,-0.00111472,-0.0158056,0,0,3.37202,5
1777238922966,0.0594273,-0.914972,-0.503577,0.0506024,0.000534174,-0.0153978,0,0,3.41839,5
1777238922979,0.0610226,-0.915303,-0.503137,0.0547896,0.00240443,-0.015147,0,0,3.40794,5
1777238922993,0.0619572,-0.914239,-0.501501,0.0605944,0.00391209,-0.0134368,0,0,3.67044,5
1777238923006,0.0629295,-0.914955,-0.500403,0.0689813,0.00565193,-0.00991233,0,0,3.43853,5
1777238923020,0.0633555,-0.918634,-0.498516,0.0767465,0.00743259,-0.00491422,0,0,3.35903,5
1777238923033,0.0647227,-0.925013,-0.498036,0.079019,0.00854752,-0.00124531,0,0,3.43655,5
1777238923047,0.0666496,-0.928589,-0.496686,0.0769433,0.00876415,0.00177395,0,0,3.36987,5
1777238923060,0.0684513,-0.928122,-0.494002,0.0743612,0.00848666,0.00469712,0,0,3.45498,5
1777238923074,0.0690183,-0.928264,-0.492766,0.0722857,0.00758113,0.00886337,0,0,3.36898,5
1777238923088,0.0690923,-0.927873,-0.48944,0.0706707,0.00662295,0.0126024,0,0,3.77279,4
1777238923102,0.0684166,-0.925152,-0.48829,0.0720474,0.00643515,0.0171941,0,0,3.709,4
1777238923115,0.0678944,-0.926425,-0.48652,0.0752431,0.00664762,0.0221274,0,0,3.3302,4
1777238923129,0.066894,-0.928914,-0.484982,0.0774736,0.00762619,0.0252334,0,0,3.43309,4
1777238923142,0.0655428,-0.932297,-0.483262,0.0754265,0.00875974,0.0259897,0,0,3.34783,4
1777238923156,0.0642732,-0.932887,-0.481832,0.0733643,0.0104296,0.0251186,0,0,3.44507,4
1777238923169,0.0634283,-0.932851,-0.480591,0.0721802,0.0121646,0.0238966,0,0,3.36989,4
1777238923183,0.0627591,-0.936938,-0.478548,0.0688779,0.0136104,0.0223438,0,0,3.43828,4
1777238923196,0.0638831,-0.939168,-0.477707,0.0642303,0.0150189,0.0207954,0,0,3.40948,4
1777238923210,0.0645695,-0.94001,-0.475819,0.059543,0.0157091,0.0199504,0,0,3.72509,4
1777238923223,0.0660019,-0.942027,-0.474147,0.0537668,0.0158772,0.0200095,0,0,3.43281,4
1777238923237,0.0657656,-0.94394,-0.473082,0.0458744,0.0162081,0.020008,0,0,3.34889,4
1777238923250,0.0645953,-0.945151,-0.472029,0.0379996,0.0167765,0.0193578,0,0,3.43196,4
1777238923264,0.0634506,-0.946491,-0.47076,0.0316282,0.0181916,0.0187651,0,0,3.35055,4
1777238923277,0.0618133,-0.947462,-0.469755,0.0229853,0.0204141,0.0164264,0,0,3.37485,4
1777238923291,0.0599735,-0.945087,-0.469301,0.0153122,0.023742,0.0135614,0,0,3.4299,4
1777238923305,0.054226,-0.943187,-0.469711,0.0106991,0.0303703,0.0111994,0,0,3.91742,4
1777238923318,0.047563,-0.940957,-0.468523,0.0069439,0.0411991,0.0099944,0,0,3.41474,4
1777238923332,0.0331238,-0.937864,-0.469196,0.00548124,0.0612537,0.0147154,0,0,3.40592,4
1777238923346,-0.0187584,-0.94039,-0.476505,0.00292648,0.104238,0.0280008,0,0,3.4687,4
1777238923359,-0.0973265,-0.948824,-0.471108,-0.000958214,0.203888,0.0644027,0,0,3.411,4
1777238923373,-0.239986,-0.95798,-0.465489,-0.0107731,0.410581,0.149407,0,0,3.49331,4
1777238923386,-0.399043,-0.971753,-0.447355,-0.0222854,0.755382,0.27635,0,0,3.41816,0
1777238923400,-0.529644,-0.997674,-0.418647,-0.0476043,1.04637,0.426412,0,0,3.4834,0
1777238923414,-0.594423,-1.02906,-0.366954,-0.0913751,1.28886,0.562506,0,0,3.48466,0
1777238923428,-0.542571,-1.0436,-0.314513,-0.148347,1.49093,0.658513,0,0,3.84707,5
1777238923441,-0.396725,-1.02811,-0.284682,-0.197694,1.65932,0.712336,0,0,3.49016,5
1777238923455,-0.251343,-1.01166,-0.264541,-0.235546,1.79965,0.781985,0,0,3.40274,5
1777238923468,-0.133193,-0.974833,-0.253038,-0.245411,1.91659,0.860204,0,0,3.4974,5
1777238923482,-0.0428053,-0.9509,-0.250128,-0.225145,2.01404,0.956646,0,0,3.40376,5
1777238923495,0.0462561,-0.945177,-0.289167,-0.197519,2.09525,1.0691,0,0,3.52448,5
1777238923509,0.126284,-0.977624,-0.356167,-0.215871,2.16293,1.14575,0,0,3.45303,5
1777238923523,0.24383,-0.986557,-0.441876,-0.285033,2.21932,1.13923,0,0,3.53407,5
1777238923536,0.360075,-0.987588,-0.522629,-0.37969,2.26632,1.0732,0,0,3.47505,5
1777238923550,0.396111,-0.960848,-0.580001,-0.473648,2.30234,1.01948,0,0,3.39959,5
1777238923563,0.378466,-0.93538,-0.609866,-0.545063,2.30718,0.985009,0,0,3.49283,5
1777238923577,0.392004,-0.934566,-0.613244,-0.612438,2.26178,1.02014,0,0,3.40807,5
1777238923591,0.335072,-0.876529,-0.590214,-0.620454,2.24945,1.04944,0,0,3.50316,5
1777238923604,0.288569,-0.964413,-0.570476,-0.643724,2.22183,1.07073,0,0,3.39942,5
1777238923618,0.247229,-0.96151,-0.538122,-0.68019,2.18411,1.07752,0,0,3.48661,5
1777238923631,0.210694,-0.941263,-0.503887,-0.680375,2.15152,1.09389,0,0,3.46894,5
1777238923645,0.165718,-0.936874,-0.466925,-0.65334,2.13204,1.10527,0,0,3.82083,5
1777238923659,0.1092,-0.942812,-0.428977,-0.621435,2.13389,1.10549,0,0,3.4855,5
1777238923672,0.0440433,-0.934455,-0.391816,-0.57813,2.16828,1.09189,0,0,3.38561,5
1777238923686,-0.0379747,-0.952229,-0.361097,-0.534981,2.22378,1.08847,0,0,3.47565,5
1777238923700,-0.115684,-0.959779,-0.329084,-0.499494,2.27003,1.0953,0,0,3.39246,5
1777238923713,-0.164879,-0.969486,-0.298491,-0.463077,2.30858,1.12404,0,0,3.55405,5
1777238923727,-0.18771,-0.982194,-0.270096,-0.432882,2.3407,1.15007,0,0,3.42181,5
1777238923741,-0.173784,-0.986277,-0.248081,-0.407542,2.36746,1.17809,0,0,3.98035,5
1777238923754,-0.127431,-0.987828,-0.241739,-0.380509,2.38977,1.20304,0,0,3.46518,5
1777238923768,-0.0716145,-0.982998,-0.249165,-0.357714,2.37308,1.23612,0,0,3.3692,5
1777238923781,-0.014049,-0.954997,-0.269929,-0.321009,2.23139,1.28825,0,0,3.468,5
1777238923795,0.0398237,-0.936252,-0.292911,-0.273105,1.95569,1.37426,0,0,3.37998,5
1777238923809,-0.0206626,-0.871366,-0.268437,-0.192791,1.64166,1.45909,0,0,3.95137,5
1777238923823,0.177599,-0.867308,-0.298725,-0.0157356,1.38198,1.14627,0,0,3.39968,5
1777238923836,0.0504747,-0.994273,-0.329624,-0.00759141,1.18892,0.951699,0,0,3.46107,5
1777238923850,0.0914373,-0.926117,-0.352429,0.0249588,1.01786,0.770029,0,0,3.47118,5
1777238923864,0.112074,-0.952517,-0.375768,0.0786489,0.855905,0.626793,0,0,3.77746,5
1777238923877,0.153252,-1.02241,-0.397318,0.0724491,0.713178,0.519414,0,0,3.50565,5
1777238923891,0.170441,-1.03062,-0.412168,0.0253107,0.569544,0.429334,0,0,3.38513,5
1777238923904,0.175102,-1.00484,-0.434391,-0.014035,0.446745,0.377803,0,0,3.49316,5
1777238923918,0.176864,-0.974409,-0.446929,-0.0241004,0.329285,0.341528,0,0,3.47315,5
1777238923932,0.161279,-0.965009,-0.461611,-0.0322974,0.240625,0.323157,0,0,3.56468,5
1777238923945,0.124263,-0.95807,-0.465383,-0.0309094,0.170241,0.298394,0,0,3.43276,5
1777238923959,0.104606,-0.940818,-0.474642,-0.0220047,0.119527,0.273751,0,0,4.08881,5
1777238923973,0.0826182,-0.933593,-0.478723,0.00200628,0.0884096,0.251001,0,0,3.48585,5
1777238923987,0.0696079,-0.939223,-0.48542,0.0186566,0.0673388,0.22147,0,0,3.39535,5
1777238924000,0.0638777,-0.935296,-0.488853,0.0314123,0.0521589,0.194189,0,0,3.49737,5
1777238924014,0.055975,-0.939769,-0.493346,0.0393067,0.0418882,0.167855,0,0,3.47254,5
1777238924027,0.0513657,-0.938408,-0.495864,0.0413688,0.033889,0.139574,0,0,3.49546,5
1777238924041,0.0518034,-0.93594,-0.497245,0.0424638,0.0286098,0.114441,0,0,3.42237,5
1777238924055,0.051154,-0.93576,-0.499249,0.0402593,0.0234598,0.092378,0,0,3.47268,5
1777238924068,0.051137,-0.936118,-0.500699,0.0342746,0.0168017,0.0728722,0,0,3.46513,5
1777238924082,0.0528274,-0.938069,-0.503985,0.0238421,0.00917957,0.0557141,0,0,3.82305,5
1777238924096,0.0458339,-0.940857,-0.505326,0.0106826,0.00431631,0.0363267,0,0,3.49276,5
1777238924109,0.0419819,-0.940576,-0.507133,-0.00301891,0.00278267,0.014776,0,0,3.40754,5
1777238924123,0.0421119,-0.938144,-0.509057,-0.0124776,0.00284052,-0.00389529,0,0,3.51068,5
1777238924136,0.0423535,-0.936354,-0.511177,-0.0188077,0.00464446,-0.0200781,0,0,3.41483,5
1777238924150,0.0421129,-0.93258,-0.512535,-0.0213855,0.00803069,-0.0333221,0,0,3.53024,5
1777238924164,0.0453785,-0.925411,-0.515162,-0.0197297,0.0125319,-0.0441934,0,0,3.4185,5
1777238924178,0.0493719,-0.921921,-0.51606,-0.0136551,0.0155832,-0.0478965,0,0,4.02537,5
1777238924191,0.0540616,-0.926161,-0.518158,-0.0116973,0.0160267,-0.0486669,0,0,3.47065,5
1777238924205,0.0554631,-0.925275,-0.518371,-0.0137045,0.0157602,-0.0486219,0,0,3.38424,5
1777238924218,0.0607979,-0.925953,-0.519393,-0.0158861,0.0139605,-0.0462944,0,0,3.45922,5
1777238924232,0.0597675,-0.924965,-0.520408,-0.019727,0.0133386,-0.0469374,0,0,3.38933,5
1777238924245,0.0589051,-0.922241,-0.521451,-0.0218844,0.0145887,-0.049,0,0,3.49481,5
1777238924259,0.0604083,-0.917947,-0.521262,-0.0204762,0.0168519,-0.0507061,0,0,3.38876,5
1777238924273,0.061263,-0.914057,-0.52171,-0.0166564,0.0208753,-0.0534383,0,0,3.43841,5
1777238924286,0.0632276,-0.910036,-0.52213,-0.011005,0.025106,-0.0558551,0,0,3.43676,5
1777238924300,0.0637108,-0.907832,-0.523236,-0.00395455,0.0296494,-0.0579327,0,0,3.78742,5
1777238924314,0.0657389,-0.905243,-0.523423,0.00256968,0.034288,-0.0614706,0,0,3.77526,5
1777238924327,0.0680145,-0.901322,-0.52217,0.0118106,0.0382044,-0.0631593,0,0,3.40166,5
1777238924341,0.0693468,-0.902904,-0.521629,0.0202239,0.041837,-0.0649483,0,0,3.45463,5
1777238924355,0.0732703,-0.904053,-0.521932,0.0262044,0.0448387,-0.0666808,0,0,3.40548,5
1777238924368,0.0778028,-0.904986,-0.520618,0.0330202,0.0468821,-0.0660636,0,0,3.55848,5
1777238924382,0.081738,-0.904959,-0.52144,0.0382547,0.0478471,-0.0656,0,0,3.42616,5
1777238924396,0.0853477,-0.902845,-0.52106,0.0443599,0.0484095,-0.063229,0,0,4.05542,5
1777238924410,0.0888034,-0.900399,-0.520312,0.0532897,0.0487,-0.0600318,0,0,3.45833,5
1777238924423,0.0908386,-0.896569,-0.519694,0.0671307,0.0500617,-0.0542377,0,0,3.43589,4
1777238924437,0.0921231,-0.883528,-0.517356,0.093296,0.0518326,-0.041852,0,0,3.46618,4
1777238924451,0.0950077,-0.87507,-0.515262,0.134477,0.0523796,-0.0239607,0,0,3.38979,4
1777238924464,0.097094,-0.881269,-0.512994,0.177102,0.0512705,-0.00366952,0,0,3.47583,4
1777238924478,0.0928571,-0.895114,-0.506906,0.206402,0.0512242,0.00569525,0,0,3.38848,4
1777238924491,0.0970927,-0.924345,-0.501556,0.209826,0.0511346,0.00723968,0,0,3.49185,4
1777238924505,0.105596,-0.949145,-0.500064,0.182921,0.048401,0.00268701,0,0,3.43263,4
1777238924519,0.106448,-0.95086,-0.496839,0.150335,0.0409067,0.00548345,0,0,4.3937,4
1777238924533,0.110533,-0.953475,-0.494875,0.125139,0.0309337,0.0127502,0,0,3.45366,4
1777238924546,0.112697,-0.958512,-0.492848,0.0976797,0.0197348,0.0239712,0,0,3.37694,4
1777238924560,0.109299,-0.95999,-0.490863,0.0734354,0.00930827,0.0363628,0,0,3.46161,4
1777238924574,0.106671,-0.960983,-0.489911,0.0498476,0.00101389,0.0459257,0,0,3.38807,5
1777238924587,0.101591,-0.956956,-0.48857,0.0286134,-0.0037098,0.0519101,0,0,3.57268,5
1777238924601,0.0940266,-0.953652,-0.485315,0.012445,-0.00469455,0.0560574,0,0,3.40111,5
1777238924615,0.0859151,-0.952907,-0.484483,-0.00263169,-0.00112587,0.055086,0,0,4.07759,5
1777238924629,0.0771031,-0.952871,-0.483633,-0.0183254,0.0064918,0.0497218,0,0,3.45203,5
1777238924642,0.060959,-0.952712,-0.482122,-0.0363907,0.0222673,0.0461549,0,0,3.38109,5
1777238924656,0.0202399,-0.956756,-0.479684,-0.0563053,0.0595103,0.0500401,0,0,3.45222,5
1777238924669,-0.0277247,-0.978701,-0.475573,-0.0786386,0.123409,0.0411403,0,0,3.40102,5
1777238924683,-0.149958,-1.00158,-0.474159,-0.123904,0.243744,0.0773243,0,0,3.46935,5
1777238924696,-0.275034,-1.02132,-0.457232,-0.188762,0.418578,0.186447,0,0,3.39396,5
1777238924710,-0.431627,-1.04576,-0.426353,-0.260126,0.682441,0.353159,0,0,3.51559,5
1777238924724,-0.375329,-1.03304,-0.412894,-0.306988,0.947365,0.472391,0,0,3.46718,5
1777238924737,-0.323457,-1.01784,-0.402818,-0.344589,1.17265,0.544053,0,0,3.66874,5
1777238924751,-0.263526,-0.974119,-0.395838,-0.336394,1.34562,0.621037,0,0,3.50303,5
1777238924765,-0.184274,-0.956329,-0.392127,-0.301894,1.46587,0.673561,0,0,3.4507,5
1777238924781,-0.0963564,-0.949279,-0.390643,-0.266133,1.5347,0.668553,0,0,3.48405,5
1777238924794,-0.0322491,-0.934183,-0.396688,-0.228215,1.56961,0.657267,0,0,3.44711,5
1777238924809,0.00668141,-0.927092,-0.410013,-0.180115,1.57689,0.689364,0,0,3.46094,5
1777238924823,0.0409001,-0.914179,-0.421549,-0.132615,1.57669,0.723999,0,0,3.75263,5
1777238924836,0.0974728,-0.921306,-0.435715,-0.101365,1.56538,0.721984,0,0,3.51911,5
1777238924850,0.175609,-0.909413,-0.449334,-0.090158,1.52727,0.677442,0,0,3.42028,5
1777238924864,0.271696,-0.898959,-0.460128,-0.0801189,1.44056,0.603759,0,0,4.02898,5
1777238924878,0.348751,-0.895834,-0.461811,-0.0886106,1.30851,0.519163,0,0,3.45968,5
1777238924891,0.395384,-0.869668,-0.453814,-0.0871882,1.14488,0.443221,0,0,3.64218,5
1777238924905,0.412098,-0.861201,-0.4433,-0.0780512,0.969878,0.379097,0,0,3.4555,5
1777238924919,0.407434,-0.868875,-0.434493,-0.0823455,0.803677,0.322491,0,0,3.39752,5
1777238924932,0.372469,-0.843848,-0.365012,-0.0796009,0.645482,0.380804,0,0,3.48618,5
1777238924946,0.473692,-0.809315,-0.392098,0.0671138,0.488296,0.357349,0,0,3.41263,5
1777238924959,0.36295,-0.954989,-0.408472,0.0711571,0.387486,0.382371,0,0,3.48354,5
1777238924973,0.290222,-0.913661,-0.412458,0.102249,0.297803,0.342243,0,0,3.43063,5
1777238924987,0.278519,-0.926807,-0.415404,0.112027,0.24453,0.282582,0,0,3.77722,5
1777238925000,0.220263,-0.95064,-0.426069,0.0848572,0.209844,0.241414,0,0,3.45013,5
1777238925014,0.199345,-0.93678,-0.437388,0.0781189,0.176766,0.193684,0,0,3.3862,5
1777238925028,0.189098,-0.934558,-0.445027,0.0715622,0.151211,0.152307,0,0,3.48461,5
1777238925041,0.170807,-0.932372,-0.452625,0.0665563,0.130933,0.12738,0,0,3.39363,5
1777238925055,0.158915,-0.925616,-0.459511,0.0705526,0.113589,0.107155,0,0,3.58263,5
1777238925068,0.151293,-0.922807,-0.466037,0.0775852,0.0993138,0.0935838,0,0,3.43339,5
1777238925082,0.141652,-0.921687,-0.469547,0.0854686,0.0871508,0.0855183,0,0,3.52109,5
1777238925096,0.134953,-0.921293,-0.47237,0.0930559,0.0764679,0.077881,0,0,3.48587,5
1777238925109,0.126821,-0.92478,-0.47511,0.0973303,0.066764,0.0728779,0,0,3.41228,5
1777238925123,0.119439,-0.932247,-0.477714,0.0942765,0.0573542,0.0640395,0,0,3.51791,5
1777238925137,0.113641,-0.938795,-0.479461,0.0808029,0.048673,0.052781,0,0,3.45752,5
1777238925150,0.108736,-0.940876,-0.479786,0.0622976,0.0402428,0.0403837,0,0,3.50565,5
1777238925164,0.105313,-0.936313,-0.480745,0.0475381,0.032327,0.0295564,0,0,3.42148,5
1777238925177,0.102503,-0.935987,-0.482832,0.0350985,0.0255651,0.0209535,0,0,3.50702,5
1777238925191,0.098647,-0.933098,-0.484708,0.0255592,0.0196631,0.0147386,0,0,3.49618,5
1777238925205,0.0951385,-0.92956,-0.486755,0.0210576,0.0151136,0.0102974,0,0,3.40615,5
1777238925218,0.0924461,-0.930735,-0.487793,0.0187567,0.0114624,0.00710535,0,0,3.5037,5
1777238925232,0.0891756,-0.93108,-0.488694,0.0158468,0.00936113,0.00340204,0,0,3.45641,5
1777238925245,0.0870438,-0.929288,-0.489058,0.0139309,0.0073811,0.00051951,0,0,3.53259,5
1777238925259,0.0855146,-0.929179,-0.488183,0.0128686,0.0060873,-0.00156453,0,0,3.42026,5
1777238925273,0.0847339,-0.927445,-0.488711,0.0115126,0.00486919,-0.00314856,0,0,3.57105,5
1777238925286,0.0842169,-0.926196,-0.487721,0.0116549,0.00306529,-0.00322176,0,0,3.44135,5
1777238925300,0.084315,-0.926109,-0.489693,0.0113028,0.00105314,-0.00307921,0,0,3.52629,5
1777238925314,0.0844322,-0.92465,-0.489475,0.0124088,-0.000636381,-0.00147186,0,0,3.49157,5
1777238925327,0.0830542,-0.924156,-0.489704,0.0141575,-0.00176441,0.000211112,0,0,3.5017,5
1777238925341,0.0817934,-0.923727,-0.489162,0.0157801,-0.00255177,0.00135913,0,0,3.49029,5
1777238925354,0.0804414,-0.923901,-0.489786,0.0180737,-0.00276261,0.00286289,0,0,3.42159,5
1777238925368,0.0796857,-0.923795,-0.48991,0.021092,-0.00277291,0.00463765,0,0,3.49452,5
1777238925382,0.0798018,-0.923638,-0.489212,0.024625,-0.00220898,0.00643468,0,0,3.40518,5
1777238925395,0.0800312,-0.923406,-0.488897,0.0283834,-0.00159908,0.00873374,0,0,3.49205,5
1777238925409,0.0807452,-0.92388,-0.489041,0.0320116,-0.0016888,0.0118583,0,0,3.46422,5
1777238925422,0.0815259,-0.924903,-0.489488,0.0354423,-0.00215797,0.0148819,0,0,3.39339,5
1777238925436,0.081689,-0.926981,-0.488943,0.0372324,-0.00331231,0.017885,0,0,3.46381,5
1777238925449,0.0804794,-0.929976,-0.48892,0.0359507,-0.0042997,0.0185556,0,0,3.41204,5
1777238925463,0.0792362,-0.932736,-0.488064,0.0316383,-0.00588588,0.0174986,0,0,3.47618,5
1777238925477,0.0782211,-0.933943,-0.48761,0.0256782,-0.0072077,0.0157018,0,0,3.38553,5
1777238925490,0.0776294,-0.935377,-0.487891,0.0191593,-0.00918708,0.0139245,0,0,3.53879,5
1777238925504,0.0775982,-0.937973,-0.486495,0.0111442,-0.0107729,0.0114384,0,0,3.41526,5
1777238925517,0.0777641,-0.938651,-0.48628,0.00220034,-0.0119673,0.00867955,0,0,3.5355,5
1777238925531,0.0775865,-0.938982,-0.485032,-0.00524017,-0.0129117,0.00751286,0,0,3.81865,5
1777238925545,0.0771105,-0.938529,-0.484784,-0.0127892,-0.0138768,0.00627344,0,0,3.35885,5
1777238925558,0.0769225,-0.937493,-0.484955,-0.0201869,-0.0144138,0.00512608,0,0,3.46048,5
1777238925572,0.0766305,-0.937751,-0.485201,-0.0272932,-0.0152176,0.0039155,0,0,3.38674,5
1777238925586,0.0777605,-0.938908,-0.484995,-0.0348308,-0.0159638,0.00235961,0,0,3.45742,5
1777238925599,0.0777441,-0.938787,-0.484914,-0.0432878,-0.0165983,0.000566851,0,0,3.40366,5
1777238925613,0.0769579,-0.938328,-0.486065,-0.0509841,-0.0164528,-0.00162686,0,0,3.46585,5
1777238925626,0.0757926,-0.9415,-0.487548,-0.0609091,-0.0164715,-0.00498167,0,0,3.44507,5
1777238925640,0.0756818,-0.942903,-0.490121,-0.0734675,-0.0168306,-0.00939312,0,0,3.43742,5
1777238925653,0.0767115,-0.942545,-0.492807,-0.0855486,-0.0170789,-0.0132475,0,0,3.47367,5
1777238925667,0.0765439,-0.943328,-0.495813,-0.0980208,-0.0175658,-0.0162813,0,0,3.37565,5
1777238925681,0.0781356,-0.944877,-0.499614,-0.112842,-0.0183786,-0.0184023,0,0,3.44728,5
1777238925694,0.0803219,-0.946929,-0.500888,-0.129213,-0.0194885,-0.0202971,0,0,3.38954,5
1777238925708,0.0778125,-0.952571,-0.504149,-0.150324,-0.0209605,-0.0211763,0,0,3.45098,5
1777238925721,0.0873121,-0.96622,-0.505565,-0.17854,-0.0227725,-0.0230286,0,0,3.44289,5
1777238925735,0.071753,-0.983508,-0.50615,-0.219597,-0.0197277,-0.0341269,0,0,3.95037,5
1777238925749,0.0377188,-0.993595,-0.530627,-0.26955,-0.00654152,-0.0476121,0,0,3.45772,5
1777238925762,0.0721585,-1.05415,-0.539749,-0.308378,-0.00584567,-0.0137607,0,0,3.38396,5
1777238925776,0.0477544,-1.08334,-0.552334,-0.378674,-0.00997317,0.0334055,0,0,3.45578,5
1777238925789,0.0909414,-1.1024,-0.561717,-0.429836,-0.0156774,0.0627107,0,0,3.38691,5
1777238925803,0.104598,-1.175,-0.572436,-0.525271,-0.0226065,0.0783658,0,0,3.41691,5
1777238925817,0.102365,-1.19807,-0.580585,-0.623413,-0.0269303,0.112989,0,0,3.44426,5
1777238925830,0.100972,-1.2525,-0.584765,-0.735414,-0.0317931,0.136931,0,0,3.47115,5
1777238925844,0.103044,-1.29814,-0.591997,-0.870733,-0.0360744,0.149453,0,0,3.44444,5
1777238925857,0.0969617,-1.32583,-0.595799,-1.01055,-0.0358508,0.153157,0,0,3.39211,5
1777238925871,0.074308,-1.34589,-0.595883,-1.15052,-0.0282981,0.144094,0,0,3.40402,5
1777238925884,0.0509719,-1.35593,-0.602937,-1.28865,-0.0112662,0.129099,0,0,3.34798,5
1777238925898,0.0320299,-1.33934,-0.606424,-1.41365,0.0130034,0.113244,0,0,3.42435,5
1777238925911,0.0012999,-1.30907,-0.619681,-1.52272,0.0445893,0.100935,0,0,3.35039,5
1777238925925,-0.0197829,-1.25344,-0.62984,-1.61615,0.0843715,0.069405,0,0,3.45502,5
1777238925939,-0.038184,-1.20911,-0.643229,-1.67366,0.120551,0.0568833,0,0,3.43409,5
1777238925952,-0.0677045,-1.16933,-0.639605,-1.70936,0.162012,0.0783061,0,0,3.38046,5
1777238925966,-0.0723913,-1.10522,-0.627964,-1.72747,0.218916,0.0639828,0,0,3.44092,5
1777238925979,-0.0505947,-1.0007,-0.588453,-1.75164,0.26776,-0.0304469,0,0,3.38074,5
1777238925993,0.00217419,-0.716693,-0.560937,-1.67408,0.269088,-0.161645,0,0,3.47039,5
1777238926006,0.0395283,-0.476128,-0.539652,-1.37177,0.235627,-0.187236,0,0,3.41242,5
1777238926020,0.0579656,-0.453312,-0.528154,-1.01462,0.173926,-0.14991,0,0,3.48813,5
1777238926033,0.0618768,-0.483528,-0.525184,-0.722539,0.108526,-0.105714,0,0,3.48081,5
1777238926047,0.0610903,-0.48187,-0.51987,-0.480411,0.0540768,-0.072039,0,0,3.50203,5
1777238926061,0.0639463,-0.473836,-0.506925,-0.259948,0.0153184,-0.0683022,0,0,3.48483,5
1777238926074,0.0736967,-0.462227,-0.486549,-0.0614834,-0.0128072,-0.0860152,0,0,3.40328,5
1777238926088,0.079685,-0.437318,-0.45808,0.139044,-0.0306981,-0.109885,0,0,3.50104,5
1777238926101,0.0773883,-0.440559,-0.42606,0.33162,-0.0371848,-0.133251,0,0,3.41918,5
1777238926115,0.0713085,-0.442922,-0.388769,0.503208,-0.0355166,-0.141169,0,0,3.53109,5
1777238926129,0.0633595,-0.431044,-0.344938,0.672762,-0.030386,-0.120427,0,0,3.42165,5
1777238926142,0.0587101,-0.437654,-0.303216,0.839834,-0.023515,-0.0738803,0,0,3.49226,5
1777238926156,0.060046,-0.458095,-0.264418,0.986261,-0.0168986,-0.0226484,0,0,3.51039,5
1777238926169,0.0636508,-0.463166,-0.228642,1.12249,-0.00922215,0.0135055,0,0,3.39472,5
1777238926183,0.069837,-0.473296,-0.199574,1.26142,-0.00128564,0.0361273,0,0,3.49698,5
1777238926197,0.0782321,-0.501909,-0.180771,1.38784,0.00443754,0.0534013,0,0,3.40531,5
1777238926210,0.083108,-0.529614,-0.171299,1.50148,0.00541551,0.0790431,0,0,3.50172,5
1777238926224,0.0894004,-0.561969,-0.171117,1.60813,-0.000665193,0.115767,0,0,3.41361,5
1777238926237,0.0997537,-0.60013,-0.179003,1.71126,-0.0151726,0.153598,0,0,3.49863,5
1777238926251,0.117558,-0.644104,-0.193956,1.81337,-0.0410917,0.182158,0,0,3.49135,5
1777238926265,0.137938,-0.699592,-0.212247,1.91552,-0.0762533,0.194063,0,0,3.46394,5
1777238926278,0.15441,-0.76572,-0.234563,2.011,-0.118366,0.187037,0,0,3.4852,5
1777238926292,0.166845,-0.847551,-0.261884,2.09111,-0.162443,0.171412,0,0,3.38824,5
1777238926305,0.17095,-0.933849,-0.295739,2.14881,-0.204796,0.148428,0,0,3.49911,5
1777238926319,0.168788,-1.01772,-0.337004,2.18564,-0.240155,0.116973,0,0,3.40461,5
1777238926333,0.151211,-1.0859,-0.380648,2.2116,-0.261859,0.0819683,0,0,3.50629,5
1777238926346,0.121569,-1.16595,-0.432151,2.21871,-0.263,0.0581542,0,0,3.46146,5
1777238926360,0.0868259,-1.23613,-0.488898,2.189,-0.241151,0.0386145,0,0,3.46094,5
1777238926373,0.0511272,-1.2931,-0.544667,2.12478,-0.200743,0.0162882,0,0,3.48322,5
1777238926387,0.0230924,-1.33336,-0.596496,2.02273,-0.154678,0.00241573,0,0,3.38691,5
1777238926401,0.0147089,-1.35213,-0.641432,1.88895,-0.114929,0.00670776,0,0,3.47548,5
1777238926414,0.0146688,-1.34408,-0.676521,1.73705,-0.0860156,0.0244702,0,0,3.40022,5
1777238926428,0.0241889,-1.32557,-0.696048,1.57407,-0.0674939,0.043229,0,0,3.48985,5
1777238926441,0.0398539,-1.28505,-0.703093,1.41045,-0.0610414,0.0559605,0,0,3.52376,5
1777238926455,0.0529077,-1.24041,-0.698658,1.26002,-0.0599009,0.0516211,0,0,3.49902,5
1777238926469,0.0578071,-1.21706,-0.681263,1.1071,-0.0584797,0.0366562,0,0,3.46694,5
1777238926482,0.0533746,-1.20593,-0.64409,0.942076,-0.0523336,0.0199234,0,0,3.4415,5
1777238926496,0.0466307,-1.17609,-0.587945,0.780089,-0.0411686,0.0033586,0,0,3.4652,5
1777238926509,0.0371723,-1.1469,-0.520603,0.640825,-0.0222334,-0.0203946,0,0,3.38589,5
1777238926523,0.0260649,-1.11603,-0.452097,0.522659,0.00448745,-0.0531787,0,0,3.46768,5
1777238926536,0.016775,-1.08722,-0.391428,0.42985,0.0346937,-0.0847227,0,0,3.38915,5
1777238926550,0.00755108,-1.07634,-0.348116,0.347775,0.0646748,-0.103732,0,0,3.48855,5
1777238926564,0.00227723,-1.06496,-0.324731,0.262434,0.0877634,-0.113034,0,0,3.38659,5
1777238926577,0.00773585,-1.04961,-0.317296,0.175476,0.0996629,-0.120442,0,0,3.43063,5
1777238926591,0.0268236,-1.03262,-0.319721,0.0876676,0.0940066,-0.130686,0,0,3.47137,5
1777238926604,0.230345,-1.42365,-0.269997,-0.0355442,0.110425,0.0165784,0,0,3.37874,5
1777238926618,0.233707,-1.33661,-0.143244,-0.305651,0.0599855,-0.0915154,0,0,3.48228,5
1777238926631,0.210857,-1.24339,-0.108251,-0.466681,0.0364765,-0.089787,0,0,3.40652,5
1777238926645,0.199125,-1.22952,-0.090254,-0.603265,-0.00634596,-0.0622271,0,0,3.59983,5
1777238926659,0.177486,-1.17338,-0.0870793,-0.700176,-0.0198048,-0.0449475,0,0,3.41889,5
1777238926672,0.154934,-1.1403,-0.0880548,-0.760579,-0.00102057,-0.0112349,0,0,3.46979,5
1777238926686,0.151665,-1.12812,-0.0953039,-0.803829,0.0252055,0.0205867,0,0,3.45226,5
1777238926699,0.146832,-1.13022,-0.107292,-0.850799,0.0471623,0.0462777,0,0,3.42655,1
1777238926713,0.147398,-1.12612,-0.128671,-0.903859,0.0524444,0.0655495,0,0,3.45085,1
1777238926727,0.133669,-1.10577,-0.146783,-0.941994,0.0538691,0.0759223,0,0,3.38422,1
1777238926740,0.122232,-1.08025,-0.167687,-0.956204,0.0547001,0.0770599,0,0,3.46142,1
1777238926754,0.122532,-1.05944,-0.188442,-0.949419,0.0498837,0.0856415,0,0,3.44789,1
1777238926767,0.111243,-1.04071,-0.207557,-0.920852,0.046099,0.0874494,0,0,3.55359,1
1777238926781,0.104788,-1.02556,-0.229525,-0.881931,0.0434031,0.085559,0,0,3.40276,1
1777238926795,0.0978322,-1.01438,-0.243805,-0.83619,0.0404949,0.0817063,0,0,3.51042,1
1777238926808,0.0957179,-1.00402,-0.25823,-0.787257,0.0338857,0.0788137,0,0,3.47033,1
1777238926822,0.0919197,-1.0041,-0.267279,-0.743236,0.0296249,0.0793295,0,0,3.38105,1
1777238926835,0.0928043,-0.997513,-0.279286,-0.708307,0.022919,0.0882835,0,0,3.49981,1
1777238926849,0.0943766,-0.989798,-0.285014,-0.672788,0.0163892,0.105554,0,0,3.47894,1
1777238926863,0.0884389,-0.981265,-0.308164,-0.62525,0.0096882,0.111651,0,0,3.48839,1
1777238926876,0.0893961,-0.966104,-0.325079,-0.567772,0.000961543,0.105906,0,0,3.38915,1
1777238926890,0.0840824,-0.959536,-0.339636,-0.507838,-0.00746843,0.102822,0,0,3.40687,1
1777238926903,0.0799837,-0.963871,-0.350344,-0.462994,-0.0164654,0.0941583,0,0,3.44055,1
1777238926917,0.0672241,-0.96268,-0.359255,-0.428755,-0.0232886,0.0774602,0,0,3.37754,1
1777238926930,0.0601351,-0.963608,-0.366896,-0.399878,-0.026939,0.0539903,0,0,3.43724,1
1777238926944,0.0541733,-0.962549,-0.374301,-0.37313,-0.0287723,0.0270148,0,0,3.37689,1
1777238926957,0.0448792,-0.957929,-0.383015,-0.346184,-0.0277428,-0.00454869,0,0,3.46394,4
1777238926971,0.03948,-0.952888,-0.388394,-0.319084,-0.0234498,-0.0394394,0,0,3.37813,4
1777238926985,0.0387172,-0.949188,-0.393932,-0.291374,-0.0197578,-0.0704998,0,0,3.55581,4
1777238926998,0.04613,-0.94295,-0.40112,-0.263245,-0.0167193,-0.0884954,0,0,3.40937,4
1777238927012,0.0531772,-0.942168,-0.405528,-0.235795,-0.017088,-0.0987461,0,0,3.45261,4
1777238927025,0.0634137,-0.944416,-0.410578,-0.215173,-0.0199524,-0.103955,0,0,3.45731,4
1777238927039,0.0708536,-0.948781,-0.413932,-0.200672,-0.0250494,-0.104708,0,0,3.37763,4
1777238927053,0.0701389,-0.955498,-0.417971,-0.193499,-0.0288771,-0.10087,0,0,3.59144,4
1777238927066,0.0717703,-0.955668,-0.423247,-0.191784,-0.0329065,-0.09701,0,0,3.38691,4
1777238927080,0.0677498,-0.957424,-0.428439,-0.191982,-0.0345594,-0.0979027,0,0,3.45778,4
1777238927093,0.062554,-0.95171,-0.432399,-0.19225,-0.0328326,-0.103494,0,0,3.40529,4
1777238927107,0.0634155,-0.938288,-0.434262,-0.181748,-0.0289636,-0.10309,0,0,3.41905,4
1777238927120,0.0615255,-0.93323,-0.437938,-0.161609,-0.0224442,-0.0997886,0,0,3.44509,4
1777238927134,0.0662544,-0.933985,-0.44055,-0.142181,-0.0167315,-0.095091,0,0,3.37581,4
1777238927147,0.0707784,-0.932904,-0.444878,-0.126028,-0.0117928,-0.0887209,0,0,3.44974,4
1777238927161,0.0754784,-0.931998,-0.446544,-0.110978,-0.00903851,-0.0799391,0,0,3.43202,4
1777238927175,0.0805242,-0.936037,-0.448569,-0.098423,-0.00813006,-0.0686007,0,0,3.42959,4
1777238927188,0.0826209,-0.936101,-0.450392,-0.0901108,-0.00766563,-0.0575616,0,0,3.37237,4
1777238927202,0.0833475,-0.934065,-0.452007,-0.0805885,-0.00763485,-0.0472428,0,0,3.54528,4
1777238927215,0.0829167,-0.935933,-0.453988,-0.0724879,-0.00731657,-0.0397125,0,0,3.38211,4
1777238927229,0.0835721,-0.937555,-0.455129,-0.0684855,-0.00558824,-0.0349258,0,0,3.44944,4
1777238927242,0.0831117,-0.936454,-0.456087,-0.0640559,-0.00375356,-0.0311787,0,0,3.43348,4
1777238927256,0.0838058,-0.934083,-0.456276,-0.0584181,-0.00127046,-0.0294682,0,0,3.42802,4
1777238927270,0.0845371,-0.938458,-0.456729,-0.0543815,0.000709734,-0.0262871,0,0,3.45089,4
1777238927283,0.0850112,-0.938042,-0.458603,-0.052748,0.00229628,-0.0240942,0,0,3.34322,4
1777238927297,0.0857445,-0.938164,-0.460648,-0.0513994,0.00331306,-0.0232719,0,0,3.44346,4
1777238927310,0.08503,-0.940328,-0.46178,-0.0530364,0.00492373,-0.0249912,0,0,3.36741,4
1777238927324,0.08486,-0.940084,-0.462377,-0.0556346,0.00655858,-0.0286123,0,0,3.46183,4
1777238927337,0.0835865,-0.940258,-0.463731,-0.0590212,0.00807363,-0.0343143,0,0,3.42353,4
1777238927351,0.0870169,-0.939798,-0.465004,-0.0630393,0.00959062,-0.0396003,0,0,3.37079,4
1777238927364,0.0909604,-0.936536,-0.466817,-0.0646066,0.00885732,-0.0409774,0,0,3.43602,4
1777238927378,0.0923575,-0.940266,-0.468744,-0.0664978,0.00823352,-0.0396949,0,0,3.37741,4
1777238927392,0.0973667,-0.938743,-0.470096,-0.0701859,0.00561445,-0.034733,0,0,3.45857,4
1777238927405,0.0990778,-0.937968,-0.471334,-0.0716053,0.00224868,-0.0281681,0,0,3.37843,4
1777238927419,0.0994374,-0.939515,-0.473021,-0.0760833,-0.000161724,-0.0215269,0,0,3.51687,4
1777238927432,0.0994279,-0.936901,-0.474871,-0.0797513,-0.00264113,-0.0140077,0,0,3.39702,4
1777238927446,0.099484,-0.936723,-0.476091,-0.0826808,-0.00513987,-0.006266,0,0,3.42181,4
1777238927459,0.101302,-0.938305,-0.47863,-0.0878829,-0.00812547,0.00107604,0,0,3.43439,4
1777238927473,0.100468,-0.936043,-0.478776,-0.0949278,-0.0113768,0.00652011,0,0,3.36252,4
1777238927486,0.100869,-0.939356,-0.480994,-0.102224,-0.0133865,0.00833419,0,0,3.4175,4
1777238927500,0.0993522,-0.941524,-0.484367,-0.111929,-0.0157992,0.00750496,0,0,3.361,4
1777238927514,0.0966837,-0.946527,-0.487617,-0.127447,-0.0166775,0.00239917,0,0,3.46368,4
1777238927527,0.0952354,-0.948008,-0.491179,-0.149132,-0.0173712,-0.00441291,0,0,3.36292,4
1777238927541,0.0929164,-0.952157,-0.491634,-0.1756,-0.0174276,-0.0177614,0,0,3.38874,4
1777238927554,0.09486,-0.948263,-0.495053,-0.204094,-0.0175892,-0.0325111,0,0,3.42878,4
1777238927568,0.0947459,-0.940507,-0.499083,-0.228615,-0.0168332,-0.0419526,0,0,3.41929,4
1777238927581,0.094679,-0.936121,-0.501198,-0.241632,-0.0160633,-0.0481666,0,0,3.42276,4
1777238927595,0.0927871,-0.946244,-0.504869,-0.263511,-0.0126991,-0.0561439,0,0,3.35452,4
1777238927608,0.0856754,-0.950851,-0.511369,-0.283422,-0.00798714,-0.0670665,0,0,3.43139,4
1777238927622,0.0832971,-0.954689,-0.519812,-0.307406,0.00116848,-0.0807361,0,0,3.36402,4
1777238927635,0.0869909,-0.96214,-0.530971,-0.335866,0.0100195,-0.0895574,0,0,3.41822,4
1777238927649,0.0689325,-0.972405,-0.551372,-0.365016,0.0105252,-0.0589823,0,0,3.40989,4
1777238927662,0.154691,-0.990808,-0.562619,-0.375872,-0.00356998,-0.0231087,0,0,3.45266,4
1777238927676,0.141609,-1.0028,-0.570388,-0.411458,-0.0141327,0.0100303,0,0,3.42429,4
1777238927689,0.152933,-1.02096,-0.577295,-0.435032,-0.0264211,0.0268319,0,0,3.36055,4
1777238927703,0.15871,-1.04973,-0.586767,-0.485835,-0.0411142,0.0473217,0,0,3.42755,4
1777238927716,0.158064,-1.04719,-0.59203,-0.532203,-0.0566919,0.0685696,0,0,3.37933,4
1777238927730,0.158855,-1.0614,-0.598627,-0.586251,-0.0713781,0.0903602,0,0,3.5162,4
1777238927744,0.154747,-1.06242,-0.601169,-0.652334,-0.083553,0.108544,0,0,3.38439,4
1777238927757,0.143299,-1.05747,-0.597296,-0.713675,-0.0939532,0.128673,0,0,3.55363,4
1777238927771,0.138057,-1.03436,-0.603456,-0.776676,-0.101857,0.143054,0,0,3.45398,4
1777238927784,0.133023,-0.99882,-0.609255,-0.828235,-0.107909,0.154377,0,0,3.36348,4
1777238927798,0.120094,-0.978514,-0.620177,-0.871672,-0.110967,0.156383,0,0,3.44772,4
1777238927811,0.113052,-0.974718,-0.632651,-0.914001,-0.110946,0.154505,0,0,3.36109,4
1777238927825,0.0925565,-0.979755,-0.646152,-0.965853,-0.103664,0.14836,0,0,3.46263,4
1777238927839,0.0758559,-0.969586,-0.66225,-1.02275,-0.0913354,0.140669,0,0,3.3877,4
1777238927852,0.0646375,-0.938205,-0.673652,-1.07047,-0.0758329,0.126524,0,0,3.47168,4
1777238927866,0.0530315,-0.919936,-0.680882,-1.10678,-0.057418,0.118223,0,0,3.45989,4
1777238927879,0.0494213,-0.901853,-0.690408,-1.1434,-0.0374285,0.11072,0,0,3.38494,4
1777238927893,0.0415898,-0.883934,-0.706657,-1.17509,-0.0191802,0.101376,0,0,3.45202,4
1777238927906,0.0347581,-0.867186,-0.721313,-1.21228,0.00196813,0.0991749,0,0,3.37492,4
1777238927920,0.0400867,-0.844441,-0.736449,-1.24239,0.019948,0.0971241,0,0,3.48157,4
1777238927933,0.0479946,-0.834988,-0.757023,-1.25511,0.0359618,0.107591,0,0,3.39991,4
1777238927947,0.0505495,-0.828453,-0.77524,-1.27224,0.0523218,0.118221,0,0,3.4942,4
1777238927961,0.0517382,-0.838062,-0.797168,-1.29782,0.0667822,0.130541,0,0,3.46026,4
1777238927974,0.0546684,-0.847787,-0.82425,-1.34702,0.0770513,0.135031,0,0,3.45292,4
1777238927988,0.0616843,-0.853464,-0.847957,-1.41403,0.0816649,0.149434,0,0,3.45539,4
1777238928001,0.0704781,-0.84871,-0.875971,-1.48605,0.0832195,0.15206,0,0,3.36833,4
1777238928019,0.0789174,-0.843681,-0.90277,-1.55277,0.0760289,0.164821,0,0,7.31509,4
1777238928032,0.0694189,-0.850285,-0.930414,-1.62115,0.062047,0.197465,0,0,3.39122,4
1777238928046,0.0418691,-0.872909,-0.956087,-1.69458,0.0465405,0.277506,0,0,3.46052,4
1777238928059,0.0123198,-0.880327,-0.99411,-1.77548,0.0307303,0.395504,0,0,3.4077,4
1777238928073,-0.0272017,-0.85614,-1.00673,-1.83516,0.0233312,0.560796,0,0,3.48624,4
1777238928087,-0.0680461,-0.849842,-1.00227,-1.84829,0.0447989,0.740663,0,0,3.44474,4
1777238928100,-0.0923768,-0.871238,-0.952779,-1.85881,0.100589,0.880184,0,0,3.41229,4
1777238928114,-0.0701664,-0.812087,-0.895591,-1.85508,0.181802,0.892621,0,0,3.45748,4
1777238928127,-0.0348614,-0.69626,-0.91691,-1.90021,0.238995,0.756892,0,0,3.37207,4
1777238928141,0.0166064,-0.577712,-0.904921,-1.79296,0.260956,0.611977,0,0,3.46452,4
1777238928154,0.0653456,-0.516094,-0.89168,-1.64747,0.236255,0.400375,0,0,3.39879,4
1777238928168,0.0929598,-0.400761,-0.868796,-1.44953,0.188826,0.205847,0,0,3.57009,4
1777238928182,0.0911336,-0.353646,-0.846997,-1.21349,0.139161,0.0509414,0,0,3.41913,4
1777238928195,0.068894,-0.327409,-0.828167,-0.991013,0.0983215,-0.0709204,0,0,3.53091,4
1777238928209,0.0438263,-0.305659,-0.812751,-0.771277,0.0733468,-0.136136,0,0,3.46946,4
1777238928222,0.0252147,-0.284973,-0.795828,-0.569499,0.0591885,-0.145342,0,0,3.40718,4
1777238928236,0.01964,-0.253469,-0.777596,-0.371771,0.0524535,-0.11449,0,0,3.48915,4
1777238928250,0.0273147,-0.227725,-0.755686,-0.179389,0.0497545,-0.0789326,0,0,3.41159,4
1777238928263,0.0436938,-0.191347,-0.730455,0.00837147,0.0472509,-0.0641359,0,0,3.59915,4
1777238928277,0.0636411,-0.155516,-0.701727,0.203325,0.0445157,-0.0768944,0,0,3.47829,4
1777238928291,0.0778714,-0.115977,-0.671091,0.404374,0.0413967,-0.122437,0,0,3.51313,4
1777238928304,0.0813472,-0.0773056,-0.639859,0.620337,0.0419654,-0.185199,0,0,3.49833,4
1777238928318,0.0773837,-0.0386469,-0.607982,0.851388,0.0472104,-0.253289,0,0,3.41096,4
1777238928331,0.0735243,-0.0025731,-0.572905,1.10375,0.056314,-0.310604,0,0,3.50465,4
1777238928345,0.0697874,0.0300018,-0.534505,1.33668,0.0650199,-0.345172,0,0,3.41076,4
1777238928359,0.0617494,0.0545845,-0.495181,1.53078,0.0713207,-0.351766,0,0,3.52113,4
1777238928372,0.0517786,0.0429198,-0.458336,1.69253,0.0753245,-0.325517,0,0,3.47648,4
1777238928386,0.0375561,-0.0213846,-0.435387,1.82733,0.07632,-0.265628,0,0,3.49124,4
1777238928399,0.0283283,-0.12959,-0.434668,1.93966,0.0675313,-0.180797,0,0,3.47492,4
1777238928413,0.0230833,-0.231902,-0.446462,2.03326,0.0518995,-0.0851935,0,0,3.44303,4
1777238928427,0.0253498,-0.316324,-0.465292,2.11127,0.0321682,-0.00294114,0,0,3.482,4
1777238928440,0.0364865,-0.38441,-0.48283,2.17627,0.00968212,0.0431852,0,0,3.38454,4
1777238928454,0.0565793,-0.452307,-0.504653,2.23044,-0.0179621,0.0565856,0,0,3.48348,4
1777238928467,0.0708715,-0.516532,-0.52627,2.27559,-0.0527674,0.0482743,0,0,3.4793,5
1777238928481,0.0725351,-0.581624,-0.54697,2.3132,-0.0872298,0.033511,0,0,3.51974,5
1777238928495,0.0722101,-0.658729,-0.565327,2.34455,-0.120096,0.0209157,0,0,3.41128,5
1777238928508,0.0782013,-0.733619,-0.582424,2.37068,-0.156441,0.00988518,0,0,3.42218,5
1777238928522,0.0862984,-0.789408,-0.590608,2.39245,-0.197709,-0.0146886,0,0,3.4953,5
1777238928535,0.0870873,-0.838617,-0.594303,2.41059,-0.240304,-0.052444,0,0,3.39055,5
1777238928549,0.0746463,-0.910456,-0.599281,2.42571,-0.276157,-0.0819858,0,0,3.47231,5
1777238928562,0.0530029,-0.989334,-0.609266,2.43831,-0.305233,-0.0903062,0,0,3.39989,5
1777238928576,0.0347906,-1.05277,-0.621151,2.4488,-0.327109,-0.0666292,0,0,3.48589,5
1777238928590,0.0304635,-1.11038,-0.634752,2.45755,-0.341598,-0.0185269,0,0,3.39626,5
1777238928603,0.0329478,-1.17964,-0.656019,2.45348,-0.344881,0.013225,0,0,3.46228,5
1777238928617,0.0411852,-1.24518,-0.681337,2.4134,-0.337503,0.00750941,0,0,3.45842,5
1777238928630,0.0324122,-1.29559,-0.708401,2.33354,-0.317945,-0.0197218,0,0,3.43966,5
1777238928644,-0.00985345,-1.34025,-0.745732,2.21089,-0.275615,-0.0405697,0,0,3.47578,5
1777238928657,-0.0624423,-1.36629,-0.785544,2.0476,-0.207707,-0.0192279,0,0,3.40246,5
1777238928671,-0.074096,-1.34923,-0.827058,1.86959,-0.127555,0.0577426,0,0,3.566,5
1777238928685,-0.0285573,-1.3191,-0.864293,1.69734,-0.0539296,0.12761,0,0,3.40504,5
1777238928698,0.0388732,-1.29767,-0.901832,1.50235,-0.000590185,0.131647,0,0,3.49798,5
1777238928712,0.0909195,-1.28187,-0.928956,1.27893,0.0293173,0.0839679,0,0,3.39878,5
1777238928725,0.108633,-1.25843,-0.933878,1.04673,0.0341512,0.0151895,0,0,3.43402,5
1777238928739,-0.0586576,-1.37684,-0.504769,0.594033,0.0846807,-0.0600774,0,0,3.47615,5
1777238928752,0.00797797,-1.2777,-0.332924,0.284162,0.0898675,-0.111909,0,0,3.38115,5
1777238928766,0.110487,-1.21556,-0.277664,0.0357839,0.0676631,-0.141846,0,0,3.47894,5
1777238928780,0.110276,-1.20372,-0.241526,-0.173615,0.0367549,-0.097912,0,0,3.44268,5
1777238928793,0.0957444,-1.14802,-0.22202,-0.314921,0.0265324,-0.0740488,0,0,3.48387,5
1777238928807,0.0913636,-1.1299,-0.206823,-0.411493,0.0501892,-0.0290737,0,0,3.40033,5
1777238928820,0.0901982,-1.14109,-0.192084,-0.500493,0.0804503,0.00321463,0,0,3.46116,5
1777238928834,0.0920496,-1.16976,-0.185817,-0.614139,0.106991,0.0167628,0,0,3.44589,5
1777238928847,0.101024,-1.1351,-0.184849,-0.721477,0.109732,0.0263736,0,0,3.44465,5
1777238928861,0.0951435,-1.09224,-0.181563,-0.764246,0.103326,0.0344971,0,0,3.47572,5
1777238928875,0.0902628,-1.08288,-0.186785,-0.797012,0.0899854,0.0310249,0,0,3.47187,5
1777238928888,0.0871513,-1.05745,-0.190161,-0.807344,0.0721125,0.0254851,0,0,3.46181,5
1777238928902,0.0801388,-1.05155,-0.190679,-0.809746,0.0550429,0.0143674,0,0,3.38746,5
1777238928915,0.0814177,-1.04695,-0.191418,-0.812766,0.0419123,0.00930107,0,0,3.48078,5
1777238928929,0.0748069,-1.0379,-0.195277,-0.814264,0.0338964,0.00553715,0,0,3.38918,5
1777238928942,0.0733138,-1.02879,-0.19792,-0.812828,0.0285396,0.00715882,0,0,3.41972,5
1777238928956,0.071921,-1.0247,-0.201951,-0.811453,0.0219128,0.00875195,0,0,3.45866,1
1777238928969,0.0717734,-1.01019,-0.212948,-0.804226,0.0123828,0.00827293,0,0,3.36555,1
1777238928983,0.0720635,-1.00711,-0.223107,-0.790151,0.0039704,0.0115252,0,0,3.48335,1
1777238928997,0.0693555,-0.998096,-0.242929,-0.768064,-0.00441398,0.0071361,0,0,3.40013,1
1777238929010,0.0518195,-0.98535,-0.251067,-0.737662,-0.00500147,-0.00320083,0,0,3.47991,1
1777238929024,0.0459561,-0.962862,-0.273929,-0.681881,-0.00662336,-0.0256826,0,0,3.41816,1
1777238929037,0.0531228,-0.958716,-0.289436,-0.619163,-0.0115118,-0.0419111,0,0,3.5405,1
1777238929051,0.0571252,-0.965925,-0.306405,-0.571389,-0.0181046,-0.0542898,0,0,3.48259,1
1777238929065,0.0674849,-0.961021,-0.318726,-0.527112,-0.0234205,-0.0547707,0,0,3.41429,1
1777238929078,0.0710103,-0.964646,-0.32849,-0.485354,-0.0287156,-0.0491028,0,0,3.60503,1
1777238929092,0.0749076,-0.96612,-0.341214,-0.452082,-0.0354437,-0.0419241,0,0,3.39444,1
1777238929105,0.0726935,-0.963571,-0.348368,-0.421252,-0.0388748,-0.0334355,0,0,3.48493,1
1777238929119,0.0717042,-0.956371,-0.358762,-0.388295,-0.0411616,-0.0254202,0,0,3.40337,1
1777238929133,0.0679176,-0.94478,-0.368623,-0.350755,-0.0426474,-0.0206364,0,0,3.5687,1
1777238929146,0.062571,-0.948775,-0.375319,-0.315909,-0.0451196,-0.0133166,0,0,3.39461,1
1777238929160,0.0672587,-0.946742,-0.385572,-0.291998,-0.0472816,-0.0101048,0,0,3.46935,1
1777238929173,0.0675646,-0.941567,-0.391996,-0.267339,-0.0491723,-0.010011,0,0,3.46676,1
1777238929187,0.0664146,-0.94753,-0.397059,-0.249017,-0.0502009,-0.0117649,0,0,3.41881,4
1777238929200,0.0664779,-0.948267,-0.401745,-0.235377,-0.0500274,-0.0149822,0,0,3.43811,4
1777238929214,0.0646668,-0.942763,-0.40739,-0.21962,-0.0489542,-0.0176506,0,0,3.39574,4
1777238929228,0.063384,-0.940686,-0.412194,-0.198933,-0.0474109,-0.0145307,0,0,3.48167,4
1777238929241,0.0651978,-0.939237,-0.415657,-0.178678,-0.0454506,-0.00923358,0,0,3.38135,4
1777238929255,0.0663543,-0.938943,-0.419147,-0.160311,-0.0433844,-0.00180406,0,0,3.40291,4
1777238929268,0.068195,-0.93975,-0.421887,-0.144394,-0.0420188,0.00614292,0,0,3.35307,4
1777238929282,0.0703721,-0.940998,-0.42417,-0.131117,-0.041237,0.0152336,0,0,3.45281,4
1777238929295,0.0690452,-0.940923,-0.426891,-0.119684,-0.0408782,0.0233435,0,0,3.4342,4
1777238929309,0.0668637,-0.941823,-0.429801,-0.110398,-0.0394214,0.0279008,0,0,3.41974,4
1777238929322,0.0619777,-0.944053,-0.431588,-0.104238,-0.0375331,0.0288104,0,0,3.39413,4
1777238929336,0.0603414,-0.94261,-0.432978,-0.101356,-0.0354252,0.0254209,0,0,3.45298,4
1777238929349,0.0598538,-0.941165,-0.434539,-0.0977966,-0.0321164,0.0230416,0,0,3.47742,4
1777238929363,0.0610711,-0.939105,-0.437696,-0.0922478,-0.0299061,0.0230181,0,0,3.43683,4
1777238929376,0.0595221,-0.940181,-0.439729,-0.0853973,-0.0278098,0.0251487,0,0,3.41824,4
1777238929390,0.0611049,-0.942626,-0.442814,-0.082882,-0.0262537,0.0254738,0,0,3.43391,4
1777238929403,0.0599053,-0.942594,-0.444912,-0.0824144,-0.0243081,0.0245997,0,0,3.35624,4
1777238929417,0.0594108,-0.942341,-0.445801,-0.0823428,-0.022814,0.0224336,0,0,3.41148,4
1777238929430,0.0593353,-0.94344,-0.448504,-0.084306,-0.0217725,0.0183766,0,0,3.36333,4
1777238929444,0.0571143,-0.944491,-0.45056,-0.0884484,-0.0205356,0.0130873,0,0,3.45405,4
1777238929457,0.0570197,-0.942605,-0.452829,-0.0944576,-0.0200265,0.00697482,0,0,3.37978,4
1777238929471,0.0551681,-0.941611,-0.455216,-0.101196,-0.0193351,0.00194466,0,0,3.37509,4
1777238929484,0.0554587,-0.937948,-0.457933,-0.103617,-0.0181482,-0.00224713,0,0,3.42667,4
1777238929498,0.0565796,-0.936216,-0.461192,-0.104236,-0.0173245,-0.00334844,0,0,3.37133,4
1777238929512,0.0573597,-0.933361,-0.464569,-0.101876,-0.0158493,-0.00392268,0,0,3.42607,4
1777238929525,0.0553669,-0.931655,-0.46438,-0.0960924,-0.0137167,-0.00372691,0,0,3.35294,4
1777238929539,0.0565642,-0.934548,-0.467079,-0.0933849,-0.0114814,-0.00533222,0,0,3.43618,4
1777238929552,0.0550944,-0.934165,-0.469487,-0.090378,-0.00886812,-0.00761146,0,0,3.39587,4
1777238929566,0.0542686,-0.937757,-0.470516,-0.0906967,-0.00623234,-0.01175,0,0,3.41876,4
1777238929579,0.0551281,-0.942517,-0.473693,-0.0981124,-0.00444298,-0.0185957,0,0,3.3947,4
1777238929593,0.0570969,-0.943625,-0.476484,-0.108338,-0.00384243,-0.0270232,0,0,3.40029,4
1777238929606,0.0611225,-0.941145,-0.48013,-0.116821,-0.00353281,-0.0333717,0,0,3.42868,4
1777238929620,0.0628804,-0.935099,-0.481558,-0.120493,-0.00308396,-0.0375935,0,0,3.33452,4
1777238929633,0.062959,-0.930236,-0.485532,-0.121136,-0.00306615,-0.0387707,0,0,3.44965,4
1777238929647,0.0665339,-0.930389,-0.486184,-0.12054,-0.00436174,-0.0393318,0,0,3.35728,4
1777238929660,0.0701203,-0.933514,-0.49016,-0.124979,-0.00584852,-0.0392269,0,0,3.4215,4
1777238929674,0.0738132,-0.933074,-0.493998,-0.133818,-0.00895774,-0.039343,0,0,3.41854,4
1777238929687,0.0747674,-0.931341,-0.497652,-0.142113,-0.0131391,-0.037595,0,0,3.4533,4
1777238929701,0.0775262,-0.928742,-0.500407,-0.147308,-0.0177813,-0.0319653,0,0,3.42509,4
1777238929714,0.0803075,-0.92581,-0.503088,-0.149691,-0.02352,-0.0253528,0,0,3.33305,4
1777238929728,0.0811459,-0.922268,-0.505898,-0.147414,-0.0286713,-0.0143588,0,0,3.37278,4
1777238929741,0.0802331,-0.922184,-0.509464,-0.143977,-0.0327477,-0.00611329,0,0,3.42457,4
1777238929755,0.0823682,-0.927998,-0.51359,-0.146253,-0.0365646,0.000948849,0,0,3.38429,4
1777238929768,0.0813265,-0.931824,-0.515273,-0.152476,-0.0411448,0.00529452,0,0,3.41876,4
1777238929782,0.0838965,-0.934406,-0.518279,-0.164748,-0.0470481,0.00878869,0,0,3.42846,4
1777238929795,0.0893451,-0.93713,-0.523013,-0.179936,-0.0543976,0.0170567,0,0,3.4177,4
1777238929809,0.0938505,-0.938079,-0.527026,-0.192122,-0.0646952,0.0309569,0,0,3.35718,4
1777238929822,0.0932581,-0.940094,-0.532859,-0.20416,-0.0754521,0.04623,0,0,3.41748,4
1777238929836,0.0900736,-0.949436,-0.542877,-0.218734,-0.0895307,0.0718456,0,0,3.34396,4
1777238929849,0.0864401,-0.968871,-0.549356,-0.242584,-0.104762,0.10435,0,0,3.40152,4
1777238929863,0.0665241,-0.980566,-0.552696,-0.264901,-0.110813,0.144744,0,0,3.40002,4
1777238929876,0.0692753,-1.00413,-0.573388,-0.295408,-0.120792,0.158559,0,0,3.39457,4
1777238929890,0.0724361,-0.992555,-0.575395,-0.336555,-0.119718,0.168558,0,0,3.46689,4
1777238929903,0.0522099,-0.997011,-0.580291,-0.367994,-0.112793,0.176432,0,0,3.34763,4
1777238929917,0.0412442,-1.01976,-0.585121,-0.412031,-0.105216,0.180423,0,0,3.41518,4
1777238929930,0.027509,-1.0132,-0.590794,-0.456743,-0.0923618,0.175709,0,0,3.34806,4
1777238929943,0.022565,-1.02314,-0.59527,-0.504398,-0.0779096,0.162226,0,0,3.36418,4
1777238929957,0.0133181,-1.02151,-0.600152,-0.553639,-0.0607771,0.151715,0,0,3.43241,4
1777238929971,0.00757383,-1.00571,-0.605003,-0.600387,-0.0440318,0.134113,0,0,3.46857,4
1777238929984,0.00622191,-1.0018,-0.611981,-0.644381,-0.0286525,0.122016,0,0,3.40724,4
1777238929998,0.0101956,-0.983646,-0.619938,-0.68533,-0.0165742,0.108563,0,0,3.42267,4
1777238930011,0.0145786,-0.976857,-0.630096,-0.721808,-0.00930805,0.102899,0,0,3.43098,4
1777238930025,0.0195422,-0.973086,-0.640652,-0.762919,-0.00553025,0.0983572,0,0,3.35187,4
1777238930038,0.022018,-0.977437,-0.65593,-0.803857,-0.00408691,0.0970407,0,0,3.43942,4
1777238930052,0.0154168,-0.990351,-0.669902,-0.85684,2.9354e-05,0.0962489,0,0,3.36785,4
1777238930065,0.00917082,-1.00922,-0.682452,-0.91495,0.0049354,0.092841,0,0,3.50994,4
1777238930079,0.000562897,-1.02483,-0.69309,-0.986211,0.0123826,0.0901411,0,0,3.3847,4
1777238930092,3.83204e-05,-1.03581,-0.713169,-1.05958,0.0215656,0.0861863,0,0,3.45176,4
1777238930106,-0.0156343,-1.05525,-0.724328,-1.14104,0.0357449,0.0831705,0,0,3.42741,4
1777238930119,-0.0213274,-1.07403,-0.734917,-1.23194,0.0539604,0.0821968,0,0,3.36072,4
1777238930133,-0.0297448,-1.09818,-0.749291,-1.32177,0.0749289,0.0842479,0,0,3.40298,4
1777238930146,-0.0322595,-1.1291,-0.767432,-1.41715,0.0977588,0.0969496,0,0,3.36102,4
1777238930160,-0.0313222,-1.15658,-0.790679,-1.52146,0.117496,0.130232,0,0,3.44135,4
1777238930173,-0.0211787,-1.17391,-0.804525,-1.64032,0.125445,0.176224,0,0,3.36585,4
1777238930187,0.0227595,-1.17911,-0.823978,-1.75694,0.12609,0.221395,0,0,3.37541,4
1777238930200,0.0512884,-1.18536,-0.84045,-1.87429,0.107747,0.260348,0,0,3.40609,4
1777238930214,0.0678864,-1.19806,-0.853624,-1.9788,0.0713538,0.338509,0,0,3.33509,4
1777238930227,0.0659863,-1.20314,-0.853867,-2.0659,0.0311154,0.46961,0,0,3.39181,4
1777238930241,0.0503419,-1.20156,-0.84195,-2.13848,0.00475904,0.632487,0,0,3.34037,4
1777238930254,0.0437082,-1.20276,-0.799881,-2.19896,-0.00300614,0.803942,0,0,3.39315,4
1777238930267,0.0211228,-1.18396,-0.734788,-2.24936,0.0267697,0.932547,0,0,3.35702,4
1777238930281,-0.0169206,-1.14099,-0.69986,-2.29137,0.0997763,0.989095,0,0,3.37496,4
1777238930294,0.0232072,-0.880484,-0.690285,-2.32637,0.164063,0.90076,0,0,3.41948,4
1777238930308,0.0710444,-0.646357,-0.685703,-2.19936,0.216884,0.809157,0,0,3.32957,4
1777238930321,0.120524,-0.44453,-0.673844,-1.97855,0.229465,0.630252,0,0,3.34974,4
1777238930335,0.148074,-0.27451,-0.665413,-1.65929,0.220546,0.409625,0,0,3.32339,4
1777238930348,0.144969,-0.202948,-0.665428,-1.30599,0.209056,0.185171,0,0,3.36379,4
1777238930362,0.115281,-0.174693,-0.673066,-0.971948,0.207025,-0.0184392,0,0,3.3315,4
1777238930375,0.0732591,-0.169753,-0.684394,-0.669537,0.220511,-0.164488,0,0,3.34266,4
1777238930388,0.0372248,-0.175727,-0.698508,-0.418927,0.240998,-0.230559,0,0,3.32128,4
1777238930402,0.0130166,-0.169396,-0.709991,-0.212058,0.261671,-0.226319,0,0,3.45305,4
1777238930415,0.0061539,-0.16168,-0.713815,-0.0383942,0.278467,-0.186767,0,0,3.40474,4
1777238930429,0.0162169,-0.151088,-0.707291,0.106605,0.287526,-0.153413,0,0,3.35444,4
1777238930442,0.0365678,-0.126867,-0.69175,0.241306,0.285865,-0.144981,0,0,3.37403,4
1777238930456,0.0588054,-0.0917152,-0.666965,0.379345,0.27359,-0.165805,0,0,3.3807,4
1777238930469,0.0733833,-0.0508038,-0.635987,0.535243,0.253742,-0.206873,0,0,3.40504,4
1777238930483,0.0744264,-0.00785188,-0.602851,0.710883,0.23336,-0.256822,0,0,3.36637,4
1777238930496,0.0685117,0.0399923,-0.564461,0.909515,0.216108,-0.296626,0,0,3.58303,4
1777238930510,0.0616712,0.067666,-0.530197,1.13818,0.202545,-0.304033,0,0,3.42054,4
1777238930523,0.0567617,0.0552426,-0.503666,1.36537,0.19034,-0.288946,0,0,3.36515,4
1777238930537,0.0522096,0.0413679,-0.481821,1.55469,0.179609,-0.265878,0,0,3.3905,4
1777238930550,0.0490616,0.0118524,-0.465268,1.71246,0.170806,-0.238549,0,0,3.37326,5
1777238930564,0.0458136,-0.0343635,-0.459485,1.84393,0.161614,-0.201056,0,0,3.39157,5
1777238930577,0.040034,-0.0900603,-0.462829,1.95349,0.153024,-0.156669,0,0,3.38037,5
1777238930591,0.0307049,-0.154696,-0.473164,2.04479,0.147609,-0.107186,0,0,3.39994,5
1777238930604,0.0226052,-0.227963,-0.490116,2.12088,0.144878,-0.0557845,0,0,3.47628,5
1777238930618,0.0179535,-0.311167,-0.511429,2.18428,0.143391,0.00187166,0,0,3.38042,5
1777238930631,0.0191265,-0.398881,-0.536207,2.23712,0.140675,0.0577684,0,0,3.50887,5
1777238930645,0.0241021,-0.4862,-0.565216,2.28115,0.135092,0.104629,0,0,3.42854,5
1777238930659,0.0327008,-0.571053,-0.601148,2.31691,0.126025,0.144481,0,0,3.52483,5
1777238930672,0.0476624,-0.65013,-0.63984,2.32022,0.107743,0.184205,0,0,3.42454,5
1777238930686,0.0698535,-0.720073,-0.67945,2.30458,0.0773432,0.217283,0,0,3.43792,5
1777238930699,0.100123,-0.775105,-0.717991,2.28699,0.0308394,0.240153,0,0,3.51904,5
1777238930713,0.131519,-0.806864,-0.746981,2.28825,-0.0306491,0.24145,0,0,3.38172,5
1777238930726,0.165051,-0.807285,-0.758414,2.32375,-0.105108,0.219326,0,0,3.48533,5
1777238930740,0.192524,-0.840304,-0.764994,2.35334,-0.192438,0.19295,0,0,3.39033,5
1777238930753,0.195176,-0.907386,-0.778718,2.378,-0.280047,0.176478,0,0,3.49252,5
1777238930767,0.182583,-0.97071,-0.789314,2.39855,-0.353143,0.14788,0,0,3.41179,5
1777238930781,0.157043,-1.01993,-0.793077,2.41568,-0.399044,0.089149,0,0,3.44046,5
1777238930794,0.114923,-1.0968,-0.80976,2.42995,-0.40956,0.0235275,0,0,3.44757,5
1777238930808,0.0684114,-1.16721,-0.833767,2.42596,-0.387407,-0.0306355,0,0,3.45567,5
1777238930821,0.0200186,-1.21113,-0.856637,2.36114,-0.339022,-0.0634304,0,0,3.47407,5
1777238930835,-0.0166889,-1.22925,-0.880548,2.24789,-0.277913,-0.0518281,0,0,3.39667,5
1777238930848,-0.0320232,-1.25296,-0.911055,2.09873,-0.214164,0.00351475,0,0,3.48215,5
1777238930862,-0.0113959,-1.2692,-0.940567,1.89776,-0.159284,0.0409061,0,0,3.40592,5
1777238930875,0.0261379,-1.24804,-0.963262,1.66579,-0.115612,0.026124,0,0,3.4545,5
1777238930889,0.0638087,-1.21452,-0.972478,1.42846,-0.0882519,-0.0214107,0,0,3.45452,5
1777238930903,0.0863815,-1.19095,-0.965134,1.20063,-0.0763804,-0.068313,0,0,3.51357,5
1777238930916,0.0921782,-1.1811,-0.938715,0.963603,-0.076373,-0.110871,0,0,3.43957,5
1777238930930,0.0923853,-1.1537,-0.897279,0.739084,-0.084751,-0.141642,0,0,3.37672,5
1777238930943,0.0950102,-1.12302,-0.856445,0.538295,-0.100193,-0.163213,0,0,3.44298,5
1777238930957,0.193032,-1.42122,-0.86436,0.382243,-0.162235,0.0232764,0,0,3.38161,5
1777238930970,0.361332,-1.33078,-0.610899,0.0955843,-0.133834,-0.0395979,0,0,3.42105,5
1777238930984,0.217879,-1.29536,-0.563953,-0.145041,-0.0723556,-0.0161153,0,0,3.4127,5
1777238930997,0.232857,-1.22288,-0.505145,-0.315448,-0.0868612,0.00700316,0,0,3.47663,5
1777238931011,0.183609,-1.15459,-0.451642,-0.416677,-0.0630968,0.0494619,0,0,3.46278,5
1777238931024,0.167167,-1.12624,-0.399237,-0.475437,-0.0203797,0.0836483,0,0,3.37613,5
1777238931038,0.163059,-1.14444,-0.363485,-0.542673,0.00897113,0.105699,0,0,3.4248,5
1777238931051,0.163159,-1.1746,-0.338783,-0.659073,0.0180739,0.10293,0,0,3.37737,5
1777238931065,0.156264,-1.12537,-0.316821,-0.744609,0.0142728,0.104236,0,0,3.46348,5
1777238931078,0.144327,-1.10039,-0.302321,-0.776283,0.00778457,0.10727,0,0,3.36581,5
1777238931092,0.132096,-1.09109,-0.293979,-0.795949,0.000749231,0.110028,0,0,3.41968,5
1777238931105,0.119354,-1.07796,-0.286446,-0.807591,-0.00540618,0.104743,0,0,3.46889,5
1777238931119,0.111026,-1.06257,-0.28293,-0.806173,-0.00993772,0.100594,0,0,3.342,5
1777238931132,0.101189,-1.04947,-0.279363,-0.797485,-0.0145791,0.0967418,0,0,3.38842,1
1777238931146,0.0897853,-1.035,-0.276556,-0.779698,-0.0197574,0.0907963,0,0,3.33263,1
1777238931159,0.0851925,-1.02859,-0.274793,-0.758311,-0.0257393,0.0841114,0,0,3.40355,1
1777238931173,0.0741271,-1.01983,-0.277349,-0.737282,-0.0270983,0.0720649,0,0,3.32913,1
1777238931186,0.0703751,-1.01281,-0.282593,-0.714274,-0.0283962,0.0622042,0,0,3.6003,1
1777238931200,0.0629674,-0.999446,-0.290233,-0.68416,-0.0285744,0.0513788,0,0,3.37246,1
1777238931213,0.0612007,-0.986844,-0.300953,-0.644497,-0.0298171,0.0443042,0,0,3.42568,1
1777238931227,0.052943,-0.981532,-0.303633,-0.600109,-0.0260053,0.0334087,0,0,3.41292,1
1777238931240,0.0511461,-0.965692,-0.317412,-0.546083,-0.0267983,0.0208813,0,0,3.34161,1
1777238931254,0.0526423,-0.965516,-0.326996,-0.49199,-0.0276373,0.0151874,0,0,3.42842,1
1777238931267,0.0500807,-0.967132,-0.332871,-0.447155,-0.0289853,0.0112312,0,0,3.36778,1
1777238931282,0.0516851,-0.966606,-0.339227,-0.408889,-0.0313809,0.0079344,0,0,4.65618,1
1777238931295,0.0525311,-0.965827,-0.342397,-0.374099,-0.0329064,0.00657383,0,0,3.35433,1
1777238931310,0.0561611,-0.968432,-0.34576,-0.346101,-0.0347503,0.0119667,0,0,4.13513,1
1777238931323,0.052428,-0.968506,-0.348937,-0.321941,-0.0352181,0.0174786,0,0,3.4138,1
1777238931337,0.0487043,-0.974168,-0.351053,-0.302254,-0.035608,0.0216393,0,0,3.3383,1
1777238931350,0.0432837,-0.980274,-0.354755,-0.292692,-0.0337827,0.017931,0,0,3.42652,1
1777238931364,0.0394781,-0.975088,-0.362892,-0.28746,-0.0307859,0.00626565,0,0,3.33507,1
1777238931377,0.031284,-0.964634,-0.370858,-0.276204,-0.0278432,-0.012514,0,0,3.41928,1
1777238931391,0.0332741,-0.95961,-0.37565,-0.259597,-0.0252892,-0.0281891,0,0,3.34956,1
1777238931405,0.0359993,-0.957244,-0.38216,-0.245555,-0.0233644,-0.0416843,0,0,4.74033,1
1777238931419,0.0402314,-0.957634,-0.386685,-0.23169,-0.0235797,-0.0496352,0,0,3.38396,1
1777238931433,0.0459647,-0.960482,-0.392448,-0.222172,-0.0237592,-0.0521133,0,0,3.93063,4
1777238931446,0.0479828,-0.960381,-0.397163,-0.213731,-0.0250029,-0.0533641,0,0,3.40957,4
1777238931460,0.0455205,-0.96364,-0.401223,-0.207728,-0.0259121,-0.0521419,0,0,3.33054,4
1777238931473,0.048337,-0.963541,-0.406165,-0.206949,-0.0270387,-0.0549274,0,0,3.42213,4
1777238931487,0.04808,-0.962683,-0.409232,-0.207813,-0.0271124,-0.0570832,0,0,3.32796,4
1777238931501,0.0494333,-0.956598,-0.411895,-0.204501,-0.0266522,-0.0588416,0,0,3.43891,4
1777238931514,0.0502544,-0.953695,-0.417747,-0.200252,-0.0254417,-0.0589584,0,0,3.40563,4
1777238931528,0.0535731,-0.95555,-0.421443,-0.197437,-0.0256925,-0.0596027,0,0,3.53746,4
1777238931542,0.0566797,-0.957354,-0.427034,-0.199276,-0.0255962,-0.0610175,0,0,3.38131,4
1777238931555,0.0584762,-0.95477,-0.432306,-0.205275,-0.026381,-0.061624,0,0,3.81194,4
1777238931569,0.0615158,-0.947669,-0.435853,-0.202474,-0.0281929,-0.0581345,0,0,3.40446,4
1777238931583,0.0634471,-0.939959,-0.439384,-0.194327,-0.0290411,-0.0517788,0,0,3.36624,4
1777238931596,0.0604912,-0.941533,-0.442353,-0.188745,-0.0291882,-0.0493322,0,0,3.39837,4
1777238931610,0.0610455,-0.936529,-0.445606,-0.184502,-0.0277968,-0.0491127,0,0,3.45005,4
1777238931623,0.0603685,-0.929741,-0.450039,-0.17295,-0.0254413,-0.0475812,0,0,3.42074,4
1777238931637,0.0604242,-0.925069,-0.45421,-0.159596,-0.0220281,-0.0474754,0,0,3.36991,4
1777238931650,0.0612446,-0.919275,-0.456641,-0.140872,-0.0180514,-0.0445883,0,0,3.66454,4
1777238931664,0.0629221,-0.920133,-0.460102,-0.12406,-0.0143813,-0.0417752,0,0,3.39091,4
1777238931677,0.0658906,-0.921842,-0.462239,-0.110241,-0.0116154,-0.0383114,0,0,3.34524,4
1777238931691,0.0687575,-0.923777,-0.464127,-0.0997425,-0.00995942,-0.0346234,0,0,3.39598,4
1777238931705,0.0713753,-0.927869,-0.466698,-0.0933096,-0.00959722,-0.0307739,0,0,3.35785,4
1777238931718,0.0722325,-0.929331,-0.469735,-0.0904297,-0.00993153,-0.0266119,0,0,3.39968,4
1777238931732,0.0737811,-0.926805,-0.471793,-0.0859179,-0.0105791,-0.0220239,0,0,3.37124,4
1777238931746,0.0749648,-0.927184,-0.473709,-0.0820054,-0.0112841,-0.0173482,0,0,3.4185,4
1777238931759,0.07403,-0.927675,-0.4755,-0.0798136,-0.0117189,-0.0143296,0,0,3.37254,4
1777238931773,0.0749879,-0.927844,-0.47905,-0.0793231,-0.0120431,-0.0129464,0,0,3.75229,4
1777238931786,0.0742753,-0.927508,-0.481103,-0.0799702,-0.0121606,-0.0121754,0,0,3.38076,4
1777238931800,0.0736244,-0.925832,-0.482821,-0.0805986,-0.0127674,-0.0129452,0,0,3.29613,4
1777238931813,0.0739922,-0.927885,-0.485535,-0.0830688,-0.0133367,-0.0144645,0,0,3.58896,4
1777238931827,0.0728639,-0.930053,-0.489114,-0.0896057,-0.0133786,-0.0182878,0,0,3.309,4
1777238931840,0.0742006,-0.930777,-0.490645,-0.0994933,-0.0139096,-0.0238149,0,0,3.36637,4
1777238931854,0.0740743,-0.927255,-0.49413,-0.10697,-0.0142631,-0.0269705,0,0,3.37191,4
1777238931867,0.0747046,-0.921913,-0.49841,-0.110121,-0.0141506,-0.0284932,0,0,3.3457,4
1777238931881,0.0767639,-0.919495,-0.500453,-0.109134,-0.0148074,-0.0278283,0,0,3.34509,4
1777238931894,0.0771685,-0.923123,-0.502163,-0.111148,-0.0148713,-0.027605,0,0,3.30141,4
1777238931908,0.079643,-0.927076,-0.504741,-0.116364,-0.016235,-0.0266683,0,0,3.37092,4
1777238931921,0.0827567,-0.927324,-0.508492,-0.12412,-0.0188981,-0.0255951,0,0,3.37965,4
1777238931934,0.0846235,-0.931303,-0.5094,-0.135342,-0.0217662,-0.024599,0,0,3.369,4
1777238931948,0.0863087,-0.928902,-0.51289,-0.145686,-0.0256067,-0.0225856,0,0,3.35163,4
1777238931961,0.0850695,-0.927236,-0.513444,-0.156239,-0.0289725,-0.0224092,0,0,3.42292,4
1777238931975,0.0888514,-0.925629,-0.516755,-0.165314,-0.0330242,-0.0191578,0,0,3.33929,4
1777238931988,0.0888857,-0.927097,-0.52185,-0.174136,-0.0370367,-0.0147561,0,0,3.32478,4
1777238932002,0.0891084,-0.927503,-0.526274,-0.182683,-0.0407749,-0.00970137,0,0,3.36874,4
1777238932015,0.0902348,-0.930975,-0.529696,-0.191294,-0.0448187,-0.00518371,0,0,3.53718,4
1777238932029,0.0886712,-0.931964,-0.535338,-0.203432,-0.0490538,0.0010492,0,0,3.40965,4
1777238932042,0.0915603,-0.933755,-0.542553,-0.219387,-0.0538425,0.00801174,0,0,3.33128,4
1777238932056,0.104106,-0.928554,-0.546404,-0.229006,-0.0643217,0.0236739,0,0,3.42333,4
1777238932069,0.095696,-0.935363,-0.551324,-0.236932,-0.0737159,0.0423109,0,0,3.32115,4
1777238932083,0.104158,-0.940245,-0.55981,-0.252049,-0.0828549,0.0582108,0,0,3.35909,4
1777238932096,0.100084,-0.952591,-0.564668,-0.266911,-0.096692,0.0890815,0,0,3.38524,4
1777238932110,0.0923969,-0.9562,-0.57709,-0.284118,-0.102472,0.121881,0,0,3.29705,4
1777238932123,0.0866235,-0.972267,-0.584594,-0.300798,-0.106946,0.133705,0,0,3.39728,4
1777238932137,0.0707047,-0.968104,-0.591302,-0.325309,-0.103155,0.142235,0,0,3.35185,4
1777238932150,0.0586209,-0.978162,-0.597061,-0.347656,-0.0973362,0.150081,0,0,3.42857,4
1777238932163,0.0590034,-1.00292,-0.602609,-0.38325,-0.0900066,0.150093,0,0,3.35526,4
1777238932177,0.0467242,-1.00938,-0.611994,-0.42711,-0.0796875,0.145345,0,0,3.36963,4
1777238932190,0.0415001,-1.0326,-0.619595,-0.479449,-0.0669278,0.131197,0,0,3.37641,4
1777238932204,0.0355489,-1.04159,-0.625873,-0.546208,-0.0533941,0.120158,0,0,3.32559,4
1777238932218,0.0340173,-1.04106,-0.632385,-0.608697,-0.0403475,0.105628,0,0,3.72105,4
1777238932231,0.0347464,-1.03295,-0.641964,-0.672769,-0.0281267,0.0920943,0,0,3.32026,4
1777238932245,0.0412991,-1.02562,-0.653498,-0.728249,-0.0198639,0.0864654,0,0,3.39822,4
1777238932258,0.0467631,-1.02044,-0.663384,-0.78592,-0.0155227,0.079599,0,0,3.34791,4
1777238932272,0.047743,-1.01337,-0.67187,-0.839526,-0.012961,0.0794496,0,0,3.42359,4
1777238932285,0.0448297,-1.01209,-0.683356,-0.89757,-0.0104828,0.0760553,0,0,3.33637,4
1777238932299,0.0379893,-1.01182,-0.695644,-0.955977,-0.00496975,0.0710257,0,0,3.42841,4
1777238932312,0.0242326,-1.02779,-0.707762,-1.01896,0.00458628,0.0693408,0,0,3.40468,4
1777238932326,0.00981152,-1.03977,-0.719665,-1.09076,0.0200178,0.0588527,0,0,3.37596,4
1777238932339,-0.0150309,-1.06306,-0.732445,-1.17456,0.0438062,0.0430006,0,0,3.39318,4
1777238932353,-0.0401386,-1.08725,-0.748399,-1.27096,0.0757291,0.0335565,0,0,3.33341,4
1777238932366,-0.0498735,-1.10435,-0.774669,-1.37006,0.109036,0.0295668,0,0,3.40537,4
1777238932380,-0.0723201,-1.12837,-0.786475,-1.47282,0.144909,0.051751,0,0,3.33802,4
1777238932393,-0.0744363,-1.13626,-0.807695,-1.56762,0.187972,0.0771716,0,0,3.39007,4
1777238932407,-0.0595444,-1.14674,-0.826376,-1.6533,0.221223,0.0955819,0,0,3.38226,4
1777238932420,-0.0538213,-1.16575,-0.848355,-1.7393,0.243195,0.142018,0,0,3.60894,4
1777238932434,-0.048048,-1.18499,-0.850129,-1.84325,0.250818,0.221733,0,0,3.4035,4
1777238932447,-0.036183,-1.2036,-0.835326,-1.94838,0.25502,0.345388,0,0,3.35313,4
1777238932461,-0.0251416,-1.18967,-0.803878,-2.04055,0.268776,0.450355,0,0,3.38504,4
1777238932474,-0.0267186,-1.19633,-0.748393,-2.11735,0.302899,0.543515,0,0,3.35474,4
1777238932488,-0.012356,-1.1785,-0.692304,-2.18135,0.354184,0.57686,0,0,3.42266,4
1777238932501,0.0137225,-1.19751,-0.661398,-2.23469,0.411057,0.569076,0,0,3.34757,4
1777238932515,0.0701769,-1.12571,-0.650038,-2.27914,0.424176,0.490006,0,0,3.467,4
1777238932528,0.115042,-0.943168,-0.640819,-2.31618,0.408085,0.47872,0,0,3.43002,4
1777238932542,0.167378,-0.792148,-0.626317,-2.26989,0.358137,0.46859,0,0,3.38148,4
1777238932555,0.210952,-0.591506,-0.604942,-2.12597,0.282532,0.414003,0,0,3.43722,4
1777238932569,0.231797,-0.401378,-0.582878,-1.85899,0.202886,0.297585,0,0,3.39752,4
1777238932583,0.235193,-0.288937,-0.574305,-1.53032,0.132799,0.12987,0,0,3.49778,4
1777238932596,0.221219,-0.224354,-0.575806,-1.18173,0.0795337,-0.0417237,0,0,3.41391,4
1777238932610,0.19136,-0.180763,-0.582353,-0.832738,0.0487463,-0.180724,0,0,3.49818,4
1777238932623,0.149093,-0.155463,-0.589838,-0.497778,0.0433064,-0.27096,0,0,3.58126,4
1777238932637,0.108374,-0.149358,-0.598686,-0.193988,0.0625772,-0.308001,0,0,3.41337,4
1777238932651,0.0742112,-0.141161,-0.606175,0.0784578,0.102555,-0.303537,0,0,3.46181,4
1777238932664,0.0545554,-0.134142,-0.604506,0.323969,0.153974,-0.271663,0,0,3.39383,4
1777238932678,0.0537042,-0.123125,-0.600096,0.55028,0.205716,-0.226182,0,0,3.47433,4
1777238932691,0.0689865,-0.112659,-0.594627,0.761773,0.246646,-0.182137,0,0,3.41431,4
1777238932705,0.0935794,-0.102735,-0.590426,0.961681,0.27059,-0.151284,0,0,3.50809,4
1777238932718,0.122781,-0.0839535,-0.584623,1.15791,0.275479,-0.144416,0,0,3.41418,4
1777238932732,0.156243,-0.0593464,-0.571155,1.36422,0.259973,-0.159151,0,0,3.59309,4
1777238932746,0.178152,-0.0318692,-0.547688,1.55373,0.226695,-0.184483,0,0,3.47267,4
1777238932759,0.181347,-0.0213962,-0.519688,1.71166,0.183225,-0.203138,0,0,3.40329,4
1777238932773,0.168227,-0.0519708,-0.497308,1.84326,0.137255,-0.196127,0,0,3.45883,5
1777238932786,0.151561,-0.131438,-0.486789,1.95294,0.0879925,-0.162841,0,0,3.40942,5
1777238932800,0.130527,-0.211855,-0.490428,2.04433,0.03521,-0.110154,0,0,3.49796,5
1777238932813,0.109692,-0.286919,-0.501502,2.12049,-0.0182156,-0.0459423,0,0,3.41885,5
1777238932827,0.0916338,-0.342762,-0.5134,2.18396,-0.0694163,0.0149845,0,0,3.48311,5
1777238932841,0.0794301,-0.385487,-0.52238,2.23685,-0.114043,0.0496372,0,0,3.43959,5
1777238932854,0.0659069,-0.439891,-0.528535,2.28092,-0.147262,0.0450921,0,0,3.42367,5
1777238932868,0.0492114,-0.516144,-0.539735,2.31765,-0.169093,0.0286327,0,0,3.4513,5
1777238932881,0.0211395,-0.597791,-0.555732,2.34826,-0.179651,0.0274611,0,0,3.40428,5
1777238932895,-0.00339407,-0.670609,-0.573964,2.37377,-0.182368,0.056701,0,0,3.46374,5
1777238932908,-0.0145929,-0.738111,-0.592175,2.39502,-0.18121,0.103828,0,0,3.41005,5
1777238932922,-0.00240722,-0.803635,-0.606892,2.41273,-0.184965,0.142045,0,0,3.48709,5
1777238932936,0.0310145,-0.857854,-0.615744,2.42749,-0.20242,0.161577,0,0,3.42446,5
1777238932949,0.0680749,-0.917411,-0.629479,2.4398,-0.237411,0.172968,0,0,3.58813,5
1777238932963,0.0900533,-1.02204,-0.660159,2.45005,-0.279815,0.183186,0,0,3.47644,5
1777238932976,0.0936611,-1.14837,-0.705939,2.45859,-0.315622,0.165632,0,0,3.37813,5
1777238932990,0.085823,-1.23286,-0.756174,2.45384,-0.337344,0.13052,0,0,3.45135,5
1777238933004,0.0622885,-1.29776,-0.804293,2.41549,-0.343919,0.102037,0,0,3.38854,5
1777238933017,0.0412119,-1.33206,-0.847648,2.34827,-0.337884,0.100069,0,0,3.38437,5
1777238933031,0.0176687,-1.33476,-0.896614,2.25122,-0.321875,0.100872,0,0,3.479,5
1777238933044,-0.0364879,-1.34476,-0.96242,2.10692,-0.281894,0.0419859,0,0,3.45293,5
1777238933058,-0.0344143,-1.37596,-1.04339,1.88368,-0.257074,0.0470874,0,0,3.45113,5
1777238933071,0.00782562,-1.33366,-1.11386,1.62094,-0.265577,0.100296,0,0,3.45459,5
1777238933085,0.0782795,-1.26759,-1.17278,1.36249,-0.302586,0.118083,0,0,3.45533,5
1777238933099,0.149069,-1.23381,-1.2123,1.09071,-0.36358,0.0731357,0,0,3.40744,5
1777238933112,0.186787,-1.21236,-1.22763,0.799526,-0.435935,0.000348428,0,0,3.46883,5
1777238933126,0.185337,-1.17791,-1.22289,0.518587,-0.503318,-0.0614781,0,0,3.46026,5
1777238933139,0.101204,-1.40936,-1.58884,0.368568,-0.594915,0.0718344,0,0,3.43859,5
1777238933153,0.342923,-1.39235,-1.13925,0.0208808,-0.51533,0.0128391,0,0,3.39994,5
1777238933166,0.296963,-1.37208,-0.994527,-0.30452,-0.432711,0.0143761,0,0,3.495,5
1777238933180,0.281831,-1.26083,-0.882391,-0.539034,-0.37544,0.0408859,0,0,3.43274,5
1777238933193,0.222044,-1.19477,-0.781975,-0.669259,-0.286874,0.0878884,0,0,3.37594,5
1777238933207,0.199154,-1.20144,-0.706019,-0.769433,-0.189927,0.106001,0,0,3.4322,5
1777238933221,0.202187,-1.22917,-0.645702,-0.910482,-0.135932,0.0927236,0,0,3.38007,5
1777238933234,0.195104,-1.15737,-0.596197,-1.00728,-0.11493,0.0795725,0,0,3.45848,5
1777238933248,0.191399,-1.13541,-0.56248,-1.04549,-0.108638,0.0734096,0,0,3.3933,5
1777238933261,0.169652,-1.10029,-0.536038,-1.05949,-0.101931,0.0630449,0,0,3.46228,5
1777238933275,0.152508,-1.06877,-0.511986,-1.03415,-0.0876651,0.0592804,0,0,3.43491,5
1777238933288,0.146664,-1.05356,-0.491104,-0.999002,-0.0810059,0.0557108,0,0,3.39685,5
1777238933302,0.140174,-1.02936,-0.476158,-0.94913,-0.0762454,0.0500898,0,0,3.46055,5
1777238933315,0.129102,-1.01712,-0.460383,-0.895408,-0.0719348,0.0459909,0,0,3.37802,5
1777238933329,0.121902,-1.00113,-0.452992,-0.841262,-0.0661416,0.04414,0,0,3.65929,5
1777238933343,0.1069,-0.966558,-0.451659,-0.759767,-0.0554488,0.03574,0,0,3.38885,5
1777238933356,0.106583,-0.96453,-0.450082,-0.679513,-0.0490954,0.0307376,0,0,3.47179,1
1777238933370,0.0990042,-0.95447,-0.444306,-0.605676,-0.0418288,0.0219887,0,0,3.38915,1
1777238933383,0.096478,-0.954228,-0.437361,-0.538407,-0.0373128,0.0178659,0,0,3.39985,1
1777238933397,0.093577,-0.958683,-0.430977,-0.484028,-0.0354961,0.0121656,0,0,3.44346,1
1777238933410,0.0870046,-0.959849,-0.435311,-0.44337,-0.0339821,-0.00248287,0,0,3.40724,1
1777238933424,0.0758935,-0.935253,-0.429938,-0.396879,-0.030265,-0.0315729,0,0,3.44476,1
1777238933438,0.0714262,-0.941758,-0.430452,-0.350631,-0.0312004,-0.0420232,0,0,3.41902,1
1777238933451,0.0799336,-0.942741,-0.43212,-0.317014,-0.0326416,-0.0562025,0,0,3.47433,1
1777238933465,0.0827194,-0.94382,-0.431542,-0.286456,-0.0329265,-0.0628787,0,0,3.39709,1
1777238933478,0.0845268,-0.951673,-0.431073,-0.263446,-0.0342454,-0.0645236,0,0,3.45887,1
1777238933492,0.0898601,-0.954985,-0.429507,-0.245925,-0.0358915,-0.0594821,0,0,3.41189,1
1777238933505,0.0917561,-0.945282,-0.428533,-0.224136,-0.035533,-0.0487796,0,0,3.40442,1
1777238933519,0.0936274,-0.942101,-0.428235,-0.193981,-0.035934,-0.0296955,0,0,3.44157,1
1777238933533,0.0935792,-0.948669,-0.428812,-0.174704,-0.0361155,-0.0136776,0,0,3.55215,1
1777238933546,0.0949208,-0.945395,-0.429024,-0.157266,-0.0372336,0.000841226,0,0,3.39668,1
1777238933560,0.090166,-0.950081,-0.428307,-0.145267,-0.0374148,0.0108791,0,0,3.33844,1
1777238933573,0.0858769,-0.953121,-0.428811,-0.140814,-0.0367642,0.0133916,0,0,3.43022,1
1777238933587,0.0837937,-0.952381,-0.431307,-0.139037,-0.0360313,0.0133862,0,0,3.36944,1
1777238933600,0.0822424,-0.950452,-0.431319,-0.135979,-0.0344026,0.0107098,0,0,3.43792,1
1777238933614,0.0816677,-0.94762,-0.43342,-0.131801,-0.031964,0.00743632,0,0,3.36241,4
1777238933627,0.0813295,-0.946447,-0.43576,-0.12757,-0.0294484,0.00553536,0,0,3.32233,4
1777238933641,0.0824515,-0.947198,-0.437437,-0.12398,-0.026576,0.00475275,0,0,3.43848,4
1777238933654,0.0816562,-0.945695,-0.439986,-0.118762,-0.0242204,0.00571635,0,0,3.36711,4
1777238933668,0.0827994,-0.943875,-0.442586,-0.112785,-0.0223847,0.00870764,0,0,3.42392,4
1777238933681,0.0843711,-0.942585,-0.445616,-0.106418,-0.02186,0.0128162,0,0,3.35804,4
1777238933695,0.0844167,-0.946322,-0.447281,-0.103974,-0.0214101,0.0155656,0,0,3.40659,4
1777238933709,0.08629,-0.951723,-0.448534,-0.108668,-0.0223837,0.0156177,0,0,3.39515,4
1777238933722,0.0852141,-0.955221,-0.450715,-0.118966,-0.023933,0.0133455,0,0,3.36381,4
1777238933736,0.0840547,-0.955685,-0.452963,-0.133133,-0.0252877,0.00838589,0,0,3.53126,4
1777238933749,0.0813109,-0.95094,-0.454915,-0.144812,-0.0262893,0.00511802,0,0,3.38204,4
1777238933763,0.081631,-0.949233,-0.456094,-0.150435,-0.0269587,0.00239478,0,0,3.37874,4
1777238933776,0.0823593,-0.948073,-0.45847,-0.155732,-0.0270584,-0.00115956,0,0,3.36205,4
1777238933790,0.08267,-0.944685,-0.463331,-0.163657,-0.0269253,-0.00564824,0,0,3.39555,4
1777238933803,0.0835188,-0.938816,-0.465976,-0.165007,-0.0264327,-0.0077603,0,0,3.39165,4
1777238933817,0.0851565,-0.934493,-0.46914,-0.16449,-0.0265438,-0.00883333,0,0,3.47596,4
1777238933830,0.08349,-0.92987,-0.473496,-0.162699,-0.0264837,-0.00948579,0,0,3.40881,4
1777238933844,0.085582,-0.927079,-0.477343,-0.158076,-0.0269425,-0.00887174,0,0,3.38122,4
1777238933858,0.0856288,-0.931702,-0.481165,-0.157086,-0.0280119,-0.00786386,0,0,3.40674,4
1777238933871,0.0864738,-0.930922,-0.483261,-0.159976,-0.0292847,-0.00870334,0,0,3.38944,4
1777238933885,0.0850841,-0.927478,-0.487622,-0.158606,-0.0302054,-0.00679477,0,0,3.40948,4
1777238933898,0.0847461,-0.926836,-0.490829,-0.15637,-0.0310872,-0.00547147,0,0,3.37963,4
1777238933912,0.0853214,-0.931973,-0.49577,-0.161237,-0.0315931,-0.00564098,0,0,3.41539,4
1777238933925,0.0852417,-0.927876,-0.497807,-0.165204,-0.0317601,-0.00569318,0,0,3.38989,4
1777238933939,0.0843039,-0.918431,-0.501731,-0.157746,-0.0312505,6.48395e-05,0,0,3.40433,4
1777238933952,0.0820741,-0.917759,-0.504174,-0.148275,-0.0301769,0.00432884,0,0,3.45883,4
1777238933967,0.0816181,-0.919202,-0.507677,-0.143015,-0.0294731,0.00813663,0,0,3.40029,4
1777238933981,0.0818012,-0.920326,-0.512135,-0.142195,-0.029281,0.0103301,0,0,3.41937,4
1777238933994,0.0842122,-0.918021,-0.51504,-0.142452,-0.0295281,0.0131759,0,0,3.34768,4
1777238934008,0.0833136,-0.919237,-0.520136,-0.143468,-0.0298866,0.0160435,0,0,3.38152,4
1777238934021,0.0832411,-0.914565,-0.521504,-0.14275,-0.0303508,0.0193365,0,0,3.33542,4
1777238934035,0.0848833,-0.91347,-0.524783,-0.141796,-0.032557,0.0224751,0,0,3.39517,4
1777238934048,0.0858908,-0.917055,-0.528788,-0.145479,-0.0352352,0.0261084,0,0,3.40289,4
1777238934061,0.0866047,-0.91592,-0.531396,-0.151805,-0.0392354,0.0280292,0,0,3.35224,4
1777238934075,0.0881254,-0.915129,-0.535591,-0.158145,-0.0443374,0.0306859,0,0,3.39328,4
1777238934088,0.0877406,-0.912479,-0.541325,-0.162945,-0.0491997,0.0328617,0,0,3.32163,4
1777238934102,0.0856692,-0.916612,-0.545467,-0.174236,-0.0535061,0.0318377,0,0,3.38454,4
1777238934115,0.084289,-0.913863,-0.550092,-0.183861,-0.0583289,0.0314551,0,0,3.33072,4
1777238934129,0.0826725,-0.913665,-0.555234,-0.192008,-0.0626151,0.0314797,0,0,3.33346,4
1777238934142,0.0798212,-0.911304,-0.559408,-0.198773,-0.0660342,0.0324672,0,0,3.38992,4
1777238934156,0.079662,-0.90459,-0.562454,-0.201624,-0.0686417,0.0362163,0,0,3.32322,4
1777238934169,0.0752129,-0.902943,-0.566127,-0.202638,-0.0693897,0.0410708,0,0,3.36704,4
1777238934182,0.0742776,-0.901673,-0.57144,-0.198102,-0.0698858,0.049442,0,0,3.32443,4
1777238934196,0.0659696,-0.910673,-0.575474,-0.195479,-0.0677547,0.059077,0,0,3.37074,4
1777238934209,0.0717858,-0.921125,-0.581807,-0.197645,-0.0658516,0.0667753,0,0,3.35555,4
1777238934223,0.0724281,-0.933127,-0.586855,-0.207859,-0.0666066,0.0792339,0,0,3.34404,4
1777238934236,0.0841815,-0.946154,-0.589952,-0.223292,-0.0676938,0.0837382,0,0,3.35618,4
1777238934250,0.0807453,-0.941893,-0.596758,-0.237527,-0.0707881,0.0988912,0,0,3.38442,4
1777238934263,0.0735475,-0.962386,-0.605016,-0.260357,-0.072158,0.109623,0,0,3.37517,4
1777238934277,0.0709336,-0.963901,-0.610191,-0.283592,-0.0740757,0.121772,0,0,3.32035,4
1777238934290,0.063034,-0.968014,-0.617869,-0.313223,-0.0745542,0.129441,0,0,3.37546,4
1777238934303,0.0545347,-0.987543,-0.623312,-0.34981,-0.0714542,0.130883,0,0,3.35498,4
1777238934317,0.0433914,-0.984648,-0.627492,-0.39231,-0.0656775,0.13099,0,0,3.34881,4
1777238934330,0.0342633,-0.992205,-0.634145,-0.43709,-0.0568941,0.125227,0,0,3.3525,4
1777238934344,0.0320646,-0.983452,-0.640146,-0.483899,-0.0468265,0.119242,0,0,3.39826,4
1777238934357,0.0348849,-0.979198,-0.646064,-0.526493,-0.0379661,0.114864,0,0,3.378,4
1777238934371,0.0410332,-0.956556,-0.651685,-0.573095,-0.0334323,0.10983,0,0,3.33344,4
1777238934384,0.0449558,-0.947128,-0.661424,-0.608037,-0.0335473,0.111321,0,0,3.38394,4
1777238934398,0.0481363,-0.956218,-0.670393,-0.652538,-0.0373708,0.114447,0,0,3.34346,4
1777238934411,0.0513481,-0.955425,-0.681334,-0.698743,-0.0448446,0.121708,0,0,3.40763,4
1777238934425,0.0510804,-0.968827,-0.69302,-0.751294,-0.0512509,0.129439,0,0,3.34565,4
1777238934438,0.0507514,-0.969042,-0.702942,-0.808788,-0.0580654,0.140474,0,0,3.42776,4
1777238934452,0.050498,-0.981036,-0.710848,-0.869779,-0.0676626,0.154059,0,0,3.39798,4
1777238934465,0.0504066,-0.989004,-0.720318,-0.936202,-0.0771743,0.167581,0,0,3.33385,4
1777238934479,0.0482362,-1.00322,-0.729473,-1.00636,-0.0854442,0.175681,0,0,3.38631,4
1777238934492,0.0436171,-1.00621,-0.743728,-1.08892,-0.0916615,0.180549,0,0,3.33378,4
1777238934505,0.0260947,-1.0079,-0.751664,-1.16841,-0.0916518,0.177149,0,0,3.39916,4
1777238934519,-0.00208377,-1.01033,-0.759198,-1.25013,-0.0824325,0.167701,0,0,3.34146,4
1777238934532,-0.0265491,-1.00453,-0.777386,-1.32709,-0.0629813,0.147728,0,0,3.34109,4
1777238934546,-0.0457958,-1.00377,-0.793788,-1.39969,-0.033006,0.116516,0,0,3.40676,4
1777238934559,-0.0568442,-1.01158,-0.818226,-1.46663,0.000561146,0.0866133,0,0,3.32481,4
1777238934573,-0.0632517,-1.0236,-0.839863,-1.5248,0.0309765,0.0790607,0,0,3.3802,4
1777238934586,-0.0781124,-1.04481,-0.867979,-1.59117,0.0695161,0.0784921,0,0,3.35874,4
1777238934600,-0.0340391,-1.06168,-0.900786,-1.66112,0.0919504,0.0457409,0,0,3.38722,4
1777238934613,-0.0262399,-1.10281,-0.936766,-1.75148,0.0926686,0.0142115,0,0,3.34115,4
1777238934627,-0.0257419,-1.15277,-0.937313,-1.859,0.0883689,0.00713556,0,0,3.34479,4
1777238934640,-0.0301675,-1.18816,-0.920544,-1.96606,0.0741369,0.0269259,0,0,3.35813,4
1777238934653,-0.0431787,-1.23096,-0.870403,-2.05528,0.0618316,0.0999574,0,0,3.37294,4
1777238934667,-0.0761912,-1.2354,-0.792285,-2.12963,0.0651269,0.182763,0,0,3.39342,4
1777238934680,-0.262558,-1.18746,-0.752451,-2.19159,0.174909,0.32028,0,0,3.35105,4
1777238934694,-0.256592,-0.917802,-0.703774,-2.24189,0.284281,0.368376,0,0,3.43094,4
1777238934707,-0.234426,-0.691916,-0.685318,-2.10122,0.411201,0.478812,0,0,3.37696,4
1777238934721,-0.157529,-0.535881,-0.670292,-1.86996,0.501777,0.541542,0,0,3.53828,4
1777238934734,-0.0741332,-0.388569,-0.649428,-1.56966,0.547372,0.528893,0,0,3.3808,4
1777238934748,0.0215979,-0.278781,-0.638424,-1.2145,0.54627,0.44236,0,0,3.43989,4
1777238934761,0.10954,-0.230013,-0.634821,-0.862506,0.505696,0.280618,0,0,3.44161,4
1777238934775,0.175084,-0.184036,-0.637742,-0.531147,0.439174,0.0620671,0,0,3.37,4
1777238934788,0.213492,-0.160846,-0.641918,-0.221999,0.362174,-0.18184,0,0,3.42446,4
1777238934802,0.229434,-0.164777,-0.652975,0.0463114,0.281392,-0.405961,0,0,3.36424,4
1777238934815,0.21741,-0.1688,-0.659358,0.272639,0.205906,-0.578351,0,0,3.44418,4
1777238934829,0.185769,-0.166857,-0.659946,0.465201,0.145901,-0.689491,0,0,3.36217,4
1777238934842,0.143273,-0.177749,-0.661486,0.625085,0.105528,-0.757719,0,0,3.43344,4
1777238934856,0.0931869,-0.186819,-0.661472,0.745917,0.0879402,-0.784994,0,0,3.43463,4
1777238934869,0.0483818,-0.186233,-0.656279,0.848493,0.0906753,-0.774404,0,0,3.32133,4
1777238934883,0.0150145,-0.17913,-0.650485,0.939788,0.107484,-0.738186,0,0,3.44002,4
1777238934896,-0.00842245,-0.164243,-0.643491,1.03275,0.133946,-0.690677,0,0,3.37561,4
1777238934910,-0.0193769,-0.139447,-0.632722,1.14112,0.164357,-0.64919,0,0,3.46609,4
1777238934923,-0.0183034,-0.119914,-0.619769,1.27109,0.193071,-0.616755,0,0,3.37341,4
1777238934937,-0.00726952,-0.118268,-0.607075,1.41697,0.213463,-0.591723,0,0,3.3557,4
1777238934950,0.0053345,-0.134597,-0.597115,1.56141,0.221601,-0.579311,0,0,3.50344,5
1777238934964,0.0160203,-0.15315,-0.590334,1.70395,0.21552,-0.559426,0,0,3.37583,5
1777238934977,0.0258448,-0.16855,-0.580425,1.83684,0.193684,-0.524547,0,0,3.48272,5
1777238934991,0.0307394,-0.175294,-0.564615,1.94758,0.157612,-0.479998,0,0,3.3705,5
1777238935004,0.0399112,-0.210457,-0.551082,2.03987,0.10857,-0.420673,0,0,3.45233,5
1777238935018,0.0418262,-0.277695,-0.544833,2.11677,0.0478156,-0.355688,0,0,3.37589,5
1777238935032,0.0334191,-0.325262,-0.540534,2.18086,-0.0140468,-0.286177,0,0,3.56683,5
1777238935045,0.0172727,-0.376696,-0.535128,2.23427,-0.0698354,-0.213316,0,0,3.39189,5
1777238935059,-0.00581834,-0.445963,-0.533427,2.27877,-0.112267,-0.139977,0,0,3.43178,5
1777238935072,-0.0234216,-0.533737,-0.539992,2.31586,-0.141228,-0.0692047,0,0,3.43257,5
1777238935086,-0.0355845,-0.634621,-0.560074,2.34677,-0.158504,-0.00792504,0,0,3.32657,5
1777238935099,-0.0364289,-0.712367,-0.578538,2.37252,-0.170802,0.0435612,0,0,3.4395,5
1777238935113,-0.0158323,-0.768382,-0.591449,2.39398,-0.188594,0.0906394,0,0,3.35285,5
1777238935126,0.0132138,-0.837541,-0.60491,2.41187,-0.218918,0.123955,0,0,3.44541,5
1777238935140,0.0467325,-0.919271,-0.621359,2.42677,-0.261299,0.149467,0,0,3.36205,5
1777238935153,0.0812069,-1.01323,-0.65475,2.43919,-0.316999,0.195675,0,0,3.44183,5
1777238935167,0.106281,-1.13049,-0.708192,2.44955,-0.371672,0.213279,0,0,3.43687,5
1777238935180,0.133841,-1.25112,-0.783674,2.45817,-0.419103,0.177885,0,0,3.3387,5
1777238935194,0.134767,-1.33423,-0.865295,2.41439,-0.447573,0.0978049,0,0,3.43168,5
1777238935207,0.100794,-1.37525,-0.949191,2.31764,-0.446133,0.0221911,0,0,3.34278,5
1777238935220,0.0393833,-1.38944,-1.02505,2.17001,-0.413164,-0.0173852,0,0,3.43394,5
1777238935234,-0.0720045,-1.39361,-1.10234,1.95132,-0.340207,-0.0585462,0,0,3.36104,5
1777238935247,-0.108972,-1.40631,-1.17968,1.66201,-0.254205,0.00455753,0,0,3.35242,5
1777238935261,-0.0777221,-1.34039,-1.23749,1.36049,-0.182436,0.118009,0,0,3.43102,5
1777238935274,0.0105034,-1.24663,-1.27762,1.10292,-0.135681,0.179868,0,0,3.32452,5
1777238935288,0.0563471,-1.60946,-0.894578,1.02674,-0.100281,0.294419,0,0,3.44692,5
1777238935301,0.0578013,-1.50418,-0.814722,0.586359,-0.0560361,0.18311,0,0,3.37191,5
1777238935315,-0.0718097,-1.46444,-0.732521,0.241088,0.0163058,0.183966,0,0,3.45226,5
1777238935328,0.0185643,-1.38005,-0.654202,-0.0364728,0.018321,0.123216,0,0,3.35307,5
1777238935342,0.0274745,-1.31398,-0.588006,-0.252824,0.0118833,0.128049,0,0,3.368,5
1777238935355,0.0234358,-1.255,-0.531401,-0.403791,0.00672208,0.114392,0,0,3.43796,5
1777238935369,0.0330875,-1.23803,-0.484604,-0.525004,0.0112379,0.0999193,0,0,3.32761,5
1777238935382,0.0463574,-1.24746,-0.452724,-0.661791,0.00481018,0.0798946,0,0,3.40415,5
1777238935396,0.0582004,-1.19124,-0.425721,-0.772752,-0.00767091,0.0672786,0,0,3.34374,5
1777238935409,0.0616946,-1.15967,-0.409643,-0.827815,-0.0182881,0.0691444,0,0,3.40968,5
1777238935423,0.0587766,-1.13081,-0.401925,-0.864642,-0.025609,0.0759409,0,0,3.33526,5
1777238935436,0.0577873,-1.09543,-0.397251,-0.865637,-0.0274732,0.0870373,0,0,3.5307,5
1777238935450,0.0563494,-1.07993,-0.393289,-0.853234,-0.0305534,0.0927982,0,0,3.362,5
1777238935463,0.0598944,-1.05022,-0.394193,-0.821906,-0.0367461,0.0972301,0,0,3.40955,5
1777238935477,0.058597,-1.02941,-0.395267,-0.775227,-0.04309,0.100071,0,0,3.42731,1
1777238935490,0.0471436,-0.997935,-0.399352,-0.707231,-0.0380584,0.0809369,0,0,3.34815,1
1777238935504,0.0490385,-0.983054,-0.400905,-0.632388,-0.0357866,0.0625492,0,0,3.42568,1
1777238935517,0.0436381,-0.970681,-0.400451,-0.562588,-0.0312853,0.04416,0,0,3.35311,1
1777238935531,0.0456089,-0.966759,-0.397548,-0.497971,-0.0258166,0.0272071,0,0,3.43924,1
1777238935544,0.044521,-0.969145,-0.392839,-0.447864,-0.0213484,0.00718912,0,0,3.36094,1
1777238935558,0.0490457,-0.966423,-0.393866,-0.405777,-0.0177904,-0.0100523,0,0,3.4202,1
1777238935571,0.0483414,-0.959652,-0.40026,-0.36587,-0.0163902,-0.0280461,0,0,3.42874,1
1777238935585,0.0504645,-0.942513,-0.402625,-0.322004,-0.0152361,-0.0525575,0,0,3.31842,1
1777238935598,0.0576483,-0.954399,-0.403167,-0.282026,-0.017595,-0.0553247,0,0,3.43856,1
1777238935612,0.0608936,-0.956322,-0.406179,-0.257897,-0.0197261,-0.062936,0,0,3.36394,1
1777238935625,0.0704028,-0.955354,-0.408183,-0.235448,-0.0231305,-0.0581973,0,0,3.47344,1
1777238935639,0.0765035,-0.958213,-0.409087,-0.21636,-0.0269472,-0.0466402,0,0,3.36643,1
1777238935652,0.0782936,-0.955387,-0.410933,-0.199295,-0.0296825,-0.0315132,0,0,3.38735,1
1777238935666,0.0780462,-0.947786,-0.411313,-0.176219,-0.0304097,-0.0144035,0,0,3.43179,1
1777238935679,0.0756759,-0.947299,-0.409391,-0.14961,-0.0319317,0.00376048,0,0,3.34289,1
1777238935693,0.0733927,-0.954952,-0.410554,-0.134319,-0.032335,0.0162889,0,0,3.39904,1
1777238935706,0.0719895,-0.956931,-0.411241,-0.121818,-0.03304,0.0291212,0,0,3.34128,1
1777238935720,0.070353,-0.963314,-0.412449,-0.115484,-0.0346198,0.0374102,0,0,3.40731,1
1777238935733,0.0651358,-0.96358,-0.41411,-0.114138,-0.0358218,0.0394957,0,0,3.34459,1
1777238935747,0.0647563,-0.965677,-0.414715,-0.115331,-0.0372816,0.0387274,0,0,3.37863,1
1777238935760,0.0643947,-0.968269,-0.417138,-0.119735,-0.038269,0.0368402,0,0,3.4137,1
1777238935774,0.062826,-0.968075,-0.418695,-0.126662,-0.0388501,0.0340335,0,0,3.33748,1
1777238935787,0.0625578,-0.967392,-0.421141,-0.133389,-0.0390927,0.0308422,0,0,3.39115,4
1777238935800,0.0624215,-0.962842,-0.423265,-0.136145,-0.0388368,0.0312743,0,0,3.34035,4
1777238935814,0.0665498,-0.959824,-0.426524,-0.137042,-0.0381909,0.0319907,0,0,3.40055,4
1777238935827,0.0653727,-0.955596,-0.429708,-0.13499,-0.0370675,0.0328803,0,0,3.34028,4
1777238935841,0.0607797,-0.951635,-0.431378,-0.130533,-0.0357624,0.0352374,0,0,3.48439,4
1777238935854,0.0557303,-0.951509,-0.431992,-0.125711,-0.0341022,0.0345044,0,0,3.3517,4
1777238935868,0.0544025,-0.953299,-0.431784,-0.125065,-0.0314465,0.0296825,0,0,3.3805,4
1777238935881,0.0519307,-0.955946,-0.434339,-0.129653,-0.0283301,0.020397,0,0,3.38031,4
1777238935895,0.0499133,-0.955381,-0.43778,-0.13653,-0.0246262,0.00840968,0,0,3.32446,4
1777238935908,0.0477756,-0.955953,-0.440156,-0.145493,-0.0199366,-0.00716496,0,0,3.38831,4
1777238935922,0.0475604,-0.954357,-0.442798,-0.154768,-0.0157869,-0.0225611,0,0,3.34611,4
1777238935935,0.0479527,-0.949981,-0.445478,-0.164571,-0.0115272,-0.0369562,0,0,3.40659,4
1777238935949,0.0484863,-0.943253,-0.449252,-0.167741,-0.00744318,-0.0462803,0,0,3.35818,4
1777238935962,0.0501077,-0.944071,-0.452529,-0.168588,-0.00393802,-0.0550045,0,0,3.44161,4
1777238935976,0.0485557,-0.94179,-0.456951,-0.171991,0.000776844,-0.063547,0,0,3.409,4
1777238935989,0.0493637,-0.938972,-0.460597,-0.174598,0.00385348,-0.0711874,0,0,3.31274,4
1777238936003,0.0529607,-0.943154,-0.464341,-0.178374,0.00695169,-0.0791702,0,0,3.39592,4
1777238936016,0.0560194,-0.943599,-0.467593,-0.189116,0.00976254,-0.0883797,0,0,3.32209,4
1777238936030,0.0582245,-0.936458,-0.471895,-0.195001,0.0128683,-0.0937261,0,0,3.41835,4
1777238936043,0.0612651,-0.928681,-0.475663,-0.192793,0.0150111,-0.0950771,0,0,3.33739,4
1777238936057,0.0673153,-0.929907,-0.480736,-0.1929,0.016097,-0.0954396,0,0,3.35122,4
1777238936070,0.0714743,-0.928398,-0.485173,-0.194529,0.0174727,-0.0941895,0,0,3.40618,4
1777238936084,0.0700343,-0.926155,-0.488671,-0.194296,0.0192553,-0.0941274,0,0,3.34211,4
1777238936097,0.070071,-0.923275,-0.493027,-0.194572,0.0212751,-0.094928,0,0,3.40054,4
1777238936111,0.0720974,-0.922093,-0.499383,-0.196673,0.0243704,-0.094412,0,0,3.38622,4
1777238936124,0.0763984,-0.921839,-0.504547,-0.197965,0.0270899,-0.0948217,0,0,3.44954,4
1777238936138,0.0861809,-0.910037,-0.509996,-0.193953,0.0270024,-0.087415,0,0,3.4037,4
1777238936151,0.0910067,-0.905291,-0.514245,-0.181144,0.0242959,-0.0759502,0,0,3.45631,4
1777238936165,0.0952609,-0.904742,-0.519027,-0.170483,0.0210481,-0.0641315,0,0,3.45705,4
1777238936178,0.100048,-0.906517,-0.522986,-0.162807,0.0154536,-0.0523615,0,0,3.40309,1
1777238936192,0.0989933,-0.911726,-0.527389,-0.161245,0.0106133,-0.0425532,0,0,3.4447,1
1777238936206,0.100104,-0.920752,-0.531855,-0.165783,0.00633808,-0.0340615,0,0,3.36898,4
1777238936219,0.0963712,-0.929908,-0.536923,-0.181524,0.00366596,-0.0263489,0,0,3.43626,4
1777238936233,0.101624,-0.937954,-0.542835,-0.202211,-0.00405699,-0.0132424,0,0,3.36033,4
1777238936246,0.11886,-0.941015,-0.549737,-0.219553,-0.0124902,7.88826e-06,0,0,3.39976,4
1777238936260,0.117159,-0.954193,-0.556663,-0.237617,-0.0248869,0.021317,0,0,3.40155,4
1777238936273,0.116455,-0.963542,-0.562419,-0.257136,-0.0371259,0.0477387,0,0,3.42446,4
1777238936287,0.116906,-0.978127,-0.571212,-0.283492,-0.0483046,0.0734337,0,0,3.39183,4
1777238936300,0.119452,-0.987508,-0.579362,-0.313889,-0.0573785,0.0937393,0,0,3.32687,4
1777238936314,0.131604,-1.00585,-0.588947,-0.345493,-0.0706399,0.12075,0,0,3.4093,4
1777238936327,0.132793,-1.00981,-0.597172,-0.381206,-0.0829378,0.142151,0,0,3.33539,4
1777238936341,0.133471,-1.02917,-0.60441,-0.422392,-0.0974991,0.164719,0,0,3.45174,4
1777238936354,0.130617,-1.02768,-0.607928,-0.473456,-0.111758,0.181426,0,0,3.35233,4
1777238936368,0.123797,-1.03828,-0.612301,-0.526443,-0.12345,0.195629,0,0,3.49259,4
1777238936381,0.106872,-1.02921,-0.612494,-0.592175,-0.130763,0.197795,0,0,3.38817,4
1777238936395,0.0920493,-1.00751,-0.614946,-0.644993,-0.133422,0.197297,0,0,3.34411,4
1777238936408,0.0788257,-1.00845,-0.622577,-0.699492,-0.132165,0.192735,0,0,3.40348,4
1777238936421,0.0701436,-0.997621,-0.630103,-0.752363,-0.128471,0.186732,0,0,3.35768,4
1777238936435,0.0607074,-0.980594,-0.639371,-0.80361,-0.123115,0.178015,0,0,3.42794,4
1777238936448,0.0479142,-0.969575,-0.646228,-0.848785,-0.114491,0.171412,0,0,3.35218,4
1777238936462,0.0370963,-0.965477,-0.660546,-0.893949,-0.10317,0.157945,0,0,3.38572,4
1777238936475,0.019082,-0.971088,-0.672141,-0.942362,-0.0875783,0.146812,0,0,3.42831,4
1777238936489,0.00176859,-0.975766,-0.686326,-0.993037,-0.0667478,0.131898,0,0,3.3292,4
1777238936502,-0.0169631,-0.978445,-0.702244,-1.04686,-0.0396817,0.110691,0,0,3.33555,4
1777238936516,-0.0334516,-0.986111,-0.719186,-1.10391,-0.00598155,0.0873187,0,0,3.42044,4
1777238936529,-0.0559067,-0.989904,-0.73367,-1.16857,0.0322037,0.0573584,0,0,3.39342,4
1777238936543,-0.0745021,-1.00201,-0.751811,-1.23259,0.0751824,0.0347962,0,0,3.32168,4
1777238936556,-0.0811242,-1.01648,-0.773095,-1.30843,0.118759,0.0168467,0,0,3.44054,4
1777238936570,-0.079796,-1.03146,-0.795146,-1.38957,0.159017,0.0155274,0,0,3.42233,4
1777238936583,-0.0813774,-1.04398,-0.809658,-1.48591,0.192018,0.0410948,0,0,3.43794,4
1777238936597,-0.072166,-1.03899,-0.82467,-1.57838,0.233768,0.0737622,0,0,3.37065,4
1777238936610,-0.0514285,-1.03443,-0.845522,-1.66837,0.256384,0.0945474,0,0,3.43891,4
1777238936624,-0.0371556,-1.02934,-0.871058,-1.76163,0.268819,0.130583,0,0,3.3777,4
1777238936637,-0.0336106,-1.00096,-0.885894,-1.84874,0.266726,0.189964,0,0,3.42785,4
1777238936651,-0.0269296,-0.973458,-0.895397,-1.90224,0.263086,0.288087,0,0,3.40555,4
1777238936664,-0.0161102,-0.924612,-0.885309,-1.93566,0.269136,0.375289,0,0,3.42924,4
1777238936678,-0.00362808,-0.932166,-0.875972,-1.938,0.291329,0.437207,0,0,3.44809,4
1777238936691,0.00878563,-0.946638,-0.828263,-1.9578,0.328448,0.450255,0,0,3.43309,4
1777238936705,0.0321748,-0.911075,-0.788738,-1.99437,0.361035,0.394182,0,0,3.36983,4
1777238936718,0.0422513,-0.825603,-0.797177,-2.06471,0.359272,0.282887,0,0,3.4537,4
1777238936732,0.0797613,-0.647705,-0.79154,-1.99351,0.333923,0.199492,0,0,3.37698,4
1777238936745,0.109465,-0.554022,-0.782109,-1.85362,0.285063,0.112745,0,0,3.45678,4
1777238936759,0.127695,-0.425295,-0.767036,-1.64988,0.227349,0.0246538,0,0,3.37635,4
1777238936772,0.124798,-0.353327,-0.748995,-1.39649,0.180221,-0.0724832,0,0,3.44202,4
1777238936786,0.106262,-0.301395,-0.734875,-1.13934,0.15166,-0.185593,0,0,3.46411,4
1777238936799,0.0849239,-0.271748,-0.72667,-0.874346,0.142592,-0.281417,0,0,3.37002,4
1777238936813,0.0663337,-0.253054,-0.718323,-0.625314,0.143941,-0.341601,0,0,3.46198,4
1777238936827,0.058976,-0.225145,-0.710948,-0.37738,0.149378,-0.35071,0,0,3.38128,4
1777238936840,0.0560945,-0.205096,-0.70226,-0.1383,0.153897,-0.319981,0,0,3.46815,4
1777238936854,0.0592549,-0.188847,-0.690246,0.0896354,0.157993,-0.270379,0,0,3.41037,4
1777238936867,0.0676289,-0.182718,-0.677369,0.29976,0.160045,-0.228522,0,0,3.40483,4
1777238936881,0.0846152,-0.179648,-0.661975,0.490665,0.1586,-0.206923,0,0,3.49552,4
1777238936894,0.108435,-0.17679,-0.647676,0.667437,0.149113,-0.20549,0,0,3.52485,4
1777238936908,0.131691,-0.17122,-0.629793,0.83705,0.130775,-0.221254,0,0,3.41567,4
1777238936921,0.151849,-0.161205,-0.609697,1.00579,0.102274,-0.242839,0,0,3.36263,4
1777238936935,0.160215,-0.151962,-0.585205,1.17929,0.0656356,-0.261488,0,0,3.48759,4
1777238936948,0.158759,-0.15568,-0.560626,1.35591,0.0254343,-0.269141,0,0,3.40076,4
1777238936962,0.145528,-0.17168,-0.539865,1.52724,-0.0128251,-0.259233,0,0,3.49239,4
1777238936976,0.125354,-0.194901,-0.526472,1.68958,-0.0452169,-0.23132,0,0,3.52944,4
1777238936989,0.104331,-0.221272,-0.517933,1.82487,-0.0708614,-0.189764,0,0,3.49041,5
1777238937003,0.0865294,-0.249089,-0.515152,1.93761,-0.0899926,-0.140681,0,0,3.40742,5
1777238937016,0.0763817,-0.285981,-0.517916,2.03155,-0.10446,-0.0984304,0,0,3.47474,5
1777238937030,0.0734264,-0.328403,-0.523084,2.10985,-0.117469,-0.0852824,0,0,3.42617,5
1777238937043,0.0741421,-0.382029,-0.532942,2.17509,-0.131428,-0.108931,0,0,3.46641,5
1777238937057,0.0725115,-0.441585,-0.543368,2.22946,-0.149981,-0.147023,0,0,3.42104,5
1777238937070,0.0616373,-0.502752,-0.552903,2.27476,-0.173369,-0.170903,0,0,3.4638,5
1777238937084,0.0434454,-0.563451,-0.563722,2.31252,-0.200721,-0.171516,0,0,3.46839,5
1777238937098,0.0262995,-0.641502,-0.574435,2.34398,-0.230397,-0.14919,0,0,3.46272,5
1777238937111,0.00845323,-0.718662,-0.582739,2.3702,-0.259084,-0.113231,0,0,3.37752,5
1777238937125,-0.00305208,-0.775521,-0.584222,2.39205,-0.287964,-0.0720941,0,0,3.46885,5
1777238937138,-0.00532013,-0.837917,-0.582743,2.41026,-0.318266,-0.0430428,0,0,3.38907,5
1777238937152,-0.00050112,-0.933334,-0.592108,2.42543,-0.350794,-0.0273576,0,0,3.47168,5
1777238937165,-0.00355572,-1.03397,-0.612657,2.43808,-0.381921,-0.0252153,0,0,3.39555,5
1777238937179,-0.0190442,-1.11674,-0.635355,2.44861,-0.403649,-0.0261654,0,0,3.45152,5
1777238937192,-0.0476124,-1.20334,-0.663074,2.45739,-0.409008,-0.0274534,0,0,3.4472,5
1777238937206,-0.0913006,-1.27686,-0.693864,2.4547,-0.391362,-0.0255496,0,0,3.36044,5
1777238937219,-0.137436,-1.3328,-0.7334,2.41814,-0.353514,-0.0105407,0,0,3.45372,5
1777238937233,-0.170156,-1.37694,-0.786226,2.34252,-0.3063,0.0306309,0,0,3.36094,5
1777238937246,-0.191358,-1.40248,-0.849816,2.22318,-0.259766,0.0946606,0,0,3.46915,5
1777238937260,-0.179011,-1.4032,-0.927065,2.06305,-0.223266,0.173006,0,0,3.38033,5
1777238937273,-0.133223,-1.38086,-1.01508,1.8704,-0.204961,0.247912,0,0,3.45707,5
1777238937287,-0.0556681,-1.35226,-1.10687,1.63696,-0.21393,0.288489,0,0,3.46476,5
1777238937300,0.0299729,-1.30404,-1.19014,1.36337,-0.254751,0.270573,0,0,3.36709,5
1777238937314,0.0866022,-1.23859,-1.2531,1.07322,-0.317013,0.207666,0,0,3.47524,5
1777238937328,0.110128,-1.17115,-1.28905,0.795645,-0.390844,0.148373,0,0,3.37767,5
1777238937341,0.0385763,-1.4089,-0.994296,0.46543,-0.469456,0.121036,0,0,3.45711,5
1777238937355,0.0808172,-1.35318,-0.695209,0.0630108,-0.518631,-0.0780553,0,0,3.37591,5
1777238937368,0.0613204,-1.28222,-0.577057,-0.236779,-0.501913,-0.126204,0,0,3.42061,5
1777238937382,0.0679423,-1.25797,-0.515847,-0.493728,-0.493006,-0.11891,0,0,3.44254,5
1777238937395,0.0596327,-1.2038,-0.469812,-0.693068,-0.438281,-0.0931759,0,0,3.39155,5
1777238937409,0.0545735,-1.19606,-0.442905,-0.858995,-0.353924,-0.049555,0,0,3.4298,5
1777238937422,0.0690979,-1.18055,-0.414397,-1.00293,-0.279097,-0.0103925,0,0,3.35226,5
1777238937436,0.102555,-1.1455,-0.40438,-1.10034,-0.237784,0.0423955,0,0,3.44602,5
1777238937449,0.0936096,-1.1056,-0.40617,-1.14262,-0.21407,0.0753296,0,0,3.38083,5
1777238937463,0.0882555,-1.06132,-0.41342,-1.14032,-0.194676,0.0962861,0,0,3.49624,5
1777238937476,0.0792637,-1.02486,-0.425697,-1.09275,-0.177408,0.118343,0,0,3.38461,5
1777238937490,0.0466204,-0.977448,-0.43507,-1.00885,-0.15209,0.114828,0,0,3.45004,5
1777238937503,0.045335,-0.953267,-0.44472,-0.889184,-0.140266,0.100066,0,0,3.43361,5
1777238937517,0.0364334,-0.954374,-0.44068,-0.789371,-0.127053,0.0833377,0,0,3.35657,5
1777238937530,0.0419594,-0.948805,-0.433409,-0.700964,-0.115076,0.0715346,0,0,3.44341,5
1777238937544,0.0431863,-0.944645,-0.427481,-0.62219,-0.103518,0.0641796,0,0,3.36761,1
1777238937557,0.0406804,-0.932154,-0.434528,-0.549319,-0.0909595,0.0571853,0,0,3.47535,1
1777238937571,0.0493787,-0.916033,-0.435241,-0.465985,-0.0800107,0.0444356,0,0,3.37472,1
1777238937584,0.0391721,-0.929671,-0.433062,-0.393295,-0.069411,0.04862,0,0,3.4368,1
1777238937598,0.043726,-0.933888,-0.432263,-0.336181,-0.0645473,0.0458856,0,0,3.44961,1
1777238937611,0.0468756,-0.944755,-0.430508,-0.293306,-0.0628098,0.0443576,0,0,3.36931,1
1777238937625,0.0457495,-0.955542,-0.430046,-0.271139,-0.0634993,0.0367611,0,0,3.36406,1
1777238937638,0.0409112,-0.956993,-0.427747,-0.255784,-0.0622672,0.0257233,0,0,3.44324,1
1777238937652,0.039059,-0.950821,-0.427552,-0.238357,-0.0590776,0.012543,0,0,3.44355,1
1777238937665,0.0365823,-0.954309,-0.427673,-0.221188,-0.0544222,0.00101226,0,0,3.36587,1
1777238937679,0.0379386,-0.952287,-0.429579,-0.207924,-0.0501228,-0.0108867,0,0,3.48807,1
1777238937692,0.0383441,-0.954843,-0.431105,-0.196298,-0.0448225,-0.0222275,0,0,3.47348,1
1777238937706,0.0384709,-0.957801,-0.432688,-0.191266,-0.0400238,-0.0352405,0,0,3.47174,1
1777238937720,0.0370368,-0.956542,-0.433033,-0.188701,-0.0342056,-0.0493162,0,0,3.40602,1
1777238937733,0.0383976,-0.948177,-0.434007,-0.181679,-0.0291662,-0.05971,0,0,3.44133,1
1777238937747,0.0434396,-0.942556,-0.436977,-0.169948,-0.0246233,-0.0645675,0,0,3.41052,1
1777238937760,0.0503909,-0.942855,-0.43785,-0.158176,-0.0224532,-0.0635264,0,0,3.42767,1
1777238937774,0.0571984,-0.944465,-0.439959,-0.150134,-0.0226296,-0.059987,0,0,3.38581,1
1777238937787,0.0607603,-0.947312,-0.44192,-0.147707,-0.0246468,-0.0545693,0,0,3.4357,1
1777238937801,0.0625659,-0.946501,-0.443654,-0.145723,-0.0267731,-0.0481335,0,0,3.38974,1
1777238937814,0.0631042,-0.940618,-0.444323,-0.139362,-0.0276544,-0.0398568,0,0,3.44179,1
1777238937828,0.0600969,-0.934545,-0.445611,-0.127127,-0.0272947,-0.0319799,0,0,3.35955,4
1777238937841,0.0589659,-0.934034,-0.446537,-0.116245,-0.0260535,-0.026828,0,0,3.43863,4
1777238937855,0.0561501,-0.93597,-0.44911,-0.107023,-0.0241413,-0.024405,0,0,3.37276,4
1777238937868,0.0571155,-0.936011,-0.451376,-0.101451,-0.0211864,-0.0266988,0,0,3.51967,4
1777238937882,0.0564417,-0.932057,-0.454631,-0.0956364,-0.0179098,-0.0296027,0,0,3.38917,4
1777238937895,0.0543768,-0.932967,-0.45588,-0.0906003,-0.014365,-0.0348343,0,0,3.44863,4
1777238937909,0.0547716,-0.934047,-0.457801,-0.087714,-0.00997341,-0.0413569,0,0,3.43005,4
1777238937922,0.057656,-0.929902,-0.460434,-0.0825861,-0.00567759,-0.045978,0,0,3.35776,4
1777238937936,0.0620905,-0.928522,-0.461562,-0.0746741,-0.00191962,-0.0478825,0,0,3.459,4
1777238937949,0.0639461,-0.930349,-0.46415,-0.0679536,0.000830343,-0.0478919,0,0,3.40218,4
1777238937963,0.0658145,-0.930583,-0.465657,-0.0627604,0.00323648,-0.0469964,0,0,3.53083,4
1777238937977,0.069174,-0.930433,-0.467287,-0.0577074,0.00432557,-0.0440364,0,0,3.37929,4
1777238937990,0.0699031,-0.93101,-0.467544,-0.0531659,0.0051568,-0.0410355,0,0,3.4235,4
1777238938004,0.0715978,-0.929195,-0.468765,-0.0491522,0.00588767,-0.0380766,0,0,3.42644,4
1777238938017,0.0722005,-0.928038,-0.470018,-0.0442044,0.00664939,-0.0355982,0,0,3.33726,4
1777238938031,0.0745255,-0.926067,-0.47191,-0.0390381,0.00678798,-0.0331766,0,0,3.43994,4
1777238938044,0.0764475,-0.923006,-0.473263,-0.0327353,0.00737421,-0.0317312,0,0,3.37865,4
1777238938058,0.077505,-0.921152,-0.474051,-0.0255873,0.00741744,-0.0299414,0,0,3.48059,4
1777238938071,0.0756242,-0.923177,-0.474479,-0.0193507,0.00861122,-0.0303837,0,0,3.38461,4
1777238938085,0.0766294,-0.920947,-0.474946,-0.0150951,0.0100641,-0.0325335,0,0,3.49261,4
1777238938098,0.0770195,-0.917627,-0.475385,-0.00838075,0.0111984,-0.0356863,0,0,3.45313,4
1777238938112,0.0781625,-0.91883,-0.475604,-0.00306539,0.0126272,-0.0392933,0,0,3.39172,4
1777238938125,0.0789297,-0.919617,-0.47647,0.00136409,0.0140723,-0.0432788,0,0,3.47087,4
1777238938139,0.0812365,-0.918917,-0.477029,0.00676015,0.0155564,-0.0459384,0,0,3.36692,4
1777238938152,0.0834645,-0.920497,-0.476904,0.0129235,0.0157118,-0.0473405,0,0,3.45452,4
1777238938166,0.0838869,-0.924733,-0.476891,0.0177162,0.0159685,-0.0480001,0,0,3.36965,4
1777238938179,0.0859266,-0.92738,-0.47733,0.0193309,0.0167676,-0.0478754,0,0,3.41894,4
1777238938193,0.0885661,-0.92955,-0.476264,0.0217071,0.0166193,-0.0452142,0,0,3.49222,4
1777238938206,0.0923055,-0.93211,-0.47566,0.0226694,0.0161522,-0.0412663,0,0,3.39241,4
1777238938220,0.0953269,-0.932627,-0.475167,0.023942,0.0143762,-0.0345921,0,0,3.44589,4
1777238938234,0.0964382,-0.934041,-0.474418,0.0245064,0.0124,-0.0276054,0,0,3.36744,5
1777238938247,0.0988185,-0.933757,-0.473285,0.0246841,0.0102189,-0.0204854,0,0,3.44868,5
1777238938261,0.0996948,-0.9338,-0.472913,0.025939,0.00800681,-0.0132671,0,0,3.39083,5
1777238938274,0.0996836,-0.93506,-0.472879,0.0266286,0.00645605,-0.00643761,0,0,3.50939,5
1777238938288,0.102441,-0.93374,-0.472914,0.0272414,0.00469302,0.00107299,0,0,3.39561,5
1777238938301,0.102936,-0.934075,-0.472816,0.0291006,0.00313477,0.00747176,0,0,3.47609,5
1777238938315,0.102594,-0.93562,-0.470961,0.0304465,0.00206524,0.0151069,0,0,3.43372,5
1777238938328,0.101493,-0.936415,-0.471924,0.0308173,0.000677772,0.0224746,0,0,3.36833,5
1777238938342,0.101341,-0.934081,-0.471506,0.0318262,-0.0011273,0.0300901,0,0,3.42355,5
1777238938356,0.101499,-0.932279,-0.470274,0.0340282,-0.00247886,0.0369581,0,0,3.44478,5
1777238938369,0.102054,-0.92946,-0.46914,0.0374535,-0.00496648,0.0441572,0,0,3.41709,5
1777238938383,0.0998985,-0.926531,-0.468703,0.0444937,-0.00700133,0.0510597,0,0,3.46394,5
1777238938396,0.0968363,-0.925821,-0.468773,0.050844,-0.00757744,0.053733,0,0,3.46656,5
1777238938410,0.093502,-0.926974,-0.466583,0.0552962,-0.00738324,0.0535561,0,0,3.46129,5
1777238938423,0.0903497,-0.928554,-0.465195,0.0571107,-0.00624176,0.0503934,0,0,3.37718,5
1777238938437,0.0909586,-0.929572,-0.463251,0.0571342,-0.00582487,0.0463838,0,0,3.48274,5
1777238938451,0.0924203,-0.92949,-0.462045,0.0579172,-0.00613905,0.0448237,0,0,3.42254,5
1777238938464,0.091759,-0.933441,-0.460226,0.0572084,-0.00768585,0.0440325,0,0,3.55663,5
1777238938478,0.0924075,-0.937772,-0.458969,0.0538187,-0.00958554,0.0433095,0,0,3.39909,5
1777238938491,0.0903645,-0.944396,-0.456301,0.047228,-0.0112322,0.0418546,0,0,3.40861,5
1777238938505,0.0919688,-0.945771,-0.455207,0.0379317,-0.0134823,0.040057,0,0,3.56517,5
1777238938519,0.0925574,-0.946676,-0.454997,0.0306174,-0.0160826,0.0395258,0,0,3.42217,5
1777238938532,0.0902374,-0.95129,-0.454653,0.0194204,-0.0181859,0.0363224,0,0,3.48504,5
1777238938546,0.0872901,-0.952433,-0.45368,0.00725235,-0.0202694,0.0320626,0,0,3.39287,5
1777238938559,0.0863719,-0.953103,-0.45351,-0.00446528,-0.0214459,0.0276603,0,0,3.38918,5
1777238938573,0.0833227,-0.954747,-0.453974,-0.0159348,-0.0221082,0.0229866,0,0,3.44413,5
1777238938586,0.0827986,-0.956077,-0.454409,-0.0292332,-0.0224311,0.01684,0,0,3.4247,5
1777238938600,0.0809603,-0.955527,-0.454304,-0.042987,-0.0220514,0.0100639,0,0,3.48928,5
1777238938614,0.0800719,-0.953473,-0.454728,-0.054512,-0.021455,0.0045316,0,0,3.48713,5
1777238938627,0.0797832,-0.955133,-0.455418,-0.0675514,-0.0203728,-0.000485757,0,0,3.57209,5
1777238938641,0.0782135,-0.952841,-0.456917,-0.078303,-0.0185804,-0.00657528,0,0,3.40142,5
1777238938654,0.0787809,-0.952525,-0.459313,-0.0906469,-0.0159035,-0.0125405,0,0,3.47255,5
1777238938668,0.0802065,-0.95196,-0.46239,-0.103033,-0.0145888,-0.0188346,0,0,3.38272,5
1777238938682,0.0826346,-0.949508,-0.464419,-0.11609,-0.0145492,-0.024296,0,0,3.47265,5
1777238938695,0.0826195,-0.944258,-0.467016,-0.121958,-0.0141218,-0.0263281,0,0,3.3972,5
1777238938709,0.0850192,-0.941759,-0.471041,-0.124608,-0.0149234,-0.0275253,0,0,3.47781,5
1777238938722,0.0857514,-0.942871,-0.475822,-0.132899,-0.0157059,-0.0307495,0,0,3.44307,5
1777238938736,0.0862585,-0.938495,-0.476177,-0.139439,-0.0164724,-0.0320241,0,0,3.39565,5
1777238938749,0.0894977,-0.930933,-0.47893,-0.13868,-0.0179255,-0.0301854,0,0,3.47456,5
1777238938763,0.0916666,-0.931573,-0.482543,-0.136495,-0.0201033,-0.027152,0,0,3.38876,5
1777238938777,0.0947723,-0.940751,-0.487482,-0.143237,-0.0236612,-0.0257437,0,0,3.4607,5
1777238938790,0.0982086,-0.943829,-0.491061,-0.157418,-0.0285726,-0.0253844,0,0,3.40128,5
1777238938804,0.0962377,-0.939939,-0.497869,-0.168904,-0.0326018,-0.0255175,0,0,3.47437,5
1777238938817,0.0932396,-0.938556,-0.501432,-0.178031,-0.0341911,-0.0273333,0,0,3.45781,5
1777238938831,0.0891889,-0.936068,-0.504203,-0.185178,-0.0332763,-0.0311747,0,0,3.41687,5
1777238938844,0.0854468,-0.929951,-0.507381,-0.186962,-0.0294096,-0.0335871,0,0,3.48068,5
1777238938858,0.0812648,-0.928726,-0.511073,-0.185394,-0.023223,-0.0360681,0,0,3.40335,5
1777238938872,0.0809154,-0.925636,-0.515405,-0.183515,-0.0147088,-0.0403239,0,0,3.47643,5
1777238938885,0.0814485,-0.923853,-0.520453,-0.179507,-0.00648123,-0.0402063,0,0,3.41837,5
1777238938899,0.0858041,-0.924461,-0.524095,-0.179042,-0.0019023,-0.0372457,0,0,3.54483,5
1777238938912,0.0894893,-0.917171,-0.528577,-0.17494,0.00111195,-0.0308473,0,0,3.4082,5
1777238938926,0.0923349,-0.916697,-0.534205,-0.17259,0.00074851,-0.0206552,0,0,3.40533,5
1777238938939,0.101175,-0.914066,-0.538931,-0.171179,-0.00221339,-0.0144137,0,0,3.43189,5
1777238938953,0.103221,-0.910591,-0.542906,-0.169341,-0.00571218,-0.00561189,0,0,3.38467,5
1777238938966,0.103936,-0.910437,-0.545166,-0.168547,-0.00883139,0.0021046,0,0,3.44718,5
1777238938980,0.103076,-0.909853,-0.548866,-0.167695,-0.0114307,0.00805154,0,0,3.39344,5
1777238938994,0.101397,-0.906258,-0.552271,-0.16584,-0.0133551,0.0107554,0,0,3.46243,5
1777238939007,0.100904,-0.906707,-0.555806,-0.163277,-0.014768,0.0116473,0,0,3.42717,5
1777238939021,0.0988994,-0.904845,-0.559455,-0.161954,-0.0150802,0.0111819,0,0,3.42104,5
1777238939034,0.0954541,-0.902811,-0.562816,-0.160954,-0.0134828,0.0101198,0,0,3.45209,5
1777238939048,0.0931705,-0.900787,-0.565187,-0.159994,-0.0110449,0.00770798,0,0,3.42126,5
