t,k_pos,k_vel,k_acc,a_pos,a_vel,a_acc,e_pos,e_vel,e_acc,R10
0.0,0.0,0.0,0.0,0.0,0.0,0.0,0.0,0.0,0.0,0.0
0.013,0.0,0.0,0.0,0.0,0.0,0.0,0.0,0.0,0.0,0.0
0.026,0.0,0.0,0.0,0.0,0.0,0.0,0.0,0.0,0.0,0.0
0.04,0.0,0.0,0.0,0.0,0.0,0.0,0.0,0.0,0.0,0.0
0.053,0.0,0.0,0.0,0.0,0.0,0.0,0.0,0.0,0.0,0.0
0.066,0.0,0.0,0.0,0.0,0.0,0.0,0.0,0.0,0.0,0.0
0.08,0.0,0.0,0.0,0.0,0.0,0.0,0.0,0.0,0.0,0.0
0.09300000000000001,0.0,0.0,0.0,0.0,0.0,0.0,0.0,0.0,0.0,0.0
0.106,0.0,0.0,0.0,0.0,0.0,0.0,0.0,0.0,0.0,0.0
0.12,0.0,0.0,0.0,0.0,0.0,0.0,0.0,0.0,0.0,0.0
0.133,0.0,0.0,0.0,0.0,0.0,0.0,0.0,0.0,0.0,0.0
0.147,0.0,0.0,0.0,0.0,0.0,0.0,0.0,0.0,0.0,0.0
0.16,0.0,0.0,0.0,0.0,0.0,0.0,0.0,0.0,0.0,0.0
0.174,0.0,0.0,0.0,0.0,0.0,0.0,0.0,0.0,0.0,0.0
0.187,0.0,0.0,0.0,0.0,0.0,0.0,0.0,0.0,0.0,0.0
0.2,0.0,0.0,0.0,0.0,0.0,0.0,0.0,0.0,0.0,0.0
0.216,0.0,0.0,0.0,0.0,0.0,0.0,0.0,0.0,0.0,0.0
0.229,0.0,0.0,0.0,0.0,0.0,0.0,0.0,0.0,0.0,0.0
0.242,0.0,0.0,0.0,0.0,0.0,0.0,0.0,0.0,0.0,0.0
0.255,0.0,0.0,0.0,0.0,0.0,0.0,0.0,0.0,0.0,0.0
0.269,0.0,0.0,0.0,0.0,0.0,0.0,0.0,0.0,0.0,0.0
0.282,0.0,0.0,0.0,0.0,0.0,0.0,0.0,0.0,0.0,0.0
0.296,0.0,0.0,0.0,0.0,0.0,0.0,0.0,0.0,0.0,0.0
0.309,0.0,0.0,0.0,0.0,0.0,0.0,0.0,0.0,0.0,0.0
0.322,0.0,0.0,0.0,0.0,0.0,0.0,0.0,0.0,0.0,0.0
0.336,0.0,0.0,0.0,0.0,0.0,0.0,0.0,0.0,0.0,0.0
0.35,0.0,0.0,0.0,0.0,0.0,0.0,0.0,0.0,0.0,0.0
0.363,0.0,0.0,0.0,0.0,0.0,0.0,0.0,0.0,0.0,0.0
0.376,0.0,0.0,0.0,0.0,0.0,0.0,0.0,0.0,0.0,0.0
0.39,0.0,0.0,0.0,0.0,0.0,0.0,0.0,0.0,0.0,0.0
0.403,0.0,0.0,0.0,0.0,0.0,0.0,0.0,0.0,0.0,0.0
0.416,0.0,0.0,0.0,0.0,0.0,0.0,0.0,0.0,0.0,0.0
0.43,0.0,0.0,0.0,0.0,0.0,0.0,0.0,0.0,0.0,0.0
0.443,0.0,0.0,0.0,0.0,0.0,0.0,0.0,0.0,0.0,0.0
0.456,0.0,0.0,0.0,0.0,0.0,0.0,0.0,0.0,0.0,0.0
0.472,0.0,0.0,0.0,0.0,0.0,0.0,0.0,0.0,0.0,0.0
0.483,0.0,0.0,0.0,0.0,0.0,0.0,0.0,0.0,0.0,0.0
0.496,0.0,0.0,0.0,0.0,0.0,0.0,0.0,0.0,0.0,0.0
0.51,0.0,0.0,0.0,0.0,0.0,0.0,0.0,0.0,0.0,0.0
0.523,0.0,0.0,0.0,0.0,0.0,0.0,0.0,0.0,0.0,0.0
0.536,0.0,0.0,0.0,0.0,0.0,0.0,0.0,0.0,0.0,0.0
0.55,0.0,0.0,0.0,0.0,0.0,0.0,0.0,0.0,0.0,0.0
0.563,0.0,0.0,0.0,0.0,0.0,0.0,0.0,0.0,0.0,0.0
0.576,0.0,0.0,0.0,0.0,0.0,0.0,0.0,0.0,0.0,0.0
0.59,0.0,0.0,0.0,0.0,0.0,0.0,0.0,0.0,0.0,0.0
0.603,0.0,0.0,0.0,0.0,0.0,0.0,0.0,0.0,0.0,0.0
0.616,0.0,0.0,0.0,0.0,0.0,0.0,0.0,0.0,0.0,0.0
0.63,0.0,0.0,0.0,0.0,0.0,0.0,0.0,0.0,0.0,0.0
0.643,0.0,0.0,0.0,0.0,0.0,0.0,0.0,0.0,0.0,0.0
0.656,0.0,0.0,0.0,0.0,0.0,0.0,0.0,0.0,0.0,0.0
0.67,0.0,0.0,0.0,0.0,0.0,0.0,0.0,0.0,0.0,0.0
0.683,0.0,0.0,0.0,0.0,0.0,0.0,0.0,0.0,0.0,0.0
0.696,0.0,0.0,0.0,0.0,0.0,0.0,0.0,0.0,0.0,0.0
0.71,0.0,0.0,0.0,0.0,0.0,0.0,0.0,0.0,0.0,0.0
0.723,0.0,0.0,0.0,0.0,0.0,0.0,0.0,0.0,0.0,0.0
0.74,0.0,0.0,0.0,0.0,0.0,0.0,0.0,0.0,0.0,0.0
0.75,0.0,0.0,0.0,0.0,0.0,0.0,0.0,0.0,0.0,0.0
0.763,0.0,0.0,0.0,0.0,0.0,0.0,0.0,0.0,0.0,0.0
0.777,0.0,0.0,0.0,0.0,0.0,0.0,0.0,0.0,0.0,0.0
0.79,0.0,0.0,0.0,0.0,0.0,0.0,0.0,0.0,0.0,0.0
0.804,0.0,0.0,0.0,0.0,0.0,0.0,0.0,0.0,0.0,0.0
0.8169999999999998,0.0,0.0,0.0,0.0,0.0,0.0,0.0,0.0,0.0,0.0
0.8299999999999998,0.0,0.0,0.0,0.0,0.0,0.0,0.0,0.0,0.0,0.0
0.8429999999999999,0.0,0.0,0.0,0.0,0.0,0.0,0.0,0.0,0.0,0.0
0.857,0.0,0.0,0.0,0.0,0.0,0.0,0.0,0.0,0.0,0.0
0.87,0.0,0.0,0.0,0.0,0.0,0.0,0.0,0.0,0.0,0.0
0.884,0.0,0.0,0.0,0.0,0.0,0.0,0.0,0.0,0.0,0.0
0.897,0.0,0.0,0.0,0.0,0.0,0.0,0.0,0.0,0.0,0.0
0.91,0.0,0.0,0.0,0.0,0.0,0.0,0.0,0.0,0.0,0.0
0.924,0.0,0.0,0.0,0.0,0.0,0.0,0.0,0.0,0.0,0.0
0.937,0.0,0.0,0.0,0.0,0.0,0.0,0.0,0.0,0.0,0.0
0.95,0.0,0.0,0.0,0.0,0.0,0.0,0.0,0.0,0.0,0.0
0.964,0.0,0.0,0.0,0.0,0.0,0.0,0.0,0.0,0.0,0.0
0.977,0.0,0.0,0.0,0.0,0.0,0.0,0.0,0.0,0.0,0.0
0.9900000000000002,0.0,0.0,0.0,0.0,0.0,0.0,0.0,0.0,0.0,0.0
1.004,0.0,0.0,0.0,0.0,0.0,0.0,0.0,0.0,0.0,0.0
1.017,0.0,0.0,0.0,0.0,0.0,0.0,0.0,0.0,0.0,0.0
1.032,0.0,0.0,0.0,0.0,0.0,0.0,0.0,0.0,0.0,0.0
1.044,0.0,0.0,0.0,0.0,0.0,0.0,0.0,0.0,0.0,0.0
1.057,0.0,0.0,0.0,0.0,0.0,0.0,0.0,0.0,0.0,0.0
1.07,0.0,0.0,0.0,0.0,0.0,0.0,0.0,0.0,0.0,0.0
1.084,0.0,0.0,0.0,0.0,0.0,0.0,0.0,0.0,0.0,0.0
1.097,0.0,0.0,0.0,0.0,0.0,0.0,0.0,0.0,0.0,0.0
1.11,0.0,0.0,0.0,0.0,0.0,0.0,0.0,0.0,0.0,0.0
1.124,0.0,0.0,0.0,0.0,0.0,0.0,0.0,0.0,0.0,0.0
1.137,0.0,0.0,0.0,0.0,0.0,0.0,0.0,0.0,0.0,0.0
1.15,0.0,0.0,0.0,0.0,0.0,0.0,0.0,0.0,0.0,0.0
1.164,0.0,0.0,0.0,0.0,0.0,0.0,0.0,0.0,0.0,0.0
1.177,0.0,0.0,0.0,0.0,0.0,0.0,0.0,0.0,0.0,0.0
1.19,0.0,0.0,0.0,0.0,0.0,0.0,0.0,0.0,0.0,0.0
1.204,0.0,0.0,0.0,0.0,0.0,0.0,0.0,0.0,0.0,0.0
1.217,0.0,0.0,0.0,0.0,0.0,0.0,0.0,0.0,0.0,0.0
1.23,0.0,0.0,0.0,0.0,0.0,0.0,0.0,0.0,0.0,0.0
1.244,0.0,0.0,0.0,0.0,0.0,0.0,0.0,0.0,0.0,0.0
1.257,0.0,0.0,0.0,0.0,0.0,0.0,0.0,0.0,0.0,0.0
1.27,0.0,0.0,0.0,0.0,0.0,0.0,0.0,0.0,0.0,0.0
1.284,0.0,0.0,0.0,0.0,0.0,0.0,0.0,0.0,0.0,0.0
1.297,0.0,0.0,0.0,0.0,0.0,0.0,0.0,0.0,0.0,0.0
1.31,0.0,0.0,0.0,0.0,0.0,0.0,0.0,0.0,0.0,0.0
1.324,0.0,0.0,0.0,0.0,0.0,0.0,0.0,0.0,0.0,0.0
1.337,0.0,0.0,0.0,0.0,0.0,0.0,0.0,0.0,0.0,0.0
1.35,0.0,0.0,0.0,0.0,0.0,0.0,0.0,0.0,0.0,0.0
1.364,0.0,0.0,0.0,0.0,0.0,0.0,0.0,0.0,0.0,0.0
1.377,0.0,0.0,0.0,0.0,0.0,0.0,0.0,0.0,0.0,0.0
1.39,0.0,0.0,0.0,0.0,0.0,0.0,0.0,0.0,0.0,0.0
1.404,0.0,0.0,0.0,0.0,0.0,0.0,0.0,0.0,0.0,0.0
1.417,0.0,0.0,0.0,0.0,0.0,0.0,0.0,0.0,0.0,0.0
1.431,0.0,0.0,0.0,0.0,0.0,0.0,0.0,0.0,0.0,0.0
1.444,0.0,0.0,0.0,0.0,0.0,0.0,0.0,0.0,0.0,0.0
1.457,0.0,0.0,0.0,0.0,0.0,0.0,0.0,0.0,0.0,0.0
1.47,0.0,0.0,0.0,0.0,0.0,0.0,0.0,0.0,0.0,0.0
1.484,0.0,0.0,0.0,0.0,0.0,0.0,0.0,0.0,0.0,0.0
1.497,0.0,0.0,0.0,0.0,0.0,0.0,0.0,0.0,0.0,0.0
1.51,0.0,0.0,0.0,0.0,0.0,0.0,0.0,0.0,0.0,0.0
1.524,0.0,0.0,0.0,0.0,0.0,0.0,0.0,0.0,0.0,0.0
1.537,0.0,0.0,0.0,0.0,0.0,0.0,0.0,0.0,0.0,0.0
1.551,0.0,0.0,0.0,0.0,0.0,0.0,0.0,0.0,0.0,0.0
1.564,0.0,0.0,0.0,0.0,0.0,0.0,0.0,0.0,0.0,0.0
1.577,0.0,0.0,0.0,0.0,0.0,0.0,0.0,0.0,0.0,0.0
1.591,0.0,0.0,0.0,0.0,0.0,0.0,0.0,0.0,0.0,0.0
1.604,0.0,0.0,0.0,0.0,0.0,0.0,0.0,0.0,0.0,0.0
1.617,0.0,0.0,0.0,0.0,0.0,0.0,0.0,0.0,0.0,0.0
1.631,0.0,0.0,0.0,0.0,0.0,0.0,0.0,0.0,0.0,0.0
1.644,0.0,0.0,0.0,0.0,0.0,0.0,0.0,0.0,0.0,0.0
1.657,0.0,0.0,0.0,0.0,0.0,0.0,0.0,0.0,0.0,0.0
1.673,0.0,0.0,0.0,0.0,0.0,0.0,0.0,0.0,0.0,0.0
1.684,0.0,0.0,0.0,0.0,0.0,0.0,0.0,0.0,0.0,0.0
1.698,0.0,0.0,0.0,0.0,0.0,0.0,0.0,0.0,0.0,0.0
1.711,0.0,0.0,0.0,0.0,0.0,0.0,0.0,0.0,0.0,0.0
1.724,0.0,0.0,0.0,0.0,0.0,0.0,0.0,0.0,0.0,0.0
1.738,0.0,0.0,0.0,0.0,0.0,0.0,0.0,0.0,0.0,0.0
1.751,0.0,0.0,0.0,0.0,0.0,0.0,0.0,0.0,0.0,0.0
1.764,0.0,0.0,0.0,0.0,0.0,0.0,0.0,0.0,0.0,0.0
1.778,0.0,0.0,0.0,0.0,0.0,0.0,0.0,0.0,0.0,0.0
1.791,0.0,0.0,0.0,0.0,0.0,0.0,0.0,0.0,0.0,0.0
1.804,0.0,0.0,0.0,0.0,0.0,0.0,0.0,0.0,0.0,0.0
1.818,0.0,0.0,0.0,0.0,0.0,0.0,0.0,0.0,0.0,0.0
1.831,0.0,0.0,0.0,0.0,0.0,0.0,0.0,0.0,0.0,0.0
1.844,0.0,0.0,0.0,0.0,0.0,0.0,0.0,0.0,0.0,0.0
1.858,0.0,0.0,0.0,0.0,0.0,0.0,0.0,0.0,0.0,0.0
1.871,0.0,0.0,0.0,0.0,0.0,0.0,0.0,0.0,0.0,0.0
1.884,0.0,0.0,0.0,0.0,0.0,0.0,0.0,0.0,0.0,0.0
1.898,0.0,0.0,0.0,0.0,0.0,0.0,0.0,0.0,0.0,0.0
1.911,0.0,0.0,0.0,0.0,0.0,0.0,0.0,0.0,0.0,0.0
1.924,0.0,0.0,0.0,0.0,0.0,0.0,0.0,0.0,0.0,0.0
1.939,0.0,0.0,0.0,0.0,0.0,0.0,0.0,0.0,0.0,0.0
1.951,0.0,0.0,0.0,0.0,0.0,0.0,0.0,0.0,0.0,0.0
1.965,0.0,0.0,0.0,0.0,0.0,0.0,0.0,0.0,0.0,0.0
1.978,0.0,0.0,0.0,0.0,0.0,0.0,0.0,0.0,0.0,0.0
1.991,-0.7080511450767517,0.032620809972286224,-1.6596301794052124,-0.22389107942581177,0.045627236366271966,0.0,0.0,-0.20324364304542544,0.0,0.0
2.004,-0.15043184161186218,0.09404727071523665,-4.0928025245666495,0.28620445728302,-0.0011553466320037842,0.0,0.0,-0.20324364304542544,0.0,0.0
2.018,-0.1956708133220673,0.050102658569812775,0.6883934140205383,0.25378623604774475,-0.08754509687423706,0.0,0.0,-0.13420654833316803,0.0,0.0
2.031,-0.2412257939577103,0.016927063465118408,-0.0864163041114807,0.25908517837524414,-0.08992482721805571,0.0,0.0,-0.2562151253223419,0.0,0.0
2.044,-0.23629415035247803,0.08871455490589142,-0.5626693367958069,0.2857191860675812,-0.05857915431261063,0.0,0.0,-0.3253875970840454,0.0,0.0
2.058,-0.2293380945920944,0.16280972957611084,-4.384758949279785,0.288448452949524,-0.10631893575191498,0.0,0.0,-0.23035597801208496,0.0,0.0
2.072,-0.27111732959747314,0.11361917853355408,-1.0908812284469604,0.2520606219768524,-0.18412676453590396,0.0,0.0,-0.17861346900463104,0.0,0.0
2.085,-0.3061891496181488,0.07099243998527527,2.5079948902130127,0.23558637499809265,-0.16719330847263336,0.0,0.0,-0.3222437798976898,0.0,0.0
2.098,-0.2798956036567688,0.21707847714424133,-2.9085783958435054,0.2695448696613312,-0.18275347352027893,0.0,0.0,-0.4103015065193176,0.0,0.0
2.111,-0.257790207862854,0.23641410470008847,2.496602296829224,0.27744695544242853,-0.19982302188873288,0.0,0.0,-0.2917819023132324,0.0,0.0
2.125,-0.2972151339054108,0.15162400901317596,-2.0962045192718506,0.23844550549983975,-0.31190451979637146,0.0,0.0,-0.23053784668445587,0.0,0.0
2.138,-0.33152809739112854,0.14601901173591614,5.194558143615723,0.2240833044052124,-0.28251275420188904,0.0,0.0,-0.43373578786849976,0.0,0.0
2.151,-0.30246445536613464,0.17672480642795563,-2.3718416690826416,0.267985463142395,-0.2802774906158448,0.0,0.0,-0.3469480872154236,0.0,0.0
2.165,-0.279780775308609,0.1821337789297104,1.266270875930786,0.2878544628620148,-0.2921290993690491,0.0,0.0,-0.3469480872154236,0.0,0.0
2.178,-0.31942945718765253,0.07075822353363037,-0.6455853581428528,0.23408256471157077,-0.38795730471611023,0.0,0.0,-0.39546176791191107,0.0,0.0
2.191,-0.36035504937171936,0.018128886818885803,-1.6941770315170288,0.1846877634525299,-0.4604754447937012,0.0,0.0,-0.39396932721138,0.0,0.0
2.205,-0.38745284080505366,-0.030489668250083923,1.049769639968872,0.1370398849248886,-0.44403937458992,0.0,0.0,-0.42327168583869934,0.0,0.0
2.218,-0.4270067512989044,-0.02477927505970001,7.8418354988098145,0.14019039273262024,-0.44760885834693914,0.0,0.0,-0.5045526623725891,0.0,0.0
2.231,-0.3997238874435425,0.0454532653093338,-0.06558224558830261,0.1654084324836731,-0.4482278525829315,0.0,0.0,-0.5254083275794983,0.0,0.0
2.245,-0.38118427991867065,0.011203467845916748,-2.0182125568389893,0.15965543687343595,-0.5261795520782471,0.0,0.0,-0.4461749196052551,0.0,0.0
2.258,-0.4133712947368622,-0.11245772242546082,0.12610629200935364,0.1155780702829361,-0.5893197059631348,0.0,0.0,-0.4086387753486633,0.0,0.0
2.272,-0.4411496222019196,-0.13904008269309998,3.1252830028533936,0.08502624928951262,-0.5682724714279175,0.0,0.0,-0.5696079134941101,0.0,0.0
2.285,-0.4564538598060608,-0.032462634146213525,4.837095737457275,0.069606713950634,-0.5012933015823364,0.0,0.0,-0.732817769050598,0.0,0.0
2.299,-0.49062108993530273,-0.11588409543037416,10.991681098937988,0.028289465233683583,-0.577190637588501,0.0,0.0,-0.2796151638031006,0.0,0.0
2.312,-0.5185834765434265,-0.12643006443977356,-3.959119319915772,-0.012412668205797672,-0.5810651183128357,0.0,0.0,-0.2796151638031006,0.0,0.0
2.326,-0.5451037287712097,-0.2269742339849472,8.119842529296875,-0.0374763049185276,-0.47817045450210566,0.0,0.0,-0.5013104677200316,0.0,0.0
2.339,-0.5220217108726501,-0.10404862463474274,21.931581497192383,-0.006659014616161585,-0.3107253909111023,0.0,0.0,-0.3787319660186768,0.0,0.0
2.352,-0.4952026903629303,-0.16321834921836853,4.573537349700928,0.021571697667241096,-0.25425553321838373,0.0,0.0,-0.06103469431400299,0.0,0.0
2.366,-0.4651276171207428,-0.15918707847595215,-3.849172115325928,0.04901162534952164,-0.26743996143341064,0.0,0.0,-0.06103469431400299,0.0,0.0
2.379,-0.4381962418556213,-0.09744970500469209,31.474143981933597,0.10251577198505402,-0.05182958394289017,0.0,0.0,-0.22168570756912231,0.0,0.0
2.392,-0.4204633533954621,-0.09093689918518065,9.797689437866211,0.1575991064310074,0.05835741013288498,0.0,0.0,-0.010398872196674349,0.0,0.0
2.406,-0.45441779494285583,-0.17452548444271088,0.19177319109439847,0.12188992649316788,0.251483678817749,0.0,0.0,0.18421179056167605,0.0,0.0
2.419,-0.47282716631889343,-0.15127873420715332,32.291141510009766,0.0754038393497467,0.49690866470336914,0.0,0.0,0.22006915509700772,0.0,0.0
2.433,-0.46247935295104975,-0.08936688303947447,7.117319583892822,0.09233734011650083,0.6769511699676514,0.0,0.0,0.10816562175750732,0.0,0.0
2.446,-0.42459118366241455,0.04430675506591797,11.378564834594728,0.12618108093738556,0.7069156169891356,0.0,0.0,0.07940845936536789,0.0,0.0
2.459,-0.39325687289237976,0.08685535192489624,7.406104087829591,0.13883215188980105,0.5783551931381226,0.0,0.0,0.26250147819519043,0.0,0.0
2.473,-0.3711453080177307,0.06521320343017578,5.938875675201416,0.13182170689105988,0.5117683410644531,0.0,0.0,0.39675217866897583,0.0,0.0
2.486,-0.39640918374061584,0.05989956855773926,3.2403721809387207,0.08607727289199829,0.5144858360290527,0.0,0.0,0.37144762277603144,0.0,0.0
2.499,-0.41638824343681335,0.18257495760917664,9.708559036254883,0.03672350943088532,0.4954200983047485,0.0,0.0,0.4460827112197876,0.0,0.0
2.512,-0.42321750521659846,0.12619662284851074,0.8271530270576477,0.03901638463139535,0.5316630005836487,0.0,0.0,0.4609615206718445,0.0,0.0
2.526,-0.3756490051746368,0.11131131649017334,4.909005641937256,0.052345439791679375,0.5006961226463318,0.0,0.0,0.4609615206718445,0.0,0.0
2.539,-0.3503073751926422,0.3236491084098816,0.4186391830444336,0.0676293894648552,0.42345950007438654,0.0,0.0,0.3085525333881378,0.0,0.0
2.552,-0.31665635108947754,0.33097052574157715,-8.005915641784668,0.07542245835065842,0.21225343644618988,0.0,0.0,0.27117791771888733,0.0,0.0
2.566,-0.35057777166366577,0.40527456998825073,-6.183922290802002,0.02724680118262768,0.14581045508384705,0.0,0.0,0.24426797032356265,0.0,0.0
2.579,-0.35226753354072565,0.34443145990371704,-7.07261848449707,0.017928190529346466,-0.015647515654563904,0.0,0.0,0.19463682174682617,0.0,0.0
2.592,-0.3153766989707947,0.3088299036026001,-2.5734989643096924,0.0614950992166996,-0.03023858368396759,0.0,0.0,0.19199153780937195,0.0,0.0
2.606,-0.2837609648704529,0.3292285799980164,-1.3457536697387695,0.0622551329433918,-0.1078123152256012,0.0,0.0,0.24745525419712067,0.0,0.0
2.619,-0.27639204263687134,0.18654865026474,2.3395254611968994,0.04554193466901779,-0.16208136081695557,0.0,0.0,0.27228838205337524,0.0,0.0
2.632,-0.25437888503074646,0.025240011513233185,5.306370258331299,0.05328990519046784,-0.12641914188861847,0.0,0.0,0.2260617315769196,0.0,0.0
2.646,-0.216638058423996,-0.10945320874452592,1.6568228006362915,0.09370416402816771,-0.04690833389759064,0.0,0.0,0.16832923889160156,0.0,0.0
2.659,-0.21697495877742767,-0.1117161437869072,-12.803139686584473,0.1324349343776703,-0.07504613697528838,0.0,0.0,0.1757221221923828,0.0,0.0
2.672,-0.21092452108860016,-0.17759445309638977,-7.517959117889405,0.16073983907699585,-0.08282974362373352,0.0,0.0,0.1757221221923828,0.0,0.0
2.686,-0.2381775379180908,-0.1580049991607666,-5.9156880378723145,0.1410064399242401,-0.1643182337284088,0.0,0.0,0.21225354075431824,0.0,0.0
2.699,-0.24242071807384488,-0.14583010971546173,12.315308570861816,0.12855349481105804,-0.12498240172863008,0.0,0.0,0.21983143687248233,0.0,0.0
2.713,-0.24305787682533264,-0.13827015459537506,7.32886791229248,0.12686580419540405,-0.04480347782373428,0.0,0.0,0.21983143687248233,0.0,0.0
2.726,-0.18916785717010495,-0.2904985845088959,4.413610458374024,0.17649999260902405,0.11362250149250032,0.0,0.0,0.20201173424720764,0.0,0.0
2.74,-0.16950015723705292,-0.5125895738601685,-3.6462664604187007,0.17927320301532745,0.304143488407135,0.0,0.0,0.37300103902816767,0.0,0.0
2.753,-0.12808845937252045,-0.6081169843673706,2.0999596118927,0.2139640301465988,0.318758487701416,0.0,0.0,0.3555864989757538,0.0,0.0
2.766,-0.11574306339025496,-0.5755444765090942,-8.241073608398438,0.2694450914859772,0.35858622193336487,0.0,0.0,0.3555864989757538,0.0,0.0
2.78,-0.09639881551265715,-0.4525944590568543,-5.1153526306152335,0.30283236503601074,0.4920691847801209,0.0,0.0,0.3861106634140015,0.0,0.0
2.793,-0.0829285830259323,-0.49492013454437256,6.315032958984375,0.3188973367214203,0.3813360929489136,0.0,0.0,0.4694173336029053,0.0,0.0
2.806,-0.11545564979314804,-0.5447818040847777,7.525880336761474,0.26832979917526245,0.30837833881378174,0.0,0.0,0.4351564645767212,0.0,0.0
2.82,-0.1325021535158157,-0.5119185447692871,-0.7830619812011719,0.2721112668514252,0.31824666261672974,0.0,0.0,0.2810569703578949,0.0,0.0
2.833,-0.1073646917939186,-0.37103632092475886,-12.808710098266602,0.2953271269798279,0.30106306076049805,0.0,0.0,0.2130884826183319,0.0,0.0
2.846,-0.10021902620792388,-0.20916153490543363,-15.130179405212402,0.3023565411567688,0.13766291737556458,0.0,0.0,0.345700204372406,0.0,0.0
2.86,-0.1272105574607849,-0.11965867131948472,-11.15949821472168,0.2579628527164459,-0.08300115168094635,0.0,0.0,0.38383331894874567,0.0,0.0
2.873,-0.16322453320026398,-0.0229695588350296,-6.718388080596924,0.2056679129600525,-0.22416523098945615,0.0,0.0,0.16092510521411896,0.0,0.0
2.887,-0.1513807773590088,0.09366166591644288,-2.406804323196411,0.2159777134656906,-0.30514854192733765,0.0,0.0,-0.030166655778884888,0.0,0.0
2.9,-0.10159289091825484,0.1129954606294632,-4.051463127136231,0.22462907433509827,-0.5593181848526001,0.0,0.0,0.12561213970184326,0.0,0.0
2.913,-0.05299576371908188,0.06958523392677307,0.6531178951263428,0.2338581085205078,-0.5610872507095337,0.0,0.0,0.12561213970184326,0.0,0.0
2.927,-0.06025393679738045,0.04570767283439636,-1.8551363945007324,0.19157640635967252,-0.7244683504104614,0.0,0.0,0.03609686344861984,0.0,0.0
2.94,-0.08141903579235077,0.31687527894973755,-14.709036827087402,0.16104631125926971,-0.8973678350448608,0.0,0.0,-0.14444103837013245,0.0,0.0
2.953,-0.045829575508832925,0.3205775022506714,0.5464687943458557,0.17152544856071472,-1.0011509656906128,0.0,0.0,-0.0823182463645935,0.0,0.0
2.967,-0.009197941049933432,0.2922059297561645,0.6383846998214722,0.1872422695159912,-0.99527907371521,0.0,0.0,-0.0823182463645935,0.0,0.0
2.98,-0.028221590444445607,0.00961872935295105,-2.5421483516693115,0.14030441641807556,-1.1153740882873535,0.0,0.0,-0.2688993811607361,0.0,0.0
2.993,-0.05116854980587959,-0.03484068810939789,-7.179799556732178,0.07254358381032942,-1.2109720706939695,0.0,0.0,-0.3388669490814209,0.0,0.0
3.007,-0.09630963206291199,0.01228085160255432,-4.404017448425293,0.02727558836340904,-1.3526153564453125,0.0,0.0,-0.40669786930084234,0.0,0.0
3.02,-0.10842721909284592,0.09696337580680849,-4.228754997253418,0.001961558125913143,-1.4661803245544434,0.0,0.0,-0.47588205337524414,0.0,0.0
3.034,-0.12848280370235443,0.18138793110847476,-4.147291660308838,-0.006104995496571064,-1.5383265018463137,0.0,0.0,-0.541901171207428,0.0,0.0
3.047,-0.08561373502016068,0.20611816644668576,-4.454176902770996,0.020850284025073048,-1.6116042137145996,0.0,0.0,-0.6108447909355164,0.0,0.0
3.06,-0.06274445354938507,0.22134095430374143,-10.070055961608888,0.0643354281783104,-1.754979133605957,0.0,0.0,-0.6702417135238647,0.0,0.0
3.073,-0.018956420943140984,0.1613638997077942,2.559842109680176,0.11350620537996292,-1.780772686004639,0.0,0.0,-0.7167821526527405,0.0,0.0
3.087,-0.0712871178984642,0.15738633275032043,-3.0010476112365723,0.043628454208374016,-1.823217868804932,0.0,0.0,-0.7664791345596313,0.0,0.0
3.1,-0.09432148188352586,0.18193791806697843,-5.602124214172363,-0.0035635074600577354,-1.9046829938888552,0.0,0.0,-0.8434191942214967,0.0,0.0
3.113,-0.06708159297704697,0.19866612553596497,-1.466055154800415,0.019223650917410847,-1.9379564523696895,0.0,0.0,-0.8434191942214967,0.0,0.0
3.127,-0.09571347385644911,0.2651140093803406,-0.517156720161438,0.019751647487282756,-1.9571912288665767,0.0,0.0,-0.8663721680641174,0.0,0.0
3.14,-0.09598168730735779,0.3512984812259674,-4.049120903015137,0.021588169038295742,-1.967435359954834,0.0,0.0,-0.9071338176727296,0.0,0.0
3.153,-0.11984118074178696,0.35621058940887446,-0.3908403217792511,-0.04014889523386955,-1.9800494909286497,0.0,0.0,-0.9425790905952451,0.0,0.0
3.167,-0.10105305910110474,0.35752663016319275,-1.7242780923843384,-0.00040532945422455674,-1.9983156919479368,0.0,0.0,-0.989873468875885,0.0,0.0
3.18,-0.1290775090456009,0.3775688707828522,-6.578844070434569,-0.07051286846399307,-2.0864620208740234,0.0,0.0,-1.0494225025177002,0.0,0.0
3.193,-0.11143174022436142,0.42260199785232544,-7.328449726104736,-0.05797435715794563,-2.22208833694458,0.0,0.0,-1.1151654720306396,0.0,0.0
3.207,-0.08216039836406708,0.45219886302948,-7.347822189331055,-0.013030797243118286,-2.3413567543029785,0.0,0.0,-1.176909565925598,0.0,0.0
3.22,-0.1348637342453003,0.49442237615585327,-5.853120803833008,-0.02892106957733631,-2.464107036590576,0.0,0.0,-1.2289128303527832,0.0,0.0
3.233,-0.0914374142885208,0.46523767709732056,-2.108091115951538,-0.0037148511037230487,-2.5242221355438232,0.0,0.0,-1.274866819381714,0.0,0.0
3.247,-0.118454709649086,0.5007714629173279,-3.744739294052124,-0.09109935909509657,-2.557361125946045,0.0,0.0,-1.3139420747756958,0.0,0.0
3.26,-0.14662542939186096,0.5188066959381104,-3.0261397361755367,-0.15590627491474152,-2.5697925090789795,0.0,0.0,-1.3419344425201416,0.0,0.0
3.274,-0.17146609723567963,0.4327754974365234,6.041308879852295,-0.203400194644928,-2.468424797058105,0.0,0.0,-1.3371949195861816,0.0,0.0
3.287,-0.1832063049077988,0.4178186655044556,-4.557662963867188,-0.21709308028221128,-2.4838008880615234,0.0,0.0,-1.3047885894775393,0.0,0.0
3.302,-0.1461262404918671,0.37369874119758606,1.8806889057159424,-0.1899540424346924,-2.4008562564849854,0.0,0.0,-1.28453528881073,0.0,0.0
3.314,-0.15237323939800262,0.41508889198303217,-4.163919448852539,-0.2090611308813095,-2.411420583724976,0.0,0.0,-1.3067147731781006,0.0,0.0
3.327,-0.20921750366687772,0.4224658608436585,0.483229011297226,-0.28282350301742554,-2.3939926624298096,0.0,0.0,-1.3067147731781006,0.0,0.0
3.34,-0.26584750413894653,0.4178604483604431,-3.300753116607666,-0.3631807267665863,-2.3910970687866206,0.0,0.0,-1.3075240850448608,0.0,0.0
3.354,-0.2857007086277008,0.24251271784305573,1.060051441192627,-0.3701046109199524,-2.2810275554656982,0.0,0.0,-1.2583611011505127,0.0,0.0
3.367,-0.2480337917804718,0.21370188891887665,4.457453727722168,-0.31917476654052734,-2.1425061225891118,0.0,0.0,-1.219519019126892,0.0,0.0
3.381,-0.23656465113162997,0.24065750837326047,2.773900270462036,-0.26742151379585266,-2.155005693435669,0.0,0.0,-1.2023975849151611,0.0,0.0
3.394,-0.2104412466287613,0.3069148361682892,-3.050894260406494,-0.27476322650909424,-2.0832736492156982,0.0,0.0,-1.2138452529907229,0.0,0.0
3.407,-0.23560503125190732,0.2439454197883606,-3.0710442066192627,-0.35748186707496643,-2.0344250202178955,0.0,0.0,-1.219543218612671,0.0,0.0
3.42,-0.2884426414966584,0.1213378608226776,-2.5913803577423096,-0.43867090344429016,-1.8966211080551147,0.0,0.0,-1.2283637523651123,0.0,0.0
3.434,-0.3393993079662323,0.0330253541469574,1.1504262685775757,-0.4913378357887268,-1.7491101026535034,0.0,0.0,-1.2294665575027466,0.0,0.0
3.447,-0.3459620773792267,0.004160374402999878,4.822196006774902,-0.4729681611061096,-1.6520617008209229,0.0,0.0,-1.218278408050537,0.0,0.0
3.46,-0.3205276727676392,-0.015110239386558533,4.735042095184326,-0.4724979996681213,-1.5594398975372314,0.0,0.0,-1.229928731918335,0.0,0.0
3.474,-0.3607737421989441,-0.14496178925037384,-3.7647528648376474,-0.5490788221359253,-1.6574130058288574,0.0,0.0,-1.17479407787323,0.0,0.0
3.487,-0.3999011516571045,-0.12843084335327148,-3.0757181644439697,-0.6210294961929321,-1.6275043487548828,0.0,0.0,-1.17479407787323,0.0,0.0
3.501,-0.41328340768814087,-0.10373489558696748,-10.317505836486816,-0.6312684416770935,-1.8036526441574097,0.0,0.0,-1.1860501766204834,0.0,0.0
3.514,-0.3932270407676697,0.15189357101917267,-9.625951766967773,-0.6417575478553772,-2.16931676864624,0.0,0.0,-1.3768652677536013,0.0,0.0
3.527,-0.38160982728004456,0.22799657285213473,3.3550322055816646,-0.6664879322052002,-2.204270601272583,0.0,0.0,-1.2998331785202026,0.0,0.0
3.54,-0.3915641903877258,0.2412952780723572,-0.338687002658844,-0.7215932607650756,-1.8469443321228027,0.0,0.0,-1.2998331785202026,0.0,0.0
3.554,-0.42806723713874817,0.12868990004062653,-0.9545132517814637,-0.7814579010009765,-1.3315832614898682,0.0,0.0,-1.0643976926803589,0.0,0.0
3.567,-0.4297438263893128,0.04926939308643341,-0.9306371212005616,-0.7967885136604309,-1.2385685443878174,0.0,0.0,-1.1829214096069336,0.0,0.0
3.58,-0.4250392615795136,0.0888887345790863,2.6199281215667725,-0.7866310477256776,-1.2876232862472534,0.0,0.0,-1.2525393962860107,0.0,0.0
3.594,-0.47538888454437256,0.1813706010580063,-3.2540602684021,-0.849218249320984,-1.1827766895294187,0.0,0.0,-1.1473791599273682,0.0,0.0
3.607,-0.5178115367889404,0.146079882979393,1.131168007850647,-0.9250865578651427,-1.0723479986190796,0.0,0.0,-1.0644831657409668,0.0,0.0
3.62,-0.5001161694526672,0.10794446617364883,-3.888273239135742,-0.9364665746688842,-0.9871394634246825,0.0,0.0,-1.1099936962127686,0.0,0.0
3.634,-0.5136033296585083,0.1337420493364334,-9.3157901763916,-0.9247194528579714,-1.0133118629455566,0.0,0.0,-1.1484286785125732,0.0,0.0
3.647,-0.51167893409729,0.12589435279369354,-1.411101222038269,-0.9090188145637512,-1.026207447052002,0.0,0.0,-1.133504033088684,0.0,0.0
3.66,-0.565245509147644,0.10890066623687744,0.6145119667053223,-0.9777195453643799,-0.9755349755287169,0.0,0.0,-1.084583044052124,0.0,0.0
3.674,-0.576286554336548,0.10605461895465852,12.90890884399414,-1.038205862045288,-0.7711691856384277,0.0,0.0,-1.0445621013641355,0.0,0.0
3.688,-0.5437820553779602,0.13175301253795624,-4.499691486358643,-1.0008190870285034,-0.7923716306686401,0.0,0.0,-1.0445621013641355,0.0,0.0
3.701,-0.5261067748069763,0.23282621800899503,2.661005973815918,-0.9593497514724733,-0.7988996505737304,0.0,0.0,-1.0000993013381958,0.0,0.0
3.714,-0.5756336450576782,0.056762084364891045,-3.543640613555908,-1.019636631011963,-0.6275287866592407,0.0,0.0,-0.7050087451934816,0.0,0.0
3.728,-0.6011488437652588,-0.05907022207975388,5.300259590148926,-1.084455966949463,-0.4213374853134155,0.0,0.0,-0.7624453902244568,0.0,0.0
3.741,-0.6369710564613342,-0.08773043006658554,-1.0091676712036133,-1.1474882364273071,-0.3980772197246552,0.0,0.0,-0.7624453902244568,0.0,0.0
3.754,-0.6484892964363098,0.03927852213382721,10.829275131225586,-1.158980369567871,-0.33518385887146,0.0,0.0,-0.5323943495750427,0.0,0.0
3.768,-0.6719857454299927,-0.014574453234672546,1.9454553127288816,-1.1784871816635132,-0.22982974350452423,0.0,0.0,-0.451915830373764,0.0,0.0
3.781,-0.6973169445991516,-0.06641083210706711,7.4433979988098145,-1.2325572967529297,-0.05581367760896683,0.0,0.0,-0.40545380115509033,0.0,0.0
3.795,-0.7247678637504578,-0.223154217004776,12.856595993041992,-1.2827887535095217,0.13846686482429504,0.0,0.0,-0.3121378421783448,0.0,0.0
3.808,-0.7510794401168822,-0.231039434671402,-2.577817440032959,-1.3073430061340332,0.38395151495933527,0.0,0.0,-0.25200408697128296,0.0,0.0
3.821,-0.7424864768981932,-0.15901347994804382,-3.7754101753234863,-1.2439932823181152,0.7644027471542358,0.0,0.0,-0.2763315737247467,0.0,0.0
3.834,-0.7364749312400819,-0.05714936554431915,7.269896984100343,-1.1817926168441772,1.0708582401275637,0.0,0.0,-0.22238041460514069,0.0,0.0
3.848,-0.7281042337417601,-0.1270400732755661,6.912776470184326,-1.1235816478729248,1.0531407594680786,0.0,0.0,-0.22238041460514069,0.0,0.0
3.861,-0.7085278034210205,-0.2014228999614716,-4.027544498443604,-1.0707595348358154,0.6033132076263428,0.0,0.0,-0.07311287522315979,0.0,0.0
3.874,-0.7227367758750916,-0.4969851970672608,10.07603931427002,-1.0665103197097778,0.6086466908454895,0.0,0.0,0.14165885746479034,0.0,0.0
3.888,-0.6831293702125549,-0.5719074606895447,7.96766710281372,-1.035773992538452,0.8843805193901062,0.0,0.0,0.22936615347862244,0.0,0.0
3.901,-0.6890788674354553,-0.5928775072097777,-5.488771915435791,-1.0472869873046875,1.0614631175994873,0.0,0.0,0.22936615347862244,0.0,0.0
3.914,-0.6724883913993835,-0.41735380887985224,18.076305389404297,-1.0034605264663696,1.002793788909912,0.0,0.0,0.3259614408016205,0.0,0.0
3.928,-0.6735172271728516,-0.4924512505531311,-6.162994384765625,-0.9879201054573059,1.055710792541504,0.0,0.0,0.5477465987205505,0.0,0.0
3.941,-0.7042337656021118,-0.6146472692489624,6.253317356109619,-1.023637771606445,1.021973729133606,0.0,0.0,0.5477465987205505,0.0,0.0
3.954,-0.6657688617706299,-0.6458749175071716,7.837222099304198,-0.9620084166526793,0.886307954788208,0.0,0.0,0.40152847766876226,0.0,0.0
3.968,-0.667145311832428,-0.6468454003334044,3.3784098625183105,-0.9402077794075011,0.9462870359420776,0.0,0.0,0.6987935900688171,0.0,0.0
3.981,-0.6867116093635559,-0.8023185729980468,8.679695129394531,-0.9313141107559203,1.1061728000640867,0.0,0.0,1.063960075378418,0.0,0.0
3.994,-0.7014411687850952,-1.018451452255249,18.271209716796875,-0.9628798365592957,1.5033879280090332,0.0,0.0,1.0385324954986572,0.0,0.0
4.008,-0.7125834822654724,-1.0394880771636963,12.104619026184082,-0.99066424369812,1.8669278621673584,0.0,0.0,0.929617404937744,0.0,0.0
4.021,-0.6792868971824646,-0.91803240776062,8.257850646972656,-0.940557360649109,2.0123276710510254,0.0,0.0,1.055000066757202,0.0,0.0
4.035,-0.6627458333969116,-1.0539915561676023,8.882463455200195,-0.8837977647781373,2.2518601417541504,0.0,0.0,1.2618716955184937,0.0,0.0
4.048,-0.6564087867736816,-1.0765033960342407,3.7878377437591553,-0.8610213994979857,2.343075752258301,0.0,0.0,1.3733983039855957,0.0,0.0
4.061,-0.6733633875846863,-1.211207628250122,7.63558292388916,-0.8563698530197142,2.53720498085022,0.0,0.0,1.4431030750274658,0.0,0.0
4.074,-0.6776390671730042,-1.2375991344451904,13.324789047241213,-0.8495925664901732,2.798804521560669,0.0,0.0,1.5837324857711792,0.0,0.0
4.088,-0.6360448598861694,-1.1687959432601929,5.040364742279053,-0.8033724427223204,2.84268856048584,0.0,0.0,1.5837324857711792,0.0,0.0
4.101,-0.6146074533462524,-1.1297801733016968,2.3008077144622803,-0.7702426314353944,2.9151391983032227,0.0,0.0,1.598834991455078,0.0,0.0
4.114,-0.579518496990204,-0.8117094039916992,8.819808959960938,-0.6922078132629395,2.748210430145264,0.0,0.0,1.52611243724823,0.0,0.0
4.128,-0.5485151410102844,-0.6552265286445618,-8.369305610656738,-0.6184836626052856,2.579274654388428,0.0,0.0,1.5122396945953367,0.0,0.0
4.141,-0.5189661383628845,-0.597900927066803,-4.2320876121521,-0.5494995713233948,2.488607406616211,0.0,0.0,1.5122396945953367,0.0,0.0
4.155,-0.47489297389984125,-0.680939257144928,8.636962890625,-0.476194441318512,2.373286247253418,0.0,0.0,1.6126325130462646,0.0,0.0
4.168,-0.49812099337577825,-0.7934902906417847,11.17397117614746,-0.47690466046333313,2.5726118087768555,0.0,0.0,1.7377398014068604,0.0,0.0
4.181,-0.5192684531211853,-0.8532397747039795,12.151287078857422,-0.5243210792541504,2.7777395248413086,0.0,0.0,1.8301974534988403,0.0,0.0
4.194,-0.5298067331314087,-0.7552384138107299,6.848890781402588,-0.5421295762062073,2.9172844886779785,0.0,0.0,1.7763895988464355,0.0,0.0
4.208,-0.4923512637615204,-0.5361468195915222,1.3911947011947632,-0.44749751687049866,2.9750514030456543,0.0,0.0,1.691390037536621,0.0,0.0
4.221,-0.45589303970336914,-0.38139158487319946,-1.8268525600433352,-0.3547050654888153,2.92117977142334,0.0,0.0,1.730881929397583,0.0,0.0
4.235,-0.4214342534542084,-0.37852790951728815,-1.771661639213562,-0.260667085647583,2.8494014739990234,0.0,0.0,1.7895376682281494,0.0,0.0
4.248,-0.37191978096961975,-0.43938672542572016,0.7275000214576721,-0.17538566887378693,2.804265022277832,0.0,0.0,1.7884840965270996,0.0,0.0
4.261,-0.32419908046722407,-0.4732626378536224,2.9615163803100586,-0.09999711066484451,2.796729564666748,0.0,0.0,1.825998425483704,0.0,0.0
4.275,-0.3389252722263336,-0.5316001772880553,4.338986873626709,-0.13257761299610138,2.8481502532958984,0.0,0.0,1.939612865447998,0.0,0.0
4.288,-0.3533094525337219,-0.5304349064826965,-1.8594547510147093,-0.16881902515888214,2.883958101272583,0.0,0.0,1.939612865447998,0.0,0.0
4.301,-0.3713094592094421,-0.4711818993091583,1.5780373811721802,-0.2004908472299576,2.982123851776123,0.0,0.0,1.8939642906188965,0.0,0.0
4.315,-0.3370532095432281,-0.19059783220291135,0.4182904958724976,-0.11979904770851137,2.929237365722656,0.0,0.0,1.7314324378967283,0.0,0.0
4.328,-0.30334222316741943,-0.17212343215942383,-2.82757568359375,-0.04458003118634224,2.80842924118042,0.0,0.0,1.6933683156967163,0.0,0.0
4.341,-0.27110999822616577,-0.17505601048469543,1.9885718822479248,-0.016199935227632523,2.833273410797119,0.0,0.0,1.6933683156967163,0.0,0.0
4.355,-0.2856816053390503,-0.32355189323425293,-7.190510272979736,-0.005219191778451204,2.6384694576263428,0.0,0.0,1.6655585765838623,0.0,0.0
4.368,-0.30296847224235535,-0.3988786041736602,1.6510426998138428,0.009514061734080313,2.644932508468628,0.0,0.0,1.7222306728363037,0.0,0.0
4.381,-0.31576764583587646,-0.43051764369010925,1.049637794494629,0.013250594958662988,2.6773123741149902,0.0,0.0,1.7751612663269043,0.0,0.0
4.395,-0.25306570529937744,-0.42585727572441107,1.3007014989852903,0.08165889233350755,2.7219738960266118,0.0,0.0,1.7489696741104126,0.0,0.0
4.408,-0.20194242894649503,-0.4093600809574127,-0.3144979476928711,0.16955521702766418,2.748712539672852,0.0,0.0,1.6718395948410034,0.0,0.0
4.422,-0.15891040861606598,-0.4139516353607178,-1.9084990024566648,0.19024160504341123,2.72219467163086,0.0,0.0,1.6195571422576904,0.0,0.0
4.437,-0.1257249116897583,-0.39117351174354553,-6.489908695220947,0.2713961899280548,2.590043544769287,0.0,0.0,1.6067101955413818,0.0,0.0
4.448,-0.09622664004564285,-0.41054114699363703,3.454407930374145,0.3510347008705139,2.600597858428955,0.0,0.0,1.6067101955413818,0.0,0.0
4.461,-0.0931212604045868,-0.3882872760295868,-0.9432166814804077,0.40237748622894287,2.6135177612304688,0.0,0.0,1.6539630889892578,0.0,0.0
4.475,-0.12175755947828291,-0.32592737674713135,2.092449426651001,0.4132966995239258,2.731796979904175,0.0,0.0,1.7361468076705933,0.0,0.0
4.488,-0.0786583349108696,-0.3383782207965851,4.223272323608398,0.49124723672866816,2.778332233428955,0.0,0.0,1.704357028007507,0.0,0.0
4.502,-0.10555178672075272,-0.32380199432373047,-2.06567645072937,0.48097282648086553,2.7504444122314453,0.0,0.0,1.704357028007507,0.0,0.0
4.515,-0.05483382195234299,-0.4275553822517395,9.512189865112305,0.5444490313529968,2.7529196739196777,0.0,0.0,1.6618835926055908,0.0,0.0
4.528,0.0007524459506385027,-0.4789750576019287,-5.758425235748291,0.6075799465179443,2.7063503265380855,0.0,0.0,1.66458261013031,0.0,0.0
4.542,0.05679951608181,-0.4775342643260956,-1.222975492477417,0.671067476272583,2.6308436393737797,0.0,0.0,1.6835079193115234,0.0,0.0
4.555,0.023983029648661613,-0.39903670549392706,-7.72598648071289,0.6616371273994446,2.662154197692871,0.0,0.0,1.723523736000061,0.0,0.0
4.568,0.05200052261352539,-0.3768148720264434,3.709597826004028,0.7271079421043395,2.665471076965332,0.0,0.0,1.771495342254639,0.0,0.0
4.582,0.027668561786413196,-0.39844566583633423,2.961266040802002,0.7205657362937927,2.7020916938781734,0.0,0.0,1.799602508544922,0.0,0.0
4.595,0.0057465112768113604,-0.45579293370246887,3.0864267349243164,0.7383164763450623,2.7167000770568848,0.0,0.0,1.7950676679611206,0.0,0.0
4.608,0.059849828481674194,-0.5391218066215515,4.018954753875732,0.7812669277191162,2.717859268188477,0.0,0.0,1.792165994644165,0.0,0.0
4.622,0.11633524298667908,-0.6144262552261353,3.675605297088623,0.8295930624008178,2.692476749420166,0.0,0.0,1.802482843399048,0.0,0.0
4.635,0.1793535202741623,-0.6697680950164795,1.020835280418396,0.8529239892959594,2.62178897857666,0.0,0.0,1.7746673822402954,0.0,0.0
4.648,0.2161298245191574,-0.6547636985778809,0.6424784660339355,0.875389814376831,2.593177795410156,0.0,0.0,1.7746673822402954,0.0,0.0
4.662,0.2130463272333145,-0.6110244393348694,-6.846284866333008,0.8536510467529298,2.505364894866944,0.0,0.0,1.73652982711792,0.0,0.0
4.675,0.16994580626487732,-0.5214865803718567,-22.41161727905273,0.8047077059745789,2.2796764373779297,0.0,0.0,1.6430310010910034,0.0,0.0
4.688,0.19937740266323087,-0.5020516514778137,1.1000186204910278,0.8879355788230896,2.159470319747925,0.0,0.0,1.6013306379318235,0.0,0.0
4.702,0.1550336480140686,-0.5042810440063477,-4.073412418365479,0.897116482257843,2.0939640998840328,0.0,0.0,1.6013306379318235,0.0,0.0
4.715,0.2078012377023697,-0.43352529406547546,-15.419626235961914,0.9581607580184937,1.8658902645111084,0.0,0.0,1.540605068206787,0.0,0.0
4.728,0.1924310326576233,-0.3917441964149475,3.0831992626190186,0.9074003696441649,1.8143604993820193,0.0,0.0,1.5078330039978027,0.0,0.0
4.742,0.22942849993705752,-0.37606516480445856,-2.9213099479675293,0.9420143961906432,1.7678043842315674,0.0,0.0,1.4673539400100708,0.0,0.0
4.755,0.21500763297080996,-0.301430344581604,4.771975994110107,0.945459246635437,1.619927167892456,0.0,0.0,1.4230856895446775,0.0,0.0
4.768,0.24822397530078888,-0.27055227756500244,-3.952927827835083,0.9598363041877745,1.4837348461151123,0.0,0.0,1.3774003982543943,0.0,0.0
4.782,0.21154634654521945,-0.2562394142150879,0.20363330841064453,0.9233882427215576,1.4136697053909302,0.0,0.0,1.3316397666931152,0.0,0.0
4.795,0.2356888055801392,-0.20927231013774872,-9.023165702819824,0.944420337677002,1.2581572532653809,0.0,0.0,1.2810702323913574,0.0,0.0
4.808,0.20068484544754028,-0.1366235762834549,-10.547826766967772,0.900541841983795,1.1501379013061523,0.0,0.0,1.2254457473754885,0.0,0.0
4.821,0.23449088633060453,-0.09141680598258972,-5.6341094970703125,0.9412712454795836,0.9873547554016112,0.0,0.0,1.1681030988693235,0.0,0.0
4.835,0.28439146280288696,-0.08024910092353821,-9.059538841247559,0.9786220788955688,0.7675498127937317,0.0,0.0,1.0665611028671265,0.0,0.0
4.848,0.33277973532676697,-0.08627943694591522,11.040193557739258,1.0169014930725098,0.624751091003418,0.0,0.0,1.0665611028671265,0.0,0.0
4.862,0.3319350779056549,-0.05288827419281006,-1.5016436576843262,0.9925681352615356,0.4874218702316284,0.0,0.0,1.010863184928894,0.0,0.0
4.875,0.3804979920387268,-0.002281427383422852,-4.543174743652344,1.0204838514328003,0.31465113162994385,0.0,0.0,0.8917244672775267,0.0,0.0
4.888,0.40570622682571406,-0.043768823146820075,-3.4413232803344727,1.046402096748352,0.26951900124549866,0.0,0.0,0.8602314591407776,0.0,0.0
4.902,0.37657749652862554,-0.04323036968708038,3.8693814277648926,0.9919142127037048,0.1914254724979401,0.0,0.0,0.8602314591407776,0.0,0.0
4.915,0.3639301061630249,-0.06812169402837753,-21.567625045776367,0.9696009755134583,-0.1345294564962387,0.0,0.0,0.7960808277130127,0.0,0.0
4.928,0.3365970551967621,-0.022323824465274807,1.8578633069992063,0.9603976607322693,-0.19645640254020688,0.0,0.0,0.7465080618858337,0.0,0.0
4.942,0.3146488964557648,-0.009999960660934448,-1.9714469909667969,0.9494644999504088,-0.23710374534130096,0.0,0.0,0.6667728424072266,0.0,0.0
4.955,0.29453617334365845,0.016892507672309875,3.2695982456207275,0.897918701171875,-0.2924688160419464,0.0,0.0,0.5780982971191406,0.0,0.0
4.968,0.28805142641067505,0.05408414453268051,-6.761017322540283,0.8721591830253601,-0.3253144323825836,0.0,0.0,0.5093051195144653,0.0,0.0
4.981,0.2548454999923706,0.06999728083610535,-6.024066925048828,0.8302720189094542,-0.43245911598205566,0.0,0.0,0.447886198759079,0.0,0.0
4.995,0.2573259770870209,0.14273007214069366,-10.731982231140137,0.8162869215011597,-0.6186355352401732,0.0,0.0,0.39448282122612,0.0,0.0
5.008,0.2760893702507019,0.17731083929538727,-1.6929980516433716,0.8199304342269897,-0.7706425189971923,0.0,0.0,0.3394443690776825,0.0,0.0
5.022,0.306580513715744,0.12919975817203522,-8.231444358825684,0.8634248375892638,-1.0020781755447388,0.0,0.0,0.2459928393363953,0.0,0.0
5.035,0.2976413369178772,0.25803661346435547,-19.25911903381348,0.8581652045249939,-1.1031289100646973,0.0,0.0,-0.031337447464466095,0.0,0.0
5.048,0.288677453994751,0.20992565155029297,4.883327960968018,0.8418456315994263,-1.0288047790527344,0.0,0.0,-0.031337447464466095,0.0,0.0
5.062,0.2553509473800659,0.18287529051303864,-7.979409694671632,0.7887837886810303,-1.144627332687378,0.0,0.0,-0.14256979525089264,0.0,0.0
5.075,0.22901809215545652,0.05992699414491653,-22.899961471557617,0.7193851470947266,-1.7112414836883545,0.0,0.0,-0.26269909739494324,0.0,0.0
5.088,0.2253965139389038,0.014779262244701384,-4.009220600128174,0.7179375290870667,-1.865167617797852,0.0,0.0,-0.26269909739494324,0.0,0.0
5.102,0.23979802429676056,-1.4504417777061462e-05,1.2391895055770874,0.6976755857467651,-1.9899983406066892,0.0,0.0,-0.3464123904705048,0.0,0.0
5.115,0.24779473245143888,-0.1451009213924408,2.628135681152344,0.7131200432777405,-1.9990386962890625,0.0,0.0,-0.46379414200782776,0.0,0.0
5.128,0.2289002686738968,-0.2708449363708496,-0.705284595489502,0.6538236141204834,-1.97571873664856,0.0,0.0,-0.5379656553268433,0.0,0.0
5.142,0.20192728936672208,-0.30981022119522095,1.742979884147644,0.6165270805358887,-1.976728916168213,0.0,0.0,-0.5379656553268433,0.0,0.0
5.155,0.2021398097276688,-0.4026489853858948,-6.783207893371582,0.5948766469955444,-2.028816699981689,0.0,0.0,-0.6979421973228456,0.0,0.0
5.168,0.23475216329097748,-0.45581027865409846,-1.2986204624176023,0.6213364005088806,-2.05130672454834,0.0,0.0,-0.7682986259460449,0.0,0.0
5.182,0.26757699251174927,-0.525582790374756,-2.2732994556427,0.6721580624580383,-2.032926559448242,0.0,0.0,-0.8201505541801453,0.0,0.0
5.195,0.27933207154273987,-0.5488160848617554,-0.29985085129737854,0.7263036966323853,-1.9986791610717771,0.0,0.0,-0.8655086755752563,0.0,0.0
5.208,0.2928292453289032,-0.5123874545097351,-1.4859750270843506,0.7802513837814331,-1.9740715026855469,0.0,0.0,-0.9187805652618408,0.0,0.0
5.221,0.3024626672267914,-0.4500838220119476,-4.162828445434569,0.7654547691345216,-2.0106983184814453,0.0,0.0,-0.9681438207626343,0.0,0.0
5.235,0.2670518755912781,-0.293477475643158,-17.05609130859375,0.7014585137367249,-2.183103561401367,0.0,0.0,-1.0051614046096802,0.0,0.0
5.248,0.23722052574157715,-0.24795262515544889,4.2979583740234375,0.6559136509895325,-2.2300474643707275,0.0,0.0,-1.047905683517456,0.0,0.0
5.262,0.2250693440437317,-0.1202700138092041,-9.877359390258787,0.6378978490829468,-2.3530077934265137,0.0,0.0,-1.109343409538269,0.0,0.0
5.275,0.2041333764791489,-0.2060023844242096,-7.479134082794189,0.6094670295715332,-2.496891021728516,0.0,0.0,-1.2247474193572998,0.0,0.0
5.288,0.15164178609848022,-0.22349856793880463,2.8501017093658447,0.5610288977622986,-2.5122683048248287,0.0,0.0,-1.2247474193572998,0.0,0.0
5.302,0.12661074101924896,-0.28787994384765625,-3.3545224666595455,0.5438864827156067,-2.5399298667907715,0.0,0.0,-1.2939271926879885,0.0,0.0
5.315,0.09740180522203443,-0.32653284072875977,-26.49642372131348,0.4626842737197876,-2.7810397148132324,0.0,0.0,-1.4938371181488037,0.0,0.0
5.328,0.06154526770114899,-0.3053819239139557,3.020117998123169,0.3774277567863464,-2.841088056564331,0.0,0.0,-1.5931296348571775,0.0,0.0
5.342,0.06874210387468338,-0.3409128785133362,-2.0741567611694336,0.3498721718788147,-2.765720129013061,0.0,0.0,-1.673741579055786,0.0,0.0
5.355,0.10081271082162856,-0.4432918727397919,-3.1009867191314697,0.38788506388664246,-2.7344150543212886,0.0,0.0,-1.7243680953979492,0.0,0.0
5.368,0.14343707263469696,-0.510822057723999,1.665414810180664,0.44358667731285095,-2.6471970081329346,0.0,0.0,-1.7773373126983645,0.0,0.0
5.382,0.10362527519464491,-0.5403950810432434,5.8775291442871085,0.4281790852546692,-2.5799875259399414,0.0,0.0,-1.7897030115127563,0.0,0.0
5.395,0.1099078580737114,-0.5695250630378723,1.9317805767059328,0.45730042457580566,-2.5283656120300293,0.0,0.0,-1.7061033248901367,0.0,0.0
5.408,0.12165921926498412,-0.5721739530563354,13.004037857055664,0.5091750025749208,-2.4340410232543945,0.0,0.0,-1.5938925743103027,0.0,0.0
5.422,0.13364538550376892,-0.5226930975914001,13.269374847412108,0.5690608620643616,-2.2948048114776607,0.0,0.0,-1.5202181339263916,0.0,0.0
5.435,0.09613355994224547,-0.4155296385288239,4.22731351852417,0.5125691890716553,-2.069246768951416,0.0,0.0,-1.5331112146377563,0.0,0.0
5.448,0.0580819547176361,-0.4102929532527924,0.6023436784744263,0.4601179361343384,-2.020308494567871,0.0,0.0,-1.5331112146377563,0.0,0.0
5.462,0.025161992758512497,-0.4134058654308319,-7.4142022132873535,0.3763009905815125,-2.005817174911499,0.0,0.0,-1.5947797298431396,0.0,0.0
5.475,-0.015475544147193432,-0.43321824073791504,-19.29736328125,0.29143962264060974,-1.9751094579696653,0.0,0.0,-1.687875270843506,0.0,0.0
5.488,-0.054701972752809525,-0.42325526475906367,-0.7479920983314513,0.223750114440918,-1.898148536682129,0.0,0.0,-1.7357797622680664,0.0,0.0
5.502,-0.015253620222210884,-0.4197637438774109,0.16300231218338013,0.23535683751106265,-1.8614168167114256,0.0,0.0,-1.7357797622680664,0.0,0.0
5.515,-0.08249273896217346,-0.2816995680332184,-4.57213830947876,0.1582990735769272,-1.8106172084808352,0.0,0.0,-1.807047128677368,0.0,0.0
5.531,-0.07130911201238632,-0.2186574786901474,1.2832000255584717,0.15109506249427795,-1.8361130952835083,0.0,0.0,-1.7925102710723877,0.0,0.0
5.545,-0.06050343438982964,-0.1705630123615265,2.9530763626098637,0.17337347567081451,-1.9418437480926516,0.0,0.0,-1.7552535533905027,0.0,0.0
5.558,-0.04895594343543053,-0.1386759877204895,5.731621265411377,0.2298983335494995,-1.9994549751281736,0.0,0.0,-1.7322982549667358,0.0,0.0
5.571,-0.10278008878231049,-0.12310000509023666,8.946972846984863,0.22032684087753296,-1.9483431577682493,0.0,0.0,-1.7171415090560913,0.0,0.0
5.585,-0.13233014941215515,-0.11478234827518465,5.243736267089844,0.16905319690704346,-1.8690598011016848,0.0,0.0,-1.6588211059570312,0.0,0.0
5.598,-0.15024591982364657,-0.10044315457344057,-3.6650462150573726,0.09722975641489029,-1.9166851043701167,0.0,0.0,-1.5753703117370603,0.0,0.0
5.611,-0.10837672650814056,-0.017815276980400085,-1.6950756311416626,0.08783209323883057,-1.9366967678070068,0.0,0.0,-1.5753703117370603,0.0,0.0
5.625,-0.13967145979404447,0.10628042370080948,-2.005559206008911,0.05428893864154816,-1.957438349723816,0.0,0.0,-1.5887000560760498,0.0,0.0
5.638,-0.17648370563983917,0.30509114265441895,1.0302990674972534,-0.030491268262267116,-2.0363116264343266,0.0,0.0,-1.6476116180419922,0.0,0.0
5.651,-0.2320934385061264,0.2657497823238373,1.709769606590271,-0.052390806376934045,-2.0254247188568115,0.0,0.0,-1.6606042385101318,0.0,0.0
5.665,-0.2665657997131348,0.21163636445999143,1.7680808305740356,-0.11965075880289078,-2.011291027069092,0.0,0.0,-1.6606042385101318,0.0,0.0
5.678,-0.3064032196998596,0.22285163402557373,1.5668078660964966,-0.17327365279197693,-1.94686496257782,0.0,0.0,-1.6457257270812988,0.0,0.0
5.691,-0.2655011713504792,0.21595913171768188,2.657501220703125,-0.14011786878108978,-1.971262097358704,0.0,0.0,-1.6457257270812988,0.0,0.0
5.705,-0.24440720677375796,0.3124370276927948,1.2266188859939575,-0.1063692793250084,-1.9614005088806152,0.0,0.0,-1.6429111957550049,0.0,0.0
5.718,-0.21596498787403107,0.3241152763366699,8.638662338256836,-0.059048913419246674,-1.869179964065552,0.0,0.0,-1.6176002025604248,0.0,0.0
5.731,-0.190440833568573,0.27535322308540344,7.629744529724122,-0.0026138518005609512,-1.792438507080078,0.0,0.0,-1.5443264245986938,0.0,0.0
5.749,-0.1740204095840454,0.2627798914909363,4.519522190093993,0.05277539044618607,-1.751320719718933,0.0,0.0,-1.5443264245986938,0.0,0.0
5.758,-0.2110050320625305,0.2316158413887024,7.03293514251709,-0.021316535770893097,-1.588963747024536,0.0,0.0,-1.385251760482788,0.0,0.0
5.771,-0.2613844871520996,0.266142874956131,1.5483520030975342,-0.09403984248638152,-1.463919162750244,0.0,0.0,-1.33108651638031,0.0,0.0
5.785,-0.29273688793182373,0.3500842750072479,2.1440169811248775,-0.14878004789352417,-1.3657445907592771,0.0,0.0,-1.3094761371612549,0.0,0.0
5.798,-0.2737928330898285,0.4075581431388855,-0.011352449655532835,-0.14640219509601593,-1.3046983480453491,0.0,0.0,-1.3079068660736084,0.0,0.0
5.811,-0.30201426148414606,0.3918098509311676,-2.0205013751983643,-0.1855534464120865,-1.268625259399414,0.0,0.0,-1.3096513748168943,0.0,0.0
5.825,-0.2869904041290283,0.33897140622138977,-0.01417994499206543,-0.17154882848262787,-1.2175134420394895,0.0,0.0,-1.309719800949097,0.0,0.0
5.838,-0.3247702121734619,0.2899532914161682,-0.1969523727893829,-0.24148678779602048,-1.153789520263672,0.0,0.0,-1.2969164848327637,0.0,0.0
5.851,-0.3513606786727905,0.2905318140983581,-0.298415869474411,-0.306720495223999,-1.1516027450561523,0.0,0.0,-1.2895461320877075,0.0,0.0
5.865,-0.38602444529533386,0.2989636957645416,-3.6848521232604976,-0.3798826932907105,-1.1369686126708984,0.0,0.0,-1.2895461320877075,0.0,0.0
5.878,-0.38086071610450745,0.32224130630493164,-12.189218521118164,-0.3983180820941925,-1.172505497932434,0.0,0.0,-1.323824763298035,0.0,0.0
5.891,-0.3503890335559845,0.35636249184608454,-2.423407077789306,-0.40265348553657526,-1.2686046361923218,0.0,0.0,-1.368770956993103,0.0,0.0
5.905,-0.3938738405704498,0.3528064489364624,-1.5140600204467771,-0.41987189650535583,-1.3165971040725708,0.0,0.0,-1.403874754905701,0.0,0.0
5.918,-0.44081375002861023,0.28754112124443054,-4.386985301971436,-0.44412797689437866,-1.3790676593780518,0.0,0.0,-1.390380859375,0.0,0.0
5.931,-0.41781800985336304,0.2847135663032532,-3.1468346118927,-0.45301407575607294,-1.4196929931640625,0.0,0.0,-1.3537662029266355,0.0,0.0
5.945,-0.4580816328525543,0.25541627407073975,-4.940432071685791,-0.48324760794639593,-1.4981002807617188,0.0,0.0,-1.3463571071624756,0.0,0.0
5.958,-0.473578006029129,0.24086162447929385,-5.924919128417969,-0.5446975231170654,-1.4992799758911133,0.0,0.0,-1.367575764656067,0.0,0.0
5.971,-0.48379001021385193,0.249345064163208,-4.749615192413329,-0.5558421015739441,-1.5657747983932495,0.0,0.0,-1.3957860469818115,0.0,0.0
5.985,-0.5121354460716248,0.2614514529705048,-2.742943048477173,-0.5917702317237854,-1.5603721141815186,0.0,0.0,-1.4152264595031738,0.0,0.0
5.998,-0.5580727458000183,0.212066650390625,1.8384218215942385,-0.6451523900032043,-1.5436211824417114,0.0,0.0,-1.4200336933135986,0.0,0.0
6.011,-0.5287540555000305,0.20167392492294312,-0.6209582090377808,-0.656154215335846,-1.546425700187683,0.0,0.0,-1.4095234870910645,0.0,0.0
6.025,-0.5697091221809387,0.12394602596759796,0.8684545755386353,-0.7349244356155396,-1.4213533401489258,0.0,0.0,-1.3992817401885986,0.0,0.0
6.038,-0.5594370365142822,0.1267806440591812,-0.8943423628807069,-0.6994734406471252,-1.3629930019378662,0.0,0.0,-1.4143059253692627,0.0,0.0
6.051,-0.5317754149436951,0.1325155943632126,3.3114283084869385,-0.6583329439163208,-1.3637429475784302,0.0,0.0,-1.4143059253692627,0.0,0.0
6.065,-0.5182289481163025,0.13092195987701416,-1.1651068925857544,-0.6116046309471129,-1.3714331388473513,0.0,0.0,-1.3832937479019165,0.0,0.0
6.078,-0.5589041709899902,-0.07196249812841415,16.932043075561523,-0.6730286478996277,-1.2211745977401731,0.0,0.0,-1.1719831228256226,0.0,0.0
6.091,-0.602679431438446,-0.1609397679567337,4.112197399139404,-0.7392093539237976,-1.042083740234375,0.0,0.0,-1.116055965423584,0.0,0.0
6.105,-0.6405054330825806,-0.194292426109314,4.856179714202881,-0.802162766456604,-0.9704456925392152,0.0,0.0,-1.116055965423584,0.0,0.0
6.118,-0.6879127025604248,-0.11843010783195496,5.35770320892334,-0.8608705997467042,-0.6959057450294496,0.0,0.0,-1.085710883140564,0.0,0.0
6.131,-0.7165784239768982,-0.11539169400930405,-1.5094757080078125,-0.9264166355133056,-0.5882903337478638,0.0,0.0,-1.01451313495636,0.0,0.0
6.145,-0.739716351032257,-0.15259043872356415,-2.6420562267303467,-0.9844421744346618,-0.506338596343994,0.0,0.0,-1.0068726539611816,0.0,0.0
6.158,-0.7052271366119385,-0.12567418813705444,-0.18079206347465515,-0.9644724726676942,-0.5096850395202637,0.0,0.0,-1.0859378576278689,0.0,0.0
6.171,-0.6863093376159668,-0.06232604384422302,3.446211576461792,-0.9382743835449219,-0.6132878661155701,0.0,0.0,-1.0854504108428955,0.0,0.0
6.185,-0.665293514728546,-0.0463419035077095,4.934428691864014,-0.9219424128532407,-0.7002353668212891,0.0,0.0,-0.9429547786712646,0.0,0.0
6.198,-0.6942318081855774,-0.14569754898548126,12.02988624572754,-0.9873530864715576,-0.6157222986221313,0.0,0.0,-0.763920783996582,0.0,0.0
6.211,-0.7160689234733582,-0.14898379147052765,-2.00248122215271,-1.055782437324524,-0.5333640575408936,0.0,0.0,-0.763920783996582,0.0,0.0
6.225,-0.6981996893882751,-0.036636337637901306,4.987017631530762,-1.0457491874694824,-0.5419268012046814,0.0,0.0,-0.7505645155906677,0.0,0.0
6.238,-0.710056722164154,-0.014702580869197844,14.04424285888672,-1.0725234746932983,-0.5163527727127075,0.0,0.0,-0.4628692269325256,0.0,0.0
6.251,-0.7305452823638915,-0.15945881605148315,5.290084838867188,-1.102465033531189,-0.4081266522407532,0.0,0.0,-0.32984340190887446,0.0,0.0
6.265,-0.7536543011665344,-0.18668988347053528,5.066726207733153,-1.1551984548568726,-0.2652568817138672,0.0,0.0,-0.32984340190887446,0.0,0.0
6.278,-0.768447995185852,-0.23221680521965027,38.40818786621094,-1.2040616273880005,0.045982480049133294,0.0,0.0,-0.048983987420797355,0.0,0.0
6.291,-0.7990512251853944,-0.2125172913074493,2.2292754650115967,-1.2318986654281616,0.18590469658374784,0.0,0.0,0.10246178507804872,0.0,0.0
6.305,-0.7824615836143493,-0.2030561566352844,12.573904037475586,-1.1836202144622805,0.37515461444854736,0.0,0.0,0.27127689123153687,0.0,0.0
6.318,-0.7676435708999635,-0.2251286208629608,12.192825317382812,-1.1262038946151731,0.5914632081985474,0.0,0.0,0.4249434769153595,0.0,0.0
6.331,-0.7755502462387085,-0.2934114933013916,9.47032070159912,-1.1173962354660034,0.8356380462646483,0.0,0.0,0.5559597015380859,0.0,0.0
6.345,-0.7704043388366699,-0.36149835586547846,9.790677070617678,-1.0964539051055908,1.0763628482818604,0.0,0.0,0.6829593777656555,0.0,0.0
6.358,-0.749521255493164,-0.3866780400276184,10.840211868286133,-1.0359044075012207,1.2884502410888672,0.0,0.0,0.8039448261260985,0.0,0.0
6.371,-0.7215684652328491,-0.36208462715148926,8.50176239013672,-0.9802165627479552,1.4108502864837646,0.0,0.0,0.9085103273391725,0.0,0.0
6.385,-0.6927025318145752,-0.33486807346343994,4.652405261993408,-0.9018858671188353,1.4772889614105225,0.0,0.0,0.9982323646545409,0.0,0.0
6.398,-0.6548331379890442,-0.3722389042377472,10.464808464050291,-0.832899808883667,1.6049585342407229,0.0,0.0,1.1681621074676514,0.0,0.0
6.411,-0.6766327619552612,-0.404938131570816,2.327307939529419,-0.8267832398414611,1.7549724578857422,0.0,0.0,1.2679567337036133,0.0,0.0
6.425,-0.6432014703750609,-0.43318948149681086,0.2663165330886841,-0.824573814868927,1.7568248510360718,0.0,0.0,1.2679567337036133,0.0,0.0
6.438,-0.5977691411972046,-0.4475648999214173,16.999013900756836,-0.7314118146896361,2.0589456558227535,0.0,0.0,1.3149740695953367,0.0,0.0
6.451,-0.5541791915893555,-0.2766784429550171,-5.02910614013672,-0.6595273017883301,2.0188930034637447,0.0,0.0,1.3388466835021973,0.0,0.0
6.465,-0.5107910633087158,-0.2341882884502411,-2.08093810081482,-0.5945155620574951,1.9659688472747805,0.0,0.0,1.3388466835021973,0.0,0.0
6.478,-0.4699592590332031,-0.2819216847419739,-5.598105430603027,-0.532734751701355,1.974080801010132,0.0,0.0,1.4010224342346191,0.0,0.0
6.491,-0.49108096957206726,-0.4326373338699341,2.7624785900115967,-0.5516507625579834,2.07845139503479,0.0,0.0,1.4662587642669678,0.0,0.0
6.505,-0.49985438585281367,-0.5121957659721376,5.1315531730651855,-0.5610525608062744,2.182456016540528,0.0,0.0,1.5310468673706057,0.0,0.0
6.518,-0.4450548887252808,-0.4748696684837341,5.532905101776123,-0.47094696760177607,2.2903048992156982,0.0,0.0,1.532301664352417,0.0,0.0
6.531,-0.41144341230392456,-0.36988437175750727,0.4564762115478516,-0.4107494950294495,2.2769379615783687,0.0,0.0,1.4927875995635986,0.0,0.0
6.545,-0.3810599446296692,-0.33009225130081177,-8.841459274291992,-0.3895055055618286,2.1999096870422363,0.0,0.0,1.5110783576965332,0.0,0.0
6.558,-0.4140670001506805,-0.3578641712665558,-20.555072784423828,-0.4155387282371521,2.07238245010376,0.0,0.0,1.3802824020385742,0.0,0.0
6.571,-0.42931112647056574,-0.379385381937027,-0.3905206918716431,-0.43103915452957153,1.9944992065429688,0.0,0.0,1.3802824020385742,0.0,0.0
6.585,-0.4343610107898712,-0.357059508562088,-3.2306625843048096,-0.4198657274246216,1.9716989994049072,0.0,0.0,1.3181612491607666,0.0,0.0
6.598,-0.38272425532341,-0.3058602511882782,4.631848335266112,-0.35013893246650696,1.9967392683029173,0.0,0.0,1.4008047580718994,0.0,0.0
6.611,-0.35207393765449524,-0.2994310259819031,3.373445510864258,-0.2873067557811737,2.0323286056518555,0.0,0.0,1.4348193407058716,0.0,0.0
6.625,-0.3887832462787628,-0.3055270910263061,2.292832612991333,-0.28634145855903625,2.028944969177246,0.0,0.0,1.4348193407058716,0.0,0.0
6.638,-0.3796262741088867,-0.393853098154068,-4.327815532684326,-0.2547367513179779,2.137908697128296,0.0,0.0,1.4705961942672727,0.0,0.0
6.651,-0.34923893213272095,-0.45468896627426153,1.592785120010376,-0.19487592577934265,2.2239186763763428,0.0,0.0,1.5098073482513428,0.0,0.0
6.665,-0.3114118278026581,-0.4746698141098023,-1.9903376102447512,-0.19164347648620603,2.269004344940185,0.0,0.0,1.554369568824768,0.0,0.0
6.678,-0.31404778361320496,-0.47660291194915766,4.0792555809021,-0.17669054865837097,2.3274104595184326,0.0,0.0,1.5641010999679563,0.0,0.0
6.691,-0.2716967761516571,-0.5005171895027161,6.9883880615234375,-0.1036091074347496,2.4397311210632324,0.0,0.0,1.5145363807678225,0.0,0.0
6.705,-0.22043222188949585,-0.489446759223938,1.8002673387527466,-0.042956192046403885,2.522835254669189,0.0,0.0,1.483201265335083,0.0,0.0
6.718,-0.1942661702632904,-0.5081433653831482,-5.358637809753418,-0.01037620659917593,2.5209946632385254,0.0,0.0,1.5277360677719116,0.0,0.0
6.731,-0.23471561074256897,-0.5669705271720886,-3.887495279312134,-0.038964107632637024,2.546484470367432,0.0,0.0,1.5717575550079346,0.0,0.0
6.745,-0.2770669162273407,-0.6185324192047119,1.7172396183013916,-0.03822169080376625,2.6171469688415527,0.0,0.0,1.584383487701416,0.0,0.0
6.758,-0.24101537466049197,-0.6006223559379578,7.138015270233153,0.047701314091682434,2.682771682739258,0.0,0.0,1.6225078105926514,0.0,0.0
6.771,-0.182173952460289,-0.564072847366333,7.469884872436523,0.13095732033252716,2.742755889892578,0.0,0.0,1.6822270154953003,0.0,0.0
6.785,-0.13773204386234283,-0.5576781630516052,4.4833436012268075,0.20788024365901947,2.7765793800354004,0.0,0.0,1.7343378067016602,0.0,0.0
6.798,-0.10481055825948717,-0.5665069818496704,4.529799461364745,0.23886092007160187,2.7643008232116695,0.0,0.0,1.817646026611328,0.0,0.0
6.811,-0.07333332300186157,-0.5678975582122803,-2.4585351943969727,0.2617509663105011,2.740706205368042,0.0,0.0,1.817646026611328,0.0,0.0
6.825,-0.09499073773622511,-0.5576151013374329,-0.1043066382408142,0.232746422290802,2.778853416442871,0.0,0.0,1.8327240943908687,0.0,0.0
6.838,-0.10695350915193558,-0.45063754916191107,-5.298770904541016,0.24826659262180328,2.806840419769287,0.0,0.0,1.7689416408538818,0.0,0.0
6.851,-0.0446077361702919,-0.4256465137004852,0.22361129522323608,0.3271273076534271,2.7894821166992188,0.0,0.0,1.7249433994293213,0.0,0.0
6.865,-0.06049904599785805,-0.426124632358551,0.4023581743240357,0.28120696544647217,2.808729648590088,0.0,0.0,1.7249433994293213,0.0,0.0
6.878,-0.014205651357769966,-0.39962953329086304,-9.986127853393553,0.2991858124732971,2.7358498573303223,0.0,0.0,1.6329652070999146,0.0,0.0
6.891,-0.05817937478423119,-0.346749484539032,-4.544658660888672,0.25030168890953064,2.6102092266082764,0.0,0.0,1.5886917114257812,0.0,0.0
6.905,-0.03953387588262559,-0.2707602977752685,-2.3162350654602046,0.2687757611274719,2.464735269546509,0.0,0.0,1.5272296667099,0.0,0.0
6.918,-0.013479242101311684,-0.19936721026897433,-3.296224594116211,0.3349481523036957,2.3312833309173584,0.0,0.0,1.4780764579772947,0.0,0.0
6.931,0.01003284938633442,-0.1549839973449707,-5.958491325378418,0.39358207583427435,2.1955957412719727,0.0,0.0,1.468127965927124,0.0,0.0
6.945,0.0032177057582885027,-0.18149676918983457,-2.083258390426636,0.4126923680305481,2.1337366104125977,0.0,0.0,1.4733709096908567,0.0,0.0
6.958,0.0528905875980854,-0.3140726685523987,-0.3235816955566406,0.4915275573730469,2.052564859390259,0.0,0.0,1.4724217653274536,0.0,0.0
6.971,0.11033241450786592,-0.34614408016204834,6.251227855682373,0.5635973215103148,2.025927782058716,0.0,0.0,1.4661977291107178,0.0,0.0
6.985,0.13643072545528412,-0.367287814617157,-2.192585229873657,0.6119085550308228,1.9642150402069087,0.0,0.0,1.4705742597579956,0.0,0.0
6.998,0.13380858302116394,-0.3655428886413574,-1.6901984214782717,0.6046739220619202,1.9458154439926147,0.0,0.0,1.52265202999115,0.0,0.0
7.011,0.13269026577472687,-0.36184465885162354,4.158939361572266,0.6138428449630737,1.9997528791427608,0.0,0.0,1.6315828561782837,0.0,0.0
7.025,0.14935588836669922,-0.32531964778900146,-1.4269262552261353,0.6545411348342896,2.009022951126098,0.0,0.0,1.6315828561782837,0.0,0.0
7.038,0.17698755860328674,-0.23193000257015228,1.132500171661377,0.6997697353363037,2.066520929336548,0.0,0.0,1.530070185661316,0.0,0.0
7.051,0.1459522545337677,-0.2405252307653427,-7.529175281524657,0.6563161611557007,2.03674864768982,0.0,0.0,1.5096087455749512,0.0,0.0
7.065,0.14404897391796112,-0.236188679933548,2.8228237628936768,0.6737626791000366,2.0533933639526367,0.0,0.0,1.49815833568573,0.0,0.0
7.078,0.122749425470829,-0.2533358037471771,-3.7247836589813232,0.6661638021469116,2.0919461250305176,0.0,0.0,1.49815833568573,0.0,0.0
7.091,0.17010729014873505,-0.19631646573543549,0.3161787986755371,0.7288032174110413,2.1131420135498047,0.0,0.0,1.4411094188690186,0.0,0.0
7.105,0.15775166451931,-0.15239760279655457,1.432241439819336,0.7203798890113832,2.1322717666625977,0.0,0.0,1.423753023147583,0.0,0.0
7.118,0.20043224096298215,-0.14131441712379456,2.598050117492676,0.7769587039947511,2.129144191741944,0.0,0.0,1.4186164140701294,0.0,0.0
7.132,0.23618590831756592,-0.13857604563236237,5.893617630004883,0.8493136167526245,2.074347496032715,0.0,0.0,1.4134987592697144,0.0,0.0
7.145,0.2652175724506378,-0.12902575731277466,-2.323812246322632,0.8813551068305969,1.990482211112976,0.0,0.0,1.4014525413513184,0.0,0.0
7.158,0.3179634213447571,-0.1152510941028595,-4.149533748626709,0.903955638408661,1.8930308818817136,0.0,0.0,1.3745710849761963,0.0,0.0
7.171,0.27111926674842834,-0.03294438123703003,-5.1849870681762695,0.8484787940979005,1.8246153593063357,0.0,0.0,1.3386468887329102,0.0,0.0
7.185,0.22278140485286715,0.029045701026916504,-5.7923598289489755,0.7941740751266478,1.72822904586792,0.0,0.0,1.297249674797058,0.0,0.0
7.198,0.17449520528316498,0.07979997992515565,-5.621981620788574,0.7394846081733703,1.5861105918884275,0.0,0.0,1.2327892780303955,0.0,0.0
7.211999999999998,0.12801408767700195,0.14442770183086395,-16.942962646484375,0.68401700258255,1.3088712692260742,0.0,0.0,1.049184799194336,0.0,0.0
7.224999999999999,0.09891599416732787,0.14729054272174835,8.345867156982422,0.6296975612640381,1.1936254501342771,0.0,0.0,1.049184799194336,0.0,0.0
7.238,0.08831265568733214,0.21821925044059756,-12.119956970214844,0.5746962428092957,0.9742225408554077,0.0,0.0,0.9334871768951416,0.0,0.0
7.251,0.08213073760271072,0.33699098229408264,-33.85882568359375,0.5245066285133362,0.44745934009552,0.0,0.0,0.6126614212989807,0.0,0.0
7.264999999999999,0.07129070162773132,0.401350200176239,-5.133848667144776,0.4712816178798676,0.2737736999988556,0.0,0.0,0.464291661977768,0.0,0.0
7.277999999999999,0.058363497257232666,0.3323546051979065,0.6790570616722107,0.4179727435112,0.12586295604705813,0.0,0.0,0.464291661977768,0.0,0.0
7.291,0.0446595810353756,0.26578623056411743,-26.88250541687012,0.3727307319641113,-0.2604691982269287,0.0,0.0,0.19201579689979556,0.0,0.0
7.304999999999999,0.04603435099124909,0.3157281577587128,-0.5911895632743835,0.3362752497196197,-0.43156564235687256,0.0,0.0,0.07876203209161758,0.0,0.0
7.317999999999999,0.08752611279487611,0.3284035921096802,-5.553110122680664,0.3876962661743164,-0.5123509168624878,0.0,0.0,-0.02307000942528248,0.0,0.0
7.331,0.10926002264022829,0.2744881212711334,-7.456302642822266,0.40919190645217896,-0.716460347175598,0.0,0.0,-0.1224563866853714,0.0,0.0
7.345,0.09223569184541702,0.2551666498184204,-3.6636693477630615,0.3905762434005737,-0.8325017094612122,0.0,0.0,-0.208289697766304,0.0,0.0
7.357999999999999,0.11911792308092116,0.22712975740432736,-3.241337776184082,0.3930624425411224,-0.9327900409698486,0.0,0.0,-0.28699761629104614,0.0,0.0
7.371,0.1308349221944809,0.19676244258880612,-1.2471600770950315,0.4059204161167145,-1.0323107242584229,0.0,0.0,-0.35804885625839233,0.0,0.0
7.385,0.09204280376434326,0.18374404311180115,-0.28878673911094666,0.3458698689937592,-1.1619646549224854,0.0,0.0,-0.4155045449733734,0.0,0.0
7.397999999999999,0.1021980047225952,0.1840239465236664,-1.928400993347168,0.3962421119213104,-1.2816474437713623,0.0,0.0,-0.48505765199661255,0.0,0.0
7.410999999999999,0.06138025224208832,0.23871701955795288,-12.081762313842772,0.3814642429351807,-1.4820773601531982,0.0,0.0,-0.6576764583587648,0.0,0.0
7.425,0.07645974308252335,0.22968846559524536,6.143713474273682,0.372186690568924,-1.540777564048767,0.0,0.0,-0.6576764583587648,0.0,0.0
7.437999999999999,0.055717188864946365,0.26074448227882385,-5.451878070831299,0.3564545214176178,-1.689368724822998,0.0,0.0,-0.7536653876304625,0.0,0.0
7.450999999999999,0.027547286823391914,0.30755898356437683,-11.040361404418944,0.2765686511993408,-2.0269041061401367,0.0,0.0,-0.977753460407257,0.0,0.0
7.465,0.06144486367702484,0.2907887399196625,-4.666875839233398,0.2622194290161133,-2.1050243377685547,0.0,0.0,-1.075876235961914,0.0,0.0
7.478,0.0872083231806755,0.28124937415122986,2.54726243019104,0.3145388960838318,-2.178618192672729,0.0,0.0,-1.075876235961914,0.0,0.0
7.490999999999999,0.10499580204486848,0.2754560708999634,-16.258281707763672,0.33933183550834656,-2.43130111694336,0.0,0.0,-1.222595453262329,0.0,0.0
7.505,0.08913399279117584,0.24635937809944156,-1.1785223484039309,0.34007230401039124,-2.5219473838806152,0.0,0.0,-1.303065538406372,0.0,0.0
7.518,0.053156614303588874,0.24456611275672915,-6.500310897827148,0.3184826970100403,-2.6090021133422847,0.0,0.0,-1.303065538406372,0.0,0.0
7.530999999999999,-0.0028677687514573336,0.23997551202774048,0.41749924421310425,0.2359203398227692,-2.785061836242676,0.0,0.0,-1.453511118888855,0.0,0.0
7.545,0.01080099493265152,0.21375763416290283,-2.3033111095428467,0.24414215981960297,-2.8798589706420894,0.0,0.0,-1.5405110120773315,0.0,0.0
7.558,0.04286184161901473,0.1977442651987076,-3.9999737739562984,0.2599433660507202,-2.8895449638366695,0.0,0.0,-1.624638915061951,0.0,0.0
7.570999999999999,0.041628554463386536,0.2033393681049347,-3.810725927352905,0.2381727993488312,-2.921496152877808,0.0,0.0,-1.702509880065918,0.0,0.0
7.585,-0.0057549779303371915,0.1923160254955292,0.8918389678001405,0.1888699680566788,-3.0382537841796875,0.0,0.0,-1.778486967086792,0.0,0.0
7.598,0.030558548867702484,0.1496174931526184,-9.54784107208252,0.23350851237773892,-3.096555709838867,0.0,0.0,-1.8977205753326416,0.0,0.0
7.612,0.029623530805110928,0.1405412256717682,-1.750959396362305,0.19937624037265775,-3.152782678604126,0.0,0.0,-1.8977205753326416,0.0,0.0
7.625,0.012673522345721722,0.1325584053993225,0.3650262951850891,0.21098360419273376,-3.1381318569183354,0.0,0.0,-1.9271979331970213,0.0,0.0
7.638,0.024786660447716716,0.13769713044166565,-3.8146107196807857,0.25647428631782526,-3.1588637828826904,0.0,0.0,-1.9325760602951048,0.0,0.0
7.652,0.05735526606440544,0.0774807333946228,3.612627029418945,0.2927018404006958,-3.1252520084381104,0.0,0.0,-1.8795223236083984,0.0,0.0
7.665,0.05389031767845154,0.029995113611221317,8.96516704559326,0.3226785361766815,-3.0059311389923096,0.0,0.0,-1.8002638816833496,0.0,0.0
7.678,0.07352080196142195,0.0006004869937896729,6.530383110046387,0.37264919281005854,-2.890877723693848,0.0,0.0,-1.8002638816833496,0.0,0.0
7.692,0.08559692651033401,0.054747939109802246,-3.146284818649292,0.3779266774654389,-2.842857360839844,0.0,0.0,-1.7852367162704468,0.0,0.0
7.705,0.0215042345225811,0.1655234396457672,-2.881434440612793,0.28434470295906067,-2.9185657501220703,0.0,0.0,-1.8147823810577397,0.0,0.0
7.718,-0.042368829250335686,0.2188418805599213,-3.4924907684326167,0.19163115322589877,-2.9937376976013184,0.0,0.0,-1.882950782775879,0.0,0.0
7.732,-0.10026688873767851,0.19707161188125608,-2.9453201293945312,0.09992527216672896,-2.98603630065918,0.0,0.0,-1.9516185522079468,0.0,0.0
7.745,-0.13499340415000916,0.15182998776435852,-2.829909324645996,0.01918284222483635,-2.89766001701355,0.0,0.0,-1.991787552833557,0.0,0.0
7.758,-0.11297708004713058,0.2253089547157288,3.5937666893005367,0.054283283650875085,-2.877285957336426,0.0,0.0,-2.004593133926392,0.0,0.0
7.772,-0.0979618802666664,0.22482401132583615,-5.162416458129883,0.0911317989230156,-2.9345040321350098,0.0,0.0,-2.004593133926392,0.0,0.0
7.785,-0.10261733084917068,0.2733234167098999,6.031612873077393,0.12295956164598464,-2.8584947586059566,0.0,0.0,-1.97974157333374,0.0,0.0
7.798,-0.10049724578857422,0.27151820063591003,10.18532657623291,0.1615850031375885,-2.722076416015625,0.0,0.0,-1.939279079437256,0.0,0.0
7.812,-0.11776366084814072,0.23126375675201416,4.29524040222168,0.16409319639205933,-2.61568021774292,0.0,0.0,-1.8313491344451904,0.0,0.0
7.825,-0.09454702585935593,0.21337091922760007,1.0165973901748655,0.15104006230831146,-2.6219630241394043,0.0,0.0,-1.8313491344451904,0.0,0.0
7.838,-0.12638017535209656,0.1738431751728058,8.935247421264648,0.0630789026618004,-2.5791120529174805,0.0,0.0,-1.721599578857422,0.0,0.0
7.852,-0.17990240454673767,0.14913354814052582,-3.9080679416656494,-0.020360402762889866,-2.550750970840454,0.0,0.0,-1.7200230360031128,0.0,0.0
7.865999999999999,-0.21239726245403287,0.2168510854244232,-3.099220991134644,-0.10405796021223068,-2.5162036418914795,0.0,0.0,-1.7382597923278809,0.0,0.0
7.878,-0.24888993799686432,0.30372679233551025,-5.606241226196289,-0.17093056440353394,-2.455195426940918,0.0,0.0,-1.7382597923278809,0.0,0.0
7.892,-0.3070346713066101,0.32095247507095337,-1.1961042881011963,-0.2620863914489746,-2.416709423065185,0.0,0.0,-1.7811546325683594,0.0,0.0
7.905,-0.34396669268608093,0.3425651490688324,-0.4368022084236145,-0.3483976125717163,-2.374642133712769,0.0,0.0,-1.8228850364685056,0.0,0.0
7.918,-0.3985994160175324,0.3683420121669769,-12.6270751953125,-0.3698303997516632,-2.359338760375977,0.0,0.0,-1.873401999473572,0.0,0.0
7.932,-0.38013747334480286,0.43673285841941833,-2.329784631729126,-0.3276223838329315,-2.372955322265625,0.0,0.0,-1.9329023361206052,0.0,0.0
7.945,-0.3603115975856781,0.48868995904922485,0.2794727683067322,-0.2897563874721527,-2.4029345512390137,0.0,0.0,-1.9742561578750608,0.0,0.0
7.958,-0.3290400803089142,0.4779807329177856,6.912611484527588,-0.23886661231517792,-2.469724178314209,0.0,0.0,-1.8612200021743772,0.0,0.0
7.972,-0.29276677966117853,0.4820482730865479,-2.2352681159973145,-0.2353965938091278,-2.5188565254211426,0.0,0.0,-1.8612200021743772,0.0,0.0
7.985,-0.32786887884140015,0.4598561227321625,4.560265064239503,-0.3144693672657013,-2.4733169078826904,0.0,0.0,-1.8025361299514768,0.0,0.0
7.998,-0.3628638684749603,0.4559606909751892,2.978928327560425,-0.3691239058971405,-2.440276622772217,0.0,0.0,-1.770053148269653,0.0,0.0
8.012,-0.3526771068572998,0.4711039960384369,3.7710113525390634,-0.3438410758972168,-2.4003252983093266,0.0,0.0,-1.72437584400177,0.0,0.0
8.025,-0.3304961025714874,0.48831769824028015,5.656662464141846,-0.2930133938789368,-2.314988613128662,0.0,0.0,-1.6385855674743652,0.0,0.0
8.038,-0.36983305215835566,0.37710392475128174,15.868001937866213,-0.3034558892250061,-2.097303628921509,0.0,0.0,-1.517783284187317,0.0,0.0
8.051999999999998,-0.40404549241065973,0.28541383147239685,5.326294898986816,-0.3463298976421356,-1.8150721788406368,0.0,0.0,-1.3356866836547852,0.0,0.0
8.064999999999998,-0.437385231256485,0.18857483565807345,8.497063636779785,-0.4145983755588532,-1.5447750091552734,0.0,0.0,-1.2655789852142334,0.0,0.0
8.077999999999998,-0.4834998250007629,0.2064630389213562,3.713357448577881,-0.4794110357761383,-1.4210134744644165,0.0,0.0,-1.2655789852142334,0.0,0.0
8.092,-0.4679856300354004,0.30074265599250793,2.0053670406341557,-0.4723646640777588,-1.218658208847046,0.0,0.0,-1.2102572917938232,0.0,0.0
8.105,-0.4558939933776856,0.33056819438934326,2.56684947013855,-0.4251164495944977,-1.1014163494110107,0.0,0.0,-1.1261699199676514,0.0,0.0
8.118,-0.4321591854095459,0.20016615092754364,5.158851146697998,-0.42072665691375727,-0.9169330596923827,0.0,0.0,-0.976615071296692,0.0,0.0
8.131999999999998,-0.45539262890815735,0.019223634153604507,7.375017166137694,-0.4857164919376373,-0.7223148345947266,0.0,0.0,-0.8696007132530211,0.0,0.0
8.144999999999998,-0.49275088310241694,-0.035970814526081085,7.804973125457763,-0.5405007600784302,-0.5426509380340576,0.0,0.0,-0.8052662611007689,0.0,0.0
8.157999999999998,-0.5211985111236572,0.027325414121150967,4.4736852645874015,-0.5617064237594604,-0.4132463335990906,0.0,0.0,-0.7254917621612548,0.0,0.0
8.172,-0.4979516863822937,0.0829693526029587,2.333165168762207,-0.5133122205734253,-0.31860214471817017,0.0,0.0,-0.6196988821029663,0.0,0.0
8.185,-0.4771981239318848,0.07404530793428421,1.2569334506988523,-0.5254327654838562,-0.1981588751077652,0.0,0.0,-0.5041592121124268,0.0,0.0
8.198,-0.49343886971473694,0.042545638978481286,3.6014020442962646,-0.5784236192703247,-0.010069131851196287,0.0,0.0,-0.4084037244319916,0.0,0.0
8.211999999999998,-0.5070176720619202,0.004434302449226379,12.786832809448242,-0.6254389882087708,0.48668038845062256,0.0,0.0,-0.2760729193687439,0.0,0.0
8.224999999999998,-0.5349143743515015,0.013077005743980408,-8.841643333435057,-0.6732097864151001,0.4837157726287842,0.0,0.0,-0.2760729193687439,0.0,0.0
8.237999999999998,-0.5187097191810608,-0.014766529202461244,1.8756608963012693,-0.6805219054222107,0.6231738328933716,0.0,0.0,-0.18791288137435916,0.0,0.0
8.252,-0.5404669642448425,-0.03586309403181076,-1.2146204710006714,-0.7063251733779907,0.7529470920562744,0.0,0.0,-0.1410430669784546,0.0,0.0
8.265,-0.5527601838111876,0.012456944212317468,3.699648380279541,-0.7500277161598204,0.744283378124237,0.0,0.0,-0.0384027436375618,0.0,0.0
8.278,-0.5325319170951843,-0.006503263488411904,-3.832189321517944,-0.7115313410758972,0.7500939965248109,0.0,0.0,-0.0384027436375618,0.0,0.0
8.292,-0.5026266574859619,-0.11259166151285172,9.272639274597168,-0.6514536142349243,0.8565199971199036,0.0,0.0,0.2451687604188919,0.0,0.0
8.304999999999998,-0.5261035561561584,-0.22743552923202515,7.131059169769287,-0.6962299346923828,0.8964297771453857,0.0,0.0,0.3668171763420105,0.0,0.0
8.317999999999998,-0.555532455444336,-0.3141383230686188,5.074873447418213,-0.6942301988601685,0.9643714427947998,0.0,0.0,0.48554173111915594,0.0,0.0
8.332,-0.5722282528877257,-0.3958999216556549,10.968486785888672,-0.731011688709259,1.0754050016403198,0.0,0.0,0.585773229598999,0.0,0.0
8.345,-0.5879040956497192,-0.42163327336311346,5.994945049285889,-0.7443916201591492,1.206342339515686,0.0,0.0,0.6535761952400208,0.0,0.0
8.358,-0.5499433279037476,-0.4254750609397888,4.592411041259766,-0.6814331412315369,1.36814284324646,0.0,0.0,0.7415632009506226,0.0,0.0
8.372,-0.526500403881073,-0.4620867669582367,5.25142765045166,-0.6287554502487184,1.5185699462890625,0.0,0.0,0.8507679104804992,0.0,0.0
8.385,-0.5357235670089722,-0.5381863713264465,7.303920745849609,-0.6360846757888794,1.6794724464416504,0.0,0.0,0.9416676759719848,0.0,0.0
8.397999999999998,-0.5541245937347412,-0.6476797461509705,10.03871250152588,-0.6844046115875244,1.8576167821884155,0.0,0.0,1.0491914749145508,0.0,0.0
8.412,-0.5745064616203308,-0.8654274940490722,21.881271362304688,-0.7198222279548645,2.184830665588379,0.0,0.0,1.232248067855835,0.0,0.0
8.425,-0.6137617826461792,-0.8633301258087158,-2.1497414112091064,-0.7491244077682494,2.2556819915771484,0.0,0.0,1.232248067855835,0.0,0.0
8.438,-0.5788611769676208,-0.7991691827774048,9.754386901855469,-0.6622292995452881,2.449254035949707,0.0,0.0,1.2808892726898191,0.0,0.0
8.452,-0.5540186762809753,-0.6034530401229857,4.196946144104004,-0.5862658023834229,2.4782137870788574,0.0,0.0,1.5654126405715942,0.0,0.0
8.465,-0.5376228094100952,-0.6688227653503418,-0.6036713719367981,-0.5244494676589966,2.561997890472412,0.0,0.0,1.6516213417053225,0.0,0.0
8.478,-0.5431526899337769,-0.7535952925682069,10.173909187316896,-0.5255250334739685,2.679864883422852,0.0,0.0,1.6516213417053225,0.0,0.0
8.492,-0.4844524264335632,-0.8004511594772339,10.719090461730955,-0.43751680850982666,2.7865359783172607,0.0,0.0,1.5967273712158203,0.0,0.0
8.505,-0.42691749334335327,-0.7481388449668883,0.3560766577720642,-0.3696300685405731,2.8382585048675537,0.0,0.0,1.676565408706665,0.0,0.0
8.518,-0.3672970235347748,-0.6928238868713379,0.15897899866104126,-0.30231231451034546,2.809380054473877,0.0,0.0,1.695037841796875,0.0,0.0
8.532,-0.3271996080875397,-0.6000971198081969,-1.811112403869629,-0.2184293121099472,2.866128206253052,0.0,0.0,1.6251715421676636,0.0,0.0
8.545,-0.29114130139350886,-0.5295665264129639,-2.98820424079895,-0.12389259040355682,2.8156807422637935,0.0,0.0,1.6605255603790283,0.0,0.0
8.558,-0.2551175653934479,-0.5151434540748596,-3.2374396324157715,-0.08350072801113129,2.7034080028533936,0.0,0.0,1.7814655303955078,0.0,0.0
8.572,-0.2425675392150879,-0.5302864313125609,2.420022964477539,-0.037876911461353295,2.7884058952331543,0.0,0.0,1.806400775909424,0.0,0.0
8.585,-0.26634570956230164,-0.4858134388923645,7.02600622177124,-0.016604427248239517,2.897118091583252,0.0,0.0,1.799682378768921,0.0,0.0
8.598,-0.2114940881729126,-0.4160902798175812,8.601495742797852,0.07586555927991867,3.0272054672241206,0.0,0.0,1.8669589757919312,0.0,0.0
8.612,-0.23091377317905423,-0.4289492666721344,4.875514030456543,0.03278351575136185,3.1078150272369385,0.0,0.0,1.939334750175476,0.0,0.0
8.625,-0.24421347677707672,-0.4710518717765808,3.8898959159851074,0.01819266565144062,3.2307138442993164,0.0,0.0,1.9505155086517332,0.0,0.0
8.638,-0.20289857685565948,-0.4676369428634644,3.1841306686401367,0.08253026008605957,3.3851356506347656,0.0,0.0,1.9557273387908936,0.0,0.0
8.652,-0.1506398767232895,-0.40155044198036194,6.0864105224609375,0.1714680790901184,3.4841454029083248,0.0,0.0,2.0189704895019527,0.0,0.0
8.665,-0.0928772613406181,-0.4273582696914673,-2.04596209526062,0.19525162875652316,3.4939723014831543,0.0,0.0,2.0525786876678467,0.0,0.0
8.678,-0.10761765390634535,-0.4224621951580048,2.391909122467041,0.20822943747043607,3.487250804901123,0.0,0.0,2.0525786876678467,0.0,0.0
8.692,-0.1368498653173447,-0.5203489065170288,1.634591817855835,0.1590888798236847,3.487635612487793,0.0,0.0,2.153968334197998,0.0,0.0
8.705,-0.1691444367170334,-0.5544295310974121,-1.5036463737487793,0.10765665024518968,3.476274013519287,0.0,0.0,2.134854793548584,0.0,0.0
8.718,-0.20127324759960172,-0.5717935562133789,-2.368596076965332,0.05891411378979682,3.425526857376098,0.0,0.0,2.0334901809692383,0.0,0.0
8.731999999999998,-0.1667923927307129,-0.5075355768203736,-7.9048495292663565,0.11338544636964798,3.3469061851501465,0.0,0.0,1.9288103580474851,0.0,0.0
8.745,-0.13182394206523895,-0.4522278904914856,-7.148524761199951,0.1888127774000168,3.2402434349060054,0.0,0.0,1.861750602722168,0.0,0.0
8.758,-0.09648086875677107,-0.44044351577758795,-6.231826305389404,0.2113298624753952,3.1403822898864746,0.0,0.0,1.804525136947632,0.0,0.0
8.772,-0.10854821652173996,-0.4630533754825592,-3.5914018154144287,0.24098746478557587,3.0553164482116695,0.0,0.0,1.740833759307861,0.0,0.0
8.785,-0.08475673943758011,-0.4716054797172546,-1.750852108001709,0.31693315505981445,2.936525583267212,0.0,0.0,1.683518648147583,0.0,0.0
8.798,-0.02877435833215713,-0.45532640814781195,-1.9122406244277956,0.3552440702915192,2.794999361038208,0.0,0.0,1.631356716156006,0.0,0.0
8.811999999999998,0.019485833123326305,-0.4292545020580292,-6.373071670532227,0.4331504702568054,2.547504425048828,0.0,0.0,1.554165959358215,0.0,0.0
8.824999999999998,0.0070916227996349335,-0.420509397983551,2.2617950439453125,0.41138440370559687,2.565467834472656,0.0,0.0,1.554165959358215,0.0,0.0
8.838,0.024642288684844967,-0.4284730553627014,-2.676576375961304,0.4458601176738739,2.4734034538269043,0.0,0.0,1.5485293865203855,0.0,0.0
8.852,0.02885514870285988,-0.4181278944015503,2.976648330688477,0.4796501696109772,2.457235336303711,0.0,0.0,1.5304603576660156,0.0,0.0
8.865,0.06766889989376068,-0.41037571430206293,1.7268999814987185,0.5346584916114807,2.4589104652404785,0.0,0.0,1.5203382968902588,0.0,0.0
8.878,0.11877155303955078,-0.4091525673866272,1.2507319450378418,0.5625982284545897,2.451018810272217,0.0,0.0,1.5203382968902588,0.0,0.0
8.891999999999998,0.15641546249389648,-0.4501903653144837,-1.2053176164627075,0.6473653316497803,2.341407299041748,0.0,0.0,1.5212447643280027,0.0,0.0
8.904999999999998,0.18898852169513705,-0.4926349818706513,-2.2608563899993896,0.7309447526931762,2.2217044830322266,0.0,0.0,1.5220587253570557,0.0,0.0
8.918,0.24010971188545227,-0.5208752155303955,-2.720854997634888,0.8156172633171082,2.1071362495422363,0.0,0.0,1.5362378358840942,0.0,0.0
8.932,0.2670096755027771,-0.5950695872306824,4.636837482452393,0.8480612635612487,2.0217175483703613,0.0,0.0,1.5626447200775146,0.0,0.0
8.945,0.24809119105339048,-0.6327279210090637,-0.15272051095962524,0.7966256141662597,2.035764694213867,0.0,0.0,1.583251953125,0.0,0.0
8.958999999999998,0.22175277769565585,-0.6151483058929443,1.549668550491333,0.8037421703338622,2.032187938690185,0.0,0.0,1.5859556198120115,0.0,0.0
8.971999999999998,0.18183466792106628,-0.5593257546424866,1.6322358846664429,0.7526988387107849,2.1072137355804443,0.0,0.0,1.5702345371246338,0.0,0.0
8.984999999999998,0.2106837630271912,-0.5121660828590393,1.724812388420105,0.7685275077819824,2.064645290374756,0.0,0.0,1.5513118505477903,0.0,0.0
8.997999999999998,0.2274750918149948,-0.47704371809959406,-1.3363301753997805,0.7709442973136902,1.982344627380371,0.0,0.0,1.52211332321167,0.0,0.0
9.012,0.25845643877983093,-0.4056260883808136,-22.987894058227536,0.7860311269760131,1.664948582649231,0.0,0.0,1.407902717590332,0.0,0.0
9.025,0.23815160989761355,-0.3622630834579468,7.092515945434569,0.7527318596839904,1.546162486076355,0.0,0.0,1.407902717590332,0.0,0.0
9.038,0.2282177209854126,-0.28351396322250366,-16.7606143951416,0.7327984571456909,1.3164112567901611,0.0,0.0,1.330259084701538,0.0,0.0
9.052,0.1838508099317551,-0.15959283709526062,-21.078689575195312,0.6848540306091309,0.8571170568466185,0.0,0.0,1.1792021989822388,0.0,0.0
9.065,0.1408020257949829,-0.10748142004013062,-6.393503189086913,0.6306461095809937,0.7740985155105591,0.0,0.0,1.0979743003845217,0.0,0.0
9.078,0.1308869868516922,-0.0733526200056076,-3.972816467285156,0.6255064606666565,0.5647791624069214,0.0,0.0,1.0979743003845217,0.0,0.0
9.092,0.12049955129623412,-0.057917356491088874,3.4259653091430664,0.6254334449768065,0.23906999826431277,0.0,0.0,0.9431493878364563,0.0,0.0
9.105,0.11178751289844512,-0.053001061081886285,-5.1213202476501465,0.5771875977516174,0.07666842639446257,0.0,0.0,0.8764101266860963,0.0,0.0
9.118,0.1009279191493988,-0.004464969038963318,-2.9629869461059566,0.5632931590080261,0.06489158421754837,0.0,0.0,0.8111993670463562,0.0,0.0
9.132,0.1580532342195511,-0.02316141128540039,-0.4709802567958832,0.5960419774055481,-0.116303488612175,0.0,0.0,0.7553700804710387,0.0,0.0
9.145,0.21482171118259433,-0.013355724513530731,-0.8011020421981812,0.6584110856056212,-0.1721072793006897,0.0,0.0,0.7102762460708617,0.0,0.0
9.159,0.2707114517688751,-0.021402888000011444,-4.770904064178467,0.7205539345741272,-0.2306984663009644,0.0,0.0,0.6619936227798462,0.0,0.0
9.172,0.25849950313568115,-0.046523746103048325,-10.823533058166504,0.7107111215591431,-0.32164227962493896,0.0,0.0,0.6172680258750916,0.0,0.0
9.185,0.2452335357666016,-0.0919373631477356,2.3618571758270264,0.6807747483253479,-0.32169583439826965,0.0,0.0,0.5653876066207886,0.0,0.0
9.198,0.2319507449865341,-0.06640981137752533,-0.8960232138633728,0.6681734323501587,-0.3692131042480469,0.0,0.0,0.49988165497779846,0.0,0.0
9.212,0.2751311957836151,-0.02376030758023262,0.5593389272689819,0.6619575023651123,-0.3691227436065674,0.0,0.0,0.38560318946838373,0.0,0.0
9.225,0.29799288511276245,-0.015423662960529327,1.3961623907089231,0.6687659621238708,-0.4089984297752381,0.0,0.0,0.38560318946838373,0.0,0.0
9.238,0.31931450963020325,-0.020500078797340397,0.7740888595581055,0.7163792848587036,-0.3896612226963043,0.0,0.0,0.3321228623390198,0.0,0.0
9.252,0.3171815276145935,0.03405799716711044,-20.38883781433105,0.7011476159095764,-0.7118259072303772,0.0,0.0,0.2392379343509674,0.0,0.0
9.265,0.3336315453052521,0.036621123552322395,-2.185567855834961,0.7560699582099913,-0.7888751626014708,0.0,0.0,0.19362635910511017,0.0,0.0
9.278,0.2880219519138336,0.09393920004367827,-3.948665380477905,0.6915906667709352,-0.9449627995491027,0.0,0.0,0.19362635910511017,0.0,0.0
9.292,0.3025478720664978,0.08936740458011627,8.430823326110838,0.6898000240325928,-1.09017014503479,0.0,0.0,-0.016184650361537933,0.0,0.0
9.305,0.29142501950263977,0.08893880248069763,-15.323361396789553,0.6392799615859985,-1.2456852197647097,0.0,0.0,-0.13763125240802765,0.0,0.0
9.318,0.27638155221939087,0.0920695811510086,3.7305312156677246,0.6251830458641052,-1.3019126653671265,0.0,0.0,-0.22441536188125608,0.0,0.0
9.332,0.25584936141967773,0.08286719024181366,-17.49237823486328,0.5890985727310181,-1.5087997913360596,0.0,0.0,-0.3128150701522827,0.0,0.0
9.345,0.24957425892353055,0.0716019794344902,-7.218355178833008,0.5282968282699585,-1.6835031509399414,0.0,0.0,-0.39807677268981934,0.0,0.0
9.358,0.22913758456707,0.02784424275159836,-9.775012016296385,0.4497806131839752,-1.8482234477996824,0.0,0.0,-0.5051664113998413,0.0,0.0
9.372000000000002,0.2163124233484268,-0.07506005465984344,-12.287672996520996,0.4452756643295288,-2.0181148052215576,0.0,0.0,-0.6486468315124512,0.0,0.0
9.385,0.22376301884651184,-0.13069598376750946,-0.5383908748626709,0.4642692506313324,-2.081915855407715,0.0,0.0,-0.7574332952499389,0.0,0.0
9.398,0.26797235012054443,-0.20280317962169647,-5.361547946929932,0.5067219734191896,-2.138755321502685,0.0,0.0,-0.8111924529075623,0.0,0.0
9.412,0.24113745987415316,-0.24407508969306943,-2.5185339450836186,0.4831218719482422,-2.2048661708831787,0.0,0.0,-0.8616268634796143,0.0,0.0
9.425,0.19030779600143435,-0.2430388033390045,3.757680892944336,0.4331113696098328,-2.2161192893981934,0.0,0.0,-0.92954683303833,0.0,0.0
9.438,0.19256761670112607,-0.259551465511322,-3.5846917629241943,0.41175448894500727,-2.2134313583374023,0.0,0.0,-0.9904146790504456,0.0,0.0
9.452,0.20853425562381744,-0.2751004695892334,-0.4153624176979065,0.46153274178504944,-2.19978141784668,0.0,0.0,-1.0648220777511597,0.0,0.0
9.465000000000002,0.2394995391368866,-0.27134817838668823,-1.6876637935638428,0.5110506415367128,-2.1985366344451904,0.0,0.0,-1.1005293130874634,0.0,0.0
9.478,0.21171043813228607,-0.2674393653869629,0.08823126554489134,0.4807343482971192,-2.1908774375915527,0.0,0.0,-1.1005293130874634,0.0,0.0
9.492,0.23119644820690155,-0.1306086629629135,-14.920442581176758,0.46612805128097534,-2.3116979598999023,0.0,0.0,-1.2134382724761963,0.0,0.0
9.505,0.242480531334877,-0.1194816678762436,-2.3048110008239746,0.518928587436676,-2.36540150642395,0.0,0.0,-1.2512304782867432,0.0,0.0
9.518,0.2539075016975403,-0.13923071324825287,2.0560429096221924,0.5714496374130249,-2.348313808441162,0.0,0.0,-1.275660276412964,0.0,0.0
9.532,0.22641444206237796,-0.2193982154130936,-10.722801208496094,0.5428403615951538,-2.3357295989990234,0.0,0.0,-1.3140445947647097,0.0,0.0
9.545000000000002,0.20520874857902527,-0.2577782273292541,-0.41935443878173834,0.479608416557312,-2.3516759872436523,0.0,0.0,-1.3489425182342527,0.0,0.0
9.558,0.22505903244018555,-0.27644532918930054,0.02204328775405884,0.4770525991916657,-2.3450698852539062,0.0,0.0,-1.3481659889221191,0.0,0.0
9.572,0.26009199023246765,-0.2679242491722107,0.859813392162323,0.5123348236083984,-2.3240609169006348,0.0,0.0,-1.3240863084793093,0.0,0.0
9.585,0.249293252825737,-0.2810255289077759,3.2230629920959477,0.4827127158641815,-2.272028923034668,0.0,0.0,-1.312253713607788,0.0,0.0
9.598,0.20649628341197968,-0.29710596799850464,3.9897232055664062,0.469361424446106,-2.2287511825561523,0.0,0.0,-1.346997618675232,0.0,0.0
9.612,0.15439145267009735,-0.33589276671409607,-5.743382930755615,0.38280993700027466,-2.2561192512512207,0.0,0.0,-1.414325475692749,0.0,0.0
9.625,0.09932670742273329,-0.33457860350608826,1.9025713205337524,0.2982674241065979,-2.216400146484375,0.0,0.0,-1.433032751083374,0.0,0.0
9.638000000000002,0.07887254655361174,-0.3438723087310791,2.1346852779388428,0.2873486876487732,-2.203168630599976,0.0,0.0,-1.3976037502288818,0.0,0.0
9.652,0.10918336361646652,-0.297002911567688,2.9032318592071533,0.3027969002723694,-2.08755111694336,0.0,0.0,-1.4538335800170898,0.0,0.0
9.665,0.1402077078819275,-0.2981811463832855,-1.7572581768035889,0.3218470811843872,-2.04563307762146,0.0,0.0,-1.4538335800170898,0.0,0.0
9.678,0.11147547513246536,-0.28211385011672974,-10.15626049041748,0.25306469202041626,-2.0637032985687256,0.0,0.0,-1.514201045036316,0.0,0.0
9.692,0.05689511820673943,-0.41310870647430414,-4.879912853240967,0.19656862318515775,-2.0741772651672363,0.0,0.0,-1.5337103605270386,0.0,0.0
9.705,0.03843968361616135,-0.5035976171493529,11.605327606201172,0.17203021049499512,-1.9507741928100584,0.0,0.0,-1.4676398038864136,0.0,0.0
9.718,0.002495050430297852,-0.5076355338096619,-2.941028594970703,0.15468445420265198,-1.9820845127105715,0.0,0.0,-1.4676398038864136,0.0,0.0
9.732,0.040842168033123016,-0.2943976819515228,17.415435791015625,0.18623226881027224,-1.778942346572876,0.0,0.0,-1.5173447132110596,0.0,0.0
9.745,0.06617804616689682,-0.15370312333106995,-10.680135726928713,0.20088335871696472,-1.755841851234436,0.0,0.0,-1.505702018737793,0.0,0.0
9.758,0.006531929597258568,-0.09453170001506803,2.517409563064575,0.12526655197143555,-1.6886813640594482,0.0,0.0,-1.4086962938308716,0.0,0.0
9.772,-0.05053915828466416,-0.1387077122926712,16.643150329589844,0.0884963423013687,-1.5559918880462646,0.0,0.0,-1.3569400310516355,0.0,0.0
9.785,-0.04119440913200378,-0.18291908502578733,12.740546226501465,0.1364902704954147,-1.3992615938186646,0.0,0.0,-1.3500045537948608,0.0,0.0
9.798,-0.022242655977606773,-0.10159283876419067,1.2246989011764526,0.17874746024608612,-1.2536911964416504,0.0,0.0,-1.3990718126296997,0.0,0.0
9.812,0.011638753116130829,0.07135465741157532,-8.320674896240234,0.19895698130130768,-1.2503839731216433,0.0,0.0,-1.346452713012695,0.0,0.0
9.825,-0.005421774461865425,0.19238305091857913,-0.9186610579490659,0.18875512480735776,-1.2670094966888428,0.0,0.0,-1.2078101634979248,0.0,0.0
9.838,-0.058170631527900696,0.1956772655248642,4.089586257934569,0.16206638514995575,-1.2435526847839355,0.0,0.0,-1.2105886936187744,0.0,0.0
9.852,-0.0920109897851944,0.1655353605747223,-5.320277690887451,0.09044517576694489,-1.1092844009399414,0.0,0.0,-1.2504483461380005,0.0,0.0
9.865,-0.09506870061159134,0.21299652755260468,-2.715852737426758,0.06024310737848282,-1.1224853992462158,0.0,0.0,-1.2775899171829224,0.0,0.0
9.878,-0.08692509680986403,0.2755001187324524,-2.401435375213623,0.04878900945186615,-1.0707194805145264,0.0,0.0,-1.2775899171829224,0.0,0.0
9.892,-0.07422538101673126,0.4164204895496368,-25.14686393737793,0.07751878350973129,-1.3126564025878906,0.0,0.0,-1.3832993507385254,0.0,0.0
9.905,-0.06261830031871796,0.3909356594085693,-0.4177026450634002,0.10454607009887695,-1.3816711902618408,0.0,0.0,-1.3831579685211182,0.0,0.0
9.918,-0.11479537934064864,0.3526111841201782,5.1103501319885245,0.042907781898975365,-1.4239994287490845,0.0,0.0,-1.3505069017410278,0.0,0.0
9.932,-0.14349615573883057,0.22218763828277588,-4.860359191894531,-0.01891767419874668,-1.3912934064865112,0.0,0.0,-1.310569405555725,0.0,0.0
9.945,-0.17803098261356354,0.27631959319114685,-0.2021580934524536,-0.08966582268476486,-1.4056944847106934,0.0,0.0,-1.3039822578430176,0.0,0.0
9.959,-0.16801419854164124,0.47535908222198486,-10.851359367370604,-0.1081814542412758,-1.533275842666626,0.0,0.0,-1.4029322862625122,0.0,0.0
9.972,-0.20763689279556277,0.6275832056999208,-17.5637264251709,-0.1656019538640976,-1.7590975761413574,0.0,0.0,-1.5948656797409058,0.0,0.0
9.985,-0.2513047456741333,0.6503400802612305,-12.115264892578123,-0.22140681743621823,-2.000270128250122,0.0,0.0,-1.710097074508667,0.0,0.0
9.999,-0.29130253195762634,0.5588622093200684,-2.721691131591797,-0.28979453444480896,-2.2123866081237797,0.0,0.0,-1.670986890792847,0.0,0.0
10.012,-0.32587268948555,0.30563744902610773,4.771184921264648,-0.34866061806678766,-2.1581525802612305,0.0,0.0,-1.6361476182937622,0.0,0.0
10.026,-0.3567565679550171,0.25976961851119995,1.7697572708129885,-0.4049090445041657,-2.1594424247741695,0.0,0.0,-1.6361476182937622,0.0,0.0
10.039,-0.3712325394153595,0.2581651508808136,7.690241813659667,-0.4325971603393554,-2.099053144454956,0.0,0.0,-1.6599304676055908,0.0,0.0
10.052,-0.34307247400283813,0.32219040393829346,7.689553260803223,-0.402729332447052,-2.106534004211426,0.0,0.0,-1.6407760381698608,0.0,0.0
10.066,-0.3656778335571289,0.2087487280368805,15.891605377197266,-0.45633620023727417,-1.8672206401824951,0.0,0.0,-1.537229061126709,0.0,0.0
10.079,-0.34056732058525085,0.15693961083889008,-0.9478747844696046,-0.42484554648399353,-1.799607753753662,0.0,0.0,-1.4896827936172483,0.0,0.0
10.092,-0.3194519579410553,0.13920937478542328,2.952396869659424,-0.38582310080528254,-1.79915189743042,0.0,0.0,-1.4896827936172483,0.0,0.0
10.106,-0.3194519579410553,0.11467351019382475,9.419319152832031,-0.3622581660747528,-1.6011765003204346,0.0,0.0,-1.383335828781128,0.0,0.0
10.119,-0.3720817267894745,0.011575371026992798,11.530874252319336,-0.4117147326469421,-1.351625919342041,0.0,0.0,-1.2878371477127075,0.0,0.0
10.132,-0.4239934682846069,-0.09583468735218048,8.847806930541992,-0.4853600263595581,-1.1288050413131714,0.0,0.0,-1.2118412256240845,0.0,0.0
10.145,-0.45823195576667786,-0.1203439086675644,1.989135146141052,-0.524031400680542,-0.9823802709579469,0.0,0.0,-1.2105610370635986,0.0,0.0
10.159,-0.4418538510799408,-0.03475381433963776,-2.9077470302581787,-0.5009986758232117,-0.96233993768692,0.0,0.0,-1.2599867582321167,0.0,0.0
10.172,-0.42406326532363886,0.07802841812372206,-1.9674092531204224,-0.478691965341568,-1.0132076740264893,0.0,0.0,-1.277742862701416,0.0,0.0
10.185,-0.4648469686508178,0.021987535059452057,3.960046768188477,-0.5138459801673889,-1.0110527276992798,0.0,0.0,-1.2255841493606567,0.0,0.0
10.199,-0.4910656809806824,-0.0220588818192482,-2.085906982421875,-0.5666369199752808,-0.9547789096832275,0.0,0.0,-1.1437644958496094,0.0,0.0
10.212,-0.5145171284675598,-0.1476193219423294,3.583685874938965,-0.6383129954338074,-0.7963321208953857,0.0,0.0,-1.1024609804153442,0.0,0.0
10.225,-0.48721334338188166,0.04421377927064896,-15.955768585205078,-0.6379013061523438,-0.9813191294670104,0.0,0.0,-1.2178934812545776,0.0,0.0
10.239,-0.4578013420104981,0.17388135194778442,-3.347007751464844,-0.6395429372787476,-1.084754467010498,0.0,0.0,-1.2178934812545776,0.0,0.0
10.252,-0.4759294390678406,0.1985657662153244,-3.2854599952697754,-0.6473097801208496,-1.1147844791412354,0.0,0.0,-1.3068358898162842,0.0,0.0
10.265,-0.5287176966667175,0.2091728001832962,-21.045398712158203,-0.7240299582481384,-1.3331613540649414,0.0,0.0,-1.3347171545028689,0.0,0.0
10.279,-0.5671271681785583,0.20090188086032867,-0.3753170371055603,-0.7921362519264221,-1.424055576324463,0.0,0.0,-1.3621034622192385,0.0,0.0
10.292,-0.6102694272994995,0.18513149023056033,3.5219101905822754,-0.8510596752166749,-1.3943883180618286,0.0,0.0,-1.3621034622192385,0.0,0.0
10.305,-0.6406465768814087,0.2631070911884308,-10.362736701965332,-0.9183232188224792,-1.437058448791504,0.0,0.0,-1.5102568864822388,0.0,0.0
10.319,-0.6687363982200624,0.2893126606941223,-3.270998477935791,-0.989566683769226,-1.4525575637817385,0.0,0.0,-1.5298300981521606,0.0,0.0
10.332,-0.6380922198295593,0.33276340365409846,-9.370019912719727,-0.9843338131904602,-1.587806224822998,0.0,0.0,-1.5610567331314087,0.0,0.0
10.345,-0.6384270191192627,0.38055986166000366,-5.232010841369629,-0.9861264824867249,-1.68326735496521,0.0,0.0,-1.6268060207366943,0.0,0.0
10.359,-0.614054262638092,0.44112253189086914,4.117758274078369,-0.9521723389625549,-1.7918487787246704,0.0,0.0,-1.6680622100830078,0.0,0.0
10.372,-0.6089053153991699,0.42174661159515375,11.116558074951172,-0.920450448989868,-1.8644582033157349,0.0,0.0,-1.5935866832733154,0.0,0.0
10.385,-0.6485867500305176,0.29162177443504333,13.44827365875244,-0.9568926692008973,-1.7982767820358276,0.0,0.0,-1.4227609634399414,0.0,0.0
10.399,-0.6805279850959778,0.10757564008235931,11.239134788513184,-0.9986652135849,-1.5701189041137695,0.0,0.0,-1.2801806926727295,0.0,0.0
10.412,-0.7043516039848328,-0.013757377862930298,8.05105209350586,-1.0439307689666748,-1.274135947227478,0.0,0.0,-1.2033960819244385,0.0,0.0
10.425,-0.7305701375007628,0.06362855434417725,26.58942985534668,-1.101348638534546,-0.8430344462394713,0.0,0.0,-0.97506844997406,0.0,0.0
10.439,-0.7507985234260558,-0.04107072576880455,3.566604852676392,-1.1337463855743408,-0.6617399454116821,0.0,0.0,-0.7588831186294556,0.0,0.0
10.452,-0.7881619334220886,-0.26436716318130493,12.557771682739258,-1.165242314338684,-0.508334755897522,0.0,0.0,-0.6045252084732056,0.0,0.0
10.466,-0.8073404431343079,-0.4727685153484345,24.341650009155277,-1.1775811910629272,-0.2089945375919342,0.0,0.0,-0.6045252084732056,0.0,0.0
10.479,-0.8072585463523864,-0.4609286785125733,-0.276164710521698,-1.182996392250061,0.33215346932411194,0.0,0.0,-0.36230692267417913,0.0,0.0
10.492,-0.7878791093826294,-0.4177675843238831,7.4379820823669425,-1.161241054534912,0.300399512052536,0.0,0.0,-0.2872540354728699,0.0,0.0
10.505,-0.7674094438552856,-0.2192198485136032,-1.1167778968811035,-1.1135281324386597,0.22813713550567627,0.0,0.0,-0.2872540354728699,0.0,0.0
10.519,-0.7537348270416259,-0.1647128164768219,17.925846099853516,-1.0735536813735962,0.2721592783927917,0.0,0.0,-0.2755556106567383,0.0,0.0
10.532,-0.7446544766426086,-0.3459542393684387,10.719669342041016,-1.0553213357925415,0.4164658784866333,0.0,0.0,0.14260166883468628,0.0,0.0
10.545,-0.7732951045036317,-0.67402446269989,22.513910293579105,-1.0960527658462524,0.7157994508743286,0.0,0.0,0.4314834177494049,0.0,0.0
10.559,-0.7940046191215515,-0.6330455541610718,-10.283419609069824,-1.1450107097625732,0.8293219804763795,0.0,0.0,0.37370711565017695,0.0,0.0
10.572,-0.7745912671089171,-0.452826589345932,16.285093307495117,-1.1437735557556152,0.8804160356521606,0.0,0.0,0.3672022223472595,0.0,0.0
10.585,-0.7531247735023497,-0.3047226071357727,10.266695022583008,-1.138336420059204,0.8783680200576782,0.0,0.0,0.5675481557846069,0.0,0.0
10.599,-0.7316687703132628,-0.2867128252983093,7.462097644805907,-1.129812717437744,0.9718765616416931,0.0,0.0,0.7608523964881898,0.0,0.0
10.612,-0.7001748085021973,-0.31056296825408936,3.3018081188201904,-1.1013216972351074,1.126042723655701,0.0,0.0,0.8623086214065552,0.0,0.0
10.625,-0.6688351035118103,-0.314552903175354,1.7997130155563354,-1.0331213474273682,1.2931917905807495,0.0,0.0,0.9697532057762146,0.0,0.0
10.639,-0.6423275470733643,-0.38147878646850586,19.58747673034668,-0.9409353733062744,1.7414932250976562,0.0,0.0,1.2855007648468018,0.0,0.0
10.652,-0.6631154417991638,-0.48869383335113525,1.992952823638916,-0.8990734219551086,1.8946070671081543,0.0,0.0,1.4326584339141846,0.0,0.0
10.666,-0.6791644096374512,-0.5176632404327393,3.590543508529663,-0.8873225450515747,2.0884220600128174,0.0,0.0,1.4326584339141846,0.0,0.0
10.679,-0.6519820690155029,-0.4127603769302368,19.04063415527344,-0.8407256007194518,2.089198589324951,0.0,0.0,1.4422589540481567,0.0,0.0
10.692,-0.6097403764724731,-0.25837624073028564,-5.535699367523193,-0.762777268886566,2.1166529655456543,0.0,0.0,1.4408222436904907,0.0,0.0
10.705,-0.569344699382782,-0.2546723783016205,0.15192031860351562,-0.6998302936553955,2.163944721221924,0.0,0.0,1.4408222436904907,0.0,0.0
10.719,-0.5807077288627625,-0.3981061577796936,-9.635536193847656,-0.7248041629791261,2.1190752983093266,0.0,0.0,1.5431811809539795,0.0,0.0
10.732,-0.5870169401168823,-0.5302688479423523,6.97353744506836,-0.7299489378929137,2.193220615386963,0.0,0.0,1.5548439025878906,0.0,0.0
10.746,-0.5831554532051086,-0.5878443717956543,7.190698146820068,-0.7298927307128905,2.31282377243042,0.0,0.0,1.5802714824676514,0.0,0.0
10.759,-0.5290864109992981,-0.6267163157463074,4.015718460083008,-0.6824216842651367,2.4587290287017822,0.0,0.0,1.61062753200531,0.0,0.0
10.772,-0.47777408361434937,-0.6311548352241516,0.6131529808044434,-0.5963289737701416,2.579960823059082,0.0,0.0,1.610923409461975,0.0,0.0
10.785,-0.4472207427024841,-0.5676554441452025,-2.2435872554779053,-0.5542671084403992,2.537562847137451,0.0,0.0,1.5943108797073364,0.0,0.0
10.799,-0.4861094951629639,-0.5806002020835876,-11.285438537597656,-0.6040254831314087,2.4314992427825928,0.0,0.0,1.560885310173035,0.0,0.0
10.812,-0.4937900602817536,-0.5599104166030884,3.435355424880981,-0.5986097455024719,2.4104697704315186,0.0,0.0,1.560885310173035,0.0,0.0
10.825,-0.4804345071315765,-0.5608033537864685,-3.3349020481109615,-0.5384621620178223,2.4447407722473145,0.0,0.0,1.5268577337265017,0.0,0.0
10.839,-0.4405845999717712,-0.5918757319450377,-0.14742761850357056,-0.5000384449958801,2.409378290176392,0.0,0.0,1.5058808326721191,0.0,0.0
10.852,-0.3959256708621978,-0.5793889164924622,-2.153894186019897,-0.4206824004650116,2.4098100662231445,0.0,0.0,1.4801177978515625,0.0,0.0
10.865,-0.4273255169391632,-0.596592128276825,2.385829448699951,-0.46950697898864746,2.3811531066894527,0.0,0.0,1.4801177978515625,0.0,0.0
10.879,-0.39163479208946234,-0.46017551422119135,-4.658393383026123,-0.3903246521949768,2.166862726211548,0.0,0.0,1.3792724609375,0.0,0.0
10.892,-0.36146068572998047,-0.44297620654106146,-3.349493265151977,-0.3256138265132904,2.1046347618103027,0.0,0.0,1.3600921630859375,0.0,0.0
10.905,-0.38226073980331426,-0.42037057876586914,-2.01074481010437,-0.35982406139373774,2.035023927688598,0.0,0.0,1.3513526916503906,0.0,0.0
10.919,-0.4018513560295105,-0.42137661576271057,-1.4340251684188845,-0.401349812746048,1.9893560409545896,0.0,0.0,1.3576276302337646,0.0,0.0
10.932,-0.42247718572616577,-0.3907451033592224,1.5159800052642822,-0.42745694518089294,1.9917833805084229,0.0,0.0,1.3773199319839478,0.0,0.0
10.945,-0.40057843923568726,-0.36521664261817927,3.530301094055176,-0.36691606044769287,2.095832586288452,0.0,0.0,1.381663799285889,0.0,0.0
10.959,-0.36034539341926575,-0.3577328622341156,2.136866807937622,-0.28317639231681824,2.1717374324798584,0.0,0.0,1.3503762483596802,0.0,0.0
10.972,-0.31934821605682373,-0.3862311840057373,-2.984753131866455,-0.2008348256349564,2.129557847976685,0.0,0.0,1.3170766830444336,0.0,0.0
10.985,-0.27815577387809753,-0.4243815243244171,-5.13677453994751,-0.12104268372058868,2.0024237632751465,0.0,0.0,1.333189845085144,0.0,0.0
10.999,-0.29219815135002136,-0.38391762971878046,2.179607629776001,-0.15361815690994263,1.8955322504043577,0.0,0.0,1.3945703506469729,0.0,0.0
11.012,-0.3095649182796478,-0.400603711605072,2.6450603008270264,-0.19489273428916928,1.87247371673584,0.0,0.0,1.4533365964889526,0.0,0.0
11.025,-0.32738840579986567,-0.4054249227046967,5.993150234222412,-0.24373869597911835,1.8766152858734129,0.0,0.0,1.4418883323669434,0.0,0.0
11.039,-0.2764039933681488,-0.38519659638404846,2.072962999343872,-0.17785365879535675,1.9174734354019165,0.0,0.0,1.2770620584487915,0.0,0.0
11.052,-0.22070750594139096,-0.4015703797340393,-6.9210824966430655,-0.11952871084213255,1.8815373182296755,0.0,0.0,1.2770620584487915,0.0,0.0
11.066,-0.19129757583141327,-0.38981688022613525,1.7177447080612185,-0.04820150509476662,1.87740159034729,0.0,0.0,1.2613595724105835,0.0,0.0
11.079,-0.16539718210697174,-0.4133418798446655,-8.738645553588867,0.0036612174008041616,1.7093605995178225,0.0,0.0,1.2414875030517578,0.0,0.0
11.092,-0.12075196206569672,-0.41242569684982305,3.48834228515625,0.04223114624619484,1.6821646690368652,0.0,0.0,1.2332857847213743,0.0,0.0
11.105,-0.13406701385974884,-0.37741494178771967,1.7275840044021606,-0.0025646360591053963,1.6434471607208252,0.0,0.0,1.2315702438354492,0.0,0.0
11.119,-0.1706314980983734,-0.3513489365577698,-0.015985965728759766,-0.025322586297988888,1.6405038833618164,0.0,0.0,1.2220027446746826,0.0,0.0
11.133,-0.12067895382642746,-0.38834512233734125,4.709592342376709,0.045779291540384286,1.663095235824585,0.0,0.0,1.2000025510787964,0.0,0.0
11.145,-0.08893281221389769,-0.43490877747535706,-0.7721990346908569,0.11240120232105257,1.671201229095459,0.0,0.0,1.193742275238037,0.0,0.0
11.159,-0.040920328348875046,-0.5074374079704285,-1.7553269863128662,0.129616841673851,1.6719460487365725,0.0,0.0,1.2206281423568726,0.0,0.0
11.172,0.001975917024537921,-0.596548080444336,-2.6648550033569336,0.19950199127197263,1.6764812469482422,0.0,0.0,1.223179817199707,0.0,0.0
11.185,0.058874491602182395,-0.6311389207839966,1.7263277769088743,0.2705462574958801,1.6613869667053225,0.0,0.0,1.223179817199707,0.0,0.0
11.199,0.04224469885230064,-0.626983642578125,1.9762784242630005,0.2324870526790619,1.6188812255859375,0.0,0.0,1.2042559385299685,0.0,0.0
11.212,0.08056791871786116,-0.5888327360153198,3.891947746276856,0.3048878610134125,1.5332767963409424,0.0,0.0,1.1868131160736084,0.0,0.0
11.225,0.10742205381393433,-0.6234524250030518,-3.5616874694824214,0.3713041841983795,1.4936721324920654,0.0,0.0,1.1721233129501345,0.0,0.0
11.239,0.09218004345893861,-0.637946605682373,0.5283504724502563,0.32722318172454834,1.4948205947875977,0.0,0.0,1.1721233129501345,0.0,0.0
11.252,0.0828942358493805,-0.715752124786377,-7.831987380981444,0.27181640267372126,1.4921202659606934,0.0,0.0,1.156094670295715,0.0,0.0
11.266,0.13944503664970398,-0.879844069480896,-11.287652015686035,0.28478890657424927,1.5478074550628662,0.0,0.0,0.7821689844131469,0.0,0.0
11.279,0.19695228338241577,-0.901851177215576,2.7815310955047607,0.29762741923332214,1.5476341247558594,0.0,0.0,0.7821689844131469,0.0,0.0
11.292,0.15070635080337524,-0.400403767824173,-59.683082580566406,0.23901590704917908,0.6069412231445312,0.0,0.0,0.8775932788848877,0.0,0.0
11.306,0.10490699857473372,-0.2293470799922943,2.3374869823455806,0.19155079126358032,0.04081337153911591,0.0,0.0,1.3099417686462402,0.0,0.0
11.319,0.11258675158023834,-0.6415919065475464,-1.5597089529037476,0.21878159046173096,0.10772822797298431,0.0,0.0,0.8065997362136842,0.0,0.0
11.332,0.06827741861343384,-0.8082579374313353,5.772187232971192,0.20132100582122803,0.187434196472168,0.0,0.0,0.45436564087867737,0.0,0.0
11.345,0.032450295984745026,-0.6202441453933716,8.406635284423826,0.2029371559619904,0.20531213283538816,0.0,0.0,0.5398488640785217,0.0,0.0
11.359,0.051155731081962585,-0.6154784560203552,4.356022357940674,0.2703990638256073,0.3870227038860321,0.0,0.0,0.6911326050758362,0.0,0.0
11.372,0.07604428380727768,-0.7446166276931762,8.706289291381836,0.344751924276352,0.7249330282211303,0.0,0.0,0.5897375345230104,0.0,0.0
11.385,0.1016419231891632,-0.6113309264183044,-0.1629084348678589,0.4203752875328064,0.725941002368927,0.0,0.0,0.5897375345230104,0.0,0.0
11.399,0.15064848959445953,-0.5882185101509094,0.42991116642951965,0.4920169115066528,0.7174103260040283,0.0,0.0,0.43164420127868647,0.0,0.0
11.412,0.13793516159057617,-0.6561314463615417,14.221940994262695,0.4290241003036499,0.6694427132606505,0.0,0.0,0.9512006640434264,0.0,0.0
11.425,0.12879127264022827,-0.6242640018463135,4.723320960998535,0.4145829975605011,0.8634886741638182,0.0,0.0,0.7181351780891418,0.0,0.0
11.439,0.11988090723752975,-0.5999313592910768,-5.832675933837891,0.4001407027244568,0.9260203242301941,0.0,0.0,0.7181351780891418,0.0,0.0
11.452,0.11054368317127228,-0.714638888835907,41.70718765258789,0.33870729804039,1.3567683696746826,0.0,0.0,0.5199049711227417,0.0,0.0
11.465,0.10391341894865036,-0.9365090727806092,7.2683348655700675,0.2776861786842346,1.5185054540634155,0.0,0.0,0.47870123386383057,0.0,0.0
11.479,0.1697636842727661,-1.0450122356414795,-15.269909858703612,0.3215128779411316,1.5291874408721924,0.0,0.0,0.5284445285797119,0.0,0.0
11.492,0.23497679829597476,-1.0776848793029783,-1.4185398817062378,0.35931718349456787,1.5500292778015137,0.0,0.0,0.5284445285797119,0.0,0.0
11.505,0.2631474435329437,-1.007290601730347,-34.93445587158203,0.435499370098114,1.3467917442321775,0.0,0.0,0.4780484735965729,0.0,0.0
11.519,0.2827245891094208,-0.9211926460266112,3.783778667449951,0.4856080412864685,1.24682354927063,0.0,0.0,0.4718036651611328,0.0,0.0
11.532,0.2492695450782776,-0.8669896125793458,-4.811100482940674,0.4465087652206421,1.170177698135376,0.0,0.0,0.4901452362537384,0.0,0.0
11.545,0.2773822844028473,-0.7002308964729309,-4.8395209312438965,0.50056391954422,1.0528758764266968,0.0,0.0,0.45090293884277344,0.0,0.0
11.559,0.33327803015708923,-0.6527091860771179,-2.0398757457733154,0.5721623897552489,0.9799310564994813,0.0,0.0,0.4210805296897888,0.0,0.0
11.572,0.37148088216781616,-0.6419289708137512,-1.1493220329284668,0.5915727019309998,0.8897956609725952,0.0,0.0,0.42600369453430176,0.0,0.0
11.585,0.36461687088012695,-0.6239247918128967,-7.592475414276123,0.5508357882499695,0.7608678340911865,0.0,0.0,0.3872795104980469,0.0,0.0
11.599,0.4076415598392487,-0.600749135017395,-11.476720809936523,0.588331937789917,0.6345473527908325,0.0,0.0,0.35114917159080505,0.0,0.0
11.612,0.40513265132904047,-0.5705397129058838,-7.280677318572998,0.5744792222976685,0.5606979131698608,0.0,0.0,0.3278450667858124,0.0,0.0
11.625,0.44655609130859375,-0.49324917793273926,-5.4062557220458975,0.6333717107772827,0.4754683971405029,0.0,0.0,0.2380131483078003,0.0,0.0
11.639,0.41987067461013794,-0.4526007771492005,1.5138074159622192,0.6104937791824341,0.4408500790596008,0.0,0.0,0.23003406822681427,0.0,0.0
11.652,0.4300798177719116,-0.47258859872817993,-1.3440761566162107,0.6606095433235168,0.4029182195663452,0.0,0.0,0.23003406822681427,0.0,0.0
11.665,0.45141842961311346,-0.5092945694923401,8.237345695495605,0.7147285342216492,0.42767071723937994,0.0,0.0,0.18527831137180328,0.0,0.0
11.679,0.48321402072906494,-0.49006566405296326,-0.8650760650634765,0.7247492671012878,0.44291132688522333,0.0,0.0,0.17566826939582825,0.0,0.0
11.692,0.5114312767982483,-0.4738074541091919,1.4438967704772947,0.7849352955818176,0.441694974899292,0.0,0.0,0.17566826939582825,0.0,0.0
11.705,0.5351543426513672,-0.47685843706130976,3.369922876358032,0.83837890625,0.42473745346069336,0.0,0.0,0.1438910961151123,0.0,0.0
11.719,0.5544103980064392,-0.4728754460811615,3.946309328079224,0.8980703949928284,0.4300108551979065,0.0,0.0,0.14558374881744385,0.0,0.0
11.733,0.5627741813659668,-0.4554724097251892,3.4253182411193848,0.9517388343811036,0.4694793224334717,0.0,0.0,0.14513836801052094,0.0,0.0
11.745,0.5256780982017517,-0.4243453741073608,6.898993492126465,0.9017395973205566,0.6367151737213135,0.0,0.0,0.1482154279947281,0.0,0.0
11.759,0.49035683274269104,-0.4143550992012024,-5.907203197479248,0.8525588512420654,0.5594780445098877,0.0,0.0,0.14997218549251556,0.0,0.0
11.772,0.4495530724525452,-0.30136144161224365,-7.736429214477539,0.8028100132942199,0.3694218993186951,0.0,0.0,0.14938324689865112,0.0,0.0
11.785,0.4618882238864898,-0.2179459631443024,-11.887326240539553,0.8483629226684569,0.23190018534660337,0.0,0.0,0.1457502245903015,0.0,0.0
11.799,0.5068235993385315,-0.14816123247146606,6.48523473739624,0.9039824604988098,0.2594781517982483,0.0,0.0,0.13644112646579742,0.0,0.0
11.812,0.48966553807258606,-0.11323481798171996,-3.5380537509918213,0.860732913017273,0.10551507771015169,0.0,0.0,0.12284526973962784,0.0,0.0
11.825,0.4855291545391082,-0.10387584567070007,-5.809031963348389,0.8134202361106871,-0.41233658790588373,0.0,0.0,0.07891868799924849,0.0,0.0
11.839,0.48134997487068176,-0.10356993973255156,2.308990716934204,0.7654911875724792,-0.4016467332839966,0.0,0.0,0.07891868799924849,0.0,0.0
11.852,0.47518545389175415,-0.10826874524354936,-1.362380027770996,0.7067550420761108,-0.2947613596916199,0.0,0.0,0.04418469965457916,0.0,0.0
11.866,0.4886425137519837,-0.06912560760974884,-10.405307769775392,0.7519031167030334,-0.18648773431777957,0.0,0.0,-0.002078725723549724,0.0,0.0
11.879,0.5071765780448914,0.014953896403312685,-11.369805335998535,0.8003289103507996,-0.34543395042419434,0.0,0.0,-0.014970798045396805,0.0,0.0
11.892,0.532876193523407,0.09891264140605927,-7.334445476531982,0.8095937371253966,-0.4172898232936859,0.0,0.0,-0.014970798045396805,0.0,0.0
11.906,0.5281589031219481,0.1892603933811188,-11.053863525390623,0.7737606763839722,-0.5002298951148987,0.0,0.0,-0.05750876665115357,0.0,0.0
11.919,0.5220661163330078,0.18910124897956848,1.86996066570282,0.714638352394104,-0.47258985042572016,0.0,0.0,-0.07471219450235367,0.0,0.0
11.935,0.5133571028709412,0.13793186843395233,0.7811720967292786,0.6538543105125427,-0.31047338247299194,0.0,0.0,-0.08798737823963165,0.0,0.0
11.949,0.5050925016403198,0.12140438705682756,-1.0035204887390137,0.5978318452835083,-0.047626942396163933,0.0,0.0,-0.10376445949077606,0.0,0.0
11.962,0.49641263484954834,0.051852136850357056,3.5732164382934566,0.5433861017227173,0.21759377419948575,0.0,0.0,-0.12652508914470673,0.0,0.0
11.975,0.4528593420982361,-0.19585254788398743,9.924370765686035,0.48491737246513367,0.8008742928504944,0.0,0.0,-0.1367184817790985,0.0,0.0
11.989,0.409067302942276,-0.24300119280815125,-4.242701530456543,0.4261937439441681,0.7877251505851746,0.0,0.0,-0.1367184817790985,0.0,0.0
12.002,0.3628019094467163,-0.3464027047157288,3.261613607406616,0.41869616508483887,0.6178527474403381,0.0,0.0,-0.16321158409118652,0.0,0.0
12.015,0.3674687147140503,-0.13088497519493103,-19.00839233398437,0.4690350890159607,-0.03267115354537964,0.0,0.0,-0.4258429408073425,0.0,0.0
12.029,0.3722820580005646,0.017671726644039154,-25.75581932067871,0.5017380714416504,-0.34216874837875366,0.0,0.0,-0.4680742025375366,0.0,0.0
12.042,0.378167450428009,0.05714749172329903,-23.18361091613769,0.5343427062034607,-0.6008592247962952,0.0,0.0,-0.4680742025375366,0.0,0.0
12.055,0.3837716579437256,0.4439588785171509,-10.681859016418455,0.5918200016021729,-1.1828393936157229,0.0,0.0,-0.5132386684417725,0.0,0.0
12.069,0.3889641463756561,0.7310460805892944,-1.0196126699447632,0.6504745483398438,-1.2799689769744873,0.0,0.0,-0.5462357997894287,0.0,0.0
12.082,0.3938519954681397,0.8996086120605469,-1.3092442750930786,0.7093435525894165,-1.3622705936431885,0.0,0.0,-0.557295024394989,0.0,0.0
12.095,0.4005706012248993,0.894037127494812,-2.822242498397827,0.7669599056243896,-1.463658571243286,0.0,0.0,-0.530951738357544,0.0,0.0
12.109,0.4238629341125488,0.8642161488533021,3.1529903411865234,0.8244650959968568,-1.5284165143966677,0.0,0.0,-0.5370171070098877,0.0,0.0
12.122,0.4666070640087128,0.9300291538238524,6.616486549377441,0.8792924880981445,-1.501685619354248,0.0,0.0,-0.5684703588485718,0.0,0.0
12.135,0.47989356517791754,1.068129539489746,2.893710136413574,0.9005978107452391,-1.4921588897705078,0.0,0.0,-0.5739867091178894,0.0,0.0
12.149,0.43871450424194336,1.2526466846466064,-8.191962242126465,0.8721121549606323,-1.5410785675048828,0.0,0.0,-0.5706862807273865,0.0,0.0
12.162,0.39494162797927856,1.37540864944458,-6.115034103393555,0.7876242399215697,-1.6459323167800903,0.0,0.0,-0.5846794843673706,0.0,0.0
12.175,0.3716175556182861,1.5781477689743042,-5.104949951171875,0.7056776285171509,-1.486785054206848,0.0,0.0,-0.6561046838760376,0.0,0.0
12.189,0.3483041524887085,1.566551685333252,-0.1225009560585022,0.6261290311813354,-1.5342504978179932,0.0,0.0,-0.6561046838760376,0.0,0.0
12.202,0.32695361971855164,1.4941504001617432,16.789793014526367,0.5676693320274353,-1.3100079298019407,0.0,0.0,-0.6436669826507568,0.0,0.0
12.215,0.34394821524620056,1.0097254514694214,41.629371643066406,0.588824987411499,-0.5728868246078491,0.0,0.0,-0.47615295648574824,0.0,0.0
12.229,0.3582535684108734,0.7808091640472413,-1.6111940145492554,0.6013277769088745,-0.2742655873298645,0.0,0.0,-0.4242270588874817,0.0,0.0
12.242,0.35707765817642206,0.7130069732666016,2.129817008972168,0.576944887638092,-0.17638461291790009,0.0,0.0,-0.4043757319450378,0.0,0.0
12.255,0.31554749608039856,0.6813690662384033,-3.50781512260437,0.5362743735313416,-0.24872554838657376,0.0,0.0,-0.4004298150539398,0.0,0.0
12.269,0.283589631319046,0.7994505763053894,-9.777587890625,0.5152789354324341,-0.3649262189865112,0.0,0.0,-0.44439974427223206,0.0,0.0
12.282,0.23845103383064273,0.967826247215271,-16.240558624267578,0.4842287003993988,-0.4811912477016449,0.0,0.0,-0.5183640122413635,0.0,0.0
12.295,0.18422010540962216,1.0800591707229614,-9.561076164245604,0.4345336258411408,-0.6175169944763184,0.0,0.0,-0.5816145539283752,0.0,0.0
12.309,0.1487218290567398,1.1230556964874268,-5.350510597229004,0.39067861437797546,-0.8032586574554443,0.0,0.0,-0.6682156324386597,0.0,0.0
12.322,0.10142026841640472,1.1669423580169678,-11.381806373596191,0.3341499865055084,-0.9801610708236694,0.0,0.0,-0.7694287300109862,0.0,0.0
12.335,0.0808827206492424,1.2320868968963623,-23.666627883911133,0.32367250323295593,-1.339138746261597,0.0,0.0,-0.9132184982299805,0.0,0.0
12.349,0.10870260745286942,1.2939698696136477,5.850067615509033,0.3510617017745972,-1.3329067230224607,0.0,0.0,-0.9132184982299805,0.0,0.0
12.362,0.12170010805130003,1.311758279800415,-15.759309768676758,0.3659205436706543,-1.5351786613464355,0.0,0.0,-0.9645256996154784,0.0,0.0
12.375,0.10479683429002762,1.292494535446167,-16.473886489868164,0.35758525133132935,-1.6871150732040403,0.0,0.0,-0.9772201776504515,0.0,0.0
12.389,0.1372771114110947,1.2507143020629885,2.4268224239349365,0.3997474610805512,-1.7675833702087402,0.0,0.0,-0.9636305570602416,0.0,0.0
12.402,0.09917254745960237,1.0482097864151,13.027698516845703,0.3436363935470581,-1.6986725330352783,0.0,0.0,-0.959248185157776,0.0,0.0
12.415,0.04784826189279556,0.9390850067138674,-0.8445873856544495,0.2706862688064575,-1.6192474365234375,0.0,0.0,-0.9730818271636963,0.0,0.0
12.429,0.0018289649160578847,0.8017936944961549,12.33274269104004,0.1995654404163361,-1.5275218486785889,0.0,0.0,-0.9632315635681152,0.0,0.0
12.442,-0.0475422777235508,0.6281569600105286,15.29277515411377,0.19071674346923828,-1.3368005752563477,0.0,0.0,-0.951875388622284,0.0,0.0
12.455,-0.04675336554646492,0.6207208037376404,-5.69432497024536,0.2474702894687653,-1.2621300220489502,0.0,0.0,-0.9542342424392701,0.0,0.0
12.469,-0.04484352096915245,0.642998993396759,-7.101836681365967,0.264089971780777,-1.2537506818771362,0.0,0.0,-0.9600589275360109,0.0,0.0
12.482,-0.1117754653096199,0.5715504884719849,-4.26349639892578,0.2023722529411316,-1.297316551208496,0.0,0.0,-0.9628837704658508,0.0,0.0
12.495,-0.15650665760040283,0.4850202202796936,-1.6090840101242063,0.15534426271915436,-1.3254364728927612,0.0,0.0,-0.9486663341522218,0.0,0.0
12.509,-0.15848080813884735,0.43420952558517456,5.141374111175537,0.2044105529785156,-1.2891925573349,0.0,0.0,-0.8943824172019958,0.0,0.0
12.522,-0.16341747343540192,0.43110793828964233,3.9132936000823975,0.23210689425468445,-1.1478543281555176,0.0,0.0,-0.8445764780044556,0.0,0.0
12.535,-0.16938042640686035,0.408631294965744,1.1833012104034424,0.25099992752075195,-1.062250733375549,0.0,0.0,-0.833198308944702,0.0,0.0
12.549,-0.1590959131717682,0.4144385755062103,-3.2307116985321045,0.23688451945781708,-1.0123460292816162,0.0,0.0,-0.8155087232589722,0.0,0.0
12.562,-0.20201013982295993,0.29201123118400574,6.161999702453612,0.17523685097694397,-0.9668883085250854,0.0,0.0,-0.743769109249115,0.0,0.0
12.575,-0.22749756276607516,0.26548853516578674,-2.534428119659424,0.12095393985509872,-0.983314037322998,0.0,0.0,-0.743769109249115,0.0,0.0
12.589,-0.2825385332107544,0.17726337909698486,10.092633247375488,0.0910746529698372,-0.9126439690589904,0.0,0.0,-0.7126222848892212,0.0,0.0
12.602,-0.25979676842689514,0.21929407119750977,5.594757080078125,0.10406437516212463,-0.812568187713623,0.0,0.0,-0.6851511597633362,0.0,0.0
12.615,-0.23664905130863192,0.253424733877182,-8.887972831726074,0.10200784355401991,-0.7646066546440125,0.0,0.0,-0.6729010939598083,0.0,0.0
12.629,-0.23192928731441495,0.2613409459590912,3.2823801040649414,0.08673573285341264,-0.7637587189674377,0.0,0.0,-0.6729010939598083,0.0,0.0
12.642,-0.2630307376384735,0.3112797439098358,-12.223394393920898,0.04210243374109268,-0.7444632053375245,0.0,0.0,-0.668222188949585,0.0,0.0
12.655,-0.3053719401359558,0.30126696825027466,2.7795774936676025,-0.012777754105627537,-0.7366198301315308,0.0,0.0,-0.6653706431388855,0.0,0.0
12.669,-0.3473350703716278,0.21268051862716675,-0.4351884126663208,-0.06331630051136017,-0.7263116240501405,0.0,0.0,-0.6693596243858337,0.0,0.0
12.682,-0.40055662393569946,0.08535484969615936,3.4640460014343266,-0.07704537361860275,-0.7032451629638672,0.0,0.0,-0.6900800466537476,0.0,0.0
12.695,-0.4105439186096192,0.026678830385208126,3.1441836357116695,-0.07027450203895569,-0.628836989402771,0.0,0.0,-0.7369379997253418,0.0,0.0
12.709,-0.4032821953296661,0.01702621579170227,3.0510706901550293,-0.048525117337703705,-0.591707706451416,0.0,0.0,-0.7605879902839661,0.0,0.0
12.722,-0.3928733766078949,0.02246299386024475,-2.169947385787964,-0.07136304676532745,-0.5744448900222777,0.0,0.0,-0.7283912897109985,0.0,0.0
12.735,-0.40327614545822144,0.03978489339351655,-2.7009308338165283,-0.06431034207344055,-0.6173768043518065,0.0,0.0,-0.709320068359375,0.0,0.0
12.749,-0.3624032735824585,0.1432165503501892,-6.632284641265869,-0.04637032002210617,-0.6342583894729614,0.0,0.0,-0.7311443090438842,0.0,0.0
12.762,-0.39148670434951777,0.12998120486736298,-6.778085231781006,-0.11208954453468324,-0.672067165374756,0.0,0.0,-0.702845573425293,0.0,0.0
12.775,-0.41955357789993286,0.09775613248348237,3.0470340251922607,-0.1209176704287529,-0.6752694845199585,0.0,0.0,-0.702845573425293,0.0,0.0
12.789,-0.4738447666168213,-0.03171178698539734,4.752744674682617,-0.18577757477760315,-0.6330782175064087,0.0,0.0,-0.7007066011428833,0.0,0.0
12.802,-0.5180785059928894,-0.20321635901927948,11.129508972167969,-0.23955842852592468,-0.5487518310546875,0.0,0.0,-0.7465351819992065,0.0,0.0
12.815,-0.5554655194282532,-0.26654213666915894,-2.5679826736450195,-0.30485498905181885,-0.5262137651443481,0.0,0.0,-0.7825702428817749,0.0,0.0
12.829,-0.5202698111534119,-0.2154326289892197,-3.2839179039001465,-0.25180134177207947,-0.5390779376029968,0.0,0.0,-0.7825702428817749,0.0,0.0
12.842,-0.5094166398048401,-0.17140203714370728,-3.560829162597656,-0.23014698922634125,-0.5068386197090149,0.0,0.0,-0.8528979420661926,0.0,0.0
12.855,-0.4978656470775604,-0.13336148858070374,-2.782492160797119,-0.18786872923374176,-0.56273090839386,0.0,0.0,-0.865405261516571,0.0,0.0
12.87,-0.5223684310913086,-0.1436375081539154,0.08806586265563965,-0.22897571325302124,-0.6560674905776978,0.0,0.0,-0.8567034006118774,0.0,0.0
12.882,-0.5617998838424683,-0.1735820323228836,-0.3537118434906006,-0.2465597689151764,-0.7088490128517151,0.0,0.0,-0.8425319194793701,0.0,0.0
12.896,-0.5892775654792786,-0.20020832121372223,3.319662809371948,-0.2675402760505676,-0.739781081676483,0.0,0.0,-0.8363184928894043,0.0,0.0
12.909,-0.5603650808334352,-0.1772247850894928,2.0032525062561035,-0.2553516626358032,-0.7082643508911133,0.0,0.0,-0.8317986130714417,0.0,0.0
12.922,-0.5915645956993103,-0.26134836673736567,8.65388774871826,-0.3037984371185303,-0.6503190398216248,0.0,0.0,-0.783739447593689,0.0,0.0
12.936,-0.6263686418533325,-0.2816828787326813,5.819056987762451,-0.3683733642101288,-0.6182957291603088,0.0,0.0,-0.783739447593689,0.0,0.0
12.949,-0.6311731338500977,-0.2982752323150635,5.377618789672852,-0.3985947072505951,-0.5782934427261353,0.0,0.0,-0.7747421264648436,0.0,0.0
12.962,-0.6518852710723877,-0.3311014175415039,3.0128359794616695,-0.3775333762168884,-0.5701497793197632,0.0,0.0,-0.7600973844528198,0.0,0.0
12.976,-0.6933674216270447,-0.3729053139686585,3.6282105445861816,-0.4426896870136261,-0.546204686164856,0.0,0.0,-0.7344979047775267,0.0,0.0
12.989,-0.7280417084693908,-0.36749124526977534,4.484657764434815,-0.4709185361862183,-0.5592148900032043,0.0,0.0,-0.7344979047775267,0.0,0.0
13.003,-0.7265265583992003,-0.3066812753677368,-3.3821761608123775,-0.5005350708961487,-0.557121753692627,0.0,0.0,-0.7575413584709166,0.0,0.0
13.016,-0.6960791349411011,-0.282103568315506,-2.649477005004883,-0.49858570098876953,-0.5550086498260498,0.0,0.0,-0.8491530418395997,0.0,0.0
13.029,-0.6750211715698241,-0.19845281541347504,-1.8335759639739992,-0.48728868365287775,-0.5966018438339233,0.0,0.0,-0.9152141809463501,0.0,0.0
13.042,-0.7106695175170897,-0.16530953347682953,9.129399299621582,-0.5567054748535156,-0.6759365797042847,0.0,0.0,-0.844960629940033,0.0,0.0
13.056,-0.7453020215034485,-0.14248569309711456,2.553123235702514,-0.5891834497451782,-0.7269376516342163,0.0,0.0,-0.7407195568084717,0.0,0.0
13.069,-0.7210428714752197,-0.06240178644657135,2.371600151062012,-0.5484921932220459,-0.762705087661743,0.0,0.0,-0.7767255306243896,0.0,0.0
13.082,-0.6966691017150879,0.032041192054748535,10.32310962677002,-0.5281537771224976,-0.702761173248291,0.0,0.0,-0.8384576439857483,0.0,0.0
13.096,-0.6759698987007141,0.01975946873426437,4.719398021697998,-0.511531412601471,-0.6699550151824951,0.0,0.0,-0.7398678064346313,0.0,0.0
13.109,-0.7055495381355286,-0.011910831555724144,5.67958402633667,-0.5417754054069519,-0.645102858543396,0.0,0.0,-0.5762724280357361,0.0,0.0
13.122,-0.7308666706085205,-0.001996593549847603,15.769781112670898,-0.576147198677063,-0.5225934386253357,0.0,0.0,-0.49466753005981445,0.0,0.0
13.136,-0.7569416761398315,0.03580087423324585,-1.9426054954528809,-0.6079614758491516,-0.46467083692550654,0.0,0.0,-0.440058559179306,0.0,0.0
13.149,-0.7304179072380067,0.06440286338329315,17.658626556396484,-0.5606491565704346,-0.3620268702507019,0.0,0.0,-0.3553559482097626,0.0,0.0
13.162,-0.7541175484657286,-0.05286772549152374,24.313085556030277,-0.5646219849586487,-0.10331481695175172,0.0,0.0,-0.06882767379283905,0.0,0.0
13.176,-0.7747597098350526,-0.12080037593841551,8.544828414916992,-0.5603689551353456,0.15901045501232147,0.0,0.0,-0.06882767379283905,0.0,0.0
13.189,-0.7960498929023743,-0.03330719470977783,-2.086805820465088,-0.5892547965049744,0.26477286219596863,0.0,0.0,0.05469687283039093,0.0,0.0
13.202,-0.7768056988716124,0.08961760997772218,25.503461837768555,-0.538301408290863,0.5068724751472473,0.0,0.0,0.044252004474401474,0.0,0.0
13.216,-0.7544344067573547,0.11222049593925476,-0.48794522881507874,-0.48708784580230713,0.5682601928710938,0.0,0.0,0.23504097759723663,0.0,0.0
13.229,-0.7267049551010131,0.09608593583106993,22.27932548522949,-0.4345323145389557,0.5968418717384337,0.0,0.0,0.23504097759723663,0.0,0.0
13.242,-0.6948702931404114,0.07621869444847107,32.48627471923828,-0.42387905716896057,0.8001527786254883,0.0,0.0,0.49399194121360773,0.0,0.0
13.256,-0.6967228651046753,0.07937997579574585,4.010233402252196,-0.4518540501594544,0.8615905046463012,0.0,0.0,0.5830044746398926,0.0,0.0
13.269,-0.6729696393013,0.09239867329597472,8.63354778289795,-0.4588827788829804,0.8945950269699096,0.0,0.0,0.6539925336837769,0.0,0.0
13.282,-0.645783543586731,0.10330608487129211,2.0847647190093994,-0.4292441010475159,0.9468841552734376,0.0,0.0,0.6893454790115356,0.0,0.0
13.296,-0.6334414482116699,0.14836639165878296,-3.4516139030456543,-0.4116990268230438,0.9816514253616333,0.0,0.0,0.6917314529418945,0.0,0.0
13.309,-0.6668558716773987,0.28880831599235535,-5.171754837036133,-0.4513707160949707,0.9072366952896118,0.0,0.0,0.7721940875053405,0.0,0.0
13.323,-0.689114511013031,0.3320778608322144,10.718062400817873,-0.4856443405151367,0.9008378982543944,0.0,0.0,0.9793694019317629,0.0,0.0
13.336,-0.7017208933830261,0.29054510593414307,4.8969178199768075,-0.5155013799667358,0.8690965175628662,0.0,0.0,0.9412357211112976,0.0,0.0
13.349,-0.7036843299865723,0.21106526255607605,13.427888870239258,-0.5085165500640869,1.0353137254714966,0.0,0.0,0.6097554564476013,0.0,0.0
13.363,-0.6431852579116821,-0.06269335746765137,-1.6740113496780396,-0.4405062794685364,1.0813044309616089,0.0,0.0,0.6393645405769348,0.0,0.0
13.376,-0.5845080018043518,-0.09643149375915527,-2.4601845741271973,-0.37371134757995605,1.0163174867630005,0.0,0.0,0.6393645405769348,0.0,0.0
13.389,-0.5259846448898315,-0.24195000529289248,-3.3519654273986816,-0.32187244296073914,0.9501986503601073,0.0,0.0,0.688260555267334,0.0,0.0
13.404,-0.5034308433532715,-0.1525343954563141,-26.367584228515625,-0.2818089425563812,0.688037633895874,0.0,0.0,0.6538152694702148,0.0,0.0
13.416,-0.48433285951614385,-0.09505751729011536,4.750357627868652,-0.22325722873210907,0.5781665444374084,0.0,0.0,0.6883134841918945,0.0,0.0
13.43,-0.4644527137279511,-0.10664793848991394,1.4104797840118408,-0.2078935950994492,0.5698294639587401,0.0,0.0,0.6883134841918945,0.0,0.0
13.443,-0.4980387985706329,0.061998389661312096,2.457167148590088,-0.2382734566926956,0.3710559010505676,0.0,0.0,0.7006677389144897,0.0,0.0
13.456,-0.5142320990562439,0.15007133781909943,-2.891099452972412,-0.257824569940567,0.359361857175827,0.0,0.0,0.5399043560028076,0.0,0.0
13.47,-0.45962437987327576,0.10571413487195969,-6.067661762237549,-0.2017139047384262,0.3441968560218811,0.0,0.0,0.4116278886795044,0.0,0.0
13.483,-0.4057285189628601,0.016877442598342896,-9.167552947998049,-0.1461845338344574,0.3155034184455872,0.0,0.0,0.38355591893196106,0.0,0.0
13.496,-0.36941915750503534,-0.04004518687725067,-8.395854949951174,-0.1080700159072876,0.28470739722251887,0.0,0.0,0.3835145533084869,0.0,0.0
13.51,-0.36484450101852417,-0.045594587922096246,-5.933063983917236,-0.08664929866790771,0.24500572681427,0.0,0.0,0.38557410240173345,0.0,0.0
13.523,-0.40042814612388605,-0.015625223517417908,-0.6630644202232361,-0.09922661632299425,0.20418335497379303,0.0,0.0,0.3887225091457367,0.0,0.0
13.536,-0.43957293033599854,0.023720309138298035,3.6868393421173096,-0.09988573938608168,0.20972096920013428,0.0,0.0,0.40131631493568415,0.0,0.0
13.55,-0.3916908800601959,-0.017578063532710075,7.168351173400879,-0.04950569942593575,0.26318293809890747,0.0,0.0,0.4313863515853882,0.0,0.0
13.563,-0.38690230250358576,-0.12255691736936568,16.053176879882812,-0.05595381185412407,0.4431529045104981,0.0,0.0,0.561926543712616,0.0,0.0
13.576,-0.3395204544067383,-0.17294526100158691,-7.208485603332519,-0.01937972754240036,0.4578148424625397,0.0,0.0,0.561926543712616,0.0,0.0
13.59,-0.34024906158447266,-0.23218894004821777,13.075477600097656,-0.07115828990936279,0.6008021831512451,0.0,0.0,0.6409690380096436,0.0,0.0
13.603,-0.2901299297809601,-0.33471769094467163,5.712505817413329,-0.02668879926204681,0.841718852519989,0.0,0.0,0.7512275576591492,0.0,0.0
13.616,-0.26928162574768066,-0.37993860244750977,-0.9993821382522584,0.022856410592794415,0.9509190320968629,0.0,0.0,0.7952250242233276,0.0,0.0
13.63,-0.24034786224365237,-0.4290062189102173,3.1984403133392334,0.0747728943824768,0.9840258955955504,0.0,0.0,0.8216974139213562,0.0,0.0
13.643,-0.18201142549514768,-0.5136771202087401,4.422511100769043,0.09439204633235933,1.0683931112289429,0.0,0.0,0.8469023704528807,0.0,0.0
13.657,-0.19533805549144745,-0.49213695526123047,0.25364309549331665,0.045013349503278725,1.0240565538406372,0.0,0.0,0.8508856296539306,0.0,0.0
13.67,-0.22152815759181976,-0.41534072160720825,-3.7704794406890874,-0.003350914688780904,0.9315540194511411,0.0,0.0,0.8129426836967468,0.0,0.0
13.683,-0.2536398768424988,-0.33522912859916687,-6.348663330078125,-0.04905872419476509,0.834397554397583,0.0,0.0,0.7592149376869202,0.0,0.0
13.697,-0.23641452193260196,-0.32947206497192383,-8.27486515045166,-0.043430544435977936,0.7500309944152832,0.0,0.0,0.7023993134498596,0.0,0.0
13.71,-0.27830424904823303,-0.26780062913894653,-5.83979034423828,-0.08870348334312439,0.6343159079551697,0.0,0.0,0.6435637474060059,0.0,0.0
13.723,-0.31972795724868774,-0.09694977849721907,-14.676881790161133,-0.13296037912368774,0.41211158037185674,0.0,0.0,0.5828258395195007,0.0,0.0
13.737,-0.2840345501899719,-0.07155150920152664,5.3173675537109375,-0.12550297379493713,0.3468347191810608,0.0,0.0,0.5161629319190979,0.0,0.0
13.75,-0.2635287642478943,0.021939657628536224,-14.566213607788086,-0.1479712277650833,0.15852759778499603,0.0,0.0,0.4475221633911133,0.0,0.0
13.767,-0.21943515539169312,0.15530773997306824,-25.602436065673828,-0.10366609692573547,-0.19956696033477783,0.0,0.0,0.2804008722305298,0.0,0.0
13.78,-0.17971208691596985,0.18136578798294067,-2.513951778411865,-0.06726004183292389,-0.3947542011737824,0.0,0.0,0.2804008722305298,0.0,0.0
13.794,-0.19099295139312744,0.09925843775272368,-0.6598435044288635,-0.08455801755189894,-0.5508859753608704,0.0,0.0,0.19787745177745816,0.0,0.0
13.807,-0.1974294185638428,-0.0030059963464736934,6.989811897277832,-0.11730849742889404,-0.529739022254944,0.0,0.0,0.19836804270744324,0.0,0.0
13.82,-0.21152988076210025,-0.052070096135139465,2.533010959625244,-0.14823845028877258,-0.45508256554603577,0.0,0.0,0.2382260710000992,0.0,0.0
13.834,-0.2097488641738892,-0.17191532254219055,14.712206840515137,-0.16808956861495972,-0.33139622211456293,0.0,0.0,0.296375185251236,0.0,0.0
13.847,-0.16082237660884857,-0.2387574315071106,-1.0788671970367432,-0.13130372762680054,-0.24362435936927795,0.0,0.0,0.341420441865921,0.0,0.0
13.86,-0.10961894690990448,-0.2692262530326844,-0.784166157245636,-0.08053214102983473,-0.19712442159652713,0.0,0.0,0.3800485730171204,0.0,0.0
13.874,-0.05799366533756256,-0.28700849413871765,-0.7982991337776184,-0.04195180535316467,-0.20275571942329407,0.0,0.0,0.40740430355072016,0.0,0.0
13.887,-0.01035531610250473,-0.32621851563453674,3.783796548843384,-0.029467415064573288,-0.19532237946987152,0.0,0.0,0.4358369410037994,0.0,0.0
13.9,-0.05135507136583328,-0.3627275228500366,7.286817550659179,-0.08516670018434525,-0.15901774168014526,0.0,0.0,0.45155876874923706,0.0,0.0
13.914,-0.039352383464574814,-0.4708987772464752,-8.017441749572756,-0.08736156672239302,-0.2914992570877075,0.0,0.0,0.3833608329296112,0.0,0.0
13.927,-0.02859422005712986,-0.40543603897094727,-9.775652885437012,-0.07537916302680969,-0.5100996494293213,0.0,0.0,0.3189834952354431,0.0,0.0
13.94,-0.01836695335805416,-0.40650820732116694,-2.8646886348724365,-0.06242147833108903,-0.5222920179367065,0.0,0.0,0.3189834952354431,0.0,0.0
13.954,-0.05102945864200592,-0.10649403184652328,-32.088382720947266,-0.12426044791936874,-0.9273365736007689,0.0,0.0,0.1675802320241928,0.0,0.0
13.967,-0.09083329886198045,0.02072257548570633,1.8626197576522827,-0.14069955050945282,-1.0672367811203003,0.0,0.0,0.06925489008426666,0.0,0.0
13.98,-0.09126658737659454,0.09155088663101196,-6.6205644607543945,-0.1443144977092743,-1.178792119026184,0.0,0.0,-0.04534901306033135,0.0,0.0
13.994,-0.0965990498661995,0.10394416749477386,-17.55635643005371,-0.1960289031267166,-1.461747407913208,0.0,0.0,-0.16933919489383698,0.0,0.0
14.007,-0.11318672448396684,0.155851811170578,-13.785581588745115,-0.2643921971321106,-1.6625208854675293,0.0,0.0,-0.29758936166763306,0.0,0.0
14.02,-0.13559700548648834,0.20158967375755313,-3.778298139572144,-0.3121841251850128,-1.7624480724334717,0.0,0.0,-0.36572444438934326,0.0,0.0
14.034,-0.09963678568601608,0.24312087893486023,-0.053469836711883545,-0.2917850315570832,-1.8283040523529053,0.0,0.0,-0.42054530978202814,0.0,0.0
14.047,-0.09528923034667967,0.225494921207428,-1.2925072908401487,-0.2732562720775604,-1.860514521598816,0.0,0.0,-0.5093482136726379,0.0,0.0
14.06,-0.04762379452586175,0.19329303503036496,-6.0291924476623535,-0.22705823183059687,-1.9198713302612305,0.0,0.0,-0.5629041194915771,0.0,0.0
14.074,-0.061340738087892525,0.13759723305702207,-13.626057624816896,-0.2599090933799744,-1.998560070991516,0.0,0.0,-0.5949149131774902,0.0,0.0
14.087,-0.030964449048042297,0.12379208207130432,3.7935867309570312,-0.23900434374809265,-1.9979901313781736,0.0,0.0,-0.6389094591140747,0.0,0.0
14.104,-0.08628199994564056,0.1156291365623474,-2.4801247119903564,-0.3027153015136719,-1.9953206777572632,0.0,0.0,-0.6943665742874146,0.0,0.0
14.114,-0.1426631212234497,0.17799896001815796,-2.3861289024353027,-0.37360849976539606,-1.9867427349090576,0.0,0.0,-0.8621525764465331,0.0,0.0
14.127,-0.17551591992378235,0.208431288599968,-3.82656455039978,-0.3866045475006104,-1.9752810001373289,0.0,0.0,-0.9366270303726195,0.0,0.0
14.14,-0.1429438292980194,0.17991699278354645,1.3347119092941284,-0.33627793192863464,-1.9804160594940183,0.0,0.0,-0.9837455749511719,0.0,0.0
14.154,-0.10549797862768172,0.1745600700378418,-6.415148735046387,-0.34410879015922546,-1.9834359884262085,0.0,0.0,-0.9837455749511719,0.0,0.0
14.167,-0.06749881803989409,0.13485392928123474,-7.790804386138915,-0.3136043846607208,-1.9181482791900637,0.0,0.0,-1.0867130756378174,0.0,0.0
14.18,-0.0992656871676445,0.15333655476570127,-1.2645676136016846,-0.32638850808143616,-1.8936102390289309,0.0,0.0,-1.1409199237823486,0.0,0.0
14.194,-0.13819926977157593,0.15073251724243164,-0.854887068271637,-0.35218346118927,-1.87525486946106,0.0,0.0,-1.1772242784500122,0.0,0.0
14.207,-0.19281136989593503,0.10613197088241576,-0.7049426436424256,-0.40841093659400945,-1.8492043018341064,0.0,0.0,-1.2005481719970703,0.0,0.0
14.22,-0.17482583224773407,0.09134143590927123,-1.8936574459075928,-0.37281548976898193,-1.85454785823822,0.0,0.0,-1.2601211071014404,0.0,0.0
14.234,-0.14873085916042328,0.13167297840118408,-3.224623203277588,-0.34245219826698303,-1.8384485244750977,0.0,0.0,-1.313125729560852,0.0,0.0
14.247,-0.17314523458480835,0.2147192358970642,-1.365373969078064,-0.4215395450592041,-1.803183317184448,0.0,0.0,-1.2200655937194824,0.0,0.0
14.26,-0.19297979772090912,0.26169127225875854,-6.205589771270752,-0.4784243702888489,-1.820989012718201,0.0,0.0,-1.1552633047103882,0.0,0.0
14.274,-0.1710030734539032,0.28465938568115234,-1.5590496063232422,-0.4347766041755676,-1.791340470314026,0.0,0.0,-1.3529400825500488,0.0,0.0
14.287,-0.16344225406646729,0.3953723311424256,-13.720681190490724,-0.4043378233909607,-1.9072444438934328,0.0,0.0,-1.452197790145874,0.0,0.0
14.304,-0.2221796214580536,0.3697615563869476,-8.42347240447998,-0.4635136723518372,-1.8966355323791504,0.0,0.0,-1.452197790145874,0.0,0.0
14.315,-0.2769463062286377,0.40713793039321894,-19.648983001708984,-0.5330098271369934,-1.943869709968567,0.0,0.0,-1.4278322458267212,0.0,0.0
14.328,-0.24076250195503235,0.49835136532783514,-3.502115488052368,-0.4797489643096924,-1.9877455234527588,0.0,0.0,-1.7351193428039553,0.0,0.0
14.342,-0.22634196281433103,0.622340977191925,5.512762069702148,-0.43377074599266047,-2.123684883117676,0.0,0.0,-1.8535813093185425,0.0,0.0
14.355,-0.21516326069831848,0.6396854519844055,-9.442252159118652,-0.4228643476963043,-2.165611267089844,0.0,0.0,-1.691259741783142,0.0,0.0
14.368,-0.27563902735710144,0.5224742889404297,2.7938783168792725,-0.5024063587188721,-2.140300273895264,0.0,0.0,-1.4664700031280518,0.0,0.0
14.382,-0.3362067937850952,0.3727806806564331,0.12934505939483645,-0.5548331141471863,-2.0131304264068604,0.0,0.0,-1.4405498504638672,0.0,0.0
14.395,-0.30888137221336365,0.3537093997001648,1.3846635818481443,-0.5298149585723877,-1.8514950275421145,0.0,0.0,-1.5882961750030518,0.0,0.0
14.408,-0.26718705892562866,0.4563671946525574,-9.509262084960936,-0.4962523877620697,-1.7955851554870603,0.0,0.0,-1.625985860824585,0.0,0.0
14.422,-0.24576641619205475,0.5646158456802368,3.9945781230926514,-0.4871041774749756,-1.7391530275344849,0.0,0.0,-1.4432674646377563,0.0,0.0
14.435,-0.30142390727996826,0.45138633251190186,17.7032413482666,-0.5343449115753174,-1.568867325782776,0.0,0.0,-1.1837060451507568,0.0,0.0
14.448,-0.35792943835258484,0.3350263833999634,9.344091415405272,-0.5658183693885803,-1.424185037612915,0.0,0.0,-1.1837060451507568,0.0,0.0
14.462,-0.41239458322525024,0.284385085105896,-5.800169467926025,-0.5954088568687439,-1.3427679538726809,0.0,0.0,-1.1310691833496094,0.0,0.0
14.475,-0.4307779371738434,0.10066519677639008,26.78855323791504,-0.6323626637458801,-0.7888165712356566,0.0,0.0,-0.8729507923126221,0.0,0.0
14.488,-0.42345723509788513,0.0033060461282730103,1.572959065437317,-0.6364777088165283,-0.6478116512298584,0.0,0.0,-0.802528738975525,0.0,0.0
14.502,-0.39622727036476135,0.08491504192352296,3.7798001766204834,-0.5835843682289124,-0.5099066495895386,0.0,0.0,-0.802528738975525,0.0,0.0
14.515,-0.40785202383995056,0.12344345450401306,6.422142505645752,-0.578917384147644,-0.2194204330444336,0.0,0.0,-0.5049761533737184,0.0,0.0
14.532,-0.4462974369525909,-0.0947473794221878,16.2172794342041,-0.6285790801048279,0.04578623548150063,0.0,0.0,-0.35475775599479675,0.0,0.0
14.542,-0.4856923520565033,-0.282121866941452,5.747620582580566,-0.678109884262085,0.24941642582416532,0.0,0.0,-0.35475775599479675,0.0,0.0
14.555,-0.4694164991378784,-0.2036110162734985,-10.366259574890137,-0.6482906341552734,0.4176205992698669,0.0,0.0,-0.5894763469696045,0.0,0.0
14.568,-0.46954318881034846,-0.061113402247428894,-5.668025970458984,-0.6396269202232361,0.39654654264450073,0.0,0.0,-0.48668512701988226,0.0,0.0
14.582,-0.5165054202079773,-0.14856401085853577,1.4982171058654783,-0.6841511726379395,0.4189329147338867,0.0,0.0,-0.16760164499282837,0.0,0.0
14.595,-0.5329371094703673,-0.26118025183677673,2.3325674533843994,-0.7372034788131715,0.5208267569541931,0.0,0.0,-0.08781572431325912,0.0,0.0
14.609,-0.5683462023735046,-0.2764206528663636,1.1665284633636477,-0.7860481739044188,0.6022986173629761,0.0,0.0,-0.3130802810192108,0.0,0.0
14.622,-0.5774328112602234,-0.24977964162826535,-0.3200456500053406,-0.8214003443717955,0.672102689743042,0.0,0.0,-0.3807409405708313,0.0,0.0
14.635,-0.587799072265625,-0.3647710680961609,2.041666269302368,-0.8541337251663208,0.8767461776733398,0.0,0.0,0.029421046376228333,0.0,0.0
14.648,-0.543963611125946,-0.30243763327598566,-1.2467041015625,-0.8317503929138182,0.8981121778488158,0.0,0.0,-0.07678394019603729,0.0,0.0
14.662,-0.5708155632019043,-0.27803584933280945,-1.2056261301040647,-0.8692382574081422,0.9213498830795288,0.0,0.0,-0.07678394019603729,0.0,0.0
14.675,-0.5669882893562317,-0.1418577879667282,-4.109901905059815,-0.8459383249282837,0.7949531078338622,0.0,0.0,-0.0913415476679802,0.0,0.0
14.688,-0.6081667542457581,-0.30303245782852173,3.3137910366058354,-0.8709436058998109,0.8180833458900452,0.0,0.0,-0.0913415476679802,0.0,0.0
14.702,-0.6378597617149353,-0.38617199659347534,-3.0802130699157715,-0.9138030409812928,0.7629849910736083,0.0,0.0,0.012013908475637436,0.0,0.0
14.715,-0.653921604156494,-0.4996987879276276,-1.12285315990448,-0.9338843822479248,0.7960699796676636,0.0,0.0,-0.039298295974731445,0.0,0.0
14.728,-0.6854618191719055,-0.4239641129970551,-5.989645481109619,-0.9841269850730896,0.7286771535873413,0.0,0.0,-0.06983943283557892,0.0,0.0
14.744,-0.65663743019104,-0.43151354789733887,-7.134566307067871,-0.9831182360649109,0.7617936134338379,0.0,0.0,-0.06983943283557892,0.0,0.0
14.755,-0.6290107369422913,-0.32954400777816767,-27.065074920654297,-0.9589772820472717,0.6890943050384521,0.0,0.0,-0.24029964208602905,0.0,0.0
14.769,-0.621597170829773,-0.2232077717781067,-7.6342549324035645,-0.9098469018936157,0.4710957109928131,0.0,0.0,-0.3616953790187836,0.0,0.0
14.782,-0.6222139000892639,-0.19973011314868927,13.136972427368164,-0.8865360021591185,0.2217581421136856,0.0,0.0,-0.40253302454948425,0.0,0.0
14.796,-0.67284095287323,-0.3635072708129882,16.1964111328125,-0.9235153198242189,0.08203343302011491,0.0,0.0,-0.3988797068595886,0.0,0.0
14.809,-0.7195870876312256,-0.5158933401107788,8.287856101989746,-0.9528746604919432,0.04757972061634064,0.0,0.0,-0.42179328203201294,0.0,0.0
14.822,-0.7422596216201782,-0.439860999584198,-2.777807235717773,-0.9719594120979309,-0.018553577363491055,0.0,0.0,-0.46395596861839294,0.0,0.0
14.835,-0.7302551865577699,-0.21656575798988345,-14.020872116088867,-0.9749187231063843,-0.11433857679367064,0.0,0.0,-0.46531316637992853,0.0,0.0
14.849,-0.7173658609390259,-0.11402004957199097,-8.008186340332031,-0.9688947796821593,-0.10369615256786346,0.0,0.0,-0.419952780008316,0.0,0.0
14.862,-0.7338975667953491,-0.2200230062007904,4.427392482757568,-0.9949811697006224,-0.006772425025701523,0.0,0.0,-0.3745794892311096,0.0,0.0
14.876,-0.7306408286094666,-0.326842337846756,12.96896266937256,-0.9967135190963744,0.16318011283874512,0.0,0.0,-0.2707229256629944,0.0,0.0
14.889,-0.725652277469635,-0.3105619251728058,-4.701085090637207,-1.0111426115036013,0.1573428213596344,0.0,0.0,-0.2707229256629944,0.0,0.0
14.902,-0.6997397541999817,-0.29130277037620544,-1.8639876842498777,-0.9783809781074526,0.19502423703670504,0.0,0.0,-0.19061028957366943,0.0,0.0
14.916,-0.7231174707412719,-0.4945999383926392,12.149011611938477,-0.9915019273757935,0.38196527957916254,0.0,0.0,0.0856233313679695,0.0,0.0
14.929,-0.7677971720695494,-0.6793628931045532,17.033180236816406,-1.0175622701644895,0.5859532356262207,0.0,0.0,0.15389174222946167,0.0,0.0
14.942,-0.7350262403488158,-0.6900798082351685,-0.1901507377624512,-0.9896677136421204,0.6415392160415649,0.0,0.0,0.1537322700023651,0.0,0.0
14.956,-0.7265278697013854,-0.5994290113449097,7.0312185287475595,-0.9673194885253905,0.8274773955345155,0.0,0.0,0.3200955390930176,0.0,0.0
14.969,-0.7708778977394104,-0.7062652111053467,4.918961048126221,-0.9834511876106262,0.8419848680496215,0.0,0.0,0.5085214376449585,0.0,0.0
14.982,-0.7917479872703552,-0.7847298979759216,18.597576141357425,-0.9518193602561951,0.9367319345474243,0.0,0.0,0.48062264919281006,0.0,0.0
14.996,-0.7783846259117126,-0.7441154718399048,12.253713607788086,-0.9139742851257325,1.0249755382537842,0.0,0.0,0.5141196846961975,0.0,0.0
15.009,-0.7440959811210632,-0.722459077835083,1.1938467025756836,-0.8755055069923402,1.1383695602416992,0.0,0.0,0.7203505635261536,0.0,0.0
15.022,-0.7286991477012633,-0.7791591882705688,3.787453413009644,-0.8208761811256408,1.3182604312896729,0.0,0.0,0.8040292263031006,0.0,0.0
15.036,-0.7045129537582397,-0.7797136902809142,4.674661159515381,-0.7906959652900695,1.4610915184020996,0.0,0.0,0.8179787397384644,0.0,0.0
15.049,-0.6803180575370789,-0.7706789970397949,15.990715026855469,-0.706853449344635,1.7081223726272583,0.0,0.0,1.0240994691848757,0.0,0.0
15.063,-0.6569985747337341,-0.7615948915481566,-6.304887294769287,-0.6264575719833374,1.7644007205963137,0.0,0.0,1.0240994691848757,0.0,0.0
15.076,-0.634412944316864,-0.7438534498214722,10.767977714538574,-0.5538204908370972,1.817776679992676,0.0,0.0,1.11663556098938,0.0,0.0
15.089,-0.6625216007232666,-0.8172531723976134,34.61793518066406,-0.5696761608123779,2.0382401943206787,0.0,0.0,1.346172332763672,0.0,0.0
15.102,-0.6838936805725098,-0.8935087323188781,7.102569580078125,-0.6052181720733643,2.2166895866394043,0.0,0.0,1.4747403860092163,0.0,0.0
15.116,-0.7069591283798218,-0.9031352996826174,-5.785980701446533,-0.6444571018218994,2.2059574127197266,0.0,0.0,1.4747403860092163,0.0,0.0
15.129,-0.6691939830780029,-0.9437766075134275,29.43912506103516,-0.5539900660514832,2.5860986709594727,0.0,0.0,1.628730058670044,0.0,0.0
15.142,-0.6339231133461,-0.9218109846115112,1.3376444578170776,-0.47337096929550165,2.6862213611602783,0.0,0.0,1.7295392751693726,0.0,0.0
15.156,-0.6540890336036682,-0.9423924684524536,8.648706436157225,-0.4911254644393921,2.763702869415283,0.0,0.0,1.816291570663452,0.0,0.0
15.169,-0.6652048826217651,-0.9208041429519651,8.550676345825195,-0.45858970284461975,2.9492404460906982,0.0,0.0,1.8225421905517576,0.0,0.0
15.182,-0.6321089267730713,-0.8240650892257689,4.658478260040283,-0.4246445000171661,2.9407222270965576,0.0,0.0,1.8423075675964355,0.0,0.0
15.196,-0.6492956280708313,-0.7737310528755187,2.3174285888671875,-0.4653230011463165,2.853898048400879,0.0,0.0,1.8814460039138796,0.0,0.0
15.209,-0.6808167099952698,-0.7906807661056519,5.5214524269104,-0.5099281072616577,2.8229763507843018,0.0,0.0,1.8837347030639648,0.0,0.0
15.222,-0.6483128070831299,-0.7024776339530945,13.176727294921877,-0.4851527810096741,2.81765365600586,0.0,0.0,1.8470377922058103,0.0,0.0
15.236,-0.6710336208343506,-0.7011656165122986,4.363073348999024,-0.4760502874851226,2.758265733718872,0.0,0.0,1.8470377922058103,0.0,0.0
15.249,-0.6126758456230164,-0.6209018230438232,4.19256067276001,-0.3915097117424011,2.7125396728515625,0.0,0.0,1.8343620300292969,0.0,0.0
15.262,-0.553435742855072,-0.6014818549156189,1.1831849813461304,-0.2951858639717102,2.6688320636749268,0.0,0.0,1.8166662454605105,0.0,0.0
15.276,-0.523691713809967,-0.6489604711532593,-5.449202537536621,-0.22491100430488584,2.718456983566284,0.0,0.0,1.7881340980529783,0.0,0.0
15.289,-0.5108721256256104,-0.6279233694076538,5.221219062805176,-0.21440654993057248,2.820236921310425,0.0,0.0,1.7881340980529783,0.0,0.0
15.302,-0.4796306788921356,-0.41698503494262695,-1.371493935585022,-0.13056236505508423,2.6829922199249268,0.0,0.0,1.8350030183792116,0.0,0.0
15.316,-0.4722984433174133,-0.3014439046382904,2.6316850185394287,-0.13863366842269895,2.582793712615967,0.0,0.0,1.9158935546875,0.0,0.0
15.329,-0.4932195842266082,-0.3552051782608032,-4.06960391998291,-0.17362864315509796,2.6199979782104488,0.0,0.0,1.8549668788909912,0.0,0.0
15.342,-0.5059863924980164,-0.3638538718223572,5.17217493057251,-0.14483414590358734,2.783313751220703,0.0,0.0,1.787419319152832,0.0,0.0
15.356,-0.4784418046474457,-0.379038006067276,4.790952682495117,-0.09759746491909027,2.828681468963623,0.0,0.0,1.7560715675354004,0.0,0.0
15.37,-0.4206154346466065,-0.531593918800354,2.881193161010742,-0.07387085258960725,2.5693612098693848,0.0,0.0,1.6833744049072266,0.0,0.0
15.383,-0.4418315291404724,-0.49602460861206055,-3.844660520553589,-0.07094190269708633,2.450744152069092,0.0,0.0,1.6048678159713743,0.0,0.0
15.397,-0.3879721462726593,-0.4705035090446472,-3.7672653198242183,0.0071352655068039885,2.3770623207092285,0.0,0.0,1.5399057865142822,0.0,0.0
15.41,-0.38126775622367853,-0.434477835893631,-7.828746318817138,-0.02183576673269272,2.2519259452819824,0.0,0.0,1.493624567985535,0.0,0.0
15.423,-0.3868204951286316,-0.41471099853515625,-13.75257968902588,-0.0700855627655983,2.069713592529297,0.0,0.0,1.460235595703125,0.0,0.0
15.436,-0.4210785925388336,-0.3872630000114441,6.2266764640808105,-0.11167750507593156,2.0070316791534424,0.0,0.0,1.3792754411697388,0.0,0.0
15.45,-0.39528483152389526,-0.40999364852905273,-5.37381887435913,-0.04575568437576294,1.8851845264434812,0.0,0.0,1.250725269317627,0.0,0.0
15.463,-0.37235885858535767,-0.4042433798313141,-15.43144989013672,0.013062965124845505,1.6355011463165283,0.0,0.0,1.025635004043579,0.0,0.0
15.476,-0.3333328366279602,-0.45609593391418457,4.954782009124756,0.08297711610794067,1.545951247215271,0.0,0.0,1.025635004043579,0.0,0.0
15.49,-0.3404683768749237,-0.4365747272968292,-12.989566802978516,0.04161050915718079,1.3781791925430298,0.0,0.0,0.9319319725036621,0.0,0.0
15.503,-0.29156091809272766,-0.2756746709346771,-19.007049560546875,0.07338181138038635,0.9608027935028077,0.0,0.0,0.700100839138031,0.0,0.0
15.516,-0.2827407419681549,-0.17231744527816772,-3.7334604263305664,0.08046133816242218,0.728706955909729,0.0,0.0,0.5721700191497803,0.0,0.0
15.53,-0.2683476507663727,-0.17938941717147827,4.075330257415772,0.07679401338100433,0.7109007835388184,0.0,0.0,0.5721700191497803,0.0,0.0
15.543,-0.29495564103126526,-0.06371117383241653,-28.830904006958008,0.042844567447900765,0.2747939229011536,0.0,0.0,0.3658758401870728,0.0,0.0
15.556,-0.2872171998023987,-0.06397532671689987,-4.309806823730469,0.06191857531666756,0.09666099399328233,0.0,0.0,0.20841827988624573,0.0,0.0
15.57,-0.26516228914260864,-0.0591668039560318,-8.232414245605469,0.09359906613826752,-0.047197841107845306,0.0,0.0,0.08138172328472137,0.0,0.0
15.583,-0.24701981246471405,-0.029826827347278595,-3.474359035491944,0.1191231608390808,-0.2237740457057953,0.0,0.0,0.1619521826505661,0.0,0.0
15.597,-0.23453837633132932,0.02512986958026886,-0.2336315810680389,0.09859971702098846,-0.47743022441864014,0.0,0.0,0.3035692572593689,0.0,0.0
15.61,-0.2432702928781509,0.21331721544265747,-1.9543412923812864,0.07313528656959532,-0.8016599416732787,0.0,0.0,-0.0001421123743057251,0.0,0.0
15.623,-0.2493716925382614,0.21390315890312195,15.93692111968994,0.05170987173914909,-0.7135964035987854,0.0,0.0,0.06128983572125434,0.0,0.0
15.637,-0.2548779547214508,0.22300297021865845,0.314226359128952,0.04517105221748352,-0.6739564538002014,0.0,0.0,0.06128983572125434,0.0,0.0
15.65,-0.20798110961914065,0.03577808290719986,27.868995666503903,0.0969030186533928,-0.4544575214385986,0.0,0.0,0.2790563702583313,0.0,0.0
15.664,-0.1627795249223709,-0.07139461487531662,-9.012941360473633,0.14810362458229065,-0.3729109168052673,0.0,0.0,0.27989262342453003,0.0,0.0
15.677,-0.11941879987716676,-0.16977405548095703,8.464426040649414,0.1992449164390564,-0.34896135330200195,0.0,0.0,0.3037851750850677,0.0,0.0
15.69,-0.07520118355751036,-0.21492794156074524,3.6634995937347408,0.25013548135757446,-0.29867443442344666,0.0,0.0,0.3037851750850677,0.0,0.0
15.704,-0.051956385374069214,-0.3751146793365479,9.31443119049072,0.2165519893169403,-0.2384320497512817,0.0,0.0,0.3616537749767304,0.0,0.0
15.717,-0.07015661895275116,-0.3864018619060517,-0.224420428276062,0.1739731878042221,-0.2371606081724167,0.0,0.0,0.35180777311325073,0.0,0.0
15.73,-0.09859168529510498,-0.30739718675613403,-4.598821640014648,0.1284494549036026,-0.26131156086921686,0.0,0.0,0.3128518462181092,0.0,0.0
15.744,-0.11922084540128708,-0.11820784211158752,-0.15392303466796875,0.10287733376026154,-0.40817251801490784,0.0,0.0,0.26224240660667414,0.0,0.0
15.757,-0.10468637943267822,0.003827506676316261,-4.558043003082275,0.10305942595005035,-0.5341099500656128,0.0,0.0,0.21441203355789185,0.0,0.0
15.77,-0.0958252251148224,0.06241028755903244,-7.700389385223389,0.10293164104223251,-0.6704902648925781,0.0,0.0,0.16647055745124817,0.0,0.0
15.784,-0.09697771072387695,0.07215222716331483,-8.565093040466307,0.09157254546880722,-0.8250197172164917,0.0,0.0,0.11551476269960403,0.0,0.0
15.797,-0.04279717430472375,-0.02188178151845932,-7.071784496307373,0.14187131822109222,-0.9872282743453981,0.0,0.0,0.06736120581626892,0.0,0.0
15.81,0.010995948687195778,-0.12055913358926772,-8.910910606384277,0.173892080783844,-1.1670663356781006,0.0,0.0,0.026701910421252247,0.0,0.0
15.824,0.027149410918354988,-0.15486769378185272,-12.712952613830566,0.17663885653018951,-1.3950425386428833,0.0,0.0,-0.01563222147524357,0.0,0.0
15.838,0.03038734383881092,-0.09078241884708403,-14.755725860595703,0.15727092325687408,-1.6846020221710205,0.0,0.0,-0.09165562689304352,0.0,0.0
15.85,-0.014890002086758614,0.1720273792743683,-15.56601905822754,0.09757636487483978,-2.032352924346924,0.0,0.0,-0.19741986691951752,0.0,0.0
15.864,-0.03346977382898331,0.42489632964134216,-29.589982986450195,0.05237961933016777,-2.601139068603516,0.0,0.0,-0.38297069072723383,0.0,0.0
15.877,-0.05137205123901367,0.4385892748832703,13.17910099029541,0.013144606724381449,-2.617270469665528,0.0,0.0,-0.38297069072723383,0.0,0.0
15.89,-0.06216641142964363,0.34074538946151733,-7.418529510498048,0.008673418313264849,-2.7277591228485107,0.0,0.0,-0.46059778332710266,0.0,0.0
15.904,-0.07789935171604156,0.21749842166900635,4.5717759132385245,-0.04411451891064644,-2.758042812347412,0.0,0.0,-0.5634646415710449,0.0,0.0
15.917,-0.09842681884765624,0.1845709532499313,-0.7418766617774963,-0.0860545113682747,-2.672431230545044,0.0,0.0,-0.6199612617492676,0.0,0.0
15.93,-0.11806794255971909,0.2036858946084976,0.09616613388061523,-0.1249888762831688,-2.6197760105133057,0.0,0.0,-0.6199612617492676,0.0,0.0
15.944,-0.12495628744363783,0.0521405041217804,7.542487621307373,-0.13314931094646454,-2.3887701034545894,0.0,0.0,-0.6917628049850464,0.0,0.0
15.957,-0.06871876865625381,-0.08253040909767152,3.5095674991607666,-0.08427581191062926,-2.2702281475067134,0.0,0.0,-0.7231309413909912,0.0,0.0
15.97,-0.02036965638399124,-0.1918440014123917,0.33570975065231323,-0.033847056329250336,-2.206140518188477,0.0,0.0,-0.769159734249115,0.0,0.0
15.984,-0.009156603366136553,-0.207936093211174,-4.306132316589356,-0.0022370005026459694,-2.1636669635772705,0.0,0.0,-0.8167912960052489,0.0,0.0
15.997,0.0035630117636173964,-0.19266438484191892,-7.803482532501219,0.039703339338302605,-2.150103807449341,0.0,0.0,-0.8426775932312012,0.0,0.0
16.01,0.013862580060958862,-0.16711971163749695,-4.631721019744873,0.0902990624308586,-2.1381945610046387,0.0,0.0,-0.8482860922813414,0.0,0.0
16.023,0.020814778283238407,-0.08325642347335814,-2.4277501106262207,0.1136903315782547,-2.1856622695922847,0.0,0.0,-0.8879796266555786,0.0,0.0
16.037,0.02853666990995407,-0.10429275035858154,-4.805789947509766,0.14251992106437683,-2.1987287998199463,0.0,0.0,-0.8879796266555786,0.0,0.0
16.05,0.024577051401138306,-0.06281271576881409,-6.721262454986572,0.13974593579769137,-2.2392001152038574,0.0,0.0,-0.9137996435165405,0.0,0.0
16.064,0.0019223878625780344,-0.08047541975975037,0.09319111704826355,0.1105937361717224,-2.1147913932800293,0.0,0.0,-0.963508665561676,0.0,0.0
16.077,-0.019149336963891983,-0.09643077850341797,6.148266792297363,0.03636899217963219,-1.9867444038391116,0.0,0.0,-0.9916630983352659,0.0,0.0
16.09,-0.03750361502170563,-0.09591007232666016,-7.19851016998291,0.020203126594424248,-1.9835426807403564,0.0,0.0,-0.9916630983352659,0.0,0.0
16.104,0.005603223573416472,-0.0691564679145813,-8.783937454223633,0.013760061003267763,-1.918809413909912,0.0,0.0,-1.04713237285614,0.0,0.0
16.117,-0.0006388769252225757,-0.06199198961257935,-11.683822631835938,-0.027074303478002548,-1.9009895324707031,0.0,0.0,-1.114426612854004,0.0,0.0
16.134,-0.026482362300157547,-0.05848447978496552,-13.207684516906738,-0.09947475790977478,-1.879215240478516,0.0,0.0,-1.165696382522583,0.0,0.0
16.147,-0.06183269619941712,-0.051574498414993286,-5.765953540802002,-0.14677216112613678,-1.874136447906494,0.0,0.0,-1.213405966758728,0.0,0.0
16.16,-0.05921921133995056,-0.04175320267677307,0.3294646739959717,-0.1389656960964203,-1.812699794769287,0.0,0.0,-1.2613074779510498,0.0,0.0
16.174,-0.047322768718004234,0.029884219169616696,-3.3886759281158447,-0.10918149352073668,-1.8385138511657717,0.0,0.0,-1.3625471591949463,0.0,0.0
16.187,-0.03735197335481644,0.05662730336189271,-5.1925597190856925,-0.08231563121080399,-1.8290863037109373,0.0,0.0,-1.3625471591949463,0.0,0.0
16.2,-0.05171715468168259,0.1451355367898941,-17.118938446044922,-0.0892323926091194,-1.9313950538635252,0.0,0.0,-1.497020244598389,0.0,0.0
16.214,-0.10899487137794496,0.3460909128189087,-33.42554473876953,-0.17189596593379974,-2.362502336502075,0.0,0.0,-1.66947603225708,0.0,0.0
16.227,-0.1518370807170868,0.30775973200798035,0.41273385286331177,-0.2446617931127548,-2.333934783935547,0.0,0.0,-1.7461843490600586,0.0,0.0
16.24,-0.1658606380224228,0.2572651207447052,-6.420555591583252,-0.2610212564468384,-2.3940088748931885,0.0,0.0,-1.7461843490600586,0.0,0.0
16.254,-0.124410942196846,0.1767226755619049,4.84477996826172,-0.20947957038879397,-2.202651023864746,0.0,0.0,-1.7444400787353516,0.0,0.0
16.267,-0.10234842449426652,0.16197597980499268,5.277523040771484,-0.1856069713830948,-2.085056781768799,0.0,0.0,-1.6308553218841553,0.0,0.0
16.28,-0.1090509369969368,0.06855171918869019,8.379301071166992,-0.1920657306909561,-1.980381727218628,0.0,0.0,-1.4977831840515137,0.0,0.0
16.294,-0.12361965328454971,0.0375552773475647,7.192226886749268,-0.16062554717063904,-1.6426548957824707,0.0,0.0,-1.3986468315124512,0.0,0.0
16.307,-0.12121693044900894,0.07726461440324782,9.615575790405272,-0.105779767036438,-1.4596083164215088,0.0,0.0,-1.3266497850418093,0.0,0.0
16.32,-0.11700481176376344,0.13345251977443695,7.694837093353271,-0.05587626248598098,-1.2639479637145996,0.0,0.0,-1.1889039278030396,0.0,0.0
16.334,-0.10620667040348052,0.08757203072309494,7.13046932220459,-0.009431710466742516,-1.027384638786316,0.0,0.0,-0.9440078735351561,0.0,0.0
16.347,-0.1545153111219406,-0.03835096210241318,8.512374877929686,-0.05699169263243675,-0.7949034571647645,0.0,0.0,-0.7336541414260864,0.0,0.0
16.36,-0.20932397246360776,-0.07168059051036835,4.865482330322266,-0.11219632625579834,-0.6212873458862305,0.0,0.0,-0.7470693588256837,0.0,0.0
16.374,-0.2599875032901764,0.0026955679059028625,-3.649762153625488,-0.15151536464691162,-0.5211995840072632,0.0,0.0,-0.8818044662475587,0.0,0.0
16.387,-0.27057129144668574,0.1125996857881546,-9.487142562866211,-0.18116667866706848,-0.4793680906295776,0.0,0.0,-0.87245774269104,0.0,0.0
16.4,-0.28352850675582886,0.14365650713443756,-5.844264984130859,-0.21425139904022217,-0.4410147964954376,0.0,0.0,-0.6793607473373413,0.0,0.0
16.414,-0.31352686882019043,0.10398390889167786,9.144168853759764,-0.27097904682159424,-0.28219571709632874,0.0,0.0,-0.5527204275131226,0.0,0.0
16.427,-0.3497062027454376,0.06894703209400177,-1.326799392700195,-0.327553927898407,-0.2811981439590454,0.0,0.0,-0.5527204275131226,0.0,0.0
16.44,-0.3983939588069916,0.021330192685127255,5.965670585632324,-0.38454446196556086,-0.14198419451713562,0.0,0.0,-0.6905519962310791,0.0,0.0
16.454,-0.4215853810310364,0.0344422459602356,-6.604787349700928,-0.40325027704238886,0.0524471327662468,0.0,0.0,-0.6602874994277954,0.0,0.0
16.467,-0.41294306516647333,0.023170962929725647,-1.3976454734802246,-0.39978942275047297,0.050209030508995056,0.0,0.0,-0.5295194387435913,0.0,0.0
16.48,-0.4189964234828949,-0.01815561205148697,2.8275668621063232,-0.4314314424991608,0.06173145025968552,0.0,0.0,-0.44912824034690857,0.0,0.0
16.494,-0.4420148730278015,-0.07898304611444473,1.9868373870849607,-0.47083979845047,0.10025354474782944,0.0,0.0,-0.419131338596344,0.0,0.0
16.507,-0.4699675738811493,-0.11454254388809204,6.229215621948241,-0.4961956739425659,0.1746392846107483,0.0,0.0,-0.3426292538642884,0.0,0.0
16.52,-0.49592170119285583,-0.17481602728366852,8.274896621704102,-0.5331221222877502,0.3002949357032776,0.0,0.0,-0.22558552026748657,0.0,0.0
16.534,-0.5164355635643004,-0.24050381779670715,7.2334794998168945,-0.5773130655288696,0.4735312759876251,0.0,0.0,-0.16762754321098328,0.0,0.0
16.547,-0.5542907118797302,-0.283387303352356,-0.16309618949890137,-0.6284802556037903,0.6519827842712401,0.0,0.0,-0.2154492288827896,0.0,0.0
16.56,-0.5447962284088135,-0.22675293684005737,-4.210301399230957,-0.612058162689209,0.7775646448135376,0.0,0.0,-0.2961250841617584,0.0,0.0
16.574,-0.5765359997749329,-0.34044891595840454,6.796659469604492,-0.6635822057723999,0.8083888888359069,0.0,0.0,-0.07736305147409439,0.0,0.0
16.587,-0.6229836344718933,-0.44747021794319153,5.3552021980285645,-0.7145131230354309,0.7940322160720825,0.0,0.0,-0.07736305147409439,0.0,0.0
16.601,-0.669522225856781,-0.6370800733566284,9.774109840393066,-0.744008958339691,0.8567700386047363,0.0,0.0,0.025066867470741272,0.0,0.0
16.614,-0.6292399764060974,-0.6066054105758667,3.390122175216675,-0.6826239228248596,1.0266098976135254,0.0,0.0,-0.06468965113162993,0.0,0.0
16.627,-0.5878939628601073,-0.5537676811218262,-1.9394471645355225,-0.6547186970710753,1.095442295074463,0.0,0.0,-0.00810304470360279,0.0,0.0
16.64,-0.6159334182739258,-0.5550069212913513,0.42600184679031367,-0.692051351070404,1.088057041168213,0.0,0.0,-0.00810304470360279,0.0,0.0
16.654,-0.6082980036735535,-0.5129783749580383,8.423081398010254,-0.6802235841751099,1.1491360664367676,0.0,0.0,-0.009767306968569757,0.0,0.0
16.668,-0.600107491016388,-0.5088105201721193,-4.945106029510497,-0.6740902662277222,1.1342811584472656,0.0,0.0,-0.07440078258514403,0.0,0.0
16.68,-0.5886751413345337,-0.5124479532241821,-0.9016335010528563,-0.6593270301818848,1.0562090873718262,0.0,0.0,-0.06616271287202835,0.0,0.0
16.694,-0.6084460020065308,-0.5459318161010742,0.7107585668563843,-0.6835996508598328,0.9510365724563599,0.0,0.0,0.014605628326535223,0.0,0.0
16.708,-0.6257320642471313,-0.5445438623428345,4.29774808883667,-0.7071896195411682,0.8880175352096557,0.0,0.0,0.09094104915857315,0.0,0.0
16.72,-0.6443286538124084,-0.5308400988578796,7.205656051635742,-0.7521159648895263,0.8905749917030334,0.0,0.0,0.1338006854057312,0.0,0.0
16.734,-0.6631442308425903,-0.5424508452415465,8.76204776763916,-0.7698954343795776,0.986861765384674,0.0,0.0,0.16331064701080322,0.0,0.0
16.747,-0.6804661750793457,-0.5925309658050537,4.211141586303711,-0.811225950717926,1.1006482839584353,0.0,0.0,0.1898548901081085,0.0,0.0
16.76,-0.6515337228775024,-0.5614861249923706,-5.04781436920166,-0.7916059494018554,1.1808960437774658,0.0,0.0,0.1829222142696381,0.0,0.0
16.774,-0.6344621777534485,-0.3526389002799988,-20.234224319458008,-0.7408004999160767,1.0139008760452273,0.0,0.0,0.12886814773082733,0.0,0.0
16.787,-0.6205955743789673,-0.2711673378944397,5.60428762435913,-0.6958776712417603,0.9815828800201416,0.0,0.0,0.08579633384943008,0.0,0.0
16.801,-0.6110187768936157,-0.18367180228233335,-4.438114643096924,-0.6720187664031982,0.8410300612449646,0.0,0.0,0.06673699617385864,0.0,0.0
16.814,-0.6358788013458252,-0.25155216455459595,14.06520652770996,-0.67503559589386,0.7403873205184937,0.0,0.0,0.06101700663566589,0.0,0.0
16.827,-0.6270153522491455,-0.2416110336780548,0.3310292959213257,-0.6401796936988832,0.7508213520050048,0.0,0.0,0.06101700663566589,0.0,0.0
16.84,-0.6256218552589417,-0.263216108083725,-2.182924747467041,-0.6332992315292358,0.784014105796814,0.0,0.0,0.10207980126142502,0.0,0.0
16.854,-0.6366324424743652,-0.39747339487075806,7.2356319427490225,-0.6624394059181212,0.9794161319732666,0.0,0.0,0.26831412315368647,0.0,0.0
16.867,-0.6558550000190735,-0.43889287114143366,3.792994260787964,-0.675598680973053,1.0090134143829346,0.0,0.0,0.3257791399955749,0.0,0.0
16.88,-0.6313946843147278,-0.38805997371673584,-0.19979551434516907,-0.6449657082557678,0.9915740489959716,0.0,0.0,0.3257791399955749,0.0,0.0
16.894,-0.6125087738037108,-0.30120784044265747,16.959209442138672,-0.5847206115722656,0.9004915952682494,0.0,0.0,0.4635444581508637,0.0,0.0
16.907,-0.6065251231193544,-0.3247765898704529,5.101422786712647,-0.5375882387161255,0.8960896730422973,0.0,0.0,0.5379977226257324,0.0,0.0
16.92,-0.6313804984092712,-0.3968006372451782,8.395349502563475,-0.5491685867309569,0.9713573455810547,0.0,0.0,0.5517904758453369,0.0,0.0
16.934,-0.6447016000747681,-0.4131423234939575,8.459163665771484,-0.542818546295166,1.068742036819458,0.0,0.0,0.5498197078704834,0.0,0.0
16.947,-0.6543822884559631,-0.3811792135238648,3.281608819961548,-0.5446813702583313,1.1259368658065796,0.0,0.0,0.6605063080787659,0.0,0.0
16.96,-0.6706817150115967,-0.4329647719860077,1.2699700593948364,-0.5728156566619873,1.2494993209838867,0.0,0.0,0.8617953062057494,0.0,0.0
16.974,-0.6937090754508972,-0.5777866840362549,11.104065895080566,-0.563711643218994,1.4956454038619995,0.0,0.0,0.9087623953819275,0.0,0.0
16.987,-0.6569818258285522,-0.6410080790519713,15.44648265838623,-0.4925441443920136,1.7452112436294556,0.0,0.0,0.8395750522613524,0.0,0.0
17.001,-0.6180789470672609,-0.6445060968399048,11.392728805541992,-0.4110231399536133,1.911327123641968,0.0,0.0,0.9337506890296936,0.0,0.0
17.014,-0.5915326476097107,-0.6210840344429016,15.724170684814451,-0.3329932391643524,2.003300189971924,0.0,0.0,1.215357780456543,0.0,0.0
17.027,-0.5641721487045288,-0.6169686317443848,-7.529528141021728,-0.25757333636283875,2.0251388549804688,0.0,0.0,1.215357780456543,0.0,0.0
17.04,-0.5386331081390381,-0.5821309089660645,11.37236213684082,-0.18264594674110413,2.093411922454834,0.0,0.0,1.307530403137207,0.0,0.0
17.054,-0.5035962462425232,-0.5364960432052612,38.0831184387207,-0.10994726419448853,2.381026268005371,0.0,0.0,1.5039643049240112,0.0,0.0
17.067,-0.45905557274818415,-0.5163576602935791,6.155358791351318,-0.03157804533839226,2.5185358524322514,0.0,0.0,1.6061021089553833,0.0,0.0
17.08,-0.4322566092014313,-0.5196282267570496,-6.725706100463867,0.03281013295054436,2.4933104515075684,0.0,0.0,1.6061021089553833,0.0,0.0
17.094,-0.4032624363899231,-0.5786512494087219,29.94193649291992,0.0662672221660614,2.8812050819396973,0.0,0.0,1.8027458190917969,0.0,0.0
17.107,-0.3524172306060791,-0.5889346599578857,-0.2209335565567017,0.1394601613283157,3.020037889480591,0.0,0.0,1.8493533134460447,0.0,0.0
17.12,-0.31577393412590027,-0.5796841382980347,2.4877443313598637,0.1610739827156067,3.0951242446899414,0.0,0.0,1.8821141719818115,0.0,0.0
17.134,-0.33530640602111816,-0.5729426145553589,-1.840169668197632,0.11144697666168212,3.0850987434387207,0.0,0.0,1.8821141719818115,0.0,0.0
17.148,-0.37450560927391047,-0.49372363090515137,-0.5566567182540894,0.06701657921075821,3.0009753704071045,0.0,0.0,1.8774973154067995,0.0,0.0
17.16,-0.4179944694042206,-0.41257479786872864,-4.522942066192627,0.017869237810373306,2.941884994506836,0.0,0.0,1.815651535987854,0.0,0.0
17.174,-0.4187849164009094,-0.3524972200393677,-5.086174488067627,0.012063563801348208,2.8698086738586426,0.0,0.0,1.7383884191513062,0.0,0.0
17.187,-0.39905393123626715,-0.33586281538009644,-19.467142105102536,0.0017271278193220496,2.5940194129943848,0.0,0.0,1.569447040557861,0.0,0.0
17.2,-0.4193645715713501,-0.3532531559467316,-6.537289619445801,-0.04280732199549675,2.3868975639343266,0.0,0.0,1.569447040557861,0.0,0.0
17.214,-0.4476949274539948,-0.3743904232978821,3.2369701862335205,-0.09335669130086899,2.245398998260498,0.0,0.0,1.4471310377120972,0.0,0.0
17.227,-0.4237769842147827,-0.3366303741931916,-23.09119033813477,-0.08705049753189088,1.7813808917999268,0.0,0.0,1.1617991924285889,0.0,0.0
17.24,-0.4252445101737976,-0.28196844458580017,-6.625158786773682,-0.1056799367070198,1.6599682569503784,0.0,0.0,1.0072835683822632,0.0,0.0
17.254,-0.41324236989021296,-0.24948956072330475,-8.804091453552246,-0.06820911914110184,1.3880119323730469,0.0,0.0,1.0072835683822632,0.0,0.0
17.267,-0.42283052206039434,-0.20656770467758176,-7.343002796173095,-0.08121130615472794,1.0505362749099731,0.0,0.0,0.7439690828323363,0.0,0.0
17.281,-0.37171900272369385,-0.20293958485126493,-4.340681552886962,-0.022631533443927765,0.8910639286041261,0.0,0.0,0.6608108282089233,0.0,0.0
17.294,-0.33547315001487726,-0.21217879652976993,-2.082607746124268,-0.02142227441072464,0.8548654317855835,0.0,0.0,0.5982039570808411,0.0,0.0
17.307,-0.2838261723518372,-0.2711649537086487,8.174219131469727,0.03897246345877648,0.7386506795883178,0.0,0.0,0.5605964660644531,0.0,0.0
17.32,-0.2331223487854004,-0.33047372102737427,0.2806998789310456,0.09633108228445053,0.69774067401886,0.0,0.0,0.5425859689712524,0.0,0.0
17.334,-0.2413807511329651,-0.34125763177871704,-2.61547327041626,0.0758969709277153,0.6297543048858643,0.0,0.0,0.5076908469200134,0.0,0.0
17.347,-0.2618425488471985,-0.26682227849960327,-8.485020637512207,0.03310259059071541,0.4946746230125427,0.0,0.0,0.4579179286956787,0.0,0.0
17.361,-0.28924062848091125,-0.2049754410982132,6.038884162902832,0.013145622797310352,0.4334224760532379,0.0,0.0,0.4153990149497986,0.0,0.0
17.374,-0.26635584235191345,-0.16281387209892273,-1.3790220022201538,0.0470406748354435,0.31773731112480164,0.0,0.0,0.40195885300636286,0.0,0.0
17.387,-0.25322943925857544,-0.12237225472927094,1.3376891613006592,0.06161818653345108,0.10495737195014954,0.0,0.0,0.43538761138916016,0.0,0.0
17.401,-0.25021031498909,-0.09649984538555144,-2.7308709621429443,0.06662964075803757,0.056734904646873474,0.0,0.0,0.4048698246479034,0.0,0.0
17.414,-0.2310254871845245,-0.13428987562656405,5.361552238464356,0.07205415517091751,0.058878153562545776,0.0,0.0,0.4048698246479034,0.0,0.0
17.427,-0.20522093772888184,-0.23159414529800412,-17.482351303100586,0.07216107100248335,-0.16675448417663574,0.0,0.0,0.09372398257255554,0.0,0.0
17.441,-0.1978285014629364,-0.1185244396328926,-3.713871479034424,0.06809736043214798,-0.41067138314247126,0.0,0.0,0.050832103937864304,0.0,0.0
17.454,-0.2074389606714249,-0.07051527500152588,2.693787097930908,0.04250656068325043,-0.4687955379486084,0.0,0.0,0.09666548669338225,0.0,0.0
17.469,-0.16980023682117462,-0.1384768933057785,1.710192084312439,0.06535825878381729,-0.4288581907749176,0.0,0.0,0.08234064280986787,0.0,0.0
17.482,-0.16214892268180847,-0.054066039621829994,2.7255802154541016,0.1076447144150734,-0.49271133542060846,0.0,0.0,0.09018248319625854,0.0,0.0
17.496,-0.15082275867462158,0.07793349027633667,3.1102044582366943,0.15602214634418488,-0.5836794376373291,0.0,0.0,0.14181168377399445,0.0,0.0
17.509,-0.13688714802265167,0.06760209798812866,2.6191813945770264,0.20629838109016416,-0.587110698223114,0.0,0.0,0.1577606201171875,0.0,0.0
17.522,-0.11144497245550156,-0.027861319482326508,5.189899921417236,0.24916945397853849,-0.5526173710823059,0.0,0.0,0.17792850732803345,0.0,0.0
17.536,-0.07376410067081451,-0.10364969074726103,0.9724035859107971,0.26739299297332764,-0.5723276734352112,0.0,0.0,0.21953462064266205,0.0,0.0
17.549,-0.06930368393659592,-0.12395452708005904,-12.017623901367188,0.21954010426998136,-0.6870579719543457,0.0,0.0,0.21252417564392087,0.0,0.0
17.563,-0.0926431268453598,0.012219179421663284,-3.3933653831481934,0.1751650720834732,-0.7661788463592529,0.0,0.0,0.21252417564392087,0.0,0.0
17.576,-0.1126650720834732,0.06832271814346313,1.277388572692871,0.16233929991722107,-0.7983553409576416,0.0,0.0,0.165792778134346,0.0,0.0
17.589,-0.07060930877923965,0.13660165667533877,-31.88197326660156,0.1559975892305374,-1.2428724765777588,0.0,0.0,0.03601250797510147,0.0,0.0
17.602,-0.04692118242383003,0.14611434936523438,-16.16975975036621,0.14758898317813873,-1.5801548957824707,0.0,0.0,-0.06904540210962296,0.0,0.0
17.616,-0.07249087840318678,0.2544645071029663,-10.82443904876709,0.07544974237680435,-1.7773436307907104,0.0,0.0,-0.06904540210962296,0.0,0.0
17.629,-0.07564188539981842,0.33703818917274475,-12.527080535888672,0.06563436985015869,-2.1620719432830806,0.0,0.0,-0.2837803363800049,0.0,0.0
17.642,-0.026248574256896973,0.3005338311195373,-3.7746012210845943,0.11254262179136276,-2.3086528778076167,0.0,0.0,-0.3502902090549469,0.0,0.0
17.656,0.017867788672447205,0.13544481992721558,-2.782402753829956,0.15288801491260529,-2.3430418968200684,0.0,0.0,-0.36608061194419855,0.0,0.0
17.669,0.04725995659828185,-0.07515779137611389,0.7341742515563965,0.16659177839756012,-2.3047661781311035,0.0,0.0,-0.335100919008255,0.0,0.0
17.682,0.050840314477682114,-0.21916207671165464,8.001481056213379,0.15296652913093567,-2.1802525520324707,0.0,0.0,-0.2618531584739685,0.0,0.0
17.696,0.06737882643938065,-0.2801094651222229,12.008674621582031,0.1554189771413803,-1.9584410190582275,0.0,0.0,-0.16680632531642914,0.0,0.0
17.709,0.07681763172149658,-0.3683049380779266,19.28038215637207,0.15587101876735687,-1.5733509063720703,0.0,0.0,-0.0695900171995163,0.0,0.0
17.722,0.1103544682264328,-0.35915443301200867,-3.867796659469605,0.2009326815605164,-1.4789109230041504,0.0,0.0,0.04066492989659309,0.0,0.0
17.736,0.07174041122198105,-0.32698753476142883,15.993431091308594,0.1829238086938858,-1.2266972064971924,0.0,0.0,0.13101965188980105,0.0,0.0
17.749,0.06250784546136856,-0.1771981716156006,10.238713264465332,0.2205197364091873,-1.0527539253234863,0.0,0.0,0.1387883573770523,0.0,0.0
17.762,0.06313572824001312,-0.12919211387634277,-3.0259027481079106,0.2675005793571472,-1.0643374919891355,0.0,0.0,0.1387883573770523,0.0,0.0
17.776,0.06460367143154144,-0.1134405955672264,-6.4371585845947275,0.2744580805301666,-1.098180055618286,0.0,0.0,0.1275785267353058,0.0,0.0
17.789,0.042958516627550125,-0.1707538664340973,-11.233397483825684,0.2501293122768402,-1.114389419555664,0.0,0.0,0.10759806632995604,0.0,0.0
17.802,0.034909699112176895,-0.18664979934692383,-0.25505125522613525,0.18673644959926605,-1.0752885341644287,0.0,0.0,0.11404161155223846,0.0,0.0
17.816,0.062132444232702255,-0.19215254485607147,4.775089740753174,0.19275325536727905,-1.0702221393585205,0.0,0.0,0.12223684042692184,0.0,0.0
17.829,0.11694065481424332,-0.2101131230592728,-9.724455833435057,0.25227952003479004,-1.0548913478851318,0.0,0.0,0.12223684042692184,0.0,0.0
17.842,0.1531205177307129,-0.2275069355964661,-8.525464057922363,0.2968429625034332,-1.0654785633087158,0.0,0.0,0.13992254436016083,0.0,0.0
17.856,0.1124250590801239,-0.19676643610000608,1.2780591249465942,0.237400084733963,-1.0055336952209473,0.0,0.0,0.14514116942882538,0.0,0.0
17.869,0.059809595346450806,-0.14431285858154297,0.32944232225418085,0.1678246557712555,-1.0085686445236206,0.0,0.0,0.11743224412202836,0.0,0.0
17.882,0.012113065458834171,-0.08847956359386445,-4.111166954040527,0.09785674512386322,-1.0294506549835205,0.0,0.0,0.0480729341506958,0.0,0.0
17.896,-0.0048827663995325565,-0.02984355390071869,-9.282835006713869,0.035024721175432205,-1.1150476932525637,0.0,0.0,-0.05916809290647507,0.0,0.0
17.909,-0.02966397628188133,0.023302048444747925,-8.778139114379881,-0.0324636772274971,-1.2005808353424072,0.0,0.0,-0.13023993372917175,0.0,0.0
17.922,-0.041530143469572074,-0.09420329332351683,-3.1765692234039307,-0.08959093689918518,-1.0893359184265137,0.0,0.0,-0.172302708029747,0.0,0.0
17.936,-0.04970923438668251,-0.12803885340690613,-4.3470001220703125,-0.09869939833879472,-1.0833187103271484,0.0,0.0,-0.32926326990127563,0.0,0.0
17.949,-0.05120864138007164,-0.1957671344280243,-8.296069145202637,-0.12496780604124068,-1.1001436710357666,0.0,0.0,-0.518356204032898,0.0,0.0
17.962,-0.06395069509744644,-0.25780704617500305,-23.078128814697266,-0.17556710541248322,-1.1673507690429688,0.0,0.0,-0.6421341896057129,0.0,0.0
17.976,-0.07250291854143143,-0.25806313753128046,9.006522178649902,-0.1660999059677124,-1.169180989265442,0.0,0.0,-0.6421341896057129,0.0,0.0
17.989,-0.03169868141412735,-0.25475528836250305,-9.016620635986328,-0.16725116968154907,-1.215923309326172,0.0,0.0,-0.7627825736999511,0.0,0.0
18.002,-0.0061913076788187036,-0.34444338083267206,-10.477577209472656,-0.11995557695627213,-1.245820164680481,0.0,0.0,-0.9166109561920166,0.0,0.0
18.017,0.02007157914340496,-0.388918936252594,6.146111965179443,-0.06932498514652252,-1.2286568880081177,0.0,0.0,-0.9320378303527832,0.0,0.0
18.029,-0.004698724951595068,-0.42015498876571655,-3.251203775405884,-0.0839497372508049,-1.141539454460144,0.0,0.0,-0.9320378303527832,0.0,0.0
18.042,-0.031254325062036514,-0.34226047992706293,-2.238920211791992,-0.09684140235185625,-0.9997390508651731,0.0,0.0,-0.9805290699005128,0.0,0.0
18.056,-0.020704224705696102,-0.26576536893844604,-2.354241847991944,-0.06978268176317215,-0.9972445964813232,0.0,0.0,-1.0086987018585205,0.0,0.0
18.069,-0.0111249266192317,-0.15360450744628906,-1.8419981002807615,-0.027167683467268944,-1.0636935234069824,0.0,0.0,-1.0755242109298706,0.0,0.0
18.082,-0.024238225072622296,-0.02580691874027252,-16.017873764038086,-0.02865833230316639,-1.1520931720733645,0.0,0.0,-1.15559983253479,0.0,0.0
18.096,-0.0836775004863739,0.035022735595703125,-9.977535247802734,-0.09784388542175293,-1.2600101232528689,0.0,0.0,-1.2016391754150393,0.0,0.0
18.109,-0.13853062689304352,0.04374870657920837,-8.313381195068358,-0.1698209047317505,-1.356510043144226,0.0,0.0,-1.2722477912902832,0.0,0.0
18.122,-0.18590910732746124,0.0676698386669159,-8.99826145172119,-0.23416499793529513,-1.4427862167358398,0.0,0.0,-1.3973010778427124,0.0,0.0
18.136,-0.18636870384216309,0.06671559810638428,-2.3629322052001958,-0.22722920775413516,-1.4659452438354492,0.0,0.0,-1.5035985708236694,0.0,0.0
18.149,-0.14436198770999908,0.13889633119106293,-4.9289164543151855,-0.1772003024816513,-1.4997068643569946,0.0,0.0,-1.5388230085372925,0.0,0.0
18.162,-0.10313646495342256,0.17147196829319,2.6276350021362305,-0.12428240478038788,-1.4491227865219116,0.0,0.0,-1.5186684131622314,0.0,0.0
18.176,-0.09454351663589475,0.18867310881614685,-1.3659417629241943,-0.08007510006427765,-1.4267417192459106,0.0,0.0,-1.4469325542449951,0.0,0.0
18.189,-0.09670979529619217,0.2178934216499329,8.954376220703125,-0.04894742369651794,-1.3811675310134888,0.0,0.0,-1.3276045322418213,0.0,0.0
18.203,-0.143358513712883,0.24088323116302487,20.44156646728516,-0.044946324080228806,-1.153523325920105,0.0,0.0,-1.144799828529358,0.0,0.0
18.216,-0.19683142006397247,0.15014022588729858,1.6833633184432983,-0.046845626085996635,-0.9682590961456298,0.0,0.0,-1.0173873901367188,0.0,0.0
18.229,-0.18950533866882324,0.12999281287193298,8.31311321258545,-0.0013673735084012153,-0.87545907497406,0.0,0.0,-0.8672620058059692,0.0,0.0
18.243,-0.1844334900379181,0.1585928499698639,10.022127151489258,-0.018369147554039955,-0.6146237254142761,0.0,0.0,-0.7486095428466798,0.0,0.0
18.256,-0.1971922665834427,0.14512574672698977,9.240907669067383,-0.07015611231327057,-0.405501127243042,0.0,0.0,-0.645133376121521,0.0,0.0
18.269,-0.2147236913442612,0.13036003708839417,8.626752853393553,-0.12470819801092148,-0.22162948548793796,0.0,0.0,-0.5715309977531433,0.0,0.0
18.283,-0.2485029697418213,0.1492680311203003,0.1936733722686768,-0.17976531386375427,-0.0916113182902336,0.0,0.0,-0.5664482116699219,0.0,0.0
18.296,-0.2956961989402771,0.1526901125907898,-7.29092788696289,-0.22136667370796204,-0.023946538567543033,0.0,0.0,-0.6061619520187378,0.0,0.0
18.309,-0.3325451910495758,0.18480369448661804,-11.090292930603027,-0.24504399299621585,-0.02344343066215515,0.0,0.0,-0.6433967351913452,0.0,0.0
18.323,-0.3265054225921631,0.26972761750221247,-8.055187225341797,-0.23343735933303836,-0.1121576651930809,0.0,0.0,-0.6677290201187134,0.0,0.0
18.338,-0.3169044852256775,0.2677704691886902,-1.5096499919891355,-0.22798755764961243,-0.11601272970438004,0.0,0.0,-0.6677290201187134,0.0,0.0
18.349,-0.3592265248298645,0.23689427971839905,2.74251389503479,-0.2839007079601288,-0.13842642307281494,0.0,0.0,-0.6669080853462219,0.0,0.0
18.363,-0.3951833546161652,0.1243845522403717,5.817080974578857,-0.3426869809627533,-0.030826635658741,0.0,0.0,-0.6358437538146973,0.0,0.0
18.376,-0.4133358895778656,0.11956126987934113,-1.8361330032348635,-0.39781793951988226,-0.019690848886966705,0.0,0.0,-0.6699338555336,0.0,0.0
18.389,-0.455168753862381,0.11895731091499329,-0.782310962677002,-0.43668374419212336,-0.012269756756722929,0.0,0.0,-0.6699338555336,0.0,0.0
18.403,-0.41529133915901184,0.1739697307348251,-11.43326473236084,-0.3833857178688049,-0.05632983148097992,0.0,0.0,-0.6222185492515564,0.0,0.0
18.416,-0.37859764695167536,0.14608296751976013,6.150296211242676,-0.33507800102233887,-0.03517470508813858,0.0,0.0,-0.5240511298179626,0.0,0.0
18.43,-0.392509400844574,0.038599371910095215,0.8399158716201782,-0.3673270046710968,0.03247348964214325,0.0,0.0,-0.5240511298179626,0.0,0.0
18.443,-0.4094960391521454,-0.02326803281903267,5.528716564178467,-0.40735301375389094,0.13673636317253113,0.0,0.0,-0.43213051557540894,0.0,0.0
18.456,-0.4589690566062927,-0.048637982457876205,3.779451370239258,-0.46449577808380127,0.27585506439208984,0.0,0.0,-0.45437440276145935,0.0,0.0
18.469,-0.42247617244720453,-0.028412820771336555,3.767301082611084,-0.4304092824459076,0.3921102285385132,0.0,0.0,-0.4812942743301392,0.0,0.0
18.483,-0.4167834520339966,-0.019852690398693085,-0.06416290998458862,-0.3832359611988068,0.4015117883682251,0.0,0.0,-0.45359307527542114,0.0,0.0
18.496,-0.4681969285011292,-0.1945655941963196,1.1876351833343506,-0.4178067743778229,0.4198802709579468,0.0,0.0,-0.3906238079071045,0.0,0.0
18.509,-0.5186381936073303,-0.33924534916877747,1.494508981704712,-0.4551669955253601,0.4758515059947968,0.0,0.0,-0.3619137406349182,0.0,0.0
18.523,-0.49934375286102295,-0.2804870009422302,5.676224708557129,-0.4513208270072937,0.5539370775222777,0.0,0.0,-0.3413773775100708,0.0,0.0
18.536,-0.4880951344966888,-0.24876347184181213,-2.5182230472564697,-0.41871026158332825,0.6144142746925354,0.0,0.0,-0.3413773775100708,0.0,0.0
18.549,-0.4934265315532684,-0.2777414917945862,9.33485412597656,-0.4081080555915833,0.6881098747253418,0.0,0.0,-0.30566686391830444,0.0,0.0
18.563,-0.5194782614707947,-0.4035801887512207,18.6005973815918,-0.43378701806068415,0.8122149705886842,0.0,0.0,-0.1901651471853256,0.0,0.0
18.576,-0.5459204912185669,-0.432255744934082,-3.525421619415283,-0.4554138779640198,0.8185970783233641,0.0,0.0,-0.11227330565452576,0.0,0.0
18.589,-0.5730862617492676,-0.45317137241363525,3.1786456108093266,-0.4736079573631287,0.855085253715515,0.0,0.0,-0.11227330565452576,0.0,0.0
18.603,-0.5315554141998291,-0.42057222127914423,0.5017295479774475,-0.4429023563861847,0.9503599405288696,0.0,0.0,-0.014027108438313007,0.0,0.0
18.616,-0.514206051826477,-0.3395936191082001,0.585435688495636,-0.4177981615066528,0.9564124941825866,0.0,0.0,-0.05963791906833649,0.0,0.0
18.629,-0.4941891431808472,-0.3084794580936432,-0.10383166372776031,-0.40751126408576965,0.9420890212059021,0.0,0.0,-0.05963791906833649,0.0,0.0
18.643,-0.5327073931694031,-0.3276907801628113,3.7648625373840328,-0.4287218451499939,0.9049134850502014,0.0,0.0,-0.11883574724197388,0.0,0.0
18.656,-0.5822079181671144,-0.4270834028720856,5.193147659301758,-0.46358722448349,0.84835946559906,0.0,0.0,-0.11690574884414671,0.0,0.0
18.669,-0.5749827027320862,-0.3438376188278198,-1.9363268613815308,-0.41322678327560425,0.8020441532135011,0.0,0.0,-0.09685929119586945,0.0,0.0
18.683,-0.5369598269462585,-0.3584665358066559,-0.38595980405807495,-0.3603135347366333,0.7670712471008301,0.0,0.0,-0.05720768123865128,0.0,0.0
18.696,-0.49459508061409,-0.2743539810180664,-7.210770130157471,-0.30372440814971924,0.783694863319397,0.0,0.0,-0.005188776180148125,0.0,0.0
18.709,-0.5057725310325624,-0.2537290453910828,-3.252640008926392,-0.3497333824634552,0.8087716102600098,0.0,0.0,0.03685048595070839,0.0,0.0
18.723,-0.5023643374443054,-0.1957794427871704,-5.7274370193481445,-0.3678808510303497,0.7638129591941833,0.0,0.0,0.040982380509376526,0.0,0.0
18.736,-0.5232186913490297,-0.1804064214229584,1.523370623588562,-0.3896425068378449,0.7366540431976318,0.0,0.0,0.040982380509376526,0.0,0.0
18.749,-0.5592156052589417,-0.21709176898002625,0.028386712074279785,-0.422319233417511,0.6648579239845276,0.0,0.0,0.04201103001832961,0.0,0.0
18.763,-0.6000462770462036,-0.2543497681617737,3.36001205444336,-0.4466921985149384,0.5431056022644043,0.0,0.0,0.1425548642873764,0.0,0.0
18.776,-0.6182118654251099,-0.31916821002960205,5.125227451324463,-0.4744043350219727,0.5507662892341614,0.0,0.0,0.17626091837882996,0.0,0.0
18.789,-0.6341291666030884,-0.3798479437828064,0.3826238214969635,-0.48058247566223145,0.5407882928848267,0.0,0.0,0.17626091837882996,0.0,0.0
18.803,-0.6014645099639893,-0.40248665213584894,11.36581325531006,-0.42328381538391113,0.7109216451644897,0.0,0.0,0.329608678817749,0.0,0.0
18.816,-0.5722954273223877,-0.4479548633098602,8.92241096496582,-0.3622224628925324,0.8877406120300293,0.0,0.0,0.3715367317199707,0.0,0.0
18.829,-0.535611629486084,-0.4601673185825348,1.5987708568572998,-0.30039811134338373,0.9762425422668456,0.0,0.0,0.44022223353385925,0.0,0.0
18.843,-0.5144600868225098,-0.4657701253890991,14.104811668395996,-0.23172391951084137,1.2085464000701904,0.0,0.0,0.5467299222946167,0.0,0.0
18.856,-0.4715628623962402,-0.4464147686958313,9.373551368713379,-0.16187790036201477,1.393824338912964,0.0,0.0,0.6525282859802246,0.0,0.0
18.869,-0.45141476392745966,-0.4568830728530884,16.71312141418457,-0.1090756058692932,1.5844591856002808,0.0,0.0,0.7907736301422118,0.0,0.0
18.883,-0.4645195007324218,-0.5273110270500183,16.772268295288086,-0.09004160761833192,1.808648943901062,0.0,0.0,0.9339914321899414,0.0,0.0
18.896,-0.4798234105110169,-0.6137413382530212,12.620074272155762,-0.07789556682109834,2.069396495819092,0.0,0.0,1.0649617910385132,0.0,0.0
18.909,-0.5031613111495972,-0.658682107925415,6.43884801864624,-0.09125977754592896,2.2676548957824707,0.0,0.0,1.263926982879639,0.0,0.0
18.923,-0.5446826219558716,-0.7079533338546753,22.173036575317383,-0.12299402058124542,2.553344249725342,0.0,0.0,1.5842242240905762,0.0,0.0
18.936,-0.5851154327392578,-0.6922144293785095,-2.031934261322021,-0.10658753663301468,2.614035129547119,0.0,0.0,1.5842242240905762,0.0,0.0
18.949,-0.5339702367782593,-0.7093513607978821,23.562883377075195,-0.03864941373467445,2.884331226348877,0.0,0.0,1.4336023330688477,0.0,0.0
18.963,-0.49394768476486206,-0.6092200875282288,28.803884506225582,0.03053773008286953,3.119389533996582,0.0,0.0,1.702328324317932,0.0,0.0
18.976,-0.45329102873802185,-0.5954016447067261,-11.283002853393556,0.099296435713768,3.0756967067718506,0.0,0.0,1.9070738554000852,0.0,0.0
18.989,-0.4161076545715332,-0.5850246548652649,7.626450061798095,0.15910038352012634,3.0984325408935547,0.0,0.0,1.9070738554000852,0.0,0.0
19.003,-0.3685323596000672,-0.5555580854415894,18.271114349365234,0.21290604770183563,3.2100062370300293,0.0,0.0,2.059880495071411,0.0,0.0
19.016,-0.35624539852142334,-0.5279289484024048,4.11451292037964,0.18781404197216037,3.2838959693908687,0.0,0.0,2.111932277679444,0.0,0.0
19.029,-0.37211263179779047,-0.517194390296936,-0.08689016103744505,0.148202583193779,3.420197010040283,0.0,0.0,2.120147705078125,0.0,0.0
19.043,-0.37743285298347473,-0.4246351420879364,9.882893562316895,0.1205139458179474,3.487578630447388,0.0,0.0,2.075371265411377,0.0,0.0
19.056,-0.34483587741851807,-0.35212993621826166,-2.3385822772979736,0.14277179539203644,3.408806085586548,0.0,0.0,1.9947335720062256,0.0,0.0
19.069,-0.3820502758026123,-0.25095099210739136,-10.71084690093994,0.0913577750325203,3.1756062507629395,0.0,0.0,1.8835546970367432,0.0,0.0
19.083,-0.39378207921981806,-0.22384145855903623,-12.07587718963623,0.07119498401880264,2.9437384605407715,0.0,0.0,1.7539269924163818,0.0,0.0
19.096,-0.40641137957572937,-0.23765829205513,-11.326923370361328,0.03222285583615303,2.6809239387512207,0.0,0.0,1.616414189338684,0.0,0.0
19.109,-0.39425981044769287,-0.2681759893894196,-8.958456993103027,0.020782282575964928,2.462716579437256,0.0,0.0,1.4976561069488523,0.0,0.0
19.123,-0.401689887046814,-0.2625322937965393,-23.28329467773437,-0.02294164150953293,1.9257757663726809,0.0,0.0,1.26452374458313,0.0,0.0
19.136,-0.4195203483104706,-0.267933189868927,10.051399230957031,-0.0698607936501503,1.9255018234252927,0.0,0.0,1.26452374458313,0.0,0.0
19.149,-0.44998565316200256,-0.2556576430797577,-15.426259994506836,-0.11906756460666656,1.6702208518981934,0.0,0.0,1.1134508848190308,0.0,0.0
19.163,-0.4191370606422424,-0.2668139636516571,-22.28076171875,-0.04965371266007424,1.2396748065948486,0.0,0.0,0.8161416053771972,0.0,0.0
19.176,-0.3844326138496399,-0.2669592499732971,-1.476144790649414,0.016057472676038742,1.0467896461486816,0.0,0.0,0.7204535007476808,0.0,0.0
19.189,-0.33529976010322565,-0.30712711811065674,4.840528964996338,0.07994630187749863,1.044417381286621,0.0,0.0,0.7204535007476808,0.0,0.0
19.203,-0.2854413688182831,-0.2921668291091919,0.7675565481185913,0.1311771422624588,0.8686953783035278,0.0,0.0,0.6047109961509705,0.0,0.0
19.216,-0.2308146208524704,-0.30230575799942017,-0.4135966300964356,0.19320701062679288,0.8416510224342345,0.0,0.0,0.5805662870407104,0.0,0.0
19.229,-0.18002213537693024,-0.3637036383152008,4.262262344360352,0.2552039623260498,0.8182229995727539,0.0,0.0,0.5668084621429443,0.0,0.0
19.243,-0.1261073648929596,-0.5108113884925841,5.390931606292725,0.31716519594192505,0.764417827129364,0.0,0.0,0.5527137517929077,0.0,0.0
19.256,-0.13701464235782623,-0.5453312993049622,-3.042451858520508,0.3156737685203552,0.7367727756500243,0.0,0.0,0.5488777160644531,0.0,0.0
19.269,-0.08242489397525787,-0.5613971948623657,-0.37686824798583984,0.3620023429393768,0.7113357782363892,0.0,0.0,0.5645986795425415,0.0,0.0
19.283,-0.05831046029925346,-0.51091468334198,4.628634452819824,0.40108561515808105,0.7015931010246277,0.0,0.0,0.5831287503242493,0.0,0.0
19.296,-0.041289333254098885,-0.4402846097946167,4.283469676971436,0.43275719881057734,0.6836529970169067,0.0,0.0,0.6029223799705505,0.0,0.0
19.309,-0.02928797528147697,-0.4048992395401001,3.215977430343628,0.44618964195251465,0.6323399543762207,0.0,0.0,0.6205436587333679,0.0,0.0
19.323,-0.06186662986874581,-0.3935810923576355,-5.801890850067139,0.43691155314445496,0.5250294208526611,0.0,0.0,0.620944619178772,0.0,0.0
19.336,-0.056896716356277466,-0.40247827768325806,6.536494255065918,0.4319789409637451,0.4858989715576172,0.0,0.0,0.599308967590332,0.0,0.0
19.349,-0.041092030704021454,-0.39853495359420776,-8.557113647460938,0.40521878004074097,0.40957963466644287,0.0,0.0,0.5496996641159058,0.0,0.0
19.363,-0.017359495162963867,-0.18798413872718808,-14.603599548339844,0.39564856886863703,0.09225370734930038,0.0,0.0,0.42301183938980097,0.0,0.0
19.376,-0.03222605958580971,-0.17441214621067047,4.364651203155518,0.3776542842388153,0.11319056898355484,0.0,0.0,0.42301183938980097,0.0,0.0
19.389,-0.0357915572822094,-0.13935069739818573,-5.024014472961426,0.3865540623664856,-0.06807591021060944,0.0,0.0,0.396783709526062,0.0,0.0
19.403,-0.02545889839529991,-0.182145357131958,-12.430426597595217,0.3870331645011902,-0.3316742777824402,0.0,0.0,0.30863773822784424,0.0,0.0
19.416,0.015369596891105177,-0.16460996866226196,-10.819311141967772,0.3850497007369995,-0.5298916101455688,0.0,0.0,0.2629495859146118,0.0,0.0
19.429,0.00156025483738631,-0.09969028830528259,-12.701415061950684,0.37341529130935674,-0.6780877709388733,0.0,0.0,0.22779886424541476,0.0,0.0
19.443,0.03993331640958785,-0.0033852308988571167,-7.533263206481933,0.406716912984848,-0.9191948175430298,0.0,0.0,0.17948347330093384,0.0,0.0
19.456,0.046449556946754456,0.08828784525394438,-3.789183378219605,0.45307835936546326,-1.059474229812622,0.0,0.0,0.12708580493927002,0.0,0.0
19.47,0.07219757139682771,0.09103561192750931,-10.144336700439451,0.4552285969257354,-1.2279622554779053,0.0,0.0,0.08531403541564941,0.0,0.0
19.483,0.0859927162528038,-0.010558366775512695,-9.131770133972168,0.5095665454864502,-1.3954299688339231,0.0,0.0,0.056506916880607605,0.0,0.0
19.496,0.08497394621372224,-0.08437246084213258,-7.745483875274657,0.5067676901817322,-1.4876461029052734,0.0,0.0,0.05117800831794738,0.0,0.0
19.509,0.12701469659805298,-0.1725897490978241,-0.013393163681030272,0.5439081192016602,-1.4921866655349731,0.0,0.0,0.07161172479391098,0.0,0.0
19.523,0.15052904188632965,-0.29312264919281006,5.090025901794434,0.553042471408844,-1.3977575302124023,0.0,0.0,0.12399515509605408,0.0,0.0
19.536,0.19647869467735288,-0.3351771831512451,-1.2612327337265017,0.5739325881004333,-1.3940573930740356,0.0,0.0,0.12399515509605408,0.0,0.0
19.549,0.24437522888183597,-0.379438430070877,3.147786855697632,0.617476224899292,-1.3760882616043093,0.0,0.0,0.142994225025177,0.0,0.0
19.563,0.25696468353271484,-0.25478219985961914,-4.835340976715088,0.6720629334449768,-1.3047248125076294,0.0,0.0,0.1934591680765152,0.0,0.0
19.576,0.20307856798172,-0.2068427801132202,1.9766047000885008,0.6581662893295288,-1.308595895767212,0.0,0.0,0.1934591680765152,0.0,0.0
19.589,0.15058621764183044,-0.12977969646453855,-3.812366724014282,0.5968132019042969,-1.297133445739746,0.0,0.0,0.23322926461696625,0.0,0.0
19.603,0.1693585067987442,0.07503946125507353,-4.980891227722168,0.6455981135368347,-1.319233775138855,0.0,0.0,0.2520878314971924,0.0,0.0
19.616,0.1958957016468048,0.09282195568084717,-1.6443103551864624,0.6958776116371155,-1.3532166481018066,0.0,0.0,0.23692461848258967,0.0,0.0
19.629,0.16662724316120148,0.1040615364909172,3.5413384437561035,0.6316643953323364,-1.3443446159362793,0.0,0.0,0.23692461848258967,0.0,0.0
19.643,0.16851501166820526,0.06628295779228209,-4.123046875,0.6066355705261232,-1.169005274772644,0.0,0.0,0.2436164766550064,0.0,0.0
19.656,0.19134363532066345,-0.03700406849384308,1.2817114591598513,0.6221746802330017,-0.9736946821212769,0.0,0.0,0.2650980353355408,0.0,0.0
19.67,0.17421577870845795,-0.1131785362958908,3.118492603302002,0.5872105360031128,-0.8599230051040649,0.0,0.0,0.2931402027606964,0.0,0.0
19.683,0.15544015169143677,-0.15493687987327576,5.0099616050720215,0.5395430326461792,-0.7186141014099121,0.0,0.0,0.33202752470970154,0.0,0.0
19.696,0.14329087734222412,-0.190299853682518,5.203601360321045,0.5039922595024109,-0.5990791320800781,0.0,0.0,0.36162021756172175,0.0,0.0
19.709,0.1979694366455078,-0.20672625303268435,4.333041667938232,0.5436163544654846,-0.5246481895446777,0.0,0.0,0.3559940457344055,0.0,0.0
19.723,0.16228187084197998,-0.18584275245666504,3.469322204589844,0.49572893977165217,-0.4705694913864136,0.0,0.0,0.33532270789146423,0.0,0.0
19.736,0.12484852224588394,-0.16480740904808044,-5.866711616516112,0.44546604156494146,-0.449342668056488,0.0,0.0,0.314434289932251,0.0,0.0
19.749,0.1286252737045288,-0.24454191327095032,-4.666985511779785,0.4463686048984528,-0.5238760113716125,0.0,0.0,0.29180377721786493,0.0,0.0
19.763,0.10440929234027864,-0.23633357882499692,-4.479259967803955,0.40598234534263605,-0.6274548768997192,0.0,0.0,0.2042933851480484,0.0,0.0
19.776,0.053049370646476746,-0.20051616430282596,-1.3966385126113892,0.3467729985713959,-0.7130794525146484,0.0,0.0,0.2042933851480484,0.0,0.0
19.789,0.03807442635297775,-0.1625674068927765,-1.211298942565918,0.2836073935031891,-0.7710683345794677,0.0,0.0,0.109385684132576,0.0,0.0
19.803,0.03767527267336845,-0.18531179428100583,-14.761659622192385,0.2504994571208954,-0.8400019407272339,0.0,0.0,-0.004562627524137497,0.0,0.0
19.816,0.03152860701084137,-0.19208782911300656,7.990674972534179,0.19977247714996335,-0.800341248512268,0.0,0.0,-0.008274840191006659,0.0,0.0
19.829,0.07165991514921188,-0.23143973946571353,-5.3851566314697275,0.2450038492679596,-0.7932395935058595,0.0,0.0,-0.03072241321206093,0.0,0.0
19.843,0.10655570030212402,-0.19756190478801727,-7.106677055358888,0.2484513372182846,-0.8675920963287354,0.0,0.0,-0.10114925354719162,0.0,0.0
19.856,0.11901440471410751,-0.17310994863510132,-5.859922885894776,0.26892608404159546,-0.980736494064331,0.0,0.0,-0.20336550474166873,0.0,0.0
19.869,0.08535494655370712,-0.21630135178565976,-1.7285070419311523,0.243879035115242,-1.038618087768555,0.0,0.0,-0.29248791933059687,0.0,0.0
19.883,0.05374053865671158,-0.2928052842617035,7.211359024047852,0.2186734825372696,-0.9404362440109253,0.0,0.0,-0.33723831176757807,0.0,0.0
19.896,0.05672032758593559,-0.3323042392730713,9.843579292297363,0.20866130292415616,-0.7497254610061644,0.0,0.0,-0.33544856309890747,0.0,0.0
19.909,0.08105380088090897,-0.2923142910003662,5.516067981719971,0.21988587081432345,-0.5894323587417603,0.0,0.0,-0.30338314175605774,0.0,0.0
19.923,0.11588209867477416,-0.19402927160263064,3.608808279037476,0.2609332203865052,-0.48906528949737543,0.0,0.0,-0.28335103392601013,0.0,0.0
19.939,0.14766263961791992,-0.12476898729801178,-3.1537039279937744,0.3088428378105164,-0.4490598738193512,0.0,0.0,-0.28335103392601013,0.0,0.0
19.952,0.1565728485584259,-0.10718683898448944,0.4371095299720764,0.35171499848365784,-0.38206022977828974,0.0,0.0,-0.3057982921600342,0.0,0.0
19.964,0.16684210300445557,-0.11630063503980637,-0.7829323410987854,0.39795765280723566,-0.29069948196411133,0.0,0.0,-0.3178604245185852,0.0,0.0
19.977,0.17685467004776,-0.028606764972209927,6.082094192504883,0.4394979476928711,-0.06999582052230835,0.0,0.0,-0.26251095533370966,0.0,0.0
19.991,0.17862507700920105,-0.018739335238933563,3.07185173034668,0.4765624701976776,-0.026009261608123776,0.0,0.0,-0.26251095533370966,0.0,0.0
20.004,0.16805143654346466,0.058474939316511154,-3.423886299133301,0.43418982625007624,0.006460923701524735,0.0,0.0,-0.22716593742370603,0.0,0.0
20.017,0.15547429025173187,0.20470651984214783,-1.6976850032806396,0.4229390025138855,0.03696304187178612,0.0,0.0,-0.24801564216613767,0.0,0.0
20.031,0.11387807875871658,0.20304283499717712,-2.747963190078736,0.37868842482566833,0.032320283353328705,0.0,0.0,-0.2611685395240784,0.0,0.0
20.044,0.09210524708032608,0.20512938499450684,2.4973990917205806,0.35097989439964294,0.03808528557419777,0.0,0.0,-0.2611685395240784,0.0,0.0
20.057,0.08557409048080444,0.15521223843097687,-1.6687580347061155,0.34083065390586853,0.11726474761962892,0.0,0.0,-0.27215439081192017,0.0,0.0
20.072,0.07100360840559006,0.16983488202095032,3.925889253616333,0.31497031450271606,0.18484368920326236,0.0,0.0,-0.29789865016937256,0.0,0.0
20.084,0.05583493411540985,0.16190171241760254,1.71735417842865,0.27515316009521484,0.26421427726745605,0.0,0.0,-0.32408344745635986,0.0,0.0
20.098,0.04344451427459717,0.1348600685596466,4.307777404785156,0.24012155830860135,0.3613460063934326,0.0,0.0,-0.32340243458747864,0.0,0.0
20.111,0.04653605446219444,0.1480434536933899,6.103703975677489,0.2205376774072647,0.43881049752235407,0.0,0.0,-0.291341632604599,0.0,0.0
20.125,0.09318849444389345,0.1879496276378632,2.6260590553283687,0.26675713062286377,0.5226590633392334,0.0,0.0,-0.2775654196739197,0.0,0.0
20.138,0.11752641201019288,0.2253182530403137,-6.587679862976073,0.2612077593803406,0.5385488867759705,0.0,0.0,-0.2950895428657532,0.0,0.0
20.151,0.09202846884727478,0.2239563763141632,0.14669838547706604,0.22607535123825076,0.5956687331199646,0.0,0.0,-0.2950895428657532,0.0,0.0
20.165,0.1006171926856041,0.20873379707336423,-8.465434074401854,0.22716784477233887,0.4978271722793579,0.0,0.0,-0.3085337579250336,0.0,0.0
20.178,0.05018490925431252,0.21350952982902527,-14.710984230041504,0.18389829993247983,0.3597765266895294,0.0,0.0,-0.4214400947093964,0.0,0.0
20.191,-0.0038512693718075752,0.24957489967346191,-1.5537248849868774,0.13453182578086853,0.28652212023735046,0.0,0.0,-0.49973613023757935,0.0,0.0
20.205,-0.038653653115034096,0.2851625084877014,0.9976565837860109,0.08452866971492766,0.26813217997550964,0.0,0.0,-0.49973613023757935,0.0,0.0
20.218,-0.07782567292451857,0.18290032446384433,-2.785581350326538,0.022591162472963333,0.1935107707977295,0.0,0.0,-0.6083952188491821,0.0,0.0
20.231,-0.03488914668560028,0.1767531931400299,-3.0691702365875244,0.06615333259105681,0.1878251880407333,0.0,0.0,-0.654936909675598,0.0,0.0
20.244,-0.021209795027971268,0.1731531023979187,-4.10526180267334,0.09705149382352829,0.2016407251358032,0.0,0.0,-0.6997526288032532,0.0,0.0
20.258,0.02356619574129581,0.1958831250667572,-1.8121663331985476,0.13126948475837708,0.21382048726081848,0.0,0.0,-0.7042223811149597,0.0,0.0
20.271,0.06483083963394165,0.1389307975769043,10.193937301635742,0.1756700575351715,0.21148771047592163,0.0,0.0,-0.656575083732605,0.0,0.0
20.285,0.07803098857402802,0.09159239381551743,12.853225708007812,0.23028764128685,0.25993162393569946,0.0,0.0,-0.5968708992004395,0.0,0.0
20.298,0.08960117399692534,0.06301908195018768,6.9460225105285645,0.29102852940559387,0.3385179936885834,0.0,0.0,-0.5578630566596985,0.0,0.0
20.311,0.04813772067427635,-0.003564044833183289,2.348417997360229,0.24441827833652496,0.3456113636493683,0.0,0.0,-0.5352854132652283,0.0,0.0
20.325,0.05524598434567452,-0.05359061807394028,1.3164695501327517,0.2796804904937744,0.28569623827934265,0.0,0.0,-0.50840163230896,0.0,0.0
20.338,0.06009863689541817,-0.11592699587345125,5.919883728027344,0.31203439831733704,0.34114652872085566,0.0,0.0,-0.4371793866157532,0.0,0.0
20.351,0.04331291094422341,-0.07035201042890549,-2.582993268966675,0.3224410116672516,0.4085352420806885,0.0,0.0,-0.4371793866157532,0.0,0.0
20.365,0.013844733126461506,-0.06084534898400307,-2.087188005447388,0.28883010149002075,0.4763011336326599,0.0,0.0,-0.434799075126648,0.0,0.0
20.378,0.05266305431723595,-0.17904604971408844,5.311859607696533,0.32397058606147766,0.47575402259826655,0.0,0.0,-0.37036007642745966,0.0,0.0
20.391,0.08525341004133224,-0.2694692015647888,-1.8055390119552608,0.33467310667037964,0.46577560901641846,0.0,0.0,-0.2900788187980652,0.0,0.0
20.405,0.10244986414909364,-0.31530541181564326,-1.1708971261978147,0.3451194763183594,0.4475637674331665,0.0,0.0,-0.2900788187980652,0.0,0.0
20.418,0.09368792176246643,-0.37757205963134766,17.233125686645508,0.3506892323493957,0.5910987257957458,0.0,0.0,-0.14074648916721344,0.0,0.0
20.431,0.11859328299760818,-0.4090258479118347,6.868646621704102,0.3776263892650604,0.7497648000717163,0.0,0.0,-0.15554966032505035,0.0,0.0
20.445,0.12854410707950592,-0.4528344869613648,0.7940104007720947,0.3913878500461578,0.8049539327621459,0.0,0.0,-0.15554966032505035,0.0,0.0
20.458,0.09709689766168593,-0.44416859745979304,14.986490249633787,0.3637046217918396,0.868822693824768,0.0,0.0,-0.05960242077708244,0.0,0.0
20.471,0.062375422567129135,-0.43329876661300654,-0.09485520422458649,0.32958030700683594,0.8066319227218629,0.0,0.0,0.01355577167123556,0.0,0.0
20.485,0.05171060189604759,-0.5098404288291931,0.6432093381881714,0.29037535190582275,0.7940247058868408,0.0,0.0,0.06647975742816925,0.0,0.0
20.498,0.07521770894527435,-0.6017976999282837,-1.2896909713745115,0.3027009069919586,0.8330816626548766,0.0,0.0,0.046653665602207184,0.0,0.0
20.511,0.0755736604332924,-0.5698210597038269,-2.588894844055176,0.31532958149909973,0.7941163778305053,0.0,0.0,-0.007013925351202488,0.0,0.0
20.525,0.09151988476514816,-0.4822666347026825,-1.131744623184204,0.337138831615448,0.7243539094924928,0.0,0.0,-0.012548805214464664,0.0,0.0
20.538,0.1280142366886139,-0.4552911818027496,5.218514442443848,0.3914200663566589,0.7686297297477721,0.0,0.0,-0.0051262518391013145,0.0,0.0
20.551,0.1470833420753479,-0.4434021413326264,-3.616312742233277,0.4510914981365204,0.7911307215690612,0.0,0.0,-0.005163364112377168,0.0,0.0
20.564,0.16686223447322843,-0.45829486846923834,1.0025001764297483,0.49140539765357966,0.8410909771919249,0.0,0.0,-0.007545049302279949,0.0,0.0
20.578,0.17916196584701538,-0.5761796236038208,-0.881597399711609,0.47986382246017456,0.9027482867240906,0.0,0.0,0.02157006785273552,0.0,0.0
20.591,0.15605391561985016,-0.5944000482559204,-1.8889076709747317,0.42805761098861694,0.893415629863739,0.0,0.0,0.02157006785273552,0.0,0.0
20.605,0.12477697432041168,-0.6112848520278931,0.3594942390918732,0.37877947092056274,0.8662154674530029,0.0,0.0,0.018869414925575256,0.0,0.0
20.618,0.1038808524608612,-0.535524845123291,-11.54744815826416,0.3480237126350403,0.6118963956832886,0.0,0.0,0.01349030714482069,0.0,0.0
20.631,0.13969312608242035,-0.45016738772392273,-2.7472012042999268,0.39162638783454895,0.51414555311203,0.0,0.0,0.012830452993512154,0.0,0.0
20.645,0.18134263157844543,-0.4287070333957672,-1.8503564596176147,0.4387363791465759,0.47750651836395264,0.0,0.0,0.014947911724448204,0.0,0.0
20.658,0.20032832026481628,-0.3841411471366882,4.329078674316406,0.464487761259079,0.48481470346450806,0.0,0.0,0.02645162120461464,0.0,0.0
20.671,0.2012871205806732,-0.4778442978858948,10.43727970123291,0.48041895031929016,0.5922767519950867,0.0,0.0,0.05443381145596504,0.0,0.0
20.685,0.19376651942729953,-0.6752134561538696,5.732327461242676,0.42694270610809326,0.7345244884490967,0.0,0.0,0.04699617996811866,0.0,0.0
20.698,0.1845247596502304,-0.846766471862793,2.561706304550171,0.372092992067337,0.7723859548568724,0.0,0.0,-0.0019545238465070724,0.0,0.0
20.711,0.15696634352207184,-0.860893964767456,6.844411849975586,0.3208351731300354,0.792477011680603,0.0,0.0,-0.0023463303223252296,0.0,0.0
20.724,0.16809076070785522,-0.9055172204971312,3.8915386199951167,0.364814817905426,0.8802850842475891,0.0,0.0,0.030636772513389587,0.0,0.0
20.738,0.18763148784637448,-1.2033250331878662,12.407075881958008,0.4216597080230713,1.0897347927093506,0.0,0.0,0.08600228279829025,0.0,0.0
20.751,0.20472754538059235,-1.2060558795928955,-6.182864665985107,0.479798287153244,1.053081750869751,0.0,0.0,0.08600228279829025,0.0,0.0
20.765,0.22531349956989288,-1.2542233467102053,2.966659545898437,0.552110493183136,1.0808677673339844,0.0,0.0,0.11486994475126266,0.0,0.0
20.779,0.28008890151977534,-1.2444838285446167,-14.386760711669922,0.5630050897598267,0.976517617702484,0.0,0.0,0.13099205493927002,0.0,0.0
20.792,0.3152791559696197,-1.143715262413025,-5.543102264404297,0.5722485184669496,0.7093079090118408,0.0,0.0,0.11634869128465652,0.0,0.0
20.805,0.2862328588962555,-1.07837975025177,-3.257417678833008,0.5239783525466919,0.5934188365936279,0.0,0.0,0.08156131207942961,0.0,0.0
20.818,0.27216795086860657,-0.9357638955116272,9.173945426940918,0.5030099749565125,0.5403153896331787,0.0,0.0,0.025570472702383995,0.0,0.0
20.832,0.25285348296165466,-0.8878031969070433,9.502413749694824,0.500477135181427,0.5579400062561035,0.0,0.0,-0.06620877981185913,0.0,0.0
20.845,0.2928667664527893,-0.8480027914047241,-5.217182636260985,0.5571155548095703,0.5342065095901489,0.0,0.0,-0.15574833750724792,0.0,0.0
20.858,0.33951932191848755,-0.965033769607544,3.243137121200561,0.6198666095733643,0.8393542170524597,0.0,0.0,-0.04351695254445076,0.0,0.0
20.872,0.36521643400192255,-1.0414748191833496,-13.866166114807127,0.6371452212333679,0.7371217012405396,0.0,0.0,0.20656611025333405,0.0,0.0
20.885,0.3382238745689392,-1.0471631288528442,0.36270618438720703,0.6086214184761048,0.319924533367157,0.0,0.0,0.26226919889450073,0.0,0.0
20.898,0.338277667760849,-0.8557921648025512,10.156126022338867,0.6490159034729004,-0.0029362142086029053,0.0,0.0,0.2242940366268158,0.0,0.0
20.912,0.3540729582309723,-0.5637027025222777,10.033037185668944,0.7108192443847656,0.4301429390907288,0.0,0.0,0.3223944902420044,0.0,0.0
20.925,0.3828492760658264,-0.4546095728874207,6.082302093505859,0.7774097323417662,0.8806611299514769,0.0,0.0,0.4930015206336975,0.0,0.0
20.938,0.38391751050949097,-0.5628862977027893,9.081159591674803,0.7404299974441528,-0.07459920644760132,0.0,0.0,0.5515826940536499,0.0,0.0
20.952,0.40773585438728327,-0.5211095213890076,-5.908707618713378,0.7071616649627686,-0.0687551498413086,0.0,0.0,0.5515826940536499,0.0,0.0
20.965,0.4016782343387604,-0.4144881963729858,-23.6071891784668,0.6503416895866394,-0.07927533984184265,0.0,0.0,-0.06702704727649689,0.0,0.0
20.978,0.3956260085105896,-0.07992161810398102,-36.16415023803711,0.6237901449203491,-0.10479525476694108,0.0,0.0,0.3811003863811493,0.0,0.0
20.991,0.42099377512931824,-0.2104998230934143,27.306772232055664,0.6483776569366455,0.030352741479873657,0.0,0.0,1.3691228628158567,0.0,0.0
21.005,0.4456292390823364,-0.23958471417427063,-4.728456020355225,0.6713009476661682,0.031756579875946045,0.0,0.0,1.3691228628158567,0.0,0.0
21.018,0.4836348295211792,-0.5968711376190186,-1.6285344362258911,0.6812717318534851,0.22159653902053836,0.0,0.0,-0.5382217764854431,0.0,0.0
21.032,0.4964241981506348,-0.5852030515670776,-4.502222061157227,0.6915587186813354,-0.02612069249153137,0.0,0.0,0.16433334350585938,0.0,0.0
21.045,0.5012950301170349,-0.4605051577091217,0.10979622602462769,0.7315042018890382,-0.1868746429681778,0.0,0.0,0.7619969248771667,0.0,0.0
21.058,0.5120232105255127,-0.3289770483970642,-6.419907569885254,0.783447563648224,-0.2374041378498077,0.0,0.0,0.414923906326294,0.0,0.0
21.072,0.5269750952720642,-0.24332153797149655,-9.068108558654783,0.8338264822959901,-0.29707804322242737,0.0,0.0,0.12423114478588104,0.0,0.0
21.085,0.5295510292053223,-0.21479941904544833,-6.786045551300049,0.7867168784141539,-0.3209359049797058,0.0,0.0,0.16906695067882538,0.0,0.0
21.099,0.5231951475143433,-0.21587119996547696,-0.34781545400619507,0.7420857548713683,-0.24105569720268247,0.0,0.0,0.18642383813858032,0.0,0.0
21.112,0.5157613754272461,-0.1867802739143372,1.3217662572860718,0.7283607721328734,-0.1415262371301651,0.0,0.0,0.18642383813858032,0.0,0.0
21.125,0.515588104724884,-0.12517264485359192,-0.4341820180416107,0.6891201734542847,-0.1203221008181572,0.0,0.0,0.17527718842029572,0.0,0.0
21.138,0.5094279050827025,-0.1159369945526123,2.138388395309448,0.6342204213142395,-0.0910092294216156,0.0,0.0,0.185370072722435,0.0,0.0
21.152,0.5033542513847351,-0.13460171222686768,-3.4731554985046387,0.6238377094268799,-0.011572189629077911,0.0,0.0,0.12255530059337616,0.0,0.0
21.165,0.5094504952430725,-0.16553311049938202,0.33959448337554926,0.6297715306282043,0.08314377069473265,0.0,0.0,0.11264009773731232,0.0,0.0
21.178,0.5202265977859497,-0.2385641485452652,-6.389312267303467,0.6781587600708008,0.1165344938635826,0.0,0.0,0.13625311851501465,0.0,0.0
21.192,0.5308065414428711,-0.23003971576690677,0.2736110091209412,0.7297312617301941,0.10851097106933594,0.0,0.0,0.09745886176824568,0.0,0.0
21.205,0.5398607850074768,-0.22440573573112488,1.602008581161499,0.7330405712127684,0.0988323539495468,0.0,0.0,0.09745886176824568,0.0,0.0
21.218,0.5418208241462708,-0.14693734049797058,-3.1221761703491206,0.7828369140625,-0.008820543065667152,0.0,0.0,0.09465828537940979,0.0,0.0
21.232,0.5411639213562012,-0.08387982100248335,-3.593549966812134,0.7451689839363098,-0.11480159312486649,0.0,0.0,0.10642799735069276,0.0,0.0
21.245,0.5079200267791748,-0.07756674289703369,-0.10541249066591264,0.6981409192085266,-0.13286510109901428,0.0,0.0,0.10642799735069276,0.0,0.0
21.258,0.498178780078888,-0.07558278739452362,2.785820960998535,0.6912935376167297,-0.1826614737510681,0.0,0.0,0.09840534627437592,0.0,0.0
21.272,0.49132123589515686,-0.0943668931722641,2.1673634052276607,0.6352104544639587,-0.15844862163066864,0.0,0.0,0.10159796476364136,0.0,0.0
21.285,0.48423966765403753,-0.13166444003582,1.7441924810409546,0.6314166784286499,-0.11781409382820128,0.0,0.0,0.1481499969959259,0.0,0.0
21.298,0.4802166223526001,-0.15580862760543823,3.9458870887756343,0.6216487288475037,-0.05156424641609192,0.0,0.0,0.0665573701262474,0.0,0.0
21.312,0.503547728061676,-0.14136862754821777,-1.5931315422058103,0.620369017124176,-0.022249648347496983,0.0,0.0,0.07413648813962936,0.0,0.0
21.325,0.5142074227333069,-0.12165580689907074,-4.376420974731444,0.6704608201980591,-0.03685273975133896,0.0,0.0,0.10019060969352722,0.0,0.0
21.338,0.5390875339508057,-0.09251664578914641,-5.612713813781737,0.7252501845359801,-0.07095103710889816,0.0,0.0,0.05838625505566597,0.0,0.0
21.352,0.5261107087135315,-0.065259650349617,1.384329915046692,0.6850342154502869,-0.0856478214263916,0.0,0.0,0.05838625505566597,0.0,0.0
21.365,0.4999544620513916,-0.04939674958586693,-1.0949406623840332,0.6637082695961,-0.08533217757940291,0.0,0.0,0.06944461911916733,0.0,0.0
21.378,0.49465373158454895,-0.007353359833359718,-0.873393476009369,0.6206259727478027,-0.034434638917446136,0.0,0.0,0.08524429798126221,0.0,0.0
21.392,0.4931853711605072,0.029626730829477314,-0.5450937151908875,0.577329158782959,0.02816692739725113,0.0,0.0,0.04347199946641921,0.0,0.0
21.405,0.5287314057350159,0.041964828968048096,3.3129329681396484,0.6205305457115173,0.04899059981107712,0.0,0.0,0.04347199946641921,0.0,0.0
21.418,0.5379976034164429,0.052458234131336205,-6.300045013427734,0.6164536476135254,0.12400329858064651,0.0,0.0,0.036409389227628715,0.0,0.0
21.432,0.5321263670921326,0.08679863810539244,-1.8213250637054443,0.6278437972068787,0.14816242456436157,0.0,0.0,0.0286799855530262,0.0,0.0
21.445,0.5365258455276489,0.09847939014434814,-3.919031143188477,0.6432417631149292,0.17932802438735962,0.0,0.0,0.008776255883276463,0.0,0.0
21.458,0.5400751233100891,0.07453686743974684,0.8829049468040465,0.6855278611183168,0.19367551803588867,0.0,0.0,0.005613810382783413,0.0,0.0
21.472,0.5469512939453125,0.09517498314380643,1.967116355895996,0.7325437664985656,0.17583677172660828,0.0,0.0,0.005988741293549538,0.0,0.0
21.485,0.5154510140419006,0.16642138361930847,-0.2709159553050995,0.691360354423523,0.14119195938110352,0.0,0.0,-0.0011067090090364218,0.0,0.0
21.498,0.4813871383666992,0.1809111684560776,5.566136837005615,0.6479660868644713,0.14854378998279572,0.0,0.0,-0.005578840151429176,0.0,0.0
21.512,0.4946177303791046,0.1016908884048462,2.4979841709136963,0.6895567178726196,0.1645888388156891,0.0,0.0,-0.0031350925564765926,0.0,0.0
21.525,0.49411296844482416,0.05824347957968712,0.5346438884735107,0.7213199734687805,0.17652976512908936,0.0,0.0,-0.0006671409355476499,0.0,0.0
21.538,0.5148532986640929,0.07353161275386809,-5.540050983428955,0.7417823672294616,0.08683890104293822,0.0,0.0,-0.0021013307850807905,0.0,0.0
21.552,0.5016017556190491,0.16160281002521515,-8.198505401611328,0.7195927500724792,0.07638945430517197,0.0,0.0,-0.0021013307850807905,0.0,0.0
21.565,0.5368664860725403,0.22503539919853208,-2.929342269897461,0.7304195165634155,0.053905799984931946,0.0,0.0,-0.002242716960608959,0.0,0.0
21.578,0.516776442527771,0.03872918337583542,14.131446838378906,0.705457866191864,0.03670938313007355,0.0,0.0,-0.003652587300166488,0.0,0.0
21.592,0.5259672999382019,-0.0888960212469101,8.048100471496582,0.7402812242507935,0.01684429869055748,0.0,0.0,0.0005928042810410261,0.0,0.0
21.605,0.5301486849784851,-0.09485165774822236,-5.731945991516112,0.7359415292739869,0.0036468636244535446,0.0,0.0,0.0026644538156688213,0.0,0.0
21.618,0.5345271825790405,-0.1108340173959732,-3.0698435306549072,0.7856780290603637,-0.15653236210346222,0.0,0.0,-0.0005429628072306514,0.0,0.0
21.632,0.510128915309906,-0.098433256149292,-2.580846309661865,0.7885177731513977,-0.22789451479911804,0.0,0.0,-0.012098404578864574,0.0,0.0
21.645,0.4850164651870728,-0.09203138947486877,0.8322871923446654,0.7329133152961731,-0.2345938980579376,0.0,0.0,-0.03465302288532257,0.0,0.0
21.658,0.4795796275138855,0.025215569883584976,-0.5348142981529236,0.6810017824172974,-0.1990595757961273,0.0,0.0,-0.05711370334029198,0.0,0.0
21.672,0.4794650673866272,0.043517518788576126,0.7256319522857666,0.6864202618598938,-0.1568305343389511,0.0,0.0,-0.07222893089056015,0.0,0.0
21.685,0.5143019556999208,0.0056199124082922935,-0.02670027315616608,0.6754291653633118,-0.13917334377765656,0.0,0.0,-0.08619041740894316,0.0,0.0
21.698,0.5156974196434021,-0.017070334404706955,-3.8122990131378174,0.7262437343597411,-0.1467248797416687,0.0,0.0,-0.09391947090625763,0.0,0.0
21.712,0.51833176612854,-0.0019297637045383451,-2.818202257156372,0.7735987305641174,-0.1653897911310196,0.0,0.0,-0.09368333965539932,0.0,0.0
21.725,0.5066245794296265,0.0352286770939827,-1.2916953563690186,0.7582532167434691,-0.19054153561592105,0.0,0.0,-0.09458208084106445,0.0,0.0
21.738,0.4872159063816071,0.0685369223356247,0.4353415071964264,0.7063955664634705,-0.19679503142833712,0.0,0.0,-0.08606454730033873,0.0,0.0
21.752,0.482411503791809,0.07736138999462126,5.25886869430542,0.7065736055374146,-0.18208678066730496,0.0,0.0,-0.08971928805112839,0.0,0.0
21.765,0.47022578120231623,0.05200594663619995,2.759553909301758,0.6568750739097595,-0.1410304754972458,0.0,0.0,-0.08971928805112839,0.0,0.0
21.778,0.49250683188438416,0.03803582489490509,4.071110725402832,0.6962907910346985,-0.10672073066234589,0.0,0.0,-0.07376770675182343,0.0,0.0
21.792,0.5331910252571106,0.07621843367815018,-5.033137321472168,0.7130429148674011,-0.10357048362493516,0.0,0.0,-0.05785046145319939,0.0,0.0
21.805,0.4979547560214996,0.07433558255434035,0.6639196276664734,0.6956371068954468,-0.10350330173969267,0.0,0.0,-0.05785046145319939,0.0,0.0
21.818,0.5112171173095703,0.06964558362960815,-3.4380028247833248,0.6914909482002257,-0.07636703550815582,0.0,0.0,-0.04846096783876419,0.0,0.0
21.832,0.4942976832389832,0.05030985176563263,2.0946507453918457,0.7102967500686646,-0.07222539186477661,0.0,0.0,-0.044624250382184975,0.0,0.0
21.845,0.506089448928833,0.07135852426290512,-2.3261089324951167,0.691448986530304,-0.09664760529994963,0.0,0.0,-0.045149974524974816,0.0,0.0
21.858,0.48679843544960016,0.09995415806770323,-0.8633986115455627,0.6900679469108582,-0.13290482759475708,0.0,0.0,-0.04770570993423462,0.0,0.0
21.872,0.4510429501533508,0.10921105742454527,2.1622560024261475,0.6470181941986084,-0.13662247359752655,0.0,0.0,-0.05170267820358277,0.0,0.0
21.885,0.4413445889949799,0.10338394343852995,3.835836410522461,0.6490583419799805,-0.09282915294170381,0.0,0.0,-0.056168027222156525,0.0,0.0
21.898,0.44549429416656494,0.0998295843601227,1.1406300067901611,0.6071351766586304,-0.047522999346256256,0.0,0.0,-0.06153566390275955,0.0,0.0
21.912,0.48404017090797424,0.10539355874061584,-0.2104762941598892,0.6531322598457336,-0.022124812006950375,0.0,0.0,-0.06406447291374207,0.0,0.0
21.925,0.48812112212181086,0.10627184063196182,-0.5251200795173645,0.6516707539558411,-0.013815417885780334,0.0,0.0,-0.06001817062497139,0.0,0.0
21.938,0.490454226732254,0.08272518217563629,-2.740192174911499,0.6982464194297792,-0.02522268146276474,0.0,0.0,-0.04163675382733345,0.0,0.0
21.952,0.4869163036346436,0.050401903688907616,0.9811450242996218,0.6844831705093384,-0.05638272315263748,0.0,0.0,-0.04163675382733345,0.0,0.0
21.965,0.46438971161842346,0.059595465660095215,1.7138667106628418,0.7015589475631714,-0.08686313033103944,0.0,0.0,-0.025450006127357483,0.0,0.0
21.978,0.4619388282299042,0.11234568804502489,0.28365141153335566,0.6627230644226073,-0.12671664357185364,0.0,0.0,-0.01454023364931345,0.0,0.0
21.992,0.45754650235176086,0.10924523323774338,1.824818134307861,0.6390621662139893,-0.11865384131669998,0.0,0.0,-0.015910882502794266,0.0,0.0
22.005,0.45319116115570074,0.10929130017757416,-0.7433457374572755,0.6107197403907776,-0.11721393465995789,0.0,0.0,-0.015910882502794266,0.0,0.0
22.019,0.4451224207878113,0.08413524925708771,6.698555946350098,0.5619975924491881,-0.030649330466985703,0.0,0.0,-0.029157243669033047,0.0,0.0
22.032,0.4850143194198608,0.09496834129095075,-2.1550905704498287,0.6113557815551758,0.031435526907444,0.0,0.0,-0.03702910989522935,0.0,0.0
22.045,0.5264058709144592,0.1156809777021408,-3.876946926116944,0.6338481307029724,0.06374366581439972,0.0,0.0,-0.04123558476567269,0.0,0.0
22.058,0.5319694876670836,0.10951477289199828,-2.3175256252288814,0.6724978089332581,0.06311303377151489,0.0,0.0,-0.03587901592254639,0.0,0.0
22.073,0.5352992415428162,0.0837937295436859,-1.0073393583297727,0.7035900354385376,0.038056045770645135,0.0,0.0,-0.027073033154010773,0.0,0.0
22.085,0.4953483939170837,0.07233288884162903,-1.047799587249756,0.6672426462173462,0.002040752675384283,0.0,0.0,-0.0251948032528162,0.0,0.0
22.099,0.45634099841117853,0.07822893559932707,1.9888669252395632,0.638043999671936,-0.014380979351699352,0.0,0.0,-0.03228224813938141,0.0,0.0
22.112,0.4168241620063782,0.0925455763936043,2.0445713996887207,0.6129839420318604,-0.01842092536389828,0.0,0.0,-0.04319956898689271,0.0,0.0
22.125,0.45229896903038025,0.09851065278053284,3.851904392242432,0.6663028001785278,0.0024295086041092877,0.0,0.0,-0.046622417867183685,0.0,0.0
22.139,0.48824706673622126,0.08809236437082289,-2.1364872455596924,0.6730095148086548,-0.012640129774808884,0.0,0.0,-0.03279590979218483,0.0,0.0
22.152,0.5052136182785033,0.06758322566747665,-3.398547887802124,0.7121805548667908,-0.026201263070106503,0.0,0.0,-0.028574481606483456,0.0,0.0
22.166,0.5294309258461,0.06757543981075287,-0.005804790649563073,0.7167652845382689,-0.05718868970870972,0.0,0.0,-0.028574481606483456,0.0,0.0
22.179,0.5035659670829773,0.04533530026674271,-1.7774752378463743,0.6980903744697571,-0.10196787118911745,0.0,0.0,-0.03271172195672989,0.0,0.0
22.192,0.4946480989456177,0.04717164486646652,2.97698712348938,0.6477306485176086,-0.07583054155111314,0.0,0.0,-0.03408774733543396,0.0,0.0
22.205,0.46338832378387446,0.046114224940538406,-0.832347273826599,0.6456852555274963,-0.07587464153766632,0.0,0.0,-0.03408774733543396,0.0,0.0
22.219,0.45843151211738586,0.0350131057202816,3.7715528011322017,0.6036037802696228,-0.015168805606663229,0.0,0.0,-0.04072300717234612,0.0,0.0
22.232,0.5007108449935913,0.01936732605099678,-0.5569702982902527,0.6516585350036621,-0.010367993265390396,0.0,0.0,-0.04295639321208,0.0,0.0
22.245,0.5092638731002808,0.0173797644674778,-0.7576242089271545,0.6557082533836365,-0.012745009735226631,0.0,0.0,-0.03835673630237579,0.0,0.0
22.259,0.5037724375724792,0.028728533536195755,-1.1563949584960938,0.6852905750274657,-0.047998964786529534,0.0,0.0,-0.031764797866344445,0.0,0.0
22.272,0.46587422490119934,0.04271646589040756,-1.0254085063934326,0.6357940435409546,-0.06362464278936386,0.0,0.0,-0.03036793135106564,0.0,0.0
22.285,0.43237224221229553,0.0464998297393322,1.6666858196258545,0.6188097596168518,-0.04718896746635437,0.0,0.0,-0.03000071831047535,0.0,0.0
22.299,0.45758137106895447,0.03920123726129532,1.7052254676818848,0.6549361944198608,-0.021973973140120503,0.0,0.0,-0.018196985125541687,0.0,0.0
22.312,0.49206030368804926,0.03122299164533615,1.86418092250824,0.6582000851631165,-0.01567062735557556,0.0,0.0,-0.018196985125541687,0.0,0.0
22.326,0.5015213489532471,0.01628187671303749,-2.5003457069396973,0.668217658996582,-0.03393402695655823,0.0,0.0,-0.0027404334396123886,0.0,0.0
22.339,0.49782422184944153,0.019412571564316753,-0.4160019457340241,0.6496150493621825,-0.022395208477973935,0.0,0.0,0.01575184240937233,0.0,0.0
22.352,0.47570523619651794,0.025562770664691925,1.8318676948547363,0.6282628178596497,-0.006759319454431534,0.0,0.0,0.013550871983170508,0.0,0.0
22.365,0.4686860740184784,0.00690222904086113,-0.08191479742527008,0.6086107492446899,0.01136462390422821,0.0,0.0,0.013550871983170508,0.0,0.0
22.379,0.4720516800880432,-0.04498179629445076,1.3740410804748535,0.6202502846717834,0.024169737473130223,0.0,0.0,0.02300289459526539,0.0,0.0
22.392,0.45966109633445745,-0.03625582903623581,-0.5234097838401793,0.59527987241745,0.033695053309202194,0.0,0.0,0.02956347353756428,0.0,0.0
22.406,0.47663187980651855,-0.03567659482359886,0.9322226047515869,0.6209856867790222,0.052940025925636285,0.0,0.0,0.03029339015483856,0.0,0.0
22.419,0.4575927257537842,0.00776532245799899,0.24999696016311648,0.6237180233001709,0.0707312524318695,0.0,0.0,0.02880341187119484,0.0,0.0
22.432,0.4627811312675476,-0.017127489671111107,3.9371926784515376,0.6437992453575134,0.08192613720893861,0.0,0.0,0.0269858967512846,0.0,0.0
22.445,0.48365578055381775,-0.04397549107670784,-0.10366402566432951,0.6766370534896851,0.07730728387832642,0.0,0.0,0.031204290688037872,0.0,0.0
22.459,0.4847310781478882,-0.04526657611131668,-2.4596171379089355,0.6626825928688049,0.05903381109237671,0.0,0.0,0.038292959332466125,0.0,0.0
22.472,0.4639888405799866,-0.0301629938185215,-2.7383649349212646,0.6514574885368347,0.04723674803972244,0.0,0.0,0.04122728854417801,0.0,0.0
22.485,0.4739700257778168,-0.022340744733810425,-0.5313671231269836,0.6715908050537108,0.03504064679145813,0.0,0.0,0.04251566529273986,0.0,0.0
22.499,0.45931887626647944,-0.02063737995922565,0.9598650932312013,0.6466895937919617,0.02075194381177425,0.0,0.0,0.031826317310333245,0.0,0.0
22.512,0.454367071390152,-0.021405115723609924,-0.389508992433548,0.619741678237915,0.019636809825897217,0.0,0.0,0.031826317310333245,0.0,0.0
22.525,0.4520356059074402,-0.013374556787312033,0.7702464461326598,0.5963142514228821,0.04829889535903931,0.0,0.0,0.02330256998538971,0.0,0.0
22.542,0.4775470197200775,-0.016773102805018425,1.2824084758758545,0.6218252182006836,0.10386066138744354,0.0,0.0,0.008851855993270874,0.0,0.0
22.554,0.5162189602851868,-0.017329389229416847,-1.0423735380172727,0.66135174036026,0.09449188411235808,0.0,0.0,0.0070140245370566845,0.0,0.0
22.569,0.5251083374023438,-0.014380469918251038,-1.3433414697647097,0.671210527420044,0.09517928957939151,0.0,0.0,0.0070140245370566845,0.0,0.0
22.583,0.4969623386859894,-0.023575641214847565,-2.2360174655914307,0.6587279438972473,0.060287609696388245,0.0,0.0,0.015823889523744583,0.0,0.0
22.596,0.45460885763168335,-0.018353112041950222,-0.07792431861162186,0.6380151510238647,0.06577235460281372,0.0,0.0,0.015504257753491402,0.0,0.0
22.609,0.45934253931045527,-0.01129213348031044,-0.5132492184638977,0.6578507423400879,0.07253032922744751,0.0,0.0,0.012875985354185104,0.0,0.0
22.622,0.45999637246131897,0.0017803004011511805,-1.8854742050170896,0.6358634829521179,0.07063630223274231,0.0,0.0,0.01091851107776165,0.0,0.0
22.636,0.49501967430114746,0.012088218703866003,-0.1313416212797165,0.6571565270423889,0.06864151358604431,0.0,0.0,0.011740176938474178,0.0,0.0
22.649,0.4679237306118012,0.031069362536072728,7.650363922119139,0.6468903422355652,0.09507068246603011,0.0,0.0,0.009810026735067368,0.0,0.0
22.662,0.4858063459396362,0.03657892346382141,-2.1195731163024902,0.6617772579193115,0.09868505597114563,0.0,0.0,0.012573568150401115,0.0,0.0
22.677,0.489141583442688,0.06584496796131134,1.924062728881836,0.6901082396507263,0.10370418429374696,0.0,0.0,0.012573568150401115,0.0,0.0
22.689,0.4709914028644562,-0.03717048093676567,-6.019291877746582,0.6495537757873535,0.08088459819555281,0.0,0.0,0.023165998980402943,0.0,0.0
22.703,0.5009591579437256,-0.04974202811717987,1.6889139413833618,0.7016443014144897,0.0694018006324768,0.0,0.0,0.02990167587995529,0.0,0.0
22.716,0.5064777135848999,-0.05402394384145737,-0.2560459077358246,0.6849832534790039,0.05625918135046959,0.0,0.0,0.03762506321072578,0.0,0.0
22.729,0.46976092457771296,-0.01922133006155491,6.040003776550293,0.6896815299987793,0.034521427005529404,0.0,0.0,0.04020204767584801,0.0,0.0
22.742,0.4348273575305938,0.0008001849055290222,-1.1936208009719849,0.6498668193817139,0.027941949665546417,0.0,0.0,0.03490708023309708,0.0,0.0
22.756,0.4257526397705078,0.014855464920401571,-1.3210626840591433,0.6531321406364441,0.04005918651819229,0.0,0.0,0.028183292597532272,0.0,0.0
22.769,0.45443660020828247,0.01952652633190155,-0.5888993740081787,0.6427867412567139,0.05476822331547737,0.0,0.0,0.023933470249176025,0.0,0.0
22.782,0.481326699256897,0.020065868273377415,-0.014843791723251345,0.692830502986908,0.053838469088077545,0.0,0.0,0.020582832396030423,0.0,0.0
22.796,0.5017508864402771,0.025887785479426384,-0.3113943934440613,0.7050105929374695,0.02650145255029201,0.0,0.0,0.01947048492729664,0.0,0.0
22.809,0.5175772309303284,0.04987649619579315,-1.9005576372146609,0.7170433402061462,-0.015398202463984488,0.0,0.0,0.02175026200711727,0.0,0.0
22.822,0.487964391708374,0.09371504187583923,-2.916027069091797,0.7009794712066649,-0.0468137226998806,0.0,0.0,0.024892449378967285,0.0,0.0
22.836,0.4589444398880005,0.1347890943288803,-1.5642688274383545,0.6778559684753418,-0.05495978891849518,0.0,0.0,0.02380084991455078,0.0,0.0
22.849,0.4568989276885986,0.15432636439800262,-1.1117805242538452,0.6874727606773376,-0.0498633086681366,0.0,0.0,0.017691293731331825,0.0,0.0
22.862,0.4535212218761444,0.15095053613185885,0.5085317492485046,0.6343043446540833,-0.05316253378987312,0.0,0.0,0.0074290675111115,0.0,0.0
22.876,0.4907749593257904,0.13459709286689758,1.486498475074768,0.6721377968788147,-0.050928458571434014,0.0,0.0,-0.005679362453520298,0.0,0.0
22.889,0.4875132143497467,0.12236487120389938,0.040286079049110406,0.6453545093536377,-0.04148222878575325,0.0,0.0,-0.011867834255099297,0.0,0.0
22.903,0.4651724100112915,0.14126402139663696,0.37645655870437617,0.6167479157447815,0.012151136994361876,0.0,0.0,-0.01277689915150404,0.0,0.0
22.916,0.4554494321346283,0.1537536978721619,1.4631454944610596,0.626128077507019,0.02953797206282616,0.0,0.0,-0.014008029364049436,0.0,0.0
22.929,0.46788346767425537,0.15582238137722015,-0.004542432725429535,0.6054624319076538,0.052559617906808846,0.0,0.0,-0.014008029364049436,0.0,0.0
22.943,0.5025593638420105,0.11204831302165984,2.974650859832764,0.6426786780357361,0.08720605075359344,0.0,0.0,-0.014342609792947767,0.0,0.0
22.956,0.5114084482192993,0.08726199716329575,-2.901851177215576,0.6539080142974854,0.09093575924634931,0.0,0.0,-0.011581378057599068,0.0,0.0
22.969,0.49991974234580994,0.09415196627378464,0.872822105884552,0.6432409286499025,0.09297218918800354,0.0,0.0,-0.007582034450024366,0.0,0.0
22.983,0.47214806079864496,0.08985121548175812,-3.541581630706787,0.6037472486495972,0.12059688568115234,0.0,0.0,-0.013042435981333256,0.0,0.0
22.996,0.47687965631484985,0.11060401797294615,0.46363127231597906,0.6347053050994873,0.15149332582950592,0.0,0.0,-0.028315795585513115,0.0,0.0
23.009,0.49356499314308167,0.1334734559059143,-0.8865608572959901,0.64511638879776,0.1827267706394196,0.0,0.0,-0.03766055405139923,0.0,0.0
23.022,0.4964677095413208,0.14588311314582825,-1.145244002342224,0.6929270029067993,0.1850596368312836,0.0,0.0,-0.036939799785614014,0.0,0.0
23.036,0.5141075849533081,0.16158947348594666,-1.4121595621109009,0.6914024949073792,0.17808681726455688,0.0,0.0,-0.031185848638415337,0.0,0.0
23.049,0.4773869514465332,0.17440488934516907,-0.9667254090309144,0.6899911761283875,0.16861669719219208,0.0,0.0,-0.02887703850865364,0.0,0.0
23.062,0.47206002473831177,0.16320466995239258,2.440924406051636,0.6983925700187683,0.18307559192180636,0.0,0.0,-0.02250427007675171,0.0,0.0
23.076,0.4608840942382813,0.1607794165611267,-0.7157019376754761,0.6959567070007324,0.1771416813135147,0.0,0.0,-0.02250427007675171,0.0,0.0
23.089,0.46992295980453486,0.13158556818962097,0.9248681068420409,0.7110272645950316,0.17399360239505768,0.0,0.0,-0.019113827496767044,0.0,0.0
23.103,0.45119485259056086,0.1099373698234558,-0.5037082433700562,0.7049455046653748,0.13456614315509796,0.0,0.0,-0.012534325942397118,0.0,0.0
23.116,0.4466512799263001,0.12526816129684448,-0.5517996549606323,0.6890206336975098,0.12177380919456482,0.0,0.0,-0.009558318182826042,0.0,0.0
23.129,0.45346373319625854,0.1257169246673584,-0.16713961958885193,0.6661639213562012,0.11396635323762894,0.0,0.0,-0.011606544256210327,0.0,0.0
23.143,0.4564299285411834,0.1561391055583954,0.05680052563548088,0.6557098627090454,0.10729959607124329,0.0,0.0,-0.017464539036154747,0.0,0.0
23.156,0.4711611270904541,0.16545486450195312,0.8954135775566101,0.6422886252403259,0.11281822621822356,0.0,0.0,-0.0249556228518486,0.0,0.0
23.169,0.4849981963634491,0.1744065284729004,0.7100852131843567,0.663517415523529,0.1391257345676422,0.0,0.0,-0.026359425857663155,0.0,0.0
23.183,0.4963901340961456,0.17935439944267273,0.07091648876667023,0.7064428329467772,0.14648008346557617,0.0,0.0,-0.01625540852546692,0.0,0.0
23.196,0.5009446740150452,0.17967969179153442,1.1197077035903933,0.7132423520088196,0.13531430065631866,0.0,0.0,-0.001733836717903614,0.0,0.0
23.209,0.5028099417686462,0.17008917033672333,1.5384625196456907,0.7610467672348022,0.11158496886491776,0.0,0.0,0.011601752601563932,0.0,0.0
23.222,0.46669465303421026,0.1496836394071579,0.23000696301460263,0.7183326482772827,0.08019940555095673,0.0,0.0,0.025748185813426968,0.0,0.0
23.236,0.4347256720066071,0.12419258803129196,0.7868615984916686,0.6778590083122252,0.0684887170791626,0.0,0.0,0.033099137246608734,0.0,0.0
23.249,0.42671936750411993,0.09239882975816727,2.08696722984314,0.688483476638794,0.07624100148677827,0.0,0.0,0.03890901803970337,0.0,0.0
23.262,0.4554484188556671,0.07787708938121796,3.6983571052551274,0.6838235259056091,0.090700626373291,0.0,0.0,0.05604899674654007,0.0,0.0
23.276,0.45953223109245295,0.06135382875800133,0.9864355921745299,0.6895113587379456,0.08917696774005891,0.0,0.0,0.05604899674654007,0.0,0.0
23.289,0.4779595136642456,0.058447051793336875,-0.08713100105524062,0.6933348774909973,0.09593896567821503,0.0,0.0,0.04837727546691895,0.0,0.0
23.303,0.4725332260131836,0.08865528553724289,-3.971873998641968,0.6548997759819031,0.12090896815061568,0.0,0.0,0.037014838308095925,0.0,0.0
23.316,0.5144470930099487,0.0984710156917572,2.5286104679107666,0.7090024948120117,0.14095216989517212,0.0,0.0,0.03293070197105408,0.0,0.0
23.329,0.5467124581336975,0.11033777892589568,-1.594940185546875,0.7044432163238524,0.14256849884986875,0.0,0.0,0.026666438207030296,0.0,0.0
23.342,0.5139037370681763,0.1035197526216507,-1.2493385076522827,0.7144644856452942,0.1356838494539261,0.0,0.0,0.02395853400230408,0.0,0.0
23.356,0.5075356960296631,0.09910604357719421,-0.8840795159339904,0.6967729926109314,0.1247916743159294,0.0,0.0,0.024120429530739784,0.0,0.0
23.369,0.4687560200691223,0.09854589402675629,0.4251449406147003,0.7028840780258179,0.12625345587730408,0.0,0.0,0.021031852811574936,0.0,0.0
23.382,0.47195512056350714,0.09017784893512723,-0.016962038353085518,0.6988674998283385,0.11859461665153503,0.0,0.0,0.01458950899541378,0.0,0.0
23.396,0.4560555815696716,0.0816299021244049,1.5366686582565308,0.729556143283844,0.11297079920768738,0.0,0.0,0.008504051715135574,0.0,0.0
23.409,0.49033498764038086,0.07419557869434355,0.8523626923561096,0.7203481197357178,0.09320364892482755,0.0,0.0,0.0057700322940945625,0.0,0.0
23.422,0.46374151110649114,0.07360848784446716,-0.7610698342323302,0.7386640310287476,0.06536488234996796,0.0,0.0,0.005017820745706558,0.0,0.0
23.436,0.47925630211830134,0.07967714965343475,-1.5155508518218994,0.7207135558128357,0.03634319826960564,0.0,0.0,0.001965682487934828,0.0,0.0
23.449,0.4832057356834412,0.08380790054798126,-1.461115479469299,0.7598076462745665,0.010825218632817268,0.0,0.0,-0.0035538843367248774,0.0,0.0
23.462,0.4706079661846161,0.08545199781656265,-1.7651952505111694,0.712124764919281,-0.027832165360450745,0.0,0.0,-0.011206839233636856,0.0,0.0
23.476,0.4679043591022492,0.08593857288360596,1.2284399271011353,0.714811146259308,-0.02777101472020149,0.0,0.0,-0.011206839233636856,0.0,0.0
23.489,0.5068049430847168,0.09466191381216048,-0.6971129775047302,0.7136794924736023,-0.03455576300621033,0.0,0.0,-0.01617705263197422,0.0,0.0
23.503,0.4968593716621399,0.10560886561870576,-1.6694661378860474,0.6997658014297485,-0.02842015214264393,0.0,0.0,-0.02882451377809048,0.0,0.0
23.516,0.46766832470893854,0.09665002673864365,0.8190009593963622,0.6691924929618835,-0.030329961329698563,0.0,0.0,-0.030758731067180637,0.0,0.0
23.529,0.47439980506896967,0.0855856090784073,1.2294334173202517,0.700237512588501,-0.023471638560295105,0.0,0.0,-0.025525670498609543,0.0,0.0
23.543,0.47132265567779535,0.07360375672578812,2.918714761734009,0.6773306727409363,-0.004114506766200066,0.0,0.0,-0.013225188478827477,0.0,0.0
23.556,0.5019417405128479,0.0579817034304142,0.1425180584192276,0.7226146459579469,0.004011278972029686,0.0,0.0,-0.008176811970770359,0.0,0.0
23.57,0.4904243052005768,0.04939894378185272,-0.35320478677749634,0.6943678855895996,0.0057359617203474045,0.0,0.0,-0.0037107872776687145,0.0,0.0
23.583,0.4675290584564209,0.026672210544347763,3.028154134750366,0.7040895223617554,-0.021078435704112053,0.0,0.0,0.01105506345629692,0.0,0.0
23.596,0.4450123608112335,0.021602842956781387,-0.05081668496131897,0.6894829273223877,-0.019937664270401,0.0,0.0,0.017385419458150864,0.0,0.0
23.61,0.47503206133842474,0.01539256889373064,-0.1306253969669342,0.7128263115882874,-0.0141837727278471,0.0,0.0,0.013762741349637508,0.0,0.0
23.623,0.4761978089809418,0.003958897665143013,-0.985730230808258,0.6914342045783997,-0.017544928938150406,0.0,0.0,0.011874406598508358,0.0,0.0
23.636,0.4750714600086212,-0.0040012383833527565,-0.4645841419696808,0.7259511947631837,-0.018659867346286774,0.0,0.0,0.015917358919978142,0.0,0.0
23.649,0.4726583063602448,0.00045585073530673986,0.6828022599220276,0.6907925009727478,-0.009407127276062964,0.0,0.0,0.020950352773070332,0.0,0.0
23.663,0.5051625967025757,0.01685132086277008,-0.2009080648422241,0.7186210751533508,-0.002242369577288628,0.0,0.0,0.0141590628772974,0.0,0.0
23.676,0.47379717230796814,0.02556124702095985,-1.0911270380020142,0.6940550208091736,-0.003289461135864258,0.0,0.0,0.003997339867055416,0.0,0.0
23.689,0.5033180713653564,0.02756418846547604,-1.0121588706970217,0.7279191613197327,-0.010367633774876596,0.0,0.0,-0.001276446622796357,0.0,0.0
23.703,0.47506111860275274,0.05466128140687943,-0.18497098982334137,0.687188982963562,-0.013860605657100676,0.0,0.0,-0.016656406223773956,0.0,0.0
23.716,0.4917749762535095,0.058403156697750085,0.2141030728816986,0.7271082997322081,-0.016390182077884674,0.0,0.0,-0.019831879064440727,0.0,0.0
23.729,0.481305867433548,0.05754951760172844,-0.03811370208859444,0.6916636824607849,-0.018298394978046417,0.0,0.0,-0.019831879064440727,0.0,0.0
23.744,0.4738490879535675,0.05129064619541168,1.0685040950775146,0.706070601940155,-0.019664466381073,0.0,0.0,-0.016730142757296562,0.0,0.0
23.756,0.46297261118888855,0.04684273526072502,-0.8920726776123048,0.6845905780792236,-0.028940996155142784,0.0,0.0,-0.015669047832489014,0.0,0.0
23.77,0.474631667137146,0.043146878480911255,-0.6781912446022034,0.7011154294013977,-0.03345898911356926,0.0,0.0,-0.013614222407341003,0.0,0.0
23.783,0.5010635256767273,0.03947648033499718,-0.19101804494857788,0.7241553664207457,-0.03375072032213211,0.0,0.0,-0.009599385783076286,0.0,0.0
23.796,0.4873664975166321,0.03927185013890266,0.7453895807266235,0.7256584167480468,-0.03932392597198486,0.0,0.0,-0.0054849376901984215,0.0,0.0
23.81,0.5111024975776672,0.04301243275403976,1.241080403327942,0.7307555079460144,-0.05152534320950508,0.0,0.0,-0.0019883313216269016,0.0,0.0
23.823,0.4893182218074799,0.058912426233291626,-0.35559797286987305,0.7269110679626464,-0.05803755670785904,0.0,0.0,0.0025112060829997063,0.0,0.0
23.836,0.48252022266387934,0.058802887797355645,-1.398848295211792,0.6831743121147156,-0.05972149968147278,0.0,0.0,0.0025112060829997063,0.0,0.0
23.85,0.46426773071289057,0.051306016743183136,-0.7827219367027282,0.6347106695175171,-0.04821006953716278,0.0,0.0,-0.003275553695857525,0.0,0.0
23.863,0.502317488193512,0.04976934194564819,1.1894718408584597,0.6812762022018433,-0.002823417074978352,0.0,0.0,-0.01889670640230179,0.0,0.0
23.876,0.5040342211723328,0.061993159353733056,-0.22282995283603668,0.6454899907112122,0.001424938440322876,0.0,0.0,-0.020710358396172523,0.0,0.0
23.89,0.5032370686531067,0.0708676278591156,-0.4371420741081238,0.680144727230072,0.01556534506380558,0.0,0.0,-0.020710358396172523,0.0,0.0
23.903,0.5079196095466614,0.09305529296398163,-1.18489670753479,0.6865178942680359,0.02987595647573471,0.0,0.0,-0.031001450493931767,0.0,0.0
23.916,0.5041179060935974,0.09261453151702882,-0.248357817530632,0.719133198261261,0.022854208946228027,0.0,0.0,-0.029190052300691605,0.0,0.0
23.93,0.467411071062088,0.09062907099723817,-2.4881134033203125,0.6846137046813965,0.013801730237901213,0.0,0.0,-0.026143752038478848,0.0,0.0
23.943,0.4897422194480896,0.11416646838188171,-2.8211562633514404,0.7072989940643312,-0.00969236809760332,0.0,0.0,-0.02572056651115417,0.0,0.0
23.956,0.48657697439193726,0.12762393057346344,0.20300382375717163,0.6915658116340637,-0.014150618575513365,0.0,0.0,-0.03246947005391121,0.0,0.0
23.97,0.4706868529319763,0.13251638412475586,0.3247068226337433,0.6734361648559569,-0.00831851176917553,0.0,0.0,-0.041750110685825355,0.0,0.0
23.983,0.49313679337501526,0.142132505774498,-1.2884055376052856,0.6674074530601501,0.0009413126390427352,0.0,0.0,-0.045527152717113495,0.0,0.0
23.996,0.480906754732132,0.14436960220336914,0.6135136485099792,0.6734579205513,0.001543140970170498,0.0,0.0,-0.04343697428703308,0.0,0.0
24.01,0.4953915774822235,0.1498752385377884,0.2565354108810425,0.6832154393196106,0.0013255419908091426,0.0,0.0,-0.04004273563623428,0.0,0.0
24.024,0.5093498826026917,0.15738792717456818,-0.06969915330410004,0.6942679286003113,-0.0011745807714760303,0.0,0.0,-0.03780779242515564,0.0,0.0
24.037,0.4922001957893372,0.16168434917926788,-0.5406872034072876,0.6703804731369019,-2.917274832725525e-05,0.0,0.0,-0.03617265075445175,0.0,0.0
24.05,0.4683371782302856,0.1587713658809662,-0.24105262756347656,0.6700578331947327,0.010551697574555874,0.0,0.0,-0.031884025782346725,0.0,0.0
24.064,0.4705365002155304,0.12129338830709456,-0.58431476354599,0.6708526611328125,0.03720982000231743,0.0,0.0,-0.011057483032345772,0.0,0.0
24.077,0.4695528149604797,0.12210404872894288,0.33151963353157043,0.6749216318130493,0.03729676455259323,0.0,0.0,-0.011057483032345772,0.0,0.0
24.09,0.46049517393112177,0.10456222295761108,0.7036817073822021,0.6550154685974121,0.04869766905903816,0.0,0.0,-0.0043567963875830165,0.0,0.0
24.104,0.500703990459442,0.09759976714849472,1.1678363084793093,0.7046934366226196,0.06206882745027542,0.0,0.0,-0.0008974861702881753,0.0,0.0
24.117,0.505314826965332,0.0895407497882843,-3.0467290878295894,0.7098343968391418,0.04286489263176919,0.0,0.0,0.00417989119887352,0.0,0.0
24.13,0.5448285341262817,0.06979969888925552,-2.048660516738892,0.7541914582252502,0.008173109032213688,0.0,0.0,0.007066139020025729,0.0,0.0
24.144,0.5102043747901917,0.06430267542600632,-4.510358333587647,0.7581533789634703,-0.06925556808710098,0.0,0.0,-0.005004832055419684,0.0,0.0
24.157,0.5121482610702515,0.10240688174962996,-0.5262918472290039,0.76092129945755,-0.13136447966098783,0.0,0.0,-0.02499862015247345,0.0,0.0
24.17,0.47238290309906006,0.07722529023885728,-1.92932403087616,0.7578974962234497,-0.1532667875289917,0.0,0.0,-0.032498519867658615,0.0,0.0
24.184,0.4630329310894013,0.1511845886707306,-2.6227006912231445,0.7112329602241516,-0.2536134719848633,0.0,0.0,-0.03335295245051384,0.0,0.0
24.197,0.4602195620536804,0.15524354577064514,-0.8005421161651611,0.675771176815033,-0.28213828802108765,0.0,0.0,-0.052766017615795135,0.0,0.0
24.21,0.42834442853927607,0.15139305591583252,1.375231146812439,0.6656259894371033,-0.2657290995121002,0.0,0.0,-0.08438200503587721,0.0,0.0
24.224,0.3993452489376068,0.1503489464521408,5.8491554260253915,0.6309694647789001,-0.16251254081726074,0.0,0.0,-0.10375414788722992,0.0,0.0
24.237,0.42595139145851135,0.1305968165397644,4.719714164733888,0.6616924405097961,-0.04705355316400528,0.0,0.0,-0.11207156628370284,0.0,0.0
24.251,0.46825942397117615,0.13331274688243866,-1.4564131498336792,0.6753089427947998,-0.0003177076578140259,0.0,0.0,-0.12195192277431488,0.0,0.0
24.264,0.477997601032257,0.14957661926746368,-7.214746952056883,0.7140048742294312,-0.00884978473186493,0.0,0.0,-0.15395420789718628,0.0,0.0
24.277,0.48551985621452326,0.1748005896806717,-1.1079529523849487,0.6905889511108398,-0.03542463481426239,0.0,0.0,-0.16885614395141602,0.0,0.0
24.29,0.4722246825695038,0.17713291943073273,2.965259075164795,0.7175946235656737,-0.03540560603141785,0.0,0.0,-0.16885614395141602,0.0,0.0
24.304,0.47599637508392334,0.3223724067211151,-17.57611656188965,0.7444236278533934,-0.1579381227493286,0.0,0.0,-0.19339080154895785,0.0,0.0
24.317,0.437898576259613,0.31508272886276245,-6.0400004386901855,0.7040849924087524,-0.31176504492759705,0.0,0.0,-0.22031632065773007,0.0,0.0
24.33,0.40025457739830017,0.3073992729187012,0.13356730341911316,0.6682330369949341,-0.3445116579532624,0.0,0.0,-0.22031632065773007,0.0,0.0
24.344,0.40250796079635615,0.37600126862525934,-12.160201072692873,0.7193493843078613,-0.4939469695091248,0.0,0.0,-0.27560445666313166,0.0,0.0
24.357,0.39763095974922175,0.431329756975174,-4.732520580291748,0.7167656421661377,-0.5799853205680847,0.0,0.0,-0.3094483017921448,0.0,0.0
24.37,0.4266775250434876,0.4356817603111267,-0.7777154445648193,0.7476805448532104,-0.6743382215499878,0.0,0.0,-0.3373764157295227,0.0,0.0
24.384,0.4257359206676483,0.5241040587425232,-11.955132484436035,0.7858696579933167,-0.7913269996643065,0.0,0.0,-0.3554368019104004,0.0,0.0
24.397,0.4233131408691406,0.561927080154419,-12.808728218078612,0.7790809869766235,-0.9783113002777101,0.0,0.0,-0.3803169131278992,0.0,0.0
24.414,0.41627436876297,0.6156274080276489,-14.397476196289062,0.7700448632240294,-1.251718521118164,0.0,0.0,-0.4014777541160584,0.0,0.0
24.424,0.37744569778442383,0.8201138973236083,-28.466346740722656,0.7716765999794006,-1.6818463802337646,0.0,0.0,-0.413358211517334,0.0,0.0
24.438,0.3442177176475525,0.8208448886871339,14.908862113952637,0.7779504060745238,-1.7788405418395996,0.0,0.0,-0.413358211517334,0.0,0.0
24.451,0.27644702792167664,0.8947407007217406,-16.018604278564453,0.7040866017341614,-2.01163387298584,0.0,0.0,-0.41691225767135615,0.0,0.0
24.464,0.1981110721826553,1.3340471982955933,-35.980960845947266,0.606317937374115,-2.8082847595214844,0.0,0.0,-0.7683839797973632,0.0,0.0
24.478,0.12099559605121613,1.4154882431030271,-25.34447860717773,0.5107054710388184,-3.1581733226776123,0.0,0.0,-0.7683839797973632,0.0,0.0
24.491,0.06040725111961365,1.482811450958252,17.61842918395996,0.4707455337047577,-3.212226629257202,0.0,0.0,-0.9424699544906616,0.0,0.0
24.504,0.03435495495796204,1.4820200204849243,31.22685813903809,0.43567243218421936,-2.586561679840088,0.0,0.0,-0.759463608264923,0.0,0.0
24.518,0.025468619540333748,1.3525091409683228,45.39959716796875,0.42567241191864014,-1.8492553234100344,0.0,0.0,-0.5694944858551025,0.0,0.0
24.531,0.017193153500556946,1.3503994941711426,-24.15656471252441,0.418780654668808,-1.8518780469894407,0.0,0.0,-0.5694944858551025,0.0,0.0
24.545,0.06709413230419159,0.8185722231864929,69.27110290527344,0.47673544287681585,-0.8893272876739502,0.0,0.0,-0.27391570806503296,0.0,0.0
24.558,0.10565979778766632,0.8407545089721679,-42.2671127319336,0.5253400802612305,-0.7664567828178407,0.0,0.0,-0.2528685927391052,0.0,0.0
24.571,0.08635374158620833,1.1068830490112305,-21.18864631652832,0.510442316532135,-0.9073413610458374,0.0,0.0,-0.235017791390419,0.0,0.0
24.584,0.06537932902574539,1.2741460800170898,-5.2125916481018075,0.49788898229599,-0.9357892274856568,0.0,0.0,-0.2744998037815094,0.0,0.0
24.598,0.022765062749385837,1.2529815435409546,5.996659278869629,0.4463472366333008,-0.7253447771072388,0.0,0.0,-0.3536031246185303,0.0,0.0
24.611,-0.0383879616856575,1.1402429342269895,8.638559341430664,0.3888506591320038,-0.4703476428985596,0.0,0.0,-0.4094009399414063,0.0,0.0
24.624,-0.1026352196931839,0.9717887043952942,7.099646091461182,0.33412244915962214,-0.3462080657482147,0.0,0.0,-0.45348706841468805,0.0,0.0
24.638,-0.11726076900959016,0.8307275772094727,3.0724613666534424,0.3343951106071472,-0.347042977809906,0.0,0.0,-0.47805023193359375,0.0,0.0
24.651,-0.12369086593389512,0.739957094192505,-1.397860050201416,0.3394603729248047,-0.4197722375392914,0.0,0.0,-0.4705714285373688,0.0,0.0
24.664,-0.13470524549484253,0.7355071306228637,-5.546374320983888,0.3309822380542755,-0.45789390802383423,0.0,0.0,-0.49637317657470703,0.0,0.0
24.68,-0.09751683473587036,0.8084216117858887,-4.757367134094238,0.3616351783275604,-0.48232170939445496,0.0,0.0,-0.5527330636978148,0.0,0.0
24.692,-0.055323656648397446,0.8478624820709229,3.2738416194915767,0.3616690337657929,-0.4811498522758484,0.0,0.0,-0.5527330636978148,0.0,0.0
24.705,-0.07101507484912872,0.5427547097206116,-25.136083602905277,0.33156925439834595,-0.7495394945144653,0.0,0.0,-0.5355584621429443,0.0,0.0
24.718,-0.08845844119787216,0.41936430335044866,12.63730812072754,0.3069249391555786,-0.7477649450302125,0.0,0.0,-0.5191571116447449,0.0,0.0
24.732,-0.10629771649837494,0.4139646589756012,7.46410894393921,0.24331210553646088,-0.672520637512207,0.0,0.0,-0.5185074806213379,0.0,0.0
24.745,-0.12400579452514648,0.39286568760871887,4.019826412200928,0.18005800247192383,-0.5961141586303711,0.0,0.0,-0.5319110155105591,0.0,0.0
24.758,-0.1437094509601593,0.32557383179664606,-4.429873943328857,0.1310345083475113,-0.537535548210144,0.0,0.0,-0.556504487991333,0.0,0.0
24.772,-0.1444810926914215,0.21781048178672793,-1.3950034379959106,0.14271919429302216,-0.5120848417282104,0.0,0.0,-0.5518708825111389,0.0,0.0
24.785,-0.17184607684612274,0.10903333127498628,-2.9439747333526607,0.14369623363018036,-0.43047076463699346,0.0,0.0,-0.5313324332237244,0.0,0.0
24.801,-0.22457048296928409,0.0402131974697113,-0.8658751845359801,0.12595613300800323,-0.3760985732078552,0.0,0.0,-0.523506760597229,0.0,0.0
24.812,-0.23926842212677,0.03998658061027527,0.17707496881484985,0.15744026005268097,-0.3166834115982056,0.0,0.0,-0.516289472579956,0.0,0.0
24.825,-0.2409963458776474,0.04776504635810852,7.995794296264648,0.20663249492645264,-0.246371865272522,0.0,0.0,-0.5071958303451538,0.0,0.0
24.838,-0.23888151347637177,0.025945305824279785,0.8482933044433594,0.25224608182907104,-0.1928134560585022,0.0,0.0,-0.497072696685791,0.0,0.0
24.852,-0.249139666557312,0.04707890748977661,-1.3874574899673462,0.23785097897052765,-0.13568362593650818,0.0,0.0,-0.46009349822998047,0.0,0.0
24.865,-0.26990169286727905,0.07033942639827728,3.657585382461548,0.1843000203371048,-0.04767877981066704,0.0,0.0,-0.3215102255344391,0.0,0.0
24.878,-0.28729605674743647,-0.006784729659557343,0.6062507629394531,0.1301308572292328,0.019536256790161133,0.0,0.0,-0.2969244420528412,0.0,0.0
24.892,-0.30627191066741943,0.03769213706254959,-0.6300464272499084,0.07569050788879393,0.0246584452688694,0.0,0.0,-0.2969244420528412,0.0,0.0
24.905,-0.36374017596244806,-0.012845531105995178,0.5510866641998291,0.03593878820538521,0.017311926931142807,0.0,0.0,-0.3264520764350891,0.0,0.0
24.918,-0.369083434343338,-0.05067972838878632,-2.366486072540283,0.04638982564210892,0.024266909807920456,0.0,0.0,-0.3870453536510468,0.0,0.0
24.932,-0.36453863978385925,0.0027326196432113647,-2.1671488285064697,0.0555785670876503,0.03398381173610687,0.0,0.0,-0.4343326985836029,0.0,0.0
24.945,-0.3613719344139099,-0.02169275283813477,-5.173936367034912,0.05955241993069649,-0.025447338819503784,0.0,0.0,-0.4484103322029114,0.0,0.0
24.958,-0.4031365513801575,-0.04879239201545715,-2.6944308280944824,0.012240294367074966,-0.15495429933071136,0.0,0.0,-0.4457559585571289,0.0,0.0
24.972,-0.43379640579223633,-0.05700752139091492,-2.309954166412353,-0.03642235696315765,-0.2430855333805084,0.0,0.0,-0.449474960565567,0.0,0.0
24.985,-0.46447142958641047,-0.05087992548942566,-2.0073070526123047,-0.09302561730146408,-0.30108726024627686,0.0,0.0,-0.5135405659675598,0.0,0.0
24.998,-0.5015814900398254,-0.07266503572463989,5.929934978485107,-0.1397143006324768,-0.3098106384277344,0.0,0.0,-0.5135405659675598,0.0,0.0
25.012,-0.4868103861808777,-0.07711693644523619,0.1949787139892578,-0.09982262551784515,-0.3745127320289612,0.0,0.0,-0.5540982484817505,0.0,0.0
25.025,-0.528799533843994,-0.17263352870941162,5.6216821670532235,-0.15912294387817383,-0.41621869802474976,0.0,0.0,-0.584238588809967,0.0,0.0
25.039,-0.566825807094574,-0.2435096502304077,3.6389305591583248,-0.20295719802379608,-0.41673976182937617,0.0,0.0,-0.6064562797546387,0.0,0.0
25.052,-0.5902581810951233,-0.26145559549331665,0.09255856275558472,-0.25719955563545227,-0.4094706773757935,0.0,0.0,-0.6246778964996338,0.0,0.0
25.065,-0.6241616606712341,-0.23886041343212128,6.06841278076172,-0.28884708881378174,-0.4928220212459564,0.0,0.0,-0.6909477114677429,0.0,0.0
25.078,-0.6022693514823914,-0.21816165745258329,-3.4528434276580806,-0.29744613170623774,-0.5275305509567261,0.0,0.0,-0.7356829643249511,0.0,0.0
25.092,-0.590521514415741,-0.2053416520357132,-3.4578545093536377,-0.2537957727909088,-0.5560811161994934,0.0,0.0,-0.7356829643249511,0.0,0.0
25.105,-0.5944084525108337,-0.17090058326721191,7.3220505714416495,-0.2628617584705353,-0.6147723197937012,0.0,0.0,-0.7818201780319214,0.0,0.0
25.118,-0.6182088255882263,-0.16363628208637238,0.9177535772323608,-0.28603178262710566,-0.6789682507514954,0.0,0.0,-0.7618945837020874,0.0,0.0
25.132,-0.6491134166717529,-0.22272753715515137,2.321036100387573,-0.3190986812114716,-0.6251859664916992,0.0,0.0,-0.7107760906219481,0.0,0.0
25.145,-0.6779890656471252,-0.18818800151348117,14.53953456878662,-0.3488200902938843,-0.5428766012191772,0.0,0.0,-0.6785430908203125,0.0,0.0
25.159,-0.6574095487594604,-0.18414349853992465,5.427463054656982,-0.2953433394432068,-0.4066972732543945,0.0,0.0,-0.6958743333816528,0.0,0.0
25.172,-0.6387693881988524,-0.18851996958255768,8.242776870727539,-0.25134432315826416,-0.3315727710723877,0.0,0.0,-0.6727076768875122,0.0,0.0
25.185,-0.6797823905944824,-0.27164602279663086,10.719935417175291,-0.2950931489467621,-0.30517640709877014,0.0,0.0,-0.5695949792861938,0.0,0.0
25.198,-0.711720883846283,-0.2470026016235352,3.492571353912353,-0.33760666847229004,-0.3274819254875183,0.0,0.0,-0.49023810029029846,0.0,0.0
25.212,-0.7389752268791199,-0.19282034039497373,8.727599143981934,-0.37314552068710327,-0.2685537338256836,0.0,0.0,-0.49570232629776,0.0,0.0
25.225,-0.7304307818412781,-0.12143063545227052,22.569772720336918,-0.392567753791809,-0.0534394085407257,0.0,0.0,-0.34095972776412964,0.0,0.0
25.239,-0.7257699966430664,-0.12237455695867538,-8.419541358947756,-0.4144102036952973,-0.049256473779678345,0.0,0.0,-0.34095972776412964,0.0,0.0
25.252,-0.760308265686035,-0.13827204704284668,15.130411148071287,-0.43664121627807617,0.07032394409179688,0.0,0.0,-0.2109096646308899,0.0,0.0
25.265,-0.7363704442977905,0.04270702600479127,27.66212654113769,-0.3925400972366333,0.2246965765953064,0.0,0.0,-0.19965441524982447,0.0,0.0
25.278,-0.7014724016189575,0.16244755685329437,3.1935598850250244,-0.3520819544792176,0.26021885871887207,0.0,0.0,-0.10488726198673248,0.0,0.0
25.292,-0.6714096069335938,0.1004067063331604,0.30783489346504206,-0.3117870390415192,0.29385098814964294,0.0,0.0,-0.10488726198673248,0.0,0.0
25.305,-0.6348165273666382,0.2607875168323517,21.238468170166016,-0.283491313457489,0.3480417728424072,0.0,0.0,0.03175906091928482,0.0,0.0
25.318,-0.6536338925361633,0.3647805452346802,-0.40264651179313665,-0.3242787718772888,0.35091161727905273,0.0,0.0,0.10017282515764236,0.0,0.0
25.332,-0.6802510619163513,0.4197028577327728,-1.8681149482727049,-0.33468544483184814,0.3384450078010559,0.0,0.0,0.20872549712657928,0.0,0.0
25.346,-0.6519869565963745,0.4760586321353912,13.994344711303713,-0.28096112608909607,0.3774275183677673,0.0,0.0,0.2740505337715149,0.0,0.0
25.358,-0.6557850241661072,0.4437746703624725,31.53483772277832,-0.2771245539188385,0.5349923372268677,0.0,0.0,0.32359069585800165,0.0,0.0
25.372,-0.617064356803894,0.4401595890522003,4.015626430511475,-0.2345411330461502,0.5893378853797913,0.0,0.0,0.4076758325099945,0.0,0.0
25.385,-0.6202702522277832,0.3766140043735504,10.994128227233888,-0.23376344144344327,0.712369441986084,0.0,0.0,0.4769502282142639,0.0,0.0
25.398,-0.5870842337608337,0.31794244050979614,16.1439208984375,-0.17301349341869354,0.8825157284736633,0.0,0.0,0.5632772445678711,0.0,0.0
25.412,-0.5492948889732361,0.2488974928855896,1.0473847389221191,-0.11941743642091752,0.8512098789215088,0.0,0.0,0.7147549986839294,0.0,0.0
25.425,-0.5110874176025392,0.21519556641578677,6.4832119941711435,-0.10725291818380356,0.8680969476699829,0.0,0.0,0.7147549986839294,0.0,0.0
25.439,-0.5065175890922545,0.08653604984283446,4.07894229888916,-0.123748779296875,0.974019944667816,0.0,0.0,0.6445109844207764,0.0,0.0
25.452,-0.475151240825653,0.11973151564598083,4.7069501876831055,-0.06795944273471832,1.0193729400634766,0.0,0.0,0.6161150932312012,0.0,0.0
25.465,-0.44237229228019714,0.08126252889633177,-0.5957543849945068,-0.013898499310016632,1.0108437538146973,0.0,0.0,0.6161150932312012,0.0,0.0
25.479,-0.41269502043724066,0.11044886708259584,7.13362979888916,0.0013756497064605355,0.9989728927612304,0.0,0.0,0.6694212555885315,0.0,0.0
25.492,-0.41594398021698,0.021103799343109127,-10.866106986999512,-0.02997935749590397,0.8981267809867859,0.0,0.0,0.6570787429809569,0.0,0.0
25.505,-0.4193559885025024,0.018070816993713375,-6.474154949188232,-0.04932747036218643,0.7772817611694336,0.0,0.0,0.6239538192749025,0.0,0.0
25.518,-0.36477556824684143,-0.15113607048988342,-2.641966819763184,-0.022119132801890373,0.6643520593643188,0.0,0.0,0.593940019607544,0.0,0.0
25.532,-0.31782665848731995,-0.2461940050125122,2.6675863265991206,0.008482185192406178,0.5778967142105104,0.0,0.0,0.5659624934196472,0.0,0.0
25.545,-0.319961279630661,-0.28823935985565186,-4.318249225616455,-0.020128700882196423,0.473325252532959,0.0,0.0,0.5278581380844116,0.0,0.0
25.558,-0.3388775885105133,-0.24467766284942627,-26.57792854309082,-0.05493758246302605,0.18226422369480133,0.0,0.0,0.38752529025077825,0.0,0.0
25.572,-0.3749767243862152,-0.1952192783355713,9.125179290771484,-0.09022206813097,0.1989698708057404,0.0,0.0,0.38752529025077825,0.0,0.0
25.585,-0.4043610394001007,-0.05738021433353424,-22.43258285522461,-0.1343628168106079,0.0007412731647491454,0.0,0.0,0.24737292528152463,0.0,0.0
25.6,-0.39861753582954407,0.1173919513821602,-31.05402565002441,-0.11393434554338457,-0.3009342551231384,0.0,0.0,0.05471831560134888,0.0,0.0
25.613,-0.4349704086780548,0.09701321274042128,5.725622177124024,-0.14784987270832062,-0.38759976625442505,0.0,0.0,-0.04333796352148056,0.0,0.0
25.626,-0.4402856230735778,0.03326603025197983,6.532144546508789,-0.15916742384433746,-0.4424219131469727,0.0,0.0,-0.04333796352148056,0.0,0.0
25.64,-0.4349336326122284,-0.13905610144138336,6.523816108703612,-0.2048279494047165,-0.4000098705291748,0.0,0.0,-0.09163431823253632,0.0,0.0
25.653,-0.39800989627838135,-0.17529228329658508,-8.868916511535645,-0.1759670376777649,-0.39503917098045355,0.0,0.0,-0.1098564937710762,0.0,0.0
25.666,-0.3481074869632721,-0.2003697454929352,-3.8308067321777344,-0.17874155938625336,-0.45887237787246704,0.0,0.0,-0.16480611264705658,0.0,0.0
25.68,-0.3319286108016968,-0.0682254359126091,-6.85697317123413,-0.14584210515022278,-0.5792036056518555,0.0,0.0,-0.104512020945549,0.0,0.0
25.693,-0.30925795435905457,-0.17763003706932068,3.3336727619171143,-0.10614830255508424,-0.5475408434867859,0.0,0.0,-0.036955572664737694,0.0,0.0
25.706,-0.2816619575023651,-0.3289901614189148,10.625741004943848,-0.05806920304894447,-0.47827583551406866,0.0,0.0,-0.0013701478019356728,0.0,0.0
25.72,-0.2745053470134735,-0.536379337310791,15.248579025268556,-0.1056392416357994,-0.3836731612682343,0.0,0.0,0.08897553384304047,0.0,0.0
25.733,-0.27190402150154114,-0.7085714936256409,12.082233428955078,-0.1635051816701889,-0.32288247346878046,0.0,0.0,0.16004452109336853,0.0,0.0
25.746,-0.27315431833267206,-0.690641462802887,1.5357389450073242,-0.22334779798984528,-0.3387055993080139,0.0,0.0,0.18745727837085724,0.0,0.0
25.76,-0.2548559308052063,-0.41839271783828735,-8.544610023498535,-0.22603666782379153,-0.5461323261260985,0.0,0.0,0.026516778394579887,0.0,0.0
25.773,-0.2593829333782196,-0.24618694186210632,-0.31332671642303467,-0.22744861245155332,-0.539740800857544,0.0,0.0,0.026516778394579887,0.0,0.0
25.786,-0.24671760201454165,-0.04611821472644806,-15.820758819580078,-0.20576815307140353,-0.6706953048706055,0.0,0.0,-0.10765356570482254,0.0,0.0
25.8,-0.2558081150054932,-0.0918085128068924,-21.560998916625977,-0.23481035232543945,-0.9886189103126526,0.0,0.0,-0.23425999283790588,0.0,0.0
25.813,-0.3058578670024872,-0.04328666627407073,1.7010725736618042,-0.28375759720802307,-1.0610123872756958,0.0,0.0,-0.24444222450256348,0.0,0.0
25.826,-0.35605379939079285,-0.10136990249156952,11.403339385986328,-0.3296741247177124,-1.0446847677230835,0.0,0.0,-0.24444222450256348,0.0,0.0
25.84,-0.29898756742477417,-0.11515824496746065,11.225831031799316,-0.28384789824485773,-1.1656746864318848,0.0,0.0,-0.23706465959548953,0.0,0.0
25.853,-0.24126932024955752,-0.10886797308921814,-2.3704020977020264,-0.24286974966526031,-1.2024321556091309,0.0,0.0,-0.20404580235481265,0.0,0.0
25.866,-0.18464314937591556,-0.20347753167152405,-1.8004417419433594,-0.20087045431137085,-1.2130601406097412,0.0,0.0,-0.20404580235481265,0.0,0.0
25.88,-0.17777082324028015,-0.21214342117309568,-3.032089710235596,-0.24571996927261355,-1.2721741199493408,0.0,0.0,-0.21021431684494016,0.0,0.0
25.893,-0.17516519129276276,-0.3039047122001648,0.03410428762435913,-0.2891569435596466,-1.2389663457870483,0.0,0.0,-0.20623795688152316,0.0,0.0
25.906,-0.14663290977478027,-0.35494303703308105,-3.49241042137146,-0.2936721444129944,-1.2391560077667236,0.0,0.0,-0.2910119891166687,0.0,0.0
25.92,-0.12835021317005155,-0.2882591485977173,-13.802088737487791,-0.2471807301044464,-1.416706681251526,0.0,0.0,-0.3925339877605438,0.0,0.0
25.933,-0.10975629836320876,-0.17461785674095154,-22.041091918945312,-0.2590712010860443,-1.712666392326355,0.0,0.0,-0.48218229413032526,0.0,0.0
25.946,-0.1596113294363022,0.053684167563915246,-10.726452827453612,-0.3284238576889038,-1.9531502723693848,0.0,0.0,-0.597838819026947,0.0,0.0
25.96,-0.14563313126564026,0.20810735225677487,-7.446402072906494,-0.2914576530456543,-2.215456008911133,0.0,0.0,-0.6791446805000305,0.0,0.0
25.973,-0.1337098330259323,0.09343522787094115,3.016246795654297,-0.24005849659442904,-2.258651733398437,0.0,0.0,-0.6895735263824463,0.0,0.0
25.986,-0.13630563020706177,0.016829699277877808,2.2347538471221924,-0.2062183767557144,-2.301201343536377,0.0,0.0,-0.6910527944564819,0.0,0.0
26.0,-0.1560245156288147,-0.030279427766799927,-9.647387504577635,-0.28626328706741333,-2.32513427734375,0.0,0.0,-0.7336221933364867,0.0,0.0
26.015,-0.16978485882282257,-0.025034636259078976,-2.6538803577423096,-0.3042224943637848,-2.34118127822876,0.0,0.0,-0.7721458077430725,0.0,0.0
26.028,-0.1826561540365219,0.053060621023178094,-1.4834179878234863,-0.36020368337631226,-2.336531162261963,0.0,0.0,-0.7721458077430725,0.0,0.0
26.041,-0.19965834915637967,0.14606735110282898,-9.70535373687744,-0.42973837256431585,-2.305850982666016,0.0,0.0,-0.81227970123291,0.0,0.0
26.054,-0.21361692249774933,0.1502465307712555,5.052119255065918,-0.4515002071857453,-2.270420551300049,0.0,0.0,-0.8401439189910888,0.0,0.0
26.068,-0.16413244605064392,0.07485340535640717,5.720888137817383,-0.39728307723999023,-2.2619454860687256,0.0,0.0,-0.873153030872345,0.0,0.0
26.081,-0.12352239340543748,-0.11581002175807951,-7.647004604339599,-0.3840830028057098,-2.151590347290039,0.0,0.0,-0.8833663463592529,0.0,0.0
26.094,-0.08944926410913467,-0.23360046744346616,-5.1966657638549805,-0.3716633021831513,-2.0862290859222408,0.0,0.0,-0.8998464941978455,0.0,0.0
26.108,-0.0593908354640007,-0.2903061509132385,-4.994807243347168,-0.36450338363647455,-2.0325984954833984,0.0,0.0,-0.9275865554809569,0.0,0.0
26.121,-0.10164086520671844,-0.2877998948097229,2.8581619262695312,-0.4421996176242829,-1.9419913291931152,0.0,0.0,-0.9601534605026243,0.0,0.0
26.134,-0.14246094226837158,-0.2640361487865448,-1.9360407590866089,-0.49500593543052673,-1.8965642452239992,0.0,0.0,-1.0003784894943235,0.0,0.0
26.148,-0.13223718106746674,-0.21322894096374512,-10.785843849182127,-0.4439067840576172,-1.9674922227859497,0.0,0.0,-1.04597806930542,0.0,0.0
26.161,-0.1243479922413826,-0.14855870604515076,-7.572441577911378,-0.40022060275077825,-2.055650234222412,0.0,0.0,-1.1273541450500488,0.0,0.0
26.174,-0.11428069323301315,-0.1812596619129181,1.295404076576233,-0.40962809324264526,-2.0442726612091064,0.0,0.0,-1.1273541450500488,0.0,0.0
26.188,-0.1326269954442978,-0.22267904877662656,-1.6164064407348633,-0.43073740601539606,-2.012331247329712,0.0,0.0,-1.1439117193222046,0.0,0.0
26.201,-0.15490540862083435,-0.1708272248506546,-20.04306030273437,-0.4964056015014648,-1.9625198841094968,0.0,0.0,-1.1982449293136597,0.0,0.0
26.214,-0.10912767797708511,-0.19170017540454865,5.099855899810791,-0.4475279152393341,-2.007529020309448,0.0,0.0,-1.1982449293136597,0.0,0.0
26.228,-0.12754188477993011,-0.122860386967659,-9.766449928283693,-0.5068781971931458,-1.9578794240951536,0.0,0.0,-1.2207319736480713,0.0,0.0
26.241,-0.11631988734006882,-0.09598481655120848,-2.4260983467102046,-0.519684374332428,-1.9696931838989256,0.0,0.0,-1.300387263298035,0.0,0.0
26.254,-0.1762712597846985,-0.06606507301330566,-1.7116069793701172,-0.580478310585022,-1.946903705596924,0.0,0.0,-1.3444002866744995,0.0,0.0
26.268,-0.23567430675029755,-0.07652589678764342,1.252846360206604,-0.6186601519584656,-1.9008352756500244,0.0,0.0,-1.3817794322967527,0.0,0.0
26.281,-0.23278260231018064,-0.06506115198135376,-18.263652801513672,-0.5826420187950134,-1.8262735605239868,0.0,0.0,-1.4275976419448853,0.0,0.0
26.294,-0.19814798235893247,-0.009561449289321901,-3.2535529136657715,-0.5434936881065369,-1.7791030406951904,0.0,0.0,-1.4467684030532837,0.0,0.0
26.308,-0.16020718216896057,0.10431313514709473,-5.1944684982299805,-0.4982190728187561,-1.832072734832764,0.0,0.0,-1.4277133941650393,0.0,0.0
26.321,-0.15040245652198792,0.21857014298439023,-0.15893876552581787,-0.44903632998466486,-1.9202433824539185,0.0,0.0,-1.4134764671325684,0.0,0.0
26.334,-0.13716517388820648,0.30178001523017883,-0.22220760583877563,-0.40980908274650574,-1.915011286735535,0.0,0.0,-1.395841121673584,0.0,0.0
26.348,-0.17637646198272705,0.34069013595581055,0.18128156661987305,-0.3989248871803284,-1.8337595462799072,0.0,0.0,-1.3517292737960815,0.0,0.0
26.361,-0.167883038520813,0.3729376196861267,5.245734691619873,-0.34611430764198303,-1.697276592254639,0.0,0.0,-1.2692785263061523,0.0,0.0
26.374,-0.1421508491039276,0.3796600699424744,-7.230328083038329,-0.2955486476421356,-1.726030349731445,0.0,0.0,-1.2692785263061523,0.0,0.0
26.388,-0.16756246984004974,0.4303726255893707,-0.8856832981109619,-0.3708604872226715,-1.6064224243164062,0.0,0.0,-1.197821021080017,0.0,0.0
26.401,-0.18517175316810608,0.44839963316917414,10.785412788391112,-0.3977641761302948,-1.1569817066192627,0.0,0.0,-1.029046893119812,0.0,0.0
26.415,-0.14071732759475708,0.439383327960968,14.37110996246338,-0.34624385833740234,-0.8554720878601073,0.0,0.0,-0.9847872257232666,0.0,0.0
26.428,-0.10654304921627045,0.49537861347198486,-13.417817115783691,-0.29648083448410034,-0.8755639791488646,0.0,0.0,-0.9847872257232666,0.0,0.0
26.441,-0.15724033117294312,0.5706926584243774,4.322057723999024,-0.3381815552711487,-0.554823637008667,0.0,0.0,-0.6762650012969971,0.0,0.0
26.454,-0.21485975384712216,0.5342502593994141,-6.154033184051514,-0.3897457718849182,-0.4444624185562134,0.0,0.0,-0.6530278921127319,0.0,0.0
26.468,-0.2671284079551697,0.46459558606147766,9.540013313293455,-0.38344097137451166,-0.2681926488876343,0.0,0.0,-0.667546808719635,0.0,0.0
26.481,-0.2670958936214447,0.5170897841453552,-17.525495529174805,-0.3354147672653198,-0.09180342406034467,0.0,0.0,-0.5473493933677673,0.0,0.0
26.494,-0.2609139084815979,0.5238791704177856,9.005803108215332,-0.2994822561740875,0.0760502517223358,0.0,0.0,-0.3885332942008972,0.0,0.0
26.508,-0.274592787027359,0.4896890223026276,2.0558550357818604,-0.354658991098404,0.23127718269824984,0.0,0.0,-0.2992282807826996,0.0,0.0
26.521,-0.3278872072696686,0.4324645698070526,-4.864391803741455,-0.40926250815391535,0.379939079284668,0.0,0.0,-0.26032230257987976,0.0,0.0
26.534,-0.3716366589069367,0.4419924020767212,-8.107495307922363,-0.4647201001644135,0.4591316878795624,0.0,0.0,-0.23169761896133423,0.0,0.0
26.548,-0.3921663463115692,0.4405399262905121,-5.752569198608398,-0.5191783308982849,0.5142154097557068,0.0,0.0,-0.2024480700492859,0.0,0.0
26.561,-0.4006480872631073,0.3675828576087952,11.238173484802246,-0.5575472116470337,0.6940594911575316,0.0,0.0,-0.1564841270446777,0.0,0.0
26.574,-0.4411997795104981,0.25736191868782043,-8.723477363586426,-0.609476625919342,0.7638152837753296,0.0,0.0,-0.07592941820621489,0.0,0.0
26.588,-0.47562617063522333,0.15119411051273346,8.843511581420898,-0.6509149670600891,0.8599390387535094,0.0,0.0,0.01694597862660885,0.0,0.0
26.601,-0.4914669394493103,0.060156017541885376,3.4777700901031494,-0.6659100651741028,1.1186925172805786,0.0,0.0,0.11007516086101532,0.0,0.0
26.615,-0.5034840106964111,0.02058760821819305,5.84956693649292,-0.6753302812576294,1.144101858139038,0.0,0.0,0.11007516086101532,0.0,0.0
26.628,-0.5200639367103577,0.005482837557792664,-8.335219383239746,-0.7049340605735779,1.1926183700561523,0.0,0.0,0.1268235146999359,0.0,0.0
26.641,-0.573889434337616,-0.2558165192604065,16.884014129638672,-0.7532283067703246,1.3589968681335447,0.0,0.0,0.3700580298900604,0.0,0.0
26.654,-0.5829709768295288,-0.35549330711364746,-0.5521148443222046,-0.7973449230194093,1.4230002164840698,0.0,0.0,0.4139260053634644,0.0,0.0
26.668,-0.6089621186256409,-0.3944910764694214,0.7504910230636596,-0.8415074348449707,1.3863420486450195,0.0,0.0,0.4139260053634644,0.0,0.0
26.681,-0.5696740746498108,-0.37227070331573486,-1.967793703079224,-0.8239809870719909,1.436909794807434,0.0,0.0,0.38734391331672663,0.0,0.0
26.694,-0.6270591616630553,-0.6026153564453125,10.26607608795166,-0.875108003616333,1.4269168376922607,0.0,0.0,0.44394779205322266,0.0,0.0
26.708,-0.6851794719696045,-0.8961196541786195,15.335726737976074,-0.9102914333343506,1.4717849493026731,0.0,0.0,0.5208669900894165,0.0,0.0
26.721,-0.7048621773719788,-1.026669144630432,0.09796768426895139,-0.9388426542282104,1.5148324966430664,0.0,0.0,0.5239852666854857,0.0,0.0
26.734,-0.662311851978302,-0.8799185156822205,-8.73652458190918,-0.9191077351570128,1.5692744255065918,0.0,0.0,0.4471450746059418,0.0,0.0
26.748,-0.6527199745178223,-0.7769384980201721,-1.0300934314727783,-0.8998422026634216,1.5795512199401855,0.0,0.0,0.45286667346954346,0.0,0.0
26.761,-0.6679124236106873,-0.8440531492233276,1.3123959302902222,-0.9004322886466979,1.5969305038452148,0.0,0.0,0.7149242162704468,0.0,0.0
26.774,-0.7162123322486876,-0.9096201658248899,6.664717197418213,-0.9409738779067992,1.5574764013290403,0.0,0.0,0.7149242162704468,0.0,0.0
26.788,-0.6887656450271606,-0.8647903203964233,7.571670055389405,-0.8638309836387633,1.6383382081985474,0.0,0.0,0.7706435918807982,0.0,0.0
26.801,-0.6950874924659729,-0.9255598187446593,15.020575523376465,-0.8533245921134948,1.7396177053451538,0.0,0.0,0.9474949836730957,0.0,0.0
26.814,-0.6472194194793701,-0.8497175574302673,-3.98838210105896,-0.8273229598999022,1.8060369491577148,0.0,0.0,1.0355814695358276,0.0,0.0
26.828,-0.6602036952972412,-0.8499313592910767,1.4429032802581787,-0.8677321076393126,1.7675998210906982,0.0,0.0,1.0355814695358276,0.0,0.0
26.841,-0.6458747386932373,-0.79243266582489,16.778066635131836,-0.8403574824333192,1.8828139305114744,0.0,0.0,1.1372463703155518,0.0,0.0
26.854,-0.6071809530258179,-0.7232086658477782,-0.9335070848464964,-0.7984483242034912,1.9859166145324707,0.0,0.0,1.2139242887496948,0.0,0.0
26.868,-0.6335377097129822,-0.8049687147140504,2.463470220565796,-0.7994911670684814,2.043379783630371,0.0,0.0,1.3273335695266724,0.0,0.0
26.882,-0.6474443674087524,-0.9148734211921694,13.60687255859375,-0.7915616631507874,2.16499924659729,0.0,0.0,1.3995964527130127,0.0,0.0
26.894,-0.6770349740982056,-1.0562595129013062,13.351012229919434,-0.7962381839752197,2.314903497695923,0.0,0.0,1.474577784538269,0.0,0.0
26.908,-0.676364004611969,-1.0723221302032473,8.338308334350588,-0.7857179641723632,2.3912353515625,0.0,0.0,1.5421781539916992,0.0,0.0
26.921,-0.6524078845977783,-1.0091238021850586,4.240840435028076,-0.6950020790100098,2.54092788696289,0.0,0.0,1.5600631237030027,0.0,0.0
26.934,-0.6263155937194824,-0.9251928329467772,3.422216892242432,-0.6201087236404419,2.6318745613098145,0.0,0.0,1.6067079305648804,0.0,0.0
26.948,-0.5724498629570007,-0.8492453098297118,3.116623878479004,-0.5311850309371948,2.7280845642089844,0.0,0.0,1.7006733417510986,0.0,0.0
26.961,-0.5625784993171692,-0.876325249671936,16.470340728759766,-0.49400579929351807,2.908080816268921,0.0,0.0,1.757462978363037,0.0,0.0
26.974,-0.5531774759292603,-0.8478405475616454,-1.2811928987503052,-0.4693103432655335,2.9441936016082764,0.0,0.0,1.7966967821121216,0.0,0.0
26.988,-0.49550244212150574,-0.795683741569519,9.62872314453125,-0.37269473075866694,3.1507909297943115,0.0,0.0,1.8708659410476685,0.0,0.0
27.001,-0.4767836034297943,-0.86232990026474,20.695226669311523,-0.3270493745803833,3.3655037879943848,0.0,0.0,2.0222196578979488,0.0,0.0
27.015,-0.4656534194946289,-0.8819419145584105,-2.3437678813934326,-0.3201412856578827,3.3797664642333984,0.0,0.0,2.0222196578979488,0.0,0.0
27.028,-0.5026866793632507,-0.9123499989509583,6.7017316818237305,-0.29640936851501465,3.4292623996734615,0.0,0.0,2.073527812957764,0.0,0.0
27.041,-0.45972135663032526,-0.8061663508415222,21.65998077392578,-0.19884181022644043,3.555988550186157,0.0,0.0,2.1602063179016118,0.0,0.0
27.054,-0.4209926128387451,-0.7332968711853027,0.5806177854537964,-0.1290983110666275,3.5333566665649414,0.0,0.0,2.200673818588257,0.0,0.0
27.068,-0.3975177705287933,-0.716767966747284,-1.695898175239563,-0.09929704666137695,3.611061573028565,0.0,0.0,2.200673818588257,0.0,0.0
27.081,-0.39243218302726746,-0.6741412878036499,19.945268630981445,-0.0513332262635231,3.7474770545959473,0.0,0.0,2.2546749114990234,0.0,0.0
27.094,-0.3598935306072235,-0.6073779463768004,5.9325456619262695,0.013304193504154682,3.785702705383301,0.0,0.0,2.3124468326568604,0.0,0.0
27.108,-0.393602192401886,-0.5575425028800964,2.2206990718841557,-0.02424039132893085,3.6706271171569824,0.0,0.0,2.3598649501800537,0.0,0.0
27.121,-0.4275978207588196,-0.6176755428314209,0.045427680015563965,-0.07255183160305022,3.697554588317871,0.0,0.0,2.4801506996154785,0.0,0.0
27.135,-0.4509801864624024,-0.6095402240753174,2.746528387069702,-0.10817180573940276,3.725029945373535,0.0,0.0,2.5499656200408936,0.0,0.0
27.148,-0.4335182011127472,-0.6057191491127014,7.874751091003418,-0.0513731986284256,3.8101189136505127,0.0,0.0,2.3707289695739746,0.0,0.0
27.161,-0.36719188094139094,-0.5344772338867188,-1.9009172916412356,0.04658138006925583,3.7091674804687504,0.0,0.0,2.165466785430908,0.0,0.0
27.174,-0.29959189891815186,-0.5629115104675293,5.657104969024657,0.07912523299455641,3.710283756256104,0.0,0.0,2.165466785430908,0.0,0.0
27.188,-0.30546480417251587,-0.610114574432373,-4.256728172302246,0.0679466649889946,3.6642997264862065,0.0,0.0,2.171100616455078,0.0,0.0
27.201,-0.33578139543533325,-0.5369824171066284,0.7992938160896301,0.034953147172927856,3.4547648429870605,0.0,0.0,2.0027127265930176,0.0,0.0
27.218,-0.3343195915222168,-0.4868884384632111,-10.115629196166992,0.024906285107135773,3.3351247310638428,0.0,0.0,1.8883149623870847,0.0,0.0
27.231,-0.33785560727119446,-0.37886697053909296,-1.7513080835342407,0.02497324533760548,2.986730098724365,0.0,0.0,1.7531725168228147,0.0,0.0
27.244,-0.35272741317749023,-0.3428955674171448,-14.23330307006836,0.00011537293903529644,2.635678768157959,0.0,0.0,1.5943223237991333,0.0,0.0
27.258,-0.38966718316078186,-0.3398871421813965,-11.097540855407717,-0.042418185621500015,2.3248691558837886,0.0,0.0,1.4345821142196655,0.0,0.0
27.271,-0.4232151210308075,-0.37371280789375305,-23.03925323486328,-0.08666751533746718,1.9433921575546265,0.0,0.0,1.3166660070419312,0.0,0.0
27.284,-0.4423322379589081,-0.38643312454223633,12.825858116149902,-0.12988156080245972,1.791859149932861,0.0,0.0,1.2341383695602417,0.0,0.0
27.298,-0.4546184837818146,-0.36340704560279846,-6.906531810760497,-0.1358974725008011,1.5894808769226074,0.0,0.0,1.1074597835540771,0.0,0.0
27.311,-0.4041301906108856,-0.2527791559696197,-8.597686767578125,-0.07538419961929321,1.3063920736312866,0.0,0.0,0.8028913736343383,0.0,0.0
27.324,-0.35208773612976074,-0.20848266780376437,-0.8202821016311644,-0.02144688367843628,1.1020292043685913,0.0,0.0,0.8028913736343383,0.0,0.0
27.338,-0.29803746938705444,-0.24980606138706207,9.579867362976074,0.02814379893243313,1.0321030616760254,0.0,0.0,0.710068941116333,0.0,0.0
27.351,-0.24606016278266907,-0.27565568685531616,-7.215213775634765,0.07963995635509491,0.8452515006065368,0.0,0.0,0.6246520280838013,0.0,0.0
27.364,-0.22533489763736725,-0.35773175954818726,-5.271894931793213,0.13516880571842194,0.5035970211029053,0.0,0.0,0.4729906916618347,0.0,0.0
27.378,-0.2605813145637512,-0.3325246572494507,-4.594096660614014,0.08611908555030823,0.44916966557502747,0.0,0.0,0.4729906916618347,0.0,0.0
27.391,-0.28533229231834406,-0.31638121604919434,7.773256301879882,0.08852601796388626,0.35067400336265564,0.0,0.0,0.41499689221382147,0.0,0.0
27.404,-0.2606261968612671,-0.2392723709344864,-5.639670848846436,0.13692371547222135,0.09450758248567581,0.0,0.0,0.2768535912036896,0.0,0.0
27.418,-0.23907601833343503,-0.17435993254184723,-1.4943480491638184,0.1817350685596466,-0.0352652370929718,0.0,0.0,0.24309653043746948,0.0,0.0
27.431,-0.21059593558311465,-0.15379659831523895,-10.419103622436523,0.22622573375701904,-0.16448943316936493,0.0,0.0,0.2159559726715088,0.0,0.0
27.445,-0.17067022621631622,-0.1048259288072586,4.450982570648193,0.2694551348686218,-0.5211328864097595,0.0,0.0,0.1478346735239029,0.0,0.0
27.458,-0.12173447012901306,-0.1264192759990692,-9.805083274841309,0.29681047797203064,-0.828497052192688,0.0,0.0,0.07357388734817506,0.0,0.0
27.471,-0.08170519024133682,-0.1055263727903366,-12.251708984375,0.3328852653503418,-1.097813844680786,0.0,0.0,0.04236414656043053,0.0,0.0
27.484,-0.08651525527238844,0.051636189222335815,-33.62062072753906,0.29734712839126587,-1.5084166526794434,0.0,0.0,0.005882946774363518,0.0,0.0
27.498,-0.03745171055197716,0.037412837147712714,15.757682800292969,0.31410959362983704,-1.5518107414245603,0.0,0.0,-0.07607406377792358,0.0,0.0
27.511,-0.04973265156149864,0.19351547956466675,-4.10071325302124,0.2838871479034424,-1.732264280319214,0.0,0.0,-0.15832503139972687,0.0,0.0
27.524,-0.030528176575899124,0.2530725598335266,2.3645973205566406,0.25628775358200073,-1.9229516983032229,0.0,0.0,-0.22307881712913516,0.0,0.0
27.538,-0.018891487270593643,0.21846148371696472,-6.667142391204834,0.24733065068721768,-2.094046115875244,0.0,0.0,-0.29565903544425964,0.0,0.0
27.551,-0.026031455025076863,0.19816105067729953,-9.829379081726074,0.2120962291955948,-2.281241178512573,0.0,0.0,-0.36777412891387934,0.0,0.0
27.564,-0.05771280080080032,0.30164211988449097,-20.005443572998047,0.1379224956035614,-2.6740524768829346,0.0,0.0,-0.49394732713699346,0.0,0.0
27.578,-0.09078508615493774,0.3405277132987976,1.0677069425582886,0.11044396460056304,-2.7223424911499023,0.0,0.0,-0.5725887417793274,0.0,0.0
27.591,-0.02959266677498817,0.25220757722854614,2.3938357830047607,0.15834470093250275,-2.8056266307830806,0.0,0.0,-0.5725887417793274,0.0,0.0
27.604,0.014337322674691675,0.10297179222106934,-10.532475471496582,0.16025444865226746,-2.964245557785034,0.0,0.0,-0.6952980160713196,0.0,0.0
27.618,0.07390788197517395,-0.062154084444046014,-2.0785777568817134,0.20635129511356357,-3.0226812362670894,0.0,0.0,-0.7403912544250488,0.0,0.0
27.631,0.03476792573928833,-0.08505764603614806,-1.1637300252914429,0.1887134313583374,-3.0166978836059566,0.0,0.0,-0.7989320755004883,0.0,0.0
27.644,0.05440857261419296,-0.25562503933906555,3.668457269668579,0.20151463150978088,-3.0713419914245605,0.0,0.0,-0.8392537832260131,0.0,0.0
27.658,0.017793800681829453,-0.25234413146972656,3.2821297645568848,0.17145349085330963,-3.0340256690979004,0.0,0.0,-0.8401842713356018,0.0,0.0
27.671,0.03603080287575722,-0.3414476215839386,-0.7137715816497803,0.21939261257648468,-3.0681796073913574,0.0,0.0,-0.8545310497283934,0.0,0.0
27.684,-0.006426529958844185,-0.3576890230178833,3.437849760055542,0.20863308012485504,-3.129894256591797,0.0,0.0,-0.9089142680168154,0.0,0.0
27.698,0.016272103413939476,-0.3997259140014648,-1.4253526926040647,0.18381863832473755,-3.11147689819336,0.0,0.0,-0.988011956214905,0.0,0.0
27.711,-0.03391078859567642,-0.31644678115844727,0.5660668015480042,0.10137741267681122,-3.0800375938415527,0.0,0.0,-1.074304223060608,0.0,0.0
27.724,-0.05436362698674201,-0.2691738605499268,-8.129507064819336,0.029638357460498806,-3.0904440879821777,0.0,0.0,-1.2281910181045532,0.0,0.0
27.738,-0.061982281506061554,-0.24002951383590695,-1.3124539852142334,-0.0026287636719644074,-3.027137041091919,0.0,0.0,-1.2281910181045532,0.0,0.0
27.751,-0.0072054113261401645,-0.34741872549057007,-8.66786193847656,0.008864794857800009,-3.0916380882263184,0.0,0.0,-1.2849409580230713,0.0,0.0
27.765,-0.0107018006965518,-0.48688989877700806,-5.206136226654053,0.007047744933515787,-3.0065548419952397,0.0,0.0,-1.4097857475280762,0.0,0.0
27.778,-0.005319241434335709,-0.5351687073707581,6.192084789276123,0.004238094203174113,-2.9365053176879883,0.0,0.0,-1.4097857475280762,0.0,0.0
27.791,0.015398879535496237,-0.6095783710479736,-5.894909858703612,-0.015860749408602715,-2.8433849811553955,0.0,0.0,-1.4289439916610718,0.0,0.0
27.804,-0.024637021124362946,-0.7832090854644774,11.145146369934082,-0.08829478919506073,-2.6225347518920894,0.0,0.0,-1.4578135013580322,0.0,0.0
27.818,0.00899614579975605,-0.8609188795089722,-6.072521209716797,-0.10851453244686128,-2.595654964447021,0.0,0.0,-1.4829339981079102,0.0,0.0
27.831,0.022421304136514664,-0.8673656582832336,-2.836927652359009,-0.07749088853597641,-2.6523823738098145,0.0,0.0,-1.5136260986328125,0.0,0.0
27.844,0.030891681089997288,-0.8586740493774414,-5.57940149307251,-0.07131335884332657,-2.717126846313477,0.0,0.0,-1.5635755062103271,0.0,0.0
27.858,-0.022941937670111656,-0.8047688007354736,-2.056396007537842,-0.1370452642440796,-2.7386245727539062,0.0,0.0,-1.6314725875854492,0.0,0.0
27.871,-0.0693131759762764,-0.751679539680481,-6.614394187927246,-0.14998361468315125,-2.8240313529968266,0.0,0.0,-1.6956002712249756,0.0,0.0
27.884,-0.0969954952597618,-0.7515967488288878,-11.112190246582031,-0.18206477165222168,-2.8845973014831543,0.0,0.0,-1.8229515552520752,0.0,0.0
27.898,-0.07030192762613297,-0.8099467158317566,-0.17710402607917786,-0.1469206064939499,-2.920761585235596,0.0,0.0,-1.8229515552520752,0.0,0.0
27.911,-0.063352070748806,-0.8591971397399902,-8.521824836730957,-0.16051951050758362,-2.9233856201171875,0.0,0.0,-1.9150208234786987,0.0,0.0
27.924,-0.07847971469163895,-0.8717315196990967,-12.406702995300291,-0.2363613247871399,-2.9247748851776123,0.0,0.0,-2.026729106903076,0.0,0.0
27.938,-0.03833829611539841,-0.8309490680694579,-7.111488342285156,-0.20931895077228543,-3.050088405609131,0.0,0.0,-2.1139440536499023,0.0,0.0
27.951,-0.018002111464738846,-0.8080148696899414,-4.567278861999512,-0.16053584218025208,-3.138250827789306,0.0,0.0,-2.1139440536499023,0.0,0.0
27.964,-0.051484674215316766,-0.6561275124549866,-17.884807586669922,-0.18227164447307587,-3.227745056152344,0.0,0.0,-2.184065341949463,0.0,0.0
27.978,-0.01855605095624924,-0.6615437269210817,3.658980131149292,-0.20971640944480896,-3.216928720474243,0.0,0.0,-2.191293716430664,0.0,0.0
27.991,-0.007887784391641617,-0.6123764514923096,-2.437041759490967,-0.1573711633682251,-3.291494369506836,0.0,0.0,-2.191293716430664,0.0,0.0
28.004,-0.005587018094956874,-0.5096016526222229,-4.3464884757995605,-0.10330402851104736,-3.282015562057495,0.0,0.0,-2.210609436035156,0.0,0.0
28.018,0.0013868329115211964,-0.4036250710487366,1.4130725860595703,-0.04749418795108795,-3.2762486934661865,0.0,0.0,-2.193336009979248,0.0,0.0
28.031,-0.0553385391831398,-0.31666257977485657,4.139752388000488,-0.06714971363544464,-3.2135744094848637,0.0,0.0,-2.1590373516082764,0.0,0.0
28.044,-0.12020310014486311,-0.16116467118263245,-2.596968412399292,-0.09906819462776184,-3.117488145828247,0.0,0.0,-2.0901756286621094,0.0,0.0
28.058,-0.08699145913124083,-0.101003497838974,1.2357741594314575,-0.04869876801967621,-3.004333972930908,0.0,0.0,-2.037160396575928,0.0,0.0
28.071,-0.042782153934240334,-0.02401357889175415,3.2133488655090328,0.00954456441104412,-2.805048704147339,0.0,0.0,-1.9956014156341555,0.0,0.0
28.084,-0.004318211693316697,0.088743656873703,-0.4753187298774719,0.06123623624444008,-2.590662002563477,0.0,0.0,-1.868475556373596,0.0,0.0
28.098,0.009151243604719639,0.18319693207740784,0.8136570453643799,0.11358561366796494,-2.385589122772217,0.0,0.0,-1.6676918268203735,0.0,0.0
28.111,-0.00925210490822792,0.20226460695266724,8.126627922058105,0.1234494298696518,-2.1428952217102046,0.0,0.0,-1.4985237121582031,0.0,0.0
28.124,0.0014350059209391477,0.27755188941955566,24.46224594116211,0.17653578519821167,-1.4524997472763062,0.0,0.0,-1.2420030832290647,0.0,0.0
28.138,0.011082319542765616,0.2789470851421356,-9.144638061523438,0.22917589545249936,-1.4557123184204102,0.0,0.0,-1.2420030832290647,0.0,0.0
28.151,0.04289592429995537,0.42441302537918085,9.831480026245117,0.28151124715805054,-1.09731125831604,0.0,0.0,-1.0608718395233154,0.0,0.0
28.164,0.00476015591993928,0.48441118001937866,2.372386932373047,0.22820794582366943,-0.5811908841133118,0.0,0.0,-0.8074805736541747,0.0,0.0
28.178,-0.026943476870656013,0.4658303558826447,8.088294982910156,0.1798705756664276,-0.491120308637619,0.0,0.0,-0.7276855111122131,0.0,0.0
28.191,-0.08196131885051726,0.5346305966377257,-8.187880516052246,0.14919260144233704,-0.3195847272872925,0.0,0.0,-0.7276855111122131,0.0,0.0
28.204,-0.13167682290077207,0.5621210336685181,-23.674436569213867,0.09029211103916168,-0.10508231073617937,0.0,0.0,-0.5494157671928406,0.0,0.0
28.218,-0.17264418303966522,0.48312884569168085,-1.490597367286682,0.03139294683933258,0.033363208174705505,0.0,0.0,-0.5161021947860718,0.0,0.0
28.234,-0.20388539135456085,0.4653318524360657,6.814639091491699,-0.02161865681409836,0.13067901134490967,0.0,0.0,-0.5309194326400757,0.0,0.0
28.247,-0.2558336853981018,0.6017277240753174,-30.011795043945312,-0.06578122079372406,0.10736386477947236,0.0,0.0,-0.552122950553894,0.0,0.0
28.261,-0.27045249938964844,0.6162031888961792,-3.86536717414856,-0.1129792109131813,0.1452208012342453,0.0,0.0,-0.5170755386352539,0.0,0.0
28.274,-0.2866695523262024,0.527508020401001,-0.13291239738464355,-0.1700495332479477,0.21062961220741272,0.0,0.0,-0.4192923903465271,0.0,0.0
28.287,-0.31741493940353394,0.33519428968429565,20.404327392578125,-0.21879686415195465,0.5042632222175598,0.0,0.0,-0.3025515377521515,0.0,0.0
28.301,-0.3323194086551666,0.3127122521400452,-11.32572078704834,-0.2645640969276428,0.5475118160247803,0.0,0.0,-0.19608692824840543,0.0,0.0
28.314,-0.3473065495491028,0.2636548578739166,10.24080753326416,-0.31411489844322205,0.7844906449317933,0.0,0.0,-0.09948201477527617,0.0,0.0
28.327,-0.3512512743473053,0.13493292033672333,17.82343864440918,-0.36197885870933527,1.208404779434204,0.0,0.0,0.1403196007013321,0.0,0.0
28.34,-0.36949461698532093,-0.002972520887851715,3.195932388305664,-0.4167081117630005,1.3813188076019287,0.0,0.0,0.24029433727264404,0.0,0.0
28.354,-0.4237206280231476,-0.12629631161689758,-1.2454837560653689,-0.4709516763687134,1.3542702198028564,0.0,0.0,0.24029433727264404,0.0,0.0
28.367,-0.4861489236354828,-0.43870162963867193,21.23431968688965,-0.5255034565925598,1.711223602294922,0.0,0.0,0.4337067902088165,0.0,0.0
28.381,-0.5402316451072693,-0.6419459581375122,-3.348871946334839,-0.5808166861534119,1.86594820022583,0.0,0.0,0.5111688375473024,0.0,0.0
28.394,-0.5979193449020386,-0.8303463459014893,0.8006349205970765,-0.631966233253479,2.0007472038269043,0.0,0.0,0.517262637615204,0.0,0.0
28.408,-0.6114236116409302,-0.8445497751235963,-0.7227725982666015,-0.6847833395004272,1.9626765251159668,0.0,0.0,0.517262637615204,0.0,0.0
28.421,-0.6133565306663513,-0.8958257436752318,17.198734283447266,-0.6717474460601808,2.1280436515808105,0.0,0.0,0.5070446729660033,0.0,0.0
28.434,-0.6077916622161865,-0.8724198937416077,-4.340341567993164,-0.6639941930770874,2.070507049560547,0.0,0.0,0.5075712203979492,0.0,0.0
28.448,-0.5951555371284485,-0.8259204626083374,-9.908509254455566,-0.6758280992507936,1.9758894443511963,0.0,0.0,0.5299965143203736,0.0,0.0
28.461,-0.5999482870101929,-0.8877556920051575,-4.474112510681152,-0.696279525756836,1.9571402072906492,0.0,0.0,0.5299965143203736,0.0,0.0
28.474,-0.6219549179077148,-0.9907714128494263,3.0185937881469727,-0.7501129508018493,1.8807975053787231,0.0,0.0,0.5990124940872192,0.0,0.0
28.488,-0.6335605382919312,-0.9757686853408812,1.4957785606384275,-0.801420271396637,1.782357692718506,0.0,0.0,0.6143642067909241,0.0,0.0
28.501,-0.6046525835990906,-0.8802708387374878,-1.114676833152771,-0.8093860149383546,1.7457953691482544,0.0,0.0,0.6143642067909241,0.0,0.0
28.514,-0.6259225010871887,-0.918519139289856,0.8831888437271118,-0.8464706540107726,1.7371056079864502,0.0,0.0,0.640134871006012,0.0,0.0
28.527,-0.6369566917419434,-0.9820295572280883,8.499187469482422,-0.8305398821830748,1.8344171047210691,0.0,0.0,0.8202556371688842,0.0,0.0
28.542,-0.6649907827377319,-1.0860893726348877,5.896326541900635,-0.836797297000885,1.923605799674988,0.0,0.0,0.9016284346580504,0.0,0.0
28.554,-0.683136522769928,-1.1967860460281372,6.010843753814696,-0.8525526523590088,2.017941951751709,0.0,0.0,0.9016284346580504,0.0,0.0
28.568,-0.7314268350601196,-1.2851324081420898,21.03240776062012,-0.8765427470207214,2.2038497924804688,0.0,0.0,1.0247626304626465,0.0,0.0
28.581,-0.7503607273101807,-1.3404418230056765,3.3709645271301274,-0.8952175378799438,2.250768184661865,0.0,0.0,1.0426781177520752,0.0,0.0
28.594,-0.7230441570281982,-1.2868938446044922,4.408903121948241,-0.8565868735313414,2.3361566066741943,0.0,0.0,1.062000751495361,0.0,0.0
28.608,-0.689415454864502,-1.2725889682769775,0.13797283172607422,-0.8094611167907715,2.410244941711426,0.0,0.0,1.1018182039260864,0.0,0.0
28.621,-0.6650635600090027,-1.2738518714904783,4.343305587768555,-0.7555208206176759,2.4686999320983887,0.0,0.0,1.1591421365737915,0.0,0.0
28.635,-0.6170408725738524,-1.2128931283950806,6.171217441558838,-0.6829726696014404,2.5433008670806885,0.0,0.0,1.2069848775863647,0.0,0.0
28.648,-0.5733614563941956,-1.0789270401000977,13.581722259521484,-0.6052896976470947,2.530728340148926,0.0,0.0,1.3068193197250366,0.0,0.0
28.661,-0.5293459296226501,-1.029707908630371,5.867215633392334,-0.5376927852630615,2.591581344604492,0.0,0.0,1.3068193197250366,0.0,0.0
28.675,-0.5767532587051392,-1.0659818649291992,11.391918182373049,-0.5618061423301697,2.565801858901977,0.0,0.0,1.416743278503418,0.0,0.0
28.688,-0.61463862657547,-0.9560246467590333,23.06329917907715,-0.5388139486312865,2.5561676025390625,0.0,0.0,1.6163079738616943,0.0,0.0
28.702,-0.585613489151001,-0.9055911302566528,-4.84845495223999,-0.4438599050045013,2.6678004264831543,0.0,0.0,1.7204539775848389,0.0,0.0
28.715,-0.5575971007347107,-0.8283584117889404,11.22902774810791,-0.36116680502891535,2.7002992630004883,0.0,0.0,1.7204539775848389,0.0,0.0
28.728,-0.5710108876228333,-0.6713903546333313,37.69023895263672,-0.35104623436927795,2.9104208946228027,0.0,0.0,1.9614605903625488,0.0,0.0
28.742,-0.54927659034729,-0.6549670696258545,4.474792003631592,-0.2792452871799469,3.1437025070190434,0.0,0.0,1.954995393753052,0.0,0.0
28.755,-0.533966898918152,-0.6382282376289368,-5.6540160179138175,-0.21892185509204865,3.2367849349975586,0.0,0.0,1.954995393753052,0.0,0.0
28.768,-0.49134823679924006,-0.6348767876625061,26.78998374938965,-0.1631648987531662,3.422413825988769,0.0,0.0,2.057481050491333,0.0,0.0
28.782,-0.47218286991119385,-0.637056827545166,0.08583515882492065,-0.13038797676563263,3.4816434383392334,0.0,0.0,2.1253795623779297,0.0,0.0
28.795,-0.5140355229377747,-0.6136599779129028,6.7599263191223145,-0.17122524976730347,3.484171867370605,0.0,0.0,2.111144542694092,0.0,0.0
28.808,-0.5597522854804993,-0.5232378244400024,6.724950313568115,-0.22409740090370175,3.3943791389465328,0.0,0.0,2.078202486038208,0.0,0.0
28.822,-0.6004794239997864,-0.4617579579353333,3.9914174079895024,-0.27217093110084534,3.2571864128112797,0.0,0.0,2.0553145408630367,0.0,0.0
28.835,-0.563742458820343,-0.4902364611625672,2.877643585205078,-0.2359437197446823,3.2335305213928223,0.0,0.0,2.012455701828003,0.0,0.0
28.848,-0.5098358392715454,-0.49031722545623774,-11.581496238708496,-0.19571480154991153,3.011098861694336,0.0,0.0,1.838345289230347,0.0,0.0
28.862,-0.44976267218589777,-0.4948480725288391,10.719014167785645,-0.16709256172180176,2.997183322906494,0.0,0.0,1.838345289230347,0.0,0.0
28.875,-0.44891828298568726,-0.4258133172988892,-10.417162895202637,-0.1917841583490372,2.7718796730041504,0.0,0.0,1.750203251838684,0.0,0.0
28.888,-0.4563849866390228,-0.28275039792060846,-8.981890678405762,-0.17772924900054932,2.371243953704834,0.0,0.0,1.4811124801635742,0.0,0.0
28.902,-0.44717729091644287,-0.2328927516937256,-8.600682258605957,-0.1489262729883194,2.205735683441162,0.0,0.0,1.3814742565155027,0.0,0.0
28.915,-0.45145037770271296,-0.21847112476825717,9.716767311096191,-0.14954882860183716,2.2138776779174805,0.0,0.0,1.3814742565155027,0.0,0.0
28.928,-0.46680104732513433,-0.18679967522621155,-24.59543228149414,-0.16872701048851013,1.7840274572372437,0.0,0.0,1.2300066947937012,0.0,0.0
28.943,-0.4988364577293396,-0.17860041558742523,0.05672872066497803,-0.17475543916225433,1.6055672168731687,0.0,0.0,1.1477699279785156,0.0,0.0
28.956,-0.46589261293411255,-0.2037305235862732,1.9698500633239744,-0.1024458110332489,1.5008959770202637,0.0,0.0,1.014997482299805,0.0,0.0
28.969,-0.42433992028236395,-0.24683840572834012,1.313146948814392,-0.03184137120842934,1.3931208848953247,0.0,0.0,0.8758572340011597,0.0,0.0
28.983,-0.3707332611083984,-0.30639714002609253,-0.7980287075042723,0.03753887489438057,1.270228624343872,0.0,0.0,0.8033740520477296,0.0,0.0
28.996,-0.3159980177879333,-0.3595086932182312,-1.2246787548065186,0.1049940660595894,1.1595664024353027,0.0,0.0,0.7721600532531737,0.0,0.0
29.009,-0.26449471712112427,-0.4071787595748901,-0.07205307483673096,0.17131473124027252,1.0783851146697998,0.0,0.0,0.7478281259536742,0.0,0.0
29.023,-0.2345694452524185,-0.4310262799263001,1.0951324701309204,0.23787455260753632,1.0097787380218506,0.0,0.0,0.731799840927124,0.0,0.0
29.036,-0.19926157593727112,-0.46341347694396967,0.7582783699035645,0.3033272624015808,0.9343320131301882,0.0,0.0,0.7240796089172363,0.0,0.0
29.049,-0.1671382039785385,-0.5145409107208252,-3.0563726425170894,0.3577660024166107,0.8147021532058717,0.0,0.0,0.713253915309906,0.0,0.0
29.063,-0.18436992168426516,-0.47686415910720825,8.0857515335083,0.3101980686187744,0.7814502716064453,0.0,0.0,0.6852378249168396,0.0,0.0
29.076,-0.15941232442855835,-0.46540117263793945,0.6726309657096863,0.37259763479232794,0.7268706560134887,0.0,0.0,0.6467110514640808,0.0,0.0
29.089,-0.12674576044082642,-0.49314773082733154,-0.3358796238899231,0.4335402548313141,0.5967849493026732,0.0,0.0,0.5799208283424377,0.0,0.0
29.103,-0.08594017475843428,-0.5368505120277405,-6.689259052276611,0.49487558007240295,0.5386362075805664,0.0,0.0,0.5626065731048584,0.0,0.0
29.116,-0.04092837497591973,-0.6000089645385742,0.7852882146835326,0.5033400058746338,0.49354335665702814,0.0,0.0,0.5626065731048584,0.0,0.0
29.129,-0.05145637318491936,-0.5130491852760315,-12.798495292663574,0.48500695824623113,0.24598419666290283,0.0,0.0,0.5258456468582153,0.0,0.0
29.143,-0.032649226486682885,-0.4870657920837402,-1.5971436500549316,0.5407987833023071,0.11561742424964903,0.0,0.0,0.4731022715568543,0.0,0.0
29.156,-0.009893017821013927,-0.5044675469398499,-7.002460956573486,0.5431397557258606,0.0511564202606678,0.0,0.0,0.40126854181289673,0.0,0.0
29.169,0.01911103166639805,-0.5243251323699951,0.33216923475265503,0.5877150297164917,-0.17794080078601837,0.0,0.0,0.34787777066230774,0.0,0.0
29.183,0.020040385425090793,-0.5485451221466064,-10.399434089660645,0.5862283706665039,-0.30541038513183594,0.0,0.0,0.3050155639648437,0.0,0.0
29.196,0.046969149261713035,-0.5677584409713745,-10.1842041015625,0.5830988883972168,-0.43919837474823,0.0,0.0,0.24505341053009036,0.0,0.0
29.209,0.027900440618395805,-0.48038223385810846,-4.5320658683776855,0.5847413539886475,-0.5530163049697876,0.0,0.0,0.17693638801574707,0.0,0.0
29.223,0.004912057891488075,-0.34912243485450745,-4.871474742889404,0.5344950556755066,-0.661338210105896,0.0,0.0,0.09676523506641391,0.0,0.0
29.236,0.018644535914063454,-0.24473661184310916,-6.5036234855651855,0.5317285656929016,-0.7934221029281616,0.0,0.0,-0.0021668653935194016,0.0,0.0
29.25,-0.02343272417783737,-0.06117138266563416,-19.59220123291016,0.4649383723735809,-1.0958234071731567,0.0,0.0,-0.18134020268917084,0.0,0.0
29.263,-0.010301299393177032,-0.04738910496234894,4.8853373527526855,0.4920386672019959,-1.204054594039917,0.0,0.0,-0.18134020268917084,0.0,0.0
29.277,-0.005552769172936678,0.0280313640832901,-12.190534591674805,0.5323902368545532,-1.3462851047515867,0.0,0.0,-0.25035446882247925,0.0,0.0
29.29,0.03266844153404236,0.23004306852817533,-19.18301010131836,0.5501063466072083,-1.6091148853302002,0.0,0.0,-0.26075661182403564,0.0,0.0
29.303,0.08075354248285292,0.30586713552474976,-11.211740493774414,0.5785493850708008,-1.8993952274322512,0.0,0.0,-0.29316389560699463,0.0,0.0
29.316,0.0969572439789772,0.29474622011184687,6.078048706054688,0.614417314529419,-1.874718189239502,0.0,0.0,-0.29316389560699463,0.0,0.0
29.33,0.15189847350120544,0.29341262578964233,-28.11740493774414,0.666365921497345,-2.2484784126281734,0.0,0.0,-0.2607819437980652,0.0,0.0
29.343,0.1988615840673447,0.15962262451648712,8.293850898742676,0.7082494497299193,-2.197576999664306,0.0,0.0,-0.22913967072963717,0.0,0.0
29.356,0.17577888071537018,0.10054396092891692,11.846769332885742,0.681727945804596,-2.138443946838379,0.0,0.0,-0.21507513523101807,0.0,0.0
29.37,0.167880117893219,-0.01186668872833252,13.16628646850586,0.6586489677429199,-1.9746106863021848,0.0,0.0,-0.16586673259735107,0.0,0.0
29.383,0.1807377189397812,-0.0804288238286972,3.665853261947632,0.6487575173377991,-1.886542558670044,0.0,0.0,-0.11404138058423996,0.0,0.0
29.396,0.1818952709436417,-0.09093339741230012,-0.4918299615383148,0.6206878423690796,-1.8646910190582275,0.0,0.0,-0.07449601590633392,0.0,0.0
29.41,0.16775545477867126,-0.029949054121971127,-0.6079919338226318,0.5455029010772705,-1.8699979782104488,0.0,0.0,-0.05869615823030472,0.0,0.0
29.423,0.1200954020023346,0.10328538715839386,-0.2906039357185364,0.4703240692615509,-1.847506046295166,0.0,0.0,-0.062342163175344474,0.0,0.0
29.436,0.07037960737943649,0.22091940045356753,0.14505833387374878,0.43402257561683655,-1.8203186988830569,0.0,0.0,-0.07354801148176193,0.0,0.0
29.45,0.08655530959367752,0.1767054796218872,-5.625240325927734,0.47851049900054926,-1.7652349472045898,0.0,0.0,-0.09994344413280488,0.0,0.0
29.463,0.1080881729722023,0.111009880900383,-0.5638785362243652,0.47256270051002497,-1.8172495365142824,0.0,0.0,-0.13381148874759674,0.0,0.0
29.476,0.13168051838874817,0.006020575761795044,-2.046574592590332,0.477480262517929,-1.8838534355163572,0.0,0.0,-0.16288816928863523,0.0,0.0
29.49,0.12451006472110748,-0.15139344334602356,-0.0907883048057556,0.44865426421165466,-1.8457463979721067,0.0,0.0,-0.16395553946495056,0.0,0.0
29.503,0.10821554809808732,-0.21588982641696927,7.814827919006347,0.4167928397655487,-1.7416176795959473,0.0,0.0,-0.16395553946495056,0.0,0.0
29.516,0.09237724542617796,-0.2184651345014572,-4.829165458679199,0.347479909658432,-1.6758493185043335,0.0,0.0,-0.13433657586574554,0.0,0.0
29.53,0.1453138142824173,-0.31958866119384766,8.18693733215332,0.40148964524269104,-1.3781592845916748,0.0,0.0,-0.053257964551448815,0.0,0.0
29.543,0.20109477639198303,-0.34366622567176813,-5.440666198730469,0.45044305920600886,-1.348483324050903,0.0,0.0,-0.006266149692237377,0.0,0.0
29.556,0.21960209310054776,-0.361785352230072,-3.129655122756958,0.4531508088111877,-1.3756459951400757,0.0,0.0,0.02862255647778511,0.0,0.0
29.57,0.17442560195922852,-0.3773302435874939,-1.2830659151077273,0.40108856558799744,-1.3654805421829224,0.0,0.0,0.03624115884304047,0.0,0.0
29.583,0.1181410476565361,-0.4318604469299317,-2.5602824687957764,0.3684296607971192,-1.3968675136566162,0.0,0.0,0.016984455287456512,0.0,0.0
29.596,0.06842127442359924,-0.46208828687667847,0.6737731099128723,0.31183966994285583,-1.328343152999878,0.0,0.0,-0.0048876763321459285,0.0,0.0
29.61,0.04803148657083512,-0.4444608092308045,3.06187105178833,0.25756973028182983,-1.197890043258667,0.0,0.0,-0.016012469306588173,0.0,0.0
29.623,0.03423704952001572,-0.3915058970451355,0.61827152967453,0.211976170539856,-1.065619945526123,0.0,0.0,-0.026378583163022995,0.0,0.0
29.636,0.08338652551174164,-0.3309110999107361,-4.618276596069336,0.2692982256412506,-1.0304850339889526,0.0,0.0,-0.06613636761903763,0.0,0.0
29.65,0.11181128025054932,-0.23914244771003723,-0.9230598807334901,0.28820565342903137,-1.0695520639419556,0.0,0.0,-0.1752605140209198,0.0,0.0
29.663,0.13991039991378784,-0.26651233434677124,-6.643679618835449,0.3108161985874176,-1.1214361190795898,0.0,0.0,-0.1752605140209198,0.0,0.0
29.676,0.13623715937137604,-0.33642029762268066,1.0706617832183838,0.30284130573272705,-0.9745986461639404,0.0,0.0,-0.17458978295326233,0.0,0.0
29.69,0.12587369978427887,-0.3192367553710937,-4.02916383743286,0.24980023503303528,-0.8436712026596069,0.0,0.0,-0.15881040692329407,0.0,0.0
29.703,0.1616998016834259,-0.35745418071746826,1.817828059196472,0.24020475149154663,-0.8342744708061217,0.0,0.0,-0.1704653799533844,0.0,0.0
29.716,0.15088094770908356,-0.28987354040145874,-1.7132799625396729,0.22267864644527435,-0.8640862703323363,0.0,0.0,-0.1704653799533844,0.0,0.0
29.73,0.1107536032795906,-0.23779872059822085,-6.5987749099731445,0.1963927447795868,-0.8235883712768554,0.0,0.0,-0.25868088006973267,0.0,0.0
29.743,0.14514482021331787,-0.20994961261749268,-2.566482782363892,0.22259798645973208,-0.8206562995910643,0.0,0.0,-0.3246252238750458,0.0,0.0
29.756,0.10639416426420212,-0.18003353476524353,-1.4330506324768066,0.16506697237491608,-0.8004093170166015,0.0,0.0,-0.37257435917854315,0.0,0.0
29.77,0.061405561864376075,-0.15744927525520325,-3.7874388694763184,0.10237659513950348,-0.7784640789031982,0.0,0.0,-0.41031444072723383,0.0,0.0
29.783,0.05031564459204674,-0.117915041744709,-5.618952751159668,0.044957391917705536,-0.781038761138916,0.0,0.0,-0.45627132058143616,0.0,0.0
29.796,0.07242290675640106,-0.0718487799167633,-5.487699031829834,0.0924014002084732,-0.8327902555465697,0.0,0.0,-0.5074957609176636,0.0,0.0
29.81,0.10501199215650558,-0.052143074572086334,-3.5467183589935303,0.14193470776081085,-0.8579065203666686,0.0,0.0,-0.5553876161575316,0.0,0.0
29.823,0.1355072408914566,-0.07917118072509764,-5.312148571014404,0.1886626780033112,-0.8318851590156555,0.0,0.0,-0.6010090112686157,0.0,0.0
29.836,0.109766885638237,-0.06891544163227081,-1.945312261581421,0.14624029397964478,-0.798896551132202,0.0,0.0,-0.6242659091949463,0.0,0.0
29.85,0.061022065579891205,0.02412557601928711,-3.736196279525757,0.0846831798553467,-0.8128736019134521,0.0,0.0,-0.6313887238502502,0.0,0.0
29.863,0.007692753337323666,-0.00017642229795455933,1.309257745742798,0.027446076273918152,-0.8183516263961792,0.0,0.0,-0.6897811889648438,0.0,0.0
29.876,0.023632653057575222,0.04568158462643624,-5.117424488067627,0.03990408778190613,-0.8087771534919738,0.0,0.0,-0.6897811889648438,0.0,0.0
29.89,0.01917275972664356,0.1005762815475464,-7.2974324226379395,0.07177993655204773,-0.7880089879035949,0.0,0.0,-0.7960466146469117,0.0,0.0
29.903,0.024348413571715355,0.11693058162927628,7.637402057647706,0.07693955302238464,-0.766121208667755,0.0,0.0,-0.763412058353424,0.0,0.0
29.916,0.024841343984007835,0.07480022311210632,-2.488589286804199,0.10646717250347136,-0.7657095193862915,0.0,0.0,-0.763412058353424,0.0,0.0
29.93,0.007770031690597534,0.19004270434379575,9.486289024353027,0.06269656121730804,-0.5777933597564697,0.0,0.0,-0.6659627556800841,0.0,0.0
29.943,-0.012101026251912115,0.367114394903183,-3.3404185771942134,0.020055409520864487,-0.5469253063201904,0.0,0.0,-0.7093600630760193,0.0,0.0
29.956,-0.061732392758131034,0.49447652697563166,-10.939000129699709,-0.006548016797751188,-0.5834147930145264,0.0,0.0,-0.80502450466156,0.0,0.0
29.97,-0.11651349067687988,0.48332440853118896,-10.72525691986084,-0.043898221105337136,-0.6113652586936951,0.0,0.0,-0.9135705828666688,0.0,0.0
29.983,-0.13771148025989532,0.3849564790725708,0.4667937755584717,-0.07618949562311171,-0.6393485069274902,0.0,0.0,-0.9659450054168701,0.0,0.0
29.997,-0.09603744745254515,0.32224208116531367,9.6712589263916,-0.04817945882678032,-0.5689307451248169,0.0,0.0,-0.950413167476654,0.0,0.0
30.01,-0.10699598491191864,-0.29437336325645447,3.46579384803772,-0.07811770588159561,-0.2739902138710022,0.0,0.0,-0.887704610824585,0.0,0.0
30.023,-0.11590051651000977,-0.23613598942756653,-1.3568669557571411,-0.12202507257461548,-0.250995010137558,0.0,0.0,-0.8283053040504454,0.0,0.0
30.036,-0.13124816119670868,-0.16788822412490845,-2.3960909843444824,-0.18593780696392057,-0.1767464131116867,0.0,0.0,-0.8376160860061644,0.0,0.0
30.05,-0.17144012451171875,0.15299072861671448,-17.582738876342773,-0.20133262872695923,-0.3351038098335266,0.0,0.0,-1.0216519832611084,0.0,0.0
30.063,-0.16695016622543335,0.2284572124481201,0.006430596113204956,-0.1784602850675583,-0.4104248285293579,0.0,0.0,-1.0216519832611084,0.0,0.0
30.076,-0.16133859753608704,0.14142990112304688,-0.10509788990020752,-0.16195620596408844,-0.39731898903846735,0.0,0.0,-1.0409470796585083,0.0,0.0
30.09,-0.1881677210330963,-0.0462239533662796,10.433300971984863,-0.18923774361610413,-0.4645457267761231,0.0,0.0,-0.9783712029457091,0.0,0.0
30.103,-0.2497557103633881,-0.006855696439743042,6.650671005249024,-0.24956946074962616,-0.5331996083259584,0.0,0.0,-1.0039434432983398,0.0,0.0
30.117,-0.3103204667568207,-0.04392112791538239,-1.9561394453048704,-0.3094668686389923,-0.5371097326278688,0.0,0.0,-1.0039434432983398,0.0,0.0
30.13,-0.33732345700263977,0.1865109503269196,-17.788557052612305,-0.3442261219024658,-0.5345914959907532,0.0,0.0,-1.1657227277755735,0.0,0.0
30.144,-0.31836262345314026,0.1720156967639923,-8.814829826354979,-0.33010828495025635,-0.5277183055877686,0.0,0.0,-1.1674065589904783,0.0,0.0
30.157,-0.274780809879303,0.16615381836891174,2.055604696273804,-0.30217185616493225,-0.6270787119865417,0.0,0.0,-1.0153642892837524,0.0,0.0
30.17,-0.25667288899421686,0.14514365792274475,10.854148864746094,-0.29897937178611755,-0.7155313491821289,0.0,0.0,-0.8774449825286865,0.0,0.0
30.184,-0.3122406303882599,0.07387627661228181,12.368599891662598,-0.3429298996925354,-0.6669672727584839,0.0,0.0,-0.9175086021423341,0.0,0.0
30.197,-0.34058648347854614,0.057074137032032006,8.979641914367678,-0.3812914192676544,-0.554558277130127,0.0,0.0,-0.9956307411193848,0.0,0.0
30.21,-0.35470408201217646,0.017796091735363007,0.9292960166931152,-0.40511438250541687,-0.3712761998176575,0.0,0.0,-0.8963805437088013,0.0,0.0
30.224,-0.37145635485649114,0.06573723256587982,-0.9740889072418213,-0.4571291208267212,-0.3132307529449463,0.0,0.0,-0.8963805437088013,0.0,0.0
30.237,-0.35303452610969543,0.11251115798950195,-11.086066246032717,-0.435573935508728,-0.3530127704143524,0.0,0.0,-0.9053232669830321,0.0,0.0
30.25,-0.3469417989253998,0.272607684135437,-10.556977272033691,-0.40053364634513855,-0.5222504734992981,0.0,0.0,-1.001699447631836,0.0,0.0
30.263,-0.3489639461040497,0.34410545229911804,6.661636829376221,-0.3733187913894653,-0.5547049045562744,0.0,0.0,-0.9892603158950803,0.0,0.0
30.277,-0.3834599852561951,0.23975789546966556,1.2896060943603516,-0.39422169327735906,-0.6149841547012329,0.0,0.0,-0.9892603158950803,0.0,0.0
30.29,-0.4376271665096283,0.1661500632762909,9.926077842712402,-0.44157350063323975,-0.7267810702323914,0.0,0.0,-1.002735614776611,0.0,0.0
30.304,-0.4659413695335388,0.18267711997032168,-2.8705537319183354,-0.5059232711791992,-0.7276834249496461,0.0,0.0,-1.0208158493041992,0.0,0.0
30.317,-0.48733112215995783,0.16559788584709167,-1.31003999710083,-0.570234477519989,-0.699999213218689,0.0,0.0,-1.038935303688049,0.0,0.0
30.335,-0.4862049818038941,0.1859005093574524,-6.517436981201172,-0.6065788865089417,-0.663311243057251,0.0,0.0,-1.067823886871338,0.0,0.0
30.344,-0.4660021960735321,0.1967588812112808,2.420693635940552,-0.5782477855682373,-0.6971215009689331,0.0,0.0,-1.067823886871338,0.0,0.0
30.357,-0.45158514380455017,0.2024411261081696,-16.72964859008789,-0.5421789288520813,-0.908825635910034,0.0,0.0,-1.1173875331878662,0.0,0.0
30.37,-0.5071410536766052,0.16052986681461334,-7.899659633636474,-0.5940011143684387,-1.0047708749771118,0.0,0.0,-1.1781530380249023,0.0,0.0
30.384,-0.5369174480438232,0.17994004487991333,-5.481505393981934,-0.6113797426223755,-1.1019258499145508,0.0,0.0,-1.2774242162704468,0.0,0.0
30.397,-0.5287697315216064,0.24848143756389615,2.9538094997406006,-0.5744627714157104,-1.2577699422836304,0.0,0.0,-1.4232923984527588,0.0,0.0
30.41,-0.5834145545959473,0.17710527777671814,4.978640079498291,-0.6105358600616455,-1.3169294595718384,0.0,0.0,-1.4232923984527588,0.0,0.0
30.424,-0.6167383790016174,0.06358385086059569,6.152419567108153,-0.649385392665863,-1.3304812908172607,0.0,0.0,-1.410438895225525,0.0,0.0
30.437,-0.6066606640815735,-0.09615394473075865,-1.0944217443466189,-0.6568248271942139,-1.2397079467773438,0.0,0.0,-1.374025821685791,0.0,0.0
30.45,-0.5722200274467468,-0.05944064259529114,-2.0163862705230717,-0.6320095658302307,-1.256436109542847,0.0,0.0,-1.3401672840118408,0.0,0.0
30.466,-0.5374720096588135,-0.026024654507637024,3.066757202148437,-0.5891119241714478,-1.21034574508667,0.0,0.0,-1.2928491830825806,0.0,0.0
30.477,-0.5666412711143494,-0.08070757985115051,11.832216262817385,-0.6357240676879883,-0.9997174739837646,0.0,0.0,-1.197786808013916,0.0,0.0
30.49,-0.5582600235939026,-0.10521043092012404,-5.351033687591553,-0.6498351097106934,-0.9511146545410156,0.0,0.0,-1.2120332717895508,0.0,0.0
30.504,-0.5695429444313049,-0.1396985799074173,1.911824941635132,-0.6308956742286682,-0.9605028629302977,0.0,0.0,-1.2120332717895508,0.0,0.0
30.517,-0.5866848230361938,-0.18493255972862244,3.2345116138458248,-0.6308958530426025,-0.9956802129745485,0.0,0.0,-1.3007171154022217,0.0,0.0
30.53,-0.6031420826911926,-0.21979327499866488,10.072713851928713,-0.622307538986206,-0.9560781121253968,0.0,0.0,-1.2775049209594729,0.0,0.0
30.544,-0.643113911151886,-0.2972401976585388,9.423502922058104,-0.6326530575752257,-0.8640431761741638,0.0,0.0,-1.1706639528274536,0.0,0.0
30.557,-0.6663384437561035,-0.35222023725509644,11.045166969299316,-0.6568015813827515,-0.6474968194961548,0.0,0.0,-1.0243228673934937,0.0,0.0
30.57,-0.6806856989860535,-0.3881362974643707,2.689542531967163,-0.6808457970619202,-0.46214300394058233,0.0,0.0,-0.9167065620422364,0.0,0.0
30.584,-0.6446951627731323,-0.3058266341686249,-5.056129455566406,-0.6742169857025146,-0.3513789474964142,0.0,0.0,-0.8988958597183228,0.0,0.0
30.597,-0.6289010643959044,-0.18113820254802704,-3.7905871868133545,-0.6632257699966431,-0.2649598717689514,0.0,0.0,-0.9356343746185303,0.0,0.0
30.61,-0.6180709600448608,-0.1574272662401199,2.7857756614685054,-0.6470234394073486,-0.21301104128360748,0.0,0.0,-0.9261190891265869,0.0,0.0
30.624,-0.6122753620147705,-0.22093136608600616,6.473462104797363,-0.6253644824028015,-0.2592768669128418,0.0,0.0,-0.840296745300293,0.0,0.0
30.637,-0.6533323526382446,-0.2914845049381256,18.25540542602539,-0.6550583839416504,-0.2622792720794678,0.0,0.0,-0.6516294479370117,0.0,0.0
30.65,-0.6873151659965515,-0.36867895722389216,12.557641983032228,-0.6876726746559143,-0.11852551996707916,0.0,0.0,-0.6516294479370117,0.0,0.0
30.664,-0.705666720867157,-0.35426437854766846,-2.9087841510772705,-0.7180751562118529,-0.031601592898368835,0.0,0.0,-0.5455121994018555,0.0,0.0
30.677,-0.7218056917190551,-0.26286208629608154,31.846364974975582,-0.7596247196197511,0.4227047264575958,0.0,0.0,-0.3335076868534088,0.0,0.0
30.69,-0.7052466869354248,-0.3398507833480835,-4.650825023651123,-0.7807492613792419,0.6252261996269226,0.0,0.0,-0.23295818269252777,0.0,0.0
30.704,-0.6700617671012878,-0.3101368248462677,6.962488651275635,-0.7312155961990355,0.679633378982544,0.0,0.0,-0.23295818269252777,0.0,0.0
30.717,-0.6928771138191223,-0.2674593925476074,5.845466613769531,-0.7643177509307861,0.8471732139587401,0.0,0.0,-0.1244104504585266,0.0,0.0
30.73,-0.7322251796722413,-0.25467610359191895,-3.180214166641236,-0.816546618938446,0.8490554094314574,0.0,0.0,-0.06205674633383751,0.0,0.0
30.745,-0.7635276317596436,-0.2507164776325226,0.9519550800323486,-0.8592237830162048,0.8405424952507019,0.0,0.0,-0.08023282885551453,0.0,0.0
30.758,-0.7231631278991699,-0.16336113214492798,10.735638618469238,-0.8209682703018188,0.8425426483154298,0.0,0.0,-0.11930885910987854,0.0,0.0
30.771,-0.6971700191497803,-0.14619484543800354,8.642797470092773,-0.7797805070877075,0.8595130443572998,0.0,0.0,-0.011924419552087784,0.0,0.0
30.785,-0.6847578287124634,-0.1224977970123291,5.729553699493408,-0.7825246453285217,0.8483714461326598,0.0,0.0,0.11259995400905608,0.0,0.0
30.798,-0.6817816495895386,-0.01567932963371277,-1.3004813194274902,-0.8010066151618956,0.8191121816635133,0.0,0.0,0.03289319574832916,0.0,0.0
30.811,-0.6802960634231568,-0.02587100863456726,-3.246948003768921,-0.8223109245300293,0.811250865459442,0.0,0.0,0.03289319574832916,0.0,0.0
30.825,-0.6371455192565918,-0.0027824640274047847,-3.2123677730560303,-0.7659661173820494,0.8421611189842224,0.0,0.0,-0.00731100235134363,0.0,0.0
30.838,-0.6083202362060547,-0.10522529482841492,-1.20776629447937,-0.7273788452148436,0.7781634330749511,0.0,0.0,0.21595486998558044,0.0,0.0
30.851,-0.5694375038146973,-0.036281377077102654,7.849556922912597,-0.6678712368011475,0.6955496072769165,0.0,0.0,0.27456551790237427,0.0,0.0
30.865,-0.5748311877250672,-0.10655692219734192,-1.3004354238510132,-0.6913018822669983,0.6891181468963623,0.0,0.0,0.27456551790237427,0.0,0.0
30.878,-0.5586599707603456,-0.11961793899536131,6.1192407608032235,-0.6506488919258118,0.6252906322479248,0.0,0.0,0.4453049302101135,0.0,0.0
30.891,-0.585393488407135,-0.10801175236701964,0.779737114906311,-0.662642240524292,0.6587363481521606,0.0,0.0,0.5492005348205566,0.0,0.0
30.905,-0.6142720580101013,-0.07285328209400177,2.0809268951416016,-0.6801441311836243,0.6447659134864807,0.0,0.0,0.6063239574432373,0.0,0.0
30.918,-0.6090760827064513,0.00810336135327816,5.347296237945557,-0.6409773230552673,0.7372854948043822,0.0,0.0,0.6209455728530884,0.0,0.0
30.931,-0.5843636393547058,0.09220550209283827,3.7909224033355713,-0.580768346786499,0.7850541472434996,0.0,0.0,0.6565853953361511,0.0,0.0
30.945,-0.6164331436157227,0.09011260420084,4.0445051193237305,-0.5890105962753296,0.8404557108879089,0.0,0.0,0.7341876029968261,0.0,0.0
30.958,-0.5977558493614197,-0.09437943994998933,16.452272415161133,-0.5577691197395325,1.1172667741775513,0.0,0.0,0.816111922264099,0.0,0.0
30.971,-0.6007595658302307,-0.11146481335163116,-0.8551887869834901,-0.5514756441116333,1.2217636108398438,0.0,0.0,0.9224342703819275,0.0,0.0
30.985,-0.5479851365089417,-0.21975781023502353,14.138075828552246,-0.49402755498886103,1.4568833112716677,0.0,0.0,1.0912686586380005,0.0,0.0
30.998,-0.4884476363658905,-0.41619113087654114,24.837377548217773,-0.4286549985408783,1.8697006702423096,0.0,0.0,1.3185343742370603,0.0,0.0
31.011,-0.4340291619300842,-0.45933398604393005,3.703594207763672,-0.35058924555778503,2.081088066101074,0.0,0.0,1.3185343742370603,0.0,0.0
31.025,-0.3840942680835724,-0.4914494156837464,-0.9127154946327208,-0.29662853479385376,2.1867494583129883,0.0,0.0,1.3908202648162842,0.0,0.0
31.038,-0.42244482040405273,-0.5591118931770325,13.106243133544922,-0.3429613709449768,2.3727176189422607,0.0,0.0,1.537196159362793,0.0,0.0
31.051,-0.45216330885887146,-0.5939279794692993,-1.8397718667984009,-0.38182178139686573,2.410421848297119,0.0,0.0,1.565243124961853,0.0,0.0
31.065,-0.4193250834941864,-0.5947210788726808,1.803906202316284,-0.3505826592445373,2.4883213043212886,0.0,0.0,1.565243124961853,0.0,0.0
31.078,-0.3815229237079621,-0.5205121040344238,-4.8728227615356445,-0.29179716110229487,2.420719861984253,0.0,0.0,1.5064235925674438,0.0,0.0
31.091,-0.35181963443756104,-0.4270028173923493,-6.275599956512451,-0.2523571252822876,2.2909061908721924,0.0,0.0,1.4523274898529053,0.0,0.0
31.105,-0.3874145448207855,-0.3605279922485352,-6.425821781158447,-0.28216978907585144,2.1757259368896484,0.0,0.0,1.379874587059021,0.0,0.0
31.118,-0.3691890239715576,-0.2706461548805237,-11.741588592529297,-0.2751052975654602,1.8501302003860476,0.0,0.0,1.2881510257720947,0.0,0.0
31.131,-0.4052525460720062,-0.23404727876186368,-11.531656265258787,-0.3215197324752808,1.5947710275650024,0.0,0.0,1.183804631233215,0.0,0.0
31.145,-0.4240171313285828,-0.2095451653003693,-13.04096221923828,-0.349296510219574,1.3626309633255005,0.0,0.0,1.0769267082214355,0.0,0.0
31.158,-0.4380857944488525,-0.1053597927093506,-23.465585708618164,-0.3908714354038239,1.0468387603759766,0.0,0.0,0.9673519134521484,0.0,0.0
31.171,-0.4472014904022217,-0.09388959407806396,5.54659366607666,-0.3904379606246948,0.9712024331092833,0.0,0.0,0.8710603713989258,0.0,0.0
31.185,-0.40409666299819946,-0.009885050356388092,-8.26923656463623,-0.3393097519874573,0.8515849709510803,0.0,0.0,0.7810552120208739,0.0,0.0
31.198,-0.3628513216972351,0.023672409355640408,-7.938171863555907,-0.2852952778339386,0.7481811642646788,0.0,0.0,0.6282796263694763,0.0,0.0
31.211,-0.36643931269645685,-0.03550897538661957,0.23804828524589536,-0.3142932057380676,0.6948479413986206,0.0,0.0,0.6282796263694763,0.0,0.0
31.225,-0.37072718143463135,-0.0883391425013542,0.3447622060775757,-0.33135396242141724,0.6308779120445251,0.0,0.0,0.6399650573730469,0.0,0.0
31.238,-0.3375826179981232,-0.25471293926239014,3.9749040603637695,-0.28816744685173035,0.7156044244766235,0.0,0.0,0.6707751750946045,0.0,0.0
31.251,-0.292954683303833,-0.33300456404685974,3.52370285987854,-0.23285661637783048,0.8625513315200805,0.0,0.0,0.6748024225234985,0.0,0.0
31.265,-0.243091881275177,-0.3380597233772278,-0.18914043903350833,-0.16972480714321136,0.8898236751556396,0.0,0.0,0.6748024225234985,0.0,0.0
31.278,-0.23077134788036344,-0.1804217994213104,9.520037651062013,-0.10944458842277528,0.867548942565918,0.0,0.0,0.7219818830490112,0.0,0.0
31.291,-0.212692067027092,-0.20405741035938263,-1.0571413040161133,-0.047036655247211456,0.8821850419044495,0.0,0.0,0.8007588386535645,0.0,0.0
31.305,-0.19597266614437103,-0.3019149899482727,-0.17834678292274475,0.01214686781167984,0.9371287226676942,0.0,0.0,0.8007588386535645,0.0,0.0
31.318,-0.16595561802387238,-0.39245736598968506,16.904695510864258,0.07585185766220093,1.152892827987671,0.0,0.0,0.9553553462028505,0.0,0.0
31.331,-0.18991346657276156,-0.4184130132198334,14.205166816711426,0.08073701709508896,1.3493413925170898,0.0,0.0,1.049949049949646,0.0,0.0
31.345,-0.13822148740291595,-0.45431333780288696,12.704126358032228,0.15322846174240112,1.5669859647750854,0.0,0.0,1.1535021066665647,0.0,0.0
31.358,-0.08549923449754715,-0.4775937497615814,10.186220169067385,0.21743765473365784,1.7354344129562378,0.0,0.0,1.3288891315460205,0.0,0.0
31.371,-0.023955624550580975,-0.5628248453140259,3.354786157608032,0.25792196393013,1.8468308448791504,0.0,0.0,1.4315155744552612,0.0,0.0
31.385,0.018536899238824844,-0.5931092500686646,0.630873441696167,0.28382739424705505,1.9421093463897705,0.0,0.0,1.3730487823486328,0.0,0.0
31.398,-0.007567737251520159,-0.40139707922935486,-3.740224123001098,0.2568328380584717,1.861033916473389,0.0,0.0,1.32850980758667,0.0,0.0
31.411,-0.007624112069606781,-0.36531364917755127,-3.578084707260132,0.2445623278617859,1.872095823287964,0.0,0.0,1.32850980758667,0.0,0.0
31.425,-0.03934913128614426,-0.2723728716373444,-8.414567947387694,0.20695015788078308,1.7329120635986328,0.0,0.0,1.2858601808547974,0.0,0.0
31.438,-0.043941326439380646,-0.18454964458942413,-7.9321813583374015,0.18794651329517365,1.607997179031372,0.0,0.0,1.2246512174606323,0.0,0.0
31.451,-0.07820799946784973,0.009086139500141146,-23.952939987182617,0.16162660717964172,1.2858402729034424,0.0,0.0,1.1113046407699585,0.0,0.0
31.467,-0.08104817569255829,0.011369101703166962,9.790804862976074,0.15520493686199188,1.3147118091583252,0.0,0.0,1.1113046407699585,0.0,0.0
31.48,-0.0814012959599495,0.08670374751091003,-19.84279441833496,0.15309476852416992,1.056204080581665,0.0,0.0,1.0442836284637451,0.0,0.0
31.494,-0.09032392501831055,0.09482305496931075,4.880158424377441,0.1405790150165558,0.9892435669898986,0.0,0.0,1.0349909067153933,0.0,0.0
31.507,-0.08770010620355606,0.07802298665046693,3.833971738815308,0.11841233819723128,0.9486774206161501,0.0,0.0,1.0353100299835205,0.0,0.0
31.52,-0.03480266034603119,0.00963834673166275,3.5107545852661133,0.1743588745594025,0.9670499563217165,0.0,0.0,1.0399110317230225,0.0,0.0
31.534,0.01863089390099049,-0.09729385375976561,0.7744073867797852,0.22461192309856412,0.9813820123672483,0.0,0.0,1.0542290210723877,0.0,0.0
31.547,0.07488843053579329,-0.2366690933704376,-4.654249668121338,0.24155268073081967,0.946201741695404,0.0,0.0,1.0783424377441406,0.0,0.0
31.56,0.13074259459972382,-0.49939402937889094,-24.876640319824215,0.25296589732170105,0.7736229896545409,0.0,0.0,1.1010878086090088,0.0,0.0
31.573,0.12191550433635712,-0.524949848651886,4.890511989593506,0.25098174810409546,0.7431406378746032,0.0,0.0,1.1010878086090088,0.0,0.0
31.587,0.07803590595722198,-0.5094249844551086,1.4894306659698486,0.23042823374271396,0.7305236458778381,0.0,0.0,1.0759170055389404,0.0,0.0
31.6,0.042297456413507455,-0.3627825081348419,10.918628692626951,0.18877469003200528,0.7620314359664917,0.0,0.0,1.0104767084121704,0.0,0.0
31.614,0.0026413970626890655,-0.30718284845352173,-5.167177200317383,0.14830699563026428,0.7393466234207153,0.0,0.0,1.0104767084121704,0.0,0.0
31.627,0.030665604397654533,-0.2512127459049225,-3.6086125373840328,0.19132000207901,0.6899693012237549,0.0,0.0,0.9707074761390686,0.0,0.0
31.64,0.04539984837174416,-0.1506328582763672,-5.238358497619629,0.2350241392850876,0.5489036440849304,0.0,0.0,0.9015517234802246,0.0,0.0
31.653,0.07145843654870987,-0.14284691214561462,-3.930895566940308,0.2515823245048523,0.42489042878150945,0.0,0.0,0.7911038398742675,0.0,0.0
31.667,0.04374693334102631,-0.13640925288200378,-4.697137832641602,0.23015862703323364,0.3204336762428284,0.0,0.0,0.7911038398742675,0.0,0.0
31.68,0.03055950067937374,-0.08634550869464874,-13.648382186889648,0.1708657443523407,-0.03698226809501648,0.0,0.0,0.8016881942749022,0.0,0.0
31.693,0.016972381621599197,0.07417368143796922,-14.102022171020508,0.14243902266025543,-0.3077114522457123,0.0,0.0,0.9831775426864624,0.0,0.0
31.707,0.03853494301438332,0.1342991441488266,-4.356848239898682,0.1970270872116089,-0.402398943901062,0.0,0.0,0.719738781452179,0.0,0.0
31.72,0.09396436065435408,0.20141682028770447,11.750911712646484,0.2572784721851349,-0.37133371829986567,0.0,0.0,0.6327775716781616,0.0,0.0
31.734,0.1309451162815094,0.24592374265193936,14.96152687072754,0.2989664673805237,-0.3245736360549927,0.0,0.0,0.8308475017547606,0.0,0.0
31.747,0.16536200046539307,0.11026507616043092,11.20402717590332,0.3474145233631134,-0.2520706355571747,0.0,0.0,0.8996403217315674,0.0,0.0
31.76,0.1846808046102524,-0.038275938481092446,3.9658269882202153,0.3620650470256805,-0.06176423281431198,0.0,0.0,0.8949801921844481,0.0,0.0
31.773,0.17981062829494476,-0.03453833609819412,-10.929347038269045,0.2973990738391876,-0.023096024990081787,0.0,0.0,0.8840321302413939,0.0,0.0
31.787,0.13657164573669434,0.05027157068252564,-3.7159903049468994,0.2462032288312912,0.05478427931666374,0.0,0.0,0.853291153907776,0.0,0.0
31.8,0.09249937534332275,0.16541504859924316,-15.23710823059082,0.210933119058609,0.018196707591414448,0.0,0.0,0.7221111655235289,0.0,0.0
31.814,0.10386457294225691,0.14759959280490875,8.572087287902832,0.2718474268913269,0.04527057334780693,0.0,0.0,0.6941127777099609,0.0,0.0
31.827,0.1605744510889053,0.1217525452375412,8.96574592590332,0.3396649658679962,0.14459797739982605,0.0,0.0,0.6751776933670044,0.0,0.0
31.84,0.21418122947216037,0.07981355488300323,5.108555316925049,0.4048191606998444,0.27489498257637024,0.0,0.0,0.6328397393226624,0.0,0.0
31.854,0.20321974158287048,0.08373387902975081,-1.6216087341308594,0.3861960172653198,0.26007410883903503,0.0,0.0,0.5701162815093994,0.0,0.0
31.867,0.19887126982212067,0.09518460929393768,-3.6364026069641113,0.3766967952251434,0.17611762881278992,0.0,0.0,0.4797953069210053,0.0,0.0
31.88,0.1921658515930176,0.038353215903043754,-15.875650405883787,0.3268590569496155,0.1910081207752228,0.0,0.0,0.40157368779182434,0.0,0.0
31.893,0.22502151131629944,-0.0018508248031139372,-0.520037829875946,0.30916211009025574,0.21052080392837524,0.0,0.0,0.3567720651626587,0.0,0.0
31.907,0.1841081380844116,-0.01855043321847916,-3.5503349304199214,0.25444158911705017,0.17576095461845398,0.0,0.0,0.3074415922164917,0.0,0.0
31.92,0.19589403271675113,-0.008818648755550385,-6.324028491973877,0.23201249539852145,0.07623501121997833,0.0,0.0,0.23625990748405457,0.0,0.0
31.934,0.1865176111459732,-0.014512721449136734,0.4435144364833832,0.22184601426124573,0.06685646623373032,0.0,0.0,0.16327545046806335,0.0,0.0
31.947,0.1979593485593796,-0.04666688293218613,-1.380898356437683,0.27285248041152954,0.08899194002151489,0.0,0.0,0.11752060800790788,0.0,0.0
31.96,0.22622701525688169,-0.08774865418672562,9.369553565979006,0.3255535364151001,0.1956515908241272,0.0,0.0,0.08234284818172455,0.0,0.0
31.973,0.25815033912658686,-0.10929916799068452,-6.8142499923706055,0.37939426302909846,0.18316499888896945,0.0,0.0,0.08234284818172455,0.0,0.0
31.987,0.2861689329147339,-0.12229084968566896,-2.64369797706604,0.3851376473903656,0.17207081615924835,0.0,0.0,0.03397083282470703,0.0,0.0
32.0,0.25150004029273987,-0.13179731369018555,-17.33539581298828,0.3357867896556854,0.009951729327440258,0.0,0.0,-0.06613042950630188,0.0,0.0
32.013,0.25774723291397095,-0.12975424528121948,2.507171630859375,0.32958921790122986,-0.028796356171369556,0.0,0.0,-0.09689374268054962,0.0,0.0
32.027,0.2172618508338928,-0.11861127614974976,0.20472434163093567,0.33101952075958246,-0.0611969530582428,0.0,0.0,-0.09689374268054962,0.0,0.0
32.04,0.23618121445178983,-0.1259368062019348,-2.0066878795623775,0.3827435374259949,-0.0348401740193367,0.0,0.0,-0.1678242385387421,0.0,0.0
32.053,0.27560609579086304,-0.1338687390089035,1.667148232460022,0.4361311495304108,0.013068459928035736,0.0,0.0,-0.1811988353729248,0.0,0.0
32.067,0.3054603636264801,-0.09662969410419464,2.182553768157959,0.4880366921424866,0.05079325288534165,0.0,0.0,-0.1944590061903,0.0,0.0
32.08,0.2778695821762085,-0.11435218155384064,-1.9184806346893313,0.440187931060791,0.0779658332467079,0.0,0.0,-0.2006301581859589,0.0,0.0
32.093,0.2531319558620453,-0.115603506565094,-1.9286127090454104,0.39545202255249023,0.06582857668399811,0.0,0.0,-0.203345000743866,0.0,0.0
32.107,0.2108847051858902,-0.12591367959976196,-2.406710624694824,0.3442035913467407,0.021539185196161274,0.0,0.0,-0.20947581529617312,0.0,0.0
32.12,0.19057241082191467,-0.1210782527923584,-0.4375967979431152,0.33979210257530207,0.018315330147743225,0.0,0.0,-0.17443503439426422,0.0,0.0
32.134,0.20162101089954376,-0.12485431134700777,3.6625905036926274,0.3915506303310394,0.0716332346200943,0.0,0.0,-0.1830216348171234,0.0,0.0
32.147,0.2416732758283615,-0.14449883997440338,1.8353360891342163,0.4463687539100647,0.11725050956010818,0.0,0.0,-0.2680807113647461,0.0,0.0
32.16,0.22838549315929413,-0.19188341498374936,2.5992131233215328,0.40258044004440313,0.1998591721057892,0.0,0.0,-0.22313404083251956,0.0,0.0
32.174,0.2155828028917313,-0.23394712805747983,-2.270314216613769,0.3847601711750031,0.24291740357875824,0.0,0.0,-0.1606019139289856,0.0,0.0
32.187,0.24431626498699188,-0.20941384136676788,1.7586433887481687,0.4220631718635559,0.24162204563617704,0.0,0.0,-0.23987127840518951,0.0,0.0
32.2,0.21107043325901031,-0.15088126063346863,1.3699913024902344,0.37595486640930176,0.21990966796875,0.0,0.0,-0.2915358245372772,0.0,0.0
32.214,0.18274925649166107,-0.0285760760307312,-0.5964238047599792,0.37014010548591614,0.21853028237819672,0.0,0.0,-0.33115154504776,0.0,0.0
32.227,0.166148841381073,0.009547770023345949,1.0440459251403809,0.35033470392227173,0.20562335848808289,0.0,0.0,-0.30974844098091125,0.0,0.0
32.24,0.17532004415988922,-0.006376102566719055,-3.0739998817443848,0.3535181581974029,0.24230429530143735,0.0,0.0,-0.30974844098091125,0.0,0.0
32.254,0.15938156843185425,-0.04529762268066406,0.6335025429725647,0.3200061023235321,0.3139539957046509,0.0,0.0,-0.4394130706787109,0.0,0.0
32.267,0.1285826861858368,-0.04935629665851593,1.3570272922515867,0.26728570461273193,0.3031843304634094,0.0,0.0,-0.4000138342380524,0.0,0.0
32.28,0.1002192571759224,-0.07032379508018494,1.225142002105713,0.20957170426845553,0.28285062313079834,0.0,0.0,-0.3458310067653656,0.0,0.0
32.293,0.1293027102947235,-0.08968400955200195,0.6847171187400818,0.27202144265174866,0.38195267319679266,0.0,0.0,-0.42019832134246826,0.0,0.0
32.307,0.16374489665031433,-0.09862649440765381,2.1149535179138184,0.3352072238922119,0.4024631679058075,0.0,0.0,-0.4573110342025757,0.0,0.0
32.32,0.19955727458000183,-0.16625481843948364,-1.1992379426956177,0.33795231580734253,0.39877837896347046,0.0,0.0,-0.4734668135643005,0.0,0.0
32.334,0.2032938450574875,-0.2269202172756195,0.28872472047805786,0.360834926366806,0.36759325861930847,0.0,0.0,-0.4894730746746063,0.0,0.0
32.347,0.2116769701242447,-0.27132099866867065,0.33720618486404413,0.42218032479286194,0.4132809042930603,0.0,0.0,-0.5064298510551453,0.0,0.0
32.36,0.16315113008022308,-0.34036731719970703,7.784383773803712,0.40340116620063776,0.4681890606880188,0.0,0.0,-0.5548208951950073,0.0,0.0
32.374,0.11036356538534164,-0.438459575176239,10.177555084228516,0.3429594933986664,0.5997868180274963,0.0,0.0,-0.547073483467102,0.0,0.0
32.387,0.09034544974565506,-0.46967202425003046,-1.937885880470276,0.31205078959465027,0.6019021272659302,0.0,0.0,-0.5504747629165649,0.0,0.0
32.4,0.07089070975780487,-0.43456786870956415,2.8682491779327397,0.3494912683963776,0.6372436285018921,0.0,0.0,-0.5984767079353333,0.0,0.0
32.414,0.1205897256731987,-0.5351953506469728,5.982388973236084,0.4177170395851135,0.7756279706954957,0.0,0.0,-0.5849459171295166,0.0,0.0
32.427,0.14838528633117676,-0.6342083215713501,1.267540454864502,0.47258633375167847,0.8559535145759583,0.0,0.0,-0.5828099250793457,0.0,0.0
32.44,0.1854853481054306,-0.6806811094284058,5.405200958251953,0.5437714457511902,0.9110107421875,0.0,0.0,-0.5821229815483093,0.0,0.0
32.454,0.21931938827037809,-0.7167071104049683,1.6687787771224976,0.5538558959960938,0.9586442112922668,0.0,0.0,-0.5821229815483093,0.0,0.0
32.467,0.256957083940506,-0.7468727827072142,4.382822036743164,0.5690094232559204,1.061203956604004,0.0,0.0,-0.5570076704025269,0.0,0.0
32.48,0.28764835000038147,-0.7728698849678038,-1.8149949312210083,0.6227869987487793,0.969620406627655,0.0,0.0,-0.5223974585533142,0.0,0.0
32.494,0.3211129605770111,-0.7936031222343444,-2.697340965270996,0.6321642398834229,0.9638857841491699,0.0,0.0,-0.5086315870285033,0.0,0.0
32.507,0.3592095971107483,-0.7535930871963501,-3.02961540222168,0.6782217025756836,0.7440888285636902,0.0,0.0,-0.5156159996986389,0.0,0.0
32.52,0.3644824624061585,-0.6799545288085938,-1.6678568124771118,0.6862643361091614,0.6392174959182739,0.0,0.0,-0.4892287850379944,0.0,0.0
32.534,0.3471335768699646,-0.6343076229095459,-7.744203090667725,0.630740225315094,0.526177167892456,0.0,0.0,-0.39013621211051935,0.0,0.0
32.547,0.30169934034347534,-0.5715617537498474,8.851941108703613,0.575279176235199,0.5441963076591492,0.0,0.0,-0.39013621211051935,0.0,0.0
32.56,0.29049742221832275,-0.552208662033081,0.09492449462413789,0.5724414587020874,0.4856935143470764,0.0,0.0,-0.31508141756057734,0.0,0.0
32.574,0.3411695063114166,-0.580102264881134,13.902228355407717,0.625369668006897,0.4722920656204224,0.0,0.0,-0.2490699887275696,0.0,0.0
32.587,0.3938247859477997,-0.5409983992576599,-3.4968650341033936,0.6879234313964844,0.4188773036003113,0.0,0.0,-0.21210929751396176,0.0,0.0
32.6,0.44650673866271967,-0.5851076245307921,6.179084300994873,0.7480385899543761,0.2800486981868744,0.0,0.0,-0.20353147387504575,0.0,0.0
32.614,0.4627763628959656,-0.5991637110710144,5.92798376083374,0.8150731325149536,0.6372461318969728,0.0,0.0,-0.24924492835998532,0.0,0.0
32.627,0.47712376713752747,-0.5553144216537476,-21.808921813964844,0.8268467783927916,1.3072247505187988,0.0,0.0,0.004757903516292572,0.0,0.0
32.64,0.4318935573101044,-0.5242133736610413,-9.344838142395021,0.7751634120941162,1.1999924182891846,0.0,0.0,0.23508359491825104,0.0,0.0
32.654,0.38590833544731135,-0.4143884479999542,-21.94684791564941,0.7162426710128784,0.38563007116317755,0.0,0.0,0.23508359491825104,0.0,0.0
32.667,0.36898919939994806,-0.20238667726516724,7.804542541503905,0.6607075333595276,-0.010358713567256927,0.0,0.0,0.10718300938606262,0.0,0.0
32.682,0.35805097222328186,-0.09344131499528885,13.74390983581543,0.6597881317138672,0.22635841369628903,0.0,0.0,0.11455836892127992,0.0,0.0
32.694,0.35816177725791926,0.06487394869327545,16.33681869506836,0.6699806451797485,0.4453001320362091,0.0,0.0,0.1178596168756485,0.0,0.0
32.707,0.3672944903373718,-0.07682889699935913,3.085300207138061,0.6675571799278259,0.4995175898075104,0.0,0.0,0.0983504205942154,0.0,0.0
32.72,0.36042481660842896,-0.2730533480644226,-4.516258716583252,0.6290112137794496,0.42138892412185674,0.0,0.0,0.04605415090918541,0.0,0.0
32.735,0.40619754791259766,-0.37140911817550654,-11.738123893737791,0.6862629652023315,0.2982876300811768,0.0,0.0,0.018073340877890587,0.0,0.0
32.749,0.45167550444602966,-0.3145219087600708,-9.895970344543455,0.7348819375038147,0.28454047441482544,0.0,0.0,0.018073340877890587,0.0,0.0
32.762,0.4297245740890503,-0.231196790933609,-4.858490943908691,0.7433897852897645,0.29394775629043574,0.0,0.0,0.03316425904631615,0.0,0.0
32.775,0.4320381879806519,-0.11041047424077988,4.520751476287842,0.7398810982704161,0.3683196902275085,0.0,0.0,0.07584527879953384,0.0,0.0
32.788,0.4335460364818573,-0.11077448725700378,-1.0180145502090454,0.7362849712371825,0.3650144338607788,0.0,0.0,0.07584527879953384,0.0,0.0
32.802,0.4097500741481781,-0.11845299601554872,1.8854330778121948,0.7455478906631469,0.27972298860549927,0.0,0.0,0.10116668790578842,0.0,0.0
32.815,0.4272605180740357,-0.11746971309185028,14.113651275634766,0.7936593294143677,-0.026659220457077023,0.0,0.0,0.1841428577899933,0.0,0.0
32.828,0.41978305578231806,-0.1602949500083923,-3.614917993545532,0.8210795521736146,-0.032975614070892334,0.0,0.0,0.25253394246101374,0.0,0.0
32.841,0.4456205070018768,-0.16124075651168823,-0.49433112144470215,0.8510801196098327,-0.039098456501960754,0.0,0.0,0.25253394246101374,0.0,0.0
32.855,0.4517715275287628,-0.21105720102787015,11.046008110046388,0.8117325901985168,0.05170932412147521,0.0,0.0,0.3081217408180237,0.0,0.0
32.868,0.43481585383415217,-0.2618399262428284,-2.810065269470215,0.7552930116653441,0.006143718957901001,0.0,0.0,0.28053760528564453,0.0,0.0
32.881,0.404978334903717,-0.27601319551467896,-8.476531982421875,0.7023129463195801,0.02359651029109955,0.0,0.0,0.09536457061767578,0.0,0.0
32.895,0.3780269920825958,-0.20936398208141327,-5.163201808929443,0.6536015868186951,0.11857235431671144,0.0,0.0,0.11569669097661972,0.0,0.0
32.91,0.41887989640235906,-0.20110434293746948,2.7068841457366943,0.6993334889411926,0.19170150160789487,0.0,0.0,0.4102668762207031,0.0,0.0
32.921,0.4660307765007019,-0.2668907046318054,7.248518943786621,0.7543468475341797,0.1449123173952103,0.0,0.0,0.33637285232543945,0.0,0.0
32.935,0.46217513084411616,-0.28770726919174194,-5.006862640380859,0.7096273899078369,0.04701491445302963,0.0,0.0,0.25026127696037287,0.0,0.0
32.948,0.42131564021110535,-0.29403868317604065,2.9698233604431152,0.6634209156036377,0.05161473900079727,0.0,0.0,0.25026127696037287,0.0,0.0
32.961,0.42265537381172175,-0.3163481652736664,0.18140673637390137,0.6991767883300781,0.14838840067386627,0.0,0.0,0.42064833641052246,0.0,0.0
32.975,0.431744396686554,-0.28527623414993286,-1.6229398250579834,0.7517067193984985,0.057870104908943176,0.0,0.0,0.24865560233592987,0.0,0.0
32.988,0.44417664408683777,-0.2800983190536499,-4.588709831237793,0.8117855787277221,-0.0968042016029358,0.0,0.0,0.3164287507534027,0.0,0.0
33.002,0.48571440577507013,-0.290308564901352,0.7478736042976379,0.8712073564529419,-0.10597889125347136,0.0,0.0,0.3164287507534027,0.0,0.0
33.015,0.511884331703186,-0.35412096977233887,-11.2224702835083,0.870143473148346,-0.41804683208465576,0.0,0.0,0.2541143000125885,0.0,0.0
33.028,0.5332316756248474,-0.34960854053497314,-7.1642584800720215,0.8571946024894713,-0.5287514925003052,0.0,0.0,0.2434625327587128,0.0,0.0
33.042,0.5448880791664124,-0.35293447971343994,-2.7903332710266118,0.84016215801239,-0.56879723072052,0.0,0.0,0.24359172582626343,0.0,0.0
33.055,0.5745261907577515,-0.369568407535553,-2.8906044960021973,0.8766462802886963,-0.7230147123336792,0.0,0.0,0.21566975116729736,0.0,0.0
33.068,0.5483304262161255,-0.34597814083099365,-2.7664096355438232,0.8174566626548766,-0.8545965552330017,0.0,0.0,0.17187313735485077,0.0,0.0
33.081,0.5299451351165771,-0.3128761649131775,-4.28543996810913,0.8177629113197327,-0.9294226765632627,0.0,0.0,0.13782811164855957,0.0,0.0
33.095,0.49113228917121887,-0.2545342147350312,0.5747498869895935,0.7962204813957214,-0.8570777773857117,0.0,0.0,0.10069864988327026,0.0,0.0
33.108,0.48287543654441833,-0.11317434906959534,1.0900189876556396,0.7356606721878051,-0.5835232138633728,0.0,0.0,0.0643770843744278,0.0,0.0
33.122,0.4763746857643128,0.02845318615436554,6.400447845458984,0.6769136786460876,-0.15398773550987244,0.0,0.0,0.03574620932340621,0.0,0.0
33.135,0.47121548652648926,0.04673508554697037,26.327062606811523,0.6230130195617676,0.40671682357788086,0.0,0.0,0.07101356238126755,0.0,0.0
33.148,0.46545568108558655,-0.09832698106765747,-4.9974894523620605,0.6075763106346129,0.6478581428527832,0.0,0.0,0.07101356238126755,0.0,0.0
33.161,0.5025128722190857,-0.2590005397796631,5.611297130584717,0.6662168502807617,0.8040633201599121,0.0,0.0,0.13364218175411224,0.0,0.0
33.175,0.5111376643180847,-0.3784344494342804,-12.440255165100098,0.7281695008277893,0.8313419818878173,0.0,0.0,0.11308763921260834,0.0,0.0
33.188,0.5093876719474792,-0.34592747688293457,1.9233919382095337,0.7176746726036072,0.893562912940979,0.0,0.0,0.4097079038619995,0.0,0.0
33.202,0.5068987607955933,-0.3018287718296051,8.084881782531738,0.7651398181915283,0.9976337552070615,0.0,0.0,0.4097079038619995,0.0,0.0
33.215,0.5038866996765137,-0.33910542726516724,19.584125518798828,0.8286232352256776,1.0036447048187256,0.0,0.0,0.3562014102935791,0.0,0.0
33.228,0.4659648537635803,-0.2940213978290558,-4.266403198242188,0.8290736079216003,0.9142297506332396,0.0,0.0,0.4736630916595459,0.0,0.0
33.242,0.4607181251049042,-0.32146993279457087,6.169848442077637,0.8500282764434814,0.9197210669517517,0.0,0.0,0.42411816120147705,0.0,0.0
33.255,0.4965223968029022,-0.41366773843765253,13.30430030822754,0.9042894840240479,0.87294864654541,0.0,0.0,0.42411816120147705,0.0,0.0
33.268,0.5244757533073425,-0.41120702028274536,-5.901362419128418,0.8825949430465697,0.647209405899048,0.0,0.0,0.46646103262901306,0.0,0.0
33.282,0.5620437860488892,-0.3861236572265625,-3.3450610637664795,0.8781549334526062,0.5829363465309143,0.0,0.0,0.505236029624939,0.0,0.0
33.295,0.5974144339561462,-0.33243206143379206,-1.929370999336243,0.9014614224433899,0.5829376578330994,0.0,0.0,0.505236029624939,0.0,0.0
33.308,0.5882278084754944,-0.27458375692367554,-5.756972789764404,0.8600643873214722,0.4332732558250427,0.0,0.0,0.4670938551425934,0.0,0.0
33.322,0.5650273561477661,-0.24749428033828733,0.7373169064521788,0.852694034576416,0.39126566052436823,0.0,0.0,0.46436369419097906,0.0,0.0
33.335,0.5676597356796265,-0.2451990395784378,1.1563360691070557,0.869901716709137,0.4093543291091919,0.0,0.0,0.43886762857437134,0.0,0.0
33.349,0.5746408700942993,-0.19923757016658783,-0.7611975073814392,0.8584350347518922,0.4718893170356751,0.0,0.0,0.42080390453338623,0.0,0.0
33.362,0.5859647989273071,-0.2028362452983856,0.4851043224334717,0.8933914303779602,0.511878252029419,0.0,0.0,0.4047996997833252,0.0,0.0
33.375,0.5932650566101073,-0.1840326339006424,-0.17828643321990967,0.9307464957237245,0.5034464597702025,0.0,0.0,0.3849565982818604,0.0,0.0
33.389,0.6097639203071593,-0.13035374879837036,-5.940500736236572,0.8962690830230714,0.5038342475891113,0.0,0.0,0.35891440510749817,0.0,0.0
33.402,0.6444846391677856,-0.11199001222848892,-4.640838623046875,0.9254714250564576,0.47728550434112554,0.0,0.0,0.35891440510749817,0.0,0.0
33.415,0.6486636996269226,-0.0779648944735527,-0.9942579865455629,0.9709047079086304,0.4207751452922821,0.0,0.0,0.33847135305404663,0.0,0.0
33.429,0.6733372211456299,-0.013948744162917135,-12.941495895385742,1.015925407409668,0.13609133660793304,0.0,0.0,0.3002850115299225,0.0,0.0
33.442,0.6957829594612122,-0.05451652407646179,-1.1451836824417114,1.01893949508667,-0.06848356872797012,0.0,0.0,0.27945226430892944,0.0,0.0
33.455,0.7081520557403564,0.014530830085277556,-7.8552937507629395,1.0188146829605105,-0.11672458797693253,0.0,0.0,0.27945226430892944,0.0,0.0
33.469,0.674115777015686,0.14160005748271942,-11.529207229614258,1.003732204437256,-0.3602449297904968,0.0,0.0,0.24931731820106504,0.0,0.0
33.482,0.6605208516120912,0.16579322516918182,-2.5534467697143555,1.007103443145752,-0.4552703201770783,0.0,0.0,0.21372936666011808,0.0,0.0
33.495,0.6335582733154297,0.17550061643123627,-1.4062044620513916,0.9462377429008485,-0.5900176763534546,0.0,0.0,0.17127665877342224,0.0,0.0
33.509,0.627564013004303,0.19783274829387665,-2.7043545246124268,0.8852190375328064,-0.8415828943252563,0.0,0.0,0.13496986031532288,0.0,0.0
33.522,0.6655246019363403,0.18796867132186887,2.1132946014404297,0.9162116646766663,-0.9455434679985046,0.0,0.0,0.12828004360198977,0.0,0.0
33.535,0.6527861952781677,0.1983436197042465,-5.638931751251221,0.9413235783576963,-0.6427909731864929,0.0,0.0,0.10196524113416672,0.0,0.0
33.549,0.6731115579605104,0.19204652309417725,-4.035152912139893,0.9730927944183347,-0.4431056082248688,0.0,0.0,0.04858092218637466,0.0,0.0
33.562,0.6801167726516724,0.17962482571601868,-5.58540153503418,0.9550765752792358,-0.5919543504714966,0.0,0.0,0.04930199310183525,0.0,0.0
33.575,0.664765477180481,0.1983550190925598,-4.119463920593262,0.89487224817276,-0.6816980242729187,0.0,0.0,0.04743529111146927,0.0,0.0
33.589,0.6442815065383911,0.18043725192546844,8.93032169342041,0.8527550101280211,-0.5618101358413696,0.0,0.0,-0.014382057823240755,0.0,0.0
33.602,0.633486807346344,0.17872916162014008,-2.2631809711456294,0.8438047170639038,-0.5636891126632689,0.0,0.0,-0.014382057823240755,0.0,0.0
33.615,0.5978659391403198,0.2139249742031097,2.4176135063171387,0.7835306525230407,-0.4527109861373901,0.0,0.0,0.12150772660970688,0.0,0.0
33.629,0.5996697545051575,0.2188710868358612,8.007118225097656,0.7629417181015015,-0.30966916680336,0.0,0.0,-0.1313125342130661,0.0,0.0
33.642,0.5852854251861572,0.22128088772296903,-0.5081109404563904,0.7799734473228455,-0.24315014481544492,0.0,0.0,-0.05008180439472199,0.0,0.0
33.655,0.6203520894050598,0.1820229738950729,2.07497239112854,0.7792560458183287,-0.2278024256229401,0.0,0.0,-0.05008180439472199,0.0,0.0
33.669,0.6204947233200073,0.17320014536380768,-2.1363141536712646,0.8106512427330017,-0.23875361680984497,0.0,0.0,-0.06078479811549187,0.0,0.0
33.682,0.6258390545845032,0.08746948093175888,1.9422590732574463,0.8411621451377869,-0.25631231069564814,0.0,0.0,-0.054988831281661994,0.0,0.0
33.695,0.6553542017936707,0.09774644672870637,-2.9054770469665527,0.8537237048149109,-0.26557043194770813,0.0,0.0,-0.0515739843249321,0.0,0.0
33.709,0.6539319753646851,0.06594999879598618,2.7842602729797363,0.8936256170272827,-0.41101011633872986,0.0,0.0,-0.044910237193107605,0.0,0.0
33.722,0.6124817132949829,0.10375596582889555,-3.686303853988648,0.8421196937561035,-0.5244234800338745,0.0,0.0,-0.0457000508904457,0.0,0.0
33.736,0.603473961353302,0.12224862724542618,-2.3898324966430664,0.7808014750480653,-0.5685703754425049,0.0,0.0,-0.04347584396600723,0.0,0.0
33.749,0.5929336547851562,0.10641206800937653,0.8422661423683167,0.7576519846916199,-0.5408111810684204,0.0,0.0,-0.04445520043373108,0.0,0.0
33.763,0.6037691235542297,0.09279005229473114,0.3407388925552368,0.7777093648910521,-0.5338088274002075,0.0,0.0,-0.05204350501298904,0.0,0.0
33.776,0.5909659266471863,0.07399871945381165,0.7679365277290344,0.7744764089584351,-0.540363609790802,0.0,0.0,-0.0571097806096077,0.0,0.0
33.789,0.5652081966400146,0.1185712143778801,-2.3841295242309566,0.7678923010826112,-0.44085463881492615,0.0,0.0,-0.06966875493526459,0.0,0.0
33.802,0.5339030623435974,0.1203439086675644,0.6129328012466431,0.764781951904297,-0.35363346338272095,0.0,0.0,-0.07438062131404877,0.0,0.0
33.815,0.5626885890960692,0.14183352887630463,-0.36388298869133,0.7643046975135803,-0.3511716425418854,0.0,0.0,-0.07438062131404877,0.0,0.0
33.829,0.5816484689712524,0.13098466396331787,-2.826481580734253,0.7939815521240233,-0.06142561882734299,0.0,0.0,-0.09195059537887572,0.0,0.0
33.842,0.5916118025779724,0.1323574334383011,-4.074992656707764,0.8141215443611146,-0.10233055800199509,0.0,0.0,-0.0997750386595726,0.0,0.0
33.855,0.6112707257270813,0.13450948894023895,-4.101053714752196,0.8361915946006776,-0.12783488631248474,0.0,0.0,-0.0997750386595726,0.0,0.0
33.869,0.6262322664260864,0.16106562316417694,-4.301523208618164,0.8728200197219848,-0.07270869612693785,0.0,0.0,-0.11156190931797028,0.0,0.0
33.882,0.6319109201431273,0.2284234464168549,-4.747236251831056,0.8992115259170531,-0.2927206754684448,0.0,0.0,-0.12512558698654175,0.0,0.0
33.895,0.6356133818626404,0.3390147089958191,-4.742355346679688,0.9234117269515992,-0.4746811985969544,0.0,0.0,-0.13333162665367126,0.0,0.0
33.909,0.5837213397026062,0.4293120503425598,-8.9149169921875,0.8823893666267395,-0.5350862145423889,0.0,0.0,-0.15030471980571747,0.0,0.0
33.922,0.5339279770851135,0.42319610714912415,-6.376763820648193,0.8361453413963318,-0.5338003635406494,0.0,0.0,-0.18566739559173584,0.0,0.0
33.935,0.5159333348274231,0.42553380131721497,-2.9091460704803467,0.8134189844131469,-0.5119510889053345,0.0,0.0,-0.224637508392334,0.0,0.0
33.949,0.483672171831131,0.4877974689006805,0.2685628831386566,0.756794810295105,-0.4185198247432709,0.0,0.0,-0.2571558654308319,0.0,0.0
33.962,0.4605991244316101,0.5445433259010315,-5.152782440185546,0.6916295886039734,-0.409058541059494,0.0,0.0,-0.2923488914966584,0.0,0.0
33.976,0.44930043816566473,0.5912932753562927,-0.8425868749618529,0.6283422708511353,-0.48482608795166016,0.0,0.0,-0.3394118249416352,0.0,0.0
33.989,0.4399055242538452,0.41545408964157104,13.906258583068848,0.5677291750907898,-0.49131521582603455,0.0,0.0,-0.3980082273483277,0.0,0.0
34.002,0.42970716953277593,0.2868892252445221,21.615278244018555,0.5450571179389954,-0.34150499105453486,0.0,0.0,-0.4169747233390808,0.0,0.0
34.016,0.4195265769958496,0.2836836576461792,-8.890936851501465,0.505255401134491,-0.351127028465271,0.0,0.0,-0.4169747233390808,0.0,0.0
34.029,0.40681120753288263,0.06967714428901672,29.61575126647949,0.4939244985580444,-0.1524209976196289,0.0,0.0,-0.41410204768180847,0.0,0.0
34.042,0.44606706500053406,0.026328086853027344,-8.442498207092285,0.5479875802993774,-0.09714625775814056,0.0,0.0,-0.3911873400211334,0.0,0.0
34.056,0.4568832516670227,0.01191294938325882,2.8493189811706543,0.6022640466690063,-0.07049030065536499,0.0,0.0,-0.35402148962020874,0.0,0.0
34.071,0.4611024558544159,0.048403512686491006,0.1600027084350586,0.6051897406578064,0.0350932702422142,0.0,0.0,-0.3183517158031464,0.0,0.0
34.082,0.46487265825271606,0.1090039238333702,1.0506587028503418,0.6455658674240112,0.08027140796184541,0.0,0.0,-0.29903414845466614,0.0,0.0
34.096,0.466379314661026,0.14759767055511477,-3.83426570892334,0.6973611116409302,0.06647662818431854,0.0,0.0,-0.2838253974914551,0.0,0.0
34.109,0.4178740382194519,0.11944107711315156,-0.32881590723991394,0.6778935194015503,0.06821145117282867,0.0,0.0,-0.29543179273605347,0.0,0.0
34.122,0.3697644174098969,0.10666371881961824,0.786069929599762,0.6372522711753845,0.07341677695512772,0.0,0.0,-0.29543179273605347,0.0,0.0
34.136,0.3561345934867859,0.1128404065966606,4.0053486824035645,0.581655979156494,0.1833578497171402,0.0,0.0,-0.3232022225856781,0.0,0.0
34.149,0.3450887203216553,0.15201959013938904,11.037128448486328,0.5462825894355774,0.7077665328979492,0.0,0.0,-0.41444554924964905,0.0,0.0
34.162,0.3352479338645935,0.16373392939567566,7.015585899353027,0.49887105822563166,0.7782267332077025,0.0,0.0,-0.41444554924964905,0.0,0.0
34.176,0.3256816864013672,0.11554495990276337,-0.03290819004178047,0.5095055103302002,1.3092637062072754,0.0,0.0,-0.4276655912399292,0.0,0.0
34.189,0.3720521330833435,0.052686065435409546,17.33852767944336,0.5463470816612244,0.8381456136703491,0.0,0.0,-0.37615886330604553,0.0,0.0
34.202,0.42037597298622126,-0.005462363362312317,-0.05646217614412308,0.6098877191543579,0.2410326302051544,0.0,0.0,-0.32377228140830994,0.0,0.0
34.217,0.4367508888244629,-0.08923621475696564,-4.01269006729126,0.6725539565086365,0.2466693222522736,0.0,0.0,-0.32377228140830994,0.0,0.0
34.23,0.44359332323074335,-0.04743227362632752,-14.35680103302002,0.7020511031150818,0.13733786344528198,0.0,0.0,-0.28249561786651606,0.0,0.0
34.243,0.45087501406669617,0.05490376055240631,-1.8661189079284668,0.7240945696830748,0.16767996549606323,0.0,0.0,-0.2935154139995575,0.0,0.0
34.256,0.4559549391269684,0.14015087485313416,3.23451828956604,0.7770653963088989,0.09640432894229889,0.0,0.0,-0.2846972346305847,0.0,0.0
34.27,0.40862515568733215,0.17294082045555115,2.772359132766724,0.7609777450561523,0.011555999517440796,0.0,0.0,-0.27821844816207886,0.0,0.0
34.283,0.3941499888896942,0.16142013669013977,0.9815543889999389,0.7465102076530457,-0.016946695744991302,0.0,0.0,-0.285982221364975,0.0,0.0
34.296,0.4244513809680938,0.11706238240003586,3.5495035648345947,0.7384582757949829,0.01525336503982544,0.0,0.0,-0.28780901432037354,0.0,0.0
34.31,0.46111452579498285,0.05998401716351509,-7.598927021026611,0.7370579838752745,-0.0028944164514541626,0.0,0.0,-0.26684832572937006,0.0,0.0
34.323,0.46564847230911255,0.04488003253936768,4.639686107635497,0.7551994323730468,0.04918441921472549,0.0,0.0,-0.26684832572937006,0.0,0.0
34.336,0.46873304247856146,0.049766778945922845,-6.673215389251709,0.804444432258606,0.032541871070861816,0.0,0.0,-0.2539450526237488,0.0,0.0
34.35,0.46420362591743464,0.07075043022632599,-12.76405143737793,0.7977426052093507,-0.04809151589870453,0.0,0.0,-0.2234271466732025,0.0,0.0
34.363,0.4535454511642456,0.09778109192848204,-5.34487533569336,0.7762371897697448,-0.08973492681980133,0.0,0.0,-0.22208814322948456,0.0,0.0
34.376,0.44182339310646057,0.13079102337360382,0.5418524742126465,0.7581721544265747,-0.07988357543945312,0.0,0.0,-0.22208814322948456,0.0,0.0
34.39,0.4337539970874786,0.2098166048526764,-7.698798656463622,0.737944483757019,-0.09913739562034608,0.0,0.0,-0.21124038100242612,0.0,0.0
34.403,0.4254944026470184,0.24728943407535556,0.16546659171581268,0.6880379319190979,-0.13371986150741577,0.0,0.0,-0.2152254581451416,0.0,0.0
34.416,0.3816274404525757,0.24096713960170743,0.006406009197235107,0.6841802000999451,-0.13402214646339417,0.0,0.0,-0.2152254581451416,0.0,0.0
34.43,0.37971773743629456,0.27632021903991694,-7.240191459655762,0.6791038513183594,-0.4070249795913696,0.0,0.0,-0.24386721849441528,0.0,0.0
34.443,0.41755264997482305,0.2805541455745697,-3.3667187690734863,0.7292081117630005,-0.481190800666809,0.0,0.0,-0.2599130868911743,0.0,0.0
34.456,0.3832716941833496,0.29098889231681824,-7.439931392669677,0.6846056580543518,-0.5787973403930664,0.0,0.0,-0.2817739248275757,0.0,0.0
34.47,0.42009565234184265,0.31038984656333923,1.7490148544311523,0.7293723821640015,-0.6328923106193544,0.0,0.0,-0.3047550618648529,0.0,0.0
34.483,0.3829717338085175,0.41025638580322266,-3.64661169052124,0.7093698978424072,-0.6444019079208374,0.0,0.0,-0.3383042514324188,0.0,0.0
34.497,0.36738443374633784,0.5345533490180969,-4.9908175468444815,0.6501145958900452,-0.682106614112854,0.0,0.0,-0.3655492663383484,0.0,0.0
34.51,0.357652485370636,0.6173628568649292,-4.35189962387085,0.5894137620925903,-0.7382514476776123,0.0,0.0,-0.3978566527366638,0.0,0.0
34.523,0.3691963851451874,0.6538465619087219,1.2247145175933838,0.6255420446395874,-0.7693001031875609,0.0,0.0,-0.41191703081130976,0.0,0.0
34.537,0.37596443295478815,0.6931864023208617,2.682115077972412,0.6324688196182251,-0.7804107666015626,0.0,0.0,-0.3450659215450287,0.0,0.0
34.55,0.33244234323501587,0.7099637985229492,-4.899430274963378,0.5828306674957275,-0.8159455060958862,0.0,0.0,-0.29303115606307983,0.0,0.0
34.563,0.31713250279426575,0.7920480966567993,-14.754969596862791,0.5699845552444458,-1.0532751083374023,0.0,0.0,-0.3183208107948303,0.0,0.0
34.577,0.3162688910961151,0.8592075109481812,3.030504941940308,0.5742357969284058,-1.0477358102798462,0.0,0.0,-0.3183208107948303,0.0,0.0
34.59,0.31721389293670654,1.0333216190338137,-12.32622528076172,0.621543288230896,-1.16856050491333,0.0,0.0,-0.3030364215373993,0.0,0.0
34.603,0.2979828417301178,1.2373733520507812,-2.3552253246307373,0.5823135375976562,-1.3570294380187988,0.0,0.0,-0.31492465734481806,0.0,0.0
34.617,0.27294936776161194,1.2354780435562134,-4.048000812530518,0.5471528172492981,-1.4033236503601074,0.0,0.0,-0.31492465734481806,0.0,0.0
34.63,0.24749402701854703,1.0602096319198608,5.853894233703612,0.5665841698646545,-1.4119462966918943,0.0,0.0,-0.37778308987617487,0.0,0.0
34.643,0.23506903648376465,0.7565701007843018,3.838634490966797,0.5254805088043213,-1.1939046382904053,0.0,0.0,-0.3256213963031769,0.0,0.0
34.657,0.22172926366329196,0.6504045128822327,0.644490122795105,0.4755315780639648,-1.1112672090530396,0.0,0.0,-0.3271903693675995,0.0,0.0
34.67,0.2085540741682053,0.72126567363739,-0.5039960145950316,0.4507818520069122,-1.0825464725494385,0.0,0.0,-0.3400375843048096,0.0,0.0
34.683,0.19347824156284327,0.7199373841285706,-4.42218017578125,0.3901194632053375,-1.125338077545166,0.0,0.0,-0.35461854934692383,0.0,0.0
34.697,0.17667435109615326,0.7339614629745483,3.2741768360137935,0.36764803528785706,-1.1145635843276978,0.0,0.0,-0.3663078844547272,0.0,0.0
34.71,0.15375471115112305,0.6989904642105104,9.9244327545166,0.35890552401542664,-0.9884356260299682,0.0,0.0,-0.3599860966205597,0.0,0.0
34.723,0.09706776589155197,0.5603526830673218,18.563440322875977,0.2970418632030487,-0.7620757818222046,0.0,0.0,-0.39410564303398127,0.0,0.0
34.737,0.04209554940462112,0.41591611504554743,-8.918054580688477,0.23915831744670868,-0.738990843296051,0.0,0.0,-0.39410564303398127,0.0,0.0
34.75,0.05629555135965347,0.3004636764526367,3.0276572704315186,0.2135581374168396,-0.7193346619606018,0.0,0.0,-0.43675935268402094,0.0,0.0
34.763,0.05274249613285065,0.2837585210800171,-5.941117286682129,0.22171908617019653,-0.8615934252738952,0.0,0.0,-0.5110806822776793,0.0,0.0
34.777,0.053302615880966187,0.47302907705307007,-10.72618007659912,0.23425868153572085,-0.9398437142372131,0.0,0.0,-0.5787245035171509,0.0,0.0
34.79,0.05713688209652901,0.5597240924835205,0.07722526788711549,0.27176812291145325,-0.9314706921577453,0.0,0.0,-0.5787245035171509,0.0,0.0
34.803,0.04014871269464493,0.5873152017593384,-19.82934188842773,0.3006250262260437,-1.1278029680252075,0.0,0.0,-0.6533461809158325,0.0,0.0
34.817,-0.0159856379032135,0.5411485433578491,3.9216041564941406,0.2658516764640808,-1.2063887119293213,0.0,0.0,-0.6533765196800232,0.0,0.0
34.83,-0.011448214761912824,0.5124144554138184,-0.09921044111251832,0.2971040904521942,-1.2061539888381958,0.0,0.0,-0.6533765196800232,0.0,0.0
34.843,-0.04701208695769311,0.44511470198631287,-6.158485889434815,0.2455067336559296,-1.2673135995864868,0.0,0.0,-0.6920429468154907,0.0,0.0
34.857,-0.06692297011613846,0.3978464305400848,2.506023645401001,0.18992261588573456,-1.2586269378662107,0.0,0.0,-0.7230876684188842,0.0,0.0
34.87,-0.02677409909665585,0.41759344935417175,0.8746415376663208,0.2414726167917252,-1.2163467407226562,0.0,0.0,-0.7400112748146057,0.0,0.0
34.883,0.014988980256021025,0.39715796709060663,5.20272970199585,0.29432907700538635,-1.1595749855041504,0.0,0.0,-0.7269995808601379,0.0,0.0
34.897,0.056262385100126266,0.46369713544845587,2.1390750408172607,0.3470093607902527,-1.07986581325531,0.0,0.0,-0.715351939201355,0.0,0.0
34.91,0.06026294454932213,0.5450317263603209,-2.908337116241455,0.3739026188850402,-1.0430325269699097,0.0,0.0,-0.7278051376342772,0.0,0.0
34.923,0.001544959843158722,0.5363248586654663,-10.250017166137695,0.30991241335868835,-1.1551392078399658,0.0,0.0,-0.7430829405784608,0.0,0.0
34.937,-0.05931684002280235,0.4600310027599335,-2.86078143119812,0.2577069401741028,-1.2294559478759766,0.0,0.0,-0.7450544834136963,0.0,0.0
34.95,-0.12132018804550172,0.3998432755470276,4.979315280914307,0.24677929282188416,-1.1650559902191162,0.0,0.0,-0.7699158787727357,0.0,0.0
34.963,-0.12021467834711076,0.4971275627613068,-7.126325130462647,0.27712053060531616,-1.1280264854431152,0.0,0.0,-0.8140239715576173,0.0,0.0
34.977,-0.11581606417894363,0.47713911533355713,-4.948657512664794,0.29943299293518066,-1.1284079551696775,0.0,0.0,-0.8140239715576173,0.0,0.0
34.99,-0.1100916787981987,0.5422459840774536,0.8403182029724121,0.3134118914604187,-1.1825178861618042,0.0,0.0,-0.7921686768531798,0.0,0.0
35.003,-0.08497694134712219,0.580040693283081,-4.357105255126953,0.3606695830821991,-1.143646478652954,0.0,0.0,-0.7970398068428038,0.0,0.0
35.017,-0.06886238604784012,0.6635550260543823,1.6637921333312988,0.41207286715507513,-1.1511404514312744,0.0,0.0,-0.7789069414138795,0.0,0.0
35.03,-0.09436995536088943,0.6411401033401489,-4.580801486968993,0.3743782043457031,-1.144065022468567,0.0,0.0,-0.7789069414138795,0.0,0.0
35.043,-0.12120434641838074,0.5260229110717772,1.479417085647583,0.3254927396774292,-1.0519800186157229,0.0,0.0,-0.7150245904922485,0.0,0.0
35.057,-0.14136850833892822,0.4875614047050476,9.231295585632322,0.2948501408100128,-0.8931757211685181,0.0,0.0,-0.6775982975959778,0.0,0.0
35.07,-0.09969423711299896,0.5094555616378784,6.29368257522583,0.30180823802948,-0.7376635074615479,0.0,0.0,-0.6309129595756531,0.0,0.0
35.083,-0.13659793138504028,0.49375778436660767,-5.400395393371582,0.24884989857673645,-0.6797046065330505,0.0,0.0,-0.5791932344436646,0.0,0.0
35.097,-0.19944030046463013,0.4117256700992584,-2.346673488616944,0.2008977085351944,-0.6259505748748779,0.0,0.0,-0.525553286075592,0.0,0.0
35.11,-0.2629258632659912,0.2542631924152374,1.0094135999679563,0.15481090545654297,-0.5450366735458374,0.0,0.0,-0.4480290412902832,0.0,0.0
35.123,-0.27031657099723816,0.0993349552154541,18.67288589477539,0.19494417309761047,-0.33003103733062744,0.0,0.0,-0.3498587906360626,0.0,0.0
35.14,-0.2715335488319397,0.06477479636669159,3.4439563751220703,0.22038753330707553,-0.2786250114440918,0.0,0.0,-0.3498587906360626,0.0,0.0
35.15,-0.3257569968700409,0.060059010982513435,10.081689834594728,0.17530663311481476,-0.21123951673507688,0.0,0.0,-0.3788882493972778,0.0,0.0
35.163,-0.3375314176082611,0.112074613571167,-10.927042007446287,0.13217000663280487,-0.25754755735397333,0.0,0.0,-0.35672080516815186,0.0,0.0
35.177,-0.30267995595932007,0.09955744445323944,1.3538784980773926,0.13768599927425385,-0.22854095697402957,0.0,0.0,-0.35257154703140253,0.0,0.0
35.19,-0.26150113344192505,0.15744318068027496,-8.109506607055664,0.17654326558113098,-0.19045090675354004,0.0,0.0,-0.35257154703140253,0.0,0.0
35.203,-0.27926918864250183,0.20754066109657288,-8.18836784362793,0.1264471709728241,-0.20171266794204712,0.0,0.0,-0.35682380199432373,0.0,0.0
35.217,-0.30041295289993286,0.1664460003376007,1.665186882019043,0.07003524154424667,-0.22923964262008667,0.0,0.0,-0.2781178057193756,0.0,0.0
35.23,-0.31975892186164856,0.08230313658714294,8.034123420715332,0.013904493302106856,-0.12739291787147522,0.0,0.0,-0.3660335540771485,0.0,0.0
35.243,-0.3683588802814484,-0.05567105114459992,-1.5761375427246094,-0.021113047376275063,-0.016120385378599167,0.0,0.0,-0.5101855993270874,0.0,0.0
35.257,-0.41286650300025934,-0.10865847766399384,-0.9711697697639464,-0.06084604561328888,-0.049291953444480896,0.0,0.0,-0.4442241787910461,0.0,0.0
35.271,-0.46811512112617487,-0.20846737921237943,-0.2312466502189636,-0.11650316417217256,-0.1566615104675293,0.0,0.0,-0.3026016354560852,0.0,0.0
35.284,-0.5126355290412903,-0.2851204872131348,2.6756956577301025,-0.17459718883037567,-0.18329763412475583,0.0,0.0,-0.3665737211704254,0.0,0.0
35.297,-0.48209768533706665,-0.20956121385097504,-4.324847221374512,-0.15467536449432373,-0.1953251659870148,0.0,0.0,-0.533598780632019,0.0,0.0
35.311,-0.4924432039260864,-0.15146011114120483,-4.761935710906982,-0.18378019332885745,-0.29764506220817566,0.0,0.0,-0.5298987627029419,0.0,0.0
35.324,-0.5224196314811707,-0.2228445261716843,-1.8589586019515991,-0.2418287545442581,-0.3480103015899658,0.0,0.0,-0.4310457706451416,0.0,0.0
35.337,-0.5581263303756714,-0.27185481786727905,2.3287966251373287,-0.296412855386734,-0.386101096868515,0.0,0.0,-0.4310457706451416,0.0,0.0
35.351,-0.5608882308006288,-0.290248841047287,-0.8158341050148009,-0.29788002371788025,-0.3226029574871063,0.0,0.0,-0.5835044384002686,0.0,0.0
35.364,-0.6016645431518555,-0.24597710371017456,-7.1659770011901855,-0.3535975217819214,-0.5159468650817871,0.0,0.0,-0.6308252811431885,0.0,0.0
35.377,-0.62996906042099,-0.26079171895980835,-0.8716911077499389,-0.408573180437088,-0.5282495021820068,0.0,0.0,-0.6582135558128357,0.0,0.0
35.391,-0.6273289918899536,-0.2365607470273972,0.17774105072021484,-0.4128245115280152,-0.6216039657592772,0.0,0.0,-0.6582135558128357,0.0,0.0
35.404,-0.6491405963897705,-0.21233004331588745,5.666193008422852,-0.4350159168243408,-0.6858036518096924,0.0,0.0,-0.7040384411811829,0.0,0.0
35.417,-0.6360822319984436,-0.18799808621406555,6.179760456085205,-0.4113108217716217,-0.6496439576148987,0.0,0.0,-0.7367844581604005,0.0,0.0
35.431,-0.6134102940559387,-0.18300172686576843,-5.8549580574035645,-0.3768560588359833,-0.6675193905830383,0.0,0.0,-0.7344459295272827,0.0,0.0
35.444,-0.6501404047012329,-0.1754594445228577,15.889960289001465,-0.42208766937255854,-0.7112243175506592,0.0,0.0,-0.6286034584045409,0.0,0.0
35.457,-0.6811509728431702,-0.19691920280456543,3.670120239257813,-0.4625155925750733,-0.6530771255493164,0.0,0.0,-0.594802975654602,0.0,0.0
35.471,-0.7103506922721863,-0.19391509890556333,9.287680625915527,-0.4690159857273102,-0.5346993803977966,0.0,0.0,-0.7199310660362244,0.0,0.0
35.484,-0.6926863789558411,-0.19311897456645968,7.723027229309082,-0.4781518876552582,-0.44840231537818903,0.0,0.0,-0.6982149481773376,0.0,0.0
35.497,-0.7297170162200927,-0.24090814590454104,8.449805259704588,-0.524940013885498,-0.38616818189620966,0.0,0.0,-0.4707178473472595,0.0,0.0
35.511,-0.7580696940422058,-0.20442116260528564,6.707540512084961,-0.5472700595855713,-0.3551368713378906,0.0,0.0,-0.42813679575920105,0.0,0.0
35.524,-0.7404287457466124,-0.13522662222385406,6.567343711853027,-0.5177835822105408,-0.39270323514938354,0.0,0.0,-0.5689803957939148,0.0,0.0
35.537,-0.7214732766151427,-0.08182582259178162,2.1040050983428955,-0.4835111498832703,-0.3971075415611267,0.0,0.0,-0.5689803957939148,0.0,0.0
35.551,-0.7542306184768676,-0.09889616072177888,7.814443588256837,-0.5389084815979004,-0.28542616963386536,0.0,0.0,-0.43721503019332886,0.0,0.0
35.564,-0.7848646044731139,-0.05475527048110962,21.719566345214844,-0.5767655372619629,-0.10867324471473694,0.0,0.0,-0.11689569056034088,0.0,0.0
35.577,-0.811377763748169,-0.002572759985923767,-1.2867316007614136,-0.6037560701370239,-0.09527923166751859,0.0,0.0,-0.11689569056034088,0.0,0.0
35.591,-0.8279944658279419,0.03477947413921356,5.896327495574951,-0.6017274856567383,0.012710899114608765,0.0,0.0,-0.2946537435054779,0.0,0.0
35.604,-0.7870270013809203,0.1869225353002548,29.26022148132324,-0.5504041910171509,0.1951482743024826,0.0,0.0,-0.01297321915626526,0.0,0.0
35.618,-0.746558427810669,0.1786329448223114,6.607173442840576,-0.493830680847168,0.2627438306808472,0.0,0.0,0.16482239961624146,0.0,0.0
35.631,-0.7134860157966614,0.1922608017921448,2.940360307693481,-0.44856840372085566,0.26933327317237854,0.0,0.0,0.050545670092105865,0.0,0.0
35.644,-0.6930478811264038,0.32762962579727173,10.7610445022583,-0.409649670124054,0.2401239424943924,0.0,0.0,0.08737552911043166,0.0,0.0
35.657,-0.67471182346344,0.3497811555862427,9.152910232543944,-0.3701654076576233,0.2552230954170227,0.0,0.0,0.287195086479187,0.0,0.0
35.671,-0.6980783343315125,0.39767283201217646,10.583477973937988,-0.4025332033634186,0.31177374720573425,0.0,0.0,0.32865291833877563,0.0,0.0
35.684,-0.655949056148529,0.42942383885383606,9.826923370361328,-0.37890103459358215,0.3784375786781311,0.0,0.0,0.2772524952888489,0.0,0.0
35.697,-0.6156608462333679,0.4384777545928955,1.5993274450302124,-0.3545668423175812,0.3984851837158203,0.0,0.0,0.29645588994026184,0.0,0.0
35.711,-0.5789738893508911,0.41342693567276,0.46013519167900085,-0.31684306263923645,0.3904176354408264,0.0,0.0,0.31799185276031494,0.0,0.0
35.724,-0.5775890946388245,0.41645130515098566,-6.209715843200684,-0.32304251194000244,0.3012179732322693,0.0,0.0,0.3515312969684601,0.0,0.0
35.738,-0.5913267731666565,0.3931606113910675,-4.45878791809082,-0.3600276112556457,0.23650750517845157,0.0,0.0,0.3515312969684601,0.0,0.0
35.751,-0.615553617477417,0.3975519835948944,-3.036327600479126,-0.39450803399086,0.16644839942455292,0.0,0.0,0.3682582378387451,0.0,0.0
35.764,-0.633953332901001,0.32044893503189087,-3.9958319664001465,-0.4053595662117005,0.15309415757656095,0.0,0.0,0.3003860116004944,0.0,0.0
35.778,-0.6185009479522705,0.1994638442993164,7.874632358551025,-0.36347842216491694,0.1768946647644043,0.0,0.0,0.2777154147624969,0.0,0.0
35.791,-0.5898553133010864,0.1883547008037567,-5.03997802734375,-0.3154965043067932,0.147234246134758,0.0,0.0,0.2777154147624969,0.0,0.0
35.804,-0.5388017296791077,0.25604283809661865,3.7064194679260254,-0.27893927693367004,0.03531523793935776,0.0,0.0,0.1735028773546219,0.0,0.0
35.817,-0.5438694953918457,0.29215335845947266,-13.40345859527588,-0.31043806672096247,-0.08249756693840027,0.0,0.0,0.3171245753765106,0.0,0.0
35.831,-0.5646867752075195,0.20188318192958832,-5.662737846374512,-0.3393845856189728,-0.06668820977210999,0.0,0.0,0.31019067764282227,0.0,0.0
35.844,-0.6018607020378113,0.14515721797943115,2.316237211227417,-0.3533024489879608,0.005450546741485596,0.0,0.0,0.11348602920770644,0.0,0.0
35.857,-0.5673533082008362,0.07945415377616881,9.030977249145508,-0.30142733454704285,0.07297992706298828,0.0,0.0,0.04414505138993263,0.0,0.0
35.871,-0.5292278528213501,-0.023221567273139957,6.172594070434569,-0.24885234236717224,0.13807733356952667,0.0,0.0,0.21281003952026367,0.0,0.0
35.884,-0.5068718791007996,-0.24498322606086728,5.997273921966553,-0.22304202616214752,0.2543565034866333,0.0,0.0,0.41912052035331726,0.0,0.0
35.897,-0.47595101594924927,-0.3184018135070801,-1.334506273269653,-0.19711655378341675,0.2609520554542541,0.0,0.0,0.41912052035331726,0.0,0.0
35.911,-0.4322517514228821,-0.34864479303359985,9.41542053222656,-0.1682656556367874,0.3382248878479004,0.0,0.0,0.3935993611812592,0.0,0.0
35.924,-0.3952036201953888,-0.3194645941257477,8.672765731811523,-0.11005404591560364,0.49446630477905273,0.0,0.0,0.5227246284484863,0.0,0.0
35.941,-0.36311614513397217,-0.40368622541427607,0.649707019329071,-0.05147574841976166,0.5472360849380493,0.0,0.0,0.5227246284484863,0.0,0.0
35.952,-0.33831271529197693,-0.44293257594108576,-3.089815378189087,-0.008849202655255793,0.5830596089363098,0.0,0.0,0.6191716194152832,0.0,0.0
35.965,-0.3223840296268463,-0.4063809812068939,3.7705600261688232,0.03603178635239601,0.7770798206329346,0.0,0.0,0.6343817710876465,0.0,0.0
35.979,-0.3129940330982208,-0.3060515820980072,-9.759780883789062,0.05125488340854645,0.6976253986358643,0.0,0.0,0.6585330963134766,0.0,0.0
35.992,-0.35588353872299194,-0.2423144578933716,-3.608871936798096,0.012844592332839966,0.637701153755188,0.0,0.0,0.6585330963134766,0.0,0.0
36.005,-0.3589264750480652,-0.2238334566354752,7.0523858070373535,-0.038173660635948174,0.5591064691543579,0.0,0.0,0.5589081645011902,0.0,0.0
36.019,-0.35358956456184387,-0.2365393936634064,0.9872764348983764,-0.06509014219045639,0.5618456602096558,0.0,0.0,0.4906667768955231,0.0,0.0
36.032,-0.30533674359321594,-0.29037702083587646,-4.9867987632751465,-0.010747701860964298,0.5365721583366394,0.0,0.0,0.5310423374176025,0.0,0.0
36.045,-0.25748637318611145,-0.33657172322273254,-6.4150390625,0.04838663712143897,0.5008898973464966,0.0,0.0,0.6421418190002441,0.0,0.0
36.059,-0.2273705154657364,-0.32567423582077026,-2.287807941436768,0.10683979094028472,0.510825514793396,0.0,0.0,0.7440245747566222,0.0,0.0
36.072,-0.22912268340587616,-0.2672449350357056,3.110499620437622,0.12760148942470553,0.5970356464385985,0.0,0.0,0.7910971641540526,0.0,0.0
36.085,-0.20354439318180084,-0.2571170628070832,7.420344352722168,0.15815061330795288,0.701580286026001,0.0,0.0,0.783715546131134,0.0,0.0
36.099,-0.2181201130151749,-0.25515878200531006,1.6918033361434937,0.10560034215450288,0.7703839540481566,0.0,0.0,0.7629251480102539,0.0,0.0
36.112,-0.21352241933345795,-0.2694481313228607,-5.508103847503662,0.06854631751775742,0.7269070148468018,0.0,0.0,0.7124605178833008,0.0,0.0
36.125,-0.22658249735832212,-0.24075697362422943,-12.894800186157228,0.02630951628088951,0.6481982469558716,0.0,0.0,0.6454096436500549,0.0,0.0
36.139,-0.26565736532211304,-0.21579253673553467,4.121531486511231,-0.017701594159007072,0.657878041267395,0.0,0.0,0.6454096436500549,0.0,0.0
36.152,-0.2263668328523636,-0.20091187953948972,-1.544422626495361,0.043988272547721856,0.7099123597145081,0.0,0.0,0.6818084120750427,0.0,0.0
36.166,-0.20509731769561768,-0.286616325378418,6.31662654876709,0.10767210274934769,0.7885760068893432,0.0,0.0,0.8149658441543579,0.0,0.0
36.179,-0.15157970786094666,-0.4175394773483277,2.76385760307312,0.1699550896883011,0.8384103775024414,0.0,0.0,0.8214507102966307,0.0,0.0
36.192,-0.13058967888355255,-0.4302841126918793,-2.2535786628723145,0.19961909949779513,0.8274449110031128,0.0,0.0,0.8214507102966307,0.0,0.0
36.205,-0.1284622997045517,-0.3473483324050904,-9.886635780334473,0.15345491468906405,0.728980779647827,0.0,0.0,0.7678995728492736,0.0,0.0
36.219,-0.13474462926387787,-0.24319857358932492,-11.970099449157717,0.09905833005905151,0.6072643399238585,0.0,0.0,0.7326025962829591,0.0,0.0
36.232,-0.15072838962078094,-0.11844254285097122,-4.275081157684326,0.04624073207378388,0.5582860112190248,0.0,0.0,0.6544016599655152,0.0,0.0
36.245,-0.15185734629631042,-0.027439698576927185,4.621946811676025,0.06632427871227264,0.5648497939109801,0.0,0.0,0.5931422710418701,0.0,0.0
36.259,-0.13278166949748993,-0.05140870064496993,3.113110303878784,0.10847900062799454,0.5734944343566896,0.0,0.0,0.5992568731307985,0.0,0.0
36.272,-0.09101484715938568,-0.18911239504814148,0.26470720767974854,0.1676362007856369,0.5771818161010742,0.0,0.0,0.631045937538147,0.0,0.0
36.285,-0.09440386295318605,-0.35955005884170527,-3.4004509449005127,0.18347127735614777,0.617393970489502,0.0,0.0,0.645635724067688,0.0,0.0
36.299,-0.09718339145183565,-0.33400219678878784,1.2085541486740112,0.18660657107830048,0.6691328287124634,0.0,0.0,0.645635724067688,0.0,0.0
36.312,-0.11626455187797546,-0.2735283672809601,-2.9597325325012207,0.13341914117336273,0.6627814769744873,0.0,0.0,0.6526387929916382,0.0,0.0
36.325,-0.08456134051084518,-0.19552966952323916,-0.5103841423988342,0.15546829998493197,0.6478241682052612,0.0,0.0,0.6584564447402954,0.0,0.0
36.339,-0.031869079917669296,-0.21572396159172055,2.3790299892425537,0.20314869284629825,0.6600407361984253,0.0,0.0,0.6584564447402954,0.0,0.0
36.352,0.018537916243076324,-0.27094736695289606,0.4321575164794922,0.2563397288322449,0.7002015709877014,0.0,0.0,0.6258287429809569,0.0,0.0
36.365,0.005546452011913061,-0.3309241533279419,-7.600656032562256,0.20512035489082336,0.6408247947692871,0.0,0.0,0.633414089679718,0.0,0.0
36.379,-0.00871268380433321,-0.3142877519130707,3.313645601272583,0.15512502193450928,0.6048812866210938,0.0,0.0,0.5957457423210144,0.0,0.0
36.392,-0.04729045554995537,-0.2342737317085266,-1.0545417070388794,0.10522490739822388,0.6140841245651245,0.0,0.0,0.5957457423210144,0.0,0.0
36.405,-0.0746784433722496,-0.06726577877998352,-3.622975826263428,0.08798372000455856,0.6230806112289429,0.0,0.0,0.4990157186985016,0.0,0.0
36.419,-0.0963657796382904,-0.030614763498306274,-0.2647697925567627,0.06976916640996933,0.587568998336792,0.0,0.0,0.45507094264030457,0.0,0.0
36.432,-0.06859551370143889,-0.10066092014312744,-4.352322101593018,0.06414095312356949,0.5512845516204834,0.0,0.0,0.38630974292755127,0.0,0.0
36.445,-0.027636047452688217,-0.20691969990730288,-4.9690423011779785,0.06553559750318527,0.5090952515602112,0.0,0.0,0.36148276925086975,0.0,0.0
36.459,0.014929670840501784,-0.2930002808570862,-1.087722897529602,0.108076274394989,0.4749420881271362,0.0,0.0,0.3684759140014648,0.0,0.0
36.472,0.05473291873931885,-0.3361525535583496,1.544965744018555,0.1610138863325119,0.4670517444610596,0.0,0.0,0.35707926750183105,0.0,0.0
36.485,0.05437946319580078,-0.2690987288951874,-5.650390625,0.14698214828968048,0.3736574649810791,0.0,0.0,0.32340079545974726,0.0,0.0
36.499,0.030652405694127083,-0.23376452922821045,2.5046980381011963,0.13017304241657257,0.3656536936759949,0.0,0.0,0.32340079545974726,0.0,0.0
36.512,0.03854365646839142,-0.17846480011940002,-6.092715740203857,0.10951904207468031,0.2874458432197571,0.0,0.0,0.27973854541778564,0.0,0.0
36.525,0.04716414585709572,-0.2036580592393875,-15.391921043395996,0.13981427252292633,0.24599279463291168,0.0,0.0,0.1843852698802948,0.0,0.0
36.539,0.010433622635900974,-0.12850379943847656,4.879776477813721,0.12743017077445984,0.20680145919322968,0.0,0.0,0.21956625580787656,0.0,0.0
36.552,0.020571058616042137,-0.2030127197504044,-3.780598163604736,0.1729566752910614,0.20477113127708435,0.0,0.0,0.21956625580787656,0.0,0.0
36.565,0.020788727328181267,-0.2647028863430023,-1.2448556423187256,0.16499127447605133,0.14604559540748596,0.0,0.0,0.037314340472221375,0.0,0.0
36.579,0.04902724549174309,-0.22698242962360385,-0.4668200314044952,0.19760048389434812,0.21269091963768005,0.0,0.0,0.025956448167562485,0.0,0.0
36.592,0.07282532751560211,-0.19387561082839969,2.3033783435821533,0.24941127002239227,0.22455501556396484,0.0,0.0,0.025956448167562485,0.0,0.0
36.605,0.10922691226005554,-0.17429406940937042,5.476334095001221,0.30563002824783325,0.3045082092285156,0.0,0.0,0.04136236757040024,0.0,0.0
36.619,0.11847159266471864,-0.18895752727985385,4.454800605773926,0.33040904998779297,0.3779208660125733,0.0,0.0,0.04359403252601624,0.0,0.0
36.632,0.09738438576459885,-0.1766817718744278,-0.5633354187011719,0.28631642460823054,0.4170910716056824,0.0,0.0,0.0413578376173973,0.0,0.0
36.645,0.07006663829088211,-0.1814728081226349,-4.334456443786621,0.2396012544631958,0.4048222899436951,0.0,0.0,0.03514150530099869,0.0,0.0
36.659,0.07836917787790297,-0.18544702231884003,-3.340060949325561,0.2120834589004517,0.3910385966300965,0.0,0.0,0.02685851976275444,0.0,0.0
36.672,0.055042464286088943,-0.13908764719963074,0.46823322772979736,0.1741157025098801,0.3959157168865204,0.0,0.0,0.018887700513005257,0.0,0.0
36.685,0.04032367095351219,-0.08899986743927002,0.5259789228439331,0.17700721323490143,0.4200830459594727,0.0,0.0,0.011010323651134968,0.0,0.0
36.699,0.07921798527240753,-0.09009196609258653,1.213734149932861,0.21173205971717837,0.4691588878631592,0.0,0.0,0.0035756498109549284,0.0,0.0
36.712,0.06898777186870575,-0.13122299313545227,3.7528483867645264,0.16828274726867676,0.5166287422180176,0.0,0.0,-0.0004524055984802544,0.0,0.0
36.725,0.10448841005563736,-0.20548930764198303,5.406843662261962,0.17799349129199982,0.591141939163208,0.0,0.0,-0.017546679824590683,0.0,0.0
36.739,0.11531933397054672,-0.22160631418228147,1.5436928272247314,0.18758565187454224,0.6264002919197083,0.0,0.0,-0.017546679824590683,0.0,0.0
36.752,0.10538384318351746,-0.21480637788772583,-1.9014626741409304,0.18510249257087708,0.655138373374939,0.0,0.0,-0.01306692324578762,0.0,0.0
36.765,0.06153005734086037,-0.24810931086540225,2.1810114383697514,0.13176141679286957,0.7368815541267395,0.0,0.0,-0.028805023059248924,0.0,0.0
36.779,0.07360702753067017,-0.25201013684272766,-1.8610239028930664,0.18120107054710388,0.742672324180603,0.0,0.0,-0.02120476216077805,0.0,0.0
36.792,0.02865025028586388,-0.25221362709999084,1.5539332628250122,0.16653750836849213,0.7360873222351073,0.0,0.0,-0.02120476216077805,0.0,0.0
36.805,0.044028278440237045,-0.2980765402317047,3.4994490146636963,0.23103347420692444,0.7524492144584656,0.0,0.0,-0.015604350715875626,0.0,0.0
36.819,0.05774780362844467,-0.3107213377952576,-1.8737733364105225,0.28540948033332825,0.7332823872566222,0.0,0.0,-0.017209677025675774,0.0,0.0
36.833,0.09429442137479782,-0.2756686210632324,-2.0369801521301274,0.3335736691951752,0.7111910581588745,0.0,0.0,-0.009001764468848705,0.0,0.0
36.845,0.116991825401783,-0.2810620069503784,-3.031965732574463,0.33991101384162903,0.682435929775238,0.0,0.0,-0.007393637672066688,0.0,0.0
36.859,0.1508835405111313,-0.28228411078453064,4.935244560241699,0.40221524238586426,0.6768254041671753,0.0,0.0,-0.009477937594056128,0.0,0.0
36.873,0.16676056385040283,-0.3139212727546692,-1.1743012666702273,0.37912753224372864,0.6658235788345337,0.0,0.0,-0.011155380867421629,0.0,0.0
36.886,0.16085875034332275,-0.3389441967010498,-1.4161415100097656,0.40991947054862976,0.658063530921936,0.0,0.0,-0.013261079788208008,0.0,0.0
36.899,0.15146332979202273,-0.36064884066581726,-0.0992562621831894,0.3937213718891144,0.6728206872940063,0.0,0.0,-0.013261079788208008,0.0,0.0
36.912,0.18558168411254883,-0.377472460269928,-0.15031211078166962,0.40406733751297,0.6953397393226624,0.0,0.0,-0.010833494365215302,0.0,0.0
36.925,0.168910413980484,-0.45864641666412354,0.17336122691631317,0.36870235204696655,0.7112529873847961,0.0,0.0,-0.006916460115462542,0.0,0.0
36.939,0.18879197537899017,-0.47702404856681824,-3.527596473693848,0.3878412842750549,0.6854304075241089,0.0,0.0,-0.006916460115462542,0.0,0.0
36.952,0.2113423198461533,-0.485721230506897,3.2605993747711186,0.433700293302536,0.6788915395736694,0.0,0.0,-0.008956220000982285,0.0,0.0
36.965,0.19904851913452148,-0.4785003066062927,-3.5396373271942134,0.39335462450981135,0.6355048418045044,0.0,0.0,0.0020633367821574207,0.0,0.0
36.979,0.19185259938240048,-0.4683668911457062,4.324096202850342,0.3888078331947327,0.6369937658309937,0.0,0.0,0.010167154483497145,0.0,0.0
36.992,0.17979690432548523,-0.48178800940513605,3.9023389816284175,0.35136452317237854,0.6851980090141296,0.0,0.0,0.010167154483497145,0.0,0.0
37.005,0.15878942608833313,-0.4893701672554016,1.132035255432129,0.3600814938545227,0.7029699087142944,0.0,0.0,0.015310979448258877,0.0,0.0
37.019,0.1875554472208023,-0.5638092160224915,6.728756904602051,0.4082829356193543,0.7784718871116638,0.0,0.0,0.01241559349000454,0.0,0.0
37.034,0.2147042751312256,-0.5664002299308777,-5.8001227378845215,0.436002641916275,0.7025309801101685,0.0,0.0,0.001778436009772122,0.0,0.0
37.047,0.23806658387184143,-0.5580027103424072,-1.9231661558151243,0.49041000008583063,0.6159558296203613,0.0,0.0,-0.009329691529273987,0.0,0.0
37.06,0.26790013909339905,-0.5266278982162476,-2.770297050476074,0.5406826138496399,0.5735324621200562,0.0,0.0,-0.027014646679162976,0.0,0.0
37.073,0.277427077293396,-0.4537379145622253,-4.270258903503418,0.5504802465438843,0.5227291584014893,0.0,0.0,-0.07133777439594269,0.0,0.0
37.087,0.250630646944046,-0.2631976008415222,-11.866026878356934,0.4979208111763001,0.37545767426490784,0.0,0.0,0.04527611657977104,0.0,0.0
37.1,0.24102811515331268,-0.23829224705696103,6.0749688148498535,0.4443233013153076,0.38275012373924255,0.0,0.0,0.04527611657977104,0.0,0.0
37.114,0.2595583498477936,-0.37851250171661377,-1.886229872703552,0.45036825537681585,0.4225881099700928,0.0,0.0,0.0744798704981804,0.0,0.0
37.127,0.29973381757736206,-0.4927223920822144,6.656099319458008,0.4974269568920136,0.3056451678276062,0.0,0.0,-0.019183531403541565,0.0,0.0
37.14,0.3177347481250763,-0.44635835289955134,-2.169292449951172,0.5281088352203369,0.29577186703681946,0.0,0.0,-0.023975806310772896,0.0,0.0
37.153,0.2950561046600342,-0.43360292911529535,4.170269489288329,0.5097717046737671,0.35432040691375727,0.0,0.0,-0.023975806310772896,0.0,0.0
37.167,0.31366783380508423,-0.47858166694641113,7.847985744476318,0.5695861577987671,0.40395021438598633,0.0,0.0,-0.029519960284233093,0.0,0.0
37.18,0.3390827178955078,-0.49434393644332886,-0.1483820378780365,0.6334428191184998,0.44766464829444885,0.0,0.0,-0.02570202946662903,0.0,0.0
37.193,0.366403192281723,-0.551003098487854,5.242826461791992,0.6989269256591797,0.503073513507843,0.0,0.0,-0.02570202946662903,0.0,0.0
37.207,0.40927910804748535,-0.616707444190979,-6.1604719161987305,0.7741553783416749,1.0590314865112305,0.0,0.0,-0.029563741758465767,0.0,0.0
37.22,0.4286194145679474,-0.6068129539489746,-5.831421852111816,0.8136131167411805,1.1136367321014404,0.0,0.0,-0.0010014553554356098,0.0,0.0
37.234,0.3847726285457611,-0.5060280561447144,-8.372237205505371,0.7550597786903381,0.7743064165115356,0.0,0.0,0.14066794514656067,0.0,0.0
37.247,0.3428100049495697,-0.37772855162620544,-10.038771629333496,0.695992648601532,0.5479458570480347,0.0,0.0,0.13713538646697998,0.0,0.0
37.26,0.303783655166626,-0.2291698306798935,-6.051209926605225,0.6381595730781555,0.47163668274879456,0.0,0.0,0.04661552980542183,0.0,0.0
37.273,0.28426069021224976,-0.09814320504665376,3.3297970294952397,0.5857059955596924,0.3314843475818634,0.0,0.0,0.07913872599601746,0.0,0.0
37.287,0.27030283212661743,-0.023014262318611145,7.878199577331542,0.5339477062225342,0.20400638878345487,0.0,0.0,0.09665603935718536,0.0,0.0
37.3,0.26493895053863525,0.019989848136901852,7.532302856445312,0.4908454418182373,0.12981313467025757,0.0,0.0,0.05629937723278999,0.0,0.0
37.314,0.305505633354187,0.00659331027418375,4.497053146362305,0.5406088829040527,0.1871074736118317,0.0,0.0,0.05841074883937836,0.0,0.0
37.327,0.3463190495967865,-0.13538111746311188,-7.447477340698241,0.5776538848876953,0.22390660643577576,0.0,0.0,0.08877548575401306,0.0,0.0
37.34,0.3884800970554352,-0.1401910036802292,-4.4692888259887695,0.6182644963264465,0.14654844999313354,0.0,0.0,0.08350177854299545,0.0,0.0
37.354,0.3575634956359864,-0.09801676869392396,-6.943784236907959,0.6171118021011353,0.1094898134469986,0.0,0.0,0.08350177854299545,0.0,0.0
37.367,0.3304074704647064,0.07676316797733307,-7.582026004791261,0.6010174751281737,0.05838261172175408,0.0,0.0,0.06578834354877472,0.0,0.0
37.38,0.33674389123916626,0.17259204387664795,2.797413110733032,0.6493942141532898,0.054412759840488434,0.0,0.0,0.06771041452884674,0.0,0.0
37.394,0.34107089042663574,0.2118963301181793,-1.3366657495498655,0.6964954733848572,0.05563589558005333,0.0,0.0,0.06406055390834808,0.0,0.0
37.407,0.3347691595554352,0.23714689910411835,-5.050921440124512,0.6431836485862732,-0.02104047499597073,0.0,0.0,0.06103302538394928,0.0,0.0
37.42,0.3470335900783539,0.2025207281112671,-2.5061464309692383,0.6174527406692505,-0.12006961554288864,0.0,0.0,0.06759803742170334,0.0,0.0
37.434,0.3532960116863251,0.1934826374053955,-2.872060775756836,0.6255398392677307,-0.1891660690307617,0.0,0.0,0.06759212911128998,0.0,0.0
37.447,0.3426663875579834,0.2589068114757538,-5.727073669433594,0.5658630728721619,-0.29731452465057373,0.0,0.0,0.05796236917376518,0.0,0.0
37.46,0.34555739164352417,0.2933823764324188,0.8205472230911256,0.5371096134185791,-0.36679777503013605,0.0,0.0,0.04142710193991661,0.0,0.0
37.474,0.3580915331840515,0.3839266002178192,-0.09205676615238188,0.5628891587257385,-0.437690794467926,0.0,0.0,0.02754056081175804,0.0,0.0
37.487,0.37398627400398254,0.4540106058120728,-1.991019368171692,0.5785624980926514,-0.5398613214492798,0.0,0.0,0.02340908721089363,0.0,0.0
37.5,0.32485488057136536,0.4633735418319702,-11.450831413269045,0.5381104946136475,-0.7261289358139038,0.0,0.0,-0.006649262271821498,0.0,0.0
37.514,0.3128626048564911,0.4196813702583313,4.118372917175293,0.51708984375,-0.7105408906936646,0.0,0.0,0.01852966472506523,0.0,0.0
37.527,0.31326502561569214,0.42093372344970703,-1.232642650604248,0.5542431473731995,-0.6943374872207642,0.0,0.0,0.01852966472506523,0.0,0.0
37.54,0.3463234007358551,0.4485367238521576,-2.5244424343109126,0.5665736198425293,-0.706052303314209,0.0,0.0,-0.02673714980483055,0.0,0.0
37.554,0.35262617468833923,0.5084225535392761,-5.360866069793701,0.5563650131225586,-0.7278494238853455,0.0,0.0,-0.0828113704919815,0.0,0.0
37.567,0.36651888489723206,0.5309727191925049,-6.21088409423828,0.5562720894813538,-0.7774739265441895,0.0,0.0,-0.06264777481555939,0.0,0.0
37.58,0.3489077389240265,0.5846625566482544,-7.99061679840088,0.5790564417839049,-0.8255293369293214,0.0,0.0,-0.030161267146468163,0.0,0.0
37.594,0.3002870976924896,0.5244442224502563,-0.003948435187339784,0.5678079724311829,-0.8539326786994934,0.0,0.0,-0.118202343583107,0.0,0.0
37.607,0.31358927488327026,0.5045173764228821,3.5651698112487797,0.6004959940910339,-0.8320808410644531,0.0,0.0,-0.1068289875984192,0.0,0.0
37.62,0.2985001504421234,0.5139557123184204,4.318454742431641,0.5701689124107361,-0.7376246452331542,0.0,0.0,-0.03729144111275673,0.0,0.0
37.634,0.2958937585353852,0.5252519845962524,1.368147850036621,0.5562559366226196,-0.6576679944992065,0.0,0.0,-0.03729144111275673,0.0,0.0
37.647,0.2847915291786194,0.5179462432861328,5.530936241149902,0.5685182809829712,-0.5173773765563965,0.0,0.0,-0.06588901579380035,0.0,0.0
37.661,0.25626322627067566,0.5518521070480347,12.11798095703125,0.5321997404098511,-0.35661402344703674,0.0,0.0,-0.0237756222486496,0.0,0.0
37.674,0.2239965945482254,0.4849364757537842,-1.454874873161316,0.4809028208255768,-0.3283217549324036,0.0,0.0,-0.047388538718223565,0.0,0.0
37.687,0.19298964738845825,0.4417018294334412,0.8866320848464967,0.4252743124961853,-0.32915064692497253,0.0,0.0,-0.047388538718223565,0.0,0.0
37.7,0.1823667287826538,0.5983465909957886,15.276790618896484,0.4053902328014374,-0.25509291887283325,0.0,0.0,-0.01973278634250164,0.0,0.0
37.714,0.174153670668602,0.6457840204238892,-9.451533317565918,0.383641928434372,-0.30477049946784973,0.0,0.0,-0.02761504426598549,0.0,0.0
37.727,0.1579885482788086,0.7002063989639281,3.4860210418701167,0.33539149165153503,-0.3586470484733581,0.0,0.0,-0.02761504426598549,0.0,0.0
37.74,0.19766148924827576,0.7561018466949464,4.986396312713623,0.3566789627075196,-0.3458097279071808,0.0,0.0,-0.08254162222146989,0.0,0.0
37.754,0.21010896563529968,0.7299680113792419,-2.6580512523651123,0.3297477960586548,-0.36369091272354126,0.0,0.0,-0.12529274821281433,0.0,0.0
37.767,0.21543654799461365,0.6651299595832825,2.239163398742676,0.30730074644088745,-0.3566908836364746,0.0,0.0,-0.15691348910331726,0.0,0.0
37.78,0.2153361290693283,0.6202617287635803,5.313358306884766,0.2802199721336365,-0.30497661232948303,0.0,0.0,-0.1436334252357483,0.0,0.0
37.794,0.21016663312911987,0.5675545930862427,4.556448459625244,0.24702800810337067,-0.27897393703460693,0.0,0.0,-0.12197015434503557,0.0,0.0
37.807,0.20938214659690857,0.43425893783569336,3.6138782501220703,0.2283800840377808,-0.21811786293983457,0.0,0.0,-0.12918438017368317,0.0,0.0
37.82,0.23244398832321167,0.2874490022659302,2.734693050384521,0.23085997998714447,-0.08161182701587677,0.0,0.0,-0.11883217096328735,0.0,0.0
37.834,0.2441977709531784,0.12557858228683472,3.766670227050781,0.25623470544815063,0.04690432921051979,0.0,0.0,-0.068929523229599,0.0,0.0
37.847,0.24838355183601377,-0.057514045387506485,7.090513229370117,0.2912569046020508,0.15066076815128326,0.0,0.0,-0.016175903379917145,0.0,0.0
37.86,0.2517559230327606,-0.1867530196905136,5.2095961570739755,0.3242306113243103,0.22354412078857425,0.0,0.0,0.02045233733952045,0.0,0.0
37.874,0.2526754140853882,-0.26475083827972407,-0.3943093121051788,0.3406922519207001,0.22644257545471191,0.0,0.0,0.04434601590037346,0.0,0.0
37.887,0.2558139264583588,-0.31778082251548767,-0.388771653175354,0.38276463747024536,0.21271598339080808,0.0,0.0,0.08788679540157318,0.0,0.0
37.9,0.26256322860717773,-0.34166330099105835,2.041051387786865,0.43896374106407166,0.23597297072410583,0.0,0.0,0.16627725958824158,0.0,0.0
37.914,0.2689040005207062,-0.4646173715591431,16.667810440063477,0.5029876828193665,0.39603641629219055,0.0,0.0,0.28889477252960205,0.0,0.0
37.927,0.275659054517746,-0.499162495136261,-2.1935529708862305,0.5694538354873657,0.37725478410720825,0.0,0.0,0.28889477252960205,0.0,0.0
37.94,0.2915318012237549,-0.5998032093048096,14.381436347961426,0.6279082894325256,0.6005533933639526,0.0,0.0,0.3189959526062012,0.0,0.0
37.954,0.3286387026309967,-0.7146948575973511,-3.015028715133667,0.6478055119514465,0.852041482925415,0.0,0.0,0.3632780313491821,0.0,0.0
37.967,0.3676978349685669,-0.7675173282623291,-0.6621814966201782,0.6718403697013855,0.9711253643035888,0.0,0.0,0.3341861963272095,0.0,0.0
37.98,0.3649592399597168,-0.7925920486450195,-0.07875189185142517,0.6947453618049622,0.955672800540924,0.0,0.0,0.3341861963272095,0.0,0.0
37.994,0.3563729524612427,-0.3779460787773132,-21.776161193847656,0.6949572563171387,0.8141283392906189,0.0,0.0,0.43100750446319586,0.0,0.0
38.007,0.34291863441467285,-0.2484098523855209,-15.865568161010742,0.6669703722000122,0.4625584483146668,0.0,0.0,0.34398919343948364,0.0,0.0
38.02,0.3028084337711334,-0.36299172043800354,4.58543062210083,0.6119102835655212,0.4167547821998596,0.0,0.0,0.34398919343948364,0.0,0.0
38.036,0.2866937220096588,-0.02385618165135384,-17.036907196044922,0.6092570424079895,0.342057466506958,0.0,0.0,0.2380160093307495,0.0,0.0
38.049,0.3208667635917664,0.08757191896438599,6.402652740478516,0.6443381905555725,0.39704710245132446,0.0,0.0,0.18663828074932096,0.0,0.0
38.062,0.31675863265991205,0.08381156623363496,11.741698265075684,0.64665687084198,0.5053032636642456,0.0,0.0,0.14406061172485352,0.0,0.0
38.076,0.3100728690624237,0.04722481966018677,9.382472038269043,0.6219582557678223,0.5940706133842468,0.0,0.0,0.12916631996631622,0.0,0.0
38.089,0.3028189539909363,-0.05683943629264832,-3.2170112133026123,0.5699747204780579,0.5957217216491699,0.0,0.0,0.1188393533229828,0.0,0.0
38.102,0.2955033481121063,-0.12984514236450195,0.4538263976573944,0.5170086026191713,0.6777331829071045,0.0,0.0,0.08330102264881134,0.0,0.0
38.116,0.2944892644882202,-0.15119747817516327,-7.285955905914306,0.47073364257812494,0.6726962327957153,0.0,0.0,-0.02642453834414482,0.0,0.0
38.129,0.2917486429214477,-0.1510402411222458,2.843478918075561,0.4231583476066589,0.6763803958892822,0.0,0.0,-0.02642453834414482,0.0,0.0
38.142,0.31414464116096497,-0.1973789632320404,-8.105331420898438,0.4493202865123749,0.4496583938598633,0.0,0.0,-0.01631724275648594,0.0,0.0
38.156,0.33782312273979187,-0.2561342120170593,12.977702140808104,0.5079187750816345,0.5471529364585876,0.0,0.0,0.018529709428548813,0.0,0.0
38.169,0.35371649265289307,-0.3774541020393372,8.756531715393066,0.5701465606689453,0.6106191873550415,0.0,0.0,0.019700087606906887,0.0,0.0
38.182,0.37048891186714167,-0.5401139259338379,-1.7856661081314087,0.6285582780838013,0.568720817565918,0.0,0.0,0.04258694872260094,0.0,0.0
38.196,0.38521838188171387,-0.6715530157089233,-5.152646541595459,0.6343925595283508,0.4873707890510559,0.0,0.0,0.05680990964174271,0.0,0.0
38.209,0.3936343789100647,-0.7035737037658691,-3.272724151611328,0.6383087038993835,0.4359537363052368,0.0,0.0,0.06096609681844711,0.0,0.0
38.222,0.3751012086868286,-0.6813250780105591,0.2816297113895416,0.6130791902542113,0.44918662309646606,0.0,0.0,0.07685640454292297,0.0,0.0
38.236,0.3597981929779053,-0.6678096652030945,1.0133340358734133,0.625685453414917,0.4310123920440674,0.0,0.0,0.1331005096435547,0.0,0.0
38.249,0.3570559024810791,-0.658433735370636,0.44271647930145264,0.658746600151062,0.36035075783729553,0.0,0.0,0.1847999393939972,0.0,0.0
38.262,0.39867419004440313,-0.5320054888725281,-7.496742725372314,0.7088602185249329,0.1799927055835724,0.0,0.0,0.16953539848327637,0.0,0.0
38.276,0.43942961096763605,-0.5401664972305298,1.1020783185958862,0.7570154070854187,0.1587277054786682,0.0,0.0,0.16953539848327637,0.0,0.0
38.289,0.43602705001831055,-0.4304084777832031,-5.815356254577637,0.7166047096252441,0.1015540137887001,0.0,0.0,0.1672719568014145,0.0,0.0
38.302,0.43129816651344294,-0.31048235297203064,2.4250688552856445,0.7141911387443544,0.12318579107522964,0.0,0.0,0.14596739411354065,0.0,0.0
38.316,0.42659130692482,-0.27198466658592224,0.8871166110038757,0.6862729787826538,0.13737942278385162,0.0,0.0,0.1392015516757965,0.0,0.0
38.329,0.4270139038562775,-0.24992020428180692,-1.413116216659546,0.6444904208183289,0.14410148561000824,0.0,0.0,0.12463731318712234,0.0,0.0
38.342,0.4436511993408203,-0.22697705030441284,-2.4399518966674805,0.6139613389968872,0.13544295728206637,0.0,0.0,0.11319580674171448,0.0,0.0
38.356,0.4824608564376831,-0.2512584924697876,0.1209106296300888,0.6533640623092651,0.1620849370956421,0.0,0.0,0.10458154231309892,0.0,0.0
38.369,0.49125868082046503,-0.28671371936798096,1.767702579498291,0.7039655447006226,0.1820044070482254,0.0,0.0,0.09560242295265196,0.0,0.0
38.383,0.4987641274929047,-0.2968340814113617,-2.140097618103028,0.7143152952194214,0.17588914930820465,0.0,0.0,0.09287875145673753,0.0,0.0
38.396,0.4688343107700348,-0.28434744477272034,-0.9511045813560484,0.7245283722877502,0.16987919807434082,0.0,0.0,0.09493008255958557,0.0,0.0
38.409,0.46553677320480347,-0.26838138699531555,-0.12928414344787598,0.7666124105453491,0.174466073513031,0.0,0.0,0.09263215959072112,0.0,0.0
38.422,0.4619821906089783,-0.24265846610069275,-0.9719263315200803,0.7142136096954346,0.18542148172855377,0.0,0.0,0.09194941073656082,0.0,0.0
38.436,0.45646005868911743,-0.22505229711532596,-1.4055445194244385,0.6996604204177856,0.16581204533576965,0.0,0.0,0.095717653632164,0.0,0.0
38.449,0.4636163413524628,-0.2167679071426392,1.392754316329956,0.7122052907943726,0.15567544102668762,0.0,0.0,0.095717653632164,0.0,0.0
38.462,0.4867482781410217,-0.20125465095043185,-1.394890546798706,0.691818356513977,0.13657726347446442,0.0,0.0,0.09031502902507782,0.0,0.0
38.476,0.5071526765823364,-0.18392527103424072,2.26645827293396,0.7308850288391113,0.059399284422397614,0.0,0.0,0.07835182547569275,0.0,0.0
38.489,0.4921005070209503,-0.18289479613304135,-0.5624961256980896,0.7449543476104736,0.05622522532939911,0.0,0.0,0.07835182547569275,0.0,0.0
38.502,0.4959486424922943,-0.15692639350891113,-2.1968564987182617,0.7336304783821106,-0.050925865769386285,0.0,0.0,0.06931069493293762,0.0,0.0
38.516,0.4968075156211853,-0.12216030806303024,-2.33123517036438,0.7566721439361571,-0.1133946031332016,0.0,0.0,0.04327024519443512,0.0,0.0
38.529,0.4974918365478516,-0.1018621027469635,0.012273341417312622,0.7404276728630067,-0.1183743178844452,0.0,0.0,0.04053859412670136,0.0,0.0
38.542,0.4812954664230346,-0.07419547438621521,-0.732801854610443,0.7195245027542113,-0.10927708446979524,0.0,0.0,0.03563709557056427,0.0,0.0
38.556,0.48890680074691767,-0.03541181981563568,-1.4982786178588867,0.7354010939598083,-0.05883467569947243,0.0,0.0,0.03322681784629822,0.0,0.0
38.569,0.5031898021697998,-0.02418639324605465,-2.6066551208496094,0.774160623550415,-0.05681077390909194,0.0,0.0,0.03442208468914032,0.0,0.0
38.583,0.481882631778717,-0.041205644607543945,-1.21878182888031,0.7618973255157471,-0.07307185232639311,0.0,0.0,0.03480803593993187,0.0,0.0
38.596,0.4764859080314636,-0.05397534370422363,-4.1652512550354,0.7116076946258545,-0.08159956336021422,0.0,0.0,0.022413555532693863,0.0,0.0
38.609,0.4702475965023041,-0.013062093406915665,-0.5165407657623291,0.6581698060035706,-0.0837084949016571,0.0,0.0,0.014530941843986511,0.0,0.0
38.623,0.46321004629135126,0.015808191150426865,0.183638408780098,0.6554431319236755,-0.054650571197271354,0.0,0.0,0.0017132523935288193,0.0,0.0
38.636,0.5005841255187988,0.04460543394088745,2.146840810775757,0.690733015537262,-0.023308916017413136,0.0,0.0,-0.02238490059971809,0.0,0.0
38.649,0.5097405910491944,0.0410710945725441,-1.7828110456466677,0.6887715458869934,-0.02141645923256874,0.0,0.0,-0.010925199836492538,0.0,0.0
38.663,0.5019503831863403,0.04455439746379852,-1.086353063583374,0.6453462243080139,-0.00514601543545723,0.0,0.0,-0.009165240451693537,0.0,0.0
38.676,0.4714425802230835,0.050441797822713845,0.8628522157669067,0.6532114148139954,0.05952463299036025,0.0,0.0,-0.014135779812932014,0.0,0.0
38.689,0.49301820993423456,0.045539848506450646,3.03174376487732,0.7067992687225342,0.0767572522163391,0.0,0.0,-0.014135779812932014,0.0,0.0
38.703,0.46636140346527105,0.03971240669488906,-1.6764492988586426,0.6586250066757202,0.08977948129177092,0.0,0.0,-0.044180478900671005,0.0,0.0
38.716,0.4670190513134002,0.0865984559059143,1.0688507556915283,0.65445876121521,0.11366692930459976,0.0,0.0,0.012975838035345078,0.0,0.0
38.729,0.5078513622283936,0.0750698149204254,1.2306150197982788,0.7053118348121643,0.12988197803497314,0.0,0.0,-0.03360288590192795,0.0,0.0
38.743,0.5039853453636169,0.08754896372556686,-1.3342013359069824,0.7439640760421754,0.1355243623256683,0.0,0.0,-0.03360288590192795,0.0,0.0
38.756,0.4946029484272003,0.11630812287330627,-0.24590729176998136,0.6978070735931396,0.13751953840255737,0.0,0.0,0.07755569368600845,0.0,0.0
38.769,0.48820441961288447,0.10099410265684128,3.2497339248657227,0.7192053198814392,0.14415684342384338,0.0,0.0,0.029402710497379303,0.0,0.0
38.783,0.502318263053894,0.10810291022062302,1.0231642723083496,0.7191736698150635,0.11983561515808104,0.0,0.0,-0.14770279824733734,0.0,0.0
38.796,0.48668998479843134,0.1221183016896248,-3.00056266784668,0.6739105582237244,0.09973826259374617,0.0,0.0,0.06348742544651031,0.0,0.0
38.809,0.4902293384075165,0.1057569831609726,1.8556636571884155,0.6779873371124268,0.11536440998315813,0.0,0.0,0.15417109429836273,0.0,0.0
38.823,0.5231689214706421,0.1133500188589096,1.577661633491516,0.7195070385932921,0.10241356492042542,0.0,0.0,-0.12954223155975342,0.0,0.0
38.836,0.5229268670082092,0.13077256083488464,-4.260436534881592,0.7156044244766235,0.07400505989789961,0.0,0.0,0.030824173241853717,0.0,0.0
38.849,0.4958325326442719,0.1369360089302063,-1.0502066612243652,0.7188442349433899,0.06295322626829147,0.0,0.0,0.030824173241853717,0.0,0.0
38.863,0.4942017793655396,0.14188170433044434,0.2183480113744736,0.7103168964385985,0.03109272196888924,0.0,0.0,-0.0493268333375454,0.0,0.0
38.876,0.48829013109207153,0.118362657725811,0.017275450751185417,0.7007044553756714,0.03760948032140732,0.0,0.0,-0.03097012266516685,0.0,0.0
38.889,0.5093352198600769,0.12878113985061646,-0.7846446633338928,0.6931962370872498,0.03512953221797943,0.0,0.0,-0.0660581886768341,0.0,0.0
38.903,0.48808503150939936,0.11754491925239564,0.2216799557209015,0.6636973023414612,0.023861227557063103,0.0,0.0,-0.0660581886768341,0.0,0.0
38.916,0.5301268100738524,0.1065896451473236,0.4194979071617127,0.7114985585212708,0.02528547495603561,0.0,0.0,-0.037866126745939255,0.0,0.0
38.929,0.5239406824111938,0.10283413529396056,-1.3570636510849,0.7336798906326294,0.005384286865592002,0.0,0.0,-0.0633922591805458,0.0,0.0
38.943,0.507671594619751,0.11550229787826538,-2.1680996417999268,0.7178865075111389,-0.012786572799086572,0.0,0.0,-0.029810244217514992,0.0,0.0
38.956,0.4920918345451355,0.14403660595417023,-2.491957664489746,0.7143723368644713,-0.02061312645673752,0.0,0.0,-0.042422115802764886,0.0,0.0
38.97,0.5083266496658325,0.1535511612892151,2.197584390640259,0.721834659576416,-0.045953851193189614,0.0,0.0,-0.06593532860279083,0.0,0.0
38.983,0.49115070700645447,0.15386249125003815,0.8218531012535094,0.681380569934845,-0.061903536319732666,0.0,0.0,-0.0732094943523407,0.0,0.0
38.996,0.49406749010086065,0.15457554161548617,-0.3225671947002411,0.6805501580238342,-0.08075244724750519,0.0,0.0,-0.07988769561052321,0.0,0.0
39.01,0.49036779999732966,0.15017342567443848,0.028506293892860413,0.7147138118743896,-0.08843660354614259,0.0,0.0,-0.09132044017314912,0.0,0.0
39.023,0.5047147274017334,0.14615392684936523,0.09895255416631697,0.7363290190696716,-0.09218256920576096,0.0,0.0,-0.10333356261253356,0.0,0.0
39.036,0.4684245884418488,0.14529016613960266,-2.4523425102233887,0.6836139559745789,-0.12792709469795227,0.0,0.0,-0.08654645830392836,0.0,0.0
39.049,0.44014143943786627,0.14624431729316711,0.0881241112947464,0.6581714749336243,-0.1465938687324524,0.0,0.0,-0.08654645830392836,0.0,0.0
39.063,0.46181541681289673,0.13543733954429626,3.062421560287476,0.707403838634491,-0.12562179565429688,0.0,0.0,-0.08962472528219223,0.0,0.0
39.076,0.4650016129016876,0.1175590455532074,2.9866645336151123,0.6894973516464233,-0.1141745150089264,0.0,0.0,-0.07755182683467865,0.0,0.0
39.089,0.4874056279659271,0.11881230771541595,-1.170462727546692,0.69022536277771,-0.11230736970901488,0.0,0.0,-0.07755182683467865,0.0,0.0
39.103,0.4738064110279083,0.09759841114282608,2.486712455749512,0.6823667287826538,-0.13196399807929993,0.0,0.0,-0.07107426971197128,0.0,0.0
39.116,0.5142885446548462,0.0731578916311264,3.923928737640381,0.7105014324188232,-0.1360674351453781,0.0,0.0,-0.051670007407665246,0.0,0.0
39.13,0.5008392333984375,0.06324651837348938,-2.560278415679932,0.6778741478919983,-0.13744930922985077,0.0,0.0,-0.042131468653678894,0.0,0.0
39.143,0.4924202263355255,0.05381135642528534,0.44058048725128174,0.6997959017753601,-0.1406664401292801,0.0,0.0,-0.043187234550714486,0.0,0.0
39.156,0.5073302984237671,0.005259744357317686,-0.17529785633087158,0.6826714277267456,-0.12387559562921524,0.0,0.0,-0.042571425437927246,0.0,0.0
39.17,0.48889711499214167,-0.0022153535392135386,-0.8898066282272339,0.6399438977241516,-0.10236892849206924,0.0,0.0,-0.04045024886727333,0.0,0.0
39.183,0.46692535281181335,0.0058545456267893314,-1.0532774925231934,0.6478109359741211,-0.07844577729701997,0.0,0.0,-0.04149262607097626,0.0,0.0
39.196,0.48653462529182434,0.0211961530148983,0.17489315569400787,0.644892692565918,-0.05471208691596985,0.0,0.0,-0.04490715265274048,0.0,0.0
39.21,0.49336931109428406,0.037908125668764114,-0.2918691635131836,0.6856198906898499,-0.03842582181096077,0.0,0.0,-0.04384354874491692,0.0,0.0
39.223,0.5062399506568909,0.04033428430557251,-0.46527162194252014,0.6706293225288391,-0.038172788918018334,0.0,0.0,-0.03881656751036644,0.0,0.0
39.236,0.4801305830478668,0.015607012435793877,-0.4261210560798645,0.6695080995559692,-0.05577175319194794,0.0,0.0,-0.0337865836918354,0.0,0.0
39.25,0.4739006459712982,0.008948279544711113,0.693202018737793,0.6374875903129578,-0.06095364317297936,0.0,0.0,-0.0337865836918354,0.0,0.0
39.263,0.4786864519119263,0.008947310969233513,0.6320238709449768,0.6582505106925964,-0.04312872141599655,0.0,0.0,-0.025195304304361343,0.0,0.0
39.276,0.5037888884544373,0.009049773216247559,0.994750201702118,0.6732795834541321,0.012596195563673971,0.0,0.0,-0.024943105876445767,0.0,0.0
39.29,0.48574429750442505,0.009432163089513777,0.06410835683345795,0.6636173129081726,0.017941465601325035,0.0,0.0,-0.024943105876445767,0.0,0.0
39.303,0.4904844462871552,-0.000645304680801928,-1.130118727684021,0.6901509165763855,0.02348537370562553,0.0,0.0,-0.017799265682697296,0.0,0.0
39.316,0.4784051179885864,-0.0246680211275816,-1.8740068674087524,0.6497405171394348,0.0281203743070364,0.0,0.0,-0.001178509322926402,0.0,0.0
39.33,0.4857517182826996,-0.030951358377933506,0.732088804244995,0.6741741895675659,0.040017716586589806,0.0,0.0,0.0025268630124628544,0.0,0.0
39.343,0.4947715401649475,-0.03460939973592758,0.20383600890636444,0.6650780439376831,0.04246368631720543,0.0,0.0,0.0025268630124628544,0.0,0.0
39.356,0.48557937145233154,-0.02521306276321411,1.5870834589004517,0.6902954578399657,0.08321789652109146,0.0,0.0,0.012191587127745152,0.0,0.0
39.37,0.4940922260284424,-0.017812170088291168,-0.5034767389297485,0.6756001710891724,0.0946265608072281,0.0,0.0,0.017480168491601944,0.0,0.0
39.383,0.5144169926643372,-0.007227870635688306,-0.31740352511405945,0.7268549799919128,0.08625899255275726,0.0,0.0,0.02207602560520172,0.0,0.0
39.396,0.4942905306816101,-0.003404168412089348,-0.6094695329666138,0.676081955432892,0.07690299302339555,0.0,0.0,0.026696413755416874,0.0,0.0
39.41,0.4778062105178833,-0.008478220552206038,0.16861078143119812,0.6808674931526184,0.08004423975944519,0.0,0.0,0.03045785799622536,0.0,0.0
39.423,0.4969882667064666,-0.014833929017186165,0.6867625713348389,0.6751345992088318,0.08673284947872163,0.0,0.0,0.03163516148924828,0.0,0.0
39.436,0.4802992939949036,-0.019154459238052368,0.8157461881637573,0.6854050159454346,0.10052195191383362,0.0,0.0,0.02996882237493992,0.0,0.0
39.45,0.500675618648529,-0.011906623840332031,-0.5221315026283264,0.6826962232589722,0.11234821379184724,0.0,0.0,0.02842274866998196,0.0,0.0
39.463,0.5110113024711609,-0.001824602484703064,-0.6971268057823181,0.7295284271240233,0.11676089465618134,0.0,0.0,0.02842274866998196,0.0,0.0
39.476,0.49038213491439814,0.02184417843818665,-1.6545840501785278,0.6807345151901245,0.10711872577667236,0.0,0.0,0.02897799015045166,0.0,0.0
39.49,0.4907962381839752,0.04535462334752082,-0.9310226440429688,0.6863734722137451,0.0927945375442505,0.0,0.0,0.020572301000356678,0.0,0.0
39.503,0.49708747863769526,0.05067388713359833,0.7075456976890564,0.6809110045433044,0.0841093510389328,0.0,0.0,0.00990239903330803,0.0,0.0
39.516,0.47986581921577454,0.056126326322555535,-0.49729362130165106,0.6821388602256775,0.08220653980970383,0.0,0.0,0.00990239903330803,0.0,0.0
39.53,0.5120011568069458,0.059480324387550354,0.21236871182918549,0.6811257600784302,0.07644780725240707,0.0,0.0,0.0036634244024753566,0.0,0.0
39.543,0.48582032322883606,0.06472642719745636,0.3520205616950989,0.6827115416526793,0.06835311651229857,0.0,0.0,-0.006772327236831188,0.0,0.0
39.556,0.5052975416183472,0.06763872504234314,0.07281261682510376,0.6814405918121338,0.07017795741558075,0.0,0.0,-0.014138559810817242,0.0,0.0
39.57,0.4867248833179474,0.06948931515216827,-0.064079649746418,0.6892284154891968,0.06908372044563293,0.0,0.0,-0.015778494998812675,0.0,0.0
39.583,0.49856555461883545,0.07857118546962738,-1.3315033912658691,0.6882912516593933,0.05808234214782714,0.0,0.0,-0.012963879853487017,0.0,0.0
39.596,0.4653642177581787,0.07493112981319427,-0.752880871295929,0.6872671842575073,0.04870063811540604,0.0,0.0,-0.00938825774937868,0.0,0.0
39.61,0.4960525035858154,0.07149474322795868,-0.12245457619428636,0.688591480255127,0.04259750992059708,0.0,0.0,-0.005966395139694214,0.0,0.0
39.623,0.4759365320205689,0.06550776213407516,0.13502588868141174,0.6868640184402466,0.03579101338982582,0.0,0.0,-0.0035887989215552807,0.0,0.0
39.636,0.5020165443420409,0.062401879578828805,1.294079065322876,0.6842154264450073,0.037434183061122894,0.0,0.0,-0.004046248272061348,0.0,0.0
39.65,0.4792390167713165,0.059661686420440674,0.862851083278656,0.6870313882827759,0.04854962229728699,0.0,0.0,-0.004471272695809603,0.0,0.0
39.663,0.4948932826519013,0.05724617466330528,0.833281636238098,0.6787310838699341,0.058428946882486336,0.0,0.0,-0.001598166534677148,0.0,0.0
39.676,0.4961950480937958,0.049875408411026,-0.17339041829109192,0.7067025303840637,0.05748616904020309,0.0,0.0,-0.001598166534677148,0.0,0.0
39.689,0.4929482340812683,0.04987254738807678,-0.14754077792167664,0.6836105585098267,0.04584478959441185,0.0,0.0,0.00010490338900126515,0.0,0.0
39.703,0.49859774112701416,0.048981498926877975,-0.90180504322052,0.709669828414917,0.007938690483570099,0.0,0.0,0.004005968105047941,0.0,0.0
39.716,0.48337104916572565,0.04613848775625229,0.008263508789241316,0.6733590960502625,0.0041406042873859406,0.0,0.0,0.0019178552320227027,0.0,0.0
39.73,0.497177928686142,0.050812877714633935,0.40964522957801813,0.7061138153076172,-0.003006007522344589,0.0,0.0,0.0019178552320227027,0.0,0.0
39.743,0.4778095781803131,0.049477681517601006,2.023943901062012,0.6645783185958862,-0.004070950672030449,0.0,0.0,-0.0022604726254940037,0.0,0.0
39.756,0.4882526099681854,0.046208612620830536,0.3011176586151123,0.6986845135688782,0.002602880820631981,0.0,0.0,-0.0034794309176504608,0.0,0.0
39.77,0.48589977622032166,0.04705511778593064,-0.011356850154697897,0.6833608746528625,0.004993220791220665,0.0,0.0,-0.004826894495636225,0.0,0.0
39.783,0.5044487118721008,0.03923074901103973,-0.7114037871360779,0.7174477577209473,-0.00552787072956562,0.0,0.0,-0.0063492446206510076,0.0,0.0
39.796,0.4912747740745544,0.03839894384145737,-0.8462504148483276,0.679219663143158,-0.020092543214559555,0.0,0.0,-0.007872037589550018,0.0,0.0
39.81,0.5014663934707642,0.040966540575027466,-0.46833506226539606,0.7007428407669067,-0.024357128888368607,0.0,0.0,-0.009016063995659351,0.0,0.0
39.823,0.4932366013526917,0.04086233675479889,-0.013332325033843516,0.6629611849784851,-0.018181161954998967,0.0,0.0,-0.009817657060921192,0.0,0.0
39.836,0.5010632872581482,0.0394570641219616,0.03325233608484268,0.698285698890686,-0.011638075113296509,0.0,0.0,-0.010043754242360592,0.0,0.0
39.85,0.489311397075653,0.04024319350719452,-0.035876501351594925,0.6612359285354614,-0.00492917001247406,0.0,0.0,-0.009871667250990868,0.0,0.0
39.863,0.49683472514152527,0.04420530423521996,0.017951102927327156,0.6989359855651855,0.005792481824755669,0.0,0.0,-0.009289481677114964,0.0,0.0
39.876,0.4783657491207122,0.043277055025100715,-0.4721182286739349,0.6618490219116211,0.01169961504638195,0.0,0.0,-0.008637758903205393,0.0,0.0
39.89,0.4955025315284729,0.043359436094760895,-0.4775066673755646,0.7056098580360413,0.012355808168649672,0.0,0.0,-0.0090629355981946,0.0,0.0
39.903,0.48597887158393854,0.043557308614254,-0.5358652472496033,0.6754063367843628,0.004428617656230927,0.0,0.0,-0.00986573752015829,0.0,0.0
39.916,0.4921254515647888,0.04317723214626312,-0.08412405848503114,0.6953798532485962,0.007340972311794759,0.0,0.0,-0.010394515469670296,0.0,0.0
39.93,0.4883964359760285,0.04528740793466568,0.32617804408073425,0.6784158945083617,0.0066153910011053085,0.0,0.0,-0.010394515469670296,0.0,0.0
39.943,0.4898720681667328,0.044766031205654144,0.22056517004966736,0.6930678486824036,0.01680808886885643,0.0,0.0,-0.009927412495017053,0.0,0.0
39.956,0.48109170794487,0.03917199373245239,-0.7058741450309753,0.6856661438941956,0.019306309521198276,0.0,0.0,-0.009093387983739376,0.0,0.0
39.97,0.4906857311725617,0.03740422427654266,-0.4690436720848084,0.6970999836921692,0.014970100484788418,0.0,0.0,-0.009093387983739376,0.0,0.0
39.983,0.47481229901313776,0.026358250528573993,-1.6733849048614502,0.7095993161201477,0.037995558232069016,0.0,0.0,-0.008205894380807875,0.0,0.0
39.996,0.4818115532398224,0.022333301603794094,0.5703272223472595,0.6854579448699951,0.05965219810605049,0.0,0.0,-0.008178854361176489,0.0,0.0
40.01,0.4752141535282135,0.020758891478180885,0.6028038263320923,0.6458995342254639,0.08430439978837968,0.0,0.0,-0.008838624693453312,0.0,0.0
40.023,0.493722528219223,0.01861898973584175,0.04948899149894714,0.693781316280365,0.10269350558519363,0.0,0.0,-0.008960039354860783,0.0,0.0
40.036,0.49676871299743647,0.007045204285532236,-1.147843599319458,0.7282975316047667,0.09968226402997969,0.0,0.0,-0.009387030266225338,0.0,0.0
40.05,0.49655839800834656,-0.0092937545850873,-2.018629312515259,0.7156282067298889,0.07897464185953139,0.0,0.0,-0.011835068464279177,0.0,0.0
40.063,0.47148546576499933,-0.03986096754670143,-3.1381618976593018,0.7152972221374512,0.038399308919906616,0.0,0.0,-0.011864079162478449,0.0,0.0
40.076,0.49565353989601135,-0.03580961003899574,0.3943559527397156,0.7150706648826599,0.037928938865661614,0.0,0.0,-0.011864079162478449,0.0,0.0
40.09,0.48373743891716,-0.032418087124824524,-0.4781543016433716,0.7297277450561523,0.04205013811588288,0.0,0.0,-0.01269344426691532,0.0,0.0
40.103,0.47738128900527954,-0.02580362930893898,0.7262597680091859,0.6823893785476685,0.06015966460108757,0.0,0.0,-0.005127887241542339,0.0,0.0
40.116,0.4941235184669495,-0.03272081911563873,0.7995441555976868,0.7341107130050659,0.06378689408302307,0.0,0.0,-0.0022591766901314254,0.0,0.0
40.13,0.4722639918327332,-0.033841464668512344,-0.6066882610321045,0.6828556656837464,0.06506894528865814,0.0,0.0,-0.0022591766901314254,0.0,0.0
40.143,0.4747847020626068,-0.029028903692960736,0.3239312171936035,0.6992906928062439,0.02935820072889328,0.0,0.0,0.006380423903465271,0.0,0.0
40.156,0.4901027977466583,-0.028492543846368793,1.3058794736862185,0.7300305962562562,0.006946507841348648,0.0,0.0,0.008744169026613235,0.0,0.0
40.17,0.4769063293933869,-0.019591182470321652,-0.321492075920105,0.697533905506134,-0.019991420209407806,0.0,0.0,0.007362560369074344,0.0,0.0
40.183,0.480329304933548,-0.014533348381519318,-0.8555416464805603,0.7246581315994263,-0.029653374105691913,0.0,0.0,0.007489636540412903,0.0,0.0
40.196,0.4766320288181305,-0.007462812587618829,0.36611258983612066,0.6939296722412108,-0.038087166845798485,0.0,0.0,0.00959606934338808,0.0,0.0
40.21,0.4625211954116821,0.010112863034009932,0.9905285835266112,0.6753577589988708,-0.03744052350521088,0.0,0.0,0.007677908055484296,0.0,0.0
40.223,0.44303220510482794,0.016122965142130852,1.6407222747802734,0.6557380557060242,-0.029300834983587265,0.0,0.0,0.0032407843973487616,0.0,0.0
40.236,0.4586637318134308,0.007933447137475012,1.713972568511963,0.6889610290527344,-0.01404285803437233,0.0,0.0,0.002177818678319454,0.0,0.0
40.25,0.4709869623184204,0.0015890225768089294,0.9414852261543274,0.6976010203361511,-0.0011418047361075878,0.0,0.0,0.0027275828178972006,0.0,0.0
40.263,0.48487520217895513,0.0031955325976014137,0.19346199929714203,0.738354742527008,0.012698281556367874,0.0,0.0,0.001614868175238371,0.0,0.0
40.276,0.4681844711303711,0.005964613519608975,-0.3693915903568268,0.697998046875,0.010867463424801826,0.0,0.0,0.0006892337696626782,0.0,0.0
40.29,0.4744514226913452,0.014227616600692272,0.43231269717216486,0.7276080846786499,0.011408597230911257,0.0,0.0,0.0020338546019047494,0.0,0.0
40.303,0.46308314800262446,0.02734565734863281,1.3842573165893557,0.687168538570404,0.021907014772295952,0.0,0.0,0.0033202131744474173,0.0,0.0
40.316,0.47787183523178095,0.02928468212485313,-0.012842332944273949,0.68072110414505,0.02805552445352077,0.0,0.0,-0.0006017293781042099,0.0,0.0
40.33,0.4636742770671845,0.027629928663372997,-0.2579143047332764,0.6885409951210022,0.027997497469186783,0.0,0.0,-0.0006017293781042099,0.0,0.0
40.343,0.4722829163074493,0.01875243708491325,-0.08694352209568022,0.7128528952598572,0.03162970393896103,0.0,0.0,-0.005696016363799572,0.0,0.0
40.356,0.44721376895904547,0.019050298258662224,0.2800996005535126,0.694918155670166,0.03183254599571228,0.0,0.0,-0.007770300377160311,0.0,0.0
40.37,0.4671101868152618,0.020315876230597496,0.000936957076191902,0.7234086990356445,0.02846303209662437,0.0,0.0,-0.00854478683322668,0.0,0.0
40.383,0.4446374177932739,0.027242654934525486,0.13179180026054382,0.6924272775650024,0.023444361984729767,0.0,0.0,-0.00907700788229704,0.0,0.0
40.396,0.45993134379386896,0.025850217789411545,0.21840640902519223,0.6864628195762633,0.013365172781050203,0.0,0.0,-0.00885934941470623,0.0,0.0
40.41,0.4548194706439972,0.024437846615910527,0.22989115118980408,0.6910712718963623,0.004865178838372231,0.0,0.0,-0.008133771829307078,0.0,0.0
40.423,0.47192800045013433,0.023268163204193115,0.07881607860326767,0.6871975064277649,-0.0032697170972824097,0.0,0.0,-0.008785458281636238,0.0,0.0
40.436,0.456620991230011,0.022362740710377693,0.22036658227443692,0.6937589049339294,-0.008939161896705627,0.0,0.0,-0.009030763991177082,0.0,0.0
40.45,0.46907112002372736,0.024809155613183972,-0.33673539757728577,0.7228740453720093,-0.015299251303076744,0.0,0.0,-0.008084998466074465,0.0,0.0
40.463,0.45230799913406367,0.02962237782776356,0.3898420929908752,0.6818283200263977,-0.010429264977574348,0.0,0.0,-0.00940661039203405,0.0,0.0
40.476,0.4704579710960388,0.0364348478615284,1.0573111772537231,0.7173057198524475,-0.005367683246731758,0.0,0.0,-0.00899887178093195,0.0,0.0
40.49,0.45735448598861694,0.036769479513168335,-0.036105956882238395,0.6815789341926575,-0.0007462464272975922,0.0,0.0,-0.00899887178093195,0.0,0.0
40.503,0.473421573638916,0.024158576503396038,1.037746787071228,0.6894849538803101,0.006523115560412407,0.0,0.0,-0.00862180534750223,0.0,0.0
40.516,0.46591222286224365,0.025561057031154636,-0.949240505695343,0.703497588634491,0.0023408439010381694,0.0,0.0,-0.008173929527401922,0.0,0.0
40.53,0.4698157608509064,0.01927211880683899,-0.11883610486984252,0.7309553623199464,-0.0008567925542593001,0.0,0.0,-0.007390545681118965,0.0,0.0
40.543,0.45404660701751703,0.03031312115490437,-1.1550372838974,0.6975433230400084,-0.00539780780673027,0.0,0.0,-0.007971457205712795,0.0,0.0
40.556,0.47561517357826233,0.04261734336614609,0.05516605451703072,0.730444610118866,-0.011254463344812391,0.0,0.0,-0.008834454230964182,0.0,0.0
40.57,0.4658308625221253,0.05492544546723366,0.6308213472366333,0.692130982875824,-0.01948697678744793,0.0,0.0,-0.009960637427866459,0.0,0.0
40.583,0.4734034240245819,0.06123265251517296,1.040414333343506,0.7148334980010985,-0.028838910162448883,0.0,0.0,-0.013637145981192589,0.0,0.0
40.596,0.47620368003845215,0.059080079197883606,0.9268721342086792,0.6881181597709656,-0.03593071922659874,0.0,0.0,-0.017068684101104736,0.0,0.0
40.61,0.48783975839614874,0.052253298461437225,0.21539282798767087,0.7203360795974731,-0.041555289179086685,0.0,0.0,-0.017769675701856613,0.0,0.0
40.623,0.4874691367149353,0.04581962525844575,-1.4539419412612915,0.7261478304862976,-0.05768562480807304,0.0,0.0,-0.01584038697183132,0.0,0.0
40.636,0.4572702050209045,0.04675930738449097,-0.6553174257278441,0.7114098072052002,-0.05050517991185188,0.0,0.0,-0.01584038697183132,0.0,0.0
40.65,0.48191064596176153,0.05814695358276367,-1.632757544517517,0.7229714989662169,-0.03170614317059517,0.0,0.0,-0.015042000450193882,0.0,0.0
40.663,0.465949684381485,0.08717662096023558,-1.579058051109314,0.7197067141532898,-0.007210345007479191,0.0,0.0,-0.019715717062354088,0.0,0.0
40.681,0.44077634811401367,0.08776151388883591,0.09540645033121108,0.6785657405853271,-0.009354487061500548,0.0,0.0,-0.024325478821992878,0.0,0.0
40.69,0.47283935546875,0.09379621595144273,0.8029904961585999,0.6907219290733337,-0.009486026130616665,0.0,0.0,-0.024325478821992878,0.0,0.0
40.703,0.4499863684177399,0.09536927193403245,1.3600324392318726,0.6689764857292175,-0.00022974703460931775,0.0,0.0,-0.038241256028413766,0.0,0.0
40.716,0.45311227440834045,0.11171248555183412,1.6199084520339966,0.6878036856651306,0.02759704925119877,0.0,0.0,-0.04372194781899452,0.0,0.0
40.73,0.4665645956993103,0.12896043062210083,-0.9334323406219481,0.6936784982681273,0.03467254340648651,0.0,0.0,-0.04372194781899452,0.0,0.0
40.743,0.4731827080249786,0.22659265995025635,-1.3254473209381104,0.7268788814544677,0.05343367159366608,0.0,0.0,-0.05269519239664078,0.0,0.0
40.756,0.47748634219169617,0.31863731145858765,-6.190798759460449,0.7634502649307251,0.0626274049282074,0.0,0.0,-0.05790940672159194,0.0,0.0
40.77,0.4859955012798309,0.39828392863273615,-6.1446261405944815,0.8060301542282104,-0.015500884503126144,0.0,0.0,-0.06680521368980408,0.0,0.0
40.783,0.5274231433868408,0.4712468683719635,-6.180694103240967,0.8192211389541626,-0.22708553075790405,0.0,0.0,-0.07824282348155974,0.0,0.0
40.796,0.4961044490337372,0.5357903838157654,-8.395188331604006,0.7697548270225525,-0.38323163986206055,0.0,0.0,-0.09736253321170808,0.0,0.0
40.81,0.4717165231704712,0.5785006284713745,-4.346189022064209,0.7577671408653259,-0.3864614963531494,0.0,0.0,-0.12710170447826383,0.0,0.0
40.823,0.43547374010086065,0.5936411023139954,-5.762126922607422,0.7483371496200562,-0.4276948571205139,0.0,0.0,-0.15317314863204956,0.0,0.0
40.836,0.4192398190498352,0.6083341836929321,2.6236205101013184,0.6910869479179382,-0.48301795125007624,0.0,0.0,-0.171810120344162,0.0,0.0
40.85,0.422200083732605,0.5844475030899048,-0.8199076652526854,0.6761517524719238,-0.5469729900360107,0.0,0.0,-0.1901323050260544,0.0,0.0
40.863,0.41353660821914673,0.5697411894798279,3.3952183723449707,0.6729262471199036,-0.5199338793754578,0.0,0.0,-0.21237185597419736,0.0,0.0
40.876,0.4054692089557648,0.5182253122329712,1.7012468576431274,0.6211490035057068,-0.4548755884170532,0.0,0.0,-0.21237185597419736,0.0,0.0
40.89,0.39662373065948486,0.4576359391212464,-1.7329461574554443,0.5655453801155089,-0.4196823537349701,0.0,0.0,-0.2009369432926178,0.0,0.0
40.903,0.396975964307785,0.31830966472625727,13.589548110961914,0.5524809956550598,-0.2859249413013458,0.0,0.0,-0.19012951850891116,0.0,0.0
40.916,0.37382596731185913,0.2499156892299652,-0.12558996677398682,0.5166840553283691,-0.26510414481163025,0.0,0.0,-0.1793980747461319,0.0,0.0
40.93,0.36584499478340154,0.25196337699890137,-3.0627820491790767,0.5110557079315186,-0.265871524810791,0.0,0.0,-0.1793980747461319,0.0,0.0
40.943,0.3698177933692932,0.22297437489032745,4.133694171905518,0.5257890820503235,-0.30984586477279663,0.0,0.0,-0.1332763284444809,0.0,0.0
40.956,0.3719508945941925,0.2299516201019287,2.511671781539917,0.5765277147293091,-0.31130895018577576,0.0,0.0,-0.1187860369682312,0.0,0.0
40.97,0.37088209390640253,0.27845656871795654,-0.9538046717643738,0.6196538209915161,-0.3072580397129059,0.0,0.0,-0.11087070405483246,0.0,0.0
40.983,0.34764039516448975,0.3225006759166717,-1.127577781677246,0.5846136212348938,-0.3227606415748596,0.0,0.0,-0.09760113805532455,0.0,0.0
40.996,0.3715516626834869,0.341584175825119,2.2671327590942383,0.6234049201011658,-0.31978920102119446,0.0,0.0,-0.08231404423713683,0.0,0.0
41.01,0.3706974089145661,0.3554878830909729,-0.04412904381752014,0.6488288044929504,-0.3016697466373444,0.0,0.0,-0.07439304143190384,0.0,0.0
41.023,0.3509117364883423,0.37670785188674927,0.06646402180194855,0.5962449908256531,-0.2938176691532135,0.0,0.0,-0.07222943007946014,0.0,0.0
41.036,0.3362838327884674,0.3679063320159912,-1.465018630027771,0.5508611798286438,-0.3120369911193848,0.0,0.0,-0.07567565143108368,0.0,0.0
41.05,0.32009467482566833,0.3603138029575348,-0.4045698642730713,0.4996383786201477,-0.3472906351089477,0.0,0.0,-0.0743412896990776,0.0,0.0
41.063,0.3090602159500122,0.37502771615982056,-3.7515130043029785,0.47024330496788025,-0.4192318320274353,0.0,0.0,-0.10085412859916688,0.0,0.0
41.076,0.3182053864002228,0.3787610232830048,0.7458899021148682,0.4826313853263855,-0.4181442260742188,0.0,0.0,-0.11126218736171722,0.0,0.0
41.09,0.31978151202201843,0.37095880508422846,2.1727490425109863,0.4985124468803406,-0.40149831771850586,0.0,0.0,-0.11126218736171722,0.0,0.0
41.103,0.3258816599845886,0.3810356259346008,2.553333282470703,0.5435672998428345,-0.390851616859436,0.0,0.0,-0.10598058998584747,0.0,0.0
41.116,0.3323764503002167,0.386046826839447,-2.1856706142425537,0.5654416084289551,-0.39853131771087646,0.0,0.0,-0.0964251160621643,0.0,0.0
41.13,0.3446139395236969,0.42779913544654846,-3.3675379753112797,0.5778401494026184,-0.4265597462654114,0.0,0.0,-0.09254372119903564,0.0,0.0
41.143,0.3498886525630951,0.5370134115219116,-6.614446163177489,0.5742821097373961,-0.5056902170181273,0.0,0.0,-0.10056329518556596,0.0,0.0
41.156,0.34163928031921387,0.6062707901000977,-2.846943616867065,0.5530089735984801,-0.5822267532348633,0.0,0.0,-0.1070445105433464,0.0,0.0
41.17,0.3011951148509979,0.6335567831993103,-5.285891532897949,0.4952409863471985,-0.6486937999725342,0.0,0.0,-0.10628177225589752,0.0,0.0
41.183,0.2499680519104004,0.6522734165191649,-3.1631736755371094,0.4856364130973816,-0.6839323043823241,0.0,0.0,-0.10868740081787108,0.0,0.0
41.196,0.2927291989326477,0.6761614084243774,2.5884177684783936,0.5314633846282959,-0.6888116598129272,0.0,0.0,-0.12500636279582977,0.0,0.0
41.21,0.3329955041408539,0.6678750514984131,1.050822377204895,0.5662956237792969,-0.6760478019714355,0.0,0.0,-0.1709243357181549,0.0,0.0
41.223,0.3186158835887909,0.6849990487098694,-14.152117729187012,0.5062172412872314,-0.7844291925430299,0.0,0.0,-0.430461972951889,0.0,0.0
41.236,0.2663739323616028,0.6374039649963379,3.5317461490631104,0.44278624653816223,-0.8696934580802916,0.0,0.0,-0.430461972951889,0.0,0.0
41.25,0.21890269219875336,0.5446133613586426,-13.501498222351074,0.3733587861061096,-1.1599209308624268,0.0,0.0,-0.4618081450462341,0.0,0.0
41.263,0.195866733789444,0.45926868915557856,-16.540876388549805,0.3025282025337219,-1.477952241897583,0.0,0.0,-0.6220989227294922,0.0,0.0
41.276,0.17642910778522491,0.5112444758415222,2.0797848701477046,0.22909435629844663,-1.5773990154266355,0.0,0.0,-0.6883686780929564,0.0,0.0
41.29,0.1568339318037033,0.4559112191200256,2.637657403945923,0.15605735778808594,-1.581516981124878,0.0,0.0,-0.6883686780929564,0.0,0.0
41.303,0.13705997169017792,0.27583813667297363,12.262433052062988,0.08168962597846986,-1.5997567176818848,0.0,0.0,-0.75241219997406,0.0,0.0
41.318,0.12027670443058014,0.13352295756340027,8.709301948547363,0.020379170775413517,-1.549361228942871,0.0,0.0,-0.782544732093811,0.0,0.0
41.331,0.10504418611526488,0.10181961953639984,-0.4174366593360901,-0.034531544893980026,-1.501999855041504,0.0,0.0,-0.782544732093811,0.0,0.0
41.346,0.12626947462558746,-0.059822037816047675,9.366132736206055,0.0017147274920716882,-1.4399590492248535,0.0,0.0,-0.789584755897522,0.0,0.0
41.358,0.13087773323059082,-0.07126964628696442,-3.7402644157409672,0.054374799132347114,-1.4422580003738403,0.0,0.0,-0.785222053527832,0.0,0.0
41.371,0.1359257996082306,-0.024608179926872253,-2.5225393772125244,0.10338268429040907,-1.4766457080841064,0.0,0.0,-0.7901161909103394,0.0,0.0
41.385,0.1410905122756958,0.0652608722448349,-4.347402572631836,0.1427413523197174,-1.5616919994354248,0.0,0.0,-0.8042931556701661,0.0,0.0
41.398,0.14592093229293823,0.15983620285987854,-4.940208435058594,0.17859987914562225,-1.664947509765625,0.0,0.0,-0.8178104162216185,0.0,0.0
41.411,0.15034686028957367,0.23060698807239527,-4.7733306884765625,0.20402033627033236,-1.753942608833313,0.0,0.0,-0.83620548248291,0.0,0.0
41.425,0.09763722121715544,0.2948165535926819,-4.614351749420166,0.128952294588089,-1.846874952316284,0.0,0.0,-0.8645904064178467,0.0,0.0
41.438,0.042277876287698746,0.3695750832557678,-4.3514838218688965,0.117114819586277,-1.9305651187896729,0.0,0.0,-0.8996788263320923,0.0,0.0
41.451,0.018715776503086087,0.4027189016342163,0.8194014430046082,0.05013103410601616,-1.9739773273468015,0.0,0.0,-0.9524736404418944,0.0,0.0
41.465,-0.004375502932816744,0.4305050671100617,2.253140449523926,-0.019627142697572708,-2.001085996627808,0.0,0.0,-1.0137672424316406,0.0,0.0
41.478,-0.02348293177783489,0.4175221025943756,1.4722487926483154,-0.07172863185405731,-1.9779019355773928,0.0,0.0,-1.0137672424316406,0.0,0.0
41.491,-0.0229497104883194,0.4183816611766815,0.5452237725257874,-0.09428705275058745,-2.0217673778533936,0.0,0.0,-1.0333530902862549,0.0,0.0
41.505,0.012813419103622437,0.39231196045875544,4.450435161590576,-0.07086540758609772,-1.9600244760513303,0.0,0.0,-1.0792229175567627,0.0,0.0
41.518,0.05369189754128456,0.35205888748168945,-0.9396761655807496,-0.03191013261675835,-1.9737230539321895,0.0,0.0,-1.0833210945129397,0.0,0.0
41.531,0.04899956658482552,0.3188042640686035,1.2377991676330566,-0.07880904525518417,-1.9288681745529173,0.0,0.0,-1.0812060832977295,0.0,0.0
41.545,0.054960697889328,0.2612884044647217,2.8024389743804927,-0.04762399196624756,-1.9187514781951904,0.0,0.0,-1.08277690410614,0.0,0.0
41.558,0.06335106492042542,0.2529500722885132,-0.7405981421470642,-0.025700112804770473,-1.9553611278533936,0.0,0.0,-1.0994879007339478,0.0,0.0
41.571,0.009244835004210472,0.25233423709869385,-0.8830055594444275,-0.10055886209011078,-1.9624350070953367,0.0,0.0,-1.1129841804504397,0.0,0.0
41.585,-0.04319945350289345,0.2863749861717224,-2.7644879817962646,-0.13534998893737793,-1.9826068878173828,0.0,0.0,-1.1122626066207886,0.0,0.0
41.598,-0.03401651978492737,0.2720754444599152,-0.3424331545829773,-0.08347222954034805,-2.0098946094512935,0.0,0.0,-1.1186096668243408,0.0,0.0
41.611,-0.01337365061044693,0.2547166347503662,-1.6617335081100464,-0.07726257294416428,-1.9964916706085205,0.0,0.0,-1.1534096002578735,0.0,0.0
41.625,-0.037130363285541534,0.2820068299770355,-3.225894927978516,-0.13519877195358276,-1.970736742019653,0.0,0.0,-1.1842786073684692,0.0,0.0
41.638,-0.0791645348072052,0.31818777322769165,-2.191007137298584,-0.1799459606409073,-2.0182576179504395,0.0,0.0,-1.18847918510437,0.0,0.0
41.651,-0.0629323348402977,0.2864128649234772,-0.6566494703292847,-0.16464494168758392,-2.0483829975128174,0.0,0.0,-1.1867129802703855,0.0,0.0
41.665,-0.04357375204563141,0.2447297275066376,-3.657093524932861,-0.14912621676921844,-1.9709782600402832,0.0,0.0,-1.2320812940597534,0.0,0.0
41.678,-0.06555232405662537,0.2933253049850464,-1.5211454629898071,-0.13573402166366577,-1.995699882507324,0.0,0.0,-1.2392909526824951,0.0,0.0
41.691,-0.045285534113645554,0.3048871755599976,-2.0090169906616206,-0.15851108729839325,-1.9806001186370847,0.0,0.0,-1.2392909526824951,0.0,0.0
41.705,-0.10206930339336397,0.32545024156570435,-6.562511444091797,-0.21701408922672272,-2.0468974113464355,0.0,0.0,-1.2171810865402222,0.0,0.0
41.718,-0.1495778262615204,0.3036821484565735,-0.29115378856658936,-0.26351284980773926,-2.010536432266236,0.0,0.0,-1.263871431350708,0.0,0.0
41.731,-0.19772756099700928,0.34115833044052124,-0.48212707042694086,-0.27295947074890137,-2.042202949523926,0.0,0.0,-1.3342020511627195,0.0,0.0
41.745,-0.22517059743404388,0.379534125328064,-9.262204170227049,-0.33686727285385126,-1.9994475841522217,0.0,0.0,-1.3330479860305786,0.0,0.0
41.758,-0.20510858297348025,0.4113929867744446,-0.7485285401344299,-0.34594887495040894,-2.030334234237671,0.0,0.0,-1.2730474472045898,0.0,0.0
41.772,-0.16392651200294495,0.3936962485313416,2.663026571273804,-0.3084729015827179,-1.98035192489624,0.0,0.0,-1.2534888982772827,0.0,0.0
41.785,-0.15790243446826935,0.36515605449676514,3.761896371841431,-0.3073768615722656,-1.842501163482666,0.0,0.0,-1.272634744644165,0.0,0.0
41.799,-0.18535368144512177,0.3882348537445069,-1.052454113960266,-0.36813732981681824,-1.775233030319214,0.0,0.0,-1.2575473785400393,0.0,0.0
41.812,-0.1869782954454422,0.4166916310787201,-1.6935288906097412,-0.397409051656723,-1.7959623336791992,0.0,0.0,-1.2056461572647097,0.0,0.0
41.825,-0.2327241003513336,0.34553328156471247,7.630043983459472,-0.4357678592205048,-1.5597360134124756,0.0,0.0,-1.1769900321960447,0.0,0.0
41.838,-0.22893588244915009,0.32812759280204773,-4.662644863128662,-0.39542999863624567,-1.5877015590667725,0.0,0.0,-1.1769900321960447,0.0,0.0
41.852,-0.27749669551849365,0.3369334936141968,1.9140690565109253,-0.45788541436195374,-1.49219810962677,0.0,0.0,-1.1371308565139773,0.0,0.0
41.865,-0.2721279263496399,0.35818737745285034,-3.599059581756592,-0.46330004930496216,-1.401278018951416,0.0,0.0,-1.111369252204895,0.0,0.0
41.878,-0.32297030091285706,0.3566023111343384,2.021469116210937,-0.4962280690670013,-1.348606824874878,0.0,0.0,-1.1039206981658936,0.0,0.0
41.892,-0.29723817110061646,0.3808649480342865,-5.466225624084473,-0.470877081155777,-1.3460346460342407,0.0,0.0,-1.1039206981658936,0.0,0.0
41.905,-0.3414735794067383,0.44379615783691406,-3.746259212493897,-0.5208854079246521,-1.3623421192169187,0.0,0.0,-1.1496055126190186,0.0,0.0
41.918,-0.374064564704895,0.4406620860099793,-2.58902907371521,-0.5916664004325867,-1.3323839902877808,0.0,0.0,-1.0837854146957395,0.0,0.0
41.932,-0.39811310172080994,0.40791621804237366,6.01568078994751,-0.6154062151908875,-1.314236402511597,0.0,0.0,-1.019766926765442,0.0,0.0
41.945,-0.3588729798793793,0.41820961236953735,-5.771143436431885,-0.5713353753089905,-1.2548906803131104,0.0,0.0,-1.0483709573745728,0.0,0.0
41.959,-0.350373774766922,0.5047268867492676,3.8905978202819824,-0.5497572422027588,-1.1979639530181885,0.0,0.0,-1.0453531742095947,0.0,0.0
41.972,-0.3782497346401215,0.5675691962242128,-1.3281762599945068,-0.6150075197219849,-1.1782207489013672,0.0,0.0,-0.9300062060356141,0.0,0.0
41.985,-0.3981918394565582,0.5047892332077025,-0.5279168486595154,-0.6488895416259766,-1.115419626235962,0.0,0.0,-0.8230994939804077,0.0,0.0
41.998,-0.4006017446517944,0.40449887514114385,6.9357991218566895,-0.6446096897125244,-0.9381533265113831,0.0,0.0,-0.8545178771018982,0.0,0.0
42.013,-0.396250069141388,0.41456407308578486,9.162264823913574,-0.6067439317703247,-0.7247422933578491,0.0,0.0,-0.8759446740150452,0.0,0.0
42.025,-0.4475175142288208,0.33174517750740046,11.322962760925291,-0.6372513771057129,-0.5250967741012573,0.0,0.0,-0.6388887763023376,0.0,0.0
42.038,-0.49603113532066345,0.30164527893066406,-6.394153594970703,-0.6740210056304932,-0.5226389169692993,0.0,0.0,-0.3322312533855438,0.0,0.0
42.052,-0.5280950665473938,0.13126450777053833,10.990565299987791,-0.6895149350166321,-0.3371730446815491,0.0,0.0,-0.38279840350151056,0.0,0.0
42.065,-0.5114138722419739,0.22442483901977536,11.733291625976562,-0.6938486695289612,0.017661601305007935,0.0,0.0,-0.3316045999526977,0.0,0.0
42.078,-0.5264782309532166,0.11238107085227966,-0.7763676047325134,-0.7321740388870238,0.1154753640294075,0.0,0.0,0.07856002449989319,0.0,0.0
42.092,-0.5627233982086182,0.12734347581863403,-2.5520904064178467,-0.7702801227569581,0.10848971456289291,0.0,0.0,0.07856002449989319,0.0,0.0
42.105,-0.556086838245392,0.05498961359262466,12.286884307861328,-0.7387000918388367,0.30714312195777893,0.0,0.0,-0.26949542760849,0.0,0.0
42.118,-0.556127667427063,-0.0380433201789856,2.8145201206207275,-0.7656285762786865,0.3808539807796478,0.0,0.0,0.06290951371192932,0.0,0.0
42.132,-0.5763213634490967,-0.20171852409839633,6.423108100891112,-0.8099214434623718,0.5233216285705566,0.0,0.0,0.06290951371192932,0.0,0.0
42.145,-0.5683247447013855,-0.17655909061431885,14.490942001342772,-0.7924781441688538,0.7323213815689088,0.0,0.0,0.25164148211479187,0.0,0.0
42.158,-0.534416437149048,-0.08638361096382141,2.5540037155151367,-0.7742448449134826,0.8267004489898682,0.0,0.0,0.23452121019363403,0.0,0.0
42.172,-0.5293774008750916,-0.1440209448337555,0.5352482199668884,-0.7841100096702575,0.9000030755996704,0.0,0.0,0.4076007008552551,0.0,0.0
42.185,-0.5590382218360901,-0.2810151875019073,5.938018321990967,-0.8049335479736328,0.9998778700828552,0.0,0.0,0.5108329057693481,0.0,0.0
42.198,-0.5576491355895996,-0.29610416293144226,-1.4833688735961914,-0.7896602153778077,1.0381653308868408,0.0,0.0,0.541458249092102,0.0,0.0
42.212,-0.5599650740623474,-0.325151264667511,6.080444812774657,-0.7871536612510681,1.0924817323684692,0.0,0.0,0.5683302879333496,0.0,0.0
42.225,-0.5610041618347168,-0.42937415838241577,10.910338401794434,-0.7825516462326051,1.164647102355957,0.0,0.0,0.6589425206184387,0.0,0.0
42.238,-0.537818193435669,-0.4698675572872162,1.0948352813720703,-0.7570263147354126,1.2410662174224854,0.0,0.0,0.6589425206184387,0.0,0.0
42.252,-0.5557472705841064,-0.4889302849769592,1.9269771575927732,-0.7450225949287415,1.2514076232910156,0.0,0.0,0.724012553691864,0.0,0.0
42.265,-0.5247721672058105,-0.4648681879043579,17.995454788208008,-0.6799797415733337,1.4787189960479736,0.0,0.0,0.8860577940940858,0.0,0.0
42.278,-0.554097592830658,-0.5371405482292175,2.2315845489501958,-0.7211297750473022,1.600552320480347,0.0,0.0,0.9756739139556884,0.0,0.0
42.292,-0.5332541465759277,-0.5668829679489136,1.4492466449737549,-0.6951722502708435,1.7093058824539185,0.0,0.0,0.9990326166152954,0.0,0.0
42.305,-0.5003793835639954,-0.5069814920425415,-5.302273273468018,-0.6461361646652222,1.707716464996338,0.0,0.0,0.9288413524627683,0.0,0.0
42.318,-0.4749716520309448,-0.3682708740234375,-9.660945892333984,-0.5935024619102478,1.596371293067932,0.0,0.0,0.8892041444778441,0.0,0.0
42.332,-0.45982170104980474,-0.2790040969848633,-7.076425075531006,-0.5453792810440063,1.4431524276733398,0.0,0.0,0.9009509682655334,0.0,0.0
42.345,-0.49690222740173345,-0.28737524151802063,-1.6052886247634888,-0.5825182795524597,1.2991565465927124,0.0,0.0,0.8962771892547606,0.0,0.0
42.358,-0.5247825980186462,-0.3020932078361511,4.256553649902344,-0.5714339017868042,1.2333027124404907,0.0,0.0,0.8794955611228944,0.0,0.0
42.372,-0.47776821255683893,-0.2400733381509781,4.060985088348389,-0.5016658306121825,1.2232857942581177,0.0,0.0,0.8690851926803589,0.0,0.0
42.385,-0.4911628365516663,-0.2891533672809601,10.524916648864746,-0.49362581968307495,1.3312051296234133,0.0,0.0,1.0330379009246826,0.0,0.0
42.398,-0.502348005771637,-0.2994094789028168,-4.762738227844238,-0.5047848224639893,1.4134351015090942,0.0,0.0,1.0330379009246826,0.0,0.0
42.413,-0.4753951132297516,-0.37011027336120605,9.49710750579834,-0.4813020527362824,1.6227986812591553,0.0,0.0,1.1131824254989624,0.0,0.0
42.425,-0.4394114017486572,-0.29681962728500366,6.381191730499268,-0.4043177664279938,1.767330288887024,0.0,0.0,1.1092765331268313,0.0,0.0
42.439,-0.40182363986968994,-0.29012712836265564,0.17810314893722534,-0.3279295265674591,1.7912089824676514,0.0,0.0,1.267082929611206,0.0,0.0
42.452,-0.37955412268638605,-0.2651712894439697,-1.1742241382598877,-0.2631310820579529,1.8790459632873533,0.0,0.0,1.267082929611206,0.0,0.0
42.465,-0.39208486676216125,-0.4622617661952973,22.395240783691406,-0.24486450850963595,2.1783580780029297,0.0,0.0,1.4093890190124512,0.0,0.0
42.479,-0.3959026634693146,-0.4984623193740845,4.235672950744629,-0.21476836502552032,2.4126944541931152,0.0,0.0,1.5244356393814087,0.0,0.0
42.492,-0.3589751720428467,-0.5827755928039551,12.481560707092283,-0.16107453405857086,2.5990798473358154,0.0,0.0,1.644040584564209,0.0,0.0
42.505,-0.3056287467479706,-0.6449278593063354,12.327293395996094,-0.06947358697652817,2.9440836906433105,0.0,0.0,1.6831018924713137,0.0,0.0
42.519,-0.25433099269866943,-0.64354145526886,6.19746732711792,0.025654707103967667,3.1448457241058354,0.0,0.0,1.771828532218933,0.0,0.0
42.532,-0.2831576466560364,-0.7000118494033813,7.8499226570129395,0.004967928398400545,3.3172531127929688,0.0,0.0,1.9303948879241943,0.0,0.0
42.545,-0.30764830112457275,-0.7946299910545349,11.088072776794434,-0.01723669096827507,3.5146024227142334,0.0,0.0,2.029743194580078,0.0,0.0
42.559,-0.25724437832832336,-0.8279939889907838,9.742029190063475,0.055134788155555725,3.6527051925659184,0.0,0.0,2.051358938217163,0.0,0.0
42.572,-0.224465012550354,-0.7851918935775757,6.425826072692871,0.11746521294116974,3.7109446525573726,0.0,0.0,2.0842013359069824,0.0,0.0
42.585,-0.19697268307209012,-0.7094348073005676,3.523658037185669,0.16937582194805145,3.690841436386109,0.0,0.0,2.072093963623047,0.0,0.0
42.599,-0.1912066638469696,-0.7052856087684631,0.879603624343872,0.19080907106399536,3.6597406864166255,0.0,0.0,2.072093963623047,0.0,0.0
42.612,-0.23023129999637604,-0.6979603171348572,-1.3906896114349363,0.1487336307764053,3.638769388198853,0.0,0.0,2.083195924758911,0.0,0.0
42.625,-0.25546926259994507,-0.6948955655097961,-3.0304133892059326,0.10072385519742966,3.5116488933563232,0.0,0.0,2.036527633666992,0.0,0.0
42.639,-0.2142532616853714,-0.6713571548461914,-1.2202799320220947,0.12723225355148315,3.4777135848999023,0.0,0.0,2.021883487701416,0.0,0.0
42.652,-0.1884649693965912,-0.6708428263664246,0.5665048956871033,0.1558681279420853,3.362698554992676,0.0,0.0,2.021883487701416,0.0,0.0
42.665,-0.1457144021987915,-0.5728330016136169,-7.717926502227782,0.2438918650150299,3.0971240997314453,0.0,0.0,1.9535123109817505,0.0,0.0
42.679,-0.1015736758708954,-0.4622848033905029,-0.4967808723449707,0.2945733368396759,2.942328929901123,0.0,0.0,1.8664757013320925,0.0,0.0
42.692,-0.11243516951799391,-0.4624877274036408,0.7516264915466307,0.26940131187438965,2.965595245361328,0.0,0.0,1.8664757013320925,0.0,0.0
42.705,-0.0971972718834877,-0.29178360104560846,-10.128267288208008,0.2819758653640747,2.6787309646606445,0.0,0.0,1.733311414718628,0.0,0.0
42.719,-0.10003667324781418,-0.2787470519542694,-3.535106658935547,0.27696630358695984,2.613839626312256,0.0,0.0,1.6988805532455444,0.0,0.0
42.732,-0.11922918260097504,-0.26791101694107056,-6.822117805480957,0.2438918650150299,2.500138998031616,0.0,0.0,1.655964493751526,0.0,0.0
42.745,-0.14636525511741638,-0.22705993056297305,-4.638106822967528,0.2524239718914032,2.4067857265472408,0.0,0.0,1.5992987155914309,0.0,0.0
42.759,-0.1641109138727188,-0.17781570553779602,-2.1971001625061035,0.21816930174827576,2.3203701972961426,0.0,0.0,1.5451807975769043,0.0,0.0
42.772,-0.10641185194253922,-0.1580793708562851,1.3636261224746704,0.26122403144836426,2.24027681350708,0.0,0.0,1.5239638090133667,0.0,0.0
42.785,-0.11697442829608916,-0.20640704035758967,-2.6712834835052486,0.24930816888809204,2.1329078674316406,0.0,0.0,1.5095995664596558,0.0,0.0
42.799,-0.12687279284000397,-0.22979623079299927,4.621437072753905,0.19828957319259644,2.0547468662261963,0.0,0.0,1.4536205530166626,0.0,0.0
42.812,-0.13524894416332245,-0.27558714151382446,-0.6485357880592345,0.19810235500335693,2.0071558952331543,0.0,0.0,1.382184982299805,0.0,0.0
42.825,-0.07466541975736618,-0.32861107587814326,0.04308521747589111,0.2714604437351227,1.94146466255188,0.0,0.0,1.239903450012207,0.0,0.0
42.839,-0.015407572500407696,-0.33820521831512446,-4.103386402130127,0.340800017118454,1.8869143724441528,0.0,0.0,1.239903450012207,0.0,0.0
42.852,0.040891677141189575,-0.36612147092819214,3.468203544616699,0.37124827504158014,1.8552792072296145,0.0,0.0,1.185800075531006,0.0,0.0
42.865,0.0002922594721894712,-0.33649930357933044,-8.981032371520994,0.3201700747013092,1.6730183362960815,0.0,0.0,1.0152583122253418,0.0,0.0
42.879,-0.038599058985710144,-0.3029538691043854,-1.080085277557373,0.2684723436832428,1.510127067565918,0.0,0.0,0.9791133403778077,0.0,0.0
42.892,-0.014821162447333336,-0.35623106360435486,-6.164833545684815,0.27913036942481995,1.4598140716552734,0.0,0.0,0.9791133403778077,0.0,0.0
42.905,0.010646642185747623,-0.44225949048995966,-3.195047378540039,0.31148615479469294,1.1412038803100586,0.0,0.0,0.8469745516777039,0.0,0.0
42.919,0.031102258712053295,-0.3903433084487915,-18.50750541687012,0.3439711928367615,0.8472192287445068,0.0,0.0,0.7152957916259766,0.0,0.0
42.932,0.04566793888807297,-0.20936830341815948,-20.450082778930664,0.36534622311592096,0.4212743043899536,0.0,0.0,0.5544722676277161,0.0,0.0
42.945,0.03358735889196396,0.011810868978500366,-21.024578094482425,0.35124143958091736,-0.07926100492477417,0.0,0.0,0.4154479801654816,0.0,0.0
42.959,-0.009106122888624668,0.1922908574342728,-22.778984069824215,0.29501840472221375,-0.598664402961731,0.0,0.0,0.2703333795070648,0.0,0.0
42.972,-0.05708164721727371,0.34538379311561584,-21.59355735778809,0.2400637120008469,-1.0981549024581907,0.0,0.0,0.0734998881816864,0.0,0.0
42.985,-0.10917472094297408,0.7202423214912416,-38.32558822631836,0.17053687572479248,-1.7572495937347412,0.0,0.0,-0.12780329585075378,0.0,0.0
42.999,-0.12926635146141052,0.6977964043617249,15.10163116455078,0.120057575404644,-1.907387971878052,0.0,0.0,-0.23230032622814176,0.0,0.0
43.012,-0.10013636946678162,0.7169965505599976,-12.690511703491213,0.14638085663318634,-2.1964859962463374,0.0,0.0,-0.3307066559791565,0.0,0.0
43.025,-0.12502753734588623,0.5301847457885742,-1.8778145313262935,0.12843674421310425,-2.355515956878662,0.0,0.0,-0.5323065519332886,0.0,0.0
43.039,-0.1148293763399124,0.47819724678993225,6.364300727844238,0.14584118127822876,-2.408031463623047,0.0,0.0,-0.5660860538482666,0.0,0.0
43.052,-0.09291409701108931,0.4680846035480499,-1.9460655450820925,0.1713072657585144,-2.4093532562255855,0.0,0.0,-0.5660860538482666,0.0,0.0
43.065,-0.108184352517128,0.25597149133682245,11.189206123352053,0.13300924003124237,-2.429389953613281,0.0,0.0,-0.7221445441246032,0.0,0.0
43.079,-0.12824365496635437,0.19706209003925323,-0.9253777265548706,0.07542800903320312,-2.4260921478271484,0.0,0.0,-0.7798541784286499,0.0,0.0
43.092,-0.0843697190284729,0.16196900606155396,-3.0025384426116943,0.11666393280029295,-2.433105230331421,0.0,0.0,-0.8528542518615722,0.0,0.0
43.105,-0.08899547904729843,0.16001509130001068,1.755282282829285,0.06873184442520142,-2.487987756729126,0.0,0.0,-0.9172657132148743,0.0,0.0
43.119,-0.07938805222511292,0.15720225870609283,2.188072204589844,0.08560755103826521,-2.5040431022644043,0.0,0.0,-0.9674999713897704,0.0,0.0
43.132,-0.05880001932382584,0.12907984852790833,-0.5840040445327759,0.13630759716033936,-2.51680850982666,0.0,0.0,-1.01331627368927,0.0,0.0
43.145,-0.04353533685207367,0.09200800955295561,-1.1290669441223145,0.18231061100959775,-2.528111457824707,0.0,0.0,-1.0665390491485596,0.0,0.0
43.159,-0.018936585634946823,0.06658568978309631,-2.653254508972168,0.2144582569599152,-2.536379337310791,0.0,0.0,-1.1361985206604004,0.0,0.0
43.172,-0.03254161402583122,0.10211639106273653,-2.827788114547729,0.15551556646823883,-2.5656509399414062,0.0,0.0,-1.2129085063934326,0.0,0.0
43.185,-0.003322041593492031,0.12588760256767273,-6.33804178237915,0.198399156332016,-2.6195077896118164,0.0,0.0,-1.3569933176040647,0.0,0.0
43.199,0.031971462070941925,0.1033450961112976,-1.566624641418457,0.200579971075058,-2.6248939037323,0.0,0.0,-1.3569933176040647,0.0,0.0
43.212,-0.016096508130431175,0.08933570981025696,-5.7035651206970215,0.14970442652702332,-2.6641457080841064,0.0,0.0,-1.4212255477905271,0.0,0.0
43.225,-0.0531943328678608,0.019839495420455933,-2.895350694656372,0.08944357186555862,-2.6981520652771,0.0,0.0,-1.515381097793579,0.0,0.0
43.239,-0.026367085054516792,0.03660672903060913,-1.8812946081161497,0.125909686088562,-2.709015369415283,0.0,0.0,-1.5560462474822998,0.0,0.0
43.252,-0.06791641563177109,0.08093982934951782,0.33550411462783813,0.04733851924538613,-2.711496353149414,0.0,0.0,-1.5560462474822998,0.0,0.0
43.265,-0.05680667608976364,0.17676854133605957,-9.740365982055664,0.10103033483028412,-2.8514111042022705,0.0,0.0,-1.6311731338500977,0.0,0.0
43.279,-0.07990048825740814,0.20461544394493103,-1.6547173261642456,0.08703557401895523,-2.867399215698242,0.0,0.0,-1.718161702156067,0.0,0.0
43.292,-0.13482677936553955,0.3313201367855072,-3.9928078651428223,0.04134560748934746,-2.9416184425354004,0.0,0.0,-1.7971247434616089,0.0,0.0
43.305,-0.1771312654018402,0.39477843046188354,-5.176681041717528,-0.03882323578000069,-3.0569725036621094,0.0,0.0,-1.8374333381652832,0.0,0.0
43.319,-0.185664102435112,0.3603292405605316,-1.4809459447860718,-0.06292074173688889,-3.075525045394897,0.0,0.0,-1.930691480636597,0.0,0.0
43.332,-0.14094778895378113,0.325276643037796,-3.254189968109131,-0.007523972075432539,-3.032002687454224,0.0,0.0,-2.019741535186768,0.0,0.0
43.346,-0.10401033610105516,0.3744364678859711,-5.1539268493652335,0.009537818841636181,-3.0352530479431152,0.0,0.0,-1.9933105707168577,0.0,0.0
43.359,-0.0947570651769638,0.3930219113826752,-4.8539490699768075,-0.028949180617928505,-3.114546060562134,0.0,0.0,-1.9785743951797483,0.0,0.0
43.372,-0.14787957072257996,0.3375023305416107,-3.7996797561645512,-0.06608586013317108,-3.1570475101470947,0.0,0.0,-2.0440914630889893,0.0,0.0
43.386,-0.14136256277561188,0.30756694078445435,-0.826933979988098,-0.020088244229555127,-3.045272827148437,0.0,0.0,-2.0799520015716557,0.0,0.0
43.399,-0.1296866089105606,0.30330461263656616,-3.9534060955047607,0.030525803565979004,-3.0550923347473145,0.0,0.0,-2.0799520015716557,0.0,0.0
43.412,-0.11616144329309464,0.30515030026435846,2.3232355117797847,0.01837342977523804,-2.98323392868042,0.0,0.0,-2.0452353954315186,0.0,0.0
43.425,-0.17992083728313446,0.20025399327278137,11.222509384155272,-0.0144211295992136,-2.821235179901123,0.0,0.0,-1.9267419576644895,0.0,0.0
43.442,-0.2236088663339615,0.186524897813797,6.5492615699768075,-0.031205128878355023,-2.7760396003723145,0.0,0.0,-1.9267419576644895,0.0,0.0
43.454,-0.20608597993850708,0.20199984312057492,-4.103113651275635,0.01573784090578556,-2.719568252563477,0.0,0.0,-1.861250400543213,0.0,0.0
43.467,-0.1752503365278244,0.2519703805446625,12.78427028656006,-0.002809294266626239,-2.490341663360596,0.0,0.0,-1.7043571472167969,0.0,0.0
43.48,-0.2275007665157318,0.27711868286132807,0.5040675401687622,-0.0700506642460823,-2.351407051086426,0.0,0.0,-1.649339199066162,0.0,0.0
43.494,-0.271523654460907,0.27065736055374146,4.1056127548217765,-0.0991198793053627,-2.311933755874634,0.0,0.0,-1.649339199066162,0.0,0.0
43.507,-0.2758063077926636,0.30198696255683893,-5.987758636474609,-0.12500394880771637,-2.1504440307617188,0.0,0.0,-1.6321661472320557,0.0,0.0
43.52,-0.32064560055732727,0.3240179717540741,-2.3602991104125977,-0.1948417276144028,-2.1104183197021484,0.0,0.0,-1.6352522373199463,0.0,0.0
43.534,-0.36875098943710327,0.34420129656791687,-4.1277499198913565,-0.26837706565856934,-2.057018518447876,0.0,0.0,-1.6343836784362793,0.0,0.0
43.547,-0.4182100296020508,0.3602932095527649,-2.184212207794189,-0.3528743088245392,-1.9874684810638428,0.0,0.0,-1.6453709602355957,0.0,0.0
43.56,-0.3860066533088684,0.38039934635162354,-2.9763355255126958,-0.30665019154548645,-1.9654400348663328,0.0,0.0,-1.6560294628143313,0.0,0.0
43.574,-0.3511655926704407,0.3954049944877625,-2.135704517364502,-0.31260332465171814,-1.9501123428344729,0.0,0.0,-1.6414949893951416,0.0,0.0
43.587,-0.3820081651210785,0.3504350781440735,2.8744606971740723,-0.3329998552799225,-1.9221733808517456,0.0,0.0,-1.551921248435974,0.0,0.0
43.6,-0.4104563295841217,0.3627890348434448,-4.659041881561279,-0.4161544740200042,-1.8720141649246216,0.0,0.0,-1.551921248435974,0.0,0.0
43.614,-0.4476966559886933,0.33602339029312134,3.37945818901062,-0.4959217309951782,-1.76451313495636,0.0,0.0,-1.5120093822479248,0.0,0.0
43.627,-0.5022130012512207,0.30687981843948364,-0.4733696579933167,-0.5765715837478638,-1.5792186260223389,0.0,0.0,-1.475537896156311,0.0,0.0
43.64,-0.5452029705047609,0.2629579603672028,0.6425142288208008,-0.650676965713501,-1.496881127357483,0.0,0.0,-1.48194420337677,0.0,0.0
43.654,-0.5348108410835266,0.27772870659828186,-4.490125179290772,-0.6535744071006775,-1.4829766750335691,0.0,0.0,-1.48194420337677,0.0,0.0
43.667,-0.5687862634658813,0.26949039101600647,-3.6437718868255615,-0.7150691151618958,-1.3835777044296265,0.0,0.0,-1.5595768690109253,0.0,0.0
43.681,-0.5927313566207886,0.3002362847328186,4.220898151397705,-0.7650313377380371,-1.3629679679870603,0.0,0.0,-1.5593888759613037,0.0,0.0
43.694,-0.6234798431396484,0.27681416273117065,2.804781436920166,-0.7986955046653748,-1.3057464361190796,0.0,0.0,-1.4879451990127563,0.0,0.0
43.707,-0.6506004929542542,0.21468417346477509,5.962684631347656,-0.8596399426460266,-1.2018136978149414,0.0,0.0,-1.4161170721054075,0.0,0.0
43.721,-0.6165711879730225,0.20132644474506375,-0.02868175506591797,-0.8456993103027344,-1.1328561305999756,0.0,0.0,-1.356186866760254,0.0,0.0
43.734,-0.626192033290863,0.16979357600212097,6.000539302825928,-0.8597954511642456,-1.0102626085281372,0.0,0.0,-1.2217285633087158,0.0,0.0
43.747,-0.6497798562049866,0.07139049470424652,11.674073219299316,-0.9015215635299682,-0.8183802366256715,0.0,0.0,-0.3863457441329956,0.0,0.0
43.76,-0.671793520450592,-0.04710374027490616,12.544007301330566,-0.9459256529808044,-0.5864992141723633,0.0,0.0,0.7188206911087036,0.0,0.0
43.774,-0.6942654848098755,-0.1194862574338913,12.051773071289062,-0.9909998178482056,-0.3473205268383026,0.0,0.0,0.4433304071426392,0.0,0.0
43.787,-0.7385489344596864,-0.2347213327884674,27.795543670654297,-1.0477490425109863,-0.04206192493438721,0.0,0.0,-0.6737976670265198,0.0,0.0
43.8,-0.7828040719032286,-0.22609052062034607,-7.504757881164551,-1.097334861755371,0.11220094561576845,0.0,0.0,-0.6737976670265198,0.0,0.0
43.814,-0.773100972175598,-0.28107643127441406,13.300589561462402,-1.085922122001648,0.303450345993042,0.0,0.0,-0.5092988610267639,0.0,0.0
43.827,-0.7627441883087158,-0.35053306818008423,16.673620223999023,-1.0700060129165647,0.600013017654419,0.0,0.0,-0.5329332351684569,0.0,0.0
43.84,-0.7532234191894531,-0.34969979524612427,-7.179451942443848,-1.0564899444580078,0.6019806265830994,0.0,0.0,-0.5329332351684569,0.0,0.0
43.854,-0.7715488076210022,-0.42228043079376226,10.136916160583496,-1.0987712144851685,0.7549926638603209,0.0,0.0,-0.4816707968711853,0.0,0.0
43.867,-0.7741459608078003,-0.528569221496582,21.053882598876957,-1.1162317991256714,1.0033998489379885,0.0,0.0,-0.5792495012283325,0.0,0.0
43.88,-0.7377883195877075,-0.4605578184127808,4.801095485687256,-1.101539134979248,1.0277988910675049,0.0,0.0,-0.8445531725883485,0.0,0.0
43.894,-0.7033344507217407,-0.32629072666168213,0.21725110709667209,-1.078422784805298,0.9832909107208253,0.0,0.0,-0.4747277200222016,0.0,0.0
43.907,-0.6915407180786133,-0.14699631929397583,-6.729293346405028,-1.0564441680908203,0.9217299222946168,0.0,0.0,0.15350593626499176,0.0,0.0
43.92,-0.6849401593208313,-0.1411651372909546,-1.7891361713409424,-1.036579966545105,0.8650848865509033,0.0,0.0,0.42645871639251703,0.0,0.0
43.934,-0.6898909211158752,-0.20957785844802856,2.301507472991944,-1.039548397064209,0.8311994075775145,0.0,0.0,0.40541732311248774,0.0,0.0
43.947,-0.7069932818412781,-0.24544143676757807,4.646528244018555,-1.0827724933624268,0.8396788835525512,0.0,0.0,0.39918214082717896,0.0,0.0
43.96,-0.714611291885376,-0.24405652284622192,9.189488410949709,-1.0940016508102417,0.8850454092025757,0.0,0.0,0.4671090245246887,0.0,0.0
43.974,-0.7163822054862976,-0.2383024096488953,11.474419593811035,-1.1081286668777466,0.8994078636169434,0.0,0.0,0.5809397101402283,0.0,0.0
43.987,-0.6814543604850769,-0.20274618268013,13.265321731567385,-1.0702942609786987,0.8398432731628418,0.0,0.0,0.7545495629310608,0.0,0.0
44.0,-0.6638947129249573,-0.19089260697364807,-2.225082397460937,-1.046188235282898,0.8520687222480774,0.0,0.0,0.7545495629310608,0.0,0.0
44.014,-0.6433486938476562,-0.1347939819097519,2.9092109203338623,-0.9993388056755066,0.800234854221344,0.0,0.0,0.7629119157791138,0.0,0.0
44.027,-0.66407710313797,-0.21236613392829892,-2.7848660945892334,-1.01835834980011,0.7240098118782043,0.0,0.0,0.8539942502975464,0.0,0.0
44.04,-0.6860471367836,-0.28659948706626887,0.8589014410972595,-1.0301594734191897,0.7773556113243102,0.0,0.0,0.8592512607574464,0.0,0.0
44.054,-0.6969337463378905,-0.2641318142414093,4.321391582489014,-1.0445252656936646,0.7841259837150573,0.0,0.0,0.8592512607574464,0.0,0.0
44.068,-0.7018762826919556,-0.28132250905036926,13.522778511047363,-1.0600967407226562,0.9136760234832765,0.0,0.0,0.8831945657730103,0.0,0.0
44.081,-0.7013845443725586,-0.3412177860736847,-0.4938974976539612,-1.0709164142608645,0.9861180782318115,0.0,0.0,0.9034508466720579,0.0,0.0
44.095,-0.671043872833252,-0.40361911058425903,2.640641450881958,-1.0200836658477783,1.0826703310012815,0.0,0.0,0.9060669541358948,0.0,0.0
44.108,-0.6845163702964783,-0.43290650844573975,2.144195795059204,-1.015464186668396,1.1240097284317017,0.0,0.0,0.9117434620857239,0.0,0.0
44.122,-0.6352094411849976,-0.42743057012557983,3.060516595840454,-0.9765611290931699,1.1222257614135742,0.0,0.0,0.9280422925949096,0.0,0.0
44.135,-0.620511531829834,-0.3794956207275391,3.302630662918091,-0.9408332705497741,1.0972789525985718,0.0,0.0,0.9584841728210448,0.0,0.0
44.148,-0.5991313457489014,-0.3717901110649109,5.203395843505859,-0.9059396982192992,1.1060733795166016,0.0,0.0,0.9949631690979006,0.0,0.0
44.162,-0.5760124325752257,-0.42283168435096735,6.2594757080078125,-0.8653147220611571,1.1490724086761477,0.0,0.0,1.0315383672714231,0.0,0.0
44.175,-0.5707467198371887,-0.44509220123291016,12.27463722229004,-0.8378362655639648,1.2003289461135864,0.0,0.0,1.1335213184356687,0.0,0.0
44.188,-0.5467422008514404,-0.44213202595710754,1.803557515144348,-0.7875422239303589,1.2814785242080688,0.0,0.0,1.1752204895019531,0.0,0.0
44.202,-0.5640351176261902,-0.3981220126152039,-1.3113006353378296,-0.7750927805900573,1.30229389667511,0.0,0.0,1.1752204895019531,0.0,0.0
44.215,-0.5303983688354492,-0.24122023582458496,11.474292755126951,-0.7150779962539673,1.3779423236846924,0.0,0.0,1.243855595588684,0.0,0.0
44.228,-0.5058209896087648,-0.25270259380340576,-0.18385201692581177,-0.652193009853363,1.407417058944702,0.0,0.0,1.27236008644104,0.0,0.0
44.242,-0.4749523103237152,-0.2973441183567047,-2.088207006454468,-0.5906294584274292,1.4419159889221191,0.0,0.0,1.2967246770858765,0.0,0.0
44.255,-0.4476501941680908,-0.33285030722618103,6.9726881980896,-0.5697876811027527,1.5307629108428955,0.0,0.0,1.309013605117798,0.0,0.0
44.268,-0.3899457752704621,-0.33922627568244934,-3.892242908477783,-0.5175359845161438,1.5542480945587158,0.0,0.0,1.29258394241333,0.0,0.0
44.282,-0.36223649978637695,-0.29566508531570435,-4.608982563018799,-0.49593988060951233,1.4739086627960205,0.0,0.0,1.2497986555099487,0.0,0.0
44.295,-0.3885459303855896,-0.21338306367397308,-4.7693610191345215,-0.5408737063407898,1.369776964187622,0.0,0.0,1.1969397068023682,0.0,0.0
44.308,-0.40128341317176813,-0.13807356357574463,-6.2394795417785645,-0.5352815985679626,1.2901325225830078,0.0,0.0,1.12590754032135,0.0,0.0
44.322,-0.37479615211486816,-0.08216850459575653,-8.844217300415039,-0.47290569543838495,1.1296517848968506,0.0,0.0,1.0417823791503906,0.0,0.0
44.335,-0.4095814228057861,0.049978867173194885,-21.755538940429688,-0.5219166278839111,0.7850462794303894,0.0,0.0,0.8796569705009459,0.0,0.0
44.349,-0.4282924830913544,0.02956835925579071,5.048462390899657,-0.5700117945671082,0.6329654455184937,0.0,0.0,0.8796569705009459,0.0,0.0
44.362,-0.45379224419593805,0.0778062716126442,-13.960634231567385,-0.6177990436553955,0.42631155252456665,0.0,0.0,0.7798485755920409,0.0,0.0
44.375,-0.4128097295761109,0.2220034897327423,-26.615617752075195,-0.5882965326309204,0.02651672065258026,0.0,0.0,0.511647403240204,0.0,0.0
44.388,-0.37657868862152094,0.26306596398353577,-0.4502400755882263,-0.5577709674835205,-0.06279473006725311,0.0,0.0,0.511647403240204,0.0,0.0
44.402,-0.3394545614719391,0.22683241963386536,2.6376171112060547,-0.52402663230896,-0.1465095430612564,0.0,0.0,0.3523014783859253,0.0,0.0
44.415,-0.3396458625793457,0.16782371699810028,-19.27904319763184,-0.5461248755455017,-0.4275407195091248,0.0,0.0,0.2299993634223938,0.0,0.0
44.428,-0.34638121724128723,0.14481283724308014,1.2722935676574707,-0.5689786076545715,-0.49797254800796503,0.0,0.0,0.22280293703079224,0.0,0.0
44.442,-0.35684776306152344,0.14480358362197876,-1.137419819831848,-0.5898511409759521,-0.46683803200721746,0.0,0.0,0.24646703898906708,0.0,0.0
44.455,-0.32727518677711487,0.15576687455177307,3.3808963298797607,-0.5479203462600708,-0.5509757995605469,0.0,0.0,0.2684493362903595,0.0,0.0
44.468,-0.28813022375106806,0.1271798610687256,0.06939042359590529,-0.5123799443244934,-0.5362875461578369,0.0,0.0,0.2689388692378998,0.0,0.0
44.482,-0.26092386245727534,0.07315254211425781,1.2974258661270142,-0.46479931473732,-0.5152913331985474,0.0,0.0,0.265157163143158,0.0,0.0
44.495,-0.23130318522453308,0.0220366045832634,2.7912631034851074,-0.41954925656318665,-0.4925276041030884,0.0,0.0,0.268349826335907,0.0,0.0
44.508,-0.21006713807582852,-0.014943409711122513,-1.3515293598175049,-0.389006495475769,-0.46379703283309937,0.0,0.0,0.3060000240802765,0.0,0.0
44.522,-0.2151808887720108,-0.016705386340618134,-1.1307097673416138,-0.37168779969215393,-0.433523416519165,0.0,0.0,0.3532619774341584,0.0,0.0
44.535,-0.22599937021732328,0.007413560524582864,6.906373977661133,-0.35097977519035334,-0.38812509179115295,0.0,0.0,0.37605252861976624,0.0,0.0
44.549,-0.21609619259834287,0.02236207947134972,0.31827425956726074,-0.33729904890060425,-0.37884944677352905,0.0,0.0,0.37605252861976624,0.0,0.0
44.562,-0.2560199797153473,0.04848412796854973,-0.4618294537067413,-0.3467269241809845,-0.34953057765960693,0.0,0.0,0.384318083524704,0.0,0.0
44.575,-0.24270278215408325,0.1558806300163269,-10.639445304870604,-0.343670129776001,-0.44623446464538574,0.0,0.0,0.3825887441635132,0.0,0.0
44.588,-0.22978833317756653,0.1696239411830902,1.4130268096923828,-0.29493817687034607,-0.4814537167549133,0.0,0.0,0.3825887441635132,0.0,0.0
44.602,-0.19259123504161835,0.18935394287109372,-0.571142852306366,-0.2937617599964142,-0.5147321820259094,0.0,0.0,0.3884580731391906,0.0,0.0
44.615,-0.203933447599411,0.17071585357189178,-7.806244850158691,-0.33520674705505366,-0.5444003343582153,0.0,0.0,0.2656458020210266,0.0,0.0
44.628,-0.22014248371124268,0.17157962918281555,-6.097177505493164,-0.3920417726039887,-0.589941143989563,0.0,0.0,0.20200622081756592,0.0,0.0
44.642,-0.23263423144817352,0.20073075592517853,-2.624178886413574,-0.4374713599681854,-0.6583702564239502,0.0,0.0,0.16883932054042816,0.0,0.0
44.655,-0.2657831311225891,0.2331271171569824,-13.629950523376465,-0.47501298785209656,-0.7271329164505006,0.0,0.0,0.0473538301885128,0.0,0.0
44.668,-0.28933805227279663,0.22165828943252563,-3.411295890808105,-0.5236743092536926,-0.7613933086395263,0.0,0.0,-0.15146449208259585,0.0,0.0
44.682,-0.3075217306613922,0.20281724631786344,-6.31386137008667,-0.5766806602478027,-0.7871603369712828,0.0,0.0,-0.29653969407081604,0.0,0.0
44.695,-0.33156895637512207,0.19215862452983856,-8.106297492980957,-0.6162499189376831,-0.8400497436523436,0.0,0.0,-0.40407156944274897,0.0,0.0
44.708,-0.30752143263816833,0.16459298133850098,-7.339978218078612,-0.5890095233917236,-0.9181188941001891,0.0,0.0,-0.5065014362335205,0.0,0.0
44.722,-0.27116286754608154,0.13170664012432098,-7.310701370239258,-0.5653846859931946,-0.9878981113433838,0.0,0.0,-0.6028518080711365,0.0,0.0
44.737,-0.28179818391799927,0.12763413786888125,-15.724248886108398,-0.5967760086059569,-1.130546808242798,0.0,0.0,-0.7947625517845155,0.0,0.0
44.751,-0.28853628039360046,0.11039280891418456,3.2965822219848637,-0.5757454037666321,-1.1410001516342163,0.0,0.0,-0.7947625517845155,0.0,0.0
44.764,-0.31444892287254333,0.12347671389579772,-10.461859703063965,-0.5860689878463745,-1.2449907064437866,0.0,0.0,-0.9138625860214232,0.0,0.0
44.777,-0.3488954305648804,0.1821734756231308,-24.1915340423584,-0.6538147330284119,-1.4719761610031128,0.0,0.0,-1.067955493927002,0.0,0.0
44.791,-0.3882863223552704,0.14952573180198667,6.029333114624024,-0.7209545969963074,-1.3897755146026611,0.0,0.0,-1.067955493927002,0.0,0.0
44.804,-0.4173569977283478,0.13802602887153623,-3.3931150436401367,-0.7584637403488158,-1.4420994520187378,0.0,0.0,-1.1951838731765747,0.0,0.0
44.817,-0.37983968853950495,0.2210065722465515,-20.213476181030277,-0.7317723035812379,-1.5585203170776367,0.0,0.0,-1.4727946519851685,0.0,0.0
44.831,-0.37015727162361145,0.2570764422416687,-3.5950138568878174,-0.7170867919921875,-1.7043342590332031,0.0,0.0,-1.35869300365448,0.0,0.0
44.844,-0.43058314919471746,0.15238109230995178,0.9782373905181885,-0.7656098008155824,-1.6905196905136108,0.0,0.0,-1.3557171821594238,0.0,0.0
44.857,-0.4731405675411224,0.05027955770492554,4.532749652862549,-0.7735322117805482,-1.5701124668121338,0.0,0.0,-1.6033625602722168,0.0,0.0
44.871,-0.45615011453628546,0.0529230535030365,1.248997449874878,-0.7404307723045349,-1.490193486213684,0.0,0.0,-1.784487247467041,0.0,0.0
44.884,-0.44906505942344666,0.08184513449668883,-0.7944524288177489,-0.7192556858062744,-1.5138826370239258,0.0,0.0,-1.6192814111709597,0.0,0.0
44.897,-0.4402487576007843,0.06209188699722289,-2.905730724334717,-0.7037149667739868,-1.5449693202972412,0.0,0.0,-1.3865495920181274,0.0,0.0
44.911,-0.4806341826915741,0.012480199337005615,0.30882954597473145,-0.7301681041717529,-1.4975872039794922,0.0,0.0,-1.405684232711792,0.0,0.0
44.924,-0.48208606243133545,0.04097902774810791,3.4365801811218266,-0.7223151922225952,-1.3965649604797363,0.0,0.0,-1.5069425106048584,0.0,0.0
44.937,-0.4725255370140076,0.06891345977783203,7.482254505157471,-0.7239524722099304,-1.312335968017578,0.0,0.0,-1.3399901390075684,0.0,0.0
44.951,-0.49770331382751465,-0.008963271975517273,4.400995254516602,-0.7950116395950316,-1.195824146270752,0.0,0.0,-1.3399901390075684,0.0,0.0
44.964,-0.5225631594657898,-0.009265735745429993,-0.7666647434234619,-0.804454505443573,-1.1825257539749146,0.0,0.0,-1.2787572145462036,0.0,0.0
44.977,-0.5563284158706665,0.013252049684524536,12.723142623901367,-0.8616686463356018,-0.8917219042778014,0.0,0.0,-1.237951159477234,0.0,0.0
44.991,-0.5343934297561646,0.0054983943700790405,3.4313900470733643,-0.8674545884132385,-0.8414595127105714,0.0,0.0,-1.1921038627624512,0.0,0.0
45.004,-0.5534675121307373,0.023282334208488464,-4.176726818084717,-0.8725974559783934,-0.7898306250572205,0.0,0.0,-1.1921038627624512,0.0,0.0
45.017,-0.5531514883041382,0.05391071736812592,1.8626064062118528,-0.8816117048263549,-0.6951491236686707,0.0,0.0,-1.1282988786697388,0.0,0.0
45.031,-0.5588241815567017,0.1218617707490921,-4.16437530517578,-0.8986809849739074,-0.6915531158447266,0.0,0.0,-1.1299346685409546,0.0,0.0
45.044,-0.6066185832023621,0.14600685238838196,2.4971365928649902,-0.9547924995422364,-0.6976602077484131,0.0,0.0,-1.1098729372024536,0.0,0.0
45.057,-0.6492373943328857,0.14078211784362793,-0.9245574474334717,-1.0180280208587646,-0.6555355787277222,0.0,0.0,-1.089430332183838,0.0,0.0
45.071,-0.6679455637931824,0.15753944218158722,2.9457225799560547,-1.0603071451187134,-0.6500311493873596,0.0,0.0,-1.0756456851959229,0.0,0.0
45.084,-0.6926214694976808,0.15909369289875033,2.1820173263549805,-1.123533010482788,-0.6161481738090515,0.0,0.0,-1.0452475547790527,0.0,0.0
45.097,-0.7078036665916443,0.14441955089569092,1.439599633216858,-1.1740859746932983,-0.5497044324874878,0.0,0.0,-1.0182549953460691,0.0,0.0
45.111,-0.6781490445137024,0.18344479799270633,-2.990631580352783,-1.173271894454956,-0.5179421305656433,0.0,0.0,-1.0152308940887451,0.0,0.0
45.124,-0.6519714593887329,0.25648754835128784,-5.5624632835388175,-1.1830962896347046,-0.508865237236023,0.0,0.0,-1.0319807529449463,0.0,0.0
45.137,-0.6693602800369263,0.2814668118953705,-8.239039421081543,-1.244918704032898,-0.490560919046402,0.0,0.0,-1.10301673412323,0.0,0.0
45.151,-0.6621521711349487,0.26536548137664795,2.3946046829223637,-1.2205709218978882,-0.5050399303436279,0.0,0.0,-1.10301673412323,0.0,0.0
45.164,-0.7128556370735168,0.21978507936000824,0.3408104181289673,-1.2623792886734009,-0.5107249021530152,0.0,0.0,-1.0988318920135498,0.0,0.0
45.177,-0.7554811239242554,0.16151288151741028,17.233491897583008,-1.3026132583618164,-0.4801232814788818,0.0,0.0,-0.9867951273918154,0.0,0.0
45.191,-0.7846590280532837,0.14338749647140503,3.1649260520935054,-1.3463430404663086,-0.4174967408180237,0.0,0.0,-0.8864122629165649,0.0,0.0
45.204,-0.8037861585617065,0.13505564630031586,2.9813826084136963,-1.3883717060089111,-0.41019275784492487,0.0,0.0,-0.8864122629165649,0.0,0.0
45.218,-0.8208810687065123,-0.0017131641507148745,33.29764938354492,-1.4265756607055664,-0.13451798260211945,0.0,0.0,-0.5965589880943297,0.0,0.0
45.231,-0.8421181440353394,-0.11603227257728577,6.803248882293701,-1.4592896699905396,0.08158650994300842,0.0,0.0,-0.4536433815956116,0.0,0.0
45.245,-0.8521615266799927,-0.22276490926742556,6.578265190124512,-1.4872174263000488,0.12768611311912537,0.0,0.0,-0.4536433815956116,0.0,0.0
45.257,-0.874339461326599,-0.189500093460083,8.44709300994873,-1.5183603763580322,0.39195337891578674,0.0,0.0,-0.2374284863471985,0.0,0.0
45.271,-0.8625438809394835,-0.2612755298614502,3.378337144851685,-1.5068364143371582,0.5395632982254028,0.0,0.0,-0.16639210283756256,0.0,0.0
45.284,-0.8332488536834717,-0.37785816192626953,4.730109214782715,-1.4633643627166748,0.6595215797424316,0.0,0.0,-0.11154666543006896,0.0,0.0
45.297,-0.8143619894981384,-0.46841365098953247,5.683608055114745,-1.4079352617263794,0.7064558267593384,0.0,0.0,-0.7128399014472961,0.0,0.0
45.311,-0.7978707551956176,-0.4664299190044403,7.1720805168151855,-1.3719311952590942,0.6875287294387817,0.0,0.0,-1.4984208345413208,0.0,0.0
45.324,-0.790190279483795,-0.42335495352745056,5.8117361068725595,-1.3505680561065674,0.6875736117362976,0.0,0.0,-0.5870450139045715,0.0,0.0
45.337,-0.7839364409446716,-0.365868866443634,5.098838806152344,-1.3330610990524292,0.6713247895240784,0.0,0.0,0.9247512817382812,0.0,0.0
45.351,-0.7776160240173341,-0.33396467566490173,-3.054903030395508,-1.3162946701049805,0.6241412162780762,0.0,0.0,0.16741347312927246,0.0,0.0
45.364,-0.7765820622444154,-0.2891160845756531,-3.1427559852600098,-1.3053745031356812,0.5930360555648804,0.0,0.0,0.16741347312927246,0.0,0.0
45.377,-0.7420862913131715,-0.2575245499610901,-0.36218425631523127,-1.2754600048065186,0.49248832464218145,0.0,0.0,0.3077538311481476,0.0,0.0
45.391,-0.7390472292900084,-0.1994214951992035,4.476507186889648,-1.2825016975402832,0.41514611244201666,0.0,0.0,0.4603452086448669,0.0,0.0
45.404,-0.7453685998916626,-0.21016916632652283,4.689558506011962,-1.287627100944519,0.3514690399169922,0.0,0.0,0.4833686351776123,0.0,0.0
45.417,-0.7541828155517578,-0.20522986352443692,12.002279281616213,-1.3052011728286743,0.3995130062103272,0.0,0.0,0.47924831509590154,0.0,0.0
45.431,-0.776826500892639,-0.14311043918132782,1.4335691928863523,-1.3263866901397705,0.389098584651947,0.0,0.0,0.4929758012294769,0.0,0.0
45.444,-0.7694368958473204,-0.1072998046875,-1.4348756074905396,-1.3137882947921753,0.38826447725296015,0.0,0.0,0.5130131840705872,0.0,0.0
45.457,-0.7480408549308778,-0.12446290999650957,-1.787398338317871,-1.2741873264312744,0.4166669845581055,0.0,0.0,0.5353915691375732,0.0,0.0
45.471,-0.7623417377471923,-0.16341382265090942,1.4037039279937744,-1.3048468828201294,0.4205206036567688,0.0,0.0,0.5863989591598511,0.0,0.0
45.484,-0.774501860141754,-0.21009159088134768,6.1035375595092765,-1.319766640663147,0.4755338132381439,0.0,0.0,0.6559363603591919,0.0,0.0
45.498,-0.7805356383323668,-0.25869810581207275,22.56806755065918,-1.3262346982955933,0.5977455377578736,0.0,0.0,0.7351576685905457,0.0,0.0
45.511,-0.7870970368385315,-0.22582128643989563,-1.179973006248474,-1.325697422027588,0.7019370794296265,0.0,0.0,0.8343125581741333,0.0,0.0
45.524,-0.7417467832565308,-0.2570619285106659,15.873882293701172,-1.2590177059173584,0.8007450103759765,0.0,0.0,0.931616485118866,0.0,0.0
45.538,-0.7045760154724121,-0.3576256036758423,8.851825714111328,-1.1952687501907349,0.9213135242462158,0.0,0.0,1.0143637657165527,0.0,0.0
45.551,-0.665634036064148,-0.40653443336486816,-2.8592503070831294,-1.1458299160003662,1.0371245145797727,0.0,0.0,1.0143637657165527,0.0,0.0
45.564,-0.6234948635101318,-0.407823771238327,-1.2434496879577637,-1.1000306606292725,1.074942708015442,0.0,0.0,1.0764337778091433,0.0,0.0
45.578,-0.5929403901100159,-0.5170590877532959,11.598899841308594,-1.0214961767196655,1.2671797275543213,0.0,0.0,1.205215573310852,0.0,0.0
45.591,-0.5579833984375,-0.4701540470123291,1.1031121015548706,-0.9390743374824526,1.2827324867248535,0.0,0.0,1.2478749752044678,0.0,0.0
45.604,-0.5424111485481262,-0.41157829761505127,0.41628330945968633,-0.8973494172096252,1.3417537212371826,0.0,0.0,1.2478749752044678,0.0,0.0
45.618,-0.5602955222129822,-0.3575141429901123,0.5156457424163817,-0.890910267829895,1.3507955074310305,0.0,0.0,1.2648061513900757,0.0,0.0
45.631,-0.5323554277420044,-0.34744179248809814,-1.5657395124435425,-0.8134506344795227,1.372549295425415,0.0,0.0,1.2282838821411133,0.0,0.0
45.644,-0.5079478621482849,-0.2705993056297302,-0.7648006081581116,-0.7525548934936523,1.3286087512969973,0.0,0.0,1.2037768363952637,0.0,0.0
45.658,-0.4876248240470886,-0.2222329080104828,-5.615718364715576,-0.7039623856544496,1.1892576217651367,0.0,0.0,1.195197343826294,0.0,0.0
45.671,-0.5107840299606323,-0.19650346040725708,-0.87282657623291,-0.7405207157135011,1.1139330863952637,0.0,0.0,1.21119487285614,0.0,0.0
45.685,-0.5195444822311401,-0.22284270823001864,1.1666268110275269,-0.7707998752593994,1.1385529041290283,0.0,0.0,1.242586612701416,0.0,0.0
45.698,-0.4729632437229157,-0.08510877192020416,1.167529821395874,-0.7421074509620665,1.1453683376312256,0.0,0.0,1.220917582511902,0.0,0.0
45.711,-0.4820973575115204,-0.06315458565950394,-2.64512300491333,-0.7490292191505432,1.1735026836395264,0.0,0.0,1.1663897037506104,0.0,0.0
45.724,-0.4497853815555573,-0.011711038649082184,-1.840442419052124,-0.7177042961120605,1.1553465127944946,0.0,0.0,1.1517412662506104,0.0,0.0
45.739,-0.4372926354408264,-0.14799357950687408,-3.565844774246216,-0.6724600791931152,1.2137212753295898,0.0,0.0,1.141554594039917,0.0,0.0
45.751,-0.39416077733039856,-0.162784144282341,-0.4327923059463501,-0.6245107650756836,1.2613425254821775,0.0,0.0,1.141554594039917,0.0,0.0
45.765,-0.35582873225212097,-0.17321133613586426,3.499706029891968,-0.5756632089614868,1.2684249877929688,0.0,0.0,1.1414759159088137,0.0,0.0
45.778,-0.3666269481182098,-0.1904033124446869,4.3805837631225595,-0.6109622716903688,1.2640297412872314,0.0,0.0,1.2430273294448853,0.0,0.0
45.792,-0.37583872675895685,-0.21560834348201752,1.2748494148254397,-0.6490223407745361,1.3234133720397947,0.0,0.0,1.266106367111206,0.0,0.0
45.805,-0.4080548286437988,-0.1978948712348938,1.8185913562774656,-0.6750450730323792,1.3120508193969729,0.0,0.0,1.243738889694214,0.0,0.0
45.818,-0.38402572274208074,-0.16139774024486542,4.5150251388549805,-0.6112715601921082,1.3972290754318235,0.0,0.0,1.206320881843567,0.0,0.0
45.832,-0.36735281348228455,-0.16818863153457642,-1.9831359386444087,-0.5556309223175049,1.431816816329956,0.0,0.0,1.183122992515564,0.0,0.0
45.845,-0.3455529510974884,-0.2224290370941162,-1.981714367866516,-0.4903214573860169,1.4968218803405762,0.0,0.0,1.2065517902374268,0.0,0.0
45.858,-0.3019307553768158,-0.291122168302536,-4.430298328399657,-0.4304712116718292,1.5187859535217283,0.0,0.0,1.2334325313568115,0.0,0.0
45.872,-0.24695175886154172,-0.2890508472919464,-3.0087454319000244,-0.3665063083171845,1.4539408683776855,0.0,0.0,1.2012702226638794,0.0,0.0
45.885,-0.24345171451568604,-0.2230241745710373,-2.9808461666107178,-0.37704640626907354,1.3074215650558472,0.0,0.0,1.157257914543152,0.0,0.0
45.898,-0.2795178294181824,-0.12183699756860732,-5.190355777740479,-0.420689195394516,1.1226109266281128,0.0,0.0,1.1210978031158447,0.0,0.0
45.911,-0.31853166222572327,-0.016083508729934692,-9.001287460327148,-0.46484985947608953,0.8944861888885498,0.0,0.0,1.0386396646499634,0.0,0.0
45.925,-0.3338121771812439,0.06752745807170868,-13.496405601501465,-0.4793202579021454,0.6270471215248108,0.0,0.0,0.8822823762893677,0.0,0.0
45.938,-0.33168697357177734,0.18368396162986755,-48.41307067871094,-0.4767396152019501,0.02357393503189087,0.0,0.0,0.5031585693359375,0.0,0.0
45.951,-0.33200132846832275,0.2253418266773224,-2.230676889419556,-0.4924126863479614,-0.12084420770406724,0.0,0.0,0.3704490661621094,0.0,0.0
45.965,-0.32322272658348083,0.1973923146724701,1.245181918144226,-0.5204620361328125,-0.26439711451530457,0.0,0.0,0.3704490661621094,0.0,0.0
45.978,-0.3332156538963318,0.17124928534030914,-17.43564796447754,-0.5440371036529541,-0.4708641767501831,0.0,0.0,0.23930764198303223,0.0,0.0
45.991,-0.3382404446601868,0.1828554570674896,5.456445217132568,-0.5644519925117493,-0.5149534940719604,0.0,0.0,0.1756228655576706,0.0,0.0
46.005,-0.3412320017814636,0.1832619309425354,0.2421255111694336,-0.5916097164154053,-0.5112344026565552,0.0,0.0,0.1756228655576706,0.0,0.0
46.018,-0.3053203821182251,0.20642212033271792,-4.464158058166504,-0.5581837296485901,-0.6598775982856752,0.0,0.0,0.08410379290580748,0.0,0.0
46.032,-0.2645125687122345,0.16393393278121948,1.3248066902160645,-0.5128951072692871,-0.6585515737533569,0.0,0.0,0.01867053844034672,0.0,0.0
46.045,-0.2378036826848984,0.13630113005638125,-0.1765921711921692,-0.48574960231781006,-0.6553789377212524,0.0,0.0,-0.005043198354542256,0.0,0.0
46.058,-0.27396339178085327,0.06193596124649048,-3.8548026084899902,-0.528312623500824,-0.6585834622383118,0.0,0.0,-0.01904789544641972,0.0,0.0
46.071,-0.3115605413913727,0.054609261453151696,-1.221659541130066,-0.5704237222671509,-0.6442616581916809,0.0,0.0,-0.07010732591152191,0.0,0.0
46.085,-0.31419727206230164,0.0908297598361969,-1.6192585229873655,-0.5647063851356505,-0.6441483497619629,0.0,0.0,-0.1363029181957245,0.0,0.0
46.098,-0.2901826500892639,0.128174290060997,-1.3831833600997925,-0.52916157245636,-0.668877363204956,0.0,0.0,-0.181120365858078,0.0,0.0
46.111,-0.2842446565628052,0.13719011843204498,-2.721078634262085,-0.545341432094574,-0.6994808912277222,0.0,0.0,-0.17185281217098236,0.0,0.0
46.125,-0.3134137988090515,0.14130336046218872,-1.1014564037322998,-0.5715015530586243,-0.7433900237083435,0.0,0.0,-0.1559738665819168,0.0,0.0
46.138,-0.32512328028678894,0.10294051468372344,-0.5757495760917664,-0.6007465720176697,-0.7485074996948241,0.0,0.0,-0.37671130895614624,0.0,0.0
46.151,-0.3249788284301758,0.10204434394836426,0.3265712261199951,-0.6141683459281921,-0.7414541244506837,0.0,0.0,-0.37671130895614624,0.0,0.0
46.165,-0.2964218258857727,0.10118668526411057,-3.3677279949188232,-0.6030719876289368,-0.7363674640655516,0.0,0.0,-0.4686343967914581,0.0,0.0
46.178,-0.2976026237010956,0.11973487585783003,-14.409269332885742,-0.5649436116218567,-0.8300790190696716,0.0,0.0,-0.5896846055984497,0.0,0.0
46.191,-0.32302892208099365,0.1459449827671051,-4.197836875915527,-0.5821587443351746,-0.8879984617233276,0.0,0.0,-0.6476705074310303,0.0,0.0
46.205,-0.3556910753250122,0.19118911027908325,-0.09107105433940887,-0.6143561005592345,-0.9627997875213624,0.0,0.0,-0.6978098154067993,0.0,0.0
46.219,-0.3402809500694275,0.20829781889915464,-10.015017509460447,-0.5713173151016235,-1.0420635938644407,0.0,0.0,-0.7910283803939819,0.0,0.0
46.232,-0.3103468120098114,0.2446946352720261,-7.238095283508301,-0.5677102208137512,-1.1345500946044922,0.0,0.0,-0.8781319856643677,0.0,0.0
46.245,-0.34357061982154846,0.28635710477828974,-10.46819019317627,-0.6321662068367004,-1.2524930238723757,0.0,0.0,-0.9415119290351869,0.0,0.0
46.258,-0.38159874081611633,0.30613154172897333,-8.915233612060547,-0.6831865906715393,-1.3497953414916992,0.0,0.0,-1.031723976135254,0.0,0.0
46.272,-0.4174146354198456,0.30899757146835327,-5.935062408447266,-0.7026371359825134,-1.3942668437957764,0.0,0.0,-1.131953239440918,0.0,0.0
46.285,-0.3943004310131073,0.3329929113388061,-4.039017677307129,-0.6659089922904968,-1.468886137008667,0.0,0.0,-1.218338131904602,0.0,0.0
46.298,-0.36021479964256287,0.3678726553916931,-13.24497127532959,-0.6741364598274231,-1.6578058004379272,0.0,0.0,-1.3430522680282593,0.0,0.0
46.311,-0.3352656662464142,0.34236723184585566,3.830346345901489,-0.6430073976516724,-1.6906695365905762,0.0,0.0,-1.3430522680282593,0.0,0.0
46.325,-0.36989375948905945,0.31709617376327515,-7.1295976638793945,-0.7012973427772522,-1.7365401983261108,0.0,0.0,-1.3217382431030271,0.0,0.0
46.338,-0.4108771979808808,0.23797355592250824,7.0791449546813965,-0.7367367744445802,-1.5370442867279053,0.0,0.0,-1.4633448123931885,0.0,0.0
46.352,-0.3919458985328674,0.23620158433914185,3.498959541320801,-0.7107166051864624,-1.5390944480895996,0.0,0.0,-1.5041718482971191,0.0,0.0
46.365,-0.3820944130420685,0.24669265747070312,0.05747079849243164,-0.6883870363235474,-1.442982196807861,0.0,0.0,-1.5041718482971191,0.0,0.0
46.378,-0.4306620657444,0.1361873745918274,3.4232048988342285,-0.7523091435432434,-1.3532015085220337,0.0,0.0,-1.1673815250396729,0.0,0.0
46.392,-0.47840371727943426,0.053982540965080254,6.920729637145996,-0.7736778259277344,-1.1979875564575195,0.0,0.0,-1.1079177856445312,0.0,0.0
46.405,-0.46915349364280706,0.03678783774375916,13.535222053527832,-0.7687796354293822,-1.1388790607452393,0.0,0.0,-1.1079177856445312,0.0,0.0
46.418,-0.4654667377471924,0.03170911967754364,15.346696853637695,-0.7388137578964233,-0.8103843927383424,0.0,0.0,-1.077612280845642,0.0,0.0
46.432,-0.48180291056633,-0.033045753836631775,5.6173906326293945,-0.7431830763816833,-0.6706873178482056,0.0,0.0,-0.8619936704635619,0.0,0.0
46.445,-0.5173954963684082,-0.0661439523100853,-0.9461246132850648,-0.7952093482017517,-0.5858922004699707,0.0,0.0,-0.7569987773895263,0.0,0.0
46.458,-0.5384307503700256,0.017887849360704422,-3.007824659347534,-0.8024637103080748,-0.5247755646705627,0.0,0.0,-0.9108564853668213,0.0,0.0
46.472,-0.5399659276008606,0.1180027723312378,-3.140491247177124,-0.7873232960700989,-0.47506067156791687,0.0,0.0,-1.0745964050292969,0.0,0.0
46.485,-0.5397499799728394,0.06498280167579651,-2.006640911102295,-0.7862458825111389,-0.4795320332050324,0.0,0.0,-0.9250754117965697,0.0,0.0
46.498,-0.5599542856216431,-0.07871199399232864,0.4653453826904297,-0.8473610877990722,-0.5052924156188965,0.0,0.0,-0.6331191062927246,0.0,0.0
46.512,-0.5745174884796144,-0.06235723569989205,-0.04279911518096924,-0.8899198174476622,-0.5265510082244873,0.0,0.0,-0.7075403928756714,0.0,0.0
46.525,-0.5514342188835144,0.16519969701766968,-4.4209465980529785,-0.8859210014343261,-0.5447589159011841,0.0,0.0,-1.14325213432312,0.0,0.0
46.538,-0.5641317367553711,0.23941920697689056,-17.37242889404297,-0.9074923992156982,-0.674675226211548,0.0,0.0,-0.887700915336609,0.0,0.0
46.552,-0.6141325235366821,0.13871534168720245,0.4799589514732361,-0.9616480469703673,-0.5997351408004761,0.0,0.0,-0.6842764616012573,0.0,0.0
46.565,-0.6369587779045105,0.11425039172172546,2.1852672100067134,-1.0117090940475464,-0.6839176416397095,0.0,0.0,-0.6842764616012573,0.0,0.0
46.578,-0.6226183176040649,0.25232577323913574,6.154507160186768,-1.0182704925537107,-0.6605991125106812,0.0,0.0,-1.138341188430786,0.0,0.0
46.592,-0.6145653724670409,0.274506151676178,-0.775565207004547,-1.0518157482147217,-0.610810399055481,0.0,0.0,-0.9650477766990659,0.0,0.0
46.605,-0.6318138837814331,0.1799839735031128,-1.1307567358016968,-1.1035785675048828,-0.5309435725212097,0.0,0.0,-0.7430919408798218,0.0,0.0
46.618,-0.6550224423408508,0.1936393827199936,4.161574363708496,-1.1208317279815674,-0.556246280670166,0.0,0.0,-0.8014646768569945,0.0,0.0
46.632,-0.6304239630699158,0.23101183772087097,5.1658358573913565,-1.085498571395874,-0.4879663586616516,0.0,0.0,-0.9129136204719543,0.0,0.0
46.645,-0.6461222767829895,0.17427662014961243,4.207643985748291,-1.1390141248703003,-0.3735041320323944,0.0,0.0,-0.6916139721870422,0.0,0.0
46.658,-0.6622241139411926,-0.012403443455696106,8.864267349243164,-1.1679552793502808,-0.23370137810707087,0.0,0.0,-0.36680895090103144,0.0,0.0
46.672,-0.6678347587585449,-0.1521981954574585,16.25449562072754,-1.181054711341858,-0.056646570563316345,0.0,0.0,-0.3502247631549835,0.0,0.0
46.685,-0.6822801232337952,-0.12939293682575226,15.872363090515137,-1.1941044330596924,0.08095698058605194,0.0,0.0,-0.3793849349021912,0.0,0.0
46.699,-0.7149937748908997,-0.2309261113405228,23.087152481079105,-1.2189836502075195,0.3637346625328064,0.0,0.0,0.06100881099700928,0.0,0.0
46.712,-0.7552868723869324,-0.22346289455890656,-3.901202440261841,-1.2445120811462402,0.3572211265563965,0.0,0.0,0.06100881099700928,0.0,0.0
46.725,-0.7921525835990906,-0.30703601241111755,17.653621673583984,-1.2649588584899902,0.5206735730171204,0.0,0.0,0.1465074121952057,0.0,0.0
46.739,-0.7508920431137085,-0.4175492227077484,24.844038009643555,-1.2357323169708252,0.8239055871963501,0.0,0.0,0.3858893513679504,0.0,0.0
46.752,-0.7217807769775391,-0.45891916751861567,-0.2638947069644928,-1.1774618625640867,0.930655837059021,0.0,0.0,0.4978907704353333,0.0,0.0
46.765,-0.6977043151855469,-0.4386038780212402,-0.7020402550697327,-1.1315023899078367,0.9518280029296877,0.0,0.0,0.4978907704353333,0.0,0.0
46.779,-0.6837714314460753,-0.3806624710559845,14.067365646362305,-1.1003705263137815,1.020100474357605,0.0,0.0,0.68220055103302,0.0,0.0
46.792,-0.6653783917427063,-0.38145726919174194,-1.2058563232421875,-1.0621341466903689,1.0645768642425537,0.0,0.0,0.7294787168502807,0.0,0.0
46.805,-0.6445899605751038,-0.3476810753345489,1.7556935548782349,-1.0251061916351318,1.0793792009353638,0.0,0.0,0.7842171192169188,0.0,0.0
46.819,-0.6132773160934448,-0.3313840627670288,3.3707387447357178,-0.983169674873352,1.0765280723571775,0.0,0.0,0.8369678258895874,0.0,0.0
46.832,-0.5774824619293213,-0.3003315329551697,1.2124680280685425,-0.927151620388031,1.0792946815490725,0.0,0.0,0.8828763961791992,0.0,0.0
46.845,-0.5438680648803711,-0.25502991676330566,-1.4654918909072876,-0.8805800676345825,1.078007698059082,0.0,0.0,0.9225232601165773,0.0,0.0
46.859,-0.5545242428779602,-0.2324161529541016,0.4468649625778198,-0.8777019977569581,1.0657120943069458,0.0,0.0,0.9580845832824707,0.0,0.0
46.873,-0.5597938895225525,-0.22103773057460785,2.186480760574341,-0.8684830069541931,1.057762622833252,0.0,0.0,0.9836381673812865,0.0,0.0
46.885,-0.5570791363716125,-0.1664903312921524,0.20838305354118347,-0.8812929391860963,1.020442008972168,0.0,0.0,0.9814330935478209,0.0,0.0
46.899,-0.5843160748481752,-0.11244016885757446,-9.803400039672852,-0.9278716444969176,0.923208236694336,0.0,0.0,0.9492031931877136,0.0,0.0
46.912,-0.6148245334625244,-0.1106528341770172,1.1668413877487185,-0.9516552686691283,0.889981746673584,0.0,0.0,0.9146887063980103,0.0,0.0
46.925,-0.6205223798751831,-0.15504276752471924,-1.4848865270614624,-0.9580847620964049,0.8894959688186644,0.0,0.0,0.9038222432136536,0.0,0.0
46.939,-0.5708805918693544,-0.19752486050128937,11.019040107727053,-0.8856355547904968,1.0542391538619995,0.0,0.0,0.934711456298828,0.0,0.0
46.952,-0.5750125050544739,-0.2170406728982925,-1.3337239027023315,-0.8721508979797363,1.0775364637374878,0.0,0.0,0.934711456298828,0.0,0.0
46.967,-0.536945641040802,-0.20328459143638608,3.0067272186279297,-0.8374847769737244,1.1508998870849607,0.0,0.0,1.0128825902938845,0.0,0.0
46.98,-0.4904157519340515,-0.30079880356788635,20.665727615356445,-0.7723618149757385,1.3518909215927124,0.0,0.0,1.1161046028137207,0.0,0.0
46.994,-0.459007740020752,-0.26733797788619995,1.6531795263290403,-0.7001520991325377,1.422006607055664,0.0,0.0,1.150978446006775,0.0,0.0
47.007,-0.429451048374176,-0.2973488569259644,-3.065885543823242,-0.6354920268058777,1.4273818731307983,0.0,0.0,1.2370650768280027,0.0,0.0
47.02,-0.4617015421390533,-0.3855330049991608,3.12129545211792,-0.6645915508270264,1.5631768703460691,0.0,0.0,1.371752381324768,0.0,0.0
47.034,-0.4762096405029297,-0.4980965256690979,5.446310043334961,-0.6865957975387573,1.7181150913238523,0.0,0.0,1.4261846542358398,0.0,0.0
47.047,-0.4709525108337402,-0.4608860313892365,6.174185752868652,-0.6453911066055298,1.8801276683807373,0.0,0.0,1.3114522695541382,0.0,0.0
47.06,-0.4239023923873901,-0.3650417625904083,-0.6679460406303406,-0.5821469426155089,1.9298168420791624,0.0,0.0,1.2437615394592283,0.0,0.0
47.074,-0.3918518722057343,-0.31261229515075684,-2.8962671756744385,-0.5122085213661194,1.9070740938186648,0.0,0.0,1.363332986831665,0.0,0.0
47.087,-0.3621930778026581,-0.3768043518066406,0.05881637334823608,-0.4349231123924256,1.9320162534713743,0.0,0.0,1.4936585426330566,0.0,0.0
47.1,-0.3716895580291748,-0.38987100124359125,10.849190711975098,-0.43448296189308167,2.0003037452697754,0.0,0.0,1.4507112503051758,0.0,0.0
47.114,-0.34606906771659846,-0.29276329278945923,-2.7333943843841557,-0.3920059502124786,1.9538928270339968,0.0,0.0,1.4507112503051758,0.0,0.0
47.127,-0.3108254075050354,-0.2678687572479248,-1.2734367847442627,-0.35740068554878235,1.9387888908386233,0.0,0.0,1.4063394069671633,0.0,0.0
47.14,-0.34926673769950867,-0.12443254888057707,-23.274621963500977,-0.4067472517490387,1.5440677404403689,0.0,0.0,1.3001774549484253,0.0,0.0
47.154,-0.3889052867889404,-0.1220354288816452,-7.268777370452882,-0.45743188261985773,1.3701943159103394,0.0,0.0,1.1664128303527832,0.0,0.0
47.167,-0.42549183964729304,-0.1166902482509613,4.650333404541016,-0.5076355338096619,1.3425143957138062,0.0,0.0,1.1664128303527832,0.0,0.0
47.181,-0.38094478845596313,-0.042065396904945374,-26.69072914123535,-0.4833236038684845,1.0287810564041138,0.0,0.0,0.9443984031677246,0.0,0.0
47.194,-0.3931470513343811,-0.03079212456941605,-0.4267551004886627,-0.5251604914665222,0.8976523876190186,0.0,0.0,0.9048815369606018,0.0,0.0
47.207,-0.3721818327903748,-0.053891651332378394,0.6257951259613037,-0.5020062923431396,0.9119160175323486,0.0,0.0,0.8505532741546632,0.0,0.0
47.221,-0.32267165184021,-0.06244916468858719,1.4577425718307495,-0.43521508574485773,0.9417750835418701,0.0,0.0,0.7802094221115112,0.0,0.0
47.234,-0.2752738296985626,-0.037436820566654205,-4.622854232788086,-0.3939416408538818,0.8257211446762085,0.0,0.0,0.7495070695877075,0.0,0.0
47.247,-0.28500077128410334,-0.0035557821393013,-8.355076789855957,-0.4318305253982544,0.623396635055542,0.0,0.0,0.7443738579750061,0.0,0.0
47.261,-0.3088204860687256,0.00614175945520401,-3.849825859069824,-0.46138578653335566,0.5575583577156067,0.0,0.0,0.7035257816314697,0.0,0.0
47.274,-0.33901944756507874,-0.025084726512432095,0.6819538474082947,-0.49054700136184687,0.5189558267593384,0.0,0.0,0.6250738501548767,0.0,0.0
47.287,-0.31776800751686096,-0.0026654452085494995,2.7290000915527344,-0.44793069362640386,0.4911953508853912,0.0,0.0,0.5913652181625366,0.0,0.0
47.301,-0.2973720729351044,0.0373249426484108,-5.435505390167236,-0.4053769111633301,0.3886351585388184,0.0,0.0,0.578043520450592,0.0,0.0
47.314,-0.26597821712493896,-0.006998695433139801,-7.365617275238037,-0.3619511127471924,0.3489753305912018,0.0,0.0,0.578043520450592,0.0,0.0
47.328,-0.24779169261455536,0.003979146480560304,6.636605262756348,-0.3363419771194458,0.30482006072998047,0.0,0.0,0.5373210310935974,0.0,0.0
47.341,-0.25759798288345337,-0.008732780814170837,-10.940723419189451,-0.3725917935371399,0.10262301564216614,0.0,0.0,0.4124979376792908,0.0,0.0
47.354,-0.26750874519348145,0.05243115872144699,-4.219444274902344,-0.41094902157783514,-0.004935920238494873,0.0,0.0,0.32753950357437134,0.0,0.0
47.368,-0.2764507234096527,0.12926410138607025,-3.710489511489868,-0.4512798190116882,-0.08328817784786224,0.0,0.0,0.21865275502204892,0.0,0.0
47.381,-0.2535400390625,0.16828979551792145,-14.278125762939451,-0.42838785052299505,-0.2585870027542114,0.0,0.0,0.104004368185997,0.0,0.0
47.394,-0.2341086268424988,0.1987456381320953,-10.466031074523926,-0.4213704764842987,-0.42997884750366205,0.0,0.0,0.002157788723707199,0.0,0.0
47.408,-0.2716248631477356,0.23992761969566345,-8.546743392944336,-0.4415567219257354,-0.5950080752372742,0.0,0.0,-0.1108378916978836,0.0,0.0
47.421,-0.30676257610321045,0.2557488679885864,-3.916779041290283,-0.4493619501590729,-0.6938219070434569,0.0,0.0,-0.2295659184455872,0.0,0.0
47.435,-0.2812502980232239,0.256168395280838,-3.741170644760132,-0.45720618963241577,-0.794398546218872,0.0,0.0,-0.32157135009765625,0.0,0.0
47.448,-0.3153294622898102,0.2552507519721985,-6.228775501251221,-0.4917296469211578,-0.9319180250167847,0.0,0.0,-0.39372557401657104,0.0,0.0
47.461,-0.3383770287036896,0.23203265666961673,-9.465269088745117,-0.5249732732772827,-1.0327234268188477,0.0,0.0,-0.5529200434684753,0.0,0.0
47.474,-0.29868391156196594,0.2203562706708908,3.845874071121216,-0.4831590950489044,-1.077932834625244,0.0,0.0,-0.5529200434684753,0.0,0.0
47.488,-0.2584805488586426,0.22761450707912445,-3.588974475860596,-0.45355382561683655,-1.1213641166687012,0.0,0.0,-0.6118739247322083,0.0,0.0
47.501,-0.2749328017234802,0.2308231890201569,-6.262734413146973,-0.49888226389884954,-1.208422303199768,0.0,0.0,-0.7108677625656128,0.0,0.0
47.515,-0.28572574257850647,0.21663948893547055,-1.5503592491149902,-0.5404199957847595,-1.1993203163146973,0.0,0.0,-0.7724335193634033,0.0,0.0
47.528,-0.28152790665626526,0.213516429066658,-2.7861757278442383,-0.5261529088020325,-1.2534325122833252,0.0,0.0,-0.7724335193634033,0.0,0.0
47.541,-0.318985253572464,0.17762270569801333,-4.204449653625488,-0.5566160082817078,-1.2873716354370115,0.0,0.0,-0.8843576908111571,0.0,0.0
47.561,-0.3182717561721802,0.1855730712413788,-0.8770398497581483,-0.534629225730896,-1.3337728977203367,0.0,0.0,-0.916272521018982,0.0,0.0
47.568,-0.35690176486968994,0.18271042406558993,-0.25510266423225403,-0.5608911514282227,-1.3306148052215576,0.0,0.0,-0.9658201336860656,0.0,0.0
47.582,-0.34899091720581055,0.16892363131046295,-2.9970779418945312,-0.5353600978851318,-1.3618382215499878,0.0,0.0,-1.0410501956939695,0.0,0.0
47.595,-0.3381376266479492,0.21679815649986267,-7.156189441680908,-0.5237595438957214,-1.4403471946716309,0.0,0.0,-1.050412893295288,0.0,0.0
47.608,-0.3708785474300385,0.25689148902893066,-5.6934309005737305,-0.5893384218215942,-1.5267150402069092,0.0,0.0,-1.0616003274917605,0.0,0.0
47.621,-0.40654480457305914,0.2543151378631592,-3.1097373962402344,-0.6127570867538452,-1.5298613309860227,0.0,0.0,-1.1867270469665527,0.0,0.0
47.635,-0.37588730454444885,0.2536231577396393,-4.068432807922363,-0.5905020833015442,-1.5427978038787842,0.0,0.0,-1.298214077949524,0.0,0.0
47.648,-0.34396350383758545,0.2712181806564331,-4.8998236656188965,-0.5578380823135376,-1.6333483457565308,0.0,0.0,-1.3218048810958862,0.0,0.0
47.661,-0.4017426371574402,0.2405929267406464,-5.894672870635985,-0.6149007678031921,-1.7107491493225098,0.0,0.0,-1.3459787368774414,0.0,0.0
47.675,-0.4466837644577026,0.244414895772934,1.8349125385284424,-0.6626804471015929,-1.6915605068206787,0.0,0.0,-1.3459787368774414,0.0,0.0
47.688,-0.43324041366577143,0.23430463671684265,1.5420734882354736,-0.6257150173187256,-1.6708242893218994,0.0,0.0,-1.361639142036438,0.0,0.0
47.702,-0.4150725305080414,0.26773092150688166,3.5055041313171387,-0.6034327149391174,-1.6001095771789553,0.0,0.0,-1.4222543239593506,0.0,0.0
47.716,-0.39188385009765625,0.2537539005279541,-5.752403736114503,-0.602390468120575,-1.6510989665985107,0.0,0.0,-1.3124524354934692,0.0,0.0
47.729,-0.3703081011772156,0.2813054621219635,1.1684461832046509,-0.5883737802505493,-1.6412014961242676,0.0,0.0,-1.3124524354934692,0.0,0.0
47.743,-0.4049557447433472,0.23202010989189148,-0.6813794374465942,-0.626141369342804,-1.5368549823760986,0.0,0.0,-1.3207879066467283,0.0,0.0
47.756,-0.43274673819541926,0.27904942631721497,5.814358234405518,-0.6571455597877502,-1.3659161329269407,0.0,0.0,-1.507379174232483,0.0,0.0
47.769,-0.4208566546440125,0.2971636652946472,-0.16719549894332886,-0.6409438252449036,-1.3276135921478271,0.0,0.0,-1.4291577339172363,0.0,0.0
47.783,-0.4677102863788605,0.1817229986190796,1.1322140693664553,-0.685482919216156,-1.3252038955688477,0.0,0.0,-1.144345998764038,0.0,0.0
47.796,-0.5058106184005737,0.10505696386098862,4.466302394866944,-0.7185754776000977,-1.2406566143035889,0.0,0.0,-1.101271629333496,0.0,0.0
47.809,-0.48255971074104315,0.194071501493454,5.122951984405518,-0.6786008477211,-1.1660275459289553,0.0,0.0,-1.3703060150146484,0.0,0.0
47.823,-0.4938422441482544,0.25243186950683594,1.2887611389160156,-0.6948909163475037,-1.1167529821395874,0.0,0.0,-1.1030043363571167,0.0,0.0
47.836,-0.5103858709335327,0.27390602231025696,-1.1376365423202517,-0.7380244135856627,-1.0883209705352783,0.0,0.0,-1.1030043363571167,0.0,0.0
47.849,-0.5532880425453186,0.16990402340888977,0.788140296936035,-0.7872923016548157,-1.03916335105896,0.0,0.0,-0.9068093299865722,0.0,0.0
47.863,-0.5527744293212891,0.2745680809020996,2.800579309463501,-0.8259392976760864,-0.8642312884330748,0.0,0.0,-1.2843236923217771,0.0,0.0
47.876,-0.5426327586174011,0.2655887305736542,-2.8324975967407227,-0.8555343151092529,-0.8419215679168701,0.0,0.0,-1.2843236923217771,0.0,0.0
47.889,-0.5354675650596619,0.3130342662334442,-1.727047562599182,-0.884484589099884,-0.8138811588287354,0.0,0.0,-1.1412492990493774,0.0,0.0
47.903,-0.5462216734886169,0.2501184344291687,-0.34489184617996216,-0.8990103006362915,-0.8239437341690062,0.0,0.0,-1.0397440195083618,0.0,0.0
47.916,-0.5634567737579346,0.2500212788581848,8.679655075073242,-0.8994776010513306,-0.7287297248840333,0.0,0.0,-1.0213419198989868,0.0,0.0
47.929,-0.5841083526611328,0.21297341585159305,5.511751651763916,-0.908076763153076,-0.7159597277641296,0.0,0.0,-1.0213419198989868,0.0,0.0
47.943,-0.6044960618019104,0.11342097818851472,12.097752571105955,-0.9301265478134156,-0.5086913108825684,0.0,0.0,-0.6928585767745972,0.0,0.0
47.956,-0.6336660981178284,0.0471125990152359,10.32242488861084,-0.9474314451217651,-0.3545838594436645,0.0,0.0,-0.5763633847236633,0.0,0.0
47.97,-0.646738350391388,0.0033546667546033855,12.786452293395996,-0.9643094539642334,-0.1629810631275177,0.0,0.0,-0.42938926815986633,0.0,0.0
47.983,-0.6544811129570007,-0.06364387273788452,12.22316551208496,-0.9799920916557312,0.04484548419713975,0.0,0.0,-0.253887802362442,0.0,0.0
47.996,-0.6756829619407654,-0.15138624608516693,11.98944854736328,-0.9958004355430605,0.256594717502594,0.0,0.0,-0.0853293240070343,0.0,0.0
48.01,-0.7069582939147949,-0.2349931448698044,12.69599723815918,-1.0156433582305908,0.4588024318218231,0.0,0.0,0.07727186381816864,0.0,0.0
48.023,-0.6859354376792908,-0.32512611150741577,26.00923728942871,-1.0019493103027344,0.8115442395210266,0.0,0.0,0.36631229519844055,0.0,0.0
48.036,-0.6507214903831482,-0.3278068602085113,-6.912895679473877,-0.98691987991333,0.817587971687317,0.0,0.0,0.36631229519844055,0.0,0.0
48.05,-0.6461310982704163,-0.3366240262985229,13.244832992553713,-0.9597238898277282,0.9312301874160767,0.0,0.0,0.471844494342804,0.0,0.0
48.063,-0.6340063214302063,-0.35721832513809204,14.755816459655762,-0.9337800145149232,1.1351166963577273,0.0,0.0,0.665675938129425,0.0,0.0
48.076,-0.6104854345321655,-0.3982360064983368,-0.5044788122177124,-0.9151107668876649,1.2467379570007324,0.0,0.0,0.7644464969635011,0.0,0.0
48.089,-0.6294187903404236,-0.4089870154857636,-1.815750360488892,-0.9329091906547545,1.2303240299224854,0.0,0.0,0.7644464969635011,0.0,0.0
48.103,-0.5859969854354857,-0.4910598993301392,13.173304557800291,-0.8714335560798645,1.4446767568588257,0.0,0.0,0.9538655281066895,0.0,0.0
48.116,-0.5444620251655579,-0.45674514770507807,0.6873741745948792,-0.8174339532852174,1.48080313205719,0.0,0.0,1.0205961465835571,0.0,0.0
48.129,-0.5084078311920166,-0.40428489446640015,1.9790232181549072,-0.7843031287193297,1.4468960762023926,0.0,0.0,1.060544729232788,0.0,0.0
48.143,-0.4891740679740906,-0.32168447971343994,-4.224130630493164,-0.7410172820091246,1.4384043216705322,0.0,0.0,1.082583785057068,0.0,0.0
48.156,-0.5148440003395081,-0.30867934226989746,1.708526849746704,-0.7725729942321777,1.404667854309082,0.0,0.0,1.1118813753128052,0.0,0.0
48.17,-0.5417107343673706,-0.3205462098121643,3.8876249790191646,-0.7676289081573486,1.4577105045318604,0.0,0.0,1.1308003664016724,0.0,0.0
48.183,-0.4977183640003204,-0.29659280180931086,2.326456308364868,-0.7120141983032227,1.5078908205032349,0.0,0.0,1.137611746788025,0.0,0.0
48.196,-0.5047397613525392,-0.2676857709884644,-0.4210934042930603,-0.7168576717376709,1.4898993968963623,0.0,0.0,1.1704344749450684,0.0,0.0
48.21,-0.5243505835533142,-0.29370155930519104,-0.8824557065963745,-0.755252718925476,1.502162218093872,0.0,0.0,1.217648983001709,0.0,0.0
48.223,-0.5398169159889221,-0.365763783454895,2.199185609817505,-0.7810962796211242,1.5985821485519407,0.0,0.0,1.2471487522125244,0.0,0.0
48.236,-0.518861711025238,-0.410666286945343,5.781121253967285,-0.7216218709945679,1.7387149333953855,0.0,0.0,1.274533987045288,0.0,0.0
48.249,-0.467004269361496,-0.4178840219974518,7.506398677825926,-0.6409333944320679,1.8801945447921755,0.0,0.0,1.3235305547714231,0.0,0.0
48.263,-0.4082804322242737,-0.481492817401886,19.3718376159668,-0.5533429980278015,2.1435308456420894,0.0,0.0,1.5301344394683838,0.0,0.0
48.276,-0.34995606541633606,-0.48377564549446106,-7.943267822265626,-0.4675426781177521,2.22629976272583,0.0,0.0,1.5301344394683838,0.0,0.0
48.289,-0.3499330282211304,-0.5293521285057068,13.063376426696776,-0.4273498356342316,2.4539995193481445,0.0,0.0,1.6292657852172852,0.0,0.0
48.303,-0.31709733605384827,-0.5129978656768799,16.364255905151367,-0.33668017387390137,2.6980574131011963,0.0,0.0,1.712967872619629,0.0,0.0
48.316,-0.28329500555992126,-0.5149956345558168,-6.640988349914551,-0.31032365560531616,2.6429829597473145,0.0,0.0,1.7570996284484863,0.0,0.0
48.329,-0.25150540471076965,-0.5192694664001465,0.13293027877807617,-0.28672704100608826,2.6585817337036133,0.0,0.0,1.7570996284484863,0.0,0.0
48.343,-0.2895489037036896,-0.42814952135086065,-8.726740837097168,-0.3225984573364258,2.5245814323425293,0.0,0.0,1.7173874378204346,0.0,0.0
48.356,-0.26454544067382807,-0.31670743227005005,-6.518389225006104,-0.27667659521102905,2.403158187866211,0.0,0.0,1.6255781650543213,0.0,0.0
48.37,-0.2433767169713974,-0.24720858037471768,-9.248618125915527,-0.2391751259565353,2.2055823802948,0.0,0.0,1.537699818611145,0.0,0.0
48.383,-0.2832317054271698,-0.2913065552711487,0.896233320236206,-0.2732413709163666,2.157029390335083,0.0,0.0,1.537699818611145,0.0,0.0
48.396,-0.2958142161369324,-0.28430062532424927,-10.738286018371582,-0.272170752286911,2.041909694671631,0.0,0.0,1.4531481266021729,0.0,0.0
48.409,-0.24614691734313965,-0.23639778792858124,-7.095890998840332,-0.213324636220932,1.9570560455322263,0.0,0.0,1.382929444313049,0.0,0.0
48.423,-0.20706166326999664,-0.12051039189100266,-12.77208423614502,-0.1505720317363739,1.7566771507263184,0.0,0.0,1.298710823059082,0.0,0.0
48.436,-0.2249630689620972,-0.07533027976751326,1.0182156562805176,-0.14248497784137726,1.6572747230529783,0.0,0.0,1.298710823059082,0.0,0.0
48.45,-0.24123840034008023,-0.03954310715198517,0.38207396864891047,-0.19155715405941007,1.5871310234069824,0.0,0.0,1.3201223611831665,0.0,0.0
48.463,-0.2436258494853973,-0.1166900247335434,3.0631721019744877,-0.1919431835412979,1.649986743927002,0.0,0.0,1.3142881393432615,0.0,0.0
48.476,-0.200425922870636,-0.1353391855955124,1.7991117238998413,-0.1508122831583023,1.7252483367919922,0.0,0.0,1.3142881393432615,0.0,0.0
48.49,-0.21426060795784,-0.15419897437095642,0.6424314975738524,-0.14097243547439575,1.7509506940841677,0.0,0.0,1.3286542892456057,0.0,0.0
48.503,-0.16467756032943726,-0.21541397273540497,6.461678504943848,-0.0669187679886818,1.8565793037414553,0.0,0.0,1.3738715648651123,0.0,0.0
48.516,-0.12431332468986513,-0.1957743465900421,-3.717896938323975,-0.021187910810112957,1.7945568561553955,0.0,0.0,1.343773365020752,0.0,0.0
48.53,-0.0821559801697731,-0.187125027179718,-4.67770528793335,0.012881332077085972,1.7362478971481323,0.0,0.0,1.343773365020752,0.0,0.0
48.543,-0.12450859695672988,-0.11695574223995207,-5.14676570892334,-0.032792363315820694,1.572142481803894,0.0,0.0,1.2908573150634766,0.0,0.0
48.556,-0.1644536554813385,-0.10835231840610504,-4.205216407775879,-0.06779257208108902,1.516825795173645,0.0,0.0,1.2609961032867432,0.0,0.0
48.57,-0.15327130258083344,-0.11875439435243608,-0.7099337577819824,-0.021657586097717285,1.5063841342926023,0.0,0.0,1.2400394678115845,0.0,0.0
48.583,-0.12340414524078368,-0.14029991626739502,2.470386028289795,0.04963697120547295,1.5416795015335083,0.0,0.0,1.2224851846694946,0.0,0.0
48.596,-0.0701458603143692,-0.18016308546066284,3.4383349418640137,0.11013176292181016,1.621091365814209,0.0,0.0,1.202523708343506,0.0,0.0
48.61,-0.02897364087402821,-0.2011941820383072,1.31233549118042,0.14196687936782837,1.669369339942932,0.0,0.0,1.204174280166626,0.0,0.0
48.623,-0.023379381746053696,-0.14243324100971222,-5.560299396514893,0.12465492635965349,1.5764446258544922,0.0,0.0,1.2126727104187012,0.0,0.0
48.636,-0.026570288464426994,-0.10599619150161745,1.910517334938049,0.09647415578365326,1.5495933294296265,0.0,0.0,1.225886344909668,0.0,0.0
48.65,-0.03841640800237656,-0.07018309831619263,-5.33057975769043,0.06127152591943741,1.4759387969970703,0.0,0.0,1.223987340927124,0.0,0.0
48.666,-0.020326647907495495,-0.0202147513628006,-5.947364807128905,0.11511097103357316,1.3830432891845703,0.0,0.0,0.9662116765975952,0.0,0.0
48.676,-0.011143052019178867,-0.004925906658172608,-6.9316749572753915,0.1536707729101181,1.2754557132720947,0.0,0.0,0.9662116765975952,0.0,0.0
48.69,-0.022846711799502373,-0.027812242507934567,0.5100421309471129,0.13773097097873688,1.2605092525482178,0.0,0.0,0.9230287075042723,0.0,0.0
48.703,-0.04273900389671326,-0.030329003930091854,-9.786783218383789,0.09688140451908112,1.1392927169799805,0.0,0.0,0.9970096349716185,0.0,0.0
48.716,-0.04606245830655097,0.008321136236190798,1.3700544834136963,0.08042398840188979,1.104860782623291,0.0,0.0,0.7855203151702882,0.0,0.0
48.73,0.0024943763855844736,0.06302747130393982,-3.5543582439422607,0.10194190591573717,0.9931230545043944,0.0,0.0,0.6364409923553467,0.0,0.0
48.743,0.03715072572231293,0.08785796165466307,3.1702189445495605,0.11953862011432648,0.9905927181243896,0.0,0.0,0.6364409923553467,0.0,0.0
48.756,-0.002958356868475676,0.131190687417984,-30.610597610473636,0.0745859369635582,0.4664661884307861,0.0,0.0,0.5380562543869019,0.0,0.0
48.77,-0.04475470259785652,0.13974665105342865,-10.003134727478027,0.02569425106048584,0.2483280450105667,0.0,0.0,0.4038817882537842,0.0,0.0
48.783,-0.08728699386119841,0.20527508854866028,-10.689152717590332,-0.0245821475982666,0.034298211336135864,0.0,0.0,0.2541593909263611,0.0,0.0
48.796,-0.12802688777446747,0.2731124460697174,-9.130945205688477,-0.060907091945409775,-0.1971010267734528,0.0,0.0,0.1175835132598877,0.0,0.0
48.81,-0.08778203278779982,0.3034585118293762,-10.722310066223145,-0.01968122459948063,-0.4178656041622162,0.0,0.0,-0.004490567371249199,0.0,0.0
48.823,-0.04743514582514762,0.3183838427066803,-12.5502347946167,0.028698738664388657,-0.6196428537368774,0.0,0.0,-0.11404313147068024,0.0,0.0
48.837,-0.006972873117774725,0.4054138064384461,-16.27920150756836,0.07894314080476762,-0.9408961534500122,0.0,0.0,-0.25386333465576166,0.0,0.0
48.85,0.0027183073107153177,0.39806532859802246,5.547060489654541,0.1275409758090973,-0.9363583922386168,0.0,0.0,-0.25386333465576166,0.0,0.0
48.863,-0.005273934453725815,0.4064463376998901,-10.087955474853516,0.12921997904777527,-1.0291168689727783,0.0,0.0,-0.2983322739601136,0.0,0.0
48.877,0.029865510761737823,0.38552325963974,-8.523451805114746,0.1747054010629654,-1.0645432472229004,0.0,0.0,-0.41679647564888,0.0,0.0
48.89,0.0455898866057396,0.33381912112236023,-3.900937557220459,0.1924774795770645,-1.048941969871521,0.0,0.0,-0.41679647564888,0.0,0.0
48.904,0.05045892670750617,0.2751884460449219,-3.5886659622192383,0.24097444117069244,-0.9665595293045045,0.0,0.0,-0.48246413469314575,0.0,0.0
48.918,-0.004106661304831505,0.2410362660884857,5.065887928009033,0.22878290712833405,-0.9059313535690308,0.0,0.0,-0.488529235124588,0.0,0.0
48.93,-0.0549866184592247,0.2086605131626129,0.8382573723793031,0.21549917757511136,-0.8509424328804016,0.0,0.0,-0.48868995904922485,0.0,0.0
48.944,-0.0578547827899456,0.2301634252071381,-2.744615077972412,0.2573731243610382,-0.805594563484192,0.0,0.0,-0.5139108896255493,0.0,0.0
48.957,-0.05900739133358002,0.26970672607421875,-2.043722629547119,0.30655691027641296,-0.7752294540405273,0.0,0.0,-0.534708559513092,0.0,0.0
48.97,-0.11191560328006744,0.24946273863315585,2.594639301300049,0.2584455609321594,-0.7426596879959105,0.0,0.0,-0.5304999351501465,0.0,0.0
48.984,-0.11913510411977768,0.30871474742889404,-4.061007499694824,0.2635314762592316,-0.7058349847793579,0.0,0.0,-0.5649006366729736,0.0,0.0
48.997,-0.09373851865530014,0.33356037735939026,-3.8172125816345215,0.2710862755775452,-0.6530601978302002,0.0,0.0,-0.6214721202850342,0.0,0.0
49.01,-0.060524020344018936,0.35084617137908936,-11.858832359313965,0.27014023065567017,-0.7520705461502075,0.0,0.0,-0.6595067977905273,0.0,0.0
49.024,-0.1018923595547676,0.29242730140686035,-9.941848754882812,0.20936068892478943,-0.8980628252029419,0.0,0.0,-0.7777183055877684,0.0,0.0
49.037,-0.1466917246580124,0.21615879237651825,1.2116342782974243,0.15401515364646912,-0.9308690428733823,0.0,0.0,-0.7777183055877684,0.0,0.0
49.05,-0.1896547079086304,0.16329564154148102,2.9088287353515625,0.11233791708946228,-0.9368194341659546,0.0,0.0,-0.81325364112854,0.0,0.0
49.064,-0.17728708684444427,0.12188909947872162,4.87755250930786,0.14471493661403656,-0.8415191769599913,0.0,0.0,-0.8109029531478883,0.0,0.0
49.078,-0.20022177696228027,0.11749397218227386,1.7462074756622314,0.08234459161758424,-0.8771719336509703,0.0,0.0,-0.7893153429031373,0.0,0.0
49.09,-0.23314203321933744,0.11471198499202728,-2.1158337593078613,0.07709445059299469,-0.8823781609535217,0.0,0.0,-0.7893153429031373,0.0,0.0
49.104,-0.2447868436574936,-0.011701762676239014,-2.570521831512451,0.10360384732484818,-0.8009730577468872,0.0,0.0,-0.7802608609199525,0.0,0.0
49.117,-0.23364503681659696,-0.04757237434387207,0.5565941333770752,0.12786848843097687,-0.7563357353210449,0.0,0.0,-0.7733964323997498,0.0,0.0
49.13,-0.27512046694755554,-0.09874328970909119,3.779706239700317,0.07568880170583725,-0.7452725172042847,0.0,0.0,-0.712680459022522,0.0,0.0
49.144,-0.3224633038043976,-0.16008570790290833,4.545772075653076,0.024316653609275814,-0.7123889923095703,0.0,0.0,-0.673432469367981,0.0,0.0
49.157,-0.36965551972389216,-0.2092155814170837,2.9386727809906006,-0.004140049684792757,-0.6362485885620117,0.0,0.0,-0.7046515345573425,0.0,0.0
49.17,-0.357758104801178,-0.15650545060634613,-0.5759239196777344,0.039314214140176766,-0.5611746311187744,0.0,0.0,-0.7300074696540833,0.0,0.0
49.184,-0.3227313756942749,-0.07243080437183379,-0.6500065326690674,0.08160637319087982,-0.5546566247940063,0.0,0.0,-0.6616743803024292,0.0,0.0
49.197,-0.2876461744308472,-0.05528159439563751,2.0255327224731445,0.13213153183460236,-0.5571470260620117,0.0,0.0,-0.5748425722122192,0.0,0.0
49.21,-0.3085923492908478,-0.10353751480579376,5.466261386871338,0.1154819056391716,-0.4609009027481079,0.0,0.0,-0.5766099095344543,0.0,0.0
49.224,-0.32166966795921326,-0.05485278367996216,8.597686767578125,0.10048169642686844,-0.274646669626236,0.0,0.0,-0.5679253935813904,0.0,0.0
49.237,-0.34488594532012934,-0.0801931768655777,-1.2885957956314087,0.07348838448524475,-0.27848249673843384,0.0,0.0,-0.5679253935813904,0.0,0.0
49.25,-0.3898957967758178,-0.13136577606201172,4.656439781188965,0.02595088817179203,-0.2860686779022217,0.0,0.0,-0.5356895327568054,0.0,0.0
49.264,-0.4069194495677948,-0.18217143416404724,-0.5305051803588867,-0.0297787357121706,-0.1755786091089249,0.0,0.0,-0.5399324893951416,0.0,0.0
49.277,-0.393097311258316,-0.12937220931053162,-3.345228672027588,-0.036554217338562005,-0.12197908014059068,0.0,0.0,-0.5661799311637878,0.0,0.0
49.291,-0.3799118399620056,-0.11463447660207748,-0.3215029835700989,-0.04271598160266876,-0.10859433561563492,0.0,0.0,-0.5661799311637878,0.0,0.0
49.304,-0.4272674918174744,-0.16931986808776855,7.8524436950683585,-0.09375188499689102,-0.1852631121873856,0.0,0.0,-0.4944360256195069,0.0,0.0
49.317,-0.4718453586101532,-0.2177619189023972,5.4589476585388175,-0.1387275755405426,-0.2149726450443268,0.0,0.0,-0.4929446578025818,0.0,0.0
49.331,-0.5120058655738832,-0.2145909368991852,1.4513075351715088,-0.19520092010498047,-0.24332863092422485,0.0,0.0,-0.5001697540283203,0.0,0.0
49.344,-0.5336798429489136,-0.17439773678779602,-2.79730486869812,-0.2536258995532989,-0.2597655951976776,0.0,0.0,-0.49773144721984863,0.0,0.0
49.357,-0.5578739643096924,-0.16815517842769623,-1.709530472755432,-0.31247270107269287,-0.22798261046409607,0.0,0.0,-0.5488720536231995,0.0,0.0
49.37,-0.533900797367096,-0.16600467264652252,1.637175679206848,-0.2938497066497803,-0.16326075792312622,0.0,0.0,-0.6498604416847229,0.0,0.0
49.384,-0.5595127940177917,-0.22698445618152616,-0.43653845787048334,-0.34420293569564814,-0.15415768325328827,0.0,0.0,-0.6650338172912598,0.0,0.0
49.397,-0.5800709128379822,-0.190395787358284,6.055118083953857,-0.397431194782257,-0.20218542218208316,0.0,0.0,-0.5675302147865297,0.0,0.0
49.41,-0.6149582862854004,-0.1832692176103592,-2.3705363273620605,-0.4316942989826202,-0.28759545087814326,0.0,0.0,-0.5588316917419434,0.0,0.0
49.424,-0.6001095175743103,-0.05552428588271141,6.300305366516112,-0.4043654203414917,-0.3925064206123352,0.0,0.0,-0.6849304437637329,0.0,0.0
49.437,-0.6372183561325073,-0.14806479215621948,7.8632354736328125,-0.4421040117740631,-0.3293685913085937,0.0,0.0,-0.6849304437637329,0.0,0.0
49.45,-0.6665744185447693,-0.1313367635011673,8.735505104064941,-0.49108472466468805,-0.330504447221756,0.0,0.0,-0.4958757162094116,0.0,0.0
49.464,-0.6638128161430359,-0.06460113823413849,14.693922996520996,-0.4557540416717529,-0.18352043628692627,0.0,0.0,-0.4784541726112366,0.0,0.0
49.477,-0.6403599977493286,-0.02567867934703827,4.231412410736084,-0.41951140761375433,-0.06379616260528564,0.0,0.0,-0.47904139757156367,0.0,0.0
49.49,-0.6090496182441713,-0.09994132816791534,-1.3141818046569824,-0.37821489572525024,-0.043881163001060486,0.0,0.0,-0.47904139757156367,0.0,0.0
49.504,-0.6156928539276123,-0.00685650110244751,18.26719665527344,-0.389130175113678,0.010112211108207704,0.0,0.0,-0.17354455590248108,0.0,0.0
49.517,-0.6025750041007996,0.07226341962814331,5.462960243225098,-0.35589650273323054,0.000654369592666626,0.0,0.0,-0.1659199595451355,0.0,0.0
49.53,-0.5739688873291016,0.14689166843891144,10.069567680358888,-0.31350234150886536,0.013130173087120056,0.0,0.0,-0.16028188169002533,0.0,0.0
49.544,-0.5485296249389648,0.19987249374389648,1.0870481729507446,-0.2721182405948639,-0.010713130235671995,0.0,0.0,-0.08247065544128418,0.0,0.0
49.557,-0.5275382995605469,0.13435232639312744,19.007555007934567,-0.22063614428043363,0.10473649203777312,0.0,0.0,-0.029659785330295563,0.0,0.0
49.57,-0.5079935193061829,0.20250289142131803,2.9939520359039307,-0.17597144842147827,0.15461347997188568,0.0,0.0,0.02253679186105728,0.0,0.0
49.584,-0.49138104915618896,0.27893424034118647,2.4772322177886963,-0.13072340190410614,0.18193542957305908,0.0,0.0,0.07804250717163086,0.0,0.0
49.597,-0.475232720375061,0.34273114800453186,2.6673271656036377,-0.12384280562400818,0.198074072599411,0.0,0.0,0.10824909806251526,0.0,0.0
49.61,-0.49700215458869934,0.4211374819278717,3.5343959331512447,-0.16135084629058838,0.20081353187561035,0.0,0.0,0.182042196393013,0.0,0.0
49.624,-0.5011656880378723,0.4486769437789917,7.27465581893921,-0.17182384431362152,0.22576743364334104,0.0,0.0,0.24890661239624023,0.0,0.0
49.637,-0.46191778779029846,0.38769501447677607,12.139320373535156,-0.12311743199825288,0.3348063826560974,0.0,0.0,0.2561434507369995,0.0,0.0
49.65,-0.4260592460632324,0.31775766611099243,-1.9820317029953003,-0.0879645124077797,0.3775820136070252,0.0,0.0,0.3051906228065491,0.0,0.0
49.664,-0.426714152097702,0.239206537604332,3.7354989051818848,-0.09308014065027237,0.43656092882156367,0.0,0.0,0.38691622018814087,0.0,0.0
49.677,-0.41227540373802185,0.14149725437164307,7.370697021484374,-0.05316847190260887,0.6058872938156128,0.0,0.0,0.490896463394165,0.0,0.0
49.69,-0.41358804702758795,0.12128818035125732,-0.6790883541107178,-0.029053572565317157,0.6509848833084105,0.0,0.0,0.566643476486206,0.0,0.0
49.704,-0.41704767942428583,0.10517771542072296,-0.6120465397834778,-0.027331031858921048,0.6963940262794496,0.0,0.0,0.566643476486206,0.0,0.0
49.717,-0.4231294095516205,-0.0025980472564697266,13.892337799072266,-0.06164221838116646,0.9063946008682253,0.0,0.0,0.6398853659629822,0.0,0.0
49.73,-0.4451262354850769,-0.001993060111999512,3.7175214290618896,-0.08221225440502167,1.0317560434341433,0.0,0.0,0.6695200204849243,0.0,0.0
49.744,-0.41877043247222895,-0.040561169385910034,1.496565341949463,-0.062311626970767975,1.0647451877593994,0.0,0.0,0.697248101234436,0.0,0.0
49.757,-0.3808112740516663,-0.1473546326160431,4.397217750549316,-0.005247038323432207,1.1286026239395142,0.0,0.0,0.7389370203018188,0.0,0.0
49.77,-0.32888346910476685,-0.24048997461795807,0.551837682723999,0.0393962599337101,1.1337345838546753,0.0,0.0,0.7904016971588135,0.0,0.0
49.784,-0.3342091739177704,-0.2892690896987915,4.723128795623779,0.024027740582823757,1.2073663473129272,0.0,0.0,0.8257561922073363,0.0,0.0
49.797,-0.3345428705215454,-0.3318241834640503,6.380930423736572,0.0008600565488450229,1.2894045114517212,0.0,0.0,0.8555200695991517,0.0,0.0
49.81,-0.363328754901886,-0.34943586587905884,2.2237703800201416,-0.04126818105578423,1.3450112342834473,0.0,0.0,0.8903875350952147,0.0,0.0
49.824,-0.3411981761455536,-0.38134822249412537,-0.9542405605316162,-0.03570101037621498,1.368032455444336,0.0,0.0,0.9045941829681395,0.0,0.0
49.837,-0.313083291053772,-0.3719803988933563,-2.753676414489746,0.011692166328430176,1.3359329700469973,0.0,0.0,0.8952402472496032,0.0,0.0
49.85,-0.27676859498023987,-0.3326563537120819,-10.162460327148438,0.05442396178841591,1.2149710655212402,0.0,0.0,0.846617817878723,0.0,0.0
49.864,-0.22304253280162809,-0.3339783549308777,-0.7430300116539001,0.09864673763513565,1.0985945463180542,0.0,0.0,0.846617817878723,0.0,0.0
49.877,-0.17766757309436798,-0.36573204398155207,1.2677907943725586,0.13866077363491058,1.009307622909546,0.0,0.0,0.792743742465973,0.0,0.0
49.89,-0.20633481442928317,-0.15122561156749725,-27.353246688842773,0.13233456015586853,0.7009698152542113,0.0,0.0,0.6382378339767456,0.0,0.0
49.904,-0.1806066930294037,-0.07818786799907683,0.19656121730804443,0.14710062742233276,0.5964210033416748,0.0,0.0,0.5707480311393738,0.0,0.0
49.917,-0.16320160031318665,0.012509220279753208,-15.84034824371338,0.20516398549079892,0.4457368850708008,0.0,0.0,0.5707480311393738,0.0,0.0
49.93,-0.2026377320289612,0.07587549835443495,-14.50164031982422,0.16714464128017426,0.2276906818151474,0.0,0.0,0.5266292691230774,0.0,0.0
49.944,-0.22774849832057956,0.07837682217359543,0.3086887300014496,0.1375737190246582,0.15383197367191315,0.0,0.0,0.4531822204589844,0.0,0.0
49.957,-0.24111805856227875,0.10757888853549956,-3.0354423522949214,0.11370456963777542,0.1231253147125244,0.0,0.0,0.3792492747306824,0.0,0.0
49.97,-0.1953117549419403,0.09614238142967224,-2.099787473678589,0.16353267431259155,0.05717398971319199,0.0,0.0,0.33104321360588074,0.0,0.0
49.984,-0.16541539132595062,0.08987031877040863,-6.921346187591553,0.1934568881988525,0.0013507120311260223,0.0,0.0,0.31966713070869446,0.0,0.0
49.997,-0.17126651108264923,0.09610355645418169,-7.1625494956970215,0.154861181974411,-0.041092999279499054,0.0,0.0,0.33249774575233454,0.0,0.0
50.01,-0.12646955251693726,0.10038162022829056,-1.790014624595642,0.19545374810695648,-0.037298321723937995,0.0,0.0,0.3245270252227783,0.0,0.0
50.024,-0.11291927099227904,0.08487214148044586,-3.419796228408813,0.24496041238307956,-0.033092059195041656,0.0,0.0,0.32158428430557245,0.0,0.0
50.037,-0.10238973796367644,0.016758888959884644,0.1669362187385559,0.29614344239234924,0.005112972110509872,0.0,0.0,0.3487454056739807,0.0,0.0
50.05,-0.09459942579269408,-0.07911804318428038,-1.0467605590820312,0.3398478627204895,0.02622172608971596,0.0,0.0,0.3481752276420593,0.0,0.0
50.064,-0.1216590479016304,-0.10969902575016022,-1.384096384048462,0.323982298374176,0.02278253063559532,0.0,0.0,0.3481752276420593,0.0,0.0
50.077,-0.15638452768325806,-0.08243852108716963,-1.1285338401794434,0.2716658413410187,0.036681193858385086,0.0,0.0,0.337632417678833,0.0,0.0
50.09,-0.1488385647535324,0.05177706852555275,-18.22025489807129,0.25130289793014526,-0.03103549033403397,0.0,0.0,0.2758094072341919,0.0,0.0
50.104,-0.12146066874265672,0.07296279072761534,1.8438873291015625,0.2611647844314575,-0.07875096797943115,0.0,0.0,0.24482628703117368,0.0,0.0
50.117,-0.13752561807632446,0.08462165296077728,-10.021055221557615,0.21718277037143707,-0.15041223168373108,0.0,0.0,0.24482628703117368,0.0,0.0
50.13,-0.12991410493850708,0.00937049090862274,-18.03006362915039,0.24600183963775635,-0.27675583958625793,0.0,0.0,0.08332246541976927,0.0,0.0
50.144,-0.11131934821605682,0.023653194308280945,-7.695968151092529,0.25174039602279663,-0.37198534607887274,0.0,0.0,0.0017436780035495758,0.0,0.0
50.157,-0.14294974505901337,0.0780302882194519,-1.3036463260650637,0.21865475177764893,-0.45621794462203974,0.0,0.0,0.0017436780035495758,0.0,0.0
50.175,-0.19152991473674771,0.07154388725757599,-19.63253593444824,0.1741698682308197,-0.6594454050064087,0.0,0.0,-0.1882499307394028,0.0,0.0
50.189,-0.2167345881462097,0.022925943136215206,-18.890287399291992,0.14183126389980316,-0.8173542618751526,0.0,0.0,-0.3163366913795471,0.0,0.0
50.202,-0.23218075931072235,-0.0076454877853393555,3.160956382751465,0.1107172816991806,-0.8512548208236694,0.0,0.0,-0.3521518409252167,0.0,0.0
50.215,-0.1959533393383026,-0.009276628494262695,0.05085691809654236,0.13463272154331207,-0.8492348790168761,0.0,0.0,-0.3521518409252167,0.0,0.0
50.229,-0.15691983699798584,0.007954567670822142,-8.308884620666504,0.1859981864690781,-0.8303791880607605,0.0,0.0,-0.43362993001937866,0.0,0.0
50.242,-0.15828807651996613,-0.018682926893234253,-2.9248995780944824,0.23018722236156464,-0.8325012922286987,0.0,0.0,-0.4706348776817322,0.0,0.0
50.255,-0.21682707965373996,-0.09701181948184968,-2.486130475997925,0.17487727105617523,-0.8735439181327821,0.0,0.0,-0.49469494819641113,0.0,0.0
50.269,-0.2716844975948334,-0.1445644646883011,3.4714221954345703,0.1123599410057068,-0.8691933155059814,0.0,0.0,-0.5289393067359924,0.0,0.0
50.282,-0.3177505135536194,-0.12665900588035583,4.964603424072266,0.09189130365848541,-0.8039993643760681,0.0,0.0,-0.5768702030181885,0.0,0.0
50.295,-0.2974291741847992,-0.048945903778076165,-2.2736191749572754,0.10332747548818588,-0.7758629322052002,0.0,0.0,-0.5870524644851685,0.0,0.0
50.309,-0.3048455119132996,-0.15746140480041504,7.0037569999694815,0.09734067320823667,-0.6871810555458069,0.0,0.0,-0.5544627904891968,0.0,0.0
50.322,-0.3054130971431732,-0.1702696681022644,-4.507742881774902,0.108500175178051,-0.665596604347229,0.0,0.0,-0.5544627904891968,0.0,0.0
50.335,-0.2707415223121643,-0.15128409862518313,7.660831451416015,0.1403203010559082,-0.49665528535842896,0.0,0.0,-0.5308159589767456,0.0,0.0
50.349,-0.3181343972682953,-0.1480041742324829,5.4498372077941895,0.09953838586807251,-0.42228525876998896,0.0,0.0,-0.4811397194862366,0.0,0.0
50.362,-0.31249377131462097,-0.12892532348632812,-3.0007569789886475,0.09905242174863815,-0.42919230461120605,0.0,0.0,-0.4699608981609345,0.0,0.0
50.375,-0.3562968969345093,-0.19097590446472168,0.1037903130054474,0.062043346464633935,-0.3786352276802063,0.0,0.0,-0.5182086229324341,0.0,0.0
50.389,-0.35523027181625366,-0.06739833950996399,-4.002141952514648,0.06869698315858841,-0.3784780204296112,0.0,0.0,-0.5038782954216003,0.0,0.0
50.402,-0.35756224393844604,-0.09353604912757872,-4.957613945007324,0.06907983124256134,-0.41967710852622986,0.0,0.0,-0.543822169303894,0.0,0.0
50.415,-0.38978159427642817,-0.11483581364154816,-4.2706847190856925,0.03162885084748268,-0.4646869897842407,0.0,0.0,-0.59825599193573,0.0,0.0
50.429,-0.3846096098423004,-0.12041474878787994,-1.1245920658111572,0.032234884798526764,-0.4934808611869812,0.0,0.0,-0.59825599193573,0.0,0.0
50.442,-0.4230072200298309,-0.0988616794347763,-4.40545654296875,-0.030015885829925537,-0.6144747734069824,0.0,0.0,-0.6324098110198976,0.0,0.0
50.455,-0.4514916837215424,-0.12980318069458008,3.6129667758941646,-0.09186146408319472,-0.5665147304534912,0.0,0.0,-0.6658320426940918,0.0,0.0
50.469,-0.46838295459747314,-0.13096369802951813,-0.16007870435714722,-0.14851093292236328,-0.5547993183135985,0.0,0.0,-0.70798259973526,0.0,0.0
50.482,-0.4340096712112426,-0.11509518325328828,0.8814454078674316,-0.09618537127971648,-0.5646405816078186,0.0,0.0,-0.7639539241790771,0.0,0.0
50.496,-0.41548407077789307,-0.13013076782226562,-1.1233359575271606,-0.10270349681377412,-0.6249616742134094,0.0,0.0,-0.7392843961715697,0.0,0.0
50.509,-0.45006901025772095,-0.21316376328468323,-0.6833285093307495,-0.1642475724220276,-0.6707042455673218,0.0,0.0,-0.6693737506866455,0.0,0.0
50.522,-0.49358412623405457,-0.2735636830329895,-2.8403520584106445,-0.22098208963871,-0.6361172199249268,0.0,0.0,-0.7228110432624818,0.0,0.0
50.535,-0.5399342775344849,-0.2730691134929657,0.044439733028411865,-0.2683333158493042,-0.6261873245239258,0.0,0.0,-0.8918347358703613,0.0,0.0
50.549,-0.559700608253479,-0.212705597281456,2.706044912338257,-0.25725969672203064,-0.658568263053894,0.0,0.0,-1.0418535470962524,0.0,0.0
50.562,-0.5386732816696167,-0.12610790133476257,-3.9097621440887447,-0.23442596197128296,-0.7830555438995361,0.0,0.0,-0.9825413823127745,0.0,0.0
50.575,-0.5210620164871216,-0.11994549632072447,5.08747100830078,-0.2060561329126358,-0.7641091346740722,0.0,0.0,-0.9825413823127745,0.0,0.0
50.589,-0.556630551815033,-0.13637742400169373,-0.047291815280914314,-0.2478463351726532,-0.8431984186172485,0.0,0.0,-0.8639593124389648,0.0,0.0
50.602,-0.5767289996147156,-0.05748562514781952,8.526630401611328,-0.2641645073890686,-0.7531688809394835,0.0,0.0,-0.9469296932220461,0.0,0.0
50.616,-0.5761820077896118,-0.16384682059288025,-0.4769772291183472,-0.30934038758277893,-0.6336544156074524,0.0,0.0,-0.8639367818832396,0.0,0.0
50.629,-0.5728405714035033,-0.09142360091209412,2.856494426727295,-0.29971426725387573,-0.6316953897476196,0.0,0.0,-0.8639367818832396,0.0,0.0
50.643,-0.5923256278038025,-0.18067258596420288,15.134283065795898,-0.34581273794174194,-0.46048146486282343,0.0,0.0,-0.7600325345993042,0.0,0.0
50.656,-0.6277386546134949,-0.13413438200950625,3.253237724304199,-0.39050567150115967,-0.4467133283615112,0.0,0.0,-0.756921112537384,0.0,0.0
50.669,-0.6386787295341492,-0.06610053032636642,-0.7003247737884521,-0.4101120531558991,-0.49040740728378296,0.0,0.0,-0.756921112537384,0.0,0.0
50.682,-0.6284391283988953,0.014670118689537048,10.228047370910645,-0.36974066495895386,-0.5548979640007019,0.0,0.0,-0.7273498773574829,0.0,0.0
50.696,-0.61482834815979,0.07935506105422972,7.450955390930176,-0.31743624806404114,-0.6051668524742128,0.0,0.0,-0.6568843126296997,0.0,0.0
50.709,-0.6357951164245605,0.0964096784591675,8.686383247375488,-0.3235924541950226,-0.5706126689910889,0.0,0.0,-0.5433189272880553,0.0,0.0
50.722,-0.6477634310722351,0.10618343949317932,4.91184663772583,-0.35563358664512634,-0.4266118109226226,0.0,0.0,-0.48428669571876526,0.0,0.0
50.736,-0.6672046184539795,0.1083262488245964,2.11104154586792,-0.41305768489837646,-0.29530397057533264,0.0,0.0,-0.42342346906661993,0.0,0.0
50.749,-0.6956167817115784,0.08229053020477296,4.294060230255127,-0.4399011433124542,-0.23042836785316467,0.0,0.0,-0.36193886399269104,0.0,0.0
50.763,-0.6840330958366394,0.19460706412792209,12.803950309753418,-0.4215328097343445,-0.22751545906066892,0.0,0.0,-0.31414157152175903,0.0,0.0
50.776,-0.6662880778312683,0.215531125664711,2.6559600830078125,-0.4239938259124756,-0.1661261022090912,0.0,0.0,-0.31414157152175903,0.0,0.0
50.789,-0.6831561326980591,0.2507622241973877,7.302201747894286,-0.4568929970264434,-0.13194918632507324,0.0,0.0,-0.174958735704422,0.0,0.0
50.803,-0.6998151540756226,0.23433490097522736,18.339414596557617,-0.45701947808265686,0.04088371992111206,0.0,0.0,-0.07614681124687193,0.0,0.0
50.816,-0.6765961647033691,0.17564775049686432,-0.7333921790122986,-0.4136011302471161,0.10226738452911376,0.0,0.0,-0.07614681124687193,0.0,0.0
50.829,-0.6546946167945862,0.2366281300783157,5.274832725524902,-0.3987350165843964,0.1468617022037506,0.0,0.0,-0.016590243205428123,0.0,0.0
50.843,-0.63743793964386,0.22744593024253845,22.833328247070312,-0.3754032552242279,0.2799469232559204,0.0,0.0,0.05329500511288642,0.0,0.0
50.856,-0.6134400963783264,0.2835537791252136,-5.540459156036377,-0.3556884527206421,0.2665391266345978,0.0,0.0,0.1036924198269844,0.0,0.0
50.869,-0.6266603469848633,0.31873399019241333,6.023298263549805,-0.3720042407512665,0.21367360651493075,0.0,0.0,0.1672428399324417,0.0,0.0
50.882,-0.6406079530715942,0.30324044823646545,4.968897342681885,-0.41448065638542175,0.2115494608879089,0.0,0.0,0.23164722323417664,0.0,0.0
50.896,-0.6546311378479004,0.26143574714660645,3.199808120727539,-0.42210668325424194,0.24789263308048248,0.0,0.0,0.2571271061897278,0.0,0.0
50.909,-0.6159204840660095,0.22596636414527893,6.728884220123291,-0.38118505477905273,0.3247438073158264,0.0,0.0,0.2601284086704254,0.0,0.0
50.922,-0.5806336402893065,0.23943103849887848,2.5408475399017334,-0.37504130601882935,0.3433988094329834,0.0,0.0,0.3060421943664551,0.0,0.0
50.936,-0.6005765795707704,0.24172496795654297,0.22397339344024655,-0.4045795202255249,0.3245433568954468,0.0,0.0,0.35193735361099243,0.0,0.0
50.949,-0.6204185485839844,0.2221013456583023,2.501056909561157,-0.42483153939247126,0.3792724013328552,0.0,0.0,0.2963713109493256,0.0,0.0
50.962,-0.5879624485969543,0.21439991891384125,1.7730809450149536,-0.3886727392673493,0.4292710423469544,0.0,0.0,0.246873140335083,0.0,0.0
50.976,-0.5525835752487184,0.18858933448791504,-1.4933645725250244,-0.3737480938434601,0.3949232697486877,0.0,0.0,0.34281066060066223,0.0,0.0
50.989,-0.556050717830658,0.1504053771495819,0.042566657066345215,-0.4155282974243164,0.3739940524101257,0.0,0.0,0.435284435749054,0.0,0.0
51.002,-0.5078133344650269,0.04932482540607453,12.795042037963867,-0.35792410373687744,0.4587887823581696,0.0,0.0,0.4150963425636292,0.0,0.0
51.016,-0.46055161952972407,0.04023213684558869,4.29915189743042,-0.2995927631855011,0.4738789200782776,0.0,0.0,0.4413311183452606,0.0,0.0
51.029,-0.42722007632255554,-0.02953508496284485,-0.954669713973999,-0.2416885644197464,0.5170120596885681,0.0,0.0,0.4413311183452606,0.0,0.0
51.042,-0.4663017392158508,0.04711337387561798,-5.410158634185791,-0.28076222538948054,0.3925128877162933,0.0,0.0,0.5151700973510742,0.0,0.0
51.056,-0.5049425959587097,0.06760859489440918,-5.465957164764404,-0.31883615255355835,0.39036786556243896,0.0,0.0,0.5095449686050415,0.0,0.0
51.069,-0.5441763997077942,0.0983220636844635,3.5450844764709477,-0.3572627305984497,0.4438806474208832,0.0,0.0,0.5095449686050415,0.0,0.0
51.082,-0.49024003744125366,0.09803381562232973,3.712834358215332,-0.3127445578575134,0.504940927028656,0.0,0.0,0.4311905205249786,0.0,0.0
51.096,-0.43677645921707153,0.10510720312595367,6.896897792816161,-0.26868247985839844,0.4835382699966431,0.0,0.0,0.4732154905796051,0.0,0.0
51.109,-0.38903552293777466,0.06604775786399841,3.6942780017852783,-0.21562965214252472,0.46348324418067927,0.0,0.0,0.519257128238678,0.0,0.0
51.122,-0.428316742181778,0.08404650539159776,1.8441796302795408,-0.23539185523986816,0.5246647596359253,0.0,0.0,0.5609301328659058,0.0,0.0
51.136,-0.4636442363262177,0.10028694570064545,1.5001147985458374,-0.23373320698738095,0.6344705224037169,0.0,0.0,0.5940680503845215,0.0,0.0
51.15,-0.43683800101280207,0.06084007024765015,-2.942812442779541,-0.17110948264598846,0.6917089223861694,0.0,0.0,0.6038776636123657,0.0,0.0
51.163,-0.41081133484840393,0.031080156564712524,-12.659757614135742,-0.1860477030277252,0.49623578786849976,0.0,0.0,0.5985082983970642,0.0,0.0
51.176,-0.38546481728553766,0.05485600233078002,4.1570348739624015,-0.21005564928054807,0.500670313835144,0.0,0.0,0.5985082983970642,0.0,0.0
51.189,-0.38231500983238226,0.11514808237552644,3.5893142223358154,-0.25049009919166565,0.44293338060379034,0.0,0.0,0.518791675567627,0.0,0.0
51.203,-0.3490018844604492,0.12226395308971404,-0.5436256527900696,-0.19837242364883423,0.36778122186660767,0.0,0.0,0.4375481903553009,0.0,0.0
51.216,-0.35060206055641174,0.1283886730670929,-1.1091023683547974,-0.20511621236801147,0.32019591331481934,0.0,0.0,0.5153566002845764,0.0,0.0
51.229,-0.37790036201477045,0.10513120144605637,-4.062625885009766,-0.2347673922777176,0.31993693113327026,0.0,0.0,0.5153566002845764,0.0,0.0
51.243,-0.35453563928604126,0.2240434437990189,-10.619446754455566,-0.17765535414218905,0.3089791238307953,0.0,0.0,0.5873796939849854,0.0,0.0
51.256,-0.3259284794330597,0.30912351608276367,7.585608959197998,-0.13037410378456116,0.24596452713012693,0.0,0.0,0.484184205532074,0.0,0.0
51.269,-0.2944563031196594,0.2823072075843811,-7.770520210266113,-0.11593975126743317,0.04161011800169945,0.0,0.0,0.41513156890869135,0.0,0.0
51.283,-0.3055000901222229,0.27434659004211426,-5.258005619049072,-0.1689712107181549,-0.18256346881389615,0.0,0.0,0.3789693415164948,0.0,0.0
51.296,-0.3111675083637237,0.10476154088974,-13.060540199279783,-0.22016641497612,-0.3075882196426392,0.0,0.0,0.27021870017051697,0.0,0.0
51.309,-0.31434109807014465,-0.0028998628258705135,-3.265122175216675,-0.270938515663147,-0.3751489520072937,0.0,0.0,0.13060978055000305,0.0,0.0
51.323,-0.3186660408973694,-0.010033674538135529,-0.9465492963790892,-0.32785096764564514,-0.4501485526561737,0.0,0.0,0.09176757931709288,0.0,0.0
51.336,-0.30810585618019104,0.014211922883987428,-0.9483173489570615,-0.34864142537117004,-0.5070359706878662,0.0,0.0,0.08916324377059937,0.0,0.0
51.349,-0.264494389295578,0.03955741226673126,-4.139580249786377,-0.2983015775680542,-0.5739983320236206,0.0,0.0,0.018834032118320465,0.0,0.0
51.363,-0.2414773404598236,0.0409904383122921,-25.647850036621094,-0.26162159442901606,-0.8025773763656616,0.0,0.0,-0.07268325984477997,0.0,0.0
51.376,-0.230679988861084,0.06595265865325928,6.52243709564209,-0.2669203579425812,-0.9105868339538574,0.0,0.0,-0.07268325984477997,0.0,0.0
51.389,-0.2771244347095489,0.04821169376373291,-9.502685546875,-0.32051122188568115,-1.0415465831756592,0.0,0.0,-0.10116643458604813,0.0,0.0
51.403,-0.30514809489250183,0.06653080135583878,8.18246841430664,-0.3479382693767548,-1.1012535095214844,0.0,0.0,-0.298836886882782,0.0,0.0
51.416,-0.280963271856308,0.1315704584121704,-6.4843430519104,-0.2997371256351471,-1.2033610343933103,0.0,0.0,-0.298836886882782,0.0,0.0
51.429,-0.2979798913002014,0.1275878548622131,1.9207007884979248,-0.3632780015468597,-1.2061393260955813,0.0,0.0,-0.38117310404777527,0.0,0.0
51.443,-0.25022250413894653,0.13796432316303253,-29.79349708557129,-0.31213265657424927,-1.4727331399917605,0.0,0.0,-0.5170876383781433,0.0,0.0
51.456,-0.20373083651065824,0.11099332571029664,3.414601802825928,-0.2603405714035034,-1.4991917610168457,0.0,0.0,-0.5832127332687378,0.0,0.0
51.469,-0.219248428940773,0.13118815422058103,5.885104179382324,-0.2716746926307678,-1.4865500926971436,0.0,0.0,-0.6211612224578857,0.0,0.0
51.483,-0.22335840761661527,0.09545399248600006,-0.8105925917625427,-0.2997835576534271,-1.432397961616516,0.0,0.0,-0.6373547315597534,0.0,0.0
51.496,-0.2386000603437424,0.10738000273704527,0.2492554485797882,-0.3126551806926728,-1.4359054565429688,0.0,0.0,-0.6500674486160278,0.0,0.0
51.509,-0.24572032690048215,0.16606083512306213,-5.727273941040039,-0.3204309940338135,-1.4692633152008057,0.0,0.0,-0.6828738451004028,0.0,0.0
51.523,-0.2424045205116272,0.389504611492157,-20.761383056640625,-0.30382412672042847,-1.716137170791626,0.0,0.0,-0.7476475834846495,0.0,0.0
51.536,-0.21235474944114685,0.39753717184066767,2.461610555648804,-0.28462937474250793,-1.7487311363220217,0.0,0.0,-0.8421750068664551,0.0,0.0
51.549,-0.17938844859600067,0.4064883887767792,-15.890259742736816,-0.26354953646659846,-1.908130407333374,0.0,0.0,-0.9456737637519836,0.0,0.0
51.563,-0.22717836499214167,0.383772075176239,-11.44931697845459,-0.31844109296798706,-2.0191912651062007,0.0,0.0,-1.1119005680084229,0.0,0.0
51.576,-0.27278876304626465,0.3306594491004944,0.9355835318565368,-0.3740784823894501,-2.0277328491210938,0.0,0.0,-1.1119005680084229,0.0,0.0
51.589,-0.31087401509284973,0.32515713572502136,-0.13958439230918884,-0.4308997988700866,-2.0582940578460693,0.0,0.0,-1.1706461906433103,0.0,0.0
51.603,-0.26770809292793274,0.39124423265457153,-22.793684005737305,-0.4257799685001373,-2.174532413482666,0.0,0.0,-1.3675377368927002,0.0,0.0
51.616,-0.2692881226539612,0.4476104080677033,-2.150335788726806,-0.4196026027202606,-2.2815489768981934,0.0,0.0,-1.4311408996582031,0.0,0.0
51.629,-0.2350570559501648,0.4741300344467163,-2.1511449813842773,-0.4386567175388336,-2.307900905609131,0.0,0.0,-1.4311408996582031,0.0,0.0
51.643,-0.26630452275276184,0.46916216611862177,-9.12677001953125,-0.4686321318149567,-2.340019702911377,0.0,0.0,-1.5312119722366333,0.0,0.0
51.656,-0.3000088036060333,0.40724867582321167,6.969590187072754,-0.4939062297344208,-2.225208282470703,0.0,0.0,-1.5294742584228516,0.0,0.0
51.669,-0.2666675448417664,0.4171385169029236,1.292949914932251,-0.4551254212856293,-2.262761116027832,0.0,0.0,-1.4739242792129517,0.0,0.0
51.683,-0.3174865245819092,0.39954513311386103,-5.458053588867188,-0.5125359296798706,-2.2017159461975098,0.0,0.0,-1.4252169132232666,0.0,0.0
51.696,-0.3668297529220581,0.3592417240142822,2.6312112808227535,-0.5509230494499208,-2.0562272071838374,0.0,0.0,-1.471518635749817,0.0,0.0
51.709,-0.355023592710495,0.3698779046535492,2.4606809616088867,-0.5154151916503905,-1.9126884937286377,0.0,0.0,-1.5565919876098633,0.0,0.0
51.723,-0.33331453800201416,0.4593444466590881,-0.6499573588371277,-0.49462583661079407,-1.9287340641021729,0.0,0.0,-1.4965062141418457,0.0,0.0
51.736,-0.33265069127082825,0.4855940937995911,-5.733351230621338,-0.517747700214386,-1.9996743202209477,0.0,0.0,-1.3065520524978638,0.0,0.0
51.75,-0.3826015293598175,0.3850663900375366,-5.866335391998291,-0.5824933052062988,-1.8981246948242188,0.0,0.0,-1.2800168991088867,0.0,0.0
51.763,-0.408749520778656,0.35636746883392334,1.2030959129333496,-0.604695737361908,-1.6532950401306152,0.0,0.0,-1.6433923244476318,0.0,0.0
51.776,-0.4104326069355011,0.3609407544136048,-8.548633575439453,-0.6146671772003174,-1.6059041023254397,0.0,0.0,-1.6433923244476318,0.0,0.0
51.789,-0.3748746812343597,0.40875971317291265,-2.100902795791626,-0.5882059335708617,-1.623699188232422,0.0,0.0,-1.6027787923812866,0.0,0.0
51.803,-0.3712048530578613,0.3142832219600677,-4.420132637023926,-0.5719376802444458,-1.6080174446105957,0.0,0.0,-1.4227917194366455,0.0,0.0
51.816,-0.4252522885799408,0.23693859577178955,7.382288455963136,-0.6278128623962401,-1.5577547550201416,0.0,0.0,-1.2786163091659546,0.0,0.0
51.829,-0.47860914468765253,0.2178819924592972,-4.051203727722168,-0.6800715923309326,-1.5410139560699463,0.0,0.0,-1.2786163091659546,0.0,0.0
51.843,-0.5021303296089172,0.2878342568874359,5.6486873626708975,-0.6879755258560181,-1.312314510345459,0.0,0.0,-1.4316740036010742,0.0,0.0
51.856,-0.471360057592392,0.3695998191833496,2.053382873535156,-0.6587468385696411,-1.2082256078720093,0.0,0.0,-1.3533068895339966,0.0,0.0
51.869,-0.4555113613605499,0.2950894236564636,8.519084930419924,-0.6418963670730591,-1.0791430473327637,0.0,0.0,-0.9851027727127075,0.0,0.0
51.883,-0.47083958983421326,0.057531118392944336,16.363534927368164,-0.6680949926376343,-0.8137414455413817,0.0,0.0,-0.6630760431289673,0.0,0.0
51.896,-0.478586345911026,-0.04636974632740021,15.680872917175291,-0.689563512802124,-0.4951042830944061,0.0,0.0,-0.6071228981018065,0.0,0.0
51.909,-0.5050867795944214,-0.014773793518543243,11.3270263671875,-0.7023016214370728,-0.2309815138578415,0.0,0.0,-0.6728776097297668,0.0,0.0
51.923,-0.5310426354408264,-0.016993042081594467,7.175528049468993,-0.7114515900611876,0.03768956288695336,0.0,0.0,-0.5813619494438171,0.0,0.0
51.939,-0.573616623878479,-0.19789110124111176,10.336661338806152,-0.7634976506233214,0.34729546308517456,0.0,0.0,-0.2550199329853058,0.0,0.0
51.95,-0.611603856086731,-0.43681800365448,14.853195190429688,-0.7971997261047363,0.6707202792167664,0.0,0.0,0.06863991916179657,0.0,0.0
51.963,-0.6244100332260132,-0.470499575138092,30.36995887756348,-0.8208693861961364,0.921915054321289,0.0,0.0,0.1592371165752411,0.0,0.0
51.977,-0.6313565373420715,-0.4506430923938751,-12.331334114074709,-0.8584646582603455,1.046296238899231,0.0,0.0,0.07066716253757477,0.0,0.0
51.99,-0.59660404920578,-0.34598663449287415,3.854314088821411,-0.8325735926628112,1.1933549642562866,0.0,0.0,0.08954544365406035,0.0,0.0
52.003,-0.5861946344375609,-0.5218266844749451,-9.90611171722412,-0.8176159858703613,1.300379991531372,0.0,0.0,0.3827634751796722,0.0,0.0
52.016,-0.5774887800216675,-0.4794815182685852,3.951696157455444,-0.8045666813850403,1.2453219890594482,0.0,0.0,0.3827634751796722,0.0,0.0
52.03,-0.5718777179718018,-0.5125098824501038,-2.5277650356292725,-0.7877517342567443,1.2369847297668457,0.0,0.0,0.3212587833404541,0.0,0.0
52.043,-0.5932549834251404,-0.38373440504074097,4.148386955261231,-0.837135374546051,1.0936782360076904,0.0,0.0,0.39889341592788696,0.0,0.0
52.056,-0.6061514019966125,-0.33936548233032227,1.565860152244568,-0.8885313272476195,1.033029079437256,0.0,0.0,0.3746840953826904,0.0,0.0
52.07,-0.6265116930007936,-0.2735605537891388,0.6571031808853148,-0.928474187850952,1.020526647567749,0.0,0.0,0.4333565831184387,0.0,0.0
52.083,-0.6243234276771545,-0.22512082755565643,0.724540650844574,-0.9573773741722107,1.0587127208709717,0.0,0.0,0.5015650987625122,0.0,0.0
52.096,-0.5949299335479736,-0.21734251081943512,3.17805552482605,-0.9369665980339049,1.133020520210266,0.0,0.0,0.5213491916656494,0.0,0.0
52.11,-0.5704615712165833,-0.263654887676239,4.6495466232299805,-0.8743605613708496,1.1613175868988037,0.0,0.0,0.5666328072547913,0.0,0.0
52.123,-0.575603187084198,-0.30955442786216736,3.7778398990631104,-0.88779217004776,1.109023094177246,0.0,0.0,0.6435444355010985,0.0,0.0
52.136,-0.5830873847007751,-0.3322149515151977,3.381241798400879,-0.9253745079040528,1.1038362979888916,0.0,0.0,0.7087802886962891,0.0,0.0
52.15,-0.6175243854522705,-0.3731393218040466,5.173620223999024,-0.9653640389442445,1.1099858283996582,0.0,0.0,0.7390325069427489,0.0,0.0
52.163,-0.6350822448730469,-0.38293346762657166,3.086577653884888,-1.0026605129241943,1.0894396305084229,0.0,0.0,0.7582176327705382,0.0,0.0
52.176,-0.6063134074211121,-0.3432415723800659,-0.9355611801147461,-0.9754969477653505,1.142858386039734,0.0,0.0,0.7985787987709044,0.0,0.0
52.19,-0.5814247131347656,-0.3525613248348236,2.7133626937866206,-0.9434694647789,1.1719679832458496,0.0,0.0,0.842109203338623,0.0,0.0
52.203,-0.6181787848472595,-0.37833172082901,4.130228519439696,-0.9429558515548706,1.188887119293213,0.0,0.0,0.842109203338623,0.0,0.0
52.216,-0.6202871799468994,-0.4463548362255096,21.916868209838867,-0.9007031321525573,1.2252695560455322,0.0,0.0,0.9344846606254577,0.0,0.0
52.23,-0.6113121509552002,-0.38796997070312494,-0.5055349469184875,-0.8810388445854187,1.2488820552825928,0.0,0.0,0.969500422477722,0.0,0.0
52.243,-0.5751731991767883,-0.3866274654865265,-0.27222633361816406,-0.8544356822967529,1.276585340499878,0.0,0.0,1.0056264400482178,0.0,0.0
52.256,-0.5589373111724854,-0.30752214789390564,1.3940043449401855,-0.8162327408790588,1.3055875301361084,0.0,0.0,1.0415167808532717,0.0,0.0
52.27,-0.5238903760910033,-0.31415173411369324,7.6839632987976065,-0.7603641748428344,1.3897985219955444,0.0,0.0,1.0925815105438232,0.0,0.0
52.283,-0.4848244190216065,-0.3085383474826813,1.9642978906631472,-0.7009182572364807,1.4042202234268188,0.0,0.0,1.1605581045150757,0.0,0.0
52.296,-0.47736534476280207,-0.3519630432128906,13.85602569580078,-0.6581194996833801,1.6046934127807615,0.0,0.0,1.2132368087768557,0.0,0.0
52.31,-0.434863954782486,-0.3285861313343048,4.2013092041015625,-0.5764065384864807,1.7294415235519407,0.0,0.0,1.277774453163147,0.0,0.0
52.323,-0.3877253830432892,-0.3199717402458191,3.901858568191528,-0.4954996407032013,1.841956615447998,0.0,0.0,1.3631244897842407,0.0,0.0
52.337,-0.3418080806732178,-0.3738326132297516,12.464810371398926,-0.4107248485088349,2.117128849029541,0.0,0.0,1.4883756637573242,0.0,0.0
52.35,-0.309689462184906,-0.3888567090034485,-2.435535192489624,-0.3277567923069,2.198494672775269,0.0,0.0,1.4883756637573242,0.0,0.0
52.363,-0.3333989083766937,-0.3379991948604584,5.668106555938721,-0.35396507382392883,2.1358404159545894,0.0,0.0,1.5503749847412107,0.0,0.0
52.377,-0.36289906501770014,-0.2572312951087952,2.9266297817230225,-0.39773663878440857,2.1527132987976074,0.0,0.0,1.5973913669586182,0.0,0.0
52.39,-0.3927737474441528,-0.22319385409355164,0.6861761212348938,-0.44004145264625544,2.1668939590454106,0.0,0.0,1.5973913669586182,0.0,0.0
52.403,-0.40093857049942017,-0.24405123293399808,-1.1103451251983645,-0.45815637707710266,2.210457563400269,0.0,0.0,1.5792267322540283,0.0,0.0
52.417,-0.3411467373371124,-0.29804450273513794,7.876619338989258,-0.3731812834739685,2.340081691741944,0.0,0.0,1.6072462797164917,0.0,0.0
52.43,-0.285269558429718,-0.33467581868171686,-1.610514521598816,-0.2920747697353363,2.4148449897766118,0.0,0.0,1.585120677947998,0.0,0.0
52.443,-0.22328151762485504,-0.3713262975215912,-6.948655605316161,-0.21304242312908173,2.401360988616944,0.0,0.0,1.585120677947998,0.0,0.0
52.457,-0.23660360276699063,-0.3257792592048645,-3.451850891113281,-0.24049928784370425,2.193344593048096,0.0,0.0,1.6231344938278198,0.0,0.0
52.47,-0.27890327572822565,-0.29081690311431885,-6.249948978424072,-0.28538963198661804,2.0334548950195312,0.0,0.0,1.5475672483444214,0.0,0.0
52.483,-0.306350439786911,-0.2322649359703064,-6.405866146087647,-0.3158762753009796,1.8855376243591309,0.0,0.0,1.3797950744628906,0.0,0.0
52.497,-0.28316506743431086,-0.1888854205608368,-7.282984256744384,-0.2769659459590912,1.7759389877319336,0.0,0.0,1.2561798095703125,0.0,0.0
52.51,-0.255835235118866,-0.19004078209400177,-8.638777732849121,-0.2569165229797364,1.6298716068267822,0.0,0.0,1.2544422149658203,0.0,0.0
52.523,-0.26867452263832087,-0.22661344707012177,-5.788828372955321,-0.2766411602497101,1.5325281620025637,0.0,0.0,1.2484551668167114,0.0,0.0
52.537,-0.21982324123382568,-0.20138949155807492,-3.646127700805664,-0.20782634615898127,1.4812946319580078,0.0,0.0,1.1283873319625854,0.0,0.0
52.55,-0.17685605585575104,-0.20196272432804108,4.875120639801025,-0.14716224372386932,1.4561221599578855,0.0,0.0,0.9885947704315184,0.0,0.0
52.563,-0.13664819300174713,-0.15613992512226105,-4.743928909301758,-0.10044904798269272,1.3170838356018066,0.0,0.0,0.9645243883132935,0.0,0.0
52.577,-0.1557694673538208,-0.23258493840694427,-9.159220695495604,-0.12350209802389144,1.116299390792847,0.0,0.0,1.0388588905334473,0.0,0.0
52.59,-0.17570066452026367,-0.2797029912471771,8.375513076782225,-0.14768674969673157,1.217637300491333,0.0,0.0,1.0388588905334473,0.0,0.0
52.604,-0.18481628596782684,-0.3072149455547333,-0.9808391332626343,-0.15723659098148346,1.2294414043426514,0.0,0.0,0.999418556690216,0.0,0.0
52.617,-0.13506291806697843,-0.3615782558917999,14.368063926696776,-0.09441085904836655,1.480140209197998,0.0,0.0,1.0103603601455688,0.0,0.0
52.63,-0.0911528840661049,-0.4090595245361328,-2.797139406204224,-0.03902007266879082,1.5158658027648926,0.0,0.0,1.082988739013672,0.0,0.0
52.643,-0.06099475547671318,-0.4461960196495056,4.610288143157959,0.01175361592322588,1.5780401229858398,0.0,0.0,1.0925010442733765,0.0,0.0
52.657,-0.03468473255634308,-0.4363493919372559,8.438211441040039,0.08658700436353683,1.6951651573181152,0.0,0.0,1.0669097900390625,0.0,0.0
52.67,-0.008432078175246716,-0.4179941415786743,4.4426589012146,0.16344133019447327,1.7958934307098389,0.0,0.0,1.1164252758026123,0.0,0.0
52.684,0.020036276429891583,-0.4526201486587525,1.8894954919815063,0.24243101477622983,1.851755142211914,0.0,0.0,1.2225632667541504,0.0,0.0
52.697,0.04771784693002701,-0.5391471982002257,2.7726352214813232,0.321455866098404,1.9037591218948364,0.0,0.0,1.296065092086792,0.0,0.0
52.71,0.07524535059928894,-0.5914624929428101,3.314678192138672,0.38900658488273615,1.9366817474365237,0.0,0.0,1.3222503662109375,0.0,0.0
52.723,0.05138474702835083,-0.5695242285728456,1.762104034423828,0.33867818117141724,1.9712226390838623,0.0,0.0,1.3800044059753418,0.0,0.0
52.737,0.10829117894172668,-0.6617416739463806,-7.965507984161378,0.34847962856292725,1.8998882770538328,0.0,0.0,0.6694955825805664,0.0,0.0
52.75,0.09609924256801604,-0.4820113182067871,-39.90683364868164,0.2966279983520508,1.5499086380004885,0.0,0.0,0.6694955825805664,0.0,0.0
52.763,0.07919050008058547,-0.6162633895874025,-3.2109975814819336,0.24048222601413727,1.4245160818099976,0.0,0.0,-0.06164616346359253,0.0,0.0
52.777,0.031911157071590424,-0.102938212454319,-59.552093505859375,0.1894626617431641,0.1922294050455093,0.0,0.0,1.4019992351531982,0.0,0.0
52.791,-0.015676332637667656,-0.0988589897751808,23.062658309936523,0.13836908340454102,0.20029582083225247,0.0,0.0,1.4019992351531982,0.0,0.0
52.803,-0.01882319711148739,-0.388202965259552,1.7842003107070925,0.13232600688934326,0.14203548431396484,0.0,0.0,0.37912869453430176,0.0,0.0
52.817,-0.05855267494916916,-0.40214380621910095,2.612318515777588,0.11489585041999816,0.3637552261352539,0.0,0.0,0.2803347706794739,0.0,0.0
52.83,-0.012138749472796915,-0.5321941375732422,31.23548698425293,0.1734445095062256,0.5709389448165894,0.0,0.0,0.4477848410606384,0.0,0.0
52.844,0.04180494323372841,-0.6792935729026793,11.218671798706056,0.23701630532741547,0.6477513313293457,0.0,0.0,0.4344226121902466,0.0,0.0
52.857,0.08718162775039674,-0.779072344303131,-4.317978858947754,0.26843133568763733,0.6128581762313843,0.0,0.0,0.4327923059463501,0.0,0.0
52.87,0.08135087788105011,-0.6681951284408569,-5.121311187744141,0.21901558339595795,0.6464992761611938,0.0,0.0,0.5837780237197876,0.0,0.0
52.884,0.07429660856723785,-0.5700037479400635,-11.920503616333008,0.19884659349918363,0.6902409791946411,0.0,0.0,0.5301589965820312,0.0,0.0
52.897,0.0782015174627304,-0.4455933570861816,-8.910325050354006,0.1857614368200302,0.7458235025405885,0.0,0.0,0.39453095197677607,0.0,0.0
52.91,0.09644610434770584,-0.31132328510284424,-7.555773735046386,0.19729718565940857,0.7200224399566649,0.0,0.0,0.3270920217037201,0.0,0.0
52.924,0.1089380756020546,-0.301862895488739,5.688916206359863,0.2405283898115158,0.6868271827697754,0.0,0.0,0.24514350295066836,0.0,0.0
52.937,0.12319691479206084,-0.33649542927742004,-2.323094606399536,0.28899750113487244,0.5574100613594055,0.0,0.0,0.27100467681884766,0.0,0.0
52.95,0.137212336063385,-0.38132572174072266,1.963600516319275,0.3478124439716339,0.46282058954238886,0.0,0.0,0.19742172956466675,0.0,0.0
52.964,0.15127241611480713,-0.3628655672073364,0.3042183816432953,0.40665856003761286,0.47405958175659185,0.0,0.0,0.22763645648956296,0.0,0.0
52.977,0.16562777757644653,-0.3767223656177521,0.31723043322563166,0.46529480814933777,0.46969735622406006,0.0,0.0,0.22763645648956296,0.0,0.0
52.99,0.1580856591463089,-0.3811397552490234,2.453499317169189,0.44834211468696594,0.5385342836380005,0.0,0.0,0.1209111586213112,0.0,0.0
53.004,0.15469041466712952,-0.37763047218322754,-1.92585289478302,0.4088315367698669,0.510158360004425,0.0,0.0,0.111273393034935,0.0,0.0
53.017,0.202080562710762,-0.3828754425048828,-5.15218162536621,0.413858950138092,0.42642006278038025,0.0,0.0,0.09208248555660249,0.0,0.0
53.031,0.24079778790473935,-0.2991694211959839,-5.266775608062744,0.4607081413269043,0.32241159677505493,0.0,0.0,0.07590748369693757,0.0,0.0
53.044,0.23077084124088287,-0.2510965168476105,-6.095101833343506,0.4319735765457153,0.2633604407310486,0.0,0.0,0.05542992055416107,0.0,0.0
53.057,0.19415563344955444,-0.20706787705421448,-5.1150665283203125,0.4244793057441712,0.23074796795845032,0.0,0.0,0.027519367635250088,0.0,0.0
53.07,0.15534965693950653,-0.1686195433139801,-2.6284804344177246,0.3783893585205078,0.19282495975494385,0.0,0.0,0.007886329665780067,0.0,0.0
53.084,0.16376203298568726,-0.18383920192718503,1.3286114931106567,0.41292247176170344,0.176618292927742,0.0,0.0,-0.004988702479749918,0.0,0.0
53.097,0.16341039538383484,-0.1942633092403412,2.1621341705322266,0.4320111572742462,0.17160466313362122,0.0,0.0,-0.0053655141964554795,0.0,0.0
53.111,0.20530033111572263,-0.20393821597099304,-2.621304988861084,0.45499187707901,0.12244734168052672,0.0,0.0,-0.032709844410419464,0.0,0.0
53.124,0.2202294766902924,-0.17988824844360352,-2.398817300796509,0.4918260872364044,0.06407076865434647,0.0,0.0,-0.04621504619717599,0.0,0.0
53.137,0.2446342408657074,-0.15393692255020142,2.1542456150054927,0.5408052802085876,0.025660879909992215,0.0,0.0,-0.04621504619717599,0.0,0.0
53.151,0.2462034523487091,-0.08913552761077882,-2.5941107273101807,0.5472497344017029,-0.028149444609880447,0.0,0.0,-0.05530502647161484,0.0,0.0
53.164,0.2180990129709244,0.025671543553471565,-6.569927215576172,0.4940089583396912,-0.11797735095024107,0.0,0.0,-0.09656491130590439,0.0,0.0
53.177,0.18210896849632263,0.05485314503312111,-0.5681142210960388,0.498374342918396,-0.1423456370830536,0.0,0.0,-0.10038546472787856,0.0,0.0
53.191,0.1694706827402115,0.08468586951494217,-1.5994348526000977,0.4472033679485321,-0.17162862420082092,0.0,0.0,-0.10038546472787856,0.0,0.0
53.204,0.21047161519527435,0.15802331268787384,-12.174647331237791,0.49734365940094,-0.3155460357666016,0.0,0.0,-0.14473989605903623,0.0,0.0
53.217,0.2419699877500534,0.16019783914089203,-1.371174931526184,0.5320920348167419,-0.3423285484313965,0.0,0.0,-0.14890220761299133,0.0,0.0
53.23,0.23221607506275177,0.16113311052322388,1.6634232997894287,0.4833235144615173,-0.3374577760696411,0.0,0.0,-0.15762114524841309,0.0,0.0
53.244,0.22098964452743527,0.15694856643676758,-1.834189534187317,0.42594429850578314,-0.2992827594280243,0.0,0.0,-0.1657867580652237,0.0,0.0
53.257,0.2095327824354172,0.15103492140769958,5.672268867492676,0.3738962113857269,-0.2556300163269043,0.0,0.0,-0.18474557995796204,0.0,0.0
53.271,0.19915609061717987,0.15369123220443726,3.738333225250244,0.3734973967075348,-0.18902561068534848,0.0,0.0,-0.1877925843000412,0.0,0.0
53.284,0.19929035007953644,0.12822528183460236,2.655403614044189,0.3355853259563446,-0.1201961562037468,0.0,0.0,-0.20046496391296387,0.0,0.0
53.297,0.1989958882331848,0.09890086948871613,-1.451318621635437,0.3648279011249542,-0.08001144230365753,0.0,0.0,-0.20046496391296387,0.0,0.0
53.311,0.18781930208206177,0.021774202585220337,5.432169437408447,0.338263601064682,0.006431911140680313,0.0,0.0,-0.1984330117702484,0.0,0.0
53.324,0.18950507044792173,-0.10698844492435455,9.46541690826416,0.3426584005355835,0.11082862317562105,0.0,0.0,-0.18716600537300113,0.0,0.0
53.337,0.19839872419834137,-0.10807229578495026,-4.068385601043701,0.3475901782512665,0.1243235170841217,0.0,0.0,-0.18716600537300113,0.0,0.0
53.351,0.21053524315357208,-0.1104014366865158,2.725147008895874,0.3814100325107575,0.13965825736522677,0.0,0.0,-0.17538048326969147,0.0,0.0
53.364,0.19439738988876343,-0.1948310434818268,6.823280811309815,0.3661402761936188,0.18590006232261655,0.0,0.0,-0.17374838888645172,0.0,0.0
53.377,0.2051963061094284,-0.19890418648719788,-1.0982298851013184,0.3866103291511536,0.18855753540992737,0.0,0.0,-0.17374838888645172,0.0,0.0
53.39,0.21711392700672152,-0.1970517337322235,0.963851809501648,0.43616059422492975,0.19776636362075808,0.0,0.0,-0.16020825505256653,0.0,0.0
53.404,0.2274761199951172,-0.15562370419502258,-1.4111727476119995,0.49173760414123535,0.1321682631969452,0.0,0.0,-0.15818116068840027,0.0,0.0
53.417,0.24547220766544345,-0.1296522617340088,-1.8980036973953247,0.5355533361434937,0.10663929581642152,0.0,0.0,-0.15312467515468595,0.0,0.0
53.431,0.2551532983779907,-0.1036064475774765,-4.161164283752441,0.5257710814476013,0.10535550862550735,0.0,0.0,-0.12936732172966003,0.0,0.0
53.444,0.2301907986402512,-0.08186355233192445,-3.826270580291748,0.4821367263793945,0.08362843096256256,0.0,0.0,-0.1342095136642456,0.0,0.0
53.457,0.21219836175441745,-0.06601549685001373,-0.6405662298202515,0.4551136493682861,0.06421221792697906,0.0,0.0,-0.13066810369491577,0.0,0.0
53.471,0.18816924095153809,-0.059050139039754874,2.85505485534668,0.40266793966293335,0.07571913301944733,0.0,0.0,-0.12051040679216383,0.0,0.0
53.484,0.20417396724224088,-0.015038315206766129,6.678627014160156,0.4376702904701233,0.12912136316299438,0.0,0.0,-0.128957599401474,0.0,0.0
53.497,0.21584859490394592,-0.01282251812517643,1.251317858695984,0.45005542039871216,0.1522522270679474,0.0,0.0,-0.12097904086112976,0.0,0.0
53.511,0.2475470155477524,0.024791106581687927,0.11918842792510986,0.4592058956623077,0.13850560784339905,0.0,0.0,-0.10919678211212158,0.0,0.0
53.524,0.2743739187717438,0.0921940430998802,-6.7092719078063965,0.4977068305015564,0.055169954895973206,0.0,0.0,-0.10711084306240082,0.0,0.0
53.537,0.3126077055931092,0.17685692012310028,-5.306530475616455,0.5493394732475281,-0.01659303531050682,0.0,0.0,-0.10711084306240082,0.0,0.0
53.551,0.3237147629261017,0.2576265633106232,-1.7515771389007568,0.5749161839485168,-0.06265963613986969,0.0,0.0,-0.1012059450149536,0.0,0.0
53.564,0.30712905526161194,0.46670913696289057,-18.361499786376957,0.5565046668052673,-0.25044631958007807,0.0,0.0,-0.1201801374554634,0.0,0.0
53.577,0.28733813762664795,0.5154485702514648,1.9548412561416624,0.5663935542106628,-0.27043774724006653,0.0,0.0,-0.1329922080039978,0.0,0.0
53.59,0.24467371404170993,0.6154137849807739,-0.15281158685684204,0.5432408452033997,-0.26888763904571533,0.0,0.0,-0.1329922080039978,0.0,0.0
53.604,0.20251865684986117,0.6358394622802734,0.7202194929122925,0.5032908320426941,-0.3205855190753937,0.0,0.0,-0.06934479624032974,0.0,0.0
53.617,0.15787813067436218,0.5248366594314575,-4.337807655334473,0.44476374983787537,-0.6066542863845825,0.0,0.0,-0.04143935814499855,0.0,0.0
53.631,0.11498086154460908,0.560269832611084,-5.646856307983398,0.4016521275043488,-0.7358372807502745,0.0,0.0,-0.14966800808906555,0.0,0.0
53.644,0.08043887466192245,0.553252100944519,-0.9166113734245299,0.36006924510002136,-0.7394044995307921,0.0,0.0,-0.14966800808906555,0.0,0.0
53.657,0.1132136806845665,0.8689184784889221,-27.3035945892334,0.3698496818542481,-1.120044827461243,0.0,0.0,-0.28876593708992004,0.0,0.0
53.671,0.15957142412662506,0.9281474351882935,-15.45890998840332,0.3613862991333008,-1.374408483505249,0.0,0.0,-0.3750474154949188,0.0,0.0
53.684,0.15018638968467712,0.8783025741577148,-23.2210636138916,0.2975158393383026,-1.687045335769653,0.0,0.0,-0.5567617416381836,0.0,0.0
53.697,0.13058219850063324,0.8280609250068665,-12.931032180786133,0.22478885948657992,-1.905826568603516,0.0,0.0,-0.6959164142608643,0.0,0.0
53.711,0.10851065814495088,0.7990448474884033,-0.5914583802223206,0.16524809598922727,-1.9699959754943848,0.0,0.0,-0.7478605508804321,0.0,0.0
53.724,0.0878341570496559,0.7268730401992798,4.898902893066406,0.11406439542770386,-1.9093486070632932,0.0,0.0,-0.7821074724197388,0.0,0.0
53.737,0.0745551586151123,0.5909296274185181,29.119356155395508,0.07039465010166168,-1.6109037399291992,0.0,0.0,-0.8286064267158508,0.0,0.0
53.751,0.062139049172401435,0.4832902550697327,-8.62166976928711,0.038412123918533325,-1.5819151401519775,0.0,0.0,-0.8486449718475341,0.0,0.0
53.764,0.06312388181686401,0.31732600927352905,13.844476699829102,0.02008828893303871,-1.422003984451294,0.0,0.0,-0.8488582372665405,0.0,0.0
53.777,0.07781340181827545,0.18308198451995847,14.725300788879396,0.03463117778301239,-1.2397704124450684,0.0,0.0,-0.7713773250579834,0.0,0.0
53.791,0.09405576437711716,0.12985073029994965,-1.34936785697937,0.07183130830526352,-1.1942541599273682,0.0,0.0,-0.7713773250579834,0.0,0.0
53.804,0.09837903827428816,0.15970873832702637,0.7412284612655639,0.11804948002099992,-1.1641579866409302,0.0,0.0,-0.7212753891944885,0.0,0.0
53.818,0.1031235083937645,0.09516075998544692,10.975049018859863,0.1765182912349701,-0.9187022447586061,0.0,0.0,-0.5840063095092772,0.0,0.0
53.831,0.10788965225219728,0.04432082921266556,4.14304256439209,0.2283325493335724,-0.8169672489166259,0.0,0.0,-0.5230282545089722,0.0,0.0
53.845,0.09733110666275024,-0.02009960636496544,5.048285961151123,0.25281649827957153,-0.7227068543434142,0.0,0.0,-0.449225664138794,0.0,0.0
53.858,0.07850684225559233,-0.06898114085197449,6.2868852615356445,0.27430042624473566,-0.609485387802124,0.0,0.0,-0.3805966377258301,0.0,0.0
53.871,0.09204502403736113,-0.07885863631963731,3.873565673828125,0.31186437606811523,-0.4810909032821655,0.0,0.0,-0.3378684222698212,0.0,0.0
53.885,0.12530620396137238,-0.0471574068069458,-0.1961465924978256,0.3351176977157593,-0.37851661443710327,0.0,0.0,-0.29975190758705134,0.0,0.0
53.898,0.11716349422931673,-0.004794564098119736,0.521428108215332,0.3132125437259674,-0.2984257638454437,0.0,0.0,-0.2513477206230164,0.0,0.0
53.911,0.10610976815223694,0.016555415466427803,3.1995377540588374,0.29107141494750977,-0.20385968685150144,0.0,0.0,-0.20208576321601868,0.0,0.0
53.924,0.08682643622159958,0.03939606994390488,5.644309520721436,0.2886486053466797,0.004158079624176025,0.0,0.0,-0.1309148669242859,0.0,0.0
53.938,0.09921146929264067,0.05545327067375183,-0.35473889112472534,0.29979774355888367,0.024417255073785785,0.0,0.0,-0.10469689220190048,0.0,0.0
53.951,0.09743835031986237,0.05300121754407883,-3.858049154281616,0.29954761266708374,0.0677763819694519,0.0,0.0,-0.10469689220190048,0.0,0.0
53.965,0.06467607617378235,0.03118250891566277,-1.4560432434082031,0.29093149304389954,0.10858788341283798,0.0,0.0,-0.027933031320571896,0.0,0.0
53.978,0.03563281893730164,0.03270499408245087,1.8184096813201904,0.2719371020793915,0.14344385266304016,0.0,0.0,0.0127777187153697,0.0,0.0
53.991,0.02692279033362865,0.009613595902919768,4.209304332733153,0.2609457075595856,0.18537800014019007,0.0,0.0,0.05364734306931496,0.0,0.0
54.005,0.048640817403793335,0.08257833868265152,3.41571044921875,0.31378307938575745,0.2585858702659607,0.0,0.0,0.08233999460935593,0.0,0.0
54.018,0.08335855603218079,0.13132739067077637,3.9809629917144775,0.3633781671524048,0.3188546895980835,0.0,0.0,0.08843394368886948,0.0,0.0
54.031,0.10947598516941072,0.17308543622493744,-0.48875042796134954,0.35993275046348566,0.3492720127105713,0.0,0.0,0.0885511189699173,0.0,0.0
54.045,0.08554642647504807,0.1865883320569992,-1.587827444076538,0.3164792060852051,0.3638663291931152,0.0,0.0,0.10053826868534088,0.0,0.0
54.058,0.07209262251853944,0.2002383917570114,-0.5667256116867065,0.2684803009033203,0.38766664266586304,0.0,0.0,0.1274995505809784,0.0,0.0
54.071,0.031106900423765182,0.18673403561115265,1.0132832527160645,0.22428017854690552,0.4207978844642639,0.0,0.0,0.1604054719209671,0.0,0.0
54.085,-0.0010987737914547324,0.1585773080587387,6.1374382972717285,0.20730376243591309,0.4872778058052063,0.0,0.0,0.18037551641464236,0.0,0.0
54.098,-0.02232656255364418,0.14612725377082825,-1.442621111869812,0.17574723064899445,0.4652120471000672,0.0,0.0,0.19431684911251068,0.0,0.0
54.111,0.0002286498056491837,0.14268679916858673,2.9247012138366695,0.22870762646198275,0.4648794829845429,0.0,0.0,0.2026679813861847,0.0,0.0
54.124,0.03321947529911995,0.16496112942695618,-1.8390973806381223,0.24339401721954343,0.4632452726364136,0.0,0.0,0.17955321073532104,0.0,0.0
54.138,0.04077380895614624,0.1774090975522995,-0.3522031009197235,0.25927579402923584,0.44783598184585566,0.0,0.0,0.17955321073532104,0.0,0.0
54.151,0.03189174458384514,0.19717629253864288,-0.5105629563331604,0.24271665513515472,0.44875690340995783,0.0,0.0,0.17299222946166992,0.0,0.0
54.166,0.01282744947820902,0.250179648399353,-1.6702489852905271,0.20315006375312805,0.4378197193145752,0.0,0.0,0.16626867651939392,0.0,0.0
54.178,0.01217388641089201,0.2584356963634491,1.492290496826172,0.21039552986621857,0.4379852712154389,0.0,0.0,0.16193877160549164,0.0,0.0
54.191,0.041343484073877335,0.24036851525306704,2.703392744064331,0.24139072000980377,0.46367812156677246,0.0,0.0,0.16193877160549164,0.0,0.0
54.205,0.030114766210317608,0.1915020048618317,2.9126012325286865,0.2712869942188263,0.46538117527961725,0.0,0.0,0.2288198918104172,0.0,0.0
54.218,-0.013939081691205502,0.14196854829788208,0.7546456456184387,0.22142741084098816,0.497140496969223,0.0,0.0,0.24939888715744016,0.0,0.0
54.231,-0.026807766407728195,0.09487580507993698,2.9576344490051274,0.19277410209178925,0.5281396508216858,0.0,0.0,0.26491841673851013,0.0,0.0
54.245,-0.028509177267551426,0.04421473294496536,4.660902500152588,0.16803178191184998,0.5607700943946838,0.0,0.0,0.289325475692749,0.0,0.0
54.258,0.01649729534983635,0.009751170873641968,4.20734405517578,0.1813403218984604,0.6107717752456665,0.0,0.0,0.3223497271537781,0.0,0.0
54.271,0.005688476841896772,-0.014119446277618408,1.4592882394790647,0.18026058375835416,0.6550825238227844,0.0,0.0,0.34521374106407166,0.0,0.0
54.285,0.020830273628234863,-0.024916641414165497,1.8059313297271729,0.2189356833696365,0.6786355376243591,0.0,0.0,0.3608676791191101,0.0,0.0
54.298,-0.008213941007852554,-0.04865468293428421,2.4460225105285645,0.1865566521883011,0.7204647064208984,0.0,0.0,0.381348192691803,0.0,0.0
54.311,0.0014619341818615794,-0.05879533290863037,1.3471858501434326,0.18962247669696808,0.7340321540832518,0.0,0.0,0.37671798467636103,0.0,0.0
54.325,-0.03569123148918152,-0.09134995192289352,0.9029723405838013,0.1404723823070526,0.7290962934494017,0.0,0.0,0.3575847148895264,0.0,0.0
54.338,-0.04674612358212471,-0.16319286823272705,1.35527765750885,0.08711271733045578,0.7256998419761658,0.0,0.0,0.3608885407447815,0.0,0.0
54.351,-0.035117678344249725,-0.2191159278154373,1.0528463125228882,0.14918309450149536,0.7226260900497437,0.0,0.0,0.37577262520790095,0.0,0.0
54.365,-0.05213079228997231,-0.24687516689300537,1.902565717697144,0.10803450644016266,0.7168979644775392,0.0,0.0,0.37577262520790095,0.0,0.0
54.378,-0.038972318172454834,-0.3007304966449737,2.4705357551574707,0.1568208634853363,0.6595255732536316,0.0,0.0,0.4267573952674866,0.0,0.0
54.391,-0.05858481675386429,-0.3156982362270355,-0.023757666349411007,0.11129394918680192,0.6741182208061217,0.0,0.0,0.4837327897548676,0.0,0.0
54.405,-0.09293972700834274,-0.3602725565433502,5.0631723403930655,0.05922244116663933,0.669246256351471,0.0,0.0,0.4837327897548676,0.0,0.0
54.418,-0.08751492202281952,-0.47647079825401306,8.42617988586426,0.06720641255378723,0.6655385494232178,0.0,0.0,0.4393835663795471,0.0,0.0
54.433,-0.03543012589216232,-0.5275567770004272,-1.4133877754211426,0.12379827350378036,0.7126401662826538,0.0,0.0,0.3910385966300965,0.0,0.0
54.445,0.015308598056435583,-0.5238016843795776,-5.938714504241944,0.17646893858909607,0.7020655274391174,0.0,0.0,0.3425167202949524,0.0,0.0
54.458,0.060574758797883994,-0.5115950107574463,-5.465087890625,0.22900709509849548,0.6751992702484131,0.0,0.0,0.2891727089881897,0.0,0.0
54.471,0.07197831571102142,-0.45270317792892456,-2.0294017791748047,0.27324000000953674,0.6104846000671387,0.0,0.0,0.2786009609699249,0.0,0.0
54.485,0.0835815817117691,-0.4340384006500244,0.45518204569816584,0.27787032723426813,0.5194427967071533,0.0,0.0,0.32284644246101374,0.0,0.0
54.498,0.07968480885028838,-0.4450132250785828,4.722987651824951,0.32277166843414307,0.48416173458099365,0.0,0.0,0.3614793419837952,0.0,0.0
54.511,0.038712017238140106,-0.400014042854309,5.0726470947265625,0.3024299144744873,0.517733097076416,0.0,0.0,0.3751615583896637,0.0,0.0
54.525,0.03691757470369339,-0.3614887595176697,2.502938032150269,0.33433371782302856,0.5472732186317444,0.0,0.0,0.3807477056980133,0.0,0.0
54.538,0.08588029444217683,-0.36955511569976807,6.132503986358643,0.3841774463653565,0.599565863609314,0.0,0.0,0.38096940517425537,0.0,0.0
54.551,0.07782395184040068,-0.3596336245536804,-1.1005527973175049,0.373995304107666,0.607817769050598,0.0,0.0,0.37913861870765686,0.0,0.0
54.565,0.07078811526298523,-0.36565470695495605,1.6840025186538696,0.3281136751174927,0.6279000043869019,0.0,0.0,0.37913861870765686,0.0,0.0
54.578,0.1173650249838829,-0.3117673397064209,3.166367769241333,0.3860211670398712,0.6556535959243774,0.0,0.0,0.38663309812545776,0.0,0.0
54.591,0.160967618227005,-0.27098962664604187,-0.45271664857864385,0.4412845373153687,0.6530264616012573,0.0,0.0,0.3833087384700775,0.0,0.0
54.605,0.2064357548952103,-0.2539321482181549,-4.925300121307373,0.48499682545661926,0.6070653200149536,0.0,0.0,0.3833087384700775,0.0,0.0
54.618,0.2284682244062424,-0.23900705575942996,2.610714673995972,0.4902179539203644,0.6149265766143799,0.0,0.0,0.37576615810394287,0.0,0.0
54.631,0.18861936032772064,-0.19903135299682617,-1.925863981246948,0.463534951210022,0.5496746897697449,0.0,0.0,0.35826101899147034,0.0,0.0
54.645,0.1558835804462433,-0.1622694432735443,1.1022918224334717,0.4172674119472504,0.5615413784980774,0.0,0.0,0.34535104036331177,0.0,0.0
54.658,0.12384676188230516,-0.1352168321609497,0.5231469869613647,0.3679369390010834,0.5578091144561768,0.0,0.0,0.352294921875,0.0,0.0
54.672,0.16900163888931274,-0.16029565036296844,6.482568264007568,0.41754552721977234,0.5738697648048401,0.0,0.0,0.36381071805953974,0.0,0.0
54.685,0.16059382259845734,-0.16761566698551178,3.225219964981079,0.4036769270896912,0.612944483757019,0.0,0.0,0.37054386734962463,0.0,0.0
54.698,0.19177083671092987,-0.16993895173072815,-0.13487040996551514,0.43754422664642334,0.6518928408622742,0.0,0.0,0.3724358677864074,0.0,0.0
54.711,0.24272312223911283,-0.19932812452316284,0.2699844539165497,0.48249208927154547,0.6729671359062195,0.0,0.0,0.37003713846206665,0.0,0.0
54.725,0.27704599499702454,-0.2485535442829132,0.28129443526268005,0.4812350869178772,0.6742363572120667,0.0,0.0,0.37947556376457214,0.0,0.0
54.738,0.25990310311317444,-0.26570239663124084,1.1445655822753906,0.4876440167427063,0.680781364440918,0.0,0.0,0.3979405462741852,0.0,0.0
54.751,0.2814640402793884,-0.5467736124992371,-7.507373332977296,0.4854007959365845,0.6933232545852661,0.0,0.0,0.5171195864677429,0.0,0.0
54.765,0.3046194612979889,-0.7525181770324707,0.15791505575180054,0.4817701578140258,0.7009127736091614,0.0,0.0,0.5171195864677429,0.0,0.0
54.778,0.3237467408180237,-0.9120371341705321,-8.684595108032225,0.4912500381469727,0.747547149658203,0.0,0.0,0.5656879544258118,0.0,0.0
54.791,0.33995065093040466,-0.7401791214942931,-0.9479552507400512,0.5578964352607727,0.7850760817527771,0.0,0.0,0.3234062194824219,0.0,0.0
54.805,0.3499993085861206,-0.6218050718307495,-0.2866968512535095,0.6151489019393921,0.7364715337753296,0.0,0.0,0.33996403217315674,0.0,0.0
54.818,0.34391310811042786,-0.5616095662117004,-4.979574680328369,0.6538076996803284,0.6754164695739746,0.0,0.0,0.33996403217315674,0.0,0.0
54.831,0.3447183668613434,-0.3615568280220032,-11.382150650024414,0.666390597820282,0.4384077787399292,0.0,0.0,0.27502304315567017,0.0,0.0
54.845,0.3420702815055847,-0.2870944738388061,-10.535452842712402,0.6749337911605835,0.3248341679573059,0.0,0.0,0.22506053745746613,0.0,0.0
54.858,0.3211543560028076,-0.2528511881828308,-8.869610786437987,0.6469254493713379,0.21122999489307404,0.0,0.0,0.17175650596618652,0.0,0.0
54.871,0.29959407448768616,-0.21517938375473025,-1.911011338233948,0.6013140678405762,0.14073757827281952,0.0,0.0,0.13028168678283691,0.0,0.0
54.885,0.28973942995071406,-0.1538342833518982,3.5708718299865723,0.600455105304718,0.12233291566371918,0.0,0.0,0.13389545679092407,0.0,0.0
54.899,0.2893816828727722,-0.12443054467439651,4.6478118896484375,0.6113410592079163,0.13191473484039307,0.0,0.0,0.1457168161869049,0.0,0.0
54.912,0.2966656982898712,-0.14534631371498108,4.981119632720947,0.575264573097229,0.1782214343547821,0.0,0.0,0.13963542878627777,0.0,0.0
54.925,0.3081875741481781,-0.18510347604751587,0.9920619130134583,0.5520515441894531,0.1963260918855667,0.0,0.0,0.13963542878627777,0.0,0.0
54.938,0.33267891407012934,-0.25648689270019526,2.331258773803711,0.5787948369979857,0.23853017389774325,0.0,0.0,0.1485700011253357,0.0,0.0
54.952,0.3452177345752716,-0.3324761092662812,5.231274127960205,0.5861319303512573,0.3530007600784302,0.0,0.0,0.1485700011253357,0.0,0.0
54.965,0.3671627342700958,-0.306233286857605,0.727913498878479,0.5910383462905884,0.39560937881469727,0.0,0.0,0.1485700011253357,0.0,0.0
54.978,0.3703125715255737,-0.3181836605072021,2.2763259410858154,0.6228208541870117,0.44771280884742737,0.0,0.0,0.1485700011253357,0.0,0.0
54.992,0.384583055973053,-0.34175145626068115,0.5728728771209717,0.6487401723861694,0.48856687545776367,0.0,0.0,0.16818645596504211,0.0,0.0
55.005,0.39366090297698975,-0.36767119169235224,0.2285175025463104,0.6492689251899719,0.5105435848236084,0.0,0.0,0.1777905523777008,0.0,0.0
55.018,0.3664227724075317,-0.4011715054512024,1.6083228588104248,0.607998251914978,0.5141160488128662,0.0,0.0,0.18529212474823,0.0,0.0
55.032,0.3967980742454529,-0.4176139235496521,-1.1767688989639282,0.662933349609375,0.5423188209533691,0.0,0.0,0.2042682319879532,0.0,0.0
55.045,0.41115105152130127,-0.4085268378257752,3.1827337741851807,0.6957992911338806,0.5773508548736572,0.0,0.0,0.22013765573501587,0.0,0.0
55.058,0.389404445886612,-0.3844712376594544,2.520992517471313,0.6531780362129211,0.6103795766830444,0.0,0.0,0.2268482893705368,0.0,0.0
55.072,0.3751568794250488,-0.37504008412361145,1.022207736968994,0.6135951280593872,0.6472344398498535,0.0,0.0,0.23746408522129056,0.0,0.0
55.085,0.4019166827201843,-0.3917730152606964,2.4799892902374268,0.676177978515625,0.6780076622962952,0.0,0.0,0.25350046157836914,0.0,0.0
55.099,0.42130294442176813,-0.4194721281528473,2.1241071224212646,0.7381050586700438,0.6961519718170166,0.0,0.0,0.2653005123138428,0.0,0.0
55.112,0.4079425036907196,-0.4333726763725281,-0.4351012408733368,0.6890472769737244,0.6574885845184326,0.0,0.0,0.2693554162979126,0.0,0.0
55.125,0.4262917339801788,-0.4376676678657532,-0.6584018468856812,0.7350708842277528,0.6444708108901978,0.0,0.0,0.2693554162979126,0.0,0.0
55.138,0.4682585597038269,-0.4279071986675263,-2.299649953842163,0.7913422584533691,0.6233399510383606,0.0,0.0,0.2881261110305786,0.0,0.0
55.152,0.5136321187019348,-0.4172598123550415,-2.2214949131011963,0.7956684827804564,0.5765024423599243,0.0,0.0,0.2775190472602844,0.0,0.0
55.165,0.48665043711662287,-0.3851979374885559,-1.1821075677871704,0.8091728687286378,0.5607749223709105,0.0,0.0,0.3074764609336853,0.0,0.0
55.178,0.4775921404361725,-0.3815173804759979,2.15494704246521,0.7907175421714783,0.5102526545524597,0.0,0.0,0.3074764609336853,0.0,0.0
55.192,0.48586931824684143,-0.3281906843185425,-4.664092063903809,0.8449867367744445,0.267234206199646,0.0,0.0,0.3071484863758087,0.0,0.0
55.205,0.5184558033943176,-0.29849445819854736,-2.878478527069092,0.901869297027588,0.2168353348970413,0.0,0.0,0.31447821855545044,0.0,0.0
55.218,0.5357686877250672,-0.30177584290504456,1.2114084959030151,0.8955021500587462,0.21180632710456848,0.0,0.0,0.31447821855545044,0.0,0.0
55.232,0.523310124874115,-0.260768860578537,-6.366649627685546,0.8504320979118347,0.27829676866531367,0.0,0.0,0.3171350955963135,0.0,0.0
55.245,0.5221859812736511,-0.24582162499427795,0.31995847821235657,0.8445864915847777,0.3121876120567322,0.0,0.0,0.3036765158176422,0.0,0.0
55.258,0.52262282371521,-0.24683657288551328,-0.4312165081501007,0.8122258186340333,0.3338627815246582,0.0,0.0,0.2929590046405792,0.0,0.0
55.272,0.5396590828895569,-0.2577226459980011,-0.4951201379299164,0.86711186170578,0.3307684659957886,0.0,0.0,0.2867925465106964,0.0,0.0
55.285,0.5233428478240967,-0.2548063695430756,-0.7750410437583923,0.8296226859092712,0.33093512058258057,0.0,0.0,0.273918092250824,0.0,0.0
55.298,0.5578519701957704,-0.24791473150253296,-1.8151088953018188,0.8827454447746277,0.3210475742816925,0.0,0.0,0.25298458337783813,0.0,0.0
55.312,0.5469544529914856,-0.23645341396331787,-2.593083620071411,0.8423118591308595,0.3020036816596985,0.0,0.0,0.23656022548675537,0.0,0.0
55.325,0.5721781849861145,-0.2252752184867859,-1.5055015087127686,0.8738634586334227,0.28525638580322266,0.0,0.0,0.2198370844125748,0.0,0.0
55.339,0.5581523776054382,-0.20974907279014587,-0.8687317371368408,0.8311553001403807,0.2881277799606323,0.0,0.0,0.2042074203491211,0.0,0.0
55.352,0.5198287963867188,-0.18660734593868256,0.5304275155067444,0.7832581400871278,0.308652937412262,0.0,0.0,0.1775103211402893,0.0,0.0
55.366,0.560824453830719,-0.1902647018432617,0.0257246196269989,0.837925374507904,0.3098195493221283,0.0,0.0,0.15878254175186157,0.0,0.0
55.379,0.5231091976165771,-0.1869022399187088,0.032925792038440704,0.7846949696540833,0.3198018968105316,0.0,0.0,0.15878254175186157,0.0,0.0
55.392,0.5652864575386048,-0.21016424894332889,-2.315315723419189,0.8402267694473265,0.3276546001434326,0.0,0.0,0.14143715798854828,0.0,0.0
55.406,0.5754769444465637,-0.23928895592689517,0.17255264520645142,0.8807969093322755,0.335906058549881,0.0,0.0,0.14111897349357605,0.0,0.0
55.419,0.5948977470397949,-0.2544265389442444,0.6751656532287598,0.9322744011878968,0.264370858669281,0.0,0.0,0.15628808736801147,0.0,0.0
55.432,0.6121108531951904,-0.2695477604866028,-0.2728857100009918,0.9858563542366029,0.10237860679626463,0.0,0.0,0.1716250777244568,0.0,0.0
55.446,0.5872547030448914,-0.2554611563682556,-1.6401221752166748,0.9596607089042664,-0.032309852540493005,0.0,0.0,0.17556487023830414,0.0,0.0
55.459,0.5893710255622864,-0.2195080816745758,-1.7373762130737305,0.962108075618744,0.01864829659461975,0.0,0.0,0.17429713904857635,0.0,0.0
55.473,0.5709614753723145,-0.1955838650465012,-2.1287329196929927,0.9450699687004088,-0.003664124757051468,0.0,0.0,0.16575215756893158,0.0,0.0
55.486,0.558722734451294,-0.14151956140995026,0.9538365006446838,0.929378628730774,0.24408702552318573,0.0,0.0,0.15348145365715027,0.0,0.0
55.499,0.5746707320213318,-0.11470417678356172,-0.8346357941627502,0.9305873513221741,0.20726545155048368,0.0,0.0,0.14787423610687256,0.0,0.0
55.512,0.570161521434784,-0.08106119930744171,-2.9677145481109615,0.9038825035095216,0.13176149129867554,0.0,0.0,0.12977460026741028,0.0,0.0
55.526,0.5646710395812988,-0.07491275668144226,-0.27212685346603394,0.8550811409950256,0.1055835634469986,0.0,0.0,0.12977460026741028,0.0,0.0
55.539,0.5615147352218628,-0.0765131860971451,-1.8451493978500368,0.8609769344329834,0.09609724581241608,0.0,0.0,0.10507364571094512,0.0,0.0
55.553,0.5888475179672241,-0.030201993882656097,0.903090000152588,0.8811081647872925,0.07677040994167328,0.0,0.0,0.09152375161647795,0.0,0.0
55.566,0.5620585083961487,-0.011285901069641112,0.869227647781372,0.8566615581512451,0.09016450494527818,0.0,0.0,0.07864841818809509,0.0,0.0
55.579,0.5799751877784729,0.0007869303226470947,-0.49539002776145935,0.8572413921356201,0.09947273880243299,0.0,0.0,0.07864841818809509,0.0,0.0
55.592,0.6081678867340088,-0.009692717343568802,-2.3874995708465576,0.9074711799621582,0.09701749682426451,0.0,0.0,0.0519648902118206,0.0,0.0
55.606,0.5847761631011963,-0.01675497367978096,-1.055928349494934,0.8608502149581909,0.11883260309696198,0.0,0.0,0.04728377237915993,0.0,0.0
55.619,0.5627385377883911,-0.005415109917521477,2.3533644676208496,0.8562981486320494,0.13306738436222076,0.0,0.0,0.049387574195861816,0.0,0.0
55.632,0.5764677524566649,-0.03272204101085663,0.5947454571723938,0.8569464683532714,0.16986168920993805,0.0,0.0,0.04645709693431854,0.0,0.0
55.646,0.5901855826377869,-0.043170616030693054,0.07502473890781401,0.9093908071517944,0.1820058822631836,0.0,0.0,0.03682956099510193,0.0,0.0
55.659,0.5840966701507568,-0.03362080454826355,-0.922536551952362,0.9159327745437622,0.17158132791519165,0.0,0.0,0.03345639631152153,0.0,0.0
55.672,0.6106696128845215,-0.016787953674793243,-1.4994933605194092,0.9602434635162352,0.1441197246313095,0.0,0.0,0.03413383662700653,0.0,0.0
55.686,0.5833693742752075,0.0013046283274888992,-0.9497140049934387,0.9627549052238464,0.12581104040145874,0.0,0.0,0.03465115278959274,0.0,0.0
55.7,0.6094006299972534,0.018813449889421463,-0.04130685701966286,0.9632017612457277,0.10328853130340576,0.0,0.0,0.03383312374353409,0.0,0.0
55.713,0.583922266960144,0.030627809464931488,0.8419243097305299,0.9327237010002136,0.08544773608446121,0.0,0.0,0.016315706074237823,0.0,0.0
55.726,0.6093481183052063,0.033773548901081085,-0.005303230136632919,0.974340081214905,0.08611758053302766,0.0,0.0,0.016315706074237823,0.0,0.0
55.74,0.5803242921829224,0.031400322914123535,-0.2630920112133026,0.9467623829841613,0.07670695334672928,0.0,0.0,0.012276923283934591,0.0,0.0
55.753,0.5796142220497131,0.03824082762002945,0.07462771236896515,0.942619264125824,0.04734913259744644,0.0,0.0,0.0071371495723724365,0.0,0.0
55.768,0.5979067087173462,0.04804740473628044,0.5509236454963684,0.9760969877243042,0.028261791914701465,0.0,0.0,-0.0014701427426189184,0.0,0.0
55.781,0.6101759672164917,0.05176419392228127,-0.014885421842336656,0.9723727107048034,0.029488153755664825,0.0,0.0,-0.0014701427426189184,0.0,0.0
55.794,0.6198582649230957,0.04781143367290497,0.08319178223609923,1.0044270753860474,-0.06756395101547241,0.0,0.0,-0.014508821070194244,0.0,0.0
55.808,0.6095173358917236,0.043721660971641534,0.08057942241430281,0.9598543643951416,-0.12733781337738037,0.0,0.0,-0.01947689801454544,0.0,0.0
55.821,0.6200048327445984,0.04481947422027588,-0.8419321179389954,0.9285464882850648,-0.17015400528907776,0.0,0.0,-0.026059364899992943,0.0,0.0
55.834,0.6091908812522888,0.0579184927046299,-1.7789373397827148,0.9520629644393922,-0.18958288431167605,0.0,0.0,-0.03467383235692978,0.0,0.0
55.847,0.6328338384628296,0.08404502272605896,-2.447967767715454,0.9333018064498899,-0.2091224044561386,0.0,0.0,-0.04378145933151245,0.0,0.0
55.861,0.6027799248695374,0.09266363084316252,-1.9239572286605835,0.9420289397239683,-0.22962601482868197,0.0,0.0,-0.051901184022426605,0.0,0.0
55.874,0.6000760197639465,0.08299154043197632,0.8853811621665953,0.8932537436485289,-0.24426423013210297,0.0,0.0,-0.06514045596122742,0.0,0.0
55.888,0.5665038228034973,0.08070555329322816,-0.3951745927333832,0.895907461643219,-0.2310511022806168,0.0,0.0,-0.07737824320793152,0.0,0.0
55.901,0.5960786938667297,0.08433381468057632,1.9456048011779783,0.888573408126831,-0.20940023660659793,0.0,0.0,-0.07916396111249924,0.0,0.0
55.914,0.6051467657089233,0.08083295077085495,-3.280836343765259,0.892435610294342,-0.20591798424720764,0.0,0.0,-0.09791839867830275,0.0,0.0
55.928,0.6182149052619934,0.06955748796463013,-1.6530792713165283,0.9171327352523805,-0.23063752055168152,0.0,0.0,-0.10110411047935486,0.0,0.0
55.941,0.6015415191650392,0.07574026286602019,-1.722487211227417,0.9312415719032288,-0.23084092140197757,0.0,0.0,-0.10110411047935486,0.0,0.0
55.954,0.5901675224304199,0.09294147789478302,-4.291511535644531,0.8841122984886169,-0.29747623205184937,0.0,0.0,-0.10658116638660432,0.0,0.0
55.968,0.566659688949585,0.10122543573379517,0.8958801627159119,0.8789318203926086,-0.27887076139450073,0.0,0.0,-0.11227831989526749,0.0,0.0
55.981,0.5534793138504028,0.12205999344587326,1.3300291299819946,0.8394520282745361,-0.2734037637710572,0.0,0.0,-0.1175721362233162,0.0,0.0
55.994,0.5653952360153198,0.11513687670230864,-1.3676997423171997,0.8750575184822081,-0.23807260394096372,0.0,0.0,-0.1227538138628006,0.0,0.0
56.008,0.5701845288276672,0.11533813178539276,-2.446833372116089,0.8907516598701477,-0.27169013023376465,0.0,0.0,-0.13226500153541565,0.0,0.0
56.021,0.6062624454498291,0.13034451007843018,-1.3909260034561155,0.9277420043945312,-0.3578188419342041,0.0,0.0,-0.14089028537273407,0.0,0.0
56.034,0.6024749279022217,0.16951847076416016,-3.293412923812866,0.9267926812171936,-0.45775866508483887,0.0,0.0,-0.14131595194339752,0.0,0.0
56.048,0.5972941517829895,0.19417262077331543,-0.3364328145980835,0.8966758251190186,-0.4969044327735901,0.0,0.0,-0.14759352803230286,0.0,0.0
56.061,0.5892869234085083,0.2049846202135086,1.8197821378707888,0.8398616909980774,-0.43290713429450983,0.0,0.0,-0.16131897270679474,0.0,0.0
56.074,0.5778982043266296,0.1900368332862854,4.891693592071533,0.7852469682693481,-0.2924789786338806,0.0,0.0,-0.1700676828622818,0.0,0.0
56.088,0.5591916441917419,0.14643603563308716,5.610198974609375,0.778328537940979,-0.1596428155899048,0.0,0.0,-0.17226992547512054,0.0,0.0
56.102,0.5582506060600281,0.101359061896801,2.97208309173584,0.7763835191726685,-0.08115407079458237,0.0,0.0,-0.17012730240821838,0.0,0.0
56.114,0.5648656487464905,0.09222275018692017,-1.9304947853088377,0.8284398317337037,-0.04893361777067184,0.0,0.0,-0.14199987053871155,0.0,0.0
56.128,0.571155846118927,0.09248898178339005,0.06800182163715363,0.8586193323135376,-0.05145590379834175,0.0,0.0,-0.14199987053871155,0.0,0.0
56.141,0.5748994946479796,0.10672815144062042,-3.1579689979553223,0.8756567239761353,-0.08067196607589722,0.0,0.0,-0.11988221108913422,0.0,0.0
56.154,0.5608808994293213,0.1091184988617897,-1.861830711364746,0.9002634286880493,-0.13641440868377686,0.0,0.0,-0.07330635190010071,0.0,0.0
56.168,0.5177675485610962,0.09353581070899965,0.2474670261144638,0.8547230958938599,-0.13796967267990112,0.0,0.0,-0.05841929838061333,0.0,0.0
56.181,0.5125175714492798,0.09796599298715591,2.3927078247070312,0.841838002204895,-0.14403733611106873,0.0,0.0,-0.05841929838061333,0.0,0.0
56.195,0.5080243945121765,0.07955724000930786,4.637691497802734,0.7903915047645568,-0.07172367721796036,0.0,0.0,-0.05374204367399216,0.0,0.0
56.208,0.5015296339988708,0.05792827904224396,2.505244731903076,0.7479551434516906,0.015050604939460754,0.0,0.0,-0.047567490488290794,0.0,0.0
56.221,0.5373437404632568,0.03343713656067848,1.734550952911377,0.795022428035736,0.07960903644561766,0.0,0.0,-0.03795809298753738,0.0,0.0
56.234,0.5417290925979614,0.005894642788916825,-0.41572722792625433,0.7978481650352478,0.11224911361932756,0.0,0.0,-0.03432123363018036,0.0,0.0
56.248,0.5500438213348389,-0.009438475593924522,-1.1816855669021606,0.8481225371360778,0.11516064405441284,0.0,0.0,-0.032796017825603485,0.0,0.0
56.261,0.5561638474464417,-0.0019074706360697744,-1.393113374710083,0.8979105353355407,0.10010333359241486,0.0,0.0,-0.020961159840226173,0.0,0.0
56.274,0.550618052482605,0.02075285837054253,-1.1332478523254397,0.8461824059486389,0.07905417680740355,0.0,0.0,0.011881496757268906,0.0,0.0
56.288,0.5310268402099609,0.034930892288684845,-0.38603034615516657,0.8491947650909424,0.07923796772956848,0.0,0.0,0.011881496757268906,0.0,0.0
56.301,0.5212766528129578,0.019399289041757584,1.6963034868240356,0.8097603917121886,0.09766359627246857,0.0,0.0,0.008668692782521248,0.0,0.0
56.314,0.524962842464447,-0.020482320338487625,4.753705978393555,0.8019118309020995,0.16952279210090637,0.0,0.0,0.019846510142087936,0.0,0.0
56.328,0.5484645962715149,-0.016409093514084816,-2.1400604248046875,0.8490554690361024,0.18611817061901093,0.0,0.0,0.02554190158843994,0.0,0.0
56.341,0.5518539547920227,-0.022443152964115143,1.0849151611328125,0.8896667957305907,0.166513130068779,0.0,0.0,0.026697492226958275,0.0,0.0
56.354,0.5360020399093628,-0.01888042502105236,-1.5815712213516235,0.9151298999786376,0.1680632084608078,0.0,0.0,0.026697492226958275,0.0,0.0
56.368,0.5424395799636841,0.008340949192643166,-3.901799201965332,0.88043874502182,0.057433828711509705,0.0,0.0,0.01965753361582756,0.0,0.0
56.381,0.5787152647972107,0.017546363174915314,0.14413414895534515,0.8746786713600159,0.012923527508974075,0.0,0.0,0.01817508973181248,0.0,0.0
56.395,0.5412613749504089,0.01589232124388218,-1.0855996608734133,0.8777046203613281,-0.01726112887263298,0.0,0.0,0.00934450887143612,0.0,0.0
56.409,0.557565450668335,0.029417308047413823,0.2706400454044342,0.8787794709205627,-0.030576111748814583,0.0,0.0,-0.005725779104977846,0.0,0.0
56.421,0.5346765518188477,0.04803960025310517,-1.788798451423645,0.8830140233039856,-0.043416906148195274,0.0,0.0,-0.015699800103902817,0.0,0.0
56.435,0.5448786616325377,0.0712006539106369,-0.10403981059789658,0.8750219345092772,-0.06633564829826355,0.0,0.0,-0.02563435584306717,0.0,0.0
56.448,0.5245184898376465,0.0931858271360397,-1.630316138267517,0.859746515750885,-0.10134679079055786,0.0,0.0,-0.041191887110471725,0.0,0.0
56.461,0.5582260489463806,0.09611426293849944,-0.029505137354135517,0.8899807333946227,-0.1314205527305603,0.0,0.0,-0.05881796404719353,0.0,0.0
56.474,0.5328632593154907,0.09106293320655824,-1.3566848039627075,0.8534907698631287,-0.1404223591089249,0.0,0.0,-0.07441825419664384,0.0,0.0
56.488,0.5071336627006531,0.08148115873336792,-0.10832212865352632,0.8510162234306334,-0.1417544186115265,0.0,0.0,-0.10664983838796616,0.0,0.0
56.501,0.5286471843719481,0.08403485268354416,0.08289897441864012,0.8517204523086549,-0.1419939398765564,0.0,0.0,-0.10664983838796616,0.0,0.0
56.514,0.5058847069740297,0.08970257639884947,0.22390381991863248,0.8197799921035767,-0.14097848534584043,0.0,0.0,-0.1095585897564888,0.0,0.0
56.528,0.5215125679969788,0.10008735209703444,-2.33100700378418,0.8481799960136412,-0.1375146210193634,0.0,0.0,-0.119876928627491,0.0,0.0
56.541,0.5379284024238585,0.09496012330055235,0.5977475643157959,0.8592236638069152,-0.1496347188949585,0.0,0.0,-0.12400934100151062,0.0,0.0
56.555,0.5159319043159485,0.0934547558426857,-0.34398770332336426,0.8464661836624146,-0.15093930065631866,0.0,0.0,-0.12400934100151062,0.0,0.0
56.568,0.5098711848258972,0.09109796583652496,0.2183390706777573,0.8451470136642456,-0.1859864890575409,0.0,0.0,-0.12984412908554077,0.0,0.0
56.581,0.4890744984149933,0.09103458374738692,1.0238885879516602,0.7973706722259521,-0.18274521827697757,0.0,0.0,-0.1347745656967163,0.0,0.0
56.594,0.5014153718948364,0.09225748479366302,1.2335786819458008,0.7877158522605896,-0.16414523124694824,0.0,0.0,-0.13724714517593384,0.0,0.0
56.608,0.502461850643158,0.08614382147789001,0.8622139692306519,0.8168154358863831,-0.16062729060649872,0.0,0.0,-0.13216853141784668,0.0,0.0
56.621,0.49638763070106506,0.07285231351852417,1.221139907836914,0.7924688458442688,-0.16265666484832764,0.0,0.0,-0.12398723512887956,0.0,0.0
56.634,0.512666404247284,0.0556182786822319,1.2739760875701904,0.8300651907920836,-0.16370990872383118,0.0,0.0,-0.11793015152215958,0.0,0.0
56.648,0.5026828050613403,0.042837467044591904,-0.8985660076141356,0.7967660427093507,-0.16834589838981628,0.0,0.0,-0.10193168371915816,0.0,0.0
56.661,0.49438610672950745,0.050829414278268814,0.15483833849430084,0.765400469303131,-0.17584717273712158,0.0,0.0,-0.10193168371915816,0.0,0.0
56.675,0.5003403425216675,0.05557572841644287,0.5354859828948976,0.7824629545211792,-0.17564207315444946,0.0,0.0,-0.09396693110466003,0.0,0.0
56.688,0.5113851428031921,0.05302748456597328,4.510472774505615,0.7681208848953246,-0.11648451536893845,0.0,0.0,-0.08450033515691757,0.0,0.0
56.701,0.5021862387657166,0.05279749259352684,-1.5747625827789309,0.7824856638908385,-0.11495304107666016,0.0,0.0,-0.08204109966754913,0.0,0.0
56.715,0.508800745010376,0.04341510683298111,0.14495892822742462,0.7699953317642213,-0.07579626142978668,0.0,0.0,-0.08204109966754913,0.0,0.0
56.728,0.4796089828014374,0.03324083611369133,0.32950642704963684,0.7714391350746154,-0.0426715686917305,0.0,0.0,-0.06489107012748718,0.0,0.0
56.741,0.501579761505127,0.029174119234085083,0.47629463672637934,0.7684906721115112,-0.026422239840030674,0.0,0.0,-0.05590424686670303,0.0,0.0
56.755,0.48460292816162104,0.02949432842433453,0.17452357709407806,0.7717180848121643,-0.02190760895609856,0.0,0.0,-0.05590424686670303,0.0,0.0
56.768,0.501106321811676,0.02506698854267597,0.524891197681427,0.7644585371017456,0.03032019734382629,0.0,0.0,-0.046872638165950775,0.0,0.0
56.781,0.49973428249359125,0.02496553026139736,1.6860809326171875,0.7919729948043822,0.05243462324142456,0.0,0.0,-0.03593723103404045,0.0,0.0
56.795,0.5150718688964844,0.020879367366433144,1.0638195276260376,0.8376637697219848,0.055385500192642205,0.0,0.0,-0.023312915116548535,0.0,0.0
56.808,0.49773436784744257,0.013530923053622246,-1.1157947778701782,0.7948313355445863,0.05145294964313507,0.0,0.0,-0.023312915116548535,0.0,0.0
56.821,0.4985117018222809,0.012964066118001938,0.012625101953744888,0.8249974846839904,0.04625043272972106,0.0,0.0,-0.008079927414655685,0.0,0.0
56.835,0.5044213533401489,0.015668528154492378,-0.4848912656307221,0.8063037395477296,0.04012790322303772,0.0,0.0,0.0008857008069753648,0.0,0.0
56.848,0.4972857534885407,0.021945975720882416,0.6648898720741272,0.7991059422492981,0.03573870658874512,0.0,0.0,0.0029055026825517416,0.0,0.0
56.861,0.4909853041172028,0.020295899361371997,0.0240434892475605,0.7804028987884521,0.03392655774950981,0.0,0.0,0.001992871519178152,0.0,0.0
56.875,0.5070792436599731,0.016953492537140846,0.6052314639091492,0.8014976382255553,0.0326976403594017,0.0,0.0,0.006452321540564299,0.0,0.0
56.888,0.5236607193946838,0.015743698924779892,-0.14287589490413666,0.8267433643341064,0.026380980387330052,0.0,0.0,0.00176563230343163,0.0,0.0
56.901,0.5103781223297119,0.015449851751327516,-0.6134478449821472,0.8160653710365294,0.02253101952373981,0.0,0.0,0.00176563230343163,0.0,0.0
56.915,0.5201061367988585,0.0218454971909523,-0.7243840098381041,0.8244691491127014,0.011671262793242931,0.0,0.0,-0.0003118471940979361,0.0,0.0
56.928,0.4957756698131561,0.025824628770351406,-2.0650367736816406,0.7907102108001709,0.003085901029407978,0.0,0.0,-0.0040975790470838555,0.0,0.0
56.942,0.5194916725158691,0.03188781812787056,1.3866627216339111,0.823794186115265,0.008166155777871609,0.0,0.0,-0.006071940064430237,0.0,0.0
56.955,0.4927285313606262,0.03510289639234543,0.11462042480707169,0.79059898853302,0.012351347133517264,0.0,0.0,-0.005839242599904537,0.0,0.0
56.968,0.4875536262989044,0.029135687276721,0.8407962918281555,0.7806196212768554,0.012870020233094692,0.0,0.0,-0.006627869326621294,0.0,0.0
56.982,0.50703364610672,0.02285026758909225,-0.4516571760177612,0.815434157848358,0.013069935142993929,0.0,0.0,-0.009531061165034771,0.0,0.0
56.995,0.5160991549491881,0.022114902734756473,0.6444845199584961,0.8030406236648558,0.008562091737985611,0.0,0.0,-0.012061781249940395,0.0,0.0
57.008,0.5034751296043396,0.024832313880324364,0.2213009893894196,0.7910277843475341,0.008700747974216938,0.0,0.0,-0.011454861611127852,0.0,0.0
57.022,0.5285492539405823,0.029012694954872128,-0.121096670627594,0.8229844570159912,0.014307498000562193,0.0,0.0,-0.007735224440693854,0.0,0.0
57.035,0.5030673742294312,0.0329701267182827,-0.29017519950866694,0.7833892107009887,0.015200968831777573,0.0,0.0,-0.002931504277512431,0.0,0.0
57.048,0.5222662687301636,0.035942576825618744,0.06870485097169876,0.811728596687317,0.02130618132650852,0.0,0.0,-0.00043010106310248375,0.0,0.0
57.061,0.5024037957191467,0.03775239735841751,-0.4867785573005676,0.8087751269340515,0.0257418155670166,0.0,0.0,0.001501294318586588,0.0,0.0
57.075,0.518524169921875,0.0359656885266304,-0.0355261005461216,0.8093796372413635,0.023190006613731384,0.0,0.0,0.003377852961421013,0.0,0.0
57.088,0.49423021078109747,0.029664650559425357,0.34577831625938416,0.7872824668884277,0.024708135053515438,0.0,0.0,0.004843797534704208,0.0,0.0
57.102,0.4810619950294495,0.027642134577035904,0.9891050457954407,0.765863537788391,0.03716932609677314,0.0,0.0,0.0075281430035829535,0.0,0.0
57.115,0.4963058233261109,0.029652319848537445,0.558026909828186,0.7710001468658446,0.05397471413016319,0.0,0.0,0.010034015402197838,0.0,0.0
57.128,0.5202615857124329,0.02860443666577339,0.29341423511505127,0.8092693686485289,0.06675933301448822,0.0,0.0,0.012091604992747309,0.0,0.0
57.141,0.5036287903785706,0.02177148498594761,0.18827430903911593,0.8145694136619568,0.06842680275440216,0.0,0.0,0.01938779652118683,0.0,0.0
57.155,0.5176395177841187,0.018818907439708713,-0.2786010503768921,0.8084125518798829,0.061698425561189645,0.0,0.0,0.02452455647289753,0.0,0.0
57.168,0.5001821517944336,0.020387466996908188,0.5996191501617432,0.8142117261886596,0.06130083650350571,0.0,0.0,0.02452455647289753,0.0,0.0
57.181,0.5101931691169739,0.021993039175868034,-0.7546429634094238,0.8044307231903075,0.053216829895973206,0.0,0.0,0.03553234413266182,0.0,0.0
57.195,0.5066844820976257,0.021315576508641243,0.1070503145456314,0.8204097151756287,0.052514687180519104,0.0,0.0,0.03720521554350853,0.0,0.0
57.208,0.5084584355354309,0.01990615203976631,-0.3541930913925171,0.8010653853416443,0.05013066530227661,0.0,0.0,0.0342886969447136,0.0,0.0
57.221,0.4861263930797577,0.016650479286909103,0.8812900185585022,0.8058856129646301,0.06297565996646881,0.0,0.0,0.03375856950879097,0.0,0.0
57.235,0.5091848969459534,0.014670109376311302,0.5877367258071899,0.8049857020378112,0.06939399987459183,0.0,0.0,0.03636288270354271,0.0,0.0
57.248,0.5064266920089722,0.013688826933503153,-0.39474570751190186,0.8308214545249939,0.06820926070213318,0.0,0.0,0.03630402311682701,0.0,0.0
57.262,0.5113036632537842,0.01701059564948082,-0.777622640132904,0.8012306094169616,0.06777368485927582,0.0,0.0,0.033463042229413986,0.0,0.0
57.275,0.5098683834075928,0.020372295752167705,-0.15049441158771515,0.8270314931869507,0.06479716300964355,0.0,0.0,0.029674161225557327,0.0,0.0
57.288,0.5029900074005127,0.020093489438295364,0.0680004209280014,0.7987244725227357,0.06559380888938904,0.0,0.0,0.03266962990164757,0.0,0.0
57.302,0.5175020098686217,0.01832655631005764,-0.04223892465233802,0.8464860916137694,0.059408754110336304,0.0,0.0,0.035423226654529565,0.0,0.0
57.315,0.4975014328956604,0.02015497162938118,-0.42984870076179504,0.7985811829566956,0.04995676875114441,0.0,0.0,0.02765553258359432,0.0,0.0
57.328,0.5128128528594971,0.02276470512151718,-0.5092511773109436,0.8424102663993835,0.05976867675781249,0.0,0.0,0.025637442246079445,0.0,0.0
57.342,0.5005685687065125,0.03320225328207016,-0.03706435486674309,0.8072812557220459,0.04622180014848709,0.0,0.0,0.015464880503714085,0.0,0.0
57.356,0.4882805943489074,0.03311942145228386,-1.0522093772888184,0.8122746944427489,0.039151288568973534,0.0,0.0,0.015464880503714085,0.0,0.0
57.369,0.5092953443527222,0.028389079496264458,-0.5065926909446716,0.8169171214103698,0.03368173539638519,0.0,0.0,0.008150696754455566,0.0,0.0
57.383,0.5329315662384033,0.026162751019001007,1.153206706047058,0.8244337439537048,0.032620593905448914,0.0,0.0,-0.004350100643932819,0.0,0.0
57.396,0.5059473514556885,0.03005973808467388,-0.5199518799781799,0.799965262413025,0.04474817961454392,0.0,0.0,-0.003148461692035198,0.0,0.0
57.409,0.5134571194648743,0.0336587056517601,-0.05577119067311287,0.8453409671783446,0.05258721858263016,0.0,0.0,0.010548731312155724,0.0,0.0
57.422,0.5074792504310608,0.027905892580747604,0.6093163490295409,0.8011090159416199,0.0391077697277069,0.0,0.0,0.013977889902889729,0.0,0.0
57.436,0.5260229110717772,0.021735854446887967,-0.22449585795402527,0.8260299563407899,0.04658280313014984,0.0,0.0,-0.0025128796696662903,0.0,0.0
57.449,0.4998942017555237,0.01984458416700363,-0.3817122876644135,0.8267429471015929,0.05233905464410782,0.0,0.0,0.0036032693460583687,0.0,0.0
57.462,0.5187025666236876,0.02488110400736332,0.9852527379989624,0.8270177841186523,0.03779307752847672,0.0,0.0,0.007771293632686137,0.0,0.0
57.476,0.49825319647789,0.026963206008076668,-0.24192023277282715,0.8256049752235411,0.04274206608533859,0.0,0.0,0.007771293632686137,0.0,0.0
57.489,0.5186455249786377,0.025191374123096463,-0.12100080400705338,0.8417863845825195,0.04819871112704277,0.0,0.0,0.0014580046990886333,0.0,0.0
57.502,0.5007773041725159,0.022777140140533447,-0.9279000163078307,0.8128196001052856,0.02317057177424431,0.0,0.0,0.000206276192329824,0.0,0.0
57.516,0.5278981924057007,0.01850999146699905,1.247681736946106,0.8438260555267334,0.025654049590229988,0.0,0.0,-0.004926926456391811,0.0,0.0
57.529,0.512972354888916,0.01434793882071972,-0.24783676862716675,0.8199538588523864,0.018115656450390816,0.0,0.0,-0.006628307513892651,0.0,0.0
57.542,0.5039498209953308,0.015014845877885818,0.2248147577047348,0.7843297719955443,0.01711018569767475,0.0,0.0,-0.004268026910722256,0.0,0.0
57.556,0.5264318585395813,0.01733218878507614,0.7130876183509827,0.8273634314537048,0.021240092813968655,0.0,0.0,-0.0011649063089862466,0.0,0.0
57.569,0.5026522278785706,0.009926877915859222,0.8688762784004211,0.8299553394317627,0.03618249669671059,0.0,0.0,0.004302582237869501,0.0,0.0
57.582,0.5090982913970947,0.00411028927192092,0.7165844440460205,0.8195271492004393,0.0391794890165329,0.0,0.0,0.009337803348898888,0.0,0.0
57.596,0.5000863075256348,-0.0013198971282690763,-0.3992878794670105,0.8330211639404298,0.04298637807369232,0.0,0.0,0.01506368163973093,0.0,0.0
57.609,0.526081919670105,-0.003820401849225164,0.1791816204786301,0.8301984071731566,0.038763202726840966,0.0,0.0,0.019502436742186543,0.0,0.0
57.622,0.5032714605331421,-0.002765526995062828,0.4261114895343781,0.8348777294158934,0.035361189395189285,0.0,0.0,0.021140277385711673,0.0,0.0
57.636,0.5252084732055664,-0.004964642226696014,-0.507969856262207,0.8296310305595398,0.03864790126681328,0.0,0.0,0.026357192546129227,0.0,0.0
57.649,0.5031724572181702,-0.005993709899485111,-0.3880692422389984,0.8328043818473816,0.040219224989414215,0.0,0.0,0.032214872539043427,0.0,0.0
57.662,0.5180318951606752,-0.007729106582701206,0.24915555119514465,0.8239066004753114,0.03969862312078476,0.0,0.0,0.032214872539043427,0.0,0.0
57.676,0.5008219480514526,-0.005038283299654721,0.07656504958868025,0.8362189531326294,0.03846602886915207,0.0,0.0,0.03161599859595299,0.0,0.0
57.689,0.5112161636352539,0.001345418393611908,0.3925699293613434,0.8024075627326965,0.04157771915197373,0.0,0.0,0.030830591917037964,0.0,0.0
57.702,0.511953592300415,0.005197890568524599,0.5365960001945496,0.8441722393035888,0.053899437189102166,0.0,0.0,0.022158827632665638,0.0,0.0
57.719,0.5457654595375061,0.007763666566461325,-0.2149667590856552,0.8411737680435181,0.05902770534157753,0.0,0.0,0.015953363850712776,0.0,0.0
57.732,0.5287193655967712,0.008458180353045462,-1.060843825340271,0.85891056060791,0.05158256739377976,0.0,0.0,0.01348665915429592,0.0,0.0
57.746,0.5285495519638062,0.0067605036310851565,-1.3542976379394531,0.8319858908653259,0.042516909539699554,0.0,0.0,0.014064965769648552,0.0,0.0
57.759,0.5192357897758484,0.007500017061829566,-0.3231259882450104,0.8666279911994934,0.031115150079131126,0.0,0.0,0.017736252397298813,0.0,0.0
57.772,0.5191695690155029,0.014076955616474152,-0.4301876127719879,0.828049898147583,0.022918941453099247,0.0,0.0,0.017935369163751602,0.0,0.0
57.786,0.49295541644096375,0.02247848361730576,-0.6944192051887512,0.8317342400550841,0.020600121468305588,0.0,0.0,0.01288975402712822,0.0,0.0
57.799,0.5291693210601808,0.03046811744570732,0.619554340839386,0.8328803181648254,0.010057589039206505,0.0,0.0,0.0026707840152084827,0.0,0.0
57.812,0.5096352696418761,0.027589483186602592,-0.9393717646598818,0.8407830595970154,0.003162059932947159,0.0,0.0,0.0026707840152084827,0.0,0.0
57.826,0.5312613844871521,0.02844948880374432,0.6595420241355896,0.834673523902893,-0.004885808564722538,0.0,0.0,-0.002990337321534753,0.0,0.0
57.839,0.5039658546447754,0.03719901293516159,-1.9436372518539429,0.8268789052963258,-0.01047544740140438,0.0,0.0,-0.012990732677280905,0.0,0.0
57.852,0.5297316908836365,0.041588522493839264,1.257302165031433,0.8376057744026184,-0.00370987132191658,0.0,0.0,-0.01733112893998623,0.0,0.0
57.866,0.507454514503479,0.04405465349555016,-0.9215630888938906,0.82606440782547,-0.004074590280652046,0.0,0.0,-0.021480271592736244,0.0,0.0
57.879,0.5334399342536926,0.044533811509609215,-0.3102129399776459,0.8386784195899963,-0.0036744223907589912,0.0,0.0,-0.021480271592736244,0.0,0.0
57.892,0.5052401423454285,0.04290110617876053,-1.058651089668274,0.8236289620399475,-0.009849949739873408,0.0,0.0,-0.025650231167674065,0.0,0.0
57.906,0.5291417241096497,0.04422970861196518,0.3653224408626557,0.8394478559494017,-0.011927559971809387,0.0,0.0,-0.026602586731314656,0.0,0.0
57.919,0.49598562717437744,0.04700680077075958,0.8961644768714906,0.8184508085250854,-0.01337110996246338,0.0,0.0,-0.026175539940595627,0.0,0.0
57.933,0.5213647484779358,0.048357319086790085,0.7082841396331787,0.8306353092193604,-0.010364009067416193,0.0,0.0,-0.02591400034725666,0.0,0.0
57.946,0.5070066452026367,0.04660586640238762,0.05841425061225891,0.8302773833274841,-0.006617623381316662,0.0,0.0,-0.02485409937798977,0.0,0.0
57.959,0.5316084623336792,0.0395209938287735,-0.6382350325584412,0.8434671759605407,-0.010084513574838638,0.0,0.0,-0.020459149032831192,0.0,0.0
57.972,0.5106044411659241,0.03438064455986023,0.04619455337524414,0.8286734223365783,-0.009817535057663918,0.0,0.0,-0.020459149032831192,0.0,0.0
57.986,0.5218911170959473,0.03211023658514023,-0.02189573086798191,0.8330847024917601,-0.010280132293701172,0.0,0.0,-0.019339878112077716,0.0,0.0
57.999,0.5018529295921326,0.03487086668610573,0.6263992190361023,0.8198468089103698,-0.005852228030562401,0.0,0.0,-0.018076080828905106,0.0,0.0
58.012,0.5215309262275696,0.039581939578056335,0.6116882562637329,0.8309329152107239,-0.0017562219873070717,0.0,0.0,-0.018182784318923954,0.0,0.0
58.026,0.5054208040237427,0.03887515515089035,-0.3525339961051941,0.8186377882957457,-0.002159710973501205,0.0,0.0,-0.018182784318923954,0.0,0.0
58.039,0.5367383360862732,0.030046086758375168,0.933343470096588,0.8397989273071289,1.816079020500183e-05,0.0,0.0,-0.01999911665916443,0.0,0.0
58.052,0.5093780755996704,0.02813762798905373,-0.5132542848587036,0.8190950155258178,0.0003127343952655792,0.0,0.0,-0.01959528774023056,0.0,0.0
58.066,0.5249478816986084,0.027165424078702927,-0.06396062672138214,0.8352223634719848,-0.002037568017840385,0.0,0.0,-0.020218364894390103,0.0,0.0
58.079,0.49647530913352966,0.026538297533988956,-0.6039409637451172,0.8129360079765319,0.00031977519392967224,0.0,0.0,-0.019729644060134888,0.0,0.0
58.092,0.5251826047897339,0.030413080006837845,0.5836900472640991,0.8431830406188964,0.005710714962333441,0.0,0.0,-0.01702367141842842,0.0,0.0
58.106,0.5023545622825624,0.03135642409324646,0.12542401254177094,0.8165597319602966,0.009189145639538765,0.0,0.0,-0.01543024554848671,0.0,0.0
58.119,0.5330194234848024,0.031796574592590325,0.3402234613895416,0.8337899446487427,0.006045961752533913,0.0,0.0,-0.01685977913439274,0.0,0.0
58.132,0.5153436660766602,0.02701156958937645,-0.46857133507728577,0.827837347984314,0.002660139463841915,0.0,0.0,-0.016398664563894272,0.0,0.0
58.146,0.5273844003677368,0.024196047335863117,0.10970346629619598,0.8249600529670715,0.0014698803424835205,0.0,0.0,-0.013579404912889004,0.0,0.0
58.159,0.5063328146934509,0.025618931278586388,0.4160163998603821,0.8167512416839598,0.011150149628520012,0.0,0.0,-0.012784425169229507,0.0,0.0
58.172,0.5213814973831177,0.02542492002248764,-0.5291351675987244,0.8297924995422363,0.013002566061913969,0.0,0.0,-0.011523700319230556,0.0,0.0
58.186,0.511538565158844,0.026979727670550343,0.5682981014251709,0.8247893452644349,0.013826066628098488,0.0,0.0,-0.008958440274000166,0.0,0.0
58.199,0.5218484997749329,0.024121036753058437,0.40497887134552,0.8255895972251891,0.01200374960899353,0.0,0.0,-0.013705743476748466,0.0,0.0
58.212,0.5140532851219177,0.01940915361046791,0.006167893297970295,0.824163019657135,0.009811924770474434,0.0,0.0,-0.013705743476748466,0.0,0.0
58.226,0.5276896953582764,0.016568999737501144,-0.26971545815467834,0.8351048827171325,0.006634492427110672,0.0,0.0,-0.013584885746240616,0.0,0.0
58.239,0.5034908652305603,0.025479651987552643,-1.190887689590454,0.8225550651550293,0.014068075455725191,0.0,0.0,-0.010262874886393549,0.0,0.0
58.252,0.5228342413902283,0.026227518916130062,0.5105757713317871,0.8381819725036621,0.015226805582642555,0.0,0.0,-0.00923809129744768,0.0,0.0
58.266,0.5038505792617798,0.029900483787059784,-0.3399834334850312,0.8215068578720093,0.016660628840327263,0.0,0.0,-0.00923809129744768,0.0,0.0
58.279,0.5267317295074463,0.035271123051643365,0.24370393157005313,0.830409288406372,0.006772700697183609,0.0,0.0,-0.01054801233112812,0.0,0.0
58.292,0.5217018127441406,0.032919030636549,0.1577913463115692,0.8140679001808167,0.0031773317605257034,0.0,0.0,-0.010563308373093603,0.0,0.0
58.306,0.5303517580032349,0.033140942454338074,0.14830729365348816,0.8297245502471923,0.004488105885684489,0.0,0.0,-0.010588264092803,0.0,0.0
58.319,0.5109935998916626,0.02440112829208374,0.3762216567993164,0.8137715458869934,0.013679509982466698,0.0,0.0,-0.009494275785982609,0.0,0.0
58.332,0.5203507542610168,0.023488203063607216,0.2020171731710434,0.8278489708900452,0.02344515174627304,0.0,0.0,-0.007627735845744612,0.0,0.0
58.346,0.5074328184127808,0.023200221359729767,0.08336061239242554,0.8161848783493042,0.02904383093118668,0.0,0.0,-0.005801310762763024,0.0,0.0
58.359,0.5311671495437622,0.02123041078448296,0.03298851475119591,0.8456228971481323,0.030311424285173416,0.0,0.0,-0.002724744845181704,0.0,0.0
58.372,0.5065376162528992,0.0201107170432806,0.21444420516490936,0.8163775205612183,0.02451772056519985,0.0,0.0,-0.002724744845181704,0.0,0.0
58.386,0.5277672410011292,0.01652795635163784,-0.7134749889373779,0.8494871258735656,0.011590531095862389,0.0,0.0,0.006075003184378147,0.0,0.0
58.399,0.5025754570961,0.010478046722710133,0.3434239625930786,0.8157637119293214,0.008081368170678614,0.0,0.0,0.012752503156661987,0.0,0.0
58.412,0.5268741250038147,0.014038198627531528,0.7452587485313414,0.8453823924064637,0.009901405312120914,0.0,0.0,0.009016280993819235,0.0,0.0
58.426,0.510199248790741,0.01373076904565096,0.36339530348777765,0.8121345043182373,0.012535175308585169,0.0,0.0,0.009016280993819235,0.0,0.0
58.439,0.513894259929657,0.008337663486599922,0.8772725462913513,0.8360905051231384,0.0186532698571682,0.0,0.0,0.004873143509030342,0.0,0.0
58.452,0.5207196474075316,0.0007708290359005331,-0.6130776405334473,0.8205260634422302,0.010060012340545654,0.0,0.0,0.00804616417735815,0.0,0.0
58.466,0.5351045727729796,-0.0045809238217771045,-0.6612884402275084,0.8580533266067506,0.005257174372673035,0.0,0.0,0.00804616417735815,0.0,0.0
58.479,0.528113603591919,0.0019192961044609549,0.0363910086452961,0.8219199776649475,0.0037759747356176376,0.0,0.0,0.005608893930912018,0.0,0.0
58.492,0.503522515296936,0.01309462171047926,0.0355595238506794,0.8234493136405946,0.004980252124369144,0.0,0.0,0.0034106983803212643,0.0,0.0
58.506,0.5223551392555237,0.013360999524593352,0.1644669771194458,0.8235401511192323,0.006773417815566063,0.0,0.0,0.008294896222651005,0.0,0.0
58.519,0.5092123746871948,0.01337809395045042,-0.03801381587982178,0.8275561928749084,0.007062401622533798,0.0,0.0,0.008294896222651005,0.0,0.0
58.532,0.523629367351532,0.014172818511724472,-1.4953912496566772,0.8231059312820433,0.004768039099872112,0.0,0.0,0.0003380861598998308,0.0,0.0
58.546,0.5478697419166565,0.01577802374958992,0.06449587643146515,0.8653196692466736,-0.0010603424161672592,0.0,0.0,-0.00019248359603807327,0.0,0.0
58.559,0.5237745642662048,0.017415890470147133,0.3453470766544342,0.8175479769706726,-0.004596986807882786,0.0,0.0,-0.003985652700066567,0.0,0.0
58.573,0.508381724357605,0.0179404616355896,0.20629186928272247,0.8167411088943481,-0.0031752828508615494,0.0,0.0,-0.003985652700066567,0.0,0.0
58.586,0.5266560316085817,0.021090799942612648,-0.038058273494243615,0.815883696079254,-0.000387570820748806,0.0,0.0,-0.006534805987030268,0.0,0.0
58.599,0.5040556192398071,0.022167794406414032,-0.19265080988407132,0.8178004026412965,0.005581153556704521,0.0,0.0,-0.006242063362151384,0.0,0.0
58.613,0.5233304500579834,0.02083286270499229,-0.28720319271087646,0.817409873008728,0.00879051722586155,0.0,0.0,-0.006248840596526861,0.0,0.0
58.626,0.5308268666267395,0.020521922037005424,-0.5832098722457886,0.8512003421783446,0.008141796104609966,0.0,0.0,-0.0066274176351726055,0.0,0.0
58.639,0.5224311351776123,0.032959245145320885,0.11804593354463576,0.8187727332115173,0.006259043700993061,0.0,0.0,-0.005616095382720232,0.0,0.0
58.652,0.5028043389320374,0.033253517001867294,0.5478700995445251,0.8165783286094666,0.007834121584892273,0.0,0.0,-0.005760271102190018,0.0,0.0
58.666,0.5233662724494934,0.03337351232767105,0.11767996102571487,0.8198071718215942,0.009295444935560226,0.0,0.0,-0.006099510006606579,0.0,0.0
58.679,0.503893256187439,0.02724248357117176,0.2523949146270752,0.8221175670623779,0.011744827032089232,0.0,0.0,-0.006099510006606579,0.0,0.0
58.692,0.5202155709266664,0.026576273143291477,0.2180659621953964,0.8203050494194032,0.01374162081629038,0.0,0.0,-0.003379236441105604,0.0,0.0
58.706,0.5337112545967102,0.026830419898033146,-0.191482275724411,0.8540536165237427,0.01357997301965952,0.0,0.0,-0.0016780148725956678,0.0,0.0
58.719,0.5198518633842468,0.021893367171287537,-0.13190290331840515,0.824418842792511,0.010577583685517313,0.0,0.0,-0.00015785402501933277,0.0,0.0
58.732,0.5006124377250672,0.022538136690855023,-0.09512055665254594,0.8180726170539856,0.010652351193130016,0.0,0.0,0.002075033495202661,0.0,0.0
58.746,0.5203865766525269,0.024367135018110275,0.301729291677475,0.8246806263923645,0.013486288487911224,0.0,0.0,0.005105235613882542,0.0,0.0
58.759,0.510004460811615,0.024860711768269535,0.5654944181442261,0.8236593604087828,0.017704643309116364,0.0,0.0,0.00655070086941123,0.0,0.0
58.773,0.5224230289459229,0.025667106732726097,0.3906656503677368,0.825615108013153,0.021648388355970383,0.0,0.0,0.006233447231352328,0.0,0.0
58.786,0.5255076289176941,0.02584182284772396,0.14246022701263428,0.8435827493667601,0.02125149965286255,0.0,0.0,0.006521392613649368,0.0,0.0
58.8,0.5217972993850708,0.026601502671837807,0.0801982581615448,0.8259116411209105,0.01922657713294029,0.0,0.0,0.008688637986779213,0.0,0.0
58.812,0.5173686146736145,0.02862772345542908,-0.11498203873634338,0.8318658471107483,0.021181577816605568,0.0,0.0,0.01163503248244524,0.0,0.0
58.826,0.5237560272216797,0.02929277718067169,-0.43162378668785095,0.8270228505134583,0.02278529293835163,0.0,0.0,0.01302963960915804,0.0,0.0
58.839,0.5114872455596924,0.0311778262257576,-0.09832335263490677,0.8330401778221129,0.0236543882638216,0.0,0.0,0.011899009346961977,0.0,0.0
58.852,0.5222485065460205,0.03099692054092884,0.024821050465106964,0.8234051465988158,0.019829766824841496,0.0,0.0,0.010529646649956703,0.0,0.0
58.867,0.5159489512443544,0.029319420456886288,-0.047134581953287125,0.8174911141395568,0.02112824283540249,0.0,0.0,0.010529646649956703,0.0,0.0
58.88,0.537467360496521,0.024927429854869843,-1.7695456743240356,0.8214934468269347,0.02754027768969536,0.0,0.0,0.0002981260186061263,0.0,0.0
58.893,0.5299375653266907,0.028574831783771515,0.6503746509552002,0.8267475366592406,0.03094435855746269,0.0,0.0,-0.0034484846983104944,0.0,0.0
58.906,0.5386480689048767,0.03611638024449349,-0.06687138229608536,0.8196398019790649,0.03486719727516174,0.0,0.0,-0.007057675626128912,0.0,0.0
58.92,0.5379626154899597,0.04708489775657654,-0.7240078449249268,0.8346440196037292,0.03854365646839142,0.0,0.0,-0.010004429146647452,0.0,0.0
58.933,0.5440387725830078,0.05651714652776718,-0.5461333394050598,0.8273056745529175,0.03686802089214325,0.0,0.0,-0.011068965308368206,0.0,0.0
58.946,0.5260670185089111,0.05823412910103798,-0.15581607818603516,0.8315561413764954,0.033507030457258224,0.0,0.0,-0.011512297205626965,0.0,0.0
58.96,0.5212247967720032,0.054214783012866974,0.5640358328819275,0.8158220052719117,0.03843319788575173,0.0,0.0,-0.010909045115113258,0.0,0.0
58.973,0.5136189460754395,0.05003990978002548,0.3208678364753723,0.8281406760215758,0.04135163128376007,0.0,0.0,-0.007867991924285889,0.0,0.0
58.986,0.5109058618545532,0.04405221715569496,1.0784032344818115,0.817739725112915,0.0495203323662281,0.0,0.0,-0.0038789331447333097,0.0,0.0
59.0,0.5221677422523499,0.034395720809698105,0.023864604532718655,0.854146659374237,0.05406367778778076,0.0,0.0,0.006597460247576237,0.0,0.0
59.013,0.5062986612319945,0.029059458523988724,0.6841637492179872,0.829624354839325,0.054953016340732574,0.0,0.0,0.006597460247576237,0.0,0.0
59.026,0.5178813338279724,0.02529076300561428,0.2370657175779343,0.8591351509094238,0.044427089393138885,0.0,0.0,0.014820854179561138,0.0,0.0
59.04,0.5059704184532166,0.01549779437482357,1.4568549394607544,0.8183872103691101,0.024161696434021,0.0,0.0,0.028487298637628555,0.0,0.0
59.053,0.5273199677467345,0.012144431471824646,0.14888069033622742,0.8549526929855346,0.022114228457212448,0.0,0.0,0.0298191849142313,0.0,0.0
59.067,0.5083309412002563,0.01262698508799076,-0.2980959415435791,0.8195943832397461,0.02209508791565895,0.0,0.0,0.0298191849142313,0.0,0.0
59.08,0.5331482291221619,0.007373555097728967,1.231112360954285,0.8565461039543152,0.01979172974824905,0.0,0.0,0.030505061149597168,0.0,0.0
59.093,0.5218080878257751,-0.0024555865675210957,-0.5258995890617371,0.81533282995224,0.01402891892939806,0.0,0.0,0.0333009697496891,0.0,0.0
59.106,0.5388379693031311,-0.006477911025285721,-0.561453640460968,0.8600600361824036,0.015671109780669212,0.0,0.0,0.029444176703691483,0.0,0.0
59.12,0.5242134928703308,-0.005209755152463913,0.13078758120536804,0.8241079449653625,0.014858298003673552,0.0,0.0,0.02053327858448029,0.0,0.0
59.133,0.5376405119895935,-0.0006972919218242168,-1.137825846672058,0.8457523584365844,0.007247898727655411,0.0,0.0,0.011895734816789629,0.0,0.0
59.146,0.5142714381217957,0.0050538466311991215,-0.8014174699783325,0.8215465545654298,0.004892554134130478,0.0,0.0,0.00974141526967287,0.0,0.0
59.16,0.5436753630638123,0.010130908340215685,0.17696557939052582,0.8580028414726257,-0.0015299785882234571,0.0,0.0,0.005323733203113079,0.0,0.0
59.173,0.519254744052887,0.013989057391881944,-0.5738794803619385,0.8147764801979066,-0.01592843607068062,0.0,0.0,-0.004312756005674601,0.0,0.0
59.186,0.5409623384475708,0.01295185275375843,-0.4252193868160248,0.8482412099838256,-0.009656718000769615,0.0,0.0,-0.008618148975074291,0.0,0.0
59.2,0.516843318939209,0.013021314516663551,0.1680012047290802,0.8145624995231628,-0.009753532707691193,0.0,0.0,-0.008618148975074291,0.0,0.0
59.213,0.542151927947998,0.01295054703950882,0.06339631229639053,0.8477993011474609,-0.009656071662902832,0.0,0.0,-0.008618148975074291,0.0,0.0
59.227,0.5162758827209473,0.013021495193243028,-0.06550687551498413,0.8144490718841552,-0.009755137376487257,0.0,0.0,-0.008618148975074291,0.0,0.0
59.24,0.5420575737953186,0.012951444834470747,0.0676615834236145,0.8471055030822755,-0.009655296802520752,0.0,0.0,-0.008618148975074291,0.0,0.0
59.253,0.5160656571388245,0.013021232560276983,-0.06947249174118042,0.814645767211914,-0.00975656509399414,0.0,0.0,-0.008618148975074291,0.0,0.0
59.267,0.5412172079086304,0.012953564524650574,0.07126887887716293,0.8456568717956542,-0.009655751287937164,0.0,0.0,-0.008618148975074291,0.0,0.0
59.28,0.5163819193840027,0.013020427897572516,-0.07259883731603622,0.8154269456863403,-0.009756883606314659,0.0,0.0,-0.008618148975074291,0.0,0.0
59.293,0.5394051671028137,0.012956885620951653,0.07313566654920578,0.8431867361068724,-0.009658824652433395,0.0,0.0,-0.008618148975074291,0.0,0.0
59.307,0.517191469669342,0.013019230216741562,-0.07337825000286102,0.8167223930358887,-0.009755631908774378,0.0,0.0,-0.008618148975074291,0.0,0.0
59.32,0.5371710062026978,0.012960359454154968,0.0725429281592369,0.8403255343437194,-0.009663792327046394,0.0,0.0,-0.008618148975074291,0.0,0.0
59.333,0.5180715322494507,0.013018077239394188,-0.07194934785366057,0.8180583119392395,-0.009753627702593805,0.0,0.0,-0.008618148975074291,0.0,0.0
59.347,0.5353093147277832,0.012962961569428444,0.07065098732709885,0.8379291892051696,-0.009668610990047457,0.0,0.0,-0.008618148975074291,0.0,0.0
59.36,0.5187304019927979,0.013017214834690094,-0.06989899277687073,0.819130778312683,-0.009751767851412296,0.0,0.0,-0.008618148975074291,0.0,0.0
59.373,0.5340524315834044,0.01296457089483738,0.06880613416433334,0.8362277746200562,-0.009672326967120169,0.0,0.0,-0.008618148975074291,0.0,0.0
59.387,0.5191449522972107,0.013016631826758385,-0.06823281198740005,0.8199267983436584,-0.009750304743647575,0.0,0.0,-0.008618148975074291,0.0,0.0
59.4,0.5332716107368469,0.0129654873162508,0.06748011708259583,0.8350663781166077,-0.009675015695393085,0.0,0.0,-0.008618148975074291,0.0,0.0
59.413,0.519382655620575,0.013016249984502792,-0.0671188235282898,0.8205246925354005,-0.009749181568622589,0.0,0.0,-0.008618148975074291,0.0,0.0
59.427,0.5327959060668945,0.01296597346663475,0.06663445383310318,0.8342525959014893,-0.009676989167928696,0.0,0.0,-0.008618148975074291,0.0,0.0
59.44,0.5195084810256958,0.013015978038311005,-0.06643007695674896,0.8209957480430603,-0.009748284704983234,0.0,0.0,-0.008618148975074291,0.0,0.0
59.453,0.5325028896331787,0.01296621561050415,0.06612274050712585,0.8336506485939027,-0.009678510017693043,0.0,0.0,-0.008618148975074291,0.0,0.0
59.467,0.5195673704147339,0.013015784323215485,-0.06601754575967789,0.8213878870010376,-0.009747530333697798,0.0,0.0,-0.008618148975074291,0.0,0.0
59.48,0.5323168039321899,0.012966319918632507,0.06582000851631165,0.8331770300865173,-0.00967974681407213,0.0,0.0,-0.008618148975074291,0.0,0.0
59.493,0.5195866823196411,0.013015637174248695,-0.06577502936124802,0.8217298984527589,-0.009746861644089222,0.0,0.0,-0.008618148975074291,0.0,0.0
59.507,0.5321935415267944,0.012966342270374298,0.06564350426197052,0.8327834010124207,-0.009680802933871746,0.0,0.0,-0.008618148975074291,0.0,0.0
59.52,0.5195834040641785,0.013015510514378548,-0.06563278287649155,0.8220387697219848,-0.009746246971189976,0.0,0.0,-0.008618148975074291,0.0,0.0
59.533,0.5321073532104492,0.012966319918632507,0.06554166227579117,0.8324411511421204,-0.009681738913059233,0.0,0.0,-0.008618148975074291,0.0,0.0
59.547,0.5195675492286682,0.013015406206250192,-0.06555018573999405,0.8223245143890382,-0.00974566675722599,0.0,0.0,-0.008618148975074291,0.0,0.0
59.56,0.5320431590080261,0.012966277077794077,0.06548382341861725,0.8321335315704346,-0.009682590141892431,0.0,0.0,-0.008618148975074291,0.0,0.0
59.573,0.5195448398590088,0.01301531121134758,-0.06550271809101105,0.8225925564765929,-0.009745113551616669,0.0,0.0,-0.008618148975074291,0.0,0.0
59.587,0.5319926142692566,0.01296621561050415,0.0654514878988266,0.8318513631820679,-0.009683378040790558,0.0,0.0,-0.008618148975074291,0.0,0.0
59.6,0.5195186138153076,0.013015216216444967,-0.065475232899189,0.8228461742401123,-0.00974457897245884,0.0,0.0,-0.008618148975074291,0.0,0.0
59.613,0.5319504737854004,0.01296614482998848,0.06543412804603577,0.8315886855125427,-0.009684115648269652,0.0,0.0,-0.008618148975074291,0.0,0.0
59.627,0.5194913744926453,0.013015132397413254,-0.06545969098806381,0.8230863809585571,-0.009744063951075075,0.0,0.0,-0.008618148975074291,0.0,0.0
59.64,0.5319140553474425,0.01296607218682766,0.06542487442493439,0.8313419818878173,-0.009684811346232893,0.0,0.0,-0.008618148975074291,0.0,0.0
59.653,0.5194637775421144,0.013015046715736387,-0.06545095890760422,0.8233145475387573,-0.009743567556142809,0.0,0.0,-0.008618148975074291,0.0,0.0
59.667,0.53188157081604,0.012965993955731392,0.065420962870121,0.8311091661453246,-0.009685467928647997,0.0,0.0,-0.008618148975074291,0.0,0.0
59.68,0.5194366574287416,0.013014966621994972,-0.06544596701860428,0.8235307931900024,-0.00974308792501688,0.0,0.0,-0.008618148975074291,0.0,0.0
59.693,0.5318517684936523,0.012965921312570572,0.06541970372200012,0.8308883905410767,-0.009686090983450413,0.0,0.0,-0.008618148975074291,0.0,0.0
59.707,0.5194103121757507,0.013014886528253555,-0.06544369459152222,0.8237353563308717,-0.009742626920342445,0.0,0.0,-0.008618148975074291,0.0,0.0
59.72,0.5318241715431212,0.012965844944119452,0.06542036682367325,0.8306789398193358,-0.009686682373285294,0.0,0.0,-0.008618148975074291,0.0,0.0
59.733,0.519385039806366,0.013014806434512138,-0.06544282287359238,0.823928952217102,-0.009742186404764652,0.0,0.0,-0.008618148975074291,0.0,0.0
59.747,0.5317984819412231,0.012965766713023186,0.06542131304740906,0.8304798007011412,-0.00968724489212036,0.0,0.0,-0.008618148975074291,0.0,0.0
59.761,0.5193607211112976,0.013014733791351318,-0.06544170528650284,0.8241113424301147,-0.009741764515638351,0.0,0.0,-0.008618148975074291,0.0,0.0
59.773,0.5317742824554443,0.012965692207217216,0.06542253494262695,0.8302906155586242,-0.00968777760863304,0.0,0.0,-0.008618148975074291,0.0,0.0
59.787,0.5193375945091248,0.013014655560255052,-0.0654415711760521,0.8242823481559753,-0.00974136311560869,0.0,0.0,-0.008618148975074291,0.0,0.0
59.8,0.5317514538764954,0.012965619564056396,0.06542417407035828,0.8301105499267578,-0.009688284248113632,0.0,0.0,-0.008618148975074291,0.0,0.0
59.813,0.5193157196044922,0.013014579191803932,-0.06544177979230881,0.8244428038597107,-0.009740982204675674,0.0,0.0,-0.008618148975074291,0.0,0.0
59.827,0.5317297577857971,0.012965545058250427,0.06542592495679855,0.8299391865730285,-0.009688764810562132,0.0,0.0,-0.008618148975074291,0.0,0.0
59.84,0.5192947387695312,0.01301450841128826,-0.06544191390275955,0.824592649936676,-0.009740622714161873,0.0,0.0,-0.008618148975074291,0.0,0.0
59.853,0.531709372997284,0.012965474277734756,0.06542760133743286,0.8297762870788574,-0.009689221158623695,0.0,0.0,-0.008618148975074291,0.0,0.0
59.867,0.5192748904228209,0.01301443576812744,-0.06544201821088791,0.8247319459915161,-0.009740281850099565,0.0,0.0,-0.008618148975074291,0.0,0.0
59.88,0.5316900014877319,0.012965403497219086,0.06542903184890747,0.8296211957931519,-0.009689654223620893,0.0,0.0,-0.008618148975074291,0.0,0.0
59.893,0.5192559361457825,0.013014368712902067,-0.06544188410043716,0.8248616456985474,-0.00973996240645647,0.0,0.0,-0.008618148975074291,0.0,0.0
59.907,0.5316715240478516,0.012965330854058266,0.0654301792383194,0.829473614692688,-0.009690064936876295,0.0,0.0,-0.008618148975074291,0.0,0.0
59.92,0.5192381143569945,0.013014299795031548,-0.0654415711760521,0.8249816298484801,-0.009739662520587443,0.0,0.0,-0.008618148975074291,0.0,0.0
59.933,0.5316540002822876,0.012965260073542597,0.06543129682540894,0.8293333649635315,-0.009690456092357635,0.0,0.0,-0.008618148975074291,0.0,0.0
59.947,0.5192211270332336,0.013014225289225578,-0.06544174253940582,0.8250924944877625,-0.00973938126116991,0.0,0.0,-0.008618148975074291,0.0,0.0
59.96,0.5316374897956848,0.012965193018317224,0.0654323473572731,0.8291996717453003,-0.009690824896097183,0.0,0.0,-0.008618148975074291,0.0,0.0
59.973,0.5192049741744995,0.013014161959290504,-0.06544135510921478,0.8251942992210387,-0.009739119559526445,0.0,0.0,-0.008618148975074291,0.0,0.0
59.987,0.5316218137741089,0.01296512596309185,0.06543304771184921,0.8290726542472838,-0.009691176004707812,0.0,0.0,-0.008618148975074291,0.0,0.0
60.0,0.5191896557807921,0.013014093041419985,-0.06544125080108643,0.8252877593040465,-0.009738875553011894,0.0,0.0,-0.008618148975074291,0.0,0.0
60.013,0.5316068530082704,0.012965060770511627,0.06543416529893875,0.8289515972137451,-0.009691506624221802,0.0,0.0,-0.008618148975074291,0.0,0.0
60.027,0.5191752314567566,0.013014029711484907,-0.06544118374586105,0.8253729939460753,-0.009738650172948836,0.0,0.0,-0.008618148975074291,0.0,0.0
60.04,0.5315926671028137,0.012964995577931404,0.06543493270874023,0.8288365602493286,-0.00969182141125202,0.0,0.0,-0.008618148975074291,0.0,0.0
60.053,0.5191614031791687,0.013013964518904686,-0.06544093787670135,0.8254505395889281,-0.009738441556692125,0.0,0.0,-0.008618148975074291,0.0,0.0
60.067,0.5315792560577393,0.012964928522706032,0.06543528288602829,0.8287271857261658,-0.009692119434475897,0.0,0.0,-0.008618148975074291,0.0,0.0
