t,k_pos,k_vel,k_acc,a_pos,a_vel,a_acc,e_pos,e_vel,e_acc,R10
0.0,0.0,0.0,0.0,0.0,0.0,0.0,0.0,0.0,0.0,0.0
0.013,0.0,0.0,0.0,0.0,0.0,0.0,0.0,0.0,0.0,0.0
0.026,0.0,0.0,0.0,0.0,0.0,0.0,0.0,0.0,0.0,0.0
0.04,0.0,0.0,0.0,0.0,0.0,0.0,0.0,0.0,0.0,0.0
0.053,0.0,0.0,0.0,0.0,0.0,0.0,0.0,0.0,0.0,0.0
0.066,0.0,0.0,0.0,0.0,0.0,0.0,0.0,0.0,0.0,0.0
0.08,0.0,0.0,0.0,0.0,0.0,0.0,0.0,0.0,0.0,0.0
0.09300000000000001,0.0,0.0,0.0,0.0,0.0,0.0,0.0,0.0,0.0,0.0
0.106,0.0,0.0,0.0,0.0,0.0,0.0,0.0,0.0,0.0,0.0
0.12,0.0,0.0,0.0,0.0,0.0,0.0,0.0,0.0,0.0,0.0
0.133,0.0,0.0,0.0,0.0,0.0,0.0,0.0,0.0,0.0,0.0
0.146,0.0,0.0,0.0,0.0,0.0,0.0,0.0,0.0,0.0,0.0
0.16,0.0,0.0,0.0,0.0,0.0,0.0,0.0,0.0,0.0,0.0
0.173,0.0,0.0,0.0,0.0,0.0,0.0,0.0,0.0,0.0,0.0
0.186,0.0,0.0,0.0,0.0,0.0,0.0,0.0,0.0,0.0,0.0
0.2,0.0,0.0,0.0,0.0,0.0,0.0,0.0,0.0,0.0,0.0
0.213,0.0,0.0,0.0,0.0,0.0,0.0,0.0,0.0,0.0,0.0
0.226,0.0,0.0,0.0,0.0,0.0,0.0,0.0,0.0,0.0,0.0
0.24,0.0,0.0,0.0,0.0,0.0,0.0,0.0,0.0,0.0,0.0
0.253,0.0,0.0,0.0,0.0,0.0,0.0,0.0,0.0,0.0,0.0
0.266,0.0,0.0,0.0,0.0,0.0,0.0,0.0,0.0,0.0,0.0
0.28,0.0,0.0,0.0,0.0,0.0,0.0,0.0,0.0,0.0,0.0
0.293,0.0,0.0,0.0,0.0,0.0,0.0,0.0,0.0,0.0,0.0
0.306,0.0,0.0,0.0,0.0,0.0,0.0,0.0,0.0,0.0,0.0
0.32,0.0,0.0,0.0,0.0,0.0,0.0,0.0,0.0,0.0,0.0
0.333,0.0,0.0,0.0,0.0,0.0,0.0,0.0,0.0,0.0,0.0
0.346,0.0,0.0,0.0,0.0,0.0,0.0,0.0,0.0,0.0,0.0
0.36,0.0,0.0,0.0,0.0,0.0,0.0,0.0,0.0,0.0,0.0
0.373,0.0,0.0,0.0,0.0,0.0,0.0,0.0,0.0,0.0,0.0
0.386,0.0,0.0,0.0,0.0,0.0,0.0,0.0,0.0,0.0,0.0
0.4,0.0,0.0,0.0,0.0,0.0,0.0,0.0,0.0,0.0,0.0
0.413,0.0,0.0,0.0,0.0,0.0,0.0,0.0,0.0,0.0,0.0
0.426,0.0,0.0,0.0,0.0,0.0,0.0,0.0,0.0,0.0,0.0
0.44,0.0,0.0,0.0,0.0,0.0,0.0,0.0,0.0,0.0,0.0
0.453,0.0,0.0,0.0,0.0,0.0,0.0,0.0,0.0,0.0,0.0
0.467,0.0,0.0,0.0,0.0,0.0,0.0,0.0,0.0,0.0,0.0
0.48,0.0,0.0,0.0,0.0,0.0,0.0,0.0,0.0,0.0,0.0
0.493,0.0,0.0,0.0,0.0,0.0,0.0,0.0,0.0,0.0,0.0
0.506,0.0,0.0,0.0,0.0,0.0,0.0,0.0,0.0,0.0,0.0
0.52,0.0,0.0,0.0,0.0,0.0,0.0,0.0,0.0,0.0,0.0
0.533,0.0,0.0,0.0,0.0,0.0,0.0,0.0,0.0,0.0,0.0
0.546,0.0,0.0,0.0,0.0,0.0,0.0,0.0,0.0,0.0,0.0
0.56,0.0,0.0,0.0,0.0,0.0,0.0,0.0,0.0,0.0,0.0
0.573,0.0,0.0,0.0,0.0,0.0,0.0,0.0,0.0,0.0,0.0
0.586,0.0,0.0,0.0,0.0,0.0,0.0,0.0,0.0,0.0,0.0
0.6,0.0,0.0,0.0,0.0,0.0,0.0,0.0,0.0,0.0,0.0
0.613,0.0,0.0,0.0,0.0,0.0,0.0,0.0,0.0,0.0,0.0
0.627,0.0,0.0,0.0,0.0,0.0,0.0,0.0,0.0,0.0,0.0
0.64,0.0,0.0,0.0,0.0,0.0,0.0,0.0,0.0,0.0,0.0
0.653,0.0,0.0,0.0,0.0,0.0,0.0,0.0,0.0,0.0,0.0
0.667,0.0,0.0,0.0,0.0,0.0,0.0,0.0,0.0,0.0,0.0
0.68,0.0,0.0,0.0,0.0,0.0,0.0,0.0,0.0,0.0,0.0
0.693,0.0,0.0,0.0,0.0,0.0,0.0,0.0,0.0,0.0,0.0
0.707,0.0,0.0,0.0,0.0,0.0,0.0,0.0,0.0,0.0,0.0
0.72,0.0,0.0,0.0,0.0,0.0,0.0,0.0,0.0,0.0,0.0
0.733,0.0,0.0,0.0,0.0,0.0,0.0,0.0,0.0,0.0,0.0
0.747,0.0,0.0,0.0,0.0,0.0,0.0,0.0,0.0,0.0,0.0
0.76,0.0,0.0,0.0,0.0,0.0,0.0,0.0,0.0,0.0,0.0
0.773,0.0,0.0,0.0,0.0,0.0,0.0,0.0,0.0,0.0,0.0
0.787,0.0,0.0,0.0,0.0,0.0,0.0,0.0,0.0,0.0,0.0
0.8,0.0,0.0,0.0,0.0,0.0,0.0,0.0,0.0,0.0,0.0
0.8129999999999998,0.0,0.0,0.0,0.0,0.0,0.0,0.0,0.0,0.0,0.0
0.8269999999999998,0.0,0.0,0.0,0.0,0.0,0.0,0.0,0.0,0.0,0.0
0.8399999999999999,0.0,0.0,0.0,0.0,0.0,0.0,0.0,0.0,0.0,0.0
0.853,0.0,0.0,0.0,0.0,0.0,0.0,0.0,0.0,0.0,0.0
0.867,0.0,0.0,0.0,0.0,0.0,0.0,0.0,0.0,0.0,0.0
0.88,0.0,0.0,0.0,0.0,0.0,0.0,0.0,0.0,0.0,0.0
0.893,0.0,0.0,0.0,0.0,0.0,0.0,0.0,0.0,0.0,0.0
0.907,0.0,0.0,0.0,0.0,0.0,0.0,0.0,0.0,0.0,0.0
0.92,0.0,0.0,0.0,0.0,0.0,0.0,0.0,0.0,0.0,0.0
0.933,0.0,0.0,0.0,0.0,0.0,0.0,0.0,0.0,0.0,0.0
0.947,0.0,0.0,0.0,0.0,0.0,0.0,0.0,0.0,0.0,0.0
0.96,0.0,0.0,0.0,0.0,0.0,0.0,0.0,0.0,0.0,0.0
0.973,0.0,0.0,0.0,0.0,0.0,0.0,0.0,0.0,0.0,0.0
0.9870000000000002,0.0,0.0,0.0,0.0,0.0,0.0,0.0,0.0,0.0,0.0
1.0,0.0,0.0,0.0,0.0,0.0,0.0,0.0,0.0,0.0,0.0
1.013,0.0,0.0,0.0,0.0,0.0,0.0,0.0,0.0,0.0,0.0
1.027,0.0,0.0,0.0,0.0,0.0,0.0,0.0,0.0,0.0,0.0
1.04,0.0,0.0,0.0,0.0,0.0,0.0,0.0,0.0,0.0,0.0
1.053,0.0,0.0,0.0,0.0,0.0,0.0,0.0,0.0,0.0,0.0
1.067,0.0,0.0,0.0,0.0,0.0,0.0,0.0,0.0,0.0,0.0
1.08,0.0,0.0,0.0,0.0,0.0,0.0,0.0,0.0,0.0,0.0
1.093,0.0,0.0,0.0,0.0,0.0,0.0,0.0,0.0,0.0,0.0
1.107,0.0,0.0,0.0,0.0,0.0,0.0,0.0,0.0,0.0,0.0
1.12,0.0,0.0,0.0,0.0,0.0,0.0,0.0,0.0,0.0,0.0
1.133,0.0,0.0,0.0,0.0,0.0,0.0,0.0,0.0,0.0,0.0
1.147,0.0,0.0,0.0,0.0,0.0,0.0,0.0,0.0,0.0,0.0
1.16,0.0,0.0,0.0,0.0,0.0,0.0,0.0,0.0,0.0,0.0
1.173,0.0,0.0,0.0,0.0,0.0,0.0,0.0,0.0,0.0,0.0
1.187,0.0,0.0,0.0,0.0,0.0,0.0,0.0,0.0,0.0,0.0
1.2,0.0,0.0,0.0,0.0,0.0,0.0,0.0,0.0,0.0,0.0
1.213,0.0,0.0,0.0,0.0,0.0,0.0,0.0,0.0,0.0,0.0
1.227,0.0,0.0,0.0,0.0,0.0,0.0,0.0,0.0,0.0,0.0
1.24,0.0,0.0,0.0,0.0,0.0,0.0,0.0,0.0,0.0,0.0
1.253,0.0,0.0,0.0,0.0,0.0,0.0,0.0,0.0,0.0,0.0
1.267,0.0,0.0,0.0,0.0,0.0,0.0,0.0,0.0,0.0,0.0
1.28,0.0,0.0,0.0,0.0,0.0,0.0,0.0,0.0,0.0,0.0
1.293,0.0,0.0,0.0,0.0,0.0,0.0,0.0,0.0,0.0,0.0
1.307,0.0,0.0,0.0,0.0,0.0,0.0,0.0,0.0,0.0,0.0
1.32,0.0,0.0,0.0,0.0,0.0,0.0,0.0,0.0,0.0,0.0
1.333,0.0,0.0,0.0,0.0,0.0,0.0,0.0,0.0,0.0,0.0
1.347,0.0,0.0,0.0,0.0,0.0,0.0,0.0,0.0,0.0,0.0
1.36,0.0,0.0,0.0,0.0,0.0,0.0,0.0,0.0,0.0,0.0
1.373,0.0,0.0,0.0,0.0,0.0,0.0,0.0,0.0,0.0,0.0
1.387,0.0,0.0,0.0,0.0,0.0,0.0,0.0,0.0,0.0,0.0
1.4,0.0,0.0,0.0,0.0,0.0,0.0,0.0,0.0,0.0,0.0
1.413,0.0,0.0,0.0,0.0,0.0,0.0,0.0,0.0,0.0,0.0
1.427,0.0,0.0,0.0,0.0,0.0,0.0,0.0,0.0,0.0,0.0
1.44,0.0,0.0,0.0,0.0,0.0,0.0,0.0,0.0,0.0,0.0
1.453,0.0,0.0,0.0,0.0,0.0,0.0,0.0,0.0,0.0,0.0
1.467,0.0,0.0,0.0,0.0,0.0,0.0,0.0,0.0,0.0,0.0
1.48,0.0,0.0,0.0,0.0,0.0,0.0,0.0,0.0,0.0,0.0
1.493,0.0,0.0,0.0,0.0,0.0,0.0,0.0,0.0,0.0,0.0
1.507,0.0,0.0,0.0,0.0,0.0,0.0,0.0,0.0,0.0,0.0
1.52,0.0,0.0,0.0,0.0,0.0,0.0,0.0,0.0,0.0,0.0
1.534,0.0,0.0,0.0,0.0,0.0,0.0,0.0,0.0,0.0,0.0
1.547,0.0,0.0,0.0,0.0,0.0,0.0,0.0,0.0,0.0,0.0
1.56,0.0,0.0,0.0,0.0,0.0,0.0,0.0,0.0,0.0,0.0
1.573,0.0,0.0,0.0,0.0,0.0,0.0,0.0,0.0,0.0,0.0
1.587,0.0,0.0,0.0,0.0,0.0,0.0,0.0,0.0,0.0,0.0
1.6,0.0,0.0,0.0,0.0,0.0,0.0,0.0,0.0,0.0,0.0
1.613,0.0,0.0,0.0,0.0,0.0,0.0,0.0,0.0,0.0,0.0
1.627,0.0,0.0,0.0,0.0,0.0,0.0,0.0,0.0,0.0,0.0
1.64,0.0,0.0,0.0,0.0,0.0,0.0,0.0,0.0,0.0,0.0
1.653,0.0,0.0,0.0,0.0,0.0,0.0,0.0,0.0,0.0,0.0
1.667,0.0,0.0,0.0,0.0,0.0,0.0,0.0,0.0,0.0,0.0
1.68,0.0,0.0,0.0,0.0,0.0,0.0,0.0,0.0,0.0,0.0
1.693,0.0,0.0,0.0,0.0,0.0,0.0,0.0,0.0,0.0,0.0
1.707,0.0,0.0,0.0,0.0,0.0,0.0,0.0,0.0,0.0,0.0
1.72,0.0,0.0,0.0,0.0,0.0,0.0,0.0,0.0,0.0,0.0
1.734,0.0,0.0,0.0,0.0,0.0,0.0,0.0,0.0,0.0,0.0
1.747,0.0,0.0,0.0,0.0,0.0,0.0,0.0,0.0,0.0,0.0
1.76,0.0,0.0,0.0,0.0,0.0,0.0,0.0,0.0,0.0,0.0
1.773,0.0,0.0,0.0,0.0,0.0,0.0,0.0,0.0,0.0,0.0
1.787,0.0,0.0,0.0,0.0,0.0,0.0,0.0,0.0,0.0,0.0
1.8,0.0,0.0,0.0,0.0,0.0,0.0,0.0,0.0,0.0,0.0
1.813,0.0,0.0,0.0,0.0,0.0,0.0,0.0,0.0,0.0,0.0
1.827,0.0,0.0,0.0,0.0,0.0,0.0,0.0,0.0,0.0,0.0
1.84,0.0,0.0,0.0,0.0,0.0,0.0,0.0,0.0,0.0,0.0
1.853,0.0,0.0,0.0,0.0,0.0,0.0,0.0,0.0,0.0,0.0
1.867,0.0,0.0,0.0,0.0,0.0,0.0,0.0,0.0,0.0,0.0
1.88,0.0,0.0,0.0,0.0,0.0,0.0,0.0,0.0,0.0,0.0
1.893,0.0,0.0,0.0,0.0,0.0,0.0,0.0,0.0,0.0,0.0
1.907,0.0,0.0,0.0,0.0,0.0,0.0,0.0,0.0,0.0,0.0
1.92,0.0,0.0,0.0,0.0,0.0,0.0,0.0,0.0,0.0,0.0
1.933,0.0,0.0,0.0,0.0,0.0,0.0,0.0,0.0,0.0,0.0
1.947,0.0,0.0,0.0,0.0,0.0,0.0,0.0,0.0,0.0,0.0
1.96,0.0,0.0,0.0,0.0,0.0,0.0,0.0,0.0,0.0,0.0
1.973,0.0,0.0,0.0,0.0,0.0,0.0,0.0,0.0,0.0,0.0
1.987,-0.08578742295503616,0.5405128002166748,0.620529055595398,-0.1902146488428116,-0.9558739066123961,0.0,0.0,-0.33282637596130366,0.0,0.0
2.0,-0.008428308181464672,0.5460761189460753,-0.43429434299468994,-0.0019834910053759813,-0.945974826812744,0.0,0.0,-0.33282637596130366,0.0,0.0
2.013,-0.028225528076291084,0.5400660634040833,0.3957018256187439,-0.052130144089460366,-0.9575064182281494,0.0,0.0,-0.33282637596130366,0.0,0.0
2.027,-0.008698129095137118,0.5459326505661011,-0.31467452645301813,-0.006030341144651175,-0.946911871433258,0.0,0.0,-0.33282637596130366,0.0,0.0
2.04,-0.029536172747612,0.5397073030471802,0.32502561807632446,-0.060000434517860406,-0.959197998046875,0.0,0.0,-0.33282637596130366,0.0,0.0
2.054,-0.01061603892594576,0.5453299283981323,-0.31784847378730774,-0.013201690278947352,-0.9486106634140015,0.0,0.0,-0.33282637596130366,0.0,0.0
2.067,-0.029987236484885216,0.539626955986023,0.378669798374176,-0.06743742525577545,-0.9607659578323363,0.0,0.0,-0.33282637596130366,0.0,0.0
2.08,-0.0129535598680377,0.544628918170929,-0.41313618421554565,-0.021227328106760975,-0.9504871368408205,0.0,0.0,-0.33282637596130366,0.0,0.0
2.093,-0.0290619432926178,0.5399762392044067,0.5209788680076599,-0.0736469551920891,-0.962048292160034,0.0,0.0,-0.33282637596130366,0.0,0.0
2.107,-0.015086587518453598,0.5440109968185425,-0.5801305174827576,-0.02929309941828251,-0.9523388147354126,0.0,0.0,-0.33282637596130366,0.0,0.0
2.12,-0.02665618062019348,0.5407776236534119,0.7207408547401427,-0.07505445182323456,-0.962305188179016,0.0,0.0,-0.33282637596130366,0.0,0.0
2.134,-0.01669207401573658,0.5435667037963867,-0.7913835048675537,-0.036397866904735565,-0.9539338350296019,0.0,0.0,-0.33282637596130366,0.0,0.0
2.147,-0.023456979542970657,0.5418130159378052,0.9306102991104126,-0.024225397035479546,-0.9512763023376464,0.0,0.0,-0.33282637596130366,0.0,0.0
2.16,-0.017628658562898636,0.5433298945426941,-0.9958907961845397,-0.04404455795884133,-0.9556269645690918,0.0,0.0,-0.33282637596130366,0.0,0.0
2.173,-0.02055398002266884,0.5427494049072266,1.0989971160888672,-0.028810098767280575,-0.9523179531097411,0.0,0.0,-0.33282637596130366,0.0,0.0
2.187,-0.017832500860095024,0.5433117151260376,-1.1414564847946167,-0.050864327698946,-0.957105040550232,0.0,0.0,-0.33282637596130366,0.0,0.0
2.2,-0.018285699188709256,0.5434975624084473,1.202664494514465,-0.033888738602399826,-0.9534662365913392,0.0,0.0,-0.33282637596130366,0.0,0.0
2.213,-0.017184438183903694,0.5435446500778198,-1.2128568887710571,-0.05673746392130852,-0.9583514928817747,0.0,0.0,-0.33282637596130366,0.0,0.0
2.227,-0.018399642780423164,0.5434567332267761,1.2057244777679443,-0.03949903324246407,-0.9547237753868104,0.0,0.0,-0.33282637596130366,0.0,0.0
2.24,-0.01599702797830105,0.5439137220382689,-1.1685020923614502,-0.06162361428141594,-0.9593665599822998,0.0,0.0,-0.33282637596130366,0.0,0.0
2.253,-0.02683749981224537,0.5403248071670532,-0.015695393085479736,-0.04546358436346054,-0.9560444355010985,0.0,0.0,-0.33282637596130366,0.0,0.0
2.267,-0.01599392108619213,0.5438210368156433,0.4470258951187134,-0.006542195100337266,-0.94697105884552,0.0,0.0,-0.33282637596130366,0.0,0.0
2.28,-0.022078661248087883,0.5420492887496948,-0.2373307943344116,-0.05203970894217491,-0.9574791789054871,0.0,0.0,-0.33282637596130366,0.0,0.0
2.293,-0.013778562657535076,0.544511079788208,0.315508246421814,-0.010983355343341827,-0.9480235576629639,0.0,0.0,-0.33282637596130366,0.0,0.0
2.307,-0.0269471388310194,0.5403656959533691,-0.47276169061660767,-0.05874400585889816,-0.9589194059371949,0.0,0.0,-0.33282637596130366,0.0,0.0
2.32,-0.012671659700572492,0.5448360443115233,0.6134480237960817,-0.015986129641532898,-0.94920414686203,0.0,0.0,-0.33282637596130366,0.0,0.0
2.333,-0.028329571709036827,0.5399197340011597,-0.6316602230072021,-0.06552956253290176,-0.9603536128997802,0.0,0.0,-0.33282637596130366,0.0,0.0
2.347,-0.01187531277537346,0.5451008081436157,0.721558928489685,-0.021781841292977333,-0.9505599737167358,0.0,0.0,-0.33282637596130366,0.0,0.0
2.36,-0.029495412483811375,0.5395467281341553,-0.7277659773826598,-0.07222801446914674,-0.9617452621459962,0.0,0.0,-0.33282637596130366,0.0,0.0
2.373,-0.011267044581472874,0.5453402400016785,0.8003107905387878,-0.0282004289329052,-0.9520425200462339,0.0,0.0,-0.33282637596130366,0.0,0.0
2.387,-0.030139422044157985,0.5393463969230652,-0.7883056998252868,-0.07743395864963531,-0.9627857208251952,0.0,0.0,-0.33282637596130366,0.0,0.0
2.4,-0.010607694275677204,0.5456215739250183,0.8443660736083984,-0.034693032503128045,-0.9535267353057859,0.0,0.0,-0.33282637596130366,0.0,0.0
2.413,-0.030145641416311264,0.5393542051315308,-0.8164286613464355,-0.025127515196800232,-0.9514998197555542,0.0,0.0,-0.33282637596130366,0.0,0.0
2.427,-0.009804844856262209,0.5459610819816588,0.8573323488235474,-0.04180605337023735,-0.9551219940185547,0.0,0.0,-0.33282637596130366,0.0,0.0
2.44,-0.029580090194940567,0.5395470857620239,-0.8199244737625122,-0.03109204396605492,-0.9528549909591674,0.0,0.0,-0.33282637596130366,0.0,0.0
2.453,-0.008968516252934931,0.5463072657585144,0.8460692763328552,-0.04874097183346749,-0.9566516876220704,0.0,0.0,-0.33282637596130366,0.0,0.0
2.467,-0.028687013313174248,0.5398454666137695,-0.8072823286056519,-0.03679245710372925,-0.9541329145431519,0.0,0.0,-0.33282637596130366,0.0,0.0
2.48,-0.00819141510874033,0.5466187000274657,0.8233442902565001,-0.05531313642859458,-0.9580807685852051,0.0,0.0,-0.33282637596130366,0.0,0.0
2.493,-0.027752418071031567,0.5401573181152344,-0.7903531193733214,-0.04237264394760132,-0.955369234085083,0.0,0.0,-0.33282637596130366,0.0,0.0
2.507,-0.007179777603596449,0.5469921231269836,0.8098102807998657,-0.06112903356552124,-0.959346055984497,0.0,0.0,-0.33282637596130366,0.0,0.0
2.52,-0.026920964941382408,0.540438175201416,-0.7886588573455809,-0.04790559783577919,-0.9565813541412352,0.0,0.0,-0.33282637596130366,0.0,0.0
2.534,-0.007298002019524574,0.5469498634338379,0.7875144481658934,-0.008087614551186562,-0.9473929405212401,0.0,0.0,-0.33282637596130366,0.0,0.0
2.547,-0.026560723781585693,0.5405633449554443,-0.7684797048568724,-0.05395665019750595,-0.9578917026519777,0.0,0.0,-0.33282637596130366,0.0,0.0
2.56,-0.015914369374513626,0.5437480807304382,-0.37393569946289057,-0.013795889914035795,-0.9487243890762328,0.0,0.0,-0.33282637596130366,0.0,0.0
2.573,-0.028501955792307854,0.5398938655853271,0.7396414875984192,-0.06009829789400101,-0.9592038393020629,0.0,0.0,-0.33282637596130366,0.0,0.0
2.587,-0.009076736867427826,0.5461657643318176,-0.423865020275116,-0.019341258332133293,-0.9500105381011963,0.0,0.0,-0.33282637596130366,0.0,0.0
2.6,-0.027968287467956543,0.5401116609573364,0.4219964146614074,-0.06630813330411911,-0.9605119228363037,0.0,0.0,-0.33282637596130366,0.0,0.0
2.613,-0.013560520485043526,0.5445411205291748,-0.5576200485229492,-0.024867093190550804,-0.9512813091278077,0.0,0.0,-0.33282637596130366,0.0,0.0
2.627,-0.028212366625666615,0.5400517582893372,0.6426371335983276,-0.07253268361091612,-0.9618037939071656,0.0,0.0,-0.33282637596130366,0.0,0.0
2.64,-0.013897432945668696,0.5444049835205078,-0.6144113540649414,-0.03051329590380192,-0.9525671005249025,0.0,0.0,-0.33282637596130366,0.0,0.0
2.654,-0.027937721461057663,0.5401738882064819,0.6656102538108826,-0.020242858678102493,-0.9503597021102904,0.0,0.0,-0.33282637596130366,0.0,0.0
2.667,-0.014290363527834415,0.54426372051239,-0.6465643644332886,-0.03665268421173096,-0.9539630413055422,0.0,0.0,-0.33282637596130366,0.0,0.0
2.681,-0.02713392674922943,0.540477454662323,0.7106400728225708,-0.026035338640213013,-0.9517019391059875,0.0,0.0,-0.33282637596130366,0.0,0.0
2.694,-0.014585491269826887,0.5441708564758301,-0.6977766752243042,-0.0428767129778862,-0.9553569555282592,0.0,0.0,-0.33282637596130366,0.0,0.0
2.707,-0.0258096344769001,0.540955662727356,0.7702320814132689,-0.032193392515182495,-0.9531024694442749,0.0,0.0,-0.33282637596130366,0.0,0.0
2.721,-0.01471535861492157,0.5441454648971558,-0.7628358602523804,-0.04915541782975197,-0.9567452669143677,0.0,0.0,-0.33282637596130366,0.0,0.0
2.734,-0.024129092693328857,0.5415490865707397,0.8363149762153625,-0.0382402017712593,-0.9544579982757568,0.0,0.0,-0.33282637596130366,0.0,0.0
2.747,-0.014661062508821487,0.5441887378692627,-0.8326739072799682,-0.055261701345443726,-0.9580836296081544,0.0,0.0,-0.33282637596130366,0.0,0.0
2.761,-0.02242690697312355,0.5421420335769653,0.8979097008705139,-0.04410774633288384,-0.9557552337646483,0.0,0.0,-0.33282637596130366,0.0,0.0
2.774,-0.014466317370533943,0.5442795753479004,-0.8952609896659851,-0.0588814839720726,-0.9589180946350097,0.0,0.0,-0.33282637596130366,0.0,0.0
2.787,-0.02096313051879406,0.5426473617553711,0.9474724531173706,-0.04941531643271446,-0.9569133520126343,0.0,0.0,-0.33282637596130366,0.0,0.0
2.801,-0.01417881529778242,0.5443972945213318,-0.9431697130203248,-0.008201408199965956,-0.9473828077316285,0.0,0.0,-0.33282637596130366,0.0,0.0
2.814,-0.01957453973591328,0.543124794960022,0.9870439767837523,-0.05553122237324715,-0.9582315683364867,0.0,0.0,-0.33282637596130366,0.0,0.0
2.827,-0.013771516270935535,0.5445492267608643,-0.9808883070945741,-0.014468003064393995,-0.9488644599914551,0.0,0.0,-0.33282637596130366,0.0,0.0
2.841,-0.02001491002738476,0.5429726243019104,0.9834364056587219,-0.06159207224845886,-0.9595200419425964,0.0,0.0,-0.33282637596130366,0.0,0.0
2.854,-0.013621268793940544,0.5446034073829651,-0.9641602635383606,-0.020542973652482036,-0.9502807259559632,0.0,0.0,-0.33282637596130366,0.0,0.0
2.867,-0.02785269729793072,0.5400270223617554,-0.17782598733901978,-0.06762489676475525,-0.960784673690796,0.0,0.0,-0.33282637596130366,0.0,0.0
2.88,-0.015112211927771568,0.5440741181373596,0.5599625110626221,-0.02645754814147949,-0.9516421556472777,0.0,0.0,-0.33282637596130366,0.0,0.0
2.894,-0.023486454039812088,0.5415912866592407,-0.342714786529541,-0.07359157502651215,-0.9620165824890136,0.0,0.0,-0.33282637596130366,0.0,0.0
2.907,-0.014490658417344092,0.5442970991134644,0.36803483963012695,-0.0322534553706646,-0.9529610872268676,0.0,0.0,-0.33282637596130366,0.0,0.0
2.921,-0.027569113299250603,0.5401597619056702,-0.47825351357460016,-0.020634999498724937,-0.9504541158676147,0.0,0.0,-0.33282637596130366,0.0,0.0
2.934,-0.014415555633604528,0.5443228483200073,0.5644373297691345,-0.0382952094078064,-0.9543098211288451,0.0,0.0,-0.33282637596130366,0.0,0.0
2.947,-0.028320882469415665,0.5399092435836792,-0.5528658628463745,-0.02661127038300037,-0.9518319368362426,0.0,0.0,-0.33282637596130366,0.0,0.0
2.96,-0.013843804597854614,0.5445271730422974,0.6161145567893982,-0.04434307292103768,-0.9556440114974976,0.0,0.0,-0.33282637596130366,0.0,0.0
2.974,-0.028920209035277367,0.5397124290466309,-0.607149302959442,-0.032775383442640305,-0.9532314538955688,0.0,0.0,-0.33282637596130366,0.0,0.0
2.987,-0.012861635535955427,0.5448795557022095,0.6768956780433655,-0.05039505660533905,-0.9569603204727173,0.0,0.0,-0.33282637596130366,0.0,0.0
3.001,-0.02918139100074768,0.5396335124969481,-0.6646648049354553,-0.0388968363404274,-0.9546023607254028,0.0,0.0,-0.33282637596130366,0.0,0.0
3.014,-0.011517644859850408,0.5453617572784424,0.7353119254112244,-0.056399691849946976,-0.9582431316375731,0.0,0.0,-0.33282637596130366,0.0,0.0
3.027,-0.029095692560076717,0.5396742820739746,-0.7202044129371643,-0.04492253437638282,-0.9559335708618163,0.0,0.0,-0.33282637596130366,0.0,0.0
3.041,-0.00996355339884758,0.5459178686141968,0.7859386205673219,-0.06043246015906334,-0.9589833021163939,0.0,0.0,-0.33282637596130366,0.0,0.0
3.054,-0.02873041294515133,0.5398103594779968,-0.769217312335968,-0.05046691000461578,-0.9571427106857299,0.0,0.0,-0.33282637596130366,0.0,0.0
3.067,-0.00847663450986147,0.5464492440223694,0.8235387206077575,-0.009184183552861212,-0.94766366481781,0.0,0.0,-0.33282637596130366,0.0,0.0
3.081,-0.028218671679496765,0.5399952530860901,-0.806218385696411,-0.056614544242620475,-0.958465337753296,0.0,0.0,-0.33282637596130366,0.0,0.0
3.094,-0.007257509045302869,0.5468844175338745,0.8472383022308348,-0.015296767465770245,-0.9490890502929688,0.0,0.0,-0.33282637596130366,0.0,0.0
3.107,-0.027686724439263344,0.5401850342750549,-0.8300833106040953,-0.06267865002155304,-0.9597516059875488,0.0,0.0,-0.33282637596130366,0.0,0.0
3.121,-0.006105199921876192,0.5472930669784546,0.8652761578559875,-0.02140463702380657,-0.9505016207695008,0.0,0.0,-0.33282637596130366,0.0,0.0
3.134,-0.02715867944061756,0.5403722524642944,-0.8508525490760803,-0.06863315403461456,-0.9609968662261963,0.0,0.0,-0.33282637596130366,0.0,0.0
3.147,-0.006269513629376888,0.5472398996353148,0.8559040427207946,-0.027417153120040894,-0.9518758058547971,0.0,0.0,-0.33282637596130366,0.0,0.0
3.16,-0.02693847566843033,0.5404527187347412,-0.8355796337127684,-0.07425165921449661,-0.962153911590576,0.0,0.0,-0.33282637596130366,0.0,0.0
3.174,-0.015415316447615623,0.5438792705535889,-0.3205910325050354,-0.0332702212035656,-0.9531955122947694,0.0,0.0,-0.33282637596130366,0.0,0.0
3.187,-0.028960036113858223,0.5397522449493408,0.6943545937538147,-0.021207002922892567,-0.9505919218063353,0.0,0.0,-0.33282637596130366,0.0,0.0
3.201,-0.008766759186983107,0.5462596416473389,-0.38021653890609747,-0.039492573589086526,-0.954590141773224,0.0,0.0,-0.33282637596130366,0.0,0.0
3.214,-0.02821321040391922,0.5400387048721313,0.391879677772522,-0.02743440680205822,-0.9520211219787597,0.0,0.0,-0.33282637596130366,0.0,0.0
3.227,-0.013976499438285828,0.5444077849388123,-0.5572736263275146,-0.0456203892827034,-0.9559454917907715,0.0,0.0,-0.33282637596130366,0.0,0.0
3.241,-0.02829662896692753,0.5400251150131226,0.6562158465385437,-0.033610302954912186,-0.9534198045730592,0.0,0.0,-0.33282637596130366,0.0,0.0
3.254,-0.014561730436980724,0.5442037582397461,-0.6413251161575316,-0.0516817644238472,-0.9572694897651672,0.0,0.0,-0.33282637596130366,0.0,0.0
3.267,-0.0278158038854599,0.5402095317840576,0.7006645202636719,-0.039727780967950814,-0.9547868967056273,0.0,0.0,-0.33282637596130366,0.0,0.0
3.281,-0.015004449523985386,0.5440512895584105,-0.689283013343811,-0.05766674876213074,-0.9585646390914915,0.0,0.0,-0.33282637596130366,0.0,0.0
3.294,-0.0268416740000248,0.5405646562576294,0.7567673921585083,-0.045773141086101525,-0.9561197757720947,0.0,0.0,-0.33282637596130366,0.0,0.0
3.307,-0.015154342167079449,0.5440042614936829,-0.7440313696861267,-0.02087150700390339,-0.9505151510238647,0.0,0.0,-0.33282637596130366,0.0,0.0
3.321,-0.025433924049139023,0.5410680770874025,0.8144035935401917,-0.04938465729355812,-0.9569075703620911,0.0,0.0,-0.33282637596130366,0.0,0.0
3.334,-0.01501959841698408,0.5440589189529419,-0.8008785247802734,-0.010817642323672771,-0.9481160640716552,0.0,0.0,-0.33282637596130366,0.0,0.0
3.347,-0.02377920411527157,0.5416532158851624,0.8679091930389404,-0.0548623651266098,-0.9580891132354736,0.0,0.0,-0.33282637596130366,0.0,0.0
3.361,-0.01466971170157194,0.5441900491714478,-0.8543908596038817,-0.015179829671978952,-0.9491087794303894,0.0,0.0,-0.33282637596130366,0.0,0.0
3.374,-0.022190911695361137,0.5422111749649048,0.9111419320106505,-0.060375679284334176,-0.9592621326446531,0.0,0.0,-0.33282637596130366,0.0,0.0
3.387,-0.014222361147403715,0.5443549156188965,-0.8978068828582764,-0.0205073244869709,-0.9503284692764281,0.0,0.0,-0.33282637596130366,0.0,0.0
3.401,-0.02087247557938099,0.5426727533340454,0.9422510862350466,-0.06554970890283585,-0.9603461027145384,0.0,0.0,-0.33282637596130366,0.0,0.0
3.414,-0.013772808015346529,0.5445194244384766,-0.929117202758789,-0.025964057072997093,-0.9515681266784669,0.0,0.0,-0.33282637596130366,0.0,0.0
3.427,-0.01963135041296482,0.5431052446365356,0.9674079418182371,-0.06924104690551758,-0.9610958099365233,0.0,0.0,-0.33282637596130366,0.0,0.0
3.44,-0.013318157754838468,0.5446841716766356,-0.9560063481330872,-0.031155986711382862,-0.9527335166931152,0.0,0.0,-0.33282637596130366,0.0,0.0
3.454,-0.02026659809052944,0.5428898334503174,0.9544349908828736,-0.043848857283592224,-0.9555200338363647,0.0,0.0,-0.33282637596130366,0.0,0.0
3.467,-0.013265462592244148,0.5447065234184265,-0.9341485500335692,-0.034123051911592484,-0.9534085988998413,0.0,0.0,-0.33282637596130366,0.0,0.0
3.481,-0.02760742604732513,0.5401199460029602,-0.18991380929946897,-0.02621174417436123,-0.9517022371292113,0.0,0.0,-0.33282637596130366,0.0,0.0
3.494,-0.01478268764913082,0.5441765189170836,0.5678571462631226,-0.03925018385052681,-0.9545744061470032,0.0,0.0,-0.33282637596130366,0.0,0.0
3.507,-0.024058420211076736,0.541393518447876,-0.37868991494178766,-0.029673131182789803,-0.952515721321106,0.0,0.0,-0.33282637596130366,0.0,0.0
3.521,-0.014400140382349493,0.5443243980407715,0.4035964608192444,-0.04450220614671707,-0.9557545185089112,0.0,0.0,-0.33282637596130366,0.0,0.0
3.534,-0.027677172794938087,0.540123462677002,-0.4933141171932221,-0.03463590517640114,-0.9536440968513488,0.0,0.0,-0.33282637596130366,0.0,0.0
3.547,-0.014493211172521114,0.5443001985549927,0.5677968263626099,-0.04938663169741631,-0.9568448066711424,0.0,0.0,-0.33282637596130366,0.0,0.0
3.561,-0.02834278717637062,0.5399001836776732,-0.5513191223144531,-0.039848316460847855,-0.9548112154006958,0.0,0.0,-0.33282637596130366,0.0,0.0
3.574,-0.01402826141566038,0.5444731712341309,0.6089240312576294,-0.052756305783987045,-0.9576066732406616,0.0,0.0,-0.33282637596130366,0.0,0.0
3.587,-0.028863158077001568,0.5397278070449829,-0.5965791344642639,-0.04483802616596222,-0.9559142589569091,0.0,0.0,-0.33282637596130366,0.0,0.0
3.601,-0.01309031154960394,0.5448120832443237,0.6627559661865233,-0.04245046153664589,-0.9553896188735962,0.0,0.0,-0.33282637596130366,0.0,0.0
3.614,-0.029060419648885727,0.5396689176559448,-0.6487682461738585,-0.048060666769742966,-0.9566193819046019,0.0,0.0,-0.33282637596130366,0.0,0.0
3.627,-0.01173575222492218,0.5452961325645447,0.718208372592926,-0.010700035840272903,-0.9481040239334105,0.0,0.0,-0.33282637596130366,0.0,0.0
3.641,-0.02893975935876369,0.5397211313247681,-0.70304274559021,-0.053332213312387466,-0.957760214805603,0.0,0.0,-0.33282637596130366,0.0,0.0
3.654,-0.010134158656001093,0.5458647012710571,0.7697224617004393,-0.014062514528632164,-0.9488564133644104,0.0,0.0,-0.33282637596130366,0.0,0.0
3.667,-0.028572496026754376,0.5398582816123961,-0.754299759864807,-0.05880944430828095,-0.9589300155639648,0.0,0.0,-0.33282637596130366,0.0,0.0
3.681,-0.008580218069255352,0.5464139580726624,0.8111849427223204,-0.019157890230417248,-0.9500223398208617,0.0,0.0,-0.33282637596130366,0.0,0.0
3.694,-0.028085216879844666,0.5400359630584717,-0.7958739995956421,-0.06404421478509903,-0.9600313901901245,0.0,0.0,-0.33282637596130366,0.0,0.0
3.707,-0.0072917575016617775,0.5468683838844299,0.8401773571968079,-0.024530455470085144,-0.9512449502944945,0.0,0.0,-0.33282637596130366,0.0,0.0
3.72,-0.027591506019234657,0.5402145981788635,-0.8250899314880371,-0.0682692676782608,-0.9609001874923706,0.0,0.0,-0.33282637596130366,0.0,0.0
3.734,-0.006103463005274534,0.5472861528396606,0.8629314303398131,-0.0297723188996315,-0.9524252414703368,0.0,0.0,-0.33282637596130366,0.0,0.0
3.747,-0.027103979140520096,0.5403895378112793,-0.8498802781105042,-0.06198585033416748,-0.9594806432724,0.0,0.0,-0.33282637596130366,0.0,0.0
3.76,-0.006131140980869532,0.5472793579101562,0.8592680096626282,-0.033518314361572266,-0.9532570838928223,0.0,0.0,-0.33282637596130366,0.0,0.0
3.774,-0.026892177760601044,0.5404682755470276,-0.8404545187950134,-0.022271649911999702,-0.9508299827575684,0.0,0.0,-0.33282637596130366,0.0,0.0
3.787,-0.015662159770727158,0.5437828898429872,-0.32726749777793884,-0.03957134112715721,-0.9546222090721129,0.0,0.0,-0.33282637596130366,0.0,0.0
3.801,-0.029055573046207428,0.5397180318832397,0.7008612155914307,-0.027981316670775414,-0.9521435499191283,0.0,0.0,-0.33282637596130366,0.0,0.0
3.814,-0.008367016911506653,0.546397030353546,-0.358358770608902,-0.04558638483285904,-0.9559607505798339,0.0,0.0,-0.33282637596130366,0.0,0.0
3.827,-0.028188074007630348,0.5400479435920715,0.3697067499160767,-0.03393625468015671,-0.953492283821106,0.0,0.0,-0.33282637596130366,0.0,0.0
3.841,-0.0140362661331892,0.5443851351737976,-0.5549848079681396,-0.051455941051244736,-0.9572535157203673,0.0,0.0,-0.33282637596130366,0.0,0.0
3.854,-0.02824593335390091,0.5400426387786865,0.6604872345924377,-0.03987331315875053,-0.954818844795227,0.0,0.0,-0.33282637596130366,0.0,0.0
3.867,-0.01464259997010231,0.5441765785217285,-0.6469107866287231,-0.05681933835148811,-0.9584347009658812,0.0,0.0,-0.33282637596130366,0.0,0.0
3.88,-0.027729038149118423,0.5402383208274841,0.7074058055877686,-0.045674677938222885,-0.9560979604721069,0.0,0.0,-0.33282637596130366,0.0,0.0
3.894,-0.015087664127349854,0.5440253019332886,-0.6970323324203491,-0.03088360279798508,-0.9528023004531859,0.0,0.0,-0.33282637596130366,0.0,0.0
3.907,-0.026725279167294506,0.5406026840209961,0.7649682164192199,-0.048634253442287445,-0.956744074821472,0.0,0.0,-0.33282637596130366,0.0,0.0
3.921,-0.015219097025692465,0.5439852476119995,-0.7525429129600526,-0.009576567448675632,-0.9478158950805664,0.0,0.0,-0.33282637596130366,0.0,0.0
3.934,-0.025306694209575653,0.5411088466644287,0.8224368095397949,-0.054299160838127136,-0.9579683542251587,0.0,0.0,-0.33282637596130366,0.0,0.0
3.947,-0.015051486901938915,0.544050931930542,-0.8085027337074279,-0.0142165906727314,-0.9488749504089357,0.0,0.0,-0.33282637596130366,0.0,0.0
3.961,-0.023668389767408368,0.5416879653930664,0.8741385936737059,-0.060024701058864594,-0.9591888189315797,0.0,0.0,-0.33282637596130366,0.0,0.0
3.974,-0.014664472080767156,0.5441936254501343,-0.8596144318580627,-0.01973193511366844,-0.9501417875289917,0.0,0.0,-0.33282637596130366,0.0,0.0
3.987,-0.02211786061525345,0.5422330498695374,0.9145572781562803,-0.06552513688802719,-0.9603440761566162,0.0,0.0,-0.33282637596130366,0.0,0.0
4.001,-0.01418463420122862,0.5443679690361023,-0.8998855948448181,-0.02535730041563511,-0.9514238834381104,0.0,0.0,-0.33282637596130366,0.0,0.0
4.014,-0.020832130685448647,0.5426836609840393,0.9428590536117551,-0.07008000463247299,-0.9612801074981688,0.0,0.0,-0.33282637596130366,0.0,0.0
4.027,-0.013709815219044684,0.5445398092269897,-0.9284980297088624,-0.03080889396369457,-0.9526514410972595,0.0,0.0,-0.33282637596130366,0.0,0.0
4.041,-0.019622847437858585,0.5431058406829834,0.9656108617782592,-0.049550857394933694,-0.9567588567733764,0.0,0.0,-0.33282637596130366,0.0,0.0
4.054,-0.013240533880889416,0.5447086691856384,-0.9532190561294557,-0.03379068151116371,-0.9533232450485228,0.0,0.0,-0.33282637596130366,0.0,0.0
4.067,-0.020495288074016568,0.5428091883659363,0.9465739130973818,-0.023517293855547905,-0.9511063098907471,0.0,0.0,-0.33282637596130366,0.0,0.0
4.081,-0.013250154443085194,0.5447089672088623,-0.9249485731124878,-0.039560914039611816,-0.9546290636062622,0.0,0.0,-0.33282637596130366,0.0,0.0
4.094,-0.02702111378312111,0.5403271913528441,-0.1731477677822113,-0.02854551374912262,-0.9522682428359984,0.0,0.0,-0.33282637596130366,0.0,0.0
4.107,-0.014584526419639587,0.544244647026062,0.5501791834831238,-0.045352570712566376,-0.9559226036071776,0.0,0.0,-0.33282637596130366,0.0,0.0
4.121,-0.02471737563610077,0.5411585569381714,-0.4082322120666504,-0.03421299159526825,-0.9535529613494872,0.0,0.0,-0.33282637596130366,0.0,0.0
4.134,-0.014376753941178322,0.5443305969238281,0.4382818937301636,-0.050917841494083405,-0.9571547508239746,0.0,0.0,-0.33282637596130366,0.0,0.0
4.147,-0.02764102630317211,0.5401346683502197,-0.500759482383728,-0.03993305563926697,-0.9548315405845642,0.0,0.0,-0.33282637596130366,0.0,0.0
4.161,-0.014470796100795267,0.5443071722984314,0.5674324631690979,-0.055541642010211945,-0.9581841230392456,0.0,0.0,-0.33282637596130366,0.0,0.0
4.174,-0.02832203172147274,0.5399055480957031,-0.5513392090797424,-0.045459508895874016,-0.9560507535934448,0.0,0.0,-0.33282637596130366,0.0,0.0
4.187,-0.014024838805198668,0.5444743633270264,0.6083897948265076,-0.036141276359558105,-0.9539855718612672,0.0,0.0,-0.33282637596130366,0.0,0.0
4.201,-0.028831096366047856,0.5397369265556335,-0.5954660177230835,-0.0484134517610073,-0.9566960334777832,0.0,0.0,-0.33282637596130366,0.0,0.0
4.214,-0.013108509592711926,0.5448062419891356,0.6606928706169128,-0.009161628782749176,-0.9477144479751587,0.0,0.0,-0.33282637596130366,0.0,0.0
4.227,-0.02901684120297432,0.5396817922592163,-0.6461530923843384,-0.05414223298430442,-0.9579347372055053,0.0,0.0,-0.33282637596130366,0.0,0.0
4.241,-0.011775207705795763,0.5452830791473389,0.7147327065467834,-0.013924410566687584,-0.9488031864166259,0.0,0.0,-0.33282637596130366,0.0,0.0
4.254,-0.02888901904225349,0.5397362709045409,-0.6991982460021973,-0.059930164366960526,-0.9591690301895139,0.0,0.0,-0.33282637596130366,0.0,0.0
4.267,-0.01019267737865448,0.5458446741104126,0.7652655243873597,-0.019510380923748016,-0.9500877857208253,0.0,0.0,-0.33282637596130366,0.0,0.0
4.28,-0.02851970307528973,0.5398741364479065,-0.7496595382690429,-0.06551996618509293,-0.9603438377380371,0.0,0.0,-0.33282637596130366,0.0,0.0
4.294,-0.008650301024317741,0.5463894605636597,0.8063099980354309,-0.02519276924431324,-0.9513841867446899,0.0,0.0,-0.33282637596130366,0.0,0.0
4.307,-0.028034020215272903,0.5400514602661133,-0.7909700274467468,-0.07030346244573593,-0.9613291025161744,0.0,0.0,-0.33282637596130366,0.0,0.0
4.321,-0.00736318016424775,0.5468428730964661,0.8354410529136658,-0.03072136454284191,-0.9526304006576538,0.0,0.0,-0.33282637596130366,0.0,0.0
4.334,-0.027543632313609123,0.5402289628982544,-0.8204586505889891,-0.05158058926463127,-0.9571999311447144,0.0,0.0,-0.33282637596130366,0.0,0.0
4.347,-0.0061772954650223255,0.5472595691680908,0.8584901690483093,-0.03376397117972374,-0.9533135890960691,0.0,0.0,-0.33282637596130366,0.0,0.0
4.361,-0.027060454711318016,0.5404027104377747,-0.8454948663711549,-0.022715408354997635,-0.9509297609329224,0.0,0.0,-0.33282637596130366,0.0,0.0
4.374,-0.006148460321128368,0.5472721457481384,0.8563555479049682,-0.03974807262420654,-0.9546639919281006,0.0,0.0,-0.33282637596130366,0.0,0.0
4.387,-0.026843531057238575,0.5404834747314453,-0.8380159735679625,-0.028282951563596725,-0.9522112607955933,0.0,0.0,-0.33282637596130366,0.0,0.0
4.401,-0.0157199464738369,0.5437606573104857,-0.3309600055217743,-0.045707069337368005,-0.9559911489486694,0.0,0.0,-0.33282637596130366,0.0,0.0
4.414,-0.029040975496172905,0.5397212505340576,0.7038965821266174,-0.03417041525244713,-0.9535444378852845,0.0,0.0,-0.33282637596130366,0.0,0.0
4.427,-0.008283495903015137,0.5464258193969728,-0.3546148538589477,-0.05149543285369873,-0.9572677612304688,0.0,0.0,-0.33282637596130366,0.0,0.0
4.441,-0.02812383696436882,0.5400691628456116,0.3669597208499909,-0.04005150496959686,-0.9548581838607789,0.0,0.0,-0.33282637596130366,0.0,0.0
4.454,-0.014074205420911312,0.5443708896636963,-0.5578413605690001,-0.05661889538168907,-0.9584004878997802,0.0,0.0,-0.33282637596130366,0.0,0.0
4.467,-0.02819099836051464,0.5400604605674744,0.6643853783607483,-0.045770298689603806,-0.9561188220977784,0.0,0.0,-0.33282637596130366,0.0,0.0
4.481,-0.014659608714282513,0.5441700220108032,-0.6500780582427979,-0.027127841487526894,-0.9519506692886353,0.0,0.0,-0.33282637596130366,0.0,0.0
4.494,-0.027671709656715397,0.5402568578720093,0.710316002368927,-0.04882017523050308,-0.9567843675613404,0.0,0.0,-0.33282637596130366,0.0,0.0
4.507,-0.015095525421202185,0.5440222620964049,-0.6997659802436829,-0.011064674705266953,-0.9481827020645139,0.0,0.0,-0.33282637596130366,0.0,0.0
4.521,-0.026669584214687347,0.5406204462051392,0.7674202322959901,-0.05414539948105812,-0.9579344987869263,0.0,0.0,-0.33282637596130366,0.0,0.0
4.534,-0.015218151733279228,0.5439854860305786,-0.754829466342926,-0.014921541325747969,-0.9490538835525512,0.0,0.0,-0.33282637596130366,0.0,0.0
4.547,-0.02526055835187435,0.5411231517791748,0.8242048025131226,-0.05957627296447754,-0.9590917229652404,0.0,0.0,-0.33282637596130366,0.0,0.0
4.561,-0.015043044462800026,0.544053852558136,-0.8100584149360656,-0.02005627192556858,-0.9502277970314026,0.0,0.0,-0.33282637596130366,0.0,0.0
4.574,-0.02364064194262028,0.541695773601532,0.8750326633453369,-0.06468865275382996,-0.9601644277572634,0.0,0.0,-0.33282637596130366,0.0,0.0
4.587,-0.014651124365627766,0.5441981554031372,-0.860258162021637,-0.025394355878233913,-0.9514404535293581,0.0,0.0,-0.33282637596130366,0.0,0.0
4.601,-0.02211145311594009,0.5422335267066956,0.9145483374595642,-0.06843732297420502,-0.9609283208847045,0.0,0.0,-0.33282637596130366,0.0,0.0
4.614,-0.014168591238558292,0.5443733930587769,-0.8996240496635437,-0.03052265010774136,-0.9525922536849976,0.0,0.0,-0.33282637596130366,0.0,0.0
4.627,-0.020839521661400795,0.5426793098449707,0.9422242641448975,-0.053398497402668,-0.9576041102409363,0.0,0.0,-0.33282637596130366,0.0,0.0
4.641,-0.013691331259906292,0.5445458889007568,-0.9276509284973145,-0.03358680382370949,-0.9532779455184937,0.0,0.0,-0.33282637596130366,0.0,0.0
4.654,-0.019641706719994545,0.543097734451294,0.9644888043403624,-0.02383433282375336,-0.9511728286743165,0.0,0.0,-0.33282637596130366,0.0,0.0
4.667,-0.013219868764281271,0.544715404510498,-0.9518958330154419,-0.03921845555305481,-0.9545549154281616,0.0,0.0,-0.33282637596130366,0.0,0.0
4.681,-0.020572910085320476,0.542780876159668,0.9440124034881594,-0.0284636989235878,-0.9522473812103271,0.0,0.0,-0.33282637596130366,0.0,0.0
4.694,-0.013249923475086687,0.5447084903717041,-0.9221792221069337,-0.04491648823022842,-0.9558300375938416,0.0,0.0,-0.33282637596130366,0.0,0.0
4.707,-0.02680606208741665,0.5404022336006165,-0.16654059290885925,-0.03399021923542023,-0.9535018205642701,0.0,0.0,-0.33282637596130366,0.0,0.0
4.721,-0.014515478163957596,0.5442686676979065,0.5433127284049988,-0.05037368088960648,-0.9570409059524536,0.0,0.0,-0.33282637596130366,0.0,0.0
4.735,-0.024927010759711266,0.5410827398300171,-0.4174076020717621,-0.039617568254470825,-0.9547610282897949,0.0,0.0,-0.33282637596130366,0.0,0.0
4.748,-0.014360504224896433,0.5443357229232788,0.4494890570640564,-0.05482881888747215,-0.958034873008728,0.0,0.0,-0.33282637596130366,0.0,0.0
4.761,-0.02762185409665108,0.5401398539543152,-0.5032248497009277,-0.045055467635393136,-0.955962061882019,0.0,0.0,-0.33282637596130366,0.0,0.0
4.774,-0.014450744725763798,0.5443136692047119,0.5674749612808228,-0.04194374755024911,-0.9552772045135498,0.0,0.0,-0.33282637596130366,0.0,0.0
4.788,-0.028304211795330048,0.5399101972579956,-0.5514822602272034,-0.04828797653317452,-0.9566686153411864,0.0,0.0,-0.33282637596130366,0.0,0.0
4.801,-0.014008549973368645,0.5444795489311217,0.6083875894546509,-0.008085855282843113,-0.9474376440048218,0.0,0.0,-0.33282637596130366,0.0,0.0
4.814,-0.028807129710912704,0.5397437214851379,-0.5952380299568176,-0.0542772114276886,-0.9579639434814451,0.0,0.0,-0.33282637596130366,0.0,0.0
4.828,-0.013100887648761272,0.544808566570282,0.660084903240204,-0.013518081977963448,-0.9486913084983823,0.0,0.0,-0.33282637596130366,0.0,0.0
4.841,-0.020890610292553905,-0.08422984182834625,97.3088150024414,-0.0639432817697525,0.3614148795604706,0.0,0.0,0.19639213383197784,0.0,0.0
4.855,-0.05015150457620621,-0.2561738789081573,19.07869911193848,-0.11495433002710342,1.1916735172271729,0.0,0.0,0.6445456743240356,0.0,0.0
4.868,-0.06401447206735611,-0.344058632850647,16.969518661499023,-0.1638275682926178,1.7522425651550293,0.0,0.0,0.9306792616844176,0.0,0.0
4.881,-0.10333680361509325,-0.3606388568878174,-14.920321464538574,-0.21575805544853208,1.8281953334808352,0.0,0.0,0.9242900609970093,0.0,0.0
4.895,-0.14431704580783844,-0.3551892936229706,1.123530387878418,-0.2676164507865906,1.8268413543701167,0.0,0.0,0.9242900609970093,0.0,0.0
4.908,-0.17046871781349182,-0.3735451996326447,5.041580677032472,-0.3216131031513214,1.865087866783142,0.0,0.0,0.9704000353813171,0.0,0.0
4.921,-0.19310534000396729,-0.3190402090549469,2.9985888004302974,-0.3688300251960754,1.8659368753433228,0.0,0.0,0.9883382320404052,0.0,0.0
4.935,-0.22065843641757965,-0.2753477692604065,-10.529610633850098,-0.4159981608390808,1.7915263175964355,0.0,0.0,0.9454049468040465,0.0,0.0
4.948,-0.24313379824161527,-0.27438318729400635,2.5825381278991695,-0.46368449926376337,1.7759250402450562,0.0,0.0,0.9454049468040465,0.0,0.0
4.961,-0.26531827449798584,-0.2595713138580322,-10.245855331420898,-0.5149255394935608,1.6662861108779907,0.0,0.0,0.8895657062530516,0.0,0.0
4.975,-0.2843809723854065,-0.24687983095645905,0.4068329930305481,-0.5641962885856628,1.565340518951416,0.0,0.0,0.8574738502502441,0.0,0.0
4.988,-0.3063147366046905,-0.24556507170200348,1.1088743209838867,-0.6136802434921265,1.4674983024597168,0.0,0.0,0.8048002123832703,0.0,0.0
5.001,-0.31550681591033936,-0.18329504132270813,-17.230710983276367,-0.6654084324836731,1.2693579196929932,0.0,0.0,0.7563225030899048,0.0,0.0
5.014,-0.3263523280620575,-0.19747121632099152,-0.7796019315719603,-0.7187032103538513,1.220284938812256,0.0,0.0,0.7303741574287415,0.0,0.0
5.028,-0.3648209273815155,-0.20554018020629883,-0.41829273104667664,-0.7706580162048339,1.176445484161377,0.0,0.0,0.7098369002342224,0.0,0.0
5.041,-0.3752434253692627,-0.20212170481681824,0.48976242542266846,-0.8234511613845825,1.1156983375549316,0.0,0.0,0.6829761266708374,0.0,0.0
5.055,-0.41194528341293335,-0.21416030824184415,1.1312328577041626,-0.8792836666107178,1.0945670604705813,0.0,0.0,0.6734137535095215,0.0,0.0
5.068,-0.44929105043411255,-0.2385370582342148,2.0745232105255127,-0.9353293180465697,1.11338472366333,0.0,0.0,0.6894627809524536,0.0,0.0
5.081,-0.4621450901031494,-0.25046417117118835,0.37761703133583063,-0.988103210926056,1.1171832084655762,0.0,0.0,0.7041493654251099,0.0,0.0
5.095,-0.4900487363338471,-0.23597341775894165,-2.433295488357544,-1.0191640853881836,1.0954294204711914,0.0,0.0,0.6971798539161682,0.0,0.0
5.108,-0.5129386782646179,-0.211199089884758,-2.491915225982666,-1.0294101238250732,1.0745444297790527,0.0,0.0,0.6792185306549072,0.0,0.0
5.121,-0.5310528874397278,-0.1897051185369492,3.881648063659668,-1.026127815246582,1.1225104331970217,0.0,0.0,0.7180514335632324,0.0,0.0
5.135,-0.5437663197517395,-0.19201020896434784,6.14851713180542,-1.0212886333465576,1.1990946531295776,0.0,0.0,0.7826550602912903,0.0,0.0
5.148,-0.5559951066970825,-0.20136700570583344,-2.964911460876465,-1.019026517868042,1.206030011177063,0.0,0.0,0.7826550602912903,0.0,0.0
5.161,-0.5868502855300903,-0.2396822571754456,14.435256958007812,-1.064813256263733,1.361528396606445,0.0,0.0,0.8907197713851928,0.0,0.0
5.174,-0.5711187124252319,-0.2242966592311859,-4.480294704437256,-1.0634031295776367,1.3661723136901855,0.0,0.0,0.8887491226196289,0.0,0.0
5.188,-0.5573320984840393,-0.2361377477645874,-6.491815090179443,-1.0455602407455444,1.3374383449554443,0.0,0.0,0.8420422077178955,0.0,0.0
5.201,-0.5468494892120361,-0.22767843306064608,-5.510665416717528,-1.0276774168014526,1.3028007745742798,0.0,0.0,0.7830038070678712,0.0,0.0
5.214,-0.5793725252151489,-0.2752583622932434,-1.7135895490646362,-1.0175530910491943,1.2884371280670166,0.0,0.0,0.7550626397132874,0.0,0.0
5.228,-0.5759236812591553,-0.28227394819259644,4.133007049560546,-1.0028765201568604,1.270395040512085,0.0,0.0,0.7706035375595092,0.0,0.0
5.241,-0.5657093524932861,-0.25726303458213806,6.129879951477051,-0.9834443330764769,1.2659564018249512,0.0,0.0,0.8055538535118102,0.0,0.0
5.255,-0.5288384556770325,-0.22818836569786072,3.0484378337860107,-0.9679873585700989,1.2687615156173706,0.0,0.0,0.8261168599128723,0.0,0.0
5.268,-0.4839409291744232,-0.188527911901474,-1.9794210195541384,-0.9438813328742979,1.2626638412475586,0.0,0.0,0.816425859928131,0.0,0.0
5.281,-0.4629422128200531,-0.1341560333967209,-10.567930221557615,-0.8899261951446533,1.15401291847229,0.0,0.0,0.7359090447425841,0.0,0.0
5.295,-0.442576676607132,-0.12061687558889388,2.0993425846099854,-0.8463491201400756,1.162927746772766,0.0,0.0,0.7359090447425841,0.0,0.0
5.308,-0.4790681600570679,-0.1351632922887802,-6.8200368881225595,-0.8419194817543031,1.1068617105484009,0.0,0.0,0.7006319761276245,0.0,0.0
5.321,-0.4864350259304047,-0.1916082501411438,-0.4706963896751404,-0.8247392773628235,1.171379566192627,0.0,0.0,0.7386549711227418,0.0,0.0
5.335,-0.4798866212368012,-0.17535874247550964,7.232603073120117,-0.7963491082191467,1.259626865386963,0.0,0.0,0.7927210330963136,0.0,0.0
5.348,-0.4743229746818543,-0.1751076579093933,-2.796752691268921,-0.7799392938613892,1.2764735221862793,0.0,0.0,0.7927210330963136,0.0,0.0
5.361,-0.4301130473613739,-0.06069929152727127,7.994967460632323,-0.7489086389541626,1.3265492916107178,0.0,0.0,0.8015831112861633,0.0,0.0
5.375,-0.41435977816581726,-0.041257888078689575,-4.952211380004883,-0.7410493493080139,1.329899787902832,0.0,0.0,0.7824769020080566,0.0,0.0
5.388,-0.41255584359169006,-0.04232014715671539,-0.05847886204719544,-0.7243169546127318,1.3607110977172852,0.0,0.0,0.7821624279022218,0.0,0.0
5.401,-0.44294214248657227,-0.08255285024642944,-2.4851202964782715,-0.7245064973831178,1.4319992065429688,0.0,0.0,0.7977202534675598,0.0,0.0
5.415,-0.475460410118103,-0.11508221924304962,1.3647772073745728,-0.7213860750198364,1.4972927570343018,0.0,0.0,0.8089196681976318,0.0,0.0
5.428,-0.4243341982364655,-0.13021039962768555,1.9005014896392824,-0.6431795954704285,1.5915945768356323,0.0,0.0,0.8174506425857544,0.0,0.0
5.441,-0.37453445792198176,-0.11906519532203674,1.7268798351287842,-0.5641730427742004,1.6288074254989624,0.0,0.0,0.8347838521003723,0.0,0.0
5.455,-0.3232728242874145,-0.089374840259552,3.624795198440552,-0.48622572422027593,1.5820631980895996,0.0,0.0,0.8584117293357849,0.0,0.0
5.468,-0.3001225292682648,-0.06762026250362396,2.5331048965454106,-0.47088295221328735,1.5097057819366455,0.0,0.0,0.8744118213653564,0.0,0.0
5.481,-0.34121525287628174,-0.049802713096141815,-2.7991576194763184,-0.5262532234191896,1.4824044704437256,0.0,0.0,0.8534660339355469,0.0,0.0
5.495,-0.38156700134277344,-0.01782621443271637,-5.841813087463378,-0.5762163400650024,1.43159818649292,0.0,0.0,0.8534660339355469,0.0,0.0
5.508,-0.3381511867046356,0.0232728123664856,-4.450464248657227,-0.5730919241905212,1.4113538265228271,0.0,0.0,0.8403482437133789,0.0,0.0
5.521,-0.3643418848514557,0.03885653614997864,-7.837986946105957,-0.5857059955596924,1.3374086618423462,0.0,0.0,0.7916990518569945,0.0,0.0
5.535,-0.3929919302463532,0.03237342834472656,2.244490385055542,-0.5974757671356201,1.3415238857269287,0.0,0.0,0.758417308330536,0.0,0.0
5.548,-0.34418073296546936,0.015929415822029114,-0.6521120667457581,-0.5247297286987305,1.3297592401504517,0.0,0.0,0.758417308330536,0.0,0.0
5.561,-0.3003441393375397,-0.01858440786600113,1.7217501401901243,-0.45510175824165344,1.297328233718872,0.0,0.0,0.7190459370613098,0.0,0.0
5.575,-0.31274771690368647,-0.016169473528862,1.3922843933105469,-0.5011643171310425,1.2286386489868164,0.0,0.0,0.6996846199035645,0.0,0.0
5.588,-0.29529663920402527,-0.014542274177074432,-0.9386256337165833,-0.5072086453437805,1.197306513786316,0.0,0.0,0.6874682903289795,0.0,0.0
5.601,-0.3301611840724945,-0.07504840940237045,0.10546445846557616,-0.5476700663566588,1.21410870552063,0.0,0.0,0.680374026298523,0.0,0.0
5.615,-0.2946262061595917,-0.09677451848983763,-0.02928301692008972,-0.47612348198890686,1.2444360256195068,0.0,0.0,0.6717498302459717,0.0,0.0
5.628,-0.2674272060394287,-0.09542996436357498,-0.4714742302894592,-0.40623369812965393,1.2486257553100586,0.0,0.0,0.6633276343345642,0.0,0.0
5.641,-0.28809067606925964,-0.07065895199775696,-1.5716582536697388,-0.4543446600437164,1.1861975193023682,0.0,0.0,0.6610480546951294,0.0,0.0
5.655,-0.3278664946556092,-0.036287501454353326,-1.2380897998809814,-0.5050366520881653,1.164992094039917,0.0,0.0,0.6675292253494263,0.0,0.0
5.668,-0.2939353883266449,-0.012129023671150208,0.47418102622032166,-0.4476962983608246,1.149188995361328,0.0,0.0,0.6695601940155029,0.0,0.0
5.681,-0.27163589000701904,-0.008795529603958132,-1.0680533647537231,-0.3966829776763916,1.1418999433517456,0.0,0.0,0.6099812984466553,0.0,0.0
5.695,-0.23978327214717865,-0.015901833772659302,-2.4216134548187256,-0.3732583224773407,1.1155691146850586,0.0,0.0,0.6099812984466553,0.0,0.0
5.708,-0.26739859580993647,-0.0480811670422554,-1.8304958343505855,-0.39365187287330633,1.0822237730026243,0.0,0.0,0.5927544832229614,0.0,0.0
5.721,-0.2808462083339691,-0.11898314207792282,8.77474594116211,-0.3973433673381805,1.2005462646484375,0.0,0.0,0.6288046836853027,0.0,0.0
5.735,-0.29285484552383423,-0.11937327682971954,-2.7087595462799072,-0.3850761950016022,1.2697510719299316,0.0,0.0,0.6478691101074219,0.0,0.0
5.748,-0.29970255494117737,-0.14491847157478333,7.9415178298950195,-0.3683967292308808,1.394766926765442,0.0,0.0,0.6478691101074219,0.0,0.0
5.761,-0.25061172246932983,-0.18906503915786743,18.750694274902344,-0.31279730796813965,1.5721981525421145,0.0,0.0,0.7201067209243774,0.0,0.0
5.775,-0.19877149164676663,-0.21703220903873444,5.795283317565918,-0.2500979006290436,1.659816026687622,0.0,0.0,0.7785456180572509,0.0,0.0
5.788,-0.1746053546667099,-0.2189416736364365,-4.225790977478027,-0.1796058565378189,1.6358528137207031,0.0,0.0,0.7785456180572509,0.0,0.0
5.801,-0.14528366923332214,-0.26007094979286194,16.755754470825195,-0.1652064472436905,1.6581127643585205,0.0,0.0,0.8418564796447755,0.0,0.0
5.815,-0.12165191769599916,-0.30602291226387024,-6.750132083892822,-0.14990830421447754,1.609149694442749,0.0,0.0,0.8303435444831848,0.0,0.0
5.828,-0.15904225409030914,-0.34686994552612305,-5.3341312408447275,-0.2019932717084885,1.5270280838012695,0.0,0.0,0.8067539930343629,0.0,0.0
5.841,-0.19396641850471497,-0.3614320755004882,-6.103089332580566,-0.24697422981262207,1.4513962268829346,0.0,0.0,0.784052848815918,0.0,0.0
5.855,-0.22494076192379,-0.3655193448066712,-5.481071472167969,-0.28748789429664606,1.40144944190979,0.0,0.0,0.7590174674987794,0.0,0.0
5.868,-0.18436536192893985,-0.41660720109939575,-3.973343849182129,-0.26857420802116394,1.3678202629089355,0.0,0.0,0.6330618262290955,0.0,0.0
5.881,-0.1809674054384232,-0.5420603156089783,-39.94201660156249,-0.2972056567668915,0.8795197010040283,0.0,0.0,0.24236205220222476,0.0,0.0
5.895,-0.17673197388648987,-0.542914092540741,13.775923728942873,-0.3275136947631836,0.8502852916717529,0.0,0.0,0.24236205220222476,0.0,0.0
5.908,-0.20482833683490756,-0.2564320266246796,-20.630062103271484,-0.3768710196018219,0.445362001657486,0.0,0.0,0.2523350715637207,0.0,0.0
5.921,-0.23208129405975345,-0.29960256814956665,14.127897262573242,-0.3684283494949341,0.5334887504577637,0.0,0.0,0.1909489631652832,0.0,0.0
5.935,-0.22833724319934845,-0.4869876503944397,8.362306594848633,-0.32850369811058044,0.7579017281532286,0.0,0.0,0.23427981138229367,0.0,0.0
5.948,-0.22507284581661224,-0.5470294952392578,-4.662001132965088,-0.3012315630912781,0.750707507133484,0.0,0.0,0.23427981138229367,0.0,0.0
5.961,-0.1784450113773346,-0.7479968070983887,23.821866989135746,-0.24666959047317505,1.0131990909576416,0.0,0.0,0.18542148172855377,0.0,0.0
5.975,-0.13306866586208344,-0.7765952944755553,-0.2098191529512405,-0.2210417091846466,1.0331127643585205,0.0,0.0,0.17348675429821014,0.0,0.0
5.988,-0.08247987180948257,-0.7896382808685303,-8.644043922424316,-0.15861250460147858,0.9177232980728147,0.0,0.0,0.16382147371768951,0.0,0.0
6.001,-0.06411413848400116,-0.7651285529136658,-5.584466457366944,-0.15210825204849243,0.7178934812545776,0.0,0.0,0.15745575726032257,0.0,0.0
6.015,-0.049184154719114304,-0.6318446397781372,-16.818965911865234,-0.09325265884399414,0.45703655481338495,0.0,0.0,0.15595610439777374,0.0,0.0
6.028,-0.035406533628702164,-0.43845465779304493,-13.63693618774414,-0.037525009363889694,0.22233116626739505,0.0,0.0,0.15395881235599518,0.0,0.0
6.041,-0.02281396836042404,-0.23660948872566223,-8.504265785217285,0.016158470883965492,0.04253347218036652,0.0,0.0,0.14827103912830353,0.0,0.0
6.055,-0.01113419234752655,-0.05231456086039543,-4.737316131591797,0.06875491142272949,-0.09672467410564423,0.0,0.0,0.1306179016828537,0.0,0.0
6.068,-0.0011680747848004105,0.10537892580032349,-3.5057408809661865,0.11977165937423706,-0.22020402550697327,0.0,0.0,0.09536980092525482,0.0,0.0
6.081,0.0032586471643298864,0.22877097129821777,-3.704602718353272,0.13858287036418915,-0.380915641784668,0.0,0.0,0.007911935448646545,0.0,0.0
6.095,-0.013658084906637669,0.3176230788230896,-4.795621871948241,0.141008660197258,-0.41987812519073486,0.0,0.0,0.007911935448646545,0.0,0.0
6.108,-0.05932367593050003,0.3690593838691712,-7.793941497802734,0.0885007381439209,-0.5429655313491821,0.0,0.0,-0.03418184071779251,0.0,0.0
6.122,-0.048580225557088845,0.4815675616264343,-18.565195083618164,0.0766528770327568,-0.7828093767166138,0.0,0.0,-0.08891335129737854,0.0,0.0
6.135,-0.03559451177716255,0.4851537048816681,7.98355484008789,0.11413807421922684,-0.8432790637016296,0.0,0.0,-0.09216199815273285,0.0,0.0
6.148,-0.008373612537980078,0.5794902443885803,-6.475444793701172,0.1084657907485962,-0.8993792533874511,0.0,0.0,-0.09216199815273285,0.0,0.0
6.161,-0.0038855737075209618,0.7786900997161865,-2.0844876766204834,0.1287808120250702,-1.0659167766571045,0.0,0.0,-0.06390351057052612,0.0,0.0
6.175,-0.04123088717460632,0.8975882530212401,-4.598910808563232,0.12432613968849182,-1.1199547052383425,0.0,0.0,-0.08010243624448776,0.0,0.0
6.188,-0.07141952961683273,0.8863344192504883,-1.9384994506835935,0.08065499365329742,-1.1126329898834229,0.0,0.0,-0.11298198997974396,0.0,0.0
6.201,-0.0961761325597763,1.05246102809906,-8.50982666015625,0.03411557525396347,-1.1654225587844849,0.0,0.0,-0.13877591490745544,0.0,0.0
6.215,-0.11433430016040802,0.8961098194122313,11.450347900390623,-0.015121607109904288,-1.037376880645752,0.0,0.0,-0.1288740038871765,0.0,0.0
6.228,-0.13174015283584595,0.6100393533706665,9.534748077392578,-0.07786691933870316,-0.8396475315093994,0.0,0.0,-0.0966561958193779,0.0,0.0
6.241,-0.1478845328092575,0.3066379129886627,6.806136608123779,-0.13426560163497925,-0.6590315699577332,0.0,0.0,-0.07574284076690675,0.0,0.0
6.255,-0.16312749683856964,0.11511886864900588,6.564438343048096,-0.13964471220970154,-0.528878688812256,0.0,0.0,-0.06402995437383652,0.0,0.0
6.268,-0.15569458901882172,0.06698597222566605,5.175943374633789,-0.12144128233194353,-0.44327932596206665,0.0,0.0,-0.05294286087155342,0.0,0.0
6.281,-0.15109235048294067,0.0852723717689514,2.4530186653137207,-0.1503494381904602,-0.2960845232009888,0.0,0.0,-0.03499116003513336,0.0,0.0
6.295,-0.16743923723697662,0.11762899160385132,1.1337898969650269,-0.1937306970357895,-0.20526066422462463,0.0,0.0,-0.03499116003513336,0.0,0.0
6.308,-0.20859503746032715,0.14890454709529877,2.0765058994293213,-0.2459665536880493,-0.15072302520275116,0.0,0.0,-0.025735182687640194,0.0,0.0
6.321,-0.20656889677047727,0.18715491890907288,6.104588985443115,-0.25793585181236267,-0.09789264202117921,0.0,0.0,-0.013634130358695984,0.0,0.0
6.335,-0.23847196996212008,0.17834694683551788,-4.202032566070557,-0.296699583530426,-0.06380070745944977,0.0,0.0,-0.008312000893056393,0.0,0.0
6.348,-0.23543962836265564,0.15159758925437927,2.431435823440552,-0.2509538531303406,-0.03312946856021881,0.0,0.0,-0.008312000893056393,0.0,0.0
6.361,-0.22681069374084475,0.14677277207374573,0.07013753056526184,-0.2000192552804947,-0.020497523248195648,0.0,0.0,0.01835351623594761,0.0,0.0
6.375,-0.22158755362033844,0.1698056310415268,0.35040992498397827,-0.1544589400291443,-0.028671575710177425,0.0,0.0,0.031103428453207016,0.0,0.0
6.389,-0.21693889796733856,0.16945087909698486,0.1727700233459473,-0.1579394489526749,-0.028445057570934296,0.0,0.0,0.02490783855319023,0.0,0.0
6.401,-0.2503536641597748,0.250698983669281,-7.874178886413574,-0.20486661791801453,-0.12125278264284134,0.0,0.0,-0.0015047462657094002,0.0,0.0
6.415,-0.22392810881137848,0.3234105110168457,-6.183816909790039,-0.19239667057991028,-0.2121543735265732,0.0,0.0,-0.03363286703824997,0.0,0.0
6.428,-0.22308826446533203,0.38543927669525146,-9.092097282409668,-0.16641470789909363,-0.3041597008705139,0.0,0.0,-0.06590808928012848,0.0,0.0
6.441,-0.20265066623687744,0.4587151408195496,-4.014572620391846,-0.12570403516292572,-0.35800397396087646,0.0,0.0,-0.10571897029876708,0.0,0.0
6.455,-0.1743302047252655,0.5268871784210205,-2.934978008270264,-0.08210988342761993,-0.38586783409118647,0.0,0.0,-0.14351734519004822,0.0,0.0
6.468,-0.18540032207965848,0.5826242566108704,0.6667859554290771,-0.07693644613027571,-0.4117941856384277,0.0,0.0,-0.15588460862636566,0.0,0.0
6.481,-0.20413866639137268,0.5998519659042358,2.1367683410644527,-0.11278221011161804,-0.43142139911651606,0.0,0.0,-0.14922848343849182,0.0,0.0
6.495,-0.236407533288002,0.5333666801452637,1.6389950513839722,-0.15123113989830017,-0.4333358407020569,0.0,0.0,-0.15185165405273438,0.0,0.0
6.508,-0.25780835747718805,0.4550249576568604,-0.1902155578136444,-0.20742157101631165,-0.43693476915359497,0.0,0.0,-0.16758064925670624,0.0,0.0
6.521,-0.2294042408466339,0.45029139518737793,-4.036460876464844,-0.1729310303926468,-0.43945652246475214,0.0,0.0,-0.19912204146385196,0.0,0.0
6.535,-0.20186032354831696,0.4596127867698669,0.8207738399505614,-0.17925897240638733,-0.4473502039909362,0.0,0.0,-0.19912204146385196,0.0,0.0
6.548,-0.21879665553569796,0.5002016425132751,-3.189352035522461,-0.23011593520641327,-0.4588048160076141,0.0,0.0,-0.214566171169281,0.0,0.0
6.561,-0.2650244235992432,0.4689509570598602,-2.3470044136047363,-0.2774622142314911,-0.507817268371582,0.0,0.0,-0.25540512800216675,0.0,0.0
6.575,-0.3113754093647003,0.41073802113533026,0.6953760981559753,-0.31278163194656367,-0.530063271522522,0.0,0.0,-0.27734151482582087,0.0,0.0
6.588,-0.3001791834831238,0.37474268674850464,0.13231337070465088,-0.28975969552993774,-0.5141344070434569,0.0,0.0,-0.3059718906879425,0.0,0.0
6.602,-0.31382390856742853,0.35466352105140686,0.14115795493125916,-0.3107799291610718,-0.5299028158187865,0.0,0.0,-0.3408498167991638,0.0,0.0
6.615,-0.29526287317276,0.3590835928916931,0.3802187740802765,-0.25986626744270325,-0.5444366335868835,0.0,0.0,-0.37015166878700256,0.0,0.0
6.628,-0.30972716212272644,0.3519987165927887,-0.26059895753860474,-0.2883521020412445,-0.5884516835212708,0.0,0.0,-0.3789660930633545,0.0,0.0
6.641,-0.2981317639350891,0.3293583393096924,0.5978129506111145,-0.24404600262641907,-0.5562454462051392,0.0,0.0,-0.37332737445831293,0.0,0.0
6.655,-0.28179091215133667,0.2963939309120178,0.8785530924797058,-0.19612811505794525,-0.5263241529464722,0.0,0.0,-0.37332737445831293,0.0,0.0
6.668,-0.25314560532569885,0.28435832262039185,1.2741967439651487,-0.17909781634807587,-0.516731858253479,0.0,0.0,-0.3843074440956116,0.0,0.0
6.681,-0.29048943519592285,0.26234501600265503,-0.5404159426689148,-0.20258967578411105,-0.5219810605049133,0.0,0.0,-0.3600035309791565,0.0,0.0
6.695,-0.3211786448955536,0.24471727013587952,1.4094158411026,-0.20229738950729367,-0.4965992569923401,0.0,0.0,-0.33482491970062256,0.0,0.0
6.708,-0.29871222376823425,0.238387867808342,2.3786520957946777,-0.15614022314548492,-0.47892504930496216,0.0,0.0,-0.33482491970062256,0.0,0.0
6.721,-0.27142712473869324,0.26661866903305054,5.491246223449707,-0.1323171108961105,-0.4249600172042847,0.0,0.0,-0.307216614484787,0.0,0.0
6.735,-0.29552340507507324,0.26039189100265503,-2.4739801883697514,-0.1762845367193222,-0.430820345878601,0.0,0.0,-0.2699915170669556,0.0,0.0
6.748,-0.3224023282527924,0.24888698756694796,5.134333610534668,-0.22593736648559568,-0.3727248013019562,0.0,0.0,-0.2699915170669556,0.0,0.0
6.762,-0.31501105427742004,0.18990986049175265,7.426793098449707,-0.21423569321632385,-0.215961754322052,0.0,0.0,-0.19193735718727112,0.0,0.0
6.775,-0.28923866152763367,0.19388580322265625,-1.1342995166778564,-0.16890491545200348,-0.14596998691558838,0.0,0.0,-0.17777356505393982,0.0,0.0
6.788,-0.2613942325115204,0.20203295350074768,-0.4377666711807251,-0.1592228263616562,-0.11785021424293518,0.0,0.0,-0.152984157204628,0.0,0.0
6.802,-0.3003315031528473,0.17470461130142212,7.227675914764403,-0.19528473913669583,-0.03926674649119377,0.0,0.0,-0.10664436221122742,0.0,0.0
6.815,-0.3410751521587372,0.15393878519535065,2.149571418762207,-0.2025253921747208,0.0323156863451004,0.0,0.0,-0.06798695027828217,0.0,0.0
6.828,-0.32221010327339167,0.17312230169773102,1.5670369863510132,-0.19736379384994507,0.06594008207321167,0.0,0.0,-0.05212946236133576,0.0,0.0
6.841,-0.3550075888633728,0.17983995378017426,2.157759428024292,-0.24061180651187897,0.06480967998504639,0.0,0.0,-0.03435114771127701,0.0,0.0
6.855,-0.37433090806007385,0.1580631136894226,0.9214673042297363,-0.28769153356552124,0.07875844836235046,0.0,0.0,-0.009025828912854193,0.0,0.0
6.868,-0.35859212279319763,0.13349783420562744,0.2102863043546677,-0.2917177677154541,0.09561233222484589,0.0,0.0,0.0022584793623536825,0.0,0.0
6.881,-0.3327048420906067,0.1321164071559906,-0.7852803468704223,-0.2589756846427917,0.09092432260513304,0.0,0.0,-0.0033105968032032247,0.0,0.0
6.895,-0.3466527760028839,0.13063855469226837,-1.5061720609664917,-0.30002143979072565,0.0681123360991478,0.0,0.0,-0.009188363328576088,0.0,0.0
6.908,-0.37955009937286377,0.10680142045021056,-0.4009835422039032,-0.3374045789241791,0.05519462376832961,0.0,0.0,-0.009637370705604551,0.0,0.0
6.922,-0.3458561301231384,0.13328838348388672,-6.587522506713867,-0.3076971173286438,-0.030812662094831467,0.0,0.0,-0.039214204996824265,0.0,0.0
6.935,-0.3115444481372833,0.1428055763244629,2.6496536731719966,-0.27784997224807734,-0.030418839305639267,0.0,0.0,-0.039214204996824265,0.0,0.0
6.948,-0.3487558960914612,0.17635442316532135,-5.47067928314209,-0.3059455454349518,-0.1108512282371521,0.0,0.0,-0.0690927505493164,0.0,0.0
6.961,-0.3883799314498901,0.1830658167600632,-6.105025291442871,-0.35831934213638306,-0.18537959456443787,0.0,0.0,-0.11721943318843842,0.0,0.0
6.975,-0.3924703598022461,0.16279855370521543,-1.798759698867798,-0.38200950622558594,-0.18105672299861908,0.0,0.0,-0.13910457491874695,0.0,0.0
6.988,-0.3606720566749573,0.17908278107643127,0.706636905670166,-0.3297559320926666,-0.21170052886009216,0.0,0.0,-0.1524052619934082,0.0,0.0
7.002,-0.34029585123062134,0.2118210196495056,-2.802175283432007,-0.28368234634399414,-0.2523043751716614,0.0,0.0,-0.15796659886837006,0.0,0.0
7.015,-0.37993735074996954,0.22594940662384036,-0.1409299671649933,-0.33196619153022766,-0.27205950021743774,0.0,0.0,-0.163804292678833,0.0,0.0
7.028,-0.3683646321296692,0.2429419159889221,0.7252122759819031,-0.27996990084648127,-0.28006207942962646,0.0,0.0,-0.16764402389526367,0.0,0.0
7.041,-0.40526482462883,0.24405093491077423,1.0620876550674438,-0.27991679310798645,-0.2971433401107788,0.0,0.0,-0.1710655838251114,0.0,0.0
7.055,-0.4239521026611328,0.2624336779117584,0.4954375326633453,-0.33791306614875793,-0.3144737482070923,0.0,0.0,-0.18215951323509216,0.0,0.0
7.068,-0.44181364774703974,0.26244765520095825,-1.8490656614303589,-0.39383798837661743,-0.3065425157546997,0.0,0.0,-0.1939445436000824,0.0,0.0
7.081,-0.4063501954078674,0.2468455135822296,-2.2397551536560054,-0.37241530418396,-0.2852183282375336,0.0,0.0,-0.19902151823043823,0.0,0.0
7.095,-0.37485507130622864,0.2553531229496002,-1.1265993118286133,-0.33980345726013184,-0.27993491291999817,0.0,0.0,-0.19902151823043823,0.0,0.0
7.108,-0.3702857494354248,0.24110797047615048,-2.012941837310791,-0.30117473006248474,-0.28790050745010376,0.0,0.0,-0.19438950717449188,0.0,0.0
7.121,-0.4108487367630005,0.2376482784748077,0.09696632623672483,-0.35915771126747126,-0.30037763714790344,0.0,0.0,-0.20617416501045227,0.0,0.0
7.135,-0.4480478465557098,0.2256196290254593,-0.7590427994728088,-0.3731699585914612,-0.309751033782959,0.0,0.0,-0.21878567337989807,0.0,0.0
7.148,-0.4338195323944092,0.2285889685153961,3.2096519470214844,-0.36070531606674194,-0.30182409286499023,0.0,0.0,-0.21878567337989807,0.0,0.0
7.161,-0.4229497015476226,0.21045249700546265,-1.3876385688781738,-0.32875216007232666,-0.29585063457489014,0.0,0.0,-0.22326672077178955,0.0,0.0
7.175,-0.4417259991168976,0.1836673319339752,-0.539341926574707,-0.32303386926651,-0.28509414196014404,0.0,0.0,-0.2140136957168579,0.0,0.0
7.188,-0.4480308890342712,0.1766645461320877,1.655825972557068,-0.3535299301147461,-0.26371055841445923,0.0,0.0,-0.19196517765522003,0.0,0.0
7.201,-0.449991762638092,0.13862186670303345,3.317946195602417,-0.34627825021743774,-0.22409512102603912,0.0,0.0,-0.17310701310634613,0.0,0.0
7.215,-0.45126664638519287,0.13811537623405457,0.034460797905921936,-0.35915476083755493,-0.22147740423679352,0.0,0.0,-0.17524801194667816,0.0,0.0
7.228,-0.4404714405536652,0.14883342385292053,-2.364593029022217,-0.31860366463661194,-0.24000661075115204,0.0,0.0,-0.1901807934045792,0.0,0.0
7.242,-0.45867988467216486,0.1591518223285675,-1.831002116203308,-0.3578663468360901,-0.27715569734573364,0.0,0.0,-0.203257828950882,0.0,0.0
7.255,-0.46129646897315973,0.1581178605556488,-0.9295116662979126,-0.3345568776130676,-0.29680174589157104,0.0,0.0,-0.21534611284732816,0.0,0.0
7.268,-0.4824792444705963,0.14903289079666138,-0.884345531463623,-0.39116913080215454,-0.3170575499534607,0.0,0.0,-0.2324219644069672,0.0,0.0
7.280999999999999,-0.46882510185241694,0.16813689470291138,-0.9211689233779907,-0.3980983793735504,-0.3331871032714844,0.0,0.0,-0.260169118642807,0.0,0.0
7.295,-0.4883998036384583,0.17667430639266968,-2.884344577789306,-0.3992741107940674,-0.3451967239379883,0.0,0.0,-0.260169118642807,0.0,0.0
7.308,-0.460216760635376,0.191876083612442,-0.6280995607376099,-0.36193600296974177,-0.33559882640838623,0.0,0.0,-0.2544889450073242,0.0,0.0
7.320999999999999,-0.4688216149806976,0.15631386637687683,3.1286692619323726,-0.36351627111434937,-0.3050740361213684,0.0,0.0,-0.23635941743850708,0.0,0.0
7.335,-0.4751347005367279,0.15489628911018372,-0.6176635622978209,-0.3499657213687897,-0.29633018374443054,0.0,0.0,-0.2350589632987976,0.0,0.0
7.348,-0.4818431437015533,0.13531234860420227,1.507457256317139,-0.35686659812927246,-0.29267698526382446,0.0,0.0,-0.2350589632987976,0.0,0.0
7.361,-0.4607097208499909,0.156236469745636,1.84441876411438,-0.3366381227970124,-0.2841332852840424,0.0,0.0,-0.22982880473136905,0.0,0.0
7.375,-0.4871209263801575,0.1434195637702942,0.04647374153137207,-0.3756847679615021,-0.27188345789909363,0.0,0.0,-0.22899143397808075,0.0,0.0
7.388,-0.46291443705558777,0.15368732810020447,-0.3332667052745819,-0.3787828981876373,-0.267270565032959,0.0,0.0,-0.23357701301574707,0.0,0.0
7.401,-0.4948743283748626,0.10672389715909958,-1.8190830945968628,-0.41925451159477234,-0.28496524691581726,0.0,0.0,-0.23285023868083957,0.0,0.0
7.415,-0.5067686438560486,0.08953112363815308,-1.8440767526626587,-0.4241577684879303,-0.2843686044216156,0.0,0.0,-0.22257529199123385,0.0,0.0
7.428,-0.4857439398765564,0.09623768925666808,0.4828132688999176,-0.3773982226848602,-0.2683458626270294,0.0,0.0,-0.21633128821849823,0.0,0.0
7.442,-0.4614933729171753,0.10955881327390672,1.0395034551620483,-0.3588109612464905,-0.28416970372200007,0.0,0.0,-0.22280849516391757,0.0,0.0
7.455,-0.49927672743797297,0.09712782502174376,1.3563640117645264,-0.3796957433223725,-0.2929030656814575,0.0,0.0,-0.22967934608459475,0.0,0.0
7.468,-0.5339202284812927,0.07815264165401457,0.2131730318069458,-0.4309172332286834,-0.3165484666824341,0.0,0.0,-0.22382882237434387,0.0,0.0
7.482,-0.5669507384300232,0.04313290119171143,-0.5690887570381165,-0.46340447664260864,-0.28724583983421326,0.0,0.0,-0.21772763133049008,0.0,0.0
7.495,-0.5383012294769287,0.03413240611553192,-1.4887354373931885,-0.4226427376270294,-0.26715993881225586,0.0,0.0,-0.21772763133049008,0.0,0.0
7.508,-0.5074455142021179,0.036922812461853034,1.42252516746521,-0.4136924743652344,-0.2741238474845886,0.0,0.0,-0.22848165035247803,0.0,0.0
7.522,-0.5228820443153381,0.01198754459619522,1.8591798543930051,-0.4146590530872345,-0.2794415354728699,0.0,0.0,-0.2334711253643036,0.0,0.0
7.535,-0.4952197968959808,0.02236645668745041,-1.3069778680801392,-0.3885214924812317,-0.28624409437179565,0.0,0.0,-0.22531455755233765,0.0,0.0
7.548,-0.5105053186416626,-0.022228114306926727,-2.3067846298217773,-0.42249271273612976,-0.2795246243476868,0.0,0.0,-0.22531455755233765,0.0,0.0
7.562,-0.5495069026947021,-0.08903712779283524,0.5395084619522095,-0.4448911845684052,-0.26160192489624023,0.0,0.0,-0.202412024140358,0.0,0.0
7.575,-0.587085485458374,-0.09855227172374723,1.5140130519866943,-0.4922707378864288,-0.25976651906967163,0.0,0.0,-0.19341088831424716,0.0,0.0
7.588,-0.564443826675415,-0.09099765866994858,-0.8412346243858337,-0.4803508818149567,-0.2674500346183777,0.0,0.0,-0.19511735439300537,0.0,0.0
7.602,-0.5789247751235962,-0.12776899337768555,-0.9256504178047181,-0.5020910501480104,-0.2467875182628632,0.0,0.0,-0.20363470911979675,0.0,0.0
7.615,-0.5498626232147217,-0.13852085173130035,-0.7802076339721679,-0.44629183411598206,-0.22922134399414065,0.0,0.0,-0.2074163258075714,0.0,0.0
7.628,-0.5726679563522339,-0.15653066337108612,1.4158464670181274,-0.44312798976898193,-0.22107435762882235,0.0,0.0,-0.20105406641960144,0.0,0.0
7.642,-0.556490957736969,-0.1521645486354828,-0.2692088484764099,-0.42976236343383784,-0.1858232021331787,0.0,0.0,-0.189365416765213,0.0,0.0
7.655,-0.5389357209205627,-0.1407262682914734,-0.8538320660591124,-0.4087368845939636,-0.16715559363365173,0.0,0.0,-0.1846849024295807,0.0,0.0
7.668,-0.5194605588912964,-0.12277297675609589,-0.6041675806045532,-0.4099986255168914,-0.17293404042720795,0.0,0.0,-0.19169355928897855,0.0,0.0
7.682,-0.5530399084091187,-0.14079797267913818,3.126563787460327,-0.41293895244598394,-0.17928457260131836,0.0,0.0,-0.1766757071018219,0.0,0.0
7.695,-0.5780351161956787,-0.16169732809066772,0.14272481203079224,-0.46235537528991694,-0.17739556729793549,0.0,0.0,-0.1766757071018219,0.0,0.0
7.708,-0.5467393398284912,-0.1663856953382492,1.5123858451843262,-0.4107219874858856,-0.13392269611358645,0.0,0.0,-0.1549340784549713,0.0,0.0
7.722,-0.5723202228546144,-0.18048642575740811,1.166595458984375,-0.46294304728508,-0.07645076513290405,0.0,0.0,-0.1282802373170853,0.0,0.0
7.735,-0.6087533831596376,-0.1926353424787521,-1.2296452522277832,-0.5100541114807129,-0.044564642012119286,0.0,0.0,-0.1058824136853218,0.0,0.0
7.748,-0.637471616268158,-0.2061476707458496,0.7626906037330627,-0.5554263591766356,-0.045994073152542114,0.0,0.0,-0.1058824136853218,0.0,0.0
7.761999999999999,-0.6193896532058716,-0.18356885015964508,0.2242740243673325,-0.5233132243156433,-0.010095186531543732,0.0,0.0,-0.0772593468427658,0.0,0.0
7.775,-0.6002965569496155,-0.16829797625541687,4.63614559173584,-0.4824970066547394,-0.01872401311993599,0.0,0.0,-0.07926896959543228,0.0,0.0
7.788,-0.5730520486831665,-0.15815606713294983,2.1038620471954346,-0.42604640126228327,-0.007829580456018448,0.0,0.0,-0.07351604849100113,0.0,0.0
7.801999999999999,-0.595779299736023,-0.17604368925094604,1.0778981447219849,-0.463302493095398,0.017378181219100952,0.0,0.0,-0.05955323576927185,0.0,0.0
7.815,-0.6246802806854248,-0.183572381734848,-0.006713345646858215,-0.5038365125656128,0.0561799593269825,0.0,0.0,-0.043796129524707794,0.0,0.0
7.828,-0.6091882586479187,-0.16821140050888062,0.17308741807937622,-0.5069830417633057,0.10873939096927644,0.0,0.0,-0.03428289294242859,0.0,0.0
7.841999999999999,-0.6089236736297609,-0.1442134976387024,1.5771019458770752,-0.455878496170044,0.1451387107372284,0.0,0.0,-0.03172079473733902,0.0,0.0
7.855,-0.5907869338989258,-0.1085561215877533,1.5551447868347168,-0.4067168831825256,0.14054206013679504,0.0,0.0,-0.021838558837771416,0.0,0.0
7.868,-0.5669566988945007,-0.09001916646957397,4.439018726348877,-0.3516207337379456,0.12985414266586304,0.0,0.0,0.0002316790632903576,0.0,0.0
7.881999999999999,-0.5872313976287842,-0.1265521943569183,3.531049966812134,-0.40700763463974,0.1390480995178223,0.0,0.0,0.033134039491415024,0.0,0.0
7.894999999999999,-0.60879385471344,-0.1734161227941513,-0.8911415934562683,-0.4618961811065674,0.1593092679977417,0.0,0.0,0.033134039491415024,0.0,0.0
7.908,-0.635432541370392,-0.2064974159002304,-2.8120837211608887,-0.5138474702835083,0.1834343820810318,0.0,0.0,0.03863421455025673,0.0,0.0
7.921999999999999,-0.6153072118759155,-0.21921187639236447,-1.706623673439026,-0.4571775496006012,0.18747746944427487,0.0,0.0,0.031195707619190216,0.0,0.0
7.934999999999999,-0.5876469612121582,-0.21020725369453433,-0.017821043729782104,-0.4618194699287415,0.18569579720497129,0.0,0.0,0.031195707619190216,0.0,0.0
7.948,-0.6156125664711,-0.24869808554649356,2.8939883708953857,-0.4572347700595856,0.17754235863685608,0.0,0.0,0.02422397956252098,0.0,0.0
7.961999999999998,-0.6525987386703491,-0.25924605131149286,0.2062853425741196,-0.49760580062866205,0.15266670286655426,0.0,0.0,0.025044996291399,0.0,0.0
7.974999999999999,-0.6877867579460144,-0.24453930556774137,4.971503257751465,-0.5346973538398743,0.1325497329235077,0.0,0.0,0.03359173983335495,0.0,0.0
7.988,-0.6624525189399719,-0.23957587778568268,-2.5909602642059326,-0.4983941614627838,0.1318853497505188,0.0,0.0,0.03359173983335495,0.0,0.0
8.002,-0.6616308093070984,-0.2762813866138458,5.728788375854492,-0.5411096215248108,0.11473986506462096,0.0,0.0,0.011351041495800018,0.0,0.0
8.015,-0.6836056113243103,-0.3222518861293793,-5.6746978759765625,-0.5912433862686157,0.0906064361333847,0.0,0.0,-0.010198705829679966,0.0,0.0
8.028,-0.6540595889091492,-0.31406936049461365,-7.933643341064453,-0.5972188711166382,0.032463669776916504,0.0,0.0,-0.03152035549283028,0.0,0.0
8.042,-0.6756433248519897,-0.30194354057312006,-3.993682861328125,-0.6288873553276062,-0.03337928652763367,0.0,0.0,-0.06578221917152405,0.0,0.0
8.054999999999998,-0.6659259200096129,-0.27398571372032166,0.459841251373291,-0.6055021286010742,-0.11444646865129472,0.0,0.0,-0.11328457295894624,0.0,0.0
8.067999999999998,-0.6805552840232849,-0.245710551738739,-1.3353120088577273,-0.6341232061386108,-0.2025185525417328,0.0,0.0,-0.15855717658996582,0.0,0.0
8.082,-0.6500920057296753,-0.19949066638946533,-9.629514694213869,-0.608543336391449,-0.32921555638313293,0.0,0.0,-0.2160700410604477,0.0,0.0
8.095,-0.6209010481834412,-0.2143913507461548,2.4051010608673096,-0.579308807849884,-0.32804763317108154,0.0,0.0,-0.2160700410604477,0.0,0.0
8.108,-0.6507419943809509,-0.24084120988845825,3.099287986755371,-0.6137444972991944,-0.36790016293525696,0.0,0.0,-0.22132202982902527,0.0,0.0
8.122,-0.6784045696258545,-0.2205112427473068,3.3325417041778564,-0.648399829864502,-0.3188588619232178,0.0,0.0,-0.20343564450740811,0.0,0.0
8.135,-0.7033078074455261,-0.1957969963550568,-1.638910174369812,-0.6912574768066406,-0.26026052236557007,0.0,0.0,-0.197249174118042,0.0,0.0
8.147999999999998,-0.7277432084083557,-0.20116719603538516,0.6334583759307861,-0.7331106066703795,-0.2595873773097992,0.0,0.0,-0.197249174118042,0.0,0.0
8.162,-0.6948938369750977,-0.2349422425031662,-0.04415586590766907,-0.7321901917457581,-0.26497775316238403,0.0,0.0,-0.24703119695186612,0.0,0.0
8.175,-0.7310175895690918,-0.2603820562362671,2.2967689037323,-0.7601853609085083,-0.3638411164283752,0.0,0.0,-0.2739832103252411,0.0,0.0
8.188,-0.7657603621482849,-0.24644593894481656,-0.6631292104721069,-0.7920114398002625,-0.4008888006210327,0.0,0.0,-0.26575011014938354,0.0,0.0
8.202,-0.7999134659767152,-0.2552018463611603,17.944875717163086,-0.8256948590278625,-0.31467175483703613,0.0,0.0,-0.22620663046836853,0.0,0.0
8.215,-0.8254035711288451,-0.24219250679016116,2.236781120300293,-0.8677480816841124,-0.15734627842903137,0.0,0.0,-0.18840500712394717,0.0,0.0
8.228,-0.8181774616241454,-0.21647286415100095,2.3893067836761475,-0.9004025459289552,-0.03131914138793945,0.0,0.0,-0.17351724207401276,0.0,0.0
8.242,-0.7834117412567138,-0.15850597620010376,3.6816346645355225,-0.8751400709152221,-0.013807609677314758,0.0,0.0,-0.17118293046951294,0.0,0.0
8.255,-0.7539653778076173,-0.09879025816917421,6.964512348175049,-0.8473233580589294,-0.03800301253795624,0.0,0.0,-0.159029021859169,0.0,0.0
8.268,-0.7279823422431946,-0.08043122291564941,9.237592697143553,-0.8219994306564331,-0.02524338662624359,0.0,0.0,-0.12115830928087234,0.0,0.0
8.282,-0.7611654996871949,-0.07965451478958131,16.128774642944336,-0.8148305416107178,0.14010167121887207,0.0,0.0,-0.002243625931441784,0.0,0.0
8.295,-0.795081615447998,-0.003818243741989136,-6.477994918823241,-0.809160828590393,0.13862672448158264,0.0,0.0,-0.002243625931441784,0.0,0.0
8.308,-0.7688584923744202,0.09096208214759825,6.273378372192383,-0.7808194160461427,0.20009776949882507,0.0,0.0,0.026666894555091854,0.0,0.0
8.322,-0.7411189079284669,0.2792714834213257,11.35365390777588,-0.7543553113937379,0.20146948099136355,0.0,0.0,0.048102319240570075,0.0,0.0
8.335,-0.712957501411438,0.3629813492298126,-2.3583054542541504,-0.7279672622680664,0.14464876055717468,0.0,0.0,0.06640627980232239,0.0,0.0
8.348,-0.6827556490898132,0.3437849581241608,10.01157283782959,-0.7016926407814026,0.144820898771286,0.0,0.0,0.06640627980232239,0.0,0.0
8.362,-0.65240877866745,0.42482566833496094,-3.7750840187072754,-0.6784199476242065,-0.06209958344697952,0.0,0.0,0.04307224974036217,0.0,0.0
8.375,-0.6304433345794678,0.5075682997703552,-9.09158420562744,-0.6385766267776489,-0.17114651203155518,0.0,0.0,0.01604071632027626,0.0,0.0
8.388,-0.6598096489906311,0.551270067691803,0.022993236780166623,-0.6395929455757141,-0.21572892367839813,0.0,0.0,0.022884313017129895,0.0,0.0
8.402,-0.6808539032936096,0.5766792297363281,8.019560813903809,-0.6386701464653015,-0.1585707813501358,0.0,0.0,0.06873156130313873,0.0,0.0
8.415,-0.68793785572052,0.533610463142395,12.089000701904297,-0.62596195936203,-0.0320037342607975,0.0,0.0,0.1262030154466629,0.0,0.0
8.428,-0.6803466081619263,0.4994789958000183,5.667592525482178,-0.5999104976654053,0.10405630618333817,0.0,0.0,0.17455244064331055,0.0,0.0
8.442,-0.6749648451805115,0.47338044643402094,1.5418543815612793,-0.5894637703895569,0.20301976799964905,0.0,0.0,0.2520413398742676,0.0,0.0
8.455,-0.6883785724639893,0.4412716627120972,-0.530657172203064,-0.6016419529914856,0.2963394224643708,0.0,0.0,0.2520413398742676,0.0,0.0
8.468,-0.7218329906463622,0.4071636497974396,-3.268906354904175,-0.6249836087226868,0.37610203027725214,0.0,0.0,0.2762678861618042,0.0,0.0
8.481999999999998,-0.7018840909004211,0.34218502044677734,1.4581784009933472,-0.6048000454902649,0.4294832646846771,0.0,0.0,0.2634970545768738,0.0,0.0
8.495,-0.6808209419250488,0.2871756851673126,2.1911232471466064,-0.5580426454544067,0.41132447123527527,0.0,0.0,0.2748974859714508,0.0,0.0
8.508,-0.6956477761268616,0.25026795268058777,5.184808254241944,-0.5767483711242676,0.39949029684066767,0.0,0.0,0.2748974859714508,0.0,0.0
8.522,-0.6871368288993835,0.1578681915998459,28.20779228210449,-0.5713289976119995,0.5538080334663391,0.0,0.0,0.3634017109870911,0.0,0.0
8.535,-0.6823076009750366,0.14858080446720123,-7.872828483581542,-0.593881368637085,0.5898661613464355,0.0,0.0,0.3746201395988464,0.0,0.0
8.548,-0.6402060985565186,0.06470677256584167,6.354304790496825,-0.5472034811973572,0.6191706657409668,0.0,0.0,0.3746201395988464,0.0,0.0
8.561999999999998,-0.6035832762718201,0.0819498598575592,-11.733546257019045,-0.48921453952789307,0.5670720338821411,0.0,0.0,0.3690465986728668,0.0,0.0
8.574999999999998,-0.55800861120224,0.027391940355300903,-1.611533761024475,-0.4277863800525665,0.5523372888565063,0.0,0.0,0.3861567676067352,0.0,0.0
8.588,-0.5187848806381226,-0.012110158801078796,2.3511483669281006,-0.41713014245033264,0.5295857787132263,0.0,0.0,0.4033710658550263,0.0,0.0
8.602,-0.477274626493454,-0.08331194519996643,-10.837027549743652,-0.3983648717403412,0.49536365270614624,0.0,0.0,0.4089714586734772,0.0,0.0
8.615,-0.5021601319313049,-0.06664098799228668,0.8070409297943115,-0.41300439834594727,0.49278765916824335,0.0,0.0,0.41191229224205017,0.0,0.0
8.628,-0.485982358455658,-0.055169805884361274,-3.156436920166016,-0.3520953059196472,0.4843447208404541,0.0,0.0,0.4130510687828064,0.0,0.0
8.641999999999998,-0.47978246212005615,-0.028709858655929565,-4.182610034942627,-0.34073755145072937,0.4424157738685608,0.0,0.0,0.40218600630760193,0.0,0.0
8.654999999999998,-0.5193783640861511,0.016897238790988922,-3.2664544582366943,-0.3780093491077423,0.4121517837047577,0.0,0.0,0.38672775030136103,0.0,0.0
8.668,-0.558276116847992,0.0333172008395195,-0.239717960357666,-0.4054608047008514,0.3956965208053589,0.0,0.0,0.3836736977100372,0.0,0.0
8.682,-0.5705980062484741,0.008474238216876982,2.5380961894989014,-0.4013558030128479,0.4377694725990296,0.0,0.0,0.37979900836944575,0.0,0.0
8.695,-0.523730456829071,-0.0560246929526329,2.1418333053588867,-0.34772950410842896,0.44584590196609497,0.0,0.0,0.37979900836944575,0.0,0.0
8.708,-0.4762437641620636,-0.14354124665260315,0.8037954568862915,-0.2916172742843628,0.5018128156661987,0.0,0.0,0.3627937436103821,0.0,0.0
8.721999999999998,-0.4850340485572815,-0.2532583475112915,3.476998805999756,-0.3129935562610626,0.7053350210189819,0.0,0.0,0.4648822546005249,0.0,0.0
8.734999999999998,-0.4786784648895264,-0.23776310682296756,0.8911862969398497,-0.3086242973804474,0.7955932617187501,0.0,0.0,0.5199850201606752,0.0,0.0
8.747999999999998,-0.456528753042221,-0.2529895603656769,-0.16197413206100464,-0.30016735196113586,0.7954030632972717,0.0,0.0,0.5199850201606752,0.0,0.0
8.762,-0.4343832433223725,-0.2230969071388245,-4.0651960372924805,-0.2763730883598328,0.7909915447235107,0.0,0.0,0.4823129177093506,0.0,0.0
8.775,-0.4448461830615997,-0.2943727970123291,-2.2299394607543945,-0.2978594899177552,0.771114706993103,0.0,0.0,0.46897891163825994,0.0,0.0
8.788,-0.4546056687831879,-0.289620578289032,0.3847852349281311,-0.2947692275047302,0.7670177221298218,0.0,0.0,0.4845264554023743,0.0,0.0
8.801999999999998,-0.4217800199985504,-0.4247271418571472,2.236640453338623,-0.2681354582309723,0.7862811088562012,0.0,0.0,0.4987378716468811,0.0,0.0
8.814999999999998,-0.3823270201683045,-0.4159252941608429,0.597788393497467,-0.2349888980388641,0.7922255992889404,0.0,0.0,0.4940582513809204,0.0,0.0
8.827999999999998,-0.34323623776435846,-0.3713650703430176,-3.473585844039917,-0.1918732821941376,0.774135947227478,0.0,0.0,0.4887087941169738,0.0,0.0
8.842,-0.32551640272140503,-0.29829996824264526,-3.683249473571777,-0.1350464224815369,0.7437192201614381,0.0,0.0,0.4914782643318176,0.0,0.0
8.855,-0.31043422222137446,-0.2428773045539856,0.485287606716156,-0.09123438596725465,0.7271634340286256,0.0,0.0,0.4848590791225433,0.0,0.0
8.868,-0.3494538366794586,-0.20471882820129397,3.0972428321838374,-0.13043689727783203,0.7375138401985168,0.0,0.0,0.4726293683052063,0.0,0.0
8.881999999999998,-0.3817160129547119,-0.2029778361320496,3.8636794090271,-0.14796607196331024,0.7931657433509826,0.0,0.0,0.4866129755973816,0.0,0.0
8.894999999999998,-0.39246737957000727,-0.2277683317661285,2.3800716400146484,-0.16607047617435455,0.843471348285675,0.0,0.0,0.5364264249801636,0.0,0.0
8.907999999999998,-0.342892050743103,-0.24850094318389893,0.9756736159324646,-0.10072649270296095,0.9290143251419068,0.0,0.0,0.5873556137084961,0.0,0.0
8.922,-0.2931700646877289,-0.14587053656578064,2.857826471328736,-0.07868114858865739,1.0207697153091433,0.0,0.0,0.6107051968574524,0.0,0.0
8.935,-0.24634827673435208,-0.17199248075485227,-1.2143790721893313,-0.07843389362096785,1.0016919374465942,0.0,0.0,0.6107051968574524,0.0,0.0
8.948,-0.26463231444358826,-0.1245906949043274,0.3985494375228882,-0.12785910069942474,1.011409878730774,0.0,0.0,0.6181848049163817,0.0,0.0
8.961999999999998,-0.29996213316917414,-0.16372168064117432,2.791088819503784,-0.12308602035045624,1.0192822217941284,0.0,0.0,0.6394585371017456,0.0,0.0
8.974999999999998,-0.2595665752887726,-0.2060334086418152,-4.987652301788329,-0.09733112901449203,0.9845349192619325,0.0,0.0,0.610150933265686,0.0,0.0
8.987999999999998,-0.2768798768520355,-0.20019736886024475,1.518586277961731,-0.1506997048854828,0.9638763070106505,0.0,0.0,0.610150933265686,0.0,0.0
9.002,-0.2881462872028351,-0.21604640781879425,-6.641062259674072,-0.16288325190544128,0.942364752292633,0.0,0.0,0.5788342952728271,0.0,0.0
9.015,-0.2422061264514923,-0.26804062724113464,7.4120430946350115,-0.1016056314110756,0.9936421513557434,0.0,0.0,0.6001120209693909,0.0,0.0
9.028,-0.1977030485868454,-0.29910963773727417,5.435655117034912,-0.05864395201206207,1.0487130880355835,0.0,0.0,0.6065021753311157,0.0,0.0
9.042,-0.23521198332309723,-0.26126912236213684,5.1227641105651855,-0.10171005874872208,1.0837939977645874,0.0,0.0,0.6104009747505188,0.0,0.0
9.055,-0.2695339322090149,-0.2359395921230316,-0.3210514783859253,-0.1318952739238739,1.0927057266235352,0.0,0.0,0.6275228261947632,0.0,0.0
9.069,-0.25352993607521057,-0.24845686554908752,-7.544687271118163,-0.11758533120155334,1.089768886566162,0.0,0.0,0.636029064655304,0.0,0.0
9.082,-0.22737398743629456,-0.2257952094078064,-6.537240505218506,-0.07561716437339783,1.0443987846374512,0.0,0.0,0.5846532583236694,0.0,0.0
9.095,-0.17725208401679993,-0.19121992588043213,-0.7706031203269958,-0.03633716329932213,0.9917001724243165,0.0,0.0,0.5846532583236694,0.0,0.0
9.108,-0.1957533061504364,-0.1687886267900467,4.739431858062744,-0.07882267236709593,0.9520471096038817,0.0,0.0,0.5679326057434082,0.0,0.0
9.122000000000002,-0.19243323802948,-0.2959081530570984,4.396540641784668,-0.04022327810525894,0.9961963891983032,0.0,0.0,0.5660168528556824,0.0,0.0
9.135,-0.1432356983423233,-0.3450523614883423,-6.016603946685791,0.0243116207420826,1.0074472427368164,0.0,0.0,0.5431147217750549,0.0,0.0
9.148,-0.17483314871788025,-0.33117926120758057,1.705518364906311,-0.027591362595558167,1.007534384727478,0.0,0.0,0.5431147217750549,0.0,0.0
9.162,-0.1831316351890564,-0.4311248958110809,2.043720245361328,-0.06022421643137932,0.9995049238204957,0.0,0.0,0.53143709897995,0.0,0.0
9.175,-0.1915737092494965,-0.5043872594833374,6.150810241699219,-0.09805072844028474,1.006842851638794,0.0,0.0,0.5380081534385681,0.0,0.0
9.188,-0.1928269863128662,-0.5528014302253723,-6.139808654785156,-0.14457224309444427,0.9596406817436217,0.0,0.0,0.4827617108821869,0.0,0.0
9.202,-0.14109058678150177,-0.7225041389465331,-15.33391571044922,-0.11375410109758376,0.8995898365974425,0.0,0.0,0.3953050076961517,0.0,0.0
9.215000000000002,-0.09703724831342696,-0.845905065536499,-13.514524459838867,-0.06847445666790009,0.8099437355995177,0.0,0.0,0.32284122705459595,0.0,0.0
9.228,-0.08017662912607193,-0.7040318250656128,-9.740585327148436,-0.013346672989428043,0.6151998043060303,0.0,0.0,0.27412691712379456,0.0,0.0
9.242,-0.06627494096755981,-0.5484285950660706,-5.88948917388916,0.03289792314171791,0.4416774213314056,0.0,0.0,0.25954735279083246,0.0,0.0
9.255,-0.05397507920861244,-0.40809154510498047,-7.931698799133299,0.08774136006832121,0.44539710879325867,0.0,0.0,0.24263852834701535,0.0,0.0
9.269,-0.04570511728525162,-0.22609864175319672,-5.009235382080078,0.13648585975170135,0.5143423676490784,0.0,0.0,0.221278116106987,0.0,0.0
9.282,-0.08533794432878494,-0.3812217116355896,26.245052337646484,0.08838237076997757,0.6406582593917847,0.0,0.0,0.2140712738037109,0.0,0.0
9.295000000000002,-0.12587545812129974,-0.3749872148036957,-6.778914451599121,0.03999493643641472,0.648992657661438,0.0,0.0,0.2140712738037109,0.0,0.0
9.308,-0.12361273169517516,-0.4630474746227264,4.7843780517578125,0.011623661033809183,0.6408312916755676,0.0,0.0,0.1574193835258484,0.0,0.0
9.322,-0.08449678868055342,-0.4068305194377899,-27.1370792388916,0.03526853770017624,0.35193562507629395,0.0,0.0,0.05726028978824616,0.0,0.0
9.335,-0.046115536242723465,-0.41377729177474976,7.177890777587891,0.07381998747587203,0.2833251953125,0.0,0.0,0.0647307261824608,0.0,0.0
9.348,-0.006737344432622193,-0.3489616811275482,-11.233925819396973,0.09259947389364241,0.13811828196048737,0.0,0.0,0.0647307261824608,0.0,0.0
9.362,-0.04425983875989914,-0.15233033895492554,-7.780634403228758,0.0625821053981781,-0.014678938314318655,0.0,0.0,0.07798072695732115,0.0,0.0
9.375,-0.053912151604890816,-0.067540742456913,-0.13613775372505188,0.08864868432283401,-0.1044185757637024,0.0,0.0,0.07102800160646439,0.0,0.0
9.388000000000002,-0.055180545896291726,-0.06706313043832779,1.8094882965087888,0.11422192305326462,-0.13113218545913696,0.0,0.0,0.0635366439819336,0.0,0.0
9.402,-0.04528284817934036,-0.07426179945468903,-0.4116707444190979,0.14058274030685425,-0.14392665028572085,0.0,0.0,0.056701816618442535,0.0,0.0
9.415,-0.05103157833218575,-0.1346677392721176,2.618441104888916,0.15391887724399567,-0.09452404826879501,0.0,0.0,0.0497802048921585,0.0,0.0
9.428,-0.06386865675449371,-0.2065666764974594,2.692336082458496,0.10878215730190276,-0.026489559561014172,0.0,0.0,0.04886693879961968,0.0,0.0
9.442,-0.08654629439115523,-0.2784273326396942,2.0648019313812256,0.06408192217350006,0.05421474948525429,0.0,0.0,0.05932328850030899,0.0,0.0
9.455,-0.06701351702213287,-0.32851535081863403,1.0722833871841433,0.05379058048129082,0.07714708894491196,0.0,0.0,0.0672343373298645,0.0,0.0
9.468,-0.0766611546278,-0.3128977417945862,-1.841386795043945,0.0042858999222517005,0.08305539935827254,0.0,0.0,0.05661090463399887,0.0,0.0
9.482,-0.07627126574516296,-0.23457120358943936,-3.98935341835022,0.04488090053200722,-0.0030889883637428284,0.0,0.0,0.006705617997795344,0.0,0.0
9.495,-0.03648819401860237,-0.1435699164867401,-5.291104316711426,0.09286671876907347,-0.07741837948560713,0.0,0.0,0.006705617997795344,0.0,0.0
9.508,-0.021746810525655743,-0.07550519704818724,-3.760112762451172,0.1407201886177063,-0.1034611240029335,0.0,0.0,-0.008117198944091797,0.0,0.0
9.522,-0.03138347715139389,-0.05519737675786018,-4.704721927642822,0.14598515629768372,-0.038837622851133353,0.0,0.0,-0.02958953566849232,0.0,0.0
9.535,-0.03715666010975838,-0.06480659544467926,7.284159183502196,0.15226413309574127,0.08707730472087859,0.0,0.0,-0.04276531934738159,0.0,0.0
9.548,-0.04270078986883164,-0.06471993029117584,-1.8757890462875368,0.1579604148864746,0.08728583157062529,0.0,0.0,-0.04276531934738159,0.0,0.0
9.562,-0.05382832512259483,-0.3142988681793213,38.09511947631836,0.10560141503810884,0.5731757879257202,0.0,0.0,-0.03632774204015732,0.0,0.0
9.575,-0.06568503379821777,-0.6115094423294067,15.391720771789553,0.051541689783334725,0.944137454032898,0.0,0.0,-0.02629918977618217,0.0,0.0
9.588,-0.07725167274475098,-0.9029097557067872,19.7096004486084,-0.003840904217213392,1.2409627437591553,0.0,0.0,-0.014553146436810492,0.0,0.0
9.602,-0.08705672621726988,-1.1282427310943604,18.792133331298828,-0.05984639003872872,1.506216049194336,0.0,0.0,0.015266293659806252,0.0,0.0
9.615,-0.047960057854652405,-1.3613730669021606,4.637277603149414,-0.04304029420018196,1.6346495151519775,0.0,0.0,0.06095561757683753,0.0,0.0
9.628,-0.02261003479361534,-1.50526225566864,-7.097066879272461,-0.0045273229479789725,1.555544376373291,0.0,0.0,0.09202496707439423,0.0,0.0
9.642,0.0012252448359504342,-1.4231314659118652,-17.203277587890625,0.06810807436704636,1.381263256072998,0.0,0.0,0.09747388213872908,0.0,0.0
9.655,0.022579319775104523,-1.1768803596496582,-20.62602996826172,0.13912512362003326,1.1470110416412354,0.0,0.0,0.10154637694358826,0.0,0.0
9.668,0.04106214642524719,-0.9126801490783693,-15.722411155700684,0.20567466318607328,0.8533689975738524,0.0,0.0,0.13018319010734558,0.0,0.0
9.682,0.053249623626470566,-0.349983274936676,-21.24665069580078,0.24741576611995697,0.34374502301216125,0.0,0.0,0.182721346616745,0.0,0.0
9.695,0.06491649895906448,-0.3510831594467163,9.475924491882322,0.2892685532569885,0.34208011627197266,0.0,0.0,0.182721346616745,0.0,0.0
9.708,0.05570561438798904,-0.09432885050773619,-7.583337783813475,0.2678358852863312,0.16846135258674622,0.0,0.0,0.1546069234609604,0.0,0.0
9.722,0.04667984321713448,0.13352343440055847,-5.41720724105835,0.25841623544693,0.019362013787031174,0.0,0.0,0.08361063152551651,0.0,0.0
9.735,0.06486985832452774,0.10670747607946396,-8.355770111083984,0.2489568591117859,-0.07728273421525955,0.0,0.0,0.05050145834684372,0.0,0.0
9.748,0.08896787464618683,0.1042327880859375,3.45028018951416,0.24641224741935727,-0.08567512035369873,0.0,0.0,0.05050145834684372,0.0,0.0
9.762,0.1035349816083908,0.042445674538612366,-16.161890029907227,0.2620368003845215,-0.264839768409729,0.0,0.0,0.01797001250088215,0.0,0.0
9.775,0.1426686942577362,0.09337587654590607,1.8272665739059448,0.31204402446746826,-0.3221758008003235,0.0,0.0,0.02192014455795288,0.0,0.0
9.789,0.1819497644901276,0.09218237549066544,1.2013674974441528,0.3107718229293823,-0.38235172629356384,0.0,0.0,0.02192014455795288,0.0,0.0
9.802,0.17481139302253723,0.26794987916946406,-16.154525756835938,0.2887604534626007,-0.5121430158615112,0.0,0.0,0.0037585180252790447,0.0,0.0
9.815,0.15372420847415924,0.3494710326194763,-0.707815945148468,0.29921847581863403,-0.5636565685272217,0.0,0.0,-0.003179446794092655,0.0,0.0
9.829,0.16093561053276062,0.3981549739837647,0.471911758184433,0.3411054313182831,-0.5799731016159058,0.0,0.0,-0.005593379959464073,0.0,0.0
9.842,0.11575184762477876,0.4125050902366638,-0.8272737264633178,0.2827855348587036,-0.608102321624756,0.0,0.0,-0.01548765879124403,0.0,0.0
9.855,0.07214108109474182,0.38386780023574824,-0.31115075945854187,0.22008456289768216,-0.6931160092353821,0.0,0.0,-0.02710452117025852,0.0,0.0
9.869,0.03446745499968529,0.3288041353225708,0.5910571813583374,0.15617172420024872,-0.795454502105713,0.0,0.0,-0.030774950981140137,0.0,0.0
9.882,0.021262509748339653,0.3003300130367279,1.3229928016662598,0.15512792766094208,-0.761582612991333,0.0,0.0,-0.04089902341365814,0.0,0.0
9.895,0.008385954424738884,0.2388100624084473,1.2429556846618652,0.1540519744157791,-0.762776494026184,0.0,0.0,-0.04089902341365814,0.0,0.0
9.909,0.04968753457069397,0.18245121836662287,4.838724136352539,0.20556411147117612,-0.6825675964355469,0.0,0.0,-0.03861873969435692,0.0,0.0
9.922,0.05871107801795006,0.12482088804244997,2.2586424350738525,0.16818448901176453,-0.6267865896224976,0.0,0.0,-0.05260540917515755,0.0,0.0
9.935,0.04762065410614014,0.16104388236999512,-7.935765743255614,0.11573537439107896,-0.6783641576766968,0.0,0.0,-0.07065097987651825,0.0,0.0
9.949,0.08164866268634796,0.15881048142910004,2.4016320705413814,0.10498936474323271,-0.6781488656997681,0.0,0.0,-0.07065097987651825,0.0,0.0
9.962,0.03717132285237312,0.3517501950263977,-20.826316833496094,0.10372048616409302,-0.8381129503250122,0.0,0.0,-0.10228381305933,0.0,0.0
9.975,0.024388227611780167,0.4394581615924835,-1.9632015228271484,0.11484887450933456,-0.8992431163787843,0.0,0.0,-0.12032277137041092,0.0,0.0
9.989,-0.023512568324804303,0.46678185462951666,-3.1502041816711426,0.07511065155267715,-0.9219894409179688,0.0,0.0,-0.138787180185318,0.0,0.0
10.002,-0.06897029280662537,0.455284595489502,1.814129948616028,0.05362933501601219,-0.8893443942070006,0.0,0.0,-0.15138983726501465,0.0,0.0
10.015,-0.029683688655495644,0.45779988169670105,5.807125568389893,0.09163067489862442,-0.8272664546966552,0.0,0.0,-0.15882530808448792,0.0,0.0
10.029,-0.04649211466312408,0.4585748612880706,2.238924741744995,0.03838289529085159,-0.7779908180236816,0.0,0.0,-0.1635168343782425,0.0,0.0
10.042,-0.055321820080280304,0.46141013503074646,2.1329126358032227,0.06401600688695908,-0.7074114084243774,0.0,0.0,-0.16287675499916077,0.0,0.0
10.055,-0.022029895335435867,0.4699191749095917,3.0180013179779053,0.07093176990747452,-0.658342719078064,0.0,0.0,-0.15344084799289703,0.0,0.0
10.069,0.005748918280005455,0.47980934381484985,3.3508591651916504,0.06676506996154785,-0.6105104684829712,0.0,0.0,-0.14076119661331177,0.0,0.0
10.082,-0.009396743029356003,0.4927706122398377,1.3402796983718872,0.009770310483872889,-0.5993231534957886,0.0,0.0,-0.134990856051445,0.0,0.0
10.095,0.011180697940289974,0.5014628171920776,3.3161814212799072,0.006414340343326329,-0.5985977649688721,0.0,0.0,-0.134990856051445,0.0,0.0
10.109,-0.027370326220989227,0.5044008493423462,-2.0974359512329106,-0.03827708587050438,-0.6290463209152222,0.0,0.0,-0.167770117521286,0.0,0.0
10.122,-0.07319521903991699,0.5589631199836731,-16.600574493408203,-0.09865681082010269,-0.9410722255706787,0.0,0.0,-0.36207190155982966,0.0,0.0
10.135,-0.11426728218793868,0.5820276141166687,-8.272246360778809,-0.1679685413837433,-1.1947088241577148,0.0,0.0,-0.47034496068954473,0.0,0.0
10.149,-0.1578638106584549,0.5492555499076843,2.7870051860809326,-0.2375475168228149,-1.2079544067382812,0.0,0.0,-0.47034496068954473,0.0,0.0
10.162,-0.18169359862804413,0.4907197058200836,-19.02450180053711,-0.3099273145198822,-1.4684333801269531,0.0,0.0,-0.6428718566894531,0.0,0.0
10.175,-0.1994660645723343,0.5097936391830444,2.3132801055908203,-0.3790918290615082,-1.5563788414001465,0.0,0.0,-0.7172048687934875,0.0,0.0
10.189,-0.21175116300582889,0.5010069608688354,-2.0102171897888184,-0.40011188387870794,-1.618454933166504,0.0,0.0,-0.7652709484100343,0.0,0.0
10.202,-0.21914270520210263,0.4601710438728333,13.386239051818848,-0.4104785323143005,-1.6370192766189575,0.0,0.0,-0.7834511995315552,0.0,0.0
10.215,-0.2399137616157532,0.4073896706104279,2.529680728912353,-0.4285352528095245,-1.618905782699585,0.0,0.0,-0.7905434370040892,0.0,0.0
10.229,-0.2082366794347763,0.3338175117969513,1.8149793148040767,-0.41426450014114385,-1.5744726657867432,0.0,0.0,-0.7940672636032104,0.0,0.0
10.242,-0.2168685346841812,0.2528592348098755,1.0771437883377075,-0.4279188811779022,-1.4784862995147705,0.0,0.0,-0.789496898651123,0.0,0.0
10.255,-0.17768342792987823,0.1980591118335724,1.7361446619033811,-0.3911660313606262,-1.449653387069702,0.0,0.0,-0.780428647994995,0.0,0.0
10.268,-0.16188615560531616,0.19645501673221588,1.5947073698043823,-0.3411962687969208,-1.4228394031524658,0.0,0.0,-0.7765120267868042,0.0,0.0
10.282,-0.1543046236038208,0.2094699591398239,1.1634416580200195,-0.33005857467651367,-1.4053926467895508,0.0,0.0,-0.7546879053115844,0.0,0.0
10.295,-0.20278839766979215,0.194324254989624,3.0371747016906734,-0.3463646471500397,-1.3682041168212893,0.0,0.0,-0.7546879053115844,0.0,0.0
10.309,-0.2440290600061417,0.14460431039333344,5.572436809539794,-0.392099529504776,-1.3153235912322998,0.0,0.0,-0.717411994934082,0.0,0.0
10.322,-0.20802979171276093,0.04852093756198883,6.0486741065979,-0.36683920025825506,-1.1651288270950315,0.0,0.0,-0.6827370524406433,0.0,0.0
10.335,-0.1981070190668106,0.048220083117485046,-2.7958362102508545,-0.34125229716300964,-1.146739482879639,0.0,0.0,-0.6833903789520264,0.0,0.0
10.348,-0.20900821685791016,0.02918015420436859,2.8924260139465328,-0.3682077825069428,-1.1097451448440552,0.0,0.0,-0.6833903789520264,0.0,0.0
10.362,-0.19790393114089969,-0.024141788482666016,3.0677967071533203,-0.3370116055011749,-1.0555341243743896,0.0,0.0,-0.63329017162323,0.0,0.0
10.375,-0.18796169757843015,-0.04915069043636321,-2.2921531200408936,-0.310740202665329,-1.0278209447860718,0.0,0.0,-0.6189650297164917,0.0,0.0
10.389,-0.17522558569908142,-0.05072125792503357,0.12343078851699828,-0.295065313577652,-1.01832115650177,0.0,0.0,-0.6189650297164917,0.0,0.0
10.402,-0.203291654586792,-0.048981674015522,0.5035713315010071,-0.3425420820713043,-1.0538063049316406,0.0,0.0,-0.6183022856712341,0.0,0.0
10.415,-0.24573928117752075,-0.03646908700466156,0.9081244468688964,-0.3818320035934448,-1.0757598876953125,0.0,0.0,-0.6096397042274475,0.0,0.0
10.429,-0.22271607816219327,-0.02931509166955948,-3.506751298904419,-0.38196912407875055,-1.0976769924163818,0.0,0.0,-0.6056166291236876,0.0,0.0
10.442,-0.24112017452716827,0.014240331947803496,-3.9092311859130855,-0.4312107861042023,-1.1611618995666504,0.0,0.0,-0.6379021406173706,0.0,0.0
10.455,-0.2701627314090729,0.07031641900539398,-4.904350757598877,-0.4996563792228698,-1.199038028717041,0.0,0.0,-0.6897796392440796,0.0,0.0
10.469,-0.25380247831344604,0.09490352869033811,-4.132318496704102,-0.46366706490516657,-1.2937161922454834,0.0,0.0,-0.7244189381599425,0.0,0.0
10.482,-0.23170714080333712,0.09968086332082748,-4.1078734397888175,-0.44866231083869934,-1.371096968650818,0.0,0.0,-0.8008446693420409,0.0,0.0
10.495,-0.23530401289463043,0.12291402369737624,-5.1445794105529785,-0.471395879983902,-1.448542237281799,0.0,0.0,-0.8008446693420409,0.0,0.0
10.509,-0.23441223800182345,0.15430596470832825,-4.8697290420532235,-0.4787955284118652,-1.4958121776580813,0.0,0.0,-0.8476517796516417,0.0,0.0
10.522,-0.2538776397705078,0.18028651177883148,-4.048334121704102,-0.48684811592102045,-1.609046459197998,0.0,0.0,-0.8828245401382446,0.0,0.0
10.535,-0.23045068979263303,0.17939743399620056,2.0515835285186768,-0.4558541178703308,-1.6374036073684692,0.0,0.0,-0.8887715339660643,0.0,0.0
10.548,-0.2555028200149536,0.18619686365127563,-0.09619295597076416,-0.5319748520851135,-1.6137683391571045,0.0,0.0,-0.8887715339660643,0.0,0.0
10.562,-0.29862287640571594,0.18862786889076236,1.7263658046722412,-0.5981217622756958,-1.5657516717910769,0.0,0.0,-0.9119307994842528,0.0,0.0
10.575,-0.2861023545265198,0.18448233604431152,-1.7705752849578855,-0.5529914498329163,-1.5529741048812866,0.0,0.0,-0.9239310026168824,0.0,0.0
10.589,-0.269363820552826,0.19771197438240048,-0.8781686425209044,-0.5055750608444214,-1.5492186546325684,0.0,0.0,-0.9269204139709472,0.0,0.0
10.602,-0.29153949022293085,0.23128150403499603,-1.078149676322937,-0.5214544534683228,-1.5414271354675293,0.0,0.0,-0.9333750605583192,0.0,0.0
10.615,-0.32844841480255127,0.25546565651893616,-1.2593820095062256,-0.5747836828231812,-1.5447788238525393,0.0,0.0,-0.9356307983398435,0.0,0.0
10.629,-0.37291562557220453,0.24468728899955752,2.3346326351165767,-0.6099072694778441,-1.514047145843506,0.0,0.0,-0.9143694043159486,0.0,0.0
10.642,-0.3421997129917145,0.21672971546649933,2.1526336669921875,-0.5951577425003052,-1.433826923370361,0.0,0.0,-0.8921275138854979,0.0,0.0
10.655,-0.31603580713272095,0.2166371047496796,-0.33578798174858093,-0.5829408168792725,-1.4176537990570068,0.0,0.0,-0.9003500342369078,0.0,0.0
10.669,-0.31713658571243286,0.2519158124923706,-2.2082536220550537,-0.6084800362586975,-1.4105014801025393,0.0,0.0,-0.9177361726760864,0.0,0.0
10.682,-0.360903114080429,0.2808772325515747,0.5754701495170593,-0.6395007371902466,-1.4162254333496094,0.0,0.0,-0.8742362856864929,0.0,0.0
10.695,-0.3838863968849182,0.2790024280548096,-0.04825294017791748,-0.6585183143615723,-1.4251714944839478,0.0,0.0,-0.8742362856864929,0.0,0.0
10.709,-0.3723670244216919,0.2702844738960266,0.7352784276008606,-0.6644017696380615,-1.3851711750030518,0.0,0.0,-0.861490786075592,0.0,0.0
10.722,-0.39832788705825806,0.2870757281780243,-3.2542212009429927,-0.7429540157318115,-1.4024043083190918,0.0,0.0,-0.8968459367752075,0.0,0.0
10.735,-0.4258480966091156,0.27414444088935846,0.7023252248764038,-0.8097707033157348,-1.3699865341186523,0.0,0.0,-0.8949187397956848,0.0,0.0
10.748,-0.4648623764514923,0.26944997906684875,0.1841872930526733,-0.8613929748535155,-1.359031081199646,0.0,0.0,-0.8949187397956848,0.0,0.0
10.762,-0.4554314911365509,0.28914016485214233,-4.885838031768799,-0.8501740097999572,-1.3437285423278809,0.0,0.0,-0.9302263259887696,0.0,0.0
10.775,-0.437213122844696,0.3411768674850464,-5.884212017059326,-0.8673024773597717,-1.4002640247344973,0.0,0.0,-0.9595379829406737,0.0,0.0
10.789,-0.4798341393470764,0.36450135707855225,-2.9718539714813232,-0.9122186899185181,-1.452796459197998,0.0,0.0,-0.9677772521972656,0.0,0.0
10.802,-0.5081232786178589,0.3441829979419708,1.7527073621749878,-0.9530978798866272,-1.4502090215682983,0.0,0.0,-0.9638581275939939,0.0,0.0
10.815,-0.545535683631897,0.3050283193588257,3.097705364227295,-1.0248044729232788,-1.3924111127853394,0.0,0.0,-0.9723274707794188,0.0,0.0
10.829,-0.5709717273712158,0.2799098789691925,0.2697005867958069,-1.1052073240280151,-1.3360116481781006,0.0,0.0,-0.9924997687339783,0.0,0.0
10.842,-0.5481626987457275,0.26973503828048706,-0.33763647079467773,-1.087618708610535,-1.3326077461242676,0.0,0.0,-0.9957265853881838,0.0,0.0
10.855,-0.5698751211166382,0.24468085169792173,2.669562339782715,-1.0984622240066528,-1.2805559635162354,0.0,0.0,-0.9701672792434691,0.0,0.0
10.869,-0.5462236404418945,0.23256468772888184,2.048642158508301,-1.0733283758163452,-1.2245399951934814,0.0,0.0,-0.9415822029113768,0.0,0.0
10.882,-0.5291987061500549,0.24043369293212888,-0.480768084526062,-1.09724223613739,-1.188145399093628,0.0,0.0,-0.9357100129127502,0.0,0.0
10.895,-0.5724095702171326,0.25472283363342285,-0.5510285496711731,-1.105833888053894,-1.1947641372680664,0.0,0.0,-0.9405566453933715,0.0,0.0
10.909,-0.6191168427467345,0.24257843196392057,0.22898912429809568,-1.173680543899536,-1.166960835456848,0.0,0.0,-0.9305279850959776,0.0,0.0
10.922,-0.6568761467933655,0.17371763288974762,4.061628818511962,-1.2359108924865725,-1.0911784172058103,0.0,0.0,-0.912344217300415,0.0,0.0
10.935,-0.6295455098152161,0.1743772178888321,-2.0500972270965576,-1.2344058752059937,-1.0830150842666626,0.0,0.0,-0.912344217300415,0.0,0.0
10.948,-0.6670196652412416,0.17036084830760956,0.8385077118873597,-1.2847533226013184,-1.0660641193389893,0.0,0.0,-0.9350518584251405,0.0,0.0
10.962,-0.6766293644905089,0.1672443151473999,-2.9058403968811035,-1.2981183528900146,-1.0850750207901,0.0,0.0,-0.9394973516464232,0.0,0.0
10.975,-0.670015513896942,0.15112164616584778,1.1843763589859009,-1.3038445711135864,-1.067837476730347,0.0,0.0,-0.9373109340667725,0.0,0.0
10.989,-0.6437740921974182,0.15230673551559448,-0.3194019198417664,-1.307538628578186,-1.0640281438827517,0.0,0.0,-0.9373109340667725,0.0,0.0
11.002,-0.6808172464370728,0.16806352138519287,-4.015389919281006,-1.3432774543762207,-1.1035969257354736,0.0,0.0,-0.9908432364463806,0.0,0.0
11.015,-0.7079245448112488,0.17507675290107727,-0.3949373960494995,-1.3734915256500244,-1.1134483814239502,0.0,0.0,-0.9953943490982056,0.0,0.0
11.029,-0.707467257976532,0.17465394735336304,1.589043378829956,-1.3907079696655271,-1.1025688648223877,0.0,0.0,-0.9857771396636963,0.0,0.0
11.042,-0.7508360743522643,0.15827268362045288,2.0296454429626465,-1.4288848638534546,-1.066788911819458,0.0,0.0,-0.9721589088439939,0.0,0.0
11.055,-0.749525487422943,0.1415216624736786,0.6668083071708679,-1.4619195461273191,-1.0248876810073853,0.0,0.0,-0.962660312652588,0.0,0.0
11.069,-0.7388905882835389,0.1303774118423462,-1.3119622468948364,-1.450946569442749,-1.0181264877319336,0.0,0.0,-0.9611570835113523,0.0,0.0
11.082,-0.7447936534881591,0.14500077068805697,-4.093623161315918,-1.466331124305725,-1.031886339187622,0.0,0.0,-0.9930488467216493,0.0,0.0
11.095,-0.7151474952697754,0.14839917421340942,1.2238204479217527,-1.4667747020721436,-1.0305397510528564,0.0,0.0,-0.9930488467216493,0.0,0.0
11.109,-0.7656345963478088,0.14919117093086243,-0.9853742718696593,-1.5334055423736572,-1.008922457695007,0.0,0.0,-1.0119376182556152,0.0,0.0
11.122,-0.7976596355438232,0.123551644384861,5.093340396881104,-1.564943552017212,-0.9874328374862672,0.0,0.0,-0.978188157081604,0.0,0.0
11.135,-0.8321621417999268,0.11447997391223907,2.014951467514038,-1.6021440029144287,-0.9322605729103088,0.0,0.0,-0.9475452899932861,0.0,0.0
11.149,-0.8065989613533021,0.1118759959936142,-0.4008673131465912,-1.5627663135528564,-0.9632023572921754,0.0,0.0,-0.9475452899932861,0.0,0.0
11.162,-0.803886592388153,0.1369638592004776,0.28631240129470825,-1.5979897975921633,-0.9077401757240297,0.0,0.0,-0.942384660243988,0.0,0.0
11.175,-0.8442354798316956,0.12198236584663393,-3.1847946643829346,-1.675060510635376,-0.8530482649803162,0.0,0.0,-0.958408236503601,0.0,0.0
11.189,-0.8208949565887451,0.11199478805065156,-0.6517298221588135,-1.684159517288208,-0.840878427028656,0.0,0.0,-0.9827845096588135,0.0,0.0
11.202,-0.834596812725067,0.12921175360679626,-6.788529872894287,-1.7005068063735962,-0.8420343399047852,0.0,0.0,-1.018925666809082,0.0,0.0
11.215,-0.8674015402793884,0.14149340987205505,-1.5527530908584597,-1.7144352197647097,-0.868749439716339,0.0,0.0,-1.0412951707839966,0.0,0.0
11.229,-0.8817716240882874,0.14728519320487976,0.7270440459251405,-1.7380341291427612,-0.8884825706481932,0.0,0.0,-1.0363497734069824,0.0,0.0
11.242,-0.9246484637260435,0.15994931757450104,2.565993309020996,-1.7988985776901243,-0.8621056079864502,0.0,0.0,-1.0223782062530518,0.0,0.0
11.255,-0.9035847783088685,0.1724049150943756,0.06775259971618652,-1.8154367208480835,-0.8381831645965576,0.0,0.0,-1.0252718925476074,0.0,0.0
11.269,-0.8991787433624268,0.17274279892444613,-0.571480393409729,-1.8224792480468752,-0.8099932074546814,0.0,0.0,-1.036649227142334,0.0,0.0
11.282,-0.9181937575340272,0.16738182306289673,2.0786449909210205,-1.8392504453659055,-0.7940912842750549,0.0,0.0,-1.273951530456543,0.0,0.0
11.295,-0.940673828125,0.19030311703681943,-2.5370566844940186,-1.8332976102828975,-0.7961543798446654,0.0,0.0,-1.273951530456543,0.0,0.0
11.309,-0.9573410749435424,0.221482515335083,-1.0151400566101074,-1.8657647371292116,-0.7480142116546632,0.0,0.0,-1.1997604370117188,0.0,0.0
11.322,-0.9652541279792785,0.2275247573852539,-0.5561649799346924,-1.908343315124512,-0.6420202255249025,0.0,0.0,-0.5364442467689513,0.0,0.0
11.336,-0.9757990837097168,0.19862130284309387,5.379107475280762,-1.9139724969863887,-0.6024551987648009,0.0,0.0,-0.583294153213501,0.0,0.0
11.349,-1.0032392740249634,0.17473228275775907,3.47710394859314,-1.9210516214370728,-0.546052098274231,0.0,0.0,-0.583294153213501,0.0,0.0
11.362,-0.9942131638526915,0.18038398027420044,10.2947359085083,-1.9283136129379272,-0.5323408842086792,0.0,0.0,-0.6143162250518799,0.0,0.0
11.375,-1.0143284797668457,0.15593092143535614,-1.4782860279083252,-1.9616293907165527,-0.4734543263912201,0.0,0.0,-0.5859870314598083,0.0,0.0
11.389,-0.9948166608810426,0.1621491014957428,-0.876358151435852,-1.9350181818008425,-0.45706951618194575,0.0,0.0,-0.5534942746162416,0.0,0.0
11.402,-1.0149054527282717,0.11061329394578934,12.281146049499512,-1.9609899520874023,-0.38701456785202026,0.0,0.0,-0.5386511683464049,0.0,0.0
11.415,-1.011323094367981,0.14953204989433289,-7.75088882446289,-1.9721826314926147,-0.3568840026855469,0.0,0.0,-0.5508102178573608,0.0,0.0
11.429,-1.004984974861145,0.14911724627017975,-4.103207588195801,-1.999609351158142,-0.3232726454734802,0.0,0.0,-0.5563392639160156,0.0,0.0
11.442,-1.025704860687256,0.10940586030483246,3.1916632652282715,-2.005091905593872,-0.2799646258354187,0.0,0.0,-0.5204952359199524,0.0,0.0
11.455,-1.0400015115737915,0.10503481328487396,6.2807698249816895,-2.0102903842926025,-0.31767106056213373,0.0,0.0,-0.5204952359199524,0.0,0.0
11.469,-1.072258234024048,0.1129269003868103,6.141594886779785,-2.0440609455108643,-0.32619756460189814,0.0,0.0,-0.47732359170913696,0.0,0.0
11.482,-1.0822316408157349,0.10827138274908066,5.4815454483032235,-2.08551025390625,-0.24635086953639984,0.0,0.0,-0.3286438286304474,0.0,0.0
11.495,-1.0708839893341064,0.10752106457948685,3.318200826644897,-2.096765756607056,-0.21084244549274445,0.0,0.0,-0.3286438286304474,0.0,0.0
11.509,-1.083820104598999,0.08022433519363403,4.967151641845703,-2.1284153461456294,-0.2107341140508652,0.0,0.0,-0.22737494111061096,0.0,0.0
11.522,-1.1249189376831057,-0.03456547111272812,25.098327636718754,-2.1480433940887447,-0.039334118366241455,0.0,0.0,-0.03897814452648162,0.0,0.0
11.535,-1.1395636796951294,-0.03603574633598328,-8.912477493286131,-2.176080703735352,0.03188733011484146,0.0,0.0,0.003098367713391781,0.0,0.0
11.549,-1.1756677627563477,-0.05784426629543304,8.912398338317871,-2.2137553691864014,0.0835079252719879,0.0,0.0,0.003098367713391781,0.0,0.0
11.562,-1.1462252140045166,-0.04497768729925156,-0.7208620905876159,-2.2163259983062744,0.12886273860931396,0.0,0.0,0.02809854969382286,0.0,0.0
11.575,-1.1433568000793457,-0.10265139490365982,5.9988532066345215,-2.234338760375977,0.19326692819595337,0.0,0.0,0.05882054939866065,0.0,0.0
11.589,-1.1355408430099487,-0.10160160809755324,-2.2119274139404297,-2.213286161422729,0.24310755729675293,0.0,0.0,0.10325586050748824,0.0,0.0
11.602,-1.1475993394851685,-0.2329014539718628,24.97872734069824,-2.1880803108215328,0.29073256254196167,0.0,0.0,0.13550779223442078,0.0,0.0
11.615,-1.137368083000183,-0.22942574322223663,0.9551507830619811,-2.1474897861480717,0.3100733160972595,0.0,0.0,0.14788416028022766,0.0,0.0
11.629,-1.1199114322662354,-0.22941967844963077,1.7769008874893188,-2.126814126968384,0.3712197244167328,0.0,0.0,0.15435364842414856,0.0,0.0
11.642,-1.0764886140823364,-0.23477643728256223,-1.1408116817474363,-2.084072589874268,0.45383971929550165,0.0,0.0,0.1721544712781906,0.0,0.0
11.655,-1.0585545301437378,-0.2111353576183319,-2.8527181148529053,-2.040761232376098,0.4664734303951264,0.0,0.0,0.20259886980056763,0.0,0.0
11.669,-1.043546199798584,-0.18795451521873477,-1.256381273269653,-1.9916216135025024,0.46610027551651,0.0,0.0,0.23993030190467837,0.0,0.0
11.682,-1.0724222660064695,-0.22327458858489993,13.791455268859863,-1.9915175437927248,0.4792198538780213,0.0,0.0,0.3433401584625244,0.0,0.0
11.695,-1.09412682056427,-0.22366833686828613,-4.335638999938965,-2.0291731357574463,0.5021777749061584,0.0,0.0,0.3433401584625244,0.0,0.0
11.709,-1.0555392503738403,-0.20914284884929657,6.128756046295166,-2.025997400283813,0.4797115921974182,0.0,0.0,0.4044440984725952,0.0,0.0
11.722,-1.022169828414917,-0.21788448095321652,-0.2773638665676117,-2.0027127265930176,0.6113391518592834,0.0,0.0,0.4754045605659485,0.0,0.0
11.735,-0.977630078792572,-0.2116427570581436,3.339686632156372,-1.9374043941497805,0.666858971118927,0.0,0.0,0.5382405519485474,0.0,0.0
11.749,-1.0133712291717527,-0.21198336780071256,-1.2107558250427246,-1.9408974647521973,0.665416419506073,0.0,0.0,0.5382405519485474,0.0,0.0
11.762,-1.0269755125045776,-0.17801529169082642,9.077757835388184,-1.9101294279098513,0.7400327920913696,0.0,0.0,0.6880508661270142,0.0,0.0
11.775,-0.9913594126701357,-0.17536257207393646,1.392321228981018,-1.8554048538208008,0.7795369029045106,0.0,0.0,0.7360795140266417,0.0,0.0
11.789,-0.9758919477462769,-0.1867276430130005,3.224594116210937,-1.8041810989379885,0.7625155448913574,0.0,0.0,0.7720288038253784,0.0,0.0
11.802,-0.9362857341766355,-0.14837834239006042,-6.194843292236328,-1.7921743392944336,0.7409192919731139,0.0,0.0,0.7854227423667908,0.0,0.0
11.815,-0.9195086359977721,-0.16315630078315735,-4.025027751922608,-1.803230047225952,0.7405712008476257,0.0,0.0,0.7655645608901978,0.0,0.0
11.829,-0.9521672725677489,-0.1838366389274597,-0.5414999723434448,-1.8242944478988647,0.715899646282196,0.0,0.0,0.7431001663208007,0.0,0.0
11.842,-0.9598842859268188,-0.20365360379219052,4.3948755264282235,-1.8187568187713623,0.7182252407073976,0.0,0.0,0.753549814224243,0.0,0.0
11.855,-0.9856204390525818,-0.23098389804363248,5.041298866271973,-1.8235735893249512,0.7600890398025512,0.0,0.0,0.7959723472595216,0.0,0.0
11.869,-0.9891220331192015,-0.24142634868621823,3.550475835800171,-1.8292983770370483,0.822588562965393,0.0,0.0,0.8384284973144531,0.0,0.0
11.882,-0.9493941664695741,-0.2002277672290802,0.15673711895942688,-1.7894285917282104,0.8699826002120972,0.0,0.0,0.8314985036849974,0.0,0.0
11.895,-0.9279801845550536,-0.1820766031742096,0.49346163868904114,-1.7523684501647947,0.9013342857360842,0.0,0.0,0.8314985036849974,0.0,0.0
11.909,-0.8903316259384155,-0.1632184386253357,-4.02899980545044,-1.7136514186859133,0.8614908456802368,0.0,0.0,0.795130729675293,0.0,0.0
11.922,-0.8865713477134703,-0.18899114429950717,-4.818863391876221,-1.6697406768798828,0.8568205833435057,0.0,0.0,0.7801212668418883,0.0,0.0
11.935,-0.9181472659111024,-0.20643170177936557,5.371679782867432,-1.664926290512085,0.8900673985481262,0.0,0.0,0.815885841846466,0.0,0.0
11.949,-0.9316672682762146,-0.22444647550582889,-0.6680801510810852,-1.6687523126602173,0.8887812495231628,0.0,0.0,0.815885841846466,0.0,0.0
11.962,-0.8867080807685853,-0.21491938829422,4.919893264770508,-1.6571800708770752,0.94704532623291,0.0,0.0,0.8549585938453673,0.0,0.0
11.975,-0.8437471985816956,-0.1873814761638641,-3.7825114727020255,-1.618984580039978,0.9787527322769165,0.0,0.0,0.8325507640838622,0.0,0.0
11.989,-0.8173598051071166,-0.18916481733322144,0.7227212190628051,-1.574724197387695,0.9994487762451173,0.0,0.0,0.8083968162536621,0.0,0.0
12.002,-0.7830248475074768,-0.22649887204170227,-2.2061996459960938,-1.507545828819275,0.9495118260383606,0.0,0.0,0.7995982170104979,0.0,0.0
12.015,-0.7991562485694885,-0.2365305870771408,2.2496914863586426,-1.4769222736358645,0.9440479278564451,0.0,0.0,0.8179467916488646,0.0,0.0
12.029,-0.8020309209823608,-0.21569642424583435,0.8374929428100587,-1.465762972831726,0.9473391771316528,0.0,0.0,0.8473300337791443,0.0,0.0
12.042,-0.825142502784729,-0.17700067162513733,-2.184518337249756,-1.500108242034912,0.9012711644172668,0.0,0.0,0.856561779975891,0.0,0.0
12.055,-0.8122149705886842,-0.14177408814430237,-4.186431884765625,-1.509748458862305,0.907307744026184,0.0,0.0,0.8319351673126221,0.0,0.0
12.069,-0.7900620102882385,-0.13378533720970154,-3.370063781738281,-1.4706162214279177,0.942657709121704,0.0,0.0,0.7863523960113524,0.0,0.0
12.082,-0.7486315369606018,-0.1542261838912964,-0.17835795879364014,-1.3962169885635376,0.9593725800514221,0.0,0.0,0.7285103797912597,0.0,0.0
12.095,-0.775214672088623,-0.19416533410549164,-0.5326107144355774,-1.3848289251327517,0.9414041042327882,0.0,0.0,0.7285103797912597,0.0,0.0
12.109,-0.7249441742897034,-0.20899349451065063,0.28770267963409424,-1.3140175342559814,0.9750220775604248,0.0,0.0,0.7221275568008424,0.0,0.0
12.122,-0.676674485206604,-0.16901643574237823,-2.656897783279419,-1.2726788520812988,0.9658115506172179,0.0,0.0,0.7106508016586304,0.0,0.0
12.135,-0.691030740737915,-0.17025387287139893,0.6420403718948364,-1.276974081993103,0.9803078174591064,0.0,0.0,0.728024959564209,0.0,0.0
12.149,-0.6958720088005066,-0.15205152332782745,0.7042385339736938,-1.2890125513076782,0.9773916602134703,0.0,0.0,0.728024959564209,0.0,0.0
12.162,-0.7262248992919923,-0.19884079694747925,5.5574607849121085,-1.3253207206726074,1.0276337862014773,0.0,0.0,0.8049073219299315,0.0,0.0
12.175,-0.7036108374595642,-0.20396625995635984,-0.2874411642551422,-1.290505290031433,1.0905368328094482,0.0,0.0,0.7984533905982971,0.0,0.0
12.189,-0.7281985282897949,-0.20628711581230164,-0.9936444163322448,-1.3036717176437378,1.1318384408950806,0.0,0.0,0.786925435066223,0.0,0.0
12.202,-0.6825810074806212,-0.2623280882835388,3.107893466949463,-1.2258588075637815,1.236497163772583,0.0,0.0,0.8038199543952942,0.0,0.0
12.215,-0.6415612101554872,-0.29327911138534546,2.093522310256958,-1.1480361223220823,1.3268489837646484,0.0,0.0,0.8293752074241638,0.0,0.0
12.229,-0.6030685305595398,-0.262680858373642,2.818617105484009,-1.080167293548584,1.3626472949981687,0.0,0.0,0.8493494391441345,0.0,0.0
12.242,-0.625046968460083,-0.19959235191345212,0.47607198357582087,-1.108392596244812,1.2814512252807615,0.0,0.0,0.8672509789466859,0.0,0.0
12.255,-0.6384497880935669,-0.14904065430164337,-2.5952672958374023,-1.1450628042221067,1.2547590732574463,0.0,0.0,0.8734667301177977,0.0,0.0
12.269,-0.638806164264679,-0.13432998955249786,-3.6958403587341304,-1.1391379833221436,1.2451907396316528,0.0,0.0,0.8528382778167725,0.0,0.0
12.282,-0.6147826910018921,-0.15199336409568787,-2.7517788410186768,-1.0626730918884275,1.2906613349914553,0.0,0.0,0.7889186739921571,0.0,0.0
12.295,-0.6134757399559021,-0.18103691935539248,-0.5877546668052673,-1.0426367521286013,1.2751195430755615,0.0,0.0,0.7889186739921571,0.0,0.0
12.309,-0.569719672203064,-0.192984938621521,1.0263651609420776,-0.992320954799652,1.2829971313476562,0.0,0.0,0.7871106266975402,0.0,0.0
12.322,-0.5293053984642029,-0.13582026958465576,-2.0474886894226074,-0.9383722543716431,1.16350257396698,0.0,0.0,0.7781490087509155,0.0,0.0
12.335,-0.5107345581054688,-0.12727099657058716,-3.5994796752929688,-0.9153459668159486,1.0871850252151487,0.0,0.0,0.7375108003616333,0.0,0.0
12.349,-0.5032079219818115,-0.09962081909179688,1.1966876983642578,-0.9145987033843994,1.0763660669326782,0.0,0.0,0.7375108003616333,0.0,0.0
12.362,-0.5308589935302734,-0.08408261090517043,-7.446220874786378,-0.91647869348526,1.0372910499572754,0.0,0.0,0.6940031051635742,0.0,0.0
12.375,-0.5389499068260193,-0.08686955273151396,1.5616245269775393,-0.9278674125671386,1.0433167219161987,0.0,0.0,0.7126224637031555,0.0,0.0
12.389,-0.5683532357215881,-0.08996313810348511,1.020305633544922,-0.9345670342445372,1.0725483894348145,0.0,0.0,0.7374058365821838,0.0,0.0
12.402,-0.5231271982192993,-0.09964402019977568,0.19394829869270325,-0.8602847456932069,1.1414395570755005,0.0,0.0,0.7466051578521729,0.0,0.0
12.415,-0.49796217679977417,-0.09774725139141081,1.1002845764160156,-0.8394678235054016,1.1672514677047727,0.0,0.0,0.7400068044662476,0.0,0.0
12.429,-0.4618042707443237,-0.08276062458753587,-0.8860788941383363,-0.793629288673401,1.173782467842102,0.0,0.0,0.7237496376037597,0.0,0.0
12.442,-0.4609959423542023,-0.056423500180244446,-3.6958246231079106,-0.8190345764160156,1.0717176198959353,0.0,0.0,0.6640849709510803,0.0,0.0
12.456,-0.49746489524841303,-0.03700917214155197,-4.381500244140625,-0.8139886260032653,1.052027940750122,0.0,0.0,0.6640849709510803,0.0,0.0
12.469,-0.5377070903778076,-0.047500401735305786,-3.7067122459411617,-0.860093891620636,1.0121829509735107,0.0,0.0,0.6306243538856505,0.0,0.0
12.482,-0.4989853203296661,-0.06062058359384537,1.066219449043274,-0.7957792282104493,1.0596482753753662,0.0,0.0,0.6068495512008667,0.0,0.0
12.495,-0.5100696086883545,-0.08585658669471741,0.8195768594741821,-0.7908266782760621,1.0827701091766355,0.0,0.0,0.6186437010765076,0.0,0.0
12.509,-0.4728623926639557,-0.09158669412136078,5.371805191040039,-0.7332713007926942,1.1176865100860596,0.0,0.0,0.6186437010765076,0.0,0.0
12.522,-0.4390103816986084,-0.10042975842952728,10.710041999816896,-0.6699366569519043,1.1888651847839355,0.0,0.0,0.671928882598877,0.0,0.0
12.535,-0.466355174779892,-0.11504176259040833,-2.0619771480560303,-0.7115108370780945,1.1919379234313965,0.0,0.0,0.6948165893554688,0.0,0.0
12.549,-0.45183587074279785,-0.10921959578990936,0.3375023603439331,-0.7140884399414064,1.1871511936187744,0.0,0.0,0.7052561044692993,0.0,0.0
12.562,-0.4334262311458588,-0.1351320743560791,-3.167451858520508,-0.6583461761474609,1.2405191659927368,0.0,0.0,0.7066005468368529,0.0,0.0
12.576,-0.45586547255516047,-0.1548507660627365,-1.4299750328063965,-0.6789602041244507,1.2462778091430664,0.0,0.0,0.7049297094345093,0.0,0.0
12.589,-0.43486151099205017,-0.15195567905902865,0.9916327595710753,-0.6304510235786438,1.2701716423034668,0.0,0.0,0.6974686980247498,0.0,0.0
12.602,-0.4092421233654022,-0.13316339254379272,-2.905545234680176,-0.5950206518173218,1.2489644289016724,0.0,0.0,0.6854547262191772,0.0,0.0
12.615,-0.3838112652301788,-0.12150969356298448,-0.540827214717865,-0.5349465012550354,1.2342621088027954,0.0,0.0,0.6757706999778748,0.0,0.0
12.629,-0.3985613286495209,-0.1329166144132614,-0.767187774181366,-0.515068769454956,1.2422441244125366,0.0,0.0,0.6733230352401732,0.0,0.0
12.642,-0.35295891761779785,-0.1374126374721527,1.669013500213623,-0.496804416179657,1.264223575592041,0.0,0.0,0.6807821989059448,0.0,0.0
12.655,-0.3764828145503998,-0.14193516969680786,1.2733272314071655,-0.49723437428474426,1.28102445602417,0.0,0.0,0.6933552622795105,0.0,0.0
12.669,-0.3399471938610077,-0.111459881067276,0.8103154301643372,-0.4932637512683869,1.2859785556793213,0.0,0.0,0.701179027557373,0.0,0.0
12.682,-0.31741413474082947,-0.05805279314517975,-0.2949066460132599,-0.4364120066165924,1.2571879625320437,0.0,0.0,0.6903564929962158,0.0,0.0
12.695,-0.34334596991539,-0.013654254376888275,-1.7394527196884155,-0.46305388212203974,1.2258236408233645,0.0,0.0,0.6903564929962158,0.0,0.0
12.709,-0.3777923583984375,-0.006923362612724304,-4.081294059753418,-0.4871622025966644,1.1916823387145996,0.0,0.0,0.6801211833953857,0.0,0.0
12.722,-0.3527531623840332,-0.0522693544626236,-1.4670699834823608,-0.4498330056667328,1.2003653049468994,0.0,0.0,0.6631090044975281,0.0,0.0
12.735,-0.38207197189331055,-0.05760356038808823,0.8598938584327699,-0.4953644275665283,1.1976566314697266,0.0,0.0,0.6698012351989746,0.0,0.0
12.749,-0.35349869728088373,-0.07683437317609787,1.4524999856948853,-0.4462288022041321,1.230748176574707,0.0,0.0,0.6698012351989746,0.0,0.0
12.762,-0.3250841200351715,-0.07098763436079025,1.4100886583328247,-0.4572193920612335,1.221959948539734,0.0,0.0,0.6785361170768738,0.0,0.0
12.775,-0.2969118058681488,-0.052529320120811455,-0.956191837787628,-0.4178544282913208,1.2077336311340332,0.0,0.0,0.6705857515335083,0.0,0.0
12.789,-0.318343847990036,-0.056697040796279914,-0.5616903305053711,-0.4381784200668335,1.1725732088088987,0.0,0.0,0.6705857515335083,0.0,0.0
12.802,-0.3030843138694763,-0.039063110947608955,-7.866397857666015,-0.4113655388355255,1.1106781959533691,0.0,0.0,0.6130843758583069,0.0,0.0
12.815,-0.34006866812705994,-0.0673588216304779,0.3874987363815308,-0.4270336031913757,1.079702615737915,0.0,0.0,0.6028627753257751,0.0,0.0
12.829,-0.35902684926986694,-0.09175188839435576,1.8026790618896484,-0.4173021912574768,1.073194980621338,0.0,0.0,0.6048281788825989,0.0,0.0
12.842,-0.320446640253067,-0.09351243078708649,1.7388570308685305,-0.38733959197998047,1.0777373313903809,0.0,0.0,0.5978442430496216,0.0,0.0
12.855,-0.27887219190597534,-0.08942592144012451,0.25238245725631714,-0.35886493325233454,1.0750575065612793,0.0,0.0,0.5804874897003174,0.0,0.0
12.869,-0.2966403365135193,-0.08715520054101944,-0.4073292016983032,-0.4065549671649933,1.0586156845092771,0.0,0.0,0.5645004510879517,0.0,0.0
12.882,-0.27640700340271,-0.04835781455039977,0.12253895401954652,-0.3435328006744385,1.0308289527893066,0.0,0.0,0.5497239828109741,0.0,0.0
12.895,-0.30335959792137146,-0.051861032843589776,-0.4239097237586975,-0.3960609138011933,1.0243775844573977,0.0,0.0,0.5497239828109741,0.0,0.0
12.909,-0.27904027700424194,-0.031048186123371124,-1.1036843061447144,-0.3340596854686737,1.0017014741897583,0.0,0.0,0.53273606300354,0.0,0.0
12.922,-0.31108036637306213,-0.05372139066457749,-1.5667028427124023,-0.3337481617927552,0.9697796106338499,0.0,0.0,0.5139251947402954,0.0,0.0
12.935,-0.29212817549705505,-0.05043599009513855,1.182458519935608,-0.28024646639823914,0.9698302745819091,0.0,0.0,0.518252968788147,0.0,0.0
12.949,-0.26654890179634094,-0.06021712720394135,2.5813555717468266,-0.2973816394805908,0.9664076566696168,0.0,0.0,0.518252968788147,0.0,0.0
12.962,-0.23301590979099276,-0.03967445343732834,2.0056240558624268,-0.24164271354675293,0.9297767877578736,0.0,0.0,0.4941440522670746,0.0,0.0
12.975,-0.24189063906669617,-0.025244012475013733,-2.090986490249634,-0.24350884556770325,0.9103448987007139,0.0,0.0,0.4904289245605469,0.0,0.0
12.989,-0.20420245826244357,-0.0178510844707489,0.28512105345726013,-0.17903465032577515,0.894683837890625,0.0,0.0,0.4947211444377899,0.0,0.0
13.002,-0.17752990126609802,0.026999294757843018,-2.3437891006469727,-0.13282275199890137,0.8696321845054625,0.0,0.0,0.4911743700504303,0.0,0.0
13.015,-0.19308564066886905,0.04158042371273041,-1.0408501625061035,-0.13299107551574707,0.8292602896690368,0.0,0.0,0.4816090166568756,0.0,0.0
13.029,-0.1951524317264557,0.044584698975086205,0.008184090256690979,-0.1399114727973938,0.812919020652771,0.0,0.0,0.47778767347335815,0.0,0.0
13.042,-0.22301121056079865,0.04117959737777711,1.1615204811096191,-0.17780998349189758,0.8078554272651672,0.0,0.0,0.48124316334724426,0.0,0.0
13.055,-0.2506500482559204,0.03581685572862625,2.0200119018554688,-0.21214245259761808,0.8185173869132996,0.0,0.0,0.4861213266849518,0.0,0.0
13.069,-0.22085589170455933,0.03801953420042992,2.5421271324157715,-0.16023457050323486,0.8349874019622802,0.0,0.0,0.488284707069397,0.0,0.0
13.082,-0.20199064910411835,0.03429722785949707,-1.1886521577835083,-0.13910888135433197,0.832624912261963,0.0,0.0,0.4785463809967041,0.0,0.0
13.095,-0.22066591680049896,0.05797116458415985,1.913094520568848,-0.15275992453098297,0.8284260034561157,0.0,0.0,0.4785463809967041,0.0,0.0
13.109,-0.19688038527965543,0.07143773883581161,-1.496750831604004,-0.09213341772556305,0.8060513734817506,0.0,0.0,0.46656131744384766,0.0,0.0
13.122,-0.18034742772579196,0.10497109591960908,-5.805857181549072,-0.08320251852273941,0.6934212446212769,0.0,0.0,0.43566060066223145,0.0,0.0
13.135,-0.16410626471042633,0.11722879856824876,-0.7667049765586853,-0.06176313012838364,0.6338390111923218,0.0,0.0,0.42740464210510254,0.0,0.0
13.149,-0.18112704157829285,0.11623106151819228,0.8405483961105346,-0.07943265885114668,0.6224095821380615,0.0,0.0,0.42740464210510254,0.0,0.0
13.162,-0.19355693459510803,0.112075537443161,-3.1199343204498287,-0.07570324838161469,0.5197601318359375,0.0,0.0,0.39886426925659185,0.0,0.0
13.175,-0.1516185998916626,0.10000520944595336,0.9699817299842833,-0.06514067202806473,0.4961731433868408,0.0,0.0,0.3811685144901276,0.0,0.0
13.189,-0.17180635035037994,0.08522827923297882,-2.5372745990753174,-0.10680107772350313,0.4815658926963806,0.0,0.0,0.3658798336982727,0.0,0.0
13.202,-0.1950538903474808,0.07898979634046553,-2.5308184623718266,-0.1060854271054268,0.47076690196990967,0.0,0.0,0.35134658217430115,0.0,0.0
13.215,-0.16415312886238098,0.10046552121639252,-5.2036776542663565,-0.04792248085141182,0.44304770231246954,0.0,0.0,0.3333057165145874,0.0,0.0
13.229,-0.14182642102241516,0.16312506794929504,-6.834659576416016,0.0007996740750968456,0.3621442019939423,0.0,0.0,0.30779033899307245,0.0,0.0
13.242,-0.12446587532758711,0.24692466855049133,-10.351709365844728,0.03212150186300278,0.22509533166885376,0.0,0.0,0.2803354263305664,0.0,0.0
13.255,-0.11115087568759918,0.3478626608848572,-11.514057159423828,0.0673394575715065,0.07797123491764067,0.0,0.0,0.253267765045166,0.0,0.0
13.269,-0.09891995042562483,0.48135566711425776,-11.470501899719238,0.12114149332046507,-0.07316261529922485,0.0,0.0,0.21509580314159396,0.0,0.0
13.282,-0.09203679859638214,0.7833933234214783,-23.31125259399414,0.133842334151268,-0.3309495449066162,0.0,0.0,0.1264088749885559,0.0,0.0
13.295,-0.09468645602464677,0.780308187007904,10.134464263916016,0.16049781441688538,-0.32044267654418945,0.0,0.0,0.1264088749885559,0.0,0.0
13.309,-0.143118754029274,0.8252128362655639,-11.806962966918944,0.12434697151184082,-0.4025227427482605,0.0,0.0,0.10880352556705476,0.0,0.0
13.322,-0.170000821352005,0.8457511067390443,-4.300488471984863,0.10377883166074751,-0.38132035732269287,0.0,0.0,0.08645959943532942,0.0,0.0
13.335,-0.18763816356658936,0.9021455049514769,3.24971079826355,0.08406636118888855,-0.3596339225769043,0.0,0.0,0.07692973315715788,0.0,0.0
13.349,-0.15305015444755554,0.9244536161422728,3.6380453109741206,0.11710634082555772,-0.32808399200439453,0.0,0.0,0.07692973315715788,0.0,0.0
13.362,-0.16843485832214355,0.7248154282569885,-4.828392028808594,0.06124800816178322,-0.3013779819011688,0.0,0.0,0.06392179429531097,0.0,0.0
13.375,-0.18489407002925876,0.4841791987419128,-5.149262428283691,0.005752536933869124,-0.30420100688934326,0.0,0.0,0.03537299484014511,0.0,0.0
13.389,-0.20171761512756348,0.31525588035583496,-1.9001036882400515,-0.04720338806509972,-0.3045724034309387,0.0,0.0,0.0019031362608075144,0.0,0.0
13.402,-0.22780559957027435,0.24529382586479187,-1.3913422822952273,-0.10103531181812286,-0.3046855330467224,0.0,0.0,-0.03132621943950653,0.0,0.0
13.415,-0.27530398964881897,0.12646126747131348,-1.330708622932434,-0.15574300289154053,-0.3014609813690185,0.0,0.0,-0.07542380690574646,0.0,0.0
13.429,-0.29582181572914124,-0.002394072711467743,-0.12223944067955016,-0.1608351618051529,-0.3209669888019562,0.0,0.0,-0.13329719007015228,0.0,0.0
13.442,-0.2888372540473938,-0.00719049945473671,-7.522878646850587,-0.11923842877149582,-0.4275074303150177,0.0,0.0,-0.19538405537605288,0.0,0.0
13.455,-0.28386250138282776,0.045552618801593774,-11.038756370544434,-0.07668449729681015,-0.4886270761489868,0.0,0.0,-0.24752838909626007,0.0,0.0
13.469,-0.280200332403183,0.06782496720552444,-8.13869571685791,-0.08449568599462509,-0.5956517457962036,0.0,0.0,-0.2880498766899109,0.0,0.0
13.482,-0.29227644205093384,0.05637902021408081,-6.9049224853515625,-0.0858851671218872,-0.6895096302032471,0.0,0.0,-0.3284745216369629,0.0,0.0
13.495,-0.2987792491912842,0.02460116147994995,2.626387596130371,-0.08014358580112457,-0.6797335147857666,0.0,0.0,-0.3284745216369629,0.0,0.0
13.509,-0.2638298571109772,0.025861218571662903,1.7465740442276,-0.029809100553393364,-0.6656432151794434,0.0,0.0,-0.3327525854110718,0.0,0.0
13.522,-0.2850138545036316,-0.07512806355953217,10.883742332458496,-0.08581400662660599,-0.5263817310333252,0.0,0.0,-0.3242077231407165,0.0,0.0
13.535,-0.3052118420600891,-0.1061895713210106,3.9240539073944087,-0.14243386685848236,-0.4154548645019531,0.0,0.0,-0.3052947223186493,0.0,0.0
13.549,-0.3296407461166382,-0.12493006139993668,-1.8920302391052248,-0.1577315628528595,-0.3623940348625183,0.0,0.0,-0.3052947223186493,0.0,0.0
13.562,-0.34146612882614136,-0.1085278019309044,15.315628051757812,-0.129633367061615,-0.2302677035331726,0.0,0.0,-0.24900096654891968,0.0,0.0
13.575,-0.3323849141597748,-0.09777594357728958,3.295201063156128,-0.11209143698215485,-0.15285149216651917,0.0,0.0,-0.22042572498321533,0.0,0.0
13.589,-0.3232991397380829,-0.0684172660112381,2.5590889453887935,-0.10356751084327698,-0.11912056058645248,0.0,0.0,-0.21922212839126587,0.0,0.0
13.602,-0.3225263059139252,-0.03270568698644638,-0.07097125053405762,-0.11833000183105467,-0.13119199872016907,0.0,0.0,-0.2283120155334473,0.0,0.0
13.616,-0.3631884753704071,-0.02667616680264473,0.3477349877357483,-0.16699019074440002,-0.16442006826400757,0.0,0.0,-0.2292833775281906,0.0,0.0
13.629,-0.34454652667045593,0.016749359667301178,-1.070791482925415,-0.12751181423664093,-0.1841999441385269,0.0,0.0,-0.23772893846035004,0.0,0.0
13.642,-0.31745782494544983,0.07973276823759079,-1.5522390604019165,-0.124756321310997,-0.2336320132017136,0.0,0.0,-0.26054054498672485,0.0,0.0
13.656,-0.35473892092704773,0.1008853316307068,0.0982627272605896,-0.17185263335704803,-0.274541437625885,0.0,0.0,-0.27755630016326904,0.0,0.0
13.669,-0.386965811252594,0.10415665060281754,3.790222644805908,-0.20252352952957156,-0.2816474735736847,0.0,0.0,-0.2682425379753113,0.0,0.0
13.682,-0.3818664848804474,0.10663364827632904,7.953804492950439,-0.1858627647161484,-0.12393902242183684,0.0,0.0,-0.22779157757759091,0.0,0.0
13.696,-0.3718893826007843,0.13266289234161377,0.033380091190338135,-0.1457284837961197,-0.12288966774940492,0.0,0.0,-0.22779157757759091,0.0,0.0
13.709,-0.33693993091583246,0.17670133709907532,-0.7833279371261597,-0.14908574521541595,-0.12029173225164412,0.0,0.0,-0.2434682250022888,0.0,0.0
13.722,-0.37659803032875055,0.19150015711784363,-1.0416961908340454,-0.18702200055122373,-0.18599268794059756,0.0,0.0,-0.2309977263212204,0.0,0.0
13.736,-0.4053614139556885,0.1619962751865387,1.8247514963150024,-0.2162300944328308,-0.16686110198497772,0.0,0.0,-0.2227863967418671,0.0,0.0
13.749,-0.4448825418949127,0.16291631758213043,0.638533353805542,-0.24440719187259677,-0.1753854602575302,0.0,0.0,-0.2227863967418671,0.0,0.0
13.762,-0.44018408656120306,0.19829598069190976,1.7357333898544312,-0.2477442771196365,-0.2344864010810852,0.0,0.0,-0.26008230447769165,0.0,0.0
13.776,-0.47308698296546936,0.15735231339931488,2.921868801116944,-0.2799825370311737,-0.2682894170284271,0.0,0.0,-0.2567506432533264,0.0,0.0
13.789,-0.49999862909317017,0.14651519060134888,-0.9511694312095642,-0.3105259835720062,-0.29293262958526606,0.0,0.0,-0.2567506432533264,0.0,0.0
13.802,-0.5167394876480104,0.09236018359661102,6.336636066436768,-0.33678171038627625,-0.1995797753334045,0.0,0.0,-0.23169562220573425,0.0,0.0
13.816,-0.48140308260917664,0.10449262708425522,-2.8740763664245605,-0.2928350865840912,-0.17243966460227966,0.0,0.0,-0.23613847792148593,0.0,0.0
13.829,-0.4655702412128449,0.0951676145195961,0.6386272311210632,-0.2573047876358032,-0.16544854640960693,0.0,0.0,-0.23260948061943051,0.0,0.0
13.842,-0.45902964472770685,0.07548218965530396,0.9772158861160278,-0.20598666369915009,-0.1610744595527649,0.0,0.0,-0.2221342772245407,0.0,0.0
13.856,-0.44892758131027216,0.05197569727897644,-0.49861818552017206,-0.2011425346136093,-0.16491413116455078,0.0,0.0,-0.21673248708248136,0.0,0.0
13.869,-0.4904294908046722,0.0011890344321727753,0.4360020160675049,-0.2221674770116806,-0.18392670154571533,0.0,0.0,-0.2207670509815216,0.0,0.0
13.882,-0.5087401866912842,-0.017421014606952667,4.963416576385497,-0.23772938549518585,-0.25194507837295527,0.0,0.0,-0.218746617436409,0.0,0.0
13.896,-0.49730232357978815,-0.01809481531381607,-2.109311580657959,-0.20485207438468933,-0.2500096559524536,0.0,0.0,-0.218746617436409,0.0,0.0
13.909,-0.5177837610244751,-0.0238376185297966,2.355465650558472,-0.24909065663814545,-0.26278209686279297,0.0,0.0,-0.20228049159049988,0.0,0.0
13.922,-0.506623387336731,-0.04731550067663193,-0.46181267499923706,-0.2603834867477417,-0.19936740398406985,0.0,0.0,-0.20047226548194885,0.0,0.0
13.936,-0.4985535740852356,-0.058369457721710205,-1.6999404430389404,-0.20947472751140597,-0.1827743947505951,0.0,0.0,-0.20216657221317288,0.0,0.0
13.949,-0.4806246757507324,-0.050541982054710395,0.3874160349369049,-0.21379028260707852,-0.1845604032278061,0.0,0.0,-0.20216657221317288,0.0,0.0
13.962,-0.5159361958503723,-0.07342457771301268,-2.29182243347168,-0.21874895691871643,-0.2036886215209961,0.0,0.0,-0.21112754940986636,0.0,0.0
13.976,-0.5513411164283752,-0.0899437889456749,3.72653603553772,-0.25165680050849915,-0.22684460878372192,0.0,0.0,-0.21620425581932068,0.0,0.0
13.989,-0.5737565755844116,-0.1104825884103775,2.9080843925476074,-0.2746508717536926,-0.23450633883476257,0.0,0.0,-0.19885367155075076,0.0,0.0
14.002,-0.5435534119606018,-0.10688838362693788,1.565826654434204,-0.242116779088974,-0.22098299860954285,0.0,0.0,-0.16030608117580414,0.0,0.0
14.015,-0.5636255741119385,-0.11442477256059648,1.2412190437316897,-0.2769295573234558,-0.17584455013275146,0.0,0.0,-0.1294652819633484,0.0,0.0
14.029,-0.5484270453453064,-0.12696649134159088,-1.2891277074813845,-0.2624512314796448,-0.13008832931518555,0.0,0.0,-0.12788346409797668,0.0,0.0
14.042,-0.5793896913528441,-0.17792926728725433,0.38012936711311346,-0.3065852224826813,-0.11763666570186616,0.0,0.0,-0.14075875282287598,0.0,0.0
14.056,-0.5768009424209595,-0.20328502357006076,4.643538475036621,-0.27737101912498474,-0.13019593060016632,0.0,0.0,-0.14189633727073667,0.0,0.0
14.069,-0.567833423614502,-0.18701690435409543,2.8530924320220947,-0.2686993479728699,-0.14244568347930908,0.0,0.0,-0.12987366318702698,0.0,0.0
14.082,-0.5433799028396606,-0.16159485280513763,-5.703802108764648,-0.257466733455658,-0.14117395877838135,0.0,0.0,-0.12982764840126038,0.0,0.0
14.095,-0.5206359624862671,-0.1578417271375656,0.518113374710083,-0.24541962146759036,-0.13971959054470062,0.0,0.0,-0.12982764840126038,0.0,0.0
14.109,-0.5512790083885193,-0.19847987592220304,-0.0822611153125763,-0.24875947833061215,-0.1279570460319519,0.0,0.0,-0.13597238063812256,0.0,0.0
14.122,-0.53388512134552,-0.20695720613002777,4.770927906036377,-0.21288204193115237,-0.10286808013916016,0.0,0.0,-0.1217123121023178,0.0,0.0
14.136,-0.5591760277748108,-0.1844065338373184,1.5488337278366089,-0.2484679669141769,-0.10181144624948502,0.0,0.0,-0.12002785503864288,0.0,0.0
14.149,-0.5301766991615297,-0.17794813215732574,-1.786961317062378,-0.21356330811977384,-0.10218217223882677,0.0,0.0,-0.12002785503864288,0.0,0.0
14.162,-0.5546613335609436,-0.16734042763710022,-0.3260906636714936,-0.25882405042648315,-0.08314156532287596,0.0,0.0,-0.12437057495117188,0.0,0.0
14.176,-0.5398311018943787,-0.16949719190597534,-0.5901060700416565,-0.21893651783466336,-0.07222039252519606,0.0,0.0,-0.11129399389028548,0.0,0.0
14.189,-0.5586145520210266,-0.18685410916805267,1.8709468841552732,-0.24443103373050687,-0.0580768883228302,0.0,0.0,-0.09683690965175629,0.0,0.0
14.202,-0.5402579307556152,-0.17919513583183289,0.18199458718299863,-0.21118398010730743,-0.03488410636782646,0.0,0.0,-0.09402687102556227,0.0,0.0
14.216,-0.521379828453064,-0.16360542178153992,0.5653224587440491,-0.21259176731109616,-0.028565458953380585,0.0,0.0,-0.10032940655946732,0.0,0.0
14.229,-0.5388123393058777,-0.1513102501630783,0.6416122913360596,-0.26271113753318787,-0.03782961145043373,0.0,0.0,-0.10099632292985916,0.0,0.0
14.242,-0.5644515752792358,-0.15099477767944336,-1.0613064765930176,-0.29716014862060547,-0.04706849902868271,0.0,0.0,-0.09539267420768736,0.0,0.0
14.256,-0.5889855623245239,-0.14373138546943665,-2.0682189464569087,-0.3188071846961975,-0.05972682312130928,0.0,0.0,-0.10167652368545532,0.0,0.0
14.269,-0.5703688859939575,-0.11252294480800629,-1.5012669563293457,-0.3085082769393921,-0.10581284761428832,0.0,0.0,-0.12371838092803956,0.0,0.0
14.282,-0.6001187562942505,-0.0911390781402588,-0.901489317417145,-0.36431533098220825,-0.18549123406410217,0.0,0.0,-0.1600281447172165,0.0,0.0
14.296,-0.6164526343345642,-0.1256755888462067,3.9382169246673584,-0.36389392614364624,-0.17774170637130737,0.0,0.0,-0.17426852881908417,0.0,0.0
14.309,-0.5929301977157593,-0.12334181368350984,0.4088312387466431,-0.3636572360992432,-0.1924638599157333,0.0,0.0,-0.17426852881908417,0.0,0.0
14.322,-0.5650407075881958,-0.059708431363105774,-0.04992261528968811,-0.3094107508659363,-0.23772841691970825,0.0,0.0,-0.20583610236644745,0.0,0.0
14.336,-0.58861243724823,-0.03816390037536621,-0.9330499768257139,-0.3166322708129883,-0.2720000147819519,0.0,0.0,-0.2155297100543976,0.0,0.0
14.349,-0.5645635724067688,-0.02495088428258896,-0.06408579647541046,-0.2982904613018036,-0.29584115743637085,0.0,0.0,-0.21392086148262024,0.0,0.0
14.362,-0.5882378220558168,-0.007626645267009734,-0.5657672882080078,-0.28484874963760376,-0.31724023818969727,0.0,0.0,-0.2094969600439072,0.0,0.0
14.376,-0.5636433362960817,0.008795741945505142,-0.25036072731018066,-0.2853844463825226,-0.3373396396636963,0.0,0.0,-0.21228854358196256,0.0,0.0
14.389,-0.5873310565948486,0.0064093731343746185,0.2618350088596344,-0.32159784436225886,-0.3365781605243683,0.0,0.0,-0.21631103754043576,0.0,0.0
14.402,-0.5918181538581848,0.03658043593168259,3.681010007858277,-0.3508424460887909,-0.2997673749923706,0.0,0.0,-0.21688511967659,0.0,0.0
14.416,-0.5660036206245422,0.033663708716630936,-0.5986992120742798,-0.30078774690628046,-0.288494884967804,0.0,0.0,-0.21555906534194944,0.0,0.0
14.429,-0.5966684818267822,0.02214839309453964,1.5256270170211792,-0.32024064660072327,-0.27886962890625,0.0,0.0,-0.203743189573288,0.0,0.0
14.442,-0.6279834508895874,0.01887592114508152,4.089043140411377,-0.3196876347064972,-0.18792971968650815,0.0,0.0,-0.1321965605020523,0.0,0.0
14.456,-0.5982348918914795,0.05073130130767822,4.2212748527526855,-0.2686110734939575,-0.151100754737854,0.0,0.0,-0.1321965605020523,0.0,0.0
14.469,-0.5641372203826904,0.09481917321681976,3.2243263721466064,-0.23894120752811432,-0.09051064401865005,0.0,0.0,-0.1041875034570694,0.0,0.0
14.482,-0.5301411151885985,0.10780318826436996,2.312645196914673,-0.23794244229793549,-0.02898860722780228,0.0,0.0,-0.06849093735218048,0.0,0.0
14.496,-0.5559925436973572,0.08709077537059784,0.4680348336696625,-0.2857230305671692,0.0008654892444610596,0.0,0.0,-0.06849093735218048,0.0,0.0
14.509,-0.5795502662658691,0.0841957703232765,0.5017194747924805,-0.31197917461395264,0.0007716715335845947,0.0,0.0,-0.04688043892383576,0.0,0.0
14.522,-0.6160292029380798,0.13872240483760834,4.3766303062438965,-0.3368285894393921,0.04008317366242409,0.0,0.0,0.003053789492696524,0.0,0.0
14.536,-0.649967610836029,0.13599923253059387,-2.1111319065093994,-0.3612244129180908,0.06702221930027008,0.0,0.0,0.0157896988093853,0.0,0.0
14.549,-0.6217291355133057,0.15460599958896637,4.23806095123291,-0.3411924242973328,0.10829294472932816,0.0,0.0,0.0157896988093853,0.0,0.0
14.562,-0.5871456265449524,0.1531691551208496,2.7250356674194336,-0.3328607380390167,0.06890527904033661,0.0,0.0,-0.006952539086341858,0.0,0.0
14.576,-0.6097211837768555,0.1529749035835266,-3.5539989471435547,-0.3732996881008148,0.01533040963113308,0.0,0.0,-0.015536533668637276,0.0,0.0
14.589,-0.6345299482345581,0.17788058519363403,-0.5937398076057434,-0.4014237523078919,-0.029032215476036072,0.0,0.0,-0.02084261924028397,0.0,0.0
14.602,-0.6142491102218628,0.17777931690216064,-8.67164421081543,-0.38505396246910095,-0.08233979344367981,0.0,0.0,-0.03649386763572693,0.0,0.0
14.616,-0.6160473823547363,0.2084626406431198,0.18761660158634183,-0.3524969518184662,-0.13735170662403107,0.0,0.0,-0.06351976096630096,0.0,0.0
14.629,-0.6378855109214783,0.18801039457321167,0.36029890179634094,-0.3897968530654907,-0.15609094500541687,0.0,0.0,-0.0893254280090332,0.0,0.0
14.642,-0.6213252544403076,0.15049174427986145,-1.679994821548462,-0.3413955569267273,-0.176874577999115,0.0,0.0,-0.10865380614995956,0.0,0.0
14.656,-0.594111979007721,0.1453743875026703,-4.611039638519287,-0.28965592384338373,-0.19708667695522308,0.0,0.0,-0.1291583776473999,0.0,0.0
14.669,-0.5862645506858826,0.13965222239494324,-3.2831919193267822,-0.2697848677635193,-0.2624625563621521,0.0,0.0,-0.15438255667686462,0.0,0.0
14.682,-0.6258564591407776,0.053739272058010094,-2.635272026062012,-0.31659936904907227,-0.3532746136188507,0.0,0.0,-0.2005499303340912,0.0,0.0
14.696,-0.6608005166053772,0.0503985658288002,1.7637312412261963,-0.36209654808044434,-0.3543412387371063,0.0,0.0,-0.2005499303340912,0.0,0.0
14.709,-0.6819508671760559,-0.010055206716060638,-4.309576511383057,-0.3894730806350708,-0.369772732257843,0.0,0.0,-0.21784934401512143,0.0,0.0
14.722,-0.6479305028915405,-0.06324075162410736,-1.8722952604293823,-0.3370782136917114,-0.34585684537887573,0.0,0.0,-0.21810227632522583,0.0,0.0
14.736,-0.6158174276351929,-0.058438971638679504,0.7955141067504883,-0.2847009599208832,-0.3232460618019104,0.0,0.0,-0.18846359848976132,0.0,0.0
14.749,-0.6391618847846985,-0.11156001687049866,4.608088493347168,-0.28736212849617004,-0.2320413440465927,0.0,0.0,-0.18846359848976132,0.0,0.0
14.762,-0.61624675989151,-0.2034151405096054,8.471658706665039,-0.26002323627471924,-0.0873638391494751,0.0,0.0,-0.09958893805742265,0.0,0.0
14.776,-0.5943272113800049,-0.217409148812294,-1.8246352672576904,-0.22940742969512937,-0.03517753630876541,0.0,0.0,-0.0795191004872322,0.0,0.0
14.789,-0.5689724683761597,-0.2149926126003265,-0.8277844190597534,-0.1989717781543732,-0.023542353883385655,0.0,0.0,-0.0795191004872322,0.0,0.0
14.802,-0.56662517786026,-0.2706769108772278,1.650482177734375,-0.20057255029678345,-0.02021806687116623,0.0,0.0,-0.03484860807657242,0.0,0.0
14.815,-0.6011115908622742,-0.26089110970497126,1.5328567028045654,-0.2301533669233322,0.006411869078874588,0.0,0.0,0.004772442393004894,0.0,0.0
14.829,-0.620021641254425,-0.2327912598848343,1.7245067358016968,-0.25674664974212646,0.05858428031206131,0.0,0.0,0.034258004277944565,0.0,0.0
14.842,-0.5972148180007936,-0.2078324854373932,1.4648722410202026,-0.2463773936033249,0.13105344772338867,0.0,0.0,0.05045978724956513,0.0,0.0
14.856,-0.5667284727096558,-0.2017986923456192,0.8549435138702391,-0.237325519323349,0.18792641162872317,0.0,0.0,0.0571201890707016,0.0,0.0
14.869,-0.5400952696800232,-0.2085803896188736,-2.916289806365967,-0.2569202184677124,0.19967015087604523,0.0,0.0,0.05891282111406326,0.0,0.0
14.882,-0.5576649904251099,-0.21646633744239807,-3.9712429046630855,-0.2778267562389374,0.13058261573314667,0.0,0.0,0.06028825789690018,0.0,0.0
14.896,-0.5921303629875183,-0.2141726315021515,-1.861363649368286,-0.3216010332107544,0.11920463293790816,0.0,0.0,0.05802999436855316,0.0,0.0
14.909,-0.6253359317779541,-0.19746771454811096,2.481926679611206,-0.36498686671257013,0.07064186036586761,0.0,0.0,0.053411737084388726,0.0,0.0
14.922,-0.6432490348815918,-0.179372638463974,8.894211769104006,-0.4183509945869446,0.13208353519439697,0.0,0.0,0.06248098984360695,0.0,0.0
14.936,-0.6638008952140808,-0.1819995641708374,-2.7751352787017822,-0.44773712754249567,0.1691719889640808,0.0,0.0,0.06248098984360695,0.0,0.0
14.949,-0.6606440544128418,-0.18298067152500155,2.0700478553771973,-0.4692848026752472,0.2041260004043579,0.0,0.0,0.06137456744909287,0.0,0.0
14.962,-0.6317902207374573,-0.19242663681507113,-5.472493648529053,-0.4587673544883728,0.2436901777982712,0.0,0.0,0.03015194833278656,0.0,0.0
14.976,-0.6639805436134337,-0.1799122840166092,3.9223115444183354,-0.47775799036026,0.21081276237964633,0.0,0.0,0.035397034138441086,0.0,0.0
14.989,-0.6922783851623535,-0.1826550364494324,-0.5556458234786987,-0.4959303140640258,0.19060057401657104,0.0,0.0,0.055276717990636826,0.0,0.0
15.002,-0.717522382736206,-0.13592037558555603,16.808427810668945,-0.5261741280555725,0.21840286254882807,0.0,0.0,0.07804366946220398,0.0,0.0
15.016,-0.7363249063491821,-0.11209303885698318,4.736394882202148,-0.5663778781890869,0.2612328827381134,0.0,0.0,0.10216730833053587,0.0,0.0
15.029,-0.7521703243255614,-0.08719365298748016,4.662021636962891,-0.6168542504310608,0.3152252435684204,0.0,0.0,0.12223779410123824,0.0,0.0
15.042,-0.7169193029403688,-0.09503291547298431,3.1730990409851074,-0.5880166888237,0.36553692817687994,0.0,0.0,0.12103494256734848,0.0,0.0
15.056,-0.6899846792221069,-0.08549267053604126,1.0349990129470823,-0.5639355778694153,0.38304072618484497,0.0,0.0,0.10120093077421188,0.0,0.0
15.069,-0.6661996841430664,0.06162118911743164,3.3734500408172607,-0.5460593104362488,0.315549910068512,0.0,0.0,0.1073923259973526,0.0,0.0
15.083,-0.6424598097801208,0.12865647673606873,3.378110408782959,-0.5158807039260864,0.2914717197418213,0.0,0.0,0.11720719188451768,0.0,0.0
15.096,-0.6181953549385071,0.1249960958957672,-0.7304705381393432,-0.48707371950149536,0.29006105661392206,0.0,0.0,0.11720719188451768,0.0,0.0
15.109,-0.5882617831230164,0.2581230700016022,16.18951416015625,-0.43601450324058527,0.19604942202568051,0.0,0.0,0.126538947224617,0.0,0.0
15.123,-0.5820618271827698,0.3396672308444977,3.7497370243072514,-0.3949391543865204,0.13755738735198977,0.0,0.0,0.14775924384593964,0.0,0.0
15.136,-0.5955089926719666,0.3929949700832367,1.1477195024490356,-0.41928717494010925,0.1191633939743042,0.0,0.0,0.17174646258354187,0.0,0.0
15.149,-0.5627686977386475,0.35345056653022766,-0.20885691046714783,-0.37652409076690674,0.1340617686510086,0.0,0.0,0.17407755553722382,0.0,0.0
15.163,-0.5355247259140015,0.3313705623149872,-1.6877598762512207,-0.3187832236289978,0.12921340763568878,0.0,0.0,0.15860842168331146,0.0,0.0
15.176,-0.5686661005020142,0.38287228345870966,-2.8834550380706787,-0.3547838926315308,0.10982475429773332,0.0,0.0,0.1505502611398697,0.0,0.0
15.189,-0.5999194979667664,0.4207121133804321,-0.4598088562488556,-0.3722922205924988,0.1127861589193344,0.0,0.0,0.15868082642555237,0.0,0.0
15.203,-0.6116710305213928,0.4212245047092438,0.9650364518165587,-0.3502991795539856,0.14278830587863922,0.0,0.0,0.17174145579338074,0.0,0.0
15.216,-0.5827943086624146,0.4138911068439484,2.9175124168396,-0.301400750875473,0.15437553822994232,0.0,0.0,0.16490566730499268,0.0,0.0
15.229,-0.5852711200714111,0.45081004500389094,-0.11524111032485962,-0.3174927532672882,0.050651103258132935,0.0,0.0,0.13163895905017853,0.0,0.0
15.243,-0.5876211524009705,0.4400965571403504,0.18577203154563904,-0.3342862129211426,0.05612540990114212,0.0,0.0,0.13163895905017853,0.0,0.0
15.256,-0.6016350984573364,0.4064059853553772,0.038735568523406975,-0.3624018132686615,0.06265991181135178,0.0,0.0,0.14351952075958252,0.0,0.0
15.27,-0.6052855849266052,0.3305806815624237,0.040528178215026855,-0.3706381916999817,0.1891116201877594,0.0,0.0,0.1640911102294922,0.0,0.0
15.283,-0.5988901257514954,0.28795164823532104,1.226969838142395,-0.3457545340061188,0.25285184383392334,0.0,0.0,0.17373286187648773,0.0,0.0
15.296,-0.6129547953605652,0.3064301609992981,-2.23238468170166,-0.3549979031085968,0.253320574760437,0.0,0.0,0.17373286187648773,0.0,0.0
15.309,-0.5902228355407715,0.20652973651885984,4.75932502746582,-0.31589037179946894,0.2738202214241028,0.0,0.0,0.1893175542354584,0.0,0.0
15.323,-0.5549411773681641,0.17113789916038513,3.6635262966156006,-0.28787973523139954,0.23201513290405276,0.0,0.0,0.17777398228645325,0.0,0.0
15.336,-0.5204041004180908,0.11611662805080414,-3.631306409835816,-0.2714892625808716,0.19335049390792847,0.0,0.0,0.16255010664463043,0.0,0.0
15.349,-0.5336288213729857,0.07098688930273056,3.0483081340789795,-0.3175564408302307,0.1829070746898651,0.0,0.0,0.16386961936950684,0.0,0.0
15.363,-0.5509765148162842,0.029537662863731384,-5.506997585296631,-0.328473299741745,0.18994998931884768,0.0,0.0,0.17490412294864657,0.0,0.0
15.376,-0.5271006226539612,0.05127093195915222,-1.6658663749694824,-0.2819421887397766,0.18301039934158325,0.0,0.0,0.17486613988876343,0.0,0.0
15.389,-0.5423495173454285,0.137293741106987,-3.199723243713379,-0.3124856352806092,0.1939339339733124,0.0,0.0,0.14127039909362793,0.0,0.0
15.403,-0.5654162168502808,0.17188751697540283,-3.7780365943908687,-0.33654174208641047,0.16170620918273926,0.0,0.0,0.14127039909362793,0.0,0.0
15.416,-0.541446328163147,0.12485596537590028,1.3106367588043213,-0.2927452027797699,0.14849506318569183,0.0,0.0,0.13542494177818298,0.0,0.0
15.429,-0.49944651126861567,0.08828848600387573,3.540050983428955,-0.2587920427322388,0.07185870409011841,0.0,0.0,0.10505255311727524,0.0,0.0
15.443,-0.4543613195419312,0.011237009428441525,5.157702445983888,-0.24704392254352567,0.04486756771802902,0.0,0.0,0.08751900494098662,0.0,0.0
15.456,-0.4618907272815704,-0.015160828828811646,-1.4641821384429932,-0.2862948179244995,0.03407784551382065,0.0,0.0,0.08751900494098662,0.0,0.0
15.469,-0.47253111004829407,-0.05005551874637604,-6.670461654663086,-0.3076880872249604,0.03502877056598663,0.0,0.0,0.1179586797952652,0.0,0.0
15.483,-0.5022217631340027,-0.03474567830562592,1.8119103908538816,-0.3054337501525879,0.09427536278963088,0.0,0.0,0.1348426192998886,0.0,0.0
15.496,-0.5284664034843445,-0.021950706839561462,-0.8099399209022522,-0.35992211103439326,0.10035119205713272,0.0,0.0,0.1348426192998886,0.0,0.0
15.509,-0.5025962591171265,-0.04602345824241638,6.8748321533203125,-0.30848950147628784,0.16607549786567688,0.0,0.0,0.12030792236328124,0.0,0.0
15.523,-0.45859429240226746,-0.0966244339942932,1.7080485820770264,-0.26573726534843445,0.14315065741539,0.0,0.0,0.12356214970350266,0.0,0.0
15.536,-0.41402295231819153,-0.17353114485740662,-1.3197809457778933,-0.2325109988451004,0.1261620968580246,0.0,0.0,0.12868906557559967,0.0,0.0
15.549,-0.37451034784317017,-0.24412690103054047,-3.3400766849517822,-0.2075699269771576,0.11637134104967116,0.0,0.0,0.12115639448165894,0.0,0.0
15.563,-0.38841080665588373,-0.2472483515739441,-1.0646357536315918,-0.2494584321975708,0.1062096580862999,0.0,0.0,0.11490871012210846,0.0,0.0
15.576,-0.4254797697067261,-0.2052105665206909,-2.3365280628204346,-0.27849799394607544,0.09313659369945526,0.0,0.0,0.1282080113887787,0.0,0.0
15.589,-0.40967848896980286,-0.17891809344291687,-0.7154747843742371,-0.23468932509422305,0.08199876546859741,0.0,0.0,0.14326855540275574,0.0,0.0
15.603,-0.39894765615463257,-0.14511865377426147,1.989497184753418,-0.21644654870033264,0.08955669403076173,0.0,0.0,0.13815240561962128,0.0,0.0
15.616,-0.4337624311447144,-0.10193446278572084,1.5382311344146729,-0.2579036056995392,0.11028175055980682,0.0,0.0,0.12587018311023712,0.0,0.0
15.629,-0.3955185413360596,-0.1830911636352539,-0.006157904863357544,-0.21494987607002256,0.1132064163684845,0.0,0.0,0.14417746663093567,0.0,0.0
15.643,-0.3569934070110321,-0.2133495509624481,-0.8134469389915465,-0.1714896261692047,0.10753935575485228,0.0,0.0,0.14417746663093567,0.0,0.0
15.656,-0.33546942472457886,-0.2488134801387787,-2.7979507446289062,-0.1758762001991272,0.09177109599113464,0.0,0.0,0.14885321259498596,0.0,0.0
15.669,-0.29275208711624146,-0.2289890944957733,-9.791586875915527,-0.15122367441654205,0.009444028139114382,0.0,0.0,0.08856070786714554,0.0,0.0
15.683,-0.2727081775665283,-0.21603360772132876,-2.103620767593384,-0.15469002723693848,-0.03785531222820281,0.0,0.0,0.0595126748085022,0.0,0.0
15.696,-0.2968723177909851,-0.19048351049423215,1.6153357028961182,-0.1777990460395813,-0.061829321086406715,0.0,0.0,0.045103203505277634,0.0,0.0
15.709,-0.2819313704967499,-0.19648721814155576,-3.700952053070069,-0.1575506329536438,-0.06559772789478302,0.0,0.0,0.045103203505277634,0.0,0.0
15.723,-0.317586362361908,-0.1580950766801834,1.1811163425445557,-0.1844598948955536,-0.07195204496383667,0.0,0.0,0.03927768021821976,0.0,0.0
15.736,-0.34966525435447693,-0.13325822353363037,0.636958658695221,-0.184525802731514,-0.0482381284236908,0.0,0.0,0.0569763258099556,0.0,0.0
15.749,-0.3197784721851349,-0.16717290878295898,2.084097623825073,-0.13538153469562533,8.435547351837158e-05,0.0,0.0,0.07935367524623872,0.0,0.0
15.763,-0.28126755356788635,-0.17040205001831055,1.9715610742568968,-0.0925406739115715,0.0544200986623764,0.0,0.0,0.09359796345233917,0.0,0.0
15.776,-0.2917157113552093,-0.1905547678470612,2.9173929691314697,-0.1368173211812973,0.10333824157714844,0.0,0.0,0.11077288538217545,0.0,0.0
15.789,-0.30052879452705383,-0.22279413044452667,0.7593892216682434,-0.15143370628356934,0.14749720692634585,0.0,0.0,0.1399760544300079,0.0,0.0
15.803,-0.25913217663764954,-0.27000367641448975,-1.4496982097625732,-0.11972984671592712,0.18638178706169128,0.0,0.0,0.16628870368003845,0.0,0.0
15.816,-0.22452935576438904,-0.27980273962020874,-1.7276018857955933,-0.09832305461168288,0.21273940801620483,0.0,0.0,0.17439717054367063,0.0,0.0
15.829,-0.2165092378854752,-0.25489723682403564,-0.2773068845272064,-0.08310499042272566,0.21266475319862368,0.0,0.0,0.16679692268371582,0.0,0.0
15.843,-0.2492307424545288,-0.2247081845998764,2.488924503326416,-0.10345257073640823,0.22827787697315216,0.0,0.0,0.15887023508548737,0.0,0.0
15.856,-0.2851414084434509,-0.20922143757343287,4.467855930328369,-0.12377962470054626,0.2591273784637451,0.0,0.0,0.16882771253585815,0.0,0.0
15.87,-0.3192925155162812,-0.21410007774829865,4.988624572753905,-0.1220502182841301,0.3303973376750946,0.0,0.0,0.19621381163597107,0.0,0.0
15.883,-0.27474573254585266,-0.26563453674316406,2.1798222064971924,-0.10137930512428284,0.4496228396892548,0.0,0.0,0.22971415519714355,0.0,0.0
15.896,-0.2298830896615982,-0.2897262275218964,-1.2348443269729614,-0.0796942338347435,0.5033789277076721,0.0,0.0,0.26729610562324524,0.0,0.0
15.909,-0.2060302495956421,-0.27944639325141907,-2.58537220954895,-0.06612325459718704,0.511988639831543,0.0,0.0,0.3023059666156769,0.0,0.0
15.923,-0.17237301170825958,-0.2448420524597168,-0.3008633852005005,-0.022995825856924057,0.5250701308250427,0.0,0.0,0.3271828293800354,0.0,0.0
15.936,-0.13087084889411926,-0.2635292708873749,-0.44757127761840815,0.007151284720748663,0.5089571475982666,0.0,0.0,0.3271828293800354,0.0,0.0
15.949,-0.11283861845731737,-0.22571304440498352,4.028514862060546,0.015993189066648483,0.5093267560005188,0.0,0.0,0.3247244954109192,0.0,0.0
15.963,-0.1450452357530594,-0.2719910740852356,3.2585017681121826,0.0028079452458769083,0.5854488611221313,0.0,0.0,0.3459096848964691,0.0,0.0
15.976,-0.16102275252342224,-0.30072957277297974,0.6414011120796204,-0.003764992346987128,0.6638820171356201,0.0,0.0,0.36685279011726374,0.0,0.0
15.989,-0.1908520758152008,-0.25600752234458923,5.918365478515625,-0.02782387286424637,0.7529643177986146,0.0,0.0,0.3877310752868652,0.0,0.0
16.003,-0.20125502347946167,-0.26857972145080566,5.962876796722412,-0.06467390060424805,0.8525413274765015,0.0,0.0,0.4191265106201172,0.0,0.0
16.016,-0.15401393175125122,-0.30892544984817505,4.04728364944458,-0.006241891998797655,0.9640841484069824,0.0,0.0,0.45995789766311646,0.0,0.0
16.029,-0.10689225047826768,-0.3589400351047516,1.5787571668624878,0.053444191813468926,1.0421080589294434,0.0,0.0,0.4953483939170837,0.0,0.0
16.043,-0.05998287722468376,-0.3993793725967407,2.7849197387695312,0.1039496883749962,1.0926237106323242,0.0,0.0,0.5293980240821838,0.0,0.0
16.056,-0.06283988803625107,-0.4352316856384277,7.9009737968444815,0.09609711170196532,1.1903512477874756,0.0,0.0,0.5769698619842529,0.0,0.0
16.069,-0.0393148772418499,-0.5078985691070557,4.087673187255859,0.12644222378730774,1.3097620010375977,0.0,0.0,0.5477803945541382,0.0,0.0
16.083,-0.07817751914262772,-0.2640053629875183,2.8492300510406494,0.07103794813156128,1.2656400203704834,0.0,0.0,0.7540097832679747,0.0,0.0
16.096,-0.1173299178481102,-0.24138158559799197,0.015923380851745605,0.01612672209739685,1.2600812911987305,0.0,0.0,0.7540097832679747,0.0,0.0
16.109,-0.15410546958446503,-0.3621799945831298,0.35711824893951416,-0.013092332519590856,1.1698206663131714,0.0,0.0,0.7240972518920897,0.0,0.0
16.123,-0.10553165525197984,-0.45924288034439087,-42.14517974853516,0.009887936525046824,0.9957426786422728,0.0,0.0,0.44783955812454224,0.0,0.0
16.136,-0.06595201045274736,-0.5558198094367981,-14.91920566558838,0.0046365740709006795,0.7671850919723511,0.0,0.0,0.2737712562084198,0.0,0.0
16.15,-0.025061322376132008,-0.5686936378479004,8.090731620788574,-0.0005508848116733134,0.7758587002754211,0.0,0.0,0.2737712562084198,0.0,0.0
16.163,-0.05951669067144394,-0.38676995038986206,-7.867991924285888,-0.009284116327762605,0.5344711542129517,0.0,0.0,0.26635152101516724,0.0,0.0
16.176,-0.04988570883870125,-0.4385820627212525,-10.357197761535645,0.03394170477986336,0.38980844616889954,0.0,0.0,0.2896167039871216,0.0,0.0
16.189,-0.0730011612176895,-0.3592587113380432,0.15932321548461914,0.02279268205165863,0.4012644290924072,0.0,0.0,0.26888763904571533,0.0,0.0
16.203,-0.06047243997454643,-0.2660132944583893,2.6943280696868896,0.07465161383152008,0.3830062448978424,0.0,0.0,0.22740375995635984,0.0,0.0
16.216,-0.045235957950353615,-0.3228932321071625,3.327874660491944,0.12990961968898773,0.37616592645645136,0.0,0.0,0.21666300296783447,0.0,0.0
16.229,-0.054753538221120834,-0.4308988749980927,-0.32418742775917053,0.1256111115217209,0.4179555475711823,0.0,0.0,0.21918293833732605,0.0,0.0
16.243,-0.06603565812110901,-0.5101503729820251,-1.2161672115325928,0.10971499234437944,0.49531337618827825,0.0,0.0,0.24310389161109924,0.0,0.0
16.256,-0.07609527558088303,-0.5667248964309692,8.217653274536131,0.1142108365893364,0.6345551609992981,0.0,0.0,0.27767953276634216,0.0,0.0
16.269,-0.08669345080852509,-0.627729058265686,18.322832107543945,0.07763524353504181,0.8435484170913696,0.0,0.0,0.3114989101886749,0.0,0.0
16.283,-0.05678199231624603,-0.7625184059143065,19.77503776550293,0.0672827735543251,1.0028830766677856,0.0,0.0,0.325473815202713,0.0,0.0
16.296,-0.033822864294052124,-0.7713241577148436,-9.959631919860842,0.050766319036483765,1.0009777545928955,0.0,0.0,0.325473815202713,0.0,0.0
16.309,-0.03402020037174225,-0.7493804693222046,-9.48096752166748,0.040681112557649605,0.8731393814086914,0.0,0.0,0.2651333212852478,0.0,0.0
16.323,-0.02573629282414913,-0.5814361572265625,-33.10511779785156,0.07068279385566711,0.5357217788696289,0.0,0.0,0.169864222407341,0.0,0.0
16.336,-0.023391181603074077,-0.5697683095932007,9.576775550842285,0.1099361851811409,0.5210626125335692,0.0,0.0,0.20324099063873288,0.0,0.0
16.349,-0.02231420949101448,-0.5691170692443848,0.07193014025688171,0.15265074372291565,0.5360790491104126,0.0,0.0,0.24744562804698944,0.0,0.0
16.363,0.011023327708244324,-0.7053884267807007,22.3909854888916,0.21183809638023376,0.7024770975112915,0.0,0.0,0.28706029057502747,0.0,0.0
16.376,0.04771937057375908,-0.8184426426887512,7.002225875854492,0.27407994866371155,0.8413879871368408,0.0,0.0,0.3293857276439667,0.0,0.0
16.389,0.07271281629800797,-0.892065942287445,-2.0005524158477783,0.28178712725639343,0.8079851269721986,0.0,0.0,0.3349398076534271,0.0,0.0
16.403,0.03983934596180916,-0.7887551784515381,-16.469316482543945,0.22740937769412997,0.5276675224304199,0.0,0.0,0.25198501348495483,0.0,0.0
16.416,0.012572752311825752,-0.5222437381744385,-21.14022827148437,0.1750839203596115,0.2822344899177552,0.0,0.0,0.13187512755393982,0.0,0.0
16.429,0.020710928365588188,-0.340944766998291,-8.94366455078125,0.2177717089653015,0.19869056344032288,0.0,0.0,0.08346661925315857,0.0,0.0
16.443,0.035403791815042496,-0.30005866289138794,4.221349716186523,0.2417593747377396,0.2640215754508972,0.0,0.0,0.15778495371341705,0.0,0.0
16.456,0.04082043096423149,-0.29666662216186523,7.6137094497680655,0.23807327449321747,0.31635695695877075,0.0,0.0,0.15778495371341705,0.0,0.0
16.469,0.03449432551860809,-0.3136453032493592,3.681040048599243,0.1948097199201584,0.3498324751853943,0.0,0.0,0.166801780462265,0.0,0.0
16.483,0.02744702994823456,-0.3462786972522736,1.763579249382019,0.16075652837753296,0.35831305384635925,0.0,0.0,0.15738020837306976,0.0,0.0
16.496,0.021260712295770645,-0.3644203841686249,0.24356581270694733,0.11967938393354416,0.353607177734375,0.0,0.0,0.1696648150682449,0.0,0.0
16.509,0.06514962762594223,-0.3682274222373962,-2.1561384201049805,0.1678963303565979,0.3456774950027466,0.0,0.0,0.1696648150682449,0.0,0.0
16.523,0.09166042506694792,-0.3103889226913452,-12.039913177490234,0.21357762813568115,0.252724289894104,0.0,0.0,0.19031083583831787,0.0,0.0
16.536,0.1137791872024536,-0.2785141468048096,0.9030237793922424,0.26680946350097656,0.2048834562301636,0.0,0.0,0.19844986498355863,0.0,0.0
16.55,0.13799890875816345,-0.16286593675613403,-1.9482113122940063,0.26734146475791926,0.15126721560955048,0.0,0.0,0.20448851585388184,0.0,0.0
16.563,0.1585395783185959,-0.06077580526471137,-1.0835610628128052,0.28203147649765015,0.06810486316680908,0.0,0.0,0.20883072912693024,0.0,0.0
16.576,0.16809627413749695,0.041993770748376846,-3.273496389389038,0.27860110998153687,-0.03193942457437515,0.0,0.0,0.20417864620685575,0.0,0.0
16.59,0.17770208418369293,0.12132437527179718,-3.5330564975738525,0.3272383511066437,-0.21419635415077207,0.0,0.0,0.17369048297405243,0.0,0.0
16.603,0.1900784969329834,0.15741316974163055,-3.182040214538574,0.37762963771820074,-0.26819556951522827,0.0,0.0,0.17369048297405243,0.0,0.0
16.616,0.2055375576019287,0.16165310144424438,-6.500332832336426,0.421751081943512,-0.3771229684352874,0.0,0.0,0.16362231969833374,0.0,0.0
16.63,0.16937415301799774,0.14134100079536438,-18.51025009155273,0.3636707067489624,-0.6225566864013672,0.0,0.0,0.16632333397865295,0.0,0.0
16.643,0.15541212260723114,0.15214526653289795,0.06269607692956924,0.30359306931495667,-0.7464344501495361,0.0,0.0,0.16864021122455597,0.0,0.0
16.656,0.13808003067970276,0.16442644596099854,-8.028469085693358,0.240107536315918,-0.8074189424514769,0.0,0.0,0.16864021122455597,0.0,0.0
16.67,0.12253428250551224,0.42683404684066767,-19.089216232299805,0.17927128076553345,-1.1413518190383911,0.0,0.0,0.11874426156282424,0.0,0.0
16.683,0.10756487399339676,0.5580751895904541,2.333848237991333,0.1752856969833374,-1.1523761749267578,0.0,0.0,-0.00017960555851459503,0.0,0.0
16.696,0.09224813431501389,0.5572464466094971,0.9450674057006837,0.17152412235736847,-1.1548296213150024,0.0,0.0,-0.00017960555851459503,0.0,0.0
16.71,0.07662660628557205,0.5096304416656494,12.699590682983398,0.1679156869649887,-1.031904697418213,0.0,0.0,-0.0422133319079876,0.0,0.0
16.723,0.06301017850637436,0.43019068241119385,-1.216717004776001,0.14380605518817902,-0.7900975942611694,0.0,0.0,-0.10846363008022308,0.0,0.0
16.736,0.10397995263338088,0.3627703487873077,-2.2174458503723145,0.14091794192790985,-0.7085975408554077,0.0,0.0,-0.14617080986499786,0.0,0.0
16.75,0.1452736258506775,0.3652991652488709,1.4687150716781616,0.19122691452503204,-0.6994394063949585,0.0,0.0,-0.14617080986499786,0.0,0.0
16.763,0.09730243682861328,0.40467768907547,-16.991758346557617,0.13382700085639954,-0.7635706663131715,0.0,0.0,-0.189703181385994,0.0,0.0
16.776,0.0722699761390686,0.5094261169433594,-5.86998176574707,0.10537802428007126,-0.840185284614563,0.0,0.0,-0.20103552937507627,0.0,0.0
16.79,0.07559562474489213,0.5847609043121338,-2.0215539932250977,0.1407725065946579,-0.8676276206970215,0.0,0.0,-0.21050301194190976,0.0,0.0
16.803,0.02758133038878441,0.5954278707504272,3.027359962463379,0.13652577996253967,-0.8526015281677246,0.0,0.0,-0.21496163308620453,0.0,0.0
16.816,0.032691970467567444,0.6069384813308716,10.789847373962402,0.16799084842205048,-0.7933809757232666,0.0,0.0,-0.22037069499492645,0.0,0.0
16.83,-0.015258458442986012,0.5605778098106384,7.4752984046936035,0.12797898054122925,-0.7389644980430603,0.0,0.0,-0.25014570355415344,0.0,0.0
16.843,-0.06248387321829796,0.5518738031387329,-4.3121337890625,0.07053102552890778,-0.7266062498092651,0.0,0.0,-0.30157527327537537,0.0,0.0
16.856,-0.0819726660847664,0.5219488143920897,-3.920303106307984,0.008213918656110764,-0.8008676767349243,0.0,0.0,-0.35292190313339233,0.0,0.0
16.87,-0.10624933242797852,0.604743480682373,-21.850849151611328,-0.054248083382844925,-1.0492730140686035,0.0,0.0,-0.41014102101325994,0.0,0.0
16.883,-0.12085223942995071,0.6996749639511108,-3.615045547485352,-0.1132076159119606,-1.2962844371795654,0.0,0.0,-0.5715914964675903,0.0,0.0
16.896,-0.1331983208656311,0.6986578702926636,3.422107458114624,-0.1724207103252411,-1.2992346286773682,0.0,0.0,-0.5715914964675903,0.0,0.0
16.91,-0.10048293322324751,0.7110742926597595,4.5218825340271,-0.19078645110130313,-1.4030566215515137,0.0,0.0,-0.6257303357124329,0.0,0.0
16.923,-0.12056595087051392,0.6512443423271179,5.1336631774902335,-0.25697711110115046,-1.4500797986984253,0.0,0.0,-0.6180445551872252,0.0,0.0
16.936,-0.14127615094184875,0.5742661952972412,0.790028989315033,-0.3269234895706177,-1.4394996166229248,0.0,0.0,-0.6307772994041443,0.0,0.0
16.95,-0.1629699319601059,0.4962196946144104,-0.2543024718761444,-0.3355961143970489,-1.4318337440490725,0.0,0.0,-0.6307772994041443,0.0,0.0
16.963,-0.1328773945569992,0.4337603449821472,2.635536193847656,-0.30520522594451904,-1.351402759552002,0.0,0.0,-0.6699830293655396,0.0,0.0
16.976,-0.10900916904211044,0.40228334069252014,3.90813946723938,-0.27812141180038447,-1.299297571182251,0.0,0.0,-0.6769468784332275,0.0,0.0
16.99,-0.15523125231266022,0.398994117975235,2.0656003952026367,-0.31520870327949524,-1.2621505260467527,0.0,0.0,-0.6872732639312744,0.0,0.0
17.003,-0.1446099430322647,0.40155774354934687,1.5766605138778689,-0.27720174193382263,-1.2260935306549072,0.0,0.0,-0.6853163242340088,0.0,0.0
17.016,-0.1334328055381775,0.3899430632591248,2.8910837173461914,-0.229119211435318,-1.166182518005371,0.0,0.0,-0.6584076285362244,0.0,0.0
17.03,-0.11941664665937424,0.3161158859729767,8.019207954406738,-0.23691418766975403,-1.0091879367828367,0.0,0.0,-0.590427815914154,0.0,0.0
17.043,-0.13466410338878632,0.30479186773300165,-0.5422845482826233,-0.24148648977279663,-1.008631944656372,0.0,0.0,-0.590427815914154,0.0,0.0
17.056,-0.13248178362846377,0.247553825378418,3.8181400299072266,-0.2569589912891388,-0.9489097595214845,0.0,0.0,-0.572737455368042,0.0,0.0
17.07,-0.1304531693458557,0.17664754390716553,0.2160206437110901,-0.214737132191658,-0.8973369598388672,0.0,0.0,-0.5594515800476073,0.0,0.0
17.083,-0.1254953891038895,0.19800719618797305,2.607842445373535,-0.18431410193443296,-0.8498494625091552,0.0,0.0,-0.5265417098999025,0.0,0.0
17.096,-0.15671025216579437,0.18969072401523593,-2.1030194759368896,-0.22741383314132688,-0.8677853345870972,0.0,0.0,-0.4963712692260742,0.0,0.0
17.11,-0.16950438916683197,0.19596388936042783,2.4924716949462886,-0.2555176019668579,-0.8488394021987915,0.0,0.0,-0.4963712692260742,0.0,0.0
17.123,-0.17619158327579498,0.1721155345439911,2.3968632221221924,-0.2911013960838318,-0.8329713940620422,0.0,0.0,-0.45337232947349543,0.0,0.0
17.136,-0.2145173102617264,0.17248304188251495,-2.486849069595337,-0.33576574921607966,-0.8411209583282471,0.0,0.0,-0.4664841592311859,0.0,0.0
17.15,-0.23035874962806704,0.18189637362957,-2.7900102138519287,-0.3887278437614441,-0.8773692846298218,0.0,0.0,-0.5065770149230957,0.0,0.0
17.163,-0.2422061264514923,0.17939510941505432,-6.0457983016967765,-0.4421008825302124,-0.9381351470947265,0.0,0.0,-0.5594505667686462,0.0,0.0
17.176,-0.22489380836486816,0.16412821412086487,-5.077231407165527,-0.44319128990173345,-1.0198194980621338,0.0,0.0,-0.605644166469574,0.0,0.0
17.189,-0.2685833871364593,0.16794495284557345,-0.9064570069313048,-0.4875374138355255,-1.0854760408401487,0.0,0.0,-0.64236980676651,0.0,0.0
17.203,-0.28296181559562683,0.1319212019443512,-1.9787102937698364,-0.5236308574676514,-1.1451895236968994,0.0,0.0,-0.6790391802787781,0.0,0.0
17.216,-0.30550357699394226,0.12460054457187653,0.2904720604419708,-0.5527355074882507,-1.239169001579285,0.0,0.0,-0.7197401523590088,0.0,0.0
17.23,-0.3206140995025635,0.09777236729860304,-2.4691007137298584,-0.6103312969207764,-1.3123221397399902,0.0,0.0,-0.7580240368843079,0.0,0.0
17.243,-0.35617882013320923,0.0994696170091629,1.615414023399353,-0.6100631356239319,-1.3304340839385986,0.0,0.0,-0.7899551391601561,0.0,0.0
17.256,-0.32055068016052246,0.08108535408973692,-2.4953954219818115,-0.5586593747138977,-1.3444738388061523,0.0,0.0,-0.820566415786743,0.0,0.0
17.27,-0.27888599038124084,0.12315554171800612,-4.129870891571045,-0.5197057723999025,-1.3890149593353271,0.0,0.0,-0.8564375042915344,0.0,0.0
17.283,-0.26755693554878235,0.15833403170108795,-0.1628100872039795,-0.4735031127929688,-1.4478451013565063,0.0,0.0,-0.912382960319519,0.0,0.0
17.296,-0.2412931323051453,0.15592409670352936,-0.10293647646903992,-0.42523887753486633,-1.4653639793395996,0.0,0.0,-0.912382960319519,0.0,0.0
17.31,-0.22706365585327148,0.17111119627952576,-0.5389362573623657,-0.3801590204238892,-1.5273799896240234,0.0,0.0,-0.9069858789443968,0.0,0.0
17.323,-0.26903495192527765,0.17794907093048096,4.6089067459106445,-0.4241605401039124,-1.484769344329834,0.0,0.0,-0.8565598726272582,0.0,0.0
17.336,-0.3067116141319275,0.18453292548656464,5.39084005355835,-0.4745787382125855,-1.4163881540298462,0.0,0.0,-0.8298956751823425,0.0,0.0
17.35,-0.2716292440891266,0.1878490447998047,-0.9233973622322081,-0.425601989030838,-1.4205580949783323,0.0,0.0,-0.8298956751823425,0.0,0.0
17.363,-0.23500756919384003,0.18832281231880188,5.953649997711182,-0.38755744695663447,-1.2746320962905884,0.0,0.0,-0.781595468521118,0.0,0.0
17.376,-0.21675659716129303,0.20221960544586184,-1.1243774890899658,-0.3513215184211731,-1.2290372848510742,0.0,0.0,-0.7503159046173095,0.0,0.0
17.39,-0.2595726549625397,0.20983637869358063,1.204664945602417,-0.41205644607543945,-1.1659259796142578,0.0,0.0,-0.7190536260604857,0.0,0.0
17.403,-0.24598154425621035,0.20535467565059665,0.42207911610603327,-0.3581179678440094,-1.1368416547775269,0.0,0.0,-0.6930861473083496,0.0,0.0
17.417,-0.244314506649971,0.2133477479219437,-0.8889399170875549,-0.3781390190124512,-1.120452642440796,0.0,0.0,-0.6752676367759705,0.0,0.0
17.429,-0.2894531190395355,0.2586551606655121,-3.9115726947784415,-0.43224251270294184,-1.1331241130828855,0.0,0.0,-0.66250079870224,0.0,0.0
17.443,-0.3127799332141876,0.25879111886024475,1.5165544748306274,-0.4986612200737,-1.1179298162460327,0.0,0.0,-0.6556278467178345,0.0,0.0
17.456,-0.3383341133594513,0.2657129466533661,-2.2389583587646484,-0.5671324729919434,-1.106873631477356,0.0,0.0,-0.6556278467178345,0.0,0.0
17.469,-0.317393571138382,0.24940551817417145,-7.001202583312988,-0.5309433341026306,-1.0834999084472656,0.0,0.0,-0.6614187359809875,0.0,0.0
17.483,-0.330617755651474,0.2453593313694,0.5568087100982666,-0.586983859539032,-1.093977928161621,0.0,0.0,-0.6595256328582764,0.0,0.0
17.496,-0.37706008553504944,0.24800510704517365,-0.5781054496765137,-0.6579306721687317,-1.1119399070739746,0.0,0.0,-0.6759922504425049,0.0,0.0
17.51,-0.40255868434906006,0.22565194964408877,-4.534392833709717,-0.7262802124023436,-1.0996202230453491,0.0,0.0,-0.6759922504425049,0.0,0.0
17.523,-0.4263459742069245,0.19547173380851743,-1.957802414894104,-0.7665564417839049,-1.0674446821212769,0.0,0.0,-0.7305171489715576,0.0,0.0
17.536,-0.3873498439788818,0.19767862558364868,-4.599898815155028,-0.7267783284187317,-1.1079636812210083,0.0,0.0,-0.7700897455215454,0.0,0.0
17.55,-0.42977517843246466,0.19329664111137393,-3.8872807025909424,-0.7893330454826355,-1.1249208450317385,0.0,0.0,-0.7982673048973083,0.0,0.0
17.563,-0.453190803527832,0.1843600869178772,-2.158259630203247,-0.8108656406402589,-1.1360440254211426,0.0,0.0,-0.8153446316719054,0.0,0.0
17.576,-0.44802975654602045,0.16792452335357666,0.6079986691474915,-0.800150454044342,-1.119519829750061,0.0,0.0,-0.8178669214248657,0.0,0.0
17.59,-0.4942027032375336,0.13001170754432678,3.9894416332244873,-0.8216276168823241,-1.0908434391021729,0.0,0.0,-0.8042933940887451,0.0,0.0
17.603,-0.4875126481056213,0.11534862220287324,2.2820031642913814,-0.8282184600830078,-1.0632997751235962,0.0,0.0,-0.8002460598945618,0.0,0.0
17.616,-0.5137947201728821,0.10896043479442596,-0.9973011612892152,-0.9005516171455382,-1.0328525304794312,0.0,0.0,-0.8156299591064453,0.0,0.0
17.63,-0.5496802926063538,0.08532905578613281,-1.154547929763794,-0.9479339122772218,-0.9975292086601256,0.0,0.0,-0.8204020261764526,0.0,0.0
17.643,-0.5318076610565186,0.10721434652805328,-1.2009501457214355,-0.9183597564697265,-0.9933379292488098,0.0,0.0,-0.8043155670166015,0.0,0.0
17.656,-0.5193595886230469,0.121599942445755,1.437114119529724,-0.8865094184875488,-0.991733193397522,0.0,0.0,-0.8043155670166015,0.0,0.0
17.67,-0.4843041896820069,0.12893526256084442,3.804536819458008,-0.8750271797180176,-0.9939028024673461,0.0,0.0,-0.8168157339096069,0.0,0.0
17.683,-0.5288417339324951,0.11344343423843384,3.353543519973755,-0.9140639901161194,-0.9368916153907778,0.0,0.0,-0.7705591917037965,0.0,0.0
17.696,-0.5507537722587585,0.09454046189785005,1.3733155727386477,-0.9543794393539428,-0.9080215096473693,0.0,0.0,-0.7106173038482666,0.0,0.0
17.709,-0.5747749209403992,0.0723104029893875,5.2491631507873535,-0.9923549294471741,-0.8448789119720459,0.0,0.0,-0.7106173038482666,0.0,0.0
17.723,-0.5575371384620667,0.08359658718109131,0.903982639312744,-0.9863338470458984,-0.782736301422119,0.0,0.0,-0.6514642238616944,0.0,0.0
17.736,-0.5527592301368713,0.116744726896286,-3.1636476516723637,-0.9866229295730592,-0.7927916049957275,0.0,0.0,-0.6525669097900392,0.0,0.0
17.75,-0.5194711685180664,0.1238708794116974,0.6509944796562195,-0.9853825569152832,-0.7845236659049987,0.0,0.0,-0.6516917943954468,0.0,0.0
17.763,-0.5665698051452637,0.1660504788160324,-2.885372877120972,-1.046170353889465,-0.8169144392013549,0.0,0.0,-0.6598734855651855,0.0,0.0
17.776,-0.6146920919418335,0.1596735119819641,0.5180642008781433,-1.1197625398635864,-0.7981951832771301,0.0,0.0,-0.681446373462677,0.0,0.0
17.79,-0.6396390795707704,0.14707109332084656,0.2381935715675354,-1.1647073030471802,-0.7776108980178834,0.0,0.0,-0.6890562176704407,0.0,0.0
17.803,-0.65679532289505,0.10276118665933608,3.1497514247894287,-1.1918761730194092,-0.762198805809021,0.0,0.0,-0.6765227913856505,0.0,0.0
17.816,-0.6288464665412903,0.1064506620168686,1.7320990562438965,-1.1454391479492188,-0.7801700830459594,0.0,0.0,-0.6674612760543823,0.0,0.0
17.829,-0.6028752326965332,0.15948399901390076,0.3165498375892639,-1.1536977291107178,-0.780097484588623,0.0,0.0,-0.6748586297035217,0.0,0.0
17.843,-0.6246331930160522,0.16129890084266665,-2.7379899024963374,-1.2205358743667605,-0.7730847597122192,0.0,0.0,-0.6856381893157959,0.0,0.0
17.856,-0.6596469283103943,0.16086366772651672,0.16154497861862183,-1.2443255186080933,-0.7636700868606566,0.0,0.0,-0.6769843697547913,0.0,0.0
17.87,-0.6993873119354248,0.13916227221488953,3.973853588104248,-1.2695916891098022,-0.719464898109436,0.0,0.0,-0.645750880241394,0.0,0.0
17.883,-0.7238749265670776,0.1101456955075264,6.49268913269043,-1.3299301862716677,-0.6251206994056702,0.0,0.0,-0.5957862138748169,0.0,0.0
17.896,-0.6886963844299316,0.11550062894821168,-2.5941922664642334,-1.2795883417129517,-0.6456763744354248,0.0,0.0,-0.5957862138748169,0.0,0.0
17.91,-0.6882525682449341,0.09584990888834,4.258330821990967,-1.3055284023284912,-0.5969221591949463,0.0,0.0,-0.5886196494102478,0.0,0.0
17.923,-0.7094791531562805,0.05584508925676346,3.168761730194092,-1.3015321493148804,-0.5711213946342468,0.0,0.0,-0.5546307563781737,0.0,0.0
17.936,-0.7508305311203003,0.04543042927980423,0.4941791296005249,-1.369992971420288,-0.5427467823028564,0.0,0.0,-0.5482638478279114,0.0,0.0
17.95,-0.7204129099845886,0.04936682805418968,-0.656880795955658,-1.318034052848816,-0.5624547004699707,0.0,0.0,-0.5482638478279114,0.0,0.0
17.963,-0.7510990500450134,0.05488899722695351,0.8960533738136292,-1.3828054666519165,-0.5349630117416382,0.0,0.0,-0.5563045740127563,0.0,0.0
17.976,-0.7386951446533203,0.06576234102249146,1.4047421216964722,-1.3829917907714844,-0.5476200580596924,0.0,0.0,-0.5559033155441284,0.0,0.0
17.99,-0.7584575414657594,0.06632547080516815,0.2172153443098068,-1.395276427268982,-0.5692085027694702,0.0,0.0,-0.5593984127044678,0.0,0.0
18.003,-0.7291125059127807,0.06931926310062408,-1.8573850393295288,-1.4000747203826904,-0.5908623337745667,0.0,0.0,-0.5672023296356201,0.0,0.0
18.016,-0.7576069831848145,0.0814129188656807,-1.8034458160400393,-1.4462910890579224,-0.5964794158935547,0.0,0.0,-0.5804370641708374,0.0,0.0
18.029,-0.7373287677764893,0.08080032467842102,0.9744297266006468,-1.4019256830215454,-0.6389816999435425,0.0,0.0,-0.5926477909088135,0.0,0.0
18.043,-0.7629321217536926,0.09565122425556184,0.3116782605648041,-1.4248549938201904,-0.6482670903205872,0.0,0.0,-0.590716540813446,0.0,0.0
18.056,-0.7942378520965576,0.11109337210655212,1.8262993097305296,-1.443057417869568,-0.6600989103317261,0.0,0.0,-0.5773141980171204,0.0,0.0
18.07,-0.7938078641891478,0.13113811612129211,0.244859978556633,-1.4648972749710083,-0.6536136865615845,0.0,0.0,-0.5617138743400574,0.0,0.0
18.083,-0.7862008213996886,0.07877327501773834,5.685562133789063,-1.4751964807510376,-0.5552965402603148,0.0,0.0,-0.5237350463867188,0.0,0.0
18.096,-0.7706521749496461,0.07838230580091475,-2.11381196975708,-1.447624921798706,-0.563485860824585,0.0,0.0,-0.5237350463867188,0.0,0.0
18.11,-0.7948019504547118,0.10521857440471648,2.680020809173584,-1.4753494262695312,-0.5229393839836121,0.0,0.0,-0.5017085075378418,0.0,0.0
18.123,-0.8135334849357605,0.1197967603802681,0.9931325912475586,-1.5205495357513428,-0.46722203493118286,0.0,0.0,-0.4542389214038849,0.0,0.0
18.136,-0.8125264644622802,0.10184680670499802,2.2964179515838623,-1.5343786478042605,-0.3979939222335816,0.0,0.0,-0.43308150768280024,0.0,0.0
18.15,-0.8120902180671693,0.08432532101869582,-0.8612326979637146,-1.5112061500549316,-0.3780343532562256,0.0,0.0,-0.43308150768280024,0.0,0.0
18.163,-0.7849003672599792,0.08554837107658386,7.759289741516113,-1.4646986722946167,-0.4133216738700866,0.0,0.0,-0.4005019962787628,0.0,0.0
18.176,-0.7692614793777466,0.119710311293602,-4.316868782043457,-1.4822779893875122,-0.448453426361084,0.0,0.0,-0.3947429656982422,0.0,0.0
18.19,-0.7949188351631165,0.12235665321350098,-2.4844250679016118,-1.5346261262893677,-0.433474987745285,0.0,0.0,-0.40055590867996216,0.0,0.0
18.203,-0.8256725072860717,0.1036108061671257,-0.9247552156448364,-1.5367780923843384,-0.4200303554534912,0.0,0.0,-0.40522724390029913,0.0,0.0
18.216,-0.7977578639984131,0.10071201622486116,-0.7856916189193724,-1.5232665538787842,-0.43400371074676514,0.0,0.0,-0.4071569442749024,0.0,0.0
18.23,-0.8125421404838562,0.11711691319942474,-2.102673053741455,-1.5442770719528198,-0.4543447196483612,0.0,0.0,-0.41476958990097046,0.0,0.0
18.243,-0.8042880296707153,0.1307585835456848,-2.992483615875244,-1.5253022909164429,-0.47583830356597906,0.0,0.0,-0.432634174823761,0.0,0.0
18.256,-0.7807697057723998,0.14526642858982086,-3.752328634262085,-1.520437240600586,-0.4827741980552673,0.0,0.0,-0.4623284935951233,0.0,0.0
18.27,-0.771216332912445,0.16400818526744845,-4.221373558044434,-1.4776463508605957,-0.5274059772491455,0.0,0.0,-0.49555087089538574,0.0,0.0
18.283,-0.8141022324562074,0.16222010552883148,-3.2126011848449707,-1.520549774169922,-0.5633100271224976,0.0,0.0,-0.5317720174789429,0.0,0.0
18.296,-0.8432394266128541,0.15844105184078217,1.871823072433472,-1.55677330493927,-0.568382740020752,0.0,0.0,-0.5317720174789429,0.0,0.0
18.31,-0.8350732326507568,0.16287706792354584,-1.0081931352615356,-1.5452570915222168,-0.5781594514846802,0.0,0.0,-0.5298767685890198,0.0,0.0
18.323,-0.8547834157943724,0.1518644392490387,-0.8903324604034423,-1.610908031463623,-0.559111714363098,0.0,0.0,-0.5270776152610779,0.0,0.0
18.336,-0.8681302666664124,0.135460764169693,0.2560660243034363,-1.6257898807525637,-0.5301229953765869,0.0,0.0,-0.5302250385284424,0.0,0.0
18.35,-0.8456210494041443,0.14114414155483246,0.06679818034172058,-1.5985704660415647,-0.5388715863227844,0.0,0.0,-0.5302250385284424,0.0,0.0
18.363,-0.8548421859741211,0.1065455973148346,-0.34941360354423523,-1.614615559577942,-0.4893412590026856,0.0,0.0,-0.5113332867622375,0.0,0.0
18.376,-0.8517796397209166,0.08885923027992249,0.482708215713501,-1.6019055843353271,-0.4588282108306885,0.0,0.0,-0.5046311020851135,0.0,0.0
18.39,-0.8575045466423034,0.07760246098041534,0.08942261338233949,-1.6011598110198977,-0.4146003127098084,0.0,0.0,-0.4913843870162964,0.0,0.0
18.403,-0.894092857837677,0.03454437106847763,4.0900044441223145,-1.6209332942962646,-0.3410995304584503,0.0,0.0,-0.44086205959320074,0.0,0.0
18.416,-0.9250979423522947,-0.043933577835559845,10.482519149780272,-1.6338921785354614,-0.25613510608673096,0.0,0.0,-0.3595530390739441,0.0,0.0
18.43,-0.9291306138038636,-0.06927356123924255,5.408549308776856,-1.6366039514541626,-0.2101586312055588,0.0,0.0,-0.29435020685195923,0.0,0.0
18.443,-0.9259757995605469,-0.04804877191781998,-3.8287839889526367,-1.646439790725708,-0.1952457129955292,0.0,0.0,-0.2819195091724396,0.0,0.0
18.456,-0.9075028896331789,-0.06955905258655548,-5.293423175811768,-1.6654384136199951,-0.14706608653068542,0.0,0.0,-0.2819195091724396,0.0,0.0
18.47,-0.8798786997795106,-0.09735684096813202,-4.215276718139648,-1.6677919626235962,-0.12329761683940887,0.0,0.0,-0.32354217767715454,0.0,0.0
18.483,-0.889200985431671,-0.03042108193039894,-7.053521156311035,-1.6954939365386963,-0.20917537808418277,0.0,0.0,-0.4161877632141113,0.0,0.0
18.496,-0.8985124826431273,-0.056053061038255685,2.980560064315796,-1.6933794021606443,-0.22732922434806824,0.0,0.0,-0.4102107286453247,0.0,0.0
18.51,-0.926531672477722,-0.0687330812215805,1.0044827461242676,-1.7064801454544067,-0.2505339980125427,0.0,0.0,-0.4102107286453247,0.0,0.0
18.523,-0.9340150356292723,-0.0012971460819244385,-1.756592035293579,-1.735811710357666,-0.3060245215892792,0.0,0.0,-0.397944450378418,0.0,0.0
18.536,-0.9099023342132568,0.028444349765777588,-4.298856735229492,-1.7443097829818726,-0.28934013843536377,0.0,0.0,-0.41417440772056574,0.0,0.0
18.55,-0.9083708524703981,0.03223942220211029,1.804245948791504,-1.7202221155166626,-0.29558616876602173,0.0,0.0,-0.41417440772056574,0.0,0.0
18.563,-0.9228930473327636,0.003706730902194977,-2.774052143096924,-1.7205541133880615,-0.295168936252594,0.0,0.0,-0.3987039625644684,0.0,0.0
18.577,-0.9476616382598877,0.034856848418712616,-3.6537899971008305,-1.7421386241912842,-0.30235886573791504,0.0,0.0,-0.39261066913604736,0.0,0.0
18.59,-0.934703826904297,0.049824513494968414,0.6486989259719849,-1.7749142646789553,-0.2669315040111542,0.0,0.0,-0.39643722772598267,0.0,0.0
18.603,-0.9589673280715942,0.01318851113319397,7.520665645599365,-1.8108873367309568,-0.2692863047122956,0.0,0.0,-0.3834936916828156,0.0,0.0
18.617,-0.9848023653030397,-0.01350758969783783,6.595659255981444,-1.819770097732544,-0.2818673551082611,0.0,0.0,-0.3720498979091644,0.0,0.0
18.63,-1.0198004245758057,-0.03559407591819763,0.5658566951751709,-1.863415002822876,-0.2229237407445908,0.0,0.0,-0.3182748556137085,0.0,0.0
18.643,-1.0383437871932983,-0.03769704699516296,-1.0119448900222778,-1.9035488367080688,-0.15145201981067655,0.0,0.0,-0.3182748556137085,0.0,0.0
18.656,-1.004347324371338,-0.033782877027988434,2.3673970699310303,-1.8966815471649168,-0.13453206419944763,0.0,0.0,-0.2449767291545868,0.0,0.0
18.67,-1.0269169807434082,-0.042557358741760254,11.469987869262695,-1.9109734296798704,-0.0238754078745842,0.0,0.0,-0.1782107055187225,0.0,0.0
18.683,-1.0621949434280396,-0.09917452931404112,5.735050201416016,-1.9215553998947144,0.022670812904834747,0.0,0.0,-0.10917523503303528,0.0,0.0
18.697,-1.0793427228927612,-0.10163472592830658,-2.9641001224517822,-1.9324687719345093,0.02167322486639023,0.0,0.0,-0.10917523503303528,0.0,0.0
18.71,-1.0617742538452148,-0.1692146062850952,5.6814374923706055,-1.94838547706604,0.07613010704517363,0.0,0.0,-0.07904808223247528,0.0,0.0
18.723,-1.042067527770996,-0.1698867529630661,-7.511251926422118,-1.964834213256836,0.09984921663999555,0.0,0.0,-0.10115395486354828,0.0,0.0
18.737,-1.0421870946884155,-0.16046014428138733,0.10033808648586272,-1.9610444307327273,0.10340271890163422,0.0,0.0,-0.088012658059597,0.0,0.0
18.75,-1.062670111656189,-0.18795405328273773,6.07105827331543,-1.9698742628097532,0.11545844376087187,0.0,0.0,-0.060106396675109856,0.0,0.0
18.763,-1.064904808998108,-0.2062423527240753,4.2031331062316895,-1.9802745580673216,0.1348578780889511,0.0,0.0,-0.05725673958659172,0.0,0.0
18.777,-1.0356266498565674,-0.14692924916744232,-2.5288424491882324,-1.9691095352172847,0.10894360393285751,0.0,0.0,-0.07564274966716766,0.0,0.0
18.79,-1.0210236310958862,-0.07143694162368774,-2.194984674453736,-1.9726302623748777,0.052897855639457696,0.0,0.0,-0.09068653732538225,0.0,0.0
18.803,-1.0421903133392334,-0.07647512853145598,6.645920753479004,-2.003464937210083,0.04974585771560669,0.0,0.0,-0.11943993717432022,0.0,0.0
18.817,-1.0688084363937378,-0.11922357976436616,12.243955612182615,-2.0036215782165527,0.0923772156238556,0.0,0.0,-0.17077234387397766,0.0,0.0
18.83,-1.0816361904144287,-0.1337047964334488,13.771732330322266,-2.005856990814209,0.13947495818138125,0.0,0.0,-0.016684118658304214,0.0,0.0
18.844,-1.051798939704895,-0.09484559297561644,-7.800528049468993,-1.9763661623001096,0.14278876781463623,0.0,0.0,-0.016684118658304214,0.0,0.0
18.857,-1.0582003593444824,-0.09639297425746915,4.352342128753662,-1.9987620115280151,0.19460329413414,0.0,0.0,0.14589327573776245,0.0,0.0
18.87,-1.059374213218689,-0.1363358199596405,15.669859886169434,-1.9648901224136357,0.30596238374710083,0.0,0.0,0.2692677974700928,0.0,0.0
18.884,-1.026833415031433,-0.1279657483100891,-1.669910907745361,-1.921181559562683,0.3297466039657593,0.0,0.0,0.2677747309207916,0.0,0.0
18.897,-1.0240155458450315,-0.11596348881721497,-0.5051504969596863,-1.9038177728652956,0.35873532295227045,0.0,0.0,0.290203332901001,0.0,0.0
18.91,-1.0287944078445437,-0.1379338651895523,3.4897661209106445,-1.882683634757996,0.3791059255599976,0.0,0.0,0.33657628297805786,0.0,0.0
18.924,-0.9839506745338441,-0.13549993932247162,2.5179660320281982,-1.8568332195281985,0.390618622303009,0.0,0.0,0.3731246292591095,0.0,0.0
18.937,-0.9676766395568848,-0.09506911784410477,1.512978196144104,-1.8414006233215328,0.3721533715724945,0.0,0.0,0.3922405242919922,0.0,0.0
18.95,-0.9546963572502136,-0.03480884432792664,1.0916143655776978,-1.842678785324097,0.3502556383609772,0.0,0.0,0.41266530752182007,0.0,0.0
18.964,-0.9855875968933104,-0.04371739923954009,3.415097951889038,-1.8382879495620728,0.368266761302948,0.0,0.0,0.43450781702995295,0.0,0.0
18.977,-0.9933491945266724,-0.0553770624101162,2.7577242851257324,-1.8159688711166384,0.3858022391796112,0.0,0.0,0.4476728439331055,0.0,0.0
18.99,-0.947782814502716,-0.03870813921093941,-1.8975377082824707,-1.782370924949646,0.3571748435497284,0.0,0.0,0.4334818124771118,0.0,0.0
19.004,-0.9076419472694397,-0.0128493532538414,-4.670429706573486,-1.7584775686264038,0.3444242775440216,0.0,0.0,0.4334818124771118,0.0,0.0
19.017,-0.8844643235206605,0.004499953240156174,-3.003378868103028,-1.7454580068588257,0.3354798555374145,0.0,0.0,0.4255949258804321,0.0,0.0
19.03,-0.9109694957733153,-0.02165770530700684,1.384129285812378,-1.7337315082550049,0.3569575548171997,0.0,0.0,0.44109004735946655,0.0,0.0
19.044,-0.9374653697013856,-0.018005087971687317,0.009182095527648924,-1.7258632183074951,0.3598977923393249,0.0,0.0,0.44109004735946655,0.0,0.0
19.057,-0.9000530242919923,0.004265233874320984,-0.3544248640537262,-1.7024086713790894,0.34603461623191833,0.0,0.0,0.4331731796264648,0.0,0.0
19.07,-0.9281325936317443,-0.025261934846639637,-5.352428436279297,-1.7135049104690552,0.3645250201225281,0.0,0.0,0.40865138173103327,0.0,0.0
19.084,-0.9382690787315368,-0.0666022077202797,4.701949119567871,-1.7132108211517334,0.4235120415687561,0.0,0.0,0.42487785220146174,0.0,0.0
19.097,-0.9572343826293944,-0.06338469684123993,-0.8892059326171875,-1.7172386646270752,0.4223794937133789,0.0,0.0,0.42487785220146174,0.0,0.0
19.11,-0.9131039977073667,-0.01962054520845413,2.727768421173096,-1.6803168058395386,0.4250313639640808,0.0,0.0,0.4417394399642944,0.0,0.0
19.124,-0.8997350931167601,-0.02797539532184601,-2.925659656524658,-1.6391844749450684,0.420962929725647,0.0,0.0,0.4439284801483154,0.0,0.0
19.137,-0.9274049997329714,-0.10633408278226852,2.974130630493164,-1.643691062927246,0.4740447998046875,0.0,0.0,0.474269449710846,0.0,0.0
19.15,-0.9177112579345704,-0.1682785451412201,3.9891946315765376,-1.6317980289459229,0.5441145896911621,0.0,0.0,0.5012297034263611,0.0,0.0
19.164,-0.8888118863105774,-0.14328618347644806,-1.8659479618072512,-1.6080409288406372,0.5447268486022949,0.0,0.0,0.49217933416366577,0.0,0.0
19.177,-0.8743024468421936,-0.11050489544868468,-5.831216335296631,-1.5942472219467163,0.5085582733154297,0.0,0.0,0.46612632274627686,0.0,0.0
19.19,-0.8917872309684753,-0.13422241806983948,-3.0721194744110107,-1.6098928451538086,0.5075598359107971,0.0,0.0,0.44825538992881775,0.0,0.0
19.204,-0.8948022723197938,-0.15012623369693756,0.7370452880859374,-1.567681074142456,0.5196356773376465,0.0,0.0,0.4398407638072968,0.0,0.0
19.217,-0.8582954406738281,-0.1231868416070938,0.7561839818954467,-1.5476343631744385,0.4862763285636902,0.0,0.0,0.4348631501197815,0.0,0.0
19.23,-0.8772149085998534,-0.1354650855064392,-1.7510086297988892,-1.543012261390686,0.46251389384269714,0.0,0.0,0.4166065752506256,0.0,0.0
19.244,-0.8404114842414856,-0.13665762543678284,0.5986958742141724,-1.5422616004943848,0.4350982904434204,0.0,0.0,0.4166065752506256,0.0,0.0
19.257,-0.8578588962554932,-0.13698679208755493,-2.8089489936828613,-1.5714813470840454,0.43667072057724,0.0,0.0,0.4023157358169556,0.0,0.0
19.27,-0.8287677764892578,-0.12402810156345367,-6.217521190643311,-1.5469831228256226,0.4243867993354797,0.0,0.0,0.3536466956138611,0.0,0.0
19.284,-0.8139174580574036,-0.1420682966709137,-1.041947603225708,-1.4960196018218994,0.4194616377353668,0.0,0.0,0.3274576663970948,0.0,0.0
19.297,-0.8294562101364135,-0.14551806449890137,-1.5307745933532717,-1.5062263011932373,0.39188706874847407,0.0,0.0,0.30826884508132935,0.0,0.0
19.31,-0.8469324707984924,-0.1465553641319275,-2.5408051013946533,-1.536577582359314,0.39856761693954473,0.0,0.0,0.302423357963562,0.0,0.0
19.324,-0.8162481784820557,-0.16469451785087583,2.1648869514465328,-1.4984313249588013,0.4592809677124024,0.0,0.0,0.3121302127838135,0.0,0.0
19.337,-0.8032604455947875,-0.19226390123367312,4.015735149383545,-1.4431281089782717,0.5164757966995239,0.0,0.0,0.3335772156715393,0.0,0.0
19.35,-0.7963194251060487,-0.2099397033452988,2.808745622634888,-1.3991950750350952,0.5414513349533081,0.0,0.0,0.35549676418304443,0.0,0.0
19.364,-0.7661808729171754,-0.20745933055877688,0.13054423034191132,-1.377698540687561,0.5402473211288452,0.0,0.0,0.3661533296108246,0.0,0.0
19.377,-0.7524119019508362,-0.20958928763866425,0.02458468079566956,-1.3714195489883425,0.5581697225570679,0.0,0.0,0.3732638359069824,0.0,0.0
19.39,-0.7478461265563965,-0.23799924552440643,1.7789202928543093,-1.3193011283874512,0.6339923143386841,0.0,0.0,0.3941047787666321,0.0,0.0
19.404,-0.7851316332817077,-0.2598063051700592,2.890854597091675,-1.3108916282653809,0.648196816444397,0.0,0.0,0.42739394307136536,0.0,0.0
19.418,-0.7497612833976746,-0.25997671484947205,3.174789905548096,-1.3019700050354004,0.6826025247573853,0.0,0.0,0.4679956138134002,0.0,0.0
19.43,-0.773168683052063,-0.25919634103775024,6.648248195648193,-1.3396060466766355,0.7540644407272339,0.0,0.0,0.53504878282547,0.0,0.0
19.444,-0.7365218997001648,-0.25946471095085144,-2.5845272541046143,-1.3004868030548096,0.7773599624633789,0.0,0.0,0.53504878282547,0.0,0.0
19.457,-0.7201395034790039,-0.22608664631843567,-0.12628622353076935,-1.2841962575912476,0.7570965290069581,0.0,0.0,0.5276495814323425,0.0,0.0
19.47,-0.7191231846809387,-0.2345079481601715,-5.285486221313477,-1.2656229734420776,0.7601410150527954,0.0,0.0,0.5138133764266968,0.0,0.0
19.484,-0.7319982051849365,-0.2754788100719452,4.936779022216797,-1.2444089651107788,0.8264610767364502,0.0,0.0,0.5495066642761232,0.0,0.0
19.497,-0.7491589188575744,-0.2753354907035828,-1.032511830329895,-1.2310259342193604,0.8570517897605896,0.0,0.0,0.5495066642761232,0.0,0.0
19.51,-0.7056896090507507,-0.23352310061454773,8.669795989990234,-1.2021664381027222,0.8670829534530639,0.0,0.0,0.61660635471344,0.0,0.0
19.524,-0.6772558093070984,-0.19267863035202024,-3.427060604095459,-1.1826359033584597,0.850648522377014,0.0,0.0,0.6214144229888916,0.0,0.0
19.537,-0.6751860976219177,-0.18670998513698575,-0.3596976399421692,-1.205122947692871,0.8361053466796875,0.0,0.0,0.6289442777633667,0.0,0.0
19.55,-0.6953981518745422,-0.1986132562160492,0.9914360642433167,-1.1819528341293335,0.8558462262153625,0.0,0.0,0.632470965385437,0.0,0.0
19.564,-0.6517874002456665,-0.17632925510406494,-2.0850977897644043,-1.1255925893783567,0.8417800664901732,0.0,0.0,0.6145424842834473,0.0,0.0
19.577,-0.6345278024673462,-0.12918126583099365,-4.83462142944336,-1.1502668857574463,0.7683595418930053,0.0,0.0,0.5892142057418823,0.0,0.0
19.59,-0.6613579392433168,-0.12186218798160552,-2.3763880729675293,-1.1469330787658691,0.7675033211708068,0.0,0.0,0.5858572721481323,0.0,0.0
19.604,-0.666731059551239,-0.15132011473178864,3.404428243637085,-1.137542486190796,0.8330321311950684,0.0,0.0,0.6111832857131958,0.0,0.0
19.617,-0.6614896059036255,-0.16795796155929563,5.8442559242248535,-1.0928958654403689,0.9158490896224976,0.0,0.0,0.6440749168395996,0.0,0.0
19.63,-0.6209758520126343,-0.14236831665039062,5.681233882904053,-1.0897423028945925,0.9572992920875549,0.0,0.0,0.6842811107635498,0.0,0.0
19.644,-0.6359118223190308,-0.11544346809387208,-2.348721027374268,-1.0876233577728271,0.9609699249267578,0.0,0.0,0.6927614808082581,0.0,0.0
19.657,-0.6108872890472412,-0.09636779129505155,-1.3497992753982544,-1.0419745445251465,0.9821988940238952,0.0,0.0,0.6927614808082581,0.0,0.0
19.67,-0.5931950211524963,-0.12732498347759247,-5.137719631195068,-0.999406635761261,0.9903171062469481,0.0,0.0,0.6687247753143312,0.0,0.0
19.684,-0.5737280249595642,-0.12594717741012573,1.9030719995498655,-0.9790961742401123,1.0076314210891724,0.0,0.0,0.6742711663246155,0.0,0.0
19.697,-0.5886626243591309,-0.16479626297950745,-0.34721195697784424,-0.977963089942932,1.030332088470459,0.0,0.0,0.7085279226303101,0.0,0.0
19.71,-0.5925227999687195,-0.14666423201560974,7.727549076080321,-0.9792463779449464,1.102131724357605,0.0,0.0,0.7461662888526915,0.0,0.0
19.724,-0.5554146766662598,-0.10835501551628111,-0.9861275553703309,-0.9626846909523009,1.124577879905701,0.0,0.0,0.7520269155502318,0.0,0.0
19.737,-0.5883438587188721,-0.1120702251791954,-0.9529665112495422,-1.0000793933868408,1.0971448421478271,0.0,0.0,0.7191514372825624,0.0,0.0
19.75,-0.5588837265968323,-0.07002440094947815,-9.69636821746826,-0.9874720573425293,1.0229625701904297,0.0,0.0,0.6746804118156433,0.0,0.0
19.764,-0.5968600511550903,-0.10326341539621352,-3.2452404499053955,-0.9759917855262755,0.9857892990112304,0.0,0.0,0.644953727722168,0.0,0.0
19.777,-0.5764327049255371,-0.1561029851436615,-0.647994875907898,-0.9153341054916381,1.0166357755661013,0.0,0.0,0.6302137970924377,0.0,0.0
19.79,-0.5863690972328186,-0.2079400420188904,2.374874830245972,-0.9178117513656616,1.094271540641785,0.0,0.0,0.640302300453186,0.0,0.0
19.804,-0.5812543630599976,-0.2216557413339615,5.0688910484313965,-0.9053879380226136,1.13761305809021,0.0,0.0,0.6826536655426025,0.0,0.0
19.817,-0.5480077266693115,-0.18886518478393555,5.513957977294922,-0.8673710227012633,1.1865112781524658,0.0,0.0,0.7273015975952147,0.0,0.0
19.83,-0.5246949195861816,-0.11712594330310822,4.170649528503418,-0.8389868736267091,1.193779230117798,0.0,0.0,0.7384252548217772,0.0,0.0
19.844,-0.5056713223457336,-0.11661960184574129,-2.2807626724243164,-0.8156508207321166,1.199604868888855,0.0,0.0,0.7384252548217772,0.0,0.0
19.857,-0.4970086216926575,-0.12147773057222366,-4.4151482582092285,-0.8130773901939392,1.1584591865539553,0.0,0.0,0.7109917402267456,0.0,0.0
19.87,-0.5070730447769165,-0.1956617534160614,-4.956686496734619,-0.76616233587265,1.1532663106918335,0.0,0.0,0.6959946155548096,0.0,0.0
19.884,-0.4626066982746124,-0.2161458432674408,4.340761661529541,-0.6922838091850281,1.2267580032348633,0.0,0.0,0.7115060091018677,0.0,0.0
19.897,-0.47761231660842896,-0.2169063836336136,-0.7466576695442199,-0.6839126348495483,1.22694730758667,0.0,0.0,0.7115060091018677,0.0,0.0
19.91,-0.4692007303237915,-0.2137469947338104,10.987747192382812,-0.6673800349235535,1.4001175165176392,0.0,0.0,0.7997758984565736,0.0,0.0
19.924,-0.4250515401363373,-0.15914957225322723,3.662808895111084,-0.6202080249786377,1.4702434539794922,0.0,0.0,0.8421934843063353,0.0,0.0
19.937,-0.3927718102931976,-0.1138945072889328,0.8123338222503662,-0.5908125638961792,1.4869780540466309,0.0,0.0,0.8586721420288086,0.0,0.0
19.95,-0.3939398229122162,-0.09930232167243955,-5.072383403778076,-0.5943240523338318,1.4601712226867676,0.0,0.0,0.851421296596527,0.0,0.0
19.964,-0.43338030576705927,-0.11007845401763916,-5.866556644439696,-0.6490280032157898,1.4188581705093384,0.0,0.0,0.8285354971885681,0.0,0.0
19.977,-0.4366619288921356,-0.13146153092384338,-1.75327730178833,-0.6076762080192566,1.4257712364196775,0.0,0.0,0.8105965256690979,0.0,0.0
19.991,-0.4416003227233887,-0.16067641973495483,1.842326641082764,-0.6083170175552368,1.4238345623016355,0.0,0.0,0.8283732533454894,0.0,0.0
20.004,-0.43227165937423706,-0.17116042971611023,4.349411964416504,-0.600235104560852,1.4479920864105225,0.0,0.0,0.8283732533454894,0.0,0.0
20.017,-0.4116139709949493,-0.13156113028526306,2.214373588562012,-0.5925695300102234,1.4289077520370483,0.0,0.0,0.8336779475212097,0.0,0.0
20.03,-0.37307643890380854,-0.06226953119039536,-5.516747474670409,-0.5373647212982178,1.2989306449890137,0.0,0.0,0.786185383796692,0.0,0.0
20.044,-0.34986793994903564,-0.03592400997877121,1.761791110038757,-0.5296247601509094,1.2588253021240234,0.0,0.0,0.7328891754150391,0.0,0.0
20.057,-0.3902854919433594,-0.033175721764564514,-8.436311721801756,-0.5191280245780945,1.2124111652374268,0.0,0.0,0.7328891754150391,0.0,0.0
20.07,-0.4101652801036834,-0.05675317347049713,-12.57455348968506,-0.5415776968002319,1.063351035118103,0.0,0.0,0.6441519856452942,0.0,0.0
20.084,-0.43284112215042114,-0.058539330959320075,3.990179300308228,-0.5525050163269043,1.0478713512420654,0.0,0.0,0.6316099762916565,0.0,0.0
20.097,-0.39932447671890253,-0.058446064591407776,0.9210101962089537,-0.49896398186683655,1.0637426376342771,0.0,0.0,0.6342612504959105,0.0,0.0
20.11,-0.35425564646720886,-0.08751732856035233,8.15365219116211,-0.4309201836585999,1.1364238262176514,0.0,0.0,0.6443142890930176,0.0,0.0
20.124,-0.3226510286331177,-0.12227891385555267,1.815864443778992,-0.37283939123153687,1.2196857929229736,0.0,0.0,0.6680881977081299,0.0,0.0
20.137,-0.3344736993312836,-0.12372035533189774,3.3704726696014404,-0.3730022609233856,1.3056254386901855,0.0,0.0,0.7060402035713196,0.0,0.0
20.15,-0.297774076461792,-0.12838245928287506,4.545061111450195,-0.30854806303977966,1.4083147048950195,0.0,0.0,0.7469809055328369,0.0,0.0
20.164,-0.264965295791626,-0.09843550622463225,1.6763694286346436,-0.2619815170764923,1.469306707382202,0.0,0.0,0.7796957492828369,0.0,0.0
20.177,-0.23905067145824432,-0.05840955674648285,0.4774332046508789,-0.224800318479538,1.4889583587646484,0.0,0.0,0.7967185378074646,0.0,0.0
20.19,-0.2797146737575531,-0.02065062522888184,-1.0137856006622314,-0.24410356581211087,1.526322841644287,0.0,0.0,0.8226631283760071,0.0,0.0
20.204,-0.3185797333717346,-0.014603003859519958,0.5775958299636841,-0.2778066098690033,1.5377910137176514,0.0,0.0,0.8226631283760071,0.0,0.0
20.217,-0.29612770676612854,-0.043837517499923706,3.684212923049927,-0.22095242142677307,1.599932074546814,0.0,0.0,0.8429190516471863,0.0,0.0
20.23,-0.31889402866363525,-0.0480787605047226,4.273297309875488,-0.268393337726593,1.692631721496582,0.0,0.0,0.863496720790863,0.0,0.0
20.244,-0.2779905498027801,-0.07011716067790985,-0.8362501859664917,-0.22327694296836853,1.6913948059082031,0.0,0.0,0.8766199350357055,0.0,0.0
20.257,-0.22976918518543243,-0.039344422519207,3.5161478519439697,-0.20978479087352755,1.7009074687957764,0.0,0.0,0.8766199350357055,0.0,0.0
20.27,-0.19356125593185425,-0.0473724827170372,0.9372666478157043,-0.17301787436008453,1.6495386362075806,0.0,0.0,0.882114291191101,0.0,0.0
20.284,-0.21291495859622955,-0.06209423393011093,-5.091999530792236,-0.20268991589546204,1.614506721496582,0.0,0.0,0.8587134480476379,0.0,0.0
20.297,-0.2291444540023804,-0.06277919560670853,1.185142993927002,-0.21945947408676147,1.6028342247009275,0.0,0.0,0.8587134480476379,0.0,0.0
20.31,-0.26531723141670227,-0.09647499024868013,-0.04710406064987183,-0.23668214678764343,1.585418701171875,0.0,0.0,0.8368194699287415,0.0,0.0
20.324,-0.28975287079811096,-0.13491371273994446,6.45391321182251,-0.2763489782810211,1.623716115951538,0.0,0.0,0.8612253665924072,0.0,0.0
20.337,-0.303663432598114,-0.19338139891624448,3.6411321163177486,-0.30749788880348206,1.6807687282562256,0.0,0.0,0.8773711323738098,0.0,0.0
20.351,-0.2540844976902008,-0.2802675664424896,1.8303706645965576,-0.23278895020484924,1.7476476430892944,0.0,0.0,0.8673602938652039,0.0,0.0
20.364,-0.2121660560369492,-0.378818392753601,2.1625354290008545,-0.15769609808921814,1.7748022079467771,0.0,0.0,0.8581957221031189,0.0,0.0
20.377,-0.17737047374248505,-0.44165182113647455,2.1642320156097408,-0.12218298763036728,1.7625528573989868,0.0,0.0,0.8586744666099548,0.0,0.0
20.39,-0.1440986543893814,-0.45728769898414606,-1.702152132987976,-0.10808413475751875,1.740012526512146,0.0,0.0,0.8488894701004028,0.0,0.0
20.404,-0.17079201340675354,-0.45043432712554926,-2.8845815658569336,-0.1590104699134827,1.7106730937957764,0.0,0.0,0.8235354423522949,0.0,0.0
20.417,-0.1641654074192047,-0.4492331743240357,-2.497426986694336,-0.10788752138614656,1.6691858768463137,0.0,0.0,0.7991596460342406,0.0,0.0
20.431,-0.13683322072029114,-0.6083921790122986,-18.965244293212887,-0.09426559507846832,1.4190843105316162,0.0,0.0,0.09744209051132202,0.0,0.0
20.444,-0.11442850530147552,-0.6105714440345764,6.1215877532958975,-0.08416499197483063,1.3763045072555542,0.0,0.0,0.09744209051132202,0.0,0.0
20.458,-0.14877007901668549,-0.28470540046691895,-31.62957572937012,-0.12731197476387024,0.752564787864685,0.0,0.0,0.27649572491645813,0.0,0.0
20.471,-0.18420347571372983,-0.1456129103899002,-19.05958747863769,-0.18718099594116208,0.27753332257270813,0.0,0.0,0.35735785961151123,0.0,0.0
20.484,-0.19978778064250943,-0.514915406703949,11.250829696655272,-0.1899056434631348,0.43185931444168085,0.0,0.0,0.1881141811609268,0.0,0.0
20.497,-0.21368570625782013,-0.5149695873260498,-0.5779964923858643,-0.19377379119396207,0.4532468318939209,0.0,0.0,0.2846236526966095,0.0,0.0
20.511,-0.226040780544281,-0.5345646142959595,12.10545825958252,-0.18765224516391757,0.6253476142883301,0.0,0.0,0.2846236526966095,0.0,0.0
20.524,-0.17719754576683044,-0.5554505586624146,37.46812438964844,-0.12261036783456802,0.9227764010429382,0.0,0.0,0.2157969027757645,0.0,0.0
20.537,-0.12431612610816956,-0.7789933681488037,5.805341720581056,-0.054749757051467896,1.1331712007522583,0.0,0.0,0.17948128283023834,0.0,0.0
20.551,-0.0719454437494278,-0.7994627356529235,-8.791366577148438,0.005888842046260834,1.1524996757507324,0.0,0.0,0.1649269461631775,0.0,0.0
20.564,-0.09307439625263214,-1.2192121744155884,22.282079696655277,-0.04310426115989685,1.3237758874893188,0.0,0.0,0.17761273682117462,0.0,0.0
20.577,-0.08086837828159331,-1.2981537580490112,-6.697252273559569,-0.012427089735865591,1.365464210510254,0.0,0.0,0.21380192041397092,0.0,0.0
20.591,-0.06641630083322525,-1.31192946434021,-3.1508355140686035,0.036397766321897514,1.3806085586547852,0.0,0.0,0.2592284083366394,0.0,0.0
20.604,-0.04517608880996704,-1.2633240222930908,-5.855816364288329,0.10281367599964142,1.2287137508392334,0.0,0.0,0.29870080947875977,0.0,0.0
20.617,-0.02279315143823624,-1.1617813110351562,-8.49148941040039,0.17079581320285797,1.163275957107544,0.0,0.0,0.313867449760437,0.0,0.0
20.631,-0.0019025777000933888,-1.03165602684021,-10.01352882385254,0.21894885599613192,0.9376587271690368,0.0,0.0,0.2992168068885803,0.0,0.0
20.644,0.01775342971086502,-0.9097898006439208,-7.888935089111328,0.2842272520065308,0.7140003442764281,0.0,0.0,0.27340060472488403,0.0,0.0
20.657,0.03700241819024087,-0.8223738670349121,-2.000556945800781,0.3474784791469574,0.6605112552642822,0.0,0.0,0.27340060472488403,0.0,0.0
20.671,0.03719688206911087,-0.7563486099243165,4.331523895263672,0.38740417361259455,0.6559109687805176,0.0,0.0,0.29404449462890625,0.0,0.0
20.684,0.07671950757503508,-0.6722441911697388,15.491218566894531,0.3924223482608795,0.7328991889953613,0.0,0.0,0.3615404069423676,0.0,0.0
20.697,0.06516186147928238,-0.669721782207489,-5.234525203704834,0.3604884147644043,0.6732673048973083,0.0,0.0,0.4083600342273712,0.0,0.0
20.71,0.087778203189373,-0.6655548214912416,3.3215403556823726,0.4186748266220093,0.5182737708091736,0.0,0.0,0.4083600342273712,0.0,0.0
20.724,0.10200344026088716,-0.7444772720336914,-15.471066474914553,0.46838158369064326,0.4430100321769714,0.0,0.0,0.4860229790210724,0.0,0.0
20.737,0.09441237151622771,-0.740494132041931,-3.6973669528961186,0.48073738813400263,0.4306688904762268,0.0,0.0,0.4947751760482788,0.0,0.0
20.751,0.09371813386678696,-0.7405470609664917,2.9311380386352535,0.4929656982421875,0.4497841000556946,0.0,0.0,0.4947751760482788,0.0,0.0
20.764,0.0862998440861702,-0.33825066685676575,-35.655033111572266,0.44026193022727966,0.14141228795051575,0.0,0.0,0.2733483910560608,0.0,0.0
20.777,0.07854954153299332,-0.13983461260795593,-6.633411407470703,0.3878366947174072,-0.08668502420186995,0.0,0.0,0.2018985003232956,0.0,0.0
20.791,0.07157725095748901,-0.12441223114728928,9.394825935363768,0.39415004849433893,0.028775610029697415,0.0,0.0,0.1772836595773697,0.0,0.0
20.804,0.10438592731952669,-0.20891971886157992,10.267661094665527,0.4267623126506805,0.20430746674537656,0.0,0.0,0.15996965765953064,0.0,0.0
20.817,0.1115281954407692,-0.28732210397720337,-3.1865057945251465,0.39471191167831426,0.14511698484420776,0.0,0.0,0.1455894410610199,0.0,0.0
20.831,0.10207219421863556,-0.33779025077819824,-3.929079055786133,0.34467101097106934,0.06103524565696716,0.0,0.0,0.13327071070671082,0.0,0.0
20.844,0.1304326206445694,-0.3257535994052887,0.5995368361473083,0.33205145597457886,0.06891081482172012,0.0,0.0,0.14947479963302612,0.0,0.0
20.857,0.12575244903564453,-0.27086693048477173,-1.0366402864456177,0.3655363917350769,0.06688279658555984,0.0,0.0,0.14947479963302612,0.0,0.0
20.871,0.0837342068552971,-0.1726168692111969,-1.8876582384109497,0.31076616048812866,0.07930921018123625,0.0,0.0,0.15467554330825806,0.0,0.0
20.884,0.07540179789066313,-0.0801722928881645,5.725444316864014,0.2593085467815399,0.1828952133655548,0.0,0.0,0.16367462277412417,0.0,0.0
20.897,0.06934786587953568,-0.07514695078134535,3.805598497390747,0.25642186403274536,0.24000065028667447,0.0,0.0,0.16219861805438995,0.0,0.0
20.911,0.0633130669593811,-0.09121979773044586,2.6661860942840576,0.21500998735427856,0.24477314949035645,0.0,0.0,0.16219861805438995,0.0,0.0
20.924,0.0989164263010025,-0.12840478122234344,15.649984359741213,0.24935851991176605,0.3308388590812683,0.0,0.0,0.16906794905662537,0.0,0.0
20.937,0.14180348813533783,-0.14349055290222168,-1.0071526765823364,0.295890212059021,0.3669059872627258,0.0,0.0,0.18018341064453125,0.0,0.0
20.951,0.18136395514011383,-0.1580353081226349,1.3759888410568235,0.290090411901474,0.37701836228370667,0.0,0.0,0.19754385948181152,0.0,0.0
20.964,0.19098232686519623,-0.1418864130973816,3.4703893661499023,0.33780413866043085,0.2903522253036499,0.0,0.0,0.21367458999156952,0.0,0.0
20.977,0.20189686119556427,-0.15043799579143524,-1.543948769569397,0.3393814265727997,0.17385132610797882,0.0,0.0,0.22351768612861636,0.0,0.0
20.991,0.21606092154979703,-0.19185324013233185,-3.478029251098633,0.3840690851211548,0.1285538673400879,0.0,0.0,0.23400710523128512,0.0,0.0
21.004,0.2230767011642456,-0.25570791959762573,-4.149938106536865,0.4107799530029297,0.15131351351737976,0.0,0.0,0.24548235535621643,0.0,0.0
21.017,0.1886139214038849,-0.29092708230018616,-0.07931739091873169,0.3864029347896576,0.1870964765548706,0.0,0.0,0.2532738447189331,0.0,0.0
21.031,0.17369331419467926,-0.27213984727859497,1.9773244857788088,0.34869241714477534,0.2379040420055389,0.0,0.0,0.26010358333587646,0.0,0.0
21.044,0.21509891748428345,-0.19084060192108157,1.970120429992676,0.37793231010437006,0.32993119955062866,0.0,0.0,0.2780110836029053,0.0,0.0
21.057,0.2538288235664368,-0.21127712726593015,-1.3057149648666382,0.4038161337375641,0.32098764181137085,0.0,0.0,0.2780110836029053,0.0,0.0
21.07,0.2837253212928772,-0.22169241309165957,-5.466024398803711,0.44337344169616694,0.3021359443664551,0.0,0.0,0.28436875343322754,0.0,0.0
21.084,0.31005987524986267,-0.21893882751464844,-6.684829235076904,0.487397700548172,0.15114572644233704,0.0,0.0,0.29360777139663696,0.0,0.0
21.097,0.2830679416656494,-0.23002290725708008,0.1234285533428192,0.4507447183132172,0.08410397171974182,0.0,0.0,0.29883915185928345,0.0,0.0
21.11,0.3128620982170105,-0.17675691843032837,4.364273548126221,0.4878794252872467,0.0761977732181549,0.0,0.0,0.29883915185928345,0.0,0.0
21.124,0.3034846782684326,-0.07142391800880432,-2.2303483486175537,0.47486165165901184,-0.0031297057867050167,0.0,0.0,0.2837774455547333,0.0,0.0
21.137,0.2818638682365417,-0.06579581648111343,-2.1408252716064453,0.42544865608215326,-0.04638199508190155,0.0,0.0,0.26127105951309204,0.0,0.0
21.151,0.2551233470439911,-0.059728950262069695,0.7797047495841981,0.37202703952789307,-0.06148163974285126,0.0,0.0,0.2345009297132492,0.0,0.0
21.164,0.28534743189811707,-0.09629880636930464,-5.94371461868286,0.3636117279529572,-0.05574457347393036,0.0,0.0,0.2100626975297928,0.0,0.0
21.177,0.29599565267562866,-0.11685284227132796,-3.8956940174102783,0.4132726788520813,-0.0733313113451004,0.0,0.0,0.19245970249176023,0.0,0.0
21.191,0.3053011894226074,-0.12365563958883286,-4.543214797973633,0.4583762884140015,-0.12550188601016998,0.0,0.0,0.18085795640945437,0.0,0.0
21.204,0.3144166171550751,-0.08544492721557617,-2.3109164237976074,0.4820683598518372,-0.2753869891166687,0.0,0.0,0.171660378575325,0.0,0.0
21.217,0.2761836647987366,-0.004764802753925324,-1.4894412755966189,0.4636366665363312,-0.2867615222930908,0.0,0.0,0.15708616375923157,0.0,0.0
21.231,0.27540969848632807,0.06069789081811905,-2.26851487159729,0.45819255709648127,-0.34916442632675165,0.0,0.0,0.137632355093956,0.0,0.0
21.244,0.3137098252773285,0.08554613590240479,-4.079951286315918,0.47952365875244146,-0.41382557153701777,0.0,0.0,0.09959375113248824,0.0,0.0
21.257,0.3383008539676666,0.07789388298988342,-5.93438720703125,0.4827154576778412,-0.464275449514389,0.0,0.0,0.09959375113248824,0.0,0.0
21.271,0.3275253176689148,0.04658786207437515,-2.961724281311035,0.47589191794395447,-0.4926063716411591,0.0,0.0,0.08017149567604065,0.0,0.0
21.284,0.3184366524219513,0.005684688687324524,12.731235504150392,0.425389975309372,-0.3508618175983429,0.0,0.0,0.037650525569915765,0.0,0.0
21.297,0.3094821274280548,0.005909562110900879,-3.715058088302612,0.3769278526306152,-0.24859024584293363,0.0,0.0,0.023050781339406967,0.0,0.0
21.31,0.3007011413574219,-0.024557664990425113,9.281389236450195,0.324914425611496,-0.10469792038202286,0.0,0.0,0.023050781339406967,0.0,0.0
21.324,0.2953399121761322,-0.11976385116577148,-1.5117753744125366,0.3403137922286988,0.022367574274539948,0.0,0.0,0.025801856070756912,0.0,0.0
21.337,0.3028191030025482,-0.1358393430709839,-5.7612524032592765,0.387299120426178,0.04527220875024796,0.0,0.0,0.03553396835923195,0.0,0.0
21.351,0.3101273775100708,-0.13570615649223328,1.6759095191955566,0.39377132058143616,0.053988974541425705,0.0,0.0,0.05233922228217125,0.0,0.0
21.364,0.2710189819335937,-0.06956698000431061,0.3484213054180145,0.36823347210884094,0.04322275891900063,0.0,0.0,0.07059966772794724,0.0,0.0
21.377,0.2379538863897324,-0.018964610993862152,4.449843883514404,0.3199099898338318,0.06824420392513275,0.0,0.0,0.086794413626194,0.0,0.0
21.391,0.28027504682540894,0.009958554059267042,2.5176260471343994,0.3715299069881439,0.07774824649095534,0.0,0.0,0.1023474708199501,0.0,0.0
21.404,0.2884555757045746,0.003537692129611969,-1.9373050928115845,0.422105610370636,0.03355052322149277,0.0,0.0,0.11772020161151886,0.0,0.0
21.417,0.2963583171367645,-0.022313207387924194,-4.812170028686523,0.4225743710994721,0.005451526492834091,0.0,0.0,0.1344425529241562,0.0,0.0
21.431,0.30300644040107727,-0.03568516671657562,-4.169314384460449,0.4713736176490784,-0.061106786131858826,0.0,0.0,0.148247092962265,0.0,0.0
21.444,0.2944627404212952,-0.03132185339927673,-1.54588520526886,0.42680418491363525,-0.07584641873836517,0.0,0.0,0.15322178602218628,0.0,0.0
21.457,0.2862637042999268,-0.018273025751113888,1.784132719039917,0.3964223563671112,-0.03382445499300957,0.0,0.0,0.15322178602218628,0.0,0.0
21.471,0.27858352661132807,-0.015112772583961489,5.0434021949768075,0.37497538328170776,-0.02203090861439705,0.0,0.0,0.14769038558006287,0.0,0.0
21.484,0.27237239480018616,-0.06882065534591675,10.175374984741213,0.3334559202194214,0.12723082304000854,0.0,0.0,0.13120856881141665,0.0,0.0
21.497,0.2662090063095093,-0.0684092566370964,-3.9447214603424072,0.3346710205078125,0.16293983161449432,0.0,0.0,0.13120856881141665,0.0,0.0
21.511,0.25954264402389526,-0.09373889863491057,0.45269596576690674,0.3214782178401947,0.1975008249282837,0.0,0.0,0.12449547648429872,0.0,0.0
21.524,0.26682958006858826,-0.11920955777168274,-7.761786937713622,0.35137176513671875,0.20346719026565552,0.0,0.0,0.12884260714054108,0.0,0.0
21.537,0.2740103304386139,-0.09526026993989944,1.2145522832870483,0.38651111721992487,0.1835118532180786,0.0,0.0,0.13072951138019562,0.0,0.0
21.551,0.28027111291885376,-0.09530757367610931,0.39422267675399775,0.40032634139060974,0.1782647669315338,0.0,0.0,0.12816542387008667,0.0,0.0
21.564,0.2525916397571564,-0.027163028717041016,7.926022529602051,0.350986123085022,0.2073153853416443,0.0,0.0,0.1286712884902954,0.0,0.0
21.577,0.2293602079153061,-0.017406510189175606,1.341755509376526,0.3540051579475403,0.24147613346576688,0.0,0.0,0.13120490312576294,0.0,0.0
21.591,0.25070276856422424,-0.026219543069601055,1.3347331285476685,0.35170844197273254,0.26688194274902344,0.0,0.0,0.13418583571910858,0.0,0.0
21.604,0.24495625495910645,-0.03753873333334922,1.3830553293228147,0.3634217977523804,0.2898454666137696,0.0,0.0,0.14043132960796356,0.0,0.0
21.617,0.26755908131599426,-0.05003224313259125,2.035468101501465,0.3745854198932648,0.30343949794769287,0.0,0.0,0.14756163954734802,0.0,0.0
21.63,0.26028093695640564,-0.05609438195824623,0.6735842227935791,0.3630508780479431,0.3089255392551422,0.0,0.0,0.14882348477840424,0.0,0.0
21.644,0.2690111696720124,-0.07882265001535414,2.7475314140319824,0.41126322746276855,0.3437032699584961,0.0,0.0,0.1529144048690796,0.0,0.0
21.658,0.31039637327194214,-0.0843615010380745,-1.4943557977676392,0.41561025381088257,0.3423745930194855,0.0,0.0,0.1529144048690796,0.0,0.0
21.671,0.27182215452194214,-0.1043974906206131,1.568306565284729,0.3669328987598419,0.35788068175315857,0.0,0.0,0.1543090045452118,0.0,0.0
21.684,0.28377363085746765,-0.1093018501996994,-3.421494960784912,0.42118313908576965,0.332337349653244,0.0,0.0,0.15487788617610931,0.0,0.0
21.697,0.2938714325428009,-0.10977911204099657,0.7829837203025819,0.47324687242507935,0.3024903237819672,0.0,0.0,0.15487788617610931,0.0,0.0
21.711,0.3334170877933502,-0.09296727925539015,-2.7055809497833248,0.4730016887187958,0.2906146049499512,0.0,0.0,0.15098683536052704,0.0,0.0
21.724,0.3101557791233063,-0.06187549978494644,-2.775886297225952,0.4747478067874909,0.22089865803718567,0.0,0.0,0.1408272236585617,0.0,0.0
21.737,0.2957814037799835,-0.06158535927534104,1.98481559753418,0.4263176620006561,0.20390623807907104,0.0,0.0,0.13190194964408877,0.0,0.0
21.751,0.31406712532043457,-0.06215878203511238,-0.5479484796524048,0.47502472996711725,0.19573897123336792,0.0,0.0,0.13190194964408877,0.0,0.0
21.764,0.31054949760437006,-0.0026660570874810214,-7.036195278167725,0.4287087917327881,0.17450901865959167,0.0,0.0,0.10355371236801147,0.0,0.0
21.777,0.3530333340168,0.009117302484810352,0.3044966459274292,0.47511261701583857,0.15311963856220245,0.0,0.0,0.09665893018245696,0.0,0.0
21.791,0.3715291321277618,0.01845131069421768,-1.9185007810592647,0.475920170545578,0.11614619195461272,0.0,0.0,0.08993723988533021,0.0,0.0
21.804,0.35241284966468805,0.026442117989063263,-3.089096784591675,0.4741248786449432,0.08367611467838286,0.0,0.0,0.07882218062877655,0.0,0.0
21.817,0.34633326530456543,0.022827068343758583,-0.15654461085796356,0.45840582251548767,0.08056651800870894,0.0,0.0,0.06613344699144363,0.0,0.0
21.831,0.32131698727607727,0.01956077292561531,2.318972110748291,0.4123618006706238,0.1154261827468872,0.0,0.0,0.053620614111423485,0.0,0.0
21.844,0.3138984739780426,0.016219574958086014,2.317503929138184,0.3807499706745148,0.2018605470657349,0.0,0.0,0.04462568089365959,0.0,0.0
21.857,0.32033535838127136,0.011095605790615082,-0.38380733132362366,0.41176411509513855,0.21780753135681152,0.0,0.0,0.04424799606204033,0.0,0.0
21.871,0.34453827142715454,-0.006618950515985489,-0.38485729694366455,0.4467112123966217,0.2413316965103149,0.0,0.0,0.04997006431221961,0.0,0.0
21.884,0.35066133737564087,-0.04093466699123383,0.5585683584213257,0.4974105954170227,0.1994762420654297,0.0,0.0,0.06473468244075775,0.0,0.0
21.897,0.3567796051502228,-0.041135236620903015,-0.22665810585021973,0.4936117231845856,0.19906234741210935,0.0,0.0,0.06473468244075775,0.0,0.0
21.911,0.3566882610321045,-0.030283069238066677,-1.909067749977112,0.5370547771453857,0.14896160364151,0.0,0.0,0.06630054116249084,0.0,0.0
21.924,0.33613938093185425,0.010757941752672195,-3.5362794399261475,0.492549180984497,0.0639561116695404,0.0,0.0,0.056220866739749915,0.0,0.0
21.937,0.36396470665931696,0.029390035197138783,-0.5523640513420105,0.539347767829895,0.017259465530514717,0.0,0.0,0.04362497478723527,0.0,0.0
21.951,0.35650938749313354,0.029022036120295525,0.8052740097045897,0.4959134757518768,-0.013262324035167694,0.0,0.0,0.04362497478723527,0.0,0.0
21.964,0.35131269693374634,0.05629235878586769,-3.096285104751587,0.5033658742904663,-0.0767732635140419,0.0,0.0,0.01332010980695486,0.0,0.0
21.977,0.34978047013282776,0.07830602675676346,-3.3667330741882324,0.46115177869796753,-0.1037335842847824,0.0,0.0,0.0036662919446825985,0.0,0.0
21.991,0.32053908705711365,0.09432759135961533,-2.4913923740386963,0.4551583528518677,-0.11014649271965028,0.0,0.0,-0.0023642173036932945,0.0,0.0
22.004,0.30513474345207214,0.07891076058149338,1.8712095022201536,0.41579779982566833,-0.09537778794765472,0.0,0.0,-0.0106692835688591,0.0,0.0
22.017,0.29856047034263605,0.0453929379582405,4.0794453620910645,0.389183521270752,-0.061274901032447815,0.0,0.0,-0.017554257065057755,0.0,0.0
22.031,0.2780818045139313,0.022933363914489743,2.849189758300781,0.3670558035373688,-0.017491737380623817,0.0,0.0,-0.018219513818621635,0.0,0.0
22.044,0.28461986780166626,-0.006021328270435332,4.268115520477295,0.3806233406066895,0.05292395129799842,0.0,0.0,0.007843789644539356,0.0,0.0
22.057,0.2912593483924866,-0.006129188463091849,-1.9329168796539309,0.4140191972255706,0.05372530594468117,0.0,0.0,0.007843789644539356,0.0,0.0
22.071,0.30199238657951355,-0.02770169079303741,3.2656924724578857,0.43540307879447937,0.05460304766893386,0.0,0.0,0.03262985497713089,0.0,0.0
22.084,0.3136749565601349,-0.03304583579301834,2.1059412956237797,0.4597313404083252,0.00661147478967905,0.0,0.0,0.08047878742218018,0.0,0.0
22.097,0.3246411681175232,-0.02400043793022633,-1.1992239952087402,0.45690780878067017,-0.01197079848498106,0.0,0.0,0.08550603687763214,0.0,0.0
22.111,0.3158096671104431,-0.021687803789973256,-0.4993865191936493,0.4578116834163666,-0.011406815610826015,0.0,0.0,0.08550603687763214,0.0,0.0
22.124,0.3111827075481415,-0.015047510154545307,-1.4166176319122314,0.45784828066825867,0.009492052718997,0.0,0.0,0.06750108301639557,0.0,0.0
22.137,0.3057215213775635,0.00042346213012933726,-1.3350265026092527,0.41176217794418335,0.023828532546758648,0.0,0.0,0.0465695858001709,0.0,0.0
22.151,0.30715617537498474,0.01329481601715088,2.7428569793701167,0.4063654839992523,0.03723958134651184,0.0,0.0,0.014050746336579325,0.0,0.0
22.164,0.3466016948223114,-0.009881260804831982,-8.774609565734863,0.45261090993881226,0.03759624436497688,0.0,0.0,-0.01734636351466179,0.0,0.0
22.177,0.3485606014728546,0.004955889657139777,-0.9638406038284301,0.4611293077468872,0.02609083615243435,0.0,0.0,-0.035517800599336624,0.0,0.0
22.191,0.3505067527294159,0.03986883163452149,-3.8156690597534175,0.47291281819343567,0.0009677736088633536,0.0,0.0,-0.040892507880926125,0.0,0.0
22.204,0.3592348098754883,0.05211396515369415,-3.904611110687256,0.4738587439060211,-0.032739825546741486,0.0,0.0,-0.04095696657896042,0.0,0.0
22.217,0.32652002573013306,0.021490607410669327,-1.0896315574645996,0.46908664703369135,-0.05322521552443504,0.0,0.0,-0.0445040762424469,0.0,0.0
22.231,0.28904253244400024,-0.0009745913557708264,4.151027202606201,0.4378284811973572,-0.051122285425662994,0.0,0.0,-0.0528707467019558,0.0,0.0
22.244,0.2925076484680176,0.02311783656477928,1.697008728981018,0.47323805093765253,-0.07014372944831848,0.0,0.0,-0.044179510325193405,0.0,0.0
22.257,0.29499322175979614,0.04090618714690208,1.3524529933929443,0.47595661878585815,-0.07011092454195023,0.0,0.0,-0.044179510325193405,0.0,0.0
22.271,0.2898043990135193,0.02303530648350716,-2.635154962539673,0.46417200565338135,-0.0935426950454712,0.0,0.0,-0.026173215359449387,0.0,0.0
22.284,0.28524094820022583,-0.019519785419106483,11.491000175476074,0.43734157085418707,-0.03762979805469513,0.0,0.0,-0.01509876735508442,0.0,0.0
22.297,0.28228986263275146,0.0059744808822870255,-1.3837589025497437,0.4091125130653381,-0.00017600879073143003,0.0,0.0,-0.013990430161356926,0.0,0.0
22.311,0.316171795129776,-0.0037602558732032776,1.4360010623931885,0.4343493282794952,0.0018938761204481125,0.0,0.0,-0.013990430161356926,0.0,0.0
22.324,0.31471732258796686,-0.014912043698132038,-8.139006614685057,0.39138880372047424,0.01669861003756523,0.0,0.0,0.007363943383097648,0.0,0.0
22.337,0.31041374802589417,-0.036826044321060174,4.689043998718262,0.39747574925422663,0.040613800287246704,0.0,0.0,0.01202220655977726,0.0,0.0
22.351,0.27813887596130366,-0.03697904571890831,-0.6552801132202148,0.3831971287727356,0.06057105213403702,0.0,0.0,0.011685941368341446,0.0,0.0
22.364,0.2858881652355194,0.02918669953942299,6.69146203994751,0.3823842704296112,0.09383574128150943,0.0,0.0,0.015301615931093693,0.0,0.0
22.377,0.3008415102958679,0.04722213000059128,-12.686226844787598,0.4294107556343079,0.07503870129585266,0.0,0.0,0.024940701201558117,0.0,0.0
22.391,0.32643216848373413,0.008985880762338638,-0.058220140635967255,0.44719925522804255,0.05234800651669502,0.0,0.0,0.029644185677170757,0.0,0.0
22.404,0.2944561243057251,-0.022923815995454788,7.486404895782471,0.44141042232513433,0.06174832582473754,0.0,0.0,0.015194866806268692,0.0,0.0
22.417,0.2949455678462982,-0.00016128551214933395,3.7317855358123775,0.43288764357566833,0.07350805401802063,0.0,0.0,0.015194866806268692,0.0,0.0
22.431,0.3117811977863312,0.015175696462392809,-1.163276433944702,0.45310354232788086,0.08409206569194794,0.0,0.0,0.016276352107524872,0.0,0.0
22.444,0.34069937467575073,-0.008757349103689194,-4.090119361877441,0.47187280654907227,0.06350329518318176,0.0,0.0,0.01772351935505867,0.0,0.0
22.457,0.31941524147987366,-0.038592226803302765,-1.7996739149093628,0.4788442552089691,0.042078915983438485,0.0,0.0,0.01772351935505867,0.0,0.0
22.471,0.3111083507537842,-0.03185359388589859,1.997323989868164,0.4586715698242188,0.031275674700737,0.0,0.0,0.005114078987389802,0.0,0.0
22.484,0.333683043718338,0.06143581122159958,-3.5720732212066646,0.4838394820690155,-0.010932653211057186,0.0,0.0,-0.02053096890449524,0.0,0.0
22.497,0.3657380342483521,0.06179237365722656,1.261573314666748,0.47793591022491455,-0.0269315242767334,0.0,0.0,-0.021881235763430595,0.0,0.0
22.511,0.35369923710823054,0.05139300972223282,-4.956467151641846,0.47730594873428345,-0.039825323969125755,0.0,0.0,-0.021881235763430595,0.0,0.0
22.524,0.3461185693740845,0.046344831585884094,-1.0212925672531128,0.4385831952095032,-0.03999936580657959,0.0,0.0,-0.03057542815804481,0.0,0.0
22.537,0.31700536608695984,0.06941569596529007,0.9988707900047302,0.4363390505313873,-0.022620759904384613,0.0,0.0,-0.03916722908616065,0.0,0.0
22.551,0.3127628564834595,0.0688440203666687,0.14761509001255035,0.4522960484027863,-0.022260857746005055,0.0,0.0,-0.03976726159453392,0.0,0.0
22.564,0.2981530725955963,0.006161533296108246,1.90207314491272,0.4194060266017914,-0.010171381756663322,0.0,0.0,-0.0315127968788147,0.0,0.0
22.577,0.2838082611560821,-0.03705794364213944,3.048145532608032,0.4065507650375366,0.00992851983755827,0.0,0.0,-0.023743385449051857,0.0,0.0
22.591,0.29861241579055786,-0.03139780089259148,4.338581562042236,0.4298074543476105,0.04187916964292526,0.0,0.0,-0.02016102150082588,0.0,0.0
22.604,0.3116220533847809,-0.005034530535340309,0.20967701077461243,0.4643442928791046,0.04231162741780281,0.0,0.0,-0.013338779099285604,0.0,0.0
22.617,0.3317476511001587,0.007458532229065894,-4.470261573791504,0.4731315076351166,0.040372643619775765,0.0,0.0,-0.002860585693269968,0.0,0.0
22.631,0.35982540249824524,-0.0062108272686600685,-1.8426355123519895,0.5157791376113892,0.010584861971437933,0.0,0.0,0.003451224882155657,0.0,0.0
22.644,0.3428665101528168,-0.02390646375715733,3.2858262062072754,0.48157653212547297,-0.00530858151614666,0.0,0.0,0.0017711274558678267,0.0,0.0
22.657,0.3074388802051544,-0.004156734794378281,3.5183937549591064,0.43474823236465454,0.001082670874893665,0.0,0.0,-0.005782839842140675,0.0,0.0
22.671,0.312946081161499,0.03241191804409027,-0.47930634021759033,0.46058952808380127,0.00980648584663868,0.0,0.0,-0.01207044254988432,0.0,0.0
22.684,0.3121119737625122,0.018138654530048367,-8.3850736618042,0.42762914299964905,-0.0019264090806245804,0.0,0.0,-0.003640196518972516,0.0,0.0
22.697,0.31094446778297424,0.0008900107350200415,3.5007107257843018,0.42103824019432073,0.005957160145044327,0.0,0.0,-0.0005507955793291329,0.0,0.0
22.711,0.30824214220047,0.014634999446570872,-2.325472116470337,0.4233989119529724,0.015086585655808449,0.0,0.0,-0.0005495774676091969,0.0,0.0
22.724,0.313383013010025,0.030224239453673363,8.039740562438963,0.4324360191822052,0.0338258296251297,0.0,0.0,-0.0035227986518293615,0.0,0.0
22.737,0.32301422953605646,0.023315392434597012,-3.431505918502808,0.4303958117961884,0.02831124886870384,0.0,0.0,-0.004679245874285698,0.0,0.0
22.751,0.3390023112297058,0.011372667737305164,-0.7063482999801636,0.4715499877929688,0.020366784185171127,0.0,0.0,-0.0019273445941507816,0.0,0.0
22.764,0.3256421983242035,-0.005689118057489395,-3.7504971027374263,0.44163364171981806,0.019975975155830383,0.0,0.0,-0.0018027513287961483,0.0,0.0
22.777,0.33618345856666565,0.0118489945307374,3.1084747314453125,0.47404539585113525,0.02102173119783401,0.0,0.0,-0.003991295583546162,0.0,0.0
22.791,0.3495638966560364,0.026562377810478207,0.8178490996360778,0.5047733187675476,0.005791588686406612,0.0,0.0,-0.004948277026414871,0.0,0.0
22.804,0.34242793917655945,0.019596856087446213,-1.4954921007156372,0.46887245774269104,-0.021805832162499428,0.0,0.0,-0.004810843151062727,0.0,0.0
22.817,0.3339826166629792,0.0098585058003664,-1.9498639106750488,0.43566831946372986,-0.03276216238737106,0.0,0.0,-0.004810843151062727,0.0,0.0
22.831,0.31811511516571045,0.01103845238685608,0.9400542974472046,0.4345351755619049,-0.0147365964949131,0.0,0.0,-0.011760592460632324,0.0,0.0
22.844,0.3354068398475647,0.04071841761469841,3.3551170825958248,0.4431450068950653,0.02907720021903515,0.0,0.0,-0.02390377409756184,0.0,0.0
22.857,0.35578784346580505,0.0237246286123991,-1.1859753131866455,0.4737612307071686,0.025131218135356903,0.0,0.0,-0.016494810581207275,0.0,0.0
22.871,0.39414939284324646,0.02655911445617676,-3.1692347526550293,0.4855580031871796,0.02162313461303711,0.0,0.0,-0.016494810581207275,0.0,0.0
22.884,0.35811343789100647,0.06314542144536972,-4.115449905395508,0.4689199328422546,0.005044139921665192,0.0,0.0,-0.00803458970040083,0.0,0.0
22.898,0.3222647607326508,0.07252729684114456,2.5168156623840328,0.44664597511291504,0.014394385740160942,0.0,0.0,-0.010431106202304363,0.0,0.0
22.911,0.29580777883529663,0.052694693207740784,3.4634296894073486,0.42168870568275446,0.013525757938623428,0.0,0.0,-0.008654039353132248,0.0,0.0
22.924,0.3142656683921814,0.021209238097071648,-0.23797535896301272,0.4428710043430328,0.025059340521693233,0.0,0.0,-0.004722734447568655,0.0,0.0
22.937,0.30929166078567505,0.001988330390304327,-1.524638533592224,0.43688634037971497,0.031147908419370648,0.0,0.0,-0.0031507378444075584,0.0,0.0
22.951,0.3348109424114228,-0.0003624861710704863,1.1763241291046145,0.4785928726196289,0.04193417727947235,0.0,0.0,-0.004430049099028111,0.0,0.0
22.964,0.3460519015789032,0.0247208159416914,2.766284227371216,0.4713985323905945,0.04573865979909897,0.0,0.0,-0.004185785073786975,0.0,0.0
22.977,0.3764639496803284,0.06377200037240982,-4.73450231552124,0.5110862851142883,0.030398799106478688,0.0,0.0,0.0005821466911584139,0.0,0.0
22.991,0.368918240070343,0.05697106570005417,-0.882799744606018,0.4703793525695801,0.008318395353853703,0.0,0.0,0.0058840629644691935,0.0,0.0
23.004,0.33576270937919617,0.02981966733932495,2.4884886741638184,0.4647285342216492,0.014111590571701528,0.0,0.0,-0.0014520129188895226,0.0,0.0
23.017,0.3004710376262665,0.025573421269655228,1.7446079254150393,0.4329046010971069,0.021036192774772644,0.0,0.0,-0.0014520129188895226,0.0,0.0
23.031,0.30401387810707087,0.044796980917453766,-2.3451242446899414,0.47437843680381775,0.030947212129831318,0.0,0.0,-0.004106692969799042,0.0,0.0
23.044,0.34068432450294495,0.06920276582241057,-4.451289653778076,0.4743102490901947,0.022763067856431007,0.0,0.0,0.007353332359343766,0.0,0.0
23.057,0.33700090646743774,0.10383081436157228,-3.9870684146881104,0.4574144780635834,0.023435356095433235,0.0,0.0,0.007353332359343766,0.0,0.0
23.071,0.3295651972293854,0.14931178092956543,-0.15528592467308044,0.43273669481277466,0.022444508969783783,0.0,0.0,0.00785580463707447,0.0,0.0
23.084,0.33102709054946894,0.09840506315231325,8.470255851745605,0.4492468237876892,0.0710139274597168,0.0,0.0,-0.0016849926905706525,0.0,0.0
23.097,0.32074981927871704,0.09732341021299362,-2.638765573501587,0.42975255846977234,0.07359357923269272,0.0,0.0,0.001466847839765251,0.0,0.0
23.111,0.3226228654384613,0.03502007946372032,1.3980404138565063,0.4708951413631439,0.08277978003025056,0.0,0.0,0.001466847839765251,0.0,0.0
23.124,0.3210308849811554,-0.01782825216650963,3.5066518783569336,0.4617888629436493,0.07168910652399063,0.0,0.0,0.009930171072483063,0.0,0.0
23.138,0.32322561740875244,0.004977781791239977,0.2919606864452362,0.49871680140495295,0.06120945140719414,0.0,0.0,0.0068405047059059134,0.0,0.0
23.151,0.32539945840835566,0.015520481392741203,-2.579808473587036,0.5102160573005676,0.03468342125415802,0.0,0.0,0.004002598579972982,0.0,0.0
23.164,0.320895791053772,0.07222083956003189,-5.008797645568848,0.4907134175300598,0.00596157880499959,0.0,0.0,0.005131912883371115,0.0,0.0
23.178,0.31748491525650024,0.10060844570398332,-1.5730000734329224,0.4659697413444519,-0.008845642209053038,0.0,0.0,0.0033615746069699526,0.0,0.0
23.191,0.3130131661891937,0.0880981907248497,3.544528722763061,0.45356643199920654,-0.010871921665966513,0.0,0.0,-0.005093875341117382,0.0,0.0
23.204,0.3195106089115143,0.05556417256593704,3.6101353168487544,0.4429176449775696,-0.008815750479698181,0.0,0.0,-0.01386486180126667,0.0,0.0
23.218,0.3477354347705841,0.06470055878162384,-2.619986057281494,0.4820938408374786,-0.001405675895512104,0.0,0.0,-0.01778964325785637,0.0,0.0
23.231,0.3373669385910034,0.1555895060300827,-6.513895511627196,0.4396320283412933,-0.0008925367146730422,0.0,0.0,-0.016861608251929283,0.0,0.0
23.244,0.32107269763946533,0.1496274769306183,0.40518510341644287,0.4247962534427642,0.03600902110338211,0.0,0.0,-0.02256566844880581,0.0,0.0
23.258,0.3063710629940033,0.1488010436296463,0.06585214287042618,0.4284124970436096,0.05676846206188202,0.0,0.0,-0.02256566844880581,0.0,0.0
23.271,0.3098805844783783,0.02042552269995213,7.3082590103149405,0.42639687657356257,0.07096592336893082,0.0,0.0,-0.028331961482763287,0.0,0.0
23.284,0.31422945857048035,0.0023621618747711186,1.3080965280532837,0.46705344319343567,0.09206791222095488,0.0,0.0,-0.02766613662242889,0.0,0.0
23.298,0.3226119577884674,0.02894214540719986,-1.9410665035247805,0.4798513948917389,0.061466984450817115,0.0,0.0,-0.024317389354109764,0.0,0.0
23.311,0.33016297221183777,0.02877180650830269,0.3996122479438782,0.5123623013496399,0.05006394535303116,0.0,0.0,-0.024317389354109764,0.0,0.0
23.325,0.3309866189956665,0.08527529239654541,-0.7117631435394287,0.47732925415039057,0.0231404397636652,0.0,0.0,-0.026180895045399662,0.0,0.0
23.338,0.35160478949546814,0.07623179256916046,1.0246134996414185,0.509817898273468,0.010033453814685345,0.0,0.0,-0.02603127062320709,0.0,0.0
23.351,0.34162184596061707,0.04494260996580124,0.19231241941452024,0.48241758346557617,-0.0078089144080877295,0.0,0.0,-0.024049794301390648,0.0,0.0
23.364,0.3521234393119812,0.03372025489807129,-1.05093252658844,0.5017290115356445,-0.02337498590350151,0.0,0.0,-0.020054593682289124,0.0,0.0
23.378,0.3324166536331177,0.04944561794400215,-1.3852324485778809,0.4662484526634216,-0.030907345935702324,0.0,0.0,-0.01685173064470291,0.0,0.0
23.391,0.3056636452674866,0.06084310263395309,0.7390618324279785,0.4391247928142548,-0.018028073012828827,0.0,0.0,-0.014985460788011553,0.0,0.0
23.404,0.29460188746452326,0.050623588263988495,3.2518715858459477,0.4082213044166565,0.017753465101122856,0.0,0.0,-0.008717494085431099,0.0,0.0
23.418,0.29646602272987366,0.03745323419570922,1.8191186189651487,0.4055520296096802,0.06279923021793365,0.0,0.0,0.000209438381716609,0.0,0.0
23.431,0.317341685295105,0.027879375964403152,0.26548406481742853,0.4271248877048493,0.10379677265882492,0.0,0.0,0.005983016919344664,0.0,0.0
23.444,0.3242090344429016,0.02264091931283474,3.766978025436402,0.46257397532463074,0.1412712335586548,0.0,0.0,0.01890647783875465,0.0,0.0
23.458,0.33032625913619995,0.02267041429877281,-1.4006353616714478,0.4686089754104614,0.12885448336601257,0.0,0.0,0.03120151348412037,0.0,0.0
23.471,0.3391610383987427,0.0173933282494545,1.4018594026565552,0.5035683512687683,0.12142771482467651,0.0,0.0,0.03120151348412037,0.0,0.0
23.484,0.31084805727005005,-0.0012467214837670326,0.8667384982109069,0.4687848687171936,0.10916238278150558,0.0,0.0,0.04517802596092224,0.0,0.0
23.498,0.29750856757164,0.012541006319224834,-0.07221065461635588,0.4720286726951599,0.12247788906097412,0.0,0.0,0.04286719113588333,0.0,0.0
23.511,0.3168660700321197,0.010401501320302486,-0.004542991518974304,0.4708282053470612,0.11498872935771942,0.0,0.0,0.036010518670082085,0.0,0.0
23.524,0.344343364238739,0.02126475796103477,-3.9388356208801274,0.5068969130516052,0.08717255294322966,0.0,0.0,0.027932778000831604,0.0,0.0
23.538,0.35968589782714844,0.023007433861494064,-1.4761643409729004,0.5299700498580933,0.043296486139297485,0.0,0.0,0.023658253252506256,0.0,0.0
23.551,0.33589139580726624,0.041275449097156525,-0.7212663888931273,0.5086243748664856,0.01522605586796999,0.0,0.0,0.020492490381002423,0.0,0.0
23.564,0.303412526845932,0.0735287219285965,-0.23840367794036865,0.4827419221401215,0.008676565252244473,0.0,0.0,0.017589418217539787,0.0,0.0
23.578,0.3258620798587799,0.08181164413690567,0.6188759803771973,0.5029940605163574,-4.343688488006592e-06,0.0,0.0,0.01692654937505722,0.0,0.0
23.591,0.3427329957485199,0.06881294399499893,0.20669549703598025,0.5000054240226746,-0.018415486440062523,0.0,0.0,0.01782134361565113,0.0,0.0
23.604,0.3022335171699524,0.061489902436733246,-0.38156041502952576,0.5010163187980652,-0.05398060753941536,0.0,0.0,0.02252380363643169,0.0,0.0
23.618,0.339016854763031,0.04746832326054573,1.3182271718978882,0.549754798412323,-0.06305859982967377,0.0,0.0,0.028025593608617783,0.0,0.0
23.631,0.31713837385177607,0.029704082757234573,-0.5312454104423523,0.4995377957820892,-0.08130718022584915,0.0,0.0,0.029853936284780502,0.0,0.0
23.644,0.3094194233417511,0.020183898508548737,-2.646889925003052,0.47045269608497614,-0.07375352084636688,0.0,0.0,0.008576089516282082,0.0,0.0
23.658,0.3026311695575714,0.020369283854961395,0.8679333329200744,0.4588034451007843,-0.047081805765628815,0.0,0.0,0.008576089516282082,0.0,0.0
23.671,0.2947006225585937,0.029712649062275887,-0.16764742136001587,0.428052693605423,-0.042749881744384766,0.0,0.0,-0.014932844787836077,0.0,0.0
23.684,0.33172330260276794,0.062222674489021294,-3.800830125808716,0.44388708472251887,-0.0249573327600956,0.0,0.0,-0.03730910643935204,0.0,0.0
23.698,0.3299078643321991,0.07071121037006378,-3.691852807998657,0.4216221570968628,-0.024141587316989895,0.0,0.0,-0.04291502758860588,0.0,0.0
23.711,0.3644501566886902,0.0727897435426712,2.0715787410736084,0.44193756580352783,-0.021744651719927788,0.0,0.0,-0.04291502758860588,0.0,0.0
23.724,0.32965952157974243,0.09076727926731107,-0.9627428650856018,0.41581162810325617,0.042351551353931434,0.0,0.0,-0.06762858480215073,0.0,0.0
23.738,0.3370925188064575,0.10146444290876389,-0.9269649982452391,0.44488102197647095,0.08417658507823944,0.0,0.0,-0.07353028655052185,0.0,0.0
23.751,0.29740965366363525,0.09564901888370514,0.17809756100177765,0.41963329911232,0.08494507521390915,0.0,0.0,-0.06990431994199753,0.0,0.0
23.764,0.3078751564025879,0.05696723610162735,-0.5132650136947632,0.45142930746078486,0.08917532861232756,0.0,0.0,-0.058535940945148475,0.0,0.0
23.778,0.31431120634078974,0.03974715620279312,2.843050241470337,0.49190887808799744,0.07376302033662797,0.0,0.0,-0.0404333658516407,0.0,0.0
23.791,0.31860876083374023,0.04498789459466934,1.605381965637207,0.49820935726165766,0.04808589071035385,0.0,0.0,-0.022404497489333156,0.0,0.0
23.804,0.3162151575088501,0.06571794301271439,1.6539950370788574,0.48765513300895685,0.026726169511675835,0.0,0.0,-0.01054658368229866,0.0,0.0
23.818,0.27828773856163025,0.08376301079988478,2.900740146636963,0.4930904507637024,0.024168144911527637,0.0,0.0,-0.001274174894206226,0.0,0.0
23.831,0.2791687846183777,0.09310103952884674,3.243272542953491,0.4513598680496216,0.031144469976425167,0.0,0.0,0.012175519950687884,0.0,0.0
23.844,0.31706494092941284,0.08868806064128876,0.9421305656433104,0.49262505769729614,0.0488244853913784,0.0,0.0,0.037113122642040246,0.0,0.0
23.858,0.3107344508171081,0.07864267379045486,-1.6505390405654907,0.4868038594722748,0.06597146391868591,0.0,0.0,0.037113122642040246,0.0,0.0
23.871,0.30433347821235657,0.0710727795958519,-1.4449427127838137,0.44756847620010376,0.0717344731092453,0.0,0.0,0.03679110109806061,0.0,0.0
23.884,0.29704931378364563,0.08494588732719421,-2.012277603149414,0.4475744664669037,0.12487608194351196,0.0,0.0,0.01628188043832779,0.0,0.0
23.898,0.33368822932243347,0.09714607894420624,3.448038339614868,0.4493597745895386,0.1537642925977707,0.0,0.0,0.005506966263055801,0.0,0.0
23.911,0.31536513566970825,0.09780853986740112,-3.416132926940918,0.438796192407608,0.15028530359268188,0.0,0.0,0.005506966263055801,0.0,0.0
23.924,0.3189853131771088,0.10900495201349258,1.0509824752807615,0.4559250771999359,0.1729469746351242,0.0,0.0,0.005881745368242264,0.0,0.0
23.938,0.32457113265991205,0.09657589346170424,0.7629311680793761,0.4779258072376251,0.17072857916355133,0.0,0.0,0.01781817525625229,0.0,0.0
23.951,0.32965126633644104,0.07855051010847092,-1.3462646007537842,0.5036264657974243,0.15853562951087952,0.0,0.0,0.03449014574289322,0.0,0.0
23.964,0.3368182182312012,0.05503660067915917,8.70652103424072,0.5229405164718628,0.14690503478050232,0.0,0.0,0.05009471252560616,0.0,0.0
23.978,0.30504053831100464,0.04289164021611214,-0.435309648513794,0.5151612162590027,0.13686047494411469,0.0,0.0,0.05893731117248535,0.0,0.0
23.991,0.33048924803733826,0.03319787234067917,-0.637302339076996,0.5439813137054443,0.11657565832138062,0.0,0.0,0.05982643738389015,0.0,0.0
24.004,0.3257374763488769,0.03220169246196747,-1.863103985786438,0.5194224715232849,0.09201182425022125,0.0,0.0,0.05536071956157684,0.0,0.0
24.018,0.3186110258102417,0.04291757941246033,-2.3746461868286133,0.49048563838005066,0.0659613087773323,0.0,0.0,0.04527075216174126,0.0,0.0
24.031,0.31520819664001465,0.0623762309551239,-1.774749994277954,0.47249463200569153,0.053977310657501214,0.0,0.0,0.027984067797660828,0.0,0.0
24.044,0.3465480208396912,0.10768913477659224,-2.015002489089966,0.4730427265167236,0.07109899073839188,0.0,0.0,-0.003305775346234441,0.0,0.0
24.058,0.34986433386802673,0.10776624828577042,1.1589161157608032,0.4731699526309967,0.0709284245967865,0.0,0.0,-0.003305775346234441,0.0,0.0
24.071,0.3726343512535095,0.11656468361616136,-2.30857253074646,0.49356168508529663,0.0884162187576294,0.0,0.0,-0.009152479469776152,0.0,0.0
24.084,0.3322535753250122,0.0891847163438797,-1.4175022840499878,0.469242125749588,0.11385177075862885,0.0,0.0,-0.013976157642900944,0.0,0.0
24.098,0.3373269736766815,0.07449986040592194,1.670141100883484,0.4918429553508759,0.13273802399635315,0.0,0.0,-0.014614256098866464,0.0,0.0
24.111,0.2965819835662842,0.07122379541397095,-0.44242560863494873,0.46920207142829895,0.1301133632659912,0.0,0.0,-0.014614256098866464,0.0,0.0
24.124,0.30408650636672974,0.07001306116580963,3.194218635559082,0.5053485035896301,0.1364387273788452,0.0,0.0,-0.003604210680350661,0.0,0.0
24.138,0.3115624785423279,0.07148318737745285,-0.448571652173996,0.5484472513198853,0.1087181568145752,0.0,0.0,0.005979803390800953,0.0,0.0
24.151,0.3490140736103058,0.0679255872964859,0.46577605605125433,0.5504517555236816,0.07486631721258163,0.0,0.0,0.013485614210367204,0.0,0.0
24.164,0.31235828995704645,0.0608794279396534,0.0719858780503273,0.5148998498916626,0.055727709084749215,0.0,0.0,0.017703847959637642,0.0,0.0
24.178,0.30601224303245544,0.056582685559988015,0.5173264145851135,0.5098626017570496,0.053027480840682976,0.0,0.0,0.01926879584789276,0.0,0.0
24.191,0.34475812315940857,0.05269375443458557,0.21552540361881256,0.5173535943031311,0.05530863627791405,0.0,0.0,0.020674962550401688,0.0,0.0
24.205,0.33874210715293884,0.049162596464157104,-0.6730688810348511,0.5087637901306152,0.05759428068995476,0.0,0.0,0.022846268489956856,0.0,0.0
24.218,0.33249297738075256,0.05230959132313728,-0.36750927567482,0.4746780693531037,0.05824624374508858,0.0,0.0,0.02466774359345436,0.0,0.0
24.231,0.33243370056152344,0.059628743678331375,0.530073344707489,0.4871073067188263,0.07138292491436005,0.0,0.0,0.02303254045546055,0.0,0.0
24.244,0.32856541872024536,0.07489032298326492,2.0760960578918457,0.4730522930622101,0.12889434397220612,0.0,0.0,0.01751498505473137,0.0,0.0
24.258,0.3087064027786255,0.0744340792298317,-0.8150601387023927,0.4861438274383545,0.13965502381324768,0.0,0.0,0.019818350672721863,0.0,0.0
24.271,0.34158018231391907,0.07739736139774321,0.47390761971473694,0.4923958480358124,0.14456512033939362,0.0,0.0,0.019818350672721863,0.0,0.0
24.284,0.34770771861076355,0.06142210587859154,0.16665653884410858,0.5347591042518616,0.11236901581287384,0.0,0.0,0.03298649936914444,0.0,0.0
24.298,0.35359159111976624,0.05522057414054871,0.9025521278381348,0.5318235754966736,0.09397678822278976,0.0,0.0,0.040302280336618417,0.0,0.0
24.311,0.31349435448646545,0.04942381009459496,-1.1463068723678589,0.5352418422698976,0.08580607175827025,0.0,0.0,0.046715602278709405,0.0,0.0
24.324,0.30854880809783936,0.04402751103043556,3.6269028186798096,0.4927205741405487,0.08708006143569946,0.0,0.0,0.05244718864560127,0.0,0.0
24.338,0.3458130955696106,0.034423936158418655,0.14375551044940948,0.5358676910400392,0.08638494461774826,0.0,0.0,0.05389402061700821,0.0,0.0
24.351,0.3442894220352173,0.029279258102178574,-0.9027365446090697,0.4992471933364868,0.08307623863220215,0.0,0.0,0.04966426268219948,0.0,0.0
24.364,0.3556307256221771,0.03421721234917641,-1.4383186101913452,0.5432674884796144,0.06904281675815582,0.0,0.0,0.0444912537932396,0.0,0.0
24.378,0.37026268243789673,0.04744347184896469,-0.3527708351612091,0.5559712648391724,0.05153423547744751,0.0,0.0,0.04086099565029144,0.0,0.0
24.391,0.34525021910667414,0.06435904651880264,-0.8126115202903748,0.5261162519454956,0.035690780729055405,0.0,0.0,0.034651316702365875,0.0,0.0
24.405,0.33324557542800903,0.07756762951612473,-1.162880301475525,0.48393461108207697,0.047727584838867194,0.0,0.0,0.011706395074725153,0.0,0.0
24.418,0.32238996028900146,0.07552942633628845,-0.5249179601669312,0.48560801148414606,0.05247760564088821,0.0,0.0,0.011706395074725153,0.0,0.0
24.431,0.33878055214881897,0.06145405024290085,0.6827906370162964,0.48712033033370966,0.06116889417171478,0.0,0.0,0.005675106309354304,0.0,0.0
24.444,0.3450179398059845,0.05982289463281632,-0.8244738578796386,0.5269075632095337,0.06105231493711472,0.0,0.0,0.0036856280639767647,0.0,0.0
24.458,0.37062615156173706,0.05988940224051476,0.3620631396770477,0.5559982657432556,0.05335647612810135,0.0,0.0,0.004458542913198471,0.0,0.0
24.471,0.3390883505344391,0.05744991451501846,-1.187549710273743,0.5259556174278259,0.04882955178618431,0.0,0.0,0.004458542913198471,0.0,0.0
24.485,0.3455595374107361,0.03776487335562705,0.12645791471004486,0.5729254484176636,0.029087189584970478,0.0,0.0,0.0063461679965257645,0.0,0.0
24.498,0.3207562267780304,0.03858768939971924,-0.905163526535034,0.5255585312843323,0.018973378464579586,0.0,0.0,0.004307245370000601,0.0,0.0
24.511,0.34393283724784846,0.038553494960069656,0.4074060320854187,0.5733649134635925,0.012667477130889893,0.0,0.0,-0.0023054801858961582,0.0,0.0
24.525,0.3375594913959503,0.05729367211461067,-1.8858466148376465,0.525726854801178,-0.004094772040843964,0.0,0.0,-0.010996019467711449,0.0,0.0
24.538,0.33243459463119507,0.07070357352495193,0.8955778479576112,0.5282315611839294,-0.00290562491863966,0.0,0.0,-0.017233772203326225,0.0,0.0
24.551,0.3697664141654968,0.07473830878734589,0.2602002024650574,0.5239556431770325,0.00545291742309928,0.0,0.0,-0.01882347092032433,0.0,0.0
24.565,0.3307117223739624,0.06704072654247284,-0.12659189105033877,0.47832146286964417,0.017562197521328926,0.0,0.0,-0.0169972013682127,0.0,0.0
24.578,0.36026972532272333,0.055902473628520966,0.715621292591095,0.5246211290359497,0.025547176599502563,0.0,0.0,-0.012790445238351822,0.0,0.0
24.591,0.3684203624725342,0.0441170446574688,-0.2360056042671204,0.5694557428359985,0.02447769232094288,0.0,0.0,-0.008006127551198004,0.0,0.0
24.605,0.333416759967804,0.03823952004313469,-0.6115910410881042,0.5259376168251038,0.01509705837816,0.0,0.0,-0.003217963967472315,0.0,0.0
24.618,0.3445114493370056,0.04132569208741188,0.19445069134235385,0.5614433288574219,0.012472209520637987,0.0,0.0,-0.003217963967472315,0.0,0.0
24.631,0.33142805099487305,0.04738160222768784,0.3468105494976044,0.5191652774810791,0.014489134773612022,0.0,0.0,-0.002984267193824053,0.0,0.0
24.645,0.3577439785003662,0.04946259409189224,0.38714548945426946,0.548311710357666,0.022683851420879364,0.0,0.0,-0.007305650506168605,0.0,0.0
24.658,0.3400736451148987,0.04953242838382721,-0.2443508803844452,0.5233056545257568,0.018583809956908223,0.0,0.0,-0.01087246835231781,0.0,0.0
24.671,0.363424688577652,0.04785871505737305,-0.8617122769355774,0.5507769584655762,0.014626877382397652,0.0,0.0,-0.01087246835231781,0.0,0.0
24.685,0.3575151860713959,0.06833352148532867,-4.793710708618164,0.5364230275154114,-0.0144752636551857,0.0,0.0,-0.016971169039607048,0.0,0.0
24.698,0.34680110216140747,0.06431163847446442,1.3908119201660156,0.5275116562843323,-0.02056020498275757,0.0,0.0,-0.020668141543865204,0.0,0.0
24.711,0.35613405704498285,0.08197620511054993,-0.8983396887779235,0.5290979146957397,-0.02124592289328575,0.0,0.0,-0.025255611166357998,0.0,0.0
24.725,0.3479459881782532,0.0959084704518318,1.3591793775558472,0.5102491974830627,-0.01977180689573288,0.0,0.0,-0.02758471295237541,0.0,0.0
24.738,0.3597501218318939,0.09149377048015593,-1.3562273979187012,0.5448670387268065,-0.019987607374787327,0.0,0.0,-0.02798924595117569,0.0,0.0
24.751,0.32919877767562866,0.08010856807231903,-1.496562361717224,0.5162385106086731,-0.02746783010661602,0.0,0.0,-0.027716299518942836,0.0,0.0
24.765,0.31932470202445984,0.06916274130344391,1.084625244140625,0.5295440554618835,-0.036723732948303216,0.0,0.0,-0.026832453906536102,0.0,0.0
24.778,0.30857133865356445,0.06954021006822586,2.084510803222656,0.5258223414421082,-0.04126455262303352,0.0,0.0,-0.025646710768342015,0.0,0.0
24.791,0.33419713377952576,0.08132407814264297,0.4985360205173493,0.5322775840759277,-0.0407952219247818,0.0,0.0,-0.02419066801667213,0.0,0.0
24.805,0.34063950181007385,0.07735082507133485,-1.5266786813735962,0.5194464325904846,-0.03556714579463005,0.0,0.0,-0.024592416360974312,0.0,0.0
24.818,0.3344365656375885,0.060518823564052575,-1.0322140455245972,0.5126553773880005,-0.040043964982032776,0.0,0.0,-0.028261836618185043,0.0,0.0
24.831,0.3451915681362152,0.062051601707935326,-0.3106763362884521,0.5257179737091064,-0.04015316441655159,0.0,0.0,-0.0322459489107132,0.0,0.0
24.845,0.3624914884567261,0.10968352109193802,-1.3816131353378296,0.5376289486885071,-0.05019953101873398,0.0,0.0,-0.02503061853349209,0.0,0.0
24.858,0.37154731154441833,0.11042406409978868,0.7174674272537231,0.5083224773406982,-0.0463298037648201,0.0,0.0,-0.02503061853349209,0.0,0.0
24.871,0.36285558342933655,0.11599030345678328,-0.7524126768112183,0.5353864431381226,-0.0458064042031765,0.0,0.0,-0.010584911331534386,0.0,0.0
24.885,0.3456105887889862,0.05733690038323402,3.6198806762695312,0.5007480978965759,-0.0021455627866089344,0.0,0.0,0.005958855152130127,0.0,0.0
24.898,0.33214712142944336,0.012928181327879429,3.8722631931304927,0.5052470564842224,0.034229766577482224,0.0,0.0,0.00612823199480772,0.0,0.0
24.911,0.34369364380836487,0.01291228923946619,-1.6524637937545776,0.4931254088878632,0.043844252824783325,0.0,0.0,0.00612823199480772,0.0,0.0
24.925,0.34357601404190063,0.0684150904417038,0.8192905187606812,0.5152127146720886,0.07591774314641953,0.0,0.0,0.015841197222471237,0.0,0.0
24.938,0.3172185719013214,0.07984889298677443,-0.091351218521595,0.4803643226623535,0.08653748035430908,0.0,0.0,0.02042868733406067,0.0,0.0
24.951,0.31417813897132874,0.07437261939048767,3.8969540596008305,0.5098045468330383,0.1050744652748108,0.0,0.0,0.024596186354756355,0.0,0.0
24.965,0.3367060720920563,0.06250162422657013,3.409870386123657,0.5170745253562927,0.11997833847999571,0.0,0.0,0.028838140890002247,0.0,0.0
24.978,0.3280491232872009,0.04259034991264343,0.5422143936157227,0.5328952670097351,0.12030265480279922,0.0,0.0,0.03568427637219429,0.0,0.0
24.991,0.3344312012195587,0.0217503234744072,-0.9896085262298584,0.49582085013389593,0.11735288798809052,0.0,0.0,0.04520135372877121,0.0,0.0
25.005,0.33281373977661133,0.0094325952231884,0.02399291843175888,0.5357204079627991,0.08399207890033723,0.0,0.0,0.05082916468381882,0.0,0.0
25.018,0.3564578890800476,0.0009308364242315292,0.1493062824010849,0.5818877220153809,0.07722082734107971,0.0,0.0,0.05000393092632294,0.0,0.0
25.031,0.3713033497333527,-0.005471812095493078,-1.1900466680526731,0.5755259394645691,0.025055311620235443,0.0,0.0,0.043968215584754944,0.0,0.0
25.045,0.3747376799583435,0.004665250424295664,-6.2591772079467765,0.5877504944801331,-0.11522923409938812,0.0,0.0,0.023022186011075974,0.0,0.0
25.058,0.35197481513023376,0.0067353942431509495,2.31401801109314,0.5956131219863892,-0.1417378932237625,0.0,0.0,0.023022186011075974,0.0,0.0
25.071,0.3870403170585632,0.03250764310359955,-4.886277675628662,0.5918258428573608,-0.16405898332595825,0.0,0.0,0.00578316580504179,0.0,0.0
25.085,0.39286008477211,0.08746791630983353,-8.735746383666992,0.5883781909942627,-0.2655799388885498,0.0,0.0,-0.02927989885210991,0.0,0.0
25.098,0.35269689559936523,0.11646308749914168,-2.900956869125366,0.5869084596633911,-0.3323657512664795,0.0,0.0,-0.03987019509077072,0.0,0.0
25.111,0.3559783399105072,0.11652896553277968,2.1839911937713623,0.581781804561615,-0.3622910380363464,0.0,0.0,-0.03987019509077072,0.0,0.0
25.125,0.334794282913208,0.17924199998378754,-16.607418060302734,0.5768121480941772,-0.45176935195922846,0.0,0.0,-0.06738096475601196,0.0,0.0
25.138,0.34338584542274475,0.2306980341672897,-2.4310948848724365,0.6049351692199707,-0.5116225481033325,0.0,0.0,-0.08233311027288437,0.0,0.0
25.151,0.3468816578388214,0.2875082790851593,-3.74698543548584,0.6091629266738892,-0.5595403909683228,0.0,0.0,-0.0951663851737976,0.0,0.0
25.165,0.35309487581253046,0.3104686141014099,-5.219854831695557,0.6101242899894713,-0.621201753616333,0.0,0.0,-0.1060129702091217,0.0,0.0
25.178,0.3400048613548279,0.30763211846351624,-6.431162357330321,0.5515144467353821,-0.7061426043510437,0.0,0.0,-0.11921171844005583,0.0,0.0
25.191,0.3279615640640259,0.3341095447540283,-2.942968845367432,0.547386109828949,-0.8005910515785217,0.0,0.0,-0.1365201324224472,0.0,0.0
25.205,0.3150283396244049,0.40518489480018616,-2.144680976867676,0.533446192741394,-0.8951300382614135,0.0,0.0,-0.15419802069664,0.0,0.0
25.218,0.3412639796733856,0.4886282682418823,-2.854245901107788,0.5644392967224121,-0.9507981538772584,0.0,0.0,-0.1712546944618225,0.0,0.0
25.231,0.299093097448349,0.5420178174972534,-6.898974418640137,0.5117868781089783,-0.9885807037353517,0.0,0.0,-0.18526574969291687,0.0,0.0
25.245,0.274854838848114,0.6563969850540161,-19.09958839416504,0.44169256091117853,-1.2181837558746338,0.0,0.0,-0.23003548383712769,0.0,0.0
25.258,0.2574935853481293,0.6528372168540955,6.33927583694458,0.371890127658844,-1.2386335134506226,0.0,0.0,-0.23003548383712769,0.0,0.0
25.271,0.21881701052188876,0.7491115331649779,-7.689600467681885,0.34237194061279297,-1.3870337009429932,0.0,0.0,-0.2628557682037353,0.0,0.0
25.285,0.21872463822364807,0.8842180967330932,4.339121341705321,0.3933555483818054,-1.2887253761291504,0.0,0.0,-0.31412637233734125,0.0,0.0
25.298,0.2043971419334412,0.821695864200592,2.4018869400024414,0.4190215170383453,-1.2134439945220947,0.0,0.0,-0.3418150544166565,0.0,0.0
25.311,0.23269656300544736,0.8322607278823853,0.7576972246170045,0.45836177468299866,-1.1914758682250977,0.0,0.0,-0.3418150544166565,0.0,0.0
25.325,0.1946371793746948,0.7156494855880737,2.1782665252685547,0.3895950317382813,-1.1582512855529783,0.0,0.0,-0.392810732126236,0.0,0.0
25.338,0.17611990869045258,0.7320830821990967,1.5293508768081665,0.31980243325233454,-1.1804018020629885,0.0,0.0,-0.41509974002838135,0.0,0.0
25.352,0.15833280980587006,0.7199901342391968,3.9005777835845943,0.25055333971977234,-1.1578069925308228,0.0,0.0,-0.43852251768112177,0.0,0.0
25.365,0.13230621814727783,0.6689161062240601,1.8007657527923584,0.18564534187316892,-1.1251161098480225,0.0,0.0,-0.4629741907119751,0.0,0.0
25.378,0.12226300686597824,0.5897214412689209,3.8966684341430655,0.17465102672576904,-1.1041821241378784,0.0,0.0,-0.48149651288986206,0.0,0.0
25.391,0.11194002628326416,0.5003565549850464,1.3886243104934692,0.15243929624557495,-1.0706551074981687,0.0,0.0,-0.4791539907455444,0.0,0.0
25.405,0.10957192629575728,0.465352475643158,8.219186782836914,0.16483500599861145,-0.8832556009292601,0.0,0.0,-0.43923628330230713,0.0,0.0
25.418,0.14394526183605194,0.48558050394058233,-4.1056976318359375,0.21082055568695068,-0.8726987838745117,0.0,0.0,-0.43923628330230713,0.0,0.0
25.431,0.09594424813985825,0.4960499405860901,5.883049964904785,0.14802396297454834,-0.7987643480300902,0.0,0.0,-0.4296518564224243,0.0,0.0
25.445,0.0470537543296814,0.4628663063049317,4.608101844787598,0.08494773507118225,-0.736125111579895,0.0,0.0,-0.4113277792930603,0.0,0.0
25.458,0.0466088242828846,0.4863280355930328,-2.2830581665039062,0.069149911403656,-0.742650866508484,0.0,0.0,-0.4140501320362091,0.0,0.0
25.471,0.0484618954360485,0.47037690877914423,3.5946316719055176,0.05615361034870148,-0.7495522499084472,0.0,0.0,-0.4140501320362091,0.0,0.0
25.485,0.05466719344258309,0.4282343983650208,-3.320833921432495,0.09855759143829344,-0.7280088663101196,0.0,0.0,-0.4501608014106751,0.0,0.0
25.498,0.06064226105809212,0.39544260501861567,-1.8870211839675903,0.14654763042926788,-0.7177368402481079,0.0,0.0,-0.45497763156890875,0.0,0.0
25.511,0.0650688037276268,0.41776585578918457,1.1860146522521973,0.19554567337036133,-0.705484926700592,0.0,0.0,-0.44647687673568726,0.0,0.0
25.525,0.03610320761799812,0.4566338062286377,4.058559894561768,0.21178443729877472,-0.6820464730262756,0.0,0.0,-0.43153849244117737,0.0,0.0
25.538,0.055644266307353966,0.5021104216575624,3.6400659084320073,0.2447818368673325,-0.6354768872261048,0.0,0.0,-0.4124067723751068,0.0,0.0
25.551,0.045466795563697815,0.5077859163284302,2.5355613231658936,0.19354608654975888,-0.6000751256942749,0.0,0.0,-0.38757890462875366,0.0,0.0
25.565,0.03343770280480385,0.4816836714744568,1.603272557258606,0.14302700757980347,-0.5528684854507446,0.0,0.0,-0.36446282267570496,0.0,0.0
25.578,-0.004083240870386361,0.42956387996673584,-0.6960935592651367,0.13901107013225555,-0.48720669746398926,0.0,0.0,-0.3480224311351776,0.0,0.0
25.592,0.012043231166899204,0.38886645436286926,0.4495672881603241,0.18664698302745816,-0.40905344486236567,0.0,0.0,-0.3367823660373688,0.0,0.0
25.605,0.04253825545310974,0.3496621251106262,1.7871055603027344,0.22694362699985504,-0.30976980924606323,0.0,0.0,-0.32130932807922363,0.0,0.0
25.618,0.05665936321020126,0.31874275207519526,2.9500007629394527,0.26743057370185846,-0.2742875814437866,0.0,0.0,-0.2858282327651977,0.0,0.0
25.632,0.06272517889738083,0.31223243474960327,2.902883291244507,0.2656943202018738,-0.24225875735282895,0.0,0.0,-0.23677545785903928,0.0,0.0
25.645,0.01827340573072433,0.33716440200805664,8.281993865966799,0.2163078486919403,-0.1795600950717926,0.0,0.0,-0.1704181730747223,0.0,0.0
25.658,-0.0260290689766407,0.32598698139190674,-4.039238929748535,0.16522353887557983,-0.16887581348419187,0.0,0.0,-0.1704181730747223,0.0,0.0
25.672,-0.06505099684000015,0.3204886019229889,3.609124422073364,0.1186855286359787,-0.16257761418819427,0.0,0.0,-0.15245527029037476,0.0,0.0
25.685,-0.02921289764344692,0.3532943725585937,-3.2128148078918457,0.16754747927188873,-0.11698205769062042,0.0,0.0,-0.13698111474514008,0.0,0.0
25.698,-0.0067085628397762775,0.3776546716690064,-2.3641393184661865,0.197363555431366,-0.11865337938070296,0.0,0.0,-0.14383187890052795,0.0,0.0
25.712,-0.012234479188919067,0.3765801787376404,0.979482352733612,0.16549718379974365,-0.12403558939695358,0.0,0.0,-0.14383187890052795,0.0,0.0
25.725,-0.03860011324286461,0.39622199535369873,0.6494835019111633,0.16520409286022186,-0.11695294082164764,0.0,0.0,-0.11914904415607452,0.0,0.0
25.738,-0.05066725984215736,0.38289806246757513,2.565974235534668,0.11334922909736632,-0.1121874749660492,0.0,0.0,-0.08121887594461441,0.0,0.0
25.752,-0.028816774487495422,0.3692964017391205,0.7725331783294677,0.11315750330686568,-0.08177173137664795,0.0,0.0,-0.06443467736244202,0.0,0.0
25.765,-0.06319544464349747,0.35108083486557007,-1.838497757911682,0.063438281416893,-0.06029536575078964,0.0,0.0,-0.07631170004606248,0.0,0.0
25.778,-0.04952191933989525,0.36498308181762695,-2.809425115585327,0.10425794124603271,-0.047911711037158966,0.0,0.0,-0.08879804611206055,0.0,0.0
25.792,-0.03644392266869545,0.3851913213729858,-1.7686642408370972,0.1296694278717041,-0.05775880068540573,0.0,0.0,-0.08781935274600983,0.0,0.0
25.805,-0.07720182090997696,0.3797871470451355,-3.5426113605499268,0.07992725074291229,-0.0810942128300667,0.0,0.0,-0.08495055139064787,0.0,0.0
25.818,-0.10981435328722,0.3722832500934601,0.9372532367706298,0.0601690337061882,-0.09216366708278656,0.0,0.0,-0.08787620067596436,0.0,0.0
25.832,-0.1252642422914505,0.3718282580375672,4.2565603256225595,0.01801743730902672,-0.11518336087465286,0.0,0.0,-0.08511285483837126,0.0,0.0
25.845,-0.1387549191713333,0.3618639707565308,1.0644726753234863,-0.028955206274986267,-0.12003602087497713,0.0,0.0,-0.05087783932685852,0.0,0.0
25.858,-0.15229569375514984,0.35922884941101074,-1.019555687904358,-0.0755016654729843,-0.1313210278749466,0.0,0.0,-0.05087783932685852,0.0,0.0
25.872,-0.11850934475660324,0.3797303736209869,-3.995902299880981,-0.048562034964561455,-0.10999775677919388,0.0,0.0,-0.06992434710264206,0.0,0.0
25.885,-0.09679145365953443,0.4129599928855896,-5.090035915374756,-0.013331178575754166,-0.12867727875709534,0.0,0.0,-0.1297816038131714,0.0,0.0
25.898,-0.13830691576004028,0.4144245982170105,0.6818711757659912,-0.06034846231341361,-0.15856881439685822,0.0,0.0,-0.11916760355234146,0.0,0.0
25.912,-0.11699745059013368,0.4222938418388367,0.7707506418228148,-0.05463853850960732,-0.15886090695858002,0.0,0.0,-0.11916760355234146,0.0,0.0
25.925,-0.14435942471027374,0.39084702730178833,-2.7883293628692627,-0.06826195120811462,-0.12355364114046095,0.0,0.0,-0.09959357231855392,0.0,0.0
25.938,-0.15103983879089355,0.3691706359386444,1.8701757192611692,-0.06980955600738525,-0.10325007140636444,0.0,0.0,-0.11843074113130568,0.0,0.0
25.952,-0.15474170446395874,0.34674692153930664,-0.7640451192855835,-0.05649983137845993,-0.1150890216231346,0.0,0.0,-0.13149923086166382,0.0,0.0
25.965,-0.15062710642814636,0.3372045159339905,-1.576121807098389,-0.0109783336520195,-0.10303854942321776,0.0,0.0,-0.1394946575164795,0.0,0.0
25.978,-0.14078812301158905,0.36146211624145513,-1.199396729469299,0.010246389545500278,-0.1074804738163948,0.0,0.0,-0.15064197778701782,0.0,0.0
25.992,-0.1859340667724609,0.35875561833381653,-1.4064196348190308,-0.02548317983746529,-0.148707315325737,0.0,0.0,-0.1559377163648605,0.0,0.0
26.005,-0.23084190487861636,0.3415215313434601,-4.436478614807129,-0.05876049399375916,-0.23655652999877927,0.0,0.0,-0.1420261710882187,0.0,0.0
26.018,-0.19356209039688113,0.35481107234954834,4.291022300720215,-0.026575762778520584,-0.2203155606985092,0.0,0.0,-0.1420261710882187,0.0,0.0
26.032,-0.18373376131057736,0.37077432870864874,-2.6905996799468994,-0.028376545757055283,-0.26665183901786804,0.0,0.0,-0.14678196609020233,0.0,0.0
26.045,-0.200695276260376,0.40317484736442566,-1.721937894821167,-0.08369283378124237,-0.33617520332336426,0.0,0.0,-0.17196734249591827,0.0,0.0
26.058,-0.21227768063545227,0.3990039229393005,0.3813743591308594,-0.13288143277168274,-0.346250593662262,0.0,0.0,-0.18114525079727173,0.0,0.0
26.072,-0.2055896073579788,0.3882051110267639,1.2242048978805542,-0.08438432216644286,-0.3344602882862091,0.0,0.0,-0.18114525079727173,0.0,0.0
26.085,-0.2097439020872116,0.3517686724662781,-2.01418685913086,-0.08940908312797545,-0.348327100276947,0.0,0.0,-0.22912128269672397,0.0,0.0
26.098,-0.2524855434894562,0.34184098243713373,-4.431340217590332,-0.1402752548456192,-0.39231011271476746,0.0,0.0,-0.2598605155944824,0.0,0.0
26.112,-0.2782512903213501,0.33887892961502075,-2.5598936080932617,-0.1696392446756363,-0.4534245729446411,0.0,0.0,-0.2787364721298218,0.0,0.0
26.125,-0.26918691396713257,0.31972020864486694,-2.320772409439087,-0.11790307611227036,-0.5093833208084105,0.0,0.0,-0.28922873735427856,0.0,0.0
26.138,-0.26110827922821045,0.31000372767448425,1.828247308731079,-0.0724106952548027,-0.5434569716453552,0.0,0.0,-0.297669529914856,0.0,0.0
26.152,-0.2873971462249756,0.30319106578826904,4.174862861633301,-0.13035425543785095,-0.5533228516578673,0.0,0.0,-0.3077379167079925,0.0,0.0
26.165,-0.31108996272087097,0.28357565402984614,5.97614049911499,-0.17160385847091675,-0.526759147644043,0.0,0.0,-0.31157755851745605,0.0,0.0
26.178,-0.33047494292259216,0.2348703294992447,3.9453258514404297,-0.20600293576717377,-0.48385536670684814,0.0,0.0,-0.2941687405109405,0.0,0.0
26.192,-0.3053744733333588,0.1963352262973785,1.818316340446472,-0.16425512731075287,-0.4483068883419037,0.0,0.0,-0.27071094512939453,0.0,0.0
26.205,-0.27835336327552795,0.1826241910457611,-11.494336128234863,-0.1415231078863144,-0.5198198556900024,0.0,0.0,-0.31136614084243774,0.0,0.0
26.218,-0.24893668293952945,0.17467054724693298,3.3323092460632324,-0.11652304977178574,-0.5152230262756348,0.0,0.0,-0.31136614084243774,0.0,0.0
26.232,-0.2860296368598938,0.14981311559677124,-6.496654510498047,-0.1284271478652954,-0.595106840133667,0.0,0.0,-0.3394574522972107,0.0,0.0
26.245,-0.3254537284374237,0.13370048999786377,6.897669315338135,-0.15341992676258087,-0.6273653507232666,0.0,0.0,-0.33069390058517456,0.0,0.0
26.258,-0.3109973967075348,0.13507384061813354,-1.7968430519104004,-0.15723709762096405,-0.6438775658607483,0.0,0.0,-0.319771945476532,0.0,0.0
26.272,-0.3479838073253632,0.13621675968170166,5.537217140197754,-0.21511727571487427,-0.6039350032806396,0.0,0.0,-0.319771945476532,0.0,0.0
26.285,-0.327295869588852,0.05156970769166946,1.6494512557983398,-0.17910316586494446,-0.5044505000114441,0.0,0.0,-0.3370991945266724,0.0,0.0
26.298,-0.2960735857486725,0.037942998111248016,-5.920142650604248,-0.1323700249195099,-0.5242936611175537,0.0,0.0,-0.36914682388305664,0.0,0.0
26.312,-0.26267144083976746,0.045943502336740494,1.4436341524124146,-0.08068588376045227,-0.5435398817062378,0.0,0.0,-0.38465186953544617,0.0,0.0
26.325,-0.2986822724342346,0.0631156787276268,-4.309648036956787,-0.13182814419269562,-0.5807597637176514,0.0,0.0,-0.3684027194976807,0.0,0.0
26.338,-0.33827608823776245,0.06807315349578857,4.132497310638428,-0.14346548914909363,-0.560367226600647,0.0,0.0,-0.3394360840320587,0.0,0.0
26.352,-0.32576727867126465,0.08557437360286713,3.2818078994750977,-0.09660382568836211,-0.532810151576996,0.0,0.0,-0.3287038207054138,0.0,0.0
26.365,-0.31027576327323914,0.0867655873298645,1.231855869293213,-0.04979759454727173,-0.5196576714515686,0.0,0.0,-0.34640511870384216,0.0,0.0
26.378,-0.33882251381874084,0.04601959139108658,-3.016997814178467,-0.103377103805542,-0.542360246181488,0.0,0.0,-0.37400269508361816,0.0,0.0
26.392,-0.3592994213104248,0.008286986500024796,-5.189926624298096,-0.1479286402463913,-0.5646078586578369,0.0,0.0,-0.38686877489089966,0.0,0.0
26.405,-0.32952949404716486,0.02308444306254387,-2.017841339111328,-0.09854821860790253,-0.5877135992050171,0.0,0.0,-0.366028904914856,0.0,0.0
26.418,-0.3013959527015686,0.07058516144752502,2.070495367050171,-0.04654601216316223,-0.5663861036300659,0.0,0.0,-0.366028904914856,0.0,0.0
26.432,-0.335502028465271,0.08088473975658415,1.0651811361312866,-0.09940221160650253,-0.5340185761451721,0.0,0.0,-0.37021908164024353,0.0,0.0
26.445,-0.3768298923969269,-0.012837126851081848,-4.180128574371338,-0.11900298297405244,-0.4613537788391113,0.0,0.0,-0.3778083622455597,0.0,0.0
26.458,-0.3513129949569702,-0.003381028771400452,1.3270944356918335,-0.08071206510066986,-0.44400185346603394,0.0,0.0,-0.3820093870162964,0.0,0.0
26.472,-0.33756572008132935,-0.0018364340066909792,-3.5823559761047363,-0.03658062964677811,-0.4416005611419678,0.0,0.0,-0.3820093870162964,0.0,0.0
26.485,-0.3619482517242432,0.04972033947706223,-4.9882917404174805,-0.07681793719530106,-0.47275340557098394,0.0,0.0,-0.4091720581054688,0.0,0.0
26.498,-0.3949740827083588,0.02678653597831726,3.9482183456420894,-0.11059942841529846,-0.47385773062706,0.0,0.0,-0.3924812376499176,0.0,0.0
26.512,-0.42765635251998896,0.011824533343315125,-0.02761334180831909,-0.14056064188480377,-0.4857999384403229,0.0,0.0,-0.3924812376499176,0.0,0.0
26.525,-0.3952977657318115,0.00048136711120605463,1.7243071794509888,-0.10059410333633424,-0.4019815921783447,0.0,0.0,-0.347540020942688,0.0,0.0
26.538,-0.3676835894584656,0.0352964773774147,-2.023257255554199,-0.0900019034743309,-0.36738467216491694,0.0,0.0,-0.35053107142448425,0.0,0.0
26.552,-0.39422377943992615,0.025468530133366585,0.08237063884735107,-0.14769485592842102,-0.34020739793777466,0.0,0.0,-0.353899210691452,0.0,0.0
26.565,-0.426920622587204,-0.007505314424633981,0.936602771282196,-0.18566636741161344,-0.3222947716712952,0.0,0.0,-0.3428252339363098,0.0,0.0
26.578,-0.40229073166847223,0.012536738067865372,0.38454830646514887,-0.14513806998729706,-0.312694251537323,0.0,0.0,-0.3336794376373291,0.0,0.0
26.592,-0.37393641471862793,0.056180089712142944,-0.8585616946220398,-0.12027571350336076,-0.3113965094089508,0.0,0.0,-0.3470040261745453,0.0,0.0
26.605,-0.4122817814350128,0.014289658516645432,0.9684808254241944,-0.16502593457698822,-0.300563782453537,0.0,0.0,-0.3386206030845642,0.0,0.0
26.618,-0.4520361423492432,-0.005927238613367081,-1.2593328952789309,-0.208665668964386,-0.30727005004882807,0.0,0.0,-0.3386206030845642,0.0,0.0
26.632,-0.4327772557735443,-0.009392846375703812,0.9636104106903075,-0.170138880610466,-0.27411824464797974,0.0,0.0,-0.32455340027809143,0.0,0.0
26.645,-0.45312967896461487,0.028421536087989807,1.981884241104126,-0.2196411490440369,-0.25953203439712524,0.0,0.0,-0.34108996391296387,0.0,0.0
26.658,-0.4754213690757752,0.013402856886386871,1.0803087949752808,-0.244738444685936,-0.2268163859844208,0.0,0.0,-0.3234087824821472,0.0,0.0
26.672,-0.5023384690284729,0.007126256823539734,0.38511380553245533,-0.2780331075191498,-0.2196066975593567,0.0,0.0,-0.3234087824821472,0.0,0.0
26.685,-0.48681205511093134,-0.0018789321184158323,5.359768867492676,-0.23139414191246035,-0.1097843125462532,0.0,0.0,-0.27138689160346985,0.0,0.0
26.698,-0.45495170354843134,0.043372228741645806,0.2021312713623047,-0.22990749776363373,-0.11811814457178116,0.0,0.0,-0.2684025764465332,0.0,0.0
26.712,-0.4805957078933716,0.03889906406402588,0.923958420753479,-0.275346964597702,-0.13010850548744202,0.0,0.0,-0.26705288887023926,0.0,0.0
26.725,-0.4984479248523712,0.0623791366815567,-2.967493057250977,-0.2922894358634949,-0.10945214331150056,0.0,0.0,-0.2606656849384308,0.0,0.0
26.738,-0.48255300521850586,0.08145293593406677,1.157719612121582,-0.2548743486404419,-0.0844840556383133,0.0,0.0,-0.2504263818264008,0.0,0.0
26.752,-0.46371147036552424,0.130978524684906,1.793874740600586,-0.23730695247650144,-0.09118465334177016,0.0,0.0,-0.24440790712833405,0.0,0.0
26.765,-0.5001495480537416,0.14012260735034943,1.0824590921401978,-0.29577997326850886,-0.11852762848138808,0.0,0.0,-0.2470499128103256,0.0,0.0
26.778,-0.530046284198761,0.10450498014688492,-0.7352694869041443,-0.34313127398490906,-0.13530685007572174,0.0,0.0,-0.24367797374725345,0.0,0.0
26.792,-0.5098015069961548,0.07296894490718842,-0.06805211305618286,-0.3212943971157074,-0.1252046674489975,0.0,0.0,-0.23407647013664248,0.0,0.0
26.805,-0.4923498332500458,0.08202741295099257,1.791885495185852,-0.31581974029541016,-0.14218854904174805,0.0,0.0,-0.23826883733272552,0.0,0.0
26.818,-0.5127822756767273,0.11073117703199388,0.2905905246734619,-0.35277608036994934,-0.16008800268173218,0.0,0.0,-0.2551396191120148,0.0,0.0
26.832,-0.5356276631355286,0.13249146938323977,-1.9201508760452273,-0.3989105224609375,-0.2020283937454224,0.0,0.0,-0.26740509271621704,0.0,0.0
26.845,-0.5262411236763,0.13324402272701263,-2.833040714263916,-0.35528504848480225,-0.24469994008541107,0.0,0.0,-0.2782488465309143,0.0,0.0
26.858,-0.5640062689781189,0.11135294288396835,1.6014665365219116,-0.3878117501735687,-0.2683204710483551,0.0,0.0,-0.2782488465309143,0.0,0.0
26.872,-0.5474802851676941,0.09893584996461868,-1.7993263006210327,-0.3462850749492645,-0.30319350957870483,0.0,0.0,-0.30317017436027527,0.0,0.0
26.885,-0.5691357254981995,0.13362069427967072,-0.5989372730255127,-0.4043960571289063,-0.4420862793922424,0.0,0.0,-0.35361689329147333,0.0,0.0
26.898,-0.592339277267456,0.1319078505039215,2.003706216812134,-0.4386422634124756,-0.4703503847122192,0.0,0.0,-0.3611468672752381,0.0,0.0
26.912,-0.6049156785011292,0.13101381063461304,-0.1688539981842041,-0.46168580651283264,-0.48644304275512695,0.0,0.0,-0.3611468672752381,0.0,0.0
26.925,-0.6399538516998291,0.08544228225946425,4.028919219970703,-0.5004462003707886,-0.4594725668430328,0.0,0.0,-0.37191385030746466,0.0,0.0
26.938,-0.6752854585647583,0.025899186730384827,-1.1315726041793823,-0.5209653377532959,-0.4462798237800598,0.0,0.0,-0.3681157529354096,0.0,0.0
26.952,-0.6509738564491272,-0.015478461980819702,0.34774839878082275,-0.4766228199005127,-0.43219250440597534,0.0,0.0,-0.3490360975265503,0.0,0.0
26.965,-0.6193780303001404,-0.02358677983283997,3.412113904953003,-0.43301883339881897,-0.418601393699646,0.0,0.0,-0.33575683832168574,0.0,0.0
26.978,-0.5889570713043213,0.0003881976008415222,3.063981056213379,-0.4318974614143372,-0.410400927066803,0.0,0.0,-0.3465312421321869,0.0,0.0
26.992,-0.6109554171562195,-0.0055254921317100525,-0.1507110893726349,-0.4927093386650085,-0.41224551200866694,0.0,0.0,-0.3676186501979828,0.0,0.0
27.005,-0.6407336592674256,-0.0620637908577919,-2.759890079498291,-0.5204830169677734,-0.42002612352371216,0.0,0.0,-0.3731527030467987,0.0,0.0
27.018,-0.6203258633613585,-0.10202540457248688,-2.637977123260498,-0.49050900340080256,-0.42579063773155207,0.0,0.0,-0.37094911932945246,0.0,0.0
27.032,-0.6039256453514099,-0.08526301383972168,-0.484301894903183,-0.47087088227272034,-0.45431908965110773,0.0,0.0,-0.38344261050224304,0.0,0.0
27.045,-0.6360401511192322,-0.03850628808140755,2.672181844711304,-0.5230048298835753,-0.5344523191452025,0.0,0.0,-0.41045823693275446,0.0,0.0
27.058,-0.6631069183349609,-0.04664329066872597,-0.3609023988246918,-0.5350968241691588,-0.5271692276000977,0.0,0.0,-0.41045823693275446,0.0,0.0
27.072,-0.6309049129486084,-0.05802083015441895,0.939108431339264,-0.48028147220611567,-0.5089861154556273,0.0,0.0,-0.3994528353214264,0.0,0.0
27.085,-0.6125612258911133,-0.05891018360853195,3.565829277038574,-0.4507976770401001,-0.4402563273906708,0.0,0.0,-0.3854213356971741,0.0,0.0
27.098,-0.606398344039917,-0.030159253627061844,-1.5774250030517578,-0.4276207089424133,-0.4639661908149719,0.0,0.0,-0.37759977579116816,0.0,0.0
27.112,-0.626887619495392,-0.037213247269392014,0.5328051447868347,-0.4266203939914704,-0.4625577032566071,0.0,0.0,-0.37759977579116816,0.0,0.0
27.125,-0.6015531420707704,0.030979327857494358,-5.531752109527588,-0.41049978137016296,-0.5280622243881226,0.0,0.0,-0.3650464415550232,0.0,0.0
27.138,-0.5782210826873779,0.0731528252363205,1.2520015239715576,-0.3930127918720245,-0.5466008186340332,0.0,0.0,-0.3838991820812225,0.0,0.0
27.152,-0.6160037517547609,0.05212604999542236,1.5800446271896362,-0.431272566318512,-0.5671138763427734,0.0,0.0,-0.39612925052642817,0.0,0.0
27.165,-0.6508742570877075,-0.0060746148228645325,1.9844144582748413,-0.470873773097992,-0.5563067197799683,0.0,0.0,-0.38204699754714966,0.0,0.0
27.178,-0.6746959090232849,-0.040853410959243774,2.552720785140991,-0.5154201984405518,-0.5122342109680176,0.0,0.0,-0.3581795394420624,0.0,0.0
27.192,-0.6540852189064026,-0.03953317552804946,1.2044727802276611,-0.5163147449493408,-0.4595590829849243,0.0,0.0,-0.34758323431015015,0.0,0.0
27.205,-0.6274596452713013,-0.054596960544586175,-0.4552189111709594,-0.467613160610199,-0.4124892950057984,0.0,0.0,-0.34344762563705444,0.0,0.0
27.218,-0.6455716490745544,-0.05762641131877899,-0.6268344521522522,-0.5205697417259216,-0.4097376465797424,0.0,0.0,-0.34344762563705444,0.0,0.0
27.232,-0.6446554064750672,-0.07941067218780516,2.786072969436645,-0.4840721786022186,-0.3797104358673096,0.0,0.0,-0.32147353887557983,0.0,0.0
27.245,-0.676221489906311,-0.151816725730896,10.305978775024414,-0.4994296729564666,-0.24070386588573456,0.0,0.0,-0.257707804441452,0.0,0.0
27.258,-0.6579474806785583,-0.1655113250017166,-0.986306369304657,-0.4471278786659241,-0.17120090126991272,0.0,0.0,-0.23972889780998233,0.0,0.0
27.272,-0.6862069368362427,-0.1588304489850998,0.10475590825080872,-0.4978732466697693,-0.16702017188072205,0.0,0.0,-0.23972889780998233,0.0,0.0
27.285,-0.6534742116928101,-0.12387306243181229,1.8283791542053225,-0.4594052135944367,-0.08605800569057465,0.0,0.0,-0.19156861305236816,0.0,0.0
27.298,-0.6273254752159119,-0.12708261609077454,0.9829983115196227,-0.44254916906356806,-0.06758406013250351,0.0,0.0,-0.166279599070549,0.0,0.0
27.312,-0.6322531700134277,-0.1178739294409752,0.8566483855247498,-0.4877652823925018,-0.0490734688937664,0.0,0.0,-0.1486251801252365,0.0,0.0
27.325,-0.6447690129280089,-0.1387152224779129,4.4492387771606445,-0.4786996245384216,-0.056822534650564194,0.0,0.0,-0.130995973944664,0.0,0.0
27.338,-0.6497789621353148,-0.10409319400787354,1.0100662708282473,-0.4961697459220886,-0.07842130959033966,0.0,0.0,-0.11000837385654448,0.0,0.0
27.352,-0.6669092774391174,-0.058415580540895455,0.7500171661376953,-0.5482029318809509,-0.07652614265680313,0.0,0.0,-0.09710279852151871,0.0,0.0
27.365,-0.6836712956428528,-0.02609473466873169,-2.0257985591888428,-0.60434889793396,-0.029570084065198895,0.0,0.0,-0.09569452702999116,0.0,0.0
27.378,-0.6631301641464233,-0.0201522596180439,-2.389811754226685,-0.5934615731239319,0.03540574386715889,0.0,0.0,-0.09754759818315506,0.0,0.0
27.392,-0.6400309801101685,-0.03193867951631546,1.2824406623840332,-0.5588287711143494,0.05523894727230072,0.0,0.0,-0.0958869606256485,0.0,0.0
27.405,-0.6297991275787354,-0.04320469871163368,4.119016170501709,-0.5282070636749268,-0.01686643809080124,0.0,0.0,-0.09188741445541379,0.0,0.0
27.418,-0.6462600827217102,-0.044700540602207184,4.56102466583252,-0.5168455839157104,-0.04669278860092163,0.0,0.0,-0.09060908854007721,0.0,0.0
27.432,-0.680652379989624,-0.037071578204631805,1.4566813707351685,-0.5395911335945129,-0.079840287566185,0.0,0.0,-0.08469160646200179,0.0,0.0
27.445,-0.7047291398048401,-0.023809118196368217,-0.31858524680137634,-0.5697996020317078,-0.005906110629439354,0.0,0.0,-0.038451798260211945,0.0,0.0
27.458,-0.7215612530708314,-0.04835044592618942,4.688225269317627,-0.6151127219200134,0.08652653545141219,0.0,0.0,-0.023404356092214584,0.0,0.0
27.472,-0.7387133240699768,-0.04880942404270172,-1.6657267808914185,-0.6610240936279297,0.09009982645511629,0.0,0.0,-0.023404356092214584,0.0,0.0
27.485,-0.7085695862770081,-0.04934915155172348,10.105945587158203,-0.6281660199165344,0.1295449137687683,0.0,0.0,-0.03473325073719025,0.0,0.0
27.498,-0.6837103366851808,-0.055624574422836304,-3.988925218582153,-0.5984381437301636,0.05818544700741768,0.0,0.0,-0.03778804838657379,0.0,0.0
27.512,-0.6599054932594299,-0.057283587753772736,0.1789681613445282,-0.5795140862464905,0.02502385713160038,0.0,0.0,-0.03778804838657379,0.0,0.0
27.525,-0.668785035610199,0.009625788778066637,-7.945436000823975,-0.5998237133026123,-0.03598786145448685,0.0,0.0,-0.027468888089060783,0.0,0.0
27.539,-0.6903060674667358,0.058284055441617966,2.318539619445801,-0.6541450023651123,-0.046451181173324585,0.0,0.0,-0.02140389382839203,0.0,0.0
27.552,-0.7116078734397888,0.07421232014894485,4.222191333770752,-0.6585304737091064,-0.026875080540776253,0.0,0.0,-0.01207178831100464,0.0,0.0
27.565,-0.7229097485542297,0.06618502736091614,4.237292289733888,-0.6561551690101624,0.002834990620613098,0.0,0.0,-0.0014980207197368145,0.0,0.0
27.578,-0.691649317741394,0.05671374499797821,1.8167065382003784,-0.6142095327377319,0.029198428615927696,0.0,0.0,0.0023150797933340077,0.0,0.0
27.592,-0.667578399181366,0.044059522449970245,-0.6946409940719604,-0.5624239444732666,0.057802829891443246,0.0,0.0,-0.000553124351426959,0.0,0.0
27.605,-0.6687467694282532,0.021339356899261475,-1.2413506507873535,-0.5682122111320496,0.07974643260240553,0.0,0.0,0.0017085119616240263,0.0,0.0
27.618,-0.699031412601471,0.015182994306087494,-0.5712468028068544,-0.5983845591545105,0.08338318020105363,0.0,0.0,0.0041610286571085444,0.0,0.0
27.632,-0.6816792488098145,0.023985400795936584,1.3039411306381226,-0.5721213221549988,0.07762330770492554,0.0,0.0,-0.001299545168876648,0.0,0.0
27.645,-0.7078248262405396,0.04277975112199783,6.052592277526856,-0.6161296963691713,0.09912260621786115,0.0,0.0,0.023560069501399997,0.0,0.0
27.659,-0.730962872505188,0.04613400250673294,-2.4837262630462646,-0.6597642302513123,0.10107199102640152,0.0,0.0,0.023560069501399997,0.0,0.0
27.672,-0.7504356503486633,0.0612824410200119,6.531091690063477,-0.6941972970962524,0.17122115194797516,0.0,0.0,0.06134642288088799,0.0,0.0
27.685,-0.7121834754943848,0.10119935870170592,9.993891716003418,-0.6571090221405029,0.2712578773498535,0.0,0.0,0.10751166194677352,0.0,0.0
27.698,-0.6784306168556212,0.08421370387077332,2.1484265327453613,-0.6220264434814453,0.2753411531448364,0.0,0.0,0.11857540160417555,0.0,0.0
27.712,-0.6488385200500488,0.0744563639163971,-1.231829047203064,-0.5875012278556824,0.27157092094421387,0.0,0.0,0.11857540160417555,0.0,0.0
27.725,-0.6230317354202272,0.08287256956100464,9.135656356811523,-0.5475775003433228,0.2655921280384064,0.0,0.0,0.15532955527305603,0.0,0.0
27.739,-0.5986158847808838,0.09532059729099272,-1.2648996114730835,-0.5068507194519043,0.24035009741783145,0.0,0.0,0.159116730093956,0.0,0.0
27.752,-0.5945388078689575,0.12416987866163254,-1.8913316726684568,-0.5015309453010559,0.19344098865985873,0.0,0.0,0.15211568772792816,0.0,0.0
27.765,-0.6281185150146484,0.16118714213371277,-3.1999614238739014,-0.5298973917961121,0.16247177124023438,0.0,0.0,0.14261722564697266,0.0,0.0
27.778,-0.6622453331947327,0.19327497482299805,-0.878452479839325,-0.5585062503814697,0.160679429769516,0.0,0.0,0.13765743374824524,0.0,0.0
27.792,-0.6807676553726196,0.21886712312698364,1.188504695892334,-0.563075602054596,0.1649337112903595,0.0,0.0,0.135847270488739,0.0,0.0
27.805,-0.6416006088256836,0.22510591149330136,0.9112749099731443,-0.5552520751953125,0.09763003140687943,0.0,0.0,0.1047125607728958,0.0,0.0
27.818,-0.6019537448883057,0.22826743125915527,3.016836881637573,-0.5485113859176636,0.09545585513114928,0.0,0.0,0.1047125607728958,0.0,0.0
27.832,-0.6186979413032532,0.23480843007564545,-3.0746686458587646,-0.569880485534668,0.04698408767580985,0.0,0.0,0.07945723831653595,0.0,0.0
27.845,-0.6504272818565369,0.22683604061603543,-4.769235610961913,-0.5823439359664917,-0.011817865073680878,0.0,0.0,0.0648871436715126,0.0,0.0
27.858,-0.6660925149917603,0.23783880472183228,1.985751032829285,-0.5671759843826294,-0.0019659921526908875,0.0,0.0,0.07633589208126067,0.0,0.0
27.872,-0.6786285638809204,0.2076207399368286,-1.4743834733963013,-0.5550081133842468,-0.0006333589553833008,0.0,0.0,0.07633589208126067,0.0,0.0
27.885,-0.6432825326919556,0.15203499794006348,0.8966959714889526,-0.5340834259986876,0.026451861485838887,0.0,0.0,0.0457601472735405,0.0,0.0
27.898,-0.6338345408439636,0.13025164604187012,-1.442249417304993,-0.5263649821281433,0.008329208940267563,0.0,0.0,0.02250855043530464,0.0,0.0
27.912,-0.6057963371276855,0.10207363963127136,-0.5976900458335876,-0.482323944568634,-0.02358364872634411,0.0,0.0,0.01183242816478014,0.0,0.0
27.925,-0.5782495141029358,0.12412881106138228,1.5347219705581665,-0.4406417608261109,-0.05438666790723801,0.0,0.0,0.003914433531463145,0.0,0.0
27.938,-0.5596531033515929,0.09414607286453248,-1.165912628173828,-0.41471630334854126,-0.07213720679283142,0.0,0.0,-0.0011440122034400702,0.0,0.0
27.952,-0.5918877124786377,0.04710777103900909,-1.8373433351516724,-0.4375637173652649,-0.047202020883560174,0.0,0.0,0.008218579925596714,0.0,0.0
27.965,-0.6084489822387695,0.01687271147966385,0.22589340806007385,-0.4517018795013428,0.011696886271238329,0.0,0.0,0.032772257924079895,0.0,0.0
27.978,-0.5725504755973816,0.013280875980854034,2.151801109313965,-0.4186698496341705,0.06939401477575302,0.0,0.0,0.05825905129313469,0.0,0.0
27.992,-0.5346992611885071,0.016232311725616455,3.438241958618164,-0.3950783908367157,0.10891560465097427,0.0,0.0,0.07325551658868788,0.0,0.0
28.005,-0.5551009774208069,0.01369640976190567,3.309556484222412,-0.4354502260684967,0.1203831285238266,0.0,0.0,0.09299395978450777,0.0,0.0
28.019,-0.5437299013137817,-0.008519202470779419,0.27628540992736816,-0.3952509760856629,0.11738894879817964,0.0,0.0,0.09299395978450777,0.0,0.0
28.032,-0.5771257281303406,-0.03861182183027268,-0.5171444416046144,-0.42076614499092096,0.12998425960540771,0.0,0.0,0.10907100141048431,0.0,0.0
28.045,-0.5497646331787108,-0.06942077726125717,-1.799271583557129,-0.37478616833686823,0.14985249936580658,0.0,0.0,0.12578776478767395,0.0,0.0
28.059,-0.5708539485931396,-0.06353522837162018,0.4215896129608154,-0.4198736250400543,0.16749505698680878,0.0,0.0,0.1307605504989624,0.0,0.0
28.072,-0.5815683007240297,-0.0546143501996994,-2.1639480590820312,-0.45718914270401,0.17150667309761047,0.0,0.0,0.1307605504989624,0.0,0.0
28.085,-0.5597658157348633,-0.10208872705698012,3.6425156593322754,-0.44027701020240784,0.2462012767791748,0.0,0.0,0.170667827129364,0.0,0.0
28.098,-0.519148051738739,-0.14530843496322632,1.8114086389541624,-0.4023826122283936,0.2690219283103943,0.0,0.0,0.18033212423324585,0.0,0.0
28.112,-0.48244085907936096,-0.1602816879749298,-0.6558235287666321,-0.37286296486854553,0.2642739415168762,0.0,0.0,0.17847245931625366,0.0,0.0
28.125,-0.5169721245765686,-0.1605825424194336,-0.9896993637084962,-0.40991535782814026,0.288460910320282,0.0,0.0,0.18065544962883,0.0,0.0
28.138,-0.5515647530555725,-0.12087355554103851,-2.183997631072998,-0.451134979724884,0.30457967519760126,0.0,0.0,0.18702870607376096,0.0,0.0
28.152,-0.5299649834632874,-0.09214429557323456,-0.78920978307724,-0.41626670956611633,0.2986082434654236,0.0,0.0,0.18363517522811887,0.0,0.0
28.165,-0.5369091033935547,-0.0744461342692375,1.191866397857666,-0.4658978283405304,0.2899259626865387,0.0,0.0,0.17526540160179138,0.0,0.0
28.178,-0.5427936911582947,-0.09476619213819504,3.7747979164123535,-0.47086542844772333,0.29941412806510925,0.0,0.0,0.18677516281604767,0.0,0.0
28.192,-0.507723331451416,-0.15418846905231476,5.970799446105957,-0.4195408821105957,0.3244219422340393,0.0,0.0,0.21579831838607788,0.0,0.0
28.205,-0.4773172736167908,-0.2018975019454956,1.849196434020996,-0.3839642405509949,0.35535797476768494,0.0,0.0,0.21930292248725888,0.0,0.0
28.218,-0.4393811225891113,-0.2014418840408325,-1.998589873313904,-0.3526177406311035,0.33767834305763245,0.0,0.0,0.21930292248725888,0.0,0.0
28.232,-0.4691097438335418,-0.12584388256072998,-4.359101295471192,-0.39738884568214417,0.3138806521892548,0.0,0.0,0.19992822408676147,0.0,0.0
28.245,-0.4839392602443695,-0.033575624227523804,-4.731425762176514,-0.4041865468025208,0.30898767709732056,0.0,0.0,0.20023968815803528,0.0,0.0
28.258,-0.5136981010437012,-0.02479427307844162,1.3411134481430054,-0.4183622300624848,0.3156406283378601,0.0,0.0,0.2162504941225052,0.0,0.0
28.272,-0.4787239730358124,-0.028813883662223816,5.305973529815674,-0.377188116312027,0.34803682565689087,0.0,0.0,0.2162504941225052,0.0,0.0
28.285,-0.4450604021549225,-0.07228509336709976,7.112215518951416,-0.35868072509765625,0.376329243183136,0.0,0.0,0.2384830266237259,0.0,0.0
28.298,-0.4247948229312897,-0.06768471747636795,-3.6812715530395512,-0.29954865574836725,0.38254469633102417,0.0,0.0,0.2514612674713135,0.0,0.0
28.312,-0.4435814619064331,-0.06160785257816315,0.49383044242858887,-0.3476566672325134,0.39457905292510986,0.0,0.0,0.25667303800582886,0.0,0.0
28.325,-0.4507125616073608,0.05796494334936143,-1.697230339050293,-0.36448010802268976,0.4046289920806885,0.0,0.0,0.25648412108421326,0.0,0.0
28.338,-0.46847435832023615,0.08026948571205139,1.8116712570190432,-0.3843006193637848,0.4160448908805847,0.0,0.0,0.26624941825866694,0.0,0.0
28.352,-0.4735667109489441,0.04235278815031052,3.2847068309783936,-0.3817449808120728,0.45714089274406433,0.0,0.0,0.29411232471466064,0.0,0.0
28.365,-0.4314369857311249,-0.008167773485183716,4.34332799911499,-0.32822057604789734,0.5092610120773315,0.0,0.0,0.3212239146232605,0.0,0.0
28.378,-0.3869211971759796,-0.017829135060310364,1.554456353187561,-0.30158215761184687,0.5287835597991944,0.0,0.0,0.3238874673843384,0.0,0.0
28.392,-0.3772563636302948,0.016290243715047836,-2.1323695182800293,-0.31850072741508484,0.49783360958099365,0.0,0.0,0.30887219309806824,0.0,0.0
28.405,-0.41158875823020935,0.06638628244400024,-2.5668604373931885,-0.35796201229095453,0.4463566541671753,0.0,0.0,0.29162925481796265,0.0,0.0
28.418,-0.4464696347713471,0.09768895059823988,-3.255173444747925,-0.3986826241016388,0.4481503367424011,0.0,0.0,0.29162925481796265,0.0,0.0
28.432,-0.4184055626392365,0.0994485169649124,-2.4241602420806885,-0.3548188805580139,0.44073244929313665,0.0,0.0,0.2749745845794678,0.0,0.0
28.445,-0.4158170521259308,0.06801530718803406,-5.781961917877196,-0.3662145733833313,0.37193691730499273,0.0,0.0,0.2478354573249817,0.0,0.0
28.458,-0.4166609346866608,0.07062339782714844,2.4902901649475098,-0.36374905705451965,0.3608705997467041,0.0,0.0,0.2518764138221741,0.0,0.0
28.472,-0.41591709852218633,0.016818154603242874,-1.90888786315918,-0.3717397153377533,0.3675334751605988,0.0,0.0,0.2518764138221741,0.0,0.0
28.485,-0.3831843435764313,-0.020615722984075543,-2.2380709648132324,-0.3384595215320587,0.3429137170314789,0.0,0.0,0.23396669328212735,0.0,0.0
28.498,-0.3819208741188049,-0.02038794755935669,-3.2716870307922363,-0.3619627356529236,0.3007630705833435,0.0,0.0,0.22112083435058597,0.0,0.0
28.512,-0.37835970520973206,-0.019969407469034195,1.4269888401031494,-0.3373444080352783,0.27532511949539185,0.0,0.0,0.22112083435058597,0.0,0.0
28.525,-0.3927098214626312,-0.048953749239444726,-8.801541328430176,-0.3463555872440338,0.2350066304206848,0.0,0.0,0.1967638731002808,0.0,0.0
28.538,-0.37388718128204346,-0.05161821842193604,-1.0183039903640747,-0.34248027205467224,0.1960895657539368,0.0,0.0,0.15926000475883484,0.0,0.0
28.552,-0.40922924876213074,-0.05408686026930809,-3.692470788955689,-0.36895045638084406,0.14944988489151,0.0,0.0,0.1263321489095688,0.0,0.0
28.565,-0.4209478497505188,-0.08436084538698195,-3.135229587554932,-0.39365628361701965,0.1126505732536316,0.0,0.0,0.11323633044958116,0.0,0.0
28.578,-0.4440784454345703,-0.10354334861040115,-3.0933804512023926,-0.40894797444343567,0.08781993389129639,0.0,0.0,0.10252203047275545,0.0,0.0
28.592,-0.4049380123615265,-0.1174967885017395,-2.4533159732818604,-0.36830714344978327,0.0606343150138855,0.0,0.0,0.07746986299753189,0.0,0.0
28.605,-0.3645638823509216,-0.14612005650997162,-0.7877837419509887,-0.32677847146987915,0.04197616130113602,0.0,0.0,0.05035313963890076,0.0,0.0
28.618,-0.37771898508071894,-0.19848422706127167,1.9965971708297727,-0.36872741580009455,0.06128145009279251,0.0,0.0,0.041910558938980096,0.0,0.0
28.632,-0.3939700722694397,-0.2670404314994812,2.654713630676269,-0.3807497024536133,0.1108391135931015,0.0,0.0,0.05638483539223671,0.0,0.0
28.645,-0.36893767118453974,-0.3460492789745331,0.8606448769569397,-0.34857261180877686,0.18263687193393707,0.0,0.0,0.09430384635925293,0.0,0.0
28.659,-0.3387722373008728,-0.35180333256721497,-1.289826273918152,-0.325059711933136,0.1803949922323227,0.0,0.0,0.09430384635925293,0.0,0.0
28.672,-0.3428746163845062,-0.3435004949569702,3.1099295616149902,-0.326595425605774,0.1939261853694916,0.0,0.0,0.11222898960113524,0.0,0.0
28.685,-0.3740834295749664,-0.34031593799591064,9.277363777160643,-0.36491313576698303,0.23109473288059235,0.0,0.0,0.13847059011459353,0.0,0.0
28.698,-0.36442685127258306,-0.3389083445072174,-1.522382736206055,-0.35871341824531555,0.22144514322280884,0.0,0.0,0.13004788756370544,0.0,0.0
28.712,-0.399482935667038,-0.3291281461715698,-0.3240041434764862,-0.37582719326019287,0.2246113866567612,0.0,0.0,0.13004788756370544,0.0,0.0
28.725,-0.3785800039768219,-0.31070801615715027,-4.9000115394592285,-0.33409368991851807,0.10845397412776948,0.0,0.0,0.0809371843934059,0.0,0.0
28.738,-0.3562450408935547,-0.282433956861496,-1.3503100872039795,-0.3010749816894531,0.038615021854639046,0.0,0.0,0.06599579751491547,0.0,0.0
28.752,-0.3556888401508332,-0.2482217252254486,-0.9719218611717224,-0.3176334798336029,0.0051161982119083405,0.0,0.0,0.06198466196656227,0.0,0.0
28.765,-0.32666677236557007,-0.23359203338623047,-0.016141310334205627,-0.2699170708656311,-0.003945596516132355,0.0,0.0,0.06085767596960068,0.0,0.0
28.778,-0.2875062227249145,-0.22809571027755737,1.5387061834335327,-0.2715834975242615,-0.0006262063980102539,0.0,0.0,0.06178056448698044,0.0,0.0
28.792,-0.29889777302742004,-0.2020033895969391,3.284441947937012,-0.27089115977287287,0.018644113093614575,0.0,0.0,0.07019072026014328,0.0,0.0
28.805,-0.31786304712295527,-0.17512530088424683,3.436405897140503,-0.28402647376060486,0.08585263788700102,0.0,0.0,0.08540612459182739,0.0,0.0
28.818,-0.28531387448310846,-0.18063749372959137,1.8486554622650144,-0.2488047033548355,0.11259691417217256,0.0,0.0,0.1001877784729004,0.0,0.0
28.832,-0.2967894375324249,-0.18080273270606995,1.434952735900879,-0.2820890843868256,0.15733368694782257,0.0,0.0,0.11742890626192092,0.0,0.0
28.845,-0.2542704641819,-0.24400247633457184,6.8348002433776855,-0.22665593028068545,0.2703511118888855,0.0,0.0,0.16820383071899414,0.0,0.0
28.858,-0.2721436619758606,-0.240211084485054,-2.5805108547210693,-0.2245720475912094,0.27082863450050354,0.0,0.0,0.16820383071899414,0.0,0.0
28.872,-0.2447742968797684,-0.2578602731227875,6.820982456207275,-0.1923075169324875,0.34820789098739624,0.0,0.0,0.19391760230064392,0.0,0.0
28.885,-0.24560317397117612,-0.24527566134929657,10.473248481750488,-0.18927821516990664,0.4733135402202606,0.0,0.0,0.2481137812137604,0.0,0.0
28.899,-0.23789830505847928,-0.2502475380897522,0.9909465909004211,-0.15122976899147034,0.5258972644805908,0.0,0.0,0.279671847820282,0.0,0.0
28.912,-0.27236583828926086,-0.23353110253810885,-1.00841224193573,-0.19360631704330444,0.5237213969230652,0.0,0.0,0.279671847820282,0.0,0.0
28.925,-0.22898787260055545,-0.25484591722488403,5.345707416534424,-0.13737742602825165,0.6407594680786133,0.0,0.0,0.347474068403244,0.0,0.0
28.938,-0.21044182777404785,-0.25567209720611567,0.7226653099060057,-0.08188050985336302,0.7090129852294922,0.0,0.0,0.3781719505786896,0.0,0.0
28.952,-0.21474024653434756,-0.2532234787940979,2.5851755142211914,-0.09989076107740402,0.7951374650001526,0.0,0.0,0.41437202692031855,0.0,0.0
28.965,-0.1885915249586105,-0.27983856201171875,2.5285563468933105,-0.061180852353572845,0.8819044828414917,0.0,0.0,0.45907187461853033,0.0,0.0
28.978,-0.18798133730888367,-0.3091620206832886,3.5766496658325195,-0.049133457243442535,0.9736286401748656,0.0,0.0,0.5020671486854553,0.0,0.0
28.992,-0.1559637188911438,-0.33486396074295044,2.336512565612793,-0.03467988595366478,1.0378390550613403,0.0,0.0,0.5343741774559021,0.0,0.0
29.005,-0.16104231774806976,-0.34801068902015686,3.143392324447632,-0.03333412483334541,1.1547311544418335,0.0,0.0,0.5662349462509155,0.0,0.0
29.018,-0.11379688233137132,-0.43198901414871216,2.70206618309021,-0.025167798623442646,1.215611696243286,0.0,0.0,0.5560922026634216,0.0,0.0
29.032,-0.06209380924701691,-0.558464288711548,-1.5010446310043335,0.007186884991824626,1.3355631828308103,0.0,0.0,0.5028429627418518,0.0,0.0
29.045,-0.07483895868062973,-0.72133469581604,-26.29912567138672,-0.030746715143322945,1.3240916728973389,0.0,0.0,0.31701695919036865,0.0,0.0
29.058,-0.08518178015947342,-0.7206273078918458,9.109746932983398,-0.043857548385858536,1.2420639991760254,0.0,0.0,0.23998042941093445,0.0,0.0
29.072,-0.07097472995519638,-0.634653627872467,-20.49482536315918,-0.007379850838333368,1.1119880676269531,0.0,0.0,0.23998042941093445,0.0,0.0
29.085,-0.11354085057973862,-0.5740901231765747,-2.334335327148437,-0.04912157356739044,1.0435563325881958,0.0,0.0,0.27009695768356323,0.0,0.0
29.098,-0.15594026446342468,-0.6354236602783203,9.839545249938963,-0.0991341471672058,1.1123907566070557,0.0,0.0,0.2527434825897217,0.0,0.0
29.112,-0.1989223212003708,-0.7251992225646973,6.955105304718018,-0.14661633968353271,1.212975025177002,0.0,0.0,0.26628527045249933,0.0,0.0
29.125,-0.20861770212650296,-0.957982897758484,16.261537551879883,-0.196881115436554,1.3808951377868652,0.0,0.0,0.2898329198360443,0.0,0.0
29.139,-0.20267073810100555,-1.0312175750732422,9.285954475402832,-0.206435427069664,1.5068917274475098,0.0,0.0,0.29184722900390625,0.0,0.0
29.152,-0.16624440252780914,-1.0189082622528076,0.625629723072052,-0.17808261513710022,1.4979331493377686,0.0,0.0,0.27116549015045166,0.0,0.0
29.165,-0.1289687305688858,-1.0231263637542725,-3.121984004974365,-0.12956593930721283,1.4489784240722656,0.0,0.0,0.25839269161224365,0.0,0.0
29.178,-0.10167892277240752,-1.0681641101837158,-2.431333065032959,-0.06574822217226028,1.433549165725708,0.0,0.0,0.2733069956302643,0.0,0.0
29.192,-0.0845220685005188,-1.124080777168274,0.8170455694198608,-0.017767826095223427,1.4227495193481443,0.0,0.0,0.29222908616065973,0.0,0.0
29.205,-0.05982239544391632,-1.1841886043548584,2.6739790439605717,0.044803030788898475,1.3679955005645752,0.0,0.0,0.1981472074985504,0.0,0.0
29.218,-0.03324071690440178,-1.1967425346374512,2.34537935256958,0.09941643476486206,1.3287076950073242,0.0,0.0,0.1981472074985504,0.0,0.0
29.232,-0.007671182509511709,-1.1903177499771118,-4.186203956604004,0.11073914915323256,1.2282638549804688,0.0,0.0,0.14330945909023285,0.0,0.0
29.245,-0.02408476173877716,-1.10321044921875,-5.215278148651123,0.12541936337947843,0.9877206087112426,0.0,0.0,0.16264808177947998,0.0,0.0
29.258,-0.04685720428824425,-1.0942740440368652,2.289853096008301,0.1354814171791077,0.9761734008789062,0.0,0.0,0.16264808177947998,0.0,0.0
29.272,-0.04183311015367508,-1.0840785503387451,1.02326500415802,0.16449519991874695,0.9816362857818605,0.0,0.0,0.18796552717685697,0.0,0.0
29.285,-0.04370494186878204,-1.0314319133758545,0.298038125038147,0.11543384194374084,0.9967653751373293,0.0,0.0,0.19896797835826877,0.0,0.0
29.298,-0.04669306427240372,-1.0021122694015503,1.7795473337173462,0.06637370586395264,0.9710751771926882,0.0,0.0,0.2063479125499725,0.0,0.0
29.312,-0.04922867938876152,-1.0029085874557495,-0.24043098092079165,0.07339956611394882,0.9606006145477296,0.0,0.0,0.21924808621406555,0.0,0.0
29.325,0.005635560024529696,-0.9537727832794188,-4.250831604003905,0.1290259212255478,0.8631311655044556,0.0,0.0,0.23021668195724487,0.0,0.0
29.339,0.059498224407434464,-0.9413809180259703,-3.684566020965576,0.17950794100761414,0.7802197337150573,0.0,0.0,0.2353135645389557,0.0,0.0
29.352,0.10538843274116516,-0.9449785351753235,-2.565490484237671,0.21301940083503723,0.7270190715789795,0.0,0.0,0.24505563080310824,0.0,0.0
29.365,0.102260522544384,-0.9387844800949096,-0.7116727232933044,0.17338775098323822,0.7393958568572998,0.0,0.0,0.2559756934642792,0.0,0.0
29.379,0.09188480675220488,-0.9594039916992189,-2.8222761154174805,0.1486595720052719,0.7307173013687133,0.0,0.0,0.2633304297924042,0.0,0.0
29.392,0.12508158385753632,-0.90006422996521,-2.227896451950073,0.20857083797454837,0.683845043182373,0.0,0.0,0.27485814690589905,0.0,0.0
29.406,0.1463056653738022,-0.6867067813873291,-1.5275180339813232,0.2583656311035156,0.7192599773406982,0.0,0.0,0.3508608937263489,0.0,0.0
29.419,0.1615862101316452,-0.6036632061004639,-0.1879066228866577,0.31049537658691406,0.7135134935379028,0.0,0.0,0.3508608937263489,0.0,0.0
29.432,0.17373718321323395,-0.6610396504402161,-5.169917583465576,0.3626653254032135,0.6591482758522034,0.0,0.0,0.4039042890071869,0.0,0.0
29.445,0.15704211592674255,-0.526087760925293,-12.28477382659912,0.3390929698944092,0.4169168472290039,0.0,0.0,0.43716591596603394,0.0,0.0
29.459,0.13637955486774445,-0.5189220905303955,5.453985691070557,0.31383460760116577,0.42070826888084406,0.0,0.0,0.4166885018348694,0.0,0.0
29.472,0.12502701580524445,-0.3997438848018646,-6.648632526397705,0.2703430652618408,0.4065454602241516,0.0,0.0,0.4166885018348694,0.0,0.0
29.485,0.1210673525929451,-0.3373457789421081,7.619994640350343,0.26100364327430725,0.473235696554184,0.0,0.0,0.36437475681304926,0.0,0.0
29.499,0.16461588442325592,-0.3907831311225891,1.7393633127212524,0.2967745065689087,0.38115307688713074,0.0,0.0,0.34778302907943726,0.0,0.0
29.512,0.16522318124771118,-0.39151772856712336,-1.1093928813934326,0.26126039028167725,0.1993869990110397,0.0,0.0,0.31726336479187006,0.0,0.0
29.526,0.20886097848415372,-0.36950457096099854,-13.044721603393556,0.27473911643028254,0.15313851833343506,0.0,0.0,0.2962881624698639,0.0,0.0
29.539,0.24242149293422696,-0.3384689688682556,-2.891434669494629,0.3168811798095703,0.30850934982299805,0.0,0.0,0.2985386848449707,0.0,0.0
29.552,0.2529059052467346,-0.3021213412284851,-2.312820672988892,0.3612544238567352,0.40156692266464233,0.0,0.0,0.304177463054657,0.0,0.0
29.565,0.2647814154624939,-0.2619759142398834,-4.787164211273193,0.36906856298446655,0.39157384634017933,0.0,0.0,0.29919683933258057,0.0,0.0
29.579,0.22937843203544617,-0.22348821163177487,-3.3662147521972656,0.35369458794593805,0.3734946846961975,0.0,0.0,0.2930627763271332,0.0,0.0
29.592,0.1983203291893005,-0.20378100872039795,1.9023332595825195,0.36412727832794184,0.3441530466079712,0.0,0.0,0.29095956683158875,0.0,0.0
29.606,0.2171734124422073,-0.20065090060234073,3.46345591545105,0.3658067286014557,0.2856150269508362,0.0,0.0,0.2949034869670868,0.0,0.0
29.619,0.2511918544769287,-0.19918812811374664,-0.8818298578262329,0.40476855635643005,0.27358198165893555,0.0,0.0,0.2949034869670868,0.0,0.0
29.632,0.25198498368263245,-0.1793074607849121,-4.903634548187256,0.38236615061759943,0.2369918525218964,0.0,0.0,0.28828716278076166,0.0,0.0
29.645,0.24540080130100247,-0.2506386339664459,5.296834945678711,0.3440726101398468,0.2379721403121948,0.0,0.0,0.2745351195335388,0.0,0.0
29.659,0.2391432821750641,-0.24983492493629456,-1.2474987506866455,0.3059208989143372,0.29417046904563904,0.0,0.0,0.2776067554950714,0.0,0.0
29.672,0.23564977943897247,-0.2956027090549469,8.258237838745117,0.2924942672252655,0.30986571311950684,0.0,0.0,0.2776067554950714,0.0,0.0
29.686,0.2511959671974182,-0.2707464098930359,-5.0232834815979,0.34629297256469727,0.41223686933517456,0.0,0.0,0.29398825764656067,0.0,0.0
29.699,0.26137325167655945,-0.27894294261932373,0.5392503142356873,0.3753688931465149,0.3959882259368897,0.0,0.0,0.3082085847854614,0.0,0.0
29.712,0.2711974084377289,-0.2801524102687836,0.043717771768569946,0.4088816344738007,0.35310474038124084,0.0,0.0,0.3082085847854614,0.0,0.0
29.726,0.29270774126052856,-0.18903607130050656,-9.074131965637209,0.4165623486042023,0.25363150238990784,0.0,0.0,0.3168741464614868,0.0,0.0
29.739,0.27667421102523804,-0.10985194891691208,-6.879552841186523,0.4129515886306762,0.2228945195674896,0.0,0.0,0.31907427310943604,0.0,0.0
29.752,0.28208950161933893,-0.0458960235118866,-3.101335287094116,0.3708537220954895,0.20415541529655457,0.0,0.0,0.31853336095809937,0.0,0.0
29.765,0.2584461867809296,-0.026667922735214237,4.071399688720703,0.37139436602592474,0.17015260457992554,0.0,0.0,0.3140811324119568,0.0,0.0
29.779,0.23470012843608856,-0.08436151593923567,10.57309341430664,0.34703785181045527,0.17286820709705353,0.0,0.0,0.31301888823509216,0.0,0.0
29.792,0.2507906556129456,-0.14603367447853088,5.793139934539794,0.381643146276474,0.16961389780044556,0.0,0.0,0.31931811571121216,0.0,0.0
29.806,0.261437863111496,-0.15348276495933533,-2.312908411026001,0.38772615790367126,0.1627093106508255,0.0,0.0,0.33146795630455017,0.0,0.0
29.819,0.25678402185440063,-0.15643659234046936,-2.550302267074585,0.40372210741043085,0.16043061017990112,0.0,0.0,0.34034186601638794,0.0,0.0
29.832,0.27159184217453003,-0.15646211802959442,-3.6190922260284415,0.3855982422828674,0.11939504742622375,0.0,0.0,0.3380105495452881,0.0,0.0
29.845,0.2896871566772461,-0.06418441981077194,-7.740026950836181,0.3574045300483704,-0.38108229637146,0.0,0.0,0.334705114364624,0.0,0.0
29.859,0.29834815859794617,-0.06448144465684891,2.762256145477295,0.36903873085975647,-0.7049224376678467,0.0,0.0,0.334705114364624,0.0,0.0
29.872,0.3060285449028015,-0.017415516078472137,-2.066474437713623,0.4045771658420562,-0.698749840259552,0.0,0.0,0.33114707469940186,0.0,0.0
29.886,0.276480495929718,-0.12623013556003573,10.370132446289062,0.4092991352081298,0.16237136721611023,0.0,0.0,0.32670214772224426,0.0,0.0
29.899,0.25745341181755066,-0.10793043673038484,-0.21592900156974792,0.38322484493255615,0.297836035490036,0.0,0.0,0.3187440037727356,0.0,0.0
29.912,0.24156872928142548,-0.10468824207782744,-1.6154017448425293,0.3561460077762604,0.22890786826610565,0.0,0.0,0.3187440037727356,0.0,0.0
29.926,0.2778940498828888,0.04437652230262756,-10.921304702758787,0.4027839601039887,0.19138148427009585,0.0,0.0,0.29718533158302307,0.0,0.0
29.939,0.3229005038738251,0.04920572042465209,0.44445654749870306,0.42604517936706543,0.1891365945339203,0.0,0.0,0.28295573592185974,0.0,0.0
29.952,0.3473941385746002,0.0024878457188606262,-0.010828301310539246,0.4577489197254181,0.19753825664520264,0.0,0.0,0.2670377492904663,0.0,0.0
29.966,0.3104100823402405,-0.02617276087403297,-2.736755132675171,0.4547775685787201,0.17438435554504397,0.0,0.0,0.24810247123241425,0.0,0.0
29.979,0.27195316553115845,-0.0039144158363342285,-2.157627582550049,0.4252425730228424,0.16416464745998385,0.0,0.0,0.22305679321289065,0.0,0.0
29.992,0.2799704968929291,0.030225887894630432,2.0837590694427486,0.4662497043609619,0.11834900081157684,0.0,0.0,0.2011554390192032,0.0,0.0
30.006,0.2877791225910187,0.04945318400859833,0.7252307534217833,0.47123837471008306,0.019708484411239624,0.0,0.0,0.19096273183822632,0.0,0.0
30.019,0.3123144209384918,0.04904310405254364,-5.263983726501465,0.47610875964164734,-0.019894413650035855,0.0,0.0,0.17883792519569397,0.0,0.0
30.032,0.3450271785259247,0.04807055369019509,-6.35792350769043,0.4966694712638855,-0.07138723134994507,0.0,0.0,0.1550540179014206,0.0,0.0
30.045,0.32275059819221497,0.08187002688646317,1.7874611616134644,0.47713381052017206,-0.11462272703647614,0.0,0.0,0.12503091990947723,0.0,0.0
30.059,0.30249977111816406,0.08502211421728134,-0.3961102962493897,0.4579831659793854,-0.09836359322071075,0.0,0.0,0.12503091990947723,0.0,0.0
30.072,0.29693654179573054,0.11652227491140366,1.1279269456863403,0.41159048676490784,-0.08361369371414185,0.0,0.0,0.11034317314624786,0.0,0.0
30.085,0.29183217883110046,0.09294730424880979,-1.0303431749343872,0.4068673551082611,-0.031141482293605804,0.0,0.0,0.07031159102916718,0.0,0.0
30.099,0.2832309603691101,0.05108065903186798,1.804154872894287,0.36332276463508606,-0.0365363135933876,0.0,0.0,0.05332860723137856,0.0,0.0
30.112,0.2773560881614685,0.05105522274971008,-0.4096716642379761,0.3600941598415375,-0.04291312769055367,0.0,0.0,0.05332860723137856,0.0,0.0
30.126,0.29307183623313904,0.05518724396824837,-7.71687936782837,0.35633209347724915,-0.06848835200071335,0.0,0.0,0.029626375064253807,0.0,0.0
30.139,0.3079330027103424,0.08381599932909012,-2.784558057785034,0.33946558833122253,-0.0634595975279808,0.0,0.0,0.011772442609071732,0.0,0.0
30.152,0.28071752190589905,0.09084294736385344,1.9481229782104488,0.34851396083831787,-0.04225194454193115,0.0,0.0,-0.004655573982745409,0.0,0.0
30.166,0.27762991189956665,0.07803253829479218,4.921597480773926,0.362844854593277,-0.0256802998483181,0.0,0.0,-0.01718752458691597,0.0,0.0
30.179,0.2782421112060547,0.07809393107891081,-0.29643940925598145,0.3814784288406372,-0.01706688478589058,0.0,0.0,-0.021153416484594345,0.0,0.0
30.192,0.3025035560131073,0.09720954298973085,-4.772284507751465,0.3950338661670685,-0.01962379366159439,0.0,0.0,-0.015913832932710648,0.0,0.0
30.206,0.27020376920700073,0.08668650686740875,0.7820276618003845,0.37035512924194336,-0.015575671568512917,0.0,0.0,-0.01928597129881382,0.0,0.0
30.219,0.22952917218208316,0.06694778800010681,4.511516094207764,0.3471033573150635,-0.0179655309766531,0.0,0.0,-0.01928597129881382,0.0,0.0
30.232,0.2620907127857208,0.059956520795822144,6.690481662750244,0.37468045949935913,0.005003940779715776,0.0,0.0,-0.023414079099893566,0.0,0.0
30.246,0.28192734718322754,0.04863350838422775,-2.6422052383422847,0.396729439496994,0.01003964152187109,0.0,0.0,-0.01676195114850998,0.0,0.0
30.259,0.30645260214805603,0.0483759306371212,-0.09297538548707962,0.4215310215950012,0.0031517893075942998,0.0,0.0,-0.01362053956836462,0.0,0.0
30.272,0.3261064887046814,0.03231089189648628,-1.291685938835144,0.4382380545139313,-0.009519854560494425,0.0,0.0,-0.01362053956836462,0.0,0.0
30.286,0.320992648601532,0.06969839334487915,3.031494140625,0.3977069854736328,-0.03242180496454239,0.0,0.0,-0.020257866010069847,0.0,0.0
30.299,0.31594234704971313,0.09312019497156145,-0.9629424214363098,0.39239475131034846,-0.026433479040861126,0.0,0.0,-0.020418871194124225,0.0,0.0
30.312,0.27833229303359985,0.09400069713592528,-0.29906994104385376,0.34702974557876587,-0.02388890460133553,0.0,0.0,-0.020418871194124225,0.0,0.0
30.326,0.2746238112449646,0.079116091132164,-1.2913304567337036,0.3359076976776123,0.00522950291633606,0.0,0.0,-0.016636334359645844,0.0,0.0
30.339,0.3111495077610016,0.08130081743001939,1.593521237373352,0.35411760210990906,0.03456823900341988,0.0,0.0,-0.013882547616958618,0.0,0.0
30.352,0.31834399700164795,0.0902272090315819,0.4032897353172302,0.39119526743888855,0.051675722002983086,0.0,0.0,-0.008045121096074581,0.0,0.0
30.366,0.326018363237381,0.07962997257709502,-0.9234809279441832,0.40253403782844543,0.05103115737438202,0.0,0.0,-0.001330458908341825,0.0,0.0
30.379,0.29424646496772766,0.05169901996850968,-1.3350317478179932,0.38956847786903376,0.048057835549116135,0.0,0.0,0.002596507780253887,0.0,0.0
30.392,0.263761043548584,0.03929443657398224,1.2071893215179443,0.3520849347114563,0.05331839621067047,0.0,0.0,0.0027755382470786567,0.0,0.0
30.406,0.26065513491630554,0.05569038167595863,2.423623561859131,0.370035707950592,0.0681910514831543,0.0,0.0,0.002087509026750922,0.0,0.0
30.419,0.2820737659931183,0.059986643493175514,0.6969144344329834,0.380797266960144,0.0813751369714737,0.0,0.0,0.0031348229385912414,0.0,0.0
30.432,0.3078262209892273,0.03211863338947296,-1.1443068981170654,0.42545711994171137,0.07835402339696883,0.0,0.0,0.004597005434334278,0.0,0.0
30.446,0.2790743112564087,-0.022010926157236096,-0.5120930671691896,0.38307648897171026,0.04624531790614128,0.0,0.0,0.0017132542561739683,0.0,0.0
30.459,0.27489572763443,-0.02195621281862259,0.19626463949680328,0.42004090547561646,0.04401898756623268,0.0,0.0,-0.005645009223371744,0.0,0.0
30.472,0.2656658589839936,-0.017959190532565117,0.8230315446853637,0.3812858462333679,0.04353421553969383,0.0,0.0,-0.005645009223371744,0.0,0.0
30.486,0.30244630575180054,0.07754948735237122,-8.370763778686523,0.4250129759311676,0.030870335176587105,0.0,0.0,-0.016766028478741646,0.0,0.0
30.499,0.3325822949409485,0.09807297587394713,0.14826203882694244,0.4109805226325989,0.0075328550301492206,0.0,0.0,-0.019791722297668457,0.0,0.0
30.512,0.3412402272224426,0.09885171055793762,0.8948315382003784,0.4269165098667145,-0.001812472939491272,0.0,0.0,-0.02054238878190517,0.0,0.0
30.526,0.30089607834815973,0.07632327824831009,0.5822650790214539,0.3780027329921722,-0.01327982172369957,0.0,0.0,-0.021307568997144696,0.0,0.0
30.539,0.2608855366706848,0.06775300949811935,-0.1751437783241272,0.3809617459774017,-0.004336580634117127,0.0,0.0,-0.02119335904717445,0.0,0.0
30.553,0.28569960594177246,0.055688802152872086,1.6609989404678345,0.3757880330085754,0.012087581679224968,0.0,0.0,-0.01633261889219284,0.0,0.0
30.566,0.2552179992198944,0.01865724101662636,3.6310667991638175,0.36649912595748896,0.03402607515454292,0.0,0.0,-0.008864171802997589,0.0,0.0
30.579,0.2676844596862793,-0.01644303649663925,3.070960283279419,0.3808382451534271,0.05727027356624603,0.0,0.0,-0.0018423387082293632,0.0,0.0
30.592,0.2925088107585907,-0.02394412271678448,-0.5027187466621399,0.4263818860054016,0.06990739703178406,0.0,0.0,0.005541875958442688,0.0,0.0
30.606,0.30212259292602534,-0.012132201343774796,-1.5319818258285522,0.4098392426967621,0.07204055786132812,0.0,0.0,0.01463873405009508,0.0,0.0
30.619,0.2981833219528198,-0.0018259575590491293,0.9486669898033142,0.4160466492176056,0.06947191804647446,0.0,0.0,0.024162720888853077,0.0,0.0
30.632,0.29268574714660645,0.004040403291583061,1.9927345514297483,0.3679066896438599,0.07524718344211577,0.0,0.0,0.03036727383732796,0.0,0.0
30.646,0.30000239610672,-0.012529544532299042,2.6500322818756104,0.4174766838550568,0.0835510417819023,0.0,0.0,0.029711600393056873,0.0,0.0
30.659,0.3050137460231781,-0.0125565305352211,-1.1058286428451538,0.42000761628150945,0.07314199209213258,0.0,0.0,0.035362593829631805,0.0,0.0
30.673,0.3333743214607239,-0.0255674347281456,-1.8289463520050049,0.4541548788547516,0.07058113068342209,0.0,0.0,0.035362593829631805,0.0,0.0
30.686,0.3048436641693115,-0.032396599650383,-0.9805004596710205,0.4111346304416657,0.05596312880516052,0.0,0.0,0.03772769123315811,0.0,0.0
30.699,0.2717217803001404,-0.04227462038397789,4.24021577835083,0.4123941361904144,0.06699174642562866,0.0,0.0,0.033238962292671204,0.0,0.0
30.712,0.2436659783124924,-0.04268528521060944,-0.8955804705619811,0.3796398639678955,0.07458044588565825,0.0,0.0,0.03502872213721275,0.0,0.0
30.726,0.2777953147888184,-0.030910229310393333,0.6506451964378357,0.4084476828575134,0.08374013751745224,0.0,0.0,0.04201622307300568,0.0,0.0
30.739,0.29967471957206726,-0.03556172549724579,-0.3025749623775482,0.41591435670852656,0.07283680140972137,0.0,0.0,0.04489937424659729,0.0,0.0
30.753,0.2965543270111084,-0.04704635217785835,0.5567528009414673,0.4414120614528656,0.05712113901972771,0.0,0.0,0.0410761907696724,0.0,0.0
30.766,0.30034592747688293,-0.05729780346155167,0.7083258628845215,0.4363901019096375,0.0453801229596138,0.0,0.0,0.038732342422008514,0.0,0.0
30.779,0.2862948477268219,-0.04000450670719147,-1.1191977262496948,0.4407739341259002,0.04266444966197014,0.0,0.0,0.0406842902302742,0.0,0.0
30.793,0.2845309972763061,0.0010597743093967438,-3.8798611164093018,0.40085411071777344,0.04692511633038521,0.0,0.0,0.0397021658718586,0.0,0.0
30.806,0.2952098250389099,0.006227268837392329,-1.6529828310012815,0.4127085506916046,0.0352216437458992,0.0,0.0,0.03007681667804718,0.0,0.0
30.819,0.3091484308242798,-0.023479819297790527,2.3574538230896,0.41238531470298767,0.020714048296213153,0.0,0.0,0.03007681667804718,0.0,0.0
30.832,0.3156132400035858,-0.03126777708530426,1.6658344268798828,0.44779202342033386,0.01863829791545868,0.0,0.0,0.02183309756219387,0.0,0.0
30.846,0.299680769443512,0.012754380702972412,-4.479074478149414,0.41512089967727667,-3.1946226954460144e-05,0.0,0.0,0.008499187417328356,0.0,0.0
30.859,0.2784223258495331,0.013358335942029951,1.0771387815475464,0.3981080651283264,0.0023758728057146072,0.0,0.0,0.008499187417328356,0.0,0.0
30.872,0.3115893006324768,0.009154068306088448,-1.1890629529953003,0.4396440088748932,-0.00283755362033844,0.0,0.0,0.003524288535118103,0.0,0.0
30.886,0.2735690176486969,-0.03388996794819832,5.164950847625732,0.4042777121067047,-0.005470520816743374,0.0,0.0,-0.0018363839481025932,0.0,0.0
30.899,0.27909490466117853,-0.02449904941022396,-2.2624902725219727,0.42390921711921686,-0.01032829750329256,0.0,0.0,-0.0017248678486794231,0.0,0.0
30.913,0.3149198591709137,-0.025414379313588142,0.01851115375757217,0.43622246384620667,-0.01683749258518219,0.0,0.0,-0.0017248678486794231,0.0,0.0
30.926,0.30946457386016846,-0.0338110625743866,-5.302278995513916,0.43886047601699835,-0.029333289712667465,0.0,0.0,-0.005687866825610399,0.0,0.0
30.939,0.30249282717704773,-0.0394948273897171,3.020676374435425,0.402895301580429,-0.024345844984054565,0.0,0.0,-0.012910995632410048,0.0,0.0
30.953,0.29771661758422846,-0.015017664059996603,0.18470731377601624,0.38980683684349055,-0.012659674510359764,0.0,0.0,-0.021144423633813855,0.0,0.0
30.966,0.3050646185874939,0.023170351982116696,-2.417804002761841,0.38126567006111145,0.0004829913377761841,0.0,0.0,-0.025476863607764244,0.0,0.0
30.979,0.32744279503822327,0.04090002179145813,-2.1034810543060303,0.41100379824638367,0.011079090647399426,0.0,0.0,-0.024271978065371517,0.0,0.0
30.993,0.2956043779850006,0.02622511610388756,-0.2054898887872696,0.367866724729538,0.020459871739149094,0.0,0.0,-0.019607894122600555,0.0,0.0
31.006,0.30310514569282526,0.01841968670487404,1.3807655572891235,0.41670528054237366,0.04362638294696808,0.0,0.0,-0.014417956583201883,0.0,0.0
31.019,0.29169347882270813,0.037140943109989166,0.6298633813858032,0.4076914787292481,0.0521981343626976,0.0,0.0,-0.010073261335492134,0.0,0.0
31.032,0.2890174984931946,0.05985502153635025,-0.1903202533721924,0.408551961183548,0.05850321799516678,0.0,0.0,-0.004569545388221741,0.0,0.0
31.046,0.29239386320114136,0.03022508136928081,5.189099788665772,0.36807653307914734,0.06486743688583374,0.0,0.0,0.01101458352059126,0.0,0.0
31.059,0.29094073176383967,0.03018113784492016,-1.7592475414276123,0.3747563064098358,0.07169975340366364,0.0,0.0,0.01101458352059126,0.0,0.0
31.072,0.29492220282554626,0.009060876443982124,4.097944736480713,0.42166513204574585,0.07949376106262207,0.0,0.0,0.014486273750662804,0.0,0.0
31.086,0.31831628084182734,0.025868283584713936,-4.296915531158447,0.42958909273147583,0.07598111033439635,0.0,0.0,0.01602223888039589,0.0,0.0
31.099,0.3328523635864258,0.03184942901134491,-1.5185149908065796,0.41653740406036377,0.056344233453273766,0.0,0.0,0.020771786570549008,0.0,0.0
31.112,0.33368486166000366,0.0316961482167244,0.8197458982467651,0.41989716887474066,0.062313780188560486,0.0,0.0,0.020771786570549008,0.0,0.0
31.126,0.29964086413383484,0.03088016808032989,3.0060851573944087,0.401853621006012,0.0713154524564743,0.0,0.0,0.024044072255492207,0.0,0.0
31.139,0.29323470592498774,0.03875839337706566,0.857712984085083,0.41453316807746887,0.0986342281103134,0.0,0.0,0.022765645757317543,0.0,0.0
31.152,0.3076750636100769,0.04082585126161575,-1.9398902654647827,0.4321557879447937,0.09733536094427107,0.0,0.0,0.0237237811088562,0.0,0.0
31.166,0.348358690738678,0.022612651810050007,-1.6749688386917114,0.45438688993453974,0.06713901460170746,0.0,0.0,0.02600187249481678,0.0,0.0
31.179,0.32193636894226074,0.0020885085687041283,1.091419339179993,0.4494793117046356,0.044708490371704095,0.0,0.0,0.027412645518779755,0.0,0.0
31.193,0.29310718178749084,0.00950175803154707,2.13700795173645,0.4497246146202088,0.04175543412566185,0.0,0.0,0.02484880574047565,0.0,0.0
31.206,0.28011083602905273,0.03154255449771881,-0.6409068703651428,0.4448795318603516,0.030401345342397686,0.0,0.0,0.019580909982323647,0.0,0.0
31.219,0.30090129375457764,0.04256556183099747,-2.1379485130310054,0.4379081130027771,0.02653263881802559,0.0,0.0,0.019580909982323647,0.0,0.0
31.232,0.3012818992137909,0.03364665061235428,-0.46503818035125727,0.4161019027233124,0.011469094082713127,0.0,0.0,0.017040926963090897,0.0,0.0
31.246,0.30649223923683167,0.028797050938010216,3.6816771030426025,0.4221622049808502,0.03101811558008194,0.0,0.0,0.013820278458297253,0.0,0.0
31.259,0.3108786642551422,0.04362717643380165,-1.475741267204285,0.44636544585227966,0.04090183228254318,0.0,0.0,0.016186704859137535,0.0,0.0
31.273,0.33862221240997314,0.04370098561048508,0.12232214212417604,0.4580251574516296,0.041198629885911935,0.0,0.0,0.016186704859137535,0.0,0.0
31.286,0.3237498104572296,0.030439909547567368,-1.5923389196395874,0.42254492640495295,0.02226334810256958,0.0,0.0,0.024390794336795807,0.0,0.0
31.299,0.288993239402771,0.030186809599399567,1.98172664642334,0.4169407188892365,0.03327314183115959,0.0,0.0,0.024117883294820786,0.0,0.0
31.313,0.28831058740615845,0.030054140836000443,-0.4112182557582855,0.4082643687725067,0.03319375962018967,0.0,0.0,0.027684375643730164,0.0,0.0
31.326,0.29318159818649286,0.061270803213119514,2.1177995204925537,0.4013891220092773,0.051507987082004554,0.0,0.0,0.037196356803178794,0.0,0.0
31.339,0.2986286580562592,0.06780730187892914,-1.797607660293579,0.44272911548614496,0.044647879898548126,0.0,0.0,0.045282050967216485,0.0,0.0
31.353,0.29525893926620483,0.0620051734149456,0.4490199387073517,0.4104654788970947,0.05153583362698555,0.0,0.0,0.050512518733739846,0.0,0.0
31.366,0.2935556471347809,0.05190792307257652,2.109753370285034,0.4162570834159851,0.07759381830692291,0.0,0.0,0.05558336153626441,0.0,0.0
31.379,0.2887951731681824,0.040846947580575936,1.501556158065796,0.373005211353302,0.11372612416744232,0.0,0.0,0.05562984198331833,0.0,0.0
31.392,0.3224518895149231,0.02367592602968216,-0.9106770157814026,0.3847550451755524,0.13535889983177185,0.0,0.0,0.04862724989652634,0.0,0.0
31.406,0.3489546477794647,-0.010424369946122168,-1.883380889892578,0.4279131591320038,0.1116086021065712,0.0,0.0,0.043615542352199554,0.0,0.0
31.419,0.3603907525539398,0.004287956282496452,-0.049352366477251046,0.426084041595459,0.11165274679660796,0.0,0.0,0.043615542352199554,0.0,0.0
31.433,0.36285167932510376,0.021074261516332623,-0.2803238034248352,0.47400063276290894,0.09181643277406691,0.0,0.0,0.04383137077093125,0.0,0.0
31.446,0.3238292932510376,0.05890704691410065,-2.6785588264465328,0.4304086565971375,0.08326318114995955,0.0,0.0,0.04301375150680543,0.0,0.0
31.459,0.3254263401031494,0.06385709345340729,0.2577435076236725,0.4682356715202332,0.0794907435774803,0.0,0.0,0.04557953402400017,0.0,0.0
31.472,0.291629821062088,0.07077720761299133,-1.3659559488296509,0.43185886740684504,0.08106838166713713,0.0,0.0,0.04557953402400017,0.0,0.0
31.486,0.3167861998081208,0.10364177823066711,-0.4364487528800965,0.4546329081058502,0.06391800940036774,0.0,0.0,0.04573954641819,0.0,0.0
31.499,0.3351625502109528,0.10769783705472946,1.1145496368408203,0.4600113928318024,0.043769855052232735,0.0,0.0,0.0468522384762764,0.0,0.0
31.513,0.3436136543750763,0.09743542224168776,-0.7438858747482301,0.4426499903202057,0.03423840552568436,0.0,0.0,0.045082665979862206,0.0,0.0
31.526,0.30470824241638184,0.09310810267925262,2.334347486495972,0.4197924733161926,0.03526761755347252,0.0,0.0,0.04078738391399384,0.0,0.0
31.539,0.27904272079467773,0.08109645545482635,-0.49668231606483454,0.4189712107181549,0.04356299340724945,0.0,0.0,0.038242705166339874,0.0,0.0
31.553,0.3135630190372467,0.0739787220954895,-0.18976628780364993,0.4314537048339844,0.0559108704328537,0.0,0.0,0.037912901490926736,0.0,0.0
31.566,0.34411829710006714,0.076401486992836,-0.7860443592071533,0.45313045382499695,0.06275724619626999,0.0,0.0,0.03446430712938309,0.0,0.0
31.579,0.33284106850624084,0.08792801201343536,-0.548820436000824,0.4302773177623749,0.06416751444339752,0.0,0.0,0.028163282200694084,0.0,0.0
31.593,0.32772749662399286,0.10351060330867767,0.11565070599317552,0.41400882601737976,0.059799231588840485,0.0,0.0,0.025553058832883835,0.0,0.0
31.606,0.3314187526702881,0.12137465178966522,0.8401237726211549,0.4294186234474182,0.06756850332021713,0.0,0.0,0.03054869920015335,0.0,0.0
31.619,0.3181821405887604,0.12309321761131288,-2.2166559696197514,0.4347042143344879,0.06812819838523865,0.0,0.0,0.03054869920015335,0.0,0.0
31.633,0.3146507441997528,0.12102854251861572,0.649244487285614,0.4121197164058685,0.07998549193143843,0.0,0.0,0.0342506505548954,0.0,0.0
31.646,0.3127112984657288,0.10145285725593568,2.582505941390991,0.4330553114414215,0.1190992146730423,0.0,0.0,0.04489888995885849,0.0,0.0
31.659,0.29032057523727417,0.10068832337856291,-0.935406982898712,0.40835121273994446,0.13524173200130463,0.0,0.0,0.054390713572502136,0.0,0.0
31.672,0.3314484655857086,0.08229949325323106,1.616117000579834,0.45223867893218994,0.14382760226726532,0.0,0.0,0.054390713572502136,0.0,0.0
31.686,0.32692065834999084,0.056541480123996735,-1.389793872833252,0.4528061449527741,0.15040713548660278,0.0,0.0,0.06589558720588684,0.0,0.0
31.699,0.3248220682144165,0.07173708826303482,0.698982834815979,0.4557038545608521,0.1528746783733368,0.0,0.0,0.06672626733779907,0.0,0.0
31.713,0.3076010048389435,0.07090194523334503,-0.29581522941589355,0.44460651278495783,0.15310686826705933,0.0,0.0,0.07043959200382233,0.0,0.0
31.726,0.32586562633514404,0.11723911762237547,3.9825739860534664,0.45385384559631353,0.17374777793884277,0.0,0.0,0.07692315429449081,0.0,0.0
31.739,0.31204792857170105,0.11195036023855208,-1.4774788618087769,0.44199070334434504,0.1817626357078552,0.0,0.0,0.08262421935796738,0.0,0.0
31.753,0.32452553510665894,0.09291613101959229,-0.19230879843235016,0.4566953778266906,0.18779796361923215,0.0,0.0,0.08745541423559187,0.0,0.0
31.766,0.34700202941894526,0.07774709165096283,-0.2709226608276367,0.5010477304458617,0.18702736496925357,0.0,0.0,0.08933582901954651,0.0,0.0
31.779,0.3444173336029053,0.0805240496993065,-1.6274758577346802,0.4552733898162842,0.18644647300243375,0.0,0.0,0.08322829753160477,0.0,0.0
31.793,0.31568676233291626,0.08814156055450438,-1.0652697086334229,0.4607855081558228,0.18480792641639707,0.0,0.0,0.07344713807106018,0.0,0.0
31.806,0.32574284076690674,0.08982619643211363,0.9526715874671936,0.45359167456626887,0.19077402353286743,0.0,0.0,0.06742250919342041,0.0,0.0
31.819,0.3270643949508667,0.08707697689533234,1.016093134880066,0.4501771032810211,0.19127377867698667,0.0,0.0,0.06263547390699387,0.0,0.0
31.833,0.3463185727596283,0.08571042120456694,0.7164465188980104,0.4997798800468445,0.1866300106048584,0.0,0.0,0.06524111330509186,0.0,0.0
31.846,0.35571920871734614,0.08614486455917358,1.0972977876663208,0.5479359030723572,0.12705890834331512,0.0,0.0,0.0951300784945488,0.0,0.0
31.859,0.3634920120239258,0.08594170212745665,-0.41104936599731445,0.5564365386962891,0.11125610768795012,0.0,0.0,0.10074258595705032,0.0,0.0
31.873,0.32658860087394714,0.08346717059612274,0.43861463665962214,0.5181928277015686,0.10395093262195589,0.0,0.0,0.10074258595705032,0.0,0.0
31.886,0.3131643533706665,0.06835806369781494,2.77864933013916,0.5093512535095215,0.112649604678154,0.0,0.0,0.09850916266441344,0.0,0.0
31.899,0.30572086572647095,0.06519106775522232,-0.7014247179031372,0.475679874420166,0.15039893984794617,0.0,0.0,0.08980900794267654,0.0,0.0
31.913,0.2992565631866455,0.06579020619392395,-0.17513790726661682,0.46452584862709045,0.15566439926624298,0.0,0.0,0.08057507127523422,0.0,0.0
31.926,0.339141458272934,0.04750755429267883,-0.38045176863670344,0.512583076953888,0.13553526997566223,0.0,0.0,0.07450071722269058,0.0,0.0
31.939,0.3371579647064209,0.0607227087020874,-2.7869038581848145,0.4660377502441406,0.12075062096118928,0.0,0.0,0.07289481163024902,0.0,0.0
31.953,0.3415079116821289,0.08097221702337265,-1.872969508171081,0.47634866833686823,0.1277422308921814,0.0,0.0,0.06990623474121094,0.0,0.0
31.966,0.3522990047931671,0.08358083665370941,0.8885509967803955,0.44653260707855225,0.1645786464214325,0.0,0.0,0.0636250302195549,0.0,0.0
31.98,0.32484138011932373,0.06472279876470566,1.8559632301330569,0.4139074683189392,0.1569330096244812,0.0,0.0,0.055921122431755066,0.0,0.0
31.993,0.33215442299842834,0.04166476055979729,0.8806664347648621,0.46015989780426025,0.17001253366470337,0.0,0.0,0.050858981907367706,0.0,0.0
32.006,0.34205806255340576,0.0288984589278698,-0.8641336560249328,0.49347198009490967,0.16883070766925812,0.0,0.0,0.05346075817942619,0.0,0.0
32.019,0.34578195214271545,0.025017149746418,-0.7380279302597046,0.5274573564529419,0.15545551478862762,0.0,0.0,0.05808958411216736,0.0,0.0
32.033,0.34988716244697565,0.022056054323911667,0.5050479173660278,0.5375010371208191,0.14484158158302307,0.0,0.0,0.05903361737728119,0.0,0.0
32.046,0.3259366452693939,0.02385098300874233,0.8865147829055786,0.5265344381332397,0.09596066176891328,0.0,0.0,0.05838880315423012,0.0,0.0
32.059,0.3391619920730591,0.02323361672461033,-0.2549361288547516,0.5355000495910645,0.08440183103084563,0.0,0.0,0.05838880315423012,0.0,0.0
32.073,0.33034345507621765,0.035442762076854706,-0.6376051902770996,0.520427405834198,0.08876192569732666,0.0,0.0,0.05357037484645844,0.0,0.0
32.086,0.33931800723075867,0.05924828723073006,-1.8450068235397337,0.5361008644104004,0.07246702909469603,0.0,0.0,0.038361243903636925,0.0,0.0
32.099,0.3467032015323639,0.06558309495449066,-1.1177480220794678,0.5098892450332642,0.056188061833381646,0.0,0.0,0.029579298570752144,0.0,0.0
32.112,0.37019997835159296,0.06558844447135925,0.872388482093811,0.5365588068962097,0.05371520668268204,0.0,0.0,0.029579298570752144,0.0,0.0
32.126,0.37192642688751215,0.0671888217329979,-4.645227909088135,0.4974254369735718,0.03218109905719757,0.0,0.0,0.022400304675102237,0.0,0.0
32.139,0.33645206689834595,0.0604039654135704,-0.5539324283599854,0.4906034469604492,0.03806131333112717,0.0,0.0,0.0234087947756052,0.0,0.0
32.153,0.3541790843009949,0.04927515983581543,1.9664732217788696,0.4947287440299988,0.05551236867904663,0.0,0.0,0.024249441921710968,0.0,0.0
32.166,0.3362339437007904,0.038601115345954895,2.344838380813598,0.49523761868476873,0.07392954826354979,0.0,0.0,0.024129053577780724,0.0,0.0
32.179,0.34313738346099854,0.03898043930530548,0.7481107115745544,0.5181796550750732,0.0837627202272415,0.0,0.0,0.02518949843943119,0.0,0.0
32.193,0.3537382483482361,0.04711749404668808,-1.2504926919937134,0.5634601712226868,0.07713384181261063,0.0,0.0,0.026169991120696068,0.0,0.0
32.206,0.33623659610748285,0.0575224906206131,-1.7695292234420776,0.5166259407997131,0.047851838171482086,0.0,0.0,0.023276507854461673,0.0,0.0
32.22,0.3592217266559601,0.0687752366065979,-0.1583687961101532,0.5629063248634337,0.04249057173728943,0.0,0.0,0.019268628209829327,0.0,0.0
32.233,0.3461760878562927,0.07583421468734741,1.1213709115982056,0.5165094137191772,0.03331576660275459,0.0,0.0,0.018536251038312912,0.0,0.0
32.246,0.34489861130714417,0.06992371380329132,0.3263099193572998,0.5199302434921265,0.02964353747665882,0.0,0.0,0.022594979032874107,0.0,0.0
32.259,0.37600803375244146,0.0694170743227005,0.013124383985996246,0.5210898518562317,0.0320713147521019,0.0,0.0,0.022594979032874107,0.0,0.0
32.273,0.3538750410079956,0.054069176316261285,-0.5848866701126099,0.4938280880451202,0.02406417019665241,0.0,0.0,0.019014302641153336,0.0,0.0
32.286,0.3584948778152466,0.05587819218635559,-0.08278819173574446,0.5357470512390137,0.01974518597126007,0.0,0.0,0.006263909861445426,0.0,0.0
32.299,0.3525058925151825,0.06784680485725403,-1.762319803237915,0.5137473344802856,0.017095651477575302,0.0,0.0,0.0006573751452378929,0.0,0.0
32.313,0.3586125671863556,0.07272469997406006,0.08192178606986998,0.5280002951622009,0.013375654816627502,0.0,0.0,-0.0034218900837004185,0.0,0.0
32.326,0.34306690096855164,0.06877022981643677,1.357319951057434,0.4970242381095886,0.011007336899638176,0.0,0.0,-0.005619847681373358,0.0,0.0
32.339,0.34481871128082275,0.0619078055024147,0.2838922142982483,0.529865026473999,0.01109103299677372,0.0,0.0,-0.006229274440556765,0.0,0.0
32.353,0.35815057158470154,0.058997947722673416,-0.4391919076442719,0.5294398665428162,0.010393202304840088,0.0,0.0,-0.005084419623017311,0.0,0.0
32.366,0.38443884253501887,0.059817101806402206,-0.25202223658561707,0.5447544455528259,0.008769834414124489,0.0,0.0,-0.000696751696523279,0.0,0.0
32.379,0.3691706657409668,0.06154876574873924,-0.293304055929184,0.5271482467651367,0.004606412723660469,0.0,0.0,0.0047061494551599034,0.0,0.0
32.393,0.35329446196556086,0.0609651692211628,0.5123614072799683,0.501749575138092,0.005955884233117104,0.0,0.0,0.005420608911663294,0.0,0.0
32.406,0.3444423377513885,0.0566842295229435,1.3860177993774414,0.4716980755329132,0.011745482683181764,0.0,0.0,0.0020850719884037967,0.0,0.0
32.419,0.3562856912612915,0.05420181155204773,0.619454562664032,0.5022661685943604,0.024328049272298813,0.0,0.0,0.0009474680991843344,0.0,0.0
32.433,0.3829386234283447,0.05456927791237831,-0.6171308755874634,0.5354327559471129,0.0345211997628212,0.0,0.0,0.0036165292840451,0.0,0.0
32.446,0.3710532486438751,0.05620316416025162,-1.8599536418914795,0.5303782820701599,0.030804455280303955,0.0,0.0,0.007013346068561077,0.0,0.0
32.459,0.36715054512023926,0.0562237873673439,0.640747606754303,0.5340806245803833,0.029564147815108296,0.0,0.0,0.007013346068561077,0.0,0.0
32.473,0.346650093793869,0.05857791751623154,-0.5217388868331909,0.5148807764053345,0.023933611810207367,0.0,0.0,0.003542933613061905,0.0,0.0
32.486,0.3448856770992279,0.06616556644439697,-0.17301784455776217,0.49569138884544367,0.027534376829862595,0.0,0.0,-0.004838156048208475,0.0,0.0
32.499,0.3614638149738312,0.06632004678249359,0.2879873514175415,0.5191950798034668,0.03388986736536026,0.0,0.0,-0.0035140509717166424,0.0,0.0
32.513,0.3422108590602875,0.06594641506671906,-0.1437395066022873,0.4987291097640991,0.03407669439911842,0.0,0.0,-0.0035140509717166424,0.0,0.0
32.526,0.3664183020591736,0.07859399169683456,0.17140984535217285,0.5351290106773376,0.03033536300063133,0.0,0.0,-0.003760079387575388,0.0,0.0
32.539,0.36472600698471064,0.09026853740215299,-0.27120295166969294,0.5410550236701965,0.023853223770856857,0.0,0.0,-0.006308164447546004,0.0,0.0
32.553,0.3608252108097077,0.09294623136520384,-0.4992850720882416,0.524440348148346,0.018895385786890984,0.0,0.0,-0.006508522666990757,0.0,0.0
32.566,0.3291535079479217,0.08321525901556015,-0.15188190340995789,0.4811874032020569,0.019025307148694992,0.0,0.0,-0.005768327042460442,0.0,0.0
32.579,0.3572225868701935,0.07088074088096619,1.1603624820709229,0.5217207670211792,0.02747507765889168,0.0,0.0,-0.0039599305018782616,0.0,0.0
32.593,0.3592528998851776,0.06433053314685822,0.1298876851797104,0.5162819623947144,0.03770757466554642,0.0,0.0,-0.0005193805554881692,0.0,0.0
32.606,0.379471480846405,0.07283122837543486,-1.3094890117645264,0.5495655536651611,0.035884831100702286,0.0,0.0,0.003893161658197642,0.0,0.0
32.62,0.3611538410186768,0.08276952803134918,-0.2950265109539032,0.5178889632225037,0.03371129930019379,0.0,0.0,0.003893161658197642,0.0,0.0
32.633,0.35135605931282043,0.08965738862752913,-0.2150993645191193,0.5165031552314758,0.025435796007514,0.0,0.0,0.000941785518079996,0.0,0.0
32.646,0.33588391542434687,0.08216685801744461,3.2173593044281006,0.4701084494590759,0.03788495808839799,0.0,0.0,0.0002569479402154684,0.0,0.0
32.659,0.3596302270889282,0.08647820353507996,-0.1960987001657486,0.5187913179397583,0.054441772401332855,0.0,0.0,0.00473650498315692,0.0,0.0
32.673,0.3799051642417908,0.07386010885238646,0.15354113280773163,0.5126144289970398,0.05452421307563782,0.0,0.0,0.00473650498315692,0.0,0.0
32.686,0.3627704381942749,0.05277053266763687,-1.8272567987442017,0.5253937840461731,0.06441563367843628,0.0,0.0,0.009562725201249121,0.0,0.0
32.699,0.3657940924167633,0.05458781868219376,0.7363828420639038,0.5626212954521179,0.061554700136184685,0.0,0.0,0.010822712443768978,0.0,0.0
32.713,0.3548053205013275,0.050931841135025024,0.34911131858825684,0.5221654772758484,0.05391126126050949,0.0,0.0,0.010136672295629978,0.0,0.0
32.726,0.34777900576591486,0.07466511428356169,-0.38860392570495605,0.5028484463691713,0.04668641090393066,0.0,0.0,0.008605224080383778,0.0,0.0
32.739,0.3484779894351959,0.07740981876850128,0.3017697334289551,0.5120734572410583,0.04542174190282822,0.0,0.0,0.006655643228441477,0.0,0.0
32.753,0.3725857138633728,0.07074347138404846,0.48527148365974426,0.5024137496948241,0.04872775077819824,0.0,0.0,0.004490063991397619,0.0,0.0
32.766,0.37682655453681946,0.06262387335300446,-0.7363817691802977,0.5327792763710022,0.0477805957198143,0.0,0.0,0.002886428264901042,0.0,0.0
32.779,0.37067368626594543,0.06282325088977814,-1.265139102935791,0.5019229650497437,0.044032447040081024,0.0,0.0,0.0007498562918044626,0.0,0.0
32.793,0.357540249824524,0.06939078867435455,-0.9918913245201111,0.5326192378997803,0.038790225982666016,0.0,0.0,-0.003124881535768509,0.0,0.0
32.806,0.3554151058197021,0.07415633648633957,-0.1344878375530243,0.4982718229293823,0.04377514123916625,0.0,0.0,-0.004996717441827059,0.0,0.0
32.82,0.35516637563705444,0.07891874760389328,-0.29862162470817566,0.531176745891571,0.043131671845912926,0.0,0.0,-0.004996717441827059,0.0,0.0
32.833,0.34410449862480164,0.078090138733387,-0.33884945511817927,0.4934333860874176,0.048980697989463806,0.0,0.0,-0.003788158297538757,0.0,0.0
32.846,0.35294920206069946,0.07074140757322311,0.8579099774360656,0.5403895974159241,0.051151365041732795,0.0,0.0,-0.001156550366431475,0.0,0.0
32.859,0.3826312124729157,0.07222743332386015,-0.032784346491098404,0.5538001656532288,0.04139376431703568,0.0,0.0,0.006935293320566416,0.0,0.0
32.873,0.3623668253421784,0.06695935875177383,-0.8920214176177977,0.5451596379280089,0.0406942255795002,0.0,0.0,0.006935293320566416,0.0,0.0
32.886,0.3596271872520447,0.05933582410216332,1.821432948112488,0.5112646818161011,0.04147977381944656,0.0,0.0,0.010778680443763731,0.0,0.0
32.899,0.33662992715835566,0.06536795943975449,2.632117509841919,0.5125976800918579,0.05518794804811478,0.0,0.0,0.004724299535155296,0.0,0.0
32.913,0.3497527539730072,0.06568583846092224,-0.9494417309761048,0.5023005604743958,0.056975707411766045,0.0,0.0,0.0015010989736765623,0.0,0.0
32.926,0.3874047100543976,0.06467661261558533,-2.4499890804290767,0.5446987152099609,0.049576040357351296,0.0,0.0,0.000832442776300013,0.0,0.0
32.939,0.38148301839828486,0.05472874641418457,-3.695266962051392,0.5320181846618652,0.027556369081139565,0.0,0.0,-0.0027647532988339663,0.0,0.0
32.953,0.34753191471099854,0.05686290562152863,0.2449707537889481,0.536864161491394,0.013810432516038418,0.0,0.0,-0.012689867988228798,0.0,0.0
32.966,0.3457875847816468,0.08658327162265778,2.445528507232666,0.534906268119812,0.016358498483896255,0.0,0.0,-0.02009814977645874,0.0,0.0
32.979,0.35377594828605646,0.12069067358970642,-0.30962496995925903,0.5548222064971924,0.015999898314476013,0.0,0.0,-0.013842888176441193,0.0,0.0
32.993,0.36481043696403503,0.11423101276159286,-4.0699334144592285,0.5384572148323059,-0.00136563740670681,0.0,0.0,-0.0015164115466177464,0.0,0.0
33.006,0.3675510585308075,0.0697203055024147,-1.4560953378677368,0.5310847163200377,-0.008652953431010246,0.0,0.0,-0.015770090743899345,0.0,0.0
33.02,0.35116881132125854,0.04579271376132965,4.524782180786133,0.529872477054596,-0.012422858737409117,0.0,0.0,-0.015770090743899345,0.0,0.0
33.033,0.34999024868011475,0.0685136541724205,3.970808267593384,0.5409206748008728,-0.0014432445168495178,0.0,0.0,-0.02875376306474209,0.0,0.0
33.046,0.3566315770149231,0.07792329788208006,-9.454875946044922,0.5455565452575684,-0.022253353148698807,0.0,0.0,-0.006443495862185955,0.0,0.0
33.059,0.3627165257930756,0.0783802717924118,2.6294233798980717,0.5555254817008972,-0.018023282289505005,0.0,0.0,-0.00412374921143055,0.0,0.0
33.073,0.36111733317375183,0.03757318109273911,-0.9092987179756163,0.5357385277748108,-0.03678622841835023,0.0,0.0,-0.00412374921143055,0.0,0.0
33.086,0.3700523674488068,0.03611863404512405,12.438495635986328,0.5645831823348999,-0.025351569056510925,0.0,0.0,-0.012710094451904295,0.0,0.0
33.099,0.3797432780265808,0.05186963081359863,-7.884994029998779,0.5701543688774109,-0.04457484558224679,0.0,0.0,-0.007240232080221176,0.0,0.0
33.113,0.3704327642917633,0.05222494527697563,1.199435830116272,0.5432170629501343,-0.04930850863456726,0.0,0.0,-0.0085796182975173,0.0,0.0
33.126,0.3655325472354889,0.0508841648697853,-9.084661483764648,0.5422033071517944,-0.06754539161920547,0.0,0.0,-0.02388383075594902,0.0,0.0
33.139,0.3454920947551728,0.05461176112294197,7.714176654815674,0.5269861221313477,-0.08907876908779144,0.0,0.0,-0.039642151445150375,0.0,0.0
33.153,0.34920200705528254,0.06670358777046204,2.8501551151275635,0.5395500659942627,-0.10420902073383333,0.0,0.0,-0.03868681564927101,0.0,0.0
33.166,0.35912275314331055,0.07554670423269272,-3.4253153800964355,0.5463588833808899,-0.12052379548549652,0.0,0.0,-0.022206544876098636,0.0,0.0
33.179,0.3397773206233978,0.07000218331813812,-6.5619802474975595,0.5258007645606995,-0.14492858946323395,0.0,0.0,-0.009683636948466301,0.0,0.0
33.193,0.32497024536132807,0.0562729611992836,-0.8393864035606384,0.5229220986366272,-0.1477350890636444,0.0,0.0,-0.01433209888637066,0.0,0.0
33.206,0.3098262548446656,0.0515589714050293,8.772189140319824,0.4788298308849335,-0.09059409797191621,0.0,0.0,-0.03669101372361183,0.0,0.0
33.219,0.2880948781967163,0.038981176912784576,0.9585114121437072,0.48626562952995295,-0.09091989696025848,0.0,0.0,-0.03669101372361183,0.0,0.0
33.233,0.30659976601600647,0.042012289166450494,1.6679366827011108,0.4841115474700928,-0.051701687276363366,0.0,0.0,-0.02855732664465904,0.0,0.0
33.246,0.3401363790035248,0.033238302916288376,-4.822925090789794,0.5110693573951721,-0.02976430393755436,0.0,0.0,-0.004346712492406368,0.0,0.0
33.259,0.3774513304233551,0.02560880035161972,0.3906016945838928,0.5052032470703125,-0.053530748933553696,0.0,0.0,-0.0030730452854186296,0.0,0.0
33.273,0.40349262952804565,0.020522721111774445,1.6938832998275757,0.5514758229255676,-0.08136291801929475,0.0,0.0,5.5726617574691766e-05,0.0,0.0
33.286,0.38479027152061457,0.024961058050394055,-5.256880760192871,0.552783727645874,-0.1151759922504425,0.0,0.0,-0.000979921198450029,0.0,0.0
33.299,0.35469740629196167,0.046049445867538445,-4.790252685546875,0.5366043448448181,-0.16362468898296356,0.0,0.0,-0.007108557038009168,0.0,0.0
33.313,0.33459603786468506,0.047722384333610535,-1.046301245689392,0.5391662120819092,-0.20418500900268555,0.0,0.0,-0.012512486428022385,0.0,0.0
33.326,0.3558679223060608,0.13173359632492063,-3.1102352142333984,0.5749722123146057,-0.2379148900508881,0.0,0.0,-0.016385579481720924,0.0,0.0
33.339,0.3642745912075042,0.17687539756298065,-3.0645952224731445,0.5615682601928711,-0.2788020968437195,0.0,0.0,-0.01915592886507511,0.0,0.0
33.353,0.38050234317779535,0.24541111290454865,-3.524481773376465,0.60374915599823,-0.31943944096565247,0.0,0.0,-0.020984549075365067,0.0,0.0
33.366,0.38717395067214966,0.3430662751197815,-3.5806052684783936,0.6495370268821716,-0.3479689955711365,0.0,0.0,-0.0208884309977293,0.0,0.0
33.379,0.3964951038360596,0.4232187271118164,-1.0203235149383545,0.6567210555076599,-0.3904710412025452,0.0,0.0,-0.02019418217241764,0.0,0.0
33.393,0.3616790175437927,0.4505155384540558,-2.250253677368164,0.60108882188797,-0.4467065930366516,0.0,0.0,-0.02155158296227455,0.0,0.0
33.406,0.33108818531036377,0.45012044906616205,-2.79968523979187,0.5407800078392029,-0.6313132643699646,0.0,0.0,-0.026266856119036674,0.0,0.0
33.419,0.2841293215751648,0.45822238922119135,-5.304862976074219,0.4795185923576355,-0.6902626752853394,0.0,0.0,-0.026266856119036674,0.0,0.0
33.433,0.27142903208732605,0.4949867129325866,-4.832468986511231,0.4144704937934876,-0.8754796385765076,0.0,0.0,-0.04085453227162361,0.0,0.0
33.446,0.26038995385169983,0.5577781796455383,-4.461329460144043,0.4089822769165039,-0.8726271390914917,0.0,0.0,-0.10948505997657776,0.0,0.0
33.459,0.23917578160762787,0.5560336112976073,1.0660394430160522,0.4042523801326752,-0.8052765727043152,0.0,0.0,-0.13213779032230377,0.0,0.0
33.473,0.22900429368019104,0.5558460354804993,5.707754135131836,0.3978610932826996,-0.7722211480140686,0.0,0.0,-0.13213779032230377,0.0,0.0
33.486,0.2685779929161072,0.459248960018158,11.114130973815918,0.41667008399963373,-0.7144883275032043,0.0,0.0,-0.1648547202348709,0.0,0.0
33.499,0.2642419636249542,0.39092588424682617,-4.984597206115723,0.3663147985935211,-0.7202780246734619,0.0,0.0,-0.1824397444725037,0.0,0.0
33.513,0.2884852588176728,0.391819030046463,0.6925005316734314,0.3598487973213196,-0.6954381465911865,0.0,0.0,-0.2020215094089508,0.0,0.0
33.526,0.2490301877260208,0.3400954306125641,-5.956186771392822,0.30290961265563965,-0.7240020632743835,0.0,0.0,-0.21651557087898252,0.0,0.0
33.539,0.20070576667785645,0.3380942940711975,0.7068235278129578,0.24251943826675412,-0.7664096355438232,0.0,0.0,-0.22387807071208957,0.0,0.0
33.553,0.1686260998249054,0.33418357372283936,0.6705433130264281,0.21837259829044345,-0.7894781827926636,0.0,0.0,-0.2298079878091812,0.0,0.0
33.566,0.19480763375759125,0.3270685076713562,0.6546244025230408,0.25243839621543884,-0.7701804637908934,0.0,0.0,-0.23924389481544492,0.0,0.0
33.579,0.1994751989841461,0.3386355936527252,-1.4771125316619873,0.2855319380760193,-0.7631514072418213,0.0,0.0,-0.2512842714786529,0.0,0.0
33.593,0.20309117436409,0.36244574189186096,-0.5685925483703613,0.30834805965423584,-0.7514333724975587,0.0,0.0,-0.258565366268158,0.0,0.0
33.606,0.21450543403625488,0.3754658102989197,0.7696710228919984,0.35121247172355646,-0.7120263576507568,0.0,0.0,-0.2632255554199219,0.0,0.0
33.619,0.20893462002277371,0.3738357424736023,1.0625078678131104,0.33566299080848694,-0.7000903487205505,0.0,0.0,-0.2632255554199219,0.0,0.0
33.633,0.1979941427707672,0.37180745601654047,1.9364297389984129,0.3298259973526001,-0.6936636567115784,0.0,0.0,-0.2685717642307281,0.0,0.0
33.646,0.1841993182897568,0.3595460057258606,2.6778392791748047,0.30093869566917414,-0.6813485622406006,0.0,0.0,-0.2796543836593628,0.0,0.0
33.659,0.19244761765003204,0.36088845133781433,-0.8911181092262269,0.28743654489517206,-0.6821768283843994,0.0,0.0,-0.28417134284973145,0.0,0.0
33.673,0.1960797607898712,0.3491895198822021,-0.3938309848308563,0.27156928181648254,-0.6857060194015503,0.0,0.0,-0.28417134284973145,0.0,0.0
33.686,0.1705041229724884,0.31424552202224726,-5.98698091506958,0.220684677362442,-0.710128664970398,0.0,0.0,-0.29951444268226624,0.0,0.0
33.699,0.15790323913097382,0.32624444365501404,0.13376176357269287,0.21088072657585144,-0.7310525178909303,0.0,0.0,-0.3155484199523926,0.0,0.0
33.713,0.16906091570854187,0.3275368809700012,0.7824003696441649,0.25603583455085754,-0.7231948375701904,0.0,0.0,-0.3297406733036041,0.0,0.0
33.726,0.16559937596321106,0.34679192304611206,2.692687511444092,0.2552815973758697,-0.7147243022918701,0.0,0.0,-0.33828550577163696,0.0,0.0
33.74,0.17635546624660492,0.3275279998779297,0.3310270607471466,0.22026756405830383,-0.6861019134521484,0.0,0.0,-0.339331716299057,0.0,0.0
33.753,0.13778524100780487,0.29933345317840576,-1.4169505834579468,0.16600652039051056,-0.6753653883934021,0.0,0.0,-0.339170902967453,0.0,0.0
33.766,0.1130392774939537,0.2812332808971405,-0.9194031357765197,0.11426892131567,-0.6752638220787048,0.0,0.0,-0.34675285220146174,0.0,0.0
33.779,0.07978244125843048,0.2633861303329468,-0.697540819644928,0.06668254733085632,-0.6972530484199524,0.0,0.0,-0.3594733774662018,0.0,0.0
33.793,0.09024090319871902,0.26075297594070435,-0.33504366874694824,0.10876519232988358,-0.6975482702255249,0.0,0.0,-0.3697653114795685,0.0,0.0
33.806,0.11588696390390396,0.2639504075050354,-1.001007080078125,0.13890475034713745,-0.6723716855049133,0.0,0.0,-0.3700006902217865,0.0,0.0
33.819,0.08541373908519746,0.2453503310680389,-0.9252793788909912,0.09506379067897795,-0.6749839186668396,0.0,0.0,-0.36407884955406183,0.0,0.0
33.833,0.06534826010465622,0.23159331083297727,1.332436442375183,0.12209704518318176,-0.6575349569320679,0.0,0.0,-0.3673658967018128,0.0,0.0
33.846,0.0643218457698822,0.2291395664215088,1.8823161125183103,0.12619857490062714,-0.6940940022468567,0.0,0.0,-0.3816490173339844,0.0,0.0
33.859,0.0682758241891861,0.22912180423736567,-0.6684846878051758,0.15495815873146057,-0.6901164054870605,0.0,0.0,-0.3946893811225891,0.0,0.0
33.873,0.07631216198205949,0.25734609365463257,-0.2696692943572998,0.15756097435951233,-0.6853452920913696,0.0,0.0,-0.3946893811225891,0.0,0.0
33.886,0.0487830527126789,0.3359905481338501,-7.698958873748779,0.10037295520305634,-0.79631370306015,0.0,0.0,-0.4451206028461456,0.0,0.0
33.899,0.0029088291339576244,0.35549235343933105,0.3983505070209503,0.039711743593215935,-0.8722872734069824,0.0,0.0,-0.4566718637943268,0.0,0.0
33.913,-0.017978113144636154,0.37149143218994146,1.2109637260437012,-0.02325683832168579,-0.9372537136077882,0.0,0.0,-0.46553617715835566,0.0,0.0
33.926,-0.03368384763598442,0.381104052066803,-0.2844661474227905,-0.08368327468633652,-0.9903419017791747,0.0,0.0,-0.48535528779029846,0.0,0.0
33.94,-0.04926713183522224,0.3786292970180512,-0.4547998309135437,-0.14611250162124634,-1.0391380786895752,0.0,0.0,-0.5082729458808899,0.0,0.0
33.953,-0.0650474801659584,0.3635585606098175,0.2912744879722595,-0.19560864567756653,-1.0741961002349854,0.0,0.0,-0.5223060846328736,0.0,0.0
33.966,-0.08083673566579817,0.3388751149177552,0.5984410643577576,-0.2027569115161896,-1.0792909860610962,0.0,0.0,-0.5295165777206421,0.0,0.0
33.979,-0.04391969367861748,0.3120660781860352,1.6040995121002195,-0.17488549649715424,-1.0516314506530762,0.0,0.0,-0.5377795696258545,0.0,0.0
33.993,-0.03007204830646515,0.29353231191635126,2.4818925857543945,-0.18319062888622284,-1.0307390689849854,0.0,0.0,-0.5507616996765137,0.0,0.0
34.006,-0.07678321003913878,0.3070673942565918,5.01343297958374,-0.24660195410251615,-1.0916023254394531,0.0,0.0,-0.5755733847618103,0.0,0.0
34.019,-0.06697651743888855,0.30701979994773865,-1.9948258399963377,-0.2543148398399353,-1.090253829956055,0.0,0.0,-0.5755733847618103,0.0,0.0
34.033,-0.11131035536527634,0.3238217830657959,0.6936192512512207,-0.2590605318546295,-1.1149518489837646,0.0,0.0,-0.5820366144180298,0.0,0.0
34.046,-0.09410044550895691,0.2692513465881348,0.900097906589508,-0.23508985340595245,-1.0952768325805664,0.0,0.0,-0.600131094455719,0.0,0.0
34.059,-0.08329194039106369,0.22702457010746,1.9411034584045408,-0.20770695805549624,-1.0786662101745603,0.0,0.0,-0.6024871468544006,0.0,0.0
34.073,-0.06545066833496094,0.22569307684898376,-0.9494505524635315,-0.2150016278028488,-1.07855486869812,0.0,0.0,-0.6024871468544006,0.0,0.0
34.086,-0.08494488894939423,0.2145190536975861,3.089730262756348,-0.2449057698249817,-1.0672292709350586,0.0,0.0,-0.5923280119895935,0.0,0.0
34.099,-0.07296144217252731,0.22379592061042783,-2.1946504116058354,-0.2416155636310577,-1.0622011423110962,0.0,0.0,-0.6012951135635376,0.0,0.0
34.113,-0.06851613521575928,0.2273557484149933,-0.007105618715286255,-0.19667881727218628,-1.0540565252304075,0.0,0.0,-0.6071562767028809,0.0,0.0
34.126,-0.05902543663978577,0.22294729948043823,1.7707898616790771,-0.15062202513217926,-1.037907600402832,0.0,0.0,-0.5952859520912169,0.0,0.0
34.139,-0.04339103028178215,0.20916318893432617,1.4457017183303833,-0.12592995166778564,-1.0032036304473877,0.0,0.0,-0.5712430477142334,0.0,0.0
34.153,-0.07962338626384734,0.18677018582820887,0.3424767255783081,-0.18708896636962888,-0.9594414830207824,0.0,0.0,-0.5511232614517212,0.0,0.0
34.166,-0.12318149209022522,0.1559867560863495,0.9962830543518065,-0.2070872187614441,-0.912005603313446,0.0,0.0,-0.5348620414733887,0.0,0.0
34.179,-0.1147477999329567,0.13072051107883453,3.6944968700408936,-0.15891586244106293,-0.8623985648155212,0.0,0.0,-0.5128732323646545,0.0,0.0
34.193,-0.09560315310955048,0.12535914778709412,2.3220407962799072,-0.13785158097743988,-0.8193308711051941,0.0,0.0,-0.495972603559494,0.0,0.0
34.206,-0.12223073840141296,0.1414206176996231,-2.326047420501709,-0.1946944296360016,-0.7990664839744568,0.0,0.0,-0.4984237849712372,0.0,0.0
34.22,-0.08410777896642686,0.13873156905174255,0.2269204705953598,-0.19917890429496765,-0.7987608313560487,0.0,0.0,-0.4984237849712372,0.0,0.0
34.233,-0.12488646060228348,0.12495100498199464,0.8986875414848327,-0.217593714594841,-0.8004534840583801,0.0,0.0,-0.4752239584922791,0.0,0.0
34.246,-0.1197233572602272,0.09367183595895769,1.6860074996948242,-0.23772074282169345,-0.7778432369232178,0.0,0.0,-0.437863290309906,0.0,0.0
34.259,-0.137392058968544,0.08747577667236328,-3.4218916893005367,-0.29591119289398193,-0.7816293239593507,0.0,0.0,-0.45664700865745533,0.0,0.0
34.273,-0.11969859153032304,0.08683589100837708,0.6860296726226808,-0.2474355548620224,-0.7846776247024536,0.0,0.0,-0.45664700865745533,0.0,0.0
34.286,-0.14585977792739868,0.07065899670124054,-7.796992778778077,-0.288259893655777,-0.8426486849784851,0.0,0.0,-0.5013206005096436,0.0,0.0
34.299,-0.14926935732364657,0.0855124592781067,-1.8416136503219604,-0.27826735377311707,-0.8869245052337646,0.0,0.0,-0.5194281935691833,0.0,0.0
34.313,-0.1698985993862152,0.1032133251428604,-2.0830147266387935,-0.29686686396598816,-0.9232051372528077,0.0,0.0,-0.5363753437995912,0.0,0.0
34.326,-0.19386544823646543,0.10746252536773682,-2.7260854244232178,-0.35540562868118286,-0.967205286026001,0.0,0.0,-0.5591862201690674,0.0,0.0
34.339,-0.22427855432033536,0.09149952232837677,-1.7317882776260376,-0.3634798228740692,-1.0063250064849854,0.0,0.0,-0.5778205990791321,0.0,0.0
34.353,-0.1918121725320816,0.07283256947994232,-1.6971118450164795,-0.3656807541847229,-1.030121088027954,0.0,0.0,-0.5917000770568848,0.0,0.0
34.366,-0.16322726011276245,0.0764179155230522,-1.9578158855438232,-0.32336845993995667,-1.0625123977661133,0.0,0.0,-0.6183733344078064,0.0,0.0
34.379,-0.17999641597270966,0.09353595972061156,-2.4892687797546387,-0.3225765824317932,-1.0948286056518557,0.0,0.0,-0.6486600041389465,0.0,0.0
34.393,-0.14028364419937134,0.10426118969917296,-0.7700443267822266,-0.2982507348060608,-1.1137726306915283,0.0,0.0,-0.6529906392097473,0.0,0.0
34.406,-0.18587183952331543,0.10081493854522704,1.8657803535461424,-0.3335871398448944,-1.0882011651992798,0.0,0.0,-0.629752516746521,0.0,0.0
34.419,-0.17624002695083618,0.09882843494415283,-1.431796669960022,-0.3039243221282959,-1.1002769470214844,0.0,0.0,-0.629752516746521,0.0,0.0
34.433,-0.19232484698295596,0.11035522073507308,-1.90283727645874,-0.35505372285842896,-1.0852112770080566,0.0,0.0,-0.6485375761985779,0.0,0.0
34.446,-0.18277598917484283,0.15274840593338013,-2.7810840606689453,-0.30498912930488586,-1.0933611392974854,0.0,0.0,-0.6646302938461304,0.0,0.0
34.46,-0.16877414286136627,0.14936208724975586,3.5464189052581787,-0.2577272057533264,-1.0750126838684082,0.0,0.0,-0.6438151001930237,0.0,0.0
34.473,-0.1985870599746704,0.15776845812797546,-1.4446243047714231,-0.3153731226921081,-1.0780594348907473,0.0,0.0,-0.6438151001930237,0.0,0.0
34.486,-0.2169886529445648,0.15118655562400818,2.925205945968628,-0.3511093854904175,-1.0004541873931885,0.0,0.0,-0.61085444688797,0.0,0.0
34.499,-0.2352407872676849,0.15826106071472168,-0.4168421030044556,-0.38849520683288574,-0.9736452102661133,0.0,0.0,-0.5947631597518921,0.0,0.0
34.513,-0.2293761521577835,0.14287370443344116,0.9393587708473203,-0.3659199774265289,-0.949833333492279,0.0,0.0,-0.5692105889320374,0.0,0.0
34.526,-0.2160833328962326,0.187968984246254,-0.08925944566726685,-0.3636285066604614,-0.8985078334808348,0.0,0.0,-0.5566025972366333,0.0,0.0
34.54,-0.24632403254508967,0.21452365815639496,-3.139183521270752,-0.4027803540229797,-0.884177029132843,0.0,0.0,-0.5752949118614197,0.0,0.0
34.553,-0.28487420082092285,0.21951380372047424,-3.9046568870544434,-0.4544093906879425,-0.8998212218284608,0.0,0.0,-0.5949700474739075,0.0,0.0
34.566,-0.2667742669582367,0.20480342209339145,0.4829362034797669,-0.4255442023277282,-0.9050770401954651,0.0,0.0,-0.573367714881897,0.0,0.0
34.579,-0.28283455967903137,0.1991189122200012,2.960421085357666,-0.4292874038219452,-0.859360098838806,0.0,0.0,-0.5310862064361572,0.0,0.0
34.593,-0.30701929330825806,0.21771906316280365,0.2187855541706085,-0.4887206554412842,-0.8522255420684814,0.0,0.0,-0.5236337184906006,0.0,0.0
34.606,-0.3331794738769531,0.22478337585926056,-1.9680529832839968,-0.5517062544822693,-0.8441282510757446,0.0,0.0,-0.5825238823890686,0.0,0.0
34.62,-0.36187016963958735,0.2066444754600525,-1.2279309034347534,-0.6112056374549866,-0.8478726148605346,0.0,0.0,-0.592147707939148,0.0,0.0
34.633,-0.39615166187286377,0.17369577288627625,0.7352247834205627,-0.6683025360107422,-0.8243786692619324,0.0,0.0,-0.592147707939148,0.0,0.0
34.646,-0.3774742484092712,0.16962067782878876,-1.6294463872909546,-0.6579564809799193,-0.8291795253753662,0.0,0.0,-0.6233700513839722,0.0,0.0
34.66,-0.35125941038131714,0.17763972282409668,0.7478803396224974,-0.652178943157196,-0.8340221643447875,0.0,0.0,-0.671637773513794,0.0,0.0
34.673,-0.38270771503448486,0.1857260465621948,-5.435635089874268,-0.6816742420196533,-0.9099488258361816,0.0,0.0,-0.7078474760055542,0.0,0.0
34.686,-0.3947889506816864,0.1510523408651352,-3.6965935230255127,-0.6655404567718506,-0.9648194909095763,0.0,0.0,-0.7168262004852295,0.0,0.0
34.699,-0.4167683720588684,0.17012882232666016,6.161161422729492,-0.7319446206092833,-0.9507765769958496,0.0,0.0,-0.7062454223632812,0.0,0.0
34.713,-0.41319879889488226,0.1679724156856537,-1.7790510654449463,-0.7447378039360046,-0.9709358215332032,0.0,0.0,-0.6939694285392761,0.0,0.0
34.726,-0.43960961699485773,0.1475794017314911,5.27027702331543,-0.8092350959777832,-0.8789333701133728,0.0,0.0,-0.6904190182685852,0.0,0.0
34.739,-0.44594764709472656,0.12151959538459778,-2.1269044876098637,-0.8048927783966064,-0.8197594285011292,0.0,0.0,-0.6941994428634644,0.0,0.0
34.753,-0.4353145658969879,0.14138741791248322,-1.0026007890701294,-0.7620283365249635,-0.8427942395210266,0.0,0.0,-0.7062404155731201,0.0,0.0
34.766,-0.4081019163131714,0.17003871500492096,-1.6105636358261108,-0.7660523056983949,-0.8913723230361937,0.0,0.0,-0.7239003181457518,0.0,0.0
34.779,-0.4528598785400391,0.15590718388557434,1.6962602138519287,-0.7752100229263306,-0.8976366519927977,0.0,0.0,-0.7362471222877502,0.0,0.0
34.793,-0.49874573945999146,0.14704227447509766,4.117915153503418,-0.8428921103477478,-0.8653872013092042,0.0,0.0,-0.7338336706161499,0.0,0.0
34.806,-0.5205619931221008,0.1480002999305725,3.1162083148956294,-0.8855067491531373,-0.8722423315048218,0.0,0.0,-0.7098662257194519,0.0,0.0
34.819,-0.506562352180481,0.15540656447410583,1.2589349746704102,-0.8639369606971741,-0.8859707117080688,0.0,0.0,-0.7098662257194519,0.0,0.0
34.833,-0.5337660908699036,0.16006168723106384,-1.2880346775054932,-0.9231312274932861,-0.8669704794883728,0.0,0.0,-0.7088322639465332,0.0,0.0
34.846,-0.5211672186851501,0.17742665112018585,-4.489365100860596,-0.908367931842804,-0.9050167798995972,0.0,0.0,-0.7382208108901978,0.0,0.0
34.859,-0.5411642789840697,0.17311327159404755,1.2115671634674072,-0.9292602539062499,-0.9000124335289001,0.0,0.0,-0.7762259244918822,0.0,0.0
34.873,-0.5243246555328369,0.1945051550865173,-1.7579576969146729,-0.8919032812118529,-0.9481963515281677,0.0,0.0,-0.7762259244918822,0.0,0.0
34.886,-0.5448518395423889,0.24367542564868927,-2.061572551727295,-0.9196159839630128,-1.0549775362014773,0.0,0.0,-0.8123548626899718,0.0,0.0
34.899,-0.5199021697044373,0.2318120151758194,5.501945972442627,-0.8947573900222777,-1.0397499799728394,0.0,0.0,-0.792581796646118,0.0,0.0
34.913,-0.5491214990615845,0.22674489021301272,-1.4797589778900146,-0.923086404800415,-0.9828433394432069,0.0,0.0,-0.741757333278656,0.0,0.0
34.926,-0.5428537726402283,0.1659628301858902,18.72742462158203,-0.908834993839264,-0.8110871315002441,0.0,0.0,-0.6653231382369995,0.0,0.0
34.94,-0.5012490749359131,0.18589034676551816,0.48261880874633784,-0.8614643216133117,-0.7570003867149354,0.0,0.0,-0.5918212532997131,0.0,0.0
34.953,-0.49180629849433893,0.2323286533355713,-1.6327142715454102,-0.8507744669914244,-0.7423743605613708,0.0,0.0,-0.5494903922080994,0.0,0.0
34.966,-0.5074949860572815,0.2649160027503968,-3.870647668838501,-0.8732736706733703,-0.732433557510376,0.0,0.0,-0.5458366274833679,0.0,0.0
34.979,-0.5494744777679443,0.2672653794288636,-3.072204351425171,-0.9212372303009032,-0.7697241306304932,0.0,0.0,-0.5687412023544312,0.0,0.0
34.993,-0.5954776406288147,0.2558278739452362,-0.3929257392883301,-0.9846110343933104,-0.8174052834510803,0.0,0.0,-0.5910813808441162,0.0,0.0
35.006,-0.6166521310806273,0.20539924502372744,6.998879909515381,-1.035544991493225,-0.8204346895217894,0.0,0.0,-0.5735495686531067,0.0,0.0
35.02,-0.6523576378822327,0.20154322683811188,-2.1136991977691646,-1.0952335596084597,-0.7993412017822266,0.0,0.0,-0.5735495686531067,0.0,0.0
35.033,-0.6672864556312561,0.18652676045894623,2.1584606170654297,-1.1480032205581665,-0.7598598599433899,0.0,0.0,-0.5735495686531067,0.0,0.0
35.046,-0.6279709339141846,0.23104363679885864,-9.345850944519043,-1.119558334350586,-0.821733832359314,0.0,0.0,-0.5991003513336182,0.0,0.0
35.059,-0.6467146277427673,0.23696383833885196,-2.924192190170288,-1.1756221055984497,-0.8451445102691649,0.0,0.0,-0.6433494091033936,0.0,0.0
35.073,-0.6090940833091736,0.24126508831977844,2.0581974983215328,-1.1277809143066406,-0.8614223003387451,0.0,0.0,-0.6433494091033936,0.0,0.0
35.087,-0.6571205854415894,0.20923879742622373,-6.368017673492432,-1.199435830116272,-0.8787728548049927,0.0,0.0,-0.6884139776229857,0.0,0.0
35.099,-0.7059128880500793,0.16942274570465088,2.747328519821167,-1.2126004695892334,-0.8695052862167358,0.0,0.0,-0.6931004524230957,0.0,0.0
35.113,-0.6647152900695801,0.13754160702228546,-0.04509463906288147,-1.203857421875,-0.8568956255912781,0.0,0.0,-0.6904860734939575,0.0,0.0
35.126,-0.6521667242050171,0.11250922083854677,-1.0687105655670166,-1.1586536169052124,-0.8700829744338989,0.0,0.0,-0.6963549256324768,0.0,0.0
35.14,-0.6567013263702393,0.11517786979675292,-2.4658932685852046,-1.2080532312393188,-0.8546230792999268,0.0,0.0,-0.7260683178901672,0.0,0.0
35.153,-0.6736076474189758,0.1326032280921936,-2.4725048542022705,-1.1780276298522947,-0.8953202366828918,0.0,0.0,-0.7612906098365783,0.0,0.0
35.166,-0.706504762172699,0.12763747572898865,1.692243576049805,-1.2034378051757812,-0.9007991552352904,0.0,0.0,-0.7716677188873291,0.0,0.0
35.179,-0.7016974687576294,0.106364905834198,3.0236542224884038,-1.1828144788742063,-0.9040308594703673,0.0,0.0,-0.754538655281067,0.0,0.0
35.193,-0.7303579449653625,0.08895505964756013,2.766202211380005,-1.2212636470794678,-0.8696934580802916,0.0,0.0,-0.7227802276611328,0.0,0.0
35.206,-0.7077154517173767,0.14627406001091003,1.965670228004456,-1.233373761177063,-0.8291470408439635,0.0,0.0,-0.6867104172706604,0.0,0.0
35.22,-0.6988357901573181,0.14604245126247406,-1.0385311841964722,-1.2376452684402466,-0.8206183910369873,0.0,0.0,-0.6867104172706604,0.0,0.0
35.233,-0.7270603775978088,0.1531214565038681,0.9560376405715942,-1.251349925994873,-0.8001003265380859,0.0,0.0,-0.6812525987625122,0.0,0.0
35.246,-0.7024188041687012,0.12124219536781312,1.098357915878296,-1.264828324317932,-0.7591701745986937,0.0,0.0,-0.6656733751296997,0.0,0.0
35.26,-0.7345169782638551,0.11900477111339568,-0.3261186182498932,-1.285407781600952,-0.725297749042511,0.0,0.0,-0.6656733751296997,0.0,0.0
35.273,-0.7111237049102783,0.12253518402576448,-1.4376416206359863,-1.253612041473389,-0.7505772709846495,0.0,0.0,-0.6622048616409302,0.0,0.0
35.286,-0.7411869764328003,0.14248064160346985,3.1697943210601807,-1.2653478384017944,-0.7262651920318604,0.0,0.0,-0.6381382942199707,0.0,0.0
35.3,-0.7762655019760131,0.15672487020492554,2.9444596767425537,-1.3328094482421875,-0.7067834138870239,0.0,0.0,-0.6169142723083496,0.0,0.0
35.313,-0.7547349333763121,0.1589316874742508,-1.3725824356079102,-1.3245644569396973,-0.7132459878921509,0.0,0.0,-0.5971061587333679,0.0,0.0
35.326,-0.7807733416557312,0.13994768261909485,3.7736108303070073,-1.393423318862915,-0.6540854573249817,0.0,0.0,-0.5856937170028688,0.0,0.0
35.34,-0.7980875968933105,0.10525181889533997,0.4730835556983948,-1.4144566059112549,-0.6067073345184326,0.0,0.0,-0.5746121406555176,0.0,0.0
35.353,-0.757768988609314,0.10283710062503816,1.3908549547195437,-1.3647571802139282,-0.5975238084793091,0.0,0.0,-0.5522713661193848,0.0,0.0
35.366,-0.76066917181015,0.10606403648853302,1.808443665504456,-1.375006914138794,-0.5546382665634155,0.0,0.0,-0.5244349837303162,0.0,0.0
35.38,-0.7725582718849182,0.08549557626247406,1.3688899278640747,-1.4191759824752808,-0.47508630156517034,0.0,0.0,-0.4967716932296753,0.0,0.0
35.393,-0.8067044615745544,0.06449073553085327,0.9334422349929808,-1.429221749305725,-0.4070599377155304,0.0,0.0,-0.4647640883922577,0.0,0.0
35.406,-0.7859832644462585,0.06965519487857819,1.0974358320236206,-1.4334553480148315,-0.3718841969966888,0.0,0.0,-0.4257635772228241,0.0,0.0
35.42,-0.8017140030860901,0.05289116129279137,1.3953789472579956,-1.45683491230011,-0.35239714384078974,0.0,0.0,-0.4257635772228241,0.0,0.0
35.433,-0.8443617820739746,0.004851680248975754,1.2848798036575315,-1.4982562065124512,-0.33079832792282104,0.0,0.0,-0.4237489104270935,0.0,0.0
35.446,-0.810122311115265,0.007575532421469688,-3.9605216979980473,-1.4875365495681765,-0.36098378896713257,0.0,0.0,-0.43859365582466125,0.0,0.0
35.46,-0.8137828707695006,0.04736091196537018,-5.1502413749694815,-1.507858157157898,-0.40517306327819824,0.0,0.0,-0.4719109237194061,0.0,0.0
35.473,-0.8029322028160094,0.046353019773960114,1.7977293729782104,-1.5002707242965698,-0.4030185639858246,0.0,0.0,-0.4719109237194061,0.0,0.0
35.486,-0.8151360154151917,0.0919140875339508,-11.058082580566406,-1.5613489151000977,-0.4812676012516022,0.0,0.0,-0.5394761562347412,0.0,0.0
35.499,-0.8569428324699403,0.08272875845432281,4.785293102264404,-1.5831046104431152,-0.5099867582321167,0.0,0.0,-0.551978349685669,0.0,0.0
35.513,-0.8935576081275941,0.06213455647230148,2.6856801509857178,-1.6115317344665527,-0.5102831721305847,0.0,0.0,-0.5517966747283936,0.0,0.0
35.526,-0.8767439126968384,0.059662144631147385,-0.19696354866027832,-1.6228002309799194,-0.5025251507759094,0.0,0.0,-0.5511979460716248,0.0,0.0
35.54,-0.8510926961898804,0.07118147611618042,-0.4437647759914398,-1.617079734802246,-0.49286109209060663,0.0,0.0,-0.5528404712677002,0.0,0.0
35.553,-0.8660826683044434,0.06465382874011993,1.5351287126541138,-1.6430907249450684,-0.45920026302337646,0.0,0.0,-0.5424763560295105,0.0,0.0
35.566,-0.9056113362312318,0.04192647710442543,6.326329708099365,-1.6613028049468994,-0.40744796395301813,0.0,0.0,-0.500507652759552,0.0,0.0
35.58,-0.9451486468315123,-0.008538540452718735,10.854852676391602,-1.6823240518569946,-0.308411717414856,0.0,0.0,-0.41955012083053594,0.0,0.0
35.593,-0.975194215774536,-0.06848357617855072,12.9826021194458,-1.6997846364974976,-0.17541567981243134,0.0,0.0,-0.309815376996994,0.0,0.0
35.606,-0.9346808791160583,-0.0898381918668747,16.75832748413086,-1.6937466859817505,0.00036117434501647944,0.0,0.0,-0.12583960592746735,0.0,0.0
35.62,-0.907298743724823,-0.05135197937488556,-6.390697956085205,-1.6454454660415647,-0.0031282082200050354,0.0,0.0,-0.12583960592746735,0.0,0.0
35.633,-0.9069426059722899,-0.03645285218954086,6.721593856811523,-1.6542207002639773,0.07612062990665437,0.0,0.0,-0.0553109087049961,0.0,0.0
35.646,-0.9288418889045715,-0.16997864842414856,22.49802589416504,-1.653964281082153,0.3414582312107086,0.0,0.0,0.12805399298667908,0.0,0.0
35.66,-0.8950596451759337,-0.16961409151554108,-0.7203362584114075,-1.6002107858657837,0.3762873411178589,0.0,0.0,0.201005220413208,0.0,0.0
35.673,-0.87515527009964,-0.17320238053798676,-0.5719777345657349,-1.5826590061187744,0.3826988935470581,0.0,0.0,0.201005220413208,0.0,0.0
35.686,-0.8861067295074464,-0.13579387962818146,-1.679011344909668,-1.6055507659912107,0.3673406541347504,0.0,0.0,0.21181420981884003,0.0,0.0
35.699,-0.9249117970466612,-0.15488015115261078,-0.7241572737693786,-1.6544545888900757,0.3756517767906189,0.0,0.0,0.2115086168050766,0.0,0.0
35.714,-0.9073326587677002,-0.11774042993783952,-1.4021559953689575,-1.6555142402648926,0.3197629451751709,0.0,0.0,0.20487137138843536,0.0,0.0
35.727,-0.8781113624572755,-0.05038028210401535,-2.7039661407470703,-1.646891713142395,0.22838363051414487,0.0,0.0,0.17333383858203888,0.0,0.0
35.741,-0.8577452301979066,-0.021985119208693504,-4.387483596801758,-1.6556146144866943,0.16722585260868073,0.0,0.0,0.1417504847049713,0.0,0.0
35.754,-0.8907746076583862,-0.041477665305137634,0.7564018964767456,-1.6736215353012085,0.16501423716545105,0.0,0.0,0.1314300298690796,0.0,0.0
35.767,-0.9089809656143187,-0.03625469654798508,3.11709213256836,-1.674790382385254,0.15885673463344574,0.0,0.0,0.1395823210477829,0.0,0.0
35.781,-0.8853974938392638,0.003983621485531329,0.35884380340576166,-1.6385835409164429,0.12402896583080292,0.0,0.0,0.14849600195884705,0.0,0.0
35.794,-0.8643670678138734,0.023642957210540768,-2.016301393508911,-1.647229552268982,0.11970047652721404,0.0,0.0,0.14735548198223114,0.0,0.0
35.807,-0.8900278210639954,-0.060466893017292016,3.953636407852173,-1.6435747146606443,0.2684451937675476,0.0,0.0,0.17493702471256256,0.0,0.0
35.821,-0.8850175738334656,-0.06088618934154511,-1.0482027530670166,-1.611184000968933,0.2745313048362732,0.0,0.0,0.17493702471256256,0.0,0.0
35.834,-0.8649514317512512,-0.0833113193511963,5.435927867889404,-1.5695363283157349,0.34394586086273193,0.0,0.0,0.22436664998531344,0.0,0.0
35.847,-0.8387518525123597,-0.02840388566255569,1.5594877004623413,-1.5314940214157104,0.4481617510318756,0.0,0.0,0.2986147403717041,0.0,0.0
35.861,-0.8211782574653625,-0.04729486256837845,2.285292387008667,-1.4700692892074585,0.5452374219894409,0.0,0.0,0.34504666924476624,0.0,0.0
35.874,-0.8034528493881226,-0.0480969175696373,-1.1007908582687378,-1.4099228382110596,0.5608868598937988,0.0,0.0,0.34504666924476624,0.0,0.0
35.887,-0.8101813793182373,-0.09558265656232834,17.753828048706055,-1.3675546646118164,0.7760895490646361,0.0,0.0,0.5077639222145081,0.0,0.0
35.901,-0.7682384252548218,-0.09374669194221497,-0.4507116973400116,-1.3084707260131836,0.8645694851875305,0.0,0.0,0.5671348571777344,0.0,0.0
35.914,-0.7466080784797667,-0.07634881883859633,-2.2302186489105225,-1.2615622282028198,0.8941746950149536,0.0,0.0,0.5923954248428345,0.0,0.0
35.927,-0.7080746293067932,-0.05238455533981323,-2.3811354637146,-1.2261582612991333,0.8597287535667419,0.0,0.0,0.5947372913360596,0.0,0.0
35.941,-0.7039143443107605,-0.040319837629795074,-1.2524664402008057,-1.2044615745544434,0.8242188692092894,0.0,0.0,0.5912676453590393,0.0,0.0
35.954,-0.7119283676147461,-0.03964854031801224,1.5843607187271118,-1.2083207368850708,0.8232417702674866,0.0,0.0,0.6010775566101073,0.0,0.0
35.967,-0.7264669537544249,-0.02117256075143814,1.9187226295471191,-1.2078592777252195,0.8295621871948241,0.0,0.0,0.628530979156494,0.0,0.0
35.981,-0.7399503588676452,-0.0024128779768943787,3.0141413211822514,-1.226203203201294,0.847594380378723,0.0,0.0,0.6706113815307617,0.0,0.0
35.994,-0.7614353299140929,-0.04240057617425919,2.88358473777771,-1.254019260406494,0.9246726036071776,0.0,0.0,0.7194191813468933,0.0,0.0
36.007,-0.7112998962402344,-0.1045384407043457,-3.6510205268859854,-1.208020806312561,1.0866024494171145,0.0,0.0,0.7410491108894349,0.0,0.0
36.021,-0.660251259803772,-0.10288619250059128,1.238009333610535,-1.1670472621917725,1.1075561046600342,0.0,0.0,0.7410491108894349,0.0,0.0
36.034,-0.6279156804084778,-0.06226944923400879,-8.289072036743164,-1.1146063804626465,1.0641919374465942,0.0,0.0,0.7198754549026489,0.0,0.0
36.047,-0.6669917702674866,-0.1083640456199646,-4.988251686096192,-1.13242769241333,1.0529961585998535,0.0,0.0,0.7153636813163757,0.0,0.0
36.061,-0.7010183334350586,-0.13700968027114868,4.142401218414307,-1.1479499340057373,1.0424683094024658,0.0,0.0,0.7178260087966919,0.0,0.0
36.074,-0.7036330699920654,-0.13806691765785217,-0.7142252922058105,-1.1446369886398315,1.0491809844970703,0.0,0.0,0.7178260087966919,0.0,0.0
36.087,-0.7152941226959229,-0.1390099674463272,-4.235167503356934,-1.192948341369629,0.9819368720054625,0.0,0.0,0.6829115152359009,0.0,0.0
36.101,-0.6876806020736694,-0.1442679762840271,-4.388875961303711,-1.1822733879089355,0.9769511222839357,0.0,0.0,0.6372734904289246,0.0,0.0
36.114,-0.65680330991745,-0.17380529642105105,-2.4916403293609615,-1.131504774093628,0.9743103384971618,0.0,0.0,0.5924853086471558,0.0,0.0
36.127,-0.660119354724884,-0.21878406405448916,-0.4648011028766632,-1.110031008720398,0.9684607982635498,0.0,0.0,0.5716065764427185,0.0,0.0
36.141,-0.6682326793670654,-0.23154208064079285,1.1998928785324097,-1.1132038831710815,0.9453644156455993,0.0,0.0,0.5812329053878784,0.0,0.0
36.154,-0.6396917700767517,-0.20098337531089783,0.06443671882152557,-1.0879027843475342,0.9163197875022888,0.0,0.0,0.5973863601684569,0.0,0.0
36.167,-0.6158596277236938,-0.14869245886802673,-2.868544340133667,-1.0764857530593872,0.8729447126388551,0.0,0.0,0.5840194225311279,0.0,0.0
36.181,-0.6071975827217102,-0.12071597576141356,-5.271411418914794,-1.0637284517288208,0.8277407884597777,0.0,0.0,0.53578120470047,0.0,0.0
36.194,-0.6449891924858093,-0.15328390896320343,-3.3988382816314697,-1.097822904586792,0.7839548587799072,0.0,0.0,0.49303871393203735,0.0,0.0
36.207,-0.6740027070045471,-0.21096211671829224,2.21371865272522,-1.0946147441864014,0.7970837354660033,0.0,0.0,0.5266786813735962,0.0,0.0
36.221,-0.6849724054336548,-0.2331380993127823,4.430328369140625,-1.0619280338287354,0.843836784362793,0.0,0.0,0.5266786813735962,0.0,0.0
36.234,-0.6434368491172792,-0.19746199250221247,1.1704444885253906,-1.0018380880355835,0.8563631176948547,0.0,0.0,0.5418679118156433,0.0,0.0
36.247,-0.6020162701606752,-0.15022629499435425,-1.4804598093032837,-0.9528191685676575,0.9022939801216124,0.0,0.0,0.5347940921783447,0.0,0.0
36.261,-0.5659241676330566,-0.14274390041828156,0.303109735250473,-0.891000986099243,0.9529422521591185,0.0,0.0,0.5347940921783447,0.0,0.0
36.274,-0.5971762537956238,-0.17123602330684662,3.767003774642944,-0.8931266665458678,1.0052666664123535,0.0,0.0,0.5658566951751709,0.0,0.0
36.287,-0.558140754699707,-0.1725161224603653,10.180167198181152,-0.8954101204872131,1.074195384979248,0.0,0.0,0.6637272834777832,0.0,0.0
36.301,-0.560785174369812,-0.15704163908958435,-2.623342275619507,-0.9155976176261902,1.095452070236206,0.0,0.0,0.6791731119155884,0.0,0.0
36.314,-0.5489085912704468,-0.15694846212863922,-0.2894975244998932,-0.8892349004745483,1.1179733276367188,0.0,0.0,0.6791731119155884,0.0,0.0
36.327,-0.528789222240448,-0.13939303159713745,-4.280447959899902,-0.8439387679100036,1.1273479461669922,0.0,0.0,0.6567840576171875,0.0,0.0
36.341,-0.5192614197731018,-0.1476915180683136,0.30251404643058777,-0.7998152375221251,1.1441290378570557,0.0,0.0,0.6557180881500244,0.0,0.0
36.354,-0.5293841361999512,-0.16276736557483673,2.886497259140014,-0.807568371295929,1.1729612350463867,0.0,0.0,0.6787350177764893,0.0,0.0
36.367,-0.5401862263679504,-0.15697583556175232,3.0344657897949214,-0.8315323591232301,1.1835410594940186,0.0,0.0,0.7145388722419739,0.0,0.0
36.381,-0.5564797520637512,-0.12969721853733063,-0.595991313457489,-0.8803074955940247,1.1406146287918093,0.0,0.0,0.7263199687004089,0.0,0.0
36.394,-0.5326749086380005,-0.0938793122768402,-4.683002948760985,-0.8610752224922179,1.093364715576172,0.0,0.0,0.6879701614379883,0.0,0.0
36.407,-0.5233274698257446,-0.06738120317459105,-15.341638565063477,-0.8624056577682494,0.8998255729675293,0.0,0.0,0.5401514172554016,0.0,0.0
36.421,-0.5218377709388733,-0.09314154088497162,3.9950709342956543,-0.8763347268104553,0.8896592855453491,0.0,0.0,0.5401514172554016,0.0,0.0
36.434,-0.5529636740684509,-0.1360058635473251,-4.341297149658203,-0.8846419453620911,0.8372820019721986,0.0,0.0,0.5060757398605347,0.0,0.0
36.447,-0.5622022151947021,-0.14284981787204742,1.951281309127808,-0.8900930285453795,0.8426851034164429,0.0,0.0,0.5062499642372131,0.0,0.0
36.461,-0.5154706239700316,-0.11332979798316956,0.10043419897556304,-0.8299851417541504,0.8655036687850952,0.0,0.0,0.4977503716945648,0.0,0.0
36.474,-0.47519189119338984,-0.10236690193414688,0.27134230732917786,-0.7841940522193908,0.8776445984840393,0.0,0.0,0.4977503716945648,0.0,0.0
36.487,-0.45483928918838495,-0.11170540750026704,1.8052786588668823,-0.7141316533088684,0.8854650259017944,0.0,0.0,0.4961422681808472,0.0,0.0
36.501,-0.47907978296279913,-0.1376514583826065,1.7701036930084229,-0.6961848735809326,0.9186336398124695,0.0,0.0,0.5111697316169739,0.0,0.0
36.514,-0.486893355846405,-0.14015683531761167,2.881443500518799,-0.6843629479408264,0.9806368947029114,0.0,0.0,0.5390373468399048,0.0,0.0
36.527,-0.44494548439979553,-0.11242352426052094,3.213228225708008,-0.61716628074646,1.0760812759399414,0.0,0.0,0.5842176675796509,0.0,0.0
36.541,-0.4703727662563324,-0.09015865623950958,3.5365841388702397,-0.6564192175865173,1.1584891080856323,0.0,0.0,0.6353234052658081,0.0,0.0
36.554,-0.43174940347671514,-0.06376272439956665,4.9406189918518075,-0.593589723110199,1.267142415046692,0.0,0.0,0.6721285581588745,0.0,0.0
36.568,-0.4098886549472809,-0.05656825006008148,2.248507022857666,-0.5849131941795349,1.3203125,0.0,0.0,0.6890205144882202,0.0,0.0
36.581,-0.44453898072242737,-0.08113034069538115,0.5629453659057617,-0.617424726486206,1.3433494567871094,0.0,0.0,0.7041366100311279,0.0,0.0
36.594,-0.4759057760238648,-0.13166329264640808,2.268429040908813,-0.6282140612602234,1.3975776433944702,0.0,0.0,0.7365580797195433,0.0,0.0
36.607,-0.4265226125717163,-0.1720564365386963,12.81008243560791,-0.5532913208007812,1.5689916610717771,0.0,0.0,0.812788724899292,0.0,0.0
36.621,-0.37773254513740545,-0.16657063364982605,-4.093509197235107,-0.4810299277305603,1.5891913175582886,0.0,0.0,0.812788724899292,0.0,0.0
36.634,-0.3306102156639099,-0.1175583153963089,4.340520381927489,-0.4760013520717621,1.582291603088379,0.0,0.0,0.8287440538406371,0.0,0.0
36.647,-0.370109885931015,-0.07546599954366685,-0.37229061126708973,-0.5288733839988708,1.4961256980895996,0.0,0.0,0.8327178955078125,0.0,0.0
36.661,-0.34911805391311646,-0.07460539042949677,-0.36680325865745533,-0.4972623884677887,1.480647087097168,0.0,0.0,0.8150860071182251,0.0,0.0
36.674,-0.3896348774433136,-0.09201043844223022,-3.4484691619873047,-0.5353793501853943,1.4567915201187134,0.0,0.0,0.8150860071182251,0.0,0.0
36.687,-0.4181709885597229,-0.14284265041351318,-7.971055507659912,-0.5575464963912964,1.3640382289886477,0.0,0.0,0.772709548473358,0.0,0.0
36.701,-0.43603819608688354,-0.14966560900211334,3.275202989578247,-0.5801607966423035,1.3466196060180664,0.0,0.0,0.7695490717887878,0.0,0.0
36.714,-0.4112035930156708,-0.12936411798000336,-0.07475987076759337,-0.5652298331260681,1.3311058282852173,0.0,0.0,0.7550182938575744,0.0,0.0
36.727,-0.3770920634269714,-0.09203129261732099,0.1562856137752533,-0.5460118651390076,1.3019728660583496,0.0,0.0,0.718389093875885,0.0,0.0
36.741,-0.3901056349277496,-0.0816352367401123,-1.365997552871704,-0.5914566516876221,1.2494401931762695,0.0,0.0,0.6790174245834352,0.0,0.0
36.754,-0.4045548141002655,-0.11163433641195296,0.48008859157562256,-0.5764116644859314,1.2331445217132568,0.0,0.0,0.6579409837722777,0.0,0.0
36.767,-0.3744032979011536,-0.163652703166008,1.8259227275848389,-0.5194613337516785,1.235617756843567,0.0,0.0,0.6517331600189209,0.0,0.0
36.781,-0.3399460017681122,-0.20619012415409088,0.9657293558120728,-0.46802464127540583,1.2450923919677734,0.0,0.0,0.6501416563987732,0.0,0.0
36.794,-0.3517988324165344,-0.2157903611660004,1.172183394432068,-0.4803787469863892,1.2390785217285156,0.0,0.0,0.6472046971321106,0.0,0.0
36.807,-0.32514575123786926,-0.21293896436691284,6.991189002990723,-0.41295659542083746,1.2577619552612305,0.0,0.0,0.6537156105041504,0.0,0.0
36.821,-0.30002254247665405,-0.2143171727657318,-2.2885119915008545,-0.34756821393966675,1.2774094343185425,0.0,0.0,0.6537156105041504,0.0,0.0
36.834,-0.2657262086868286,-0.22941328585147855,5.107384204864503,-0.2848403751850128,1.2959363460540771,0.0,0.0,0.6633169651031494,0.0,0.0
36.847,-0.22675117850303647,-0.26009923219680786,3.716200590133667,-0.23787315189838407,1.3244447708129885,0.0,0.0,0.674734890460968,0.0,0.0
36.861,-0.2173541635274887,-0.2745987474918365,0.10254979133605956,-0.204563170671463,1.3641369342803955,0.0,0.0,0.7079216241836548,0.0,0.0
36.874,-0.22628116607666016,-0.272974580526352,-0.1764826476573944,-0.17913417518138883,1.3851323127746582,0.0,0.0,0.7079216241836548,0.0,0.0
36.887,-0.19998043775558472,-0.2650355398654938,10.711387634277344,-0.1493884027004242,1.5062344074249268,0.0,0.0,0.769235610961914,0.0,0.0
36.901,-0.16402234137058258,-0.25225993990898127,2.268882751464844,-0.10909020900726318,1.588646411895752,0.0,0.0,0.8012454509735107,0.0,0.0
36.914,-0.17903922498226166,-0.24131612479686737,4.933985710144043,-0.11253080517053604,1.6508119106292725,0.0,0.0,0.8369513154029846,0.0,0.0
36.927,-0.12930989265441897,-0.3365083038806916,1.3125747442245483,-0.07913888990879059,1.7270236015319824,0.0,0.0,0.7279937863349913,0.0,0.0
36.941,-0.07720443606376648,-0.4911100566387177,-16.66807746887207,-0.0554312951862812,1.6278131008148191,0.0,0.0,0.4995484352111816,0.0,0.0
36.954,-0.11348876357078552,-0.4990429282188416,-27.901281356811523,-0.10668953508138657,1.2101552486419678,0.0,0.0,0.36471426486968994,0.0,0.0
36.967,-0.1538403183221817,-0.34249281883239746,-14.207642555236816,-0.1656467616558075,0.8306511640548706,0.0,0.0,0.2389528602361679,0.0,0.0
36.981,-0.18658132851123807,-0.218423992395401,0.3658890724182129,-0.19656537473201752,0.6842221617698668,0.0,0.0,0.17389939725399017,0.0,0.0
36.994,-0.22603397071361545,-0.258719265460968,1.2817873954772947,-0.24968795478343964,0.6433666944503784,0.0,0.0,0.24471892416477203,0.0,0.0
37.007,-0.2669830322265625,-0.4374796152114868,6.32902193069458,-0.28260472416877747,0.6090050935745239,0.0,0.0,0.2325226962566376,0.0,0.0
37.021,-0.3078438341617584,-0.43204891681671137,-0.8672866821289062,-0.3168994784355164,0.6151083707809448,0.0,0.0,0.2325226962566376,0.0,0.0
37.034,-0.31674128770828247,-0.4926478862762451,8.923291206359863,-0.3117472529411316,0.6271138787269592,0.0,0.0,0.218170166015625,0.0,0.0
37.047,-0.26749905943870544,-0.5898085832595825,17.32675552368164,-0.25515732169151306,0.7800161242485046,0.0,0.0,0.2012632042169571,0.0,0.0
37.061,-0.21772736310958865,-0.6188492774963379,-4.571270942687988,-0.19771835207939148,0.8050862550735474,0.0,0.0,0.18267425894737244,0.0,0.0
37.074,-0.16814638674259186,-0.6344923973083496,-2.084617376327514,-0.14077670872211456,0.7936695814132689,0.0,0.0,0.18267425894737244,0.0,0.0
37.087,-0.14423543214797974,-0.6111390590667725,-11.877127647399902,-0.08767019212245941,0.7055457830429077,0.0,0.0,0.13740405440330505,0.0,0.0
37.101,-0.12412651628255844,-0.5646021962165833,-3.887211322784424,-0.02893168106675148,0.6282966732978821,0.0,0.0,0.13523820042610168,0.0,0.0
37.114,-0.1065341904759407,-0.5499942898750305,-3.066971778869629,0.022120732814073563,0.6040166616439819,0.0,0.0,0.15377521514892578,0.0,0.0
37.127,-0.08188073337078094,-0.5784952640533447,3.5782277584075928,0.07001248747110367,0.6414540410041809,0.0,0.0,0.18336486816406247,0.0,0.0
37.141,-0.06774618476629257,-0.6442172527313232,7.418577671051025,0.11400477588176729,0.7182052731513977,0.0,0.0,0.22240379452705383,0.0,0.0
37.154,-0.08840648829936981,-0.731606900691986,7.975441932678223,0.07395243644714355,0.828428328037262,0.0,0.0,0.26921865344047546,0.0,0.0
37.167,-0.058704957365989685,-0.8079099655151366,8.876363754272463,0.09508006274700163,0.8951154947280883,0.0,0.0,0.3013395667076111,0.0,0.0
37.181,-0.01577858068048954,-0.8218849897384644,1.6481391191482544,0.11989080160856248,0.9299732446670531,0.0,0.0,0.30124393105506897,0.0,0.0
37.194,-0.00953270588070154,-0.7864028811454773,2.017698287963867,0.12904556095600128,0.953165590763092,0.0,0.0,0.2847387790679932,0.0,0.0
37.207,-0.039119333028793335,-0.7562273740768432,-1.597145915031433,0.08091121912002563,0.9284311532974243,0.0,0.0,0.2991068363189697,0.0,0.0
37.221,-0.017672419548034668,-0.7381425499916077,-1.083391189575195,0.09527821838855743,0.8359386920928955,0.0,0.0,0.2991068363189697,0.0,0.0
37.234,0.0016957393381744623,-0.6884514689445496,-3.8305563926696777,0.1083838790655136,0.7809869050979614,0.0,0.0,0.31836101412773127,0.0,0.0
37.247,0.010114597156643867,-0.443380743265152,-31.853450775146484,0.12082610279321672,0.306943953037262,0.0,0.0,0.213845893740654,0.0,0.0
37.261,0.012340260669589044,-0.44250473380088806,11.46421241760254,0.12827302515506744,0.2287701964378357,0.0,0.0,0.12635233998298645,0.0,0.0
37.274,-0.017856426537036896,-0.2717725932598114,-22.461282730102536,0.10582631081342696,0.04284726083278656,0.0,0.0,0.12635233998298645,0.0,0.0
37.287,-0.02868622355163097,-0.07911467552185057,-16.9853515625,0.10981573164463045,-0.28797292709350586,0.0,0.0,0.09193906188011168,0.0,0.0
37.301,-0.006552850361913443,-0.010562747716903688,1.447962522506714,0.14047016203403473,-0.3634799718856812,0.0,0.0,0.08713901042938232,0.0,0.0
37.314,0.030836308375000957,0.055619977414608,-5.241313934326172,0.18520225584506989,-0.462897926568985,0.0,0.0,0.07575235515832901,0.0,0.0
37.327,0.07166126370429993,0.10775482654571532,-6.42551326751709,0.22866038978099823,-0.601199209690094,0.0,0.0,0.060612685978412635,0.0,0.0
37.341,0.11327233910560608,0.17075912654399872,-8.073372840881348,0.2536150813102722,-0.7597888708114624,0.0,0.0,0.03849060833454132,0.0,0.0
37.354,0.1299504190683365,0.28224027156829834,-11.588034629821776,0.28113311529159546,-0.9208434224128723,0.0,0.0,0.012418434023857117,0.0,0.0
37.367,0.1404358595609665,0.4185764193534851,-11.823790550231934,0.3255216181278229,-1.0558933019638062,0.0,0.0,-0.027155267074704167,0.0,0.0
37.381,0.14538337290287018,0.55671489238739,-11.755781173706056,0.3698266446590424,-1.1502764225006104,0.0,0.0,-0.08617443591356277,0.0,0.0
37.394,0.09253694862127304,0.7058646082878113,-14.151935577392578,0.3093894124031067,-1.2795863151550293,0.0,0.0,-0.14658436179161072,0.0,0.0
37.408,0.033093251287937164,0.958500564098358,-18.843944549560547,0.25260448455810547,-1.3988970518112185,0.0,0.0,-0.2110399752855301,0.0,0.0
37.421,-0.029260026291012764,0.9694628715515136,6.494606971740723,0.18300235271453855,-1.4148459434509275,0.0,0.0,-0.2110399752855301,0.0,0.0
37.434,-0.05323693528771401,1.026661396026611,-6.831456661224365,0.11299463361501694,-1.526249885559082,0.0,0.0,-0.18977063894271848,0.0,0.0
37.447,-0.07391803711652756,1.1797902584075928,6.03017807006836,0.03916031494736672,-1.473097801208496,0.0,0.0,-0.1501515954732895,0.0,0.0
37.461,-0.09365905821323395,1.2943638563156128,-0.17535388469696045,-0.02636193670332432,-1.47579026222229,0.0,0.0,-0.17084966599941254,0.0,0.0
37.474,-0.11375176906585692,1.214773178100586,-0.020948052406311035,-0.05997929722070695,-1.446770429611206,0.0,0.0,-0.18214774131774905,0.0,0.0
37.487,-0.12263748794794084,0.9412869215011597,30.162744522094727,-0.06423168629407883,-1.2412378787994385,0.0,0.0,-0.1519721895456314,0.0,0.0
37.501,-0.09902036935091017,0.8354519009590149,7.790873527526855,-0.0367090217769146,-1.0061393976211548,0.0,0.0,-0.11164633929729462,0.0,0.0
37.514,-0.0672639012336731,0.8337718248367308,10.975089073181152,-0.0017288526287302377,-0.797905445098877,0.0,0.0,-0.10379251092672348,0.0,0.0
37.527,-0.06216082721948624,0.7215054035186766,-23.786741256713867,0.01373191364109516,-0.6444317698478699,0.0,0.0,-0.11800937354564668,0.0,0.0
37.541,-0.08207924664020537,0.6731784939765929,1.4675661325454712,-0.0037850253283977513,-0.5026912689208984,0.0,0.0,-0.12137879431247713,0.0,0.0
37.554,-0.12129522114992142,0.6499294638633728,3.3756852149963374,-0.0343756228685379,-0.3844374418258667,0.0,0.0,-0.11152924597263336,0.0,0.0
37.567,-0.16681905090808868,0.656631350517273,4.5660181045532235,-0.08074848353862761,-0.2910612225532532,0.0,0.0,-0.12993669509887695,0.0,0.0
37.581,-0.16724690794944763,0.6994214057922363,3.5868465900421143,-0.08086816221475601,-0.2683769464492798,0.0,0.0,-0.12993669509887695,0.0,0.0
37.594,-0.16053301095962524,0.7297325134277344,0.48671141266822815,-0.030968306586146355,-0.24514582753181455,0.0,0.0,-0.15467658638954165,0.0,0.0
37.607,-0.16595259308815002,0.7872272729873657,-3.9911425113677974,-0.02903398685157299,-0.3638095557689666,0.0,0.0,-0.15417827665805817,0.0,0.0
37.621,-0.17267359793186188,0.7424461841583251,0.6567544937133789,-0.03599751740694046,-0.38664829730987543,0.0,0.0,-0.14412018656730652,0.0,0.0
37.634,-0.2238195091485977,0.705838143825531,-4.361088275909424,-0.08679099380970001,-0.42088037729263306,0.0,0.0,-0.14412018656730652,0.0,0.0
37.647,-0.23892822861671448,0.6280685663223267,-7.408679008483887,-0.13186058402061462,-0.412627637386322,0.0,0.0,-0.18953405320644376,0.0,0.0
37.661,-0.2542283236980438,0.6208783984184265,2.267617702484131,-0.1835004538297653,-0.4437411427497864,0.0,0.0,-0.22504723072052,0.0,0.0
37.674,-0.2695682644844055,0.5843344926834105,-4.131536006927489,-0.23435066640377045,-0.4777521193027496,0.0,0.0,-0.24337005615234372,0.0,0.0
37.687,-0.29599389433860773,0.4848063588142395,-1.406523585319519,-0.2869512438774109,-0.5051921606063843,0.0,0.0,-0.25438743829727173,0.0,0.0
37.701,-0.2921801507472992,0.4155854880809784,-2.5641024112701416,-0.25214293599128723,-0.4725994765758514,0.0,0.0,-0.2821536958217621,0.0,0.0
37.714,-0.25452014803886414,0.4196012020111084,0.8697107434272766,-0.22364620864391327,-0.4454537630081177,0.0,0.0,-0.32537898421287537,0.0,0.0
37.727,-0.3006237745285034,0.30113983154296875,-3.006626605987549,-0.26573702692985535,-0.4557729959487915,0.0,0.0,-0.3577902615070343,0.0,0.0
37.741,-0.30685970187187195,0.2663431167602539,2.2412583827972408,-0.2745339870452881,-0.4919724762439728,0.0,0.0,-0.3626955151557922,0.0,0.0
37.754,-0.3148689270019531,0.22759360074996948,-1.2111223936080933,-0.27149805426597595,-0.5229848623275757,0.0,0.0,-0.3583648204803467,0.0,0.0
37.767,-0.3544721007347107,0.1896440386772156,-2.8456873893737797,-0.31013742089271545,-0.5914243459701538,0.0,0.0,-0.37900471687316895,0.0,0.0
37.781,-0.4001257121562958,0.17417289316654205,-1.2614920139312744,-0.3536058068275452,-0.6351072788238524,0.0,0.0,-0.42181164026260376,0.0,0.0
37.794,-0.42051315307617193,0.17757235467433927,1.7336412668228147,-0.3778668344020844,-0.6878777742385864,0.0,0.0,-0.45357328653335566,0.0,0.0
37.808,-0.4367305338382721,0.1793919950723648,7.150572299957275,-0.42382290959358215,-0.7080519199371338,0.0,0.0,-0.46644160151481623,0.0,0.0
37.821,-0.4001861810684204,0.20199517905712128,-2.3250036239624023,-0.3745077252388001,-0.7031258344650269,0.0,0.0,-0.46644160151481623,0.0,0.0
37.834,-0.4135127365589142,0.20631681382656095,1.1242188215255735,-0.4301290214061737,-0.7154650688171387,0.0,0.0,-0.4814792573451996,0.0,0.0
37.847,-0.3841204047203064,0.15673546493053436,-0.7830865383148193,-0.37932330369949346,-0.7028948068618774,0.0,0.0,-0.5079808235168457,0.0,0.0
37.861,-0.34969058632850647,0.18063296377658844,2.577645301818848,-0.328422486782074,-0.6779341101646423,0.0,0.0,-0.5027305483818054,0.0,0.0
37.874,-0.3325098156929016,0.18636727333068848,-0.6418436765670776,-0.32140114903450007,-0.6687698364257812,0.0,0.0,-0.5027305483818054,0.0,0.0
37.887,-0.3728597164154053,0.2430972456932068,6.293946266174316,-0.35488215088844294,-0.6736713647842407,0.0,0.0,-0.5220266580581665,0.0,0.0
37.901,-0.4166755974292755,0.22209520637989044,0.6158977746963501,-0.36309283971786493,-0.6725817918777466,0.0,0.0,-0.5081102848052979,0.0,0.0
37.914,-0.4059499204158783,0.21365784108638763,2.53684663772583,-0.31219920516014094,-0.6626410484313965,0.0,0.0,-0.48207634687423706,0.0,0.0
37.927,-0.4519712030887604,0.19836923480033877,1.2474908828735352,-0.3691812753677368,-0.6664411425590515,0.0,0.0,-0.4717475175857544,0.0,0.0
37.941,-0.4854436814785004,0.20401364564895633,-1.7350449562072754,-0.43029156327247614,-0.6898800134658813,0.0,0.0,-0.4810757637023926,0.0,0.0
37.954,-0.5056090950965881,0.19407585263252256,-2.631340742111206,-0.4651675224304199,-0.7119531631469728,0.0,0.0,-0.4916704893112183,0.0,0.0
37.967,-0.4682948887348175,0.18382082879543304,-1.935421586036682,-0.41525849699974066,-0.7194833755493164,0.0,0.0,-0.49504512548446655,0.0,0.0
37.981,-0.4301357269287109,0.18904696404933927,-1.5070840120315552,-0.36469340324401855,-0.7269746065139769,0.0,0.0,-0.5009681582450867,0.0,0.0
37.994,-0.3969882428646088,0.20565471053123477,-0.4542253911495209,-0.3608714938163757,-0.7388706207275391,0.0,0.0,-0.5125513076782227,0.0,0.0
38.007,-0.44152212142944336,0.0836353525519371,6.595784187316895,-0.38360333442687994,-0.6459222435951233,0.0,0.0,-0.48443049192428583,0.0,0.0
38.021,-0.46300059556961054,0.07657895982265472,-2.2004663944244385,-0.38713988661766047,-0.6193886995315552,0.0,0.0,-0.48443049192428583,0.0,0.0
38.034,-0.4377005696296692,0.03558236360549927,4.110445022583008,-0.3344730734825134,-0.572013795375824,0.0,0.0,-0.4488041400909424,0.0,0.0
38.047,-0.41492405533790583,0.10337389260530472,-3.2320573329925537,-0.3469582200050354,-0.4722241759300232,0.0,0.0,-0.4015471339225769,0.0,0.0
38.061,-0.44339573383331293,0.14223109185695648,-2.13309383392334,-0.3985679745674133,-0.4167636930942536,0.0,0.0,-0.381013959646225,0.0,0.0
38.074,-0.47014385461807245,0.12693843245506287,1.0744504928588867,-0.43839988112449646,-0.40521773695945745,0.0,0.0,-0.381013959646225,0.0,0.0
38.087,-0.4538724720478058,0.21341708302497864,2.1212406158447266,-0.40519189834594727,-0.2759636640548706,0.0,0.0,-0.3321874439716339,0.0,0.0
38.101,-0.4397612512111664,0.2442692518234253,2.4087643623352046,-0.37644723057746887,-0.23233157396316528,0.0,0.0,-0.3131577968597412,0.0,0.0
38.114,-0.48445016145706177,0.22383737564086917,2.551974296569824,-0.41738730669021606,-0.20654235780239105,0.0,0.0,-0.2821720540523529,0.0,0.0
38.127,-0.5114880800247192,0.20106124877929688,3.913794279098511,-0.4510343670845032,-0.13862459361553192,0.0,0.0,-0.2366804480552673,0.0,0.0
38.141,-0.4892397224903106,0.2179672122001648,3.5440385341644287,-0.40819036960601807,-0.024666316807270047,0.0,0.0,-0.19721932709217072,0.0,0.0
38.154,-0.4783197045326233,0.2633519768714905,2.203007698059082,-0.4002045691013336,0.036408256739377975,0.0,0.0,-0.17861592769622803,0.0,0.0
38.167,-0.5073857307434082,0.3051721751689911,0.5467615723609924,-0.4159152209758759,0.03200070559978485,0.0,0.0,-0.15088540315628052,0.0,0.0
38.181,-0.5072026252746582,0.3259245753288269,-0.19136667251586917,-0.4207090735435486,0.02150667086243629,0.0,0.0,-0.15088540315628052,0.0,0.0
38.194,-0.5064045190811157,0.3180956244468689,0.10064318776130676,-0.406682163476944,0.008458461612462997,0.0,0.0,-0.14979678392410278,0.0,0.0
38.207,-0.4916436672210693,0.3136407732963562,-0.7699951529502868,-0.35608285665512085,-0.04203629866242409,0.0,0.0,-0.17605708539485931,0.0,0.0
38.221,-0.5081090927124025,0.29216456413269043,1.0031707286834717,-0.3829911947250366,-0.12037192285060884,0.0,0.0,-0.17161171138286593,0.0,0.0
38.234,-0.5273508429527283,0.2287720739841461,2.9026687145233154,-0.4231083691120148,-0.1255333423614502,0.0,0.0,-0.17161171138286593,0.0,0.0
38.247,-0.5493106842041016,0.13243484497070312,3.5006670951843266,-0.4682027101516724,-0.16438762843608856,0.0,0.0,-0.1637749969959259,0.0,0.0
38.261,-0.569664478302002,0.12621977925300598,-1.4829977750778198,-0.5232886075973511,-0.18645551800727844,0.0,0.0,-0.18629857897758484,0.0,0.0
38.274,-0.6087117195129395,0.08592063933610915,-0.8685875535011292,-0.5748105049133301,-0.20253828167915344,0.0,0.0,-0.18629857897758484,0.0,0.0
38.287,-0.6428303122520447,0.006886661052703857,-4.872895240783691,-0.5734258890151978,-0.2446042001247406,0.0,0.0,-0.23742595314979556,0.0,0.0
38.301,-0.612905979156494,0.020738117396831512,-2.434325933456421,-0.5398221015930176,-0.29444921016693115,0.0,0.0,-0.271686315536499,0.0,0.0
38.314,-0.5883085131645203,0.028672449290752407,1.2589327096939087,-0.5134612917900084,-0.30877023935318,0.0,0.0,-0.31685078144073486,0.0,0.0
38.327,-0.5976729989051819,-0.023350030183792118,-4.591128349304199,-0.5471582412719728,-0.3478693962097168,0.0,0.0,-0.34618979692459106,0.0,0.0
38.341,-0.6260786652565001,-0.059020861983299255,3.0397183895111084,-0.545499622821808,-0.3814801871776581,0.0,0.0,-0.34516575932502747,0.0,0.0
38.354,-0.6104063987731934,-0.03929676115512848,-0.9777567982673645,-0.49668821692466736,-0.44401884078979487,0.0,0.0,-0.342789113521576,0.0,0.0
38.367,-0.5872755646705627,-0.012864574790000916,-3.396083354949951,-0.47910231351852417,-0.49952101707458496,0.0,0.0,-0.36250302195549006,0.0,0.0
38.381,-0.5611401200294496,-0.005781114101409912,-3.538808107376098,-0.48076215386390686,-0.5295482277870177,0.0,0.0,-0.38608187437057495,0.0,0.0
38.394,-0.5759345889091492,-0.013571679592132568,0.8014820218086242,-0.4776739776134491,-0.5580873489379883,0.0,0.0,-0.38848015666008,0.0,0.0
38.407,-0.5880841016769409,-0.02260847389698029,1.8974728584289553,-0.48092454671859747,-0.5301229953765869,0.0,0.0,-0.33238840103149414,0.0,0.0
38.421,-0.5779280662536621,-0.025063544511795044,1.8886394500732424,-0.44565871357917786,-0.4700423777103424,0.0,0.0,-0.33238840103149414,0.0,0.0
38.434,-0.6071922183036804,-0.06833350658416748,2.3572771549224854,-0.48923394083976746,-0.4171116650104522,0.0,0.0,-0.30522200465202326,0.0,0.0
38.447,-0.6133979558944702,-0.1794866919517517,3.8785009384155273,-0.4808174967765808,-0.2657201588153839,0.0,0.0,-0.25799188017845154,0.0,0.0
38.461,-0.5989931225776672,-0.1845649480819702,2.427358865737915,-0.42974823713302607,-0.23747694492340088,0.0,0.0,-0.23319390416145325,0.0,0.0
38.474,-0.5762988924980164,-0.1739029884338379,-1.8629661798477173,-0.42387491464614874,-0.23056168854236603,0.0,0.0,-0.23319390416145325,0.0,0.0
38.488,-0.6082306504249573,-0.18883976340293884,11.710696220397947,-0.478902131319046,-0.21914157271385196,0.0,0.0,-0.22448518872261047,0.0,0.0
38.501,-0.6404945254325867,-0.22037245333194733,-0.5491621494293213,-0.5191811919212341,-0.20746971666812897,0.0,0.0,-0.22189974784851077,0.0,0.0
38.514,-0.6422939300537108,-0.23168213665485385,-3.207165241241455,-0.5168936252593994,-0.2033053040504456,0.0,0.0,-0.2145503014326096,0.0,0.0
38.527,-0.6132040619850159,-0.21976035833358765,-2.1838924884796143,-0.5025902390480042,-0.18523128330707553,0.0,0.0,-0.20323459804058075,0.0,0.0
38.541,-0.6173830032348633,-0.24331089854240415,3.553774833679199,-0.5250886082649231,-0.12255242466926576,0.0,0.0,-0.18386663496494293,0.0,0.0
38.554,-0.5929620862007141,-0.2821137011051178,3.469166755676269,-0.5066038370132446,-0.05082106217741966,0.0,0.0,-0.15830427408218384,0.0,0.0
38.567,-0.6124440431594849,-0.3182150721549988,1.3929214477539062,-0.557878851890564,-0.011193819344043732,0.0,0.0,-0.1295624077320099,0.0,0.0
38.581,-0.6507616639137268,-0.3194752633571625,1.562592387199402,-0.6070536971092224,0.0001642964780330658,0.0,0.0,-0.1022023856639862,0.0,0.0
38.594,-0.6766931414604187,-0.30079385638237,0.05613416433334351,-0.6499432921409607,-0.004366159439086913,0.0,0.0,-0.09551147371530531,0.0,0.0
38.607,-0.6529913544654846,-0.2694808542728424,-7.266850471496582,-0.6285247206687927,-0.03647485002875328,0.0,0.0,-0.1553298681974411,0.0,0.0
38.621,-0.6245052814483643,-0.2621392607688904,1.72194242477417,-0.5992249250411987,-0.05055072903633118,0.0,0.0,-0.1553298681974411,0.0,0.0
38.634,-0.5922420024871825,-0.22201338410377505,-3.2057347297668457,-0.5663040280342102,-0.0726761519908905,0.0,0.0,-0.17232924699783325,0.0,0.0
38.648,-0.6225231885910033,-0.1622738391160965,0.5158535838127136,-0.6237969994544983,-0.15169471502304077,0.0,0.0,-0.18761402368545527,0.0,0.0
38.661,-0.660615086555481,-0.1476723998785019,-1.3959970474243164,-0.6569806933403015,-0.20445506274700165,0.0,0.0,-0.20299343764781952,0.0,0.0
38.674,-0.6956468224525452,-0.15992049872875214,1.3932801485061646,-0.6853431463241577,-0.2078196406364441,0.0,0.0,-0.20299343764781952,0.0,0.0
38.687,-0.6894519329071045,-0.11616499722003935,-3.529219150543213,-0.701377809047699,-0.25865495204925537,0.0,0.0,-0.21800735592842105,0.0,0.0
38.701,-0.6720303893089294,-0.1214188188314438,1.8695309162139893,-0.6885703206062317,-0.23590628802776337,0.0,0.0,-0.22132623195648196,0.0,0.0
38.714,-0.6760404706001282,-0.11213289201259612,1.4834425449371338,-0.7106367349624634,-0.2033320367336273,0.0,0.0,-0.2247997224330902,0.0,0.0
38.727,-0.6945302486419678,-0.0945153832435608,1.2535414695739746,-0.7283406257629393,-0.16559657454490662,0.0,0.0,-0.21694503724575043,0.0,0.0
38.741,-0.7204335927963257,-0.09319245815277101,1.980102777481079,-0.7493522167205809,-0.12149934470653534,0.0,0.0,-0.198221817612648,0.0,0.0
38.754,-0.7525769472122192,-0.11413000524044035,1.9895687103271484,-0.786020278930664,-0.08909774571657181,0.0,0.0,-0.1835917532444,0.0,0.0
38.767,-0.7279708385467529,-0.11077824234962463,3.2786192893981934,-0.7807324528694154,-0.07104987651109695,0.0,0.0,-0.1786852777004242,0.0,0.0
38.781,-0.7556423544883728,-0.1090141534805298,7.225827217102051,-0.8285475373268126,-0.04605954885482788,0.0,0.0,-0.16978102922439575,0.0,0.0
38.794,-0.7492592334747313,-0.08233132958412169,8.894253730773926,-0.7877268195152282,-0.009168416261672974,0.0,0.0,-0.14223265647888184,0.0,0.0
38.807,-0.7766085267066956,-0.05053837597370148,18.86132431030273,-0.81335312128067,0.16786342859268188,0.0,0.0,-0.03819062560796738,0.0,0.0
38.821,-0.8065885901451111,-0.048094622790813446,-7.8084092140197745,-0.8393230438232422,0.16583524644374847,0.0,0.0,-0.03819062560796738,0.0,0.0
38.834,-0.8345885872840881,-0.030725702643394474,8.561508178710938,-0.8574488759040833,0.27429577708244324,0.0,0.0,0.02396628074347973,0.0,0.0
38.847,-0.7979841232299805,0.030690789222717285,15.964963912963867,-0.826637327671051,0.4180566668510437,0.0,0.0,0.1135747879743576,0.0,0.0
38.861,-0.7616800665855407,0.04624679684638977,5.908421993255615,-0.8029378056526184,0.4888496100902557,0.0,0.0,0.14484019577503204,0.0,0.0
38.874,-0.7321643233299254,0.03697389364242554,-0.1388590782880783,-0.7755564451217651,0.5386383533477783,0.0,0.0,0.16969072818756104,0.0,0.0
38.888,-0.7036691904067993,0.06818284094333649,18.68834686279297,-0.7506256699562074,0.5436680912971497,0.0,0.0,0.20003479719161987,0.0,0.0
38.901,-0.6819504499435425,0.12752854824066162,4.88372802734375,-0.7391690015792847,0.5556290149688721,0.0,0.0,0.2436034083366394,0.0,0.0
38.914,-0.7043787240982056,0.2075341492891312,4.805061340332031,-0.7502723932266235,0.6032003164291382,0.0,0.0,0.29434481263160706,0.0,0.0
38.927,-0.6728172898292542,0.24054870009422305,5.150974273681641,-0.723901093006134,0.6834334135055542,0.0,0.0,0.34487199783325195,0.0,0.0
38.941,-0.6443446874618529,0.2530136704444885,2.160586357116699,-0.6572058200836182,0.7302018404006958,0.0,0.0,0.3762845993041992,0.0,0.0
38.954,-0.6166880130767822,0.2694495618343353,0.3976933658123016,-0.6040046215057373,0.6573928594589233,0.0,0.0,0.37838661670684814,0.0,0.0
38.967,-0.6318926811218262,0.39600232243537903,-3.218778133392334,-0.6158210039138794,0.4204072654247284,0.0,0.0,0.3700312077999115,0.0,0.0
38.981,-0.6399977803230286,0.3515504002571106,2.385603666305542,-0.6308051943778992,0.4285348653793335,0.0,0.0,0.3700312077999115,0.0,0.0
38.994,-0.6378971338272095,0.33022335171699524,1.5727802515029907,-0.6521638631820679,0.3788848519325256,0.0,0.0,0.35957351326942444,0.0,0.0
39.007,-0.6518238186836243,0.2603587210178375,-8.171121597290039,-0.6803910732269287,0.2928433418273926,0.0,0.0,0.28569740056991577,0.0,0.0
39.021,-0.6304788589477539,0.2461364716291428,-2.136209487915039,-0.6610645651817322,0.20478864014148712,0.0,0.0,0.2337248772382736,0.0,0.0
39.034,-0.6495836973190308,0.27922311425209045,-3.2644762992858887,-0.6821295619010925,0.2049181163311005,0.0,0.0,0.2337248772382736,0.0,0.0
39.048,-0.6376605033874512,0.32502546906471247,-17.608428955078125,-0.6306239366531372,0.015657488256692886,0.0,0.0,0.1214507669210434,0.0,0.0
39.061,-0.663325309753418,0.31840234994888306,-0.5056723952293396,-0.6427070498466492,-0.04579668492078781,0.0,0.0,0.065764881670475,0.0,0.0
39.074,-0.6825538873672485,0.28508248925209045,-0.8406266570091246,-0.6608880162239075,-0.07290131598711014,0.0,0.0,0.04191349819302559,0.0,0.0
39.087,-0.6910734176635742,0.19663576781749725,5.826216220855713,-0.6548335552215576,-0.0468754656612873,0.0,0.0,0.047977089881896966,0.0,0.0
39.101,-0.6489536762237549,0.1060369908809662,3.797142744064331,-0.611907422542572,-0.003010723739862442,0.0,0.0,0.053237903863191605,0.0,0.0
39.114,-0.6072196960449219,0.0623251274228096,-1.0677024126052856,-0.5612296462059021,0.012647945433855057,0.0,0.0,0.051655940711498254,0.0,0.0
39.127,-0.5659045577049256,-0.04155662655830383,1.085968255996704,-0.5450214147567749,0.014709483832120895,0.0,0.0,0.06196470186114311,0.0,0.0
39.141,-0.5754440426826477,-0.07790744304656982,0.6509519815444945,-0.5458248257637024,0.056601136922836304,0.0,0.0,0.08608236908912657,0.0,0.0
39.154,-0.5669545531272888,-0.11425641179084778,3.030972003936768,-0.5350094437599182,0.1290411502122879,0.0,0.0,0.10922673344612122,0.0,0.0
39.167,-0.5525411367416382,-0.14501936733722687,0.9892098307609558,-0.5137772560119629,0.195513054728508,0.0,0.0,0.12499693036079408,0.0,0.0
39.181,-0.5865025520324707,-0.12811225652694702,-0.9659528732299805,-0.5284692049026489,0.19088079035282132,0.0,0.0,0.133200541138649,0.0,0.0
39.194,-0.568956732749939,-0.1283765584230423,-2.0382933616638184,-0.4997307062149048,0.17185379564762115,0.0,0.0,0.1340886652469635,0.0,0.0
39.207,-0.5277941823005676,-0.15004092454910278,1.0972671508789062,-0.4653289020061493,0.16151554882526398,0.0,0.0,0.132634237408638,0.0,0.0
39.221,-0.4880756139755249,-0.17893236875534058,0.5248121619224548,-0.43267670273780817,0.1499216854572296,0.0,0.0,0.132634237408638,0.0,0.0
39.234,-0.4642133712768554,-0.21540719270706177,0.0530339777469635,-0.4014946222305298,0.12967641651630402,0.0,0.0,0.12864020466804504,0.0,0.0
39.248,-0.4984675943851471,-0.21718263626098636,0.7470443844795227,-0.41024976968765253,0.11838172376155852,0.0,0.0,0.15764617919921875,0.0,0.0
39.261,-0.49330824613571167,-0.17963604629039764,0.05606263875961304,-0.39699730277061457,0.1603682041168213,0.0,0.0,0.18282350897789,0.0,0.0
39.274,-0.4866895973682404,-0.18334412574768064,-0.5399957299232483,-0.35381561517715454,0.16512596607208252,0.0,0.0,0.18282350897789,0.0,0.0
39.288,-0.4457451105117798,-0.1269923597574234,0.378727912902832,-0.330422967672348,0.288862407207489,0.0,0.0,0.2349649965763092,0.0,0.0
39.301,-0.46080043911933893,-0.12702131271362305,7.161314487457275,-0.3367887139320373,0.38635107874870306,0.0,0.0,0.27647659182548523,0.0,0.0
39.314,-0.4203870296478272,-0.18078362941741943,6.987668514251709,-0.2894209623336792,0.49297583103179926,0.0,0.0,0.32490426301956177,0.0,0.0
39.328,-0.3748317956924439,-0.23356886208057404,0.5545333027839661,-0.270013689994812,0.5614527463912964,0.0,0.0,0.3632780015468597,0.0,0.0
39.341,-0.35975581407547,-0.2317887544631958,-3.73883843421936,-0.27645862102508545,0.5713391304016113,0.0,0.0,0.37626656889915466,0.0,0.0
39.354,-0.3703586161136627,-0.20697742700576785,-2.1254985332489014,-0.31161439418792725,0.5771369934082031,0.0,0.0,0.376698613166809,0.0,0.0
39.367,-0.40616056323051447,-0.1732906699180603,2.761579990386963,-0.325589120388031,0.6221822500228882,0.0,0.0,0.3930676579475402,0.0,0.0
39.381,-0.37337309122085566,-0.20791316032409668,4.6615986824035645,-0.2806562185287476,0.6889398097991944,0.0,0.0,0.42364627122879034,0.0,0.0
39.394,-0.40088167786598206,-0.23261772096157077,3.88275671005249,-0.3071497678756714,0.7403014302253723,0.0,0.0,0.4474518597126007,0.0,0.0
39.408,-0.39034938812255854,-0.3244472146034241,5.19289493560791,-0.34095901250839233,0.7948888540267944,0.0,0.0,0.4852065742015839,0.0,0.0
39.421,-0.3922048211097717,-0.3263278007507324,-2.3279047012329106,-0.3300459682941437,0.7886995077133178,0.0,0.0,0.4852065742015839,0.0,0.0
39.434,-0.3531560003757477,-0.36339056491851807,3.41609263420105,-0.27014514803886414,0.8604247570037843,0.0,0.0,0.5165703892707825,0.0,0.0
39.448,-0.3117898404598236,-0.32971709966659546,3.1350462436676025,-0.24064919352531436,0.9738570451736449,0.0,0.0,0.5679137706756592,0.0,0.0
39.461,-0.2859857678413391,-0.3031074702739716,-1.826754212379456,-0.2065457254648209,0.9797564148902893,0.0,0.0,0.5877714157104492,0.0,0.0
39.474,-0.250473827123642,-0.3241180777549744,0.08678734302520752,-0.18412193655967712,0.9676842093467712,0.0,0.0,0.5877714157104492,0.0,0.0
39.487,-0.28070247173309326,-0.24339058995246887,1.8057435750961304,-0.1941484361886978,1.010528802871704,0.0,0.0,0.600909948348999,0.0,0.0
39.501,-0.28204789757728577,-0.24563524127006528,-1.623612642288208,-0.2131086140871048,1.0223016738891602,0.0,0.0,0.5965314507484436,0.0,0.0
39.514,-0.29576003551483154,-0.2274259775876999,-1.4283299446105957,-0.24253742396831512,1.0087885856628418,0.0,0.0,0.6038122773170471,0.0,0.0
39.527,-0.3159911632537842,-0.1920282393693924,-0.04394352436065674,-0.24623046815395355,0.9899998903274536,0.0,0.0,0.6071611046791077,0.0,0.0
39.541,-0.3288867771625519,-0.17550314962863922,-0.3199160099029541,-0.2523074746131897,1.0175013542175293,0.0,0.0,0.6013687252998352,0.0,0.0
39.554,-0.2842263877391815,-0.20151749253273007,-0.44191181659698486,-0.2114330530166626,1.0465073585510254,0.0,0.0,0.5961090326309204,0.0,0.0
39.568,-0.2464239597320557,-0.2845531702041626,-3.9460971355438232,-0.1897920519113541,1.023956060409546,0.0,0.0,0.6026175022125244,0.0,0.0
39.581,-0.21056129038333893,-0.2836558222770691,-0.4205256700515747,-0.17364734411239624,1.034499168395996,0.0,0.0,0.6026175022125244,0.0,0.0
39.594,-0.22030895948410037,-0.2906070053577423,-2.9851019382476807,-0.16749238967895508,1.0320401191711426,0.0,0.0,0.6149483919143677,0.0,0.0
39.608,-0.1703868955373764,-0.2815609872341156,-4.091548919677734,-0.10812373459339142,1.0382174253463743,0.0,0.0,0.610757052898407,0.0,0.0
39.621,-0.12310199439525604,-0.3144417703151703,1.7198033332824707,-0.051692802459001534,1.0627714395523071,0.0,0.0,0.6227244734764099,0.0,0.0
39.634,-0.15775316953659058,-0.3122530281543732,-2.972651958465576,-0.09637611359357834,1.0582280158996582,0.0,0.0,0.6227244734764099,0.0,0.0
39.648,-0.19064949452877045,-0.38179785013198847,3.885472536087036,-0.09120100736618042,1.1915056705474854,0.0,0.0,0.6845833659172058,0.0,0.0
39.661,-0.20298852026462555,-0.42075976729393005,5.550951957702637,-0.05988952517509461,1.2728307247161863,0.0,0.0,0.7162385582923889,0.0,0.0
39.674,-0.23520104587078092,-0.4163453578948975,5.088280200958252,-0.10224432498216628,1.3733277320861816,0.0,0.0,0.7525678873062135,0.0,0.0
39.688,-0.2451728731393814,-0.4610914885997772,7.054254055023193,-0.15511338412761688,1.4917924404144287,0.0,0.0,0.784643292427063,0.0,0.0
39.701,-0.19066490232944489,-0.4888744056224823,3.0710577964782715,-0.08815067261457443,1.6230149269104004,0.0,0.0,0.8205369710922241,0.0,0.0
39.714,-0.13512922823429108,-0.49443647265434265,0.9154111146926882,-0.018389565870165825,1.7105703353881836,0.0,0.0,0.8511375784873961,0.0,0.0
39.727,-0.08220840990543365,-0.5152703523635864,-0.4996687173843384,0.003922934178262949,1.7438478469848633,0.0,0.0,0.8555440902709962,0.0,0.0
39.741,-0.035127010196447365,-0.5582726001739502,-0.1026436686515808,0.03636949509382248,1.7523422241210938,0.0,0.0,0.8539401292800902,0.0,0.0
39.754,-0.010546740144491196,-0.6251856684684753,2.089986085891724,0.08355876058340073,1.7703790664672852,0.0,0.0,0.8725176453590393,0.0,0.0
39.767,-0.04311836138367653,-0.6988630890846252,3.516796112060547,0.06089382991194725,1.840520977973938,0.0,0.0,0.8572943806648254,0.0,0.0
39.781,-0.08231086283922195,-0.7535257935523987,-0.5689948797225952,0.028639806434512135,1.8578965663909912,0.0,0.0,0.8572943806648254,0.0,0.0
39.794,-0.07365460693836211,-0.7891486287117004,-6.075435638427734,0.03583106771111488,1.8174176216125488,0.0,0.0,0.8293932676315308,0.0,0.0
39.808,-0.10851658880710602,-0.7596871852874757,-6.687922477722168,-0.01357739046216011,1.7023489475250244,0.0,0.0,0.7614348530769347,0.0,0.0
39.821,-0.1439623087644577,-0.7444868087768554,4.264050483703612,-0.04898960143327713,1.688706874847412,0.0,0.0,0.6350680589675903,0.0,0.0
39.834,-0.10879860073328018,-0.8127144575119017,-5.442345142364503,-0.04166297614574432,1.6821892261505127,0.0,0.0,0.6350680589675903,0.0,0.0
39.847,-0.11026311665773392,-0.7174882888793945,-21.101778030395508,-0.05262529104948044,1.2407068014144895,0.0,0.0,0.4772940576076508,0.0,0.0
39.861,-0.1126989722251892,-0.5681686401367188,-7.291343688964845,-0.04588296264410018,0.869486093521118,0.0,0.0,0.4844284653663635,0.0,0.0
39.874,-0.11812259256839752,-0.5634334683418274,5.02083158493042,-0.030791852623224255,0.799560785293579,0.0,0.0,0.488415390253067,0.0,0.0
39.888,-0.12085161358118056,-0.6986444592475891,0.014340877532958984,-0.022023899480700493,0.8739041090011597,0.0,0.0,0.4811471700668335,0.0,0.0
39.901,-0.12616831064224243,-0.5937071442604065,1.825368404388428,-0.021245241165161133,0.9133191704750061,0.0,0.0,0.4350525438785553,0.0,0.0
39.914,-0.106008380651474,-0.5762331485748291,7.164242744445801,0.008438930846750736,0.975849747657776,0.0,0.0,0.3994607627391815,0.0,0.0
39.928,-0.0640316903591156,-0.6726594567298889,8.2509126663208,0.0575149804353714,1.0442118644714355,0.0,0.0,0.39969944953918457,0.0,0.0
39.941,-0.014016041532158852,-0.7617744803428651,0.20273253321647644,0.11755930632352828,1.081250548362732,0.0,0.0,0.4208683073520661,0.0,0.0
39.954,0.03336046263575554,-0.7981235980987549,-7.603754043579101,0.17990157008171082,1.0406316518783567,0.0,0.0,0.436883270740509,0.0,0.0
39.967,0.05228167027235031,-0.774277091026306,-10.179973602294922,0.2432689666748047,0.8870609998703003,0.0,0.0,0.4070430397987366,0.0,0.0
39.981,0.07050624489784241,-0.7191888689994812,-9.53537845611572,0.3057081401348114,0.791230797767639,0.0,0.0,0.4070430397987366,0.0,0.0
39.994,0.08855630457401276,-0.6646159887313843,-5.18321657180786,0.356501579284668,0.678016185760498,0.0,0.0,0.37900185585021967,0.0,0.0
40.008,0.10637383908033372,-0.6133487224578857,2.4221532344818115,0.41828292608261114,0.5670770406723024,0.0,0.0,0.33929866552352905,0.0,0.0
40.021,0.12396173179149628,-0.6159948706626892,-0.06332248449325562,0.46341317892074585,0.5419954657554626,0.0,0.0,0.3437187969684601,0.0,0.0
40.034,0.16386111080646515,-0.6278811693191528,4.076175212860107,0.4809303283691406,0.5341597795486449,0.0,0.0,0.3437187969684601,0.0,0.0
40.048,0.20684772729873657,-0.5828632712364197,-1.8684602975845337,0.4861167371273041,0.47699669003486633,0.0,0.0,0.3222001791000366,0.0,0.0
40.061,0.22099295258522036,-0.4957121014595032,-11.232614517211914,0.4644777774810791,0.3516589403152466,0.0,0.0,0.2867189049720764,0.0,0.0
40.074,0.20199039578437805,-0.49142131209373474,4.172489166259766,0.4371607303619385,0.36612635850906367,0.0,0.0,0.2867189049720764,0.0,0.0
40.088,0.18552246689796448,-0.26903215050697327,-32.185386657714844,0.38229972124099726,0.06577085703611374,0.0,0.0,0.1564812213182449,0.0,0.0
40.101,0.17424973845481873,-0.187967449426651,2.9859066009521484,0.3610987365245819,0.01750839501619339,0.0,0.0,0.09476187825202942,0.0,0.0
40.114,0.16631676256656647,-0.159267395734787,6.681149005889893,0.3536029160022736,0.08745120465755463,0.0,0.0,0.06779796630144119,0.0,0.0
40.127,0.1592719554901123,-0.17374978959560394,6.96593713760376,0.34476405382156367,0.17945751547813416,0.0,0.0,0.05380294844508171,0.0,0.0
40.141,0.15158595144748688,-0.20422932505607605,0.03001391887664795,0.30592694878578186,0.1602904498577118,0.0,0.0,0.03501424193382263,0.0,0.0
40.154,0.19099129736423487,-0.23287442326545715,-4.958909034729004,0.31994566321372986,0.03371267020702362,0.0,0.0,0.01803702488541603,0.0,0.0
40.168,0.23430176079273224,-0.22182822227478027,-3.798381090164185,0.373015433549881,-0.0699702650308609,0.0,0.0,0.011882456950843334,0.0,0.0
40.181,0.24925814568996427,-0.1765352487564087,-1.5421863794326782,0.3959979116916657,-0.09976036846637724,0.0,0.0,0.01894534006714821,0.0,0.0
40.194,0.21019896864891047,-0.14022783935070038,-1.0020352602005005,0.35473814606666565,-0.0865519642829895,0.0,0.0,0.03582023456692696,0.0,0.0
40.208,0.20135198533535004,-0.13553041219711304,0.851107358932495,0.30199456214904785,-0.0266619473695755,0.0,0.0,0.05043686553835869,0.0,0.0
40.221,0.19264565408229828,-0.1352943629026413,-0.03547724336385727,0.3040956258773804,-0.0009543746709823608,0.0,0.0,0.06049281358718872,0.0,0.0
40.234,0.22755984961986545,-0.1477786898612976,2.5671236515045166,0.295121431350708,0.0023329854011535645,0.0,0.0,0.06049281358718872,0.0,0.0
40.247,0.1942683458328247,-0.16953183710575104,8.122723579406738,0.29338422417640686,0.08898317813873291,0.0,0.0,0.09057128429412842,0.0,0.0
40.261,0.2009900063276291,-0.18631538748741153,0.550775408744812,0.2924305200576782,0.1421310156583786,0.0,0.0,0.09717915207147598,0.0,0.0
40.274,0.2238134890794754,-0.17947357892990112,-0.4527568817138672,0.3249223828315735,0.1807887107133865,0.0,0.0,0.10780062526464462,0.0,0.0
40.288,0.22574329376220703,-0.190044105052948,0.3567159175872803,0.34269413352012634,0.20439097285270688,0.0,0.0,0.12441406399011612,0.0,0.0
40.301,0.24282845854759216,-0.19318777322769165,-1.6069594621658323,0.366493821144104,0.21754856407642365,0.0,0.0,0.14325474202632904,0.0,0.0
40.314,0.24630990624427795,-0.2035732269287109,-2.2991559505462646,0.3560194671154022,0.23128987848758695,0.0,0.0,0.15747305750846863,0.0,0.0
40.328,0.22440513968467712,-0.20752741396427157,-0.6274089217185974,0.3488296866416931,0.2533358931541443,0.0,0.0,0.16346943378448486,0.0,0.0
40.341,0.19216264784336087,-0.19095334410667417,1.1850758790969849,0.32949456572532654,0.27659258246421814,0.0,0.0,0.16551275551319122,0.0,0.0
40.354,0.21241003274917605,-0.15716028213500977,2.7932088375091557,0.3683100342750549,0.29406970739364624,0.0,0.0,0.16941314935684204,0.0,0.0
40.368,0.22318677604198456,-0.11421948671340942,0.1632392406463623,0.39672628045082087,0.2810136079788208,0.0,0.0,0.1737269014120102,0.0,0.0
40.381,0.2655178904533386,-0.0899549052119255,-4.596481323242188,0.4159202575683594,0.259128212928772,0.0,0.0,0.1737269014120102,0.0,0.0
40.394,0.2783719599246979,-0.0796492099761963,-3.797618865966797,0.4546588659286499,0.21200670301914212,0.0,0.0,0.17572033405303955,0.0,0.0
40.407,0.25601682066917414,-0.09159062802791597,2.279043912887573,0.44809633493423456,0.13217130303382874,0.0,0.0,0.18599987030029297,0.0,0.0
40.421,0.25505679845809937,-0.09145771712064744,-0.3479272127151489,0.4438759982585907,0.09778741002082823,0.0,0.0,0.18842546641826632,0.0,0.0
40.434,0.252105176448822,-0.09042927622795104,0.1828942447900772,0.4442682266235352,0.09554924070835112,0.0,0.0,0.18842546641826632,0.0,0.0
40.447,0.24466432631015775,-0.08890494704246521,-1.8208030462265012,0.4105832576751709,0.07965109497308731,0.0,0.0,0.18544043600559235,0.0,0.0
40.461,0.23884774744510648,-0.12497376650571825,2.797736167907715,0.3812528550624848,0.09539871662855148,0.0,0.0,0.17766836285591123,0.0,0.0
40.474,0.23333971202373505,-0.12444782257080078,-0.66912841796875,0.3543665111064911,0.12981104850769043,0.0,0.0,0.16292639076709747,0.0,0.0
40.488,0.2314050942659378,-0.1826314926147461,2.613429307937622,0.340546190738678,0.17349758744239807,0.0,0.0,0.14612561464309692,0.0,0.0
40.502,0.2530567049980164,-0.1670684963464737,-6.036835193634033,0.3722920715808869,0.18951553106307983,0.0,0.0,0.13136175274848938,0.0,0.0
40.514,0.2663231492042541,-0.14268048107624054,-2.9155399799346924,0.3990465402603149,0.17027699947357178,0.0,0.0,0.11832867562770844,0.0,0.0
40.528,0.2782237231731415,-0.1030820459127426,-3.037628412246704,0.45089432597160334,0.11415961384773254,0.0,0.0,0.10065922141075134,0.0,0.0
40.541,0.28736969828605646,-0.044566143304109566,-5.413334846496582,0.4922655522823334,0.03474200516939163,0.0,0.0,0.0855114310979843,0.0,0.0
40.554,0.29478755593299866,-0.006653737276792526,-4.104222297668457,0.5210903882980347,-0.0577654242515564,0.0,0.0,0.08253252506256102,0.0,0.0
40.567,0.2680469751358032,-0.011871181428432465,1.3787442445755005,0.47382059693336487,-0.14256927371025083,0.0,0.0,0.057523522526025765,0.0,0.0
40.581,0.23996686935424805,-0.037383511662483215,5.771963119506836,0.421172708272934,-0.15440581738948822,0.0,0.0,0.057523522526025765,0.0,0.0
40.594,0.22104154527187347,-0.046206101775169366,3.6100358963012695,0.3983820974826813,-0.127559095621109,0.0,0.0,0.04569116234779358,0.0,0.0
40.607,0.21265268325805664,-0.06438317894935608,1.5335301160812378,0.3754720985889434,-0.07376305013895033,0.0,0.0,0.05061718076467513,0.0,0.0
40.621,0.24592424929142,-0.06798409670591353,-1.9192501306533811,0.3982449471950531,-0.06418690085411072,0.0,0.0,0.05618217960000038,0.0,0.0
40.634,0.2699781656265259,-0.09170778840780258,-1.193885326385498,0.40106767416000366,-0.06023552641272545,0.0,0.0,0.05618217960000038,0.0,0.0
40.647,0.2757221758365631,-0.11364583671092988,2.473095655441284,0.39851623773574824,-0.04328567162156105,0.0,0.0,0.05058267340064049,0.0,0.0
40.661,0.2818710803985596,-0.0972965806722641,-1.6364609003067017,0.43513157963752747,-0.044364918023347855,0.0,0.0,0.04717771336436272,0.0,0.0
40.674,0.2523297965526581,-0.0937942415475845,0.2852473258972168,0.3997648358345032,-0.05232512578368187,0.0,0.0,0.04444265365600586,0.0,0.0
40.688,0.24604089558124545,-0.08864466100931166,-5.902792453765869,0.3486684262752533,-0.0528879314661026,0.0,0.0,0.032860670238733285,0.0,0.0
40.701,0.23867183923721316,-0.06365947425365448,-1.002428650856018,0.34539657831192017,-0.03056631982326508,0.0,0.0,0.015900732949376106,0.0,0.0
40.714,0.23065826296806333,-0.038507457822561264,-3.616526365280152,0.32448199391365046,0.009566972032189367,0.0,0.0,0.0008523240685462951,0.0,0.0
40.727,0.2670482695102692,-0.022249342873692516,-0.9888684153556824,0.3433515131473541,0.061839424073696136,0.0,0.0,-0.012480186298489572,0.0,0.0
40.741,0.28704380989074707,0.02949820458889008,-3.8311963081359854,0.3599795997142792,0.07077990472316742,0.0,0.0,-0.02107447199523449,0.0,0.0
40.754,0.297059178352356,0.0500323697924614,-2.4468679428100586,0.4089580774307251,0.07370016723871231,0.0,0.0,-0.019408587366342545,0.0,0.0
40.768,0.3055144250392914,-0.032693758606910706,8.378938674926758,0.40630778670310974,0.03384242579340935,0.0,0.0,-0.010689466260373592,0.0,0.0
40.781,0.31047168374061584,-0.08087657392024995,3.5615997314453125,0.452643632888794,0.002245299518108368,0.0,0.0,-0.0026215463876724243,0.0,0.0
40.794,0.30102184414863586,-0.04056652262806893,-4.149895191192627,0.4353872239589691,-0.015321372076869013,0.0,0.0,-0.0008480570395477117,0.0,0.0
40.808,0.28581053018569946,-0.013592839241027832,2.74817967414856,0.4259659647941589,-0.0784384608268738,0.0,0.0,-0.0007208731258288027,0.0,0.0
40.821,0.26361778378486633,-0.013096200302243233,-0.3920281529426575,0.3943112790584564,-0.08051958680152893,0.0,0.0,-0.0007208731258288027,0.0,0.0
40.834,0.2543504238128662,0.0053107626736164084,-0.247758150100708,0.38195398449897766,-0.08537860214710236,0.0,0.0,0.003627448109909892,0.0,0.0
40.847,0.250419020652771,0.0062947943806648254,1.7388752698898315,0.35679653286933893,-0.0326344333589077,0.0,0.0,-0.001197966281324625,0.0,0.0
40.861,0.2652691900730133,-0.0017060558311641216,-1.792055368423462,0.3500812649726868,0.0010511334985494614,0.0,0.0,-0.003450290765613317,0.0,0.0
40.874,0.2866284847259521,-0.008817953988909721,-1.3234908580780027,0.3709016144275665,0.02778252772986889,0.0,0.0,-0.004334175959229468,0.0,0.0
40.888,0.29578283429145813,-0.02236039750277996,1.0140420198440552,0.38708737492561346,0.049400776624679565,0.0,0.0,-0.003832735354080796,0.0,0.0
40.902,0.27624040842056274,-0.02918430417776108,0.4867295622825623,0.3865855932235718,0.06582503020763397,0.0,0.0,-0.0009320609387941657,0.0,0.0
40.914,0.27542233467102045,-0.020002255216240883,-1.390589714050293,0.40905150771141047,0.06989482045173645,0.0,0.0,0.001728357863612473,0.0,0.0
40.928,0.29313609004020685,-0.001306542311795056,-0.6234198212623596,0.4347511529922485,0.06218310445547104,0.0,0.0,0.0014115902595221996,0.0,0.0
40.941,0.2737937867641449,0.006922584492713213,0.9784601926803589,0.4286259412765503,0.042141951620578766,0.0,0.0,-7.954869215609507e-05,0.0,0.0
40.954,0.28595104813575745,0.004190894775092602,0.8971056342124939,0.4386778771877289,0.015251772478222849,0.0,0.0,-0.0020326911471784115,0.0,0.0
40.968,0.28373956680297846,0.013133755885064602,-1.6996244192123413,0.3947492241859436,-0.016933206468820572,0.0,0.0,-0.008557262830436228,0.0,0.0
40.981,0.2751063108444214,0.016675161197781563,-2.6952712535858154,0.403921902179718,-0.022069960832595825,0.0,0.0,-0.008557262830436228,0.0,0.0
40.994,0.2651640772819519,0.003027918748557568,-0.43397024273872375,0.3720482289791107,-0.030195858329534527,0.0,0.0,-0.01854010112583637,0.0,0.0
41.008,0.29791733622550964,0.04141922295093536,-0.2984807789325714,0.4074785113334656,-0.019760344177484512,0.0,0.0,-0.03594902157783508,0.0,0.0
41.021,0.2942734360694885,0.04132465273141861,0.25487285852432245,0.3617126643657684,-0.022866295650601387,0.0,0.0,-0.03275662288069725,0.0,0.0
41.034,0.30608639121055603,0.0570313036441803,-2.3758745193481445,0.40798547863960266,-0.020214419811964035,0.0,0.0,-0.03275662288069725,0.0,0.0
41.048,0.27158430218696594,0.02011697366833687,1.5046899318695068,0.3696977198123932,-0.014788985252380373,0.0,0.0,-0.024398088455200195,0.0,0.0
41.061,0.2736230790615082,0.024100139737129208,2.4404966831207275,0.40464529395103455,-0.0024536699056625366,0.0,0.0,-0.021257024258375168,0.0,0.0
41.074,0.23803684115409848,0.022876951843500137,-0.9555574655532837,0.36221519112586975,-0.002911278046667576,0.0,0.0,-0.014515417627990246,0.0,0.0
41.088,0.2668622434139252,0.03208078071475029,-0.3332570493221283,0.3990071713924408,-0.002850483171641826,0.0,0.0,-0.006588462274521588,0.0,0.0
41.101,0.2605670094490052,0.00964308250695467,0.43926662206649775,0.3627837002277374,0.0005464265123009682,0.0,0.0,-0.0008245807839557528,0.0,0.0
41.114,0.25067734718322754,-0.0073027368634939185,3.41304612159729,0.341118723154068,0.025379423052072525,0.0,0.0,0.000918749370612204,0.0,0.0
41.128,0.2825804054737091,-0.0022776052355766296,2.2982568740844727,0.36433967947959905,0.06259272247552872,0.0,0.0,4.8021203838288784e-05,0.0,0.0
41.141,0.3084688782691956,0.009137714281678202,-1.6509779691696167,0.39148107171058655,0.0900278091430664,0.0,0.0,0.004032330587506294,0.0,0.0
41.154,0.31703945994377136,0.008542058989405632,-3.740391731262207,0.41331344842910767,0.09416383504867552,0.0,0.0,0.012675253674387932,0.0,0.0
41.168,0.3029146492481232,-0.0011230399832129478,-2.246955633163452,0.4162289798259735,0.09131713211536407,0.0,0.0,0.012045972049236298,0.0,0.0
41.181,0.2735742926597595,-0.006338691338896752,1.701330065727234,0.3798278272151947,0.08763017505407333,0.0,0.0,0.012045972049236298,0.0,0.0
41.194,0.272884339094162,0.01515991985797882,2.3404779434204106,0.42170625925064087,0.09008185565471648,0.0,0.0,0.007168260402977467,0.0,0.0
41.208,0.28963905572891235,0.029598992317914963,-3.653213262557984,0.41062176227569586,0.0756157785654068,0.0,0.0,0.01420651376247406,0.0,0.0
41.221,0.31946665048599243,0.03182384371757507,0.9767023324966431,0.4245296120643616,0.07819965481758116,0.0,0.0,0.017138710245490074,0.0,0.0
41.234,0.29081034660339355,-0.001485996413975954,0.0855596736073494,0.4077653288841248,0.06813366711139679,0.0,0.0,0.017138710245490074,0.0,0.0
41.247,0.26216569542884827,0.02757171355187893,4.540998935699463,0.4105488657951355,0.07419449836015701,0.0,0.0,0.009909809567034243,0.0,0.0
41.261,0.28987014293670654,0.07585811614990233,-2.9241838455200195,0.4232332110404968,0.0713786780834198,0.0,0.0,0.015306414104998112,0.0,0.0
41.274,0.3100588917732239,0.07675433903932571,0.5429311990737915,0.4264788925647736,0.06416632235050201,0.0,0.0,0.021081289276480675,0.0,0.0
41.288,0.30552294850349426,0.0755867063999176,-8.599448204040526,0.4314719438552856,0.05593022704124451,0.0,0.0,0.018481329083442688,0.0,0.0
41.301,0.28997573256492615,0.0515141710639,2.222245216369629,0.39127376675605774,0.06796203553676605,0.0,0.0,0.015404894948005676,0.0,0.0
41.314,0.27169767022132874,0.06036856025457382,3.6041126251220703,0.40196144580841053,0.08498519659042358,0.0,0.0,0.01886957697570324,0.0,0.0
41.328,0.2849779725074768,0.07445070147514342,0.4197690486907959,0.4037631154060364,0.09255628287792204,0.0,0.0,0.020516717806458477,0.0,0.0
41.341,0.29768162965774536,0.08734480291604996,-2.168647050857544,0.42696061730384827,0.092394158244133,0.0,0.0,0.018268700689077377,0.0,0.0
41.354,0.2779435217380524,0.07601968199014662,-0.0772302970290184,0.42341476678848267,0.09768959879875184,0.0,0.0,0.016662590205669403,0.0,0.0
41.368,0.27734795212745667,0.04197071492671967,1.5768226385116575,0.41300210356712336,0.1204233318567276,0.0,0.0,0.013644400052726269,0.0,0.0
41.381,0.26287811994552607,0.011730472557246683,1.4722075462341309,0.41404423117637634,0.1135038435459137,0.0,0.0,0.013543788343667984,0.0,0.0
41.394,0.26870307326316833,0.001141428016126156,1.6156777143478394,0.4347149133682251,0.11707533895969392,0.0,0.0,0.019449539482593536,0.0,0.0
41.408,0.27638125419616694,0.033814769238233566,-5.317670822143555,0.483722060918808,0.06139228865504265,0.0,0.0,0.025296753272414207,0.0,0.0
41.421,0.26930633187294006,0.0335104800760746,1.4998499155044556,0.43914821743965143,0.03965979442000389,0.0,0.0,0.025296753272414207,0.0,0.0
41.434,0.2684784531593323,0.027297371998429295,2.800355672836304,0.481268048286438,0.031361497938632965,0.0,0.0,0.030995137989521027,0.0,0.0
41.448,0.2637340724468231,0.015107596293091774,6.065388202667236,0.4341814815998077,0.02222083881497383,0.0,0.0,0.041136521846055984,0.0,0.0
41.461,0.2570657134056092,0.016831351444125175,-5.635734081268311,0.40413442254066473,0.031045561656355854,0.0,0.0,0.03370930999517441,0.0,0.0
41.474,0.25596159696578974,0.015099957585334778,-1.7168455123901367,0.41475394368171686,0.040731802582740784,0.0,0.0,0.023378901183605198,0.0,0.0
41.488,0.2681235373020172,0.012186318635940552,0.17080271244049072,0.3983096480369568,0.04752727970480919,0.0,0.0,0.02155565842986107,0.0,0.0
41.501,0.2644217908382416,0.015111099928617476,0.6448169946670532,0.40855333209037775,0.04193519800901413,0.0,0.0,0.029603343456983566,0.0,0.0
41.514,0.28341102600097656,0.025681402534246445,0.5863808989524841,0.404362827539444,0.03835169225931168,0.0,0.0,0.03250689059495926,0.0,0.0
41.528,0.2603675127029419,0.022802639752626416,1.029051661491394,0.3849957585334778,0.05609823763370514,0.0,0.0,0.025688696652650837,0.0,0.0
41.541,0.27438938617706293,0.011801127344369888,2.4835963249206543,0.4323323965072632,0.08539663255214691,0.0,0.0,0.02061242237687111,0.0,0.0
41.554,0.2698744833469391,0.011891068890690804,0.9344684481620787,0.42192870378494257,0.10845252871513368,0.0,0.0,0.02445763722062111,0.0,0.0
41.568,0.2963804006576538,0.02603788673877716,-1.577356219291687,0.46323230862617487,0.1023273468017578,0.0,0.0,0.03720243275165558,0.0,0.0
41.581,0.2663614749908448,0.03403031453490257,-2.458374500274658,0.4200836718082428,0.09848219156265257,0.0,0.0,0.03720243275165558,0.0,0.0
41.594,0.2896168828010559,0.03685072809457778,0.1689860075712204,0.4465334117412567,0.08531644940376282,0.0,0.0,0.039908692240715034,0.0,0.0
41.608,0.26617658138275146,0.0492498055100441,3.5605244636535645,0.42561590671539307,0.09182494878768922,0.0,0.0,0.03413890674710274,0.0,0.0
41.621,0.27597033977508545,0.049287259578704834,-1.0402071475982666,0.45311194658279413,0.088377445936203,0.0,0.0,0.034975387156009674,0.0,0.0
41.634,0.28188061714172363,0.027108468115329742,-0.2210606783628464,0.4571724534034729,0.08732451498508453,0.0,0.0,0.034975387156009674,0.0,0.0
41.648,0.27986225485801697,0.0662747323513031,-7.8689489364624015,0.4547981321811676,0.03925524652004242,0.0,0.0,0.025698509067296985,0.0,0.0
41.661,0.2728603184223175,0.08458290249109267,1.6403385400772097,0.41050273180007935,0.02935718558728695,0.0,0.0,0.017193956300616264,0.0,0.0
41.674,0.2569645345211029,0.08404359221458435,0.13886089622974396,0.406880259513855,0.03582267835736275,0.0,0.0,0.014276462607085705,0.0,0.0
41.688,0.2574862837791443,0.04289942234754562,6.805484771728516,0.4074351489543914,0.059525266289711,0.0,0.0,0.01634424924850464,0.0,0.0
41.701,0.2898252606391907,0.034593239426612854,-2.7305092811584477,0.4482333660125733,0.0767940878868103,0.0,0.0,0.020169971510767937,0.0,0.0
41.714,0.2652239799499512,0.01581619307398796,-0.8251439332962035,0.4019370973110199,0.0947113037109375,0.0,0.0,0.02032387442886829,0.0,0.0
41.728,0.26032334566116333,0.009585583582520485,1.8182743787765503,0.4156337380409241,0.1245749294757843,0.0,0.0,0.017001671716570854,0.0,0.0
41.741,0.28655800223350525,0.029470115900039676,1.7862921953201294,0.41634723544120794,0.13431283831596377,0.0,0.0,0.016324877738952637,0.0,0.0
41.754,0.2898297905921936,0.043883729726076126,0.1430174708366394,0.4345259964466095,0.13952066004276276,0.0,0.0,0.01785089820623398,0.0,0.0
41.768,0.2857225835323334,0.03966367617249489,-1.3136996030807495,0.4181868135929108,0.14910230040550232,0.0,0.0,0.017342746257781982,0.0,0.0
41.781,0.29103392362594604,0.038781821727752686,-1.5279150009155271,0.4683643281459808,0.15231814980506897,0.0,0.0,0.017342746257781982,0.0,0.0
41.794,0.2957817614078522,0.050806671380996704,0.9109997153282163,0.4536935985088349,0.1543586552143097,0.0,0.0,0.025789543986320496,0.0,0.0
41.808,0.3031267523765564,0.05807992070913314,2.155483722686768,0.491989016532898,0.1108977198600769,0.0,0.0,0.04762991517782211,0.0,0.0
41.821,0.30764302611351013,0.05804961919784546,-0.7444230914115907,0.5279642939567566,0.08525529503822327,0.0,0.0,0.056266877800226205,0.0,0.0
41.834,0.2984926104545593,0.05290272831916809,0.045195501297712326,0.4853311181068421,0.051827892661094666,0.0,0.0,0.056266877800226205,0.0,0.0
41.848,0.2865745723247528,0.07322968542575836,0.8124094009399414,0.47379013895988464,0.03760941699147224,0.0,0.0,0.05439588800072671,0.0,0.0
41.861,0.2774085998535156,0.08022208511829376,0.8501240015029907,0.43133613467216486,0.05741061270236969,0.0,0.0,0.04428666085004807,0.0,0.0
41.874,0.2695487439632416,0.08028732240200041,-0.42232972383499146,0.42973855137825007,0.07910706102848053,0.0,0.0,0.028580266982316967,0.0,0.0
41.888,0.3063637912273407,0.09331012517213821,1.2844184637069702,0.45773571729660034,0.10454141348600388,0.0,0.0,0.016947757452726364,0.0,0.0
41.901,0.34317517280578613,0.09642651677131651,-5.4049835205078125,0.4688456952571869,0.09320619702339171,0.0,0.0,0.01991441287100315,0.0,0.0
41.914,0.35761097073555,0.09662777185440063,-5.232305526733398,0.485241025686264,0.06453094631433487,0.0,0.0,0.02233865112066269,0.0,0.0
41.928,0.3318162560462952,0.10063986480236052,-0.6572023630142212,0.4756737649440765,0.06746277213096619,0.0,0.0,0.01136288233101368,0.0,0.0
41.941,0.29473283886909485,0.11820287257432938,2.5734705924987797,0.46392303705215454,0.07186754047870636,0.0,0.0,-0.008471142500638964,0.0,0.0
41.954,0.2579818367958069,0.12693673372268677,0.3257442116737366,0.4375025928020477,0.10265906155109406,0.0,0.0,-0.027308689430356026,0.0,0.0
41.968,0.2856599986553192,0.11166082322597504,-1.1380565166473389,0.4408804774284362,0.1461072564125061,0.0,0.0,-0.030562028288841248,0.0,0.0
41.981,0.3072108924388885,0.08426500856876373,-0.6290263533592224,0.44364145398139954,0.15237677097320557,0.0,0.0,-0.030562028288841248,0.0,0.0
41.994,0.30312609672546387,0.051821168512105935,1.654208779335022,0.4542325735092163,0.1530432552099228,0.0,0.0,-0.02157622575759888,0.0,0.0
42.008,0.31025105714797974,0.05763690918684006,2.0594294071197514,0.4959165751934052,0.15166696906089783,0.0,0.0,-0.017435066401958466,0.0,0.0
42.021,0.2918296456336975,0.06538210064172745,-0.9630935192108153,0.45020547509193426,0.1362815499305725,0.0,0.0,-0.025919977575540543,0.0,0.0
42.034,0.2958265542984009,0.08078087866306305,-2.158872365951538,0.49671226739883423,0.13960155844688416,0.0,0.0,-0.025919977575540543,0.0,0.0
42.048,0.29729655385017395,0.13117769360542297,-1.7377352714538574,0.5045706033706665,0.1031784564256668,0.0,0.0,-0.036894150078296654,0.0,0.0
42.061,0.30586689710617065,0.15435846149921417,2.0804514884948726,0.5427062511444092,0.08394819498062134,0.0,0.0,-0.022983629256486893,0.0,0.0
42.074,0.3078993558883667,0.15377101302146912,-0.38658845424652094,0.5196021199226379,0.07008041441440582,0.0,0.0,-0.022983629256486893,0.0,0.0
42.088,0.29089295864105225,0.15752442181110382,2.9176425933837886,0.4867038428783417,0.05712992697954178,0.0,0.0,0.018249863758683205,0.0,0.0
42.101,0.28050318360328674,0.1290508210659027,2.423250675201416,0.47877496480941767,0.06500021368265152,0.0,0.0,0.03773489594459534,0.0,0.0
42.114,0.25993481278419495,0.0905449092388153,3.3220007419586186,0.4440463483333588,0.09532192349433899,0.0,0.0,0.053369373083114624,0.0,0.0
42.128,0.2564912736415863,0.05260537937283516,2.8830161094665527,0.4489513337612152,0.13736402988433838,0.0,0.0,0.06180291622877121,0.0,0.0
42.141,0.2467128038406372,0.029846109449863437,1.8659098148345947,0.4036310911178589,0.18302130699157715,0.0,0.0,0.0655018761754036,0.0,0.0
42.154,0.28721827268600464,0.028171773999929428,0.4145021438598633,0.4500479996204376,0.21604278683662412,0.0,0.0,0.06716878712177277,0.0,0.0
42.168,0.3157426714897156,0.04067612811923027,-1.766261100769043,0.46766799688339233,0.2126370072364807,0.0,0.0,0.06869087368249893,0.0,0.0
42.181,0.32201844453811646,0.054132305085659034,-2.052476406097412,0.4947859644889832,0.20220901072025296,0.0,0.0,0.0705413967370987,0.0,0.0
42.194,0.33159977197647095,0.06610690802335739,-0.47828647494316096,0.5182724595069885,0.17343007028102875,0.0,0.0,0.0675208643078804,0.0,0.0
42.208,0.29982322454452515,0.08075658231973648,1.83266282081604,0.49794530868530273,0.15190692245960236,0.0,0.0,0.060150351375341415,0.0,0.0
42.221,0.2629018425941468,0.08170436322689056,-0.8196662664413453,0.4785231649875641,0.1414750963449478,0.0,0.0,0.060150351375341415,0.0,0.0
42.234,0.2957308292388916,0.07470715045928955,0.6104151606559753,0.4990033209323883,0.14198243618011477,0.0,0.0,0.0610576830804348,0.0,0.0
42.248,0.3203686475753784,0.038396768271923065,-4.199644088745117,0.519203782081604,0.09260547906160353,0.0,0.0,0.05275310203433037,0.0,0.0
42.261,0.3173283040523529,0.031271256506443024,0.8512353301048279,0.5044931769371033,0.08954487740993501,0.0,0.0,0.05141304060816765,0.0,0.0
42.274,0.2893895208835602,0.03177521377801895,-0.023376429453492165,0.4698340594768524,0.09036191552877426,0.0,0.0,0.05141304060816765,0.0,0.0
42.288,0.32336190342903137,0.06458789855241776,-1.8704376220703125,0.5075566172599792,0.08965186029672623,0.0,0.0,0.027179218828678128,0.0,0.0
42.301,0.3525204360485077,0.08407877385616302,-1.6541694402694702,0.5483829379081726,0.07973718643188477,0.0,0.0,0.016073433682322502,0.0,0.0
42.314,0.3219226896762848,0.09236091375350952,-1.8676352500915527,0.5063416361808777,0.06052112579345703,0.0,0.0,0.010019349865615368,0.0,0.0
42.328,0.29279208183288574,0.09310075640678403,-0.6660019755363464,0.4653902053833008,0.047146026045084,0.0,0.0,0.0032837220933288336,0.0,0.0
42.341,0.2814395129680633,0.09400092810392381,0.6198211908340454,0.47528803348541265,0.05044735223054886,0.0,0.0,-0.001365331932902336,0.0,0.0
42.354,0.28855153918266296,0.09272803366184233,1.5286940336227417,0.4703215956687927,0.0654238909482956,0.0,0.0,-0.0018846921157091856,0.0,0.0
42.368,0.3137602210044861,0.0844830870628357,-0.026808958500623703,0.5131480693817139,0.06922849267721176,0.0,0.0,-0.002934309421107173,0.0,0.0
42.381,0.28082039952278137,0.0662013441324234,-0.6184902787208557,0.512617290019989,0.06597835570573807,0.0,0.0,-0.002934309421107173,0.0,0.0
42.394,0.28776413202285767,0.05473840981721879,0.5664578080177307,0.5206995606422424,0.055783487856388085,0.0,0.0,-0.0012838238617405295,0.0,0.0
42.408,0.30240723490715027,0.06723849475383759,2.2135887145996094,0.5084975361824036,0.035399150103330605,0.0,0.0,0.008385189808905123,0.0,0.0
42.421,0.3231678307056427,0.06735186278820038,-0.6157868504524231,0.5212711095809937,0.03598951920866966,0.0,0.0,0.008385189808905123,0.0,0.0
42.434,0.3234294354915619,0.0734819695353508,-0.048088934272527695,0.4870021045207977,0.027854437008500096,0.0,0.0,0.008433582261204718,0.0,0.0
42.448,0.3328942656517029,0.08512525260448454,-0.6142106056213379,0.5327684283256531,0.008611705154180527,0.0,0.0,0.001857181079685688,0.0,0.0
42.461,0.3320527374744416,0.0940294787287712,-1.1037640571594238,0.5204259157180786,-0.01121438294649124,0.0,0.0,0.0031971682328730826,0.0,0.0
42.474,0.30763477087020874,0.0852079689502716,-0.6224880814552307,0.4931873083114624,-0.02271004393696785,0.0,0.0,0.004203409422188996,0.0,0.0
42.488,0.3055570125579834,0.08126002550125122,-2.693025588989258,0.47347921133041376,-0.016929004341363907,0.0,0.0,-7.307250052690506e-05,0.0,0.0
42.501,0.29014715552330017,0.07240500301122665,3.5529856681823726,0.4814994931221008,0.0007193384226411581,0.0,0.0,-0.005885714665055275,0.0,0.0
42.514,0.29783886671066284,0.08893522620201111,2.2244367599487305,0.4782165586948394,0.020096177235245705,0.0,0.0,-0.006061108317226172,0.0,0.0
42.528,0.31964632868766785,0.11382674425840378,-2.220536470413208,0.5075764656066896,0.02259536460042,0.0,0.0,-0.0006295994389802217,0.0,0.0
42.541,0.3455609977245331,0.11405321210622787,-4.321404457092285,0.5280675292015076,0.008843090385198593,0.0,0.0,0.002897413447499275,0.0,0.0
42.554,0.33263179659843445,0.08861614763736725,-1.8600670099258425,0.5095064043998718,0.0027655656449496746,0.0,0.0,-0.0035219113342463966,0.0,0.0
42.568,0.29977381229400635,0.10633280873298644,3.5087361335754395,0.49327003955841053,0.03590433672070503,0.0,0.0,-0.031926821917295456,0.0,0.0
42.581,0.2667330801486969,0.11626594513654707,-0.7894274592399597,0.47575521469116205,0.03366737440228462,0.0,0.0,-0.031926821917295456,0.0,0.0
42.594,0.2881762385368347,0.16143101453781128,-2.5098063945770264,0.4952612817287445,0.04022005945444107,0.0,0.0,-0.03599592670798302,0.0,0.0
42.608,0.3228965103626251,0.14695340394973755,-5.469171524047852,0.5040947794914246,-0.00441204197704792,0.0,0.0,-0.05064599961042404,0.0,0.0
42.621,0.31915992498397827,0.14329341053962708,1.059877634048462,0.4927659034729004,-0.013775013387203217,0.0,0.0,-0.061930112540721886,0.0,0.0
42.634,0.318179190158844,0.14272044599056244,3.2137115001678467,0.49940657615661616,-0.012129176408052444,0.0,0.0,-0.061930112540721886,0.0,0.0
42.648,0.32416245341300964,0.18640258908271792,2.394286632537842,0.5477273464202881,-0.04535723105072975,0.0,0.0,-0.05611085146665573,0.0,0.0
42.661,0.3151649534702301,0.16345182061195374,-4.150659084320068,0.5328065752983093,-0.08881565183401108,0.0,0.0,-0.05191907659173012,0.0,0.0
42.675,0.27264484763145447,0.14938658475875854,-0.5413317680358887,0.5087383389472961,-0.1019708439707756,0.0,0.0,-0.04751021042466164,0.0,0.0
42.688,0.2542206346988678,0.1133815199136734,5.201946258544922,0.4728159904479981,-0.06671010702848433,0.0,0.0,-0.041077569127082825,0.0,0.0
42.701,0.24441885948181152,0.11621566116809844,4.129839420318604,0.45620501041412354,-0.01614202745258808,0.0,0.0,-0.03507160395383835,0.0,0.0
42.714,0.2778871953487396,0.11004500091075896,2.262489557266236,0.4850859940052033,0.00457089114934206,0.0,0.0,-0.023565376177430156,0.0,0.0
42.728,0.3142373561859131,0.08644633740186691,0.8315002918243408,0.5224428176879883,-0.010210219770669935,0.0,0.0,-0.006054344121366739,0.0,0.0
42.741,0.34856277704238886,0.0643058717250824,-0.08848610520362854,0.5191051959991455,-0.038045480847358704,0.0,0.0,-0.006054344121366739,0.0,0.0
42.754,0.3546891510486603,0.061538346111774445,-0.9602288603782653,0.5144668817520142,-0.07306850701570512,0.0,0.0,0.008149275556206703,0.0,0.0
42.768,0.3575981557369232,0.07673555612564088,-1.5444180965423584,0.5586416721343994,-0.3057542145252228,0.0,0.0,0.0046442272141575805,0.0,0.0
42.781,0.3241269886493683,0.1067480891942978,-3.230916738510132,0.5075732469558716,-0.33282139897346497,0.0,0.0,0.0046442272141575805,0.0,0.0
42.794,0.32418727874755854,0.1338425874710083,-4.2311601638793945,0.5199416279792786,-0.3964426219463349,0.0,0.0,-0.010006563737988472,0.0,0.0
42.808,0.28512969613075256,0.1910445541143417,-10.46791648864746,0.47039249539375305,-0.3607685267925263,0.0,0.0,-0.04730535298585892,0.0,0.0
42.821,0.29189392924308777,0.19062753021717072,4.558152198791504,0.47426593303680414,-0.35544902086257935,0.0,0.0,-0.0666065588593483,0.0,0.0
42.834,0.3017567992210388,0.2317470908164978,-5.613800048828125,0.4855144321918488,-0.41707327961921686,0.0,0.0,-0.0666065588593483,0.0,0.0
42.848,0.33693426847457886,0.34340155124664307,-11.116900444030762,0.4881874620914459,-0.5370792150497437,0.0,0.0,-0.08758505433797836,0.0,0.0
42.861,0.31959444284439087,0.3735697865486145,-5.241477966308594,0.4350337684154511,-0.6949543952941896,0.0,0.0,-0.07841829955577849,0.0,0.0
42.874,0.28565725684165955,0.37143415212631226,2.3095383644104004,0.374491423368454,-0.8022916316986083,0.0,0.0,-0.06594620645046234,0.0,0.0
42.888,0.26461225748062134,0.5256657600402832,-13.387622833251951,0.3487241566181183,-0.9958428740501405,0.0,0.0,-0.06906185299158096,0.0,0.0
42.901,0.29171493649482727,0.6159108877182007,2.3163890838623047,0.39838391542434687,-1.010780692100525,0.0,0.0,-0.09449286013841629,0.0,0.0
42.914,0.3112730383872986,0.6673861742019653,-2.608001232147217,0.4500101506710053,-0.9506818056106568,0.0,0.0,-0.13126981258392334,0.0,0.0
42.928,0.32154712080955505,0.6848558783531189,-1.9846960306167605,0.5011264681816101,-0.8598960638046264,0.0,0.0,-0.16796521842479706,0.0,0.0
42.941,0.32974377274513245,0.672759175300598,-4.963264465332031,0.5482359528541565,-0.7916733026504515,0.0,0.0,-0.2023875117301941,0.0,0.0
42.954,0.3385225236415863,0.6478156447410583,-7.618287086486816,0.5653265118598938,-0.8032105565071106,0.0,0.0,-0.2252075970172882,0.0,0.0
42.968,0.28741714358329773,0.6520501971244812,-9.644099235534668,0.5078909397125244,-0.9049918651580809,0.0,0.0,-0.22337566316127777,0.0,0.0
42.981,0.28930532932281494,0.7303833961486816,5.510227203369141,0.5079841017723083,-0.9471100568771361,0.0,0.0,-0.20405420660972595,0.0,0.0
42.995,0.2324974238872528,0.7958589196205139,-4.2712388038635245,0.4558671116828919,-1.0357489585876465,0.0,0.0,-0.1954587996006012,0.0,0.0
43.008,0.21221990883350367,0.7564824819564819,17.127830505371094,0.4033444225788117,-1.0177569389343262,0.0,0.0,-0.23675911128520968,0.0,0.0
43.021,0.1769028753042221,0.7506834268569945,-6.1744561195373535,0.3535252511501312,-1.052464485168457,0.0,0.0,-0.23675911128520968,0.0,0.0
43.035,0.15684770047664642,0.6365100145339966,9.452810287475586,0.28972575068473816,-1.0488057136535645,0.0,0.0,-0.25610288977622986,0.0,0.0
43.048,0.14118260145187378,0.4320516586303711,-4.606861591339111,0.22712820768356323,-1.2476773262023926,0.0,0.0,-0.3534633815288544,0.0,0.0
43.061,0.12420834600925446,0.36819878220558167,-8.437225341796875,0.15743516385555267,-1.3572654724121094,0.0,0.0,-0.4077593088150024,0.0,0.0
43.075,0.1072046309709549,0.3671373128890991,2.708751678466797,0.08787405490875244,-1.3675386905670166,0.0,0.0,-0.4077593088150024,0.0,0.0
43.088,0.08907371759414674,0.3018871545791626,2.463515043258667,0.02413850277662277,-1.3424830436706543,0.0,0.0,-0.458853542804718,0.0,0.0
43.101,0.07238835096359253,0.23131923377513883,3.500622510910034,-0.035881731659173965,-1.3159784078598022,0.0,0.0,-0.4855967462062836,0.0,0.0
43.115,0.05899129062891007,0.1649186760187149,-1.3182452917099,-0.04567049443721771,-1.305168628692627,0.0,0.0,-0.5187437534332275,0.0,0.0
43.128,0.046776551753282554,0.13420124351978302,-2.5735371112823486,-0.0606539249420166,-1.31177020072937,0.0,0.0,-0.5600239038467407,0.0,0.0
43.142,0.003329714993014932,0.11671124398708344,-1.02256977558136,-0.09662123024463651,-1.3283901214599607,0.0,0.0,-0.5883070230484009,0.0,0.0
43.155,-0.0024083796888589855,0.1211199015378952,-0.8907325267791747,-0.098784938454628,-1.3563838005065918,0.0,0.0,-0.6031677722930908,0.0,0.0
43.168,-0.0367765799164772,0.1645783632993698,-5.86636209487915,-0.1127842590212822,-1.4196316003799438,0.0,0.0,-0.6935509443283081,0.0,0.0
43.181,-0.03267742693424225,0.19386385381221768,-0.6249502301216125,-0.09081199765205385,-1.4060015678405762,0.0,0.0,-0.6935509443283081,0.0,0.0
43.195,-0.02744772844016552,0.26590535044670105,-2.5067298412323,-0.08080640435218811,-1.4747264385223389,0.0,0.0,-0.7311084270477296,0.0,0.0
43.208,-0.02487105317413807,0.3629122078418732,-2.3477351665496826,-0.060241445899009705,-1.538354516029358,0.0,0.0,-0.7632781863212585,0.0,0.0
43.221,-0.07304297387599945,0.37753185629844666,-0.7565215229988098,-0.07249115407466888,-1.563730001449585,0.0,0.0,-0.7907875776290892,0.0,0.0
43.235,-0.037017066031694405,0.39754179120063776,-1.8287658691406248,-0.07003350555896759,-1.5703014135360718,0.0,0.0,-0.7907875776290892,0.0,0.0
43.248,-0.06337346136569977,0.3674963712692261,1.7434157133102417,-0.0922631323337555,-1.58577299118042,0.0,0.0,-0.8302551507949829,0.0,0.0
43.261,-0.07161965221166611,0.31841975450515747,3.8925087451934814,-0.08549121022224426,-1.5585169792175293,0.0,0.0,-0.8212252855300902,0.0,0.0
43.275,-0.05539496615529061,0.3267794251441956,0.954041600227356,-0.041970349848270416,-1.5074012279510498,0.0,0.0,-0.8278220891952514,0.0,0.0
43.288,-0.07129035145044327,0.2774430513381958,6.560086250305176,-0.08768795430660246,-1.4845013618469238,0.0,0.0,-0.8401150107383728,0.0,0.0
43.301,-0.07606633752584457,0.25795021653175354,4.923216819763184,-0.061616811901330955,-1.4471940994262695,0.0,0.0,-0.8150295019149779,0.0,0.0
43.315,-0.09275579452514648,0.24363256990909576,4.8335795402526855,-0.0723930075764656,-1.4142948389053345,0.0,0.0,-0.7639708518981932,0.0,0.0
43.328,-0.10248520225286484,0.2430422157049179,0.8051678538322448,-0.1029624193906784,-1.3783705234527588,0.0,0.0,-0.7415385842323302,0.0,0.0
43.341,-0.11450938135385512,0.25765106081962585,-4.475831031799316,-0.14639268815517426,-1.3895504474639893,0.0,0.0,-0.7610359787940979,0.0,0.0
43.355,-0.1036216840147972,0.2910526692867279,-4.566527843475342,-0.17329885065555573,-1.458562254905701,0.0,0.0,-0.7839076519012451,0.0,0.0
43.368,-0.1021858975291252,0.34176579117774963,-3.415267944335937,-0.1528034806251526,-1.5664774179458618,0.0,0.0,-0.7921134829521179,0.0,0.0
43.381,-0.12500350177288055,0.3814068138599396,-4.6242780685424805,-0.16275650262832642,-1.5918893814086914,0.0,0.0,-0.8126150369644165,0.0,0.0
43.395,-0.14573679864406586,0.36004433035850525,-2.6937222480773926,-0.22837118804454803,-1.6130588054656982,0.0,0.0,-0.8517556786537169,0.0,0.0
43.408,-0.1656808853149414,0.19635894894599917,9.421777725219727,-0.2730514705181122,-1.5622693300247192,0.0,0.0,-0.8646536469459533,0.0,0.0
43.421,-0.18392574787139893,0.195599764585495,-2.487713098526001,-0.3103648126125336,-1.5551199913024902,0.0,0.0,-0.8646536469459533,0.0,0.0
43.435,-0.20351617038249967,0.1398632824420929,4.445893287658691,-0.3461878299713135,-1.514744997024536,0.0,0.0,-0.8483717441558838,0.0,0.0
43.448,-0.1712014526128769,0.1305176317691803,-3.408137559890747,-0.3176015615463257,-1.4037997722625732,0.0,0.0,-0.8705645799636842,0.0,0.0
43.461,-0.16292664408683777,0.16139143705368042,0.8499048352241517,-0.30354106426239014,-1.37860369682312,0.0,0.0,-0.8848634362220765,0.0,0.0
43.475,-0.16692551970481873,0.16002067923545835,-0.40347129106521606,-0.2856564521789551,-1.40134596824646,0.0,0.0,-0.8848634362220765,0.0,0.0
43.488,-0.17249110341072085,0.1652427762746811,-1.7031445503234863,-0.28956615924835205,-1.371006727218628,0.0,0.0,-0.8387872576713562,0.0,0.0
43.501,-0.18328249454498288,0.144812673330307,-1.2045644521713257,-0.28743863105773926,-1.3422294855117798,0.0,0.0,-0.8402460813522339,0.0,0.0
43.515,-0.2316215932369232,0.12804940342903137,0.13152435421943665,-0.3324333429336548,-1.3435670137405396,0.0,0.0,-0.8607867360115051,0.0,0.0
43.528,-0.28218153119087214,0.1274031549692154,1.8658518791198728,-0.38070020079612726,-1.3712174892425537,0.0,0.0,-0.8691138029098511,0.0,0.0
43.541,-0.29701724648475647,0.135483056306839,0.482708215713501,-0.4287876784801483,-1.383275866508484,0.0,0.0,-0.861090898513794,0.0,0.0
43.555,-0.2614519000053406,0.15214191377162933,-2.7355334758758545,-0.4180742800235748,-1.3977286815643313,0.0,0.0,-0.8573477864265443,0.0,0.0
43.568,-0.2844059467315674,0.14372965693473816,-5.040093898773193,-0.4370399117469788,-1.4285287857055664,0.0,0.0,-0.8817519545555114,0.0,0.0
43.581,-0.3064663112163544,0.14138737320899963,2.1182029247283936,-0.4923240542411804,-1.4032336473464966,0.0,0.0,-0.8817519545555114,0.0,0.0
43.595,-0.2684181928634644,0.1495097130537033,1.4920212030410769,-0.45033800601959223,-1.3992830514907837,0.0,0.0,-0.871436059474945,0.0,0.0
43.608,-0.2941837012767792,0.19503219425678253,-1.6119003295898438,-0.5208439230918884,-1.3946306705474854,0.0,0.0,-0.8686460256576538,0.0,0.0
43.621,-0.3423464894294739,0.16861455142498016,-2.1790087223052974,-0.593145489692688,-1.3605690002441406,0.0,0.0,-0.8822565674781798,0.0,0.0
43.635,-0.376044899225235,0.15949775278568268,0.7053203582763672,-0.662481963634491,-1.3423399925231934,0.0,0.0,-0.8822565674781798,0.0,0.0
43.648,-0.3653259873390198,0.16291990876197815,-2.5097584724426274,-0.6179447770118713,-1.2832555770874023,0.0,0.0,-0.9050679206848145,0.0,0.0
43.661,-0.3536462187767029,0.18039116263389587,-1.8429412841796875,-0.5801923274993896,-1.2923583984375,0.0,0.0,-0.9392157793045045,0.0,0.0
43.675,-0.36947828531265253,0.16843751072883606,-2.375746488571167,-0.609441876411438,-1.3147616386413574,0.0,0.0,-0.9534672498703003,0.0,0.0
43.688,-0.4141952097415924,0.14532724022865295,3.246688842773437,-0.6319966316223145,-1.2913999557495115,0.0,0.0,-0.9315223693847656,0.0,0.0
43.701,-0.40756621956825256,0.1408659964799881,1.716466188430786,-0.5953150391578673,-1.2675683498382568,0.0,0.0,-0.8973348736763,0.0,0.0
43.715,-0.39015442132949835,0.1664123237133026,1.584403157234192,-0.5979713201522827,-1.261971354484558,0.0,0.0,-0.875839352607727,0.0,0.0
43.728,-0.41496023535728455,0.1805081069469452,1.1605381965637207,-0.6697643399238585,-1.2634804248809814,0.0,0.0,-0.8625264167785645,0.0,0.0
43.741,-0.4515896439552307,0.15460950136184692,2.501327514648437,-0.7373731732368469,-1.2100319862365725,0.0,0.0,-0.8439372181892395,0.0,0.0
43.755,-0.47931087017059326,0.10510588437318802,2.917353630065918,-0.8010534048080444,-1.10882306098938,0.0,0.0,-0.8295615911483764,0.0,0.0
43.768,-0.44687491655349726,0.11445094645023346,-0.8483022451400756,-0.7851850986480714,-1.0494229793548584,0.0,0.0,-0.8717289566993713,0.0,0.0
43.781,-0.4176348149776458,0.13414108753204346,-0.22073239088058472,-0.7625602483749389,-1.0484626293182373,0.0,0.0,-0.8717289566993713,0.0,0.0
43.795,-0.46820276975631714,0.13181373476982117,-2.8985781669616695,-0.8134623169898986,-1.0584050416946411,0.0,0.0,-0.8821911811828613,0.0,0.0
43.808,-0.4642431139945984,0.12084220349788666,1.777318835258484,-0.8061439394950866,-1.0369573831558228,0.0,0.0,-0.8500685691833496,0.0,0.0
43.821,-0.51151043176651,0.12944667041301727,0.9144097566604614,-0.8495185971260071,-1.0323792695999146,0.0,0.0,-0.8595981001853944,0.0,0.0
43.835,-0.4995666146278381,0.11952510476112366,0.37308633327484125,-0.8526654243469238,-1.059707760810852,0.0,0.0,-0.8595981001853944,0.0,0.0
43.848,-0.5231961011886597,0.09416240453720093,2.378873586654663,-0.9028635621070861,-1.0450172424316406,0.0,0.0,-0.8600837588310242,0.0,0.0
43.861,-0.5387113094329834,0.08941530436277388,2.1756157875061035,-0.9397825598716736,-0.9963366985321045,0.0,0.0,-0.8348116278648376,0.0,0.0
43.875,-0.5254332423210144,0.07882219552993774,-0.7292613387107849,-0.9338725805282592,-0.9596258401870728,0.0,0.0,-0.8333745598793031,0.0,0.0
43.888,-0.552890419960022,0.10903679579496384,-6.013662338256836,-0.9941945075988768,-0.9596785902976989,0.0,0.0,-0.8579077124595642,0.0,0.0
43.901,-0.5417361259460449,0.15326905250549316,-6.747391700744629,-0.9938613772392274,-1.0594432353973389,0.0,0.0,-0.8923381567001344,0.0,0.0
43.915,-0.5308991074562073,0.19818973541259768,-5.90999698638916,-0.9638227820396424,-1.2056803703308103,0.0,0.0,-0.9472350478172302,0.0,0.0
43.928,-0.5816108584403992,0.2357786595821381,-3.3109142780303955,-1.013572096824646,-1.3134497404098513,0.0,0.0,-1.0250016450881958,0.0,0.0
43.941,-0.6146100759506226,0.26680901646614075,0.23967325687408447,-1.0929520130157473,-1.400299310684204,0.0,0.0,-1.079249382019043,0.0,0.0
43.955,-0.6429098844528198,0.25114193558692927,4.227858543395996,-1.1389153003692627,-1.4161330461502075,0.0,0.0,-1.073796629905701,0.0,0.0
43.968,-0.6684635281562805,0.22732917964458463,2.5542140007019043,-1.1855522394180298,-1.3873659372329712,0.0,0.0,-1.0621627569198608,0.0,0.0
43.981,-0.6280512213706969,0.27303805947303766,-6.421838760375977,-1.168541431427002,-1.3587830066680908,0.0,0.0,-1.0621627569198608,0.0,0.0
43.995,-0.5963955521583557,0.3786817193031311,-11.921814918518066,-1.1606239080429075,-1.4799879789352417,0.0,0.0,-1.1533911228179932,0.0,0.0
44.008,-0.6534072160720825,0.47527554631233215,-14.401700973510742,-1.1999390125274658,-1.7987462282180786,0.0,0.0,-1.3374565839767456,0.0,0.0
44.021,-0.641681432723999,0.4756503105163574,6.307679176330566,-1.1701041460037231,-1.8547334671020508,0.0,0.0,-1.3577969074249268,0.0,0.0
44.035,-0.6938488483428955,0.4101310670375824,5.3029417991638175,-1.2058042287826538,-1.8411890268325808,0.0,0.0,-1.3577969074249268,0.0,0.0
44.048,-0.7214993238449096,0.278592586517334,21.705230712890625,-1.2470601797103882,-1.612663984298706,0.0,0.0,-1.2401978969573977,0.0,0.0
44.061,-0.7427359223365783,0.2591092586517334,3.4325971603393555,-1.2801750898361206,-1.4607173204421997,0.0,0.0,-1.1496293544769287,0.0,0.0
44.075,-0.761445641517639,0.2570847272872925,-3.7477118968963614,-1.3370364904403689,-1.3706611394882202,0.0,0.0,-1.073932409286499,0.0,0.0
44.088,-0.7323504090309142,0.22522708773612976,15.532166481018066,-1.3188043832778933,-1.1847764253616333,0.0,0.0,-1.0307985544204712,0.0,0.0
44.101,-0.7725765705108641,0.16372372210025787,4.094573020935059,-1.3406076431274414,-1.0343570709228516,0.0,0.0,-0.9855303764343261,0.0,0.0
44.115,-0.8155875802040099,0.11074965447187424,8.670454978942871,-1.3709872961044312,-0.8942174911499022,0.0,0.0,-0.9017409086227416,0.0,0.0
44.128,-0.8060677051544188,0.07299208641052246,7.528292179107666,-1.3291887044906616,-0.8001517057418822,0.0,0.0,-0.7990896701812744,0.0,0.0
44.141,-0.7857924103736876,0.04662909358739853,2.5955221652984615,-1.304989457130432,-0.7248204946517944,0.0,0.0,-0.7166017889976501,0.0,0.0
44.155,-0.7732987999916077,0.05089755728840828,-3.7226624488830566,-1.3016175031661987,-0.7063642740249634,0.0,0.0,-0.6843998432159424,0.0,0.0
44.168,-0.756979763507843,0.0903474986553192,-6.772702693939209,-1.31592857837677,-0.7803348302841185,0.0,0.0,-0.7699940204620361,0.0,0.0
44.181,-0.7821789979934691,0.1209484487771988,-5.69180154800415,-1.3759565353393557,-0.8282249569892883,0.0,0.0,-0.7699940204620361,0.0,0.0
44.195,-0.828398048877716,0.1170974001288414,-0.06049945950508118,-1.4504220485687256,-0.8339642286300659,0.0,0.0,-0.8046512603759765,0.0,0.0
44.208,-0.8480928540229796,0.16903361678123474,1.3817466497421265,-1.523636817932129,-0.855149209499359,0.0,0.0,-0.8127840757369995,0.0,0.0
44.221,-0.8619766831398009,0.16898781061172485,-0.15637502074241638,-1.560110092163086,-0.8228307962417601,0.0,0.0,-0.8279808759689331,0.0,0.0
44.235,-0.8224794268608093,0.23670722544193268,-5.740946292877196,-1.5334465503692627,-0.8168632984161378,0.0,0.0,-0.8279808759689331,0.0,0.0
44.248,-0.810214102268219,0.1978360414505005,3.0116915702819824,-1.5148383378982544,-0.7236250042915344,0.0,0.0,-0.7512241005897522,0.0,0.0
44.261,-0.8201372027397155,0.1219390481710434,15.21905517578125,-1.504231095314026,-0.5902778506278992,0.0,0.0,-0.6284422874450684,0.0,0.0
44.275,-0.8227041959762573,0.12182675302028656,-5.420594692230225,-1.4910968542099,-0.4775976240634918,0.0,0.0,-0.48213750123977667,0.0,0.0
44.288,-0.8106539249420166,0.08442071080207823,37.94989776611328,-1.4365371465682983,-0.31144261360168457,0.0,0.0,-0.33256569504737854,0.0,0.0
44.302,-0.7988841533660888,0.12687963247299194,-12.904767036437988,-1.384903073310852,-0.17519479990005493,0.0,0.0,-0.17796021699905396,0.0,0.0
44.315,-0.8321893215179443,0.15783455967903137,-0.44156143069267273,-1.375361084938049,-0.009328290820121763,0.0,0.0,-0.01045909896492958,0.0,0.0
44.328,-0.819342851638794,0.09583795070648192,20.11161422729492,-1.335476636886597,0.4057634174823761,0.0,0.0,0.16591164469718933,0.0,0.0
44.341,-0.8095518350601196,-0.03370527923107147,23.97074317932129,-1.3047391176223757,0.5658314824104309,0.0,0.0,0.3392178416252136,0.0,0.0
44.355,-0.7929776906967163,-0.12485652416944504,20.624572753906246,-1.2648298740386963,0.8593028783798218,0.0,0.0,0.49277251958847046,0.0,0.0
44.368,-0.7707548141479491,-0.14217117428779602,6.616086483001709,-1.2328002452850342,1.185025691986084,0.0,0.0,0.6077970862388611,0.0,0.0
44.381,-0.7379475235939027,-0.1482723206281662,1.0622564554214478,-1.2131028175354004,1.1991103887557983,0.0,0.0,0.6862457394599915,0.0,0.0
44.395,-0.7246228456497192,-0.16540458798408508,-2.411160469055176,-1.2001110315322876,1.2903050184249878,0.0,0.0,0.7591010332107544,0.0,0.0
44.408,-0.7467425465583801,-0.20188480615615845,4.60656213760376,-1.1813569068908691,1.3915328979492188,0.0,0.0,0.9226691722869872,0.0,0.0
44.422,-0.7289763689041138,-0.20343074202537537,-1.8877476453781128,-1.18333899974823,1.4223315715789795,0.0,0.0,0.9226691722869872,0.0,0.0
44.435,-0.7186525464057921,-0.20748046040534973,8.291098594665526,-1.1778475046157837,1.4639956951141355,0.0,0.0,0.963400661945343,0.0,0.0
44.448,-0.7001163959503174,-0.12483498454093932,0.4444487392902374,-1.1585118770599363,1.4922339916229248,0.0,0.0,0.9882733821868896,0.0,0.0
44.461,-0.6697917580604553,-0.12865397334098816,-2.824540376663208,-1.1319807767868042,1.5192807912826538,0.0,0.0,0.9978157877922058,0.0,0.0
44.475,-0.6729622483253479,-0.12709283828735352,0.4208028316497802,-1.1352945566177368,1.5595272779464722,0.0,0.0,0.9978157877922058,0.0,0.0
44.488,-0.6861033439636232,-0.2557294964790344,5.645879745483398,-1.1352901458740234,1.665197730064392,0.0,0.0,1.0938081741333008,0.0,0.0
44.502,-0.6789124608039856,-0.23453086614608765,-4.413986206054688,-1.1372238397598269,1.6516294479370115,0.0,0.0,1.0993424654006958,0.0,0.0
44.515,-0.6324377655982971,-0.10031169652938844,-11.739657402038574,-1.1048516035079956,1.5220255851745603,0.0,0.0,1.0183175802230835,0.0,0.0
44.528,-0.6113490462303162,-0.016870707273483276,-14.42902374267578,-1.0935111045837402,1.3445476293563845,0.0,0.0,0.9083638191223145,0.0,0.0
44.541,-0.6449124217033385,-0.08370441943407057,-6.327250480651856,-1.1352115869522097,1.2154576778411863,0.0,0.0,0.8310710787773132,0.0,0.0
44.555,-0.6750198602676392,-0.18380124866962436,6.6033034324646,-1.1322288513183594,1.2043311595916748,0.0,0.0,0.80965256690979,0.0,0.0
44.568,-0.6855202317237854,-0.2492147833108902,16.34500503540039,-1.1366947889328003,1.2965731620788574,0.0,0.0,0.8939903974533081,0.0,0.0
44.582,-0.6955296993255615,-0.24985323846340177,-5.690187931060791,-1.144987940788269,1.290497064590454,0.0,0.0,0.8939903974533081,0.0,0.0
44.595,-0.6979137659072876,-0.2079671025276184,-1.8320358991622925,-1.178627371788025,1.332078218460083,0.0,0.0,0.908044695854187,0.0,0.0
44.608,-0.677200198173523,-0.18208007514476776,-11.64866542816162,-1.135536551475525,1.4367730617523191,0.0,0.0,0.835430145263672,0.0,0.0
44.622,-0.6613439917564392,-0.26800304651260376,5.127538681030273,-1.0829375982284546,1.5197696685791016,0.0,0.0,0.8357173204421997,0.0,0.0
44.635,-0.6679181456565857,-0.2706095278263092,-0.5093727111816406,-1.05621075630188,1.5393779277801514,0.0,0.0,0.8357173204421997,0.0,0.0
44.648,-0.6395699977874756,-0.3864338099956513,21.837661743164062,-0.9873825907707214,1.7535333633422852,0.0,0.0,0.9725673198699952,0.0,0.0
44.662,-0.5937318801879883,-0.34407442808151245,4.440908908843993,-0.904461145401001,1.8251440525054927,0.0,0.0,1.0479022264480593,0.0,0.0
44.675,-0.5505390763282776,-0.30362263321876526,3.525996208190918,-0.831762433052063,1.9126780033111568,0.0,0.0,1.0972827672958374,0.0,0.0
44.688,-0.5630239844322205,-0.3176518976688385,2.678954601287842,-0.7846205830574036,2.04990029335022,0.0,0.0,1.135711669921875,0.0,0.0
44.702,-0.5571911334991455,-0.33883136510849,4.501091003417969,-0.7343360781669616,2.197700023651123,0.0,0.0,1.181862711906433,0.0,0.0
44.715,-0.5276328325271606,-0.3548125028610229,4.673829555511475,-0.6527081727981568,2.33777403831482,0.0,0.0,1.2356667518615725,0.0,0.0
44.728,-0.5088797807693481,-0.3538300395011902,2.9308676719665527,-0.6349213123321533,2.4166860580444336,0.0,0.0,1.284459114074707,0.0,0.0
44.742,-0.48733627796173096,-0.30982282757759094,1.0974481105804443,-0.6176437139511108,2.450602769851685,0.0,0.0,1.310754656791687,0.0,0.0
44.755,-0.4820236563682556,-0.2536357641220093,-0.6087720394134521,-0.625170886516571,2.4356682300567627,0.0,0.0,1.3080217838287354,0.0,0.0
44.768,-0.4674068093299866,-0.19369415938854215,4.6726717948913565,-0.6017586588859558,2.4094746112823486,0.0,0.0,1.2829262018203735,0.0,0.0
44.782,-0.48308390378952026,-0.19691170752048487,-1.6209304332733154,-0.6186891794204712,2.4174141883850098,0.0,0.0,1.2829262018203735,0.0,0.0
44.795,-0.4335909485816956,-0.20711836218833923,4.173347473144531,-0.5894067287445068,2.3582911491394043,0.0,0.0,1.2960578203201294,0.0,0.0
44.808,-0.4445587694644928,-0.2499031573534012,-2.408078193664551,-0.619663655757904,2.220323324203491,0.0,0.0,1.2839455604553225,0.0,0.0
44.822,-0.4348551332950592,-0.23987847566604611,-6.583298683166504,-0.6336633563041687,2.138096332550049,0.0,0.0,1.2239656448364258,0.0,0.0
44.836,-0.44920879602432245,-0.2421419322490692,1.4383971691131592,-0.6614180207252502,2.105282783508301,0.0,0.0,1.2239656448364258,0.0,0.0
44.848,-0.43038275837898254,-0.1922878324985504,-13.878822326660156,-0.6637018322944641,1.9166624546051023,0.0,0.0,1.0901901721954346,0.0,0.0
44.862,-0.44710215926170344,-0.17702201008796692,0.03126561641693115,-0.6833070516586304,1.8451581001281736,0.0,0.0,1.0353285074234009,0.0,0.0
44.875,-0.47765266895294184,-0.17119337618350983,-2.0466952323913574,-0.7298579812049866,1.779410481452942,0.0,0.0,0.9995241165161133,0.0,0.0
44.888,-0.49224674701690674,-0.1764928698539734,1.0338239669799805,-0.7126766443252563,1.767385482788086,0.0,0.0,0.9903277158737183,0.0,0.0
44.902,-0.45414474606513977,-0.20774979889392853,0.8902407884597777,-0.6429391503334044,1.7815691232681274,0.0,0.0,0.9855183362960817,0.0,0.0
44.915,-0.41368800401687617,-0.23974627256393435,-1.1549502611160278,-0.571678638458252,1.7302002906799316,0.0,0.0,0.9618659019470215,0.0,0.0
44.928,-0.3755910992622376,-0.25436291098594666,-2.955420970916748,-0.5128803849220276,1.508256912231445,0.0,0.0,0.9238221049308778,0.0,0.0
44.942,-0.3487971425056457,-0.25245779752731323,-3.7739953994750977,-0.4928919076919556,1.4685059785842896,0.0,0.0,0.8815277814865112,0.0,0.0
44.955,-0.3536619246006012,-0.22737888991832733,-2.802085876464844,-0.4619304537773132,1.3876018524169922,0.0,0.0,0.8341343402862548,0.0,0.0
44.968,-0.33092477917671204,-0.2101586163043976,-3.4431202411651607,-0.4056133925914765,1.3254467248916626,0.0,0.0,0.7870483398437501,0.0,0.0
44.982,-0.3467021584510803,-0.20189817249774933,-2.777358055114746,-0.4134744703769684,1.30476713180542,0.0,0.0,0.7540634274482726,0.0,0.0
44.995,-0.3440088629722595,-0.19072154164314273,-0.8144952058792113,-0.4120027422904968,1.2870087623596191,0.0,0.0,0.7375910282135011,0.0,0.0
45.008,-0.30450505018234253,-0.1875883787870407,0.5900077223777771,-0.34253987669944763,1.2807515859603882,0.0,0.0,0.72098046541214,0.0,0.0
45.021,-0.26125869154930115,-0.18818798661231995,0.3665059804916382,-0.27703145146369934,1.2962541580200195,0.0,0.0,0.72098046541214,0.0,0.0
45.035,-0.2853918969631195,-0.18537428975105288,1.651154398918152,-0.2630426287651062,1.2938590049743652,0.0,0.0,0.7153862714767456,0.0,0.0
45.048,-0.25903892517089844,-0.2238818854093552,12.648090362548828,-0.1998783648014069,1.422475814819336,0.0,0.0,0.739737868309021,0.0,0.0
45.062,-0.23765611648559568,-0.2707858085632324,4.43565845489502,-0.15811461210250854,1.5345550775527954,0.0,0.0,0.7813995480537415,0.0,0.0
45.075,-0.24791733920574188,-0.2691292464733124,-2.8583474159240723,-0.1257167607545853,1.5878193378448486,0.0,0.0,0.7813995480537415,0.0,0.0
45.088,-0.2042812556028366,-0.33098915219306946,16.390972137451172,-0.11359310895204544,1.7214231491088867,0.0,0.0,0.874229073524475,0.0,0.0
45.102,-0.1614617556333542,-0.3098427653312683,-3.024780750274658,-0.03801371529698372,1.7247164249420166,0.0,0.0,0.89541757106781,0.0,0.0
45.115,-0.12803739309310913,-0.2711642384529114,-2.967591524124145,-0.012934119440615175,1.660736322402954,0.0,0.0,0.8919486999511719,0.0,0.0
45.128,-0.09828227758407594,-0.23625437915325165,-3.4353597164154053,0.022469570860266685,1.568664789199829,0.0,0.0,0.8755739331245422,0.0,0.0
45.142,-0.07564736157655717,-0.2126801759004593,-3.661751747131348,0.0462641678750515,1.502721071243286,0.0,0.0,0.8609341979026793,0.0,0.0
45.155,-0.11611521244049072,-0.2053319215774536,-3.6607279777526855,-0.000357839948264882,1.4816993474960327,0.0,0.0,0.8511586785316467,0.0,0.0
45.168,-0.1365373134613037,-0.23545309901237488,-1.77388334274292,-0.00047709327191114426,1.4803478717803955,0.0,0.0,0.8514197468757628,0.0,0.0
45.181,-0.1555776447057724,-0.28305482864379883,1.831816792488098,-0.048100996762514114,1.4907686710357666,0.0,0.0,0.8578180074691772,0.0,0.0
45.195,-0.1690407544374466,-0.33548170328140253,2.3271224498748775,-0.04367287829518318,1.5126516819000244,0.0,0.0,0.8441963791847229,0.0,0.0
45.208,-0.16464729607105255,-0.3947202265262604,4.854270935058594,-0.07755768299102782,1.544215440750122,0.0,0.0,0.8028253316879272,0.0,0.0
45.221,-0.12543118000030518,-0.4151920676231384,-2.517096519470215,-0.07306297868490219,1.5391497611999512,0.0,0.0,0.8021541237831116,0.0,0.0
45.235,-0.12737660109996796,-0.42781227827072144,3.8919746875762935,-0.10790955275297164,1.5276374816894531,0.0,0.0,0.8021541237831116,0.0,0.0
45.248,-0.09709870070219041,-0.3880414068698883,-6.21277379989624,-0.09666191041469574,1.367194652557373,0.0,0.0,0.6979672908782959,0.0,0.0
45.262,-0.118998683989048,-0.34225016832351685,-6.99937629699707,-0.13740932941436768,1.2174017429351809,0.0,0.0,0.6311913728713989,0.0,0.0
45.275,-0.15248137712478638,-0.3365499973297119,-3.3126890659332275,-0.1640449017286301,1.090326905250549,0.0,0.0,0.5858302712440491,0.0,0.0
45.288,-0.1347988396883011,-0.38084304332733154,-10.11680030822754,-0.10235793143510818,0.975335657596588,0.0,0.0,0.5430538654327393,0.0,0.0
45.301,-0.1730179339647293,-0.40795183181762695,-2.770677089691162,-0.13851402699947357,0.8709497451782225,0.0,0.0,0.4882978200912476,0.0,0.0
45.315,-0.12799964845180511,-0.4190095067024231,-4.353533744812012,-0.08049770444631577,0.7677500247955321,0.0,0.0,0.4315284192562103,0.0,0.0
45.328,-0.13660366833209991,-0.39562714099884033,1.314595341682434,-0.0859515517950058,0.7102562189102173,0.0,0.0,0.38438168168067927,0.0,0.0
45.342,-0.10399650037288666,-0.38733637332916254,3.348550081253052,-0.05057091638445854,0.6943632960319519,0.0,0.0,0.3505239486694336,0.0,0.0
45.355,-0.07725438475608826,-0.45548185706138605,4.595441818237305,-0.01586643047630787,0.730796456336975,0.0,0.0,0.3292799890041352,0.0,0.0
45.368,-0.02612209878861904,-0.7317198514938353,13.541225433349608,0.04856880754232407,1.0120443105697632,0.0,0.0,0.3255479633808136,0.0,0.0
45.382,0.023808959871530533,-0.7482476234436035,-7.00194215774536,0.11194779723882677,0.9860249161720277,0.0,0.0,0.3255479633808136,0.0,0.0
45.395,0.07548315078020096,-0.8160993456840515,5.005247592926025,0.17830847203731537,1.0316987037658691,0.0,0.0,0.3418084681034088,0.0,0.0
45.408,0.033902499824762344,-0.8987359404563904,8.70947265625,0.12570959329605105,1.0789395570755005,0.0,0.0,0.340948224067688,0.0,0.0
45.422,0.047086115926504135,-0.8993359804153441,-2.9992682933807373,0.12970168888568878,1.057574987411499,0.0,0.0,0.34363386034965515,0.0,0.0
45.435,0.009386349469423294,-0.8826286792755127,1.3113051652908323,0.13377906382083893,1.060598611831665,0.0,0.0,0.34363386034965515,0.0,0.0
45.448,0.044857677072286606,-0.9106432199478147,0.4351392388343811,0.2016850113868713,1.0583133697509766,0.0,0.0,0.4067992269992829,0.0,0.0
45.462,0.06875681877136232,-0.9344336986541747,5.480052471160889,0.2703434228897095,1.091357946395874,0.0,0.0,0.44494020938873285,0.0,0.0
45.475,0.119649276137352,-1.023903727531433,0.2794727683067322,0.336529552936554,1.099538803100586,0.0,0.0,0.48139756917953486,0.0,0.0
45.488,0.14158934354782104,-1.0555620193481443,13.834400177001951,0.4003719985485077,1.0582265853881836,0.0,0.0,0.5120476484298706,0.0,0.0
45.502,0.16454406082630155,-1.0709335803985596,-1.4113783836364746,0.467864066362381,1.0208659172058103,0.0,0.0,0.5408453941345215,0.0,0.0
45.515,0.1870165467262268,-1.0662856101989746,-3.998990297317505,0.5340479612350464,0.9314472675323486,0.0,0.0,0.5751087069511414,0.0,0.0
45.528,0.20813027024269104,-0.9718769192695615,-7.371286869049072,0.5521205067634584,0.8140891194343568,0.0,0.0,0.6083266139030457,0.0,0.0
45.542,0.2285099178552628,-0.7710492014884948,-8.576117515563965,0.5803381204605104,0.6954106688499451,0.0,0.0,0.620550274848938,0.0,0.0
45.555,0.18708075582981112,-0.5707459449768065,-7.781991004943847,0.5326479077339172,0.6577633619308472,0.0,0.0,0.6000481843948364,0.0,0.0
45.568,0.17918887734413147,-0.4271124005317688,-11.069730758666992,0.4796586334705353,0.5726220607757568,0.0,0.0,0.47243973612785334,0.0,0.0
45.581,0.1714993119239807,-0.4113200008869171,4.713908672332764,0.4818257987499237,0.5544941425323486,0.0,0.0,0.47243973612785334,0.0,0.0
45.595,0.1648651361465454,-0.35845130681991577,-2.282159805297852,0.4310484230518341,0.5573567152023315,0.0,0.0,0.4195103049278259,0.0,0.0
45.608,0.21393744647502896,-0.4059393107891082,-8.941197395324707,0.4871923625469208,0.49407607316970825,0.0,0.0,0.3710523247718811,0.0,0.0
45.622,0.26291459798812866,-0.40629783272743225,-1.0047688484191897,0.49288570880889887,0.4588170647621154,0.0,0.0,0.33621314167976374,0.0,0.0
45.635,0.29099056124687195,-0.38713681697845453,-4.159225463867188,0.4813713729381561,0.4253329038619995,0.0,0.0,0.29273784160614014,0.0,0.0
45.648,0.3026797473430633,-0.24089491367340088,-20.24682235717773,0.5065850615501404,0.18106535077095032,0.0,0.0,0.2511478662490845,0.0,0.0
45.662,0.315195232629776,-0.18275004625320437,-4.972862243652344,0.5492261052131653,-0.07635274529457091,0.0,0.0,0.2123897969722748,0.0,0.0
45.675,0.3209373652935028,-0.1261086463928223,-5.9411821365356445,0.5926432609558105,-0.21568156778812408,0.0,0.0,0.1802639216184616,0.0,0.0
45.688,0.27808719873428345,-0.07647032290697098,-1.234816312789917,0.5882787704467772,-0.21507519483566284,0.0,0.0,0.15817420184612274,0.0,0.0
45.702,0.2692488431930542,-0.04424849152565002,2.8151130676269527,0.5745553970336914,-0.1894374638795853,0.0,0.0,0.14048942923545835,0.0,0.0
45.715,0.26067978143692017,-0.03512997180223465,1.5785928964614868,0.5368108749389648,-0.1953200250864029,0.0,0.0,0.1210324689745903,0.0,0.0
45.728,0.2631646692752838,-0.05363452434539794,-1.9189064502716064,0.4953755140304565,-0.21412386000156405,0.0,0.0,0.10112576931715012,0.0,0.0
45.742,0.30249693989753723,-0.07788307964801788,-3.6386752128601074,0.4955269098281861,-0.23179063200950625,0.0,0.0,0.08191391825675964,0.0,0.0
45.755,0.3111809492111206,-0.07584338635206223,-5.520218372344971,0.5324591994285583,-0.2698901295661926,0.0,0.0,0.05937229841947556,0.0,0.0
45.768,0.2858383655548096,-0.043642491102218635,-9.25808048248291,0.49782916903495783,-0.332417905330658,0.0,0.0,0.017201676964759827,0.0,0.0
45.781,0.2611491084098816,-0.04619050398468971,4.4668803215026855,0.48263153433799744,-0.3353455066680908,0.0,0.0,0.017201676964759827,0.0,0.0
45.795,0.23426447808742523,-0.05709558725357056,-0.5252206325531006,0.43876564502716064,-0.33113092184066767,0.0,0.0,0.0063997297547757626,0.0,0.0
45.808,0.24127462506294248,-0.05378991737961769,5.325931549072266,0.4337225556373596,-0.30974540114402765,0.0,0.0,-0.01660711131989956,0.0,0.0
45.822,0.2031597197055817,-0.054204799234867096,-2.067578792572021,0.43779027462005615,-0.3156264424324036,0.0,0.0,-0.025700248777866364,0.0,0.0
45.835,0.2139250338077545,-0.047081425786018365,0.764343798160553,0.48865053057670593,-0.3171515464782715,0.0,0.0,-0.025700248777866364,0.0,0.0
45.848,0.20337417721748352,-0.07256296277046204,1.013583064079285,0.44008052349090576,-0.34492388367652893,0.0,0.0,-0.03343381732702255,0.0,0.0
45.862,0.19413721561431885,-0.10447447001934052,3.506297826766968,0.3861825466156006,-0.32073843479156494,0.0,0.0,-0.035561636090278625,0.0,0.0
45.875,0.18557731807231903,-0.10400431603193284,-1.3544238805770874,0.3319129943847656,-0.30052617192268366,0.0,0.0,-0.04364154487848282,0.0,0.0
45.888,0.1744418442249298,-0.12163789570331572,4.0208001136779785,0.29113587737083435,-0.25617092847824097,0.0,0.0,-0.06020312011241913,0.0,0.0
45.902,0.16573797166347504,-0.11191303282976152,-2.859951496124268,0.2935278415679932,-0.2094172239303589,0.0,0.0,-0.07321709394454957,0.0,0.0
45.915,0.2041464000940323,-0.10033902525901794,0.4579963982105255,0.3329055607318878,-0.14833757281303406,0.0,0.0,-0.07056756317615509,0.0,0.0
45.928,0.2435650080442429,-0.09507908672094344,2.0425050258636475,0.36969816684722895,-0.08747385442256926,0.0,0.0,-0.05735747143626213,0.0,0.0
45.942,0.27463218569755554,-0.08893352001905441,2.0188353061676025,0.3742614388465881,-0.027072194963693615,0.0,0.0,-0.04402117803692818,0.0,0.0
45.955,0.2740267515182495,-0.06473264843225479,2.9133968353271484,0.3884609341621399,0.020780134946107864,0.0,0.0,-0.031262315809726715,0.0,0.0
45.968,0.25098931789398193,-0.030682604759931564,2.436007022857666,0.3583994507789612,0.09078395366668701,0.0,0.0,0.012599766254425049,0.0,0.0
45.981,0.2329989969730377,-0.007253166288137437,2.258220911026001,0.35458794236183167,0.14840081334114075,0.0,0.0,0.012599766254425049,0.0,0.0
45.995,0.2534441351890564,-0.008208537474274635,2.7658548355102535,0.3539907932281494,0.176071897149086,0.0,0.0,0.043563392013311386,0.0,0.0
46.008,0.27446848154068,-0.07523687928915024,6.805412292480469,0.3661823272705078,0.30581939220428467,0.0,0.0,0.10480134934186935,0.0,0.0
46.022,0.28881406784057617,-0.07647351920604707,-2.750281810760498,0.3862782418727874,0.3407244682312012,0.0,0.0,0.13435161113739014,0.0,0.0
46.035,0.3025399148464203,-0.09979700297117232,3.199864149093628,0.3914860785007477,0.38987237215042114,0.0,0.0,0.13435161113739014,0.0,0.0
46.048,0.2893100678920746,-0.08352228999137878,1.0752853155136108,0.38543465733528137,0.45112681388854975,0.0,0.0,0.18160876631736755,0.0,0.0
46.062,0.31106674671173096,-0.06605888903141022,-1.75636625289917,0.42027756571769714,0.48062729835510254,0.0,0.0,0.19052793085575104,0.0,0.0
46.075,0.32075563073158264,-0.06651610881090164,0.3150276839733124,0.45609024167060846,0.4834883213043213,0.0,0.0,0.2038369178771973,0.0,0.0
46.088,0.3507759273052216,-0.006677660159766673,-5.69881010055542,0.485860288143158,0.4658820927143097,0.0,0.0,0.21268901228904724,0.0,0.0
46.102,0.31375938653945923,0.019043117761611935,-2.580517530441284,0.4661891162395477,0.4428586959838867,0.0,0.0,0.21584621071815488,0.0,0.0
46.115,0.3169441521167755,0.0275353379547596,-0.710491418838501,0.45021709799766546,0.4345377087593079,0.0,0.0,0.22411939501762393,0.0,0.0
46.128,0.28206685185432434,0.032028499990701675,1.7361105680465698,0.4277924597263336,0.46647509932518005,0.0,0.0,0.23102352023124692,0.0,0.0
46.142,0.29752784967422485,0.04241742193698883,0.8730556368827821,0.45058524608612066,0.4715248942375183,0.0,0.0,0.22881151735782623,0.0,0.0
46.155,0.32355040311813354,0.056922204792499535,-1.499800205230713,0.4957323372364044,0.46993264555931086,0.0,0.0,0.22477039694786072,0.0,0.0
46.168,0.34689339995384216,0.06627056002616881,-1.941681742668152,0.5467522144317627,0.4116079807281494,0.0,0.0,0.2252265363931656,0.0,0.0
46.182,0.34307432174682617,0.06390125304460526,-1.5157822370529177,0.534068763256073,0.3692169189453125,0.0,0.0,0.22807320952415464,0.0,0.0
46.195,0.30276122689247126,0.05433368682861328,-1.5074399709701538,0.485262393951416,0.34793347120285034,0.0,0.0,0.22520700097084043,0.0,0.0
46.208,0.28564023971557617,0.06089579313993455,-4.326617240905762,0.441852867603302,0.2878616452217102,0.0,0.0,0.1816402971744537,0.0,0.0
46.221,0.26136255264282227,0.061490029096603394,1.3247218132019043,0.44595545530319214,0.2763857841491699,0.0,0.0,0.1816402971744537,0.0,0.0
46.235,0.28517434000968933,0.08063867688179016,-1.5642770528793335,0.4984598457813263,0.2573259174823761,0.0,0.0,0.15994185209274292,0.0,0.0
46.248,0.29781457781791687,0.1103166714310646,-3.726541996002197,0.5516756176948547,0.16540807485580444,0.0,0.0,0.14078272879123688,0.0,0.0
46.262,0.3057300448417664,0.11404331773519516,-0.9758487939834594,0.5915558338165283,0.10258614271879196,0.0,0.0,0.13841493427753448,0.0,0.0
46.275,0.3487621247768402,0.11159590631723404,1.5810707807540894,0.6423359513282776,0.06496056914329529,0.0,0.0,0.13841493427753448,0.0,0.0
46.288,0.34008803963661194,0.08831218630075455,0.03894106298685074,0.6103242039680481,0.02530161663889885,0.0,0.0,0.14655959606170654,0.0,0.0
46.302,0.32119643688201904,0.07951456308364867,2.3285059928894043,0.6035330891609192,0.05290619283914567,0.0,0.0,0.14948852360248566,0.0,0.0
46.315,0.3463303744792938,0.07698694616556166,1.8874452114105225,0.628966748714447,0.07398817688226701,0.0,0.0,0.15790697932243347,0.0,0.0
46.328,0.38357445597648626,0.0745670199394226,-1.3062455654144287,0.6655802130699158,0.07833925634622574,0.0,0.0,0.16275428235530853,0.0,0.0
46.342,0.35841250419616694,0.06767277419567108,-4.7975754737854,0.6189754605293274,0.05337973311543465,0.0,0.0,0.1548563838005066,0.0,0.0
46.355,0.3208823800086975,0.05328289419412613,-3.011066675186157,0.5680565237998961,0.04178614914417266,0.0,0.0,0.14231950044631958,0.0,0.0
46.368,0.33530813455581665,0.06655950844287872,3.0260720252990723,0.611636757850647,0.06415265053510666,0.0,0.0,0.12621958553791046,0.0,0.0
46.382,0.30291375517845154,0.056878361850976944,-1.411802053451538,0.5694288015365601,0.0621655322611332,0.0,0.0,0.12621958553791046,0.0,0.0
46.395,0.3188670575618744,0.06591660529375076,1.3798270225524902,0.6203051805496216,0.0457134023308754,0.0,0.0,0.11783283948898315,0.0,0.0
46.408,0.3258882462978363,0.0818329006433487,-3.3328874111175537,0.6180396676063538,-0.041052710264921195,0.0,0.0,0.10679147392511368,0.0,0.0
46.422,0.330495685338974,0.09475360810756685,-1.9754409790039065,0.6584535241127014,-0.10475490987300871,0.0,0.0,0.10135450214147568,0.0,0.0
46.435,0.28849443793296814,0.0925355702638626,0.41489037871360773,0.6178629994392395,-0.09670941531658173,0.0,0.0,0.10135450214147568,0.0,0.0
46.448,0.29607316851615906,0.1126275360584259,-5.196976661682129,0.61055588722229,-0.22010749578475952,0.0,0.0,0.0670110434293747,0.0,0.0
46.462,0.32981032133102417,0.11407238245010376,2.658048629760742,0.6395866274833679,-0.2550690472126007,0.0,0.0,0.06214742362499237,0.0,0.0
46.475,0.3247131407260895,0.10494521260261536,0.10803826153278352,0.6262242197990417,-0.2874848544597626,0.0,0.0,0.06512679904699326,0.0,0.0
46.488,0.3168928027153015,0.08913721889257431,0.4628324806690216,0.5771430134773254,-0.31137359142303467,0.0,0.0,0.0603514239192009,0.0,0.0
46.502,0.30381518602371216,0.07549944519996643,-2.064831018447876,0.5221425890922545,-0.31767815351486206,0.0,0.0,0.04194173589348793,0.0,0.0
46.515,0.29376596212387085,0.06954579055309296,-2.109769344329834,0.46878179907798767,-0.29792314767837524,0.0,0.0,0.01731523871421814,0.0,0.0
46.528,0.2812618315219879,0.0628042221069336,0.21259355545043945,0.46908774971961975,-0.2559807002544403,0.0,0.0,-0.0028871763497591014,0.0,0.0
46.542,0.256704181432724,0.05433230847120285,-0.12193964421749116,0.4175925254821777,-0.20804311335086825,0.0,0.0,-0.014812815934419632,0.0,0.0
46.555,0.25063154101371765,0.04466834664344788,0.7932800650596618,0.4165959656238556,-0.172987163066864,0.0,0.0,-0.023779014125466347,0.0,0.0
46.568,0.255620151758194,0.04112458974123001,-1.5291061401367188,0.4184416234493256,-0.1483556032180786,0.0,0.0,-0.0422726608812809,0.0,0.0
46.582,0.26071858406066895,0.041311692446470254,0.4052856862545013,0.4610486030578613,-0.14624054729938507,0.0,0.0,-0.0422726608812809,0.0,0.0
46.595,0.27273350954055786,0.05777809768915176,-0.4850143492221832,0.4973376095294952,-0.15118969976902008,0.0,0.0,-0.0490134172141552,0.0,0.0
46.608,0.2738088071346283,0.0917302668094635,3.052209615707397,0.4564412236213684,-0.15792015194892883,0.0,0.0,-0.045964471995830536,0.0,0.0
46.622,0.2420007437467575,0.0857153981924057,1.2140426635742188,0.41157323122024536,-0.14167913794517517,0.0,0.0,-0.05342613160610199,0.0,0.0
46.635,0.22818955779075625,0.08466203510761261,-0.6756629347801208,0.4154172241687775,-0.14156842231750488,0.0,0.0,-0.05342613160610199,0.0,0.0
46.648,0.23594218492507932,0.07616580277681351,3.6771109104156494,0.44561588764190674,-0.08317304402589798,0.0,0.0,-0.06296191364526749,0.0,0.0
46.662,0.24543340504169464,0.06968961656093597,-1.0635734796524048,0.4664800763130188,-0.08110770583152771,0.0,0.0,-0.05444921553134918,0.0,0.0
46.675,0.25309199094772333,0.057487387210130685,-2.329219341278076,0.4634060263633728,-0.10066702961921692,0.0,0.0,-0.05204422771930695,0.0,0.0
46.688,0.26003631949424744,0.03865063935518265,-1.9701397418975832,0.5119461417198181,-0.12073739618062972,0.0,0.0,-0.05201403796672821,0.0,0.0
46.702,0.29529130458831787,0.025245692580938336,0.39431992173194885,0.5587481260299683,-0.14015713334083557,0.0,0.0,-0.04776148870587349,0.0,0.0
46.715,0.2960878908634186,0.019422665238380432,0.41598993539810175,0.5438877940177917,-0.16775736212730408,0.0,0.0,-0.044687867164611816,0.0,0.0
46.728,0.2794041633605957,0.01977572031319141,-1.162863850593567,0.5408334732055664,-0.2140348851680756,0.0,0.0,-0.04867246001958847,0.0,0.0
46.742,0.26755833625793457,0.02469896897673607,-0.7811645865440368,0.4967860281467438,-0.22467176616191864,0.0,0.0,-0.056962065398693085,0.0,0.0
46.755,0.2567406892776489,0.03332234174013138,-0.3432696461677552,0.4605479240417481,-0.22686919569969177,0.0,0.0,-0.06911984831094742,0.0,0.0
46.768,0.2505512237548828,0.03745612502098084,0.2180071473121643,0.4630643427371978,-0.2172095477581024,0.0,0.0,-0.08612411469221115,0.0,0.0
46.782,0.28806325793266296,0.0420682355761528,0.07607080042362213,0.46684655547142023,-0.2151111960411072,0.0,0.0,-0.1004660353064537,0.0,0.0
46.795,0.29106086492538447,0.04448002204298973,-1.7377305030822754,0.4670132100582122,-0.21478441357612607,0.0,0.0,-0.10815294086933136,0.0,0.0
46.808,0.2597358822822571,0.051289863884449005,-9.011988639831545,0.47465580701828,-0.22415807843208316,0.0,0.0,-0.11943430453538896,0.0,0.0
46.822,0.25937187671661377,0.051007993519306176,3.22100043296814,0.4873346388339996,-0.2228175401687622,0.0,0.0,-0.11943430453538896,0.0,0.0
46.835,0.2533661723136902,0.05220207944512367,-2.975740909576416,0.4697126746177673,-0.23516374826431277,0.0,0.0,-0.1262941062450409,0.0,0.0
46.848,0.23953309655189517,0.018827805295586583,7.301710605621339,0.45437034964561457,-0.25160500407218933,0.0,0.0,-0.13579562306404114,0.0,0.0
46.862,0.2193778157234192,0.02585650607943535,0.4529837369918823,0.44281700253486633,-0.2586827278137207,0.0,0.0,-0.1402401179075241,0.0,0.0
46.875,0.2345285564661026,0.03761168569326401,-0.42346045374870306,0.44750699400901794,-0.25544348359107966,0.0,0.0,-0.1468720585107803,0.0,0.0
46.888,0.2575490176677704,0.04059414193034172,-1.2915562391281128,0.42884349822998047,-0.2559857666492462,0.0,0.0,-0.1508353054523468,0.0,0.0
46.902,0.25807836651802063,0.03884241729974747,-1.832134246826172,0.44058516621589666,-0.2454223185777664,0.0,0.0,-0.15285494923591614,0.0,0.0
46.915,0.23124918341636655,0.03229892998933792,-1.7825441360473633,0.3880901336669922,-0.23750339448452,0.0,0.0,-0.15583348274230957,0.0,0.0
46.928,0.2496085613965988,0.02922154404222965,-0.8559135794639587,0.43551045656204224,-0.22831076383590695,0.0,0.0,-0.16018635034561157,0.0,0.0
46.942,0.25295072793960566,0.03219190984964371,-0.4229251146316528,0.4782244265079498,-0.22710964083671567,0.0,0.0,-0.1636742651462555,0.0,0.0
46.955,0.25355952978134155,0.041711077094078064,-0.2073884010314941,0.47029575705528254,-0.22964662313461304,0.0,0.0,-0.16183462738990784,0.0,0.0
46.968,0.23135247826576236,0.05154872685670853,-0.9415313601493837,0.41943591833114624,-0.2289363145828247,0.0,0.0,-0.1504281461238861,0.0,0.0
46.982,0.21567091345787048,0.05617858842015266,-0.912746787071228,0.41974407434463507,-0.23279944062232968,0.0,0.0,-0.1504281461238861,0.0,0.0
46.995,0.20813308656215668,0.04840769991278648,1.7928812503814695,0.3756296932697296,-0.2225487381219864,0.0,0.0,-0.15211144089698792,0.0,0.0
47.008,0.2364473193883896,0.03618215397000313,4.785998344421387,0.4160798788070679,-0.18850305676460263,0.0,0.0,-0.14855726063251495,0.0,0.0
47.022,0.2614029943943024,0.038939721882343285,-1.7673254013061523,0.3992639482021332,-0.19514951109886167,0.0,0.0,-0.14013269543647766,0.0,0.0
47.035,0.22599644958972928,0.03950951993465424,-0.6010600924491881,0.4054558873176575,-0.18865427374839783,0.0,0.0,-0.14013269543647766,0.0,0.0
47.048,0.23562341928482056,0.07662244141101837,-4.018918037414551,0.4051544964313507,-0.204143688082695,0.0,0.0,-0.12529732286930084,0.0,0.0
47.062,0.24663445353508,0.10720644146203996,0.19031333923339844,0.44078150391578674,-0.2160273045301437,0.0,0.0,-0.11808786541223526,0.0,0.0
47.075,0.2331813871860504,0.10540583729743958,0.4089273512363434,0.4237435162067413,-0.22097936272621155,0.0,0.0,-0.11829081177711488,0.0,0.0
47.088,0.20391887426376343,0.07763218134641646,-1.5209254026412964,0.42493000626564026,-0.25012275576591486,0.0,0.0,-0.12544196844100952,0.0,0.0
47.102,0.18973882496356964,0.08770111203193665,-0.2921428382396698,0.3750278353691101,-0.25625303387641907,0.0,0.0,-0.1311112642288208,0.0,0.0
47.115,0.18079370260238647,0.1054740697145462,1.0126121044158936,0.3410445749759674,-0.23257255554199216,0.0,0.0,-0.13383954763412476,0.0,0.0
47.128,0.1746569722890854,0.11532963067293169,1.9836152791976929,0.3145778775215149,-0.18355555832386017,0.0,0.0,-0.13502272963523865,0.0,0.0
47.142,0.1799776405096054,0.1018003299832344,0.9647212624549864,0.34294840693473816,-0.1740264594554901,0.0,0.0,-0.13068687915802002,0.0,0.0
47.155,0.1860991418361664,0.07275135815143585,-0.8407875895500182,0.3763796091079712,-0.18600085377693176,0.0,0.0,-0.12131990492343904,0.0,0.0
47.168,0.19171300530433652,0.0724799707531929,-2.6454470157623287,0.4110416769981384,-0.22282209992408752,0.0,0.0,-0.11287188529968262,0.0,0.0
47.182,0.1875171065330505,0.10052263736724854,-2.5255198478698726,0.41103661060333246,-0.22870096564292908,0.0,0.0,-0.11287188529968262,0.0,0.0
47.195,0.17328305542469025,0.1063481867313385,-0.9899675846099852,0.40693926811218256,-0.23746055364608765,0.0,0.0,-0.115145742893219,0.0,0.0
47.208,0.164630725979805,0.09448215365409852,2.3034183979034424,0.36118346452713007,-0.22660741209983823,0.0,0.0,-0.1211102306842804,0.0,0.0
47.222,0.15788429975509644,0.09363499283790588,-0.780545175075531,0.32040178775787354,-0.2188321948051453,0.0,0.0,-0.12094973027706146,0.0,0.0
47.235,0.15561577677726746,0.10286945104599,2.468320608139038,0.3102552592754364,-0.19211499392986295,0.0,0.0,-0.12094973027706146,0.0,0.0
47.248,0.17324447631835938,0.10282780975103378,4.063658237457275,0.3235040307044983,-0.15559974312782288,0.0,0.0,-0.11207609623670578,0.0,0.0
47.262,0.1823330372571945,0.08663662523031233,-0.3999274075031281,0.36166092753410334,-0.14090442657470703,0.0,0.0,-0.0988343507051468,0.0,0.0
47.275,0.1948424130678177,0.08899272978305817,-0.2900663614273072,0.34830600023269653,-0.13706645369529724,0.0,0.0,-0.09058156609535216,0.0,0.0
47.288,0.16830655932426453,0.04682740569114685,2.3756341934204106,0.36196058988571167,-0.12552738189697266,0.0,0.0,-0.0887950137257576,0.0,0.0
47.302,0.14770172536373138,0.042635269463062286,0.3496343195438385,0.3368622362613678,-0.12710268795490265,0.0,0.0,-0.08603370934724806,0.0,0.0
47.315,0.14042845368385315,0.05602828413248062,-0.0890873372554779,0.37233909964561457,-0.1233932450413704,0.0,0.0,-0.0818980410695076,0.0,0.0
47.329,0.143259659409523,0.09817369282245635,-0.5608616471290588,0.3378412425518036,-0.1282636672258377,0.0,0.0,-0.07987644523382187,0.0,0.0
47.342,0.16023045778274536,0.13543185591697693,-0.5977582335472107,0.372921884059906,-0.1288362592458725,0.0,0.0,-0.0790194496512413,0.0,0.0
47.355,0.1805020570755005,0.11263565719127656,-0.05450136959552765,0.368525505065918,-0.14052459597587583,0.0,0.0,-0.0756983608007431,0.0,0.0
47.368,0.1624073088169098,0.060081884264945984,-1.0037518739700315,0.366330087184906,-0.15323713421821594,0.0,0.0,-0.07078850269317627,0.0,0.0
47.382,0.16838689148426056,0.05818130820989609,-0.33667421340942383,0.36528995633125305,-0.15598011016845703,0.0,0.0,-0.07078850269317627,0.0,0.0
47.395,0.13525599241256714,0.05631883442401887,-1.5111950635910034,0.3618594706058502,-0.16289401054382324,0.0,0.0,-0.07347840070724486,0.0,0.0
47.408,0.11442930996418,0.08959299325942993,-2.3556199073791504,0.3174314200878144,-0.1709357053041458,0.0,0.0,-0.0816451907157898,0.0,0.0
47.422,0.14791615307331085,0.11232428252696992,0.3895707428455353,0.3628411889076233,-0.17773684859275818,0.0,0.0,-0.08547680079936981,0.0,0.0
47.435,0.12364533543586732,0.10718320310115814,0.07059797644615173,0.31650558114051813,-0.18037569522857663,0.0,0.0,-0.08547680079936981,0.0,0.0
47.448,0.10888397693634032,0.08021571487188339,-0.5061171650886536,0.3071293234825134,-0.18348802626132965,0.0,0.0,-0.09359955787658691,0.0,0.0
47.462,0.09538419544696809,0.07263842225074768,0.9989798069000243,0.2610875368118286,-0.16419094800949097,0.0,0.0,-0.1005924865603447,0.0,0.0
47.475,0.10476810485124588,0.07791614532470702,0.35179182887077326,0.3086491823196411,-0.1525501310825348,0.0,0.0,-0.10427985340356828,0.0,0.0
47.488,0.11343730241060256,0.0766370967030525,-0.8890416026115417,0.30849266052246094,-0.15342441201210022,0.0,0.0,-0.10403207689523696,0.0,0.0
47.502,0.11747661978006364,0.0629219114780426,-0.7033176422119141,0.357401967048645,-0.1660577356815338,0.0,0.0,-0.10272952914237976,0.0,0.0
47.515,0.07537914812564851,0.06409472972154617,0.022407621145248413,0.32134461402893066,-0.18148456513881683,0.0,0.0,-0.0982378274202347,0.0,0.0
47.529,0.06623023748397827,0.09867843240499496,2.3478715419769287,0.27140408754348755,-0.145830899477005,0.0,0.0,-0.08786189556121826,0.0,0.0
47.542,0.05719361454248428,0.10177814215421677,3.35009241104126,0.27116742730140686,-0.12829804420471191,0.0,0.0,-0.08786189556121826,0.0,0.0
47.555,0.09580247104167938,0.08813975751399995,2.2864601612091064,0.279142826795578,-0.10232097655534744,0.0,0.0,-0.08416252583265305,0.0,0.0
47.569,0.10627686232328416,0.07249067723751068,-0.3711216151714325,0.3153233528137207,-0.10346700251102448,0.0,0.0,-0.07263596355915068,0.0,0.0
47.582,0.1203656569123268,0.06348276138305664,-1.3901352882385254,0.34036359190940857,-0.11754058301448822,0.0,0.0,-0.07120425999164581,0.0,0.0
47.595,0.08645036816596986,0.0606490820646286,-1.4239612817764282,0.320549339056015,-0.12422133237123488,0.0,0.0,-0.07120425999164581,0.0,0.0
47.609,0.07640509307384491,0.07556552439928055,1.3999197483062744,0.29752054810523987,-0.10226358473300934,0.0,0.0,-0.07495150715112686,0.0,0.0
47.622,0.0669284388422966,0.07435504347085951,-0.2854328453540802,0.25006771087646484,-0.08336770534515381,0.0,0.0,-0.07680593430995941,0.0,0.0
47.635,0.04352881759405136,0.07025669515132904,3.9574942588806152,0.24294555187225345,-0.06050042808055878,0.0,0.0,-0.07680593430995941,0.0,0.0
47.648,0.051018208265304565,0.06704389303922653,6.787177562713623,0.24612195789813995,-0.03589802235364914,0.0,0.0,-0.07698974013328552,0.0,0.0
47.662,0.057461656630039215,0.05089748650789261,-3.3558781147003174,0.29447466135025024,-0.04113508760929108,0.0,0.0,-0.07000584900379181,0.0,0.0
47.675,0.063442163169384,0.05117018148303032,0.21499693393707275,0.29392313957214355,-0.0475335456430912,0.0,0.0,-0.05817271023988724,0.0,0.0
47.688,0.05869781225919724,0.02075754478573799,-0.5428310632705688,0.3247429728507996,-0.07094546407461166,0.0,0.0,-0.04852363467216492,0.0,0.0
47.702,0.018872173503041267,0.0232925433665514,2.4427292346954346,0.3150674104690552,-0.07850605249404907,0.0,0.0,-0.04445252567529678,0.0,0.0
47.715,0.05053600296378136,0.03662259876728058,1.013466477394104,0.33498573303222656,-0.0775686278939247,0.0,0.0,-0.04516858235001564,0.0,0.0
47.728,0.042783793061971664,0.03780430555343628,0.21814629435539248,0.2998149693012237,-0.07686377316713333,0.0,0.0,-0.05153903365135193,0.0,0.0
47.742,0.0352671816945076,0.03083786927163601,-0.04644189029932022,0.2535352408885956,-0.07717148214578627,0.0,0.0,-0.060788001865148544,0.0,0.0
47.755,0.07507946342229843,0.0250953771173954,0.15589500963687897,0.30197957158088684,-0.07533192634582518,0.0,0.0,-0.0691990926861763,0.0,0.0
47.768,0.11180077493190764,0.020075559616088867,-0.40793463587760925,0.2989783585071564,-0.07826381921768188,0.0,0.0,-0.08276475965976715,0.0,0.0
47.782,0.08110736310482025,0.01494572963565588,-0.8510856032371522,0.3088369965553284,-0.08268431574106216,0.0,0.0,-0.08276475965976715,0.0,0.0
47.795,0.08703756332397461,0.01156312134116888,-0.6314112544059753,0.3063817322254181,-0.09613271802663804,0.0,0.0,-0.08590618520975113,0.0,0.0
47.808,0.047781605273485184,0.006229161284863949,2.5016372203826904,0.3003547191619873,-0.09508620202541351,0.0,0.0,-0.08815443515777589,0.0,0.0
47.822,0.00713792722672224,0.004876373335719109,-0.705237090587616,0.2722629904747009,-0.09288455545902252,0.0,0.0,-0.0926738828420639,0.0,0.0
47.835,0.0448894090950489,0.01840363629162312,2.4622275829315186,0.29668816924095154,-0.08808521181344986,0.0,0.0,-0.0926738828420639,0.0,0.0
47.848,0.03741538152098656,0.029338236898183823,2.5996992588043213,0.2526049315929413,-0.0649019330739975,0.0,0.0,-0.08899578452110289,0.0,0.0
47.862,0.03122016787528992,0.0256488174200058,0.5590581297874451,0.22277523577213287,-0.0433974415063858,0.0,0.0,-0.08460500091314317,0.0,0.0
47.875,0.04659257084131241,0.019830478355288506,2.1824479103088374,0.2272320538759232,-0.02040943130850792,0.0,0.0,-0.07754390686750413,0.0,0.0
47.888,0.07475761324167252,0.013834821060299872,3.224721670150757,0.25384894013404846,0.010005732998251917,0.0,0.0,-0.06471186876296997,0.0,0.0
47.902,0.06691808998584747,0.008968204259872435,3.077911853790283,0.2481965571641922,0.046470735222101205,0.0,0.0,-0.04632814973592758,0.0,0.0
47.915,0.04862860962748528,0.004904374945908785,4.063697814941406,0.23405934870243075,0.08234380185604094,0.0,0.0,-0.02517388015985489,0.0,0.0
47.928,0.03435278683900833,0.0030185515061020847,2.9251058101654053,0.2168443351984024,0.12583626806735992,0.0,0.0,-0.005110179074108601,0.0,0.0
47.942,0.052462883293628686,0.0019259378314018247,3.516809463500977,0.23117610812187195,0.17187917232513428,0.0,0.0,0.01289296243339777,0.0,0.0
47.955,0.08123917877674103,0.000718776136636734,1.5609294176101685,0.25454363226890564,0.21433922648429873,0.0,0.0,0.030031722038984295,0.0,0.0
47.969,0.061331626027822495,0.0010698847472667694,4.544408321380615,0.2472316175699234,0.2774232029914856,0.0,0.0,0.05621317774057388,0.0,0.0
47.982,0.09677694737911224,-0.008257422596216202,-0.5540505051612854,0.2561580538749695,0.2796359062194824,0.0,0.0,0.05621317774057388,0.0,0.0
47.995,0.08927371352910995,-0.015588706359267237,2.188451051712036,0.24792978167533877,0.31435704231262207,0.0,0.0,0.06528715789318085,0.0,0.0
48.009,0.07180126756429672,-0.023928727954626083,5.440621852874756,0.1976392567157745,0.4234653413295746,0.0,0.0,0.0877368748188019,0.0,0.0
48.022,0.09779004007577896,-0.015950337052345276,0.9198378324508669,0.24755626916885376,0.48300570249557495,0.0,0.0,0.10958438366651536,0.0,0.0
48.035,0.12137117236852646,-0.030038416385650635,-0.13375729322433472,0.2931358814239502,0.4888847470283508,0.0,0.0,0.10958438366651536,0.0,0.0
48.049,0.1437944918870926,-0.0031682252883911133,3.8727989196777344,0.31687644124031067,0.5666301846504211,0.0,0.0,0.1589893102645874,0.0,0.0
48.062,0.1416790336370468,0.0036465227603912354,0.17175301909446716,0.33541712164878845,0.5924041271209717,0.0,0.0,0.17920859158039093,0.0,0.0
48.075,0.13583879172801971,0.0020798519253730774,2.0626611709594727,0.34750697016716003,0.6109784841537476,0.0,0.0,0.19473372399806976,0.0,0.0
48.089,0.13124766945838928,0.008282586932182312,3.1939284801483154,0.34129443764686584,0.630355715751648,0.0,0.0,0.2102506309747696,0.0,0.0
48.102,0.12846869230270386,0.016091451048851013,3.438413143157959,0.3620432615280152,0.6561474800109863,0.0,0.0,0.2239405661821365,0.0,0.0
48.115,0.1439749002456665,0.018539845943450928,0.16403049230575562,0.3552042245864868,0.6762573719024657,0.0,0.0,0.23323236405849457,0.0,0.0
48.129,0.15341249108314514,0.015236005187034609,2.6207261085510254,0.3805464208126068,0.6649630069732666,0.0,0.0,0.25183039903640747,0.0,0.0
48.142,0.17853720486164093,0.005532462149858475,-1.1552407741546633,0.3813344240188599,0.665806233882904,0.0,0.0,0.25183039903640747,0.0,0.0
48.156,0.22494195401668549,-0.016290929168462753,-0.8346587419509887,0.43049412965774536,0.5944997072219849,0.0,0.0,0.26284781098365784,0.0,0.0
48.169,0.1858578473329544,-0.03554373234510422,-0.8938148617744445,0.40643954277038574,0.4960867762565613,0.0,0.0,0.2794475853443146,0.0,0.0
48.182,0.17510735988616943,-0.029272200539708138,1.2108653783798218,0.40653631091117853,0.5326181650161743,0.0,0.0,0.2855742275714874,0.0,0.0
48.195,0.19466857612133023,-0.03286350145936012,0.4771560430526733,0.41341832280159,0.5314548611640929,0.0,0.0,0.2855742275714874,0.0,0.0
48.209,0.2309357821941376,-0.05412306636571884,-0.8361876010894774,0.45147150754928583,0.5739190578460692,0.0,0.0,0.2890668511390686,0.0,0.0
48.222,0.20457123219966888,-0.04597634822130203,-0.03883838653564453,0.433360368013382,0.5907547473907471,0.0,0.0,0.2818851172924042,0.0,0.0
48.235,0.2507266998291016,-0.06660535931587219,-1.8467366695404053,0.48652902245521545,0.5837827920913696,0.0,0.0,0.2783873677253723,0.0,0.0
48.249,0.22149598598480225,-0.06068353354930878,0.009870529174804688,0.44077602028846735,0.6012217998504639,0.0,0.0,0.2774592339992523,0.0,0.0
48.262,0.23309169709682465,-0.06239771097898483,-0.23211836814880368,0.442181259393692,0.6180802583694458,0.0,0.0,0.27271074056625366,0.0,0.0
48.276,0.2788923382759094,-0.06855979561805725,-2.087031364440918,0.4983065128326416,0.6157473921775818,0.0,0.0,0.25911858677864075,0.0,0.0
48.289,0.24177937209606168,-0.05263729020953178,-2.374671459197998,0.5052953362464905,0.6015210747718811,0.0,0.0,0.2409495711326599,0.0,0.0
48.302,0.2850309014320373,-0.05579505860805512,-2.60813307762146,0.5382245182991028,0.5718580484390259,0.0,0.0,0.23423786461353305,0.0,0.0
48.315,0.28359025716781616,-0.042846471071243286,-1.0134860277175903,0.5435383319854736,0.5437039136886597,0.0,0.0,0.23437634110450745,0.0,0.0
48.329,0.27649855613708496,-0.03748207911849022,-2.13244104385376,0.4978173971176148,0.5204044580459595,0.0,0.0,0.2220467180013657,0.0,0.0
48.342,0.2550324499607086,-0.03145245462656021,0.1568242907524109,0.48537304997444153,0.5164433121681212,0.0,0.0,0.20321686565876007,0.0,0.0
48.355,0.2646315991878509,-0.027211220934987068,2.123037576675415,0.5196103453636169,0.5151686072349548,0.0,0.0,0.1987508088350296,0.0,0.0
48.369,0.27604496479034424,-0.0411088801920414,-1.5014883279800415,0.5218636989593506,0.4788791835308075,0.0,0.0,0.1903485208749771,0.0,0.0
48.382,0.29865217208862305,-0.04631369933485985,0.08594468235969542,0.5196467041969299,0.4816091060638428,0.0,0.0,0.1903485208749771,0.0,0.0
48.395,0.3063178062438965,-0.07886011898517609,-7.821697711944579,0.5362871885299683,0.4484231770038605,0.0,0.0,0.17095842957496643,0.0,0.0
48.409,0.3013078570365906,-0.07046245038509369,-5.24543046951294,0.5329667329788208,0.3834172189235687,0.0,0.0,0.14826132357120514,0.0,0.0
48.422,0.2946702539920807,-0.03527728468179703,2.39017105102539,0.4942683875560761,0.3685795664787293,0.0,0.0,0.13140001893043518,0.0,0.0
48.435,0.3044970631599426,-0.0361444354057312,0.00729784369468689,0.5325205326080321,0.3669249415397644,0.0,0.0,0.13140001893043518,0.0,0.0
48.449,0.313700795173645,-0.03259149193763733,-4.03104829788208,0.557998776435852,0.34287065267562866,0.0,0.0,0.095108300447464,0.0,0.0
48.462,0.32323235273361206,-0.0125216543674469,-1.2495428323745728,0.6059520244598389,0.3094441592693329,0.0,0.0,0.09186838567256927,0.0,0.0
48.475,0.35809090733528137,0.007718464359641075,-2.2552359104156494,0.6195772886276245,0.27864617109298706,0.0,0.0,0.08966923505067825,0.0,0.0
48.489,0.3398462235927582,0.019049085676670074,-3.065223932266236,0.6021217703819275,0.2519398033618927,0.0,0.0,0.07946836948394774,0.0,0.0
48.502,0.32634496688842773,0.010190797038376331,-0.06645116955041885,0.5533727407455444,0.25110527873039246,0.0,0.0,0.06815684586763382,0.0,0.0
48.515,0.3196595013141632,-0.02204166352748871,3.0645031929016118,0.5491374135017395,0.2691107392311096,0.0,0.0,0.0650661289691925,0.0,0.0
48.529,0.2844920754432678,-0.06203635036945343,3.467188596725464,0.506733775138855,0.30180662870407104,0.0,0.0,0.05922184884548187,0.0,0.0
48.542,0.30899250507354736,-0.07151471078395844,0.612341582775116,0.5113757252693176,0.3075118958950043,0.0,0.0,0.05922184884548187,0.0,0.0
48.556,0.3221007287502289,-0.03941581770777702,-2.525474071502685,0.5637627243995667,0.2922568917274475,0.0,0.0,0.04975333064794541,0.0,0.0
48.569,0.3598673641681671,-0.024277046322822567,-8.858451843261719,0.613801121711731,0.2233519405126572,0.0,0.0,0.03863782435655594,0.0,0.0
48.582,0.37481459975242615,-0.025815211236476895,3.3348150253295894,0.6124507188796997,0.21100601553916928,0.0,0.0,0.03863782435655594,0.0,0.0
48.596,0.3617618978023529,-0.03492168337106705,-2.374748945236206,0.6146915555000305,0.2093617022037506,0.0,0.0,0.039820253849029534,0.0,0.0
48.609,0.3364468514919281,-0.05487242341041565,4.468013286590576,0.5699445009231568,0.23025971651077273,0.0,0.0,0.02780940756201744,0.0,0.0
48.622,0.3617262244224548,-0.0510043315589428,-2.272901058197021,0.6205682754516602,0.22167438268661496,0.0,0.0,0.021955525502562523,0.0,0.0
48.636,0.37003132700920105,-0.04849490150809288,3.1555244922637935,0.6102219223976135,0.22362944483757016,0.0,0.0,0.021955525502562523,0.0,0.0
48.649,0.38374316692352295,0.0006581395864486694,-4.8941731452941895,0.6594650745391846,0.13905248045921326,0.0,0.0,0.02429424226284027,0.0,0.0
48.662,0.3957508802413941,0.01198807917535305,-5.775028228759766,0.6992669105529785,0.08655117452144624,0.0,0.0,0.022565985098481175,0.0,0.0
48.676,0.38016152381896967,0.003714136779308319,-1.17320716381073,0.6707850694656372,0.03900973126292229,0.0,0.0,0.016952283680438995,0.0,0.0
48.689,0.3703469932079315,0.038249127566814416,-2.449438571929932,0.6734873652458191,-0.005912860855460167,0.0,0.0,0.008680644445121288,0.0,0.0
48.702,0.3422533869743347,0.045448441058397286,0.3393092155456543,0.6264387369155884,-0.03947075083851814,0.0,0.0,-0.0003957687877118588,0.0,0.0
48.716,0.35721051692962646,0.05388130992650986,-1.4206535816192627,0.6013842225074768,-0.058805912733078,0.0,0.0,-0.008378284052014353,0.0,0.0
48.729,0.3718205094337464,0.060697205364704125,-2.3176493644714355,0.6328202486038208,-0.0784980207681656,0.0,0.0,-0.01350545696914196,0.0,0.0
48.742,0.3964477479457855,0.06236228346824647,-1.9674674272537231,0.6264110803604126,-0.101612389087677,0.0,0.0,-0.01690896414220333,0.0,0.0
48.755,0.3728500306606293,0.06193970888853073,-2.326899290084839,0.629481852054596,-0.1262517273426056,0.0,0.0,-0.023934785276651382,0.0,0.0
48.769,0.3472372889518738,0.07051236182451248,-2.85081148147583,0.5834607481956482,-0.14943715929985046,0.0,0.0,-0.0458732470870018,0.0,0.0
48.782,0.32221078872680664,0.0827547237277031,-0.15531107783317566,0.5823123455047609,-0.1498039960861206,0.0,0.0,-0.0458732470870018,0.0,0.0
48.796,0.3481515347957611,0.0978606790304184,2.478462219238281,0.5858715176582336,-0.1466381549835205,0.0,0.0,-0.047732174396514886,0.0,0.0
48.809,0.36132341623306274,0.1169642210006714,1.1329175233840942,0.580364465713501,-0.14750476181507113,0.0,0.0,-0.04449763149023056,0.0,0.0
48.822,0.35804745554924006,0.1171037256717682,-0.6621720194816588,0.5738806128501892,-0.15251997113227844,0.0,0.0,-0.05230412632226944,0.0,0.0
48.835,0.33859360218048096,0.10736261308193208,-3.0396173000335693,0.5845769047737122,-0.15647007524967194,0.0,0.0,-0.05230412632226944,0.0,0.0
48.849,0.3095664978027344,0.060913216322660446,0.8975408673286438,0.5503802299499512,-0.15686002373695374,0.0,0.0,-0.05869854986667633,0.0,0.0
48.862,0.32218766212463373,0.056794144213199615,3.5096378326416016,0.579311728477478,-0.14070996642112732,0.0,0.0,-0.05383368581533432,0.0,0.0
48.876,0.304355263710022,0.055743373930454254,-1.074601650238037,0.5371339321136475,-0.14253467321395874,0.0,0.0,-0.04985372722148895,0.0,0.0
48.889,0.3413539528846741,0.07917779684066771,1.3167679309844973,0.5728012919425964,-0.13984344899654388,0.0,0.0,-0.05328615754842758,0.0,0.0
48.902,0.3647302687168121,0.08656898140907286,-3.183950662612915,0.5770705342292786,-0.16798488795757294,0.0,0.0,-0.06159737706184387,0.0,0.0
48.915,0.3324236869812012,0.08268484473228455,-0.5219600796699524,0.5685001611709595,-0.2014164924621582,0.0,0.0,-0.06463505327701569,0.0,0.0
48.929,0.3165295124053955,0.07873279601335524,0.5089077949523926,0.5506503582000732,-0.21382015943527224,0.0,0.0,-0.06428202986717224,0.0,0.0
48.942,0.29093611240386963,0.07561209797859192,1.7488248348236084,0.5527874827384949,-0.2185738980770111,0.0,0.0,-0.06121796369552612,0.0,0.0
48.956,0.2866498529911041,0.07338038086891174,1.8892239332199097,0.5273360013961792,-0.2047803699970245,0.0,0.0,-0.055204153060913086,0.0,0.0
48.969,0.3203730285167694,0.06588750332593918,1.5331026315689087,0.5358733534812927,-0.21195849776268005,0.0,0.0,-0.05247105658054352,0.0,0.0
48.982,0.34328198432922363,0.052321434020996094,-1.1112704277038574,0.562399685382843,-0.215423047542572,0.0,0.0,-0.05759517848491669,0.0,0.0
48.996,0.33830076456069946,0.03417190536856651,-1.0128632783889773,0.5382416248321533,-0.22512157261371613,0.0,0.0,-0.06653177738189697,0.0,0.0
49.009,0.32322293519973755,0.010109084658324718,0.07451539486646652,0.532215416431427,-0.19763728976249692,0.0,0.0,-0.07266170531511305,0.0,0.0
49.022,0.3360063433647156,0.009706745855510233,0.08997470140457153,0.5148282647132874,-0.18435850739479065,0.0,0.0,-0.08074714243412019,0.0,0.0
49.036,0.31235331296920776,0.006855921819806098,-0.2760009765625,0.5204439759254456,-0.16890275478363037,0.0,0.0,-0.08074714243412019,0.0,0.0
49.049,0.303414523601532,-0.0006534010171890259,-0.9142115116119386,0.4937681555747986,-0.15985411405563354,0.0,0.0,-0.09007892012596129,0.0,0.0
49.062,0.3098159730434418,-0.015517415478825567,1.2694342136383057,0.526695191860199,-0.14965619146823883,0.0,0.0,-0.08758699148893356,0.0,0.0
49.076,0.3408143222332001,-0.01437710039317608,-0.583976984024048,0.5191778540611267,-0.15005818009376526,0.0,0.0,-0.09037797152996065,0.0,0.0
49.089,0.3037301003932953,-0.03349613398313522,0.06902021914720535,0.5188247561454773,-0.14598828554153442,0.0,0.0,-0.09140624105930328,0.0,0.0
49.102,0.32582128047943115,-0.033550456166267395,0.5565223097801208,0.5151246786117554,-0.1467290222644806,0.0,0.0,-0.08491451293230058,0.0,0.0
49.116,0.2971203625202179,-0.02438957989215851,-0.2940042018890381,0.5180395841598511,-0.15876257419586182,0.0,0.0,-0.08584152162075041,0.0,0.0
49.129,0.3082769215106964,-0.004813622683286666,-2.054651021957397,0.5223602056503296,-0.17834734916687012,0.0,0.0,-0.09599307179450989,0.0,0.0
49.142,0.33452150225639343,0.009705275297164915,-0.5491836667060852,0.5501985549926758,-0.18134281039237976,0.0,0.0,-0.09513641148805618,0.0,0.0
49.155,0.3203127682209015,0.01990132220089436,0.01913588494062424,0.5072597861289978,-0.20602113008499143,0.0,0.0,-0.08392423391342163,0.0,0.0
49.169,0.30498823523521423,0.029849292710423473,0.0018711201846599577,0.4692090153694153,-0.21041411161422727,0.0,0.0,-0.07636861503124237,0.0,0.0
49.182,0.3243698179721832,0.045929547399282455,-0.6157315373420715,0.5022389888763428,-0.2070351839065552,0.0,0.0,-0.07636861503124237,0.0,0.0
49.196,0.32021066546440125,0.06763781607151031,-0.08489107340574265,0.4774143397808075,-0.21337680518627167,0.0,0.0,-0.07944990694522858,0.0,0.0
49.209,0.3312436640262604,0.1056952178478241,-2.0798490047454834,0.5172708630561829,-0.25350862741470337,0.0,0.0,-0.08017733693122864,0.0,0.0
49.222,0.34629762172698975,0.1070198267698288,-0.8829658627510071,0.550193727016449,-0.29299166798591614,0.0,0.0,-0.08363917469978333,0.0,0.0
49.236,0.36418193578720087,0.13717885315418243,0.32318076491355896,0.543218195438385,-0.29938364028930664,0.0,0.0,-0.08363917469978333,0.0,0.0
49.249,0.34250929951667786,0.21947824954986567,-8.987334251403809,0.5393422842025757,-0.33212196826934814,0.0,0.0,-0.09440083056688307,0.0,0.0
49.262,0.3555642962455749,0.2542180120944977,-1.0901916027069092,0.5763657689094543,-0.36904692649841303,0.0,0.0,-0.09516390413045885,0.0,0.0
49.276,0.36942288279533386,0.2826705873012543,-2.2144920825958248,0.567287027835846,-0.4351384043693543,0.0,0.0,-0.09344153106212616,0.0,0.0
49.289,0.34223946928977966,0.2979966998100281,-3.1307189464569087,0.5466606020927429,-0.5346534848213196,0.0,0.0,-0.08543074876070023,0.0,0.0
49.302,0.35655742883682245,0.29994601011276245,-0.8428103923797606,0.5327548980712891,-0.6526557803153992,0.0,0.0,-0.0771002545952797,0.0,0.0
49.316,0.32321399450302124,0.2865867614746094,-5.384902000427246,0.47454878687858576,-0.751191258430481,0.0,0.0,-0.07720007002353667,0.0,0.0
49.329,0.2824999988079071,0.277659684419632,-5.705979347229004,0.4373223781585693,-0.9021379351615904,0.0,0.0,-0.10252408683300018,0.0,0.0
49.342,0.2429954409599304,0.2866399884223938,-5.380277633666992,0.40372779965400696,-0.9365069866180421,0.0,0.0,-0.10252408683300018,0.0,0.0
49.356,0.2194290906190872,0.3168793022632599,-5.8962483406066895,0.4078157544136048,-1.0479097366333008,0.0,0.0,-0.13738125562667847,0.0,0.0
49.369,0.217158317565918,0.3523558974266052,-6.045093059539794,0.42631813883781433,-1.0711379051208496,0.0,0.0,-0.2055770307779312,0.0,0.0
49.382,0.23879647254943848,0.3777622878551483,-3.388895034790039,0.46643882989883423,-1.0850868225097656,0.0,0.0,-0.2069145143032074,0.0,0.0
49.396,0.19204360246658325,0.384160041809082,-4.799339294433594,0.454294353723526,-1.1190892457962036,0.0,0.0,-0.2069145143032074,0.0,0.0
49.409,0.1743154376745224,0.40701174736022955,1.3169467449188232,0.4105406701564789,-1.066731572151184,0.0,0.0,-0.19131296873092649,0.0,0.0
49.422,0.15891683101654053,0.40348762273788447,0.24659335613250727,0.3886128962039948,-0.9694493412971495,0.0,0.0,-0.17145422101020813,0.0,0.0
49.436,0.14498840272426605,0.3805870413780213,10.79671573638916,0.3587862551212311,-0.8391895294189453,0.0,0.0,-0.1408776342868805,0.0,0.0
49.449,0.14282888174057007,0.3316170573234558,38.89103698730469,0.3352140188217163,-0.5314093828201294,0.0,0.0,-0.10679981112480164,0.0,0.0
49.462,0.14747054874897003,0.3333135843276977,-0.7082417607307434,0.3150228559970856,-0.3814135193824768,0.0,0.0,-0.08969821035861969,0.0,0.0
49.476,0.15135271847248075,0.33352452516555786,-4.666976451873779,0.27613130211830134,-0.36687034368515015,0.0,0.0,-0.10120204091072084,0.0,0.0
49.489,0.14132258296012878,0.2978352904319763,-8.427536964416504,0.23156172037124637,-0.34549614787101746,0.0,0.0,-0.12313060462474824,0.0,0.0
49.502,0.14245668053627014,0.27438473701477045,-2.694506883621216,0.1965284198522568,-0.3033968508243561,0.0,0.0,-0.13941487669944763,0.0,0.0
49.516,0.10818568617105484,0.28595206141471863,1.2415509223937988,0.15120550990104675,-0.250908762216568,0.0,0.0,-0.14897912740707395,0.0,0.0
49.529,0.07656265795230865,0.29172706604003906,5.59214973449707,0.12347179651260376,-0.22656959295272827,0.0,0.0,-0.15112432837486267,0.0,0.0
49.542,0.08257243037223816,0.264241099357605,5.677327632904053,0.14384235441684723,-0.2308931946754456,0.0,0.0,-0.15398995578289032,0.0,0.0
49.556,0.0859769731760025,0.2167406529188156,0.8042860627174377,0.16537806391716003,-0.2558494806289673,0.0,0.0,-0.1651845425367355,0.0,0.0
49.569,0.09004432708024977,0.1765233278274536,-2.874497175216675,0.16971033811569214,-0.2780714929103852,0.0,0.0,-0.17965751886367798,0.0,0.0
49.582,0.11276186257600784,0.1487070471048355,-2.1285016536712646,0.18606533110141757,-0.28379830718040466,0.0,0.0,-0.1919352412223816,0.0,0.0
49.596,0.138868048787117,0.13460224866867063,-1.285248637199402,0.22285820543766025,-0.291280210018158,0.0,0.0,-0.2009936422109604,0.0,0.0
49.609,0.12644675374031067,0.13802412152290344,-0.8785530924797058,0.16698159277439115,-0.36475026607513433,0.0,0.0,-0.22018155455589292,0.0,0.0
49.622,0.11698371171951294,0.1397535502910614,-1.3287595510482788,0.1716645061969757,-0.38904163241386414,0.0,0.0,-0.24193815886974332,0.0,0.0
49.636,0.1363663375377655,0.1388641744852066,1.4113370180130005,0.21500663459300995,-0.38579580187797546,0.0,0.0,-0.24193815886974332,0.0,0.0
49.649,0.10956230014562608,0.09622891247272493,4.35835599899292,0.16304822266101837,-0.38097482919692993,0.0,0.0,-0.247667133808136,0.0,0.0
49.662,0.08632838726043701,0.06721054017543793,1.8348588943481443,0.11060411483049391,-0.400066614151001,0.0,0.0,-0.23642945289611816,0.0,0.0
49.676,0.060702692717313766,0.06859203428030014,-1.0894395112991333,0.05888189375400543,-0.42810600996017456,0.0,0.0,-0.23970678448677063,0.0,0.0
49.689,0.06465433537960052,0.07552931457757948,-1.695258855819702,0.045779243111610406,-0.44565087556838984,0.0,0.0,-0.26970043778419495,0.0,0.0
49.702,0.07965622097253798,0.10976758599281312,-3.1388752460479736,0.087504081428051,-0.4723318219184876,0.0,0.0,-0.3113611936569214,0.0,0.0
49.715,0.08928197622299193,0.12088164687156676,0.33671221137046814,0.12345688045024872,-0.5164531469345093,0.0,0.0,-0.3373713195323944,0.0,0.0
49.729,0.10966172814369202,0.09897997975349426,0.8925296068191528,0.147804394364357,-0.5530338287353516,0.0,0.0,-0.3437689542770386,0.0,0.0
49.742,0.08690524846315384,0.05999252200126648,2.7017879486083984,0.09490486234426497,-0.5813429355621338,0.0,0.0,-0.34104588627815247,0.0,0.0
49.756,0.06332231312990189,0.032822780311107635,1.493822693824768,0.06243332475423813,-0.6044445037841797,0.0,0.0,-0.34324789047241205,0.0,0.0
49.769,0.0401124618947506,0.01703435182571411,-1.305461287498474,0.013096211478114128,-0.6671735644340515,0.0,0.0,-0.3642926216125488,0.0,0.0
49.782,0.07953713834285736,0.01891797780990601,0.9846344590187072,0.014051688835024834,-0.6652330756187439,0.0,0.0,-0.3642926216125488,0.0,0.0
49.796,0.08235176652669905,0.021785229444503784,-1.4883544445037842,0.05036769062280655,-0.6952799558639526,0.0,0.0,-0.375900000333786,0.0,0.0
49.809,0.10928358137607574,0.02281871438026428,-5.50167179107666,0.08789812028408049,-0.718877911567688,0.0,0.0,-0.40909770131111145,0.0,0.0
49.822,0.10636688768863678,0.015721358358860016,3.10361647605896,0.09313967078924179,-0.6847689151763916,0.0,0.0,-0.4013791680335999,0.0,0.0
49.836,0.1370660811662674,0.0126589834690094,-3.5160117149353027,0.13489112257957458,-0.6800013780593872,0.0,0.0,-0.4013791680335999,0.0,0.0
49.849,0.1244882270693779,-0.02949398010969162,18.05970573425293,0.13103197515010834,-0.38602355122566223,0.0,0.0,-0.29544082283973694,0.0,0.0
49.862,0.11342741549015044,-0.11261264979839324,18.128536224365234,0.1277182549238205,-0.16805040836334229,0.0,0.0,-0.21736720204353333,0.0,0.0
49.876,0.10402864962816238,-0.11168883740901948,-7.606714248657226,0.1296492964029312,-0.046427957713603966,0.0,0.0,-0.21736720204353333,0.0,0.0
49.889,0.14185553789138794,-0.30441445112228394,48.28647613525391,0.1841991990804672,0.31176233291625977,0.0,0.0,-0.053570695221424096,0.0,0.0
49.902,0.1644352823495865,-0.3231084644794464,-5.7792067527771,0.24181018769741056,0.5649992823600769,0.0,0.0,0.038321614265441895,0.0,0.0
49.916,0.17869082093238833,-0.33078423142433167,3.930578231811523,0.3016027510166168,0.8161491155624389,0.0,0.0,0.13657402992248535,0.0,0.0
49.929,0.1960027515888214,-0.3694124221801758,6.456886291503905,0.35296890139579773,1.1376572847366333,0.0,0.0,0.22381527721881864,0.0,0.0
49.942,0.21079371869564056,-0.4176451861858368,6.451474666595459,0.36154776811599726,1.232086181640625,0.0,0.0,0.296183317899704,0.0,0.0
49.956,0.22166672348976132,-0.4360291659832001,2.2119328975677486,0.3675628304481506,1.3344966173171997,0.0,0.0,0.35293853282928467,0.0,0.0
49.969,0.20007014274597168,-0.4733837246894837,-4.068007946014404,0.33131736516952515,1.2072129249572754,0.0,0.0,0.3703520894050598,0.0,0.0
49.982,0.1766679883003235,-0.3849882483482361,-2.190913200378418,0.29155492782592773,1.0814744234085083,0.0,0.0,0.293911337852478,0.0,0.0
49.996,0.14469897747039795,-0.36269664764404297,-14.355879783630373,0.2405385375022888,0.9855104684829714,0.0,0.0,0.293911337852478,0.0,0.0
50.009,0.12502562999725342,-0.348149448633194,-17.436067581176758,0.19141860306262967,0.9132411479949952,0.0,0.0,0.15868113934993744,0.0,0.0
50.022,0.10655804723501204,-0.34709176421165466,7.822396278381347,0.18966171145439148,0.9699658751487733,0.0,0.0,0.1769217848777771,0.0,0.0
50.036,0.09608543664216995,-0.48681679368019104,17.34926986694336,0.1445959508419037,1.0830708742141724,0.0,0.0,0.19432193040847776,0.0,0.0
50.049,0.12387999147176744,-0.8394854068756102,22.631113052368164,0.1415480524301529,1.2058720588684082,0.0,0.0,0.16833259165287018,0.0,0.0
50.062,0.1558767557144165,-0.9356225728988647,-12.654974937438965,0.19844043254852292,1.1658616065979004,0.0,0.0,0.18366846442222595,0.0,0.0
50.076,0.1909344792366028,-0.9456565380096436,-1.028372287750244,0.25421950221061707,1.1168838739395142,0.0,0.0,0.2971174120903015,0.0,0.0
50.089,0.21175578236579892,-0.8836016654968261,9.71222972869873,0.320225328207016,1.0002291202545166,0.0,0.0,0.40382659435272217,0.0,0.0
50.102,0.23117621243000033,-0.6970703601837158,-19.26603507995605,0.38109880685806274,0.6281522512435913,0.0,0.0,0.42246657609939575,0.0,0.0
50.116,0.24686799943447116,-0.38581544160842896,-28.197443008422848,0.39877516031265253,0.40111008286476135,0.0,0.0,0.3759665489196777,0.0,0.0
50.129,0.24845394492149356,-0.0639500543475151,-11.38871955871582,0.4371824562549591,0.36693093180656433,0.0,0.0,0.33064043521881104,0.0,0.0
50.142,0.20937412977218628,0.12169596552848816,3.267824649810791,0.43596804141998285,0.34369933605194086,0.0,0.0,0.3157370686531067,0.0,0.0
50.156,0.20016799867153168,0.16352617740631104,3.3946595191955566,0.39604970812797546,0.31586164236068726,0.0,0.0,0.29969781637191767,0.0,0.0
50.169,0.1965603232383728,0.08426395058631897,-0.21094064414501193,0.35161957144737244,0.3058593273162842,0.0,0.0,0.2670095264911652,0.0,0.0
50.182,0.18980081379413605,-0.0335407555103302,2.2930076122283936,0.3242938220500946,0.31291547417640686,0.0,0.0,0.2368095815181732,0.0,0.0
50.196,0.22446428239345553,-0.104757159948349,2.7523710727691646,0.3564727008342743,0.33042341470718384,0.0,0.0,0.22000978887081143,0.0,0.0
50.209,0.241014376282692,-0.1312553882598877,-5.647860527038574,0.3602699935436249,0.3484216332435608,0.0,0.0,0.19619005918502808,0.0,0.0
50.222,0.2140920013189316,-0.1292147934436798,1.5252739191055298,0.35491159558296204,0.34759300947189326,0.0,0.0,0.18476486206054688,0.0,0.0
50.236,0.22791531682014465,-0.14036834239959717,-2.4246575832366943,0.36513516306877136,0.3392093777656555,0.0,0.0,0.18476486206054688,0.0,0.0
50.249,0.23735560476779935,-0.15716791152954102,-3.433915853500366,0.409633070230484,0.24425098299980164,0.0,0.0,0.14132729172706604,0.0,0.0
50.262,0.25051939487457275,-0.12148766219615936,-2.077763080596924,0.4560816884040833,0.16639982163906095,0.0,0.0,0.11414749175310136,0.0,0.0
50.276,0.27703148126602173,-0.05881041660904884,-2.739944696426392,0.4621904790401458,0.09926383197307585,0.0,0.0,0.0891214609146118,0.0,0.0
50.289,0.30712276697158813,0.0007672198116779326,-3.593055248260498,0.5023919939994812,0.029597921296954155,0.0,0.0,0.06630592793226242,0.0,0.0
50.302,0.2995273470878601,0.025022756308317184,-2.997523784637451,0.4739447832107544,-0.02741485647857189,0.0,0.0,0.0402340441942215,0.0,0.0
50.316,0.2888425886631012,0.018873069435358047,-3.0507609844207764,0.4428109526634216,-0.08028440177440643,0.0,0.0,0.017199542373418808,0.0,0.0
50.329,0.2817080318927765,0.009560193866491316,-1.9228359460830688,0.39428672194480896,-0.10885876417160034,0.0,0.0,0.0015290540177375078,0.0,0.0
50.342,0.319583922624588,0.008086144924163818,-1.720858097076416,0.4415153861045837,-0.1271313726902008,0.0,0.0,-0.012196258641779424,0.0,0.0
50.356,0.2781217396259308,0.008378174155950546,-1.2066391706466677,0.3916667103767395,-0.14429381489753723,0.0,0.0,-0.021178273484110832,0.0,0.0
50.369,0.2711290717124939,0.013038650155067444,0.5705606341362,0.3918206989765167,-0.16510438919067383,0.0,0.0,-0.018450217321515083,0.0,0.0
50.382,0.2898271083831787,0.02533033490180969,0.1641693413257599,0.38705742359161377,-0.1649867296218872,0.0,0.0,-0.018391802906990048,0.0,0.0
50.396,0.2774995267391205,0.03372495248913765,0.9337875843048096,0.3886730968952179,-0.1580587774515152,0.0,0.0,-0.018391802906990048,0.0,0.0
50.409,0.26708340644836426,0.007685106247663499,2.251131534576416,0.34429517388343805,-0.1224314272403717,0.0,0.0,-0.026519065722823143,0.0,0.0
50.422,0.2909259796142578,0.01533413492143154,0.8683693408966064,0.39280319213867193,-0.10478989034891129,0.0,0.0,-0.032769378274679184,0.0,0.0
50.436,0.2595546841621399,-0.006414955481886864,-1.7637161016464231,0.34352898597717285,-0.101211816072464,0.0,0.0,-0.037962906062603,0.0,0.0
50.449,0.288080096244812,-0.007488912902772426,-0.9272400736808778,0.390037328004837,-0.0912964567542076,0.0,0.0,-0.04576701298356056,0.0,0.0
50.462,0.29295337200164795,-0.00016502197831869123,-0.11286553740501404,0.37993448972702026,-0.08509081602096556,0.0,0.0,-0.05372735485434532,0.0,0.0
50.476,0.315071314573288,0.004480122588574886,0.7442167401313781,0.4241499602794647,-0.08004225790500642,0.0,0.0,-0.05061385408043861,0.0,0.0
50.489,0.2936231791973114,0.016173135489225388,-2.5128390789031982,0.3889438509941101,-0.08117935061454773,0.0,0.0,-0.04249516874551773,0.0,0.0
50.502,0.26218393445014954,0.029951184988021847,-0.1937585771083832,0.3986739814281464,-0.08650729060173033,0.0,0.0,-0.04259198158979416,0.0,0.0
50.516,0.2560093402862549,0.03390173241496086,1.7856563329696655,0.3519520163536072,-0.09304490685462952,0.0,0.0,-0.043319400399923325,0.0,0.0
50.529,0.2340142726898193,0.028193978592753407,2.6654515266418457,0.34919619560241694,-0.07789380103349684,0.0,0.0,-0.02230216190218925,0.0,0.0
50.542,0.25754812359809875,0.021301088854670525,2.40101170539856,0.35100340843200684,-0.0663168877363205,0.0,0.0,-0.02230216190218925,0.0,0.0
50.556,0.24119469523429873,0.009224724024534224,0.3792657554149628,0.3538895547389984,-0.04244773089885712,0.0,0.0,-0.01311830710619688,0.0,0.0
50.569,0.27959829568862915,-0.01227398496121168,1.157439112663269,0.35007593035697937,0.002292921766638756,0.0,0.0,0.003739812877029181,0.0,0.0
50.582,0.2498501092195511,-0.0455782562494278,2.212100028991699,0.3165472745895386,0.04227253422141075,0.0,0.0,0.008653096854686737,0.0,0.0
50.596,0.25721490383148193,-0.07205657660961151,3.2596673965454106,0.343572199344635,0.05488615110516548,0.0,0.0,0.008653096854686737,0.0,0.0
50.609,0.2612411677837372,-0.054206382483243935,0.6021145582199097,0.3485952019691468,0.10342487692832948,0.0,0.0,0.029402105137705803,0.0,0.0
50.622,0.27487266063690186,-0.05478370189666748,-0.7191253900527954,0.39224857091903687,0.10750874131917952,0.0,0.0,0.029402105137705803,0.0,0.0
50.636,0.2974730432033539,-0.03836354985833168,-1.994367599487305,0.3948811888694763,0.09930630028247832,0.0,0.0,0.03948353976011276,0.0,0.0
50.649,0.2913661003112793,-0.0176932904869318,1.682389259338379,0.41955217719078064,0.041910573840141296,0.0,0.0,0.04045232757925987,0.0,0.0
50.662,0.2800234854221344,0.009243931621313097,-0.13570691645145416,0.4399989545345306,0.007347719743847846,0.0,0.0,0.04160793870687485,0.0,0.0
50.676,0.27311447262763977,0.010589033365249634,-0.809307098388672,0.41326192021369934,-0.014588586986064913,0.0,0.0,0.04612120240926743,0.0,0.0
50.689,0.26671302318573,0.029194656759500504,-5.384757041931152,0.40206015110015864,-0.03320007026195526,0.0,0.0,0.046783916652202606,0.0,0.0
50.702,0.261776328086853,0.007986601442098618,2.4827420711517334,0.35521143674850464,-0.01294381357729435,0.0,0.0,0.041198596358299255,0.0,0.0
50.716,0.2523139715194702,-0.008411213755607605,4.472820281982422,0.36034148931503296,0.025171551853418354,0.0,0.0,0.03951820731163025,0.0,0.0
50.729,0.24559801816940308,-0.01272786408662796,2.468740940093994,0.3186466693878174,0.08382952213287354,0.0,0.0,0.04538607969880104,0.0,0.0
50.742,0.2868375778198242,-0.02551204338669777,-2.785534381866455,0.324040561914444,0.0962872952222824,0.0,0.0,0.04703475162386894,0.0,0.0
50.756,0.29927319288253784,-0.0473749153316021,-4.31726598739624,0.3378310799598694,0.12608391046524048,0.0,0.0,0.04069238528609276,0.0,0.0
50.769,0.30525201559066767,-0.06156892329454423,-1.09866464138031,0.3840925991535186,0.13935452699661255,0.0,0.0,0.027092041447758675,0.0,0.0
50.782,0.30897197127342224,-0.046645812690258026,0.6316417455673218,0.4287848770618439,0.1368100643157959,0.0,0.0,0.027092041447758675,0.0,0.0
50.796,0.3123094141483307,-0.0018957508727908132,-2.2361531257629395,0.4366381168365479,0.11868759989738464,0.0,0.0,0.025492308661341667,0.0,0.0
50.809,0.29585450887680054,0.08339770883321762,-9.968054771423342,0.4000506401062012,0.06628453731536865,0.0,0.0,0.016435926780104637,0.0,0.0
50.822,0.28615656495094294,0.1128259003162384,2.0980958938598637,0.399962455034256,0.04865692183375359,0.0,0.0,0.008693069219589233,0.0,0.0
50.836,0.29758206009864807,0.1141909956932068,0.5677096247673035,0.4003587663173676,0.048892583698034286,0.0,0.0,0.008693069219589233,0.0,0.0
50.849,0.289434552192688,0.153971865773201,-2.0081350803375244,0.4067372381687164,0.011946640908718107,0.0,0.0,0.00017285945068579167,0.0,0.0
50.862,0.283999502658844,0.1472361981868744,-1.223170280456543,0.35857027769088745,0.015115881338715552,0.0,0.0,0.0004011124838143587,0.0,0.0
50.876,0.24485927820205688,0.14732585847377777,1.8117030858993528,0.3393254280090332,0.04791801422834397,0.0,0.0,0.004237577319145203,0.0,0.0
50.889,0.2374034821987152,0.10882960259914398,1.290264368057251,0.3126299977302552,0.1064043864607811,0.0,0.0,0.01117079984396696,0.0,0.0
50.902,0.2715649604797364,0.10418476909399033,2.666276693344116,0.34208622574806213,0.17306837439537048,0.0,0.0,0.01690870337188244,0.0,0.0
50.916,0.2839099168777466,0.1045706421136856,-0.9542070031166077,0.36442297697067266,0.220496267080307,0.0,0.0,0.02095202729105949,0.0,0.0
50.929,0.2882346510887146,0.10819988697767258,-0.2747386693954468,0.40791782736778254,0.252261757850647,0.0,0.0,0.029587583616375923,0.0,0.0
50.942,0.30169031023979187,0.11950673162937164,2.1447515487670894,0.4064752161502838,0.26316195726394653,0.0,0.0,0.046122774481773376,0.0,0.0
50.956,0.30239006876945496,0.12678220868110657,3.9075186252594,0.4486440122127533,0.2604038119316101,0.0,0.0,0.06667766720056534,0.0,0.0
50.969,0.2758036255836487,0.10869947075843812,2.483781099319458,0.4116838276386261,0.2698032557964325,0.0,0.0,0.1093400865793228,0.0,0.0
50.982,0.2774882018566132,0.10397884994745256,3.6873841285705566,0.44573649764060974,0.26902782917022705,0.0,0.0,0.1093400865793228,0.0,0.0
50.996,0.27466565370559687,0.09215621650218964,0.11338759213685988,0.410957545042038,0.2833938002586365,0.0,0.0,0.12380034476518632,0.0,0.0
51.009,0.2862006723880768,0.09581804275512695,1.9891549348831177,0.43581676483154297,0.29106947779655457,0.0,0.0,0.15056467056274414,0.0,0.0
51.022,0.30459710955619806,0.08815908432006837,-0.11369436979293825,0.4175258278846741,0.2894430160522461,0.0,0.0,0.16134226322174072,0.0,0.0
51.036,0.3208668828010559,0.10591068863868712,1.1850099563598633,0.44001549482345587,0.29078036546707153,0.0,0.0,0.16134226322174072,0.0,0.0
51.049,0.293661892414093,0.11654720455408096,2.642746925354004,0.4435969293117523,0.3020049333572388,0.0,0.0,0.1744985282421112,0.0,0.0
51.062,0.2926751375198364,0.10730086266994476,-0.849008560180664,0.42331993579864496,0.31398308277130127,0.0,0.0,0.17789596319198608,0.0,0.0
51.076,0.2654954493045807,0.10807626694440842,0.3998955488204956,0.3945610225200653,0.33037817478179926,0.0,0.0,0.17724798619747162,0.0,0.0
51.089,0.2618788182735443,0.06657429039478302,0.9360719323158264,0.4208095669746399,0.35081496834754944,0.0,0.0,0.17517665028572085,0.0,0.0
51.102,0.27083790302276606,0.04031490534543991,4.57478904724121,0.44558143615722656,0.375346839427948,0.0,0.0,0.17975984513759613,0.0,0.0
51.116,0.2806857824325561,0.005737315863370896,3.1427252292633057,0.47072911262512207,0.37961298227310175,0.0,0.0,0.1843496859073639,0.0,0.0
51.129,0.28977322578430176,-0.026225635781884197,-0.578579843044281,0.4946598410606384,0.35194167494773865,0.0,0.0,0.17601455748081207,0.0,0.0
51.142,0.29824480414390564,-0.04100406914949417,-2.307286500930786,0.5256869196891785,0.30213743448257446,0.0,0.0,0.16724467277526855,0.0,0.0
51.156,0.3306787312030792,-0.042542144656181335,-2.0395348072052,0.5509887337684631,0.23270590603351596,0.0,0.0,0.16515839099884033,0.0,0.0
51.169,0.3275728821754456,-0.004215246066451073,-6.568161964416504,0.5381984114646912,0.11943897604942322,0.0,0.0,0.11694066971540452,0.0,0.0
51.182,0.3244575262069702,-0.004294004291296004,2.4975030422210693,0.5242733359336853,0.1244194358587265,0.0,0.0,0.11694066971540452,0.0,0.0
51.196,0.3462206423282624,0.010143626481294632,-3.457754135131836,0.5380699634552002,0.08074067533016205,0.0,0.0,0.08665504306554793,0.0,0.0
51.209,0.3715493083000183,0.03639634326100349,-5.066840171813965,0.5478163361549377,0.00926341861486435,0.0,0.0,0.04134037345647812,0.0,0.0
51.222,0.3456419110298157,0.04463755339384079,-2.223145008087158,0.5371333956718445,-0.023139784112572673,0.0,0.0,0.02115650847554207,0.0,0.0
51.236,0.35067158937454224,0.0443786047399044,1.5270988941192627,0.5458526611328125,-0.02292182669043541,0.0,0.0,0.02115650847554207,0.0,0.0
51.249,0.33138588070869446,0.044035043567419045,-9.539678573608398,0.5273287892341614,-0.08279643952846526,0.0,0.0,-0.02870421856641769,0.0,0.0
51.262,0.3030685782432556,0.03344736993312836,0.13405261933803558,0.4941495954990387,-0.11113277822732924,0.0,0.0,-0.05580317974090576,0.0,0.0
51.276,0.3131879568099976,0.03805336356163025,-1.0550044775009155,0.5082311034202576,-0.1282292753458023,0.0,0.0,-0.07862665504217149,0.0,0.0
51.289,0.3222987651824951,0.04804040491580963,-1.7633883953094482,0.5436800718307495,-0.14969882369041443,0.0,0.0,-0.09204801172018051,0.0,0.0
51.302,0.3389993906021118,0.04631347954273224,-2.103726863861084,0.5416848063468933,-0.18326485157012937,0.0,0.0,-0.09764105081558228,0.0,0.0
51.316,0.32205879688262934,0.03663819655776024,-1.3625528812408447,0.49059230089187617,-0.2267303764820099,0.0,0.0,-0.09961161017417908,0.0,0.0
51.329,0.31041455268859863,0.03284073621034622,1.103918433189392,0.491375207901001,-0.2524075210094452,0.0,0.0,-0.09705224633216858,0.0,0.0
51.342,0.2891627252101898,0.0335545614361763,2.8110539913177486,0.44369181990623474,-0.2539147436618805,0.0,0.0,-0.09479565918445587,0.0,0.0
51.356,0.280843585729599,0.03596949204802513,2.13803505897522,0.4414927065372467,-0.23754629492759705,0.0,0.0,-0.09702084958553314,0.0,0.0
51.369,0.3185901641845703,0.014743398874998093,-2.201172113418579,0.4390929341316223,-0.20187360048294067,0.0,0.0,-0.10660160332918169,0.0,0.0
51.382,0.2974626421928406,0.013920385390520096,0.40539297461509705,0.4418779909610748,-0.20208093523979187,0.0,0.0,-0.10660160332918169,0.0,0.0
51.396,0.3049812614917755,-0.0061956020072102555,-2.648005723953247,0.4286508560180664,-0.19041000306606293,0.0,0.0,-0.11116417497396468,0.0,0.0
51.409,0.2822585105895996,-0.02788111567497253,3.086860418319702,0.4118286669254303,-0.1488596796989441,0.0,0.0,-0.10188070684671402,0.0,0.0
51.422,0.28305432200431824,-0.03159449249505997,2.0012340545654297,0.424608051776886,-0.12497343122959136,0.0,0.0,-0.10266774892807008,0.0,0.0
51.436,0.27697131037712097,-0.031958114355802536,-0.7137581706047058,0.428051471710205,-0.10987184941768646,0.0,0.0,-0.10266774892807008,0.0,0.0
51.449,0.2850552797317505,-0.032461680471897125,4.531627655029297,0.47445273399353033,-0.10100829601287842,0.0,0.0,-0.10241784155368804,0.0,0.0
51.462,0.3018699884414673,-0.03053026646375656,-0.5297834873199463,0.4746677577495575,-0.09837476909160614,0.0,0.0,-0.09025715291500093,0.0,0.0
51.476,0.3292044699192047,-0.023680251091718677,-1.0871838331222534,0.5043932199478148,-0.1060977578163147,0.0,0.0,-0.07839837670326233,0.0,0.0
51.489,0.31370413303375244,-0.019974838942289352,-1.149369478225708,0.455844521522522,-0.12455415725708008,0.0,0.0,-0.07378324121236801,0.0,0.0
51.502,0.2913553118705749,-0.013391708955168724,-1.3685030937194824,0.41214078664779663,-0.1436784714460373,0.0,0.0,-0.07530669867992401,0.0,0.0
51.516,0.3232412338256836,-0.0011116638779640198,0.1793203353881836,0.4581831693649292,-0.15482133626937866,0.0,0.0,-0.07806235551834105,0.0,0.0
51.529,0.2943890988826752,0.011411682702600956,1.280221700668335,0.4553153812885285,-0.16162875294685364,0.0,0.0,-0.0591195523738861,0.0,0.0
51.542,0.3122638463973999,0.019971435889601707,1.5086380243301392,0.43828973174095154,-0.1574638932943344,0.0,0.0,-0.0591195523738861,0.0,0.0
51.556,0.2903831601142884,0.026683177798986435,0.07929783314466476,0.42582163214683527,-0.14492976665496826,0.0,0.0,-0.05126091837882996,0.0,0.0
51.569,0.2832281291484833,0.028428465127944943,1.5597939491271973,0.3838464319705963,-0.10522697865962982,0.0,0.0,-0.04931548237800598,0.0,0.0
51.582,0.27709653973579407,0.028389371931552887,-1.7635910511016846,0.3568759858608246,-0.08835423737764359,0.0,0.0,-0.04931548237800598,0.0,0.0
51.596,0.31276324391365046,0.03236689418554306,0.30017369985580444,0.3819976449012756,-0.08148919045925139,0.0,0.0,-0.043475441634655,0.0,0.0
51.609,0.28480783104896545,0.03496658429503441,-2.090015172958374,0.3805686831474304,-0.032287176698446274,0.0,0.0,-0.04326239973306656,0.0,0.0
51.622,0.30123940110206604,0.03578851744532585,0.7163270711898804,0.37162727117538447,-0.02183246985077858,0.0,0.0,-0.04326239973306656,0.0,0.0
51.636,0.28531649708747864,0.03721553087234497,-0.4281267821788788,0.3881445229053497,-0.009070081636309624,0.0,0.0,-0.045436471700668335,0.0,0.0
51.649,0.2920228838920593,0.05889122933149338,2.455406188964844,0.39552563428878784,0.02272620238363743,0.0,0.0,-0.029517643153667446,0.0,0.0
51.662,0.29980385303497314,0.07118493318557739,0.35391759872436523,0.4144628345966339,0.028576824814081192,0.0,0.0,-0.02122986689209938,0.0,0.0
51.676,0.30548328161239624,0.0712275579571724,-0.36012956500053406,0.4444395303726196,0.024440865963697437,0.0,0.0,-0.02122986689209938,0.0,0.0
51.689,0.31628379225730896,0.07410667836666107,-1.4790669679641724,0.4494496881961823,-0.010061552748084068,0.0,0.0,-0.005593703594058752,0.0,0.0
51.702,0.2894488573074341,0.059547144919633865,-2.0690925121307373,0.417625218629837,-0.03711411356925965,0.0,0.0,-0.0025637736544013023,0.0,0.0
51.716,0.2699166536331177,0.05147658288478851,-0.4357838034629822,0.38422244787216187,-0.04837246611714363,0.0,0.0,-0.004972952883690596,0.0,0.0
51.729,0.2558115422725677,0.05658234655857086,0.4628213047981262,0.3873871564865112,-0.03449396789073944,0.0,0.0,-0.012786154635250568,0.0,0.0
51.742,0.28155115246772766,0.060739412903785706,0.8341312408447266,0.42324244976043696,-0.02346409112215042,0.0,0.0,-0.019344085827469822,0.0,0.0
51.756,0.2610265016555786,0.04945814609527588,-1.0933600664138794,0.3771699368953705,-0.0327124297618866,0.0,0.0,-0.023813854902982712,0.0,0.0
51.769,0.282927542924881,0.03014619275927544,-2.1717557907104488,0.40774741768836975,-0.10590288043022156,0.0,0.0,-0.05662989616394043,0.0,0.0
51.782,0.2834988832473755,0.024023972451686856,-2.165913820266724,0.4034083485603333,-0.12032164633274078,0.0,0.0,-0.05662989616394043,0.0,0.0
51.796,0.28957828879356384,0.031586583703756325,0.10110782086849213,0.4340256452560425,-0.17391261458396912,0.0,0.0,-0.0700538158416748,0.0,0.0
51.809,0.2511589527130127,0.04677367582917213,2.59016752243042,0.43658322095870966,-0.12710635364055634,0.0,0.0,-0.07418133318424226,0.0,0.0
51.822,0.24141955375671387,0.05425167828798294,2.6498374938964844,0.4370729327201843,-0.08432371914386749,0.0,0.0,-0.07213284075260161,0.0,0.0
51.836,0.26735174655914307,0.03662684187293053,-3.0436656475067134,0.4353300631046295,-0.08492397516965866,0.0,0.0,-0.07213284075260161,0.0,0.0
51.849,0.28986600041389465,0.010773028247058392,6.828183174133301,0.4710885882377625,-0.04192528873682022,0.0,0.0,-0.06478162109851837,0.0,0.0
51.862,0.2967067062854767,0.018008846789598465,1.0644055604934692,0.4675767719745636,-0.045408252626657486,0.0,0.0,-0.059630703181028366,0.0,0.0
51.876,0.32700395584106445,0.03595637530088425,-1.117987871170044,0.5117418766021729,-0.05931726843118668,0.0,0.0,-0.060664065182209015,0.0,0.0
51.889,0.3122791349887848,0.05228615552186966,-3.214683532714844,0.46747907996177673,-0.08208103477954865,0.0,0.0,-0.0680057629942894,0.0,0.0
51.902,0.307269424200058,0.06445113569498062,-1.7395753860473633,0.43940722942352295,-0.10298607498407364,0.0,0.0,-0.07193117588758469,0.0,0.0
51.916,0.3111475706100464,0.07850236445665358,0.7512372732162476,0.4657804071903229,-0.10561442375183104,0.0,0.0,-0.07270439714193344,0.0,0.0
51.929,0.3005475699901581,0.09071727097034454,1.9535382986068728,0.4723249077796936,-0.09285204112529753,0.0,0.0,-0.07358796894550323,0.0,0.0
51.942,0.2976185381412506,0.09142194688320161,2.903017044067383,0.4736515283584594,-0.07635964453220366,0.0,0.0,-0.0628170520067215,0.0,0.0
51.956,0.3033090829849243,0.0852590873837471,3.940197944641113,0.4892508387565613,-0.12023119628429411,0.0,0.0,-0.03485032171010971,0.0,0.0
51.969,0.2949725091457367,0.059718552976846695,-1.6038424968719482,0.4333530366420746,-0.3333243727684021,0.0,0.0,-0.048944879323244095,0.0,0.0
51.982,0.25544220209121704,0.05754760652780533,-0.2610426247119904,0.3776322603225708,-0.33248746395111084,0.0,0.0,-0.048944879323244095,0.0,0.0
51.996,0.24562497437000275,0.021494679152965546,-7.32695770263672,0.3248755633831024,-0.2348759174346924,0.0,0.0,-0.09517154842615128,0.0,0.0
52.009,0.2538157105445862,0.032005347311496735,4.140117645263672,0.3656576573848725,-0.09453570842742921,0.0,0.0,-0.057040028274059296,0.0,0.0
52.022,0.2615242302417755,0.03212708234786987,-0.5549799203872681,0.36832937598228455,-0.08071880787611006,0.0,0.0,-0.03354683518409729,0.0,0.0
52.036,0.28691089153289795,0.017164431512355804,0.9523730278015136,0.36668136715888977,-0.06761687994003296,0.0,0.0,-0.03354683518409729,0.0,0.0
52.049,0.258437842130661,0.002247799187898636,-3.046935796737671,0.37134981155395513,-0.08032435178756715,0.0,0.0,-0.015697520226240158,0.0,0.0
52.062,0.27407857775688166,0.024501480162143707,0.8070930838584901,0.3440706133842468,-0.05824672058224679,0.0,0.0,-0.009066749364137648,0.0,0.0
52.076,0.2574942111968994,0.024113249033689495,-0.1731114387512207,0.36931160092353826,-0.017957422882318497,0.0,0.0,-0.009688267484307287,0.0,0.0
52.089,0.2672930657863617,0.04564946889877319,-0.24303075671195984,0.3359004855155945,0.01374652236700058,0.0,0.0,-0.013446999713778496,0.0,0.0
52.102,0.2967592775821686,0.02472187951207161,-3.5976302623748775,0.32398009300231934,0.040171243250370026,0.0,0.0,-0.023811962455511093,0.0,0.0
52.116,0.2604303061962128,0.011537570506334305,-4.769302845001221,0.31978294253349304,0.05672600865364075,0.0,0.0,-0.04526086524128914,0.0,0.0
52.129,0.21753935515880585,0.014257758855819702,-4.021073818206787,0.3148849606513977,-0.03452780842781067,0.0,0.0,-0.07636588811874388,0.0,0.0
52.142,0.17449843883514404,0.021345723420381543,-3.1105828285217285,0.26971685886383057,-0.06865565478801727,0.0,0.0,-0.11617919057607652,0.0,0.0
52.156,0.18486052751541135,0.028864488005638123,-1.2997666597366333,0.29226991534233093,-0.19177791476249692,0.0,0.0,-0.1533859819173813,0.0,0.0
52.169,0.2253781259059906,0.024522071704268456,3.1936135292053223,0.33866429328918457,-0.20785441994667053,0.0,0.0,-0.1808549016714096,0.0,0.0
52.182,0.26548340916633606,0.026595959439873692,-0.7227882742881776,0.3846714496612549,-0.2048619240522385,0.0,0.0,-0.1808549016714096,0.0,0.0
52.196,0.27892354130744934,-0.006586359813809394,3.3655693531036377,0.410500168800354,-0.18474268913269043,0.0,0.0,-0.1770026683807373,0.0,0.0
52.209,0.24008493125438687,-0.028980406001210213,6.944587707519531,0.4135372936725617,-0.14643262326717377,0.0,0.0,-0.1524786651134491,0.0,0.0
52.222,0.2766099870204925,-0.00989024993032217,0.8606029748916626,0.4135405421257019,-0.10449852794408798,0.0,0.0,-0.1409238576889038,0.0,0.0
52.236,0.24342630803585047,-0.010477318428456783,-1.0140492916107178,0.4131422638893128,-0.10481780022382736,0.0,0.0,-0.1409238576889038,0.0,0.0
52.249,0.25071659684181213,0.0012600207701325417,0.21153464913368225,0.402036726474762,-0.09509348124265671,0.0,0.0,-0.13625438511371613,0.0,0.0
52.263,0.2523709535598755,0.007179685402661562,-3.0431296825408936,0.39413583278656006,-0.12003294378519058,0.0,0.0,-0.13411185145378113,0.0,0.0
52.276,0.2281312793493271,0.022445648908615112,0.9202052354812622,0.395745575428009,-0.11918801069259644,0.0,0.0,-0.129462331533432,0.0,0.0
52.289,0.2181648164987564,0.035123273730278015,5.454833507537842,0.3944264054298401,-0.08120474964380264,0.0,0.0,-0.11344897001981737,0.0,0.0
52.303,0.2586807310581208,0.024495255202054977,7.123672008514404,0.4397195875644684,-0.026294166222214695,0.0,0.0,-0.078109972178936,0.0,0.0
52.316,0.2889392673969269,-0.008245127275586128,3.4652338027954106,0.4342089891433716,0.011891044676303864,0.0,0.0,-0.04085096716880798,0.0,0.0
52.329,0.29737916588783264,-0.03408024460077286,-1.5585299730300903,0.4332023561000824,-0.0011579394340515137,0.0,0.0,-0.031260766088962555,0.0,0.0
52.342,0.25793999433517456,-0.03132229298353195,-3.229127883911133,0.38687169551849365,-0.014682266861200333,0.0,0.0,-0.031260766088962555,0.0,0.0
52.356,0.22239941358566284,-0.009771998971700668,-2.1342523097991943,0.340500682592392,-0.03577914834022522,0.0,0.0,-0.04016654193401337,0.0,0.0
52.369,0.19191814959049225,0.010297324508428574,-0.37906947731971746,0.3432545065879822,-0.04828654974699021,0.0,0.0,-0.03779676556587219,0.0,0.0
52.382,0.22650817036628723,0.019938020035624504,1.3163735866546633,0.38975438475608826,-0.04577275738120079,0.0,0.0,-0.024604700505733487,0.0,0.0
52.396,0.25379678606987,0.024446595460176468,1.6177552938461304,0.43370285630226135,-0.03052801452577114,0.0,0.0,-0.024604700505733487,0.0,0.0
52.409,0.24686892330646515,0.033966340124607086,6.08332109451294,0.38994437456130976,0.03381817042827606,0.0,0.0,-0.004737652838230133,0.0,0.0
52.422,0.2408907413482666,0.03398969769477844,-2.2250819206237797,0.3416079878807068,0.04667884111404418,0.0,0.0,-0.0023293981794267893,0.0,0.0
52.436,0.23433798551559448,0.03051752969622612,1.892626404762268,0.29954466223716736,0.06367459893226624,0.0,0.0,-0.0023293981794267893,0.0,0.0
52.449,0.2414618134498596,0.0052420105785131454,-4.603209018707275,0.34805333614349365,0.058288753032684326,0.0,0.0,-0.008998572826385498,0.0,0.0
52.462,0.24918265640735623,-0.004576165229082108,0.597334623336792,0.3978555500507354,0.057676352560520165,0.0,0.0,-0.002329141367226839,0.0,0.0
52.476,0.2570919394493103,-0.0044569894671440125,0.22102211415767672,0.4477311968803406,0.05759207159280777,0.0,0.0,0.016333959996700287,0.0,0.0
52.489,0.29059600830078125,0.017818203195929527,7.710244178771971,0.4960228502750397,0.10384561866521835,0.0,0.0,0.04448794946074486,0.0,0.0
52.503,0.2714301645755768,0.03638950362801552,3.5899825096130367,0.49964913725852966,0.14730015397071838,0.0,0.0,0.07909482717514038,0.0,0.0
52.516,0.3125891983509064,0.056554563343524926,4.93048095703125,0.5496089458465576,0.20459140837192533,0.0,0.0,0.11628982424736024,0.0,0.0
52.529,0.31439200043678284,0.085670605301857,6.440849781036377,0.5617678761482239,0.30442148447036743,0.0,0.0,0.1597624123096466,0.0,0.0
52.542,0.34619876742362976,0.10881204903125764,7.20622444152832,0.5538540482521057,0.21433214843273163,0.0,0.0,0.21051082015037537,0.0,0.0
52.556,0.3409862220287323,0.12686273455619812,0.9037546515464783,0.4976576268672943,-0.20952185988426208,0.0,0.0,0.20893648266792297,0.0,0.0
52.569,0.29904699325561523,0.14183154702186584,-48.761184692382805,0.43878823518753046,-0.23453335464000705,0.0,0.0,-0.034280866384506226,0.0,0.0
52.582,0.2569330632686615,0.13590896129608154,15.36453342437744,0.38722407817840576,0.06800803542137146,0.0,0.0,-0.034280866384506226,0.0,0.0
52.596,0.25229376554489136,0.1879291981458664,-9.302356719970703,0.3730119466781616,0.018881425261497498,0.0,0.0,-0.03950271010398865,0.0,0.0
52.609,0.2554217576980591,0.13815809786319733,29.418535232543945,0.3692770302295685,0.12476621568202972,0.0,0.0,0.1356430947780609,0.0,0.0
52.622,0.23164185881614685,0.0713781788945198,-7.938022613525391,0.3188723921775818,0.1420942097902298,0.0,0.0,0.13433343172073364,0.0,0.0
52.636,0.21064795553684235,0.07313115149736403,-0.5318228006362915,0.2684851586818695,0.14358626306056976,0.0,0.0,0.13433343172073364,0.0,0.0
52.649,0.2532174587249756,0.02045320533216,2.338364839553833,0.32079273462295527,0.18168880045413968,0.0,0.0,0.15855708718299866,0.0,0.0
52.662,0.2862488627433777,0.04380382224917412,1.562792420387268,0.3549221158027649,0.202365517616272,0.0,0.0,0.17225371301174164,0.0,0.0
52.676,0.3249499499797821,0.04239530488848686,-0.4921389520168304,0.3635824620723725,0.2269964814186096,0.0,0.0,0.17225371301174164,0.0,0.0
52.689,0.2926165461540222,0.03186775743961334,-3.7550661563873287,0.36996451020240784,0.22221815586090088,0.0,0.0,0.1700023114681244,0.0,0.0
52.702,0.3035472333431244,0.010317495092749596,1.3652431964874268,0.42247024178504944,0.20461237430572513,0.0,0.0,0.1757107377052307,0.0,0.0
52.716,0.31320545077323914,0.002832947298884392,0.4736512899398804,0.4216433465480805,0.18282347917556763,0.0,0.0,0.17249812185764313,0.0,0.0
52.729,0.3208416402339936,0.013502079993486404,-1.2283577919006348,0.47196051478385925,0.14433082938194275,0.0,0.0,0.16721263527870178,0.0,0.0
52.742,0.2983438968658448,0.03586150333285332,-2.4334585666656494,0.43700477480888367,0.09777499735355376,0.0,0.0,0.16341233253479004,0.0,0.0
52.756,0.270290344953537,0.05616955831646919,-2.1912567615509038,0.43940708041191107,0.055943358689546585,0.0,0.0,0.15202833712100983,0.0,0.0
52.769,0.26139664649963373,0.07299940288066864,-1.0106160640716553,0.3950690031051636,0.06745614856481552,0.0,0.0,0.13900816440582275,0.0,0.0
52.782,0.25483065843582153,0.08441212773323059,1.4569010734558103,0.35021311044693,0.0675094798207283,0.0,0.0,0.13331086933612823,0.0,0.0
52.796,0.2955922484397888,0.08366683870553969,1.7108526229858398,0.39275798201560974,0.087346151471138,0.0,0.0,0.12490515410900116,0.0,0.0
52.809,0.28743571043014526,0.06322754174470901,-2.345653772354126,0.35440415143966675,0.09614057838916777,0.0,0.0,0.08755932748317719,0.0,0.0
52.822,0.2737688720226288,0.06382472813129425,0.402311235666275,0.3540683686733246,0.08905103057622908,0.0,0.0,0.08755932748317719,0.0,0.0
52.836,0.2974592447280884,0.057152871042490005,-1.125739336013794,0.35533878207206726,0.08659882843494414,0.0,0.0,0.07582483440637587,0.0,0.0
52.849,0.30818262696266174,0.06932199001312256,-5.5609378814697275,0.3994814455509186,0.02748037874698639,0.0,0.0,0.04368072748184204,0.0,0.0
52.862,0.3153730630874634,0.07282666862010957,-3.2511172294616695,0.44215250015258795,-0.020957261323928836,0.0,0.0,0.022425808012485504,0.0,0.0
52.876,0.3222002685070038,0.07295627892017363,1.7679051160812378,0.4421349167823792,-0.04610674828290939,0.0,0.0,0.004407135769724846,0.0,0.0
52.889,0.2961488664150238,0.07506733387708664,-10.691243171691896,0.4110662639141082,-0.10358109325170516,0.0,0.0,-0.016399197280406952,0.0,0.0
52.903,0.27993911504745483,0.08707544207572937,-1.2284836769104004,0.43179306387901306,-0.12886583805084229,0.0,0.0,-0.035353291779756546,0.0,0.0
52.916,0.30472272634506226,0.10618628561496736,0.10418761521577836,0.44181671738624567,-0.14644144475460052,0.0,0.0,-0.04797512665390968,0.0,0.0
52.929,0.302916556596756,0.1209450662136078,-0.009146332740783693,0.44379472732543945,-0.1698889434337616,0.0,0.0,-0.05592940002679825,0.0,0.0
52.942,0.3124164938926697,0.14257679879665375,0.8069570660591124,0.4514016807079315,-0.1901535987854004,0.0,0.0,-0.06077852472662926,0.0,0.0
52.956,0.30769258737564087,0.16537725925445557,-0.9326023459434509,0.4493467509746552,-0.21837383508682248,0.0,0.0,-0.06363717466592789,0.0,0.0
52.969,0.2940956652164459,0.1492556482553482,-1.2854368686676023,0.396710067987442,-0.2569858729839325,0.0,0.0,-0.05716904997825623,0.0,0.0
52.982,0.2860984206199646,0.14891710877418518,0.4840705394744873,0.39700156450271606,-0.25392454862594604,0.0,0.0,-0.05716904997825623,0.0,0.0
52.996,0.26736393570899963,0.12822650372982025,0.5479406714439392,0.34450423717498774,-0.24759903550148007,0.0,0.0,-0.058299094438552856,0.0,0.0
53.009,0.25957632064819336,0.09415353834629059,6.446375370025635,0.3138265907764435,-0.18146362900733948,0.0,0.0,-0.06449203938245773,0.0,0.0
53.022,0.24467718601226807,0.08023536205291747,-0.013776496052742004,0.3018410801887512,-0.13675248622894287,0.0,0.0,-0.06064493209123612,0.0,0.0
53.036,0.25483185052871704,0.08110227435827254,-1.0839896202087402,0.312043696641922,-0.1360744833946228,0.0,0.0,-0.06064493209123612,0.0,0.0
53.049,0.23989166319370273,0.07158361375331879,1.2479239702224731,0.32297375798225403,-0.07955922186374664,0.0,0.0,-0.05211170017719269,0.0,0.0
53.062,0.22339677810668945,0.059930067509412766,2.0905108451843266,0.29539424180984497,-0.04684631526470184,0.0,0.0,-0.04843901470303536,0.0,0.0
53.076,0.24631723761558533,0.04796100035309792,3.621728658676148,0.29916852712631226,-0.008249472826719284,0.0,0.0,-0.044130560010671616,0.0,0.0
53.089,0.2535420060157776,0.03313615918159485,2.4101195335388184,0.3414493203163147,0.027537960559129715,0.0,0.0,-0.038173459470272064,0.0,0.0
53.102,0.26477161049842834,0.014648281037807465,0.019353674724698067,0.3560811281204224,0.03954891860485077,0.0,0.0,-0.029633136466145515,0.0,0.0
53.116,0.27229395508766174,0.002107091248035431,-1.3067672252655027,0.40227758884429926,0.038259733468294144,0.0,0.0,-0.02010289579629898,0.0,0.0
53.129,0.2779933214187622,-0.007181575521826744,-0.5700502991676331,0.38720589876174927,0.02320484071969986,0.0,0.0,-0.014193296432495115,0.0,0.0
53.142,0.25710976123809814,-0.014426879584789276,-0.0769277811050415,0.3918437957763672,0.01598447374999523,0.0,0.0,-0.014562605880200865,0.0,0.0
53.156,0.24508264660835263,-0.01021883264183998,0.2926690280437469,0.3410208225250244,0.013221485540270804,0.0,0.0,-0.017930112779140472,0.0,0.0
53.169,0.2347431629896164,0.007074136286973952,-0.523081362247467,0.34447452425956726,0.007309413515031338,0.0,0.0,-0.02812005579471588,0.0,0.0
53.182,0.2702832520008087,0.006291262805461884,0.16126906871795654,0.34867343306541443,-0.0008191070519387722,0.0,0.0,-0.02812005579471588,0.0,0.0
53.196,0.27813205122947693,0.002403704449534416,-0.6106014251708984,0.35947558283805847,-0.004564756061881781,0.0,0.0,-0.034788943827152245,0.0,0.0
53.209,0.27042537927627563,0.00020532868802547452,-2.401904344558716,0.34949782490730286,-0.031368810683488846,0.0,0.0,-0.05344047769904137,0.0,0.0
53.222,0.27259156107902527,0.005598893389105797,-1.0097380876541138,0.35826823115348816,-0.03993738815188408,0.0,0.0,-0.061319172382354736,0.0,0.0
53.236,0.27140676975250244,0.0056546032428741455,0.637628972530365,0.347571074962616,-0.04349424690008164,0.0,0.0,-0.061319172382354736,0.0,0.0
53.249,0.2480051964521408,0.007969599217176437,-3.029549360275269,0.34122383594512934,-0.04632335901260376,0.0,0.0,-0.07126091420650482,0.0,0.0
53.262,0.2428349405527115,0.0004237852990627289,1.3136976957321167,0.33048999309539795,-0.04436147212982178,0.0,0.0,-0.07600416243076323,0.0,0.0
53.276,0.24860425293445587,-0.004743117839097977,1.3229858875274658,0.3522273600101471,-0.042083177715539925,0.0,0.0,-0.07932477444410323,0.0,0.0
53.289,0.2688570618629456,-0.007287729531526565,0.9937052130699155,0.35955941677093506,-0.03789401054382324,0.0,0.0,-0.07850597053766249,0.0,0.0
53.303,0.2672342360019684,-0.009560544043779373,-0.11811581999063492,0.37745255231857294,-0.029918968677520752,0.0,0.0,-0.07517597824335098,0.0,0.0
53.316,0.2653983235359192,-0.00799572095274925,-1.2669456005096436,0.3590582609176636,-0.02681222185492516,0.0,0.0,-0.07393989711999893,0.0,0.0
53.329,0.2539918124675751,-0.010945554822683334,-0.5527545809745789,0.37146526575088495,-0.02974649518728256,0.0,0.0,-0.07310234755277634,0.0,0.0
53.342,0.2483547329902649,-0.021555453538894653,1.2722420692443848,0.3523635268211365,-0.03779029473662376,0.0,0.0,-0.07040959596633911,0.0,0.0
53.356,0.25939103960990906,-0.03031334094703197,1.0429601669311523,0.3831886351108551,-0.048768088221549995,0.0,0.0,-0.06806734204292297,0.0,0.0
53.369,0.26953116059303284,-0.0449233092367649,-2.72471022605896,0.3522326648235321,-0.08010760694742201,0.0,0.0,-0.07159296423196793,0.0,0.0
53.382,0.26272779703140253,-0.0450885221362114,0.7391085028648376,0.3689554929733277,-0.07998772710561752,0.0,0.0,-0.07159296423196793,0.0,0.0
53.396,0.25605857372283936,-0.04799488186836243,-2.892056703567505,0.34151217341423035,-0.09594252705574036,0.0,0.0,-0.08337576687335968,0.0,0.0
53.409,0.246419221162796,-0.01976636052131653,1.2204797267913818,0.3399810791015625,-0.11120161414146423,0.0,0.0,-0.0962665155529976,0.0,0.0
53.422,0.2799343764781952,0.001024113968014717,1.172293186187744,0.3336799442768097,-0.10577867925167084,0.0,0.0,-0.10232307016849518,0.0,0.0
53.436,0.27859973907470703,0.0010569989681243896,-0.5326869487762451,0.33695700764656067,-0.10573586821556091,0.0,0.0,-0.10232307016849518,0.0,0.0
53.449,0.26132139563560486,0.004683058708906174,-0.5599907636642456,0.29165154695510864,-0.08697690814733505,0.0,0.0,-0.107847660779953,0.0,0.0
53.462,0.24301381409168243,-0.0045387260615825644,2.199634075164795,0.2960940897464752,-0.07285650819540022,0.0,0.0,-0.1052033305168152,0.0,0.0
53.476,0.2574008107185364,-0.008807830512523651,1.7736587524414062,0.2991032600402832,-0.0445278137922287,0.0,0.0,-0.10335970669984818,0.0,0.0
53.489,0.27227628231048584,-0.008198156952857971,-0.17286598682403564,0.3115961253643036,-0.022639846429228783,0.0,0.0,-0.1009526401758194,0.0,0.0
53.503,0.27989646792411804,-0.002795130014419556,-0.881362795829773,0.35034894943237305,-0.017403509467840195,0.0,0.0,-0.09723461419343948,0.0,0.0
53.516,0.2985108196735382,0.010762905701994896,-0.5558744668960571,0.39535126090049744,-0.021193400025367737,0.0,0.0,-0.09126774221658705,0.0,0.0
53.529,0.2750140428543091,0.02784169279038906,0.7596643567085266,0.35575973987579346,-0.041537486016750336,0.0,0.0,-0.0656626969575882,0.0,0.0
53.543,0.30760568380355835,0.04579674452543259,-0.02256785519421101,0.35796287655830383,-0.04020046815276146,0.0,0.0,-0.0656626969575882,0.0,0.0
53.556,0.28703662753105164,0.06092721968889237,-0.766333520412445,0.3510756194591522,-0.04601607471704483,0.0,0.0,-0.06336633116006851,0.0,0.0
53.569,0.28072917461395264,0.07370492815971375,1.603532075881958,0.3438983261585236,-0.03205464407801628,0.0,0.0,-0.05544927343726158,0.0,0.0
53.582,0.27212220430374146,0.07303099334239958,0.922867238521576,0.3305838704109192,-0.009089016355574131,0.0,0.0,-0.04055427759885788,0.0,0.0
53.596,0.2840474545955658,0.07533395290374757,-0.6891275644302368,0.3097786009311676,-0.009678951464593409,0.0,0.0,-0.04055427759885788,0.0,0.0
53.609,0.3086381256580353,0.0723223090171814,-1.011823296546936,0.3446695804595948,0.010421793907880785,0.0,0.0,-0.019086524844169617,0.0,0.0
53.623,0.27872130274772644,0.0650203675031662,-0.06574876606464386,0.30470174551010126,0.0006315344944596291,0.0,0.0,-0.008585656061768532,0.0,0.0
53.636,0.2822020351886749,0.06533670425415039,0.22138576209545133,0.32081761956214905,-0.017315447330474854,0.0,0.0,-0.008585656061768532,0.0,0.0
53.649,0.27079641819000244,0.06414006650447845,1.643657922744751,0.3506869077682495,-0.03856200724840164,0.0,0.0,0.002925463020801544,0.0,0.0
53.663,0.2836092412471771,0.07222414016723631,0.7365142703056334,0.33921372890472407,-0.08249088376760483,0.0,0.0,0.01364769134670496,0.0,0.0
53.676,0.2701896727085113,0.07163292914628983,-0.530837655067444,0.3067570924758911,-0.13786868751049042,0.0,0.0,0.022433757781982425,0.0,0.0
53.689,0.2832080721855164,0.08390539884567261,1.9898927211761477,0.3269442617893219,-0.18155497312545776,0.0,0.0,0.02732379548251629,0.0,0.0
53.703,0.3046835958957672,0.08686140179634094,0.9760790467262269,0.3188974857330322,-0.18985509872436523,0.0,0.0,0.027868324890732765,0.0,0.0
53.716,0.3049764335155487,0.09316179156303404,-0.7884547114372252,0.304795116186142,-0.15090692043304443,0.0,0.0,0.02550413459539413,0.0,0.0
53.729,0.315468430519104,0.09519561380147934,-1.9349689483642576,0.34428340196609497,-0.10756927728652954,0.0,0.0,0.024211980402469635,0.0,0.0
53.743,0.30354303121566767,0.09236098080873488,-2.784897327423096,0.3732571601867676,-0.11346279084682465,0.0,0.0,0.022394517436623573,0.0,0.0
53.756,0.27616053819656367,0.0954352021217346,-2.9987566471099854,0.33375945687294006,-0.15102769434452057,0.0,0.0,0.01647821068763733,0.0,0.0
53.769,0.2526467442512512,0.138771191239357,-2.5123603343963623,0.33611416816711426,-0.1714603751897812,0.0,0.0,0.004631433170288801,0.0,0.0
53.783,0.23137490451335907,0.13661770522594452,0.9084169268608093,0.2943802773952484,-0.17094430327415466,0.0,0.0,0.004631433170288801,0.0,0.0
53.796,0.24983659386634827,0.15385855734348297,0.12394655495882034,0.3339467644691468,-0.16732674837112427,0.0,0.0,0.0029284651391208168,0.0,0.0
53.809,0.23981671035289764,0.12608702480793,0.8192611932754515,0.28868094086647034,-0.14608579874038696,0.0,0.0,0.004018671344965696,0.0,0.0
53.823,0.24968500435352323,0.12025062739849092,0.33830562233924866,0.32406678795814514,-0.13073980808258057,0.0,0.0,0.006170359905809164,0.0,0.0
53.836,0.23576657474040985,0.1058218777179718,1.1094822883605957,0.28677043318748474,-0.1184765100479126,0.0,0.0,0.006170359905809164,0.0,0.0
53.849,0.2408771514892578,0.09344210475683212,3.0984623432159424,0.2550978660583496,-0.09478349983692168,0.0,0.0,0.008757533505558966,0.0,0.0
53.862,0.24945139884948728,0.0872066393494606,-0.4946426451206207,0.2909018397331238,-0.07738978415727614,0.0,0.0,0.011289693415164948,0.0,0.0
53.876,0.2675027549266815,0.08131805807352066,0.9417704939842224,0.31968221068382263,-0.06228531152009964,0.0,0.0,0.018749069422483444,0.0,0.0
53.889,0.2407274842262268,0.058863997459411614,0.9475586414337158,0.287402868270874,-0.04511529207229614,0.0,0.0,0.023451760411262512,0.0,0.0
53.903,0.2379340827465057,0.05335201323032379,1.4007714986801147,0.2659080922603607,-0.022661957889795303,0.0,0.0,0.02439661882817745,0.0,0.0
53.916,0.23325847089290616,0.04530001431703568,1.0822994709014893,0.29755523800849915,0.002468250691890717,0.0,0.0,0.027877576649188995,0.0,0.0
53.929,0.23567169904708865,0.03133934736251831,1.0879812240600586,0.32331922650337214,0.036819182336330414,0.0,0.0,0.034651413559913635,0.0,0.0
53.943,0.22264064848423004,0.018792120739817616,-0.5978180766105652,0.29186713695526123,0.035269275307655334,0.0,0.0,0.034651413559913635,0.0,0.0
53.956,0.23049817979335785,0.011932315304875374,0.9936723709106445,0.31560271978378296,0.05105903372168541,0.0,0.0,0.035712774842977524,0.0,0.0
53.969,0.23983314633369449,0.011906255036592484,0.7203373908996582,0.29164373874664307,0.09606635570526124,0.0,0.0,0.033864572644233704,0.0,0.0
53.983,0.25336518883705134,0.0026064813137054443,0.7787092328071593,0.3108055591583252,0.11612294614315032,0.0,0.0,0.03070225194096565,0.0,0.0
53.996,0.2490495443344116,-0.006865215487778187,-0.21107490360736847,0.2984788119792938,0.1143709123134613,0.0,0.0,0.03070225194096565,0.0,0.0
54.009,0.2580642104148865,-0.022741083055734634,0.3347586691379547,0.33458101749420166,0.11974161863327026,0.0,0.0,0.03161359950900078,0.0,0.0
54.023,0.2405585944652557,-0.02220328524708748,-1.0416065454483032,0.30516290664672846,0.11269812285900116,0.0,0.0,0.03220205381512642,0.0,0.0
54.036,0.2596415579319,-0.022395307198166847,0.17145797610282898,0.33230555057525635,0.12005949765443802,0.0,0.0,0.032418012619018555,0.0,0.0
54.049,0.24273461103439328,-0.010151809081435204,-1.7087478637695312,0.2873599231243133,0.1266169250011444,0.0,0.0,0.02679188922047615,0.0,0.0
54.063,0.22859852015972135,-0.013900548219680786,1.3760229349136353,0.288936585187912,0.13822484016418457,0.0,0.0,0.01941835694015026,0.0,0.0
54.076,0.2501859664916992,-0.014487430453300476,-0.15197591483592987,0.3041289150714874,0.14019939303398132,0.0,0.0,0.016264507547020912,0.0,0.0
54.089,0.24201342463493347,-0.016990507021546364,-0.09119202941656113,0.3017297983169556,0.13869096338748932,0.0,0.0,0.01695648580789566,0.0,0.0
54.103,0.2576538026332855,-0.008375357836484909,-0.8260663151741027,0.3093811869621277,0.13474945724010468,0.0,0.0,0.020065715536475185,0.0,0.0
54.116,0.2346639633178711,-0.0018187602981925009,0.9884293675422668,0.29258066415786743,0.13419194519519806,0.0,0.0,0.021692911162972447,0.0,0.0
54.129,0.25758978724479675,-0.0057197222486138335,1.4941811561584473,0.3046421706676483,0.14231432974338531,0.0,0.0,0.024572283029556274,0.0,0.0
54.143,0.23334752023220065,-0.012342780828475952,1.1873067617416382,0.2953289747238159,0.1450362503528595,0.0,0.0,0.024572283029556274,0.0,0.0
54.156,0.24451838433742523,-0.015302848070859907,0.40639600157737726,0.3205241560935974,0.1578046828508377,0.0,0.0,0.027835968881845478,0.0,0.0
54.169,0.2722504734992981,-0.01058427058160305,-0.3038783371448517,0.338148295879364,0.17442548274993896,0.0,0.0,0.04462243616580963,0.0,0.0
54.183,0.24548451602458957,-0.009919283911585808,0.03104936331510544,0.3037380874156952,0.1778901219367981,0.0,0.0,0.04462243616580963,0.0,0.0
54.196,0.2523921728134156,-0.009975824505090712,-0.18167802691459656,0.3192422091960907,0.1792522370815277,0.0,0.0,0.04858111590147018,0.0,0.0
54.209,0.2506857216358185,-0.008879551663994789,2.0249581336975098,0.35539332032203674,0.21122194826602936,0.0,0.0,0.05704084783792496,0.0,0.0
54.223,0.2817513942718506,-0.0060256216675043115,0.1535835713148117,0.35415807366371155,0.2154249846935272,0.0,0.0,0.06458847224712372,0.0,0.0
54.236,0.25755760073661804,-0.005056384950876236,-0.2607601583003998,0.3597658574581146,0.22021692991256717,0.0,0.0,0.06458847224712372,0.0,0.0
54.249,0.2742806375026703,-0.001673830673098564,-2.063123941421509,0.3479979336261749,0.2171405106782913,0.0,0.0,0.0656837522983551,0.0,0.0
54.263,0.2778033912181854,0.001124745700508356,0.8961151242256163,0.3777872920036316,0.2118823528289795,0.0,0.0,0.06891734153032303,0.0,0.0
54.276,0.26084449887275696,0.003002920188009739,-0.1217968761920929,0.332510381937027,0.21022239327430725,0.0,0.0,0.06905815005302429,0.0,0.0
54.289,0.25078335404396057,0.008686706423759459,0.06081629544496536,0.3586120009422302,0.2195611596107483,0.0,0.0,0.07090738415718079,0.0,0.0
54.303,0.2597332000732422,0.01342944335192442,0.47586241364479065,0.33329442143440247,0.22088223695755005,0.0,0.0,0.06975553184747696,0.0,0.0
54.316,0.2735238075256348,0.019298844039440155,0.33269003033638,0.3625110685825348,0.21975791454315183,0.0,0.0,0.06424707919359207,0.0,0.0
54.329,0.28487157821655273,0.02784152328968048,-0.14642737805843353,0.3527626097202301,0.215049609541893,0.0,0.0,0.06432574987411499,0.0,0.0
54.343,0.28093430399894714,0.03218783810734749,-1.4724352359771729,0.37939727306365967,0.20323951542377472,0.0,0.0,0.06285177171230316,0.0,0.0
54.356,0.27250245213508606,0.036644294857978814,-0.9482128024101256,0.3484894633293152,0.19859465956687927,0.0,0.0,0.05736809968948364,0.0,0.0
54.369,0.2769078612327576,0.04774342477321625,0.013673678040504456,0.3962211012840271,0.17299509048461914,0.0,0.0,0.05878888815641403,0.0,0.0
54.383,0.31465479731559753,0.04687988758087158,0.2932995557785034,0.3915554285049439,0.16294409334659576,0.0,0.0,0.05878888815641403,0.0,0.0
54.396,0.27697503566741943,0.04725491628050804,-1.5246204137802124,0.39644694328308105,0.1510806381702423,0.0,0.0,0.052031859755516045,0.0,0.0
54.409,0.2951427698135376,0.05990900099277496,-1.7823607921600342,0.39427986741065973,0.10253573954105376,0.0,0.0,0.041529592126607895,0.0,0.0
54.423,0.2923515737056732,0.061341542750597,-1.0388039350509644,0.3733220994472504,0.07947941124439238,0.0,0.0,0.03008227050304413,0.0,0.0
54.436,0.2572530508041382,0.06123102828860282,0.4116297960281372,0.3596294224262237,0.0758744478225708,0.0,0.0,0.03008227050304413,0.0,0.0
54.449,0.28642112016677856,0.06474497169256209,-1.33522629737854,0.3810889422893524,0.061951909214258194,0.0,0.0,0.016589337959885597,0.0,0.0
54.463,0.30118289589881897,0.06491518020629883,-0.07716854661703108,0.38443380594253534,0.05055581778287888,0.0,0.0,0.014546039514243604,0.0,0.0
54.476,0.2745846509933472,0.06213300675153732,-1.1985785961151123,0.37397170066833496,0.03758113831281663,0.0,0.0,0.008093353360891342,0.0,0.0
54.489,0.26200997829437256,0.05824945122003555,-0.4797569215297699,0.36197641491889954,0.02848121710121632,0.0,0.0,-0.00028812652453780174,0.0,0.0
54.503,0.2804822027683258,0.058680251240730286,0.12217321991920473,0.383307546377182,0.017720723524689674,0.0,0.0,-0.006667592562735081,0.0,0.0
54.516,0.30980226397514343,0.06078217923641205,-0.04535657167434693,0.3974219262599945,0.002758050337433815,0.0,0.0,-0.012726686894893646,0.0,0.0
54.529,0.28186586499214167,0.06073499843478202,-0.8955948948860168,0.37927681207656866,-0.012522067874670029,0.0,0.0,-0.016975020989775658,0.0,0.0
54.543,0.28985583782196045,0.06152541935443878,-0.3817954361438751,0.37548813223838806,-0.020690755918622017,0.0,0.0,-0.019175659865140915,0.0,0.0
54.556,0.2599733769893646,0.06032424420118332,-0.347074419260025,0.36046034097671514,-0.02630661427974701,0.0,0.0,-0.02048599906265736,0.0,0.0
54.57,0.2786443829536438,0.05289562046527863,0.6620319485664368,0.3696885406970978,-0.03870014846324921,0.0,0.0,-0.021294793114066124,0.0,0.0
54.583,0.3004783093929291,0.05320306867361069,-0.09434418380260468,0.4057731330394745,-0.03853387013077736,0.0,0.0,-0.021294793114066124,0.0,0.0
54.596,0.2826600968837738,0.0508820042014122,-0.7173864245414734,0.379984587430954,-0.04985711723566055,0.0,0.0,-0.022216051816940308,0.0,0.0
54.609,0.27683582901954645,0.05530209839344025,-1.673952579498291,0.3707331717014313,-0.0711994618177414,0.0,0.0,-0.028467748314142227,0.0,0.0
54.623,0.28040143847465515,0.0564483255147934,0.36787667870521545,0.3682388365268707,-0.07619327306747437,0.0,0.0,-0.030981456860899925,0.0,0.0
54.636,0.27838611602783203,0.05194834992289543,-0.21854694187641144,0.3713575899600983,-0.07721266150474547,0.0,0.0,-0.03387679159641266,0.0,0.0
54.649,0.2769718170166016,0.044825419783592224,-0.4704906046390533,0.35073000192642206,-0.08093249797821045,0.0,0.0,-0.037875134497880936,0.0,0.0
54.663,0.29595643281936646,0.047934345901012414,-0.19065280258655548,0.38637712597846985,-0.08573666214942931,0.0,0.0,-0.03976938128471375,0.0,0.0
54.676,0.29209476709365845,0.045015733689069755,-0.4474681615829468,0.36913591623306274,-0.09391816705465315,0.0,0.0,-0.040067367255687714,0.0,0.0
54.69,0.28339061141014094,0.04817943274974823,-0.9489705562591552,0.3771139979362488,-0.10200550407171248,0.0,0.0,-0.04336419329047203,0.0,0.0
54.703,0.26698777079582214,0.04908380657434464,-1.2175565958023071,0.3593217730522156,-0.11296140402555466,0.0,0.0,-0.04783263057470322,0.0,0.0
54.716,0.2859058678150177,0.05815859884023666,-1.192924737930298,0.38094899058341986,-0.12898051738739014,0.0,0.0,-0.04871195554733277,0.0,0.0
54.729,0.2873872220516205,0.06583739817142487,-1.142025351524353,0.35271498560905457,-0.14427050948143005,0.0,0.0,-0.059101976454257965,0.0,0.0
54.743,0.2722971737384796,0.0653831884264946,-1.042374849319458,0.36497032642364496,-0.14936843514442444,0.0,0.0,-0.059101976454257965,0.0,0.0
54.756,0.25352782011032104,0.06564147770404816,0.31974947452545166,0.3353779911994934,-0.1396137177944183,0.0,0.0,-0.06059378758072853,0.0,0.0
54.77,0.27130183577537537,0.07574709504842758,0.2118447721004486,0.3501763343811035,-0.12452469766139984,0.0,0.0,-0.06312213093042374,0.0,0.0
54.783,0.3034706711769104,0.08495672047138214,-0.4523858428001404,0.38854917883872986,-0.11839208006858826,0.0,0.0,-0.06312213093042374,0.0,0.0
54.796,0.2692418396472931,0.08317337185144424,-1.729179859161377,0.34731489419937134,-0.1250867247581482,0.0,0.0,-0.06214626505970954,0.0,0.0
54.809,0.2797411978244781,0.08203238248825073,-1.764615178108215,0.3826454281806946,-0.150773823261261,0.0,0.0,-0.0552062951028347,0.0,0.0
54.823,0.3001856505870819,0.08420169353485107,0.8558364510536195,0.3876059353351593,-0.14108723402023315,0.0,0.0,-0.059457678347826,0.0,0.0
54.836,0.2716471552848816,0.08183945715427399,-1.5874273777008057,0.37503212690353394,-0.14561495184898376,0.0,0.0,-0.059457678347826,0.0,0.0
54.85,0.2413593828678131,0.09158259630203248,1.868453025817871,0.3418007791042328,-0.13965359330177307,0.0,0.0,-0.05656774714589119,0.0,0.0
54.863,0.266026109457016,0.09719618409872056,-1.1486425399780271,0.3432529866695404,-0.11913394182920456,0.0,0.0,-0.05985977500677109,0.0,0.0
54.876,0.2835412621498108,0.09922117739915849,-1.981377959251404,0.3846936821937561,-0.1117466613650322,0.0,0.0,-0.06371140480041504,0.0,0.0
54.89,0.26363420486450195,0.09578961133956909,-1.2030422687530518,0.3844574987888336,-0.14017359912395477,0.0,0.0,-0.06355425715446472,0.0,0.0
54.903,0.24125607311725616,0.0916544795036316,-1.2149937152862549,0.3398471176624298,-0.17125007510185242,0.0,0.0,-0.06447473913431168,0.0,0.0
54.916,0.2237950712442398,0.09359946101903917,-0.48789605498313904,0.3094659149646759,-0.21360319852828977,0.0,0.0,-0.06791242957115173,0.0,0.0
54.929,0.22610826790332797,0.10117940604686736,0.2642635107040405,0.31563907861709595,-0.2707224488258362,0.0,0.0,-0.07173502445220947,0.0,0.0
54.943,0.2253892570734024,0.10724174231290816,1.4144858121871948,0.3055730760097504,-0.2919556498527527,0.0,0.0,-0.07403337955474852,0.0,0.0
54.956,0.23647077381610873,0.11433352530002594,1.3275917768478394,0.31850141286849976,-0.2804949879646301,0.0,0.0,-0.07449470460414886,0.0,0.0
54.97,0.23602156341075897,0.09658012539148329,-0.10701119899749756,0.2968733012676239,-0.2593393921852112,0.0,0.0,-0.076791413128376,0.0,0.0
54.983,0.2173499166965485,0.09438675642013548,-0.1670725643634796,0.3195212185382843,-0.2513052523136139,0.0,0.0,-0.08219145238399506,0.0,0.0
54.996,0.2178991585969925,0.07636509835720062,-1.2280560731887815,0.28101423382759094,-0.2578626573085785,0.0,0.0,-0.08219145238399506,0.0,0.0
55.01,0.19184401631355288,0.07540657371282578,-0.6563141942024231,0.2874292731285095,-0.23559406399726868,0.0,0.0,-0.08860941231250763,0.0,0.0
55.023,0.17876151204109192,0.08112233132123947,1.6410223245620728,0.24246667325496676,-0.215275838971138,0.0,0.0,-0.08596418797969818,0.0,0.0
55.036,0.1892933696508408,0.08495988696813582,-0.7090067267417908,0.28319188952445984,-0.20235908031463623,0.0,0.0,-0.08416561037302017,0.0,0.0
55.049,0.1988475471735001,0.07798390835523605,3.5515475273132324,0.2844694256782532,-0.18818663060665128,0.0,0.0,-0.08666340261697769,0.0,0.0
55.063,0.21823590993881223,0.07252001762390135,-0.8579436540603637,0.3194008469581604,-0.1852901577949524,0.0,0.0,-0.08870280534029007,0.0,0.0
55.076,0.2099386751651764,0.07040350884199144,-0.47404691576957697,0.2897671163082123,-0.1927688717842102,0.0,0.0,-0.08498074114322662,0.0,0.0
55.09,0.21136987209320068,0.07291479408740997,-0.8001554608345031,0.33289980888366694,-0.19417531788349152,0.0,0.0,-0.07990726828575134,0.0,0.0
55.103,0.19809490442276,0.07602752000093459,-0.7148125767707825,0.2901039123535156,-0.19879841804504397,0.0,0.0,-0.08065547049045561,0.0,0.0
55.116,0.21651047468185425,0.08338124305009843,-1.2878978252410889,0.3371104896068573,-0.20671711862087247,0.0,0.0,-0.08726084232330322,0.0,0.0
55.13,0.19822832942008967,0.08352077007293701,-1.5484129190444946,0.2864229381084442,-0.22504031658172607,0.0,0.0,-0.09773642569780348,0.0,0.0
55.143,0.21002928912639615,0.08952628821134566,-1.1648956537246704,0.3286411762237549,-0.23094767332077024,0.0,0.0,-0.09773642569780348,0.0,0.0
55.156,0.19528956711292267,0.09196164458990096,-1.1299397945404053,0.2841525375843048,-0.24519988894462583,0.0,0.0,-0.09669935703277589,0.0,0.0
55.17,0.1707560569047928,0.09342239797115326,-0.869413435459137,0.25871342420578003,-0.24903631210327148,0.0,0.0,-0.10449936985969543,0.0,0.0
55.183,0.15296080708503723,0.09568417817354202,0.9528927206993104,0.2297707051038742,-0.25383061170578003,0.0,0.0,-0.10863462090492249,0.0,0.0
55.196,0.17815539240837097,0.10741864144802094,1.4669604301452637,0.25996115803718567,-0.24716991186141968,0.0,0.0,-0.10863462090492249,0.0,0.0
55.21,0.1513228714466095,0.09509643167257309,3.944615125656128,0.22425362467765808,-0.22572521865367887,0.0,0.0,-0.11445987224578856,0.0,0.0
55.223,0.16618409752845764,0.0884062349796295,0.5401298403739929,0.2668429911136627,-0.210653617978096,0.0,0.0,-0.11398591101169586,0.0,0.0
55.236,0.14534197747707367,0.08578044921159744,-0.656399130821228,0.2217782884836197,-0.2122357487678528,0.0,0.0,-0.11398591101169586,0.0,0.0
55.25,0.15360869467258453,0.07309044152498245,2.824286699295044,0.22529470920562744,-0.19685357809066767,0.0,0.0,-0.11754658818244934,0.0,0.0
55.263,0.15574191510677338,0.06438925862312317,0.07123947143554688,0.2637937366962433,-0.2002755105495453,0.0,0.0,-0.12356042861938477,0.0,0.0
55.276,0.13279451429843905,0.05167931690812111,-0.21980367600917816,0.2536924481391907,-0.21110475063323972,0.0,0.0,-0.12740075588226318,0.0,0.0
55.29,0.14071311056613922,0.044862709939479835,0.1868829131126404,0.26658087968826294,-0.22470837831497192,0.0,0.0,-0.1280854493379593,0.0,0.0
55.303,0.15269239246845245,0.04541084915399552,-1.332062602043152,0.3026215136051178,-0.2435389757156372,0.0,0.0,-0.12773700058460236,0.0,0.0
55.316,0.12666906416416168,0.048144254833459854,-1.5757631063461304,0.26705366373062134,-0.2663884162902832,0.0,0.0,-0.1311507225036621,0.0,0.0
55.33,0.11013415455818176,0.055793330073356635,-2.5849351882934566,0.21668127179145813,-0.3089494109153748,0.0,0.0,-0.14937981963157654,0.0,0.0
55.343,0.14714622497558594,0.060221984982490546,0.8408233523368835,0.26274439692497253,-0.30882716178894043,0.0,0.0,-0.14937981963157654,0.0,0.0
55.356,0.13420002162456512,0.06706949323415756,-0.6698794364929199,0.2357410788536072,-0.3149705529212952,0.0,0.0,-0.16187550127506256,0.0,0.0
55.37,0.12510892748832703,0.0979362577199936,-0.3938834965229034,0.19557952880859372,-0.32751521468162537,0.0,0.0,-0.19483751058578488,0.0,0.0
55.383,0.16423703730106354,0.11300666630268096,0.9096364974975586,0.24112632870674133,-0.3276571035385132,0.0,0.0,-0.20529308915138245,0.0,0.0
55.396,0.1207585632801056,0.10907402634620668,-1.4664351940155027,0.1912125945091248,-0.3304312229156494,0.0,0.0,-0.20529308915138245,0.0,0.0
55.41,0.1518610119819641,0.12037701904773712,-2.224531412124634,0.2387138307094574,-0.32974666357040405,0.0,0.0,-0.21120420098304749,0.0,0.0
55.423,0.11948300153017044,0.1188344806432724,-0.982727825641632,0.18564920127391812,-0.33045804500579834,0.0,0.0,-0.2150132358074188,0.0,0.0
55.436,0.09088300913572311,0.11341182887554167,0.8091620802879332,0.13443946838378906,-0.32556092739105225,0.0,0.0,-0.21689389646053317,0.0,0.0
55.45,0.11185362935066225,0.12089782953262328,0.397462010383606,0.17802053689956665,-0.3091585040092468,0.0,0.0,-0.21233010292053223,0.0,0.0
55.463,0.09102547913789748,0.1234474703669548,1.1015429496765137,0.1303473562002182,-0.2902384400367737,0.0,0.0,-0.20415651798248288,0.0,0.0
55.476,0.07894746959209442,0.12068753689527512,1.8536734580993648,0.1368645280599594,-0.25894856452941895,0.0,0.0,-0.19474530220031736,0.0,0.0
55.49,0.09305107593536376,0.11966326087713242,2.278737783432007,0.12251578271389008,-0.22842141985893247,0.0,0.0,-0.18222728371620175,0.0,0.0
55.503,0.09095361828804016,0.12168145179748537,2.8207807540893555,0.13303802907466888,-0.18714860081672668,0.0,0.0,-0.16730032861232758,0.0,0.0
55.516,0.09422425925731659,0.1223939135670662,3.445928812026977,0.1204943060874939,-0.14527927339076996,0.0,0.0,-0.1540122777223587,0.0,0.0
55.53,0.09205114096403122,0.11604791134595872,3.5853254795074463,0.1342620849609375,-0.1009448543190956,0.0,0.0,-0.14129868149757385,0.0,0.0
55.543,0.0981755405664444,0.1023656129837036,2.69988751411438,0.13559187948703766,-0.07376355677843094,0.0,0.0,-0.1215132176876068,0.0,0.0
55.556,0.1072126254439354,0.08611974865198134,0.8824020624160767,0.16098304092884064,-0.03436550870537758,0.0,0.0,-0.09423772990703584,0.0,0.0
55.57,0.08632475137710571,0.060918670147657394,1.8644291162490845,0.12616585195064545,0.02339228242635727,0.0,0.0,-0.05143686756491661,0.0,0.0
55.583,0.09889529645442961,0.061528339982032776,-0.8592730164527893,0.15743157267570496,0.027867356315255165,0.0,0.0,-0.05143686756491661,0.0,0.0
55.596,0.09145387262105939,0.0552285872399807,3.152681589126587,0.1346467137336731,0.04950782656669617,0.0,0.0,-0.03972385823726655,0.0,0.0
55.61,0.10830195248126984,0.04075857996940613,2.497874021530152,0.18194603919982913,0.07738068699836731,0.0,0.0,-0.012682204134762287,0.0,0.0
55.623,0.09434696286916733,0.03778119757771492,-1.394917607307434,0.1906398683786392,0.08615191280841827,0.0,0.0,0.00020470237359404564,0.0,0.0
55.636,0.10427381098270416,0.037916526198387146,0.0799594447016716,0.17748066782951355,0.09420537203550337,0.0,0.0,0.00020470237359404564,0.0,0.0
55.65,0.09640877693891524,0.042688734829425805,2.789418458938598,0.12867628037929535,0.12285877764225006,0.0,0.0,0.0161835215985775,0.0,0.0
55.663,0.08811958134174347,0.04754582047462464,2.3495466709136963,0.1323559582233429,0.15276145935058594,0.0,0.0,0.0194706991314888,0.0,0.0
55.676,0.12929068505764008,0.04271379858255386,1.7812037467956543,0.16219666600227356,0.18070468306541443,0.0,0.0,0.021670859307050705,0.0,0.0
55.69,0.13841529190540314,0.025885937735438347,0.16493797302246094,0.189573347568512,0.18869182467460632,0.0,0.0,0.025590229779481888,0.0,0.0
55.703,0.14834195375442505,0.00974241178482771,-1.4805631637573242,0.220931276679039,0.18336078524589536,0.0,0.0,0.03196773678064346,0.0,0.0
55.716,0.15192744135856628,0.00309002585709095,-2.6985085010528564,0.2292490005493164,0.16387632489204407,0.0,0.0,0.03834181278944016,0.0,0.0
55.73,0.12056242674589156,0.007668037433177232,-1.9249738454818728,0.22005948424339292,0.14675477147102356,0.0,0.0,0.0418519489467144,0.0,0.0
55.743,0.1026199907064438,0.020917072892189022,0.1386556774377823,0.19224391877651212,0.13857010006904602,0.0,0.0,0.042511045932769775,0.0,0.0
55.756,0.11040326207876204,0.02869566716253757,0.7474648356437683,0.22315263748168945,0.13258612155914307,0.0,0.0,0.040470901876688,0.0,0.0
55.77,0.14459867775440216,0.011846451088786123,-1.1498005390167236,0.2422908842563629,0.09086444973945616,0.0,0.0,0.02752926759421825,0.0,0.0
55.783,0.11765678226947784,0.011661382392048836,0.18852841854095456,0.2235242575407028,0.09130392968654633,0.0,0.0,0.02752926759421825,0.0,0.0
55.796,0.13039948046207428,0.006534431129693985,-2.8184399604797363,0.23663854598999023,0.06974096596240997,0.0,0.0,0.021636975929141045,0.0,0.0
55.81,0.1254420429468155,0.005301840603351593,-2.660444021224976,0.19717216491699216,0.054493576288223274,0.0,0.0,0.005430598743259907,0.0,0.0
55.823,0.12133695930242538,0.0005108229815959929,1.048997163772583,0.2231013923883438,0.04472019523382186,0.0,0.0,0.0007422375492751598,0.0,0.0
55.836,0.12032486498355864,0.00034420937299728394,0.05554285645484924,0.1978739947080612,0.04635955765843392,0.0,0.0,0.0007422375492751598,0.0,0.0
55.85,0.1447291076183319,-0.014210451394319534,-2.8076372146606445,0.24742549657821652,0.003926467150449753,0.0,0.0,-0.005484923254698514,0.0,0.0
55.863,0.13138623535633087,-0.006890196353197098,-0.8989406824111937,0.20798575878143313,-0.010918289422988892,0.0,0.0,-0.01382708176970482,0.0,0.0
55.876,0.1139930859208107,0.011328574270009996,-0.7531538009643554,0.20229366421699524,-0.023325754329562187,0.0,0.0,-0.024585584178566933,0.0,0.0
55.89,0.14481766521930697,0.0314154252409935,0.7238560914993286,0.2011642307043076,-0.032700832933187485,0.0,0.0,-0.03508465737104416,0.0,0.0
55.903,0.11799390614032744,0.036401834338903434,0.23314207792282104,0.20243690907955167,-0.03139617666602135,0.0,0.0,-0.041381098330020905,0.0,0.0
55.916,0.09663501381874083,0.032719969749450684,1.0181559324264526,0.15987242758274078,-0.024201542139053345,0.0,0.0,-0.04172889888286591,0.0,0.0
55.93,0.07948909699916838,0.025169223546981808,1.0135259628295898,0.15666009485721588,-0.011410079896450044,0.0,0.0,-0.038968972861766815,0.0,0.0
55.943,0.1059490367770195,0.018291383981704712,1.6404743194580078,0.1654808074235916,0.005063425749540329,0.0,0.0,-0.032645948231220245,0.0,0.0
55.956,0.12356995791196825,0.011631205677986143,1.54683518409729,0.2002676427364349,0.028039908036589622,0.0,0.0,-0.024752259254455566,0.0,0.0
55.97,0.10392601788043976,0.005989182740449905,1.1754292249679563,0.18398496508598328,0.06315067410469055,0.0,0.0,-0.014814329333603382,0.0,0.0
55.983,0.12272916734218596,0.006349414587020874,-0.3591851592063904,0.200835183262825,0.06878295540809631,0.0,0.0,-0.014814329333603382,0.0,0.0
55.996,0.11947296559810638,0.00921906530857086,-0.22530680894851685,0.19858920574188232,0.07298696041107178,0.0,0.0,-0.010039851069450378,0.0,0.0
56.01,0.08336004614830017,0.01734893210232258,3.4163887500762935,0.195394366979599,0.10122200846672058,0.0,0.0,0.0027845404110848904,0.0,0.0
56.023,0.1059139519929886,0.010020025074481964,1.6700907945632937,0.1974478214979172,0.11053183674812316,0.0,0.0,0.011076352559030056,0.0,0.0
56.036,0.08696164190769196,0.010133270174264908,-0.7339353561401366,0.1977101564407349,0.12105491757392885,0.0,0.0,0.019008824601769447,0.0,0.0
56.05,0.11840274930000304,-0.010134458541870115,3.923335552215576,0.19923102855682373,0.14490048587322235,0.0,0.0,0.026190180331468586,0.0,0.0
56.063,0.09396296739578248,-0.015282735228538511,-0.3440441489219665,0.19529557228088376,0.16107836365699768,0.0,0.0,0.031570207327604294,0.0,0.0
56.076,0.12454919517040253,-0.01455075666308403,-0.17408038675785065,0.20266911387443545,0.16780340671539307,0.0,0.0,0.034960683435201645,0.0,0.0
56.09,0.11697504669427872,-0.004267561249434948,1.5868693590164185,0.21566006541252136,0.18411180377006528,0.0,0.0,0.03892531991004944,0.0,0.0
56.103,0.1269853413105011,0.005322801414877176,0.6553027629852295,0.20178337395191195,0.19810681045055387,0.0,0.0,0.044224698096513755,0.0,0.0
56.116,0.1152103915810585,0.009338644333183764,1.3807469606399536,0.19198776781558993,0.210495799779892,0.0,0.0,0.04930471628904343,0.0,0.0
56.13,0.14072370529174805,-0.0008204039186239241,0.38077867031097407,0.22788564860820767,0.2270108461380005,0.0,0.0,0.06913836300373077,0.0,0.0
56.143,0.1505359411239624,-0.010813777334988115,0.5114894509315491,0.2345046699047089,0.22891113162040713,0.0,0.0,0.06913836300373077,0.0,0.0
56.156,0.11650028824806212,-0.019812192767858505,1.026247262954712,0.23090715706348416,0.23590058088302607,0.0,0.0,0.08451968431472777,0.0,0.0
56.17,0.10627830028533936,-0.03220366686582565,2.9323801994323726,0.2289854437112808,0.24978339672088623,0.0,0.0,0.10180453956127168,0.0,0.0
56.183,0.11506101489067078,-0.03291062265634537,-1.1592752933502195,0.23200401663780207,0.25383245944976807,0.0,0.0,0.1136753261089325,0.0,0.0
56.196,0.11553401499986649,-0.042518075555562966,1.8074294328689573,0.2319137006998062,0.25790679454803467,0.0,0.0,0.1136753261089325,0.0,0.0
56.21,0.12330275774002077,-0.050635024905204766,3.095996618270874,0.21695017814636233,0.28514474630355835,0.0,0.0,0.12053598463535307,0.0,0.0
56.223,0.13946649432182312,-0.0428718775510788,-1.0794885158538818,0.26135420799255366,0.2831391394138336,0.0,0.0,0.12194707244634628,0.0,0.0
56.236,0.16823628544807434,-0.051265619695186615,0.3245260417461396,0.2801465094089508,0.2720766067504883,0.0,0.0,0.1292695552110672,0.0,0.0
56.25,0.16436274349689484,-0.0465051531791687,-3.2218949794769287,0.3101913332939148,0.24369511008262637,0.0,0.0,0.13306908309459686,0.0,0.0
56.263,0.1852394193410873,-0.04261521622538567,-1.9425339698791504,0.3034535348415375,0.21382796764373777,0.0,0.0,0.13043725490570068,0.0,0.0
56.276,0.16459964215755463,-0.04581854492425919,-0.3840459287166596,0.30173513293266296,0.19226786494255063,0.0,0.0,0.12296819686889648,0.0,0.0
56.29,0.15587018430233002,-0.03573597967624664,-2.166541337966919,0.2540588974952698,0.1853509545326233,0.0,0.0,0.1122984141111374,0.0,0.0
56.303,0.15024781227111816,-0.035884007811546326,1.8395662307739256,0.24692930281162265,0.198857456445694,0.0,0.0,0.10461267828941344,0.0,0.0
56.316,0.1455247402191162,-0.03374895453453064,2.3546330928802486,0.22910307347774503,0.22303760051727292,0.0,0.0,0.10608793050050735,0.0,0.0
56.33,0.1859290450811386,-0.0377546064555645,0.5005694627761841,0.24336406588554385,0.24573032557964325,0.0,0.0,0.10830490291118622,0.0,0.0
56.343,0.19544677436351776,-0.04434000700712204,-1.605751872062683,0.2774629592895508,0.24389763176441195,0.0,0.0,0.10830490291118622,0.0,0.0
56.356,0.2005108594894409,-0.053801566362380975,-1.5387542247772217,0.3214344382286072,0.23889246582984924,0.0,0.0,0.10893341898918152,0.0,0.0
56.37,0.19512522220611567,-0.05758260935544968,-0.7498466968536378,0.2763942778110504,0.2356211543083191,0.0,0.0,0.11632353812456132,0.0,0.0
56.383,0.1593889743089676,-0.0553385391831398,0.7739871740341185,0.26962023973464966,0.2479272335767746,0.0,0.0,0.115390807390213,0.0,0.0
56.396,0.16427403688430786,-0.04068732634186745,0.8691217303276062,0.24491503834724423,0.25111550092697144,0.0,0.0,0.115390807390213,0.0,0.0
56.41,0.19285494089126587,-0.026095392182469368,5.012572765350342,0.29526060819625854,0.3347992300987244,0.0,0.0,0.12837649881839752,0.0,0.0
56.423,0.20733091235160828,-0.034519050270318985,-1.1217126846313477,0.29454168677330017,0.3676939308643341,0.0,0.0,0.1362086683511734,0.0,0.0
56.436,0.18998619914054873,-0.033135008066892624,-0.056343711912631995,0.2866181433200836,0.36826217174530024,0.0,0.0,0.1362086683511734,0.0,0.0
56.45,0.2065141201019287,-0.03781275823712349,-1.0633472204208374,0.30612385272979736,0.35825252532958984,0.0,0.0,0.14398638904094696,0.0,0.0
56.463,0.17554745078086853,-0.03882778808474541,0.6152551770210266,0.3100611269474029,0.35728371143341064,0.0,0.0,0.15115326642990112,0.0,0.0
56.476,0.21359160542488095,-0.04310983419418335,0.7961824536323547,0.31400203704833984,0.36224091053009033,0.0,0.0,0.16163824498653412,0.0,0.0
56.49,0.20722031593322757,-0.044559039175510406,0.21722428500652316,0.2664933502674103,0.3679276704788208,0.0,0.0,0.1663680225610733,0.0,0.0
56.503,0.2204650640487671,-0.0464039072394371,0.23871101438999176,0.3193950355052948,0.3697203397750855,0.0,0.0,0.16874274611473083,0.0,0.0
56.516,0.21620863676071167,-0.042572487145662315,1.0782166719436646,0.3469507694244385,0.3674731850624085,0.0,0.0,0.175555482506752,0.0,0.0
56.53,0.21284963190555573,-0.050466712564229965,1.033912181854248,0.31626608967781067,0.3525749146938324,0.0,0.0,0.17546893656253815,0.0,0.0
56.543,0.2109976708889008,-0.04638734459877014,-0.3916550278663635,0.3400963842868805,0.3511051535606384,0.0,0.0,0.17546893656253815,0.0,0.0
56.556,0.2120023220777512,-0.049509651958942406,-0.5744609832763672,0.3197622895240784,0.3386802971363068,0.0,0.0,0.16536639630794525,0.0,0.0
56.57,0.2303071767091751,-0.036525733768939965,-1.1721253395080566,0.37243875861167913,0.2553665041923523,0.0,0.0,0.15959613025188446,0.0,0.0
56.583,0.24011947214603424,-0.03731271997094154,0.4190325736999512,0.3730168342590332,0.2551088035106659,0.0,0.0,0.15959613025188446,0.0,0.0
56.596,0.23749142885208127,-0.037655040621757514,-1.463909387588501,0.38358214497566223,0.1896401345729828,0.0,0.0,0.15576086938381195,0.0,0.0
56.61,0.23024572432041168,-0.04661732912063599,-5.1033430099487305,0.3597480654716492,0.08390531688928604,0.0,0.0,0.12922771275043488,0.0,0.0
56.623,0.24219834804534912,-0.04918406158685684,0.1865409314632416,0.39207589626312256,0.06614884734153748,0.0,0.0,0.11636154353618622,0.0,0.0
56.636,0.23391066491603849,-0.048187047243118286,0.5693988800048828,0.412945032119751,0.06574757397174835,0.0,0.0,0.11636154353618622,0.0,0.0
56.65,0.26821455359458923,-0.0375526025891304,-4.362521171569824,0.4071327745914459,0.0448155403137207,0.0,0.0,0.08902139961719513,0.0,0.0
56.663,0.2412932813167572,-0.0362485945224762,-3.2189915180206294,0.3579278588294983,0.03502236679196358,0.0,0.0,0.0676829144358635,0.0,0.0
56.676,0.23271216452121732,-0.036767501384019845,-1.6960227489471436,0.36241066455841053,0.022011470049619675,0.0,0.0,0.04855794459581375,0.0,0.0
56.69,0.2568325996398926,-0.03776489943265914,0.02007074654102325,0.3996068239212036,0.00959361158311367,0.0,0.0,0.03570950776338577,0.0,0.0
56.703,0.2365248054265976,-0.033641375601291656,-0.03868136554956436,0.3608386814594269,-0.011352399364113808,0.0,0.0,0.02535285428166389,0.0,0.0
56.716,0.25454452633857727,-0.027858057990670204,-1.7563766241073608,0.3651228845119476,-0.0517093800008297,0.0,0.0,0.009290407411754131,0.0,0.0
56.73,0.2267326861619949,-0.022514481097459797,-2.440417766571045,0.363156259059906,-0.18607567250728607,0.0,0.0,-0.02011197805404663,0.0,0.0
56.743,0.25183090567588806,-0.016849972307682037,-2.3356578350067134,0.3714998066425324,-0.19353680312633517,0.0,0.0,-0.02011197805404663,0.0,0.0
56.756,0.23450802266597748,-0.01286622043699026,-1.0025687217712402,0.33671325445175165,-0.35052153468132013,0.0,0.0,-0.02739562653005123,0.0,0.0
56.77,0.21995586156845093,-0.005284117069095373,1.6578037738800049,0.3383159041404724,-0.52764892578125,0.0,0.0,-0.037225041538476944,0.0,0.0
56.783,0.2134713977575302,-0.005373021587729454,-0.32513129711151123,0.3440197706222534,-0.28151595592498774,0.0,0.0,-0.038408130407333374,0.0,0.0
56.796,0.2488551884889603,0.005270680412650108,1.5538544654846191,0.3343387842178345,-0.2763046324253082,0.0,0.0,-0.038408130407333374,0.0,0.0
56.81,0.25842157006263733,0.0031519404146820307,1.2818318605422974,0.3327929973602295,-0.032191917300224304,0.0,0.0,-0.029502445831894875,0.0,0.0
56.823,0.24408176541328433,-0.004682756494730711,-0.11481038480997086,0.3161236047744751,-0.015147523954510689,0.0,0.0,-0.019931290298700333,0.0,0.0
56.836,0.2502939701080322,-0.011838475242257118,-0.44239491224288946,0.3321781456470489,0.003776165656745434,0.0,0.0,-0.01012534648180008,0.0,0.0
56.85,0.22671063244342804,-0.016255997121334076,1.9830653667449951,0.3346540629863739,0.03931589797139168,0.0,0.0,-0.0012042090529575944,0.0,0.0
56.863,0.2278110831975937,-0.0015676026232540607,1.1018619537353516,0.318467915058136,0.05981047451496124,0.0,0.0,0.006648125592619181,0.0,0.0
56.879,0.2429947406053543,0.006976771168410777,-0.14855721592903137,0.337207168340683,0.07215709984302522,0.0,0.0,0.012080212123692036,0.0,0.0
56.89,0.249851793050766,0.016664214432239532,0.9703955650329588,0.35291656851768494,0.07462431490421294,0.0,0.0,0.016001714393496513,0.0,0.0
56.903,0.2544327974319458,0.015966195613145828,-0.5072814226150513,0.38050439953804016,0.07244434952735902,0.0,0.0,0.023837976157665253,0.0,0.0
56.917,0.2403620481491089,0.017808375880122185,0.00043446198105812073,0.34118813276290894,0.07642194628715515,0.0,0.0,0.03449636325240135,0.0,0.0
56.93,0.23485679924488068,0.023243080824613568,0.5785544514656067,0.31309208273887634,0.10583613067865372,0.0,0.0,0.038913223892450326,0.0,0.0
56.943,0.22269976139068604,0.03161705657839775,1.6281312704086304,0.29973530769348145,0.11558724939823152,0.0,0.0,0.038913223892450326,0.0,0.0
56.957,0.24604584276676175,0.03414573520421982,1.6461501121520996,0.33591362833976746,0.11998358368873596,0.0,0.0,0.03980039432644844,0.0,0.0
56.97,0.25360351800918574,0.025181489065289497,-0.5895836353302002,0.3526066839694977,0.11005373299121857,0.0,0.0,0.04767074063420296,0.0,0.0
56.983,0.28284621238708496,0.02943060360848904,-0.8904126286506653,0.35343965888023376,0.11766962707042694,0.0,0.0,0.04947153478860855,0.0,0.0
56.997,0.25002312660217285,0.047385074198246,-1.8978698253631592,0.35442283749580383,0.11996771395206451,0.0,0.0,0.04947153478860855,0.0,0.0
57.01,0.2673236131668091,0.08181871473789215,-3.5453805923461914,0.3878667950630188,0.11970099806785583,0.0,0.0,0.03677386790513992,0.0,0.0
57.023,0.2447161823511124,0.07718073576688766,1.1725857257843018,0.3619561493396759,0.09681925177574156,0.0,0.0,0.03295081481337547,0.0,0.0
57.037,0.27661880850791926,0.08123820275068283,0.3671663403511048,0.36955195665359497,0.08150509744882582,0.0,0.0,0.02630350925028324,0.0,0.0
57.05,0.2649329602718353,0.0810277909040451,-2.627469539642334,0.35936504602432245,0.05246911570429802,0.0,0.0,0.014599618501961231,0.0,0.0
57.063,0.2801113426685333,0.0880671888589859,-2.9652307033538814,0.3878611922264099,0.03227897733449936,0.0,0.0,-0.0029154103249311447,0.0,0.0
57.077,0.24280214309692383,0.08734628558158873,-2.5948278903961186,0.3620549738407135,0.004984252154827118,0.0,0.0,-0.02108561247587204,0.0,0.0
57.09,0.26333174109458923,0.09083396196365356,-0.9397518634796143,0.3828834295272827,-0.0248415581882,0.0,0.0,-0.03543216362595558,0.0,0.0
57.103,0.23434136807918549,0.09531796723604202,-0.22132135927677157,0.3542802333831787,-0.053894851356744766,0.0,0.0,-0.04731331765651703,0.0,0.0
57.116,0.2577528953552246,0.1005871444940567,0.26338955760002136,0.3817058801651001,-0.0790776312351227,0.0,0.0,-0.05708260834217072,0.0,0.0
57.13,0.2506670653820038,0.09426484256982803,-0.57867431640625,0.3774857819080353,-0.10664655268192293,0.0,0.0,-0.06660820543766022,0.0,0.0
57.143,0.2697947323322296,0.08474560081958771,-0.5953481197357178,0.3936730623245239,-0.11777900904417038,0.0,0.0,-0.06660820543766022,0.0,0.0
57.156,0.2526150941848755,0.07592026144266129,-0.84201580286026,0.37266305088996887,-0.13530156016349792,0.0,0.0,-0.06923069059848785,0.0,0.0
57.17,0.24881432950496676,0.08358085155487059,-0.2181691974401474,0.34661298990249634,-0.16096729040145874,0.0,0.0,-0.07573503255844115,0.0,0.0
57.183,0.23263226449489596,0.08298797160387038,0.04854630678892136,0.32968631386756897,-0.1645713746547699,0.0,0.0,-0.07573503255844115,0.0,0.0
57.197,0.24271444976329803,0.0879882127046585,-0.3281531631946564,0.3281517624855041,-0.17006203532218933,0.0,0.0,-0.082990363240242,0.0,0.0
57.21,0.2529130280017853,0.08205699175596237,-1.755650758743286,0.32371392846107483,-0.18500292301177976,0.0,0.0,-0.10058709233999252,0.0,0.0
57.223,0.26890122890472407,0.08721703290939331,0.1742212027311325,0.3481224179267884,-0.1860893666744232,0.0,0.0,-0.10387547314167024,0.0,0.0
57.237,0.2568998634815216,0.08640465140342712,0.01334846019744873,0.32738012075424194,-0.18920791149139404,0.0,0.0,-0.10387547314167024,0.0,0.0
57.25,0.2674376964569092,0.09714563190937042,-2.138937473297119,0.3226095736026764,-0.19760364294052124,0.0,0.0,-0.10328514128923416,0.0,0.0
57.263,0.23729105293750763,0.09518557041883469,-0.9714022278785704,0.320150762796402,-0.20969046652317047,0.0,0.0,-0.1066596657037735,0.0,0.0
57.277,0.24344299733638763,0.0998358279466629,1.5749411582946775,0.33636265993118286,-0.2046971619129181,0.0,0.0,-0.10250674188137054,0.0,0.0
57.29,0.21640947461128235,0.10401293635368349,0.7552083134651184,0.28987136483192444,-0.1937301456928253,0.0,0.0,-0.09558525681495665,0.0,0.0
57.303,0.23709912598133087,0.1079438254237175,0.019503012299537655,0.2762584686279297,-0.17813020944595337,0.0,0.0,-0.0942535698413849,0.0,0.0
57.317,0.2035280615091324,0.0974288135766983,-0.2847338020801544,0.2843385934829712,-0.1530667245388031,0.0,0.0,-0.09177317470312119,0.0,0.0
57.33,0.23833690583705905,0.08324021846055984,2.5883591175079346,0.31356269121170044,-0.1157219260931015,0.0,0.0,-0.08107773959636688,0.0,0.0
57.343,0.23851400613784793,0.07436680793762207,1.2817041873931885,0.289793461561203,-0.10247792303562164,0.0,0.0,-0.0711418017745018,0.0,0.0
57.357,0.24481810629367828,0.07796557247638702,-0.31233483552932734,0.28442132472991943,-0.09003898501396179,0.0,0.0,-0.07029305398464203,0.0,0.0
57.37,0.2630934417247772,0.08325411379337312,-1.0205934047698977,0.3179563283920288,-0.07947879284620285,0.0,0.0,-0.05848223716020584,0.0,0.0
57.383,0.2446422427892685,0.0732295960187912,-0.17466153204441073,0.3113764524459839,-0.08763892948627472,0.0,0.0,-0.05421847105026245,0.0,0.0
57.397,0.2510446012020111,0.08121976256370544,-1.9881627559661863,0.32553789019584656,-0.08729620277881622,0.0,0.0,-0.05421847105026245,0.0,0.0
57.41,0.23033951222896576,0.09485360234975815,3.01118540763855,0.294922947883606,-0.10882488638162612,0.0,0.0,-0.046054676175117486,0.0,0.0
57.423,0.2028791308403015,0.121800996363163,2.488680839538574,0.30525878071784973,-0.09718153625726701,0.0,0.0,-0.04078049957752228,0.0,0.0
57.436,0.1802251935005188,0.12035960704088212,-1.0989892482757568,0.2623296976089477,-0.08450665324926376,0.0,0.0,-0.03810090571641921,0.0,0.0
57.45,0.17434482276439667,0.13065549731254578,0.6682153344154358,0.2770659625530243,-0.06729699671268463,0.0,0.0,-0.04011097550392151,0.0,0.0
57.463,0.20302462577819824,0.12721136212348938,-2.6714110374450684,0.2762797474861145,-0.06901253759860992,0.0,0.0,-0.053910575807094574,0.0,0.0
57.477,0.22903329133987427,0.12716342508792877,-2.747671604156494,0.3202488422393799,-0.07167229056358337,0.0,0.0,-0.07233718037605284,0.0,0.0
57.49,0.2224499434232712,0.11778906732797624,-0.1079075038433075,0.30514201521873474,-0.08424775302410124,0.0,0.0,-0.08132459968328477,0.0,0.0
57.504,0.20754109323024753,0.11163285374641418,2.260406494140625,0.3272978663444519,-0.10278493165969849,0.0,0.0,-0.08317700028419495,0.0,0.0
57.517,0.211838960647583,0.1225784569978714,1.7747445106506348,0.33016061782836914,-0.11235804855823515,0.0,0.0,-0.07893936336040495,0.0,0.0
57.53,0.2168320119380951,0.14025413990020752,-0.40671339631080633,0.3680790662765503,-0.12201385200023653,0.0,0.0,-0.07211485505104065,0.0,0.0
57.544,0.2215572893619537,0.1451703906059265,-4.056996822357178,0.376620888710022,-0.12968963384628296,0.0,0.0,-0.07211485505104065,0.0,0.0
57.557,0.22726817429065704,0.14765344560146332,-6.6700849533081055,0.4023789763450623,-0.19835208356380463,0.0,0.0,-0.08673897385597229,0.0,0.0
57.57,0.2119150012731552,0.14912621676921844,-5.256865978240967,0.3788309097290039,-0.29105603694915766,0.0,0.0,-0.10110004991292952,0.0,0.0
57.584,0.1827852874994278,0.1671494096517563,0.010105222463607788,0.325579047203064,-0.2862406373023987,0.0,0.0,-0.11149537563323976,0.0,0.0
57.597,0.20718581974506375,0.18513923883438113,1.0690391063690186,0.3656711876392365,-0.27909037470817566,0.0,0.0,-0.11149537563323976,0.0,0.0
57.61,0.1735096275806427,0.1965613514184952,-3.9126789569854736,0.35384687781333923,-0.2783665657043457,0.0,0.0,-0.12300640344619752,0.0,0.0
57.624,0.15409483015537262,0.2045263797044754,-0.118163600564003,0.33563563227653503,-0.30540746450424194,0.0,0.0,-0.12513373792171478,0.0,0.0
57.637,0.18914595246315,0.22254398465156555,2.309443473815918,0.33391088247299194,-0.33175098896026606,0.0,0.0,-0.1301851123571396,0.0,0.0
57.65,0.22532668709754944,0.22695572674274445,-3.627985954284668,0.3799996078014374,-0.3708255887031555,0.0,0.0,-0.1388830542564392,0.0,0.0
57.664,0.2601049542427063,0.2660965621471405,-2.911982536315918,0.38133466243743896,-0.40956187248229986,0.0,0.0,-0.15255120396614075,0.0,0.0
57.677,0.2276123613119125,0.27458634972572327,-1.5024057626724243,0.3743921220302582,-0.44774004817008967,0.0,0.0,-0.16904380917549133,0.0,0.0
57.69,0.19505207240581512,0.3080978989601136,-9.930158615112305,0.31768643856048584,-0.5072871446609497,0.0,0.0,-0.17951011657714844,0.0,0.0
57.704,0.18176023662090304,0.2991350293159485,3.0425949096679688,0.2902833819389344,-0.5444899797439575,0.0,0.0,-0.17972278594970703,0.0,0.0
57.717,0.1699938923120499,0.2861140966415405,2.995790481567383,0.2301549315452576,-0.5784286260604857,0.0,0.0,-0.1713811755180359,0.0,0.0
57.73,0.1602625548839569,0.28070345520973206,3.1444966793060303,0.18537984788417816,-0.5956496000289917,0.0,0.0,-0.14527255296707153,0.0,0.0
57.744,0.14980438351631165,0.277142733335495,3.717993021011353,0.1782805621623993,-0.6017335653305054,0.0,0.0,-0.14527255296707153,0.0,0.0
57.757,0.13975746929645538,0.22179177403450007,4.59354543685913,0.1292475163936615,-0.5622150897979736,0.0,0.0,-0.1301748752593994,0.0,0.0
57.77,0.12571583688259125,0.17380063235759735,4.544147968292236,0.08882750570774078,-0.43293911218643194,0.0,0.0,-0.1365232765674591,0.0,0.0
57.784,0.11300284415483476,0.17230957746505737,-2.559823036193848,0.05451945215463638,-0.37460523843765253,0.0,0.0,-0.1365232765674591,0.0,0.0
57.797,0.09492316097021104,0.21858398616313932,3.4321165084838867,0.02752595394849777,-0.33614861965179443,0.0,0.0,-0.15085139870643616,0.0,0.0
57.81,0.1030558943748474,0.239856481552124,9.95491313934326,0.03815922141075134,-0.2490403801202774,0.0,0.0,-0.14807194471359253,0.0,0.0
57.824,0.10355430096387865,0.20479547977447513,-2.5483577251434326,0.0559082068502903,-0.2288954854011536,0.0,0.0,-0.122176431119442,0.0,0.0
57.837,0.10332203656435011,0.20433294773101807,-0.9175730943679808,0.07702989876270294,-0.22395497560501096,0.0,0.0,-0.122176431119442,0.0,0.0
57.85,0.07900068163871765,0.09751277416944505,2.3597676753997803,0.07676232606172562,-0.1769079864025116,0.0,0.0,-0.04914297163486481,0.0,0.0
57.864,0.04698773100972176,0.07397325336933136,5.131180763244629,0.06435679644346237,-0.17630404233932495,0.0,0.0,0.003921667113900185,0.0,0.0
57.877,0.053489826619625085,0.006699137389659882,8.105413436889648,0.1214815080165863,-0.1331009417772293,0.0,0.0,0.04409293457865715,0.0,0.0
57.891,0.05479133874177933,-0.022090736776590347,5.756163120269776,0.13377392292022705,-0.0658406913280487,0.0,0.0,0.040209613740444176,0.0,0.0
57.904,0.046146705746650696,0.031125081703066822,0.5010154247283936,0.1340666115283966,-0.03483403101563454,0.0,0.0,0.04740540310740471,0.0,0.0
57.917,0.06976136565208435,0.055958762764930725,-0.107596255838871,0.15292169153690338,0.0081376563757658,0.0,0.0,0.07551066577434541,0.0,0.0
57.93,0.11022070050239564,0.09728539735078813,-0.4976252019405365,0.172902449965477,0.0617474541068077,0.0,0.0,0.06268444657325745,0.0,0.0
57.944,0.11380889266729356,0.18729817867279053,-5.72503662109375,0.1897483319044113,0.07881926745176315,0.0,0.0,-0.006033645942807198,0.0,0.0
57.957,0.1145620048046112,0.29698824882507324,-8.985906600952147,0.2009873241186142,0.023500565439462665,0.0,0.0,-0.07898449152708052,0.0,0.0
57.97,0.09137865155935287,0.3051058351993561,-6.448141098022461,0.18588066101074216,-0.050259098410606384,0.0,0.0,-0.08271545171737672,0.0,0.0
57.984,0.06568770855665207,0.301875114440918,2.139149904251098,0.16925500333309174,-0.03607834875583649,0.0,0.0,-0.08271545171737672,0.0,0.0
57.997,0.048009052872657776,0.253109097480774,2.514478206634521,0.13787204027175903,-0.020643707364797592,0.0,0.0,-0.052039917558431625,0.0,0.0
58.01,0.038963750004768365,0.2153834104537964,14.129833221435549,0.11446595937013626,0.014770212583243849,0.0,0.0,-0.02630654163658619,0.0,0.0
58.024,0.033075276762247086,0.1894831955432892,0.4805445671081543,0.08389878273010254,0.021035490557551384,0.0,0.0,-0.019349489361047745,0.0,0.0
58.037,0.04009322822093964,0.1893179565668106,-0.8249924182891845,0.06888914853334427,0.053794372826814645,0.0,0.0,-0.019349489361047745,0.0,0.0
58.05,0.04228544235229492,0.15180668234825134,-1.9889479875564573,0.08859246224164963,0.09610591828823088,0.0,0.0,-0.014871729537844658,0.0,0.0
58.064,0.030111687257885933,0.10989924520254137,-1.1795036792755127,0.09104418009519576,0.15393182635307312,0.0,0.0,-0.012587190605700016,0.0,0.0
58.078,0.03458211570978165,0.07941173017024995,1.7132450342178345,0.07063402235507965,0.19440224766731265,0.0,0.0,-0.008682334795594214,0.0,0.0
58.091,0.07800379395484924,0.04670220613479614,3.761685848236084,0.1160927340388298,0.22465020418167117,0.0,0.0,0.003796064760535955,0.0,0.0
58.104,0.12114395201206209,0.010210238397121428,3.6418285369873047,0.1688406765460968,0.2590828835964203,0.0,0.0,0.027301780879497528,0.0,0.0
58.117,0.13195641338825226,-0.009230412542819977,1.3677502870559692,0.1860059499740601,0.29176241159439087,0.0,0.0,0.05599426478147507,0.0,0.0
58.13,0.0921889543533325,0.00732889026403427,0.7844650745391845,0.14615178108215332,0.31037887930870056,0.0,0.0,0.08149971812963484,0.0,0.0
58.144,0.052185408771038055,0.04599737748503685,0.9660534262657164,0.138684019446373,0.31301319599151606,0.0,0.0,0.09658192098140717,0.0,0.0
58.157,0.045867785811424255,0.07793550193309784,1.807807683944702,0.11212630569934844,0.29872986674308777,0.0,0.0,0.0989006459712982,0.0,0.0
58.17,0.057161793112754815,0.05591486394405365,11.310730934143066,0.0840400829911232,0.36019599437713623,0.0,0.0,0.07178881764411926,0.0,0.0
58.184,0.07533128559589386,0.0529353991150856,-3.825841903686523,0.06441615521907806,0.35957235097885126,0.0,0.0,0.07178881764411926,0.0,0.0
58.197,0.11870122700929642,-0.05070750415325165,-0.8805535435676575,0.10506270825862885,0.46051275730133057,0.0,0.0,0.05675486475229263,0.0,0.0
58.21,0.12665750086307526,-0.12599915266036987,-12.229978561401367,0.159641295671463,0.506708025932312,0.0,0.0,0.1143159195780754,0.0,0.0
58.224,0.13405704498291016,-0.1338050216436386,3.821079254150391,0.21027658879756927,0.5046437978744507,0.0,0.0,0.15546222031116486,0.0,0.0
58.237,0.1410180926322937,-0.13405317068099976,-0.11971928179264069,0.2607791721820832,0.5035609006881714,0.0,0.0,0.15546222031116486,0.0,0.0
58.25,0.1016937792301178,-0.050188787281513214,8.123694419860838,0.25512057542800903,0.4330010414123535,0.0,0.0,0.16833291947841644,0.0,0.0
58.264,0.06595096737146378,0.010325662791728972,6.146589279174805,0.23739665746688843,0.39453479647636414,0.0,0.0,0.17205655574798584,0.0,0.0
58.277,0.06015561148524285,0.03352728486061096,5.245851039886475,0.18636703491210935,0.3807992935180664,0.0,0.0,0.17164725065231323,0.0,0.0
58.291,0.0536927804350853,0.0030678287148475647,5.511651039123535,0.13445347547531128,0.44525215029716486,0.0,0.0,0.16967880725860596,0.0,0.0
58.304,0.048850357532501214,-0.061856098473072045,4.999011516571045,0.09299185127019882,0.5864806175231934,0.0,0.0,0.16829469799995422,0.0,0.0
58.317,0.047854971140623086,-0.13532669842243197,2.216423273086548,0.07431784272193907,0.7321152687072755,0.0,0.0,0.16210196912288666,0.0,0.0
58.33,0.04088880866765976,-0.23686763644218445,-0.6958320736885071,0.04921701550483704,0.8126868009567261,0.0,0.0,0.1377214789390564,0.0,0.0
58.344,0.03287302702665329,-0.28526368737220764,-6.011579036712647,-0.007080193608999252,0.8133767843246461,0.0,0.0,0.1377214789390564,0.0,0.0
58.357,0.06075276434421539,-0.3434751033782959,-3.262292623519897,0.058812689036130905,0.8429727554321289,0.0,0.0,0.11564673483371736,0.0,0.0
58.37,0.07789544761180876,-0.35473379492759705,-3.0697031021118164,0.12088776379823685,0.3570591807365417,0.0,0.0,0.06931290775537491,0.0,0.0
58.384,0.09442790597677232,-0.347930520772934,-5.810044765472412,0.18344810605049133,-0.15636911988258362,0.0,0.0,0.08135116100311278,0.0,0.0
58.397,0.11170745640993118,-0.29819875955581665,6.957484722137451,0.24580183625221247,-0.1704140603542328,0.0,0.0,0.08135116100311278,0.0,0.0
58.41,0.12427506595849992,-0.10352352261543274,-20.35606575012207,0.2890651822090149,0.114549458026886,0.0,0.0,0.14489717781543732,0.0,0.0
58.424,0.1334274262189865,-0.048034340143203735,-9.035391807556152,0.2834424078464508,0.1318110227584839,0.0,0.0,0.14851418137550354,0.0,0.0
58.437,0.13920387625694275,-0.0732722356915474,-3.478031635284424,0.27617761492729187,0.014267377555370333,0.0,0.0,0.1343577206134796,0.0,0.0
58.45,0.14477460086345673,0.01937274634838104,5.035586357116699,0.285758912563324,-0.06973437964916229,0.0,0.0,0.12386483699083328,0.0,0.0
58.464,0.18645502626895905,0.02369203418493271,5.6553168296813965,0.2983154058456421,-0.10049313306808472,0.0,0.0,0.11303985118865968,0.0,0.0
58.477,0.2276389300823212,0.014200419187545776,-4.890425682067871,0.3464275896549225,-0.11979430913925172,0.0,0.0,0.08868923038244246,0.0,0.0
58.49,0.26983073353767395,0.013811539858579636,-1.727408528327942,0.3823269307613373,-0.1399204581975937,0.0,0.0,0.05626284331083298,0.0,0.0
58.504,0.26177191734313965,0.04126458615064621,-10.175893783569336,0.34902364015579224,-0.15535017848014832,0.0,0.0,0.023322757333517075,0.0,0.0
58.517,0.252726674079895,0.06617869436740875,-5.018364906311035,0.2963941097259521,-0.15857180953025818,0.0,0.0,-0.008132230490446089,0.0,0.0
58.53,0.21531732380390167,0.07175911962985992,-1.044758915901184,0.3020656704902649,-0.16869500279426575,0.0,0.0,-0.03909580409526825,0.0,0.0
58.544,0.22279241681098935,0.07095932215452194,0.47336685657501215,0.3000081777572632,-0.1994521915912628,0.0,0.0,-0.06936565041542053,0.0,0.0
58.557,0.23147022724151609,0.07652594149112701,-0.9052349328994752,0.34011387825012207,-0.23399341106414795,0.0,0.0,-0.09201005846261978,0.0,0.0
58.57,0.21510739624500275,0.10533823817968369,-3.9504652023315434,0.36282575130462646,-0.2965729236602783,0.0,0.0,-0.103349007666111,0.0,0.0
58.584,0.23437841236591336,0.10728216171264648,1.6230918169021606,0.34754320979118347,-0.3129599690437317,0.0,0.0,-0.10028145462274551,0.0,0.0
58.597,0.2292005717754364,0.08928246051073073,0.8120823502540588,0.29784855246543884,-0.342101514339447,0.0,0.0,-0.10028145462274551,0.0,0.0
58.61,0.2339245527982712,0.062155183404684074,2.5166172981262207,0.3116590082645416,-0.3947240114212036,0.0,0.0,-0.096714586019516,0.0,0.0
58.624,0.2741859555244446,0.03637779876589775,-3.063835859298706,0.30641329288482666,-0.40392148494720453,0.0,0.0,-0.10250051319599152,0.0,0.0
58.637,0.31440189480781555,0.05669792369008064,-0.5308818221092224,0.3540718257427216,-0.37358731031417847,0.0,0.0,-0.1148604452610016,0.0,0.0
58.65,0.2801538407802582,0.10770270228385924,-12.608062744140623,0.3031448423862457,-0.3683827817440033,0.0,0.0,-0.1255951225757599,0.0,0.0
58.664,0.2625781297683716,0.1295364946126938,1.3323324918746948,0.3032999336719513,-0.3727791607379913,0.0,0.0,-0.13413049280643463,0.0,0.0
58.677,0.2408444434404373,0.11346431076526642,-0.05660131573677063,0.26284518837928766,-0.39324802160263056,0.0,0.0,-0.14703702926635742,0.0,0.0
58.69,0.2531011998653412,0.1176282837986946,-1.3203608989715576,0.26346555352211,-0.4049702882766724,0.0,0.0,-0.1627897322177887,0.0,0.0
58.706,0.2077955007553101,0.08554866164922714,-2.62524676322937,0.2532610595226288,-0.36825841665267933,0.0,0.0,-0.1700257509946823,0.0,0.0
58.718,0.215304970741272,0.06773524731397629,-2.6865084171295166,0.3019064962863922,-0.259580671787262,0.0,0.0,-0.16662104427814484,0.0,0.0
58.731,0.17532403767108917,0.0502285435795784,-4.384922027587891,0.2978591024875641,-0.06860578060150146,0.0,0.0,-0.1650094836950302,0.0,0.0
58.744,0.15918847918510437,0.04644396901130676,-2.270693302154541,0.24262727797031405,-0.10498104989528656,0.0,0.0,-0.17241014540195465,0.0,0.0
58.758,0.1455182433128357,0.06511057168245316,0.9874663949012755,0.187702938914299,-0.11096127331256866,0.0,0.0,-0.1800304353237152,0.0,0.0
58.772,0.1342245787382126,0.161689430475235,3.660991668701172,0.16829803586006165,-0.39705350995063776,0.0,0.0,-0.18068064749240875,0.0,0.0
58.785,0.12131236493587494,0.1681380569934845,0.18147714436054233,0.12848548591136932,-0.4905038475990296,0.0,0.0,-0.18641279637813568,0.0,0.0
58.798,0.1089957132935524,0.16640587151050568,-0.9610164761543274,0.09488197416067123,-0.4759630262851715,0.0,0.0,-0.18641279637813568,0.0,0.0
58.812,0.12686355412006378,0.09186385571956633,4.533439159393311,0.14392152428627014,-0.41503846645355225,0.0,0.0,-0.1739559769630432,0.0,0.0
58.825,0.1332457959651947,0.09588109701871873,-3.6549947261810303,0.1708836853504181,-0.3914524912834168,0.0,0.0,-0.17270880937576294,0.0,0.0
58.838,0.1380937546491623,0.10788761079311372,-3.9783461093902583,0.21128232777118683,-0.4039544463157654,0.0,0.0,-0.16676771640777588,0.0,0.0
58.852,0.14319804310798645,0.11461265385150908,-0.6549328565597534,0.21738414466381076,-0.4225093126296997,0.0,0.0,-0.14939092099666595,0.0,0.0
58.865,0.096567802131176,0.1285841166973114,1.5922095775604248,0.1615552008152008,-0.4087880551815033,0.0,0.0,-0.13422515988349917,0.0,0.0
58.878,0.06037649884819984,0.16781960427761078,1.957590103149414,0.13592612743377686,-0.3955977857112885,0.0,0.0,-0.12932851910591123,0.0,0.0
58.892,0.09588859230279921,0.21339754760265353,2.73125433921814,0.15615057945251465,-0.34704065322875977,0.0,0.0,-0.13141900300979614,0.0,0.0
58.905,0.1342005729675293,0.22457468509674072,0.6130579710006714,0.1798422485589981,-0.3480195105075836,0.0,0.0,-0.13277222216129303,0.0,0.0
58.918,0.0952380895614624,0.18860989809036252,-0.7307074666023254,0.16380929946899414,-0.3152931034564972,0.0,0.0,-0.12592080235481262,0.0,0.0
58.932,0.06960417330265045,0.105157271027565,-1.8419823646545408,0.12127305567264555,-0.28960227966308594,0.0,0.0,-0.08481010049581526,0.0,0.0
58.945,0.0484168715775013,0.10003931820392609,1.3195863962173462,0.09163430333137512,-0.2750779688358307,0.0,0.0,-0.08481010049581526,0.0,0.0
58.958,0.0676719918847084,0.08951137959957123,-5.747657299041748,0.09459168463945389,-0.30639973282814026,0.0,0.0,-0.0694752186536789,0.0,0.0
58.972,0.028535619378089905,0.09132348001003264,-1.4808989763259888,0.06627701222896576,-0.23020994663238523,0.0,0.0,-0.05059307441115379,0.0,0.0
58.985,0.021573472768068317,0.06357027590274811,6.9220190048217765,0.035811495035886765,-0.1690278798341751,0.0,0.0,-0.03497302904725075,0.0,0.0
58.998,-0.007889123633503916,0.053982511162757874,-2.1159141063690186,0.0001840155600802973,-0.13458196818828583,0.0,0.0,-0.03497302904725075,0.0,0.0
59.012,-0.0099647119641304,-0.05270780250430107,19.754175186157227,-0.03138153627514839,-0.026078607887029648,0.0,0.0,0.0018616095185279848,0.0,0.0
59.025,0.013019784353673458,-0.07995382696390152,4.106001377105713,0.022878598421812057,0.03382643312215805,0.0,0.0,0.009989681653678415,0.0,0.0
59.038,0.01933492347598076,-0.09763450920581816,1.435580849647522,0.07494612783193587,0.04390941932797432,0.0,0.0,0.014110828749835491,0.0,0.0
59.052,0.029591713100671768,-0.10330367833375932,-3.989924430847168,0.1170906126499176,-0.0035304836928844448,0.0,0.0,0.020426504313945767,0.0,0.0
59.065,0.018710259348154068,-0.09128950536251068,-5.786282539367676,0.08710205554962158,-0.05584995076060295,0.0,0.0,0.022013643756508827,0.0,0.0
59.078,0.006939017213881016,-0.047026734799146645,0.7958940863609314,0.0371667705476284,-0.04212212562561035,0.0,0.0,0.012427160516381264,0.0,0.0
59.092,-0.0015357739757746458,0.012732412666082382,6.334309577941895,-0.01244620606303215,0.113606758415699,0.0,0.0,-0.01905715838074684,0.0,0.0
59.105,-0.010015816427767277,0.025405865162611008,8.744325637817383,-0.06213019788265228,0.1575455218553543,0.0,0.0,-0.01905715838074684,0.0,0.0
59.118,0.009787441231310368,-0.04620418697595596,7.435600280761719,-0.07832113653421402,0.29443883895874023,0.0,0.0,-0.028516503050923347,0.0,0.0
59.132,0.012090429663658142,-0.2752182483673096,5.750555515289307,-0.03568509966135025,0.4288822412490845,0.0,0.0,-0.02352522313594818,0.0,0.0
59.145,0.017175991088151932,-0.2714610993862152,-1.2810620069503784,0.016449440270662308,0.5577254295349121,0.0,0.0,0.014926875941455364,0.0,0.0
59.158,0.023428468033671376,-0.30526754260063166,-3.439926862716675,0.07108765840530396,0.55972158908844,0.0,0.0,0.014926875941455364,0.0,0.0
59.172,0.030057309195399284,-0.2505515217781067,-17.00319480895996,0.13129284977912903,0.33763864636421204,0.0,0.0,0.06735870242118835,0.0,0.0
59.185,0.035550814121961594,-0.16076871752738953,-5.5425639152526855,0.1800905019044876,0.17019014060497284,0.0,0.0,0.0715414360165596,0.0,0.0
59.198,0.04111704975366592,-0.16027946770191193,3.63614559173584,0.23125612735748288,0.09536244720220563,0.0,0.0,0.0715414360165596,0.0,0.0
59.212,0.02840908989310265,0.040221702307462685,-7.634984493255614,0.24702975153923035,-0.01809443160891533,0.0,0.0,0.023560050874948505,0.0,0.0
59.225,0.044557083398103714,0.09415605664253235,7.646302223205566,0.2170205116271973,-0.05941813811659813,0.0,0.0,-0.012758005410432816,0.0,0.0
59.238,0.06707559525966644,0.09430192410945891,4.0684494972229,0.2509979605674744,-0.0930638387799263,0.0,0.0,-0.04124148190021514,0.0,0.0
59.252,0.06323985755443573,0.04766325280070305,0.8992804288864135,0.2079315036535263,-0.14462190866470337,0.0,0.0,-0.061485905200243,0.0,0.0
59.265,0.05361348018050194,-0.0007697641849517822,0.05520991981029511,0.15961100161075592,-0.1472821682691574,0.0,0.0,-0.07691644877195358,0.0,0.0
59.278,0.04497576504945755,-0.015903707593679428,0.07492471486330032,0.15280094742774963,-0.15562881529331207,0.0,0.0,-0.09073857218027115,0.0,0.0
59.292,0.0374162383377552,-0.0066277049481868735,-0.44321519136428833,0.11630122363567352,-0.17508330941200256,0.0,0.0,-0.10305026173591614,0.0,0.0
59.305,0.03069809265434742,0.006268389523029328,-1.8704152107238767,0.13832370936870575,-0.17099705338478088,0.0,0.0,-0.11326349526643752,0.0,0.0
59.318,0.01991005055606365,0.019014647230505943,-2.4008955955505367,0.11024008691310884,-0.17009758949279785,0.0,0.0,-0.1252894401550293,0.0,0.0
59.332,0.02361766248941421,0.010965747758746147,-3.2371568679809566,0.11743168532848358,-0.1563849300146103,0.0,0.0,-0.1479337215423584,0.0,0.0
59.345,0.028624659404158592,0.011261159554123878,1.4182201623916626,0.1561918556690216,-0.15043450891971588,0.0,0.0,-0.1479337215423584,0.0,0.0
59.358,-0.01029101386666298,-0.0012682192027568815,-0.7247714400291443,0.11644313484430312,-0.1494363397359848,0.0,0.0,-0.14891168475151062,0.0,0.0
59.372,-0.018112318590283397,0.040490865707397454,1.2220535278320312,0.12636122107505798,-0.13279244303703308,0.0,0.0,-0.14123639464378357,0.0,0.0
59.385,-0.0315081961452961,0.054550256580114365,2.6918861865997314,0.0865141823887825,-0.11229583621025084,0.0,0.0,-0.13011272251605988,0.0,0.0
59.398,-0.009997518733143806,0.05727867782115936,-0.9952431321144104,0.10466452687978745,-0.10038135200738908,0.0,0.0,-0.13011272251605988,0.0,0.0
59.412,-0.015187526121735573,0.04921829327940941,11.047725677490234,0.09050330519676208,-0.0406782180070877,0.0,0.0,-0.0881199911236763,0.0,0.0
59.425,-0.02022872678935528,0.03739117458462715,2.7398669719696045,0.06153346970677376,0.003012578003108501,0.0,0.0,-0.06716152280569077,0.0,0.0
59.438,-0.028854932636022568,0.02785956673324108,4.594855785369873,0.03334307670593262,0.05757511407136917,0.0,0.0,-0.04893771559000015,0.0,0.0
59.452,-0.03192809224128723,0.023139275610446926,4.975746154785156,0.02590859122574329,0.10867148637771606,0.0,0.0,-0.027877237647771835,0.0,0.0
59.465,0.00988735631108284,0.01908514462411404,5.159243106842041,0.07641816884279251,0.16593493521213531,0.0,0.0,-0.004141435958445072,0.0,0.0
59.478,0.03221632540225983,0.018565837293863297,3.545939445495605,0.0786987841129303,0.2174462378025055,0.0,0.0,0.016338836401700974,0.0,0.0
59.492,0.005456088576465845,0.027843711897730827,4.558348655700684,0.028776420280337334,0.2856801748275757,0.0,0.0,0.055895689874887466,0.0,0.0
59.505,-0.018290499225258827,0.042344532907009125,2.7953450679779053,0.04365535452961922,0.30465835332870483,0.0,0.0,0.055895689874887466,0.0,0.0
59.518,-0.005011884029954672,0.0519917868077755,4.755833625793457,0.042467523366212845,0.36327818036079407,0.0,0.0,0.07423675060272218,0.0,0.0
59.532,0.006620400585234165,0.07767215371131897,2.572539091110229,0.09952162206172945,0.4435045719146729,0.0,0.0,0.11696237325668336,0.0,0.0
59.545,0.017901701852679253,0.05485205724835396,-0.823546528816223,0.15265214443206787,0.459321528673172,0.0,0.0,0.13919220864772797,0.0,0.0
59.558,0.030052265152335167,0.04016633704304695,0.4524092972278595,0.15737518668174744,0.46446344256401056,0.0,0.0,0.13919220864772797,0.0,0.0
59.572,0.04144834727048874,0.03425747901201248,-3.3140156269073486,0.20530183613300323,0.4461368918418884,0.0,0.0,0.17824135720729828,0.0,0.0
59.585,0.051088716834783554,0.015882372856140137,-3.228882312774658,0.23148931562900543,0.4227403998374939,0.0,0.0,0.1993418335914612,0.0,0.0
59.598,0.060428641736507416,0.01897093467414379,3.0079610347747803,0.28154712915420527,0.41892430186271673,0.0,0.0,0.2140522748231888,0.0,0.0
59.612,0.05445088818669319,-0.01629074662923813,2.5029568672180176,0.2369230389595032,0.3981032967567444,0.0,0.0,0.2198868691921234,0.0,0.0
59.625,0.060808155685663216,-0.030235422775149345,2.160358428955078,0.24126586318016047,0.39366194605827326,0.0,0.0,0.22229073941707608,0.0,0.0
59.638,0.09305646270513535,-0.05638951435685158,-0.9429294466972352,0.22893781960010529,0.3830658793449402,0.0,0.0,0.22025984525680545,0.0,0.0
59.652,0.13819937407970428,-0.09378926455974579,-4.2365312576293945,0.2764322757720948,0.35876739025115967,0.0,0.0,0.21105098724365237,0.0,0.0
59.665,0.13394714891910553,-0.11799117922782898,-4.00759220123291,0.23330281674861908,0.3233973681926728,0.0,0.0,0.19847333431243896,0.0,0.0
59.678,0.10353522002696992,-0.12897443771362305,-3.373101234436035,0.23849205672740936,0.2788960337638855,0.0,0.0,0.1849985420703888,0.0,0.0
59.692,0.11324690282344818,-0.13639883697032928,-3.441792726516724,0.22585324943065643,0.22179609537124637,0.0,0.0,0.14903080463409424,0.0,0.0
59.705,0.10172750800848009,-0.13050419092178345,-2.7581892013549805,0.20643089711666107,0.1944652795791626,0.0,0.0,0.14903080463409424,0.0,0.0
59.718,0.08826516568660736,-0.12462066113948822,-3.436682939529419,0.21574544906616208,0.1662440448999405,0.0,0.0,0.12235352396965028,0.0,0.0
59.732,0.05537555739283562,-0.13643896579742432,-10.416855812072754,0.17310746014118197,0.0851355493068695,0.0,0.0,0.05795511603355408,0.0,0.0
59.745,0.0784793272614479,-0.13788191974163055,3.728060245513916,0.18228828907012937,0.07572959363460541,0.0,0.0,0.009094021283090113,0.0,0.0
59.759,0.0480593703687191,-0.12997156381607056,-7.127390384674072,0.16081608831882477,0.024655142799019814,0.0,0.0,0.009094021283090113,0.0,0.0
59.772,0.08758768439292908,-0.09385301172733307,-0.7243805527687072,0.20726461708545685,-0.006765112280845641,0.0,0.0,-0.024042105302214622,0.0,0.0
59.785,0.1179729625582695,-0.08587405830621718,4.281242370605469,0.2553696930408478,0.0098267812281847,0.0,0.0,-0.018756717443466187,0.0,0.0
59.798,0.1376163363456726,-0.0868232175707817,-1.1216870546340942,0.3024365305900574,0.0002590510994195938,0.0,0.0,-0.008564314804971218,0.0,0.0
59.812,0.16217637062072754,-0.11215519905090332,5.141641616821289,0.3508234024047852,0.05453336238861084,0.0,0.0,-0.008564314804971218,0.0,0.0
59.825,0.17883004248142242,-0.10440526902675629,2.231855630874634,0.4007070958614349,0.09420447051525117,0.0,0.0,0.04677943140268326,0.0,0.0
59.838,0.15571802854537964,-0.09597273170948029,1.0582289695739746,0.35156628489494324,0.10523949563503264,0.0,0.0,0.06952036917209625,0.0,0.0
59.852,0.12436672300100328,-0.08208546787500381,-4.653203964233398,0.3025656044483185,0.06587362289428711,0.0,0.0,0.06952036917209625,0.0,0.0
59.865,0.10836835205554962,-0.046001505106687546,-7.292105197906494,0.25307247042655945,0.01172152068465948,0.0,0.0,0.029219631105661392,0.0,0.0
59.878,0.09850365668535233,0.0004655607044696808,-2.411208391189575,0.20248511433601377,-0.013799285516142843,0.0,0.0,0.002565210685133934,0.0,0.0
59.892,0.12610097229480743,0.025410719215869904,1.7632064819335938,0.24380271136760712,0.001746646361425519,0.0,0.0,0.0027711393777281046,0.0,0.0
59.905,0.1145232692360878,0.010511605069041252,1.9993393421173096,0.1940845400094986,0.013941927812993526,0.0,0.0,0.011771108955144882,0.0,0.0
59.918,0.08319756388664244,-0.018681002780795097,-1.1474088430404663,0.17618483304977417,0.017072094604372978,0.0,0.0,0.011702733114361765,0.0,0.0
59.932,0.09432025253772736,-0.04076340049505234,-0.250326007604599,0.21257047355175016,0.012713413685560226,0.0,0.0,0.003894002642482519,0.0,0.0
59.945,0.1205569952726364,-0.0398198775947094,-0.006241025403141976,0.26076126098632807,0.018164280802011486,0.0,0.0,-0.002183330478146672,0.0,0.0
59.959,0.0935549437999725,-0.03184571489691734,2.8248019218444824,0.2622024714946747,0.02541959285736084,0.0,0.0,-0.0029508201405406,0.0,0.0
59.972,0.10327564179897308,0.021538827568292614,0.5395689606666565,0.26317378878593445,0.02823854796588421,0.0,0.0,-4.649971378967165e-05,0.0,0.0
59.985,0.0886758342385292,0.04274117946624756,-2.9805843830108643,0.21430850028991696,0.010970820672810078,0.0,0.0,-0.001872222172096372,0.0,0.0
