t,mode,S,prom
0.0,5.0,5.0,-0.046172282099723815
0.01,5.0,5.0,-0.09234456419944763
0.02,5.0,5.0,-0.13851684629917144
0.03,5.0,5.0,-0.18468912839889529
0.04,5.0,5.0,-0.23086141049861908
0.05,5.0,5.0,-0.2770336925983429
0.06,5.0,5.0,-0.3232059746980667
0.07,5.0,5.0,-0.36937825679779046
0.08,5.0,5.0,-0.4155505388975144
0.08999999999999998,5.0,5.0,-0.46172282099723816
0.1,5.0,5.0,-0.46172282099723816
0.11,5.0,5.0,-0.46172282099723816
0.12,5.0,5.0,-0.46172282099723816
0.13,5.0,5.0,-0.46172282099723816
0.14,5.0,5.0,-0.46172282099723816
0.15,5.0,5.0,-0.46172282099723816
0.16,5.0,5.0,-0.46172282099723816
0.17,5.0,5.0,-0.46172282099723816
0.18,5.0,5.0,-0.46172282099723816
0.19,5.0,5.0,-0.46172282099723816
0.2,5.0,5.0,-0.46172282099723816
0.21,5.0,5.0,-0.46172282099723816
0.22,5.0,5.0,-0.46172282099723816
0.23,5.0,5.0,-0.46172282099723816
0.24,5.0,5.0,-0.46172282099723816
0.25,5.0,5.0,-0.46172282099723816
0.26,5.0,5.0,-0.46172282099723816
0.27,5.0,5.0,-0.46172282099723816
0.28,5.0,5.0,-0.46172282099723816
0.29,5.0,5.0,-0.46172282099723816
0.3,5.0,5.0,-0.46172282099723816
0.31,5.0,5.0,-0.46172282099723816
0.32,5.0,5.0,-0.46172282099723816
0.33,5.0,5.0,-0.46172282099723816
0.34,5.0,5.0,-0.46172282099723816
0.35,5.0,5.0,-0.46172282099723816
0.36,5.0,5.0,-0.46172282099723816
0.37,5.0,5.0,-0.46172282099723816
0.38,5.0,5.0,-0.46172282099723816
0.39,5.0,5.0,-0.46172282099723816
0.4,5.0,5.0,-0.46172282099723816
0.41,5.0,5.0,-0.46172282099723816
0.42,5.0,5.0,-0.46172282099723816
0.43,5.0,5.0,-0.46172282099723816
0.44,5.0,5.0,-0.46172282099723816
0.45,5.0,5.0,-0.46172282099723816
0.46,5.0,5.0,-0.46172282099723816
0.47,5.0,5.0,-0.46172282099723816
0.48,5.0,5.0,-0.46172282099723816
0.49,5.0,5.0,-0.46172282099723816
0.5,5.0,5.0,-0.46172282099723816
0.51,5.0,5.0,-0.46172282099723816
0.52,5.0,5.0,-0.46172282099723816
0.53,5.0,5.0,-0.46172282099723816
0.54,5.0,5.0,-0.46172282099723816
0.55,5.0,5.0,-0.46172282099723816
0.56,5.0,5.0,-0.46172282099723816
0.57,5.0,5.0,-0.46172282099723816
0.58,5.0,5.0,-0.46172282099723816
0.59,5.0,5.0,-0.46172282099723816
0.6,5.0,5.0,-0.46172282099723816
0.61,5.0,5.0,-0.46172282099723816
0.62,5.0,5.0,-0.46172282099723816
0.63,5.0,5.0,-0.46172282099723816
0.64,5.0,5.0,-0.46172282099723816
0.65,5.0,5.0,-0.46172282099723816
0.66,5.0,5.0,-0.46172282099723816
0.67,5.0,5.0,-0.46172282099723816
0.68,5.0,5.0,-0.46172282099723816
0.69,5.0,5.0,-0.46172282099723816
0.7,5.0,5.0,-0.46172282099723816
0.71,5.0,5.0,-0.46172282099723816
0.72,5.0,5.0,-0.46172282099723816
0.73,5.0,5.0,-0.46172282099723816
0.74,5.0,5.0,-0.46172282099723816
0.75,5.0,5.0,-0.46172282099723816
0.76,5.0,5.0,-0.46172282099723816
0.77,5.0,5.0,-0.46172282099723816
0.78,5.0,5.0,-0.46172282099723816
0.79,5.0,5.0,-0.46172282099723816
0.801,5.0,5.0,-0.46172282099723816
0.811,5.0,5.0,-0.46172282099723816
0.8209999999999998,5.0,5.0,-0.46172282099723816
0.8309999999999998,5.0,5.0,-0.46172282099723816
0.8409999999999999,5.0,5.0,-0.46172282099723816
0.851,5.0,5.0,-0.46172282099723816
0.861,5.0,5.0,-0.46172282099723816
0.871,5.0,5.0,-0.46172282099723816
0.881,5.0,5.0,-0.46172282099723816
0.891,5.0,5.0,-0.46172282099723816
0.901,5.0,5.0,-0.46172282099723816
0.911,5.0,5.0,-0.46172282099723816
0.921,5.0,5.0,-0.46172282099723816
0.931,5.0,5.0,-0.46172282099723816
0.941,5.0,5.0,-0.46172282099723816
0.951,5.0,5.0,-0.46172282099723816
0.961,5.0,5.0,-0.46172282099723816
0.971,5.0,5.0,-0.46172282099723816
0.981,5.0,5.0,-0.46172282099723816
0.9910000000000002,5.0,5.0,-0.46172282099723816
1.001,5.0,5.0,-0.46172282099723816
1.011,5.0,5.0,-0.46172282099723816
1.021,5.0,5.0,-0.46172282099723816
1.031,5.0,5.0,-0.46172282099723816
1.041,5.0,5.0,-0.46172282099723816
1.051,5.0,5.0,-0.46172282099723816
1.061,5.0,5.0,-0.46172282099723816
1.071,5.0,5.0,-0.46172282099723816
1.081,5.0,5.0,-0.46172282099723816
1.091,5.0,5.0,-0.46172282099723816
1.101,5.0,5.0,-0.46172282099723816
1.111,5.0,5.0,-0.46172282099723816
1.121,5.0,5.0,-0.46172282099723816
1.131,5.0,5.0,-0.46172282099723816
1.141,5.0,5.0,-0.46172282099723816
1.151,5.0,5.0,-0.46172282099723816
1.161,5.0,5.0,-0.46172282099723816
1.171,5.0,5.0,-0.46172282099723816
1.181,5.0,5.0,-0.46172282099723816
1.191,5.0,5.0,-0.46172282099723816
1.201,5.0,5.0,-0.46172282099723816
1.211,5.0,5.0,-0.46172282099723816
1.221,5.0,5.0,-0.46172282099723816
1.231,5.0,5.0,-0.46172282099723816
1.241,5.0,5.0,-0.46172282099723816
1.251,5.0,5.0,-0.46172282099723816
1.261,5.0,5.0,-0.46172282099723816
1.271,5.0,5.0,-0.46172282099723816
1.281,5.0,5.0,-0.46172282099723816
1.291,5.0,5.0,-0.46172282099723816
1.301,5.0,5.0,-0.46172282099723816
1.311,5.0,5.0,-0.46172282099723816
1.321,5.0,5.0,-0.46172282099723816
1.331,5.0,5.0,-0.46172282099723816
1.341,5.0,5.0,-0.46172282099723816
1.351,5.0,5.0,-0.46172282099723816
1.361,5.0,5.0,-0.46172282099723816
1.371,5.0,5.0,-0.46172282099723816
1.381,5.0,5.0,-0.46172282099723816
1.391,5.0,5.0,-0.46172282099723816
1.401,5.0,5.0,-0.46172282099723816
1.411,5.0,5.0,-0.46172282099723816
1.421,5.0,5.0,-0.46172282099723816
1.431,5.0,5.0,-0.46172282099723816
1.441,5.0,5.0,-0.46172282099723816
1.451,5.0,5.0,-0.46172282099723816
1.461,5.0,5.0,-0.46172282099723816
1.471,5.0,5.0,-0.46172282099723816
1.481,5.0,5.0,-0.46172282099723816
1.491,5.0,5.0,-0.46172282099723816
1.501,5.0,5.0,-0.46172282099723816
1.511,5.0,5.0,-0.46172282099723816
1.521,5.0,5.0,-0.46172282099723816
1.531,5.0,5.0,-0.46172282099723816
1.541,5.0,5.0,-0.46172282099723816
1.551,5.0,5.0,-0.46172282099723816
1.561,5.0,5.0,-0.46172282099723816
1.571,5.0,5.0,-0.46172282099723816
1.581,5.0,5.0,-0.46172282099723816
1.591,5.0,5.0,-0.46172282099723816
1.601,5.0,5.0,-0.46172282099723816
1.611,5.0,5.0,-0.46172282099723816
1.621,5.0,5.0,-0.46172282099723816
1.631,5.0,5.0,-0.46172282099723816
1.641,5.0,5.0,-0.46172282099723816
1.651,5.0,5.0,-0.46172282099723816
1.661,5.0,5.0,-0.46172282099723816
1.671,5.0,5.0,-0.46172282099723816
1.681,5.0,5.0,-0.46172282099723816
1.691,5.0,5.0,-0.46172282099723816
1.701,5.0,5.0,-0.46172282099723816
1.711,5.0,5.0,-0.46172282099723816
1.721,5.0,5.0,-0.46172282099723816
1.731,5.0,5.0,-0.46172282099723816
1.741,5.0,5.0,-0.46172282099723816
1.751,5.0,5.0,-0.46172282099723816
1.761,5.0,5.0,-0.46172282099723816
1.771,5.0,5.0,-0.46172282099723816
1.781,5.0,5.0,-0.46172282099723816
1.791,5.0,5.0,-0.46172282099723816
1.801,5.0,5.0,-0.46172282099723816
1.811,5.0,5.0,-0.46172282099723816
1.821,5.0,5.0,-0.46172282099723816
1.831,5.0,5.0,-0.46172282099723816
1.841,5.0,5.0,-0.46172282099723816
1.851,5.0,5.0,-0.46172282099723816
1.861,5.0,5.0,-0.46172282099723816
1.871,5.0,5.0,-0.46172282099723816
1.881,5.0,5.0,-0.46172282099723816
1.891,5.0,5.0,-0.46172282099723816
1.901,5.0,5.0,-0.46172282099723816
1.911,5.0,5.0,-0.46172282099723816
1.921,5.0,5.0,-0.46172282099723816
1.931,5.0,5.0,-0.46172282099723816
1.941,5.0,5.0,-0.46172282099723816
1.951,5.0,5.0,-0.46172282099723816
1.961,5.0,5.0,-0.46172282099723816
1.971,5.0,5.0,-0.46172282099723816
1.981,5.0,5.0,-0.46172282099723816
1.991,5.0,5.0,-0.46172282099723816
2.001,5.0,5.0,-0.46172282099723816
2.011,5.0,5.0,-0.46172282099723816
2.021,5.0,5.0,-0.46172282099723816
2.031,5.0,5.0,-0.46172282099723816
2.041,5.0,5.0,-0.46172282099723816
2.051,5.0,5.0,-0.46172282099723816
2.061,5.0,5.0,-0.46172282099723816
2.071,5.0,5.0,-0.46172282099723816
2.081,5.0,5.0,-0.46172282099723816
2.091,5.0,5.0,-0.46172282099723816
2.101,5.0,5.0,-0.46172282099723816
2.111,5.0,5.0,-0.46172282099723816
2.121,5.0,5.0,-0.46172282099723816
2.131,5.0,5.0,-0.46172282099723816
2.141,5.0,5.0,-0.46172282099723816
2.151,5.0,5.0,-0.46172282099723816
2.161,5.0,5.0,-0.46172282099723816
2.171,5.0,5.0,-0.46172282099723816
2.181,5.0,5.0,-0.46172282099723816
2.191,5.0,5.0,-0.46172282099723816
2.201,5.0,5.0,-0.46172282099723816
2.211,5.0,5.0,-0.46172282099723816
2.221,5.0,5.0,-0.46172282099723816
2.231,5.0,5.0,-0.46172282099723816
2.241,5.0,5.0,-0.46172282099723816
2.251,5.0,5.0,-0.46172282099723816
2.261,5.0,5.0,-0.46172282099723816
2.271,5.0,5.0,-0.46172282099723816
2.281,5.0,5.0,-0.46172282099723816
2.291,5.0,5.0,-0.46172282099723816
2.301,5.0,5.0,-0.46172282099723816
2.311,5.0,5.0,-0.46172282099723816
2.321,5.0,5.0,-0.46172282099723816
2.331,5.0,5.0,-0.46172282099723816
2.341,5.0,5.0,-0.46172282099723816
2.351,5.0,5.0,-0.46172282099723816
2.361,5.0,5.0,-0.46172282099723816
2.371,5.0,5.0,-0.46172282099723816
2.381,5.0,5.0,-0.46172282099723816
2.391,5.0,5.0,-0.46172282099723816
2.401,5.0,5.0,-0.46172282099723816
2.411,5.0,5.0,-0.46172282099723816
2.421,5.0,5.0,-0.46172282099723816
2.431,5.0,5.0,-0.46172282099723816
2.441,5.0,5.0,-0.46172282099723816
2.451,5.0,5.0,-0.46172282099723816
2.461,5.0,5.0,-0.46172282099723816
2.471,5.0,5.0,-0.46172282099723816
2.481,5.0,5.0,-0.46172282099723816
2.491,5.0,5.0,-0.46172282099723816
2.501,5.0,5.0,-0.46172282099723816
2.511,5.0,5.0,-0.46172282099723816
2.521,5.0,5.0,-0.46172282099723816
2.531,5.0,5.0,-0.46172282099723816
2.541,5.0,5.0,-0.46172282099723816
2.551,5.0,5.0,-0.46172282099723816
2.561,5.0,5.0,-0.46172282099723816
2.571,5.0,5.0,-0.46172282099723816
2.581,5.0,5.0,-0.46172282099723816
2.591,5.0,5.0,-0.46172282099723816
2.601,5.0,5.0,-0.46172282099723816
2.611,5.0,5.0,-0.46172282099723816
2.621,5.0,5.0,-0.46172282099723816
2.631,5.0,5.0,-0.46172282099723816
2.641,5.0,5.0,-0.46172282099723816
2.651,5.0,5.0,-0.46172282099723816
2.661,5.0,5.0,-0.46172282099723816
2.671,5.0,5.0,-0.46172282099723816
2.681,5.0,5.0,-0.46172282099723816
2.691,5.0,5.0,-0.46172282099723816
2.701,5.0,5.0,-0.46172282099723816
2.711,5.0,5.0,-0.46172282099723816
2.721,5.0,5.0,-0.46172282099723816
2.731,5.0,5.0,-0.46172282099723816
2.741,5.0,5.0,-0.46172282099723816
2.751,5.0,5.0,-0.46172282099723816
2.761,5.0,5.0,-0.46172282099723816
2.771,5.0,5.0,-0.46172282099723816
2.781,5.0,5.0,-0.46172282099723816
2.791,5.0,5.0,-0.46172282099723816
2.801,5.0,5.0,-0.46172282099723816
2.811,5.0,5.0,-0.46172282099723816
2.821,5.0,5.0,-0.46172282099723816
2.831,5.0,5.0,-0.46172282099723816
2.841,5.0,5.0,-0.46172282099723816
2.851,5.0,5.0,-0.46172282099723816
2.861,5.0,5.0,-0.46172282099723816
2.871,5.0,5.0,-0.46172282099723816
2.881,5.0,5.0,-0.46172282099723816
2.891,5.0,5.0,-0.46172282099723816
2.901,5.0,5.0,-0.46172282099723816
2.911,5.0,5.0,-0.46172282099723816
2.921,5.0,5.0,-0.46172282099723816
2.931,5.0,5.0,-0.46172282099723816
2.941,5.0,5.0,-0.46172282099723816
2.951,5.0,5.0,-0.46172282099723816
2.961,5.0,5.0,-0.46172282099723816
2.971,5.0,5.0,-0.46172282099723816
2.981,5.0,5.0,-0.46172282099723816
2.991,5.0,5.0,-0.46172282099723816
3.001,5.0,5.0,-0.46172282099723816
3.011,5.0,5.0,-0.46172282099723816
3.021,5.0,5.0,-0.46172282099723816
3.031,5.0,5.0,-0.46172282099723816
3.041,5.0,5.0,-0.46172282099723816
3.051,5.0,5.0,-0.46172282099723816
3.061,5.0,5.0,-0.46172282099723816
3.071,5.0,5.0,-0.46172282099723816
3.081,5.0,5.0,-0.46172282099723816
3.091,5.0,5.0,-0.46172282099723816
3.101,5.0,5.0,-0.46172282099723816
3.111,5.0,5.0,-0.46172282099723816
3.121,5.0,5.0,-0.46172282099723816
3.131,5.0,5.0,-0.46172282099723816
3.141,5.0,5.0,-0.46172282099723816
3.151,5.0,5.0,-0.46172282099723816
3.161,5.0,5.0,-0.46172282099723816
3.171,5.0,5.0,-0.46172282099723816
3.181,5.0,5.0,-0.46172282099723816
3.191,5.0,5.0,-0.46172282099723816
3.201,5.0,5.0,-0.46172282099723816
3.211,5.0,5.0,-0.46172282099723816
3.221,5.0,5.0,-0.46172282099723816
3.231,5.0,5.0,-0.46172282099723816
3.241,5.0,5.0,-0.46172282099723816
3.251,5.0,5.0,-0.46172282099723816
3.261,5.0,5.0,-0.46172282099723816
3.271,5.0,5.0,-0.46172282099723816
3.281,5.0,5.0,-0.46172282099723816
3.291,5.0,5.0,-0.46172282099723816
3.301,5.0,5.0,-0.46172282099723816
3.311,5.0,5.0,-0.46172282099723816
3.321,5.0,5.0,-0.46172282099723816
3.331,5.0,5.0,-0.46172282099723816
3.341,5.0,5.0,-0.46172282099723816
3.351,5.0,5.0,-0.46172282099723816
3.361,5.0,5.0,-0.46172282099723816
3.371,5.0,5.0,-0.46172282099723816
3.381,5.0,5.0,-0.46172282099723816
3.391,5.0,5.0,-0.46172282099723816
3.401,5.0,5.0,-0.46172282099723816
3.411,5.0,5.0,-0.46172282099723816
3.421,5.0,5.0,-0.46172282099723816
3.431,5.0,5.0,-0.46172282099723816
3.441,5.0,5.0,-0.46172282099723816
3.451,5.0,5.0,-0.46172282099723816
3.461,5.0,5.0,-0.46172282099723816
3.471,5.0,5.0,-0.46172282099723816
3.481,5.0,5.0,-0.46172282099723816
3.491,5.0,5.0,-0.46172282099723816
3.501,5.0,5.0,-0.46172282099723816
3.511,5.0,5.0,-0.46172282099723816
3.521,5.0,5.0,-0.46172282099723816
3.531,5.0,5.0,-0.46172282099723816
3.541,5.0,5.0,-0.46172282099723816
3.551,5.0,5.0,-0.46172282099723816
3.561,5.0,5.0,-0.46172282099723816
3.571,5.0,5.0,-0.46172282099723816
3.581,5.0,5.0,-0.46172282099723816
3.591,5.0,5.0,-0.46172282099723816
3.601,5.0,5.0,-0.46172282099723816
3.611,5.0,5.0,-0.46172282099723816
3.621,5.0,5.0,-0.46172282099723816
3.631,5.0,5.0,-0.46172282099723816
3.641,5.0,5.0,-0.46172282099723816
3.651,5.0,5.0,-0.46172282099723816
3.661,5.0,5.0,-0.46172282099723816
3.671,5.0,5.0,-0.46172282099723816
3.681,5.0,5.0,-0.46172282099723816
3.691,5.0,5.0,-0.46172282099723816
3.701,5.0,5.0,-0.46172282099723816
3.711,5.0,5.0,-0.46172282099723816
3.721,5.0,5.0,-0.46172282099723816
3.731,5.0,5.0,-0.46172282099723816
3.741,5.0,5.0,-0.46172282099723816
3.751,5.0,5.0,-0.46172282099723816
3.761,5.0,5.0,-0.46172282099723816
3.771,5.0,5.0,-0.46172282099723816
3.781,5.0,5.0,-0.46172282099723816
3.791,5.0,5.0,-0.46172282099723816
3.801,5.0,5.0,-0.46172282099723816
3.811,5.0,5.0,-0.46172282099723816
3.821,5.0,5.0,-0.46172282099723816
3.831,5.0,5.0,-0.46172282099723816
3.841,5.0,5.0,-0.46172282099723816
3.851,5.0,5.0,-0.46172282099723816
3.861,5.0,5.0,-0.46172282099723816
3.871,5.0,5.0,-0.46172282099723816
3.881,5.0,5.0,-0.46172282099723816
3.891,5.0,5.0,-0.46172282099723816
3.901,5.0,5.0,-0.46172282099723816
3.911,5.0,5.0,-0.46172282099723816
3.921,5.0,5.0,-0.46172282099723816
3.931,5.0,5.0,-0.46172282099723816
3.941,5.0,5.0,-0.46172282099723816
3.951,5.0,5.0,-0.46172282099723816
3.961,5.0,5.0,-0.46172282099723816
3.971,5.0,5.0,-0.46172282099723816
3.981,5.0,5.0,-0.46172282099723816
3.991,5.0,5.0,-0.46172282099723816
4.001,5.0,5.0,-0.46172282099723816
4.011,5.0,5.0,-0.46172282099723816
4.021,5.0,5.0,-0.46172282099723816
4.031,5.0,5.0,-0.46172282099723816
4.041,5.0,5.0,-0.46172282099723816
4.051,5.0,5.0,-0.46172282099723816
4.061,5.0,5.0,-0.46172282099723816
4.071,5.0,5.0,-0.46172282099723816
4.081,5.0,5.0,-0.46172282099723816
4.091,5.0,5.0,-0.46172282099723816
4.101,5.0,5.0,-0.46172282099723816
4.113,5.0,5.0,-0.46172282099723816
4.123,5.0,5.0,-0.46172282099723816
4.133,5.0,5.0,-0.46172282099723816
4.143,5.0,5.0,-0.46172282099723816
4.153,5.0,5.0,-0.46172282099723816
4.163,5.0,5.0,-0.46172282099723816
4.173,5.0,5.0,-0.46172282099723816
4.183,5.0,5.0,-0.46172282099723816
4.193,5.0,5.0,-0.46172282099723816
4.203,5.0,5.0,-0.46172282099723816
4.213,5.0,5.0,-0.46172282099723816
4.223,5.0,5.0,-0.46172282099723816
4.233,5.0,5.0,-0.46172282099723816
4.243,5.0,5.0,-0.46172282099723816
4.253,5.0,5.0,-0.46172282099723816
4.263,5.0,5.0,-0.46172282099723816
4.273,5.0,5.0,-0.46172282099723816
4.283,5.0,5.0,-0.46172282099723816
4.293,5.0,5.0,-0.46172282099723816
4.303,5.0,5.0,-0.46172282099723816
4.313,5.0,5.0,-0.46172282099723816
4.323,5.0,5.0,-0.46172282099723816
4.333,5.0,5.0,-0.46172282099723816
4.343,5.0,5.0,-0.46172282099723816
4.353,5.0,5.0,-0.46172282099723816
4.363,5.0,5.0,-0.46172282099723816
4.373,5.0,5.0,-0.46172282099723816
4.383,5.0,5.0,-0.46172282099723816
4.393,5.0,5.0,-0.46172282099723816
4.403,5.0,5.0,-0.46172282099723816
4.413,5.0,5.0,-0.46172282099723816
4.423,5.0,5.0,-0.46172282099723816
4.433,5.0,5.0,-0.46172282099723816
4.443,5.0,5.0,-0.46172282099723816
4.453,5.0,5.0,-0.46172282099723816
4.463,5.0,5.0,-0.46172282099723816
4.473,5.0,5.0,-0.46172282099723816
4.483,5.0,5.0,-0.46172282099723816
4.493,5.0,5.0,-0.46172282099723816
4.503,5.0,5.0,-0.46172282099723816
4.513,5.0,5.0,-0.46172282099723816
4.523,5.0,5.0,-0.46172282099723816
4.533,5.0,5.0,-0.46172282099723816
4.543,5.0,5.0,-0.46172282099723816
4.553,5.0,5.0,-0.46172282099723816
4.563,5.0,5.0,-0.46172282099723816
4.573,5.0,5.0,-0.46172282099723816
4.583,5.0,5.0,-0.46172282099723816
4.593,5.0,5.0,-0.46172282099723816
4.603,5.0,5.0,-0.46172282099723816
4.613,5.0,5.0,-0.46172282099723816
4.623,5.0,5.0,-0.46172282099723816
4.633,5.0,5.0,-0.46172282099723816
4.643,5.0,5.0,-0.46172282099723816
4.653,5.0,5.0,-0.46172282099723816
4.663,5.0,5.0,-0.46172282099723816
4.673,5.0,5.0,-0.46172282099723816
4.683,5.0,5.0,-0.46172282099723816
4.693,5.0,5.0,-0.46172282099723816
4.703,5.0,5.0,-0.46172282099723816
4.713,5.0,5.0,-0.46172282099723816
4.723,5.0,5.0,-0.46172282099723816
4.734,5.0,5.0,-0.46172282099723816
4.744,5.0,5.0,-0.46172282099723816
4.754,5.0,5.0,-0.46172282099723816
4.764,5.0,5.0,-0.46172282099723816
4.774,5.0,5.0,-0.46172282099723816
4.784,5.0,5.0,-0.46172282099723816
4.794,5.0,5.0,-0.46172282099723816
4.804,5.0,5.0,-0.46172282099723816
4.814,5.0,5.0,-0.46172282099723816
4.824,5.0,5.0,-0.46172282099723816
4.834,5.0,5.0,-0.3979383960366249
4.844,5.0,5.0,-0.33415397107601164
4.854,5.0,5.0,-0.2306362330913544
4.864,5.0,5.0,-0.09998867213726045
4.874,5.0,5.0,0.03606866598129273
4.884,5.0,5.0,0.17258065640926362
4.894,5.0,5.0,0.3090926468372345
4.904,5.0,5.0,0.44614215195178986
4.914,5.0,5.0,0.5836598992347717
4.924,5.0,5.0,0.7203718990087509
4.934,5.0,5.0,0.791460157930851
4.944,5.0,5.0,0.862548416852951
4.954,5.0,5.0,0.8920138776302338
4.964,5.0,5.0,0.8926576435565948
4.974,5.0,5.0,0.8839603185653686
4.984,5.0,5.0,0.8671168804168701
4.994,5.0,5.0,0.8502734422683715
5.004,5.0,5.0,0.8259517252445221
5.014,5.0,5.0,0.7982905745506288
5.024,5.0,5.0,0.7696247577667236
5.034,5.0,5.0,0.7406700670719145
5.044,5.0,5.0,0.7117153763771057
5.054,5.0,5.0,0.6844750761985777
5.064,5.0,5.0,0.6604755997657776
5.074,5.0,5.0,0.6413920342922209
5.084,5.0,5.0,0.6299999296665192
5.094,5.0,5.0,0.6188983619213104
5.104,5.0,5.0,0.6157860159873961
5.114,5.0,5.0,0.6178596079349518
5.124,5.0,5.0,0.6248933613300324
5.134,5.0,5.0,0.6385181367397308
5.144,5.0,5.0,0.6521429121494293
5.154,5.0,5.0,0.6713623940944672
5.164,5.0,5.0,0.6912419378757477
5.174,5.0,5.0,0.7078852891921997
5.184,5.0,5.0,0.7229887306690215
5.194,5.0,5.0,0.7378016352653503
5.204,5.0,5.0,0.7524261474609374
5.214,5.0,5.0,0.7647635221481324
5.224,5.0,5.0,0.7725221097469329
5.234,5.0,5.0,0.7743507504463197
5.244,5.0,5.0,0.7761793911457062
5.254,5.0,5.0,0.7717478990554809
5.264,5.0,5.0,0.7638046264648437
5.274,5.0,5.0,0.7551831066608429
5.284,5.0,5.0,0.7449796617031098
5.294,5.0,5.0,0.7347762167453766
5.304,5.0,5.0,0.7222084522247314
5.314,5.0,5.0,0.7104362845420836
5.324,5.0,5.0,0.7029655933380127
5.334,5.0,5.0,0.7004457354545593
5.344,5.0,5.0,0.6979258775711059
5.354,5.0,5.0,0.6985592782497406
5.364,5.0,5.0,0.7017219305038452
5.374,5.0,5.0,0.7091545939445496
5.384,5.0,5.0,0.7216632962226868
5.394,5.0,5.0,0.7341719985008238
5.404,5.0,5.0,0.75190332531929
5.414,5.0,5.0,0.7747233688831331
5.424,5.0,5.0,0.8003840565681457
5.434,5.0,5.0,0.8227143049240112
5.444,5.0,5.0,0.8450445532798766
5.454,5.0,5.0,0.857345288991928
5.464,5.0,5.0,0.8607523858547209
5.474,5.0,5.0,0.8619366347789763
5.484,5.0,5.0,0.8621212005615234
5.494,5.0,5.0,0.8605558753013611
5.504,5.0,5.0,0.8552721798419952
5.514,5.0,5.0,0.8423023104667664
5.524,5.0,5.0,0.8237389981746673
5.534,5.0,5.0,0.8050192534923554
5.544,5.0,5.0,0.7840156853199005
5.554,5.0,5.0,0.7707288920879363
5.564,5.0,5.0,0.7601616978645325
5.574,5.0,5.0,0.7451287388801574
5.584,5.0,5.0,0.7264206230640411
5.594,5.0,5.0,0.7093641936779023
5.604,5.0,5.0,0.6923077642917633
5.614,5.0,5.0,0.6777450263500213
5.624,5.0,5.0,0.6631503820419311
5.634,5.0,5.0,0.6473213136196136
5.644,5.0,5.0,0.6311543464660645
5.654,5.0,5.0,0.6149873793125152
5.664,5.0,5.0,0.6010686218738556
5.674,5.0,5.0,0.5918124616146088
5.684,5.0,5.0,0.5862541258335113
5.694,5.0,5.0,0.5817193388938904
5.704,5.0,5.0,0.5771845519542694
5.714,5.0,5.0,0.5734211087226868
5.724,5.0,5.0,0.5736652135849
5.734,5.0,5.0,0.5818981766700745
5.744,5.0,5.0,0.6007047712802888
5.754,5.0,5.0,0.6195113658905029
5.764,5.0,5.0,0.6480051279067993
5.774,5.0,5.0,0.6795277893543243
5.784,5.0,5.0,0.7074224948883057
5.794,5.0,5.0,0.7314072787761688
5.804,5.0,5.0,0.755392062664032
5.814,5.0,5.0,0.7755080461502075
5.824,5.0,5.0,0.7864700078964234
5.834,5.0,5.0,0.7846591711044311
5.844,5.0,5.0,0.7748964250087738
5.854,5.0,5.0,0.7613709211349486
5.864,5.0,5.0,0.7404230117797853
5.874,5.0,5.0,0.7125377058982849
5.884,5.0,5.0,0.6743097543716431
5.894,5.0,5.0,0.6390663802623748
5.904,5.0,5.0,0.5950064420700073
5.914,5.0,5.0,0.5521913141012191
5.924,5.0,5.0,0.5171011000871658
5.934,5.0,5.0,0.492482390999794
5.944,5.0,5.0,0.46786368191242217
5.954,5.0,5.0,0.45022633075714114
5.964,5.0,5.0,0.4365124821662903
5.974,5.0,5.0,0.4288508355617523
5.984,5.0,5.0,0.42852050065994257
5.994,5.0,5.0,0.42819016575813296
6.004,5.0,5.0,0.42500433623790734
6.014,5.0,5.0,0.40969076901674273
6.024,5.0,5.0,0.3792880930006504
6.034,5.0,5.0,0.3337382435798645
6.044,5.0,5.0,0.2881883941590786
6.054,5.0,5.0,0.2313218042254448
6.064,5.0,5.0,0.16470621824264525
6.074,5.0,5.0,0.09088533073663713
6.084,5.0,5.0,0.01712629944086075
6.094,5.0,5.0,-0.056632731854915616
6.104,5.0,5.0,-0.12438168376684187
6.114,5.0,5.0,-0.18418703377246856
6.124,5.0,5.0,-0.2366642586886883
6.134,5.0,5.0,-0.28436965495347977
6.144,5.0,5.0,-0.33207505121827124
6.154,5.0,5.0,-0.3788746505975723
6.164,5.0,5.0,-0.42546660155057914
6.174,5.0,5.0,-0.4683169960975647
6.184,5.0,5.0,-0.5030591785907745
6.194,5.0,5.0,-0.5378013610839844
6.204,5.0,5.0,-0.5595520943403244
6.214,5.0,5.0,-0.5661364406347275
6.224,5.0,10.0,-0.5586719036102296
6.234,5.0,10.0,-0.537936395406723
6.244,5.0,10.0,-0.5172008872032166
6.254,5.0,10.0,-0.48421777486801143
6.264,5.0,10.0,-0.4417318895459175
6.274,5.0,10.0,-0.3931981414556504
6.284,5.0,10.0,-0.34270170480012896
6.294,5.0,10.0,-0.28919365331530567
6.304,5.0,10.0,-0.2430150717496872
6.314,5.0,10.0,-0.2057163558900356
6.324,5.0,10.0,-0.17599402219057084
6.334,5.0,10.0,-0.14998976290225982
6.344,5.0,10.0,-0.12117099175229668
6.354,5.0,10.0,-0.0974074812605977
6.364,5.0,10.0,-0.07690864922478793
6.374,5.0,10.0,-0.060947186406701805
6.384,5.0,10.0,-0.04976222971454263
6.394,5.0,10.0,-0.043527726922184234
6.404,5.0,10.0,-0.03729322412982583
6.414,5.0,10.0,-0.0363798194564879
6.424,5.0,10.0,-0.04013950387015938
6.434,5.0,10.0,-0.047757677827030415
6.444,5.0,10.0,-0.05818807110190392
6.454,5.0,10.0,-0.0686184643767774
6.464,5.0,10.0,-0.08145533837378024
6.474,5.0,10.0,-0.09614566955715416
6.484,5.0,10.0,-0.11074678301811218
6.494,5.0,10.0,-0.12340905740857123
6.504,5.0,10.0,-0.13460357934236528
6.514,5.0,10.0,-0.1398169741034508
6.524,5.0,10.0,-0.14168454855680465
6.534,5.0,10.0,-0.14469505846500397
6.544,5.0,10.0,-0.14770786091685295
6.554,5.0,10.0,-0.15287456661462784
6.564,5.0,10.0,-0.15840936750173568
6.574,5.0,10.0,-0.16315680146217346
6.584,5.0,10.0,-0.1675930827856064
6.594,5.0,10.0,-0.1720293641090393
6.604,5.0,10.0,-0.17814286202192306
6.614,5.0,10.0,-0.18819014132022857
6.624,5.0,10.0,-0.20128516405820843
6.634,5.0,10.0,-0.21402833312749864
6.644,5.0,10.0,-0.22554454058408735
6.654,5.0,10.0,-0.2349068447947502
6.664,5.0,10.0,-0.24036114364862443
6.674,5.0,10.0,-0.2437995359301567
6.684,5.0,10.0,-0.2463287934660912
6.694,5.0,10.0,-0.2467138424515724
6.704,5.0,10.0,-0.24688942730426788
6.714,5.0,10.0,-0.24283870458602905
6.724,5.0,10.0,-0.23522589802742008
6.734,5.0,10.0,-0.2264898896217346
6.744,5.0,10.0,-0.2162351444363594
6.754,5.0,10.0,-0.20598039925098416
6.764,5.0,10.0,-0.1909548431634903
6.774,5.0,10.0,-0.17090051174163817
6.784,5.0,10.0,-0.1488235453143716
6.794,5.0,10.0,-0.12586105670779943
6.804,5.0,10.0,-0.10289856810122729
6.814,5.0,10.0,-0.07810775842517614
6.824,5.0,10.0,-0.05216245781630278
6.834,5.0,10.0,-0.02685863208025694
6.844,5.0,10.0,-0.004407195560634136
6.854,5.0,10.0,0.018044240958988662
6.864,5.0,10.0,0.035203550942242146
6.874,5.0,10.0,0.04738494325429201
6.884,5.0,10.0,0.056540046259760855
6.894,5.0,10.0,0.062301368266344075
6.904,5.0,10.0,0.06701432652771473
6.914,5.0,10.0,0.06580444574356079
6.924,5.0,10.0,0.05943163000047207
6.934,5.0,10.0,0.05359911918640137
6.944,5.0,10.0,0.0437508899718523
6.954,5.0,10.0,0.03025192730128765
6.964,5.0,10.0,0.014959055557847024
6.974,5.0,10.0,-0.0005937438458204269
6.984,5.0,10.0,-0.018085974082350728
6.994,5.0,10.0,-0.03521415404975414
7.004,5.0,10.0,-0.054089618846774094
7.014,5.0,10.0,-0.07184005416929722
7.024,5.0,10.0,-0.08677444383502006
7.034,5.0,10.0,-0.1032984372228384
7.044,5.0,10.0,-0.11570002138614656
7.054,5.0,10.0,-0.12517680153250693
7.064,5.0,10.0,-0.13262308686971663
7.074,5.0,10.0,-0.13937291651964187
7.084,5.0,10.0,-0.14421744048595428
7.094,5.0,10.0,-0.1490619644522667
7.104,5.0,10.0,-0.1517014041543007
7.114,5.0,10.0,-0.15395548641681672
7.124,5.0,10.0,-0.15554579943418503
7.134,5.0,10.0,-0.15508342683315277
7.144,5.0,10.0,-0.15462105423212053
7.154,5.0,10.0,-0.1531586691737175
7.164,5.0,10.0,-0.15270982980728148
7.174,5.0,10.0,-0.15298236161470413
7.184,5.0,10.0,-0.1519055113196373
7.194,5.0,10.0,-0.15082866102457046
7.204,5.0,10.0,-0.14744395315647124
7.214,5.0,10.0,-0.14280612766742706
7.224,5.0,10.0,-0.13887168169021608
7.234,5.0,10.0,-0.13658930957317353
7.244,5.0,10.0,-0.13430693745613098
7.253999999999999,5.0,10.0,-0.1330379530787468
7.264,5.0,10.0,-0.13178493082523346
7.274,5.0,10.0,-0.13046185225248336
7.284,5.0,10.0,-0.1299901068210602
7.293999999999999,5.0,10.0,-0.129518361389637
7.304,5.0,10.0,-0.1300949603319168
7.314,5.0,10.0,-0.13073459267616272
7.324,5.0,10.0,-0.13037262856960297
7.333999999999999,5.0,10.0,-0.1280959039926529
7.344,5.0,10.0,-0.12511162385344504
7.354,5.0,10.0,-0.12138803899288178
7.364,5.0,10.0,-0.11720419451594352
7.373999999999999,5.0,10.0,-0.11231886520981788
7.384,5.0,10.0,-0.10734107196331023
7.394,5.0,10.0,-0.10294711813330652
7.404,5.0,10.0,-0.09922211319208146
7.413999999999999,5.0,10.0,-0.09624827727675436
7.425,5.0,10.0,-0.09320304095745088
7.434999999999999,5.0,10.0,-0.09114539921283722
7.445,5.0,10.0,-0.09182846173644066
7.455,5.0,10.0,-0.09251152426004408
7.465,5.0,10.0,-0.0962082214653492
7.474999999999999,5.0,10.0,-0.10110674276947976
7.485,5.0,10.0,-0.10539772361516953
7.495,5.0,10.0,-0.10876918658614158
7.505,5.0,10.0,-0.11214064955711364
7.514999999999999,5.0,10.0,-0.11540338397026062
7.525,5.0,10.0,-0.11946723088622094
7.535,5.0,10.0,-0.1239393688738346
7.545,5.0,10.0,-0.12737075462937356
7.554999999999999,5.0,10.0,-0.1308021403849125
7.565,5.0,10.0,-0.13351068869233132
7.575,5.0,10.0,-0.13777369484305382
7.585,5.0,10.0,-0.14401500895619393
7.595,5.0,10.0,-0.14965824410319328
7.605,5.0,10.0,-0.15530147925019264
7.615,5.0,10.0,-0.15835380107164382
7.625,5.0,10.0,-0.1593707710504532
7.635,5.0,10.0,-0.1588655799627304
7.644999999999999,5.0,10.0,-0.156362646818161
7.655,5.0,10.0,-0.1538597136735916
7.665,5.0,10.0,-0.15015876814723014
7.675,5.0,10.0,-0.14639348164200783
7.684999999999999,5.0,10.0,-0.14122479036450386
7.695,5.0,10.0,-0.13698985651135445
7.705,5.0,10.0,-0.12970716282725334
7.715,5.0,10.0,-0.12186520770192148
7.724999999999999,5.0,10.0,-0.1143233012408018
7.735,5.0,10.0,-0.10737203694880008
7.745,5.0,10.0,-0.1014261182397604
7.755,5.0,10.0,-0.09492688328027726
7.764999999999999,5.0,10.0,-0.08705589026212691
7.775,5.0,10.0,-0.07644326910376549
7.785,5.0,10.0,-0.06425575567409396
7.795,5.0,10.0,-0.052068242244422434
7.804999999999999,5.0,10.0,-0.04016000013798475
7.815,5.0,10.0,-0.028476592339575287
7.825,5.0,10.0,-0.01511309649795294
7.835,5.0,10.0,-0.00011479910463094712
7.845,5.0,10.0,0.014883498288691044
7.855,5.0,10.0,0.028953437320888044
7.865,5.0,10.0,0.040721455030143267
7.875,5.0,10.0,0.05065720807760954
7.885,5.0,10.0,0.05892517799511552
7.894999999999999,5.0,10.0,0.0671931479126215
7.905,5.0,10.0,0.07363182343542576
7.915,5.0,10.0,0.07816533595323563
7.925,5.0,10.0,0.08023214936256409
7.934999999999999,5.0,10.0,0.08024033978581427
7.945,5.0,10.0,0.08024853020906449
7.955,5.0,10.0,0.07940474972128868
7.965,5.0,10.0,0.07810321040451526
7.974999999999999,5.0,10.0,0.0760164823383093
7.985,5.0,10.0,0.07343362011015414
7.995,5.0,10.0,0.0706073634326458
8.005,5.0,10.0,0.06692600175738335
8.015,5.0,10.0,0.06037158630788327
8.025,5.0,10.0,0.04955642679706216
8.035,5.0,10.0,0.03890368696302175
8.045,5.0,10.0,0.024765258841216563
8.054999999999998,5.0,10.0,0.008187745325267313
8.064999999999998,5.0,10.0,-0.009997056238353251
8.074999999999998,5.0,10.0,-0.02934748362749815
8.085,5.0,10.0,-0.05124319475144148
8.095,5.0,10.0,-0.07289551142603158
8.105,5.0,10.0,-0.0963320592418313
8.115,5.0,10.0,-0.11810686867684124
8.125,5.0,10.0,-0.13578819362446665
8.135,5.0,10.0,-0.1526087261736393
8.144999999999998,5.0,10.0,-0.16594357043504715
8.154999999999998,5.0,10.0,-0.1760462187230587
8.165,5.0,10.0,-0.18638963848352436
8.175,5.0,10.0,-0.19941360056400295
8.185,5.0,10.0,-0.2126202046871185
8.195,5.0,10.0,-0.2258268088102341
8.205,5.0,10.0,-0.2355177730321884
8.215,5.0,10.0,-0.2404744356870651
8.224999999999998,5.0,10.0,-0.24188167303800584
8.234999999999998,5.0,10.0,-0.24186414033174516
8.245,5.0,10.0,-0.2418466076254845
8.255,5.0,10.0,-0.23963685631752013
8.265,5.0,10.0,-0.2305079624056816
8.275,5.0,10.0,-0.212218763679266
8.285,5.0,10.0,-0.18841170147061348
8.295,5.0,10.0,-0.16460463926196098
8.304999999999998,5.0,10.0,-0.1393175430595875
8.314999999999998,5.0,10.0,-0.11439423263072968
8.324999999999998,5.0,10.0,-0.09047278985381128
8.335,5.0,10.0,-0.06776510290801525
8.345,5.0,10.0,-0.04505741596221924
8.355,5.0,10.0,-0.02585214115679264
8.365,5.0,10.0,-0.012649130262434482
8.375,5.0,10.0,-0.004589735344052315
8.385,5.0,10.0,0.0006008816882967948
8.394999999999998,5.0,10.0,0.005791498720645905
8.404999999999998,5.0,10.0,0.00967182326130569
8.415,5.0,10.0,0.014616209222003818
8.425,5.0,10.0,0.02161964545957744
8.435,5.0,10.0,0.028846399812027808
8.445,5.0,10.0,0.035331645561382165
8.455,5.0,10.0,0.0435609872918576
8.465,5.0,10.0,0.05505862846039236
8.474999999999998,5.0,10.0,0.06972305509261785
8.484999999999998,5.0,10.0,0.08573250933550297
8.495,5.0,10.0,0.1024421840440482
8.505,5.0,10.0,0.11716661937534809
8.515,5.0,10.0,0.12994176670908927
8.525,5.0,10.0,0.14316963478922845
8.535,5.0,10.0,0.1595032200217247
8.545,5.0,10.0,0.17810831144452094
8.554999999999998,5.0,10.0,0.1967134028673172
8.564999999999998,5.0,10.0,0.2146646335721016
8.574999999999998,5.0,10.0,0.2300268456339836
8.585,5.0,10.0,0.24143341034650803
8.595,5.0,10.0,0.2479896351695061
8.605,5.0,10.0,0.25454585999250406
8.615,5.0,10.0,0.255540044605732
8.625,5.0,10.0,0.2513457879424096
8.635,5.0,10.0,0.2429328516125679
8.644999999999998,5.0,10.0,0.23163776248693463
8.654999999999998,5.0,10.0,0.22034267336130145
8.665,5.0,10.0,0.2084648236632347
8.675,5.0,10.0,0.19848789721727367
8.685,5.0,10.0,0.19416708946228028
8.695,5.0,10.0,0.19399640113115313
8.705,5.0,10.0,0.19724098294973372
8.715,5.0,10.0,0.2058624312281609
8.724999999999998,5.0,10.0,0.21795745491981505
8.734999999999998,5.0,10.0,0.2332944631576538
8.745,5.0,10.0,0.24998362660408016
8.755,5.0,10.0,0.2674359083175659
8.765,5.0,10.0,0.2845036298036575
8.775,5.0,10.0,0.2988842517137528
8.785,5.0,10.0,0.3098804637789726
8.795,5.0,10.0,0.3224868983030319
8.804999999999998,5.0,10.0,0.3316780626773834
8.814999999999998,5.0,10.0,0.3401425212621689
8.824999999999998,5.0,10.0,0.34544152915477755
8.835,5.0,10.0,0.3462862610816956
8.845,5.0,10.0,0.34670366942882536
8.855,5.0,10.0,0.34635795950889586
8.865,5.0,10.0,0.34808731377124785
8.875,5.0,10.0,0.3526788890361786
8.885,5.0,10.0,0.36003621816635134
8.894999999999998,5.0,10.0,0.36578332483768466
8.904999999999998,5.0,10.0,0.3757830321788788
8.915,5.0,10.0,0.3884193956851959
8.925,5.0,10.0,0.4029429137706757
8.935,5.0,10.0,0.4168481886386871
8.945,5.0,10.0,0.4311807870864868
8.955,5.0,10.0,0.44280081391334536
8.965,5.0,10.0,0.4530597984790802
8.974999999999998,5.0,10.0,0.4620358735322953
8.984999999999998,5.0,10.0,0.46707368791103365
8.995,5.0,10.0,0.47211150228977206
9.005,5.0,10.0,0.4713392108678818
9.015,5.0,10.0,0.4664334505796433
9.025,5.0,10.0,0.4612200021743774
9.035,5.0,10.0,0.4581547111272812
9.045000000000002,5.0,10.0,0.45508942008018494
9.055,5.0,10.0,0.4533917248249054
9.065,5.0,10.0,0.4521173298358917
9.075,5.0,10.0,0.45197163522243505
9.085,5.0,10.0,0.45235948264598846
9.095,5.0,10.0,0.45274733006954193
9.105,5.0,10.0,0.4514619916677474
9.115,5.0,10.0,0.447480633854866
9.125,5.0,10.0,0.4419979900121689
9.135,5.0,10.0,0.4372175812721252
9.145,5.0,10.0,0.4324371725320816
9.155,5.0,10.0,0.4283405274152756
9.165,5.0,10.0,0.4219704747200012
9.175,5.0,10.0,0.4130383521318436
9.185,5.0,10.0,0.4061582297086716
9.195,5.0,10.0,0.3992781072854996
9.205,5.0,10.0,0.396050837635994
9.215000000000002,5.0,10.0,0.39125683903694153
9.225,5.0,10.0,0.375365050137043
9.235,5.0,10.0,0.346040116250515
9.245,5.0,10.0,0.31671518236398694
9.255,5.0,10.0,0.2887019649147987
9.265,5.0,10.0,0.2712925419211388
9.275,5.0,10.0,0.2572857916355133
9.285,5.0,10.0,0.24244669526815416
9.295000000000002,5.0,10.0,0.22760759890079496
9.305,5.0,10.0,0.21299909949302676
9.315,5.0,10.0,0.19925326108932492
9.325,5.0,10.0,0.1911770761013031
9.335,5.0,10.0,0.1886933729052544
9.345,5.0,10.0,0.17857453282922506
9.355,5.0,10.0,0.1678051885217428
9.365,5.0,10.0,0.14257323034107686
9.375,5.0,10.0,0.1107310090214014
9.385,5.0,10.0,0.07642011232674122
9.395,5.0,10.0,0.042890431359410286
9.405,5.0,10.0,0.008707991614937783
9.415,5.0,10.0,-0.020159588381648063
9.425,5.0,10.0,-0.04119476974010468
9.435,5.0,10.0,-0.05297808516770601
9.445,5.0,10.0,-0.05554777164943516
9.455,5.0,10.0,-0.05811745813116431
9.465000000000002,5.0,10.0,-0.05443553566001356
9.475,5.0,10.0,-0.04794462597928941
9.485,5.0,10.0,-0.04240486524067819
9.495,5.0,10.0,-0.04076221860013903
9.505,5.0,10.0,-0.03911957195959985
9.515,5.0,10.0,-0.040355484699830406
9.525,5.0,10.0,-0.03981559439562261
9.535,5.0,10.0,-0.034334041131660345
9.545000000000002,5.0,10.0,-0.030430979933589692
9.555,5.0,10.0,-0.018300461629405615
9.565,5.0,10.0,0.007880574837327004
9.575,5.0,10.0,0.05375465527176857
9.585,5.0,10.0,0.117365899682045
9.595,5.0,10.0,0.18409304246306415
9.605,5.0,10.0,0.26270164400339124
9.615,5.0,10.0,0.34535702913999555
9.625,5.0,10.0,0.4172720029950142
9.635,5.0,10.0,0.4754676535725594
9.645,5.0,10.0,0.5336633041501044
9.655,5.0,10.0,0.5765503644943237
9.665,5.0,10.0,0.5931261748075485
9.675,5.0,10.0,0.5774042755365372
9.685,5.0,10.0,0.5327327683568001
9.695,5.0,10.0,0.48806126117706305
9.705,5.0,10.0,0.42058233674615614
9.715000000000002,5.0,10.0,0.34517343332991
9.725,5.0,10.0,0.2740439775399864
9.735,5.0,10.0,0.2050982649438083
9.745,5.0,10.0,0.13615255234763027
9.755,5.0,10.0,0.06912635965272784
9.765,5.0,10.0,0.009924254845827818
9.775,5.0,10.0,-0.03959731059148908
9.785,5.0,10.0,-0.08037928687408566
9.795000000000002,5.0,10.0,-0.12116126315668226
9.805,5.0,10.0,-0.15633268309757117
9.815,5.0,10.0,-0.19142105169594287
9.825,5.0,10.0,-0.2275834016501904
9.835,5.0,10.0,-0.2597650572657585
9.845,5.0,10.0,-0.2941516198217869
9.855,5.0,10.0,-0.328115713596344
9.865,5.0,10.0,-0.3619696080684662
9.875,5.0,10.0,-0.3881720155477524
9.885,5.0,10.0,-0.4023081094026565
9.895,1.0,1.0,-0.4164442032575607
9.905,1.0,1.0,-0.4213476955890656
9.915,1.0,1.0,-0.420252126455307
9.925,1.0,1.0,-0.415941059589386
9.935,1.0,1.0,-0.41299625039100646
9.945,1.0,1.0,-0.4078465342521668
9.955,1.0,1.0,-0.4008826076984405
9.965000000000002,1.0,1.0,-0.39288868904113766
9.975,1.0,1.0,-0.38985346257686615
9.985,1.0,1.0,-0.3926148504018784
9.995,1.0,1.0,-0.39537623822689055
10.005,1.0,1.0,-0.39872372746467594
10.015,1.0,1.0,-0.3996978491544724
10.025,1.0,1.0,-0.3972657650709152
10.035,1.0,1.0,-0.3904738515615464
10.045,1.0,1.0,-0.38368193805217743
10.055,1.0,1.0,-0.3720650881528854
10.065,1.0,1.0,-0.35576037466526034
10.075,1.0,1.0,-0.33596505522727965
10.085,1.0,1.0,-0.3161971181631088
10.095,1.0,1.0,-0.296429181098938
10.105,1.0,1.0,-0.28128544688224794
10.115,1.0,1.0,-0.2755880683660507
10.125,1.0,1.0,-0.284635591506958
10.135,1.0,1.0,-0.30867592692375184
10.145,1.0,1.0,-0.33271626234054563
10.155,1.0,1.0,-0.3668138712644577
10.165,1.0,1.0,-0.40797066986560815
10.175,1.0,1.0,-0.4551904886960984
10.185,1.0,1.0,-0.5060620039701462
10.195,1.0,1.0,-0.556933519244194
10.205,1.0,1.0,-0.6081330567598343
10.215,1.0,1.0,-0.6541609674692154
10.225,1.0,1.0,-0.6872832715511321
10.235,1.0,1.0,-0.7051212310791015
10.245,1.0,1.0,-0.7201793909072876
10.255,1.0,1.0,-0.7270802795886994
10.265,1.0,1.0,-0.7268852531909943
10.275,1.0,1.0,-0.7213568150997162
10.285,1.0,1.0,-0.7121075630187989
10.295,1.0,1.0,-0.7013425588607788
10.305,1.0,1.0,-0.6889564275741578
10.316,1.0,1.0,-0.6730104744434356
10.326,1.0,1.0,-0.6544809758663177
10.336,1.0,1.0,-0.6363120555877686
10.346,1.0,1.0,-0.6200602889060974
10.356,1.0,1.0,-0.6038085222244263
10.366,1.0,1.0,-0.5878960609436035
10.376,1.0,1.0,-0.5708275824785233
10.386,1.0,1.0,-0.5540186315774918
10.396,1.0,1.0,-0.5414499193429947
10.406,1.0,1.0,-0.5288812071084976
10.416,1.0,1.0,-0.5236814528703689
10.426,1.0,1.0,-0.525242468714714
10.436,1.0,1.0,-0.531018140912056
10.446,1.0,1.0,-0.540197417140007
10.456,1.0,1.0,-0.549376693367958
10.466,1.0,1.0,-0.5634582191705704
10.476,1.0,1.0,-0.5826426863670349
10.486,1.0,1.0,-0.6045611143112183
10.496,1.0,1.0,-0.6269243597984313
10.506,1.0,1.0,-0.6492876052856446
10.516,1.0,1.0,-0.6718640923500061
10.526,1.0,1.0,-0.6953572392463684
10.536,1.0,1.0,-0.7191117107868195
10.546,1.0,1.0,-0.7404074430465698
10.556,1.0,1.0,-0.7617031753063201
10.566,1.0,1.0,-0.7772205650806427
10.576,1.0,1.0,-0.7868426382541656
10.586,1.0,1.0,-0.7930429279804229
10.596,1.0,1.0,-0.7961333394050598
10.606,1.0,1.0,-0.7992237508296967
10.616,1.0,1.0,-0.7979062795639038
10.626,1.0,1.0,-0.7927028715610503
10.636,1.0,1.0,-0.7847394168376921
10.646,1.0,1.0,-0.7746308624744415
10.656,1.0,1.0,-0.7645223081111907
10.666,1.0,1.0,-0.7547068297863007
10.676,1.0,1.0,-0.7478624701499937
10.686,1.0,1.0,-0.743044376373291
10.696,1.0,1.0,-0.738166856765747
10.706,1.0,1.0,-0.7332603633403778
10.716,1.0,1.0,-0.7288419723510741
10.726,1.0,1.0,-0.7260684907436371
10.736,1.0,1.0,-0.7247702896595002
10.746,1.0,1.0,-0.7255349695682526
10.756,1.0,1.0,-0.7255686342716215
10.766,1.0,1.0,-0.7269181728363037
10.776,1.0,1.0,-0.7296336174011232
10.786,1.0,1.0,-0.7346024334430694
10.796,1.0,1.0,-0.7395712494850158
10.806,1.0,1.0,-0.7472746551036835
10.816,1.0,1.0,-0.7560728847980499
10.826,1.0,1.0,-0.7638579845428467
10.836,1.0,1.0,-0.7702449321746827
10.846,1.0,1.0,-0.7766318798065186
10.856,1.0,1.0,-0.781728231906891
10.866,1.0,1.0,-0.7846091568470002
10.876,1.0,1.0,-0.7841618418693542
10.886,1.0,1.0,-0.7808157920837403
10.896,1.0,1.0,-0.7774697422981263
10.906,1.0,1.0,-0.7728187024593354
10.916,1.0,1.0,-0.767901211977005
10.926,1.0,1.0,-0.7632223308086395
10.936,1.0,1.0,-0.7596749126911163
10.946,1.0,1.0,-0.756187719106674
10.956,1.0,1.0,-0.7556718051433563
10.966,1.0,1.0,-0.7587919771671294
10.976,1.0,1.0,-0.7638337492942809
10.986,1.0,1.0,-0.7691644132137297
10.996,1.0,1.0,-0.7744950771331786
11.006,1.0,1.0,-0.7801260232925414
11.016,1.0,1.0,-0.786333703994751
11.026,1.0,1.0,-0.7926849246025085
11.036,1.0,1.0,-0.7984083294868469
11.046,1.0,1.0,-0.8040715098381042
11.056,1.0,1.0,-0.8081478774547578
11.066,1.0,1.0,-0.8109902858734129
11.076,1.0,1.0,-0.8140388071537018
11.086,1.0,1.0,-0.8172885119915008
11.096,1.0,1.0,-0.8205382168292998
11.106,1.0,1.0,-0.8228722095489502
11.116,1.0,1.0,-0.8243464887142181
11.126,1.0,1.0,-0.82553271651268
11.136,1.0,1.0,-0.825800895690918
11.146,1.0,1.0,-0.8260690748691558
11.156,1.0,1.0,-0.8246853113174438
11.166,1.0,1.0,-0.8232594192028044
11.176,1.0,1.0,-0.8238004744052886
11.186,1.0,1.0,-0.8249370753765105
11.196,1.0,1.0,-0.8260736763477324
11.206,1.0,1.0,-0.826134693622589
11.216,1.0,1.0,-0.8269198179244995
11.226,1.0,1.0,-0.8305997788906098
11.236,1.0,1.0,-0.8365977346897124
11.246,1.0,1.0,-0.8425956904888153
11.256,1.0,1.0,-0.8489274263381958
11.266,1.0,1.0,-0.8538037002086638
11.276,1.0,1.0,-0.8562733590602873
11.286,1.0,1.0,-0.8564994990825653
11.296,1.0,1.0,-0.856725639104843
11.306,1.0,1.0,-0.853956127166748
11.316,1.0,1.0,-0.8457260072231294
11.326,1.0,1.0,-0.8314346492290496
11.336,1.0,1.0,-0.8133318185806273
11.346,1.0,1.0,-0.7903507113456726
11.356,1.0,1.0,-0.7693249106407165
11.366,1.0,1.0,-0.7438492953777314
11.376,1.0,1.0,-0.7141695201396944
11.386,1.0,1.0,-0.6820132553577423
11.396,1.0,1.0,-0.6447678208351135
11.406,1.0,1.0,-0.6108084261417389
11.416,1.0,1.0,-0.576794695854187
11.426,1.0,1.0,-0.5445948123931885
11.436,1.0,1.0,-0.5141335844993591
11.446,1.0,1.0,-0.48612645566463464
11.456,1.0,1.0,-0.4581193268299103
11.466,1.0,1.0,-0.4328121274709701
11.476,1.0,1.0,-0.40698002874851225
11.486,1.0,1.0,-0.3790170028805733
11.496,1.0,1.0,-0.3501462057232857
11.506,1.0,1.0,-0.32127540856599807
11.516,1.0,1.0,-0.2892979338765144
11.526,1.0,1.0,-0.2504994638264179
11.536,1.0,1.0,-0.205886297300458
11.546,1.0,1.0,-0.15974316857755183
11.556,1.0,1.0,-0.11360003985464572
11.566,1.0,1.0,-0.06833578385412693
11.576,1.0,1.0,-0.023679823055863376
11.586,1.0,1.0,0.020133667811751365
11.596,1.0,1.0,0.062081634625792505
11.606,1.0,1.0,0.10402960143983364
11.616,1.0,1.0,0.1449026521295309
11.626,1.0,1.0,0.1851006109267473
11.636,1.0,1.0,0.22261361479759215
11.646,1.0,1.0,0.2572076715528965
11.656,1.0,1.0,0.29180172830820084
11.666,1.0,1.0,0.32516981214284896
11.676,1.0,1.0,0.35712551325559616
11.686,1.0,1.0,0.3875311642885208
11.696,1.0,1.0,0.41783389151096345
11.706,1.0,1.0,0.4481366187334061
11.716,1.0,1.0,0.47844413220882415
11.726,1.0,1.0,0.5076113820075989
11.736,1.0,1.0,0.5370596349239348
11.746,1.0,1.0,0.5654726952314377
11.756,1.0,1.0,0.5991559147834777
11.766,1.0,1.0,0.6369292557239532
11.776,1.0,1.0,0.6723420739173889
11.786,1.0,1.0,0.7002187252044678
11.796,1.0,1.0,0.7240668833255767
11.806,1.0,1.0,0.7443505764007567
11.816,1.0,1.0,0.7572633683681488
11.826,1.0,1.0,0.7633715748786927
11.836,1.0,1.0,0.7658873975276947
11.846,1.0,1.0,0.7684032201766968
11.856,1.0,1.0,0.7689315080642701
11.866,1.0,1.0,0.7684709250926971
11.876,1.0,1.0,0.7709694266319274
11.886,1.0,1.0,0.7768751442432403
11.896,1.0,1.0,0.7827808618545533
11.906,1.0,1.0,0.7872178971767425
11.916,1.0,1.0,0.7887020349502564
11.926,1.0,1.0,0.790048885345459
11.936,1.0,1.0,0.7919796526432037
11.946,1.0,1.0,0.7939104199409485
11.956,1.0,1.0,0.793932032585144
11.966,1.0,1.0,0.790031713247299
11.976,1.0,1.0,0.7831460952758788
11.986,1.0,1.0,0.7761234879493714
11.996,1.0,1.0,0.7691008806228636
12.006,1.0,1.0,0.7645820498466491
12.016,1.0,1.0,0.7632086813449859
12.026,1.0,1.0,0.7620144367218018
12.036,1.0,1.0,0.7576094925403594
12.046,1.0,1.0,0.752601820230484
12.056,1.0,1.0,0.7462206780910493
12.066,1.0,1.0,0.7400760710239409
12.076,1.0,1.0,0.7332718253135682
12.086,1.0,1.0,0.7260452568531037
12.096,1.0,1.0,0.7171015918254853
12.106,1.0,1.0,0.7106872975826264
12.116,1.0,1.0,0.7043078660964964
12.126,1.0,1.0,0.6986763656139374
12.136,1.0,1.0,0.6955064415931702
12.146,1.0,1.0,0.6933841347694397
12.156,1.0,1.0,0.6912618279457092
12.166,1.0,1.0,0.6890121161937713
12.176,1.0,1.0,0.6897642314434052
12.186,1.0,1.0,0.6972393691539764
12.196,1.0,1.0,0.7115231394767761
12.206,1.0,1.0,0.7258069097995759
12.216,1.0,1.0,0.7434620201587677
12.226,1.0,1.0,0.7604357481002808
12.236,1.0,1.0,0.7747591257095336
12.246,1.0,1.0,0.7859150767326355
12.256,1.0,1.0,0.7970710277557372
12.266,1.0,1.0,0.8059914767742157
12.276,1.0,1.0,0.8127856612205505
12.286,1.0,1.0,0.8150354444980622
12.296,1.0,1.0,0.8121936917304992
12.306,1.0,1.0,0.8090514957904814
12.316,1.0,1.0,0.8005984604358674
12.326,1.0,1.0,0.786636209487915
12.336,1.0,1.0,0.7702553570270537
12.346,1.0,1.0,0.7565970420837401
12.356,1.0,1.0,0.741510945558548
12.366,1.0,1.0,0.7270274400711059
12.376,1.0,1.0,0.7116250038146973
12.386,1.0,1.0,0.6965760886669159
12.396,1.0,1.0,0.6815271735191345
12.406,1.0,1.0,0.6683885812759399
12.416,1.0,1.0,0.6592878818511961
12.426,1.0,1.0,0.6552264809608459
12.436,1.0,1.0,0.6523604214191436
12.446,1.0,1.0,0.6465346097946169
12.456,1.0,1.0,0.6421365797519684
12.466,1.0,1.0,0.6377878785133362
12.476,1.0,1.0,0.634414553642273
12.486,1.0,1.0,0.6315239906311035
12.496,1.0,1.0,0.630415266752243
12.506,1.0,1.0,0.6276966631412506
12.516,1.0,1.0,0.6247843086719513
12.526,1.0,1.0,0.62241113781929
12.536,1.0,1.0,0.6226848721504211
12.546,1.0,1.0,0.6257148504257202
12.556,1.0,1.0,0.6287448287010193
12.566,1.0,1.0,0.6326326191425323
12.576,1.0,1.0,0.6365953326225281
12.586,1.0,1.0,0.6402293503284454
12.596,1.0,1.0,0.6419822752475739
12.606,1.0,1.0,0.6437352001667023
12.616,1.0,1.0,0.6434948682785033
12.626,1.0,1.0,0.6432552099227905
12.636,1.0,1.0,0.6439081311225892
12.646,1.0,1.0,0.6458758533000946
12.656,1.0,1.0,0.6478435754776001
12.666,1.0,1.0,0.6511352479457855
12.676,1.0,1.0,0.6534083485603333
12.686,1.0,1.0,0.6530760586261749
12.696,1.0,1.0,0.651631873846054
12.706,1.0,1.0,0.6501876890659333
12.716,1.0,1.0,0.6488627910614013
12.726,1.0,1.0,0.6471786856651306
12.736,1.0,1.0,0.6453140795230865
12.746,1.0,1.0,0.6428286194801329
12.756,1.0,1.0,0.6403431594371796
12.766,1.0,1.0,0.6355579972267151
12.776,1.0,1.0,0.6288143336772919
12.786,1.0,1.0,0.6213742852210998
12.796,1.0,1.0,0.6151453852653505
12.806,1.0,1.0,0.6065870881080627
12.816,1.0,1.0,0.5961779117584228
12.826,1.0,1.0,0.5846901893615721
12.836,1.0,1.0,0.5729423463344574
12.846,1.0,1.0,0.5607040643692016
12.856,1.0,1.0,0.5487589120864869
12.866,1.0,1.0,0.5376403391361236
12.876,1.0,1.0,0.5281823337078094
12.886,1.0,1.0,0.5200075685977936
12.896,1.0,1.0,0.5118328034877777
12.906,1.0,1.0,0.5052042245864868
12.916,1.0,1.0,0.5006157100200653
12.926,1.0,1.0,0.49687543809413914
12.936,1.0,1.0,0.4924902647733688
12.946,1.0,1.0,0.48810509145259856
12.956,1.0,1.0,0.48303850889205935
12.966,1.0,1.0,0.47752942442893986
12.976,1.0,1.0,0.47145794034004207
12.986,1.0,1.0,0.4649177253246307
12.996,1.0,1.0,0.45837751030921936
13.006,1.0,1.0,0.45125633478164673
13.016,1.0,1.0,0.4433983415365219
13.026,1.0,1.0,0.435242646932602
13.036,1.0,1.0,0.42719046175479886
13.046,1.0,1.0,0.4191382765769959
13.056,1.0,1.0,0.4115709245204925
13.066,1.0,1.0,0.4052294909954071
13.076,1.0,1.0,0.4006957948207856
13.086,1.0,1.0,0.3976001620292664
13.096,1.0,1.0,0.3945045292377472
13.106,1.0,1.0,0.3919513434171677
13.116,1.0,1.0,0.3889512687921524
13.126,1.0,1.0,0.38360323309898375
13.136,1.0,1.0,0.3745017021894455
13.146,1.0,1.0,0.3654001712799072
13.156,1.0,1.0,0.35303798615932463
13.166,1.0,1.0,0.33824796974658966
13.176,1.0,1.0,0.3214213624596596
13.186,1.0,1.0,0.3036187708377838
13.196,1.0,1.0,0.2858161792159081
13.206,1.0,1.0,0.26878434866666795
13.216,1.0,1.0,0.2533361986279488
13.226,1.0,1.0,0.2383986681699753
13.236,1.0,1.0,0.22139250636100768
13.246,1.0,1.0,0.20438634455204008
13.256,1.0,1.0,0.18260417878627777
13.266,1.0,1.0,0.1552405197173357
13.276,1.0,1.0,0.12337785847485064
13.286,1.0,1.0,0.08828446753323078
13.296,1.0,1.0,0.05319107659161091
13.306,1.0,1.0,0.016366419568657874
13.316,1.0,1.0,-0.018857058510184287
13.326,1.0,1.0,-0.049116290733218194
13.336,1.0,1.0,-0.07352148704230783
13.346,1.0,1.0,-0.09792668335139752
13.356,1.0,1.0,-0.1156119640916586
13.366,1.0,1.0,-0.12622590363025665
13.376,1.0,1.0,-0.13143851608037949
13.386,1.0,1.0,-0.13310689628124237
13.396,1.0,1.0,-0.13477527648210524
13.406,1.0,1.0,-0.13485853970050812
13.416,1.0,1.0,-0.1357140675187111
13.426,1.0,1.0,-0.13884953707456588
13.436,1.0,1.0,-0.14411653131246566
13.446,1.0,1.0,-0.15318665653467178
13.456,1.0,1.0,-0.1610365927219391
13.466,1.0,1.0,-0.17299494296312332
13.476,1.0,1.0,-0.1875574752688408
13.486,1.0,1.0,-0.2013342693448067
13.496,1.0,1.0,-0.21443084627389908
13.506,1.0,1.0,-0.22733031064271927
13.516,1.0,1.0,-0.24035687744617465
13.526,1.0,1.0,-0.2508814126253128
13.536,1.0,1.0,-0.2548484236001968
13.546,1.0,1.0,-0.2500917986035347
13.556,1.0,1.0,-0.24533517360687257
13.566,1.0,1.0,-0.23093210607767103
13.576,1.0,1.0,-0.20926180258393287
13.586,1.0,1.0,-0.1849780581891537
13.596,1.0,1.0,-0.16059322282671928
13.606,1.0,1.0,-0.1362083874642849
13.616,1.0,1.0,-0.1137689433991909
13.626,1.0,1.0,-0.0958883374929428
13.636,1.0,1.0,-0.08392830863595009
13.646,1.0,1.0,-0.07817218676209449
13.656,1.0,1.0,-0.0724160648882389
13.666,1.0,1.0,-0.07161025330424309
13.676,1.0,1.0,-0.07229500189423561
13.686,1.0,1.0,-0.07174642607569695
13.696,1.0,1.0,-0.07197915837168693
13.706,1.0,1.0,-0.06988464323803782
13.716,1.0,1.0,-0.06734971264377236
13.726,1.0,1.0,-0.06462844172492624
13.736,1.0,1.0,-0.060340647120028734
13.746,1.0,1.0,-0.054769450519233945
13.756,1.0,1.0,-0.04905246654525399
13.766,1.0,1.0,-0.045254103187471625
13.776,1.0,1.0,-0.04738250309601426
13.786,1.0,1.0,-0.05513400668278336
13.796,1.0,1.0,-0.06288551026955247
13.806,1.0,1.0,-0.07110223527997732
13.816,1.0,1.0,-0.075494634360075
13.826,1.0,1.0,-0.076467627286911
13.836,1.0,1.0,-0.07668154947459697
13.846,1.0,1.0,-0.07689547166228294
13.856,1.0,1.0,-0.07715941406786442
13.866,1.0,1.0,-0.07587735690176486
13.876,1.0,1.0,-0.0728396262973547
13.886,1.0,1.0,-0.07164091728627682
13.896,1.0,1.0,-0.07044220827519894
13.906,1.0,1.0,-0.0736881110817194
13.916,1.0,1.0,-0.07904691137373446
13.926,1.0,1.0,-0.08330768831074238
13.936,1.0,1.0,-0.08567862622439862
13.946,1.0,1.0,-0.08804956413805484
13.956,1.0,1.0,-0.08934755995869635
13.966,1.0,1.0,-0.0909025438129902
13.976,1.0,1.0,-0.09232631176710128
13.986,1.0,1.0,-0.09217173904180528
13.996,1.0,1.0,-0.09201716631650925
14.006,1.0,1.0,-0.09089878946542741
14.016,1.0,1.0,-0.089647313952446
14.026,1.0,1.0,-0.08768866434693337
14.036,1.0,1.0,-0.08598572835326193
14.046,1.0,1.0,-0.08428279235959053
14.056,1.0,1.0,-0.08432908728718756
14.066,1.0,1.0,-0.08504376038908959
14.076,1.0,1.0,-0.08428500294685363
14.086,1.0,1.0,-0.08096928745508193
14.096,1.0,1.0,-0.07765357196331024
14.106,1.0,1.0,-0.07220799922943115
14.116,1.0,1.0,-0.0670583687722683
14.126,1.0,1.0,-0.06432845070958138
14.136,1.0,1.0,-0.06271007806062698
14.146,1.0,1.0,-0.0610917054116726
14.156,1.0,1.0,-0.05806225761771201
14.166,1.0,1.0,-0.05346607491374016
14.176,1.0,1.0,-0.04928429536521435
14.186,1.0,1.0,-0.045733514428138736
14.196,1.0,1.0,-0.04218273349106312
14.206,1.0,1.0,-0.0373494703322649
14.216,1.0,1.0,-0.03169477514456957
14.226,1.0,1.0,-0.0275156939169392
14.236,1.0,1.0,-0.025747877894900736
14.246,1.0,1.0,-0.02398006187286228
14.256,1.0,1.0,-0.02493664638604969
14.266,1.0,1.0,-0.029637012048624456
14.276,1.0,1.0,-0.03730179572012275
14.286,1.0,1.0,-0.045852917595766485
14.296,1.0,1.0,-0.05363319718744606
14.306,1.0,1.0,-0.06320703455712647
14.316,1.0,1.0,-0.07389519447460771
14.326,1.0,1.0,-0.0843912661075592
14.336,1.0,1.0,-0.09463846571743488
14.346,1.0,1.0,-0.10720046237111092
14.356,1.0,1.0,-0.11786861196160316
14.366,1.0,1.0,-0.1283198058605194
14.376,1.0,1.0,-0.13809891268610955
14.386,1.0,1.0,-0.1470083050429821
14.396,1.0,1.0,-0.15400237441062928
14.406,1.0,1.0,-0.16099644377827643
14.416,1.0,1.0,-0.16629433184862136
14.426,1.0,1.0,-0.17051684558391572
14.436,1.0,1.0,-0.17148308604955673
14.446,1.0,1.0,-0.1664866477251053
14.456,1.0,1.0,-0.16149020940065384
14.466,1.0,1.0,-0.15053278133273124
14.476,1.0,1.0,-0.1350744016468525
14.486,1.0,1.0,-0.11752088814973832
14.496,1.0,1.0,-0.10109783448278904
14.506,1.0,1.0,-0.08467478081583976
14.516,1.0,1.0,-0.0695736238732934
14.526,1.0,1.0,-0.05328503446653485
14.536,1.0,1.0,-0.036424620915204285
14.546,1.0,1.0,-0.021831155288964513
14.556,1.0,1.0,-0.007237689662724733
14.566,1.0,1.0,0.0038863974623382087
14.576,1.0,1.0,0.011083829496055842
14.586,1.0,1.0,0.013974280003458262
14.596,1.0,1.0,0.012749947328120468
14.606,1.0,1.0,0.01152561465278268
14.616,1.0,1.0,0.006866447161883116
14.626,1.0,1.0,-4.842747002840041e-05
14.636,1.0,1.0,-0.009155416674911977
14.646,1.0,1.0,-0.021919058449566365
14.656,1.0,1.0,-0.03468270022422075
14.666,1.0,1.0,-0.050656332261860365
14.676,1.0,1.0,-0.06780387908220291
14.686,1.0,1.0,-0.08474517166614531
14.696,1.0,1.0,-0.09912738651037217
14.706,1.0,1.0,-0.11414466351270676
14.716,1.0,1.0,-0.12680694386363028
14.726,1.0,1.0,-0.13871890157461167
14.736,1.0,1.0,-0.1484571024775505
14.746,1.0,1.0,-0.15128157734870912
14.756,1.0,1.0,-0.1541060522198677
14.766,1.0,1.0,-0.1480736456811428
14.776,1.0,1.0,-0.13487247750163078
14.786,1.0,1.0,-0.11823991294950248
14.796,1.0,1.0,-0.1021196379326284
14.806,1.0,1.0,-0.08536430075764656
14.816,1.0,1.0,-0.06775126643478871
14.826,1.0,1.0,-0.04721966180950402
14.836,1.0,1.0,-0.024231679923832416
14.846,1.0,1.0,-0.005881705321371555
14.856,1.0,1.0,0.016646390967071056
14.866,1.0,1.0,0.03566554989665747
14.876,1.0,1.0,0.04932889696210623
14.886,1.0,1.0,0.05722884424030781
14.896,1.0,1.0,0.06564108105376362
14.906,1.0,1.0,0.06962521392852068
14.916,1.0,1.0,0.07269842494279145
14.926,1.0,1.0,0.0758745137602091
14.936,1.0,1.0,0.07781683094799519
14.946,1.0,1.0,0.07975914813578129
14.956,1.0,1.0,0.08011788539588453
14.966,1.0,1.0,0.07841214351356028
14.976,1.0,1.0,0.07467379383742807
14.986,1.0,1.0,0.07319768927991392
14.996,1.0,1.0,0.07172158472239971
15.006,1.0,1.0,0.0752108044922352
15.016,1.0,1.0,0.08044873289763926
15.026,1.0,1.0,0.08353464454412461
15.036,1.0,1.0,0.08372099325060844
15.046,1.0,1.0,0.08390734195709229
15.056,1.0,1.0,0.0822402447462082
15.066,1.0,1.0,0.08048115447163581
15.076,1.0,1.0,0.0803738735616207
15.086,1.0,1.0,0.08184896111488342
15.096,1.0,1.0,0.08332404866814613
15.106,1.0,1.0,0.08550153225660323
15.116,1.0,1.0,0.0866200640797615
15.126,1.0,1.0,0.08472823053598404
15.136,1.0,1.0,0.0802660271525383
15.146,1.0,1.0,0.07580382376909256
15.156,1.0,1.0,0.06972030363976955
15.166,1.0,1.0,0.06299726329743863
15.176,1.0,1.0,0.05665490301325917
15.186,1.0,1.0,0.05013411561958492
15.196,1.0,1.0,0.043613328225910665
15.206,1.0,1.0,0.03778723366558552
15.216,1.0,1.0,0.03516620621085167
15.226,1.0,1.0,0.03448477312922478
15.236,1.0,1.0,0.03162164818495512
15.246,1.0,1.0,0.028758523240685466
15.256,1.0,1.0,0.024044808838516472
15.266,1.0,1.0,0.021466446900740267
15.276,1.0,1.0,0.023045193729922177
15.286,1.0,1.0,0.02883829409256577
15.296,1.0,1.0,0.03463139445520937
15.306,1.0,1.0,0.04173593861050904
15.316,1.0,1.0,0.04617974539287388
15.326,1.0,1.0,0.04875073810108006
15.336,1.0,1.0,0.05212266952730715
15.346,1.0,1.0,0.05549460095353424
15.356,1.0,1.0,0.058315869374200704
15.366,1.0,1.0,0.057490560319274665
15.376,1.0,1.0,0.05260112090036273
15.386,1.0,1.0,0.04502081517130137
15.396,1.0,1.0,0.03981489343568682
15.406,1.0,1.0,0.031363218650221826
15.416,1.0,1.0,0.023568757809698585
15.426,1.0,1.0,0.016403107531368734
15.436,1.0,1.0,0.009821503423154354
15.446,1.0,1.0,0.00044562164694070814
15.456,1.0,1.0,-0.005648786760866642
15.466,1.0,1.0,-0.012432039808481931
15.476,1.0,1.0,-0.019579506758600478
15.486,1.0,1.0,-0.024888819456100462
15.496,1.0,1.0,-0.03257251614704728
15.506,1.0,1.0,-0.03533607665449381
15.516,1.0,1.0,-0.03661893177777529
15.526,1.0,1.0,-0.0367956480011344
15.536,1.0,1.0,-0.03555394443683326
15.546,1.0,1.0,-0.03151796320453286
15.556,1.0,1.0,-0.028341834247112275
15.566,1.0,1.0,-0.022942300140857696
15.576,1.0,1.0,-0.017033887282013892
15.586,1.0,1.0,-0.013971920311450958
15.596,1.0,1.0,-0.010909953340888024
15.606,1.0,1.0,-0.01215161681175232
15.616,1.0,1.0,-0.015370558388531208
15.626,1.0,1.0,-0.01791800167411566
15.636,1.0,1.0,-0.019772230321541427
15.646,1.0,1.0,-0.0216264589689672
15.656,1.0,1.0,-0.023292170092463493
15.666,1.0,1.0,-0.02408888246864081
15.676,1.0,1.0,-0.024413203634321687
15.686,1.0,1.0,-0.02656095679849386
15.696,1.0,1.0,-0.031001683510839935
15.706,1.0,1.0,-0.03605891596525908
15.716,1.0,1.0,-0.04323806185275316
15.726,1.0,1.0,-0.05145143885165453
15.736,1.0,1.0,-0.058794672787189486
15.746,1.0,1.0,-0.06389836054295302
15.756,1.0,1.0,-0.06833071354776621
15.766,1.0,1.0,-0.06953875422477722
15.776,1.0,1.0,-0.06749383676797152
15.786,1.0,1.0,-0.06102190054953097
15.796,1.0,1.0,-0.04937274195253849
15.806,1.0,1.0,-0.037723583355546
15.816,1.0,1.0,-0.022119154408574104
15.826,1.0,1.0,-0.005284030362963677
15.836,1.0,1.0,0.010476680472493172
15.846,1.0,1.0,0.02483440525829792
15.856,1.0,1.0,0.03919213004410267
15.866,1.0,1.0,0.05382139421999455
15.876,1.0,1.0,0.0702257065102458
15.889,1.0,1.0,0.08778023421764372
15.899,1.0,1.0,0.104850585013628
15.909,1.0,1.0,0.12192093580961227
15.919,1.0,1.0,0.13812924474477767
15.929,1.0,1.0,0.1540650449693203
15.939,1.0,1.0,0.16934449896216391
15.949,1.0,1.0,0.18302166387438773
15.959,1.0,1.0,0.19669882878661157
15.969,1.0,1.0,0.2089984819293022
15.979,1.0,1.0,0.2209967523813248
15.989,1.0,1.0,0.23358983993530277
15.999,1.0,1.0,0.24378285557031631
16.009,1.0,1.0,0.25878954529762266
16.019,1.0,1.0,0.2789608627557755
16.029,1.0,1.0,0.3049790486693382
16.039,1.0,1.0,0.33529260605573646
16.049,1.0,1.0,0.36637189239263535
16.059,1.0,1.0,0.4004355236887932
16.069,1.0,1.0,0.4398983538150788
16.079,1.0,1.0,0.4794449716806412
16.089,1.0,1.0,0.5050930857658387
16.099,1.0,1.0,0.5307411998510361
16.109,1.0,1.0,0.541963917016983
16.119,1.0,1.0,0.5500743955373764
16.129,1.0,1.0,0.5503233253955842
16.139,1.0,1.0,0.5350302278995513
16.149,1.0,1.0,0.5197371304035187
16.159,1.0,1.0,0.4909189611673355
16.169,1.0,1.0,0.44249713718891137
16.179,1.0,1.0,0.3830855190753937
16.189,1.0,1.0,0.3379752218723297
16.199,1.0,1.0,0.29286492466926567
16.209,1.0,1.0,0.26038343012332915
16.219,1.0,1.0,0.22423162162303925
16.229,1.0,1.0,0.1905111491680145
16.239,1.0,1.0,0.1710299015045166
16.249,1.0,1.0,0.15154865384101868
16.259,1.0,1.0,0.14786410927772525
16.269,1.0,1.0,0.1636261373758316
16.279,1.0,1.0,0.1908868044614792
16.289,1.0,1.0,0.2140464276075363
16.299,1.0,1.0,0.23720605075359344
16.309,1.0,1.0,0.25363048911094666
16.319,1.0,1.0,0.2632797211408615
16.329,1.0,1.0,0.26658993065357206
16.339,1.0,1.0,0.2668334484100342
16.349,1.0,1.0,0.2696369588375092
16.359,1.0,1.0,0.2671844929456711
16.369,1.0,1.0,0.26364328861236574
16.379,1.0,1.0,0.2645211905241013
16.389,1.0,1.0,0.26293536126613615
16.399,1.0,1.0,0.24479372054338452
16.409,1.0,1.0,0.2303701847791672
16.419,1.0,1.0,0.212865237146616
16.429,1.0,1.0,0.2005432061851025
16.439,1.0,1.0,0.1912827894091606
16.449,1.0,1.0,0.1824236527085304
16.459,1.0,1.0,0.17356451600790024
16.469,1.0,1.0,0.16048469841480256
16.479,1.0,1.0,0.13978808522224426
16.489,1.0,1.0,0.1217355489730835
16.499,1.0,1.0,0.11866666227579116
16.509,1.0,1.0,0.11559777557849885
16.519,1.0,1.0,0.11915634498000144
16.529,1.0,1.0,0.12056959494948388
16.539,1.0,1.0,0.11355888359248638
16.549,1.0,1.0,0.10358689948916436
16.559,1.0,1.0,0.09361491538584232
16.569,1.0,1.0,0.07608652226626873
16.579,1.0,1.0,0.044897491857409474
16.589,1.0,1.0,0.006580347940325737
16.599,1.0,1.0,-0.03016463406383991
16.609,1.0,1.0,-0.07374648936092852
16.619,1.0,1.0,-0.1207025308161974
16.629,1.0,1.0,-0.17429629303514957
16.639,1.0,1.0,-0.2350091442465782
16.649,1.0,1.0,-0.29572199545800687
16.659,1.0,1.0,-0.3654522128403187
16.669,1.0,1.0,-0.42761290371418
16.679,1.0,1.0,-0.47319506406784057
16.689,1.0,1.0,-0.5122698307037353
16.699,1.0,1.0,-0.5513445973396301
16.709,1.0,1.0,-0.5792066514492035
16.719,1.0,1.0,-0.5912786543369293
16.729,1.0,1.0,-0.5839194416999817
16.739,1.0,1.0,-0.5568128436803818
16.749,1.0,1.0,-0.5297062456607817
16.759,1.0,1.0,-0.49192538857460016
16.769,1.0,1.0,-0.45803923010826103
16.779,1.0,1.0,-0.431651246547699
16.789,1.0,1.0,-0.40680355727672574
16.799,1.0,1.0,-0.3819558680057525
16.809,1.0,1.0,-0.361847311258316
16.819,1.0,1.0,-0.3502513378858566
16.829,1.0,1.0,-0.3463513404130936
16.839,1.0,1.0,-0.34731868803501126
16.849,1.0,1.0,-0.348286035656929
16.859,1.0,1.0,-0.35450419783592224
16.869,1.0,1.0,-0.36489830613136287
16.879,1.0,1.0,-0.37900731563568113
16.889,1.0,1.0,-0.3979981273412704
16.899,1.0,1.0,-0.4169889390468597
16.909,1.0,1.0,-0.4399850964546204
16.919,1.0,1.0,-0.4671636253595352
16.929,1.0,1.0,-0.4998323529958725
16.939,1.0,1.0,-0.5333679378032684
16.949,1.0,1.0,-0.5669035226106643
16.959,1.0,1.0,-0.5937285244464874
16.969,1.0,1.0,-0.6111493408679961
16.979,1.0,1.0,-0.6189480125904083
16.989,1.0,1.0,-0.6176577806472777
16.999,1.0,1.0,-0.6163675487041473
17.009,1.0,1.0,-0.6081298589706421
17.019,1.0,1.0,-0.5936578810214996
17.029,1.0,1.0,-0.5732459962368012
17.039,1.0,1.0,-0.5498335659503937
17.049,1.0,1.0,-0.5264211356639862
17.059,1.0,1.0,-0.502313768863678
17.069,1.0,1.0,-0.4775589436292648
17.079,1.0,1.0,-0.4533927112817765
17.089,1.0,1.0,-0.43203313052654263
17.099,1.0,1.0,-0.41220417320728303
17.109,1.0,1.0,-0.3949540346860886
17.119,1.0,1.0,-0.3821785539388657
17.129,1.0,1.0,-0.3737109422683716
17.139,1.0,1.0,-0.36857903897762306
17.149,1.0,1.0,-0.3643261820077896
17.159,1.0,1.0,-0.3638849228620529
17.169,1.0,1.0,-0.3696318477392197
17.179,1.0,1.0,-0.3873229056596756
17.189,1.0,1.0,-0.4102339535951615
17.199,1.0,1.0,-0.4316143780946732
17.209,1.0,1.0,-0.4591216653585434
17.219,1.0,1.0,-0.4908324927091599
17.229,1.0,1.0,-0.5241536676883698
17.239,1.0,1.0,-0.5574748426675796
17.249,1.0,1.0,-0.5893828123807907
17.259,1.0,1.0,-0.6193435221910477
17.269,1.0,1.0,-0.6457538306713104
17.279,1.0,1.0,-0.663918924331665
17.289,1.0,1.0,-0.6767241835594178
17.299,1.0,1.0,-0.6928471982479095
17.309,1.0,1.0,-0.7057874381542206
17.319,1.0,1.0,-0.7129776120185852
17.329,1.0,1.0,-0.718023282289505
17.339,1.0,1.0,-0.7196618258953095
17.349,1.0,1.0,-0.7218345284461974
17.359,1.0,1.0,-0.7154482722282409
17.369,1.0,1.0,-0.7100528299808502
17.379,1.0,1.0,-0.6959806084632874
17.389,1.0,1.0,-0.6819083869457245
17.399,1.0,1.0,-0.6627525210380554
17.409,1.0,1.0,-0.6400484263896942
17.419,1.0,1.0,-0.617344331741333
17.429,1.0,1.0,-0.5948319375514984
17.439,1.0,1.0,-0.5743093609809875
17.449,1.0,1.0,-0.5537867844104767
17.459,1.0,1.0,-0.5416651606559754
17.469,1.0,1.0,-0.529543536901474
17.479,1.0,1.0,-0.5265960395336151
17.489,1.0,1.0,-0.5257575988769532
17.499,1.0,1.0,-0.5266850471496584
17.509,1.0,1.0,-0.5293311655521393
17.519,1.0,1.0,-0.5319772839546204
17.529,1.0,1.0,-0.5342013120651246
17.539,1.0,1.0,-0.5407177388668061
17.549,1.0,1.0,-0.5472341656684876
17.559,1.0,1.0,-0.5558558583259583
17.569,1.0,1.0,-0.5662797510623931
17.579,1.0,1.0,-0.575153511762619
17.589,1.0,1.0,-0.581711494922638
17.599,1.0,1.0,-0.5878914177417756
17.609,1.0,1.0,-0.5929568111896515
17.619,1.0,1.0,-0.5976599156856537
17.629,1.0,1.0,-0.6022198140621186
17.639,1.0,1.0,-0.6039046227931977
17.649,1.0,1.0,-0.604710990190506
17.659,1.0,1.0,-0.6055173575878143
17.669,1.0,1.0,-0.6028724193573
17.679,1.0,1.0,-0.5954012453556061
17.689,1.0,1.0,-0.5881367921829224
17.699,1.0,1.0,-0.5790440440177917
17.709,1.0,1.0,-0.5699512958526611
17.719,1.0,1.0,-0.5596365213394165
17.729,1.0,1.0,-0.5483656853437424
17.739,1.0,1.0,-0.5369031190872192
17.749,1.0,1.0,-0.5264303326606751
17.759,1.0,1.0,-0.5159575462341308
17.769,1.0,1.0,-0.5066670089960098
17.779,1.0,1.0,-0.5012471884489059
17.789,1.0,1.0,-0.4958273679018021
17.799,1.0,1.0,-0.49500277936458587
17.809,1.0,1.0,-0.49525611102581024
17.819,1.0,1.0,-0.4970937579870224
17.829,1.0,1.0,-0.4987628519535065
17.839,1.0,1.0,-0.4997771471738816
17.849,1.0,1.0,-0.5006801038980484
17.859,1.0,1.0,-0.5006423503160476
17.869,1.0,1.0,-0.5000911593437195
17.879,1.0,1.0,-0.49838015139102937
17.889,1.0,1.0,-0.4966691434383392
17.899,1.0,1.0,-0.4906934827566146
17.909,1.0,1.0,-0.4836399018764496
17.919,1.0,1.0,-0.4759830057621002
17.929,1.0,1.0,-0.4699295043945312
17.939,1.0,1.0,-0.46515232920646665
17.949,1.0,1.0,-0.46037515401840207
17.959,1.0,1.0,-0.45638411641120913
17.969,1.0,1.0,-0.4533407360315323
17.979,1.0,1.0,-0.4521958440542221
17.989,1.0,1.0,-0.4521256774663925
17.999,1.0,1.0,-0.4539312869310379
18.009,1.0,1.0,-0.4581796795129776
18.019,1.0,1.0,-0.4630313873291016
18.029,1.0,1.0,-0.46676721572875973
18.039,1.0,1.0,-0.4698477506637573
18.049,1.0,1.0,-0.4729282855987549
18.059,1.0,1.0,-0.47676922082901
18.069,1.0,1.0,-0.4805040717124938
18.079,1.0,1.0,-0.48171462416648864
18.089,1.0,1.0,-0.47856988608837125
18.099,1.0,1.0,-0.47542514801025393
18.109,1.0,1.0,-0.46737041771411897
18.119,1.0,1.0,-0.4578860491514206
18.129,1.0,1.0,-0.4461435914039612
18.139,1.0,1.0,-0.43036276996135714
18.149,1.0,1.0,-0.4116614729166031
18.159,1.0,1.0,-0.39235434830188753
18.169,1.0,1.0,-0.37381344437599184
18.179,1.0,1.0,-0.3595055937767029
18.189,1.0,1.0,-0.34942651987075807
18.199,1.0,1.0,-0.33934744596481325
18.209,1.0,1.0,-0.3317355811595917
18.219,1.0,1.0,-0.32670200765132906
18.229,1.0,1.0,-0.3257923424243927
18.239,1.0,1.0,-0.33021725714206696
18.249,1.0,1.0,-0.3375626474618912
18.259,1.0,1.0,-0.3449080377817154
18.269,1.0,1.0,-0.3526274383068085
18.279,1.0,1.0,-0.3593739777803421
18.289,1.0,1.0,-0.36733833849430086
18.299,1.0,1.0,-0.3753026992082596
18.309,1.0,1.0,-0.3832670599222183
18.319,1.0,1.0,-0.39199086725711824
18.329,1.0,1.0,-0.39935719072818754
18.339,1.0,1.0,-0.4044317960739136
18.349,1.0,1.0,-0.4095064014196396
18.359,1.0,1.0,-0.4145810067653656
18.369,1.0,1.0,-0.41770288348197937
18.379,1.0,1.0,-0.41655013263225554
18.389,1.0,1.0,-0.4088165551424026
18.399,1.0,1.0,-0.40108297765254974
18.409,1.0,1.0,-0.3895346015691757
18.419,1.0,1.0,-0.37267863452434546
18.429,1.0,1.0,-0.35322062075138094
18.439,1.0,1.0,-0.33530500233173366
18.449,1.0,1.0,-0.3173893839120865
18.459,1.0,1.0,-0.29947376549243926
18.469,1.0,1.0,-0.2837238311767578
18.479,1.0,1.0,-0.27199184000492094
18.489,1.0,1.0,-0.2670140713453293
18.499,1.0,1.0,-0.26203630268573763
18.509,1.0,1.0,-0.26087333261966705
18.519,1.0,1.0,-0.2646539300680161
18.529,1.0,1.0,-0.26965421438217163
18.539,1.0,1.0,-0.2705085247755051
18.549,1.0,1.0,-0.27136283516883847
18.559,1.0,1.0,-0.2722171455621719
18.569,1.0,1.0,-0.27465133666992186
18.579,1.0,1.0,-0.27762879729270934
18.589,1.0,1.0,-0.2741921454668045
18.599,1.0,1.0,-0.2707554936408997
18.609,1.0,1.0,-0.2673188418149948
18.619,1.0,1.0,-0.2618608146905899
18.629,1.0,1.0,-0.2568127989768982
18.639,1.0,1.0,-0.245705184340477
18.649,1.0,1.0,-0.23459756970405576
18.659,1.0,1.0,-0.22348995506763455
18.669,1.0,1.0,-0.20419754534959797
18.679,1.0,1.0,-0.18061391934752463
18.689,1.0,1.0,-0.1595361053943634
18.699,1.0,1.0,-0.13845829144120217
18.709,1.0,1.0,-0.11718578711152076
18.719,1.0,1.0,-0.09797607138752938
18.729,1.0,1.0,-0.08138851821422578
18.739,1.0,1.0,-0.07418755739927292
18.749,1.0,1.0,-0.06698659658432007
18.759,1.0,1.0,-0.05775152295827866
18.769,1.0,1.0,-0.0531776487827301
18.779,1.0,1.0,-0.052506162226200095
18.789,1.0,1.0,-0.053759803622961046
18.799,1.0,1.0,-0.05501344501972198
18.809,1.0,1.0,-0.053605611436069005
18.819,1.0,1.0,-0.045891308970749375
18.829,1.0,1.0,-0.03006890732795
18.839,1.0,1.0,-0.014744088985025884
18.849,1.0,1.0,0.0005807293578982353
18.859,1.0,1.0,0.018977920524775985
18.869,1.0,1.0,0.04221216570585966
18.879,1.0,1.0,0.07077329363673926
18.889,1.0,1.0,0.1029842620715499
18.899,1.0,1.0,0.13773040976375342
18.909,1.0,1.0,0.16962039209902283
18.919,1.0,1.0,0.19848875030875207
18.929,1.0,1.0,0.22553418725728988
18.939,1.0,1.0,0.25520087853074075
18.949,1.0,1.0,0.2848675698041916
18.959,1.0,1.0,0.31138927191495896
18.969,1.0,1.0,0.33234467059373857
18.979,1.0,1.0,0.3497036755084991
18.989,1.0,1.0,0.36280236840248103
18.999,1.0,1.0,0.37214774191379546
19.009,1.0,1.0,0.38149311542510983
19.019,1.0,1.0,0.3892502307891846
19.029,1.0,1.0,0.3926579624414444
19.039,1.0,1.0,0.39276697933673854
19.049,1.0,1.0,0.3928759962320328
19.059,1.0,1.0,0.3911847561597824
19.069,1.0,1.0,0.39052216708660126
19.079,1.0,1.0,0.3899539947509766
19.089,1.0,1.0,0.3917008757591248
19.099,1.0,1.0,0.3946658968925476
19.109,1.0,1.0,0.39952622950077055
19.119,1.0,1.0,0.4048240870237351
19.129,1.0,1.0,0.40845089256763456
19.139,1.0,1.0,0.411213093996048
19.149,1.0,1.0,0.4139752954244614
19.159,1.0,1.0,0.4167376339435577
19.169,1.0,1.0,0.418746817111969
19.179,1.0,1.0,0.4189332693815232
19.189,1.0,1.0,0.41652205884456633
19.199,1.0,1.0,0.4141108483076096
19.209,1.0,1.0,0.4082867383956909
19.219,1.0,1.0,0.4004993289709091
19.229,1.0,1.0,0.39352025091648096
19.239,1.0,1.0,0.38655390143394475
19.249,1.0,1.0,0.3769469827413559
19.259,1.0,1.0,0.36717868745327
19.269,1.0,1.0,0.3553913325071335
19.279,1.0,1.0,0.34393502175807955
19.289,1.0,1.0,0.3319392442703248
19.299,1.0,1.0,0.3169524908065796
19.309,1.0,1.0,0.3034833252429962
19.319,1.0,1.0,0.29087311327457427
19.329,1.0,1.0,0.2819665938615799
19.339,1.0,1.0,0.277473646402359
19.349,1.0,1.0,0.27540883123874665
19.359,1.0,1.0,0.27334401607513426
19.369,1.0,1.0,0.2715582698583603
19.379,1.0,1.0,0.27201113700866697
19.389,1.0,1.0,0.27761353850364684
19.399,1.0,1.0,0.28832900822162627
19.409,1.0,1.0,0.2990444779396057
19.419,1.0,1.0,0.3127287328243256
19.429,1.0,1.0,0.3265353709459305
19.439,1.0,1.0,0.3397997677326202
19.449,1.0,1.0,0.35446077585220337
19.459,1.0,1.0,0.36912178397178647
19.469,1.0,1.0,0.3860826432704926
19.479,1.0,1.0,0.40317970216274257
19.489,1.0,1.0,0.4193625420331955
19.499,1.0,1.0,0.43555944263935087
19.509,1.0,1.0,0.45175634324550634
19.519,1.0,1.0,0.46678177118301384
19.529,1.0,1.0,0.479182842373848
19.539,1.0,1.0,0.48988581001758574
19.549,1.0,1.0,0.49940460324287417
19.559,1.0,1.0,0.509298786520958
19.569,1.0,1.0,0.5172712832689286
19.579,1.0,1.0,0.5220860421657563
19.589,1.0,1.0,0.5249286949634552
19.599,1.0,1.0,0.5256351947784424
19.609,1.0,1.0,0.5290727496147156
19.619,1.0,1.0,0.5343077003955841
19.629,1.0,1.0,0.5407085299491883
19.639,1.0,1.0,0.547217047214508
19.649,1.0,1.0,0.5542848885059357
19.659,1.0,1.0,0.5609773397445679
19.669,1.0,1.0,0.5692748427391052
19.679,1.0,1.0,0.5798567175865174
19.689,1.0,1.0,0.5902773797512054
19.699,1.0,1.0,0.6005370497703553
19.709,1.0,1.0,0.608065664768219
19.719,1.0,1.0,0.613500040769577
19.729,1.0,1.0,0.6185899138450622
19.739,1.0,1.0,0.6224353075027466
19.749,1.0,1.0,0.6228122115135193
19.759,1.0,1.0,0.623189115524292
19.769,1.0,1.0,0.6200986623764038
19.779,1.0,1.0,0.6163720071315766
19.789,1.0,1.0,0.6151378750801086
19.799,1.0,1.0,0.6161941230297089
19.809,1.0,1.0,0.6172503709793091
19.819,1.0,1.0,0.6179086565971376
19.829,1.0,1.0,0.6173060774803162
19.839,1.0,1.0,0.6169877052307129
19.849,1.0,1.0,0.6195784986019135
19.859,1.0,1.0,0.6209503650665283
19.869,1.0,1.0,0.6235655903816223
19.879,1.0,1.0,0.6266070365905761
19.889,1.0,1.0,0.6310935080051422
19.899,1.0,1.0,0.6334505915641785
19.909,1.0,1.0,0.6413772463798523
19.919,1.0,1.0,0.652442193031311
19.929,1.0,1.0,0.6646180331707001
19.939,1.0,1.0,0.6771202981472016
19.949,1.0,1.0,0.6895809710025788
19.959,1.0,1.0,0.7032605707645416
19.969,1.0,1.0,0.7183760523796081
19.979,1.0,1.0,0.7318994104862213
19.989,1.0,1.0,0.7407251060009001
19.999,1.0,1.0,0.7507770538330079
20.009,1.0,1.0,0.7552594304084778
20.019,1.0,1.0,0.7563692808151244
20.029,1.0,1.0,0.753143447637558
20.039,1.0,1.0,0.7449237167835235
20.049,1.0,1.0,0.7326181709766387
20.059,1.0,1.0,0.720312625169754
20.069,1.0,1.0,0.7046719074249268
20.079,1.0,1.0,0.686492246389389
20.089,1.0,1.0,0.6668092906475067
20.099,1.0,1.0,0.6464339256286621
20.109,1.0,1.0,0.6260585606098176
20.119,1.0,1.0,0.6077941954135895
20.129,1.0,1.0,0.5963256359100342
20.139,1.0,1.0,0.5940617859363556
20.149,1.0,1.0,0.6000875353813171
20.159,1.0,1.0,0.6061132848262787
20.169,1.0,1.0,0.6181588172912598
20.179,1.0,1.0,0.6345134496688841
20.189,1.0,1.0,0.6540190219879152
20.199,1.0,1.0,0.6751147866249084
20.209,1.0,1.0,0.6962105512619019
20.22,1.0,1.0,0.7178915202617645
20.229,1.0,1.0,0.7400366246700286
20.239,1.0,1.0,0.7606594622135162
20.249,1.0,1.0,0.7757395029067992
20.259,1.0,1.0,0.7908195436000824
20.269,1.0,1.0,0.8000124156475067
20.279,1.0,1.0,0.8063766181468963
20.289,1.0,1.0,0.8102338731288908
20.299,1.0,1.0,0.8103412508964538
20.309,1.0,1.0,0.8104486286640167
20.319,1.0,1.0,0.8066298723220826
20.329,1.0,1.0,0.799417245388031
20.339,1.0,1.0,0.7926342487335205
20.349,1.0,1.0,0.7915212392807006
20.359,1.0,1.0,0.7904082298278808
20.369,1.0,1.0,0.7941206216812133
20.379,1.0,1.0,0.7982509613037111
20.389,1.0,1.0,0.8028971374034881
20.399,1.0,1.0,0.8094388544559479
20.409,1.0,1.0,0.8159805715084076
20.419,1.0,1.0,0.8216956555843353
20.429,1.0,1.0,0.8209607601165771
20.439,1.0,1.0,0.8027006924152374
20.449,1.0,1.0,0.7801512420177461
20.459,1.0,1.0,0.7345755696296693
20.469,1.0,1.0,0.6714164882898329
20.479,1.0,1.0,0.6060005992650985
20.489,1.0,1.0,0.5401741951704025
20.499,1.0,1.0,0.4763434216380119
20.509,1.0,1.0,0.4220010325312614
20.519,1.0,1.0,0.36940265744924544
20.529,1.0,1.0,0.33541469424963
20.539,1.0,1.0,0.3259911879897118
20.549,1.0,1.0,0.3212605521082878
20.559,1.0,1.0,0.3410471424460411
20.569,1.0,1.0,0.3770636931061745
20.579,1.0,1.0,0.4195587769150734
20.589,1.0,1.0,0.46480568796396254
20.599,1.0,1.0,0.5036789000034332
20.609,1.0,1.0,0.5236038416624069
20.619,1.0,1.0,0.5435287833213808
20.629,1.0,1.0,0.5396082699298859
20.639,1.0,1.0,0.5179687559604644
20.649,1.0,1.0,0.48997561335563666
20.659,1.0,1.0,0.4626220107078553
20.669,1.0,1.0,0.4352684080600738
20.679,1.0,1.0,0.40717686712741846
20.689,1.0,1.0,0.37750537097454073
20.699,1.0,1.0,0.3442678824067116
20.709,1.0,1.0,0.30929028540849685
20.719,1.0,1.0,0.27431268841028206
20.729,1.0,1.0,0.2495453476905823
20.739,1.0,1.0,0.23162786811590197
20.749,1.0,1.0,0.21537114679813385
20.759,1.0,1.0,0.1913261316716671
20.769,1.0,1.0,0.1545425161719322
20.779,1.0,1.0,0.10283387750387192
20.789,1.0,1.0,0.062096912413835526
20.799,1.0,1.0,0.029034309089183807
20.809,1.0,1.0,0.02110757082700729
20.819,1.0,1.0,0.010944402217864992
20.829,1.0,1.0,-0.0017328107729554175
20.839,1.0,1.0,-0.013510604156181216
20.849,1.0,1.0,-0.025801534485071897
20.859,1.0,1.0,-0.03243471519090235
20.869,1.0,1.0,-0.02720029107294977
20.879,1.0,1.0,-0.007112582912668586
20.889,1.0,1.0,0.005360071221366525
20.899,1.0,1.0,0.021201915154233576
20.909,1.0,1.0,0.023107888409867883
20.919,1.0,1.0,0.0294772042427212
20.929,1.0,1.0,0.040599270956590765
20.939,1.0,1.0,0.053564651124179366
20.949,1.0,1.0,0.06562410532496869
20.959,1.0,1.0,0.07768355952575803
20.969,1.0,1.0,0.07992919087409973
20.979,1.0,1.0,0.0673461053520441
20.989,1.0,1.0,0.048637226596474646
20.999,1.0,1.0,0.03249081559479237
21.009,1.0,1.0,0.016344404593110085
21.019,1.0,1.0,0.003832558169960976
21.029,1.0,1.0,-0.00581846795976162
21.04,1.0,1.0,-0.013713817670941352
21.05,1.0,1.0,-0.017878066375851633
21.06,1.0,1.0,-0.02204231508076191
21.07,1.0,1.0,-0.015420512855052948
21.08,1.0,1.0,0.001979710161685944
21.09,1.0,1.0,0.01810859814286232
21.1,1.0,1.0,0.023458492010831836
21.11,1.0,1.0,0.028808385878801347
21.12,1.0,1.0,0.02348231449723244
21.13,1.0,1.0,0.008685184270143507
21.14,1.0,1.0,-0.014824633300304414
21.15,1.0,1.0,-0.04277909994125366
21.16,1.0,1.0,-0.07073356658220291
21.17,1.0,1.0,-0.09881055802106856
21.18,1.0,1.0,-0.12428196221590042
21.19,1.0,1.0,-0.14739799425005912
21.2,1.0,1.0,-0.1708827443420887
21.21,1.0,1.0,-0.2000090591609478
21.22,1.0,1.0,-0.22432088553905488
21.23,1.0,1.0,-0.24686973392963407
21.24,1.0,1.0,-0.26604491770267485
21.25,1.0,1.0,-0.28454488068819045
21.26,1.0,1.0,-0.3042990803718567
21.27,1.0,1.0,-0.32403198778629305
21.28,1.0,1.0,-0.3416596695780754
21.29,1.0,1.0,-0.3502757787704468
21.3,1.0,1.0,-0.3445610657334328
21.31,1.0,1.0,-0.3252980843186378
21.32,1.0,1.0,-0.3060351029038429
21.33,1.0,1.0,-0.2776284724473953
21.34,1.0,1.0,-0.2448386915028095
21.35,1.0,1.0,-0.20965839587152005
21.36,1.0,1.0,-0.1717500351369381
21.37,1.0,1.0,-0.13384167440235614
21.38,1.0,1.0,-0.09633924439549446
21.39,1.0,1.0,-0.0649705127812922
21.4,1.0,1.0,-0.0434004089795053
21.41,1.0,1.0,-0.0323945022188127
21.42,1.0,1.0,-0.021388595458120108
21.43,1.0,1.0,-0.019202254991978408
21.44,1.0,1.0,-0.021448093932121992
21.45,1.0,1.0,-0.023701035138219598
21.46,1.0,1.0,-0.0245998858474195
21.47,1.0,1.0,-0.025498736556619404
21.48,1.0,1.0,-0.02416746336966753
21.49,1.0,1.0,-0.019078157190233473
21.5,1.0,1.0,-0.009689204674214125
21.51,1.0,1.0,0.0038116862066090106
21.52,1.0,1.0,0.017312577087432147
21.53,1.0,1.0,0.033763160649687055
21.54,1.0,1.0,0.05070415670052171
21.55,1.0,1.0,0.06610429668799042
21.56,1.0,1.0,0.079614616651088
21.57,1.0,1.0,0.09312493661418558
21.58,1.0,1.0,0.10424207895994186
21.59,1.0,1.0,0.11254082918167116
21.6,1.0,1.0,0.118983456492424
21.61,1.0,1.0,0.123971638828516
21.62,1.0,1.0,0.12982877492904665
21.63,1.0,1.0,0.1362719401717186
21.64,1.0,1.0,0.14451032057404517
21.65,1.0,1.0,0.15418223589658736
21.66,1.0,1.0,0.16291605234146117
21.67,1.0,1.0,0.17225461602210998
21.68,1.0,1.0,0.17998464554548263
21.69,1.0,1.0,0.18445567339658736
21.7,1.0,1.0,0.18454546928405763
21.71,1.0,1.0,0.18463526517152787
21.72,1.0,1.0,0.18126437664031983
21.73,1.0,1.0,0.17573993876576424
21.74,1.0,1.0,0.16842614188790322
21.75,1.0,1.0,0.1596434198319912
21.76,1.0,1.0,0.1508606977760792
21.77,1.0,1.0,0.1410590998828411
21.78,1.0,1.0,0.1300050914287567
21.79,1.0,1.0,0.11816488802433014
21.8,1.0,1.0,0.10702617205679416
21.81,1.0,1.0,0.09588745608925821
21.82,1.0,1.0,0.08704438880085946
21.83,1.0,1.0,0.08165766894817354
21.84,1.0,1.0,0.08034225776791573
21.85,1.0,1.0,0.08281940147280693
21.86,1.0,1.0,0.08529654517769812
21.87,1.0,1.0,0.09001932963728905
21.88,1.0,1.0,0.09553999304771425
21.89,1.0,1.0,0.1009309709072113
21.9,1.0,1.0,0.10824203006923198
21.91,1.0,1.0,0.11252230927348136
21.92,1.0,1.0,0.1140623278915882
21.93,1.0,1.0,0.11107478737831115
21.94,1.0,1.0,0.10221464335918426
21.95,1.0,1.0,0.08695574384182692
21.96,1.0,1.0,0.07169684432446957
21.97,1.0,1.0,0.05168703682720661
21.98,1.0,1.0,0.030153266713023187
21.99,1.0,1.0,0.010307483002543447
22.0,1.0,1.0,-0.008715072646737097
22.01,1.0,1.0,-0.024706848338246344
22.02,1.0,1.0,-0.03587239645421505
22.03,1.0,1.0,-0.041927500255405904
22.04,1.0,1.0,-0.042943056719377634
22.05,1.0,1.0,-0.039263292727991936
22.06,1.0,1.0,-0.03558352873660624
22.07,1.0,1.0,-0.02867147293873131
22.08,1.0,1.0,-0.020994181791320444
22.09,1.0,1.0,-0.014403119077906012
22.1,1.0,1.0,-0.009308958845213057
22.11,1.0,1.0,-0.0042147986125200985
22.12,1.0,1.0,-0.0005710802506655456
22.13,1.0,1.0,0.0013061131350696087
22.14,1.0,1.0,0.001829990278929472
22.15,1.0,1.0,0.002136587910354137
22.16,1.0,1.0,0.002443185541778803
22.17,1.0,1.0,0.0027474761940538884
22.18,1.0,1.0,0.0026700685732066634
22.19,1.0,1.0,0.0019110121764242649
22.2,1.0,1.0,7.267538458108903e-05
22.21,1.0,1.0,-0.0017656614072620869
22.22,1.0,1.0,-0.00422682361677289
22.23,1.0,1.0,-0.0070007334928959605
22.24,1.0,1.0,-0.011632742080837487
22.25,1.0,1.0,-0.019267146196216344
22.26,1.0,1.0,-0.0269015503115952
22.27,1.0,1.0,-0.03558178013190627
22.28,1.0,1.0,-0.04173044627532362
22.29,1.0,1.0,-0.043575257249176505
22.3,1.0,1.0,-0.04241853319108487
22.31,1.0,1.0,-0.04103987086564302
22.32,1.0,1.0,-0.039377826265990734
22.33,1.0,1.0,-0.03713986622169614
22.34,1.0,1.0,-0.03179875081405044
22.35,1.0,1.0,-0.022759306337684394
22.36,1.0,1.0,-0.013531735073775052
22.37,1.0,1.0,-0.003568927105516195
22.38,1.0,1.0,0.004119263496249913
22.39,1.0,1.0,0.00917606195434928
22.4,1.0,1.0,0.013678976986557245
22.41,1.0,1.0,0.01871404396370053
22.42,1.0,1.0,0.02374911094084382
22.43,1.0,1.0,0.027808635868132116
22.44,1.0,1.0,0.02895565740764141
22.45,1.0,1.0,0.027509074471890927
22.46,1.0,1.0,0.02531807841733098
22.47,1.0,1.0,0.02312708236277104
22.48,1.0,1.0,0.020634221844375134
22.49,1.0,1.0,0.016401257552206516
22.5,1.0,1.0,0.00986802764236927
22.51,1.0,1.0,0.0027085628360509874
22.52,1.0,1.0,-0.004450901970267296
22.53,1.0,1.0,-0.010464919544756411
22.54,1.0,1.0,-0.015297347493469716
22.55,1.0,1.0,-0.01967835649847984
22.56,1.0,1.0,-0.022867888491600756
22.57,1.0,1.0,-0.02605742048472166
22.58,1.0,1.0,-0.025803002435714005
22.59,1.0,1.0,-0.021272925753146408
22.6,1.0,1.0,-0.014974794257432224
22.61,1.0,1.0,-0.01031200885772705
22.62,1.0,1.0,-0.005649223458021879
22.63,1.0,1.0,-0.003459088131785393
22.64,1.0,1.0,-0.002055414579808712
22.65,1.0,1.0,-0.0004271052777767181
22.66,1.0,1.0,0.0008922532200813293
22.67,1.0,1.0,0.0021318469662219286
22.68,1.0,1.0,0.0006918181199580433
22.69,1.0,1.0,-0.002732118172571063
22.7,1.0,1.0,-0.005194573034532368
22.71,1.0,1.0,-0.005258873221464455
22.72,1.0,1.0,-0.005323173408396542
22.73,1.0,1.0,-0.004241696582175792
22.74,1.0,1.0,-0.0033723501837812364
22.75,1.0,1.0,-0.0023617111204657705
22.76,1.0,1.0,-0.0010989921225700529
22.77,1.0,1.0,0.00024349162704311313
22.78,1.0,1.0,0.001988930808147416
22.79,1.0,1.0,0.0021073109412100164
22.8,1.0,1.0,-0.0005134488746989518
22.81,1.0,1.0,-0.00396856966544874
22.82,1.0,1.0,-0.007423690456198528
22.83,1.0,1.0,-0.009172584424959496
22.84,1.0,1.0,-0.009108657034812496
22.85,1.0,1.0,-0.008983925578650086
22.86,1.0,1.0,-0.009837118617724627
22.87,1.0,1.0,-0.010690311656799168
22.88,1.0,1.0,-0.011541836604010314
22.89,1.0,1.0,-0.01075749626616016
22.9,1.0,1.0,-0.008379020181018857
22.91,1.0,1.0,-0.006087381078395992
22.92,1.0,1.0,-0.0037957419757731264
22.93,1.0,1.0,-0.0025100677157752216
22.94,1.0,1.0,-0.0014624965260736644
22.95,1.0,1.0,0.00028960956260561945
22.96,1.0,1.0,0.002162029920145869
22.97,1.0,1.0,0.004034450277686119
22.98,1.0,1.0,0.0046880556736141445
22.99,1.0,1.0,0.004273056634701788
23.0,1.0,1.0,0.004227148299105464
23.01,1.0,1.0,0.005055750417523086
23.02,1.0,1.0,0.0058843525359407066
23.03,1.0,1.0,0.006422504084184766
23.04,1.0,1.0,0.005452324310317636
23.05,1.0,1.0,0.0034180019982159135
23.06,1.0,1.0,0.002447263477370143
23.07,1.0,1.0,0.0014765249565243722
23.08,1.0,1.0,0.0031655303668230773
23.09,1.0,1.0,0.00667195008136332
23.1,1.0,1.0,0.010275186691433192
23.11,1.0,1.0,0.013676137104630472
23.12,1.0,1.0,0.01707708751782775
23.13,1.0,1.0,0.020674168923869727
23.14,1.0,1.0,0.02370120263658464
23.15,1.0,1.0,0.024760109838098288
23.16,1.0,1.0,0.023448633309453727
23.17,1.0,1.0,0.022137156780809165
23.18,1.0,1.0,0.019169060792773963
23.19,1.0,1.0,0.015488681662827733
23.2,1.0,1.0,0.011273984517902135
23.21,1.0,1.0,0.006096479762345552
23.22,1.0,1.0,0.000918975006788969
23.23,1.0,1.0,-0.004548901412636042
23.24,1.0,1.0,-0.007818863051943481
23.25,1.0,1.0,-0.006768755498342216
23.26,1.0,1.0,-0.0018812083872035144
23.27,1.0,1.0,0.003006338723935187
23.28,1.0,1.0,0.009484841697849333
23.29,1.0,1.0,0.015462790266610682
23.3,1.0,1.0,0.02008783968631178
23.31,1.0,1.0,0.023594798357225957
23.32,1.0,1.0,0.027101757028140126
23.33,1.0,1.0,0.029282171675004066
23.34,1.0,1.0,0.028889240045100448
23.35,1.0,1.0,0.025074353162199255
23.36,1.0,1.0,0.019008117076009516
23.37,1.0,1.0,0.012069578003138305
23.38,1.0,1.0,0.0033766048960387706
23.39,1.0,1.0,-0.004344639461487531
23.4,1.0,1.0,-0.008327657310292124
23.41,1.0,1.0,-0.010871466994285584
23.42,1.0,1.0,-0.01022141594439745
23.43,1.0,1.0,-0.005332923866808415
23.44,1.0,1.0,0.0027860610745847223
23.45,1.0,1.0,0.01189489671960473
23.46,1.0,1.0,0.019635251443833112
23.47,1.0,1.0,0.02824790915474296
23.48,1.0,1.0,0.036923815961927176
23.49,1.0,1.0,0.045725526381284
23.5,1.0,1.0,0.05287345214746893
23.51,1.0,1.0,0.059263435564935206
23.52,1.0,1.0,0.0624595582485199
23.53,1.0,1.0,0.06056364625692368
23.54,1.0,1.0,0.05457047112286091
23.55,1.0,1.0,0.047261395398527375
23.56,1.0,1.0,0.04049443453550339
23.57,1.0,1.0,0.03372747367247939
23.58,1.0,1.0,0.026675653364509343
23.59,1.0,1.0,0.01783463405445218
23.6,1.0,1.0,0.00711257616057992
23.61,1.0,1.0,-0.004179843794554472
23.62,1.0,1.0,-0.015472263749688865
23.63,1.0,1.0,-0.026043408270925283
23.64,1.0,1.0,-0.03500404236838221
23.65,1.0,1.0,-0.04115133732557297
23.66,1.0,1.0,-0.04416358498856425
23.67,1.0,1.0,-0.04717583265155553
23.68,1.0,1.0,-0.04811683744192123
23.69,1.0,1.0,-0.04769991207867861
23.7,1.0,1.0,-0.04523336654528976
23.71,1.0,1.0,-0.041438516601920126
23.72,1.0,1.0,-0.03571720900945365
23.73,1.0,1.0,-0.02629652521573007
23.74,1.0,1.0,-0.014399112900719048
23.75,1.0,1.0,-0.002948732068762184
23.76,1.0,1.0,0.0059354344848543406
23.77,1.0,1.0,0.014819601038470864
23.78,1.0,1.0,0.021215250389650463
23.79,1.0,1.0,0.025678630592301487
23.8,1.0,1.0,0.028090242808684707
23.81,1.0,1.0,0.0301732262596488
23.82,1.0,1.0,0.030329752061516047
23.83,1.0,1.0,0.028510992228984837
23.84,1.0,1.0,0.025397619977593423
23.85,1.0,1.0,0.022102291136980052
23.86,1.0,1.0,0.020106526091694832
23.87,1.0,1.0,0.01811076104640961
23.88,1.0,1.0,0.019024540111422537
23.89,1.0,1.0,0.023837727680802345
23.9,1.0,1.0,0.03181538842618466
23.91,1.0,1.0,0.04012167793698609
23.92,1.0,1.0,0.04944239230826497
23.93,1.0,1.0,0.05866839438676834
23.94,1.0,1.0,0.06700605526566505
23.95,1.0,1.0,0.07408018670976162
23.96,1.0,1.0,0.08011228740215301
23.97,1.0,1.0,0.08550174646079539
23.98,1.0,1.0,0.08831261172890664
23.99,1.0,1.0,0.08760277107357979
24.0,1.0,1.0,0.08317862451076508
24.01,1.0,1.0,0.07875447794795037
24.02,1.0,1.0,0.0715983346104622
24.03,1.0,1.0,0.06357878930866719
24.04,1.0,1.0,0.056311809085309514
24.05,1.0,1.0,0.050454463623464105
24.06,1.0,1.0,0.04459711816161871
24.07,1.0,1.0,0.04027010630816221
24.08,1.0,1.0,0.03761831503361464
24.09,1.0,1.0,0.03713029492646456
24.1,1.0,1.0,0.039561940170824525
24.11,1.0,1.0,0.0419935854151845
24.12,1.0,1.0,0.04688494149595499
24.13,1.0,1.0,0.05179101284593344
24.14,1.0,1.0,0.054463287070393565
24.15,1.0,1.0,0.0544054152444005
24.16,1.0,1.0,0.05434754341840744
24.17,1.0,1.0,0.052316085994243616
24.18,1.0,1.0,0.04924224615097046
24.19,1.0,1.0,0.04525431692600249
24.2,1.0,1.0,0.04011977314949036
24.21,1.0,1.0,0.035224885866045955
24.22,1.0,1.0,0.02958785966038704
24.23,1.0,1.0,0.025497001595795155
24.24,1.0,1.0,0.025053066201508045
24.25,1.0,1.0,0.02842324413359165
24.26,1.0,1.0,0.03266189154237509
24.27,1.0,1.0,0.03798643257468939
24.28,1.0,1.0,0.04302307050675153
24.29,1.0,1.0,0.046750318445265296
24.3,1.0,1.0,0.049349864013493054
24.31,1.0,1.0,0.05127500649541616
24.32,1.0,1.0,0.053200148977339275
24.33,1.0,1.0,0.054218856245279314
24.34,1.0,1.0,0.053414461016654965
24.351,1.0,1.0,0.05034460723400116
24.361,1.0,1.0,0.045592807233333595
24.371,1.0,1.0,0.04084100723266602
24.381,1.0,1.0,0.03545677326619625
24.391,1.0,1.0,0.03071330962702632
24.401,1.0,1.0,0.02757876105606556
24.411,1.0,1.0,0.025627912953495976
24.421,1.0,1.0,0.0236770648509264
24.431,1.0,1.0,0.022248483262956142
24.441,1.0,1.0,0.02123912628740072
24.451,1.0,1.0,0.020311592333018776
24.461,1.0,1.0,0.01937840450555086
24.471,1.0,1.0,0.018445216678082944
24.481,1.0,1.0,0.01801008768379688
24.491,1.0,1.0,0.017799478955566883
24.501,1.0,1.0,0.016526659100782125
24.511,1.0,1.0,0.013855316059198233
24.521,1.0,1.0,0.011183973017614335
24.531,1.0,1.0,0.007622799172531813
24.541,1.0,1.0,0.0038493596832267934
24.551,1.0,1.0,0.001025641558226198
24.561,1.0,1.0,-0.000303948496002704
24.571,1.0,1.0,-0.001633538550231606
24.581,1.0,1.0,-0.002094180381391197
24.591,1.0,1.0,-0.002359979331959039
24.601,1.0,1.0,-0.0024571728426963087
24.611,1.0,1.0,-0.0021061537554487586
24.621,1.0,1.0,-0.001755134668201208
24.631,1.0,1.0,-0.0007355120498687029
24.641,1.0,1.0,0.0006164649035781622
24.651,1.0,1.0,0.0014461058657616378
24.661,1.0,1.0,0.0012088038260117174
24.671,1.0,1.0,0.0009715017862617968
24.681,1.0,1.0,-0.00021692663431167604
24.691,1.0,1.0,-0.0018153338227421048
24.701,1.0,1.0,-0.0032351828180253507
24.711,1.0,1.0,-0.004482483142055571
24.721,1.0,1.0,-0.005729783466085792
24.731,1.0,1.0,-0.007363416347652673
24.741,1.0,1.0,-0.009612212050706148
24.751,1.0,1.0,-0.012103129597380757
24.761,1.0,1.0,-0.014272637921385467
24.771,1.0,1.0,-0.016442146245390178
24.781,1.0,1.0,-0.018160242401063443
24.791,1.0,1.0,-0.01965443268418312
24.801,1.0,1.0,-0.02094933446496725
24.811,1.0,1.0,-0.02192040141671896
24.821,1.0,1.0,-0.02289146836847067
24.831,1.0,1.0,-0.023674349300563332
24.841,1.0,1.0,-0.02488670852035284
24.851,1.0,1.0,-0.026662919856607917
24.861,1.0,1.0,-0.027921463549137115
24.871,1.0,1.0,-0.02918000724166632
24.881,1.0,1.0,-0.028566106222569942
24.891,1.0,1.0,-0.02527612117119133
24.901,1.0,1.0,-0.019840742694213983
24.911,1.0,1.0,-0.013706491002812982
24.921,1.0,1.0,-0.007572239311411976
24.931,1.0,1.0,-0.0010061655659228564
24.941,1.0,1.0,0.007412535650655627
24.951,1.0,1.0,0.01821149098686874
24.961,1.0,1.0,0.029459000704810025
24.971,1.0,1.0,0.0407065104227513
24.981,1.0,1.0,0.05030037048272788
24.991,1.0,1.0,0.05750174820423126
25.001,1.0,1.0,0.062065517902374266
25.011,1.0,1.0,0.06344916671514511
25.021,1.0,1.0,0.06483281552791595
25.031,1.0,1.0,0.061837339773774154
25.041,1.0,1.0,0.05247756876051426
25.051,1.0,1.0,0.03648889623582363
25.061,1.0,1.0,0.016787680611014367
25.071,1.0,1.0,-0.002913535013794899
25.081,1.0,1.0,-0.024437179043889045
25.091,1.0,1.0,-0.048953992500901225
25.101,1.0,1.0,-0.0767429854720831
25.111,1.0,1.0,-0.1052365530282259
25.121,1.0,1.0,-0.1337301205843687
25.131,1.0,1.0,-0.16013868302106857
25.141,1.0,1.0,-0.18333066552877425
25.151,1.0,1.0,-0.20404677987098693
25.161,1.0,1.0,-0.2219460368156433
25.171,1.0,1.0,-0.242034912109375
25.181,1.0,1.0,-0.262924388051033
25.191,1.0,1.0,-0.28545343577861787
25.201,1.0,1.0,-0.3115454584360123
25.211,1.0,1.0,-0.33474668562412263
25.221,1.0,1.0,-0.365456348657608
25.231,1.0,1.0,-0.39655739963054654
25.241,1.0,1.0,-0.42857896387577055
25.251,1.0,1.0,-0.4681954056024552
25.261,1.0,1.0,-0.5078118473291398
25.271,1.0,1.0,-0.551793560385704
25.281,1.0,1.0,-0.5909291833639145
25.291,1.0,1.0,-0.6195443630218506
25.301,1.0,1.0,-0.6343688935041427
25.311,1.0,1.0,-0.649193423986435
25.321,1.0,1.0,-0.6508374094963073
25.331,1.0,1.0,-0.6474967241287232
25.341,1.0,1.0,-0.6402511298656464
25.351,1.0,1.0,-0.6200384676456452
25.361,1.0,1.0,-0.5973448991775513
25.371,1.0,1.0,-0.5680964410305023
25.381,1.0,1.0,-0.5403837114572525
25.391,1.0,1.0,-0.51654654443264
25.401,1.0,1.0,-0.4953283965587616
25.411,1.0,1.0,-0.46983706653118135
25.421,1.0,1.0,-0.4500178456306457
25.431,1.0,1.0,-0.42943093478679656
25.441,1.0,1.0,-0.40732840597629544
25.451,1.0,1.0,-0.38614791333675386
25.461,1.0,1.0,-0.366591602563858
25.471,1.0,1.0,-0.3470352917909622
25.481,1.0,1.0,-0.32695819437503815
25.491,1.0,1.0,-0.30688186585903166
25.501,1.0,1.0,-0.29056369662284853
25.511,1.0,1.0,-0.27981736063957213
25.521,1.0,1.0,-0.2690710246562958
25.531,1.0,1.0,-0.26246710419654845
25.541,1.0,1.0,-0.2578790903091431
25.551,1.0,1.0,-0.25354574918746947
25.561,1.0,1.0,-0.2470150589942932
25.571,1.0,1.0,-0.24048436880111693
25.581,1.0,1.0,-0.23134187310934068
25.591,1.0,1.0,-0.2198579698801041
25.601,1.0,1.0,-0.20386642217636108
25.611,1.0,1.0,-0.184239473938942
25.621,1.0,1.0,-0.16461252570152282
25.631,1.0,1.0,-0.14464319199323655
25.641,1.0,1.0,-0.1257793128490448
25.651,1.0,1.0,-0.10868534073233604
25.661,1.0,1.0,-0.09245369136333466
25.671,1.0,1.0,-0.07622204199433326
25.681,1.0,1.0,-0.060643386095762246
25.691,1.0,1.0,-0.04875611388124525
25.701,1.0,1.0,-0.04204134861938656
25.711,1.0,1.0,-0.037511161575093856
25.721,1.0,1.0,-0.03298097453080118
25.731,1.0,1.0,-0.02870616703294217
25.741,1.0,1.0,-0.02550875595770776
25.751,1.0,1.0,-0.022320785140618683
25.761,1.0,1.0,-0.018636063486337662
25.771,1.0,1.0,-0.014951341832056642
25.781,1.0,1.0,-0.012189494865015148
25.791,1.0,1.0,-0.010103236138820647
25.801,1.0,1.0,-0.008016488514840603
25.811,1.0,1.0,-0.006081912107765674
25.821,1.0,1.0,-0.004905502474866807
25.831,1.0,1.0,-0.005042024306021632
25.841,1.0,1.0,-0.005206703743897379
25.851,1.0,1.0,-0.005086535192094744
25.861,1.0,1.0,-0.007654868182726204
25.871,1.0,1.0,-0.008518391544930637
25.881,1.0,1.0,-0.010056606424041091
25.891,1.0,1.0,-0.011639297241345048
25.901,1.0,1.0,-0.013788524689152835
25.911,1.0,1.0,-0.015937752136960626
25.921,1.0,1.0,-0.017218465614132584
25.931,1.0,1.0,-0.016562847956083714
25.941,1.0,1.0,-0.0150049397489056
25.951,1.0,1.0,-0.012919681402854622
25.961,1.0,1.0,-0.010834423056803644
25.971,1.0,1.0,-0.009173586848191919
25.981,1.0,1.0,-0.0092655727872625
25.991,1.0,1.0,-0.010111378226429223
26.001,1.0,1.0,-0.010899838618934154
26.011,1.0,1.0,-0.01277603032067418
26.021,1.0,1.0,-0.014762569218873978
26.031,1.0,1.0,-0.01820966238155961
26.041,1.0,1.0,-0.022661155182868244
26.051,1.0,1.0,-0.028662233427166936
26.061,1.0,1.0,-0.034182837884873155
26.071,1.0,1.0,-0.040983829833567145
26.081,1.0,1.0,-0.04699727259576321
26.091,1.0,1.0,-0.052404936961829664
26.101,1.0,1.0,-0.057658172026276586
26.111,1.0,1.0,-0.06354731395840645
26.121,1.0,1.0,-0.0694364558905363
26.131,1.0,1.0,-0.07691091112792493
26.141,1.0,1.0,-0.08562267385423182
26.151,1.0,1.0,-0.0950255300849676
26.161,1.0,1.0,-0.1043643120676279
26.171,1.0,1.0,-0.1137030940502882
26.181,1.0,1.0,-0.1224977307021618
26.191,1.0,1.0,-0.13026439845561982
26.201,1.0,1.0,-0.13656694442033768
26.211,1.0,1.0,-0.1414146438241005
26.221,1.0,1.0,-0.1462623432278633
26.231,1.0,1.0,-0.14910085946321489
26.241,1.0,1.0,-0.15047992020845413
26.251,1.0,1.0,-0.1529340118169785
26.261,1.0,1.0,-0.15754818320274352
26.271,1.0,1.0,-0.1621623545885086
26.281,1.0,1.0,-0.1664251923561096
26.291,1.0,1.0,-0.16857742965221406
26.301,1.0,1.0,-0.1705288514494896
26.311,1.0,1.0,-0.17412019520998
26.321,1.0,1.0,-0.17771153897047043
26.331,1.0,1.0,-0.18239349871873856
26.341,1.0,1.0,-0.18661391288042067
26.351,1.0,1.0,-0.1885699898004532
26.361,1.0,1.0,-0.1884888991713524
26.371,1.0,1.0,-0.1884078085422516
26.381,1.0,1.0,-0.18947628736495967
26.391,1.0,1.0,-0.19352925419807435
26.401,1.0,1.0,-0.1992940366268158
26.411,1.0,1.0,-0.2046966403722763
26.421,1.0,1.0,-0.2100992441177368
26.431,1.0,1.0,-0.21304635852575304
26.441,1.0,1.0,-0.2118793532252312
26.451,1.0,1.0,-0.20777965635061263
26.461,1.0,1.0,-0.2033454209566116
26.471,1.0,1.0,-0.19891118556261064
26.481,1.0,1.0,-0.19507118463516235
26.491,1.0,1.0,-0.1922524392604828
26.501,1.0,1.0,-0.18988059163093568
26.511,1.0,1.0,-0.18596220910549163
26.521,1.0,1.0,-0.18155844509601596
26.531,1.0,1.0,-0.17525594830513
26.541,1.0,1.0,-0.16989494264125823
26.551,1.0,1.0,-0.1659078538417816
26.561,1.0,1.0,-0.16267693936824798
26.571,1.0,1.0,-0.15935751646757126
26.581,1.0,1.0,-0.1561412498354912
26.591,1.0,1.0,-0.15155298709869386
26.601,1.0,1.0,-0.14546529948711395
26.611,1.0,1.0,-0.1393478661775589
26.621,1.0,1.0,-0.13371581435203553
26.631,1.0,1.0,-0.12985907271504402
26.641,1.0,1.0,-0.127073485404253
26.651,1.0,1.0,-0.12389664128422737
26.661,1.0,1.0,-0.1183155320584774
26.671,1.0,1.0,-0.11282293125987052
26.681,1.0,1.0,-0.10393420159816742
26.691,1.0,1.0,-0.09391057435423136
26.701,1.0,1.0,-0.08573407549411059
26.711,1.0,1.0,-0.07877600658684969
26.721,1.0,1.0,-0.0718179376795888
26.731,1.0,1.0,-0.06420730222016573
26.741,1.0,1.0,-0.05704751927405596
26.751,1.0,1.0,-0.0526106657460332
26.761,1.0,1.0,-0.05176014248281717
26.771,1.0,1.0,-0.05090961921960115
26.781,1.0,1.0,-0.05350046698004007
26.791,1.0,1.0,-0.057501009106636046
26.801,1.0,1.0,-0.06020650789141655
26.811,1.0,1.0,-0.06302262917160988
26.821,1.0,1.0,-0.06583875045180321
26.831,1.0,1.0,-0.0718631774187088
26.841,1.0,1.0,-0.07978717461228371
26.851,1.0,1.0,-0.08744024261832237
26.861,1.0,1.0,-0.0962426409125328
26.871,1.0,1.0,-0.10504503920674324
26.881,1.0,1.0,-0.11668241694569588
26.891,1.0,1.0,-0.13094919696450233
26.901,1.0,1.0,-0.14709488227963446
26.911,1.0,1.0,-0.16354916766285896
26.921,1.0,1.0,-0.18000345304608345
26.931,1.0,1.0,-0.19459502026438716
26.941,1.0,1.0,-0.20707872807979583
26.951,1.0,1.0,-0.21773316264152529
26.961,1.0,1.0,-0.2250630408525467
26.971,1.0,1.0,-0.23239291906356813
26.981,1.0,1.0,-0.2358136788010597
26.991,1.0,1.0,-0.23700345754623411
27.001,1.0,1.0,-0.23821022361516955
27.011,1.0,1.0,-0.23780908286571503
27.021,1.0,1.0,-0.2404551237821579
27.031,1.0,1.0,-0.24506802856922152
27.041,1.0,1.0,-0.2519514083862305
27.051,1.0,1.0,-0.26070676147937777
27.061,1.0,1.0,-0.27045527547597886
27.071,1.0,1.0,-0.2796123743057251
27.081,1.0,1.0,-0.28750808238983155
27.091,1.0,1.0,-0.29283058941364287
27.101,1.0,1.0,-0.29489394277334213
27.111,1.0,1.0,-0.29695729613304134
27.121,1.0,1.0,-0.29697160720825194
27.131,1.0,1.0,-0.29553291201591486
27.141,1.0,1.0,-0.2921122252941132
27.151,1.0,1.0,-0.28909827768802643
27.161,1.0,1.0,-0.28755635917186734
27.171,1.0,1.0,-0.28660585582256315
27.181,1.0,1.0,-0.2862499713897705
27.191,1.0,1.0,-0.28546067476272585
27.201,1.0,1.0,-0.2834523022174835
27.211,1.0,1.0,-0.2798241049051285
27.221,1.0,1.0,-0.2751977682113648
27.231,1.0,1.0,-0.26853343546390535
27.241,1.0,1.0,-0.25998657643795015
27.251,1.0,1.0,-0.24602634608745572
27.261,1.0,1.0,-0.22617550045251847
27.271,1.0,1.0,-0.2063246548175812
27.281,1.0,1.0,-0.18520046547055244
27.291,1.0,1.0,-0.16568532213568687
27.301,1.0,1.0,-0.14733425825834273
27.311,1.0,1.0,-0.12951071411371232
27.321,1.0,1.0,-0.11168716996908187
27.331,1.0,1.0,-0.09512388035655021
27.341,1.0,1.0,-0.08119461461901664
27.351,1.0,1.0,-0.07028582952916622
27.361,1.0,1.0,-0.06123918499797583
27.371,1.0,1.0,-0.05219254046678543
27.381,1.0,1.0,-0.04333163504488766
27.391,1.0,1.0,-0.03489765957929194
27.401,1.0,1.0,-0.029375044861808416
27.411,1.0,1.0,-0.028023314708843828
27.421,1.0,1.0,-0.02667158455587924
27.431,1.0,1.0,-0.02757540219463408
27.441,1.0,1.0,-0.02798671633936465
27.451,1.0,1.0,-0.0266934456769377
27.461,1.0,1.0,-0.02319536139257252
27.471,1.0,1.0,-0.019697277108207345
27.481,1.0,1.0,-0.014440889097750188
27.491,1.0,1.0,-0.009791385754942894
27.501,1.0,1.0,-0.006706106290221214
27.511,1.0,1.0,-0.0037291029468178743
27.521,1.0,1.0,-0.0007520996034145356
27.531,1.0,1.0,0.0022103726863861085
27.541,1.0,1.0,0.0038131091743707655
27.551,1.0,1.0,0.0029512301087379457
27.561,1.0,1.0,-0.0015742745250463485
27.571,1.0,1.0,-0.006099779158830643
27.581,1.0,1.0,-0.01314064096659422
27.591,1.0,1.0,-0.018062591413035994
27.601,1.0,1.0,-0.018812995916232467
27.611,1.0,1.0,-0.01637654476799071
27.621,1.0,1.0,-0.014532310469076038
27.631,1.0,1.0,-0.01087610418908298
27.641,1.0,1.0,-0.006288124341517687
27.651,1.0,1.0,-0.001995061757043004
27.661,1.0,1.0,0.0012003671377897262
27.671,1.0,1.0,0.0056907253339886655
27.681,1.0,1.0,0.011009984463453294
27.691,1.0,1.0,0.016400976525619625
27.701,1.0,1.0,0.022005918575450777
27.711,1.0,1.0,0.027610860625281928
27.721,1.0,1.0,0.03413585773669183
27.731,1.0,1.0,0.04110496728681028
27.741,1.0,1.0,0.04776103040203452
27.751,1.0,1.0,0.05349771142937243
27.761,1.0,1.0,0.05923439245671033
27.771,1.0,1.0,0.06364364326000213
27.781,1.0,1.0,0.06669924072921277
27.791,1.0,1.0,0.06868605278432369
27.801,1.0,1.0,0.06865443624556064
27.811,1.0,1.0,0.06517720110714435
27.821,1.0,1.0,0.0613721277564764
27.831,1.0,1.0,0.05367585234344006
27.841,1.0,1.0,0.04301001131534576
27.851,1.0,1.0,0.030541131272912025
27.861,1.0,1.0,0.0181780718266964
27.871,1.0,1.0,0.005847513303160667
27.881,1.0,1.0,-0.0044958766549825675
27.891,1.0,1.0,-0.01306519228965044
27.901,1.0,1.0,-0.02134652230888605
27.911,1.0,1.0,-0.029103157110512257
27.921,1.0,1.0,-0.03685979191213847
27.931,1.0,1.0,-0.042864644713699815
27.941,1.0,1.0,-0.046214394830167295
27.951,1.0,1.0,-0.04640372451394796
27.961,1.0,1.0,-0.044489580951631066
27.971,1.0,1.0,-0.042575437389314165
27.981,1.0,1.0,-0.04012677716091275
27.991,1.0,1.0,-0.037576545495539904
28.001,1.0,1.0,-0.03413600595667958
28.011,1.0,1.0,-0.029266505781561137
28.021,1.0,1.0,-0.024397005606442687
28.031,1.0,1.0,-0.01820915308780968
28.041,1.0,1.0,-0.010425909468904138
28.051,1.0,1.0,-0.0016882779542356729
28.061,1.0,1.0,0.006104516377672553
28.071,1.0,1.0,0.01389731070958078
28.081,1.0,1.0,0.019406962813809516
28.091,1.0,1.0,0.02339897775091231
28.101,1.0,1.0,0.02796346643008292
28.111,1.0,1.0,0.03398823947645724
28.121,1.0,1.0,0.04001301252283156
28.131,1.0,1.0,0.04713286478072405
28.141,1.0,1.0,0.05453392677009106
28.151,1.0,1.0,0.061469192057847975
28.161,1.0,1.0,0.06754840947687625
28.171,1.0,1.0,0.07362762689590455
28.181,1.0,1.0,0.07825574725866317
28.191,1.0,1.0,0.08144638165831566
28.201,1.0,1.0,0.08438481390476227
28.211,1.0,1.0,0.0882198266685009
28.221,1.0,1.0,0.09205483943223952
28.231,1.0,1.0,0.09652498364448547
28.241,1.0,1.0,0.10023305043578148
28.251,1.0,1.0,0.10293758511543274
28.261,1.0,1.0,0.10603131130337716
28.271,1.0,1.0,0.11008918434381484
28.281,1.0,1.0,0.11427997201681137
28.291,1.0,1.0,0.11880460381507874
28.301,1.0,1.0,0.12334757819771766
28.311,1.0,1.0,0.12850745320320128
28.321,1.0,1.0,0.1353117771446705
28.331,1.0,1.0,0.14103884920477866
28.341,1.0,1.0,0.14733714684844018
28.351,1.0,1.0,0.15486991107463838
28.361,1.0,1.0,0.1616050750017166
28.371,1.0,1.0,0.1696278989315033
28.381,1.0,1.0,0.17930204421281817
28.391,1.0,1.0,0.18758198022842407
28.401,1.0,1.0,0.19264622032642365
28.411,1.0,1.0,0.1949776530265808
28.421,1.0,1.0,0.1956646367907524
28.431,1.0,1.0,0.19652561992406845
28.441,1.0,1.0,0.19538909941911697
28.451,1.0,1.0,0.19094160944223404
28.461,1.0,1.0,0.1853318959474564
28.471,1.0,1.0,0.17747037559747697
28.481,1.0,1.0,0.1675338417291641
28.491,1.0,1.0,0.15772327557206153
28.502,1.0,1.0,0.1485282488167286
28.511,1.0,1.0,0.13794546052813533
28.521,1.0,1.0,0.127362672239542
28.531,1.0,1.0,0.11498035937547683
28.541,1.0,1.0,0.10242643281817436
28.551,1.0,1.0,0.08954917397350073
28.561,1.0,1.0,0.07500592339783907
28.571,1.0,1.0,0.060462672822177405
28.581,1.0,1.0,0.044632651098072525
28.591,1.0,1.0,0.029148936457931995
28.601,1.0,1.0,0.015126246027648447
28.611,1.0,1.0,0.003584747575223446
28.622,1.0,1.0,-0.007956750877201555
28.631,1.0,1.0,-0.01624994073063135
28.642,1.0,1.0,-0.021279888832941646
28.652,1.0,1.0,-0.02292173583991825
28.661,1.0,1.0,-0.021557085076346995
28.672,1.0,1.0,-0.020192434312775728
28.682,1.0,1.0,-0.017202488845214248
28.692,1.0,1.0,-0.013332133833318948
28.702,1.0,1.0,-0.007819783315062523
28.712,1.0,1.0,-0.002067184541374445
28.722,1.0,1.0,0.003685414232313633
28.732,1.0,1.0,0.005299535393714905
28.742,1.0,1.0,0.0017980378586798906
28.752,1.0,1.0,-0.0037590980064123865
28.762,1.0,1.0,-0.009500968968495727
28.772,1.0,1.0,-0.015242839930579066
28.782,1.0,1.0,-0.020673627266660333
28.792,1.0,1.0,-0.025095076765865088
28.802,1.0,1.0,-0.028262393176555635
28.812,1.0,1.0,-0.028983807610347863
28.822,1.0,1.0,-0.0297052220441401
28.832,1.0,1.0,-0.025554231088608503
28.842,1.0,1.0,-0.016004474367946386
28.852,1.0,1.0,-0.0019098217599093916
28.862,1.0,1.0,0.01219128342345357
28.872,1.0,1.0,0.030659815389662982
28.882,1.0,1.0,0.05236309291794896
28.892,1.0,1.0,0.07533830488100648
28.902,1.0,1.0,0.09860676685348152
28.912,1.0,1.0,0.11934665278531612
28.922,1.0,1.0,0.142714649066329
28.932,1.0,1.0,0.1671276293694973
28.942,1.0,1.0,0.19310768246650692
28.952,1.0,1.0,0.2191840030252933
28.962,1.0,1.0,0.24526032358407973
28.972,1.0,1.0,0.2707449421286583
28.982,1.0,1.0,0.2972183361649513
28.992,1.0,1.0,0.32586937695741647
29.002,1.0,1.0,0.35626971870660784
29.012,1.0,1.0,0.3908600226044655
29.022,1.0,1.0,0.42282221615314486
29.032,1.0,1.0,0.4557641983032226
29.042,1.0,1.0,0.4882201075553894
29.052,1.0,1.0,0.5155936062335968
29.062,1.0,1.0,0.5337614953517914
29.072,1.0,1.0,0.5481536597013473
29.082,1.0,1.0,0.5499214380979538
29.092,1.0,1.0,0.5477840691804886
29.103,1.0,1.0,0.5451373189687729
29.113,1.0,1.0,0.5401421219110489
29.123,1.0,1.0,0.5351469248533249
29.133,1.0,1.0,0.5287155956029892
29.143,1.0,1.0,0.5212382286787033
29.153,1.0,1.0,0.5134490579366684
29.163,1.0,1.0,0.513228902220726
29.173,1.0,1.0,0.5130087465047837
29.183,1.0,1.0,0.5212728887796402
29.193,1.0,1.0,0.5274722456932068
29.203,1.0,1.0,0.5274305641651154
29.213,1.0,1.0,0.52366244494915
29.223,1.0,1.0,0.5198943257331848
29.233,1.0,1.0,0.5106619179248809
29.243,1.0,1.0,0.4932199269533157
29.253,1.0,1.0,0.47314945161342625
29.263,1.0,1.0,0.45471557080745695
29.273,1.0,1.0,0.43935542106628417
29.283,1.0,1.0,0.4281147450208664
29.293,1.0,1.0,0.4165443360805512
29.303,1.0,1.0,0.40410992205142976
29.313,1.0,1.0,0.3928436577320099
29.323,1.0,1.0,0.38157739341259
29.333,1.0,1.0,0.3720318496227265
29.343,1.0,1.0,0.36612688601017
29.353,1.0,1.0,0.36301387548446656
29.363,1.0,1.0,0.3591113895177841
29.373,1.0,1.0,0.3521351724863052
29.383,1.0,1.0,0.3397499114274979
29.393,1.0,1.0,0.3292963683605194
29.403,1.0,1.0,0.324149289727211
29.413,1.0,1.0,0.32274932265281675
29.423,1.0,1.0,0.32134935557842254
29.433,1.0,1.0,0.3173047125339508
29.443,1.0,1.0,0.3023126110434532
29.453,1.0,1.0,0.2812185548245907
29.463,1.0,1.0,0.2619583122432232
29.473,1.0,1.0,0.24269806966185567
29.483,1.0,1.0,0.22742579951882363
29.493,1.0,1.0,0.21426445320248605
29.503,1.0,1.0,0.18948338180780408
29.513,1.0,1.0,0.14284628331661223
29.523,1.0,1.0,0.09620918482542035
29.533,1.0,1.0,0.05283455997705459
29.543,1.0,1.0,0.040048744529485696
29.553,1.0,1.0,0.045738357305526736
29.563,1.0,1.0,0.05155321210622788
29.573,1.0,1.0,0.057368066906929006
29.583,1.0,1.0,0.05874372869729996
29.593,1.0,1.0,0.056071437895298
29.603,1.0,1.0,0.06177188232541085
29.613,1.0,1.0,0.08433184549212454
29.623,1.0,1.0,0.10689180865883828
29.633,1.0,1.0,0.1271546669304371
29.643,1.0,1.0,0.12870854288339614
29.653,1.0,1.0,0.12125160470604895
29.663,1.0,1.0,0.11695402339100838
29.673,1.0,1.0,0.11265644207596778
29.683,1.0,1.0,0.11375044360756874
29.693,1.0,1.0,0.11833046451210975
29.703,1.0,1.0,0.12343426421284676
29.713,1.0,1.0,0.1260666109621525
29.723,1.0,1.0,0.12284889817237854
29.733,1.0,1.0,0.12210870906710623
29.743,1.0,1.0,0.11948815397918224
29.753,1.0,1.0,0.11354304645210504
29.763,1.0,1.0,0.10031648548319937
29.773,1.0,1.0,0.08708992451429366
29.783,1.0,1.0,0.06805464830249548
29.793,1.0,1.0,0.04771889615803957
29.803,1.0,1.0,0.028360117226839066
29.813,1.0,1.0,0.012295160442590714
29.823,1.0,1.0,0.002080263197422028
29.833,1.0,1.0,-0.011200086399912832
29.843,1.0,1.0,-0.03217513263225556
29.853,1.0,1.0,-0.09016926940530538
29.863,1.0,1.0,-0.17730561280623078
29.873,1.0,1.0,-0.26444195620715616
29.883,1.0,1.0,-0.3146349148824811
29.893,1.0,1.0,-0.3126031285151839
29.903,1.0,1.0,-0.29774302504956723
29.913,1.0,1.0,-0.2880861919373274
29.923,1.0,1.0,-0.2784293588250876
29.933,1.0,1.0,-0.2694979896768928
29.943,1.0,1.0,-0.24872431438416245
29.953,1.0,1.0,-0.18781793173402547
29.963,1.0,1.0,-0.09436551835387946
29.973,1.0,1.0,-0.0009131049737334252
29.983,1.0,1.0,0.05711749773472548
29.993,1.0,1.0,0.06044038888067007
30.003,1.0,1.0,0.04703415604308248
30.013,1.0,1.0,0.03634396540001035
30.023,1.0,1.0,0.025653774756938218
30.033,1.0,1.0,0.016563621815294027
30.043,1.0,1.0,0.004716856684535742
30.053,1.0,1.0,-0.009500203374773263
30.063,1.0,1.0,-0.024168571177870034
30.073,1.0,1.0,-0.03793626660481096
30.083,1.0,1.0,-0.049736703280359514
30.093,1.0,1.0,-0.05766793126240373
30.103,1.0,1.0,-0.0604855926707387
30.113,1.0,1.0,-0.060043038241565226
30.123,1.0,1.0,-0.05960048381239176
30.133,1.0,1.0,-0.057193944416940215
30.143,1.0,1.0,-0.05172582026571036
30.153,1.0,1.0,-0.04408765025436878
30.163,1.0,1.0,-0.03609556099399924
30.173,1.0,1.0,-0.02900414410978556
30.183,1.0,1.0,-0.023884136881679296
30.193,1.0,1.0,-0.020917640160769226
30.203,1.0,1.0,-0.018690529465675357
30.213,1.0,1.0,-0.0152781771030277
30.223,1.0,1.0,-0.011865824740380048
30.233,1.0,1.0,-0.008061585994437338
30.243,1.0,1.0,-0.005986451893113554
30.253,1.0,1.0,-0.005950583959929645
30.263,1.0,1.0,-0.006976889236830175
30.273,1.0,1.0,-0.008003194513730705
30.283,1.0,1.0,-0.009037686861120163
30.293,1.0,1.0,-0.00979950015898794
30.303,1.0,1.0,-0.011075496184639632
30.313,1.0,1.0,-0.012701518577523527
30.323,1.0,1.0,-0.014327540970407426
30.333,1.0,1.0,-0.014673688635230064
30.343,1.0,1.0,-0.012934184982441366
30.353,1.0,1.0,-0.009840450319461524
30.363,1.0,1.0,-0.006225260789506137
30.373,1.0,1.0,-0.00261007125955075
30.383,1.0,1.0,0.00145298030693084
30.393,1.0,1.0,0.006273969751782715
30.403,1.0,1.0,0.01209895119536668
30.413,1.0,1.0,0.01745952994097024
30.423,1.0,1.0,0.023471946944482625
30.433,1.0,1.0,0.027949529606848957
30.443,1.0,1.0,0.03017987571656704
30.453,1.0,1.0,0.03126979600638151
30.463,1.0,1.0,0.032390104793012145
30.473,1.0,1.0,0.033510413579642774
30.483,1.0,1.0,0.034046858176589014
30.493,1.0,1.0,0.03267563134431839
30.503,1.0,1.0,0.02887066747061908
30.513,1.0,1.0,0.024099998595193028
30.523,1.0,1.0,0.018677491461858157
30.533,1.0,1.0,0.013138688402250407
30.543,1.0,1.0,0.008366945618763565
30.553,1.0,1.0,0.004736423725262284
30.563,1.0,1.0,0.002525793574750424
30.573,1.0,1.0,0.0003151634242385626
30.583,1.0,1.0,-0.0001905467826873064
30.593,1.0,1.0,0.0010839478578418492
30.603,1.0,1.0,0.003833260387182236
30.613,1.0,1.0,0.0075853665359318255
30.623,1.0,1.0,0.011337472684681415
30.633,1.0,1.0,0.015748204570263623
30.643,1.0,1.0,0.020457106176763773
30.653,1.0,1.0,0.02426937529817224
30.663,1.0,1.0,0.025754461577162147
30.673,1.0,1.0,0.027239547856152055
30.683,1.0,1.0,0.026568696647882466
30.693,1.0,1.0,0.02538530509918928
30.703,1.0,1.0,0.024926595389842987
30.713,1.0,1.0,0.025076148100197315
30.723,1.0,1.0,0.025225700810551643
30.733,1.0,1.0,0.025076349452137943
30.743,1.0,1.0,0.024188078194856643
30.753,1.0,1.0,0.02298637628555298
30.763,1.0,1.0,0.021907085180282598
30.773,1.0,1.0,0.02082779407501221
30.783,1.0,1.0,0.019555300800129773
30.793,1.0,1.0,0.01743351053446531
30.803,1.0,1.0,0.014307607244700194
30.813,1.0,1.0,0.010603970382362604
30.823,1.0,1.0,0.006959693320095538
30.833,1.0,1.0,0.0031619573943316936
30.843,1.0,1.0,-0.0008637864142656326
30.853,1.0,1.0,-0.004970520921051502
30.863,1.0,1.0,-0.00815241727977991
30.873,1.0,1.0,-0.011063878051936626
30.883,1.0,1.0,-0.012855777842923998
30.893,1.0,1.0,-0.013976268470287325
30.903,1.0,1.0,-0.015538660530000924
30.913,1.0,1.0,-0.0179091296158731
30.923,1.0,1.0,-0.020227274484932424
30.933,1.0,1.0,-0.022545419353991743
30.943,1.0,1.0,-0.023587742634117604
30.953,1.0,1.0,-0.02342051677405834
30.963,1.0,1.0,-0.02281010877341032
30.973,1.0,1.0,-0.02247013635933399
30.983,1.0,1.0,-0.021413321327418088
30.993,1.0,1.0,-0.019347006874158974
31.003,1.0,1.0,-0.015597966173663736
31.013,1.0,1.0,-0.010408360185101629
31.023,1.0,1.0,-0.0053304382134228955
31.033,1.0,1.0,-4.040622152388096e-05
31.043,1.0,1.0,0.004652151605114341
31.053,1.0,1.0,0.00939593776129186
31.063,1.0,1.0,0.01442247829400003
31.073,1.0,1.0,0.0194490188267082
31.083,1.0,1.0,0.023557897889986638
31.093,1.0,1.0,0.025598400644958014
31.103,1.0,1.0,0.025818570889532565
31.113,1.0,1.0,0.02590881492942572
31.123,1.0,1.0,0.025999058969318867
31.133,1.0,1.0,0.027417654730379583
31.143,1.0,1.0,0.029368253611028197
31.153,1.0,1.0,0.02984723430126905
31.163,1.0,1.0,0.02842463571578264
31.173,1.0,1.0,0.02700203713029623
31.183,1.0,1.0,0.02519163433462381
31.193,1.0,1.0,0.024077987391501667
31.203,1.0,1.0,0.022698051645420488
31.213,1.0,1.0,0.019698368455283343
31.223,1.0,1.0,0.016698685265146195
31.233,1.0,1.0,0.012326667807064953
31.243,1.0,1.0,0.00808058736147359
31.253,1.0,1.0,0.0050437689409591245
31.263,1.0,1.0,0.002772429585456848
31.273,1.0,1.0,0.0005010902299545705
31.283,1.0,1.0,-0.0016428607632406056
31.293,1.0,1.0,-0.002902363112661988
31.303,1.0,1.0,-0.0021691649570129813
31.313,1.0,1.0,-0.0003885770565830171
31.323,1.0,1.0,0.0013920108438469467
31.333,1.0,1.0,0.0021077893557958304
31.343,1.0,1.0,0.0017635841853916646
31.353,1.0,1.0,0.002154212770983577
31.363,1.0,1.0,0.002971457794774324
31.373,1.0,1.0,0.0052903434028849
31.383,1.0,1.0,0.009585984447039664
31.393,1.0,1.0,0.015004841308109465
31.403,1.0,1.0,0.020497171836905186
31.413,1.0,1.0,0.02565107911359519
31.423,1.0,1.0,0.030804986390285196
31.433,1.0,1.0,0.035149044310674074
31.443,1.0,1.0,0.03804368320852518
31.453,1.0,1.0,0.03915563253685832
31.463,1.0,1.0,0.03989251190796495
31.473,1.0,1.0,0.03912775069475174
31.483,1.0,1.0,0.03644905537366867
31.493,1.0,1.0,0.031792178936302665
31.503,1.0,1.0,0.02558364410651848
31.513,1.0,1.0,0.01913854674203321
31.523,1.0,1.0,0.01269344937754795
31.533,1.0,1.0,0.007696533098351209
31.543,1.0,1.0,0.004397150396835059
31.553,1.0,1.0,0.001972052350174636
31.563,1.0,1.0,0.0002751320484094321
31.573,1.0,1.0,-0.0014217882533557713
31.583,1.0,1.0,-0.002210727904457599
31.593,1.0,1.0,-0.0019203566131182012
31.603,1.0,1.0,-0.0004712878726422786
31.613,1.0,1.0,0.0017979326657950878
31.623,1.0,1.0,0.004067153204232454
31.633,1.0,1.0,0.006946773733943701
31.643,1.0,1.0,0.010756560135632752
31.653,1.0,1.0,0.01590630179271102
31.663,1.0,1.0,0.022286160197108985
31.673,1.0,1.0,0.028666018601506953
31.683,1.0,1.0,0.035431347973644736
31.693,1.0,1.0,0.04185581300407648
31.703,1.0,1.0,0.04790292121469975
31.713,1.0,1.0,0.05369468331336976
31.723,1.0,1.0,0.05948644541203976
31.733,1.0,1.0,0.06489117797464132
31.743,1.0,1.0,0.06982354670763016
31.753,1.0,1.0,0.07354363203048705
31.763,1.0,1.0,0.07518626600503922
31.773,1.0,1.0,0.07682889997959137
31.783,1.0,1.0,0.07738246619701386
31.793,1.0,1.0,0.07817187905311584
31.803,1.0,1.0,0.0793967768549919
31.813,1.0,1.0,0.0811961054801941
31.823,1.0,1.0,0.08299543410539625
31.833,1.0,1.0,0.08440477997064591
31.843,1.0,1.0,0.08296895995736121
31.853,1.0,1.0,0.07842141054570675
31.863,1.0,1.0,0.0726530250161886
31.873,1.0,1.0,0.06688463948667049
31.883,1.0,1.0,0.06078445725142956
31.893,1.0,1.0,0.054825112596154205
31.903,1.0,1.0,0.04946569949388504
31.913,1.0,1.0,0.04430646412074567
31.923,1.0,1.0,0.039064574614167215
31.933,1.0,1.0,0.034247647598385805
31.943,1.0,1.0,0.031344660371541974
31.953,1.0,1.0,0.031564973294734955
31.963,1.0,1.0,0.03490332141518593
31.973,1.0,1.0,0.040233971923589705
31.983,1.0,1.0,0.0460904486477375
31.993,1.0,1.0,0.05277431011199951
32.003,1.0,1.0,0.058335596695542336
32.013,1.0,1.0,0.0624653972685337
32.023,1.0,1.0,0.06563035994768143
32.033,1.0,1.0,0.06879532262682915
32.043,1.0,1.0,0.07077289931476116
32.053,1.0,1.0,0.0709475550800562
32.063,1.0,1.0,0.06876658573746681
32.073,1.0,1.0,0.06459331400692463
32.083,1.0,1.0,0.05944184307008982
32.093,1.0,1.0,0.05178666114807129
32.103,1.0,1.0,0.04343373104929924
32.113,1.0,1.0,0.03549116924405098
32.123,1.0,1.0,0.028596099466085437
32.133,1.0,1.0,0.021690497733652597
32.143,1.0,1.0,0.016952244378626347
32.153,1.0,1.0,0.014726709201931951
32.163,1.0,1.0,0.014548642188310625
32.173,1.0,1.0,0.014370575174689293
32.183,1.0,1.0,0.01574661862105131
32.193,1.0,1.0,0.017554797977209092
32.203,1.0,1.0,0.018774894624948503
32.213,1.0,1.0,0.01921998541802168
32.223,1.0,1.0,0.019665076211094857
32.233,1.0,1.0,0.019244387955404816
32.243,1.0,1.0,0.017833227920345963
32.253,1.0,1.0,0.01548877831082791
32.263,1.0,1.0,0.012269888701848686
32.273,1.0,1.0,0.009050999092869461
32.283,1.0,1.0,0.005330900824628769
32.293,1.0,1.0,0.00216337579768151
32.303,1.0,1.0,0.0001696939463727176
32.313,1.0,1.0,-0.0008785043726675213
32.323,1.0,1.0,-0.0019607958733104166
32.333,1.0,1.0,-0.002166776370722801
32.343,1.0,1.0,-0.0018720784108154475
32.353,1.0,1.0,-0.002068981423508376
32.363,1.0,1.0,-0.003239406167995185
32.373,1.0,1.0,-0.004409830912481994
32.383,1.0,1.0,-0.006073447305243463
32.393,1.0,1.0,-0.007436216517817229
32.403,1.0,1.0,-0.007819841569289564
32.413,1.0,1.0,-0.008115076855756343
32.423,1.0,1.0,-0.007325394335202874
32.433,1.0,1.0,-0.006063975230790674
32.443,1.0,1.0,-0.005071935616433621
32.453,1.0,1.0,-0.0043608205276541405
32.463,1.0,1.0,-0.0028965590288862588
32.473,1.0,1.0,-0.0018808928318321703
32.483,1.0,1.0,-0.0002245063544251025
32.493,1.0,1.0,0.0018115663784556088
32.503,1.0,1.0,0.003382328839506954
32.513,1.0,1.0,0.0049530913005582985
32.523,1.0,1.0,0.005272508214693517
32.533,1.0,1.0,0.004504057683516294
32.543,1.0,1.0,0.003486718575004488
32.553,1.0,1.0,0.0030264515662565827
32.563,1.0,1.0,0.0029463380691595376
32.573,1.0,1.0,0.0033148198737762867
32.583,1.0,1.0,0.004191735479980707
32.593,1.0,1.0,0.004802001873031259
32.603,1.0,1.0,0.004518135963007808
32.613,1.0,1.0,0.003387825097888708
32.623,1.0,1.0,0.002458035154268145
32.633,1.0,1.0,0.001753911911509931
32.643,1.0,1.0,0.002149913785979152
32.653,1.0,1.0,0.003743795375339687
32.663,1.0,1.0,0.005870278808288276
32.673,1.0,1.0,0.007996762241236865
32.683,1.0,1.0,0.009982210281305018
32.693,1.0,1.0,0.01167048148345202
32.703,1.0,1.0,0.01345333259087056
32.713,1.0,1.0,0.015524558373726904
32.723,1.0,1.0,0.01759578415658325
32.733,1.0,1.0,0.019554118835367264
32.743,1.0,1.0,0.020903109200298788
32.753,1.0,1.0,0.021459791995584964
32.763,1.0,1.0,0.021173420548439025
32.773,1.0,1.0,0.020887049101293086
32.783,1.0,1.0,0.01978308241814375
32.793,1.0,1.0,0.018185560032725333
32.803,1.0,1.0,0.016812985949218272
32.813,1.0,1.0,0.016424550861120223
32.823,1.0,1.0,0.016036115773022174
32.833,1.0,1.0,0.016776868514716624
32.843,1.0,1.0,0.017922078259289265
32.853,1.0,1.0,0.01838403455913067
32.863,1.0,1.0,0.017766701616346837
32.873,1.0,1.0,0.017149368673563002
32.883,1.0,1.0,0.01637125462293625
32.893,1.0,1.0,0.016591725032776596
32.903,1.0,1.0,0.017601834144443274
32.913,1.0,1.0,0.018272969033569095
32.923,1.0,1.0,0.01894410392269492
32.933,1.0,1.0,0.018378235306590798
32.943,1.0,1.0,0.016546224150806664
32.953,1.0,1.0,0.01467957217246294
32.963,1.0,1.0,0.013660188484936952
32.973,1.0,1.0,0.012640804797410966
32.983,1.0,1.0,0.011298933112993835
32.993,1.0,1.0,0.008576252078637481
33.003,1.0,1.0,0.005253271525725722
33.013,1.0,1.0,0.002269265474751592
33.023,1.0,1.0,-0.0009343247395008803
33.033,1.0,1.0,-0.0035267440136522053
33.043,1.0,1.0,-0.00630616988055408
33.053,1.0,1.0,-0.00948215560056269
33.063,1.0,1.0,-0.012112625082954765
33.073,1.0,1.0,-0.014743094565346835
33.083,1.0,1.0,-0.015645904932171106
33.093,1.0,1.0,-0.01614597449079156
33.103,1.0,1.0,-0.01882008733227849
33.113,1.0,1.0,-0.02259172331541777
33.123,1.0,1.0,-0.026143775135278702
33.133,1.0,1.0,-0.028464342840015887
33.143,1.0,1.0,-0.029588628187775613
33.153,1.0,1.0,-0.03133205380290747
33.163,1.0,1.0,-0.03547317683696747
33.173,1.0,1.0,-0.03961429987102747
33.183,1.0,1.0,-0.0462591478601098
33.193,1.0,1.0,-0.051773056574165824
33.203,1.0,1.0,-0.05275148320943117
33.213,1.0,1.0,-0.05033053960651159
33.223,1.0,1.0,-0.047909596003592014
33.233,1.0,1.0,-0.04426621459424496
33.244,1.0,1.0,-0.039836367964744566
33.254,1.0,1.0,-0.03605246534571052
33.264,1.0,1.0,-0.032931070681661366
33.274,1.0,1.0,-0.029809676017612217
33.284,1.0,1.0,-0.027413926552981135
33.294,1.0,1.0,-0.02758526680991053
33.304,1.0,1.0,-0.03192049106582999
33.314,1.0,1.0,-0.04120293436571956
33.324,1.0,1.0,-0.05048537766560912
33.334,1.0,1.0,-0.06550184758380055
33.344,1.0,1.0,-0.08653620993718505
33.354,1.0,1.0,-0.11128400228917598
33.364,1.0,1.0,-0.13335478566586972
33.374,1.0,1.0,-0.15955487154424192
33.384,1.0,1.0,-0.1867612913250923
33.394,1.0,1.0,-0.21649177819490437
33.404,1.0,1.0,-0.2541983172297478
33.414,1.0,1.0,-0.2896855533123016
33.424,1.0,1.0,-0.3251727893948555
33.434,1.0,1.0,-0.36875910013914104
33.444,1.0,1.0,-0.40835068225860593
33.454,1.0,1.0,-0.4273038446903229
33.464,1.0,1.0,-0.44625700712203986
33.474,1.0,1.0,-0.4581890165805816
33.484,1.0,1.0,-0.46690174639225007
33.494,1.0,1.0,-0.46997207999229434
33.504,1.0,1.0,-0.4591591358184815
33.514,1.0,1.0,-0.44834619164466866
33.524,1.0,1.0,-0.4368611663579941
33.534,1.0,1.0,-0.4139969617128372
33.544,1.0,1.0,-0.3905631989240647
33.554,1.0,1.0,-0.38085452616214754
33.564,1.0,1.0,-0.3711458534002304
33.574,1.0,1.0,-0.36346986293792727
33.584,1.0,1.0,-0.3557938724756241
33.594,1.0,1.0,-0.34749448895454405
33.604,1.0,1.0,-0.3427966237068176
33.614,1.0,1.0,-0.3380987584590912
33.624,1.0,1.0,-0.33382428586483004
33.634,1.0,1.0,-0.32954981327056887
33.644,1.0,1.0,-0.32444576919078827
33.654,1.0,1.0,-0.31974726021289823
33.664,1.0,1.0,-0.31504875123500825
33.674,1.0,1.0,-0.311519980430603
33.684,1.0,1.0,-0.3079912096261978
33.694,1.0,1.0,-0.3079714447259903
33.704,1.0,1.0,-0.30867492854595185
33.714,1.0,1.0,-0.3093784123659134
33.724,1.0,1.0,-0.30949669182300565
33.734,1.0,1.0,-0.309614971280098
33.744,1.0,1.0,-0.30852954685688017
33.754,1.0,1.0,-0.3066382735967636
33.764,1.0,1.0,-0.30474700033664703
33.774,1.0,1.0,-0.30229238271713255
33.784,1.0,1.0,-0.29983776509761806
33.794,1.0,1.0,-0.29590926468372347
33.804,1.0,1.0,-0.29105998277664186
33.814,1.0,1.0,-0.28579551577568046
33.824,1.0,1.0,-0.2813649415969849
33.834,1.0,1.0,-0.2769343674182892
33.844,1.0,1.0,-0.27420184314250945
33.854,1.0,1.0,-0.2747112393379212
33.864,1.0,1.0,-0.2752206355333328
33.874,1.0,1.0,-0.27598280608654024
33.884,1.0,1.0,-0.27835544645786287
33.894,1.0,1.0,-0.28329026997089385
33.904,1.0,1.0,-0.2927898943424225
33.914,1.0,1.0,-0.30588273704051966
33.924,1.0,1.0,-0.3189755797386169
33.934,1.0,1.0,-0.3342683374881744
33.944,1.0,1.0,-0.353506064414978
33.954,1.0,1.0,-0.37087567448616027
33.964,1.0,1.0,-0.3882452845573425
33.974,1.0,1.0,-0.4056148946285248
33.984,1.0,1.0,-0.4200913906097412
33.994,1.0,1.0,-0.431377911567688
34.004,1.0,1.0,-0.44039191603660577
34.014,1.0,1.0,-0.4482569515705109
34.024,1.0,1.0,-0.4561219871044159
34.034,1.0,1.0,-0.46288293302059175
34.044,1.0,1.0,-0.4653934597969055
34.054,1.0,1.0,-0.46675909459590914
34.064,1.0,1.0,-0.46714242696762087
34.074,1.0,1.0,-0.4677926361560821
34.085,1.0,1.0,-0.4700789541006089
34.095,1.0,1.0,-0.47237568795681
34.105,1.0,1.0,-0.4725477546453476
34.115,1.0,1.0,-0.4706907570362091
34.125,1.0,1.0,-0.4686011880636215
34.135,1.0,1.0,-0.4646616071462632
34.145,1.0,1.0,-0.4588289439678192
34.155,1.0,1.0,-0.4514797329902649
34.165,1.0,1.0,-0.4451128244400024
34.175,1.0,1.0,-0.4358491748571396
34.185,1.0,1.0,-0.4243227154016495
34.195,1.0,1.0,-0.4119092136621475
34.205,1.0,1.0,-0.39962640404701233
34.215,1.0,1.0,-0.3873435944318772
34.225,1.0,1.0,-0.3764196842908859
34.235,1.0,1.0,-0.3676738113164902
34.245,1.0,1.0,-0.36120127439498895
34.255,1.0,1.0,-0.35713050365448
34.265,1.0,1.0,-0.35305973291397097
34.275,1.0,1.0,-0.3518713176250457
34.285,1.0,1.0,-0.35395649671554563
34.295,1.0,1.0,-0.3594493597745896
34.305,1.0,1.0,-0.3678617119789124
34.315,1.0,1.0,-0.3762740641832352
34.325,1.0,1.0,-0.38589651286602017
34.335,1.0,1.0,-0.3957507640123367
34.345,1.0,1.0,-0.4068905532360077
34.355,1.0,1.0,-0.4199477463960648
34.365,1.0,1.0,-0.43300493955612185
34.375,1.0,1.0,-0.44658382833004
34.385,1.0,1.0,-0.4592518121004104
34.395,1.0,1.0,-0.4705459952354431
34.405,1.0,1.0,-0.47929481565952303
34.415,1.0,1.0,-0.4880436360836029
34.425,1.0,1.0,-0.4928931206464767
34.435,1.0,1.0,-0.4945243507623672
34.445,1.0,1.0,-0.4947677433490753
34.455,1.0,1.0,-0.49424127936363216
34.465,1.0,1.0,-0.49371481537818906
34.475,1.0,1.0,-0.4916060298681259
34.485,1.0,1.0,-0.48705987632274633
34.495,1.0,1.0,-0.4797494292259216
34.505,1.0,1.0,-0.4703285098075866
34.515,1.0,1.0,-0.46090759038925166
34.525,1.0,1.0,-0.4506886124610901
34.535,1.0,1.0,-0.44029335975646966
34.545,1.0,1.0,-0.4285574406385422
34.555,1.0,1.0,-0.41532053947448727
34.565,1.0,1.0,-0.40331071913242333
34.575,1.0,1.0,-0.3921090334653855
34.585,1.0,1.0,-0.3836905956268311
34.595,1.0,1.0,-0.37622610926628114
34.605,1.0,1.0,-0.37076110243797294
34.615,1.0,1.0,-0.3660495340824127
34.625,1.0,1.0,-0.363698935508728
34.635,1.0,1.0,-0.3636147677898407
34.645,1.0,1.0,-0.3653511732816696
34.655,1.0,1.0,-0.3695066004991531
34.665,1.0,1.0,-0.375120097398758
34.675,1.0,1.0,-0.38073359429836273
34.685,1.0,1.0,-0.3879444301128388
34.695,1.0,1.0,-0.3986329883337021
34.705,1.0,1.0,-0.4110192000865937
34.715,1.0,1.0,-0.4212528705596924
34.725,1.0,1.0,-0.4314865410327912
34.735,1.0,1.0,-0.4391298770904541
34.745,1.0,1.0,-0.4468668133020401
34.755,1.0,1.0,-0.4550951331853866
34.765,1.0,1.0,-0.4614135652780533
34.775,1.0,1.0,-0.4677319973707199
34.785,1.0,1.0,-0.4715481370687485
34.795,1.0,1.0,-0.4734597653150559
34.805,1.0,1.0,-0.4750619977712631
34.815,1.0,1.0,-0.47806333303451537
34.825,1.0,1.0,-0.48268027305603034
34.835,1.0,1.0,-0.49100236892700194
34.845,1.0,1.0,-0.5002906560897827
34.855,1.0,1.0,-0.5087175369262695
34.865,1.0,1.0,-0.5171219080686569
34.875,1.0,1.0,-0.5255262792110443
34.885,1.0,1.0,-0.534623634815216
34.895,1.0,1.0,-0.5418397426605225
34.905,1.0,1.0,-0.5426282852888107
34.915,1.0,1.0,-0.5372329115867616
34.925,1.0,1.0,-0.5302219331264496
34.935,1.0,1.0,-0.5188541173934936
34.945,1.0,1.0,-0.5059004426002502
34.955,1.0,1.0,-0.49076092243194575
34.965,1.0,1.0,-0.473397308588028
34.975,1.0,1.0,-0.4560336947441101
34.985,1.0,1.0,-0.43890407085418703
34.995,1.0,1.0,-0.4253354460000992
35.005,1.0,1.0,-0.4174031704664231
35.015,1.0,1.0,-0.4149750679731369
35.025,1.0,1.0,-0.4125469654798508
35.035,1.0,1.0,-0.4139547377824783
35.045,1.0,1.0,-0.41880912482738497
35.055,1.0,1.0,-0.4286632567644119
35.065,1.0,1.0,-0.4399887293577194
35.075,1.0,1.0,-0.45413670241832726
35.087,1.0,1.0,-0.46887219846248634
35.097,1.0,1.0,-0.4827794134616852
35.107,1.0,1.0,-0.498188441991806
35.117,1.0,1.0,-0.5142772138118744
35.127,1.0,1.0,-0.5318141877651216
35.137,1.0,1.0,-0.5483685076236725
35.147,1.0,1.0,-0.5610212206840515
35.157,1.0,1.0,-0.569719099998474
35.167,1.0,1.0,-0.5784169793128967
35.177,1.0,1.0,-0.5850077629089355
35.187,1.0,1.0,-0.5910124182701111
35.197,1.0,1.0,-0.5954669952392577
35.207,1.0,1.0,-0.5959712445735932
35.217,1.0,1.0,-0.5964754939079284
35.227,1.0,1.0,-0.5931970953941346
35.237,1.0,1.0,-0.5883605599403381
35.247,1.0,1.0,-0.5825961172580719
35.257,1.0,1.0,-0.5746804535388945
35.267,1.0,1.0,-0.5667647898197176
35.277,1.0,1.0,-0.5556165009737015
35.287,1.0,1.0,-0.541972428560257
35.297,1.0,1.0,-0.5290302187204361
35.307,1.0,1.0,-0.5189740210771561
35.317,1.0,1.0,-0.508917823433876
35.327,1.0,1.0,-0.5000288337469101
35.337,1.0,1.0,-0.49038310348987574
35.347,1.0,1.0,-0.4798444956541061
35.357,1.0,1.0,-0.46800343990325927
35.367,1.0,1.0,-0.4561623841524124
35.377,1.0,1.0,-0.44271446168422707
35.387,1.0,1.0,-0.42796218097209926
35.397,1.0,1.0,-0.4117335975170136
35.407,1.0,1.0,-0.3947993248701096
35.417,1.0,1.0,-0.3778650522232056
35.427,1.0,1.0,-0.362598916888237
35.437,1.0,1.0,-0.35079944133758545
35.447,1.0,1.0,-0.3440552353858948
35.457,1.0,1.0,-0.3443699568510056
35.467,1.0,1.0,-0.3446846783161163
35.477,1.0,1.0,-0.35228511691093445
35.487,1.0,1.0,-0.36467771232128143
35.497,1.0,1.0,-0.37883432805538175
35.507,1.0,1.0,-0.3933390110731125
35.517,1.0,1.0,-0.4078436940908432
35.527,1.0,1.0,-0.4224661529064178
35.537,1.0,1.0,-0.4359216272830963
35.547,1.0,1.0,-0.44500287175178527
35.557,1.0,1.0,-0.4464708507061005
35.567,1.0,1.0,-0.4479388296604157
35.577,1.0,1.0,-0.4394154101610184
35.587,1.0,1.0,-0.42020817101001745
35.597,1.0,1.0,-0.391949400305748
35.607,1.0,1.0,-0.35550334453582766
35.617,1.0,1.0,-0.3190572887659073
35.627,1.0,1.0,-0.2729767983779311
35.637,1.0,1.0,-0.2162985092028976
35.647,1.0,1.0,-0.15220164116472007
35.657,1.0,1.0,-0.08821769412606953
35.667,1.0,1.0,-0.023681557737290856
35.677,1.0,1.0,0.03402481023222208
35.687,1.0,1.0,0.08451903406530617
35.697,1.0,1.0,0.12730928007513284
35.707,1.0,1.0,0.15944530908018353
35.717,1.0,1.0,0.18833498749881983
35.727,1.0,1.0,0.2082089066505432
35.737,1.0,1.0,0.21636883020401
35.747,1.0,1.0,0.21557339876890183
35.757,1.0,1.0,0.21008460074663163
35.767,1.0,1.0,0.20404361337423324
35.777,1.0,1.0,0.19548039138317108
35.787,1.0,1.0,0.1848214477300644
35.797,1.0,1.0,0.176780404150486
35.807,1.0,1.0,0.17569274604320526
35.817,1.0,1.0,0.17785143852233887
35.827,1.0,1.0,0.18401250094175337
35.837,1.0,1.0,0.1969026640057564
35.847,1.0,1.0,0.21617036759853364
35.857,1.0,1.0,0.242223060131073
35.867,1.0,1.0,0.2682757526636124
35.877,1.0,1.0,0.3033186987042427
35.887,1.0,1.0,0.3464303031563759
35.897,1.0,1.0,0.3923203021287918
35.907,1.0,1.0,0.4354895189404488
35.917,1.0,1.0,0.47865873575210566
35.927,1.0,1.0,0.5154437869787216
35.937,1.0,1.0,0.5451477736234664
35.947,1.0,1.0,0.5692519992589952
35.957,1.0,1.0,0.5891861587762832
35.967,1.0,1.0,0.6091203182935715
35.977,1.0,1.0,0.6248429596424103
35.987,1.0,1.0,0.6371528506278992
35.997,1.0,1.0,0.648438036441803
36.007,1.0,1.0,0.6586553454399109
36.017,1.0,1.0,0.6688726544380188
36.027,1.0,1.0,0.6765743255615234
36.037,1.0,1.0,0.6828261256217957
36.047,1.0,1.0,0.6888971447944641
36.057,1.0,1.0,0.692430490255356
36.067,1.0,1.0,0.6959638357162475
36.077,1.0,1.0,0.6944051623344422
36.087,1.0,1.0,0.6868845880031585
36.097,1.0,1.0,0.6729251325130463
36.107,1.0,1.0,0.656574296951294
36.117,1.0,1.0,0.6380244195461273
36.127,1.0,1.0,0.6243719756603241
36.137,1.0,1.0,0.6110898375511169
36.147,1.0,1.0,0.5942525565624237
36.157,1.0,1.0,0.5757219314575195
36.167,1.0,1.0,0.5571913063526154
36.177,1.0,1.0,0.5394846051931381
36.187,1.0,1.0,0.5221399188041688
36.197,1.0,1.0,0.5052927434444427
36.207,1.0,1.0,0.490866032242775
36.217,1.0,1.0,0.48066264092922206
36.227,1.0,1.0,0.47045924961566926
36.237,1.0,1.0,0.46531963646411895
36.247,1.0,1.0,0.4655192643404007
36.257,1.0,1.0,0.4710931330919266
36.267,1.0,1.0,0.4795631557703018
36.277,1.0,1.0,0.49004477262496954
36.287,1.0,1.0,0.5043853491544723
36.297,1.0,1.0,0.5214705735445022
36.307,1.0,1.0,0.5396827816963196
36.317,1.0,1.0,0.5558707118034363
36.327,1.0,1.0,0.5731097280979156
36.337,1.0,1.0,0.5888503968715668
36.347,1.0,1.0,0.6032883763313294
36.357,1.0,1.0,0.6148287117481231
36.367,1.0,1.0,0.6234728932380676
36.377,1.0,1.0,0.6298449575901032
36.387,1.0,1.0,0.630075865983963
36.397,1.0,1.0,0.6244307279586792
36.407,1.0,1.0,0.6131551325321197
36.417,1.0,1.0,0.6018795371055603
36.427,1.0,1.0,0.5857338964939117
36.437,1.0,1.0,0.5668116778135299
36.447,1.0,1.0,0.546481117606163
36.457,1.0,1.0,0.5253212541341782
36.467,1.0,1.0,0.5041613906621932
36.477,1.0,1.0,0.4843122750520706
36.487,1.0,1.0,0.46900486648082734
36.497,1.0,1.0,0.4601494044065476
36.507,1.0,1.0,0.45867891013622286
36.517,1.0,1.0,0.45720841586589805
36.527,1.0,1.0,0.463970199227333
36.537,1.0,1.0,0.47823945879936214
36.547,1.0,1.0,0.49849399924278254
36.557,1.0,1.0,0.5239016711711884
36.567,1.0,1.0,0.5493093430995941
36.577,1.0,1.0,0.578167462348938
36.587,1.0,1.0,0.6084924161434173
36.597,1.0,1.0,0.6402329862117767
36.607,1.0,1.0,0.6721663117408753
36.617,1.0,1.0,0.7040996372699737
36.627,1.0,1.0,0.7313626527786254
36.637,1.0,1.0,0.7502497255802154
36.647,1.0,1.0,0.761332094669342
36.657,1.0,1.0,0.7664823293685914
36.667,1.0,1.0,0.7716325640678405
36.677,1.0,1.0,0.7720699191093445
36.687,1.0,1.0,0.767715311050415
36.697,1.0,1.0,0.7577380478382112
36.707,1.0,1.0,0.7440460026264191
36.717,1.0,1.0,0.7305237591266632
36.727,1.0,1.0,0.717258507013321
36.737,1.0,1.0,0.7053834140300751
36.747,1.0,1.0,0.6926453411579132
36.757,1.0,1.0,0.6792962372303009
36.767,1.0,1.0,0.6655708372592926
36.777,1.0,1.0,0.6540692389011383
36.787,1.0,1.0,0.6451521933078764
36.797,1.0,1.0,0.6378934919834137
36.807,1.0,1.0,0.6312672972679139
36.817,1.0,1.0,0.6257523000240326
36.827,1.0,1.0,0.6202373027801513
36.837,1.0,1.0,0.617556232213974
36.847,1.0,1.0,0.6185192823410034
36.857,1.0,1.0,0.6223486661911011
36.867,1.0,1.0,0.6289868831634522
36.877,1.0,1.0,0.6356251001358032
36.887,1.0,1.0,0.6464579820632934
36.897,1.0,1.0,0.6613749206066132
36.907,1.0,1.0,0.6785119593143463
36.917,1.0,1.0,0.6943679988384247
36.927,1.0,1.0,0.7135509788990021
36.937,1.0,1.0,0.7283147633075715
36.947,1.0,1.0,0.726571476459503
36.957,1.0,1.0,0.708052396774292
36.967,1.0,1.0,0.6871007800102233
36.977,1.0,1.0,0.6550891697406769
36.987,1.0,1.0,0.6099782049655914
36.997,1.0,1.0,0.5577065229415894
37.007,1.0,1.0,0.5023544266819954
37.017,1.0,1.0,0.4470023304224015
37.027,1.0,1.0,0.3874696344137192
37.037,1.0,1.0,0.332039213180542
37.047,1.0,1.0,0.2951800644397736
37.057,1.0,1.0,0.2762103706598282
37.067,1.0,1.0,0.25724067687988283
37.077,1.0,1.0,0.24921385943889615
37.087,1.0,1.0,0.24789094328880312
37.097,1.0,1.0,0.24663709253072735
37.107,1.0,1.0,0.24455430954694748
37.117,1.0,1.0,0.2440479308366776
37.127,1.0,1.0,0.2443952113389969
37.137,1.0,1.0,0.24701247513294217
37.147,1.0,1.0,0.24983322918415068
37.157,1.0,1.0,0.25156121253967284
37.167,1.0,1.0,0.2535034716129303
37.177,1.0,1.0,0.2555628478527069
37.187,1.0,1.0,0.260248938202858
37.197,1.0,1.0,0.26718770712614054
37.207,1.0,1.0,0.2729822635650635
37.217,1.0,1.0,0.2718228310346603
37.227,1.0,1.0,0.2706633985042572
37.237,1.0,1.0,0.2563192829489708
37.247,1.0,1.0,0.22895642407238484
37.257,1.0,1.0,0.1934611823409796
37.267,1.0,1.0,0.15775166489183903
37.277,1.0,1.0,0.11420845426619051
37.287,1.0,1.0,0.06298516280949115
37.297,1.0,1.0,0.00776027925312519
37.307,1.0,1.0,-0.05059517435729504
37.317,1.0,1.0,-0.10357304327189924
37.327,1.0,1.0,-0.1649964552372694
37.337,1.0,1.0,-0.22803586684167385
37.347,1.0,1.0,-0.2919891357421875
37.357,1.0,1.0,-0.35473207011818886
37.367,1.0,1.0,-0.4174750044941902
37.377,1.0,1.0,-0.4750767186284065
37.387,1.0,1.0,-0.5267393231391907
37.397,1.0,1.0,-0.5719217896461487
37.407,1.0,1.0,-0.6085473477840424
37.417,1.0,1.0,-0.6418735325336457
37.427,1.0,1.0,-0.666754174232483
37.437,1.0,1.0,-0.6749228656291961
37.447,1.0,1.0,-0.6664178013801575
37.457,1.0,1.0,-0.6461302220821381
37.467,1.0,1.0,-0.6188778668642044
37.477,1.0,1.0,-0.5889330387115479
37.487,1.0,1.0,-0.5509242147207261
37.497,1.0,1.0,-0.509661203622818
37.507,1.0,1.0,-0.4667234838008881
37.517,1.0,1.0,-0.4214503645896912
37.527,1.0,1.0,-0.37617724537849434
37.537,1.0,1.0,-0.3311169907450676
37.547,1.0,1.0,-0.288640408962965
37.557,1.0,1.0,-0.25010901093482973
37.567,1.0,1.0,-0.21626363545656205
37.577,1.0,1.0,-0.1824182599782944
37.587,1.0,1.0,-0.1534715037792921
37.597,1.0,1.0,-0.13113325498998166
37.607,1.0,1.0,-0.11746509857475758
37.617,1.0,1.0,-0.11115379072725771
37.627,1.0,1.0,-0.10484248287975788
37.637,1.0,1.0,-0.10234301574528218
37.647,1.0,1.0,-0.10230738259851932
37.657,1.0,1.0,-0.1050848226994276
37.667,1.0,1.0,-0.11120103858411312
37.677,1.0,1.0,-0.11731725446879863
37.687,1.0,1.0,-0.12468341737985612
37.697,1.0,1.0,-0.12848825752735138
37.707,1.0,1.0,-0.1277705878019333
37.717,1.0,1.0,-0.12699001431465148
37.727,1.0,1.0,-0.12620944082736968
37.737,1.0,1.0,-0.1300175204873085
37.747,1.0,1.0,-0.13848228082060815
37.757,1.0,1.0,-0.14852033630013467
37.767,1.0,1.0,-0.15912652984261513
37.777,1.0,1.0,-0.1697327233850956
37.787,1.0,1.0,-0.18345397636294364
37.797,1.0,1.0,-0.20182115361094477
37.807,1.0,1.0,-0.22139494717121125
37.817,1.0,1.0,-0.23824452608823776
37.827,1.0,1.0,-0.2550941050052643
37.837,1.0,1.0,-0.2676656424999237
37.847,1.0,1.0,-0.2752007633447648
37.857,1.0,1.0,-0.2790302813053131
37.867,1.0,1.0,-0.2806802272796631
37.877,1.0,1.0,-0.28233017325401305
37.887,1.0,1.0,-0.2813344091176987
37.897,1.0,1.0,-0.27803208529949186
37.907,1.0,1.0,-0.274868369102478
37.917,1.0,1.0,-0.2733409255743027
37.927,1.0,1.0,-0.27181348204612726
37.937,1.0,1.0,-0.2717526763677597
37.947,1.0,1.0,-0.27312842309474944
37.957,1.0,1.0,-0.2757708847522736
37.967,1.0,1.0,-0.279525762796402
37.977,1.0,1.0,-0.2832806408405304
37.987,1.0,1.0,-0.2881256639957428
37.997,1.0,1.0,-0.2929109364748001
38.007,1.0,1.0,-0.29551168978214265
38.017,1.0,1.0,-0.2949589192867279
38.027,1.0,1.0,-0.2944061487913132
38.037,1.0,1.0,-0.2899355322122574
38.047,1.0,1.0,-0.2808703348040581
38.057,1.0,1.0,-0.26776897758245466
38.067,1.0,1.0,-0.25410661548376084
38.077,1.0,1.0,-0.2378123179078102
38.087,1.0,1.0,-0.21928943693637848
38.097,1.0,1.0,-0.19958727806806564
38.107,1.0,1.0,-0.17980467081069945
38.117,1.0,1.0,-0.16260435730218886
38.127,1.0,1.0,-0.14216731786727904
38.137,1.0,1.0,-0.1200742084532976
38.147,1.0,1.0,-0.09770184345543384
38.157,1.0,1.0,-0.07698298916220665
38.167,1.0,1.0,-0.05534687042236328
38.177,1.0,1.0,-0.03634268715977669
38.187,1.0,1.0,-0.01787506639957428
38.197,1.0,1.0,-0.0007870517671108246
38.207,1.0,1.0,0.012056120857596397
38.217,1.0,1.0,0.021204180456697936
38.227,1.0,1.0,0.02711551412940025
38.237,1.0,1.0,0.024504100903868675
38.247,1.0,1.0,0.014729718491435052
38.257,1.0,1.0,0.0012944906949996949
38.267,1.0,1.0,-0.013754876703023913
38.277,1.0,1.0,-0.02880424410104752
38.287,1.0,1.0,-0.04548513144254685
38.297,1.0,1.0,-0.06364112421870231
38.307,1.0,1.0,-0.0811340566724539
38.317,1.0,1.0,-0.09661847595125436
38.327,1.0,1.0,-0.11210289523005486
38.337,1.0,1.0,-0.12732203677296638
38.347,1.0,1.0,-0.14403622224926949
38.357,1.0,1.0,-0.15898438319563865
38.367,1.0,1.0,-0.1759175442159176
38.377,1.0,1.0,-0.1931619994342327
38.387,1.0,1.0,-0.20974092930555344
38.397,1.0,1.0,-0.22407123446464536
38.407,1.0,1.0,-0.23421652615070343
38.417,1.0,1.0,-0.23911959826946255
38.427,1.0,1.0,-0.24402267038822173
38.437,1.0,1.0,-0.24179783910512925
38.447,1.0,1.0,-0.2321046516299248
38.457,1.0,1.0,-0.22078361064195637
38.467,1.0,1.0,-0.20618214234709736
38.477,1.0,1.0,-0.19126937985420228
38.487,1.0,1.0,-0.17599315643310548
38.497,1.0,1.0,-0.1609002746641636
38.507,1.0,1.0,-0.14808960855007172
38.517,1.0,1.0,-0.13839762210845946
38.527,1.0,1.0,-0.12870563566684723
38.537,1.0,1.0,-0.1206076681613922
38.547,1.0,1.0,-0.11274133771657945
38.557,1.0,1.0,-0.10546436496078967
38.567,1.0,1.0,-0.09928414560854433
38.577,1.0,1.0,-0.09310392625629901
38.587,1.0,1.0,-0.08733298741281034
38.597,1.0,1.0,-0.08102517500519754
38.607,1.0,1.0,-0.07465717457234859
38.617,1.0,1.0,-0.07025144137442112
38.627,1.0,1.0,-0.06584570817649364
38.637,1.0,1.0,-0.06620580740273
38.647,1.0,1.0,-0.07232948727905748
38.657,1.0,1.0,-0.0822913557291031
38.667,1.0,1.0,-0.09175502285361288
38.677,1.0,1.0,-0.10325807482004164
38.687,1.0,1.0,-0.11518214717507362
38.697,1.0,1.0,-0.12676160372793674
38.707,1.0,1.0,-0.1367129422724247
38.717,1.0,1.0,-0.14513895362615586
38.727,1.0,1.0,-0.15205953195691108
38.737,1.0,1.0,-0.15583947151899338
38.747,1.0,1.0,-0.15691073834896088
38.757,1.0,1.0,-0.1548233523964882
38.767,1.0,1.0,-0.1527359664440155
38.777,1.0,1.0,-0.14673586711287498
38.787,1.0,1.0,-0.13671203777194024
38.797,1.0,1.0,-0.12314170375466346
38.807,1.0,1.0,-0.1059777013026178
38.817,1.0,1.0,-0.08881369885057211
38.827,1.0,1.0,-0.0685808153823018
38.837,1.0,1.0,-0.045925387926399705
38.847,1.0,1.0,-0.02011997569352388
38.857,1.0,1.0,0.009230457060039042
38.867,1.0,1.0,0.04206729959696531
38.877,1.0,1.0,0.07303081359714268
38.887,1.0,1.0,0.1035107946023345
38.897,1.0,1.0,0.1334360783919692
38.907,1.0,1.0,0.16258394764736295
38.917,1.0,1.0,0.19621372856199745
38.927,1.0,1.0,0.22526919543743132
38.937,1.0,1.0,0.25375501811504364
38.947,1.0,1.0,0.27564775496721267
38.957,1.0,1.0,0.2865869864821434
38.967,1.0,1.0,0.289789979159832
38.977,1.0,1.0,0.2929929718375206
38.987,1.0,1.0,0.2912521421909332
38.997,1.0,1.0,0.2832087829709053
39.007,1.0,1.0,0.2671578198671341
39.017,1.0,1.0,0.24063285440206528
39.027,1.0,1.0,0.21410788893699645
39.037,1.0,1.0,0.1793716574087739
39.047,1.0,1.0,0.14530687283258886
39.057,1.0,1.0,0.11492694939952344
39.067,1.0,1.0,0.08448622177820653
39.077,1.0,1.0,0.05404549415688962
39.087,1.0,1.0,0.024635036545805632
39.097,1.0,1.0,0.00017377610784024
39.107,1.0,1.0,-0.019218263891525568
39.117,1.0,1.0,-0.033886471879668534
39.127,1.0,1.0,-0.04855467986781151
39.137,1.0,1.0,-0.058249115501530474
39.147,1.0,1.0,-0.0628672182559967
39.157,1.0,1.0,-0.06112038213759661
39.167,1.0,1.0,-0.0535875265719369
39.177,1.0,1.0,-0.046054671006277206
39.187,1.0,1.0,-0.03717486865352839
39.197,1.0,1.0,-0.030714310985058547
39.207,1.0,1.0,-0.025786791695281863
39.217,1.0,1.0,-0.020054566068574788
39.227,1.0,1.0,-0.014322340441867708
39.237,1.0,1.0,-0.008564678439870476
39.247,1.0,1.0,-0.004598872596397996
39.257,1.0,1.0,-0.0008918678853660821
39.267,1.0,1.0,0.001339750620536506
39.277,1.0,1.0,0.007434090413153171
39.287,1.0,1.0,0.01644070914480835
39.297,1.0,1.0,0.02926567983813584
39.307,1.0,1.0,0.047123017627745865
39.317,1.0,1.0,0.06544390777125955
39.327,1.0,1.0,0.08730482803657649
39.337,1.0,1.0,0.11135311685502527
39.347,1.0,1.0,0.1363773237913847
39.357,1.0,1.0,0.16073313895612956
39.367,1.0,1.0,0.1850889541208744
39.377,1.0,1.0,0.20782216340303425
39.387,1.0,1.0,0.229176764190197
39.397,1.0,1.0,0.2480425164103508
39.407,1.0,1.0,0.263624407351017
39.417,1.0,1.0,0.2792062982916832
39.427,1.0,1.0,0.2939804866909981
39.437,1.0,1.0,0.3105337381362915
39.447,1.0,1.0,0.3278972327709198
39.457,1.0,1.0,0.34433128833770754
39.467,1.0,1.0,0.3607653439044952
39.477,1.0,1.0,0.3767399072647095
39.487,1.0,1.0,0.39231533110141753
39.497,1.0,1.0,0.4056286185979843
39.507,1.0,1.0,0.4152422934770584
39.517,1.0,1.0,0.42437243759632104
39.527,1.0,1.0,0.4307702541351318
39.537,1.0,1.0,0.4353958040475845
39.547,1.0,1.0,0.43875890374183657
39.557,1.0,1.0,0.4394568622112274
39.567,1.0,1.0,0.43817851841449745
39.577,1.0,1.0,0.43511955142021186
39.587,1.0,1.0,0.43054940402507774
39.597,1.0,1.0,0.4280303835868836
39.607,1.0,1.0,0.4282041370868682
39.617,1.0,1.0,0.4292612671852112
39.627,1.0,1.0,0.4303183972835541
39.637,1.0,1.0,0.4317404329776764
39.647,1.0,1.0,0.4357937008142471
39.657,1.0,1.0,0.4451339572668076
39.667,1.0,1.0,0.46054967045784
39.677,1.0,1.0,0.4759653836488724
39.687,1.0,1.0,0.497558543086052
39.697,1.0,1.0,0.5256809413433075
39.707,1.0,1.0,0.5597897440195083
39.717,1.0,1.0,0.5971011638641357
39.727,1.0,1.0,0.6344125837087631
39.737,1.0,1.0,0.6704165548086166
39.747,1.0,1.0,0.7026668906211853
39.757,1.0,1.0,0.732453978061676
39.767,1.0,1.0,0.7607824087142944
39.777,1.0,1.0,0.7891108393669128
39.787,1.0,1.0,0.8129409670829773
39.797,1.0,1.0,0.8277922093868254
39.807,1.0,1.0,0.8329233169555664
39.817,1.0,1.0,0.8347753584384918
39.827,1.0,1.0,0.8366273999214173
39.837,1.0,1.0,0.8348052382469178
39.847,1.0,1.0,0.815333729982376
39.857,1.0,1.0,0.7761375248432159
39.867,1.0,1.0,0.7273983329534529
39.877,1.0,1.0,0.6786591410636902
39.887,1.0,1.0,0.628291791677475
39.897,1.0,1.0,0.5827088594436646
39.907,1.0,1.0,0.542254114151001
39.917,1.0,1.0,0.5019652843475342
39.927,1.0,1.0,0.46167645454406736
39.937,1.0,1.0,0.4252675473690033
39.947,1.0,1.0,0.4046542972326279
39.957,1.0,1.0,0.3981244772672653
39.967,1.0,1.0,0.39479408562183377
39.977,1.0,1.0,0.3914636939764023
39.987,1.0,1.0,0.3843545854091645
39.997,1.0,1.0,0.37032686471939086
40.007,1.0,1.0,0.35353071987628937
40.017,1.0,1.0,0.33630208671092987
40.027,1.0,1.0,0.3190734535455704
40.037,1.0,1.0,0.3002385050058365
40.047,1.0,1.0,0.27994872629642487
40.057,1.0,1.0,0.25584106445312493
40.067,1.0,1.0,0.2354364633560181
40.077,1.0,1.0,0.2061309978365898
40.087,1.0,1.0,0.17379186768084764
40.097,1.0,1.0,0.14244747553020717
40.107,1.0,1.0,0.11565843634307384
40.117,1.0,1.0,0.0888125730678439
40.127,1.0,1.0,0.0660434439778328
40.137,1.0,1.0,0.03997220769524575
40.147,1.0,1.0,0.005798948556184768
40.157,1.0,1.0,-0.029380374401807786
40.167,1.0,1.0,-0.06455969735980034
40.177,1.0,1.0,-0.09333864524960518
40.187,1.0,1.0,-0.11456075254827738
40.197,1.0,1.0,-0.13115888107568024
40.207,1.0,1.0,-0.14848552234470844
40.217,1.0,1.0,-0.16324222292751073
40.227,1.0,1.0,-0.18207565769553183
40.237,1.0,1.0,-0.19433972388505932
40.247,1.0,1.0,-0.19122072905302048
40.257,1.0,1.0,-0.17458549588918687
40.267,1.0,1.0,-0.15465658195316792
40.277,1.0,1.0,-0.13222717866301537
40.287,1.0,1.0,-0.10885214428417384
40.297,1.0,1.0,-0.08630611156113446
40.307,1.0,1.0,-0.06456388537772
40.317,1.0,1.0,-0.04225956504233182
40.327,1.0,1.0,-0.019955244706943636
40.337,1.0,1.0,0.003571611596271396
40.347,1.0,1.0,0.026005936367437244
40.357,1.0,1.0,0.04455686579458416
40.367,1.0,1.0,0.05928629892878234
40.377,1.0,1.0,0.07401573206298054
40.387,1.0,1.0,0.08607305875048042
40.397,1.0,1.0,0.09489947110414504
40.407,1.0,1.0,0.09907545745372771
40.417,1.0,1.0,0.09767106026411056
40.427,1.0,1.0,0.09626666307449341
40.437,1.0,1.0,0.08917077854275704
40.447,1.0,1.0,0.07871535830199719
40.457,1.0,1.0,0.06888839118182659
40.467,1.0,1.0,0.06191991828382015
40.477,1.0,1.0,0.05495144538581372
40.487,1.0,1.0,0.05119174085557461
40.497,1.0,1.0,0.05043900273740291
40.507,1.0,1.0,0.05165983997285366
40.517,1.0,1.0,0.052697062864899634
40.527,1.0,1.0,0.05373428575694561
40.537,1.0,1.0,0.052033232897520064
40.547,1.0,1.0,0.045181227475404734
40.557,1.0,1.0,0.03238131105899811
40.567,1.0,1.0,0.015837905555963518
40.577,1.0,1.0,-0.0007054999470710755
40.587,1.0,1.0,-0.017938742786645888
40.597,1.0,1.0,-0.034359877556562425
40.607,1.0,1.0,-0.048965916782617566
40.617,1.0,1.0,-0.060069871693849565
40.627,1.0,1.0,-0.07117382660508156
40.637,1.0,1.0,-0.07690850980579853
40.647,1.0,1.0,-0.07629795521497726
40.657,1.0,1.0,-0.07112497687339783
40.667,1.0,1.0,-0.06543084941804408
40.677,1.0,1.0,-0.0597783762961626
40.687,1.0,1.0,-0.05574707798659802
40.697,1.0,1.0,-0.05218311809003353
40.707,1.0,1.0,-0.04759819451719522
40.717,1.0,1.0,-0.04168106927536428
40.727,1.0,1.0,-0.03416249598376453
40.737,1.0,1.0,-0.02732579833827913
40.747,1.0,1.0,-0.020679466938599945
40.757,1.0,1.0,-0.014986619120463727
40.767,1.0,1.0,-0.010069505544379354
40.777,1.0,1.0,-0.006610603490844369
40.787,1.0,1.0,-0.0031517014373093843
40.797,1.0,1.0,-0.002987427311018109
40.807,1.0,1.0,-0.00678043351508677
40.817,1.0,1.0,-0.013343252893537282
40.827,1.0,1.0,-0.021507520321756603
40.837,1.0,1.0,-0.028696380089968443
40.847,1.0,1.0,-0.03435625126585364
40.857,1.0,1.0,-0.036869232449680565
40.867,1.0,1.0,-0.03588703495915979
40.877,1.0,1.0,-0.033404971612617365
40.887,1.0,1.0,-0.02922057299874723
40.897,1.0,1.0,-0.02188985883258283
40.907,1.0,1.0,-0.012273423140868545
40.917,1.0,1.0,-0.002469930192455649
40.927,1.0,1.0,0.007333562755957245
40.937,1.0,1.0,0.014655221113935113
40.947,1.0,1.0,0.01813033437356353
40.957,1.0,1.0,0.018133944552391767
40.967,1.0,1.0,0.015264190617017448
40.977,1.0,1.0,0.012394436681643127
40.987,1.0,1.0,0.007271528104320168
40.997,1.0,1.0,0.0008361196611076594
41.007,1.0,1.0,-0.0061297839041799295
41.017,1.0,1.0,-0.012935305153951047
41.027,1.0,1.0,-0.019740826403722166
41.037,1.0,1.0,-0.02484326246194541
41.047,1.0,1.0,-0.027089649625122548
41.057,1.0,1.0,-0.02703389655798673
41.067,1.0,1.0,-0.02590684350579977
41.077,1.0,1.0,-0.024779790453612803
41.087,1.0,1.0,-0.023353829421103
41.097,1.0,1.0,-0.02127455864101648
41.107,1.0,1.0,-0.01746280463412404
41.117,1.0,1.0,-0.011520500387996437
41.127,1.0,1.0,-0.00557819614186883
41.137,1.0,1.0,0.0012465157546103002
41.147,1.0,1.0,0.007474645134061575
41.157,1.0,1.0,0.013001420814543963
41.167,1.0,1.0,0.018709083553403616
41.177,1.0,1.0,0.02441674629226327
41.187,1.0,1.0,0.03032638402655721
41.197,1.0,1.0,0.034944539237767455
41.207,1.0,1.0,0.03733291290700436
41.217,1.0,1.0,0.038073267601430406
41.227,1.0,1.0,0.03881362229585648
41.237,1.0,1.0,0.03887711465358734
41.247,1.0,1.0,0.03824503086507321
41.257,1.0,1.0,0.03640296682715416
41.267,1.0,1.0,0.03364547584205866
41.277,1.0,1.0,0.03088798485696316
41.287,1.0,1.0,0.028727028332650666
41.297,1.0,1.0,0.028318163566291334
41.307,1.0,1.0,0.028817025385797022
41.318,1.0,1.0,0.028869435749948023
41.327,1.0,1.0,0.028741749189794063
41.337,1.0,1.0,0.028211859054863453
41.347,1.0,1.0,0.02882240880280733
41.357,1.0,1.0,0.0321665545925498
41.367,1.0,1.0,0.037013786286115645
41.377,1.0,1.0,0.04119850117713213
41.387,1.0,1.0,0.0448366180062294
41.397,1.0,1.0,0.0459598820656538
41.407,1.0,1.0,0.04472914673388005
41.417,1.0,1.0,0.04141725525259972
41.427,1.0,1.0,0.03828546069562435
41.437,1.0,1.0,0.03376784436404705
41.447,1.0,1.0,0.02856010710820556
41.457,1.0,1.0,0.02261869283393025
41.467,1.0,1.0,0.017102196253836154
41.477,1.0,1.0,0.01224821647629142
41.487,1.0,1.0,0.008043865393847226
41.497,1.0,1.0,0.004672011267393828
41.507,1.0,1.0,0.0026171394158154724
41.517,1.0,1.0,0.004018685640767216
41.527,1.0,1.0,0.005420231865718961
41.537,1.0,1.0,0.010550393583253026
41.547,1.0,1.0,0.01702489531598985
41.557,1.0,1.0,0.02247605505399406
41.567,1.0,1.0,0.025938828522339464
41.577,1.0,1.0,0.029401601990684867
41.587,1.0,1.0,0.03174326396547258
41.597,1.0,1.0,0.03475563391111791
41.607,1.0,1.0,0.03865334391593933
41.617,1.0,1.0,0.04104285947978496
41.627,1.0,1.0,0.0434323750436306
41.637,1.0,1.0,0.04219534508883953
41.647,1.0,1.0,0.0381200653500855
41.657,1.0,1.0,0.0337646990083158
41.667,1.0,1.0,0.03076010337099433
41.677,1.0,1.0,0.028725141007453204
41.687,1.0,1.0,0.02716166144236922
41.697,1.0,1.0,0.02674021599814296
41.707,1.0,1.0,0.027702169399708508
41.717,1.0,1.0,0.03068681759759784
41.727,1.0,1.0,0.034548417758196594
41.737,1.0,1.0,0.03969376971945167
41.747,1.0,1.0,0.04631493929773569
41.757,1.0,1.0,0.053370899707078936
41.768,1.0,1.0,0.06026843078434467
41.778,1.0,1.0,0.06637088302522898
41.788,1.0,1.0,0.07247333526611328
41.798,1.0,1.0,0.07640527598559857
41.808,1.0,1.0,0.0766238059848547
41.818,1.0,1.0,0.07258928455412388
41.828,1.0,1.0,0.06588177699595689
41.838,1.0,1.0,0.05917426943778992
41.848,1.0,1.0,0.052231512777507295
41.858,1.0,1.0,0.04645065981894732
41.868,1.0,1.0,0.04234328735619784
41.878,1.0,1.0,0.03924486432224512
41.888,1.0,1.0,0.036146441288292405
41.898,1.0,1.0,0.03291039038449526
41.908,1.0,1.0,0.030465664900839327
41.918,1.0,1.0,0.030806257016956808
41.928,1.0,1.0,0.034188298135995866
41.938,1.0,1.0,0.037570339255034925
41.948,1.0,1.0,0.042795988917350765
41.958,1.0,1.0,0.04816007055342197
41.968,1.0,1.0,0.05245484597980976
41.978,1.0,1.0,0.05556611754000186
41.988,1.0,1.0,0.059636449441313744
41.998,1.0,1.0,0.06518333815038205
42.008,1.0,1.0,0.07152058705687521
42.018,1.0,1.0,0.07641973719000816
42.028,1.0,1.0,0.08007347248494626
42.038,1.0,1.0,0.0822431944310665
42.048,1.0,1.0,0.0813492976129055
42.058,1.0,1.0,0.0778291542083025
42.068,1.0,1.0,0.07210936173796653
42.078,1.0,1.0,0.06638956926763058
42.088,1.0,1.0,0.05897300411015749
42.098,1.0,1.0,0.051314246654510495
42.108,1.0,1.0,0.0456547625362873
42.118,1.0,1.0,0.04389464035630226
42.128,1.0,1.0,0.042134518176317214
42.138,1.0,1.0,0.044943147152662274
42.148,1.0,1.0,0.05162197202444077
42.158,1.0,1.0,0.06035330556333065
42.168,1.0,1.0,0.06925204619765282
42.178,1.0,1.0,0.07815078683197499
42.188,1.0,1.0,0.08625501897186041
42.198,1.0,1.0,0.09317031577229501
42.208,1.0,1.0,0.09788324683904649
42.218,1.0,1.0,0.09879764914512634
42.228,1.0,1.0,0.09971205145120621
42.238,1.0,1.0,0.09600045606493948
42.248,1.0,1.0,0.08894388452172279
42.258,1.0,1.0,0.08081507012248039
42.268,1.0,1.0,0.07351963743567466
42.278,1.0,1.0,0.06622420474886895
42.288,1.0,1.0,0.06050618141889572
42.298,1.0,1.0,0.05509470403194428
42.308,1.0,1.0,0.04899317137897015
42.318,1.0,1.0,0.04399084672331809
42.328,1.0,1.0,0.03849964570254087
42.338,1.0,1.0,0.03513267021626234
42.348,1.0,1.0,0.033315755985677244
42.358,1.0,1.0,0.03199878204613924
42.368,1.0,1.0,0.030552016571164128
42.378,1.0,1.0,0.02910525109618902
42.388,1.0,1.0,0.02701472826302052
42.398,1.0,1.0,0.024911758862435816
42.408,1.0,1.0,0.023475801013410087
42.418,1.0,1.0,0.022039843164384364
42.428,1.0,1.0,0.020827092742547397
42.438,1.0,1.0,0.01891707959584892
42.448,1.0,1.0,0.015561754908412696
42.458,1.0,1.0,0.0107011160813272
42.468,1.0,1.0,0.00548583110794425
42.478,1.0,1.0,0.0002705461345613003
42.488,1.0,1.0,-0.0036201029084622855
42.498,1.0,1.0,-0.005454173125326632
42.508,1.0,1.0,-0.005831987271085382
42.518,1.0,1.0,-0.006403283914551138
42.528,1.0,1.0,-0.006708911620080471
42.538,1.0,1.0,-0.00731886486755684
42.548,1.0,1.0,-0.006592416402418168
42.558,1.0,1.0,-0.0031029762816615404
42.568,1.0,1.0,0.002203111711423844
42.578,1.0,1.0,0.007509199704509229
42.588,1.0,1.0,0.012174786429386584
42.598,1.0,1.0,0.01455563687486574
42.608,1.0,1.0,0.01564728015800938
42.618,1.0,1.0,0.017278925178106874
42.628,1.0,1.0,0.018910570198204368
42.638,1.0,1.0,0.019857731694355608
42.648,1.0,1.0,0.01708370205014944
42.658,1.0,1.0,0.010037542879581453
42.668,1.0,1.0,0.001598350703716278
42.678,1.0,1.0,-0.006840841472148895
42.688,1.0,1.0,-0.012836065143346786
42.698,1.0,1.0,-0.015148908738046883
42.708,1.0,1.0,-0.01686666051391512
42.718,1.0,1.0,-0.021117408224381507
42.728,1.0,1.0,-0.025368155934847886
42.738,1.0,1.0,-0.030678779282607135
42.748,1.0,1.0,-0.03490515800658613
42.758,1.0,1.0,-0.04492521958891303
42.768,1.0,1.0,-0.06803915726486594
42.778,1.0,1.0,-0.09115309494081884
42.788,1.0,1.0,-0.12098351309541612
42.798,1.0,1.0,-0.14917228419799358
42.808,1.0,1.0,-0.17321307361125943
42.818,1.0,1.0,-0.19449250251054764
42.828,1.0,1.0,-0.21914001256227492
42.838,1.0,1.0,-0.24162454083561896
42.848,1.0,1.0,-0.2683720037341118
42.858,1.0,1.0,-0.2962908148765564
42.868,1.0,1.0,-0.3206859648227692
42.878,1.0,1.0,-0.35048500299453733
42.888,1.0,1.0,-0.3760970950126648
42.898,1.0,1.0,-0.4057345032691956
42.908,1.0,1.0,-0.4343989804387093
42.918,1.0,1.0,-0.457778251171112
42.928,1.0,1.0,-0.47778944075107577
42.938,1.0,1.0,-0.4941980183124543
42.948,1.0,1.0,-0.5034875839948654
42.958,1.0,1.0,-0.5060373455286026
42.968,1.0,1.0,-0.4987845212221146
42.978,1.0,1.0,-0.4910685569047928
42.988,1.0,1.0,-0.4856142789125442
42.998,1.0,1.0,-0.4781698912382126
43.008,1.0,1.0,-0.4713708490133285
43.018,1.0,1.0,-0.47043189704418176
43.028,1.0,1.0,-0.46795139908790584
43.038,1.0,1.0,-0.47309021353721614
43.048,1.0,1.0,-0.48594364821910857
43.058,1.0,1.0,-0.4996709078550338
43.068,1.0,1.0,-0.5133981674909591
43.078,1.0,1.0,-0.521128460764885
43.088,1.0,1.0,-0.525725057721138
43.098,1.0,1.0,-0.5332024723291398
43.108,1.0,1.0,-0.5449075907468796
43.118,1.0,1.0,-0.5565969675779343
43.128,1.0,1.0,-0.569827890396118
43.138,1.0,1.0,-0.5805682301521301
43.148,1.0,1.0,-0.5863560914993288
43.158,1.0,1.0,-0.5894290328025817
43.168,1.0,1.0,-0.593538236618042
43.178,1.0,1.0,-0.59870365858078
43.188,1.0,1.0,-0.6072183310985565
43.198,1.0,1.0,-0.6184811353683471
43.208,1.0,1.0,-0.6323776125907897
43.218,1.0,1.0,-0.6477345705032349
43.228,1.0,1.0,-0.66309152841568
43.238,1.0,1.0,-0.6772958636283875
43.248,1.0,1.0,-0.6884661555290222
43.258,1.0,1.0,-0.6962763547897339
43.268,1.0,1.0,-0.700145959854126
43.278,1.0,1.0,-0.704015564918518
43.288,1.0,1.0,-0.702734112739563
43.298,1.0,1.0,-0.6968532919883728
43.308,1.0,1.0,-0.6885031759738922
43.318,1.0,1.0,-0.6778379797935484
43.328,1.0,1.0,-0.667172783613205
43.338,1.0,1.0,-0.6548505663871764
43.348,1.0,1.0,-0.6448758840560913
43.358,1.0,1.0,-0.6410466313362122
43.368,1.0,1.0,-0.6436442971229553
43.378,1.0,1.0,-0.6462419629096985
43.388,1.0,1.0,-0.652912938594818
43.398,1.0,1.0,-0.6616307079792023
43.408,1.0,1.0,-0.6712693870067596
43.418,1.0,1.0,-0.6804197728633881
43.428,1.0,1.0,-0.6895701587200165
43.438,1.0,1.0,-0.6960501551628113
43.448,1.0,1.0,-0.6973489403724671
43.458,1.0,1.0,-0.6933862149715424
43.468,1.0,1.0,-0.6859009027481079
43.478,1.0,1.0,-0.6792141079902649
43.488,1.0,1.0,-0.6717642664909361
43.498,1.0,1.0,-0.6638420104980469
43.508,1.0,1.0,-0.655408388376236
43.518,1.0,1.0,-0.649008721113205
43.528,1.0,1.0,-0.642609053850174
43.538,1.0,1.0,-0.6416594564914704
43.548,1.0,1.0,-0.6459488213062288
43.558,1.0,1.0,-0.6520360469818115
43.568,1.0,1.0,-0.6579610407352448
43.578,1.0,1.0,-0.6630875170230865
43.588,1.0,1.0,-0.6675817728042601
43.598,1.0,1.0,-0.6729822993278504
43.608,1.0,1.0,-0.679485809803009
43.618,1.0,1.0,-0.6849196195602417
43.628,1.0,1.0,-0.6903534293174745
43.638,1.0,1.0,-0.6917859613895416
43.648,1.0,1.0,-0.6885910332202912
43.658,1.0,1.0,-0.6831415176391602
43.668,1.0,1.0,-0.6769991755485535
43.678,1.0,1.0,-0.6708568334579468
43.688,1.0,1.0,-0.6630652070045471
43.698,1.0,1.0,-0.6545398473739624
43.708,1.0,1.0,-0.6481263339519501
43.718,1.0,1.0,-0.6446753084659577
43.728,1.0,1.0,-0.6412242829799653
43.738,1.0,1.0,-0.6390290021896362
43.748,1.0,1.0,-0.6358669459819793
43.758,1.0,1.0,-0.6304872870445252
43.768,1.0,1.0,-0.6245604991912842
43.778,1.0,1.0,-0.6186337113380432
43.788,1.0,1.0,-0.6153587818145752
43.798,1.0,1.0,-0.613331538438797
43.808,1.0,1.0,-0.6092016637325287
43.818,1.0,1.0,-0.6043950080871582
43.828,1.0,1.0,-0.6013732492923737
43.838,1.0,1.0,-0.5996008694171906
43.848,1.0,1.0,-0.6018042445182801
43.858,1.0,1.0,-0.6058268785476685
43.868,1.0,1.0,-0.6093946516513824
43.878,1.0,1.0,-0.6142236590385437
43.888,1.0,1.0,-0.6180458664894104
43.898,1.0,1.0,-0.6261300504207611
43.908,1.0,1.0,-0.6403412401676177
43.918,1.0,1.0,-0.6573114931583405
43.928,1.0,1.0,-0.6724968492984772
43.938,1.0,1.0,-0.6901036381721497
43.948,1.0,1.0,-0.7105063199996948
43.958,1.0,1.0,-0.7362320184707641
43.968,1.0,1.0,-0.7682827174663542
43.978,1.0,1.0,-0.7990721821784974
43.988,1.0,1.0,-0.8358130633831024
43.998,1.0,1.0,-0.8730778515338897
44.008,1.0,1.0,-0.9083121716976164
44.018,1.0,1.0,-0.9412717878818512
44.028,1.0,1.0,-0.9742314040660855
44.038,1.0,1.0,-1.0024006962776184
44.048,1.0,1.0,-1.0228114128112793
44.058,1.0,1.0,-1.035415518283844
44.068,1.0,1.0,-1.0385059773921967
44.078,1.0,1.0,-1.0415964365005492
44.088,2.0,2.0,-1.0313515067100525
44.098,2.0,2.0,-1.006153225898743
44.108,2.0,2.0,-0.9668599665164948
44.118,2.0,2.0,-0.9179827749729157
44.128,2.0,2.0,-0.8691055834293365
44.138,2.0,2.0,-0.8191253423690796
44.148,2.0,2.0,-0.7741607427597046
44.158,2.0,2.0,-0.7354696691036224
44.168,2.0,2.0,-0.7042342245578764
44.178,2.0,2.0,-0.6743101477622986
44.188,2.0,2.0,-0.651770043373108
44.198,2.0,2.0,-0.6383121252059937
44.208,2.0,2.0,-0.6339832246303558
44.218,2.0,2.0,-0.6358678281307221
44.228,2.0,2.0,-0.634743618965149
44.238,2.0,2.0,-0.6370913505554199
44.248,2.0,2.0,-0.6337029933929443
44.258,2.0,2.0,-0.618750786781311
44.268,2.0,2.0,-0.5894663691520691
44.278,2.0,2.0,-0.5463655769824982
44.288,2.0,2.0,-0.5032647848129272
44.298,2.0,2.0,-0.44515877962112427
44.308,2.0,2.0,-0.3697531960904598
44.318,2.0,2.0,-0.2778927557170391
44.328,2.0,2.0,-0.1730757050216198
44.338,2.0,2.0,-0.06825865432620049
44.348,3.0,3.0,0.04511270597577095
44.358,3.0,3.0,0.16258348897099495
44.368,3.0,3.0,0.28081482127308843
44.378,3.0,3.0,0.3865411467850208
44.388,3.0,3.0,0.5009067066013813
44.398,3.0,3.0,0.6043724544346333
44.408,3.0,3.0,0.6932243853807449
44.419,3.0,3.0,0.768207359313965
44.429,3.0,3.0,0.8272249102592467
44.439,3.0,3.0,0.888782286643982
44.449,3.0,3.0,0.9364348888397216
44.459,3.0,3.0,0.9718087792396546
44.469,3.0,3.0,0.9979404985904694
44.479,3.0,3.0,1.0240722179412842
44.489,3.0,3.0,1.0421590685844422
44.499,3.0,3.0,1.0502193093299863
44.509,4.0,4.0,1.0456288576126098
44.519,4.0,4.0,1.0300461053848269
44.529,4.0,4.0,1.0144633531570435
44.539,4.0,4.0,0.9932502329349516
44.549,4.0,4.0,0.9705397069454192
44.559,4.0,4.0,0.9463301122188568
44.569,4.0,4.0,0.9192857742309569
44.579,4.0,4.0,0.8922414362430573
44.589,4.0,4.0,0.8657516658306121
44.599,4.0,4.0,0.8485247492790222
44.609,4.0,4.0,0.8452846825122832
44.619,4.0,4.0,0.8526410102844239
44.629,4.0,4.0,0.8599973380565643
44.639,4.0,4.0,0.8745569825172425
44.649,4.0,4.0,0.8930878400802611
44.659,4.0,4.0,0.9116508245468141
44.669,4.0,4.0,0.9321342408657074
44.679,4.0,4.0,0.952617657184601
44.689,4.0,4.0,0.9784234285354612
44.699,4.0,4.0,1.0074478566646576
44.709,4.0,4.0,1.0379087686538695
44.719,4.0,4.0,1.0708827912807464
44.729,4.0,4.0,1.1038568139076232
44.739,4.0,4.0,1.1374138951301576
44.749,4.0,4.0,1.1708447813987732
44.759,4.0,4.0,1.2053588509559632
44.769,4.0,4.0,1.2340770363807678
44.779,4.0,4.0,1.2627952218055725
44.789,4.0,4.0,1.2774896383285523
44.799,4.0,4.0,1.2799608945846557
44.809,4.0,4.0,1.2750975370407105
44.819,4.0,4.0,1.2627945065498352
44.829,4.0,4.0,1.25049147605896
44.839,4.0,4.0,1.2296594977378843
44.849,4.0,4.0,1.2017655730247498
44.859,4.0,4.0,1.1696445941925049
44.869,4.0,4.0,1.1381884455680846
44.879,4.0,4.0,1.1035898447036745
44.889,4.0,4.0,1.0765437245368958
44.899,4.0,4.0,1.0515547692775726
44.909,4.0,4.0,1.0219109296798703
44.919,4.0,4.0,0.98400759100914
44.929,4.0,4.0,0.9376664340496064
44.939,4.0,4.0,0.8951583921909331
44.949,4.0,4.0,0.8529132187366486
44.959,4.0,4.0,0.8119638264179229
44.969,4.0,4.0,0.7721656024456024
44.979,4.0,4.0,0.7355098307132721
44.989,4.0,4.0,0.6975851118564605
44.999,4.0,4.0,0.662940150499344
45.009,4.0,4.0,0.6351302862167358
45.019,4.0,4.0,0.6186292231082916
45.029,4.0,4.0,0.6105659782886506
45.039,4.0,4.0,0.6055764973163604
45.049,4.0,4.0,0.6089819967746736
45.059,4.0,4.0,0.6195957720279692
45.069,4.0,4.0,0.6374324679374694
45.079,4.0,4.0,0.6552691638469696
45.089,4.0,4.0,0.6780343592166901
45.099,4.0,4.0,0.7013016998767853
45.109,4.0,4.0,0.7215085089206694
45.119,4.0,4.0,0.7369378268718718
45.129,4.0,4.0,0.7523671448230742
45.139,4.0,4.0,0.7621338903903961
45.149,4.0,4.0,0.7658431828022003
45.159,4.0,4.0,0.7630900442600249
45.169,4.0,4.0,0.7543880403041838
45.179,4.0,4.0,0.7456860363483427
45.189,4.0,4.0,0.735503566265106
45.199,4.0,4.0,0.7295685827732085
45.209,4.0,4.0,0.7281423985958099
45.219,4.0,4.0,0.7278109490871428
45.229,4.0,4.0,0.7274794995784758
45.239,4.0,4.0,0.7255710661411284
45.249,4.0,4.0,0.7191831946372985
45.259,4.0,4.0,0.7053868412971497
45.269,4.0,4.0,0.6832177132368088
45.279,4.0,4.0,0.6610485851764679
45.289,4.0,4.0,0.6302732169628144
45.299,4.0,4.0,0.590654519200325
45.309,4.0,4.0,0.5451215475797653
45.319,4.0,4.0,0.4990551054477692
45.329,4.0,4.0,0.452988663315773
45.339,4.0,4.0,0.40998392999172206
45.349,4.0,4.0,0.3737830609083176
45.359,4.0,4.0,0.35190881192684176
45.369,4.0,4.0,0.34780011177062986
45.379,4.0,4.0,0.343691411614418
45.389,4.0,4.0,0.3506199210882187
45.399,4.0,4.0,0.3630985975265503
45.409,4.0,4.0,0.3800016164779663
45.419,4.0,4.0,0.39879441559314727
45.429,4.0,4.0,0.4175872147083282
45.439,4.0,4.0,0.4365145474672317
45.449,4.0,4.0,0.455155473947525
45.459,4.0,4.0,0.4714555084705353
45.469,4.0,4.0,0.4814321994781494
45.479,4.0,4.0,0.4914088904857635
45.489,4.0,4.0,0.49688737392425536
45.499,4.0,4.0,0.5025720655918121
45.509,4.0,4.0,0.5048235654830933
45.519,4.0,4.0,0.49780577421188354
45.529,4.0,4.0,0.4907879829406738
45.539,4.0,4.0,0.47577785551548
45.549,4.0,4.0,0.45548989176750176
45.559,4.0,4.0,0.42917966544628144
45.569,4.0,4.0,0.3988447010517121
45.579,4.0,4.0,0.36648528575897216
45.589,4.0,4.0,0.3340140223503113
45.599,4.0,4.0,0.29822921603918073
45.609,4.0,4.0,0.26509042829275126
45.619,4.0,4.0,0.24166136384010317
45.629,4.0,4.0,0.21486335992813113
45.639,4.0,4.0,0.19702724218368528
45.649,4.0,4.0,0.1712177973240614
45.659,4.0,4.0,0.12853157185018063
45.669,4.0,4.0,0.0784519489854574
45.679,4.0,4.0,0.030396777018904687
45.689,5.0,5.0,-0.014601326361298562
45.699,5.0,5.0,-0.054309706762433047
45.709,5.0,5.0,-0.09351787753403187
45.719,5.0,5.0,-0.13340616263449193
45.729,5.0,5.0,-0.16992550827562808
45.739,5.0,5.0,-0.20698092468082904
45.749,5.0,5.0,-0.23170233964920045
45.759,5.0,5.0,-0.23852970153093336
45.769,5.0,5.0,-0.2380168095231056
45.779,5.0,5.0,-0.23750391751527783
45.789,5.0,5.0,-0.2395808443427086
45.799,5.0,5.0,-0.24297521859407423
45.809,5.0,5.0,-0.24502496570348736
45.819,5.0,5.0,-0.24633767306804655
45.829,5.0,5.0,-0.24765038043260573
45.839,5.0,5.0,-0.25002177357673644
45.849,5.0,5.0,-0.2530344039201736
45.859,5.0,5.0,-0.2536295413970947
45.869,5.0,5.0,-0.2512772098183632
45.879,5.0,5.0,-0.2489248782396317
45.889,5.0,5.0,-0.24499313831329345
45.899,5.0,5.0,-0.2383548691868782
45.909,5.0,5.0,-0.2285218596458435
45.919,5.0,5.0,-0.2148253656923771
45.929,5.0,5.0,-0.20112887173891067
45.939,5.0,5.0,-0.18213019296526908
45.949,5.0,5.0,-0.15915453769266605
45.959,5.0,5.0,-0.13497832007706165
45.969,5.0,5.0,-0.1097163200378418
45.979,5.0,5.0,-0.08074946515262128
45.989,5.0,5.0,-0.0538292683660984
45.999,5.0,5.0,-0.027033052593469616
46.009,5.0,5.0,-0.0004571087658405304
46.019,5.0,5.0,0.026433885097503666
46.029,5.0,5.0,0.056449467688798896
46.039,5.0,5.0,0.0827576220035553
46.049,5.0,5.0,0.10908345989882946
46.059,5.0,5.0,0.13554384671151637
46.069,5.0,5.0,0.15977466329932213
46.079,5.0,5.0,0.17953002639114857
46.089,5.0,5.0,0.199285389482975
46.099,5.0,5.0,0.2141193762421608
46.109,5.0,5.0,0.22477049678564073
46.119,5.0,5.0,0.23257674872875211
46.129,5.0,5.0,0.23898283988237384
46.139,5.0,5.0,0.2453889310359955
46.149,5.0,5.0,0.24960482418537136
46.159,5.0,5.0,0.24980000853538517
46.169,5.0,5.0,0.2466746911406517
46.179,5.0,5.0,0.24219499975442887
46.189,5.0,5.0,0.23771530836820604
46.199,5.0,5.0,0.23363782316446305
46.209,5.0,5.0,0.2301460564136505
46.219,5.0,5.0,0.22451901435852048
46.229,5.0,5.0,0.2171675443649292
46.239,5.0,5.0,0.20683601647615432
46.249,5.0,5.0,0.1927232623100281
46.259,5.0,5.0,0.17709579616785048
46.269,5.0,5.0,0.16033564172685147
46.279,5.0,5.0,0.14570045992732047
46.289,5.0,5.0,0.12869975343346596
46.299,5.0,5.0,0.11322791054844857
46.309,5.0,5.0,0.09912974387407304
46.319,5.0,5.0,0.08559777662158012
46.329,5.0,5.0,0.07206580936908721
46.339,5.0,5.0,0.05948479566723108
46.349,5.0,5.0,0.049177819490432734
46.359,5.0,5.0,0.04246979709714651
46.369,5.0,5.0,0.039421777985990045
46.379,5.0,5.0,0.036373758874833594
46.389,5.0,5.0,0.034411757439374926
46.399,5.0,5.0,0.029478899296373127
46.409,5.0,5.0,0.01993484115228057
46.419,5.0,5.0,0.007416488137096167
46.429,5.0,5.0,-0.005101864878088236
46.439,5.0,5.0,-0.01906753359362483
46.449,5.0,5.0,-0.03528271997347474
46.459,5.0,5.0,-0.05511090299114585
46.469,5.0,5.0,-0.07796266926452518
46.479,5.0,5.0,-0.10081443553790452
46.489,5.0,5.0,-0.12465337747707964
46.499,5.0,5.0,-0.146829541772604
46.509,5.0,5.0,-0.16427250504493712
46.519,5.0,5.0,-0.17531437575817108
46.529,5.0,5.0,-0.18635624647140503
46.539,5.0,5.0,-0.1912609785795212
46.549,5.0,5.0,-0.1908691003918648
46.559,5.0,5.0,-0.1857025854289532
46.569,5.0,5.0,-0.17637167796492575
46.579,5.0,5.0,-0.16704077050089836
46.589,5.0,5.0,-0.15553160533308982
46.599,5.0,5.0,-0.1446189649403095
46.609,5.0,5.0,-0.1359274283051491
46.619,5.0,5.0,-0.12869667261838913
46.629,5.0,5.0,-0.12146591693162918
46.639,5.0,5.0,-0.11431232541799544
46.649,5.0,5.0,-0.10775205865502356
46.659,5.0,5.0,-0.103036917001009
46.669,5.0,5.0,-0.09992906227707862
46.679,5.0,5.0,-0.09682120755314828
46.689,5.0,5.0,-0.09391011521220208
46.699,5.0,5.0,-0.0909659393131733
46.709,5.0,5.0,-0.08923462480306625
46.719,5.0,5.0,-0.09056100547313689
46.729,5.0,5.0,-0.0932142734527588
46.739,5.0,5.0,-0.09845109581947328
46.749,5.0,5.0,-0.10543508157134056
46.759,5.0,5.0,-0.11155579388141632
46.769,5.0,5.0,-0.11705457270145415
46.779,5.0,5.0,-0.12283735275268556
46.789,5.0,5.0,-0.12833494544029236
46.799,5.0,5.0,-0.13180952072143554
46.809,5.0,5.0,-0.1322738565504551
46.819,5.0,5.0,-0.13109155148267743
46.829,5.0,5.0,-0.1285823591053486
46.839,5.0,5.0,-0.12659775093197825
46.849,5.0,5.0,-0.12500180304050446
46.859,5.0,5.0,-0.12430500984191896
46.869,5.0,5.0,-0.12339032292366028
46.879,5.0,5.0,-0.12219163477420808
46.889,5.0,5.0,-0.12082176208496094
46.899,5.0,5.0,-0.1199577048420906
46.909,5.0,5.0,-0.11945036724209786
46.919,5.0,5.0,-0.11827952787280084
46.929,5.0,5.0,-0.1171086885035038
46.939,5.0,5.0,-0.1154660739004612
46.949,5.0,5.0,-0.11343955621123314
46.959,5.0,5.0,-0.1109108068048954
46.969,5.0,5.0,-0.10802820473909376
46.979,5.0,5.0,-0.10514560267329216
46.989,5.0,5.0,-0.10154791697859764
46.999,5.0,5.0,-0.09774258062243459
47.009,5.0,5.0,-0.0946541264653206
47.019,5.0,5.0,-0.09255048260092737
47.029,5.0,5.0,-0.09044683873653411
47.039,5.0,5.0,-0.08917044177651405
47.049,5.0,5.0,-0.08883676677942275
47.059,5.0,5.0,-0.08958940804004668
47.069,5.0,5.0,-0.09160872176289558
47.079,5.0,5.0,-0.09477312415838242
47.089,5.0,5.0,-0.09882379472255706
47.099,5.0,5.0,-0.10405212193727494
47.109,5.0,5.0,-0.10791850760579108
47.119,5.0,5.0,-0.10907733216881751
47.129,5.0,5.0,-0.10931105762720109
47.139,5.0,5.0,-0.10866472721099854
47.149,5.0,5.0,-0.10785677433013915
47.159,5.0,5.0,-0.10794033333659173
47.169,5.0,5.0,-0.10832821875810623
47.179,5.0,5.0,-0.10740543752908709
47.189,5.0,5.0,-0.1064826563000679
47.199,5.0,5.0,-0.1047128289937973
47.209,5.0,5.0,-0.10410786271095276
47.219,5.0,5.0,-0.10462175533175468
47.229,5.0,5.0,-0.1043277345597744
47.239,5.0,5.0,-0.10403371378779412
47.249,5.0,5.0,-0.10188507065176965
47.259,5.0,5.0,-0.0978605642914772
47.269,5.0,5.0,-0.09237957671284677
47.279,5.0,5.0,-0.08674088716506959
47.289,5.0,5.0,-0.0811021976172924
47.299,5.0,5.0,-0.07601609006524086
47.309,5.0,5.0,-0.07113105580210685
47.319,5.0,5.0,-0.06726042069494724
47.329,5.0,5.0,-0.06562062613666057
47.339,5.0,5.0,-0.0639808315783739
47.349,5.0,5.0,-0.06379855237901211
47.359,5.0,5.0,-0.06379081271588802
47.369,5.0,5.0,-0.06438343636691571
47.379,5.0,5.0,-0.06529933996498585
47.389,5.0,5.0,-0.0666172992438078
47.399,5.0,5.0,-0.06805550120770931
47.409,5.0,5.0,-0.069738082960248
47.419,5.0,5.0,-0.07194629460573196
47.429,5.0,5.0,-0.07365667819976807
47.439,5.0,5.0,-0.07621547430753708
47.449,5.0,5.0,-0.07792250886559486
47.459,5.0,5.0,-0.07837023064494132
47.469,5.0,5.0,-0.07836394906044006
47.479,5.0,5.0,-0.07860138863325118
47.489,5.0,5.0,-0.07843677252531053
47.499,5.0,5.0,-0.0787205308675766
47.509,5.0,5.0,-0.07975539490580559
47.519,5.0,5.0,-0.07937370911240578
47.529,5.0,5.0,-0.0768911238759756
47.539,5.0,5.0,-0.07356012612581253
47.549,5.0,5.0,-0.06964830681681633
47.559,5.0,5.0,-0.06709525994956493
47.569,5.0,5.0,-0.06533392407000065
47.579,5.0,5.0,-0.06406752355396747
47.589,5.0,5.0,-0.06280112303793431
47.599,5.0,5.0,-0.06110182590782642
47.609,5.0,5.0,-0.057435731217265126
47.619,5.0,5.0,-0.05275308899581432
47.629,5.0,5.0,-0.049147868715226646
47.639,5.0,5.0,-0.045542648434638976
47.649,5.0,5.0,-0.0429446779191494
47.659,5.0,5.0,-0.04041774701327085
47.669,5.0,5.0,-0.03801132813096046
47.679,5.0,5.0,-0.034866252727806565
47.689,5.0,5.0,-0.032499687559902665
47.699,5.0,5.0,-0.03042656574398279
47.709,5.0,5.0,-0.0296376446262002
47.719,5.0,5.0,-0.030457285605371
47.729,5.0,5.0,-0.03230040408670902
47.739,5.0,5.0,-0.03393007162958384
47.749,5.0,5.0,-0.03562855143100023
47.759,5.0,5.0,-0.037239714339375486
47.769,5.0,5.0,-0.038636321760714055
47.779,5.0,5.0,-0.04003292918205261
47.789,5.0,5.0,-0.04140664748847485
47.799,5.0,5.0,-0.042364976927638055
47.809,5.0,5.0,-0.04272787049412728
47.819,5.0,5.0,-0.04321936704218388
47.829,5.0,5.0,-0.04371086359024048
47.839,5.0,5.0,-0.04419054165482521
47.849,5.0,5.0,-0.043776658922433855
47.859,5.0,5.0,-0.042103680782020085
47.869,5.0,5.0,-0.03894571242853999
47.879,5.0,5.0,-0.035787744075059885
47.889,5.0,5.0,-0.030486489459872246
47.899,5.0,5.0,-0.023312846198678017
47.909,5.0,5.0,-0.014689598605036736
47.919,5.0,5.0,-0.004165371134877205
47.929,5.0,5.0,0.006358856335282326
47.939,5.0,5.0,0.01873649433255196
47.949,5.0,5.0,0.03210481256246567
47.959,5.0,5.0,0.04586773980408907
47.969,5.0,5.0,0.0603709421120584
47.979,5.0,5.0,0.07487414442002774
47.989,5.0,5.0,0.09006510935723781
47.999,5.0,5.0,0.10605394951999188
48.009,5.0,5.0,0.1231123961508274
48.019,5.0,5.0,0.14035394713282584
48.029,5.0,5.0,0.1575954981148243
48.039,5.0,5.0,0.1746555209159851
48.049,5.0,5.0,0.19152426421642305
48.059,5.0,5.0,0.20788495689630512
48.069,5.0,5.0,0.2230971306562424
48.079,5.0,5.0,0.2390293285250664
48.089,5.0,5.0,0.25288609862327577
48.099,5.0,5.0,0.2653471931815148
48.109,5.0,5.0,0.27591959238052366
48.119,5.0,5.0,0.2845391914248466
48.129,5.0,5.0,0.2906631529331208
48.139,5.0,5.0,0.29488996267318723
48.149,5.0,5.0,0.2902525559067726
48.159,5.0,5.0,0.27730736434459685
48.169,5.0,5.0,0.262808695435524
48.179,5.0,5.0,0.2511005014181137
48.189,5.0,5.0,0.23939230740070344
48.199,5.0,5.0,0.22967197597026823
48.209,5.0,5.0,0.2213005781173706
48.219,5.0,5.0,0.2143650442361832
48.229,5.0,5.0,0.21079810261726376
48.239,5.0,5.0,0.20723116099834443
48.249,5.0,5.0,0.21234678179025648
48.259,5.0,5.0,0.2266081154346466
48.269,5.0,5.0,0.24300392270088195
48.279,5.0,5.0,0.255889230966568
48.289,5.0,5.0,0.26929990351200106
48.299,5.0,5.0,0.27864850461483004
48.309,5.0,5.0,0.28307096362113954
48.319,5.0,5.0,0.28442362546920774
48.329,5.0,5.0,0.2849033325910568
48.339,5.0,5.0,0.28667218387126925
48.349,5.0,5.0,0.2873071312904358
48.359,5.0,5.0,0.2840058505535126
48.369,5.0,5.0,0.2782252267003059
48.379,5.0,5.0,0.27244460284709926
48.389,5.0,5.0,0.26561696827411646
48.399,5.0,5.0,0.25746754854917525
48.409,5.0,5.0,0.24915011674165727
48.419,5.0,5.0,0.24129708111286163
48.429,5.0,5.0,0.233444045484066
48.439,5.0,5.0,0.22465003579854964
48.449,5.0,5.0,0.21498039513826367
48.459,5.0,5.0,0.2052812859416008
48.469,5.0,5.0,0.19463894367218015
48.479,5.0,5.0,0.18244756013154984
48.489,5.0,5.0,0.17077782303094863
48.499,5.0,5.0,0.161036429554224
48.509,5.0,5.0,0.15490935519337654
48.519,5.0,5.0,0.15043390020728112
48.529,5.0,5.0,0.1465701825916767
48.539,5.0,5.0,0.1423582948744297
48.549,5.0,5.0,0.13866289481520652
48.559,5.0,5.0,0.1354144521057606
48.569,5.0,5.0,0.13189479634165763
48.579,5.0,5.0,0.1285167194902897
48.589,5.0,5.0,0.12513864263892174
48.599,5.0,5.0,0.12247623354196548
48.609,5.0,5.0,0.11957770064473151
48.619,5.0,5.0,0.11545852571725844
48.629,5.0,5.0,0.11072761341929437
48.639,5.0,5.0,0.10392243191599844
48.649,5.0,5.0,0.09428715407848356
48.659,5.0,5.0,0.08399100676178933
48.669,5.0,5.0,0.07394289444200694
48.679,5.0,5.0,0.0653022444806993
48.689,5.0,5.0,0.05418943827971816
48.699,5.0,5.0,0.04085786370560527
48.709,5.0,5.0,0.02569974912330508
48.719,5.0,5.0,0.00945941163226962
48.729,5.0,5.0,-0.006780925858765841
48.739,5.0,5.0,-0.022872382868081333
48.749,5.0,5.0,-0.03758391486480832
48.759,5.0,5.0,-0.05072183208540081
48.769,5.0,5.0,-0.0617832322139293
48.779,5.0,5.0,-0.07284463234245778
48.789,5.0,5.0,-0.08143469952046872
48.799,5.0,5.0,-0.0886042572557926
48.809,5.0,5.0,-0.09556695148348808
48.819,5.0,5.0,-0.1017224445939064
48.829,5.0,5.0,-0.10763545706868172
48.839,5.0,5.0,-0.1116230808198452
48.849,5.0,5.0,-0.11334744393825533
48.859,5.0,5.0,-0.11375811472535131
48.869,5.0,5.0,-0.11409371122717855
48.879,5.0,5.0,-0.11553954407572746
48.889,5.0,5.0,-0.1169845536351204
48.899,5.0,5.0,-0.12020120769739152
48.909,5.0,5.0,-0.12452368289232256
48.919,5.0,5.0,-0.12873611152172088
48.929,5.0,5.0,-0.13257464319467543
48.939,5.0,5.0,-0.13641317486763
48.949,5.0,5.0,-0.14012275636196136
48.959,5.0,5.0,-0.144475094974041
48.969,5.0,5.0,-0.14995325505733487
48.979,5.0,5.0,-0.15478576570749283
48.989,5.0,5.0,-0.15961827635765077
48.999,5.0,5.0,-0.16150877326726917
49.009,5.0,5.0,-0.16027968376874924
49.019,5.0,5.0,-0.1570192813873291
49.029,5.0,5.0,-0.15259227454662322
49.039,5.0,5.0,-0.14816526770591737
49.049,5.0,5.0,-0.14334192574024202
49.059,5.0,5.0,-0.13845136612653733
49.069,5.0,5.0,-0.13240584433078767
49.079,5.0,5.0,-0.12527918443083763
49.089,5.0,5.0,-0.1181525245308876
49.099,5.0,5.0,-0.11236541196703911
49.109,5.0,5.0,-0.10898565649986268
49.119,5.0,5.0,-0.1074025809764862
49.129,5.0,5.0,-0.1084976077079773
49.139,5.0,5.0,-0.1095926344394684
49.149,5.0,5.0,-0.11417713016271593
49.159,5.0,5.0,-0.119565849006176
49.169,5.0,5.0,-0.12403538674116137
49.179,5.0,5.0,-0.12846196666359902
49.189,5.0,5.0,-0.1328885465860367
49.199,5.0,5.0,-0.13710327968001365
49.209,5.0,5.0,-0.14212960749864578
49.219,5.0,5.0,-0.1495203495025635
49.229,5.0,5.0,-0.15675156116485597
49.239,5.0,5.0,-0.16398277282714843
49.249,5.0,5.0,-0.16953082978725434
49.259,5.0,5.0,-0.17739105820655823
49.269,5.0,5.0,-0.1913696587085724
49.279,5.0,5.0,-0.20600776821374892
49.289,5.0,5.0,-0.22901294827461244
49.299,5.0,5.0,-0.26130046248435973
49.309,5.0,5.0,-0.29634631872177125
49.319,5.0,5.0,-0.3316162943840027
49.329,5.0,5.0,-0.3733655720949173
49.339,5.0,5.0,-0.4151148498058319
49.349,5.0,5.0,-0.46248759925365446
49.359,5.0,5.0,-0.5067811906337738
49.369,5.0,5.0,-0.5434687703847885
49.379,5.0,5.0,-0.5779178440570831
49.389,5.0,5.0,-0.6039998471736908
49.399,5.0,5.0,-0.6173384249210356
49.409,5.0,5.0,-0.6186756789684296
49.419,5.0,10.0,-0.6062704145908355
49.429,5.0,10.0,-0.5763266414403916
49.439,5.0,10.0,-0.5463828682899475
49.449,5.0,10.0,-0.5013673007488251
49.459,5.0,10.0,-0.4499353095889092
49.469,5.0,10.0,-0.39876847416162486
49.479,5.0,10.0,-0.3482424855232239
49.489,5.0,10.0,-0.2977164968848228
49.499,5.0,10.0,-0.24565167129039764
49.509,5.0,10.0,-0.19472626633942128
49.519,5.0,10.0,-0.15463846400380135
49.529,5.0,10.0,-0.12141822390258313
49.539,5.0,10.0,-0.0891929555218667
49.549,5.0,10.0,-0.06915274146012962
49.559,5.0,10.0,-0.05785653511993587
49.569,5.0,10.0,-0.04868592726998031
49.579,5.0,10.0,-0.04148198622278869
49.589,5.0,10.0,-0.03435272532515228
49.599,5.0,10.0,-0.03375906306318939
49.609,5.0,10.0,-0.04174313764087856
49.619,5.0,10.0,-0.05052511799149216
49.629,5.0,10.0,-0.0627631529700011
49.639,5.0,10.0,-0.07356614321470259
49.649,5.0,10.0,-0.08210177347064018
49.659,5.0,10.0,-0.09140967167913912
49.669,5.0,10.0,-0.1032975435256958
49.679,5.0,10.0,-0.1148164078593254
49.689,5.0,10.0,-0.12696273624897003
49.699,5.0,10.0,-0.13850562870502472
49.709,5.0,10.0,-0.15020774453878402
49.719,5.0,10.0,-0.16400208696722984
49.729,5.0,10.0,-0.17779642939567566
49.739,5.0,10.0,-0.19495244547724724
49.749,5.0,10.0,-0.21345076411962513
49.759,5.0,10.0,-0.23061249703168868
49.769,5.0,10.0,-0.247009739279747
49.779,5.0,10.0,-0.26340698152780534
49.789,5.0,10.0,-0.2803489461541176
49.799,5.0,10.0,-0.29658425152301787
49.809,5.0,10.0,-0.31008281707763674
49.819,5.0,10.0,-0.3193094447255135
49.829,5.0,10.0,-0.3285360723733902
49.839,5.0,10.0,-0.33008124232292174
49.849,5.0,10.0,-0.3203170359134674
49.859,5.0,10.0,-0.2974338963627815
49.869,5.0,10.0,-0.26033876165747644
49.879,5.0,10.0,-0.2232436269521713
49.889,5.0,10.0,-0.17216236293315887
49.899,5.0,10.0,-0.10818299651145936
49.909,5.0,10.0,-0.031567737460136414
49.919,5.0,10.0,0.05586528778076172
49.929,5.0,10.0,0.15177253782749175
49.939,5.0,10.0,0.2429199308156967
49.949,5.0,10.0,0.3289653569459915
49.959,5.0,10.0,0.40365391224622726
49.969,5.0,10.0,0.45446372851729394
49.979,5.0,10.0,0.4915603667497635
49.989,5.0,10.0,0.5159177422523499
49.999,5.0,10.0,0.5305318474769593
50.009,5.0,10.0,0.5412570685148239
50.019,5.0,10.0,0.5459265261888504
50.029,5.0,10.0,0.5461317509412765
50.039,5.0,10.0,0.5463369756937027
50.049,5.0,10.0,0.544350728392601
50.059,5.0,10.0,0.5445309251546859
50.069,5.0,10.0,0.5552911132574081
50.079,5.0,10.0,0.5574647963047028
50.089,5.0,10.0,0.5596384793519974
50.099,5.0,10.0,0.5261058688163758
50.109,5.0,10.0,0.476775916479528
50.119,5.0,10.0,0.428871556930244
50.129,5.0,10.0,0.37735384386032816
50.139,5.0,10.0,0.3258361307904124
50.149,5.0,10.0,0.27121519427746527
50.159,5.0,10.0,0.21567218061536553
50.169,5.0,10.0,0.16103140246123077
50.179,5.0,10.0,0.13061047177761792
50.189,5.0,10.0,0.1006048945710063
50.199,5.0,10.0,0.10402888637036084
50.209,5.0,10.0,0.11500294730067254
50.219,5.0,10.0,0.1184703215956688
50.229,5.0,10.0,0.12154105752706527
50.239,5.0,10.0,0.123866106569767
50.249,5.0,10.0,0.12541789934039116
50.259,5.0,10.0,0.1224165752530098
50.269,5.0,10.0,0.11599867790937424
50.279,5.0,10.0,0.1076606161892414
50.289,5.0,10.0,0.09537740368396044
50.299,5.0,10.0,0.07913888916373253
50.309,5.0,10.0,0.05954643450677395
50.319,5.0,10.0,0.038593925908207885
50.329,5.0,10.0,0.017529309913516044
50.339,5.0,10.0,-0.0027896191924810408
50.349,5.0,10.0,-0.021526915207505225
50.359,5.0,10.0,-0.038062791898846635
50.369,5.0,10.0,-0.05172193832695484
50.379,5.0,10.0,-0.06562234722077846
50.389,5.0,10.0,-0.07599295880645514
50.399,5.0,10.0,-0.08237469680607318
50.409,5.0,10.0,-0.08456314802169798
50.419,5.0,10.0,-0.08426236733794211
50.429,5.0,10.0,-0.08345608711242675
50.439,5.0,10.0,-0.0826498068869114
50.449,5.0,10.0,-0.08105727173388003
50.459,5.0,10.0,-0.07805874049663544
50.469,5.0,10.0,-0.07422269769012926
50.479,5.0,10.0,-0.07039914205670357
50.489,5.0,10.0,-0.06657558642327785
50.499,5.0,10.0,-0.06402394287288189
50.509,5.0,10.0,-0.06363555677235126
50.519,5.0,10.0,-0.0643231738358736
50.529,5.0,10.0,-0.06448869816958905
50.539,5.0,10.0,-0.06465422250330448
50.549,5.0,10.0,-0.06408158093690872
50.559,5.0,10.0,-0.06280765645205974
50.569,5.0,10.0,-0.059963649883866314
50.579,5.0,10.0,-0.05433168862946332
50.589,5.0,10.0,-0.04869972737506032
50.599,5.0,10.0,-0.040116249863058326
50.609,5.0,10.0,-0.02947966130450368
50.619,5.0,10.0,-0.018477230984717607
50.629,5.0,10.0,-0.008390285540372133
50.639,5.0,10.0,0.0008027928881347181
50.649,5.0,10.0,0.0069695198442786925
50.659,5.0,10.0,0.009563427371904253
50.669,5.0,10.0,0.008119895262643695
50.679,5.0,10.0,0.0037316545844078074
50.689,5.0,10.0,-0.000656586093828082
50.699,5.0,10.0,-0.005281149549409748
50.709,5.0,10.0,-0.008900883980095387
50.719,5.0,10.0,-0.011659616138786076
50.729,5.0,10.0,-0.012428023945540188
50.739,5.0,10.0,-0.01230256473645568
50.749,5.0,10.0,-0.006898266589269042
50.759,5.0,10.0,0.003062915476039052
50.769,5.0,10.0,0.015083037363365292
50.779,5.0,10.0,0.027513662772253155
50.789,5.0,10.0,0.0383555464912206
50.799,5.0,10.0,0.045732178213074806
50.809,5.0,10.0,0.050478550326079126
50.819,5.0,10.0,0.053280987590551374
50.829,5.0,10.0,0.05409310050308704
50.839,5.0,10.0,0.05282700983807445
50.849,5.0,10.0,0.04648594311438501
50.859,5.0,10.0,0.03838693439029157
50.869,5.0,10.0,0.0328818344976753
50.879,5.0,10.0,0.027376734605059027
50.889,5.0,10.0,0.027233892818912864
50.899,5.0,10.0,0.032842580368742345
50.909,5.0,10.0,0.04229078008793295
50.919,5.0,10.0,0.05418821438215673
50.929,5.0,10.0,0.06608564867638052
50.939,5.0,10.0,0.08004930005408822
50.949,5.0,10.0,0.09526765309274195
50.959,5.0,10.0,0.11008580178022384
50.969,5.0,10.0,0.12302933037281036
50.979,5.0,10.0,0.13597285896539688
50.989,5.0,10.0,0.14623900055885314
50.999,5.0,10.0,0.15306122452020646
51.009,5.0,10.0,0.15630954504013062
51.019,5.0,10.0,0.1574990376830101
51.029,5.0,10.0,0.1587918907403946
51.039,5.0,10.0,0.1600967302918434
51.049,5.0,10.0,0.16238544285297393
51.059,5.0,10.0,0.16534833312034608
51.069,5.0,10.0,0.1687574341893196
51.079,5.0,10.0,0.17216653525829315
51.089,5.0,10.0,0.1762872666120529
51.099,5.0,10.0,0.18111621737480163
51.109,5.0,10.0,0.18579424172639847
51.119,5.0,10.0,0.1890284553170204
51.129,5.0,10.0,0.19215930849313737
51.139,5.0,10.0,0.19239036440849305
51.149,5.0,10.0,0.1883165568113327
51.159,5.0,10.0,0.17991912961006165
51.169,5.0,10.0,0.16770195811986924
51.179,5.0,10.0,0.15548478662967682
51.189,5.0,10.0,0.1392962865531445
51.199,5.0,10.0,0.1194158099591732
51.209,5.0,10.0,0.09744940381497144
51.219,5.0,10.0,0.07520703841000793
51.229,5.0,10.0,0.05296467300504446
51.239,5.0,10.0,0.03169215228408575
51.249,5.0,10.0,0.01246712189167738
51.259,5.0,10.0,-0.004265111871063708
51.27,5.0,10.0,-0.019251792319118975
51.28,5.0,10.0,-0.03423847276717425
51.29,5.0,10.0,-0.04854311142116785
51.3,5.0,10.0,-0.0626944350078702
51.31,5.0,10.0,-0.0766211248934269
51.32,5.0,10.0,-0.0898086380213499
51.33,5.0,10.0,-0.10299615114927292
51.34,5.0,10.0,-0.11452836841344834
51.35,5.0,10.0,-0.12347989901900291
51.36,5.0,10.0,-0.1296505905687809
51.37,5.0,10.0,-0.13341470584273338
51.38,5.0,10.0,-0.13717882111668586
51.39,5.0,10.0,-0.1382513664662838
51.4,5.0,10.0,-0.13591034188866616
51.41,5.0,10.0,-0.1300072990357876
51.42,5.0,10.0,-0.12088920697569848
51.43,5.0,10.0,-0.11027726419270038
51.44,5.0,10.0,-0.09939066469669341
51.45,5.0,10.0,-0.08888357914984227
51.46,5.0,10.0,-0.08041532151401043
51.47,5.0,10.0,-0.07478706873953342
51.48,5.0,10.0,-0.07046087197959423
51.49,5.0,10.0,-0.06734471805393696
51.5,5.0,10.0,-0.06599724404513836
51.51,5.0,10.0,-0.06646257601678371
51.52,5.0,10.0,-0.06942578814923764
51.53,5.0,10.0,-0.0743383750319481
51.54,5.0,10.0,-0.07925096191465854
51.55,5.0,10.0,-0.08415670394897459
51.56,5.0,10.0,-0.08724041357636451
51.57,5.0,10.0,-0.08746877312660217
51.58,5.0,10.0,-0.08482138440012932
51.59,5.0,10.0,-0.08217399567365646
51.6,5.0,10.0,-0.07732617147266865
51.61,5.0,10.0,-0.07093014139682055
51.62,5.0,10.0,-0.06299385465681553
51.63,5.0,10.0,-0.05460204388946295
51.64,5.0,10.0,-0.04493200527504086
51.65,5.0,10.0,-0.034250123985111715
51.66,5.0,10.0,-0.023906912840902805
51.67,5.0,10.0,-0.015473049134016035
51.68,5.0,10.0,-0.008612877689301966
51.69,5.0,10.0,-0.0035052787512540816
51.7,5.0,10.0,-0.0013590805232524873
51.71,5.0,10.0,-3.177663311362267e-05
51.72,5.0,10.0,0.0019566782750189303
51.73,5.0,10.0,0.003945133183151484
51.74,5.0,10.0,0.006250313669443131
51.75,5.0,10.0,0.007206356246024372
51.76,5.0,10.0,0.0055301232729107145
51.77,5.0,10.0,0.0011810556519776584
51.78,5.0,10.0,-0.0031680119689553978
51.79,5.0,10.0,-0.009864487452432512
51.8,5.0,10.0,-0.016235978109762073
51.81,5.0,10.0,-0.020151697704568504
51.82,5.0,10.0,-0.023528136359527708
51.83,5.0,10.0,-0.026904575014486908
51.84,5.0,10.0,-0.03102998328395188
51.85,5.0,10.0,-0.03514359728433192
51.86,5.0,10.0,-0.03883037827908993
51.87,5.0,10.0,-0.0409128163009882
51.88,5.0,10.0,-0.042995254322886464
51.89,5.0,10.0,-0.042141643539071086
51.9,5.0,10.0,-0.041605618968606
51.91,5.0,10.0,-0.04488330855965615
51.92,5.0,10.0,-0.05046081282198429
51.93,5.0,10.0,-0.05603831708431244
51.94,5.0,10.0,-0.06278907191008329
51.95,5.0,10.0,-0.07799306325614451
51.96,5.0,10.0,-0.10936468318104745
51.97,5.0,10.0,-0.14266511388123035
51.98,5.0,10.0,-0.17596554458141328
51.99,5.0,10.0,-0.19169930145144465
52.0,5.0,10.0,-0.1946636952459812
52.01,5.0,10.0,-0.1957531213760376
52.02,5.0,10.0,-0.1954757124185562
52.03,5.0,10.0,-0.19290290363132956
52.04,5.0,10.0,-0.19000282809138297
52.05,5.0,10.0,-0.1779438659548759
52.06,5.0,10.0,-0.14656780362129213
52.07,5.0,10.0,-0.10748985493555666
52.08,5.0,10.0,-0.06438979441300034
52.09,5.0,10.0,-0.03769247615709901
52.1,5.0,10.0,-0.018279790226370097
52.11,5.0,10.0,0.005290066357702017
52.12,5.0,10.0,0.028862001653760672
52.13,5.0,10.0,0.043039816152304414
52.14,5.0,10.0,0.05721763065084815
52.15,5.0,10.0,0.060914707649499175
52.16,5.0,10.0,0.05928514199331402
52.17,5.0,10.0,0.055019506625831126
52.18,5.0,10.0,0.04673175942152739
52.19,5.0,10.0,0.039538971148431294
52.2,5.0,10.0,0.02831832692027092
52.21,5.0,10.0,0.012714179046452046
52.22,5.0,10.0,-0.0029757199576124554
52.23,5.0,10.0,-0.011566897993907333
52.24,5.0,10.0,-0.01940228431485593
52.25,5.0,10.0,-0.01836974937468767
52.26,5.0,10.0,-0.015188206918537617
52.27,5.0,10.0,-0.013517067022621633
52.28,5.0,10.0,-0.010802792524918914
52.29,5.0,10.0,-0.009183476958423854
52.3,5.0,10.0,-0.007049236568855121
52.31,5.0,10.0,-0.005672158644301817
52.32,5.0,10.0,-0.006522852828493342
52.33,5.0,10.0,-0.008591199218062683
52.34,5.0,10.0,-0.011415337322978303
52.35,5.0,10.0,-0.013577198301209136
52.36,5.0,10.0,-0.014333877031458542
52.37,5.0,10.0,-0.015380375151289628
52.38,5.0,10.0,-0.01757065031561069
52.39,5.0,10.0,-0.01976092547993176
52.4,5.0,10.0,-0.02207752795657143
52.41,5.0,10.0,-0.0227941089309752
52.42,5.0,10.0,-0.021235782792791723
52.43,5.0,10.0,-0.018489643512293697
52.44,5.0,10.0,-0.015743504231795668
52.45,5.0,10.0,-0.01350113800726831
52.46,5.0,10.0,-0.012002455769106746
52.47,5.0,10.0,-0.010336371744051576
52.48,5.0,10.0,-0.00797949922271073
52.49,5.0,10.0,-0.005622626701369882
52.5,5.0,10.0,-0.003402241470757872
52.51,5.0,10.0,-0.002039270626846701
52.52,5.0,10.0,-0.00021027514012530448
52.53,5.0,10.0,0.001648559409659356
52.54,5.0,10.0,-0.013739002693910152
52.55,5.0,10.0,-0.07613166739465667
52.56,5.0,10.0,-0.1523346755770035
52.57,5.0,10.0,-0.18523269641445952
52.58,5.0,10.0,-0.187941946007777
52.59,5.0,10.0,-0.19065119560109448
52.6,5.0,10.0,-0.19289752747863528
52.61,5.0,10.0,-0.19624339397996665
52.62,5.0,10.0,-0.1971278332173824
52.63,5.0,10.0,-0.19801227245479824
52.64,5.0,10.0,-0.17951335068792104
52.65,5.0,10.0,-0.11493247356265784
52.66,5.0,10.0,-0.03536681495606899
52.67,5.0,10.0,0.0034339647740125657
52.68,5.0,10.0,0.012299558520317078
52.69,5.0,10.0,0.02116515226662159
52.7,5.0,10.0,0.027759278193116188
52.71,5.0,10.0,0.03302523922175169
52.72,5.0,10.0,0.03177068922668695
52.73,5.0,10.0,0.030516139231622216
52.74,5.0,10.0,0.023796930722892285
52.75,5.0,10.0,0.016438824869692326
52.76,5.0,10.0,0.00889344960451126
52.77,5.0,10.0,0.0009047232568264008
52.78,5.0,10.0,-0.007927734404802322
52.79,5.0,10.0,-0.014655987918376922
52.8,5.0,10.0,-0.018843121384270488
52.81,5.0,10.0,-0.02138979695737362
52.82,5.0,10.0,-0.02230623713694513
52.83,5.0,10.0,-0.02322267731651664
52.84,5.0,10.0,-0.02222496485337615
52.85,5.0,10.0,-0.021162287425249816
52.86,5.0,10.0,-0.02299277214333415
52.87,5.0,10.0,-0.029349361639469863
52.88,5.0,10.0,-0.035705951135605575
52.89,5.0,10.0,-0.045392880123108624
52.9,5.0,10.0,-0.05655024123843759
52.91,5.0,10.0,-0.0682866415940225
52.92,5.0,10.0,-0.08032385460101069
52.93,5.0,10.0,-0.09236106760799885
52.94,5.0,10.0,-0.10393242612481116
52.95,5.0,10.0,-0.11521383374929428
52.96,5.0,10.0,-0.1260259412229061
52.97,5.0,10.0,-0.13470458015799522
52.98,5.0,10.0,-0.14338321909308432
52.99,5.0,10.0,-0.15071031749248504
53.0,5.0,10.0,-0.157003802806139
53.01,5.0,10.0,-0.15985995084047316
53.02,5.0,10.0,-0.1582380414009094
53.03,5.0,10.0,-0.15661613196134566
53.04,5.0,10.0,-0.15152486488223077
53.05,5.0,10.0,-0.14285611137747764
53.06,5.0,10.0,-0.13005883172154423
53.07,5.0,10.0,-0.11407082676887512
53.08,5.0,10.0,-0.09808282181620595
53.09,5.0,10.0,-0.07983915410004556
53.1,5.0,10.0,-0.061117244185879833
53.11,5.0,10.0,-0.04485493530519306
53.12,5.0,10.0,-0.032676679687574504
53.13,5.0,10.0,-0.02090248852036893
53.14,5.0,10.0,-0.011649967962875962
53.15,5.0,10.0,-0.0034333324525505303
53.16,5.0,10.0,0.003311925707384944
53.17,5.0,10.0,0.007003261661157012
53.18,5.0,10.0,0.009921672753989697
53.19,5.0,10.0,0.010459015890955926
53.2,5.0,10.0,0.008855331316590307
53.21,5.0,10.0,0.0062376508489251125
53.22,5.0,10.0,0.0036687373183667666
53.23,5.0,10.0,0.0011750603094696998
53.24,5.0,10.0,-0.0013186166994273662
53.25,5.0,10.0,-0.004240299109369516
53.26,5.0,10.0,-0.007350703049451112
53.27,5.0,10.0,-0.009952921699732543
53.28,5.0,10.0,-0.011291958251968026
53.29,5.0,10.0,-0.012630994804203512
53.3,5.0,10.0,-0.012172330426983536
53.31,5.0,10.0,-0.010330938338302075
53.32,5.0,10.0,-0.008008477347902953
53.33,5.0,10.0,-0.005357188428752125
53.34,5.0,10.0,-0.0030261549865826963
53.35,5.0,10.0,-0.001341891323681921
53.36,5.0,10.0,-0.0006968412897549569
53.37,5.0,10.0,-0.0007873709662817418
53.38,5.0,10.0,-0.0013681578799150883
53.39,5.0,10.0,-0.0025586646399460727
53.4,5.0,10.0,-0.005743540881667286
53.41,5.0,10.0,-0.010791064018849284
53.42,5.0,10.0,-0.015752295742277055
53.43,5.0,10.0,-0.020713527465704828
53.44,5.0,10.0,-0.02422862040111795
53.45,5.0,10.0,-0.026861302182078363
53.46,5.0,10.0,-0.02855733074247837
53.47,5.0,10.0,-0.028436572570353747
53.48,5.0,10.0,-0.02831581439822912
53.49,5.0,10.0,-0.02608044184744358
53.5,5.0,10.0,-0.02213216526433825
53.51,5.0,10.0,-0.017508513759821653
53.52,5.0,10.0,-0.014407844375818967
53.53,5.0,10.0,-0.012363864202052354
53.54,5.0,10.0,-0.01144576733931899
53.55,5.0,10.0,-0.010731091257184744
53.56,5.0,10.0,-0.009809861984103916
53.57,5.0,10.0,-0.009910203330218793
53.58,5.0,10.0,-0.009231120301410557
53.59,5.0,10.0,-0.0100569318048656
53.6,5.0,10.0,-0.010483996663242578
53.61,5.0,10.0,-0.010634674597531556
53.62,5.0,10.0,-0.010703950002789498
53.63,5.0,10.0,-0.011568001843988896
53.64,5.0,10.0,-0.012432053685188292
53.65,5.0,10.0,-0.016859504953026773
53.66,5.0,10.0,-0.026728439889848236
53.67,5.0,10.0,-0.042333226185292006
53.68,5.0,10.0,-0.05871743685565889
53.69,5.0,10.0,-0.07972724214196204
53.7,5.0,10.0,-0.10302144652232528
53.71,5.0,10.0,-0.12243408737704158
53.72,5.0,10.0,-0.13577841296792031
53.73,5.0,10.0,-0.1472712729126215
53.74,5.0,10.0,-0.15824211090803147
53.75,5.0,10.0,-0.16798877716064453
53.76,5.0,10.0,-0.17389758080244064
53.77,5.0,10.0,-0.17447854727506637
53.78,5.0,10.0,-0.1750595137476921
53.79,5.0,10.0,-0.17103204876184464
53.8,5.0,10.0,-0.1651005804538727
53.81,5.0,10.0,-0.16125623285770416
53.82,5.0,10.0,-0.16066075563430787
53.83,5.0,10.0,-0.15891819298267365
53.84,5.0,10.0,-0.15769765228033067
53.85,5.0,10.0,-0.15284731686115266
53.86,5.0,10.0,-0.14548670053482057
53.87,5.0,10.0,-0.1370943307876587
53.88,5.0,10.0,-0.12730824202299118
53.89,5.0,10.0,-0.1175049901008606
53.9,5.0,10.0,-0.10616635158658028
53.91,5.0,10.0,-0.09413403272628784
53.92,5.0,10.0,-0.08186464421451091
53.93,5.0,10.0,-0.06941823030356317
53.94,5.0,10.0,-0.05697181639261544
53.95,5.0,10.0,-0.044357931753620496
53.96,5.0,10.0,-0.031168491905555127
53.97,5.0,10.0,-0.016833865037187933
53.98,5.0,10.0,-0.0019933478441089398
53.99,5.0,10.0,0.012847169348970056
54.0,5.0,10.0,0.026519320765510203
54.01,5.0,10.0,0.037826249608770006
54.02,5.0,10.0,0.04724257164634764
54.03,5.0,10.0,0.05592720683198423
54.04,5.0,10.0,0.0646118420176208
54.05,5.0,10.0,0.07281185239553453
54.06,5.0,10.0,0.07999975122511385
54.07,5.0,10.0,0.08535808324813843
54.08,5.0,10.0,0.08847229182720184
54.09,5.0,10.0,0.09158650040626526
54.1,5.0,10.0,0.09300598502159119
54.11,5.0,10.0,0.093913933634758
54.12,5.0,10.0,0.09493341222405434
54.13,5.0,10.0,0.09585288986563682
54.14,5.0,10.0,0.09677236750721933
54.15,5.0,10.0,0.09716411679983139
54.16,5.0,10.0,0.09704921916127203
54.17,5.0,10.0,0.09671200141310692
54.18,5.0,10.0,0.09702812060713768
54.19,5.0,10.0,0.09734423980116845
54.2,5.0,10.0,0.09984546601772307
54.21,5.0,10.0,0.10394072234630584
54.22,5.0,10.0,0.10786770656704904
54.23,5.0,10.0,0.1117742158472538
54.24,5.0,10.0,0.11568072512745856
54.25,5.0,10.0,0.11958290711045264
54.26,5.0,10.0,0.12238560691475868
54.27,5.0,10.0,0.1251438833773136
54.28,5.0,10.0,0.12846607118844983
54.29,5.0,10.0,0.1317882589995861
54.3,5.0,10.0,0.13363142162561417
54.31,5.0,10.0,0.13419933915138244
54.32,5.0,10.0,0.13438280820846557
54.33,5.0,10.0,0.13409432917833328
54.34,5.0,10.0,0.1330051302909851
54.35,5.0,10.0,0.13164508193731309
54.36,5.0,10.0,0.1306832864880562
54.37,5.0,10.0,0.1281361162662506
54.38,5.0,10.0,0.1237437330186367
54.39,5.0,10.0,0.1193513497710228
54.4,5.0,10.0,0.11354431957006454
54.41,5.0,10.0,0.10559421144425868
54.42,5.0,10.0,0.09685526564717292
54.43,5.0,10.0,0.08765595704317093
54.44,5.0,10.0,0.07925736829638481
54.45,5.0,10.0,0.06985317803919315
54.46,5.0,10.0,0.0598346259444952
54.47,5.0,10.0,0.0509021108970046
54.48,5.0,10.0,0.042626240849494935
54.49,5.0,10.0,0.03435037080198526
54.5,5.0,10.0,0.02649097701068968
54.51,5.0,10.0,0.01977038902696222
54.52,5.0,10.0,0.013546215160749851
54.53,5.0,10.0,0.007782404101453724
54.54,5.0,10.0,0.0015753790503367782
54.55,5.0,10.0,-0.004090636619366705
54.56,5.0,10.0,-0.009050944843329488
54.57,5.0,10.0,-0.013871547416783868
54.58,5.0,10.0,-0.01837631615344435
54.59,5.0,10.0,-0.023473528982140123
54.6,5.0,10.0,-0.02822575829923153
54.61,5.0,10.0,-0.032115839421749115
54.62,5.0,10.0,-0.03529951702803373
54.63,5.0,10.0,-0.038589189574122426
54.64,5.0,10.0,-0.04143564812839031
54.65,5.0,10.0,-0.04412448666989803
54.66,5.0,10.0,-0.04677550494670868
54.67,5.0,10.0,-0.049591243267059326
54.68,5.0,10.0,-0.0528411939740181
54.69,5.0,10.0,-0.05549870058894157
54.7,5.0,10.0,-0.05784676223993301
54.71,5.0,10.0,-0.060573441162705424
54.72,5.0,10.0,-0.06404854469001293
54.73,5.0,10.0,-0.06733410842716694
54.74,5.0,10.0,-0.07061967216432094
54.75,5.0,10.0,-0.07293086983263493
54.76,5.0,10.0,-0.07445803508162499
54.77,5.0,10.0,-0.0745290782302618
54.78,5.0,10.0,-0.0733485348522663
54.79,5.0,10.0,-0.07216799147427082
54.8,5.0,10.0,-0.071542252227664
54.81,5.0,10.0,-0.07078199423849582
54.82,5.0,10.0,-0.0683648470789194
54.83,5.0,10.0,-0.06570631973445415
54.84,5.0,10.0,-0.0630477923899889
54.85,5.0,10.0,-0.06003862172365189
54.86,5.0,10.0,-0.05434806197881698
54.87,5.0,10.0,-0.048735555587336415
54.88,5.0,10.0,-0.04394042333588004
54.89,5.0,10.0,-0.04136970611289144
54.9,5.0,10.0,-0.04029597016051412
54.91,5.0,10.0,-0.04266204731538892
54.92,5.0,10.0,-0.0512861524708569
54.93,5.0,10.0,-0.06023518266156316
54.94,5.0,10.0,-0.07212760346010326
54.95,5.0,10.0,-0.0849673287011683
54.96,5.0,10.0,-0.0999027886427939
54.97,5.0,10.0,-0.11502314000390472
54.98,5.0,10.0,-0.12972111646085976
54.99,5.0,10.0,-0.1421946778893471
55.0,5.0,10.0,-0.15183092057704925
55.01,5.0,10.0,-0.15650350004434585
55.02,5.0,10.0,-0.1541247382760048
55.03,5.0,10.0,-0.15034324005246164
55.04,5.0,10.0,-0.1436183512210846
55.05,5.0,10.0,-0.13672841042280198
55.06,5.0,10.0,-0.1310684524476528
55.07,5.0,10.0,-0.12614809125661847
55.08,5.0,10.0,-0.12159392982721327
55.09,5.0,10.0,-0.11703976839780808
55.1,5.0,10.0,-0.11276520043611526
55.11,5.0,10.0,-0.10968731641769408
55.12,5.0,10.0,-0.10861831605434416
55.13,5.0,10.0,-0.1092164434492588
55.14,5.0,10.0,-0.10981457084417344
55.15,5.0,10.0,-0.11133007779717444
55.16,5.0,10.0,-0.11301246881484986
55.171,5.0,10.0,-0.11497932747006416
55.181,5.0,10.0,-0.11720222607254982
55.191,5.0,10.0,-0.11942512467503548
55.201,5.0,10.0,-0.12131746485829352
55.211,5.0,10.0,-0.12233772799372672
55.221,5.0,10.0,-0.12221895679831504
55.231,5.0,10.0,-0.12183579429984091
55.241,5.0,10.0,-0.12077729925513268
55.251,5.0,10.0,-0.11910155341029167
55.261,5.0,10.0,-0.11759427487850188
55.271,5.0,10.0,-0.1162096992135048
55.281,5.0,10.0,-0.1150776207447052
55.291,5.0,10.0,-0.1139455422759056
55.301,5.0,10.0,-0.11395303383469582
55.311,5.0,10.0,-0.11556687876582146
55.321,5.0,10.0,-0.11925513073801994
55.331,5.0,10.0,-0.12391919866204262
55.341,5.0,10.0,-0.12925859913229942
55.351,5.0,10.0,-0.13500633835792542
55.361,5.0,10.0,-0.14044341817498207
55.371,5.0,10.0,-0.1457192473113537
55.381,5.0,10.0,-0.15058317109942437
55.391,5.0,10.0,-0.15544709488749503
55.401,5.0,10.0,-0.15954506695270537
55.411,5.0,10.0,-0.16243541836738587
55.421,5.0,10.0,-0.16352565288543702
55.431,5.0,10.0,-0.16320930272340775
55.441,5.0,10.0,-0.16289295256137848
55.451,5.0,10.0,-0.16184986680746077
55.461,5.0,10.0,-0.1595501720905304
55.471,5.0,10.0,-0.15506436452269554
55.481,5.0,10.0,-0.14872655719518665
55.491,5.0,10.0,-0.1423887498676777
55.501,5.0,10.0,-0.13410554602742197
55.511,5.0,10.0,-0.12354661114513872
55.521,5.0,10.0,-0.11173329986631872
55.531,5.0,10.0,-0.10035075731575488
55.541,5.0,10.0,-0.08769995197653771
55.551,5.0,10.0,-0.07369206128641961
55.561,5.0,10.0,-0.05907772202044725
55.571,5.0,10.0,-0.04484500959515572
55.581,5.0,10.0,-0.03242384027689695
55.591,5.0,10.0,-0.018819261901080606
55.601,5.0,10.0,-0.006793761812150479
55.611,5.0,10.0,0.0031580084934830664
55.621,5.0,10.0,0.01194025631994009
55.631,5.0,10.0,0.02157823499292135
55.641,5.0,10.0,0.02994795087724924
55.651,5.0,10.0,0.03801234560087322
55.661,5.0,10.0,0.04593211151659489
55.671,5.0,10.0,0.053495693393051616
55.681,5.0,10.0,0.06130585074424744
55.691,5.0,10.0,0.06793259903788566
55.701,5.0,10.0,0.07342356368899346
55.711,5.0,10.0,0.07768692933022976
55.721,5.0,10.0,0.08080486580729485
55.731,5.0,10.0,0.08306707143783569
55.741,5.0,10.0,0.08502970784902573
55.751,5.0,10.0,0.08522881418466569
55.761,5.0,10.0,0.08290397375822067
55.771,5.0,10.0,0.07817302830517293
55.781,5.0,10.0,0.07319550737738607
55.791,5.0,10.0,0.06753408834338188
55.801,5.0,10.0,0.06252049803733825
55.811,5.0,10.0,0.05856604948639869
55.821,5.0,10.0,0.05524677932262421
55.831,5.0,10.0,0.05192750915884972
55.841,5.0,10.0,0.048310168087482445
55.851,5.0,10.0,0.04390331562608481
55.861,5.0,10.0,0.03948737438768148
55.871,5.0,10.0,0.0354886818677187
55.881,5.0,10.0,0.03148998934775591
55.891,5.0,10.0,0.02739044723566621
55.901,5.0,10.0,0.02280103988014161
55.911,5.0,10.0,0.01796785774640739
55.921,5.0,10.0,0.013746478117536754
55.931,5.0,10.0,0.009525098488666115
55.941,5.0,10.0,0.006873030052520335
55.951,5.0,10.0,0.00634046143386513
55.961,5.0,10.0,0.00784703737590462
55.971,5.0,10.0,0.010813024290837348
55.981,5.0,10.0,0.013938912586309016
55.991,5.0,10.0,0.017849548580124976
56.001,5.0,10.0,0.022709146398119627
56.011,5.0,10.0,0.028439961071126164
56.021,5.0,10.0,0.03430923776468262
56.031,5.0,10.0,0.04088201466947793
56.041,5.0,10.0,0.046483120508492
56.051,5.0,10.0,0.05169380605220794
56.061,5.0,10.0,0.056184864044189445
56.071,5.0,10.0,0.06038456149399281
56.081,5.0,10.0,0.06517050936818121
56.091,5.0,10.0,0.06995645724236965
56.101,5.0,10.0,0.07499745562672615
56.111,5.0,10.0,0.07918333038687705
56.121,5.0,10.0,0.08282944485545159
56.131,5.0,10.0,0.08628691732883453
56.141,5.0,10.0,0.08974438980221747
56.151,5.0,10.0,0.09284042939543725
56.161,5.0,10.0,0.09609294310212135
56.171,5.0,10.0,0.09917961210012435
56.181,5.0,10.0,0.10180584713816644
56.191,5.0,10.0,0.1044320821762085
56.201,5.0,10.0,0.1074211485683918
56.211,5.0,10.0,0.11114730462431908
56.221,5.0,10.0,0.11431020125746728
56.231,5.0,10.0,0.1158474251627922
56.241,5.0,10.0,0.11738464906811714
56.251,5.0,10.0,0.117233257740736
56.261,5.0,10.0,0.11476552858948708
56.271,5.0,10.0,0.11067553237080574
56.281,5.0,10.0,0.10630697086453438
56.291,5.0,10.0,0.101938409358263
56.301,5.0,10.0,0.09747526571154594
56.311,5.0,10.0,0.09330661892890929
56.321,5.0,10.0,0.0904043972492218
56.331,5.0,10.0,0.08910075426101685
56.341,5.0,10.0,0.08779711127281188
56.351,5.0,10.0,0.08752535283565521
56.361,5.0,10.0,0.08843975663185119
56.371,5.0,10.0,0.09074346199631693
56.381,5.0,10.0,0.09423062577843666
56.391,5.0,10.0,0.0977177895605564
56.401,5.0,10.0,0.10300864055752754
56.411,5.0,10.0,0.11096768528223036
56.421,5.0,10.0,0.12084915190935136
56.431,5.0,10.0,0.13024285435676575
56.441,5.0,10.0,0.13967350572347642
56.451,5.0,10.0,0.1481005109846592
56.461,5.0,10.0,0.1566660113632679
56.471,5.0,10.0,0.1651954710483551
56.481,5.0,10.0,0.1725343197584152
56.491,5.0,10.0,0.18027628064155576
56.501,5.0,10.0,0.18589630424976353
56.511,5.0,10.0,0.18752821236848832
56.521,5.0,10.0,0.18541580587625503
56.531,5.0,10.0,0.1825621411204338
56.541,5.0,10.0,0.1796715274453163
56.551,5.0,10.0,0.1774107187986374
56.561,5.0,10.0,0.17312617003917694
56.571,5.0,10.0,0.16423037871718407
56.581,5.0,10.0,0.15533458739519118
56.591,5.0,10.0,0.14083485417068003
56.601,5.0,10.0,0.12122229728847742
56.611,5.0,10.0,0.09957871809601784
56.621,5.0,10.0,0.07893036194145678
56.631,5.0,10.0,0.059023264050483706
56.641,5.0,10.0,0.03932230547070503
56.651,5.0,10.0,0.0203981839120388
56.661,5.0,10.0,0.0046566355973482135
56.671,5.0,10.0,-0.00632280558347702
56.681,5.0,10.0,-0.017302246764302254
56.691,5.0,10.0,-0.023551070876419545
56.701,5.0,10.0,-0.026906792819499967
56.711,5.0,10.0,-0.030515983514487744
56.721,5.0,10.0,-0.03804415035992861
56.731,5.0,10.0,-0.053696113638579845
56.741,5.0,10.0,-0.0695542162284255
56.751,5.0,10.0,-0.10081670936197044
56.761,5.0,10.0,-0.1514245541766286
56.771,5.0,10.0,-0.20111033227294683
56.781,5.0,10.0,-0.22614470217376947
56.791,5.0,10.0,-0.25070885941386223
56.801,5.0,10.0,-0.2547790743410588
56.811,5.0,10.0,-0.25193863958120344
56.821,5.0,10.0,-0.2440244406461716
56.831,5.0,10.0,-0.2261048759333789
56.841,5.0,10.0,-0.2081853112205863
56.851,5.0,10.0,-0.1732976340688765
56.861,5.0,10.0,-0.11869433065876364
56.872,5.0,10.0,-0.06434203358367085
56.882,5.0,10.0,-0.034442505519837144
56.892,5.0,10.0,-0.004542977456003428
56.902,5.0,10.0,0.0059441520832479
56.912,5.0,10.0,0.011850025784224272
56.922,5.0,10.0,0.017528545763343572
56.932,5.0,10.0,0.02247337941080332
56.942,5.0,10.0,0.027418213058263065
56.952,5.0,10.0,0.030309454351663594
56.962,5.0,10.0,0.03122882191091776
56.972,5.0,10.0,0.03169930912554264
56.982,5.0,10.0,0.03274321537464857
56.992,5.0,10.0,0.0337871216237545
57.002,5.0,10.0,0.035836241021752355
57.012,5.0,10.0,0.03790196664631367
57.022,5.0,10.0,0.037398117780685435
57.032,5.0,10.0,0.03412876380607486
57.042,5.0,10.0,0.030859409831464287
57.052,5.0,10.0,0.027267115062568337
57.062,5.0,10.0,0.024131187482271343
57.072,5.0,10.0,0.019912838621530683
57.082,5.0,10.0,0.013385450525674967
57.092,5.0,10.0,0.006858062429819256
57.102,5.0,10.0,-0.001803411485161632
57.112,5.0,10.0,-0.011414290533866733
57.122,5.0,10.0,-0.020322969870176167
57.132,5.0,10.0,-0.028252915886696428
57.142,5.0,10.0,-0.036182861903216686
57.152,5.0,10.0,-0.04419615548104048
57.162,5.0,10.0,-0.05283749140799045
57.172,5.0,10.0,-0.06144351065158844
57.182,5.0,10.0,-0.06880142278969288
57.192,5.0,10.0,-0.0761593349277973
57.202,5.0,10.0,-0.08187569677829742
57.212,5.0,10.0,-0.08623127788305282
57.222,5.0,10.0,-0.08970227390527724
57.232,5.0,10.0,-0.09280079901218415
57.242,5.0,10.0,-0.09589932411909104
57.252,5.0,10.0,-0.09859376028180121
57.262,5.0,10.0,-0.10037525668740271
57.272,5.0,10.0,-0.10134129673242569
57.282,5.0,10.0,-0.10201355740427973
57.292,5.0,10.0,-0.10268581807613372
57.302,5.0,10.0,-0.10232191681861875
57.312,5.0,10.0,-0.10001374408602716
57.322,5.0,10.0,-0.09627600684762
57.332,5.0,10.0,-0.0914349902421236
57.342,5.0,10.0,-0.0865939736366272
57.352,5.0,10.0,-0.08034906461834909
57.362,5.0,10.0,-0.07341513261198998
57.372,5.0,10.0,-0.06679445877671242
57.382,5.0,10.0,-0.060860509425401686
57.392,5.0,10.0,-0.05492656007409096
57.402,5.0,10.0,-0.05082022361457348
57.412,5.0,10.0,-0.049375536292791365
57.422,5.0,10.0,-0.04901894107460976
57.432,5.0,10.0,-0.04824779629707336
57.442,5.0,10.0,-0.04747665151953697
57.452,5.0,10.0,-0.04686109684407711
57.462,5.0,10.0,-0.046670828387141226
57.472,5.0,10.0,-0.04603232480585575
57.482,5.0,10.0,-0.04499030224978924
57.492,5.0,10.0,-0.043948279693722725
57.502,5.0,10.0,-0.04253213107585907
57.512,5.0,10.0,-0.03940340280532837
57.522,5.0,10.0,-0.035074230283498764
57.532,5.0,10.0,-0.033177313394844525
57.542,5.0,10.0,-0.0312803965061903
57.552,5.0,10.0,-0.034918807446956635
57.562,5.0,10.0,-0.04383289143443107
57.572,5.0,10.0,-0.055240971595048906
57.582,5.0,10.0,-0.06595207527279853
57.592,5.0,10.0,-0.07666317895054817
57.602,5.0,10.0,-0.08645107522606851
57.612,5.0,10.0,-0.09844401590526104
57.622,5.0,10.0,-0.11422059126198292
57.632,5.0,10.0,-0.13113189544528722
57.642,5.0,10.0,-0.14804319962859153
57.652,5.0,10.0,-0.16179613694548606
57.662,5.0,10.0,-0.17178410291671753
57.672,5.0,10.0,-0.18216015100479127
57.682,5.0,10.0,-0.19652628749608997
57.692,5.0,10.0,-0.2108924239873886
57.702,5.0,10.0,-0.22826197743415835
57.712,5.0,10.0,-0.24564183205366136
57.722,5.0,10.0,-0.2612222209572792
57.732,5.0,10.0,-0.27378841638565066
57.742,5.0,10.0,-0.28635461181402205
57.752,5.0,10.0,-0.29535481482744214
57.762,5.0,10.0,-0.30029892921447754
57.772,5.0,10.0,-0.29840087890625
57.782,5.0,10.0,-0.28784902691841124
57.792,5.0,10.0,-0.2772971749305725
57.802,5.0,10.0,-0.26052617728710176
57.812,5.0,10.0,-0.24027267992496487
57.822,5.0,10.0,-0.21780946254730224
57.832,5.0,10.0,-0.19405605047941207
57.842,5.0,10.0,-0.17030263841152193
57.852,5.0,10.0,-0.14698468744754792
57.862,5.0,10.0,-0.12506212554872037
57.872,5.0,10.0,-0.10483664553612472
57.882,5.0,10.0,-0.08878508750349283
57.892,5.0,10.0,-0.07273352947086094
57.902,5.0,10.0,-0.06107309553772211
57.912,5.0,10.0,-0.050837930664420126
57.922,5.0,10.0,-0.04075102438218892
57.932,5.0,10.0,-0.0329386011697352
57.942,5.0,10.0,-0.02512617795728147
57.952,5.0,10.0,-0.021359860664233565
57.962,5.0,10.0,-0.020645723631605505
57.972,5.0,10.0,-0.02127878288738429
57.982,5.0,10.0,-0.020142077701166272
57.992,5.0,10.0,-0.019005372514948247
58.002,5.0,10.0,-0.015526786120608448
58.012,5.0,10.0,-0.012592612905427814
58.022,5.0,10.0,-0.010493957716971637
58.032,5.0,10.0,-0.006018344359472394
58.042,5.0,10.0,-0.0015427310019731522
58.052,5.0,10.0,0.00876062661409378
58.062,5.0,10.0,0.02445231825113297
58.072,5.0,10.0,0.042077288031578064
58.082,5.0,10.0,0.059242114145308736
58.092,5.0,10.0,0.0764069402590394
58.102,5.0,10.0,0.09274056712165475
58.112,5.0,10.0,0.10850070398300886
58.122,5.0,10.0,0.1234966903924942
58.132,5.0,10.0,0.13640138693153858
58.142,5.0,10.0,0.1492480717599392
58.152,5.0,10.0,0.15795254781842233
58.162,5.0,10.0,0.1642737939953804
58.172,5.0,10.0,0.17332715094089507
58.182,5.0,10.0,0.1801624193787575
58.192,5.0,10.0,0.19230347126722336
58.202,5.0,10.0,0.20421855598688127
58.212,5.0,10.0,0.21478231102228165
58.222,5.0,10.0,0.2227522015571594
58.232,5.0,10.0,0.2307220920920372
58.242,5.0,10.0,0.23550112545490265
58.252,5.0,10.0,0.23811785280704495
58.262,5.0,10.0,0.23594176173210143
58.272,5.0,10.0,0.2262693449854851
58.282,5.0,10.0,0.22062142789363864
58.292,5.0,10.0,0.20966772735118863
58.302,5.0,10.0,0.20609908401966096
58.312,5.0,10.0,0.21151183545589447
58.322,5.0,10.0,0.22392810136079788
58.332,5.0,10.0,0.23910326063632964
58.342,5.0,10.0,0.2575272887945176
58.352,5.0,10.0,0.2833879351615905
58.362,5.0,10.0,0.3097940444946289
58.372,5.0,10.0,0.29929531365633005
58.382,5.0,10.0,0.23822617381811145
58.392,5.0,10.0,0.17715703397989274
58.402,5.0,10.0,0.11499329656362534
58.412,5.0,10.0,0.07533136308193207
58.422,5.0,10.0,0.03648626282811165
58.432,5.0,10.0,-0.0122301883995533
58.442,5.0,10.0,-0.060946639627218246
58.452,5.0,10.0,-0.1179433211684227
58.462,5.0,10.0,-0.17210403680801392
58.472,5.0,10.0,-0.18786177188158035
58.482,5.0,10.0,-0.15850321501493453
58.492,5.0,10.0,-0.12914465814828874
58.502,5.0,10.0,-0.10788182020187378
58.512,5.0,10.0,-0.11642441302537918
58.522,5.0,10.0,-0.12940606251358985
58.532,5.0,10.0,-0.13527525439858437
58.542,5.0,10.0,-0.14160965010523796
58.552,5.0,10.0,-0.14560708850622178
58.562,5.0,10.0,-0.1507692739367485
58.572,5.0,10.0,-0.15743550807237625
58.582,5.0,10.0,-0.1644649922847748
58.592,5.0,10.0,-0.1714944764971733
58.602,5.0,10.0,-0.17873158007860185
58.612,5.0,10.0,-0.18680867701768877
58.622,5.0,10.0,-0.19468018859624864
58.632,5.0,10.0,-0.1997863292694092
58.642,5.0,10.0,-0.20442726612091064
58.652,5.0,10.0,-0.20575182437896727
58.662,5.0,10.0,-0.2059759482741356
58.672,5.0,10.0,-0.20489340871572492
58.682,5.0,10.0,-0.20155411958694455
58.692,5.0,10.0,-0.1982148304581642
58.702,5.0,10.0,-0.19020174145698548
58.712,5.0,10.0,-0.170264196023345
58.722,5.0,10.0,-0.13090704195201397
58.732,5.0,10.0,-0.08483584336936474
58.742,5.0,10.0,-0.05015956126153469
58.752,5.0,10.0,-0.01739542745053768
58.762,5.0,10.0,-0.0006016694009304046
58.772,5.0,10.0,0.0008576013147830963
58.782,5.0,10.0,-0.00764940306544304
58.792,5.0,10.0,-0.014108803123235704
58.802,5.0,10.0,-0.02391024455428124
58.812,5.0,10.0,-0.040237740799784656
58.822,5.0,10.0,-0.07581174187362194
58.832,5.0,10.0,-0.12221348993480204
58.842,5.0,10.0,-0.15813230983912946
58.852,5.0,10.0,-0.19405112974345684
58.862,5.0,10.0,-0.21361426264047623
58.872,5.0,10.0,-0.21676879823207856
58.882,5.0,10.0,-0.2090276047587395
58.892,5.0,10.0,-0.20094303339719768
58.902,5.0,10.0,-0.192858462035656
58.912,5.0,10.0,-0.1878308445215225
58.922,5.0,10.0,-0.18335751593112945
58.932,5.0,10.0,-0.17642216831445695
58.942,5.0,10.0,-0.16606489196419716
58.952,5.0,10.0,-0.15570761561393737
58.962,5.0,10.0,-0.14231528341770172
58.972,5.0,10.0,-0.1272472508251667
58.982,5.0,10.0,-0.11223711892962455
58.992,5.0,10.0,-0.09741083458065987
59.002,5.0,10.0,-0.08258455023169517
59.012,5.0,10.0,-0.06539656557142734
59.022,5.0,10.0,-0.045045473426580426
59.032,5.0,10.0,-0.025464688241481785
59.042,5.0,10.0,-0.008393843472003937
59.052,5.0,10.0,0.005723652988672256
59.062,5.0,10.0,0.014308030623942614
59.072,5.0,10.0,0.022164960112422704
59.082,5.0,10.0,0.033727099653333426
59.092,5.0,10.0,0.05054576462134719
59.102,5.0,10.0,0.06736442958936095
59.112,5.0,10.0,0.0899331602267921
59.122,5.0,10.0,0.118905823584646
59.132,5.0,10.0,0.1553950130008161
59.142,5.0,10.0,0.19470145469531416
59.152,5.0,10.0,0.23696124469861388
59.162,5.0,10.0,0.275209348089993
59.172,5.0,10.0,0.2988614238798618
59.182,5.0,10.0,0.30585616230964663
59.192,5.0,10.0,0.2985282510519028
59.202,5.0,10.0,0.29120033979415894
59.212,5.0,10.0,0.2707723516970873
59.222,5.0,10.0,0.23809046372771264
59.232,5.0,10.0,0.19542808653786775
59.242,5.0,10.0,0.14758659480139613
59.252,5.0,10.0,0.09813030799850822
59.262,5.0,10.0,0.05501658422872424
59.272,5.0,10.0,0.023914745729416608
59.282,5.0,10.0,0.0029784603975713253
59.292,5.0,10.0,-0.012027633283287289
59.302,5.0,10.0,-0.0270337269641459
59.312,5.0,10.0,-0.038828421104699376
59.322,5.0,10.0,-0.04790840679779649
59.332,5.0,10.0,-0.05362454969435929
59.342,5.0,10.0,-0.056368496268987656
59.352,5.0,10.0,-0.057497647777199755
59.362,5.0,10.0,-0.05876913368701935
59.372,5.0,10.0,-0.05877487286925316
59.382,5.0,10.0,-0.05658511444926262
59.392,5.0,10.0,-0.05208347290754319
59.402,5.0,10.0,-0.047581831365823744
59.412,5.0,10.0,-0.041279083210974926
59.422,5.0,10.0,-0.03379777017980814
59.432,5.0,10.0,-0.025265240296721454
59.442,5.0,10.0,-0.015023066475987437
59.452,5.0,10.0,-0.004780892655253411
59.462,5.0,10.0,0.007854074612259865
59.472,5.0,10.0,0.02169721387326717
59.482,5.0,10.0,0.035792014002799986
59.492,5.0,10.0,0.05104146376252174
59.502,5.0,10.0,0.0662909135222435
59.512,5.0,10.0,0.08291544960811732
59.522,5.0,10.0,0.09986072201281784
59.532,5.0,10.0,0.11619470342993736
59.542,5.0,10.0,0.13091210424900054
59.552,5.0,10.0,0.14562950506806374
59.562,5.0,10.0,0.1574748359620571
59.572,5.0,10.0,0.1671873778104782
59.582,5.0,10.0,0.17531173378229142
59.592,5.0,10.0,0.18038544207811355
59.602,5.0,10.0,0.18545915037393568
59.612,5.0,10.0,0.18728480935096745
59.622,5.0,10.0,0.18664094060659409
59.632,5.0,10.0,0.18372280895709991
59.642,5.0,10.0,0.17888449430465697
59.652,5.0,10.0,0.17404617965221406
59.662,5.0,10.0,0.16795374900102616
59.672,5.0,10.0,0.16056958287954332
59.682,5.0,10.0,0.15189631730318073
59.692,5.0,10.0,0.1423678793013096
59.702,5.0,10.0,0.13283944129943848
59.712,5.0,10.0,0.12291706055402755
59.722,5.0,10.0,0.11271949484944344
59.732,5.0,10.0,0.10172527953982352
59.742,5.0,10.0,0.09109468646347521
59.752,5.0,10.0,0.08046409338712691
59.762,5.0,10.0,0.07208026796579362
59.772,5.0,10.0,0.06565996669232846
59.782,5.0,10.0,0.06001492328941822
59.792,5.0,10.0,0.05480271689593792
59.802,5.0,10.0,0.049590510502457615
59.812,5.0,10.0,0.044848202355206014
59.822,5.0,10.0,0.04053284376859665
59.832,5.0,10.0,0.03638200005516409
59.842,5.0,10.0,0.03128625019453466
59.852,5.0,10.0,0.02619050033390522
59.862,5.0,10.0,0.019793136324733496
59.872,5.0,10.0,0.013463054317981005
59.882,5.0,10.0,0.008602490369230508
59.892,5.0,10.0,0.0053861826891079545
59.902,5.0,10.0,0.0021698750089854
59.912,5.0,10.0,-0.0005083604715764523
59.922,5.0,10.0,-0.002900624740868807
59.932,5.0,10.0,-0.0036848058924078943
59.942,5.0,10.0,-0.002542514493688941
59.952,5.0,10.0,-0.001400223094969988
59.962,5.0,10.0,9.008715860545636e-05
59.972,5.0,10.0,0.0008283074479550123
59.982,5.0,10.0,0.0010273162741214037
59.992,5.0,10.0,0.00045019935350865126
60.002,5.0,10.0,-0.0001269175671041012
