timestamp,ax,ay,az,gx,gy,gz,roll,pitch_k,acc_norm,gyro_norm,classe_prevista_raw,classe_prevista,delay_ms
1777578366855,-0.0117188,0.915771,-0.519775,-0.175191,-0.476794,0.443359,113.885,0.607255,1.05306,0.674234,0,0,6.135
1777578366872,-0.037,0.885,-0.594,-0.187,-0.518,0.411,118.774,1.278,1.067,0.687,0,0,6.769
1777578366886,0.009,0.930,-0.610,-0.175,-0.552,0.424,120.254,0.700,1.113,0.717,0,0,3.273
1777578366903,0.001,0.958,-0.625,-0.115,-0.581,0.486,120.970,0.514,1.143,0.766,0,0,6.305
1777578366916,0.071,0.879,-0.627,-0.112,-0.630,0.589,121.878,-0.341,1.082,0.870,0,0,3.262
1777578366931,0.072,0.978,-0.626,-0.068,-0.694,0.604,122.007,-0.883,1.164,0.922,0,0,4.597
1777578366944,0.014,0.912,-0.586,0.007,-0.735,0.657,122.116,-0.864,1.084,0.986,0,0,3.289
1777578366958,0.177,0.546,-0.473,-0.231,-0.839,0.729,123.245,-2.529,0.743,1.135,0,0,3.270
1777578366971,-0.061,1.036,-0.471,-0.200,-0.819,0.491,122.232,-1.884,1.140,0.976,0,0,3.255
1777578366984,-0.024,0.930,-0.397,-0.220,-0.782,0.505,121.276,-1.542,1.012,0.957,0,0,3.248
1777578366998,-0.052,0.980,-0.389,-0.243,-0.744,0.386,120.343,-1.120,1.055,0.872,0,0,3.258
1777578367011,-0.097,0.923,-0.362,-0.279,-0.697,0.286,119.539,-0.519,0.996,0.803,0,0,3.258
1777578367024,-0.116,0.961,-0.328,-0.300,-0.645,0.205,118.637,0.075,1.022,0.740,0,0,3.274
1777578367038,-0.094,1.002,-0.311,-0.298,-0.624,0.198,117.732,0.476,1.053,0.719,0,0,3.254
1777578367051,-0.064,1.018,-0.301,-0.291,-0.633,0.260,116.886,0.702,1.063,0.743,0,0,3.304
1777578367065,-0.053,0.974,-0.268,-0.303,-0.660,0.332,116.060,0.866,1.011,0.798,0,0,3.263
1777578367078,-0.079,1.006,-0.249,-0.311,-0.678,0.383,115.224,1.106,1.040,0.838,0,0,3.251
1777578367091,-0.136,1.069,-0.354,-0.280,-0.664,0.367,114.770,1.487,1.135,0.809,0,0,3.271
1777578367105,-0.324,0.972,-0.436,-0.249,-0.554,0.131,114.732,2.468,1.113,0.621,0,0,3.257
1777578367118,-0.334,0.945,-0.498,-0.251,-0.423,-0.056,114.921,3.387,1.120,0.495,0,0,3.283
1777578367131,-0.288,0.985,-0.499,-0.244,-0.325,-0.151,115.036,4.058,1.140,0.433,0,0,3.263
1777578367145,-0.219,0.990,-0.493,-0.225,-0.260,-0.168,115.121,4.474,1.128,0.383,0,0,3.268
1777578367158,-0.219,0.985,-0.493,-0.201,-0.211,-0.174,115.205,4.859,1.123,0.339,0,0,3.266
1777578367171,-0.221,0.982,-0.497,-0.183,-0.155,-0.182,115.295,5.220,1.123,0.301,0,0,3.263
1777578367185,-0.171,0.965,-0.495,-0.170,-0.119,-0.154,115.395,5.423,1.097,0.259,0,0,3.272
1777578367198,-0.158,0.960,-0.491,-0.160,-0.099,-0.111,115.486,5.579,1.090,0.219,0,0,3.397
1777578367212,-0.272,1.035,-0.448,-0.082,-0.031,-0.008,115.377,5.997,1.161,0.088,0,0,3.769
1777578367226,-0.194,1.083,-0.454,-0.035,-0.004,0.054,115.240,6.171,1.191,0.065,0,0,3.277
1777578367240,-0.124,0.991,-0.480,-0.023,0.012,0.084,115.271,6.184,1.108,0.087,0,0,4.138
1777578367253,-0.081,0.971,-0.467,0.010,0.015,0.087,115.290,6.090,1.080,0.089,1,1,4.098
1777578367268,-0.094,0.927,-0.487,0.011,0.019,0.097,115.411,6.041,1.051,0.100,1,1,3.961
1777578367282,-0.078,0.940,-0.476,0.020,0.023,0.102,115.483,5.953,1.057,0.106,1,1,3.264
1777578367295,-0.069,0.929,-0.488,0.018,0.023,0.100,115.591,5.847,1.052,0.104,1,1,3.250
1777578367308,-0.048,0.923,-0.491,0.016,0.019,0.090,115.709,5.692,1.047,0.093,1,1,3.273
1777578367322,-0.059,0.920,-0.484,0.008,0.012,0.079,115.806,5.576,1.042,0.080,1,1,3.871
1777578367336,-0.057,0.912,-0.486,0.004,0.009,0.059,115.912,5.461,1.035,0.060,1,1,3.271
1777578367349,-0.052,0.916,-0.474,-0.001,0.002,0.047,115.980,5.341,1.033,0.047,1,1,3.259
1777578367363,-0.047,0.935,-0.474,-0.003,-0.005,0.026,116.024,5.211,1.049,0.027,1,1,4.249
1777578367377,-0.050,0.933,-0.497,-0.001,-0.013,0.012,116.118,5.095,1.058,0.017,1,1,3.281
1777578367390,-0.048,0.957,-0.463,0.009,-0.021,0.002,116.105,4.978,1.064,0.023,1,1,3.949
1777578367404,-0.053,0.915,-0.487,0.019,-0.027,-0.014,116.193,4.883,1.038,0.036,1,1,3.300
1777578367418,-0.056,0.956,-0.478,0.025,-0.026,-0.024,116.209,4.797,1.070,0.044,1,1,3.268
1777578367431,-0.078,0.931,-0.481,0.031,-0.028,-0.017,116.261,4.773,1.051,0.045,1,1,3.278
1777578367445,-0.085,0.950,-0.497,0.031,-0.029,-0.005,116.322,4.762,1.076,0.042,1,1,3.273
1777578367459,-0.091,0.932,-0.490,0.029,-0.022,0.011,116.385,4.771,1.057,0.038,1,1,5.048
1777578367473,-0.077,0.937,-0.483,0.032,-0.019,0.023,116.424,4.744,1.057,0.044,1,1,3.277
1777578367487,-0.070,0.927,-0.493,0.036,-0.025,0.023,116.494,4.702,1.053,0.050,1,1,3.262
1777578367500,-0.070,0.938,-0.481,0.036,-0.025,0.014,116.524,4.662,1.056,0.046,1,1,3.294
1777578367514,-0.071,0.912,-0.498,0.028,-0.027,0.006,116.618,4.627,1.042,0.039,1,1,3.262
1777578367527,-0.046,0.921,-0.488,0.025,-0.038,-0.010,116.676,4.532,1.043,0.047,1,1,3.948
1777578367541,-0.047,0.919,-0.494,0.023,-0.048,-0.033,116.748,4.444,1.044,0.063,1,1,3.281
1777578367555,-0.057,0.917,-0.485,0.017,-0.055,-0.048,116.798,4.385,1.038,0.075,1,1,3.902
1777578367569,-0.068,0.912,-0.507,0.011,-0.057,-0.058,116.898,4.356,1.046,0.082,1,1,3.267
1777578367582,-0.077,0.932,-0.482,0.006,-0.061,-0.055,116.919,4.349,1.052,0.083,1,1,3.262
1777578367595,-0.079,0.923,-0.491,0.015,-0.068,-0.062,116.967,4.346,1.048,0.093,1,1,3.963
1777578367609,-0.085,0.934,-0.481,0.018,-0.065,-0.060,116.979,4.359,1.054,0.090,1,1,3.266
1777578367623,-0.091,0.921,-0.494,0.022,-0.063,-0.055,117.033,4.387,1.049,0.087,1,1,3.307
1777578367637,-0.090,0.919,-0.486,0.023,-0.058,-0.047,117.071,4.412,1.043,0.078,1,1,3.271
1777578367650,-0.091,0.914,-0.489,0.026,-0.056,-0.036,117.118,4.438,1.040,0.071,1,1,3.260
1777578367664,-0.077,0.899,-0.490,0.025,-0.056,-0.039,117.182,4.432,1.027,0.072,1,1,3.938
1777578367678,-0.100,0.918,-0.501,0.022,-0.053,-0.035,117.246,4.478,1.051,0.067,1,1,3.256
1777578367691,-0.076,0.907,-0.502,0.017,-0.052,-0.042,117.322,4.467,1.039,0.068,1,1,3.287
1777578367705,-0.112,0.942,-0.495,0.013,-0.044,-0.030,117.341,4.535,1.070,0.055,1,1,3.261
1777578367719,-0.114,0.952,-0.500,0.012,-0.025,-0.007,117.358,4.601,1.081,0.028,1,1,3.314
1777578367733,-0.118,0.959,-0.484,0.008,-0.012,0.014,117.332,4.674,1.081,0.020,1,1,4.107
1777578367748,-0.127,0.943,-0.498,0.002,0.003,0.036,117.354,4.768,1.074,0.036,1,1,4.644
1777578367761,-0.114,0.947,-0.494,-0.004,0.019,0.059,117.363,4.825,1.074,0.062,1,1,3.256
1777578367775,-0.121,0.938,-0.502,-0.016,0.031,0.078,117.398,4.897,1.071,0.085,1,1,3.246
1777578367788,-0.092,0.942,-0.494,-0.024,0.039,0.089,117.410,4.898,1.067,0.100,1,1,3.272
1777578367802,-0.102,0.927,-0.504,-0.031,0.053,0.107,117.459,4.926,1.060,0.124,4,4,3.850
1777578367816,-0.096,0.932,-0.492,-0.039,0.062,0.125,117.476,4.939,1.058,0.145,4,4,3.281
1777578367829,-0.094,0.934,-0.489,-0.038,0.065,0.129,117.483,4.946,1.058,0.150,4,4,3.258
1777578367842,-0.072,0.934,-0.483,-0.030,0.059,0.124,117.476,4.901,1.054,0.141,4,4,3.251
1777578367856,-0.065,0.914,-0.495,-0.021,0.054,0.116,117.518,4.844,1.041,0.130,4,4,3.268
1777578367869,-0.055,0.923,-0.487,-0.015,0.054,0.111,117.530,4.763,1.044,0.125,4,4,3.925
1777578367883,-0.029,0.927,-0.482,0.002,0.044,0.084,117.528,4.624,1.046,0.094,4,4,3.282
1777578367897,-0.029,0.924,-0.479,0.010,0.031,0.052,117.523,4.490,1.041,0.061,4,4,3.272
1777578367912,-0.033,0.926,-0.487,0.019,0.020,0.016,117.533,4.373,1.047,0.031,4,4,5.153
1777578367926,-0.024,0.936,-0.484,0.028,0.008,-0.016,117.526,4.240,1.054,0.033,4,4,3.279
1777578367939,-0.052,0.943,-0.485,0.038,0.007,-0.030,117.513,4.176,1.061,0.049,1,1,3.926
1777578367953,-0.067,0.938,-0.486,0.042,0.004,-0.037,117.507,4.153,1.059,0.056,1,1,3.283
1777578367966,-0.063,0.932,-0.490,0.047,0.005,-0.042,117.517,4.120,1.055,0.063,1,1,3.257
1777578367980,-0.045,0.947,-0.491,0.051,-0.001,-0.052,117.512,4.045,1.067,0.073,1,1,3.271
1777578367993,-0.043,0.932,-0.495,0.053,-0.009,-0.077,117.533,3.970,1.056,0.094,1,1,3.263
1777578368008,-0.061,0.933,-0.498,0.049,-0.022,-0.084,117.558,3.941,1.059,0.100,4,4,5.539
1777578368022,-0.074,0.920,-0.509,0.055,-0.026,-0.086,117.619,3.945,1.054,0.105,4,4,3.266
1777578368036,-0.100,0.920,-0.506,0.059,-0.026,-0.073,117.671,4.009,1.055,0.098,4,4,3.252
1777578368049,-0.078,0.947,-0.497,0.072,-0.027,-0.056,117.672,4.017,1.073,0.095,4,4,3.598
1777578368063,-0.081,0.941,-0.506,0.080,-0.040,-0.051,117.698,4.030,1.071,0.103,4,4,3.564
1777578368077,-0.045,0.936,-0.505,0.103,-0.051,-0.068,117.726,3.959,1.065,0.133,4,4,3.902
1777578368091,-0.053,0.924,-0.518,0.115,-0.061,-0.075,117.794,3.911,1.061,0.151,4,4,3.270
1777578368104,-0.069,1.001,-0.500,0.141,-0.065,-0.065,117.739,3.894,1.121,0.169,4,4,3.250
1777578368117,-0.071,0.935,-0.528,0.157,-0.066,-0.058,117.815,3.890,1.076,0.179,4,4,3.250
1777578368131,-0.069,0.960,-0.511,0.194,-0.075,-0.041,117.825,3.878,1.090,0.212,4,4,3.258
1777578368144,-0.092,0.940,-0.545,0.200,-0.072,0.023,117.925,3.919,1.090,0.214,4,4,3.897
1777578368158,0.040,0.962,-0.507,0.284,-0.107,0.155,117.918,3.657,1.088,0.341,4,4,3.253
1777578368172,-0.060,1.315,-0.514,0.302,-0.098,0.070,117.631,3.603,1.413,0.326,4,4,3.256
1777578368185,-0.295,1.221,-0.539,0.524,-0.003,0.225,117.463,3.991,1.367,0.571,4,4,3.255
1777578368198,-0.156,1.155,-0.558,0.562,0.028,0.318,117.389,4.119,1.292,0.646,4,4,3.260
1777578368212,-0.277,1.248,-0.544,0.662,0.094,0.378,117.222,4.443,1.389,0.769,4,4,3.887
1777578368226,-0.227,1.508,-0.548,0.847,0.196,0.378,116.905,4.601,1.620,0.948,4,4,3.257
1777578368239,-0.159,1.707,-0.490,1.080,0.211,0.333,116.429,4.624,1.783,1.150,4,4,3.278
1777578368253,-0.101,1.659,-0.478,1.350,0.230,0.340,115.976,4.568,1.729,1.411,4,4,3.279
1777578368266,-0.027,1.777,-0.431,1.677,0.230,0.329,115.436,4.405,1.829,1.724,4,4,3.789
1777578368280,0.026,1.836,-0.370,2.033,0.199,0.344,114.821,4.178,1.873,2.072,4,4,3.879
1777578368294,-0.010,2.045,-0.355,2.460,0.144,0.400,114.167,4.007,2.076,2.497,4,4,3.254
1777578368307,-0.109,2.194,-0.304,2.501,0.101,0.436,113.455,3.955,2.217,2.541,4,4,3.277
1777578368321,-0.225,2.290,-0.322,2.501,0.127,0.337,112.779,4.025,2.324,2.527,4,4,3.257
1777578368334,-0.255,2.251,-0.395,2.501,0.236,0.219,112.218,4.127,2.300,2.522,4,4,3.261
1777578368347,-0.656,2.180,-0.715,2.501,0.536,0.108,112.041,4.645,2.386,2.560,4,4,3.879
1777578368361,-0.274,1.929,-0.803,2.501,0.542,0.357,112.065,4.768,2.108,2.584,4,4,3.257
1777578368375,-0.320,1.856,-0.579,2.501,0.660,0.681,111.857,4.968,1.970,2.675,4,4,3.287
1777578368388,-0.209,1.649,-0.146,2.501,0.697,1.420,111.122,5.065,1.668,2.959,4,4,3.271
1777578368401,0.426,0.117,0.881,2.501,0.583,1.682,106.593,3.723,0.986,3.070,4,4,3.269
1777578368415,0.808,-0.842,0.227,1.406,-0.161,1.510,98.654,1.688,1.189,2.070,4,4,4.176
1777578368429,-0.219,-0.267,0.359,-0.042,-0.410,0.772,92.737,2.755,0.498,0.875,4,4,3.280
1777578368442,0.015,0.549,0.425,-0.951,-0.569,0.217,90.966,2.582,0.694,1.129,4,4,3.283
1777578368456,-0.276,0.983,0.325,-1.016,-0.612,0.298,90.124,3.123,1.072,1.223,4,4,3.265
1777578368470,-0.205,0.659,0.253,-1.041,-0.619,0.397,89.200,3.695,0.735,1.275,4,4,3.759
1777578368483,-0.244,0.419,0.198,-1.250,-0.615,0.302,88.131,4.748,0.523,1.425,4,4,3.934
1777578368497,-0.296,0.134,0.195,-1.712,-0.574,-0.023,85.787,6.786,0.379,1.806,4,4,3.261
1777578368511,-0.320,0.079,0.251,-2.293,-0.499,-0.406,82.802,8.700,0.415,2.382,4,4,3.278
1777578368524,-0.253,0.314,0.272,-2.501,-0.436,-0.620,81.329,9.688,0.486,2.614,4,4,3.270
1777578368537,-0.105,0.595,0.202,-2.501,-0.423,-0.605,80.889,9.681,0.637,2.608,4,4,3.279
1777578368551,-0.006,0.848,0.057,-2.501,-0.432,-0.471,81.119,9.274,0.850,2.582,4,4,3.937
1777578368565,-0.001,0.953,-0.094,-2.501,-0.413,-0.383,81.753,8.871,0.957,2.564,4,4,3.272
1777578368578,-0.014,1.132,-0.248,-2.501,-0.350,-0.382,82.654,8.514,1.158,2.555,4,4,3.271
1777578368592,0.042,1.261,-0.400,-2.501,-0.281,-0.435,83.744,8.062,1.324,2.554,4,4,3.266
1777578368605,0.110,1.315,-0.568,-2.501,-0.222,-0.494,85.038,7.517,1.437,2.559,4,4,3.309
1777578368619,0.138,1.401,-0.727,-2.501,-0.158,-0.563,86.455,6.969,1.585,2.569,5,5,3.939
1777578368633,0.132,1.492,-0.918,-2.501,-0.048,-0.656,87.991,6.475,1.757,2.586,5,5,3.272
1777578368646,0.165,1.553,-1.082,-2.501,0.111,-0.728,89.604,5.974,1.900,2.607,5,5,3.270
1777578368659,0.276,1.646,-1.264,-2.501,0.292,-0.672,91.262,5.381,2.094,2.606,5,5,3.262
1777578368673,0.391,1.759,-1.473,-2.501,0.452,-0.373,92.954,4.723,2.327,2.569,5,5,3.656
1777578368686,0.582,1.855,-1.648,-2.501,0.544,-0.011,94.645,3.940,2.549,2.560,5,5,3.919
1777578368700,0.571,1.777,-1.816,-2.501,0.616,0.346,96.438,3.214,2.604,2.599,5,5,3.268
1777578368714,0.361,1.605,-1.945,-2.501,0.725,0.679,98.364,2.716,2.547,2.691,5,5,3.272
1777578368727,-0.026,1.416,-2.112,-2.238,0.908,0.940,100.454,2.624,2.543,2.592,5,5,3.265
1777578368741,-0.097,1.297,-2.145,-1.801,1.116,0.750,102.570,2.606,2.508,2.247,5,5,3.289
1777578368754,0.121,0.959,-2.385,-1.304,0.986,0.429,104.998,2.374,2.573,1.691,1,1,3.943
1777578368768,0.375,0.667,-2.401,-0.843,0.618,-0.085,107.599,1.896,2.520,1.049,1,1,3.329
1777578368782,0.273,0.659,-2.417,-0.314,0.312,-0.266,110.098,1.541,2.520,0.517,1,1,3.258
1777578368795,0.111,0.585,-2.338,0.240,0.168,-0.010,112.540,1.359,2.413,0.294,1,1,3.271
1777578368809,-0.031,0.575,-2.169,0.667,0.097,0.135,114.841,1.334,2.244,0.688,1,1,3.290
1777578368822,2.350,4.000,0.450,2.501,-0.014,-1.458,113.474,-0.048,4.661,2.895,5,5,3.906
1777578368838,-0.249,1.226,-0.079,2.224,0.625,-0.688,112.609,0.455,1.253,2.410,5,5,3.917
1777578368852,0.297,1.146,-0.026,2.501,0.531,-0.585,111.677,-0.201,1.184,2.623,5,5,3.256
1777578368865,-0.680,1.103,-0.378,2.501,0.539,-0.394,111.557,1.131,1.350,2.589,5,5,3.257
1777578368881,-0.112,0.832,-0.680,2.362,0.433,-0.015,112.332,1.341,1.080,2.402,5,5,3.282
1777578368895,0.159,0.152,-1.604,1.781,0.282,0.041,115.055,1.035,1.619,1.804,1,1,3.888
1777578368911,0.653,0.093,-2.063,0.688,-0.425,-0.330,117.783,0.223,2.165,0.873,1,1,5.409
1777578368924,-0.101,0.802,-0.669,0.285,-0.172,-0.080,118.312,0.454,1.049,0.342,1,1,3.268
1777578368938,-0.456,0.838,-0.608,0.316,-0.022,0.173,118.647,1.473,1.132,0.361,1,1,3.940
1777578368952,-0.036,0.877,-0.524,0.192,0.050,0.188,118.744,1.497,1.022,0.273,1,1,3.262
1777578368965,-0.023,0.877,-0.560,0.191,0.021,0.118,118.910,1.487,1.040,0.226,1,1,3.885
1777578368979,-0.083,0.943,-0.522,0.142,0.015,0.084,118.914,1.616,1.081,0.166,1,1,3.294
1777578368993,-0.080,0.883,-0.519,0.134,-0.012,0.053,118.981,1.740,1.027,0.144,1,1,3.257
1777578369007,-0.166,0.851,-0.553,0.079,0.014,0.095,119.157,2.069,1.029,0.124,1,1,3.288
1777578369021,-0.031,0.923,-0.519,0.061,0.020,0.081,119.166,2.052,1.060,0.103,1,1,3.258
1777578369034,-0.061,0.880,-0.532,0.044,0.011,0.051,119.253,2.112,1.030,0.068,1,1,3.885
1777578369052,-0.061,0.873,-0.526,0.021,-0.007,0.031,119.333,2.169,1.021,0.038,1,1,3.271
1777578369065,-0.020,0.893,-0.522,0.012,-0.028,-0.008,119.376,2.121,1.035,0.031,1,1,3.265
1777578369079,-0.051,0.918,-0.527,0.018,-0.049,-0.041,119.397,2.149,1.060,0.066,1,1,3.791
1777578369092,-0.066,0.966,-0.500,0.039,-0.067,-0.061,119.309,2.206,1.090,0.099,1,1,3.275
1777578369108,-0.108,0.933,-0.529,0.045,-0.064,-0.053,119.319,2.361,1.078,0.095,1,1,6.629
1777578369123,-0.112,0.898,-0.531,0.044,-0.051,-0.038,119.376,2.525,1.049,0.078,1,1,3.260
1777578369136,-0.117,0.895,-0.523,0.032,-0.036,-0.024,119.418,2.696,1.043,0.054,1,1,3.255
1777578369149,-0.092,0.901,-0.527,0.035,-0.033,-0.024,119.458,2.798,1.047,0.054,1,1,3.272
1777578369163,-0.088,0.902,-0.528,0.032,-0.030,-0.032,119.497,2.885,1.049,0.054,1,1,3.258
1777578369178,-0.113,0.919,-0.524,0.035,-0.027,-0.029,119.505,3.026,1.063,0.053,1,1,3.992
1777578369192,-0.104,0.926,-0.521,0.043,-0.021,-0.023,119.500,3.139,1.068,0.052,1,1,3.268
1777578369205,-0.111,0.912,-0.526,0.044,-0.021,-0.021,119.521,3.265,1.059,0.053,1,1,3.290
1777578369221,-0.131,0.916,-0.531,0.044,-0.004,0.005,119.547,3.431,1.067,0.045,1,1,6.195
1777578369235,-0.100,0.926,-0.540,0.041,0.004,0.010,119.577,3.514,1.077,0.042,1,1,3.256
1777578369248,-0.106,0.916,-0.531,0.046,0.004,0.012,119.600,3.611,1.064,0.048,1,1,3.958
1777578369262,-0.097,0.900,-0.530,0.040,0.009,0.017,119.640,3.685,1.049,0.044,1,1,3.275
1777578369278,-0.115,0.923,-0.544,0.043,0.014,0.021,119.677,3.793,1.078,0.050,1,1,3.371
1777578369291,-0.104,0.894,-0.552,0.035,0.021,0.031,119.766,3.875,1.056,0.051,1,1,3.457
1777578369305,-0.108,0.975,-0.516,0.054,0.022,0.023,119.684,3.951,1.109,0.063,1,1,3.269
1777578369318,-0.071,0.929,-0.526,0.058,0.018,0.022,119.676,3.945,1.070,0.065,2,2,3.975
1777578369332,-0.022,0.984,-0.546,0.065,0.019,-0.052,119.648,3.823,1.126,0.086,2,2,3.273
1777578369346,-0.062,0.942,-0.535,0.080,0.020,-0.042,119.645,3.798,1.085,0.093,2,2,3.265
1777578369359,-0.122,0.941,-0.524,0.097,0.024,-0.024,119.623,3.915,1.084,0.102,2,2,3.271
1777578369372,-0.149,0.999,-0.527,0.132,0.024,0.045,119.545,4.074,1.139,0.142,2,2,3.263
1777578369386,-0.211,1.133,-0.544,0.198,0.056,0.130,119.374,4.312,1.275,0.244,4,4,3.973
1777578369400,-0.112,0.958,-0.557,0.262,0.075,0.188,119.408,4.375,1.114,0.331,4,4,3.264
1777578369413,-0.127,1.046,-0.556,0.321,0.079,0.216,119.346,4.451,1.191,0.395,4,4,3.259
1777578369427,-0.129,1.053,-0.582,0.361,0.088,0.228,119.328,4.525,1.210,0.436,4,4,3.285
1777578369440,-0.064,1.099,-0.566,0.451,0.094,0.185,119.237,4.456,1.238,0.496,4,4,3.260
1777578369453,-0.029,1.130,-0.579,0.535,0.081,0.114,119.145,4.319,1.270,0.553,4,4,4.832
1777578369468,-0.060,1.200,-0.585,0.653,0.091,0.052,119.008,4.242,1.336,0.661,4,4,3.278
1777578369482,-0.047,1.217,-0.595,0.770,0.088,0.032,118.879,4.144,1.356,0.776,4,4,3.997
1777578369496,-0.088,1.345,-0.581,0.920,0.089,0.023,118.638,4.113,1.468,0.925,4,4,3.269
1777578369509,-0.133,1.469,-0.585,1.117,0.084,0.021,118.335,4.143,1.587,1.120,4,4,3.249
1777578369523,-0.068,1.552,-0.544,1.376,0.074,-0.015,117.941,4.065,1.646,1.378,4,4,4.695
1777578369537,-0.031,1.711,-0.528,1.673,0.038,-0.003,117.469,3.931,1.791,1.674,4,4,3.280
1777578369551,0.034,1.900,-0.456,2.051,-0.005,-0.034,116.858,3.715,1.954,2.051,4,4,3.251
1777578369564,0.037,2.022,-0.417,2.498,-0.042,-0.049,116.193,3.509,2.065,2.499,4,4,3.269
1777578369577,-0.137,2.104,-0.407,2.501,-0.055,-0.113,115.527,3.515,2.148,2.504,4,4,3.258
1777578369592,-0.236,2.161,-0.554,2.501,0.029,-0.041,115.040,3.625,2.244,2.502,4,4,4.625
1777578369606,-0.337,2.211,-0.847,2.501,0.185,0.227,114.861,3.821,2.392,2.518,4,4,3.263
1777578369619,0.078,1.580,-1.092,2.501,0.120,0.290,115.290,3.552,1.922,2.521,4,4,3.334
1777578369634,0.202,1.634,-1.001,2.501,0.059,0.267,115.562,3.134,1.927,2.516,4,4,3.269
1777578369647,0.457,1.385,0.118,2.501,-0.133,0.378,114.231,2.201,1.464,2.533,4,4,3.252
1777578369660,0.917,-2.801,1.104,1.517,-0.563,0.506,106.240,1.364,3.147,1.696,4,4,3.941
1777578369674,0.169,0.867,-0.652,0.744,-0.568,0.686,107.145,0.916,1.098,1.161,4,4,3.263
1777578369688,0.116,0.278,0.375,0.306,-0.365,0.570,104.060,0.267,0.481,0.743,4,4,3.252
1777578369701,-0.059,0.661,0.089,-0.082,-0.246,0.139,103.109,0.475,0.669,0.294,4,4,3.271
1777578369714,-0.110,0.363,0.200,-0.358,-0.023,0.041,101.274,1.105,0.429,0.361,4,4,3.246
1777578369728,-0.097,0.359,0.195,-0.651,0.132,0.226,99.536,1.642,0.420,0.702,4,4,3.899
1777578369742,-0.083,0.293,0.207,-0.912,0.244,0.498,97.578,2.136,0.369,1.067,4,4,3.264
1777578369755,-0.117,0.248,0.190,-1.169,0.284,0.659,95.609,2.940,0.334,1.371,4,4,3.252
1777578369768,-0.206,0.194,0.153,-1.476,0.311,0.624,93.690,4.548,0.322,1.632,4,4,3.275
1777578369782,-0.257,0.210,0.101,-1.800,0.309,0.360,92.408,6.443,0.347,1.862,4,4,3.254
1777578369795,-0.263,0.307,0.054,-2.106,0.295,0.048,91.865,7.919,0.408,2.127,4,4,3.950
1777578369809,-0.193,0.410,-0.015,-2.386,0.238,-0.099,91.875,8.675,0.454,2.400,4,4,3.280
1777578369823,-0.074,0.545,-0.103,-2.501,0.128,-0.040,92.260,8.631,0.559,2.505,4,4,3.258
1777578369836,0.010,0.644,-0.267,-2.501,-0.024,0.057,93.145,8.215,0.697,2.502,4,4,3.275
1777578369849,-0.006,0.723,-0.444,-2.501,-0.175,0.127,94.387,7.874,0.849,2.511,4,4,3.264
1777578369863,-0.094,0.849,-0.664,-2.501,-0.262,0.155,95.858,7.747,1.082,2.520,5,5,3.934
1777578369877,-0.214,1.074,-0.888,-2.501,-0.265,0.166,97.333,7.789,1.410,2.521,5,5,3.288
1777578369890,-0.303,1.224,-1.108,-2.501,-0.169,0.140,98.855,7.903,1.679,2.511,5,5,3.261
1777578369903,-0.338,1.386,-1.308,-2.501,-0.008,0.089,100.364,7.998,1.935,2.503,5,5,3.260
1777578369917,-0.281,1.304,-1.489,-2.501,0.165,0.006,102.044,8.001,1.999,2.507,5,5,3.253
1777578369930,-0.154,1.374,-1.595,-2.401,0.290,-0.118,103.672,7.834,2.111,2.421,5,5,3.876
1777578369944,0.098,1.414,-1.710,-2.236,0.272,-0.198,105.278,7.381,2.221,2.261,5,5,3.274
1777578369957,0.303,1.203,-1.744,-2.124,0.079,-0.161,107.033,6.702,2.141,2.132,5,5,3.255
1777578369971,0.401,1.080,-1.788,-2.063,-0.190,-0.081,108.862,5.933,2.127,2.073,5,5,3.263
1777578369984,0.293,1.093,-1.815,-1.936,-0.417,0.104,110.614,5.329,2.139,1.983,5,5,3.272
1777578369997,0.121,1.089,-1.862,-1.691,-0.540,0.370,112.323,4.956,2.160,1.813,1,1,3.885
1777578370011,-0.094,0.983,-1.887,-1.336,-0.534,0.548,114.079,4.850,2.130,1.540,1,1,3.268
1777578370025,-0.328,0.796,-1.895,-1.007,-0.430,0.509,115.965,5.034,2.082,1.208,1,1,3.291
1777578370038,-0.486,0.622,-1.847,-0.703,-0.247,0.225,117.951,5.427,2.008,0.778,1,1,3.262
1777578370052,-0.585,0.597,-1.791,-0.413,-0.017,-0.108,119.858,5.943,1.977,0.427,1,1,3.273
1777578370065,-0.533,0.570,-1.705,-0.126,0.221,-0.297,121.681,6.405,1.875,0.391,5,5,3.891
1777578370079,-0.141,0.870,-1.355,1.057,0.104,-1.229,122.801,6.345,1.617,1.624,5,5,3.273
1777578370092,-0.369,0.824,-0.419,1.095,0.175,-0.914,122.545,7.018,0.996,1.437,5,5,3.262
1777578370106,-0.356,1.363,0.155,1.184,0.251,-0.421,120.839,7.348,1.418,1.282,5,5,3.255
1777578370119,0.215,1.425,-0.090,1.616,0.009,-0.482,119.648,6.652,1.443,1.686,5,5,3.260
1777578370132,-0.196,1.151,-0.411,1.675,-0.059,-0.347,119.211,6.758,1.238,1.712,1,1,3.903
1777578370146,0.121,0.177,-1.044,1.098,-0.117,-0.324,121.448,6.178,1.066,1.150,1,1,3.263
1777578370160,0.105,0.829,-0.598,0.809,-0.265,-0.570,121.639,5.650,1.027,1.025,1,1,3.266
1777578370173,-0.024,0.926,-0.440,0.399,-0.374,-0.452,121.368,5.461,1.025,0.710,1,1,3.255
1777578370186,-0.469,0.751,-0.583,0.220,-0.204,-0.252,121.651,6.372,1.060,0.391,1,1,3.281
1777578370200,-0.101,0.901,-0.524,0.169,-0.149,-0.178,121.587,6.335,1.047,0.287,1,1,3.889
1777578370214,-0.322,0.860,-0.526,0.099,-0.069,-0.042,121.582,6.833,1.058,0.128,1,1,3.257
1777578370227,-0.167,0.939,-0.483,0.092,-0.037,0.003,121.391,6.928,1.069,0.099,1,1,3.272
1777578370241,-0.200,0.948,-0.499,0.085,-0.012,0.047,121.233,7.088,1.090,0.098,1,1,3.264
1777578370254,-0.170,0.958,-0.509,0.076,0.014,0.075,121.089,7.167,1.098,0.108,1,1,3.259
1777578370267,-0.185,0.958,-0.498,0.071,0.040,0.108,120.929,7.278,1.096,0.136,1,1,3.887
1777578370281,-0.175,0.924,-0.517,0.056,0.071,0.135,120.854,7.370,1.073,0.162,1,1,3.251
1777578370295,-0.145,0.923,-0.512,0.036,0.085,0.141,120.775,7.388,1.065,0.168,1,1,3.288
1777578370308,-0.117,0.941,-0.504,0.029,0.090,0.137,120.662,7.339,1.074,0.167,1,1,3.274
1777578370321,-0.111,0.938,-0.493,0.033,0.085,0.130,120.535,7.281,1.065,0.158,1,1,3.265
1777578370335,-0.135,0.922,-0.503,0.032,0.087,0.134,120.450,7.282,1.059,0.163,1,1,3.932
1777578370349,-0.138,0.918,-0.499,0.032,0.089,0.140,120.366,7.292,1.054,0.169,1,1,3.263
1777578370362,-0.084,0.912,-0.498,0.033,0.091,0.132,120.289,7.175,1.042,0.164,1,1,3.268
1777578370375,-0.062,0.938,-0.489,0.043,0.083,0.112,120.168,7.009,1.060,0.146,1,1,3.266
1777578370389,-0.069,0.921,-0.495,0.051,0.066,0.091,120.084,6.867,1.048,0.123,1,1,3.253
1777578370402,-0.082,0.896,-0.497,0.051,0.059,0.075,120.037,6.766,1.028,0.108,1,1,3.948
1777578370416,-0.087,0.922,-0.492,0.054,0.049,0.069,119.950,6.678,1.049,0.100,1,1,3.253
1777578370430,-0.066,0.913,-0.510,0.051,0.034,0.047,119.917,6.544,1.048,0.078,1,1,3.258
1777578370443,-0.089,0.909,-0.514,0.057,0.023,0.035,119.899,6.471,1.048,0.070,1,1,3.268
1777578370456,-0.081,0.927,-0.495,0.069,0.002,0.025,119.822,6.380,1.054,0.074,1,1,3.252
1777578370470,-0.083,0.907,-0.509,0.070,-0.009,0.019,119.797,6.302,1.044,0.073,1,1,3.900
1777578370484,-0.057,0.911,-0.500,0.077,-0.024,0.002,119.751,6.163,1.041,0.080,1,1,3.269
1777578370497,-0.081,0.906,-0.517,0.070,-0.036,-0.014,119.751,6.087,1.046,0.080,1,1,3.300
1777578370510,-0.074,0.920,-0.492,0.082,-0.044,-0.016,119.680,5.999,1.046,0.095,1,1,3.285
1777578370524,-0.078,0.903,-0.513,0.082,-0.046,-0.023,119.676,5.924,1.042,0.097,1,1,3.259
1777578370537,-0.122,0.925,-0.506,0.089,-0.037,-0.014,119.633,5.955,1.062,0.098,2,2,3.881
1777578370551,-0.103,0.928,-0.512,0.079,-0.032,0.014,119.601,5.936,1.065,0.087,2,2,3.270
1777578370565,-0.127,0.900,-0.535,0.069,-0.027,0.032,119.649,5.980,1.055,0.081,2,2,3.251
1777578370578,-0.135,0.916,-0.528,0.065,-0.021,0.067,119.663,6.038,1.066,0.095,2,2,3.260
1777578370591,-0.119,0.969,-0.524,0.076,-0.006,0.069,119.608,6.044,1.107,0.103,2,2,3.259
1777578370605,-0.191,1.000,-0.538,0.096,0.015,0.117,119.550,6.197,1.151,0.153,1,1,3.891
1777578370619,-0.198,0.985,-0.526,0.181,0.057,0.170,119.487,6.366,1.134,0.254,1,1,3.286
1777578370632,-0.153,1.029,-0.517,0.201,0.071,0.206,119.365,6.418,1.162,0.297,1,1,3.250
1777578370645,-0.131,0.962,-0.549,0.207,0.087,0.246,119.381,6.432,1.115,0.333,1,1,3.253
1777578370659,-0.134,0.999,-0.559,0.236,0.104,0.292,119.375,6.442,1.153,0.389,1,1,3.258
1777578370672,-0.081,1.042,-0.554,0.284,0.112,0.317,119.314,6.333,1.182,0.440,4,4,3.876
1777578370686,-0.064,1.072,-0.556,0.347,0.123,0.330,119.231,6.188,1.209,0.495,4,4,3.269
1777578370699,-0.046,1.120,-0.552,0.431,0.134,0.322,119.099,6.009,1.249,0.555,4,4,3.264
1777578370713,-0.053,1.108,-0.546,0.515,0.143,0.319,118.974,5.854,1.236,0.622,4,4,3.265
1777578370726,-0.032,1.193,-0.561,0.607,0.147,0.292,118.808,5.659,1.319,0.689,4,4,3.265
1777578370740,0.002,1.223,-0.561,0.731,0.145,0.253,118.625,5.407,1.345,0.787,4,4,3.866
1777578370753,-0.012,1.236,-0.543,0.867,0.137,0.227,118.410,5.193,1.350,0.906,4,4,3.252
1777578370767,-0.011,1.312,-0.559,1.029,0.136,0.240,118.178,4.986,1.426,1.065,4,4,3.266
1777578370780,-0.041,1.293,-0.564,1.172,0.145,0.242,117.977,4.841,1.412,1.205,4,4,3.248
1777578370794,-0.032,1.525,-0.551,1.400,0.177,0.297,117.621,4.680,1.622,1.442,4,4,4.056
1777578370808,-0.165,1.783,-0.540,1.710,0.208,0.343,117.149,4.697,1.871,1.756,4,4,3.892
1777578370822,-0.247,2.002,-0.556,2.115,0.252,0.441,116.640,4.787,2.093,2.175,4,4,3.251
1777578370836,-0.238,1.646,-0.541,2.422,0.332,0.383,116.271,4.919,1.749,2.474,4,4,3.652
1777578370849,-0.096,1.716,-0.679,2.501,0.402,0.280,116.067,4.834,1.848,2.549,4,4,3.281
1777578370862,0.183,1.724,-0.762,2.501,0.355,0.139,115.970,4.380,1.894,2.530,4,4,3.276
1777578370876,0.307,1.251,-0.863,2.501,0.293,0.052,116.347,3.690,1.551,2.519,4,4,3.900
1777578370890,0.774,1.004,-0.515,2.330,0.036,0.629,116.383,2.022,1.369,2.414,4,4,3.260
1777578370903,0.758,0.460,0.402,1.702,-0.298,0.918,113.428,-0.303,0.973,1.956,4,4,3.256
1777578370916,1.052,-0.293,0.893,0.740,-0.943,0.475,107.673,-2.399,1.411,1.289,4,4,3.254
1777578370930,0.545,0.767,0.540,0.147,-1.369,-0.023,105.363,-3.613,1.085,1.377,4,4,3.255
1777578370943,0.174,0.737,0.526,-0.352,-1.426,-0.127,103.139,-3.931,0.922,1.474,4,4,3.880
1777578370957,0.056,0.787,0.385,-0.651,-1.400,-0.174,101.425,-3.919,0.878,1.554,4,4,3.263
1777578370970,-0.023,0.726,0.277,-0.872,-1.275,-0.183,100.012,-3.674,0.777,1.556,4,4,3.253
1777578370984,-0.016,0.546,0.247,-1.137,-1.135,-0.165,98.508,-3.446,0.599,1.615,4,4,3.249
1777578370997,-0.053,0.609,0.178,-1.382,-0.985,-0.117,97.421,-3.085,0.636,1.701,4,4,3.252
1777578371011,-0.142,0.735,0.110,-1.556,-0.806,0.005,96.725,-2.477,0.757,1.752,4,4,3.910
1777578371025,-0.138,0.810,0.033,-1.681,-0.621,0.133,96.328,-1.947,0.822,1.797,4,4,3.288
1777578371038,-0.141,0.857,-0.061,-1.796,-0.474,0.240,96.230,-1.456,0.871,1.872,4,4,3.253
1777578371051,-0.132,0.955,-0.153,-1.885,-0.351,0.314,96.354,-1.052,0.976,1.943,4,4,3.265
1777578371065,-0.165,1.015,-0.255,-1.959,-0.241,0.370,96.693,-0.614,1.059,2.008,4,4,3.251
1777578371078,-0.208,1.089,-0.344,-2.007,-0.116,0.379,97.167,-0.135,1.160,2.046,4,4,3.868
1777578371092,-0.266,1.187,-0.422,-2.001,0.033,0.371,97.710,0.393,1.288,2.035,4,4,3.249
1777578371105,-0.342,1.242,-0.513,-1.979,0.199,0.416,98.354,1.000,1.386,2.032,4,4,3.247
1777578371119,-0.424,1.268,-0.595,-1.967,0.401,0.479,99.089,1.693,1.464,2.064,4,4,3.268
1777578371132,-0.440,1.270,-0.608,-1.982,0.635,0.378,99.810,2.378,1.475,2.115,4,4,3.258
1777578371146,-0.370,1.327,-0.616,-1.980,0.840,0.144,100.470,2.894,1.509,2.156,5,5,3.889
1777578371160,-0.243,1.413,-0.637,-1.881,0.970,-0.069,101.074,3.156,1.569,2.117,5,5,3.289
1777578371173,-0.092,1.464,-0.693,-1.698,0.996,-0.186,101.697,3.161,1.622,1.977,5,5,3.260
1777578371186,0.010,1.420,-0.765,-1.482,0.936,-0.277,102.424,3.007,1.613,1.774,5,5,3.278
1777578371200,0.083,1.310,-0.830,-1.368,0.809,-0.427,103.297,2.742,1.553,1.646,5,5,3.274
1777578371213,0.038,1.258,-0.928,-1.342,0.650,-0.485,104.308,2.562,1.564,1.568,1,1,3.902
1777578371227,0.043,1.046,-1.017,-1.477,0.500,-0.258,105.615,2.375,1.460,1.581,1,1,3.267
1777578371241,0.048,0.856,-1.031,-1.786,0.406,0.096,107.132,2.182,1.341,1.834,1,1,3.272
1777578371254,0.021,1.103,-1.131,-1.966,0.369,0.308,108.382,2.054,1.580,2.024,1,1,3.246
1777578371268,-0.029,1.122,-1.228,-2.035,0.382,0.259,109.659,2.007,1.664,2.087,1,1,3.283
1777578371281,-0.096,1.190,-1.352,-1.946,0.422,0.027,110.926,2.053,1.803,1.992,1,1,3.893
1777578371295,-0.071,1.150,-1.466,-1.732,0.487,-0.198,112.281,2.058,1.864,1.810,1,1,3.259
1777578371308,0.035,1.057,-1.527,-1.469,0.514,-0.281,113.726,1.921,1.858,1.581,1,1,3.286
1777578371322,0.180,0.918,-1.596,-1.193,0.453,-0.185,115.316,1.592,1.850,1.290,1,1,3.254
1777578371337,0.235,0.823,-1.659,-0.880,0.250,0.033,116.991,1.206,1.867,0.916,1,1,5.647
1777578371351,0.093,0.807,-1.665,-0.543,0.070,0.078,118.615,1.027,1.852,0.553,1,1,3.900
1777578371365,-0.086,0.746,-1.674,-0.172,-0.058,-0.074,120.250,1.100,1.835,0.196,1,1,3.293
1777578371378,-0.209,0.643,-1.612,0.101,-0.146,-0.413,121.912,1.352,1.748,0.449,1,1,3.262
1777578371392,-0.256,0.754,-1.519,0.366,-0.187,-0.714,123.297,1.668,1.715,0.824,1,1,3.268
1777578371405,0.611,1.693,0.020,1.840,-0.279,0.282,121.812,0.727,1.800,1.882,1,1,3.247
1777578371422,0.380,1.190,0.126,1.723,-0.552,0.031,120.157,-0.076,1.256,1.809,1,1,7.609
1777578371436,0.016,1.029,-0.022,2.088,-0.535,-0.240,118.891,-0.112,1.030,2.169,1,1,3.254
1777578371449,-0.130,0.950,-0.271,2.098,-0.300,-0.297,118.325,0.221,0.997,2.140,1,1,3.248
1777578371463,-0.358,0.854,-0.368,1.958,0.067,-0.241,118.104,1.131,0.997,1.974,1,1,3.256
1777578371476,-0.033,0.983,-0.613,1.748,0.170,-0.263,118.273,1.153,1.159,1.776,1,1,3.243
1777578371489,-0.188,0.932,-0.482,1.524,0.232,-0.181,118.232,1.548,1.066,1.552,1,1,3.863
1777578371503,-0.132,0.925,-0.504,1.385,0.192,-0.084,118.248,1.792,1.062,1.400,1,1,3.261
1777578371517,-0.234,0.570,-0.906,1.122,0.229,-0.010,119.541,2.253,1.095,1.145,1,1,3.290
1777578371534,-0.038,0.783,-0.616,0.651,0.082,-0.027,119.920,2.250,0.997,0.656,1,1,3.307
1777578371547,-0.097,0.813,-0.673,0.504,0.177,-0.042,120.343,2.382,1.060,0.536,1,1,3.295
1777578371562,-0.256,0.794,-0.585,0.262,0.038,0.045,120.607,2.915,1.019,0.269,1,1,3.992
1777578371576,-0.028,0.904,-0.512,0.166,0.027,0.054,120.560,2.856,1.039,0.177,1,1,3.267
1777578371589,-0.165,0.851,-0.531,0.127,0.026,0.078,120.622,3.139,1.017,0.151,1,1,3.263
1777578371603,-0.051,0.868,-0.532,0.080,0.021,0.075,120.661,3.126,1.020,0.111,1,1,3.284
1777578371616,-0.059,0.917,-0.510,0.052,0.022,0.060,120.592,3.131,1.051,0.082,1,1,3.544
1777578371630,-0.052,0.918,-0.507,0.033,0.011,0.043,120.518,3.118,1.050,0.055,1,1,3.884
1777578371644,-0.065,0.944,-0.500,0.031,-0.002,0.024,120.406,3.134,1.070,0.040,1,1,3.283
1777578371657,-0.105,0.975,-0.483,0.022,-0.012,0.032,120.227,3.238,1.093,0.041,1,1,3.264
1777578371670,-0.062,0.969,-0.495,0.043,-0.013,0.008,120.090,3.239,1.090,0.046,1,1,3.266
1777578371684,-0.078,0.970,-0.490,0.058,-0.012,-0.007,119.945,3.276,1.089,0.059,1,1,3.289
1777578371697,-0.110,0.936,-0.500,0.063,-0.002,0.009,119.865,3.392,1.067,0.064,1,1,3.894
1777578371711,-0.123,0.942,-0.504,0.061,0.010,0.031,119.791,3.531,1.075,0.069,1,1,3.272
1777578371725,-0.101,0.933,-0.500,0.059,0.022,0.049,119.722,3.614,1.064,0.079,1,1,3.267
1777578371738,-0.107,0.923,-0.500,0.052,0.035,0.065,119.665,3.710,1.055,0.090,1,1,3.355
1777578371751,-0.087,0.927,-0.496,0.050,0.044,0.068,119.600,3.755,1.055,0.095,1,1,3.268
1777578371765,-0.061,0.933,-0.505,0.045,0.044,0.060,119.548,3.734,1.063,0.087,1,1,3.886
1777578371779,-0.033,0.923,-0.505,0.043,0.032,0.033,119.510,3.650,1.053,0.063,1,1,3.273
1777578371792,-0.029,0.913,-0.506,0.041,0.019,0.003,119.488,3.560,1.045,0.046,1,1,3.282
1777578371805,-0.049,0.921,-0.507,0.040,0.010,-0.020,119.458,3.520,1.053,0.046,1,1,3.259
1777578371819,-0.068,0.917,-0.511,0.038,0.008,-0.023,119.444,3.529,1.052,0.045,1,1,3.326
1777578371832,-0.094,0.908,-0.518,0.041,0.012,-0.015,119.454,3.598,1.050,0.045,1,1,3.959
1777578371846,-0.071,0.937,-0.514,0.052,0.013,-0.013,119.424,3.606,1.071,0.055,1,1,3.276
1777578371860,-0.085,0.952,-0.501,0.058,0.018,-0.017,119.351,3.646,1.079,0.063,1,1,3.266
1777578371873,-0.114,0.907,-0.530,0.057,0.023,-0.021,119.392,3.756,1.057,0.065,1,1,3.362
1777578371887,-0.070,0.932,-0.506,0.071,0.012,-0.024,119.354,3.757,1.063,0.076,1,1,3.378
1777578371900,-0.094,0.917,-0.518,0.070,0.015,-0.022,119.358,3.814,1.057,0.075,1,1,3.955
1777578371914,-0.072,0.931,-0.509,0.069,0.011,-0.013,119.328,3.817,1.064,0.072,1,1,3.275
1777578371928,-0.051,0.903,-0.526,0.065,0.008,-0.017,119.367,3.771,1.047,0.068,1,1,3.251
1777578371941,-0.078,0.943,-0.491,0.077,0.001,-0.008,119.287,3.789,1.066,0.077,1,1,3.253
1777578371954,-0.056,0.921,-0.509,0.071,-0.010,-0.013,119.272,3.757,1.054,0.073,1,1,3.244
1777578371968,-0.058,0.931,-0.496,0.068,-0.020,-0.006,119.219,3.731,1.057,0.071,1,1,3.826
1777578371982,-0.098,1.010,-0.506,0.089,-0.030,-0.002,119.104,3.785,1.134,0.094,1,1,3.259
1777578371995,-0.038,0.978,-0.511,0.103,-0.028,0.013,119.038,3.706,1.104,0.108,1,1,3.242
1777578372008,-0.074,0.898,-0.523,0.087,-0.027,0.062,119.089,3.723,1.042,0.110,1,1,3.247
1777578372022,-0.101,0.961,-0.530,0.089,-0.025,0.125,119.080,3.790,1.103,0.156,1,1,3.286
1777578372035,-0.192,1.067,-0.546,0.133,-0.001,0.178,118.993,4.022,1.214,0.222,4,4,3.839
1777578372049,-0.083,0.947,-0.544,0.227,0.032,0.165,119.032,4.037,1.095,0.282,4,4,3.284
1777578372063,-0.117,1.008,-0.531,0.271,0.045,0.152,118.978,4.118,1.145,0.314,4,4,3.254
1777578372076,-0.081,1.010,-0.541,0.303,0.063,0.173,118.941,4.115,1.149,0.354,4,4,3.249
1777578372089,-0.042,1.037,-0.542,0.342,0.062,0.198,118.883,4.026,1.171,0.400,4,4,3.276
1777578372103,-0.027,1.079,-0.548,0.399,0.065,0.190,118.797,3.906,1.210,0.446,5,5,3.841
1777578372117,-0.005,1.134,-0.548,0.490,0.067,0.167,118.665,3.746,1.259,0.522,5,5,3.255
1777578372130,-0.071,1.160,-0.585,0.565,0.083,0.159,118.581,3.719,1.301,0.592,5,5,3.282
1777578372143,-0.038,1.281,-0.576,0.700,0.093,0.121,118.390,3.624,1.405,0.717,5,5,3.256
1777578372157,-0.068,1.419,-0.544,0.869,0.107,0.049,118.066,3.577,1.521,0.877,5,5,3.255
1777578372170,-0.061,1.378,-0.555,1.050,0.102,0.070,117.798,3.524,1.487,1.057,4,4,3.888
1777578372184,-0.077,1.448,-0.538,1.259,0.112,0.073,117.473,3.494,1.546,1.266,4,4,3.251
1777578372197,-0.008,1.514,-0.507,1.486,0.098,0.102,117.081,3.353,1.596,1.493,4,4,3.265
1777578372211,0.028,1.606,-0.472,1.787,0.098,0.095,116.613,3.165,1.675,1.793,4,4,3.259
1777578372224,0.000,1.754,-0.491,2.107,0.070,0.113,116.134,3.027,1.821,2.111,4,4,3.329
1777578372238,-0.227,1.868,-0.461,2.499,0.053,0.139,115.597,3.188,1.938,2.504,4,4,4.071
1777578372252,-0.429,2.051,-0.464,2.501,0.127,0.211,115.035,3.553,2.146,2.513,4,4,3.265
1777578372265,-0.404,1.874,-0.588,2.501,0.285,0.259,114.702,3.906,2.005,2.531,4,4,3.240
1777578372278,-0.290,1.844,-0.683,2.501,0.387,0.419,114.510,4.101,1.988,2.566,4,4,3.289
1777578372292,-0.225,1.543,-0.826,2.501,0.443,0.709,114.669,4.242,1.765,2.637,4,4,3.243
1777578372305,0.294,0.833,-0.975,2.501,0.323,1.223,115.755,3.491,1.316,2.803,4,4,3.834
1777578372319,-0.076,2.239,-0.567,2.501,0.286,1.934,115.250,3.420,2.311,3.174,4,4,3.273
1777578372332,0.854,-1.690,0.420,2.501,-0.056,1.307,106.884,2.128,1.939,2.823,4,4,3.253
1777578372346,0.281,-0.707,1.813,0.178,-0.627,0.592,101.279,1.675,1.966,0.880,4,4,3.322
1777578372359,0.215,0.970,-0.229,-0.235,-0.943,-0.073,101.367,1.070,1.020,0.974,4,4,3.255
1777578372373,-0.019,0.586,0.576,-0.517,-0.960,-0.079,98.923,1.082,0.822,1.093,4,4,3.838
1777578372387,0.036,0.778,0.205,-0.648,-1.035,-0.084,97.887,0.921,0.806,1.224,4,4,3.732
1777578372400,-0.155,0.434,0.185,-0.862,-0.917,-0.051,96.534,1.676,0.496,1.259,4,4,3.257
1777578372414,-0.126,0.251,0.192,-1.298,-0.780,-0.166,94.611,2.556,0.340,1.523,4,4,3.257
1777578372427,-0.107,0.307,0.175,-1.770,-0.630,-0.329,93.111,3.184,0.369,1.908,4,4,3.415
1777578372441,-0.060,0.436,0.186,-2.186,-0.513,-0.376,91.963,3.360,0.477,2.277,4,4,3.900
1777578372455,-0.040,0.668,0.090,-2.468,-0.408,-0.243,91.542,3.360,0.675,2.514,4,4,3.256
1777578372468,-0.017,0.850,-0.013,-2.501,-0.311,-0.041,91.514,3.263,0.850,2.521,4,4,3.285
1777578372481,-0.026,0.983,-0.189,-2.501,-0.215,0.112,91.925,3.185,1.002,2.513,4,4,3.264
1777578372495,-0.025,1.021,-0.313,-2.501,-0.123,0.120,92.586,3.104,1.069,2.507,4,4,3.265
1777578372508,0.018,1.132,-0.391,-2.501,-0.049,0.042,93.307,2.930,1.197,2.502,4,4,3.892
1777578372522,0.047,1.163,-0.496,-2.501,0.014,0.023,94.172,2.709,1.265,2.502,4,4,3.280
1777578372536,0.032,1.274,-0.612,-2.501,0.062,0.152,95.112,2.534,1.414,2.507,4,4,3.258
1777578372549,-0.056,1.436,-0.696,-2.501,0.158,0.228,96.019,2.511,1.596,2.517,4,4,3.257
1777578372562,-0.185,1.527,-0.766,-2.501,0.350,0.132,96.921,2.671,1.719,2.529,4,4,3.386
1777578372576,-0.238,1.650,-0.825,-2.483,0.588,-0.023,97.780,2.876,1.860,2.552,5,5,3.884
1777578372590,-0.188,1.643,-0.860,-2.272,0.817,-0.099,98.647,3.003,1.864,2.416,5,5,3.264
1777578372603,-0.060,1.614,-0.850,-2.098,0.968,-0.084,99.483,2.955,1.825,2.312,5,5,3.259
1777578372617,0.068,1.697,-0.877,-1.862,1.027,-0.121,100.263,2.736,1.911,2.130,5,5,3.269
1777578372630,0.137,1.766,-0.938,-1.524,1.009,-0.173,101.039,2.444,2.004,1.836,5,5,3.368
1777578372643,0.130,1.715,-1.039,-1.170,0.957,-0.163,101.921,2.175,2.010,1.520,1,1,3.841
1777578372657,0.092,1.441,-1.147,-0.965,0.872,-0.151,103.084,1.955,1.844,1.309,1,1,3.274
1777578372671,0.027,1.160,-1.236,-1.009,0.767,-0.258,104.558,1.829,1.695,1.293,1,1,3.253
1777578372684,-0.010,0.989,-1.316,-1.165,0.651,-0.355,106.243,1.764,1.646,1.381,1,1,3.257
1777578372697,-0.069,0.781,-1.436,-1.432,0.557,-0.324,108.221,1.793,1.636,1.570,1,1,3.268
1777578372711,-0.021,0.527,-1.476,-1.773,0.442,-0.357,110.501,1.749,1.567,1.862,1,1,3.839
1777578372725,0.182,0.593,-1.433,-1.993,0.270,-0.483,112.557,1.379,1.561,2.068,1,1,3.271
1777578372738,0.301,0.821,-1.605,-1.865,0.064,-0.263,114.322,0.905,1.827,1.884,1,1,3.391
1777578372752,0.270,0.842,-1.791,-1.508,-0.153,0.342,116.093,0.525,1.997,1.554,1,1,3.276
1777578372765,0.074,0.623,-1.857,-1.101,-0.351,0.664,118.077,0.407,1.960,1.333,1,1,3.258
1777578372778,-0.352,0.569,-1.882,-0.660,-0.427,0.471,120.050,0.833,1.997,0.917,1,1,3.867
1777578372792,-0.590,0.592,-1.850,-0.137,-0.371,-0.171,121.895,1.536,2.030,0.431,1,1,3.257
1777578372806,-0.591,0.647,-1.760,0.341,-0.249,-0.710,123.553,2.234,1.967,0.826,1,1,3.259
1777578372819,-0.403,0.596,-1.583,0.674,-0.159,-0.986,125.119,2.722,1.739,1.205,1,1,3.250
1777578372832,-0.239,0.709,-1.413,0.871,-0.111,-0.885,126.354,2.978,1.599,1.246,1,1,3.266
1777578372846,-1.661,4.000,2.326,1.508,0.041,1.274,123.444,3.712,4.916,1.974,1,1,3.868
1777578372860,1.258,1.635,0.307,1.912,-0.662,0.295,121.516,1.927,2.086,2.045,1,1,3.250
1777578372873,0.088,1.006,-0.217,2.471,-0.845,-0.042,120.670,1.629,1.032,2.612,1,1,3.251
1777578372886,-0.564,0.800,-0.423,2.317,-0.183,0.056,120.548,2.954,1.067,2.325,1,1,3.270
1777578372900,-0.016,0.917,-0.472,2.086,0.051,-0.043,120.403,2.864,1.032,2.087,1,1,3.256
1777578372913,-0.075,0.791,-0.577,1.791,0.274,-0.124,120.653,2.931,0.982,1.816,1,1,3.859
1777578372927,-0.075,0.835,-0.688,1.551,0.311,-0.104,121.040,2.976,1.084,1.585,1,1,3.297
1777578372941,0.102,0.512,-0.804,0.868,0.101,-0.169,122.196,2.580,0.959,0.890,1,1,3.260
1777578372954,-0.113,0.762,-0.616,0.592,0.028,-0.217,122.492,2.755,0.986,0.631,1,1,3.292
1777578372967,-0.163,0.536,-0.868,0.355,0.013,-0.109,123.621,3.030,1.034,0.371,1,1,3.273
1777578372981,-0.217,0.844,-0.586,0.169,-0.028,-0.089,123.671,3.419,1.050,0.193,1,1,3.848
1777578372998,-0.089,0.946,-0.476,0.122,0.012,0.007,123.367,3.479,1.063,0.122,1,1,3.277
1777578373011,-0.085,0.878,-0.493,0.097,0.010,0.020,123.189,3.538,1.011,0.100,1,1,3.258
1777578373024,-0.035,0.848,-0.516,0.070,-0.014,0.004,123.107,3.471,0.993,0.072,1,1,3.265
1777578373043,-0.036,0.903,-0.506,0.047,-0.030,-0.028,122.939,3.408,1.036,0.062,1,1,4.192
1777578373056,-0.065,0.882,-0.516,0.028,-0.049,-0.036,122.826,3.418,1.024,0.066,1,1,3.909
1777578373070,-0.114,0.943,-0.492,0.008,-0.042,-0.006,122.597,3.536,1.069,0.043,1,1,3.265
1777578373083,-0.098,0.969,-0.490,0.020,-0.042,0.005,122.345,3.607,1.091,0.047,1,1,3.319
1777578373097,-0.106,0.966,-0.489,0.035,-0.032,0.010,122.105,3.695,1.088,0.049,1,1,3.261
1777578373110,-0.127,0.967,-0.500,0.040,-0.007,0.033,121.897,3.825,1.096,0.052,1,1,3.269
1777578373128,-0.127,0.951,-0.497,0.042,0.017,0.056,121.710,3.953,1.080,0.072,1,1,7.916
1777578373142,-0.103,0.937,-0.496,0.035,0.028,0.069,121.543,4.024,1.065,0.082,1,1,3.251
1777578373155,-0.099,0.944,-0.496,0.035,0.034,0.076,121.377,4.080,1.071,0.090,1,1,3.262
1777578373168,-0.057,0.948,-0.486,0.035,0.034,0.059,121.191,4.036,1.067,0.077,1,1,3.254
1777578373182,-0.045,0.931,-0.498,0.037,0.028,0.028,121.058,3.966,1.057,0.054,1,1,3.248
1777578373195,-0.059,0.935,-0.491,0.039,0.017,0.009,120.910,3.931,1.058,0.043,1,1,3.881
1777578373209,-0.059,0.924,-0.495,0.042,0.006,-0.014,120.791,3.900,1.049,0.045,1,1,3.260
1777578373222,-0.072,0.927,-0.488,0.044,-0.001,-0.031,120.658,3.900,1.050,0.054,1,1,3.267
1777578373236,-0.067,0.937,-0.499,0.048,-0.002,-0.046,120.543,3.887,1.063,0.067,1,1,3.274
1777578373249,-0.089,0.906,-0.500,0.052,-0.002,-0.048,120.469,3.933,1.039,0.071,1,1,3.270
1777578373263,-0.101,0.908,-0.507,0.050,-0.001,-0.043,120.413,4.004,1.045,0.066,1,1,3.885
1777578373277,-0.104,0.910,-0.503,0.051,0.001,-0.033,120.349,4.077,1.045,0.060,1,1,3.265
1777578373290,-0.092,0.928,-0.504,0.052,-0.000,-0.025,120.268,4.116,1.060,0.058,1,1,3.259
1777578373303,-0.088,0.934,-0.494,0.052,0.002,-0.030,120.164,4.144,1.060,0.060,1,1,3.257
1777578373317,-0.086,0.912,-0.497,0.055,0.003,-0.032,120.095,4.171,1.042,0.063,1,1,3.313
1777578373330,-0.090,0.925,-0.506,0.054,0.008,-0.024,120.032,4.201,1.058,0.059,1,1,3.866
1777578373344,-0.099,0.916,-0.509,0.056,0.006,-0.018,119.991,4.253,1.053,0.059,1,1,3.259
1777578373359,-0.109,0.906,-0.513,0.049,0.007,-0.006,119.971,4.328,1.046,0.050,1,1,4.615
1777578373372,-0.095,0.919,-0.514,0.048,0.007,-0.006,119.938,4.365,1.058,0.049,1,1,3.250
1777578373386,-0.101,0.914,-0.512,0.051,0.011,0.004,119.909,4.416,1.053,0.052,1,1,3.258
1777578373401,-0.107,0.915,-0.519,0.042,0.019,0.022,119.893,4.478,1.057,0.051,2,2,5.992
1777578373415,-0.108,0.919,-0.506,0.045,0.022,0.033,119.846,4.540,1.055,0.060,2,2,3.249
1777578373429,-0.104,0.919,-0.519,0.045,0.028,0.042,119.829,4.588,1.061,0.067,2,2,3.367
1777578373442,-0.090,0.930,-0.519,0.045,0.030,0.050,119.800,4.599,1.068,0.074,2,2,3.789
1777578373456,-0.073,0.921,-0.531,0.043,0.029,0.053,119.806,4.569,1.065,0.074,2,2,3.425
1777578373469,-0.076,0.932,-0.512,0.048,0.024,0.050,119.761,4.547,1.066,0.074,2,2,3.910
1777578373483,-0.126,0.985,-0.509,0.075,0.022,0.075,119.655,4.633,1.116,0.109,2,2,3.269
1777578373497,-0.110,0.922,-0.524,0.073,0.020,0.093,119.653,4.689,1.066,0.120,2,2,3.258
1777578373510,-0.065,0.901,-0.536,0.067,0.009,0.116,119.701,4.639,1.051,0.135,2,2,3.267
1777578373523,-0.070,0.933,-0.536,0.063,-0.004,0.173,119.710,4.599,1.078,0.184,2,2,3.261
1777578373537,-0.150,1.193,-0.496,0.155,0.014,0.211,119.399,4.688,1.301,0.262,4,4,3.855
1777578373551,-0.020,1.027,-0.550,0.223,0.031,0.261,119.346,4.525,1.165,0.344,4,4,3.324
1777578373564,-0.096,1.189,-0.512,0.355,0.055,0.178,119.081,4.513,1.298,0.401,4,4,3.296
1777578373578,-0.007,1.109,-0.552,0.448,0.064,0.230,118.967,4.330,1.239,0.508,4,4,3.247
1777578373591,-0.078,1.149,-0.546,0.542,0.085,0.269,118.811,4.294,1.275,0.611,4,4,3.254
1777578373604,-0.133,1.241,-0.565,0.646,0.119,0.287,118.622,4.350,1.370,0.717,4,4,3.924
1777578373618,-0.137,1.341,-0.543,0.807,0.165,0.290,118.334,4.396,1.453,0.873,4,4,3.258
1777578373632,-0.122,1.578,-0.544,0.999,0.183,0.216,117.926,4.387,1.673,1.039,4,4,3.277
1777578373645,-0.070,1.664,-0.535,1.293,0.172,0.246,117.485,4.295,1.749,1.327,4,4,3.429
1777578373659,-0.038,1.724,-0.513,1.597,0.172,0.255,117.007,4.160,1.799,1.627,4,4,3.249
1777578373672,-0.085,1.696,-0.504,1.869,0.152,0.323,116.550,4.098,1.771,1.902,4,4,3.947
1777578373686,0.051,1.534,-0.487,2.113,0.132,0.316,116.159,3.840,1.611,2.141,4,4,3.252
1777578373699,-0.029,1.570,-0.543,2.310,0.101,0.320,115.849,3.715,1.662,2.334,4,4,3.248
1777578373713,-0.029,1.619,-0.549,2.495,0.074,0.351,115.538,3.595,1.710,2.521,4,4,3.266
1777578373726,0.257,1.529,-0.600,2.501,-0.001,0.510,115.358,3.049,1.662,2.553,4,4,3.253
1777578373739,0.415,1.406,-0.237,2.501,-0.142,1.180,114.668,2.207,1.485,2.769,4,4,3.887
1777578373753,0.711,0.521,0.294,2.033,-0.433,1.759,112.302,-0.072,0.929,2.723,4,4,3.261
1777578373767,0.612,-0.448,0.654,1.005,-0.827,1.020,105.886,-1.716,1.002,1.653,4,4,3.271
1777578373780,0.323,0.705,1.151,0.120,-1.183,0.040,102.632,-2.230,1.388,1.190,4,4,3.266
1777578373793,0.128,0.738,0.527,-0.124,-1.324,-0.142,100.527,-2.484,0.916,1.337,4,4,3.250
1777578373807,0.149,0.633,0.574,-0.627,-1.359,0.043,98.220,-2.809,0.868,1.498,4,4,3.892
1777578373821,0.036,0.760,0.408,-0.870,-1.348,-0.043,96.625,-2.790,0.864,1.604,4,4,3.257
1777578373834,-0.027,0.624,0.327,-1.151,-1.236,-0.207,95.124,-2.572,0.705,1.702,4,4,3.250
1777578373848,-0.067,0.712,0.223,-1.416,-1.074,-0.224,94.140,-2.236,0.749,1.791,4,4,3.400
1777578373861,-0.063,0.842,0.121,-1.605,-0.903,-0.097,93.601,-1.954,0.853,1.844,4,4,3.252
1777578373874,-0.064,0.927,0.041,-1.760,-0.718,0.012,93.332,-1.696,0.931,1.901,4,4,3.968
1777578373888,-0.080,1.047,-0.073,-1.866,-0.532,0.082,93.361,-1.431,1.052,1.943,4,4,3.263
1777578373902,-0.141,1.117,-0.180,-1.924,-0.339,0.138,93.614,-1.058,1.140,1.958,4,4,3.259
1777578373915,-0.208,1.168,-0.322,-1.957,-0.121,0.187,94.130,-0.585,1.229,1.970,4,4,3.271
1777578373928,-0.281,1.197,-0.420,-1.975,0.129,0.192,94.795,-0.013,1.300,1.989,4,4,3.259
1777578373942,-0.357,1.241,-0.479,-1.972,0.416,0.193,95.508,0.644,1.377,2.025,4,4,4.100
1777578373956,-0.324,1.298,-0.535,-1.934,0.719,0.185,96.246,1.184,1.441,2.071,4,4,3.336
1777578373969,-0.304,1.398,-0.562,-1.831,0.948,0.131,96.932,1.632,1.537,2.066,4,4,3.314
1777578373983,-0.208,1.431,-0.639,-1.670,1.104,0.089,97.680,1.890,1.581,2.004,4,4,3.272
1777578373996,-0.102,1.391,-0.668,-1.536,1.172,0.038,98.466,1.972,1.547,1.932,4,4,3.265
1777578374010,0.009,1.429,-0.694,-1.376,1.196,-0.098,99.229,1.872,1.588,1.826,5,5,3.954
1777578374024,0.118,1.514,-0.746,-1.081,1.179,-0.289,99.972,1.615,1.692,1.625,5,5,3.266
1777578374037,0.165,1.487,-0.786,-0.762,1.135,-0.494,100.755,1.300,1.690,1.453,5,5,3.270
1777578374051,0.196,1.465,-0.819,-0.443,1.081,-0.710,101.562,0.952,1.690,1.367,5,5,3.544
1777578374064,0.150,1.314,-0.874,-0.234,1.024,-0.770,102.527,0.673,1.585,1.303,5,5,3.245
1777578374077,0.133,1.092,-0.944,-0.187,0.969,-0.626,103.765,0.413,1.450,1.169,1,1,3.842
1777578374091,0.137,0.740,-1.008,-0.380,0.860,-0.527,105.513,0.122,1.258,1.078,1,1,3.243
1777578374105,0.091,0.508,-1.040,-0.791,0.736,-0.418,107.631,-0.079,1.161,1.158,1,1,3.258
1777578374118,0.031,0.488,-1.047,-1.250,0.636,-0.211,109.703,-0.142,1.156,1.418,1,1,3.251
1777578374131,0.057,0.553,-1.034,-1.636,0.544,0.012,111.547,-0.258,1.175,1.724,1,1,3.271
1777578374145,0.092,0.685,-1.041,-1.897,0.465,0.157,113.082,-0.431,1.249,1.960,1,1,3.899
1777578374159,0.102,0.914,-1.095,-1.937,0.390,0.159,114.267,-0.591,1.430,1.982,1,1,3.257
1777578374172,0.099,1.066,-1.183,-1.744,0.335,0.089,115.303,-0.720,1.596,1.778,1,1,3.265
1777578374185,0.110,1.052,-1.258,-1.437,0.283,0.056,116.388,-0.857,1.644,1.466,1,1,3.258
1777578374199,0.156,0.906,-1.341,-1.153,0.188,0.087,117.681,-1.060,1.626,1.172,1,1,3.262
1777578374212,0.174,0.707,-1.367,-1.009,0.045,0.159,119.211,-1.296,1.549,1.023,1,1,3.885
1777578374226,0.075,0.706,-1.369,-0.833,-0.099,0.244,120.678,-1.360,1.542,0.874,1,1,3.261
1777578374240,-0.048,0.765,-1.395,-0.593,-0.168,0.289,122.015,-1.225,1.592,0.681,1,1,3.261
1777578374253,-0.150,0.744,-1.433,-0.304,-0.196,0.201,123.351,-0.940,1.622,0.414,1,1,3.450
1777578374266,-0.248,0.646,-1.415,-0.066,-0.194,-0.009,124.756,-0.502,1.575,0.205,1,1,3.271
1777578374280,-0.304,0.692,-1.381,0.149,-0.158,-0.211,126.007,0.008,1.574,0.303,1,1,4.003
1777578374294,-0.276,0.794,-1.320,0.417,-0.116,-0.265,127.011,0.451,1.565,0.507,1,1,3.282
1777578374308,0.727,1.780,1.109,1.575,-0.413,-0.286,123.996,-0.405,2.220,1.653,1,1,3.464
1777578374321,-0.458,1.225,0.334,1.882,-0.399,-0.295,121.843,0.482,1.350,1.946,1,1,3.255
1777578374334,-0.156,1.005,-0.162,2.135,-0.272,-0.353,120.851,0.842,1.030,2.181,1,1,3.258
1777578374348,-0.283,0.878,-0.354,2.056,-0.075,-0.288,120.463,1.532,0.988,2.078,1,1,3.933
1777578374362,-0.084,0.815,-0.481,1.889,0.054,-0.226,120.468,1.687,0.950,1.904,1,1,3.326
1777578374375,-0.128,0.956,-0.538,1.674,0.119,-0.160,120.420,1.904,1.104,1.686,1,1,3.270
1777578374389,-0.119,0.970,-0.545,1.537,0.124,-0.108,120.372,2.089,1.119,1.545,1,1,3.263
1777578374402,-0.208,0.542,-0.941,1.251,0.252,-0.075,121.670,2.471,1.106,1.279,1,1,3.271
1777578374415,-0.016,0.684,-0.718,0.812,0.115,-0.109,122.314,2.403,0.992,0.827,1,1,3.929
1777578374429,-0.256,0.623,-0.713,0.569,0.190,-0.075,123.037,2.959,0.981,0.605,1,1,3.316
1777578374443,-0.059,0.697,-0.699,0.210,-0.004,-0.037,123.564,2.979,0.989,0.213,1,1,3.276
1777578374456,-0.181,0.911,-0.513,0.086,0.036,0.083,123.382,3.279,1.061,0.125,1,1,3.431
1777578374470,-0.172,0.868,-0.531,0.073,0.058,0.142,123.297,3.555,1.032,0.170,1,1,3.292
1777578374483,-0.047,0.886,-0.507,0.037,0.061,0.163,123.142,3.514,1.022,0.178,1,1,3.901
1777578374497,-0.081,0.856,-0.536,-0.001,0.047,0.153,123.094,3.562,1.013,0.160,1,1,3.283
1777578374510,-0.075,0.932,-0.512,-0.023,0.037,0.184,122.907,3.582,1.066,0.189,1,1,3.255
1777578374524,-0.061,0.950,-0.495,-0.023,0.026,0.169,122.671,3.567,1.073,0.172,1,1,3.340
1777578374537,-0.081,0.949,-0.495,-0.011,0.028,0.171,122.446,3.599,1.074,0.174,1,1,3.254
1777578374551,-0.076,0.927,-0.513,-0.006,0.034,0.174,122.293,3.622,1.062,0.177,1,1,3.845
1777578374565,-0.078,0.955,-0.487,-0.005,0.039,0.187,122.064,3.645,1.075,0.191,1,1,3.259
1777578374578,-0.092,0.953,-0.488,0.003,0.048,0.192,121.847,3.701,1.074,0.198,1,1,3.241
1777578374591,-0.117,0.943,-0.498,0.006,0.054,0.225,121.672,3.814,1.073,0.231,1,1,3.258
1777578374605,-0.100,0.934,-0.512,0.004,0.059,0.251,121.544,3.882,1.069,0.258,1,1,3.247
1777578374618,0.001,0.956,-0.499,0.011,0.055,0.225,121.369,3.709,1.078,0.232,1,1,3.870
1777578374632,-0.003,0.936,-0.499,0.017,0.042,0.185,121.224,3.555,1.061,0.190,1,1,3.255
1777578374645,0.023,0.944,-0.491,0.021,0.030,0.133,121.062,3.344,1.064,0.138,1,1,3.267
1777578374659,-0.003,0.913,-0.504,0.019,0.020,0.090,120.967,3.204,1.043,0.094,1,1,3.475
1777578374672,0.007,0.930,-0.495,0.028,0.012,0.055,120.838,3.049,1.053,0.063,1,1,3.328
1777578374686,0.011,0.931,-0.488,0.036,0.008,0.014,120.698,2.890,1.051,0.040,5,5,3.941
1777578374700,0.017,0.928,-0.497,0.046,-0.002,-0.030,120.588,2.724,1.053,0.055,5,5,3.266
1777578374713,-0.007,0.933,-0.500,0.055,-0.002,-0.063,120.484,2.621,1.059,0.083,5,5,3.261
1777578374726,-0.016,0.923,-0.501,0.057,-0.003,-0.085,120.396,2.545,1.051,0.102,5,5,3.289
1777578374740,-0.025,0.931,-0.501,0.059,-0.002,-0.103,120.305,2.492,1.057,0.119,5,5,3.261
1777578374754,-0.021,0.927,-0.506,0.059,-0.009,-0.129,120.231,2.432,1.056,0.142,1,1,4.620
1777578374768,-0.013,0.945,-0.502,0.061,-0.013,-0.154,120.134,2.356,1.070,0.166,1,1,3.260
1777578374781,-0.029,0.917,-0.511,0.061,-0.022,-0.173,120.090,2.323,1.051,0.184,1,1,3.248
1777578374795,-0.050,0.924,-0.506,0.059,-0.020,-0.187,120.029,2.340,1.054,0.197,1,1,3.267
1777578374808,-0.060,0.919,-0.528,0.065,-0.025,-0.187,120.022,2.378,1.062,0.200,1,1,3.353
1777578374823,-0.092,0.929,-0.510,0.060,-0.022,-0.161,119.966,2.490,1.064,0.173,1,1,5.234
1777578374837,-0.092,0.923,-0.510,0.059,-0.020,-0.138,119.921,2.599,1.058,0.152,1,1,3.266
1777578374850,-0.089,0.939,-0.519,0.061,-0.012,-0.112,119.877,2.693,1.077,0.128,1,1,3.410
1777578374864,-0.165,0.946,-0.508,0.072,-0.008,-0.091,119.806,2.956,1.086,0.116,1,1,3.294
1777578374877,-0.089,0.917,-0.515,0.061,-0.012,-0.065,119.785,3.039,1.055,0.090,1,1,3.255
1777578374892,-0.097,0.932,-0.527,0.066,-0.011,-0.041,119.772,3.132,1.075,0.079,1,1,3.942
1777578374906,-0.102,0.911,-0.531,0.065,-0.004,-0.015,119.791,3.238,1.059,0.067,1,1,3.264
1777578374920,-0.098,0.891,-0.544,0.063,0.007,0.005,119.862,3.331,1.049,0.063,1,1,3.939
1777578374933,-0.103,0.920,-0.516,0.060,0.018,0.035,119.836,3.430,1.060,0.072,1,1,3.265
1777578374949,-0.112,0.917,-0.528,0.063,0.016,0.056,119.841,3.545,1.064,0.086,1,1,5.524
1777578374962,-0.115,0.931,-0.535,0.088,0.016,0.098,119.843,3.658,1.080,0.132,1,1,4.296
1777578374976,-0.102,0.959,-0.531,0.095,0.017,0.117,119.804,3.731,1.101,0.152,1,1,3.256
1777578374990,-0.088,0.937,-0.540,0.106,0.017,0.154,119.810,3.772,1.085,0.187,1,1,3.330
1777578375003,-0.157,0.998,-0.558,0.134,0.023,0.269,119.785,3.949,1.154,0.301,1,1,3.273
1777578375018,-0.063,1.015,-0.525,0.212,0.042,0.386,119.679,3.915,1.145,0.443,1,1,4.113
1777578375032,-0.109,1.078,-0.533,0.290,0.070,0.297,119.532,3.971,1.208,0.421,5,5,3.926
1777578375046,-0.091,1.078,-0.533,0.371,0.083,0.231,119.392,3.987,1.206,0.445,5,5,3.249
1777578375059,-0.017,1.082,-0.551,0.433,0.088,0.240,119.287,3.848,1.214,0.503,5,5,3.256
1777578375073,-0.040,1.162,-0.543,0.529,0.094,0.260,119.101,3.758,1.283,0.597,5,5,3.249
1777578375087,-0.040,1.225,-0.556,0.652,0.108,0.245,118.896,3.667,1.346,0.705,5,5,4.579
1777578375101,-0.034,1.233,-0.564,0.795,0.119,0.208,118.706,3.570,1.356,0.830,4,4,3.835
1777578375115,-0.038,1.370,-0.579,0.932,0.115,0.128,118.452,3.477,1.488,0.948,4,4,3.979
1777578375129,-0.024,1.389,-0.537,1.132,0.125,0.165,118.132,3.365,1.489,1.151,4,4,3.256
1777578375142,0.016,1.342,-0.560,1.305,0.122,0.133,117.891,3.191,1.454,1.318,4,4,3.252
1777578375155,0.030,1.438,-0.551,1.514,0.105,0.130,117.589,3.003,1.540,1.523,4,4,3.285
1777578375169,0.072,1.548,-0.556,1.762,0.094,0.132,117.247,2.763,1.646,1.769,4,4,4.035
1777578375184,-0.022,1.610,-0.552,2.046,0.079,0.153,116.884,2.675,1.702,2.053,4,4,4.059
1777578375197,-0.023,1.765,-0.546,2.361,0.058,0.217,116.460,2.589,1.847,2.371,4,4,3.261
1777578375211,0.053,1.671,-0.585,2.501,0.047,0.221,116.147,2.401,1.771,2.512,4,4,4.209
1777578375225,0.075,1.655,-0.616,2.501,0.048,0.309,115.897,2.190,1.768,2.521,4,4,3.273
1777578375238,-0.074,1.451,-0.717,2.501,0.068,0.479,115.914,2.208,1.620,2.548,4,4,3.925
1777578375253,0.144,0.928,-0.551,2.501,0.086,1.175,116.124,1.781,1.089,2.765,4,4,3.280
1777578375266,0.485,2.157,-0.759,2.501,-0.102,2.186,115.830,1.179,2.338,3.323,4,4,3.282
1777578375280,0.383,1.160,-0.034,2.501,-0.243,2.195,114.774,0.329,1.222,3.336,4,4,3.712
1777578375294,0.978,-2.254,0.811,1.335,-0.753,1.221,106.684,-0.656,2.588,1.959,4,4,3.267
1777578375307,0.357,0.606,0.759,-0.109,-1.210,0.037,103.707,-1.510,1.035,1.216,4,4,3.913
1777578375321,-0.021,0.805,0.306,-0.296,-1.320,-0.401,102.197,-1.382,0.862,1.411,4,4,3.393
1777578375335,0.128,0.642,0.308,-0.580,-1.382,-0.119,100.542,-1.769,0.723,1.503,4,4,3.268
1777578375349,-0.147,0.840,0.093,-0.637,-1.328,0.158,99.806,-1.259,0.858,1.481,4,4,4.460
1777578375363,-0.186,0.548,0.070,-0.893,-1.162,0.149,99.061,-0.391,0.582,1.473,4,4,3.266
1777578375376,-0.256,0.549,0.010,-1.193,-0.962,-0.072,98.617,0.719,0.606,1.534,4,4,3.933
1777578375390,-0.244,0.548,-0.029,-1.520,-0.720,-0.259,98.374,1.738,0.601,1.702,4,4,3.267
1777578375403,-0.224,0.706,-0.093,-1.756,-0.507,-0.204,98.336,2.424,0.746,1.839,4,4,3.255
1777578375421,-0.126,0.812,-0.302,-1.920,-0.246,0.042,98.865,2.681,0.876,1.936,4,4,7.022
1777578375435,-0.176,0.852,-0.305,-2.002,-0.058,0.032,99.339,3.044,0.922,2.003,4,4,3.264
1777578375448,-0.167,0.873,-0.378,-2.089,0.108,-0.072,99.956,3.347,0.966,2.093,4,4,3.957
1777578375462,-0.162,0.885,-0.429,-2.199,0.298,-0.129,100.651,3.610,0.997,2.223,4,4,3.267
1777578375478,-0.065,0.983,-0.492,-2.299,0.453,-0.107,101.349,3.600,1.102,2.346,4,4,5.568
1777578375491,-0.054,1.082,-0.578,-2.334,0.587,-0.024,102.083,3.552,1.228,2.406,4,4,3.263
1777578375505,-0.108,1.154,-0.647,-2.313,0.739,-0.004,102.836,3.601,1.327,2.428,4,4,3.274
1777578375519,-0.168,1.234,-0.670,-2.233,0.938,-0.146,103.522,3.743,1.414,2.426,4,4,4.679
1777578375533,-0.138,1.299,-0.669,-2.102,1.176,-0.315,104.121,3.815,1.468,2.429,4,4,3.278
1777578375546,0.005,1.295,-0.666,-2.012,1.339,-0.358,104.694,3.639,1.456,2.443,4,4,3.263
1777578375560,0.175,1.282,-0.676,-1.964,1.408,-0.340,105.266,3.179,1.460,2.441,4,4,3.265
1777578375573,0.333,1.323,-0.723,-1.901,1.351,-0.444,105.851,2.496,1.544,2.374,4,4,3.250
1777578375586,0.420,1.277,-0.790,-1.859,1.216,-0.615,106.545,1.702,1.559,2.305,5,5,3.878
1777578375600,0.453,1.171,-0.874,-1.927,1.031,-0.645,107.428,0.875,1.530,2.279,5,5,3.250
1777578375616,0.480,1.115,-0.918,-2.110,0.790,-0.417,108.391,0.032,1.522,2.291,5,5,5.724
1777578375629,0.453,1.209,-0.997,-2.285,0.642,-0.166,109.315,-0.675,1.631,2.379,5,5,3.241
1777578375643,1.640,2.535,-0.571,-1.262,0.323,-0.482,109.025,-2.056,3.072,1.389,5,5,3.828
1777578375657,-0.228,0.514,-1.704,-1.533,0.148,-0.326,111.394,-1.647,1.794,1.575,1,1,3.933
1777578375671,0.558,1.421,-1.620,-1.706,0.110,0.087,112.590,-2.210,2.226,1.712,1,1,3.359
1777578375684,0.253,-0.202,-1.467,-1.904,0.009,0.225,100.138,-2.537,1.503,1.917,1,1,3.285
1777578375698,0.209,1.185,-1.351,-1.692,-0.076,0.241,101.826,-2.717,1.809,1.711,1,1,3.265
1777578375712,0.108,1.424,-1.712,-1.301,-0.188,0.242,103.507,-2.719,2.229,1.336,1,1,4.542
1777578375726,0.005,1.151,-1.886,-0.790,-0.332,0.035,105.479,-2.606,2.210,0.857,1,1,4.060
1777578375741,-0.198,1.204,-1.999,-0.020,-0.404,-0.318,107.380,-2.280,2.342,0.514,1,1,4.078
1777578375754,-0.557,1.361,-2.156,1.007,-0.398,-0.614,109.145,-1.641,2.610,1.244,1,1,3.266
1777578375768,-0.722,1.121,-2.341,2.002,-0.161,-0.358,111.125,-0.889,2.694,2.040,1,1,3.257
1777578375781,-0.544,0.691,-0.311,1.656,0.080,0.056,111.261,0.711,0.933,1.659,1,1,3.279
1777578375794,0.010,1.285,0.119,1.818,-0.036,-0.031,110.100,0.661,1.290,1.818,1,1,3.921
1777578375809,-0.106,0.950,-0.379,1.972,-0.095,-0.132,110.172,0.890,1.028,1.979,1,1,4.147
1777578375823,-0.415,0.784,-0.544,1.750,0.139,-0.002,110.808,1.879,1.041,1.755,1,1,3.279
1777578375836,-0.001,0.944,-0.476,1.602,0.131,0.023,111.069,1.801,1.057,1.607,1,1,3.263
1777578375850,-0.110,0.808,-0.604,1.427,0.142,0.055,111.756,1.995,1.015,1.436,1,1,3.287
1777578375863,-0.052,0.398,-1.102,1.009,0.212,0.040,113.872,2.018,1.172,1.032,1,1,3.941
1777578375879,0.013,0.708,-0.685,0.631,0.089,-0.109,114.754,1.896,0.985,0.646,1,1,5.687
1777578375893,-0.083,0.825,-0.577,0.435,0.078,-0.100,115.200,2.018,1.010,0.453,1,1,3.252
1777578375907,-0.023,0.995,-0.349,0.228,-0.049,-0.109,114.944,1.985,1.054,0.257,1,1,4.035
1777578375920,-0.039,0.823,-0.543,0.127,-0.043,-0.078,115.315,1.997,0.987,0.155,1,1,3.263
1777578375934,-0.086,0.898,-0.519,0.123,-0.060,-0.089,115.520,2.118,1.040,0.163,1,1,3.962
1777578375948,-0.095,0.901,-0.524,0.103,-0.066,-0.081,115.723,2.254,1.047,0.146,1,1,3.282
1777578375961,-0.085,0.935,-0.501,0.104,-0.094,-0.097,115.831,2.355,1.064,0.170,1,1,3.262
1777578375976,-0.099,0.921,-0.524,0.100,-0.082,-0.079,115.999,2.486,1.064,0.151,1,1,4.531
1777578375989,-0.135,0.922,-0.505,0.096,-0.073,-0.054,116.118,2.698,1.060,0.133,1,1,3.260
1777578376003,-0.147,0.925,-0.500,0.101,-0.068,-0.031,116.218,2.929,1.062,0.126,1,1,4.829
1777578376017,-0.148,0.918,-0.516,0.092,-0.044,-0.011,116.355,3.151,1.063,0.103,1,1,3.264
1777578376031,-0.129,0.920,-0.517,0.092,-0.038,-0.001,116.485,3.317,1.063,0.100,1,1,3.289
1777578376044,-0.113,0.923,-0.521,0.084,-0.023,0.001,116.615,3.438,1.066,0.087,1,1,3.292
1777578376058,-0.069,0.908,-0.530,0.084,-0.042,-0.013,116.775,3.453,1.054,0.094,1,1,3.292
1777578376072,-0.098,0.925,-0.517,0.079,-0.051,-0.020,116.881,3.532,1.064,0.096,1,1,3.857
1777578376086,-0.096,0.931,-0.499,0.085,-0.048,-0.031,116.938,3.604,1.061,0.103,1,1,3.252
1777578376099,-0.083,0.904,-0.520,0.073,-0.048,-0.024,117.068,3.646,1.046,0.090,1,1,3.244
1777578376112,-0.111,0.904,-0.524,0.069,-0.047,-0.019,117.202,3.752,1.051,0.086,1,1,3.265
1777578376126,-0.104,0.903,-0.541,0.060,-0.040,-0.012,117.365,3.836,1.058,0.073,1,1,3.248
1777578376139,-0.128,0.906,-0.527,0.052,-0.036,-0.006,117.487,3.972,1.056,0.064,1,1,3.912
1777578376153,-0.132,0.897,-0.527,0.047,-0.026,0.002,117.617,4.115,1.049,0.053,1,1,3.257
1777578376167,-0.135,0.902,-0.522,0.040,-0.009,0.021,117.724,4.258,1.051,0.046,1,1,4.116
1777578376181,-0.119,0.907,-0.514,0.036,0.002,0.027,117.804,4.357,1.049,0.045,1,1,3.273
1777578376194,-0.100,0.898,-0.526,0.036,-0.002,0.018,117.916,4.407,1.045,0.040,1,1,3.261
1777578376210,-0.099,0.905,-0.527,0.033,-0.009,0.005,118.016,4.452,1.051,0.034,1,1,4.112
1777578376224,-0.105,0.902,-0.531,0.027,-0.011,-0.002,118.125,4.509,1.052,0.029,1,1,3.264
1777578376238,-0.100,0.898,-0.519,0.027,-0.014,-0.007,118.207,4.552,1.042,0.031,1,1,4.468
1777578376252,-0.123,0.909,-0.535,0.024,-0.013,-0.001,118.305,4.644,1.062,0.027,1,1,3.266
1777578376266,-0.115,0.900,-0.520,0.022,-0.011,0.004,118.381,4.718,1.046,0.025,1,1,4.144
1777578376279,-0.110,0.907,-0.527,0.021,-0.006,0.005,118.458,4.774,1.055,0.023,2,2,3.935
1777578376294,-0.118,0.906,-0.530,0.024,-0.001,0.010,118.539,4.845,1.056,0.026,2,2,3.262
1777578376307,-0.122,0.901,-0.534,0.024,0.004,0.016,118.632,4.924,1.055,0.029,2,2,3.274
1777578376320,-0.112,0.898,-0.534,0.022,0.011,0.023,118.724,4.976,1.051,0.033,2,2,3.254
1777578376335,-0.131,0.901,-0.530,0.018,0.019,0.035,118.800,5.071,1.053,0.044,2,2,4.559
1777578376348,-0.120,0.908,-0.526,0.015,0.025,0.038,118.857,5.135,1.056,0.048,1,1,3.973
1777578376362,-0.122,0.896,-0.534,0.013,0.029,0.045,118.941,5.201,1.051,0.055,1,1,3.295
1777578376376,-0.121,0.902,-0.536,0.010,0.035,0.051,119.018,5.262,1.056,0.063,1,1,3.274
1777578376389,-0.103,0.911,-0.529,0.013,0.034,0.048,119.067,5.276,1.059,0.061,1,1,3.263
1777578376404,-0.093,0.906,-0.531,0.016,0.035,0.043,119.125,5.266,1.054,0.058,1,1,4.536
1777578376417,-0.101,0.912,-0.528,0.017,0.038,0.040,119.168,5.275,1.058,0.058,1,1,3.918
1777578376432,-0.100,0.914,-0.524,0.022,0.034,0.035,119.195,5.281,1.058,0.053,1,1,4.058
1777578376445,-0.092,0.942,-0.522,0.044,0.032,0.030,119.187,5.263,1.081,0.062,1,1,3.266
1777578376459,-0.102,0.907,-0.531,0.049,0.027,0.030,119.237,5.276,1.056,0.063,1,1,3.261
1777578376472,-0.083,0.932,-0.535,0.056,0.022,0.034,119.264,5.237,1.078,0.069,1,1,3.271
1777578376486,-0.057,0.979,-0.535,0.070,0.018,0.011,119.238,5.136,1.117,0.073,1,1,4.096
1777578376502,-0.105,1.016,-0.531,0.104,0.016,-0.001,119.165,5.141,1.151,0.105,1,1,5.431
1777578376515,-0.215,1.228,-0.535,0.185,0.026,0.075,118.919,5.315,1.357,0.201,1,1,3.256
1777578376529,-0.136,1.014,-0.561,0.334,0.061,0.141,118.919,5.376,1.167,0.368,1,1,3.259
1777578376542,-0.111,1.121,-0.554,0.378,0.064,0.174,118.804,5.364,1.255,0.421,1,1,3.414
1777578376556,-0.088,1.077,-0.573,0.458,0.071,0.218,118.771,5.310,1.223,0.512,4,4,3.913
1777578376573,-0.132,1.169,-0.573,0.585,0.105,0.194,118.654,5.332,1.308,0.625,4,4,6.198
1777578376586,-0.131,1.210,-0.596,0.665,0.115,0.111,118.548,5.342,1.355,0.684,4,4,3.265
1777578376601,-0.126,1.134,-0.575,0.770,0.135,0.098,118.475,5.355,1.277,0.788,4,4,4.652
1777578376614,-0.089,1.128,-0.568,0.854,0.125,0.082,118.399,5.297,1.266,0.867,4,4,3.256
1777578376628,-0.087,1.125,-0.590,0.955,0.121,0.075,118.367,5.236,1.273,0.965,4,4,3.918
1777578376642,-0.069,1.076,-0.599,1.049,0.110,0.043,118.400,5.148,1.234,1.055,4,4,3.263
1777578376655,0.011,1.108,-0.600,1.149,0.106,0.025,118.402,4.900,1.260,1.154,4,4,3.261
1777578376669,0.015,1.119,-0.609,1.260,0.062,-0.022,118.408,4.656,1.274,1.262,4,4,3.275
1777578376682,0.076,1.174,-0.623,1.389,0.012,-0.075,118.389,4.309,1.331,1.391,4,4,3.249
1777578376696,0.162,1.250,-0.626,1.538,-0.047,-0.166,118.311,3.832,1.407,1.548,4,4,4.580
1777578376710,0.137,1.340,-0.650,1.738,-0.093,-0.266,118.205,3.434,1.495,1.761,4,4,3.257
1777578376724,0.102,1.333,-0.637,1.945,-0.160,-0.289,118.088,3.111,1.480,1.973,4,4,3.289
1777578376737,0.080,1.428,-0.686,2.163,-0.233,-0.294,117.982,2.850,1.586,2.195,4,4,3.269
1777578376751,0.076,1.428,-0.703,2.420,-0.290,-0.249,117.904,2.605,1.593,2.450,4,4,3.254
1777578376765,0.065,1.494,-0.756,2.501,-0.346,-0.178,117.858,2.393,1.675,2.531,4,4,5.305
1777578376779,0.075,1.279,-0.804,2.501,-0.370,-0.239,118.046,2.165,1.512,2.540,4,4,3.264
1777578376793,0.013,1.368,-0.897,2.501,-0.397,-0.241,118.274,2.051,1.636,2.544,4,4,4.065
1777578376807,0.162,1.229,-0.912,2.501,-0.423,0.062,118.638,1.697,1.539,2.537,4,4,3.277
1777578376820,0.264,1.072,-0.775,2.501,-0.559,0.086,118.954,1.130,1.349,2.564,4,4,3.254
1777578376834,0.117,1.328,-0.531,2.501,-0.690,0.105,118.641,0.875,1.435,2.597,4,4,3.930
1777578376848,0.434,-1.378,-0.372,2.426,-0.873,-0.026,108.856,0.098,1.491,2.579,4,4,3.257
1777578376862,-0.288,0.014,0.234,1.481,-0.836,0.122,104.246,2.315,0.371,1.705,4,4,4.175
1777578376875,-0.390,-0.077,-0.547,0.528,-0.530,0.503,92.168,3.755,0.676,0.902,4,4,3.267
1777578376889,-0.292,-0.059,0.174,-0.370,-0.278,0.700,87.314,6.121,0.345,0.839,4,4,3.265
1777578376902,-0.289,0.519,-0.021,-0.825,-0.004,0.539,87.535,7.125,0.594,0.986,4,4,3.941
1777578376916,-0.361,0.612,-0.107,-0.853,0.240,0.369,88.078,8.134,0.718,0.960,4,4,3.258
1777578376931,-0.256,0.370,-0.154,-1.058,0.402,0.229,89.149,9.203,0.476,1.154,4,4,4.568
1777578376944,-0.108,0.145,-0.189,-1.416,0.417,0.180,91.486,9.866,0.261,1.487,4,4,3.268
1777578376958,-0.008,0.169,-0.156,-1.856,0.320,0.208,93.293,9.519,0.230,1.895,4,4,3.885
1777578376972,0.060,0.289,-0.158,-2.254,0.151,0.290,94.402,8.654,0.334,2.277,4,4,3.938
1777578376986,0.057,0.471,-0.221,-2.501,-0.023,0.407,95.310,8.001,0.524,2.534,4,4,3.268
1777578376999,-0.023,0.631,-0.320,-2.501,-0.136,0.563,96.252,7.732,0.708,2.568,4,4,3.283
1777578377012,-0.146,0.741,-0.448,-2.501,-0.185,0.681,97.341,7.811,0.878,2.599,4,4,3.258
1777578377026,-0.248,0.857,-0.565,-2.464,-0.179,0.686,98.479,8.063,1.056,2.564,4,4,3.647
1777578377040,-0.312,0.894,-0.658,-2.354,-0.137,0.571,99.697,8.397,1.153,2.426,5,5,3.935
1777578377054,-0.363,0.857,-0.754,-2.285,-0.099,0.465,101.081,8.800,1.198,2.334,5,5,3.264
1777578377067,-0.388,0.863,-0.823,-2.269,-0.044,0.393,102.505,9.204,1.254,2.303,5,5,3.278
1777578377080,-0.438,0.925,-0.880,-2.250,0.050,0.317,103.864,9.629,1.350,2.273,5,5,3.282
1777578377096,-0.452,0.967,-0.917,-2.212,0.194,0.198,105.159,10.027,1.407,2.229,5,5,5.088
1777578377109,-0.374,1.054,-0.948,-2.119,0.327,0.050,106.331,10.234,1.466,2.144,5,5,4.027
1777578377123,-0.235,1.068,-0.985,-2.009,0.408,-0.060,107.483,10.188,1.472,2.051,5,5,3.299
1777578377137,-0.065,1.078,-1.030,-1.913,0.417,-0.047,108.628,9.851,1.492,1.959,5,5,3.265
1777578377150,0.064,1.064,-1.066,-1.831,0.366,0.027,109.784,9.314,1.508,1.868,5,5,3.253
1777578377166,0.151,1.015,-1.082,-1.782,0.263,0.161,110.967,8.652,1.491,1.808,5,5,3.264
1777578377179,0.167,1.015,-1.115,-1.743,0.160,0.308,112.137,7.997,1.517,1.777,1,1,3.863
1777578377193,0.091,1.068,-1.104,-1.666,0.063,0.455,113.179,7.500,1.539,1.728,1,1,3.272
1777578377206,-0.051,1.115,-1.106,-1.542,0.014,0.530,114.123,7.253,1.572,1.631,1,1,3.249
1777578377221,-0.140,1.110,-1.118,-1.395,-0.029,0.545,115.045,7.158,1.582,1.498,1,1,4.691
1777578377235,-0.241,1.016,-1.118,-1.319,-0.079,0.517,116.037,7.242,1.530,1.419,1,1,3.255
1777578377248,-0.283,1.000,-1.118,-1.266,-0.134,0.506,117.006,7.392,1.527,1.370,1,1,3.880
1777578377262,-0.247,1.057,-1.141,-1.128,-0.217,0.469,117.888,7.463,1.575,1.240,1,1,3.334
1777578377275,-0.204,1.148,-1.197,-0.884,-0.308,0.415,118.689,7.444,1.671,1.024,1,1,3.261
1777578377289,-0.163,1.065,-1.282,-0.564,-0.410,0.362,119.633,7.362,1.675,0.785,1,1,3.976
1777578377303,-0.189,0.921,-1.311,-0.295,-0.474,0.341,120.738,7.335,1.613,0.654,1,1,3.266
1777578377316,-0.260,1.055,-1.417,-0.028,-0.475,0.102,121.726,7.380,1.785,0.487,1,1,3.935
1777578377330,-0.389,0.361,-1.328,0.264,-0.484,-0.253,123.610,7.748,1.430,0.607,1,1,3.281
1777578377344,-0.537,0.693,-1.498,0.449,-0.445,-0.641,124.991,8.197,1.736,0.900,1,1,3.259
1777578377361,-0.116,1.039,-1.524,0.920,-0.472,-0.605,125.897,7.996,1.848,1.198,1,1,6.980
1777578377374,-0.733,1.520,-0.253,0.806,-0.307,-0.356,124.741,8.758,1.706,0.933,1,1,3.251
1777578377387,-0.212,1.229,-0.117,0.927,-0.091,-0.221,123.460,8.802,1.253,0.957,1,1,3.948
1777578377402,-0.125,0.971,-0.382,1.035,0.001,-0.256,122.936,8.716,1.051,1.066,1,1,3.479
1777578377415,-0.122,1.011,-0.423,1.000,0.049,-0.208,122.489,8.612,1.103,1.023,1,1,3.257
1777578377429,-0.115,0.746,-0.684,0.882,0.029,-0.183,122.929,8.518,1.018,0.901,1,1,3.323
1777578377442,0.013,0.706,-0.636,0.581,-0.051,-0.249,123.327,8.110,0.951,0.635,1,1,3.263
1777578377455,-0.110,0.888,-0.526,0.436,-0.043,-0.290,123.210,8.023,1.038,0.525,1,1,3.942
1777578377472,-0.085,0.689,-0.609,0.323,-0.047,-0.295,123.571,7.902,0.923,0.440,1,1,3.263
1777578377486,-0.280,0.857,-0.521,0.184,-0.097,-0.188,123.470,8.238,1.041,0.280,1,1,3.932
1777578377500,-0.273,0.891,-0.499,0.115,-0.056,-0.065,123.286,8.533,1.057,0.143,1,1,3.274
1777578377513,-0.191,0.918,-0.490,0.092,-0.023,-0.010,123.059,8.614,1.058,0.096,1,1,3.254
1777578377526,-0.171,0.898,-0.489,0.072,0.012,0.059,122.864,8.653,1.036,0.094,1,1,3.909
1777578377540,-0.133,0.912,-0.480,0.048,0.036,0.096,122.641,8.597,1.040,0.113,1,1,3.248
1777578377555,-0.129,0.910,-0.498,0.034,0.045,0.105,122.469,8.531,1.045,0.119,1,1,4.459
1777578377568,-0.087,0.910,-0.494,0.023,0.048,0.098,122.297,8.368,1.039,0.112,1,1,3.256
1777578377583,-0.109,0.926,-0.490,0.018,0.042,0.092,122.105,8.262,1.053,0.102,1,1,4.384
1777578377596,-0.077,0.923,-0.472,0.024,0.038,0.070,121.885,8.086,1.039,0.083,1,1,3.947
1777578377611,-0.063,0.911,-0.479,0.014,0.029,0.048,121.704,7.885,1.031,0.058,1,1,3.501
1777578377624,-0.056,0.927,-0.478,0.022,0.011,0.027,121.511,7.676,1.044,0.037,1,1,3.281
1777578377637,-0.117,0.918,-0.488,0.022,0.001,0.020,121.358,7.622,1.046,0.029,1,1,3.266
1777578377652,-0.099,0.932,-0.477,0.020,-0.000,0.026,121.171,7.526,1.052,0.033,1,1,4.117
1777578377665,-0.100,0.949,-0.474,0.028,-0.006,0.034,120.967,7.432,1.066,0.044,1,1,3.864
1777578377679,-0.120,0.923,-0.482,0.029,0.007,0.045,120.819,7.394,1.048,0.054,1,1,3.256
1777578377692,-0.106,0.952,-0.486,0.033,0.004,0.054,120.653,7.319,1.074,0.063,1,1,3.254
1777578377706,-0.088,0.931,-0.492,0.042,0.005,0.054,120.531,7.209,1.057,0.069,1,1,3.270
1777578377720,-0.091,0.941,-0.471,0.048,0.004,0.060,120.358,7.110,1.056,0.077,1,1,4.410
1777578377734,-0.084,0.926,-0.479,0.053,0.010,0.060,120.227,7.001,1.046,0.081,5,5,3.852
1777578377748,-0.062,0.929,-0.486,0.051,0.003,0.040,120.113,6.843,1.050,0.065,5,5,3.490
1777578377761,-0.055,0.925,-0.496,0.048,-0.006,0.019,120.030,6.675,1.051,0.052,5,5,3.508
1777578377775,-0.050,0.922,-0.489,0.043,-0.014,-0.004,119.939,6.502,1.045,0.046,5,5,3.278
1777578377788,-0.058,0.927,-0.489,0.037,-0.027,-0.031,119.846,6.355,1.049,0.056,5,5,3.288
1777578377802,-0.071,0.924,-0.493,0.031,-0.032,-0.045,119.769,6.246,1.050,0.063,1,1,3.935
1777578377817,-0.098,0.929,-0.501,0.025,-0.033,-0.047,119.706,6.204,1.060,0.063,1,1,4.157
1777578377830,-0.097,0.931,-0.494,0.014,-0.027,-0.043,119.628,6.163,1.059,0.052,1,1,3.270
1777578377843,-0.114,0.926,-0.508,0.009,-0.025,-0.032,119.590,6.163,1.062,0.041,1,1,3.265
1777578377857,-0.109,0.927,-0.490,0.002,-0.017,-0.018,119.516,6.152,1.054,0.025,1,1,3.266
1777578377870,-0.097,0.932,-0.494,0.001,-0.012,-0.011,119.445,6.114,1.059,0.016,5,5,3.944
1777578377885,-0.102,0.920,-0.497,-0.006,-0.007,-0.003,119.398,6.089,1.050,0.010,5,5,4.225
1777578377898,-0.088,0.917,-0.490,-0.009,-0.005,-0.006,119.341,6.034,1.044,0.012,5,5,3.263
1777578377913,-0.085,0.912,-0.485,-0.011,-0.008,-0.008,119.283,5.977,1.037,0.016,5,5,3.289
1777578377927,-0.091,0.922,-0.483,-0.014,-0.013,-0.015,119.212,5.933,1.045,0.024,5,5,3.266
1777578377940,-0.084,0.910,-0.491,-0.014,-0.016,-0.025,119.174,5.876,1.038,0.032,1,1,3.921
1777578377954,-0.090,0.914,-0.494,-0.012,-0.022,-0.032,119.139,5.836,1.042,0.040,1,1,3.273
1777578377967,-0.094,0.922,-0.488,-0.011,-0.028,-0.036,119.084,5.806,1.047,0.047,1,1,3.264
1777578377981,-0.097,0.922,-0.486,-0.006,-0.025,-0.039,119.027,5.784,1.046,0.047,1,1,3.270
1777578377994,-0.108,0.917,-0.489,-0.007,-0.027,-0.039,118.984,5.792,1.045,0.048,1,1,3.267
1777578378010,-0.100,0.924,-0.486,-0.005,-0.029,-0.038,118.930,5.778,1.049,0.048,1,1,6.465
1777578378024,-0.115,0.934,-0.486,0.000,-0.026,-0.033,118.868,5.799,1.059,0.042,1,1,3.266
1777578378037,-0.109,0.931,-0.488,0.004,-0.027,-0.034,118.815,5.805,1.057,0.044,1,1,3.253
1777578378051,-0.128,0.925,-0.481,0.002,-0.019,-0.021,118.757,5.858,1.051,0.029,1,1,3.279
1777578378064,-0.127,0.937,-0.486,0.005,-0.011,-0.006,118.697,5.903,1.063,0.013,1,1,3.277
1777578378078,-0.106,0.936,-0.485,0.009,-0.009,-0.004,118.640,5.897,1.060,0.013,1,1,4.788
1777578378093,-0.109,0.924,-0.485,0.006,-0.007,-0.004,118.598,5.901,1.049,0.010,1,1,3.270
1777578378106,-0.099,0.955,-0.476,0.012,-0.003,-0.004,118.505,5.875,1.072,0.014,1,1,3.277
1777578378119,-0.118,0.940,-0.480,0.016,-0.003,0.000,118.442,5.897,1.063,0.016,1,1,3.303
1777578378134,-0.109,0.938,-0.490,0.015,0.002,0.003,118.405,5.897,1.064,0.016,1,1,3.268
1777578378147,-0.117,0.921,-0.489,0.012,0.006,0.012,118.387,5.919,1.049,0.018,1,1,4.056
1777578378162,-0.114,0.918,-0.499,0.018,0.012,0.015,118.392,5.933,1.051,0.026,1,1,3.278
1777578378175,-0.110,0.926,-0.483,0.021,0.011,0.017,118.355,5.936,1.050,0.029,1,1,3.258
1777578378188,-0.111,0.906,-0.500,0.016,0.013,0.016,118.378,5.944,1.041,0.026,1,1,3.266
1777578378202,-0.087,0.921,-0.491,0.015,0.014,0.009,118.364,5.892,1.047,0.022,1,1,3.253
1777578378217,-0.082,0.920,-0.491,0.015,0.012,-0.003,118.351,5.831,1.046,0.019,1,1,3.858
1777578378231,-0.083,0.912,-0.499,0.012,0.009,-0.011,118.364,5.777,1.043,0.019,1,1,3.245
1777578378244,-0.089,0.916,-0.500,0.011,0.002,-0.024,118.377,5.736,1.047,0.026,1,1,3.253
1777578378258,-0.095,0.906,-0.495,0.003,0.002,-0.020,118.388,5.716,1.037,0.020,1,1,3.252
1777578378271,-0.083,0.915,-0.495,0.002,-0.000,-0.035,118.389,5.665,1.044,0.035,1,1,3.255
1777578378284,-0.100,0.913,-0.505,-0.005,-0.005,-0.036,118.414,5.657,1.049,0.037,2,2,3.964
1777578378298,-0.105,0.935,-0.496,-0.009,-0.000,-0.030,118.393,5.657,1.063,0.031,2,2,3.273
1777578378315,-0.126,0.950,-0.497,-0.004,0.003,-0.017,118.359,5.702,1.080,0.018,2,2,6.512
1777578378328,-0.127,0.951,-0.494,0.005,0.006,0.000,118.319,5.747,1.079,0.008,2,2,3.263
1777578378342,-0.111,0.960,-0.483,0.016,-0.000,0.013,118.249,5.754,1.081,0.020,2,2,3.271
1777578378355,-0.086,0.959,-0.474,0.040,-0.009,0.001,118.163,5.704,1.073,0.041,2,2,3.949
1777578378369,-0.081,0.934,-0.497,0.062,-0.020,-0.015,118.156,5.646,1.061,0.066,2,2,3.258
1777578378383,-0.076,0.925,-0.507,0.084,-0.022,-0.036,118.180,5.579,1.057,0.094,2,2,3.265
1777578378396,-0.072,0.914,-0.509,0.088,-0.029,-0.045,118.221,5.507,1.049,0.103,2,2,3.263
1777578378411,-0.093,0.939,-0.488,0.094,-0.031,-0.055,118.186,5.485,1.063,0.113,2,2,4.715
1777578378424,-0.102,0.917,-0.496,0.091,-0.041,-0.047,118.195,5.490,1.048,0.110,2,2,3.958
1777578378439,-0.086,0.898,-0.496,0.083,-0.059,-0.034,118.226,5.459,1.029,0.107,2,2,4.117
1777578378452,-0.067,0.922,-0.492,0.087,-0.091,-0.005,118.221,5.381,1.047,0.126,2,2,3.274
1777578378466,-0.034,0.912,-0.494,0.076,-0.149,0.050,118.231,5.229,1.037,0.175,2,2,3.257
1777578378482,0.053,0.927,-0.491,0.057,-0.300,0.185,118.217,4.872,1.050,0.357,2,2,3.267
1777578378495,0.166,0.968,-0.469,0.038,-0.517,0.380,118.113,4.276,1.088,0.642,4,4,3.932
1777578378509,0.298,1.013,-0.426,0.062,-0.819,0.568,117.880,3.425,1.139,0.998,4,4,3.303
1777578378522,0.288,1.014,-0.395,0.087,-1.087,0.700,117.590,2.627,1.126,1.296,4,4,3.266
1777578378536,0.171,0.985,-0.402,0.101,-1.307,0.785,117.354,2.113,1.078,1.528,4,4,3.284
1777578378549,0.275,0.939,-0.393,0.108,-1.523,0.918,117.150,1.359,1.054,1.781,4,4,3.267
1777578378563,0.322,1.092,-0.298,0.171,-1.754,0.945,116.631,0.606,1.177,2.000,4,4,3.920
1777578378578,0.404,1.187,-0.255,0.225,-2.026,1.113,115.996,-0.225,1.279,2.322,4,4,3.280
1777578378591,0.407,1.127,-0.202,0.227,-2.285,1.238,115.304,-1.072,1.215,2.609,4,4,3.262
1777578378604,0.504,1.287,-0.177,0.263,-2.501,1.295,114.540,-1.953,1.393,2.829,4,4,3.275
1777578378618,0.162,1.336,-0.150,0.383,-2.501,1.193,113.748,-2.168,1.354,2.798,4,4,3.287
1777578378634,-0.221,1.055,-0.227,0.503,-2.501,1.104,113.239,-1.567,1.101,2.780,4,4,6.204
1777578378648,-0.302,1.090,-0.298,0.514,-2.178,1.016,112.891,-0.844,1.169,2.458,4,4,3.281
1777578378661,-0.007,0.996,-0.338,0.446,-1.962,1.005,112.709,-0.790,1.052,2.249,4,4,3.271
1777578378674,0.019,1.060,-0.296,0.461,-1.952,1.010,112.399,-0.798,1.101,2.246,4,4,3.277
1777578378688,0.256,0.984,-0.231,0.417,-2.107,1.205,111.998,-1.384,1.042,2.463,4,4,3.258
1777578378702,0.147,0.988,-0.197,0.351,-2.270,1.324,111.528,-1.687,1.018,2.651,4,4,4.509
1777578378716,-0.068,0.988,-0.172,0.307,-2.332,1.315,111.020,-1.442,1.005,2.694,4,4,3.251
1777578378730,-0.177,0.950,-0.191,0.235,-2.343,1.313,110.597,-0.927,0.985,2.696,4,4,3.255
1777578378743,-0.284,0.878,-0.203,0.148,-2.311,1.311,110.266,-0.123,0.945,2.661,4,4,3.253
1777578378756,-0.458,0.829,-0.238,0.043,-2.240,1.315,110.080,1.106,0.977,2.598,4,4,3.240
1777578378771,-0.443,0.838,-0.186,-0.060,-2.203,1.214,109.750,2.252,0.967,2.516,4,4,5.097
1777578378785,-0.428,0.882,-0.201,-0.124,-2.255,1.049,109.448,3.261,1.001,2.491,4,4,3.262
1777578378799,-0.392,0.948,-0.234,-0.136,-2.389,1.003,109.204,4.075,1.053,2.594,4,4,4.062
1777578378813,-0.478,0.880,-0.240,-0.170,-2.501,0.980,109.030,5.106,1.030,2.692,4,4,3.302
1777578378826,-0.616,0.867,-0.215,-0.255,-2.501,0.829,108.807,6.394,1.085,2.647,4,4,3.270
1777578378839,-0.590,0.972,-0.232,-0.274,-2.501,0.705,108.572,7.450,1.161,2.613,4,4,3.949
1777578378853,-0.598,1.067,-0.289,-0.203,-2.501,0.646,108.423,8.366,1.257,2.591,4,4,3.269
1777578378868,-0.577,1.123,-0.303,-0.103,-2.501,0.574,108.279,9.154,1.298,2.568,4,4,4.171
1777578378881,-0.618,1.061,-0.358,-0.036,-2.501,0.569,108.294,10.018,1.279,2.565,4,4,3.274
1777578378894,-0.635,1.081,-0.388,0.068,-2.467,0.534,108.357,10.846,1.313,2.525,4,4,3.265
1777578378908,-0.624,1.100,-0.459,0.164,-2.384,0.489,108.546,11.580,1.345,2.439,1,1,3.932
1777578378922,-0.547,0.986,-0.470,0.231,-2.308,0.486,108.849,12.236,1.222,2.370,1,1,3.805
1777578378936,-0.382,0.929,-0.490,0.258,-2.261,0.442,109.240,12.576,1.118,2.319,1,1,3.302
1777578378949,-0.258,0.943,-0.508,0.284,-2.266,0.355,109.638,12.619,1.102,2.311,1,1,3.263
1777578378963,-0.267,0.913,-0.541,0.302,-2.250,0.402,110.119,12.684,1.094,2.306,1,1,3.339
1777578378976,-0.209,0.870,-0.555,0.285,-2.244,0.583,110.661,12.631,1.053,2.336,1,1,3.936
1777578378990,-0.111,0.842,-0.566,0.245,-2.284,0.833,111.242,12.350,1.021,2.444,1,1,3.267
1777578379004,-0.066,0.847,-0.529,0.201,-2.359,1.043,111.713,11.977,1.001,2.587,1,1,3.279
1777578379018,-0.083,0.922,-0.527,0.211,-2.412,1.146,112.064,11.649,1.065,2.679,1,1,3.258
1777578379032,-0.096,0.953,-0.499,0.277,-2.452,1.112,112.307,11.364,1.080,2.707,1,1,4.077
1777578379045,-0.121,1.009,-0.434,0.382,-2.469,0.973,112.350,11.141,1.105,2.681,1,1,3.948
1777578379059,-0.115,0.944,-0.349,0.451,-2.453,0.818,112.259,10.939,1.013,2.625,1,1,3.263
1777578379073,-0.168,0.795,-0.304,0.408,-2.373,0.758,112.201,10.948,0.867,2.524,1,1,3.290
1777578379086,-0.159,0.761,-0.307,0.300,-2.239,0.726,112.190,10.951,0.836,2.373,1,1,3.263
1777578379099,-0.183,0.768,-0.342,0.184,-2.048,0.779,112.268,11.008,0.860,2.199,1,1,3.278
1777578379113,-0.199,0.808,-0.370,0.120,-1.810,0.891,112.370,11.077,0.911,2.021,1,1,3.939
1777578379127,-0.200,0.823,-0.438,0.100,-1.560,0.938,112.615,11.124,0.954,1.823,1,1,3.281
1777578379140,-0.218,0.806,-0.508,0.101,-1.332,0.910,113.035,11.201,0.978,1.616,1,1,3.272
1777578379154,-0.242,0.793,-0.556,0.112,-1.120,0.815,113.560,11.324,0.998,1.390,1,1,3.296
1777578379170,-0.258,0.764,-0.589,0.129,-0.920,0.673,114.175,11.483,0.998,1.147,1,1,6.453
1777578379184,0.334,-0.640,-0.194,0.818,-0.848,0.477,104.510,9.819,0.748,1.271,1,1,3.851
1777578379198,-0.241,1.579,-0.511,1.059,-0.519,0.480,104.659,9.752,1.677,1.273,1,1,3.263
1777578379211,0.082,0.389,-0.887,0.452,-0.073,-0.043,106.918,9.114,0.972,0.460,1,1,3.252
1777578379224,0.182,0.861,-0.566,0.233,-0.054,-0.287,107.635,8.276,1.047,0.373,1,1,3.250
1777578379238,0.127,0.769,-0.536,0.025,-0.136,-0.393,108.389,7.578,0.946,0.416,1,1,3.255
1777578379251,-0.252,0.942,-0.514,0.072,-0.100,-0.251,108.837,7.825,1.103,0.279,1,1,3.849
1777578379265,-0.138,0.924,-0.523,0.043,-0.123,-0.240,109.304,7.806,1.071,0.273,1,1,3.733
1777578379279,-0.322,0.911,-0.498,0.024,-0.058,-0.053,109.713,8.217,1.087,0.082,1,1,3.266
1777578379292,-0.169,0.939,-0.483,0.030,-0.016,0.026,110.040,8.257,1.070,0.043,1,1,3.264
1777578379305,-0.232,0.915,-0.505,0.042,0.027,0.118,110.427,8.443,1.071,0.128,1,1,3.250
1777578379319,-0.099,0.926,-0.505,0.041,0.055,0.162,110.784,8.308,1.059,0.176,1,1,3.905
1777578379335,-0.056,0.920,-0.515,0.054,0.045,0.120,111.154,8.077,1.056,0.139,1,1,4.636
1777578379348,-0.020,0.907,-0.513,0.053,0.025,0.083,111.519,7.771,1.042,0.102,1,1,3.267
1777578379362,-0.030,0.923,-0.503,0.059,0.009,0.041,111.829,7.502,1.052,0.072,1,1,3.262
1777578379375,-0.031,0.946,-0.509,0.058,-0.013,0.007,112.111,7.247,1.074,0.060,1,1,3.275
1777578379388,-0.034,0.982,-0.479,0.077,-0.031,-0.024,112.281,7.008,1.093,0.086,1,1,3.954
1777578379402,0.009,0.946,-0.505,0.094,-0.066,-0.100,112.535,6.679,1.072,0.152,1,1,3.258
1777578379416,-0.030,0.908,-0.534,0.086,-0.090,-0.153,112.882,6.458,1.053,0.198,1,1,3.261
1777578379429,-0.131,0.919,-0.522,0.075,-0.083,-0.116,113.176,6.484,1.066,0.162,1,1,3.309
1777578379443,-0.142,0.918,-0.537,0.069,-0.060,-0.075,113.489,6.533,1.073,0.119,1,1,3.285
1777578379456,-0.162,0.925,-0.527,0.056,-0.029,-0.023,113.761,6.626,1.077,0.067,1,1,4.012
1777578379470,-0.114,0.921,-0.514,0.043,0.011,0.010,113.996,6.607,1.061,0.046,1,1,3.275
1777578379484,-0.110,0.911,-0.535,0.046,0.022,0.038,114.278,6.579,1.062,0.064,1,1,3.399
1777578379499,-0.103,0.903,-0.523,0.035,0.031,0.052,114.531,6.538,1.049,0.070,1,1,3.289
1777578379512,-0.118,0.891,-0.532,0.027,0.033,0.052,114.807,6.536,1.045,0.068,1,1,3.260
1777578379525,-0.073,0.890,-0.526,0.021,0.025,0.038,115.060,6.427,1.037,0.051,1,1,3.985
1777578379539,-0.066,0.896,-0.526,0.011,0.017,0.023,115.295,6.305,1.041,0.031,1,1,3.263
1777578379553,-0.079,0.896,-0.529,0.001,0.012,0.017,115.525,6.220,1.044,0.021,1,1,3.263
1777578379566,-0.072,0.901,-0.517,-0.004,0.005,0.008,115.714,6.121,1.041,0.010,1,1,3.264
1777578379579,-0.077,0.919,-0.520,-0.007,0.000,0.002,115.879,6.036,1.059,0.007,1,1,3.247
1777578379593,-0.071,0.912,-0.515,-0.008,-0.003,-0.004,116.035,5.942,1.049,0.010,1,1,3.914
1777578379607,-0.102,0.922,-0.519,-0.005,0.001,0.006,116.180,5.923,1.063,0.008,1,1,3.246
1777578379620,-0.095,0.917,-0.520,-0.002,0.009,0.022,116.326,5.889,1.059,0.024,1,1,3.256
1777578379633,-0.104,0.921,-0.516,-0.002,0.015,0.026,116.455,5.876,1.061,0.030,1,1,3.274
1777578379647,-0.097,0.910,-0.517,-0.002,0.019,0.038,116.592,5.852,1.051,0.042,1,1,3.243
1777578379660,-0.091,0.904,-0.518,-0.003,0.024,0.045,116.733,5.815,1.045,0.051,1,1,3.902
1777578379675,-0.077,0.910,-0.518,-0.001,0.023,0.047,116.860,5.745,1.050,0.052,1,1,3.438
1777578379694,-0.076,0.913,-0.521,-0.002,0.018,0.041,116.983,5.674,1.054,0.045,1,1,5.914
1777578379708,-0.050,0.923,-0.513,-0.001,0.014,0.026,117.075,5.545,1.058,0.029,1,1,3.257
1777578379721,-0.086,0.911,-0.517,0.002,0.010,0.021,117.184,5.509,1.051,0.023,1,1,3.253
1777578379734,-0.076,0.911,-0.519,0.006,0.009,0.020,117.293,5.448,1.051,0.023,1,1,3.903
1777578379748,-0.075,0.914,-0.521,0.006,0.006,0.010,117.398,5.387,1.055,0.013,1,1,3.254
1777578379762,-0.082,0.918,-0.517,0.010,0.006,0.012,117.483,5.347,1.057,0.017,1,1,3.261
1777578379775,-0.090,0.918,-0.521,0.009,0.007,0.018,117.576,5.327,1.059,0.021,1,1,3.250
1777578379790,-0.087,0.909,-0.526,0.009,0.013,0.027,117.685,5.302,1.054,0.031,1,1,5.055
1777578379804,-0.092,0.907,-0.528,0.008,0.018,0.037,117.794,5.288,1.053,0.042,1,1,3.899
1777578379818,-0.088,0.915,-0.512,0.008,0.025,0.048,117.858,5.266,1.052,0.055,1,1,4.000
1777578379832,-0.091,0.921,-0.525,0.008,0.028,0.056,117.937,5.251,1.064,0.063,1,1,3.256
1777578379845,-0.066,0.925,-0.513,0.013,0.029,0.054,117.983,5.178,1.060,0.063,1,1,3.280
1777578379859,-0.059,0.923,-0.519,0.016,0.026,0.045,118.041,5.091,1.061,0.054,1,1,3.264
1777578379872,-0.054,0.912,-0.518,0.019,0.022,0.033,118.109,4.996,1.051,0.043,1,1,3.905
1777578379886,-0.071,0.923,-0.520,0.020,0.021,0.028,118.165,4.945,1.062,0.040,1,1,3.269
1777578379899,-0.070,0.917,-0.517,0.022,0.019,0.026,118.219,4.895,1.055,0.039,1,1,3.252
1777578379913,-0.078,0.912,-0.524,0.018,0.020,0.027,118.291,4.867,1.055,0.038,1,1,3.262
1777578379926,-0.071,0.913,-0.520,0.020,0.021,0.034,118.351,4.823,1.053,0.045,1,1,3.279
1777578379939,-0.068,0.918,-0.524,0.021,0.024,0.036,118.412,4.772,1.059,0.048,4,4,3.891
1777578379953,-0.069,0.918,-0.528,0.019,0.032,0.036,118.477,4.727,1.061,0.052,4,4,3.259
1777578379967,-0.057,0.912,-0.530,0.022,0.030,0.045,118.550,4.656,1.056,0.058,4,4,3.252
1777578379980,-0.074,0.909,-0.517,0.022,0.030,0.048,118.596,4.631,1.049,0.061,4,4,3.277
1777578379994,-0.051,0.910,-0.535,0.021,0.026,0.043,118.678,4.550,1.057,0.055,4,4,3.250
1777578380007,-0.042,0.906,-0.521,0.017,0.017,0.030,118.731,4.453,1.046,0.038,4,4,3.941
1777578380021,-0.044,0.906,-0.527,0.012,0.011,0.014,118.794,4.362,1.049,0.022,4,4,3.263
1777578380034,-0.044,0.920,-0.527,0.013,0.003,0.006,118.839,4.277,1.061,0.015,4,4,3.287
1777578380048,-0.047,0.920,-0.521,0.013,0.002,-0.002,118.869,4.200,1.059,0.013,4,4,3.290
1777578380061,-0.060,0.915,-0.530,0.014,0.004,0.002,118.922,4.158,1.059,0.014,4,4,3.264
1777578380075,-0.075,0.905,-0.536,0.010,0.003,0.011,118.998,4.154,1.054,0.015,4,4,3.934
1777578380089,-0.083,0.917,-0.535,0.012,0.009,0.025,119.053,4.169,1.065,0.029,4,4,3.276
1777578380102,-0.055,0.909,-0.535,0.012,0.005,0.021,119.115,4.117,1.056,0.025,4,4,3.261
1777578380115,-0.052,0.913,-0.533,0.012,0.001,0.017,119.165,4.061,1.058,0.021,4,4,3.310
1777578380129,-0.050,0.909,-0.528,0.004,-0.002,0.015,119.207,4.002,1.052,0.016,4,4,3.268
1777578380142,-0.049,0.914,-0.529,0.006,-0.008,0.008,119.245,3.943,1.058,0.013,4,4,3.953
1777578380156,-0.048,0.910,-0.525,0.011,-0.009,-0.001,119.278,3.884,1.052,0.015,4,4,3.287
1777578380170,-0.043,0.910,-0.531,0.009,-0.012,-0.009,119.320,3.818,1.054,0.018,4,4,3.259
1777578380183,-0.053,0.909,-0.530,0.007,-0.014,-0.009,119.360,3.778,1.054,0.018,4,4,3.437
1777578380197,-0.061,0.910,-0.533,0.008,-0.018,-0.009,119.403,3.756,1.057,0.022,4,4,3.349
1777578380210,-0.070,0.906,-0.536,0.005,-0.020,-0.006,119.456,3.758,1.054,0.021,1,1,3.996
1777578380224,-0.067,0.916,-0.530,0.007,-0.017,-0.004,119.481,3.752,1.060,0.019,1,1,3.279
1777578380238,-0.065,0.917,-0.538,0.010,-0.018,-0.001,119.521,3.742,1.065,0.021,1,1,3.259
1777578380251,-0.067,0.914,-0.533,0.006,-0.015,0.005,119.553,3.736,1.060,0.017,1,1,3.283
1777578380265,-0.082,0.920,-0.537,0.007,-0.013,0.021,119.585,3.766,1.069,0.026,1,1,3.250
1777578380278,-0.059,0.929,-0.527,0.009,-0.015,0.026,119.585,3.738,1.070,0.031,2,2,3.926
1777578380292,-0.072,0.931,-0.527,0.018,-0.024,0.026,119.581,3.743,1.072,0.040,2,2,3.275
1777578380305,-0.052,0.927,-0.531,0.021,-0.024,0.033,119.592,3.703,1.070,0.046,2,2,3.262
1777578380319,-0.073,0.936,-0.540,0.027,-0.025,0.048,119.609,3.710,1.083,0.060,2,2,3.265
1777578380332,-0.103,0.938,-0.534,0.038,-0.025,0.094,119.612,3.785,1.084,0.104,2,2,3.251
1777578380345,-0.009,1.057,-0.492,0.067,-0.025,0.097,119.409,3.639,1.166,0.120,4,4,3.915
1777578380360,-0.072,1.077,-0.551,0.148,-0.029,0.199,119.306,3.628,1.212,0.250,4,4,3.396
1777578380373,-0.010,1.130,-0.531,0.229,-0.011,0.195,119.126,3.489,1.248,0.301,4,4,3.277
1777578380386,0.028,1.277,-0.481,0.400,0.003,0.035,118.756,3.284,1.365,0.402,4,4,3.273
1777578380400,0.023,1.039,-0.536,0.459,-0.005,0.085,118.692,3.091,1.170,0.467,4,4,3.255
1777578380413,-0.004,1.155,-0.553,0.539,-0.006,0.154,118.556,2.964,1.280,0.560,4,4,3.904
1777578380427,-0.060,1.155,-0.565,0.627,-0.001,0.190,118.448,2.951,1.287,0.655,4,4,3.267
1777578380440,-0.032,1.255,-0.591,0.741,0.002,0.176,118.306,2.881,1.388,0.762,4,4,3.274
1777578380454,-0.095,1.231,-0.558,0.880,0.009,0.126,118.134,2.931,1.355,0.889,4,4,3.261
1777578380467,-0.027,1.145,-0.612,0.965,-0.009,0.161,118.133,2.854,1.299,0.979,4,4,3.255
1777578380481,0.025,1.205,-0.589,1.064,-0.038,0.198,118.041,2.683,1.342,1.083,4,4,3.886
1777578380494,0.039,1.244,-0.581,1.190,-0.083,0.286,117.909,2.493,1.374,1.227,4,4,3.250
1777578380508,0.148,1.255,-0.578,1.306,-0.146,0.358,117.770,2.117,1.389,1.362,4,4,3.270
1777578380521,0.214,1.230,-0.605,1.422,-0.237,0.475,117.702,1.635,1.387,1.518,4,4,3.271
1777578380535,0.262,1.208,-0.551,1.516,-0.337,0.672,117.562,1.075,1.354,1.693,4,4,3.277
1777578380548,0.208,1.157,-0.600,1.569,-0.437,0.849,117.555,0.632,1.320,1.836,4,4,4.299
1777578380562,0.306,1.088,-0.582,1.593,-0.550,0.965,117.581,-0.005,1.272,1.942,4,4,3.254
1777578380576,0.352,1.003,-0.572,1.568,-0.680,1.194,117.672,-0.746,1.207,2.085,4,4,3.294
1777578380589,0.366,0.841,-0.594,1.535,-0.772,1.494,118.003,-1.571,1.093,2.277,4,4,3.257
1777578380602,0.361,0.257,-0.368,1.174,-0.880,1.604,119.186,-3.197,0.576,2.173,4,4,3.270
1777578380616,0.324,0.372,-0.111,0.593,-1.079,1.172,118.634,-4.800,0.505,1.700,4,4,3.937
1777578380630,-0.061,0.475,0.130,0.234,-1.085,0.608,116.714,-4.284,0.496,1.265,4,4,3.256
1777578380643,-0.143,0.335,0.003,-0.013,-1.001,0.387,115.520,-3.089,0.364,1.073,4,4,3.275
1777578380657,-0.210,0.394,0.088,-0.430,-0.797,0.345,113.852,-1.751,0.455,0.969,4,4,3.264
1777578380670,-0.172,0.603,0.023,-0.600,-0.658,0.338,112.715,-0.978,0.628,0.953,4,4,3.269
1777578380683,-0.147,0.573,-0.063,-0.734,-0.544,0.341,111.998,-0.308,0.595,0.976,4,4,3.941
1777578380697,-0.092,0.528,-0.146,-0.933,-0.474,0.281,111.713,0.121,0.555,1.084,4,4,3.258
1777578380711,-0.067,0.589,-0.263,-1.128,-0.457,0.216,111.816,0.376,0.648,1.236,4,4,3.281
1777578380724,-0.087,0.678,-0.374,-1.262,-0.444,0.133,112.123,0.639,0.779,1.344,4,4,3.292
1777578380738,-0.135,0.743,-0.493,-1.344,-0.407,0.010,112.623,0.987,0.901,1.404,4,4,3.276
1777578380751,-0.178,0.788,-0.604,-1.393,-0.332,-0.101,113.271,1.390,1.009,1.435,4,4,4.391
1777578380766,-0.219,0.830,-0.700,-1.412,-0.213,-0.099,114.009,1.827,1.108,1.431,4,4,3.265
1777578380779,-0.228,0.868,-0.800,-1.391,-0.097,-0.029,114.825,2.225,1.202,1.395,4,4,3.265
1777578380792,-0.257,0.910,-0.894,-1.341,0.016,0.010,115.684,2.625,1.301,1.341,4,4,3.260
1777578380806,-0.292,0.911,-0.942,-1.286,0.118,-0.012,116.572,3.059,1.343,1.292,4,4,3.287
1777578380819,-0.324,0.941,-0.968,-1.226,0.231,-0.048,117.413,3.516,1.389,1.249,5,5,3.879
1777578380833,-0.274,0.968,-0.947,-1.158,0.321,-0.088,118.154,3.863,1.382,1.205,5,5,3.264
1777578380846,-0.210,0.985,-0.930,-1.078,0.378,-0.110,118.819,4.080,1.371,1.148,5,5,3.265
1777578380860,-0.139,0.988,-0.892,-1.015,0.408,-0.098,119.399,4.162,1.338,1.098,5,5,3.261
1777578380873,-0.066,0.967,-0.882,-0.943,0.407,-0.054,119.965,4.106,1.310,1.028,5,5,3.313
1777578380887,-0.050,0.953,-0.896,-0.889,0.386,0.002,120.546,4.023,1.309,0.969,1,1,3.885
1777578380901,-0.046,0.958,-0.890,-0.806,0.360,-0.003,121.086,3.936,1.308,0.883,1,1,3.282
1777578380914,-0.051,0.937,-0.914,-0.716,0.338,-0.018,121.663,3.861,1.310,0.792,1,1,3.312
1777578380927,-0.076,0.891,-0.929,-0.638,0.313,0.020,122.299,3.839,1.290,0.711,1,1,3.270
1777578380941,-0.088,0.869,-0.933,-0.577,0.266,0.010,122.943,3.843,1.278,0.636,1,1,3.287
1777578380954,-0.128,0.812,-0.938,-0.548,0.225,0.009,123.651,3.932,1.247,0.592,5,5,3.939
1777578380968,-0.112,0.809,-0.930,-0.535,0.184,-0.018,124.321,3.987,1.237,0.566,5,5,3.286
1777578380982,-0.103,0.850,-0.944,-0.461,0.137,-0.082,124.920,4.016,1.275,0.488,5,5,3.262
1777578380995,-0.085,0.835,-0.937,-0.357,0.101,-0.109,125.505,4.009,1.258,0.387,5,5,3.274
1777578381009,-0.051,0.820,-0.929,-0.249,0.075,-0.094,126.076,3.936,1.240,0.277,5,5,3.296
1777578381022,-0.032,0.821,-0.901,-0.151,0.084,-0.198,126.583,3.829,1.219,0.262,1,1,3.885
1777578381036,0.380,1.399,-0.982,0.635,-0.095,-0.531,126.517,3.114,1.751,0.834,1,1,3.281
1777578381049,0.042,0.552,-1.034,0.848,-0.160,-0.414,127.628,2.887,1.173,0.957,1,1,3.269
1777578381063,-0.105,0.610,-0.759,0.478,-0.252,-0.434,128.221,3.031,0.980,0.693,1,1,3.264
1777578381076,0.080,0.634,-0.688,0.211,-0.092,-0.385,128.620,2.685,0.939,0.449,1,1,3.258
1777578381089,-0.242,0.831,-0.531,0.132,-0.063,-0.192,128.356,3.170,1.016,0.241,1,1,3.876
1777578381103,-0.162,0.865,-0.540,0.044,-0.044,-0.139,128.076,3.427,1.032,0.153,1,1,3.277
1777578381117,-0.131,0.965,-0.490,0.040,-0.031,-0.089,127.588,3.580,1.090,0.102,1,1,3.247
1777578381130,-0.054,0.988,-0.449,0.052,-0.043,-0.109,127.013,3.549,1.086,0.128,1,1,3.265
1777578381143,-0.083,0.935,-0.492,0.069,-0.045,-0.109,126.608,3.590,1.059,0.137,1,1,3.256
1777578381157,-0.084,0.929,-0.498,0.063,-0.049,-0.102,126.239,3.633,1.057,0.129,1,1,3.920
1777578381171,-0.096,0.929,-0.494,0.063,-0.047,-0.088,125.879,3.702,1.056,0.118,1,1,3.265
1777578381184,-0.102,0.926,-0.495,0.053,-0.046,-0.069,125.541,3.781,1.055,0.099,1,1,3.298
1777578381198,-0.115,0.918,-0.507,0.040,-0.038,-0.040,125.251,3.890,1.055,0.068,1,1,3.265
1777578381211,-0.124,0.927,-0.491,0.027,-0.025,-0.018,124.930,4.015,1.056,0.041,1,1,3.255
1777578381225,-0.105,0.941,-0.503,0.026,-0.015,-0.003,124.633,4.084,1.072,0.030,1,1,3.938
1777578381239,-0.098,0.931,-0.491,0.028,-0.009,0.006,124.335,4.138,1.057,0.030,1,1,3.367
1777578381252,-0.090,0.929,-0.496,0.025,-0.004,0.011,124.063,4.172,1.057,0.027,1,1,3.264
1777578381266,-0.089,0.923,-0.489,0.021,-0.007,0.012,123.793,4.203,1.049,0.025,1,1,3.414
1777578381279,-0.081,0.918,-0.491,0.019,-0.003,0.011,123.546,4.213,1.045,0.022,1,1,3.250
1777578381292,-0.089,0.916,-0.500,0.013,-0.006,0.011,123.331,4.242,1.047,0.018,1,1,3.923
1777578381306,-0.083,0.917,-0.499,0.008,-0.007,0.007,123.122,4.254,1.047,0.013,1,1,3.270
1777578381320,-0.081,0.921,-0.499,0.006,-0.009,0.004,122.917,4.262,1.051,0.011,1,1,3.244
1777578381333,-0.088,0.914,-0.500,0.004,-0.009,0.001,122.731,4.286,1.045,0.010,1,1,3.267
1777578381346,-0.090,0.923,-0.489,0.004,-0.009,0.002,122.521,4.315,1.048,0.010,1,1,3.249
1777578381360,-0.094,0.922,-0.504,0.002,-0.007,0.007,122.353,4.349,1.055,0.010,1,1,4.213
1777578381374,-0.096,0.928,-0.499,0.003,-0.003,0.014,122.173,4.386,1.058,0.014,1,1,3.250
1777578381387,-0.085,0.922,-0.498,0.002,-0.001,0.020,122.006,4.397,1.051,0.020,1,1,3.261
1777578381401,-0.095,0.924,-0.489,-0.000,0.004,0.026,121.827,4.432,1.050,0.027,1,1,3.257
1777578381414,-0.090,0.925,-0.495,0.001,0.003,0.025,121.667,4.452,1.053,0.025,1,1,3.264
1777578381428,-0.088,0.921,-0.493,0.003,0.004,0.022,121.513,4.468,1.048,0.022,1,1,4.050
1777578381442,-0.073,0.924,-0.495,0.003,-0.001,0.017,121.366,4.446,1.051,0.017,1,1,3.267
1777578381457,-0.070,0.923,-0.491,0.009,-0.007,0.006,121.220,4.420,1.048,0.013,1,1,4.659
1777578381470,-0.080,0.922,-0.494,0.011,-0.010,-0.000,121.088,4.417,1.049,0.015,1,1,3.265
1777578381483,-0.077,0.918,-0.490,0.014,-0.014,-0.005,120.957,4.408,1.043,0.021,1,1,3.251
1777578381497,-0.076,0.914,-0.500,0.016,-0.020,-0.015,120.858,4.397,1.045,0.029,1,1,3.953
1777578381511,-0.074,0.912,-0.488,0.019,-0.024,-0.021,120.739,4.384,1.037,0.037,1,1,3.258
1777578381524,-0.085,0.916,-0.500,0.022,-0.029,-0.029,120.646,4.396,1.047,0.046,1,1,3.253
1777578381537,-0.081,0.927,-0.494,0.026,-0.033,-0.039,120.533,4.395,1.054,0.057,1,1,3.257
1777578381551,-0.087,0.911,-0.501,0.029,-0.037,-0.046,120.456,4.411,1.043,0.066,1,1,3.257
1777578381564,-0.080,0.925,-0.500,0.029,-0.044,-0.049,120.366,4.409,1.055,0.072,1,1,4.002
1777578381578,-0.085,0.930,-0.489,0.034,-0.047,-0.053,120.250,4.418,1.054,0.079,1,1,3.257
1777578381591,-0.084,0.931,-0.492,0.032,-0.049,-0.054,120.145,4.424,1.056,0.080,1,1,3.266
1777578381605,-0.111,0.939,-0.510,0.029,-0.043,-0.043,120.074,4.490,1.075,0.068,1,1,3.263
1777578381618,-0.128,0.946,-0.497,0.023,-0.026,-0.020,119.971,4.593,1.076,0.039,1,1,3.262
1777578381632,-0.135,0.940,-0.513,0.016,-0.006,0.014,119.911,4.707,1.080,0.022,1,1,3.945
1777578381646,-0.144,0.942,-0.500,0.009,0.013,0.050,119.825,4.838,1.076,0.053,1,1,3.265
1777578381659,-0.124,0.940,-0.509,0.006,0.029,0.079,119.765,4.915,1.076,0.085,1,1,3.277
1777578381672,-0.092,0.939,-0.490,0.005,0.035,0.086,119.669,4.917,1.063,0.093,1,1,3.265
1777578381686,-0.083,0.918,-0.503,0.002,0.032,0.082,119.628,4.900,1.051,0.088,1,1,3.255
1777578381699,-0.064,0.931,-0.506,0.005,0.028,0.070,119.580,4.838,1.062,0.075,5,5,3.932
1777578381713,-0.070,0.919,-0.501,0.007,0.018,0.053,119.538,4.795,1.049,0.056,5,5,3.257
1777578381726,-0.067,0.911,-0.502,0.010,0.012,0.038,119.508,4.747,1.042,0.041,5,5,3.277
1777578381741,-0.072,0.912,-0.491,0.013,0.006,0.030,119.455,4.714,1.038,0.033,5,5,4.023
1777578381755,-0.071,0.912,-0.503,0.014,0.005,0.024,119.430,4.678,1.044,0.029,5,5,4.175
1777578381768,-0.069,0.904,-0.510,0.017,-0.001,0.015,119.430,4.640,1.040,0.022,5,5,4.028
1777578381782,-0.070,0.911,-0.504,0.019,-0.003,0.006,119.410,4.605,1.044,0.020,5,5,3.256
1777578381796,-0.069,0.918,-0.508,0.018,-0.009,-0.001,119.390,4.568,1.052,0.020,5,5,3.291
1777578381809,-0.075,0.919,-0.502,0.022,-0.012,-0.009,119.357,4.547,1.050,0.027,5,5,3.259
1777578381823,-0.088,0.917,-0.509,0.022,-0.014,-0.011,119.344,4.558,1.052,0.029,5,5,3.281
1777578381836,-0.085,0.919,-0.504,0.024,-0.014,-0.009,119.316,4.562,1.052,0.029,4,4,3.872
1777578381850,-0.088,0.922,-0.503,0.024,-0.015,-0.009,119.285,4.572,1.054,0.029,4,4,3.248
1777578381863,-0.098,0.912,-0.507,0.020,-0.014,-0.005,119.275,4.607,1.048,0.024,4,4,3.258
1777578381879,-0.101,0.927,-0.515,0.017,-0.002,0.009,119.264,4.643,1.065,0.019,4,4,6.103
1777578381893,-0.094,0.928,-0.509,0.016,0.001,0.022,119.241,4.663,1.063,0.027,4,4,3.549
1777578381906,-0.118,0.924,-0.511,0.014,0.010,0.039,119.228,4.739,1.063,0.042,1,1,3.854
1777578381921,-0.108,0.931,-0.515,0.015,0.017,0.059,119.215,4.786,1.070,0.064,1,1,4.041
1777578381935,-0.092,0.937,-0.501,0.018,0.023,0.070,119.168,4.793,1.067,0.076,1,1,3.484
1777578381948,-0.086,0.942,-0.517,0.023,0.026,0.076,119.150,4.783,1.078,0.083,1,1,3.251
1777578381961,-0.083,0.934,-0.508,0.026,0.027,0.077,119.124,4.769,1.066,0.086,1,1,3.268
1777578381975,-0.088,0.943,-0.501,0.035,0.031,0.082,119.073,4.768,1.072,0.094,4,4,3.893
1777578381989,-0.084,0.935,-0.510,0.043,0.033,0.086,119.053,4.756,1.069,0.102,4,4,3.268
1777578382002,-0.087,0.934,-0.500,0.053,0.035,0.101,119.015,4.754,1.063,0.119,4,4,3.258
1777578382016,-0.071,0.930,-0.507,0.059,0.031,0.103,118.996,4.712,1.061,0.122,4,4,3.253
1777578382029,-0.100,0.932,-0.517,0.070,0.032,0.112,118.998,4.740,1.071,0.136,4,4,3.264
1777578382042,-0.077,0.951,-0.510,0.084,0.029,0.128,118.962,4.711,1.082,0.156,4,4,3.928
1777578382056,-0.091,0.937,-0.530,0.088,0.029,0.145,118.985,4.717,1.080,0.172,4,4,3.286
1777578382070,-0.044,0.971,-0.518,0.112,0.032,0.155,118.945,4.610,1.101,0.193,4,4,3.625
1777578382083,-0.053,1.004,-0.535,0.158,0.034,0.195,118.907,4.525,1.139,0.253,4,4,3.280
1777578382097,-0.169,1.189,-0.518,0.198,0.048,0.292,118.672,4.651,1.308,0.356,4,4,3.310
1777578382110,0.042,1.045,-0.533,0.256,0.050,0.308,118.600,4.357,1.174,0.403,4,4,3.920
1777578382124,0.031,1.264,-0.502,0.393,0.057,0.172,118.297,4.109,1.360,0.433,4,4,3.279
1777578382138,0.052,1.084,-0.537,0.464,0.051,0.157,118.211,3.822,1.211,0.493,4,4,3.253
1777578382151,0.038,1.147,-0.552,0.532,0.046,0.149,118.101,3.580,1.274,0.554,4,4,3.281
1777578382164,-0.012,1.249,-0.533,0.645,0.051,0.153,117.883,3.445,1.358,0.665,4,4,3.264
1777578382178,-0.015,1.210,-0.563,0.762,0.056,0.142,117.755,3.323,1.335,0.777,4,4,3.965
1777578382192,-0.052,1.348,-0.549,0.917,0.060,0.080,117.510,3.267,1.457,0.923,4,4,3.264
1777578382205,-0.020,1.253,-0.549,1.060,0.062,0.071,117.341,3.161,1.369,1.064,4,4,3.252
1777578382219,-0.006,1.349,-0.530,1.215,0.072,0.046,117.083,3.034,1.449,1.219,4,4,3.292
1777578382232,0.022,1.415,-0.536,1.410,0.060,0.016,116.806,2.865,1.513,1.412,4,4,3.265
1777578382245,0.111,1.420,-0.538,1.619,0.036,-0.041,116.541,2.557,1.523,1.620,4,4,3.918
1777578382261,0.149,1.517,-0.546,1.909,0.004,-0.128,116.247,2.214,1.620,1.913,4,4,4.869
1777578382275,0.168,1.519,-0.539,2.170,-0.059,-0.241,115.954,1.857,1.621,2.184,4,4,3.775
1777578382288,0.102,1.681,-0.539,2.471,-0.090,-0.298,115.596,1.631,1.768,2.490,4,4,3.326
1777578382302,0.059,1.704,-0.598,2.501,-0.117,-0.357,115.322,1.477,1.807,2.529,4,4,3.333
1777578382315,-0.051,1.702,-0.729,2.501,-0.079,-0.323,115.229,1.481,1.852,2.523,4,4,3.961
1777578382329,0.098,1.624,-0.788,2.501,-0.088,-0.139,115.258,1.280,1.807,2.507,4,4,3.258
1777578382343,0.140,1.298,-0.792,2.501,-0.150,-0.091,115.526,0.994,1.527,2.507,4,4,4.066
1777578382357,0.040,1.527,-0.776,2.501,-0.142,0.117,115.588,0.892,1.714,2.508,4,4,3.256
1777578382370,-0.102,1.812,-0.603,2.501,-0.139,0.585,115.273,0.987,1.912,2.573,4,4,3.241
1777578382384,0.468,0.089,-0.147,2.501,-0.263,0.510,116.741,-2.111,0.499,2.566,4,4,3.882
1777578382397,0.326,-1.112,0.399,1.852,-0.546,0.199,108.564,-2.694,1.226,1.941,4,4,3.242
1777578382411,-0.176,0.324,-0.516,1.116,-0.425,0.172,110.284,-1.872,0.634,1.207,4,4,3.257
1777578382424,-0.204,-0.271,0.175,0.035,-0.241,0.035,102.963,-0.376,0.382,0.246,4,4,3.273
1777578382439,-0.108,0.477,0.047,-0.624,-0.059,-0.118,102.148,0.196,0.491,0.638,4,4,4.916
1777578382455,-0.147,0.627,0.081,-0.795,0.106,-0.070,101.297,0.759,0.649,0.805,4,4,6.818
1777578382470,-0.067,0.445,0.018,-1.021,0.180,-0.001,100.702,1.102,0.450,1.037,4,4,3.257
1777578382483,-0.041,0.270,0.036,-1.329,0.199,0.033,99.906,1.426,0.276,1.344,4,4,3.841
1777578382497,-0.073,0.220,0.046,-1.751,0.180,0.014,98.952,2.150,0.236,1.761,4,4,3.256
1777578382510,-0.071,0.286,0.049,-2.145,0.130,-0.037,98.139,2.660,0.299,2.149,4,4,3.260
1777578382524,-0.080,0.430,-0.010,-2.454,0.070,-0.041,97.838,3.005,0.437,2.455,4,4,3.979
1777578382538,-0.093,0.564,-0.089,-2.501,0.010,-0.008,97.886,3.279,0.578,2.501,4,4,3.255
1777578382551,-0.112,0.704,-0.207,-2.501,-0.030,0.017,98.256,3.515,0.742,2.502,4,4,3.272
1777578382564,-0.137,0.839,-0.329,-2.501,-0.050,-0.004,98.830,3.738,0.911,2.502,4,4,3.253
1777578382578,-0.160,0.965,-0.480,-2.501,-0.059,-0.058,99.602,3.944,1.089,2.503,4,4,3.292
1777578382591,-0.177,1.049,-0.596,-2.501,-0.049,-0.146,100.477,4.136,1.220,2.506,5,5,3.886
1777578382605,-0.204,1.152,-0.691,-2.501,-0.009,-0.258,101.373,4.332,1.359,2.515,5,5,3.259
1777578382619,-0.207,1.246,-0.770,-2.501,0.064,-0.365,102.264,4.495,1.479,2.529,5,5,3.273
1777578382632,-0.185,1.320,-0.828,-2.501,0.150,-0.448,103.132,4.595,1.569,2.546,5,5,3.287
1777578382645,-0.137,1.356,-0.874,-2.501,0.242,-0.470,103.992,4.606,1.619,2.557,5,5,3.272
1777578382659,-0.057,1.371,-0.916,-2.501,0.314,-0.435,104.855,4.491,1.650,2.558,5,5,3.939
1777578382673,0.056,1.429,-0.977,-2.501,0.346,-0.403,105.708,4.213,1.731,2.557,5,5,3.275
1777578382686,0.146,1.430,-1.050,-2.468,0.319,-0.343,106.607,3.823,1.780,2.512,5,5,3.265
1777578382699,0.228,1.383,-1.156,-2.459,0.241,-0.221,107.626,3.340,1.816,2.480,5,5,3.260
1777578382713,0.210,1.385,-1.247,-2.456,0.142,-0.040,108.691,2.913,1.875,2.461,5,5,3.303
1777578382726,0.156,1.398,-1.403,-2.406,0.041,0.112,109.846,2.589,1.987,2.409,5,5,3.957
1777578382740,0.043,1.371,-1.538,-2.248,-0.043,0.171,111.090,2.423,2.061,2.255,5,5,3.280
1777578382754,-0.051,1.316,-1.688,-1.987,-0.088,0.158,112.444,2.377,2.141,1.995,5,5,3.270
1777578382767,-0.084,1.172,-1.807,-1.642,-0.094,0.113,113.956,2.370,2.155,1.649,5,5,3.259
1777578382782,-0.010,0.920,-1.896,-1.240,-0.120,0.021,115.713,2.278,2.107,1.245,5,5,3.302
1777578382795,-0.098,0.733,-1.987,-0.881,-0.145,0.077,117.638,2.295,2.120,0.896,1,1,3.982
1777578382809,-0.259,0.646,-2.022,-0.469,-0.124,0.269,119.591,2.499,2.138,0.555,1,1,3.287
1777578382823,-0.361,0.565,-2.006,-0.049,-0.089,0.272,121.545,2.820,2.115,0.290,1,1,3.303
1777578382838,-0.412,0.540,-1.938,0.360,-0.019,-0.024,123.421,3.203,2.053,0.361,1,1,5.462
1777578382852,-0.804,-2.894,-1.003,1.191,0.121,-0.243,113.251,3.706,3.167,1.221,1,1,3.259
1777578382865,0.508,1.304,0.021,1.642,-0.197,-0.390,112.193,2.613,1.400,1.699,5,5,3.852
1777578382879,-0.089,1.127,-0.104,2.001,-0.059,-0.295,111.452,2.694,1.135,2.023,5,5,3.277
1777578382892,-0.198,0.938,-0.340,1.994,0.087,-0.255,111.386,3.068,1.017,2.012,5,5,3.255
1777578382906,-0.319,0.925,-0.408,1.872,0.190,-0.115,111.493,3.700,1.060,1.885,5,5,3.282
1777578382919,-0.157,0.815,-0.639,1.658,0.123,-0.038,112.220,3.916,1.048,1.663,5,5,3.259
1777578382933,-0.200,0.879,-0.667,1.450,0.150,0.021,112.875,4.195,1.122,1.458,1,1,3.936
1777578382947,0.061,0.460,-0.904,0.829,0.128,0.027,114.631,3.861,1.016,0.840,1,1,3.270
1777578382960,-0.135,0.784,-0.629,0.582,0.127,-0.066,115.248,4.027,1.014,0.600,1,1,3.273
1777578382974,-0.117,0.867,-0.503,0.253,-0.039,-0.013,115.463,4.143,1.009,0.256,1,1,3.286
1777578382988,-0.106,0.752,-0.622,0.112,0.022,0.065,116.081,4.234,0.982,0.131,1,1,3.556
1777578383001,-0.191,0.856,-0.517,0.085,0.049,0.114,116.301,4.520,1.018,0.151,1,1,3.953
1777578383015,-0.093,0.883,-0.528,0.064,0.059,0.135,116.502,4.548,1.033,0.160,1,1,3.265
1777578383028,-0.059,0.914,-0.507,0.048,0.042,0.115,116.611,4.491,1.046,0.131,1,1,3.266
1777578383042,-0.043,0.907,-0.510,0.032,0.022,0.092,116.731,4.399,1.041,0.100,1,1,3.280
1777578383055,-0.031,0.933,-0.489,0.022,-0.001,0.061,116.771,4.280,1.054,0.065,1,1,3.257
1777578383069,-0.053,0.918,-0.487,0.019,-0.020,0.022,116.821,4.221,1.041,0.035,1,1,3.922
1777578383083,-0.071,0.949,-0.481,0.022,-0.029,0.001,116.824,4.204,1.066,0.036,1,1,3.263
1777578383096,-0.071,0.955,-0.479,0.040,-0.033,-0.017,116.815,4.186,1.070,0.054,1,1,3.256
1777578383109,-0.123,0.948,-0.480,0.047,-0.022,-0.003,116.818,4.290,1.070,0.052,1,1,3.271
1777578383123,-0.129,0.950,-0.501,0.054,-0.004,0.027,116.860,4.402,1.082,0.060,1,1,3.262
1777578383136,-0.128,0.958,-0.495,0.059,0.018,0.055,116.880,4.506,1.086,0.083,1,1,3.906
1777578383150,-0.071,0.949,-0.499,0.062,0.020,0.052,116.918,4.473,1.074,0.083,1,1,3.254
1777578383163,-0.090,0.940,-0.500,0.065,0.023,0.041,116.966,4.488,1.069,0.080,1,1,3.263
1777578383177,-0.057,0.928,-0.494,0.065,0.016,0.017,117.012,4.427,1.053,0.069,1,1,3.257
1777578383191,-0.070,0.924,-0.507,0.061,0.007,0.001,117.087,4.398,1.056,0.061,1,1,3.685
1777578383204,-0.068,0.933,-0.493,0.056,-0.001,-0.018,117.121,4.368,1.057,0.059,1,1,3.889
1777578383218,-0.083,0.939,-0.504,0.056,-0.011,-0.030,117.170,4.372,1.069,0.064,1,1,3.255
1777578383231,-0.069,0.938,-0.498,0.067,-0.019,-0.046,117.205,4.344,1.064,0.084,1,1,3.254
1777578383245,-0.054,0.924,-0.497,0.071,-0.032,-0.066,117.252,4.283,1.051,0.102,1,1,3.263
1777578383258,-0.062,0.921,-0.489,0.075,-0.046,-0.075,117.284,4.246,1.045,0.115,1,1,3.254
1777578383271,-0.117,0.914,-0.492,0.079,-0.059,-0.061,117.328,4.341,1.044,0.116,1,1,3.900
1777578383285,-0.100,0.909,-0.506,0.077,-0.057,-0.046,117.406,4.390,1.045,0.106,1,1,3.259
1777578383301,-0.106,0.913,-0.505,0.076,-0.051,-0.033,117.474,4.452,1.048,0.097,1,1,3.293
1777578383314,-0.099,0.905,-0.507,0.071,-0.048,-0.025,117.553,4.495,1.042,0.089,1,1,3.263
1777578383330,-0.104,0.903,-0.523,0.068,-0.044,-0.027,117.664,4.546,1.048,0.085,1,1,5.394
1777578383343,-0.111,0.906,-0.525,0.063,-0.043,-0.020,117.770,4.611,1.054,0.079,2,2,3.868
1777578383357,-0.110,0.909,-0.512,0.066,-0.037,-0.016,117.841,4.672,1.050,0.077,2,2,3.247
1777578383373,-0.110,0.893,-0.526,0.055,-0.029,-0.002,117.958,4.733,1.043,0.062,2,2,5.577
1777578383386,-0.126,0.899,-0.525,0.049,-0.015,0.009,118.060,4.828,1.049,0.052,2,2,3.243
1777578383400,-0.118,0.911,-0.524,0.043,-0.006,0.021,118.142,4.897,1.057,0.048,2,2,3.255
1777578383413,-0.107,0.902,-0.518,0.040,0.001,0.030,118.218,4.940,1.046,0.050,4,4,3.858
1777578383427,-0.111,0.903,-0.531,0.036,0.010,0.038,118.316,4.988,1.053,0.053,4,4,3.249
1777578383440,-0.098,0.900,-0.519,0.030,0.014,0.045,118.388,5.005,1.044,0.056,4,4,3.261
1777578383454,-0.103,0.910,-0.519,0.031,0.017,0.045,118.444,5.032,1.053,0.057,4,4,3.247
1777578383470,-0.076,0.918,-0.523,0.029,0.018,0.039,118.497,4.991,1.059,0.051,4,4,5.983
1777578383483,-0.102,0.931,-0.518,0.041,0.016,0.038,118.522,5.011,1.070,0.058,4,4,3.905
1777578383498,-0.085,0.932,-0.523,0.049,0.021,0.037,118.556,4.990,1.072,0.065,4,4,3.873
1777578383511,-0.096,0.918,-0.536,0.046,0.024,0.049,118.630,4.998,1.068,0.071,4,4,3.256
1777578383525,-0.126,0.938,-0.525,0.049,0.031,0.074,118.657,5.073,1.082,0.094,4,4,3.256
1777578383538,-0.075,0.923,-0.540,0.050,0.029,0.102,118.730,5.027,1.072,0.117,4,4,3.325
1777578383551,-0.126,1.045,-0.529,0.074,0.028,0.175,118.647,5.076,1.178,0.192,4,4,3.923
1777578383565,-0.343,1.351,-0.496,0.244,0.075,0.170,118.276,5.440,1.479,0.307,4,4,3.278
1777578383579,-0.024,0.981,-0.549,0.284,0.081,0.195,118.318,5.256,1.125,0.354,4,4,3.265
1777578383595,-0.106,1.158,-0.542,0.396,0.099,0.248,118.176,5.234,1.283,0.478,4,4,5.646
1777578383608,-0.057,1.201,-0.544,0.503,0.101,0.277,118.009,5.114,1.320,0.583,4,4,3.268
1777578383621,-0.128,1.312,-0.549,0.653,0.118,0.250,117.777,5.116,1.428,0.710,4,4,3.916
1777578383635,-0.072,1.475,-0.552,0.827,0.128,0.151,117.460,5.006,1.577,0.850,4,4,3.276
1777578383649,-0.045,1.509,-0.517,1.069,0.144,0.135,117.087,4.858,1.596,1.087,4,4,3.274
1777578383662,-0.009,1.432,-0.522,1.261,0.130,0.079,116.778,4.660,1.524,1.270,4,4,3.299
1777578383676,0.033,1.548,-0.502,1.507,0.128,0.045,116.393,4.405,1.628,1.513,4,4,3.260
1777578383690,0.026,1.535,-0.478,1.752,0.068,0.031,115.995,4.171,1.608,1.753,4,4,5.165
1777578383704,-0.056,1.846,-0.482,2.105,0.046,0.071,115.497,4.062,1.909,2.107,4,4,3.273
1777578383718,-0.098,1.980,-0.509,2.480,0.026,0.052,115.013,4.005,2.047,2.481,4,4,3.250
1777578383731,-0.053,2.047,-0.540,2.501,0.027,0.030,114.566,3.893,2.117,2.502,4,4,3.267
1777578383744,0.055,1.979,-0.521,2.501,0.032,0.041,114.136,3.656,2.047,2.502,4,4,3.250
1777578383758,0.082,1.987,-0.652,2.501,0.009,-0.033,113.875,3.398,2.093,2.502,4,4,4.013
1777578383772,0.224,1.704,-0.671,2.501,-0.111,-0.124,113.771,2.945,1.845,2.507,4,4,3.289
1777578383785,0.170,1.734,-0.687,2.501,-0.161,-0.050,113.677,2.588,1.873,2.507,4,4,3.265
1777578383799,0.120,2.059,-0.408,2.501,-0.202,0.395,113.131,2.333,2.103,2.540,4,4,3.274
1777578383812,0.566,0.156,0.008,2.501,-0.282,0.446,111.999,-1.029,0.587,2.556,4,4,3.267
1777578383826,0.471,-1.628,0.788,1.954,-0.522,0.427,104.294,-1.622,1.869,2.067,4,4,3.974
1777578383840,-0.167,0.068,-0.725,1.197,-0.306,0.614,107.370,-0.986,0.747,1.380,4,4,3.266
1777578383853,-0.197,-0.599,0.270,-0.041,-0.025,0.528,99.801,-0.214,0.686,0.530,4,4,3.578
1777578383868,-0.200,0.549,0.023,-0.628,0.186,-0.032,99.269,0.670,0.585,0.656,4,4,3.303
1777578383881,-0.227,0.570,0.109,-0.708,0.356,-0.318,98.390,1.575,0.624,0.854,4,4,3.265
1777578383895,-0.136,0.535,0.049,-0.714,0.452,-0.348,97.795,2.126,0.554,0.913,4,4,4.364
1777578383909,-0.055,0.311,0.035,-0.872,0.509,-0.106,97.174,2.467,0.317,1.015,4,4,3.262
1777578383922,-0.033,0.149,0.033,-1.180,0.497,0.119,96.310,2.892,0.156,1.286,4,4,3.249
1777578383936,-0.017,0.093,0.045,-1.598,0.441,0.161,94.897,3.166,0.104,1.666,4,4,3.259
1777578383949,-0.027,0.167,0.023,-2.021,0.340,0.014,94.334,3.423,0.171,2.049,4,4,3.259
1777578383962,-0.015,0.345,-0.022,-2.349,0.201,-0.159,94.303,3.383,0.346,2.363,4,4,3.926
1777578383976,0.000,0.487,-0.121,-2.501,0.031,-0.216,94.727,3.234,0.502,2.511,4,4,3.256
1777578383990,0.041,0.608,-0.234,-2.501,-0.150,-0.160,95.442,2.937,0.653,2.511,4,4,3.259
1777578384005,0.042,0.769,-0.372,-2.501,-0.347,-0.053,96.334,2.684,0.855,2.526,4,4,4.343
1777578384018,0.020,0.942,-0.533,-2.501,-0.496,0.034,97.348,2.521,1.083,2.550,4,4,3.244
1777578384031,-0.045,1.061,-0.655,-2.501,-0.584,0.082,98.413,2.502,1.248,2.570,5,5,3.941
1777578384045,-0.144,1.205,-0.747,-2.501,-0.583,0.049,99.436,2.646,1.425,2.569,5,5,3.247
1777578384059,-0.235,1.321,-0.833,-2.501,-0.483,-0.054,100.432,2.905,1.579,2.548,5,5,3.438
1777578384072,-0.300,1.357,-0.929,-2.501,-0.302,-0.163,101.480,3.230,1.672,2.525,5,5,3.260
1777578384086,-0.281,1.380,-1.017,-2.501,-0.077,-0.196,102.569,3.496,1.737,2.510,5,5,3.257
1777578384099,-0.239,1.397,-1.104,-2.501,0.138,-0.041,103.694,3.678,1.796,2.506,5,5,3.887
1777578384113,-0.154,1.435,-1.204,-2.501,0.321,0.239,104.845,3.722,1.880,2.533,5,5,3.258
1777578384126,-0.065,1.433,-1.342,-2.501,0.394,0.402,106.082,3.642,1.964,2.564,5,5,3.266
1777578384140,-0.031,1.431,-1.487,-2.501,0.366,0.356,107.394,3.521,2.064,2.553,5,5,3.268
1777578384153,-0.052,1.395,-1.627,-2.501,0.256,0.193,108.794,3.428,2.144,2.522,5,5,3.378
1777578384167,-0.064,1.316,-1.741,-2.255,0.132,0.028,110.286,3.352,2.184,2.259,1,1,3.939
1777578384181,-0.071,1.132,-1.800,-1.980,0.027,-0.119,111.928,3.289,2.128,1.983,1,1,3.265
1777578384194,-0.015,1.081,-1.824,-1.658,-0.047,-0.252,113.565,3.162,2.120,1.677,1,1,3.280
1777578384208,0.013,0.973,-1.841,-1.235,-0.089,-0.293,115.252,3.009,2.082,1.272,1,1,3.706
1777578384221,-0.056,0.810,-1.853,-0.820,-0.088,-0.154,117.051,2.947,2.023,0.839,1,1,3.259
1777578384235,-0.229,0.665,-1.870,-0.465,-0.044,0.027,118.948,3.106,1.998,0.468,1,1,3.944
1777578384249,-0.403,0.664,-1.748,-0.084,0.024,-0.081,120.708,3.502,1.913,0.120,1,1,3.266
1777578384262,-0.486,0.755,-1.668,0.264,0.215,-0.363,122.236,3.999,1.894,0.498,1,1,3.277
1777578384275,1.243,1.031,1.283,1.495,-0.273,-0.160,118.587,2.203,2.063,1.528,1,1,3.260
1777578384289,-0.198,1.318,0.320,1.693,-0.415,-0.167,116.741,2.470,1.370,1.751,1,1,3.268
1777578384302,-0.050,1.067,-0.163,1.897,-0.215,-0.278,115.951,2.477,1.080,1.929,1,1,3.958
1777578384316,-0.102,0.943,-0.366,1.820,-0.057,-0.299,115.743,2.621,1.017,1.845,1,1,3.265
1777578384330,-0.035,0.982,-0.348,1.737,0.059,-0.337,115.470,2.591,1.043,1.770,1,1,3.272
1777578384343,-0.148,0.843,-0.561,1.550,0.079,-0.296,115.828,2.840,1.023,1.580,1,1,3.347
1777578384360,-0.213,0.896,-0.539,1.320,0.102,-0.160,116.055,3.221,1.067,1.333,1,1,6.076
1777578384373,-0.252,0.513,-0.933,1.076,0.199,-0.098,117.593,3.662,1.094,1.098,1,1,3.945
1777578384389,-0.016,0.629,-0.688,0.619,0.095,-0.100,118.466,3.544,0.933,0.634,1,1,4.756
1777578384402,-0.237,0.825,-0.596,0.444,0.120,-0.016,118.788,3.963,1.045,0.460,1,1,3.377
1777578384416,0.030,0.866,-0.506,0.207,0.005,-0.008,118.853,3.714,1.003,0.208,1,1,3.266
1777578384429,-0.181,0.802,-0.559,0.136,0.054,0.086,119.116,4.009,0.994,0.170,1,1,3.272
1777578384442,-0.091,0.865,-0.499,0.115,0.054,0.093,119.154,4.060,1.003,0.157,1,1,3.893
1777578384457,-0.057,0.868,-0.508,0.074,0.037,0.089,119.206,4.024,1.008,0.121,1,1,3.273
1777578384470,-0.046,0.876,-0.486,0.046,0.026,0.080,119.198,3.962,1.003,0.096,1,1,3.252
1777578384484,-0.070,0.913,-0.482,0.033,0.011,0.082,119.139,3.958,1.035,0.089,1,1,3.951
1777578384498,-0.045,0.926,-0.509,0.026,-0.006,0.067,119.123,3.892,1.057,0.072,1,1,3.260
1777578384512,-0.058,0.936,-0.502,0.025,-0.016,0.057,119.084,3.859,1.063,0.064,1,1,4.397
1777578384526,-0.060,0.966,-0.496,0.031,-0.016,0.045,119.001,3.828,1.088,0.057,1,1,3.449
1777578384539,-0.091,0.939,-0.501,0.025,-0.012,0.047,118.961,3.874,1.068,0.055,1,1,3.283
1777578384553,-0.062,0.944,-0.490,0.020,-0.004,0.048,118.895,3.852,1.066,0.053,1,1,3.447
1777578384566,-0.115,0.928,-0.511,0.014,0.011,0.073,118.892,3.954,1.065,0.075,1,1,3.330
1777578384580,-0.095,0.959,-0.493,0.013,0.030,0.105,118.818,4.002,1.082,0.110,1,1,3.952
1777578384594,-0.089,0.960,-0.501,0.016,0.039,0.119,118.762,4.032,1.087,0.126,1,1,3.266
1777578384607,-0.102,0.965,-0.492,0.021,0.052,0.146,118.685,4.090,1.088,0.156,1,1,3.261
1777578384621,-0.059,0.963,-0.494,0.035,0.057,0.134,118.619,4.047,1.084,0.150,1,1,3.311
1777578384635,-0.018,0.960,-0.486,0.046,0.055,0.107,118.542,3.911,1.076,0.129,1,1,3.283
1777578384649,-0.009,0.948,-0.493,0.051,0.048,0.064,118.495,3.761,1.068,0.095,1,1,4.849
1777578384663,-0.000,0.926,-0.495,0.054,0.035,0.013,118.478,3.597,1.050,0.066,1,1,3.263
1777578384677,0.005,0.918,-0.491,0.058,0.021,-0.030,118.463,3.428,1.041,0.069,1,1,3.444
1777578384690,0.001,0.932,-0.483,0.062,0.013,-0.075,118.417,3.276,1.049,0.098,1,1,3.324
1777578384704,-0.029,0.923,-0.500,0.066,0.007,-0.101,118.418,3.202,1.050,0.121,1,1,3.277
1777578384719,-0.040,0.932,-0.498,0.067,-0.002,-0.112,118.404,3.158,1.058,0.131,1,1,5.338
1777578384733,-0.062,0.937,-0.502,0.065,0.001,-0.106,118.394,3.165,1.065,0.124,1,1,3.276
1777578384747,-0.071,0.935,-0.499,0.075,-0.000,-0.105,118.381,3.193,1.063,0.129,1,1,3.937
1777578384760,-0.076,0.923,-0.505,0.071,-0.001,-0.093,118.395,3.235,1.055,0.116,1,1,3.259
1777578384774,-0.063,0.915,-0.505,0.060,0.006,-0.102,118.417,3.246,1.047,0.119,1,1,3.269
1777578384790,-0.048,0.927,-0.514,0.058,-0.011,-0.073,118.444,3.216,1.061,0.094,1,1,3.917
1777578384804,-0.092,0.933,-0.496,0.053,-0.016,-0.053,118.424,3.292,1.061,0.076,1,1,3.253
1777578384819,-0.056,0.934,-0.497,0.050,-0.023,-0.045,118.407,3.282,1.060,0.071,1,1,4.771
1777578384832,-0.065,0.931,-0.493,0.052,-0.033,-0.041,118.385,3.293,1.056,0.074,1,1,3.249
1777578384846,-0.059,0.922,-0.509,0.054,-0.042,-0.048,118.407,3.290,1.055,0.083,1,1,4.158
1777578384860,-0.086,0.907,-0.514,0.060,-0.049,-0.046,118.457,3.351,1.046,0.090,1,1,3.902
1777578384874,-0.085,0.917,-0.513,0.065,-0.049,-0.032,118.490,3.408,1.054,0.088,1,1,3.289
1777578384889,-0.090,0.902,-0.525,0.059,-0.044,-0.022,118.566,3.474,1.048,0.077,1,1,3.290
1777578384902,-0.100,0.910,-0.528,0.054,-0.032,-0.008,118.634,3.559,1.057,0.063,1,1,3.257
1777578384915,-0.099,0.925,-0.519,0.050,-0.015,0.011,118.664,3.637,1.065,0.054,1,1,3.339
1777578384929,-0.110,0.929,-0.525,0.047,-0.001,0.038,118.699,3.736,1.073,0.060,1,1,3.935
1777578384943,-0.084,0.933,-0.525,0.055,0.007,0.067,118.728,3.768,1.074,0.087,1,1,3.261
1777578384956,-0.078,0.917,-0.515,0.060,0.009,0.073,118.754,3.790,1.055,0.095,1,1,3.253
1777578384970,-0.071,0.939,-0.515,0.066,0.011,0.085,118.754,3.789,1.073,0.108,1,1,3.244
1777578384983,-0.079,0.938,-0.528,0.079,0.009,0.094,118.781,3.807,1.079,0.123,1,1,3.304
1777578384996,-0.094,1.000,-0.528,0.101,0.007,0.163,118.740,3.849,1.135,0.192,4,4,3.849
1777578385010,-0.137,1.152,-0.510,0.195,0.029,0.238,118.528,3.951,1.268,0.309,4,4,3.290
1777578385024,-0.049,1.070,-0.537,0.255,0.048,0.183,118.445,3.881,1.198,0.318,4,4,3.270
1777578385037,-0.133,1.051,-0.569,0.330,0.061,0.168,118.445,3.989,1.202,0.376,4,4,3.292
1777578385052,-0.039,1.128,-0.544,0.424,0.073,0.181,118.327,3.893,1.253,0.466,4,4,3.266
1777578385066,-0.047,1.132,-0.562,0.513,0.079,0.189,118.243,3.816,1.265,0.553,4,4,3.896
1777578385080,-0.101,1.280,-0.552,0.637,0.104,0.204,118.029,3.831,1.398,0.676,4,4,3.289
1777578385093,-0.104,1.326,-0.555,0.797,0.125,0.185,117.797,3.845,1.442,0.828,4,4,3.260
1777578385106,-0.100,1.458,-0.556,0.974,0.127,0.127,117.495,3.838,1.563,0.991,4,4,3.250
1777578385120,-0.014,1.413,-0.526,1.171,0.122,0.113,117.186,3.693,1.508,1.182,4,4,3.316
1777578385133,0.011,1.480,-0.523,1.370,0.094,0.082,116.848,3.514,1.570,1.376,4,4,3.872
1777578385147,0.010,1.614,-0.536,1.636,0.072,0.066,116.477,3.344,1.701,1.639,4,4,3.274
1777578385160,-0.008,1.669,-0.510,1.919,0.040,0.005,116.062,3.210,1.746,1.920,4,4,3.255
1777578385174,-0.062,1.912,-0.519,2.286,0.042,0.046,115.586,3.148,1.982,2.286,4,4,3.278
1777578385187,-0.078,1.959,-0.505,2.501,0.060,0.121,115.099,3.107,2.025,2.505,4,4,3.317
1777578385201,-0.077,1.931,-0.587,2.501,0.070,0.197,114.742,3.067,2.020,2.510,4,4,3.924
1777578385215,0.005,1.847,-0.705,2.501,0.091,0.312,114.573,2.926,1.977,2.522,4,4,3.279
1777578385228,0.161,1.708,-0.724,2.501,0.033,0.438,114.503,2.581,1.862,2.540,4,4,3.264
1777578385241,0.314,1.049,-0.825,2.501,-0.109,0.865,115.101,1.890,1.371,2.649,4,4,3.278
1777578385255,0.017,2.656,-0.184,2.501,-0.174,1.520,114.177,1.791,2.662,2.932,4,4,3.252
1777578385268,1.217,-1.800,0.513,2.501,-0.414,1.099,105.944,0.268,2.232,2.763,4,4,3.888
1777578385282,0.490,0.415,0.479,0.705,-0.785,0.384,103.101,-1.392,0.801,1.123,4,4,3.533
1777578385296,-0.311,0.556,0.167,0.383,-0.553,-0.241,101.798,-0.100,0.658,0.715,4,4,3.264
1777578385309,0.015,0.462,0.171,-0.083,-0.421,-0.386,100.394,-0.173,0.493,0.578,4,4,3.284
1777578385323,-0.250,0.676,0.077,-0.152,-0.212,-0.236,99.655,0.718,0.725,0.352,4,4,3.386
1777578385336,-0.174,0.458,0.084,-0.335,-0.013,-0.028,98.777,1.584,0.497,0.337,4,4,3.995
1777578385350,-0.171,0.386,0.048,-0.577,0.157,0.019,98.086,2.550,0.425,0.598,4,4,3.257
1777578385363,-0.144,0.292,0.051,-0.886,0.263,-0.042,97.302,3.567,0.330,0.925,4,4,3.249
1777578385377,-0.167,0.269,0.028,-1.247,0.343,-0.075,96.724,4.797,0.318,1.295,4,4,3.311
1777578385391,-0.130,0.329,-0.016,-1.617,0.369,-0.101,96.551,5.529,0.354,1.661,4,4,3.570
1777578385404,-0.089,0.396,-0.087,-1.945,0.329,-0.177,96.805,5.827,0.414,1.980,4,4,4.285
1777578385418,-0.019,0.577,-0.168,-2.193,0.209,-0.258,97.216,5.652,0.602,2.218,4,4,3.264
1777578385432,0.018,0.746,-0.271,-2.310,0.049,-0.289,97.775,5.348,0.794,2.328,4,4,3.255
1777578385445,0.020,0.851,-0.367,-2.358,-0.112,-0.281,98.455,5.061,0.927,2.377,4,4,3.289
1777578385459,-0.000,0.879,-0.470,-2.412,-0.238,-0.239,99.315,4.840,0.997,2.435,4,4,3.244
1777578385472,-0.036,0.955,-0.570,-2.463,-0.332,-0.205,100.256,4.709,1.113,2.493,1,1,3.929
1777578385486,-0.106,1.062,-0.656,-2.494,-0.374,-0.210,101.195,4.716,1.253,2.531,1,1,3.306
1777578385500,-0.196,1.154,-0.728,-2.501,-0.346,-0.272,102.116,4.867,1.378,2.540,1,1,3.257
1777578385513,-0.229,1.223,-0.788,-2.495,-0.257,-0.379,103.021,5.045,1.473,2.537,1,1,3.278
1777578385526,-0.227,1.261,-0.836,-2.491,-0.133,-0.429,103.917,5.196,1.530,2.531,1,1,3.281
1777578385540,-0.151,1.344,-0.872,-2.465,0.004,-0.417,104.750,5.204,1.609,2.499,5,5,3.916
1777578385554,-0.026,1.448,-0.938,-2.354,0.119,-0.390,105.546,5.014,1.726,2.389,5,5,3.317
1777578385567,0.093,1.456,-1.037,-2.191,0.177,-0.263,106.417,4.664,1.790,2.214,5,5,3.265
1777578385581,0.179,1.302,-1.117,-2.126,0.180,-0.000,107.476,4.200,1.725,2.134,5,5,3.269
1777578385594,0.245,1.228,-1.191,-2.156,0.115,0.232,108.642,3.660,1.728,2.172,5,5,3.297
1777578385607,0.178,1.339,-1.278,-2.118,0.026,0.419,109.737,3.260,1.859,2.160,1,1,3.932
1777578385621,0.051,1.385,-1.415,-1.933,-0.065,0.549,110.868,3.052,1.981,2.010,1,1,3.257
1777578385635,-0.141,1.241,-1.544,-1.731,-0.119,0.598,112.195,3.096,1.986,1.836,1,1,3.281
1777578385648,-0.358,1.090,-1.618,-1.552,-0.100,0.518,113.675,3.416,1.984,1.639,1,1,3.267
1777578385662,-0.416,1.041,-1.668,-1.280,-0.040,0.260,115.178,3.789,2.010,1.307,1,1,3.249
1777578385675,-0.209,0.902,-1.722,-0.937,-0.061,-0.003,116.804,3.892,1.956,0.939,1,1,3.889
1777578385689,-0.037,0.759,-1.791,-0.572,-0.178,-0.057,118.563,3.769,1.945,0.601,1,1,3.252
1777578385702,0.042,0.661,-1.786,-0.231,-0.302,0.054,120.362,3.549,1.904,0.384,1,1,3.269
1777578385716,-0.116,0.610,-1.727,0.098,-0.356,0.166,122.119,3.553,1.835,0.405,1,1,3.323
1777578385729,-0.272,0.610,-1.618,0.398,-0.333,0.094,123.747,3.789,1.750,0.527,1,1,3.280
1777578385742,-0.106,0.316,-1.290,1.659,-0.572,-0.299,125.606,3.822,1.332,1.780,5,5,3.896
1777578385756,0.136,0.977,-0.227,1.496,-0.665,-0.618,124.621,3.316,1.013,1.750,5,5,3.247
1777578385770,-0.288,1.275,0.008,1.749,-0.368,-0.489,123.092,3.728,1.307,1.854,5,5,3.280
1777578385783,-0.258,1.043,-0.288,1.864,0.027,-0.421,122.319,4.152,1.112,1.911,5,5,3.275
1777578385797,-0.083,0.980,-0.355,1.808,0.172,-0.450,121.776,4.170,1.045,1.871,5,5,3.256
1777578385810,-0.198,0.951,-0.538,1.633,0.218,-0.363,121.675,4.436,1.111,1.687,1,1,3.906
1777578385824,-0.211,0.855,-0.647,1.411,0.148,-0.218,121.912,4.728,1.093,1.435,1,1,3.261
1777578385838,0.085,0.595,-0.841,0.868,0.050,-0.222,122.910,4.315,1.034,0.897,1,1,3.296
1777578385851,-0.123,0.801,-0.614,0.613,0.037,-0.252,123.108,4.430,1.017,0.663,1,1,3.260
1777578385864,0.057,0.347,-1.315,0.341,-0.160,-0.154,124.949,4.131,1.361,0.407,1,1,3.266
1777578385878,-0.421,0.725,-0.622,0.201,-0.021,-0.085,125.199,4.992,1.044,0.219,1,1,3.927
1777578385892,-0.051,0.972,-0.481,0.128,-0.037,-0.058,124.810,4.891,1.086,0.145,1,1,3.382
1777578385905,-0.215,0.872,-0.513,0.108,-0.015,0.011,124.620,5.201,1.034,0.110,1,1,3.425
1777578385919,-0.077,0.909,-0.498,0.082,-0.018,-0.002,124.362,5.161,1.039,0.084,1,1,3.272
1777578385932,-0.103,0.917,-0.516,0.080,-0.020,-0.013,124.143,5.180,1.057,0.083,1,1,3.510
1777578385946,-0.056,0.930,-0.504,0.078,-0.044,-0.043,123.894,5.087,1.059,0.099,1,1,3.908
1777578385960,-0.072,0.918,-0.525,0.070,-0.071,-0.069,123.713,5.034,1.060,0.121,1,1,3.271
1777578385973,-0.073,0.937,-0.508,0.077,-0.106,-0.102,123.484,4.986,1.068,0.166,1,1,3.248
1777578385986,-0.064,0.926,-0.508,0.082,-0.122,-0.132,123.276,4.920,1.058,0.198,1,1,3.248
1777578386000,-0.123,0.921,-0.529,0.081,-0.139,-0.129,123.127,4.994,1.069,0.206,1,1,3.275
1777578386013,-0.188,0.923,-0.529,0.072,-0.099,-0.093,122.981,5.213,1.080,0.154,1,1,3.855
1777578386027,-0.219,0.949,-0.497,0.080,-0.055,-0.033,122.749,5.490,1.093,0.102,1,1,3.259
1777578386041,-0.184,0.909,-0.525,0.048,-0.013,0.021,122.629,5.684,1.065,0.054,1,1,3.298
1777578386054,-0.186,0.914,-0.532,0.036,0.020,0.063,122.523,5.871,1.074,0.075,1,1,3.242
1777578386067,-0.145,0.910,-0.521,0.023,0.037,0.084,122.403,5.958,1.059,0.094,1,1,3.339
1777578386081,-0.118,0.921,-0.516,0.021,0.040,0.081,122.266,5.976,1.062,0.093,1,1,3.900
1777578386095,-0.108,0.921,-0.521,0.022,0.040,0.077,122.146,5.969,1.064,0.090,1,1,3.285
1777578386108,-0.096,0.920,-0.523,0.028,0.030,0.066,122.036,5.935,1.063,0.078,1,1,3.267
1777578386121,-0.086,0.918,-0.511,0.033,0.018,0.044,121.907,5.880,1.055,0.057,1,1,3.263
1777578386135,-0.098,0.913,-0.507,0.038,0.007,0.031,121.782,5.856,1.049,0.050,1,1,3.307
1777578386148,-0.112,0.903,-0.507,0.044,-0.001,0.023,121.673,5.869,1.041,0.050,1,1,3.875
1777578386162,-0.106,0.896,-0.528,0.050,-0.006,0.017,121.621,5.866,1.046,0.053,1,1,3.283
1777578386176,-0.115,0.907,-0.532,0.051,-0.008,0.012,121.569,5.881,1.058,0.053,1,1,3.265
1777578386189,-0.115,0.910,-0.524,0.053,-0.010,0.009,121.497,5.896,1.056,0.054,1,1,3.283
1777578386202,-0.114,0.912,-0.529,0.053,-0.011,0.007,121.437,5.909,1.060,0.055,1,1,3.268
1777578386216,-0.106,0.904,-0.521,0.051,-0.012,0.004,121.373,5.905,1.049,0.053,5,5,3.932
1777578386230,-0.126,0.902,-0.533,0.051,-0.014,0.004,121.339,5.947,1.055,0.053,5,5,3.279
1777578386243,-0.107,0.913,-0.529,0.054,-0.017,0.003,121.283,5.939,1.060,0.057,5,5,3.269
1777578386257,-0.092,0.910,-0.527,0.059,-0.029,-0.011,121.231,5.898,1.056,0.067,5,5,3.393
1777578386270,-0.108,0.904,-0.529,0.070,-0.037,-0.027,121.191,5.897,1.053,0.083,5,5,3.275
1777578386283,-0.127,0.907,-0.518,0.071,-0.037,-0.028,121.128,5.943,1.053,0.085,1,1,3.930
1777578386297,-0.107,0.912,-0.538,0.078,-0.040,-0.038,121.103,5.936,1.064,0.096,1,1,3.273
1777578386311,-0.151,0.893,-0.542,0.076,-0.025,-0.029,121.109,6.037,1.056,0.085,1,1,3.265
1777578386324,-0.134,0.899,-0.538,0.068,-0.012,-0.013,121.099,6.091,1.056,0.071,1,1,3.273
1777578386338,-0.132,0.898,-0.537,0.060,-0.001,-0.001,121.089,6.139,1.055,0.060,1,1,3.337
1777578386351,-0.123,0.919,-0.536,0.058,0.012,0.008,121.053,6.158,1.071,0.060,1,1,3.943
1777578386365,-0.134,0.885,-0.542,0.048,0.017,0.025,121.071,6.210,1.046,0.057,1,1,3.266
1777578386378,-0.117,0.930,-0.525,0.061,0.017,0.021,121.000,6.211,1.075,0.066,1,1,3.247
1777578386392,-0.098,0.927,-0.547,0.071,0.015,-0.002,120.981,6.166,1.081,0.072,1,1,3.284
1777578386405,-0.089,0.953,-0.532,0.095,0.011,-0.036,120.902,6.100,1.095,0.102,1,1,3.265
1777578386419,-0.129,0.894,-0.551,0.089,0.015,-0.039,120.934,6.140,1.058,0.099,1,1,3.920
1777578386433,-0.150,0.897,-0.541,0.081,0.034,-0.005,120.941,6.229,1.059,0.088,1,1,3.319
1777578386446,-0.144,0.927,-0.556,0.063,0.048,0.040,120.941,6.287,1.090,0.089,1,1,3.265
1777578386459,-0.162,0.997,-0.552,0.075,0.064,0.117,120.854,6.367,1.151,0.153,1,1,3.267
1777578386473,-0.358,1.477,-0.542,0.236,0.105,0.192,120.385,6.649,1.613,0.322,1,1,3.308
1777578386486,-0.039,1.028,-0.579,0.360,0.111,0.234,120.342,6.440,1.181,0.444,5,5,3.906
1777578386500,-0.097,1.289,-0.555,0.485,0.117,0.291,120.035,6.332,1.407,0.577,5,5,3.259
1777578386514,-0.147,1.281,-0.563,0.628,0.123,0.227,119.760,6.317,1.407,0.679,5,5,3.265
1777578386527,-0.219,1.354,-0.583,0.771,0.147,0.150,119.477,6.410,1.490,0.799,5,5,3.272
1777578386540,-0.157,1.318,-0.575,0.933,0.179,0.121,119.219,6.402,1.447,0.958,5,5,3.320
1777578386554,-0.076,1.356,-0.569,1.098,0.158,0.104,118.937,6.252,1.472,1.114,4,4,3.925
1777578386568,0.007,1.388,-0.541,1.308,0.134,0.069,118.603,5.967,1.490,1.316,4,4,3.258
1777578386581,0.094,1.428,-0.527,1.529,0.112,0.039,118.238,5.552,1.525,1.534,4,4,3.248
1777578386595,0.090,1.386,-0.531,1.776,0.059,0.046,117.920,5.157,1.487,1.778,4,4,4.206
1777578386609,-0.012,1.705,-0.561,2.041,-0.000,0.125,117.495,4.948,1.795,2.045,4,4,3.251
1777578386622,-0.055,1.767,-0.619,2.354,-0.041,0.151,117.137,4.805,1.874,2.359,4,4,4.016
1777578386636,-0.126,1.825,-0.561,2.501,-0.061,0.250,116.698,4.760,1.913,2.515,4,4,3.260
1777578386650,0.095,1.920,-0.670,2.501,-0.086,0.155,116.373,4.435,2.036,2.508,4,4,3.268
1777578386663,0.330,1.811,-0.789,2.501,-0.213,0.123,116.249,3.827,2.003,2.513,4,4,3.257
1777578386676,0.476,1.383,-0.842,2.501,-0.434,-0.030,116.471,2.944,1.688,2.539,4,4,3.246
1777578386690,0.238,1.509,-0.800,2.501,-0.493,0.005,116.535,2.469,1.724,2.549,4,4,3.898
1777578386704,0.486,0.718,-0.366,2.501,-0.670,0.119,116.556,0.999,0.941,2.592,4,4,3.251
1777578386717,0.754,-1.048,0.325,2.051,-0.969,-0.005,108.276,-0.553,1.331,2.269,4,4,3.259
1777578386730,0.272,0.467,0.734,1.102,-1.117,0.179,104.962,-1.288,0.911,1.579,4,4,3.266
1777578386744,-0.171,0.223,-0.110,0.621,-0.905,0.340,105.452,0.275,0.302,1.149,4,4,3.276
1777578386757,-0.187,0.228,0.176,-0.045,-0.676,0.316,103.128,1.707,0.343,0.748,4,4,4.057
1777578386771,-0.385,0.616,0.063,-0.248,-0.364,0.005,102.297,3.025,0.729,0.440,4,4,3.334
1777578386785,-0.378,0.439,0.063,-0.456,-0.025,-0.233,101.401,4.661,0.583,0.512,4,4,3.289
1777578386798,-0.398,0.343,0.047,-0.721,0.308,-0.270,100.559,6.598,0.528,0.829,4,4,3.258
1777578386812,-0.269,0.202,0.027,-1.122,0.575,-0.126,99.759,8.623,0.337,1.267,4,4,3.253
1777578386825,-0.118,0.261,0.033,-1.556,0.705,0.034,99.020,9.301,0.288,1.709,4,4,3.881
1777578386839,-0.021,0.361,-0.032,-1.941,0.712,0.188,98.851,9.041,0.363,2.076,4,4,3.257
1777578386852,0.032,0.505,-0.110,-2.220,0.630,0.263,99.000,8.489,0.517,2.323,4,4,3.267
1777578386866,0.060,0.616,-0.236,-2.392,0.492,0.197,99.523,7.890,0.663,2.450,4,4,3.308
1777578386881,0.069,0.758,-0.335,-2.494,0.314,0.041,100.149,7.336,0.832,2.514,4,4,5.055
1777578386894,0.037,0.894,-0.464,-2.490,0.170,0.003,100.905,6.923,1.008,2.496,1,1,3.947
1777578386908,0.021,0.889,-0.561,-2.501,0.038,0.064,101.839,6.570,1.052,2.502,1,1,3.264
1777578386922,-0.094,0.943,-0.667,-2.501,-0.030,0.118,102.863,6.487,1.158,2.504,1,1,3.266
1777578386938,-0.249,1.062,-0.747,-2.501,0.025,0.013,103.837,6.678,1.322,2.502,1,1,3.350
1777578386951,-0.354,1.208,-0.820,-2.501,0.176,-0.140,104.725,6.982,1.503,2.511,1,1,3.389
1777578386965,-0.353,1.320,-0.913,-2.385,0.363,-0.271,105.597,7.219,1.643,2.428,5,5,3.866
1777578386979,-0.266,1.321,-0.970,-2.259,0.545,-0.276,106.502,7.306,1.661,2.340,5,5,3.269
1777578386992,-0.153,1.256,-1.016,-2.212,0.695,-0.119,107.484,7.223,1.622,2.321,5,5,3.252
1777578387005,-0.017,1.179,-1.074,-2.237,0.759,-0.033,108.571,6.934,1.595,2.362,5,5,3.248
1777578387019,0.063,1.196,-1.121,-2.242,0.721,-0.096,109.646,6.535,1.641,2.357,5,5,3.258
1777578387032,0.049,1.227,-1.211,-2.165,0.617,-0.114,110.739,6.178,1.725,2.254,1,1,3.847
1777578387046,0.044,1.177,-1.292,-2.078,0.469,0.004,111.918,5.845,1.748,2.130,1,1,3.263
1777578387059,-0.014,1.115,-1.336,-2.031,0.320,0.142,113.152,5.609,1.741,2.061,1,1,3.261
1777578387073,-0.191,1.148,-1.378,-1.945,0.230,0.171,114.336,5.630,1.804,1.966,1,1,3.261
1777578387086,-0.260,1.122,-1.460,-1.785,0.175,-0.007,115.565,5.735,1.859,1.794,1,1,3.265
1777578387099,-0.291,1.081,-1.552,-1.569,0.173,-0.219,116.858,5.866,1.914,1.594,1,1,3.924
1777578387114,-0.244,1.021,-1.646,-1.275,0.194,-0.328,118.229,5.923,1.952,1.331,1,1,3.377
1777578387127,-0.146,0.920,-1.666,-0.944,0.183,-0.364,119.666,5.856,1.908,1.028,1,1,3.283
1777578387140,-0.116,0.800,-1.664,-0.613,0.143,-0.291,121.182,5.758,1.850,0.693,1,1,3.283
1777578387154,-0.040,0.671,-1.624,-0.342,0.046,-0.130,122.773,5.563,1.758,0.369,1,1,3.263
1777578387167,-0.076,0.667,-1.572,-0.071,-0.060,0.015,124.270,5.431,1.709,0.094,1,1,3.887
1777578387181,-0.147,0.677,-1.518,0.223,-0.165,0.013,125.657,5.415,1.669,0.277,1,1,3.271
1777578387194,-1.500,4.000,-1.398,2.106,-0.305,0.910,124.940,6.031,4.495,2.314,1,1,3.261
1777578387208,0.510,0.953,-0.125,1.215,-0.458,0.325,123.738,4.544,1.088,1.339,1,1,3.259
1777578387221,0.033,1.284,0.094,1.496,-0.648,0.134,122.079,4.281,1.288,1.636,1,1,3.255
1777578387234,-0.154,0.906,-0.307,1.564,-0.437,0.018,121.494,4.492,0.969,1.624,1,1,3.878
1777578387248,-0.169,0.888,-0.344,1.507,-0.168,-0.029,121.043,4.735,0.967,1.517,1,1,3.263
1777578387262,0.061,0.942,-0.413,1.422,-0.051,-0.153,120.719,4.380,1.031,1.431,1,1,3.255
1777578387275,-0.088,0.906,-0.494,1.289,0.070,-0.184,120.627,4.401,1.035,1.304,1,1,3.364
1777578387289,-0.123,0.852,-0.524,1.165,0.145,-0.145,120.670,4.516,1.007,1.183,1,1,3.254
1777578387302,-0.047,0.449,-0.905,0.816,0.130,-0.124,122.110,4.435,1.011,0.835,1,1,3.912
1777578387316,-0.058,0.727,-0.681,0.506,0.023,-0.165,122.591,4.387,0.998,0.533,1,1,3.260
1777578387329,-0.174,0.883,-0.541,0.376,0.058,-0.095,122.542,4.612,1.050,0.392,1,1,3.254
1777578387343,-0.164,0.922,-0.476,0.318,0.081,-0.040,122.313,4.803,1.050,0.331,1,1,3.265
1777578387356,-0.063,0.751,-0.564,0.135,0.013,0.029,122.513,4.762,0.941,0.139,1,1,3.256
1777578387369,-0.163,0.907,-0.505,0.100,0.055,0.109,122.364,4.943,1.051,0.158,1,1,3.923
1777578387383,-0.073,0.919,-0.498,0.108,0.039,0.089,122.194,4.901,1.048,0.145,1,1,3.257
1777578387397,-0.049,0.882,-0.494,0.080,0.035,0.094,122.066,4.809,1.012,0.128,1,1,3.265
1777578387410,-0.046,0.920,-0.493,0.066,0.021,0.082,121.896,4.708,1.045,0.107,1,1,3.264
1777578387424,-0.022,0.895,-0.497,0.051,0.001,0.046,121.771,4.557,1.023,0.069,1,1,3.250
1777578387437,-0.025,0.898,-0.490,0.039,-0.020,0.010,121.634,4.419,1.024,0.045,1,1,3.888
1777578387454,0.003,0.929,-0.491,0.051,-0.054,-0.052,121.469,4.218,1.051,0.091,1,1,3.410
1777578387467,-0.042,0.940,-0.496,0.049,-0.070,-0.080,121.308,4.133,1.063,0.117,1,1,3.347
1777578387481,-0.092,0.953,-0.493,0.049,-0.069,-0.073,121.135,4.167,1.077,0.111,1,1,3.272
1777578387494,-0.092,0.967,-0.502,0.041,-0.059,-0.060,120.974,4.195,1.094,0.094,1,1,3.249
1777578387508,-0.113,0.978,-0.491,0.035,-0.038,-0.035,120.786,4.270,1.101,0.063,1,1,3.921
1777578387522,-0.123,0.968,-0.498,0.039,-0.022,-0.015,120.630,4.366,1.095,0.047,1,1,3.254
1777578387536,-0.104,0.978,-0.484,0.045,-0.004,0.004,120.443,4.412,1.096,0.045,1,1,4.022
1777578387550,-0.094,0.948,-0.498,0.047,0.009,0.009,120.323,4.438,1.075,0.049,1,1,3.266
1777578387563,-0.088,0.946,-0.487,0.046,0.011,0.005,120.187,4.451,1.067,0.047,1,1,3.264
1777578387576,-0.087,0.915,-0.500,0.040,0.016,0.005,120.121,4.466,1.046,0.044,1,1,3.904
1777578387590,-0.079,0.920,-0.509,0.034,0.016,0.006,120.070,4.458,1.054,0.038,1,1,3.250
1777578387604,-0.063,0.923,-0.489,0.034,0.013,0.001,119.976,4.414,1.047,0.036,1,1,3.726
1777578387618,-0.073,0.917,-0.506,0.033,0.012,-0.001,119.928,4.395,1.050,0.035,1,1,3.256
1777578387634,-0.066,0.921,-0.486,0.042,0.007,-0.013,119.835,4.362,1.043,0.044,1,1,4.272
1777578387647,-0.073,0.908,-0.487,0.044,0.001,-0.024,119.764,4.348,1.033,0.050,1,1,3.909
1777578387661,-0.058,0.916,-0.492,0.049,-0.009,-0.043,119.697,4.297,1.041,0.065,1,1,3.256
1777578387675,-0.071,0.911,-0.499,0.054,-0.027,-0.059,119.654,4.281,1.041,0.085,1,1,3.265
1777578387688,-0.063,0.898,-0.504,0.052,-0.048,-0.080,119.637,4.247,1.032,0.107,1,1,3.253
1777578387701,-0.046,0.913,-0.495,0.054,-0.057,-0.102,119.587,4.173,1.040,0.129,1,1,3.257
1777578387715,-0.098,0.918,-0.510,0.051,-0.055,-0.084,119.563,4.223,1.055,0.113,5,5,3.891
1777578387729,-0.119,0.931,-0.500,0.060,-0.045,-0.067,119.504,4.321,1.063,0.100,5,5,3.255
1777578387742,-0.149,0.910,-0.507,0.049,-0.033,-0.030,119.487,4.488,1.052,0.067,5,5,3.257
1777578387755,-0.134,0.925,-0.521,0.049,-0.014,-0.006,119.483,4.606,1.070,0.051,5,5,3.256
1777578387769,-0.117,0.922,-0.517,0.044,-0.002,0.014,119.474,4.681,1.064,0.047,5,5,3.271
1777578387782,-0.104,0.924,-0.509,0.044,0.004,0.023,119.448,4.723,1.060,0.050,2,2,4.201
1777578387796,-0.107,0.911,-0.516,0.044,0.010,0.026,119.451,4.772,1.052,0.052,2,2,3.279
1777578387810,-0.102,0.909,-0.507,0.041,0.016,0.032,119.438,4.808,1.046,0.054,2,2,3.275
1777578387823,-0.096,0.913,-0.522,0.038,0.023,0.039,119.453,4.827,1.056,0.059,2,2,3.264
1777578387840,-0.108,0.920,-0.517,0.040,0.028,0.054,119.447,4.871,1.061,0.073,2,2,6.471
1777578387853,-0.103,0.925,-0.518,0.039,0.033,0.065,119.438,4.900,1.065,0.082,1,1,3.929
1777578387870,-0.079,0.919,-0.516,0.042,0.036,0.063,119.433,4.873,1.057,0.084,1,1,6.218
1777578387883,-0.096,0.917,-0.519,0.045,0.035,0.068,119.437,4.889,1.058,0.089,1,1,3.263
1777578387897,-0.091,0.925,-0.525,0.043,0.035,0.068,119.444,4.889,1.067,0.088,1,1,3.281
1777578387910,-0.073,0.930,-0.515,0.046,0.035,0.068,119.423,4.848,1.066,0.089,1,1,3.280
1777578387924,-0.054,0.918,-0.507,0.048,0.029,0.067,119.401,4.766,1.050,0.088,1,1,3.924
1777578387938,-0.085,0.912,-0.548,0.076,0.022,0.074,119.471,4.757,1.067,0.108,1,1,3.292
1777578387951,-0.102,0.919,-0.545,0.084,0.026,0.084,119.524,4.788,1.073,0.122,1,1,3.264
1777578387964,-0.097,0.933,-0.522,0.088,0.025,0.114,119.512,4.805,1.073,0.146,1,1,3.297
1777578387978,-0.084,1.002,-0.525,0.098,0.027,0.160,119.430,4.781,1.135,0.190,1,1,3.266
1777578387991,-0.208,1.142,-0.513,0.157,0.054,0.281,119.201,4.986,1.269,0.327,4,4,3.945
1777578388005,-0.084,1.088,-0.520,0.258,0.084,0.276,119.041,4.943,1.208,0.387,4,4,3.313
1777578388019,-0.096,1.126,-0.522,0.334,0.086,0.215,118.858,4.919,1.245,0.406,4,4,3.259
1777578388035,-0.021,1.032,-0.549,0.387,0.090,0.248,118.820,4.749,1.169,0.469,4,4,6.030
1777578388048,-0.057,1.095,-0.532,0.467,0.100,0.270,118.693,4.658,1.219,0.548,4,4,3.263
1777578388062,-0.078,1.131,-0.566,0.534,0.117,0.276,118.601,4.609,1.268,0.613,4,4,4.058
1777578388076,-0.078,1.216,-0.546,0.656,0.140,0.276,118.407,4.553,1.335,0.726,4,4,3.290
1777578388089,-0.049,1.213,-0.555,0.756,0.138,0.231,118.240,4.446,1.335,0.802,4,4,3.243
1777578388102,-0.080,1.340,-0.556,0.908,0.145,0.202,117.991,4.390,1.453,0.941,4,4,3.259
1777578388116,0.015,1.224,-0.557,1.032,0.140,0.181,117.837,4.169,1.345,1.057,4,4,3.255
1777578388129,0.033,1.315,-0.560,1.195,0.123,0.158,117.627,3.929,1.430,1.212,4,4,3.873
1777578388144,0.108,1.375,-0.583,1.395,0.094,0.120,117.424,3.576,1.497,1.403,4,4,3.282
1777578388158,0.075,1.437,-0.574,1.597,0.082,0.092,117.178,3.299,1.549,1.602,4,4,4.001
1777578388171,0.094,1.493,-0.571,1.846,0.054,0.058,116.905,3.008,1.601,1.848,4,4,3.283
1777578388185,0.060,1.654,-0.574,2.123,0.020,0.034,116.565,2.790,1.752,2.123,4,4,3.266
1777578388198,0.068,1.588,-0.608,2.393,-0.018,-0.023,116.319,2.567,1.702,2.393,4,4,3.950
1777578388212,0.065,1.621,-0.629,2.501,-0.057,-0.047,116.095,2.361,1.740,2.502,4,4,3.257
1777578388226,0.078,1.554,-0.662,2.501,-0.062,-0.078,115.963,2.141,1.691,2.503,4,4,4.072
1777578388240,0.023,1.468,-0.722,2.501,-0.033,0.012,115.972,2.012,1.636,2.502,4,4,3.265
1777578388253,0.085,1.357,-0.792,2.501,-0.102,0.139,116.159,1.788,1.574,2.507,4,4,3.262
1777578388267,0.011,1.404,-0.888,2.501,-0.066,0.547,116.428,1.693,1.661,2.561,4,4,4.498
1777578388281,-0.161,2.054,-0.595,2.501,-0.036,1.187,115.979,1.808,2.144,2.769,4,4,3.257
1777578388299,-0.017,-0.045,-0.408,2.501,-0.199,1.105,103.311,1.830,0.411,2.742,4,4,7.831
1777578388312,0.179,-1.065,0.810,1.160,-0.460,0.677,96.487,1.416,1.350,1.420,4,4,3.274
1777578388326,0.042,0.449,-0.619,0.594,-0.614,0.155,98.568,1.216,0.766,0.868,4,4,3.275
1777578388339,-0.141,-0.029,0.319,-0.272,-0.512,-0.047,94.028,2.204,0.350,0.582,4,4,3.944
1777578388353,-0.099,0.818,-0.034,-0.579,-0.429,-0.045,93.957,2.408,0.825,0.722,4,4,3.260
1777578388367,-0.190,0.661,-0.013,-0.575,-0.310,0.159,93.832,3.004,0.688,0.672,4,4,3.473
1777578388380,-0.182,0.451,-0.029,-0.701,-0.192,0.201,93.823,3.832,0.487,0.754,4,4,3.274
1777578388395,-0.221,0.229,-0.022,-0.988,-0.086,0.063,93.896,5.583,0.318,0.994,4,4,4.343
1777578388408,-0.201,0.135,0.019,-1.455,0.002,-0.150,93.370,7.782,0.243,1.463,4,4,3.937
1777578388422,-0.151,0.220,0.040,-1.912,0.043,-0.293,92.778,8.932,0.270,1.935,4,4,3.270
1777578388435,-0.068,0.329,0.007,-2.281,0.022,-0.242,92.606,9.050,0.336,2.294,4,4,3.270
1777578388449,-0.010,0.467,-0.072,-2.501,-0.023,-0.059,92.874,8.704,0.473,2.502,4,4,3.262
1777578388462,-0.010,0.650,-0.178,-2.501,-0.062,0.070,93.419,8.361,0.674,2.503,4,4,3.287
1777578388476,-0.018,0.820,-0.310,-2.501,-0.092,0.087,94.175,8.045,0.876,2.505,4,4,3.927
1777578388490,-0.026,0.948,-0.466,-2.501,-0.116,0.047,95.137,7.756,1.056,2.505,4,4,3.370
1777578388504,-0.024,1.034,-0.609,-2.501,-0.139,0.009,96.246,7.466,1.200,2.505,4,4,4.477
1777578388518,-0.050,1.118,-0.716,-2.501,-0.132,-0.021,97.400,7.234,1.329,2.505,4,4,3.270
1777578388531,-0.107,1.177,-0.781,-2.501,-0.070,-0.109,98.545,7.108,1.417,2.505,4,4,3.284
1777578388545,-0.148,1.283,-0.833,-2.501,0.051,-0.240,99.614,7.039,1.537,2.513,5,5,3.945
1777578388559,-0.144,1.356,-0.914,-2.501,0.216,-0.367,100.680,6.951,1.641,2.537,5,5,3.298
1777578388572,-0.074,1.415,-0.977,-2.501,0.366,-0.399,101.727,6.755,1.721,2.559,5,5,3.269
1777578388585,0.083,1.406,-1.030,-2.423,0.467,-0.298,102.799,6.341,1.744,2.485,5,5,3.241
1777578388599,0.215,1.396,-1.083,-2.348,0.494,-0.189,103.893,5.761,1.779,2.406,5,5,3.253
1777578388612,0.293,1.407,-1.180,-2.246,0.426,-0.214,105.034,5.112,1.860,2.297,5,5,3.855
1777578388626,0.246,1.386,-1.322,-2.092,0.293,-0.238,106.285,4.569,1.931,2.126,5,5,3.302
1777578388639,0.092,1.326,-1.467,-1.947,0.197,-0.099,107.668,4.252,1.980,1.959,5,5,3.256
1777578388653,-0.033,1.212,-1.600,-1.942,0.209,-0.217,109.207,4.108,2.008,1.966,5,5,3.254
1777578388666,0.001,0.422,-1.063,-1.329,0.077,-0.110,111.355,3.926,1.144,1.336,5,5,3.453
1777578388680,-0.535,0.446,-1.799,-1.435,0.203,0.247,113.749,4.459,1.929,1.470,1,1,3.944
1777578388694,-0.265,0.646,-1.797,-1.348,0.247,0.051,115.781,4.610,1.928,1.371,1,1,3.324
1777578388707,-0.185,1.196,-1.749,-0.990,0.199,-0.342,117.086,4.627,2.127,1.066,1,1,3.268
1777578388720,-0.197,1.648,-1.879,-0.388,0.087,-0.411,118.034,4.622,2.507,0.572,1,1,3.271
1777578388734,-0.168,0.837,-2.012,0.316,-0.016,-0.225,119.755,4.612,2.185,0.388,1,1,3.267
1777578388747,-0.154,1.275,-2.141,1.348,-0.093,-0.076,121.044,4.566,2.496,1.354,1,1,3.957
1777578388761,-0.459,0.970,-0.246,1.288,-0.080,0.203,120.308,5.443,1.101,1.307,1,1,3.282
1777578388775,-0.078,1.250,0.027,1.285,-0.175,0.193,118.928,5.362,1.253,1.312,1,1,3.264
1777578388788,0.095,1.083,-0.263,1.466,-0.264,0.024,118.260,4.914,1.118,1.490,1,1,3.300
1777578388801,-0.379,0.948,-0.401,1.442,-0.021,0.011,118.027,5.583,1.097,1.442,1,1,3.271
1777578388815,-0.072,0.938,-0.471,1.356,0.121,0.024,117.968,5.509,1.052,1.362,1,1,3.936
1777578388829,-0.112,0.948,-0.490,1.257,0.180,0.030,117.941,5.531,1.073,1.270,1,1,3.283
1777578388843,-0.052,0.578,-0.853,0.872,0.193,0.059,119.161,5.417,1.032,0.895,1,1,3.270
1777578388856,-0.022,0.763,-0.631,0.583,0.108,-0.066,119.617,5.235,0.991,0.596,1,1,3.285
1777578388870,-0.150,0.803,-0.604,0.458,0.095,-0.014,119.936,5.376,1.016,0.468,1,1,3.276
1777578388883,-0.056,0.979,-0.495,0.191,-0.009,-0.033,119.801,5.269,1.099,0.194,1,1,3.954
1777578388897,-0.040,0.922,-0.497,0.072,0.009,0.041,119.735,5.135,1.048,0.084,1,1,3.264
1777578388910,-0.141,0.866,-0.523,0.072,0.014,0.073,119.795,5.258,1.022,0.104,1,1,3.262
1777578388924,-0.107,0.892,-0.516,0.041,0.017,0.106,119.805,5.287,1.036,0.115,1,1,3.449
1777578388937,-0.052,0.890,-0.488,0.024,0.023,0.111,119.758,5.185,1.017,0.116,1,1,3.275
1777578388951,-0.113,0.961,-0.507,0.019,0.031,0.150,119.673,5.216,1.093,0.154,1,1,4.001
1777578388965,-0.055,0.937,-0.492,0.023,0.030,0.155,119.587,5.118,1.060,0.159,1,1,3.274
1777578388978,-0.046,0.935,-0.498,0.022,0.024,0.138,119.518,5.002,1.060,0.142,1,1,3.262
1777578388992,-0.031,0.913,-0.515,0.019,0.020,0.127,119.514,4.858,1.049,0.130,1,1,3.273
1777578389009,-0.060,0.926,-0.485,0.021,0.018,0.123,119.432,4.789,1.047,0.126,1,1,6.914
1777578389022,-0.027,0.949,-0.501,0.025,0.013,0.098,119.363,4.643,1.074,0.102,1,1,4.108
1777578389036,-0.080,0.962,-0.487,0.032,0.015,0.090,119.251,4.626,1.081,0.097,1,1,3.263
1777578389050,-0.077,0.963,-0.499,0.032,0.021,0.110,119.169,4.600,1.087,0.117,1,1,4.173
1777578389064,-0.056,0.967,-0.497,0.033,0.026,0.111,119.082,4.529,1.089,0.119,1,1,3.266
1777578389077,-0.043,0.937,-0.507,0.029,0.020,0.105,119.052,4.432,1.066,0.111,1,1,3.253
1777578389091,-0.015,0.934,-0.507,0.028,0.019,0.086,119.027,4.273,1.063,0.093,1,1,3.862
1777578389105,-0.020,0.940,-0.506,0.024,0.010,0.066,118.994,4.133,1.068,0.071,1,1,3.250
1777578389119,-0.013,0.942,-0.508,0.025,0.003,0.042,118.965,3.982,1.070,0.049,1,1,4.418
1777578389132,-0.010,0.943,-0.499,0.026,-0.002,0.019,118.917,3.833,1.066,0.032,1,1,3.254
1777578389146,-0.027,0.934,-0.509,0.031,0.001,0.009,118.903,3.729,1.064,0.033,1,1,3.254
1777578389159,-0.023,0.925,-0.500,0.037,0.003,-0.005,118.880,3.621,1.052,0.038,1,1,3.859
1777578389173,-0.022,0.927,-0.513,0.045,0.003,-0.017,118.885,3.514,1.059,0.048,1,1,3.256
1777578389188,-0.023,0.906,-0.505,0.048,0.004,-0.028,118.895,3.415,1.037,0.056,1,1,3.289
1777578389201,-0.027,0.928,-0.502,0.050,0.004,-0.037,118.874,3.330,1.056,0.062,1,1,3.263
1777578389215,-0.035,0.910,-0.518,0.053,0.006,-0.042,118.907,3.268,1.048,0.068,1,1,3.947
1777578389229,-0.033,0.917,-0.511,0.054,0.007,-0.047,118.916,3.205,1.051,0.072,2,2,3.946
1777578389243,-0.021,0.936,-0.504,0.056,0.006,-0.059,118.890,3.114,1.064,0.082,2,2,3.261
1777578389256,-0.027,0.922,-0.524,0.059,0.005,-0.068,118.921,3.040,1.061,0.090,2,2,3.283
1777578389269,-0.026,0.926,-0.516,0.058,0.003,-0.084,118.930,2.968,1.060,0.103,2,2,3.267
1777578389283,-0.037,0.914,-0.511,0.054,0.003,-0.086,118.942,2.928,1.048,0.102,2,2,3.319
1777578389296,-0.032,0.926,-0.503,0.059,0.003,-0.093,118.923,2.877,1.054,0.110,1,1,3.931
1777578389310,-0.039,0.933,-0.520,0.063,-0.000,-0.100,118.932,2.843,1.069,0.119,1,1,3.260
1777578389324,-0.043,0.917,-0.524,0.057,-0.004,-0.107,118.968,2.822,1.057,0.122,1,1,3.288
1777578389337,-0.048,0.924,-0.528,0.060,-0.009,-0.108,119.002,2.812,1.065,0.124,1,1,3.268
1777578389352,0.000,0.965,-0.510,0.065,-0.010,-0.111,118.951,2.688,1.091,0.129,1,1,4.405
1777578389366,-0.073,0.894,-0.523,0.049,-0.015,-0.094,119.011,2.747,1.038,0.107,1,1,3.942
1777578389380,-0.075,0.896,-0.537,0.044,-0.015,-0.075,119.096,2.806,1.047,0.088,1,1,3.623
1777578389393,-0.083,0.894,-0.536,0.040,-0.014,-0.056,119.177,2.883,1.045,0.070,1,1,3.265
1777578389407,-0.086,0.911,-0.518,0.041,-0.008,-0.031,119.196,2.963,1.052,0.052,1,1,3.263
1777578389421,-0.102,0.919,-0.527,0.039,-0.002,-0.003,119.225,3.073,1.064,0.039,1,1,3.275
1777578389434,-0.103,0.932,-0.525,0.045,0.009,0.017,119.233,3.178,1.075,0.049,1,1,3.925
1777578389449,-0.110,0.916,-0.539,0.045,0.022,0.050,119.287,3.297,1.068,0.071,1,1,4.143
1777578389463,-0.081,0.914,-0.528,0.053,0.025,0.064,119.319,3.344,1.058,0.087,1,1,3.279
1777578389476,-0.063,0.895,-0.547,0.051,0.029,0.090,119.412,3.348,1.050,0.107,1,1,3.255
1777578389489,-0.056,0.906,-0.535,0.056,0.026,0.089,119.462,3.335,1.053,0.108,1,1,3.274
1777578389503,-0.063,0.932,-0.522,0.057,0.021,0.100,119.453,3.338,1.070,0.117,4,4,3.929
1777578389518,-0.107,0.942,-0.537,0.065,0.025,0.140,119.462,3.438,1.089,0.156,4,4,4.532
1777578389532,-0.094,0.946,-0.538,0.089,0.027,0.156,119.469,3.504,1.092,0.182,4,4,3.278
1777578389547,-0.099,1.010,-0.547,0.120,0.028,0.213,119.424,3.567,1.153,0.246,4,4,5.253
1777578389560,0.012,0.990,-0.548,0.159,0.025,0.217,119.405,3.383,1.132,0.270,4,4,3.317
1777578389574,-0.017,1.032,-0.544,0.206,0.032,0.202,119.335,3.272,1.167,0.291,4,4,3.941
1777578389588,0.012,1.041,-0.545,0.258,0.032,0.214,119.261,3.103,1.176,0.337,4,4,3.285
1777578389601,-0.041,1.154,-0.541,0.367,0.040,0.127,119.080,3.048,1.275,0.390,4,4,3.255
1777578389615,-0.010,1.027,-0.553,0.421,0.043,0.140,119.046,2.935,1.167,0.446,4,4,3.274
1777578389628,-0.055,1.146,-0.541,0.489,0.056,0.174,118.881,2.916,1.269,0.521,4,4,3.266
1777578389642,-0.071,1.175,-0.571,0.582,0.083,0.177,118.752,2.924,1.308,0.614,4,4,3.889
1777578389656,-0.011,1.208,-0.572,0.720,0.092,0.184,118.603,2.817,1.337,0.748,4,4,3.266
1777578389669,-0.038,1.253,-0.588,0.855,0.097,0.180,118.451,2.763,1.384,0.879,4,4,3.255
1777578389683,-0.076,1.492,-0.571,1.051,0.094,0.108,118.123,2.760,1.600,1.060,4,4,3.422
1777578389697,0.054,1.398,-0.549,1.289,0.082,0.121,117.831,2.550,1.503,1.297,4,4,4.454
1777578389711,0.041,1.502,-0.555,1.504,0.063,0.139,117.501,2.374,1.602,1.512,4,4,4.904
1777578389726,-0.017,1.616,-0.524,1.768,0.036,0.206,117.085,2.295,1.699,1.780,4,4,3.379
1777578389739,-0.080,1.638,-0.560,2.040,0.037,0.284,116.726,2.311,1.733,2.060,4,4,3.253
1777578389752,-0.055,1.771,-0.541,2.316,0.034,0.395,116.299,2.285,1.852,2.349,4,4,3.274
1777578389766,0.007,1.671,-0.602,2.501,0.022,0.459,116.015,2.174,1.776,2.543,4,4,3.252
1777578389781,0.093,1.648,-0.550,2.501,-0.007,0.618,115.685,1.945,1.740,2.577,4,4,5.336
1777578389795,0.142,1.631,-0.613,2.501,-0.063,0.845,115.463,1.657,1.748,2.641,4,4,3.261
1777578389809,0.171,1.280,-0.549,2.501,-0.096,0.916,115.365,1.279,1.403,2.665,4,4,4.153
1777578389822,0.200,1.607,-0.829,2.501,-0.223,1.188,115.449,0.947,1.819,2.778,4,4,3.264
1777578389836,-0.210,1.631,-0.398,2.501,-0.228,1.436,114.936,1.217,1.692,2.893,4,4,3.259
1777578389849,-0.144,1.584,-0.442,2.501,-0.259,1.721,114.527,1.382,1.651,3.047,4,4,3.980
1777578389863,0.510,-0.523,-0.155,2.501,-0.413,1.281,104.863,-0.562,0.747,2.841,4,4,3.282
1777578389877,-0.057,-0.981,0.564,1.752,-0.729,0.639,97.648,-0.411,1.133,2.002,4,4,4.079
1777578389891,-0.139,-0.288,-0.417,0.623,-0.880,-0.085,87.021,0.279,0.526,1.081,4,4,3.287
1777578389904,-0.353,-0.496,0.290,-0.555,-0.811,-0.236,80.605,1.648,0.675,1.011,4,4,3.258
1777578389917,-0.257,0.387,0.109,-1.274,-0.650,0.023,80.330,2.999,0.477,1.430,4,4,3.950
1777578389931,-0.222,0.564,0.088,-1.515,-0.534,0.337,80.366,3.799,0.613,1.641,4,4,3.260
1777578389947,-0.141,0.389,0.015,-1.725,-0.470,0.347,80.688,4.502,0.414,1.821,4,4,5.951
1777578389961,-0.190,0.334,-0.047,-2.017,-0.456,0.058,81.444,5.588,0.387,2.069,4,4,3.253
1777578389975,-0.208,0.397,-0.068,-2.258,-0.447,-0.238,82.242,6.536,0.453,2.315,4,4,4.126
1777578389989,-0.139,0.503,-0.109,-2.430,-0.467,-0.319,83.118,6.910,0.534,2.495,4,4,4.070
1777578390003,-0.058,0.614,-0.177,-2.501,-0.518,-0.237,84.121,6.837,0.641,2.566,4,4,3.260
1777578390016,-0.031,0.700,-0.269,-2.501,-0.567,-0.108,85.297,6.639,0.751,2.567,4,4,3.307
1777578390029,-0.076,0.820,-0.373,-2.501,-0.580,0.015,86.573,6.560,0.904,2.568,4,4,3.251
1777578390043,-0.159,0.923,-0.520,-2.501,-0.533,0.074,88.009,6.646,1.072,2.559,4,4,3.274
1777578390056,-0.205,0.959,-0.657,-2.501,-0.455,0.035,89.600,6.794,1.181,2.543,4,4,3.974
1777578390070,-0.262,1.057,-0.768,-2.501,-0.334,-0.080,91.193,6.993,1.332,2.525,4,4,3.273
1777578390085,-0.287,1.168,-0.853,-2.494,-0.165,-0.295,92.721,7.178,1.474,2.517,4,4,3.257
1777578390098,-0.294,1.188,-0.933,-2.404,0.025,-0.446,94.271,7.345,1.539,2.445,4,4,3.253
1777578390112,-0.237,1.194,-0.996,-2.317,0.214,-0.504,95.826,7.403,1.573,2.381,4,4,3.603
1777578390125,-0.129,1.246,-1.050,-2.225,0.371,-0.465,97.326,7.277,1.634,2.303,5,5,3.849
1777578390139,0.005,1.276,-1.106,-2.088,0.451,-0.421,98.795,6.952,1.689,2.177,5,5,3.259
1777578390152,0.131,1.238,-1.156,-1.967,0.456,-0.342,100.293,6.454,1.698,2.048,5,5,3.254
1777578390166,0.182,1.104,-1.203,-1.947,0.405,-0.157,101.918,5.894,1.643,1.995,5,5,3.253
1777578390181,0.161,1.037,-1.241,-2.006,0.315,0.191,103.588,5.388,1.626,2.039,5,5,3.258
1777578390195,0.082,1.088,-1.296,-2.018,0.240,0.452,105.180,5.031,1.694,2.081,1,1,3.929
1777578390212,-0.052,1.153,-1.365,-1.877,0.182,0.568,106.695,4.883,1.787,1.970,1,1,6.438
1777578390225,-0.246,1.069,-1.453,-1.719,0.190,0.479,108.311,5.009,1.821,1.795,1,1,3.269
1777578390239,-0.315,0.980,-1.483,-1.546,0.254,0.304,109.983,5.230,1.806,1.596,1,1,4.068
1777578390253,-0.258,0.931,-1.523,-1.345,0.313,0.128,111.671,5.361,1.804,1.387,1,1,3.260
1777578390266,-0.103,0.870,-1.544,-1.106,0.314,0.019,113.373,5.272,1.776,1.150,1,1,3.902
1777578390280,0.047,0.801,-1.587,-0.813,0.251,0.065,115.116,4.975,1.778,0.853,1,1,3.296
1777578390294,0.089,0.751,-1.604,-0.512,0.177,0.221,116.857,4.632,1.773,0.586,1,1,3.297
1777578390310,-0.022,0.745,-1.582,-0.184,0.143,0.350,118.515,4.460,1.749,0.420,1,1,6.753
1777578390324,-0.234,0.700,-1.491,0.193,0.239,0.239,120.104,4.619,1.664,0.389,1,1,3.274
1777578390338,0.343,0.080,-0.202,1.093,0.100,-0.594,121.782,1.895,0.406,1.248,1,1,4.015
1777578390352,-0.463,1.444,0.136,1.134,0.336,-0.382,120.156,2.586,1.522,1.243,1,1,3.276
1777578390367,-0.054,1.149,-0.083,1.375,0.222,-0.333,119.018,2.591,1.154,1.432,1,1,5.542
1777578390381,-0.180,0.927,-0.335,1.460,0.175,-0.294,118.618,2.930,1.002,1.500,1,1,3.273
1777578390394,-0.278,1.055,-0.290,1.488,0.119,-0.171,118.039,3.425,1.129,1.502,1,1,3.281
1777578390408,-0.168,0.897,-0.454,1.425,0.112,-0.045,117.986,3.691,1.020,1.431,1,1,3.964
1777578390422,0.018,0.367,-1.042,0.919,0.018,-0.064,119.849,3.489,1.105,0.922,1,1,3.270
1777578390437,-0.079,0.802,-0.557,0.623,-0.087,-0.234,120.065,3.538,0.980,0.671,1,1,5.538
1777578390451,-0.155,0.552,-0.779,0.478,-0.104,-0.211,121.142,3.787,0.967,0.533,1,1,3.271
1777578390464,-0.330,0.739,-0.632,0.248,-0.119,-0.200,121.552,4.442,1.027,0.340,1,1,3.261
1777578390477,-0.272,0.891,-0.516,0.108,-0.086,-0.100,121.487,4.895,1.065,0.170,1,1,3.969
1777578390491,-0.305,0.907,-0.498,0.080,-0.034,0.001,121.368,5.400,1.079,0.087,1,1,3.267
1777578390505,-0.189,0.889,-0.495,0.041,0.009,0.087,121.269,5.624,1.035,0.097,1,1,3.275
1777578390518,-0.132,0.938,-0.474,0.048,0.019,0.102,121.074,5.691,1.059,0.114,1,1,3.273
1777578390534,-0.062,0.931,-0.453,0.055,0.026,0.101,120.850,5.593,1.038,0.118,1,1,5.464
1777578390547,-0.157,0.917,-0.493,0.047,0.037,0.113,120.737,5.725,1.053,0.128,1,1,3.951
1777578390561,-0.069,0.929,-0.495,0.045,0.030,0.080,120.620,5.638,1.055,0.097,1,1,3.264
1777578390575,-0.080,0.917,-0.483,0.054,0.016,0.052,120.495,5.584,1.040,0.077,1,1,3.296
1777578390589,-0.049,0.929,-0.491,0.058,-0.009,0.008,120.378,5.456,1.052,0.060,1,1,4.269
1777578390603,-0.083,0.917,-0.483,0.067,-0.030,-0.026,120.265,5.417,1.040,0.078,1,1,4.203
1777578390617,-0.107,0.927,-0.486,0.072,-0.035,-0.030,120.151,5.436,1.052,0.086,1,1,3.916
1777578390631,-0.148,0.914,-0.505,0.066,-0.023,-0.011,120.098,5.551,1.054,0.071,1,1,3.284
1777578390644,-0.141,0.918,-0.498,0.057,-0.010,0.012,120.026,5.646,1.054,0.060,1,1,3.275
1777578390658,-0.147,0.922,-0.492,0.052,0.014,0.034,119.942,5.749,1.055,0.064,1,1,3.259
1777578390672,-0.112,0.924,-0.500,0.046,0.016,0.043,119.876,5.764,1.056,0.065,1,1,4.539
1777578390686,-0.102,0.917,-0.504,0.043,0.012,0.038,119.830,5.755,1.051,0.059,1,1,3.969
1777578390700,-0.081,0.923,-0.495,0.035,0.007,0.025,119.760,5.697,1.051,0.043,1,1,3.673
1777578390714,-0.087,0.927,-0.501,0.034,-0.002,0.015,119.701,5.655,1.058,0.037,1,1,3.292
1777578390727,-0.110,0.932,-0.511,0.030,0.001,0.017,119.659,5.666,1.069,0.035,1,1,3.267
1777578390740,-0.125,0.923,-0.497,0.023,0.008,0.030,119.600,5.717,1.056,0.039,1,1,3.286
1777578390754,-0.129,0.925,-0.508,0.019,0.014,0.045,119.564,5.772,1.064,0.051,1,1,4.006
1777578390769,-0.148,0.920,-0.506,0.014,0.033,0.075,119.530,5.871,1.060,0.083,1,1,4.014
1777578390782,-0.122,0.918,-0.512,0.006,0.043,0.098,119.513,5.904,1.059,0.107,1,1,3.267
1777578390795,-0.110,0.922,-0.502,0.000,0.051,0.105,119.473,5.908,1.055,0.117,1,1,3.263
1777578390809,-0.085,0.912,-0.490,0.001,0.049,0.100,119.419,5.854,1.039,0.111,1,1,3.289
1777578390822,-0.043,0.914,-0.491,-0.000,0.043,0.069,119.368,5.703,1.038,0.082,1,1,3.941
1777578390836,-0.045,0.898,-0.493,0.010,0.024,0.051,119.342,5.563,1.026,0.057,1,1,3.276
1777578390850,-0.042,0.912,-0.499,0.012,0.008,0.011,119.313,5.421,1.040,0.019,1,1,3.273
1777578390863,-0.061,0.920,-0.491,0.015,-0.003,-0.024,119.260,5.331,1.045,0.028,1,1,3.256
1777578390876,-0.051,0.920,-0.494,0.021,-0.017,-0.044,119.215,5.219,1.046,0.051,1,1,3.280
1777578390890,-0.089,0.910,-0.511,0.022,-0.019,-0.051,119.220,5.203,1.048,0.059,1,1,3.921
1777578390905,-0.096,0.912,-0.520,0.019,-0.018,-0.046,119.240,5.205,1.055,0.053,1,1,4.177
1777578390918,-0.107,0.919,-0.503,0.022,-0.016,-0.032,119.216,5.234,1.053,0.042,1,1,3.262
1777578390931,-0.116,0.921,-0.510,0.023,-0.013,-0.018,119.204,5.279,1.059,0.032,1,1,3.276
1777578390945,-0.116,0.917,-0.501,0.023,-0.010,-0.007,119.180,5.325,1.051,0.026,1,1,3.281
1777578390958,-0.114,0.924,-0.505,0.022,-0.006,-0.001,119.157,5.362,1.060,0.023,1,1,3.934
1777578390972,-0.100,0.922,-0.512,0.024,-0.005,0.002,119.153,5.365,1.059,0.025,1,1,3.288
1777578390986,-0.099,0.913,-0.502,0.028,-0.006,0.004,119.138,5.367,1.047,0.029,1,1,3.267
1777578390999,-0.094,0.936,-0.502,0.033,-0.005,0.004,119.098,5.353,1.066,0.034,1,1,3.266
1777578391012,-0.100,0.924,-0.506,0.037,-0.005,0.006,119.080,5.357,1.058,0.038,1,1,3.278
1777578391026,-0.090,0.916,-0.507,0.043,-0.007,0.005,119.076,5.338,1.050,0.044,1,1,3.925
1777578391040,-0.095,0.920,-0.505,0.049,-0.006,0.008,119.063,5.332,1.053,0.050,1,1,3.263
1777578391053,-0.089,0.933,-0.515,0.053,-0.006,0.012,119.054,5.307,1.070,0.055,1,1,3.255
1777578391067,-0.091,0.934,-0.504,0.055,-0.005,0.018,119.024,5.290,1.066,0.058,1,1,4.410
1777578391081,-0.092,0.918,-0.509,0.059,-0.007,0.023,119.023,5.278,1.054,0.063,1,1,3.264
1777578391096,-0.049,0.927,-0.502,0.073,-0.004,-0.023,118.997,5.164,1.056,0.077,2,2,4.003
1777578391111,-0.099,0.921,-0.526,0.075,-0.002,-0.006,119.028,5.171,1.065,0.075,2,2,3.285
1777578391127,-0.102,0.965,-0.520,0.089,-0.004,0.027,118.995,5.176,1.101,0.093,2,2,5.641
1777578391140,-0.208,1.117,-0.531,0.149,0.009,0.080,118.838,5.367,1.254,0.169,2,2,3.259
1777578391153,-0.074,0.912,-0.518,0.209,0.028,0.123,118.872,5.309,1.052,0.244,2,2,3.258
1777578391167,-0.171,0.988,-0.529,0.237,0.046,0.143,118.841,5.457,1.133,0.281,4,4,3.969
1777578391181,-0.126,1.004,-0.528,0.274,0.066,0.169,118.793,5.496,1.141,0.329,4,4,3.266
1777578391196,-0.124,1.022,-0.542,0.318,0.079,0.213,118.755,5.524,1.164,0.391,4,4,3.285
1777578391209,-0.091,1.052,-0.555,0.359,0.090,0.247,118.715,5.473,1.193,0.445,4,4,3.269
1777578391222,-0.083,1.100,-0.553,0.442,0.100,0.266,118.626,5.404,1.234,0.525,4,4,3.245
1777578391236,-0.096,1.072,-0.584,0.508,0.102,0.244,118.624,5.363,1.225,0.572,4,4,3.886
1777578391250,-0.144,1.183,-0.556,0.604,0.122,0.223,118.474,5.403,1.315,0.655,4,4,3.260
1777578391263,-0.115,1.249,-0.567,0.722,0.137,0.165,118.296,5.377,1.376,0.754,4,4,3.269
1777578391281,-0.065,1.139,-0.564,0.859,0.132,0.145,118.211,5.270,1.273,0.881,4,4,7.171
1777578391295,-0.062,1.178,-0.571,0.971,0.130,0.136,118.108,5.159,1.310,0.989,4,4,3.453
1777578391309,-0.033,1.166,-0.575,1.085,0.123,0.123,118.027,4.997,1.300,1.098,4,4,5.030
1777578391324,0.001,1.179,-0.574,1.216,0.105,0.091,117.936,4.776,1.311,1.224,4,4,3.402
1777578391337,0.042,1.289,-0.599,1.365,0.086,0.068,117.804,4.494,1.422,1.369,4,4,3.420
1777578391351,0.089,1.293,-0.605,1.547,0.047,-0.011,117.685,4.141,1.431,1.548,4,4,3.395
1777578391365,0.142,1.359,-0.594,1.756,0.014,-0.046,117.507,3.720,1.490,1.756,4,4,3.409
1777578391379,0.045,1.508,-0.617,2.007,-0.023,-0.102,117.276,3.488,1.630,2.010,4,4,4.009
1777578391398,0.001,1.576,-0.678,2.436,-0.083,-0.142,117.102,3.335,1.715,2.442,4,4,3.924
1777578391414,-0.030,1.679,-0.635,2.501,-0.104,-0.066,116.823,3.230,1.796,2.504,4,4,5.853
1777578391431,0.019,1.705,-0.763,2.501,-0.079,0.056,116.704,3.063,1.868,2.503,4,4,6.558
1777578391445,0.059,1.418,-0.810,2.501,-0.132,0.072,116.836,2.839,1.634,2.506,4,4,3.480
1777578391458,-0.026,1.529,-0.857,2.501,-0.149,0.003,116.942,2.752,1.753,2.506,4,4,3.798
1777578391472,-0.014,1.286,-0.800,2.501,-0.129,0.355,117.157,2.655,1.515,2.530,4,4,3.237
1777578391487,-0.009,1.545,-0.686,2.501,-0.209,0.848,117.017,2.552,1.690,2.649,4,4,4.757
1777578391500,0.163,-0.016,-0.223,2.501,-0.252,0.834,104.211,0.864,0.277,2.649,4,4,3.238
1777578391514,0.389,-2.027,0.471,1.926,-0.688,0.240,96.290,0.363,2.117,2.059,4,4,3.233
1777578391527,-0.106,-0.273,-0.580,0.862,-0.640,0.196,85.309,0.757,0.649,1.091,4,4,3.756
1777578391541,-0.294,-0.379,0.116,-0.180,-0.445,0.087,78.389,2.324,0.494,0.488,4,4,3.223
1777578391555,-0.200,0.278,0.099,-1.065,-0.253,0.188,78.038,3.714,0.356,1.110,4,4,3.257
1777578391568,-0.282,0.594,0.025,-1.213,-0.061,0.300,78.457,4.660,0.658,1.251,4,4,3.232
1777578391581,-0.188,0.330,0.031,-1.388,0.066,0.311,78.723,5.750,0.381,1.424,4,4,3.223
1777578391595,-0.159,0.191,-0.007,-1.675,0.110,0.215,79.306,7.234,0.249,1.692,4,4,3.711
1777578391609,-0.121,0.149,0.027,-2.060,0.074,0.152,79.322,8.606,0.193,2.067,4,4,3.249
1777578391622,-0.078,0.248,0.015,-2.421,-0.019,0.223,79.634,8.992,0.261,2.431,4,4,3.432
1777578391635,-0.037,0.389,-0.033,-2.501,-0.144,0.357,80.301,8.833,0.392,2.531,4,4,3.232
1777578391650,-0.030,0.583,-0.145,-2.501,-0.292,0.515,81.334,8.570,0.601,2.570,4,4,4.914
1777578391664,-0.087,0.743,-0.260,-2.501,-0.403,0.573,82.556,8.471,0.792,2.598,4,4,3.712
1777578391678,-0.137,0.859,-0.392,-2.501,-0.502,0.516,83.954,8.462,0.954,2.603,4,4,3.222
1777578391691,-0.201,0.986,-0.535,-2.501,-0.580,0.433,85.464,8.537,1.139,2.604,4,4,3.240
1777578391704,-0.257,0.995,-0.677,-2.501,-0.628,0.377,87.160,8.690,1.231,2.606,4,4,3.228
1777578391718,-0.323,1.021,-0.765,-2.501,-0.609,0.307,88.895,8.932,1.316,2.593,4,4,3.397
1777578391731,-0.428,1.096,-0.831,-2.501,-0.494,0.223,90.568,9.298,1.440,2.559,5,5,3.699
1777578391746,-0.467,1.181,-0.877,-2.501,-0.251,0.075,92.144,9.662,1.544,2.515,5,5,4.801
1777578391760,-0.428,1.260,-0.949,-2.501,-0.003,-0.040,93.668,9.903,1.634,2.502,5,5,3.232
1777578391773,-0.320,1.312,-1.026,-2.476,0.217,-0.032,95.170,9.946,1.697,2.486,5,5,3.222
1777578391787,-0.181,1.303,-1.090,-2.382,0.380,0.078,96.689,9.777,1.708,2.413,5,5,3.575
1777578391800,-0.044,1.260,-1.144,-2.327,0.459,0.234,98.245,9.414,1.702,2.383,5,5,3.702
1777578391814,0.047,1.184,-1.202,-2.320,0.437,0.379,99.871,8.932,1.688,2.391,5,5,3.244
1777578391828,0.030,1.242,-1.262,-2.281,0.347,0.471,101.428,8.499,1.771,2.355,5,5,3.231
1777578391842,-0.092,1.314,-1.343,-2.152,0.250,0.497,102.924,8.249,1.881,2.223,5,5,4.736
1777578391856,-0.271,1.280,-1.456,-1.938,0.177,0.374,104.487,8.237,1.958,1.982,5,5,3.241
1777578391869,-0.407,1.168,-1.507,-1.743,0.159,0.120,106.137,8.404,1.950,1.754,1,1,3.703
1777578391883,-0.381,1.068,-1.573,-1.505,0.145,-0.193,107.873,8.531,1.940,1.524,1,1,3.298
1777578391896,-0.181,1.019,-1.647,-1.204,0.129,-0.364,109.639,8.391,1.945,1.264,1,1,3.226
1777578391910,0.021,0.933,-1.719,-0.841,0.076,-0.304,111.470,7.998,1.956,0.897,1,1,3.241
1777578391923,0.057,0.797,-1.769,-0.460,0.001,0.018,113.406,7.575,1.941,0.460,1,1,3.245
1777578391938,-0.095,0.706,-1.736,-0.103,-0.048,0.321,115.350,7.370,1.876,0.341,1,1,4.981
1777578391951,-0.353,0.619,-1.619,0.274,-0.035,0.244,117.263,7.551,1.769,0.369,1,1,3.234
1777578391965,-0.480,3.822,-1.962,0.627,0.023,-0.329,117.259,7.500,4.323,0.708,1,1,3.228
1777578391978,0.952,2.106,1.218,1.121,-0.138,-0.006,114.753,6.238,2.613,1.129,1,1,3.252
1777578391991,-0.155,1.330,0.221,1.404,-0.265,-0.092,113.257,6.252,1.358,1.431,1,1,3.233
1777578392005,-0.084,0.975,-0.250,1.550,-0.125,-0.195,112.869,6.187,1.010,1.567,1,1,3.726
1777578392018,-0.157,1.007,-0.302,1.553,0.013,-0.151,112.600,6.288,1.063,1.560,1,1,3.236
1777578392032,0.027,0.941,-0.389,1.505,-0.011,-0.224,112.594,5.946,1.019,1.522,1,1,3.227
1777578392045,-0.107,0.890,-0.519,1.345,0.005,-0.188,112.929,5.946,1.036,1.358,1,1,3.228
1777578392058,-0.160,0.922,-0.550,1.211,0.043,-0.138,113.273,6.056,1.086,1.220,1,1,3.234
1777578392072,-0.049,0.469,-0.942,0.908,0.080,-0.152,115.033,5.909,1.054,0.924,1,1,3.786
1777578392086,-0.085,0.722,-0.665,0.587,0.025,-0.198,115.802,5.867,0.985,0.620,1,1,3.259
1777578392099,-0.164,0.874,-0.553,0.432,0.064,-0.159,116.087,6.005,1.047,0.464,1,1,3.223
1777578392112,-0.144,0.923,-0.522,0.361,0.051,-0.107,116.236,6.080,1.070,0.380,1,1,3.242
1777578392130,-0.098,0.856,-0.531,0.141,-0.007,-0.015,116.480,6.058,1.012,0.142,1,1,3.251
1777578392144,-0.101,0.961,-0.473,0.093,0.018,0.069,116.468,6.029,1.076,0.117,1,1,4.883
1777578392158,-0.111,0.935,-0.502,0.105,0.026,0.057,116.546,6.025,1.067,0.122,1,1,3.224
1777578392171,-0.095,0.918,-0.503,0.094,0.022,0.083,116.641,5.989,1.052,0.127,1,1,3.256
1777578392185,-0.036,0.915,-0.485,0.111,0.010,0.046,116.698,5.813,1.036,0.121,1,1,3.251
1777578392198,-0.023,0.892,-0.508,0.094,-0.000,0.007,116.827,5.615,1.027,0.095,1,1,3.212
1777578392211,-0.052,0.902,-0.494,0.081,-0.015,-0.019,116.910,5.497,1.030,0.085,1,1,3.717
1777578392225,-0.062,0.912,-0.509,0.080,-0.028,-0.039,117.009,5.405,1.046,0.093,1,1,3.425
1777578392240,-0.085,0.911,-0.510,0.071,-0.030,-0.044,117.106,5.373,1.047,0.088,1,1,4.460
1777578392253,-0.120,0.914,-0.491,0.065,-0.024,-0.030,117.156,5.426,1.044,0.075,1,1,3.218
1777578392267,-0.124,0.910,-0.508,0.055,-0.012,0.001,117.244,5.485,1.050,0.057,1,1,3.733
1777578392280,-0.135,0.926,-0.509,0.048,0.008,0.034,117.311,5.562,1.065,0.060,1,1,3.711
1777578392294,-0.116,0.914,-0.514,0.040,0.022,0.057,117.400,5.594,1.055,0.073,1,1,3.225
1777578392307,-0.105,0.936,-0.500,0.039,0.028,0.066,117.430,5.596,1.067,0.081,1,1,3.232
1777578392321,-0.063,0.940,-0.513,0.049,0.027,0.054,117.483,5.498,1.073,0.078,1,1,3.227
1777578392334,-0.047,0.935,-0.515,0.052,0.019,0.029,117.542,5.368,1.069,0.063,1,1,3.268
1777578392347,-0.061,0.943,-0.518,0.050,0.015,-0.002,117.595,5.275,1.078,0.052,1,1,3.694
1777578392361,-0.067,0.923,-0.521,0.049,0.005,-0.007,117.676,5.203,1.062,0.050,1,1,3.232
1777578392375,-0.072,0.938,-0.514,0.045,0.007,-0.012,117.723,5.144,1.072,0.047,1,1,3.277
1777578392389,-0.089,0.915,-0.521,0.043,0.006,0.002,117.807,5.130,1.057,0.044,1,1,3.213
1777578392402,-0.122,0.921,-0.523,0.042,0.016,0.017,117.885,5.192,1.066,0.048,1,1,3.268
1777578392415,-0.111,0.909,-0.525,0.042,0.022,0.033,117.977,5.229,1.055,0.058,1,1,3.694
1777578392429,-0.086,0.910,-0.521,0.040,0.027,0.038,118.058,5.205,1.052,0.062,1,1,3.262
1777578392442,-0.067,0.910,-0.527,0.038,0.029,0.035,118.147,5.137,1.054,0.060,1,1,3.224
1777578392456,-0.060,0.908,-0.512,0.033,0.024,0.028,118.203,5.056,1.044,0.049,1,1,3.223
1777578392469,-0.071,0.908,-0.525,0.029,0.018,0.019,118.282,5.003,1.051,0.039,1,1,3.262
1777578392482,-0.076,0.919,-0.514,0.031,0.016,0.013,118.323,4.964,1.056,0.037,4,4,3.690
1777578392496,-0.067,0.906,-0.512,0.032,0.008,0.005,118.374,4.909,1.043,0.034,4,4,3.232
1777578392510,-0.057,0.897,-0.527,0.029,0.005,0.000,118.465,4.832,1.042,0.030,4,4,3.216
1777578392523,-0.070,0.900,-0.538,0.025,0.001,-0.004,118.571,4.788,1.051,0.025,4,4,3.224
1777578392536,-0.074,0.904,-0.529,0.025,0.001,-0.006,118.649,4.756,1.050,0.026,4,4,3.229
1777578392549,-0.080,0.905,-0.521,0.023,-0.003,-0.006,118.704,4.740,1.047,0.024,4,4,3.683
1777578392563,-0.070,0.902,-0.531,0.022,-0.006,-0.012,118.781,4.700,1.048,0.026,4,4,3.252
1777578392577,-0.075,0.909,-0.524,0.022,-0.011,-0.012,118.832,4.672,1.052,0.027,4,4,3.213
1777578392590,-0.063,0.904,-0.519,0.024,-0.016,-0.015,118.878,4.619,1.044,0.032,4,4,3.232
1777578392603,-0.067,0.910,-0.527,0.024,-0.023,-0.022,118.930,4.577,1.053,0.040,4,4,3.220
1777578392616,-0.078,0.916,-0.529,0.030,-0.028,-0.024,118.978,4.563,1.061,0.047,1,1,3.684
1777578392630,-0.082,0.909,-0.534,0.034,-0.026,-0.021,119.042,4.558,1.058,0.048,1,1,3.334
1777578392644,-0.077,0.918,-0.521,0.033,-0.027,-0.016,119.066,4.540,1.059,0.046,1,1,3.228
1777578392657,-0.075,0.910,-0.535,0.039,-0.029,-0.018,119.127,4.519,1.058,0.052,1,1,3.253
1777578392670,-0.103,0.916,-0.525,0.046,-0.032,-0.020,119.156,4.566,1.061,0.060,1,1,3.233
1777578392684,-0.111,0.901,-0.544,0.038,-0.021,-0.001,119.242,4.630,1.059,0.043,1,1,3.707
1777578392697,-0.094,0.918,-0.528,0.036,-0.014,0.009,119.271,4.650,1.064,0.040,1,1,3.250
1777578392711,-0.090,0.900,-0.530,0.036,-0.011,0.013,119.324,4.661,1.048,0.040,1,1,3.214
1777578392724,-0.087,0.917,-0.527,0.035,-0.007,0.018,119.348,4.662,1.062,0.040,1,1,3.229
1777578392737,-0.096,0.934,-0.516,0.041,-0.005,0.025,119.329,4.683,1.072,0.048,1,1,3.222
1777578392751,-0.085,0.912,-0.544,0.038,-0.003,0.032,119.395,4.678,1.065,0.050,4,4,3.769
1777578392765,-0.085,0.902,-0.548,0.035,-0.007,0.045,119.477,4.675,1.059,0.057,4,4,3.323
1777578392778,-0.072,0.927,-0.523,0.050,-0.010,0.051,119.475,4.639,1.067,0.072,4,4,3.213
1777578392791,-0.069,0.934,-0.532,0.054,-0.014,0.057,119.483,4.596,1.077,0.080,4,4,3.226
1777578392805,-0.066,0.929,-0.538,0.066,-0.017,0.075,119.509,4.548,1.076,0.102,4,4,3.229
1777578392818,-0.103,0.951,-0.533,0.086,-0.013,0.102,119.499,4.584,1.095,0.134,4,4,3.728
1777578392832,-0.180,1.037,-0.520,0.134,0.008,0.105,119.373,4.771,1.174,0.170,4,4,3.603
1777578392845,-0.087,0.998,-0.544,0.164,0.017,0.102,119.340,4.754,1.140,0.194,4,4,3.231
1777578392859,-0.074,1.016,-0.535,0.230,0.022,0.102,119.271,4.708,1.150,0.253,4,4,3.230
1777578392872,-0.063,1.034,-0.531,0.273,0.020,0.119,119.180,4.637,1.164,0.298,4,4,3.226
1777578392885,-0.068,0.984,-0.564,0.310,0.028,0.146,119.208,4.584,1.137,0.344,4,4,3.713
1777578392899,-0.071,0.998,-0.567,0.360,0.039,0.168,119.225,4.538,1.150,0.399,4,4,3.218
1777578392912,-0.102,1.067,-0.559,0.405,0.063,0.172,119.156,4.550,1.209,0.444,4,4,3.231
1777578392926,-0.115,1.075,-0.569,0.468,0.074,0.179,119.100,4.588,1.222,0.506,4,4,3.247
1777578392939,-0.083,1.111,-0.598,0.556,0.095,0.164,119.065,4.551,1.264,0.588,4,4,3.220
1777578392952,-0.077,1.194,-0.597,0.651,0.103,0.120,118.957,4.496,1.337,0.670,4,4,3.690
1777578392966,-0.062,1.176,-0.593,0.770,0.110,0.096,118.861,4.417,1.318,0.784,4,4,3.236
1777578392980,-0.033,1.150,-0.605,0.865,0.110,0.089,118.812,4.287,1.300,0.877,4,4,3.227
1777578392993,-0.077,1.223,-0.591,0.989,0.115,0.105,118.680,4.241,1.360,1.002,4,4,3.222
1777578393006,-0.020,1.229,-0.589,1.124,0.109,0.077,118.546,4.092,1.363,1.132,4,4,3.223
1777578393019,0.007,1.239,-0.614,1.273,0.085,0.069,118.450,3.901,1.383,1.278,4,4,3.690
1777578393033,-0.020,1.295,-0.597,1.437,0.062,0.086,118.288,3.765,1.426,1.441,4,4,3.374
1777578393047,-0.057,1.248,-0.615,1.597,0.059,0.070,118.198,3.703,1.393,1.599,4,4,3.242
1777578393060,-0.046,1.247,-0.629,1.751,0.044,0.112,118.136,3.624,1.398,1.755,4,4,3.217
1777578393073,-0.066,1.216,-0.625,1.912,0.058,0.133,118.095,3.586,1.369,1.918,4,4,3.219
1777578393087,-0.066,1.198,-0.676,2.072,0.049,0.156,118.154,3.550,1.378,2.078,4,4,3.695
1777578393100,-0.052,1.165,-0.723,2.205,0.052,0.188,118.315,3.489,1.372,2.214,4,4,3.218
1777578393114,-0.007,1.069,-0.739,2.316,0.058,0.186,118.591,3.351,1.299,2.324,4,4,3.228
1777578393127,0.004,1.024,-0.830,2.414,0.068,0.250,119.047,3.196,1.318,2.428,4,4,3.219
1777578393140,0.064,0.792,-0.872,2.386,0.055,0.362,119.865,2.920,1.180,2.414,4,4,3.239
1777578393154,0.065,0.682,-0.841,2.358,0.022,0.353,120.788,2.642,1.085,2.384,4,4,3.688
1777578393167,0.012,0.646,-1.002,2.170,0.007,0.647,121.942,2.502,1.193,2.264,4,4,3.242
1777578393181,0.072,0.696,-0.983,2.216,0.047,1.052,122.937,2.244,1.207,2.453,4,4,3.256
1777578393194,0.026,0.405,-0.844,2.150,0.021,1.281,124.311,2.075,0.937,2.503,4,4,3.213
1777578393207,-0.144,0.742,-0.752,2.085,0.004,1.570,124.796,2.324,1.066,2.610,4,4,3.238
1777578393221,-0.270,0.947,-0.664,2.199,0.026,1.860,124.808,2.797,1.188,2.880,4,4,3.689
1777578393235,0.217,-0.217,-0.614,2.137,-0.058,1.830,112.329,1.868,0.686,2.814,4,4,3.260
1777578393248,-0.049,-0.282,-0.608,1.805,-0.211,1.598,100.634,1.968,0.672,2.420,4,4,3.232
1777578393261,-0.118,0.190,-0.659,1.794,-0.322,1.144,103.403,2.308,0.696,2.152,4,4,3.222
1777578393275,-0.247,-1.016,-0.136,1.193,-0.350,0.528,94.612,2.799,1.054,1.351,4,4,3.277
1777578393288,-0.235,-1.252,-0.463,-0.347,-0.347,0.394,85.650,3.112,1.355,0.629,4,4,3.695
1777578393302,-0.392,-0.722,-0.067,-1.525,-0.234,0.543,77.736,4.218,0.825,1.636,4,4,3.227
1777578393315,-0.209,-0.079,-0.075,-2.282,-0.161,0.786,68.496,6.765,0.235,2.419,4,4,3.243
1777578393328,-0.120,0.290,-0.161,-2.501,-0.243,1.051,70.709,7.341,0.352,2.724,4,4,3.220
1777578393342,0.138,0.512,-0.147,-2.501,-0.461,1.111,72.255,6.383,0.550,2.776,4,4,3.253
1777578393355,0.209,0.781,-0.250,-2.501,-0.845,1.281,73.807,5.477,0.847,2.935,4,4,3.687
1777578393369,0.256,0.761,-0.323,-2.347,-1.357,1.487,75.521,4.487,0.866,3.092,4,4,3.271
1777578393382,0.185,0.706,-0.308,-2.237,-1.890,1.554,77.186,3.699,0.792,3.315,4,4,3.227
1777578393395,0.028,0.767,-0.259,-2.172,-2.375,1.509,78.562,3.450,0.810,3.555,4,4,3.217
1777578393409,-0.173,0.774,-0.190,-2.177,-2.501,1.571,79.665,3.836,0.815,3.669,4,4,3.265
1777578393422,-0.433,0.873,-0.182,-2.221,-2.501,1.774,80.632,4.800,0.992,3.786,5,5,3.696
1777578393436,-0.757,1.003,-0.205,-2.259,-2.501,1.911,81.548,6.186,1.273,3.875,5,5,3.240
1777578393449,-1.120,1.136,-0.294,-2.223,-2.501,1.828,82.553,7.825,1.622,3.813,5,5,3.223
1777578393463,-1.294,1.146,-0.411,-2.145,-2.303,1.524,83.741,9.527,1.776,3.497,5,5,3.241
1777578393476,-1.214,1.064,-0.561,-2.085,-1.987,1.139,85.230,11.090,1.709,3.098,5,5,3.253
1777578393489,-1.096,1.066,-0.660,-2.030,-1.761,0.900,86.827,12.405,1.665,2.834,5,5,3.689
1777578393503,-1.012,1.074,-0.721,-1.970,-1.540,0.898,88.446,13.526,1.643,2.657,5,5,3.236
1777578393516,-0.861,1.116,-0.744,-1.944,-1.344,0.977,89.987,14.364,1.594,2.557,5,5,3.218
1777578393530,-0.678,1.264,-0.756,-1.882,-1.220,0.946,91.338,14.816,1.622,2.434,5,5,3.223
1777578393543,-0.556,1.399,-0.803,-1.719,-1.171,0.911,92.585,15.000,1.706,2.271,5,5,3.225
1777578393556,-0.623,1.366,-0.855,-1.542,-1.103,1.042,93.874,15.268,1.728,2.163,1,1,3.691
1777578393570,-0.782,1.282,-0.911,-1.342,-0.932,1.117,95.252,15.756,1.757,1.979,1,1,3.225
1777578393583,-0.885,1.162,-0.938,-1.173,-0.696,0.978,96.723,16.408,1.736,1.678,1,1,3.218
1777578393597,-0.878,1.023,-0.954,-1.071,-0.494,0.751,98.309,17.095,1.651,1.399,1,1,3.233
1777578393610,-0.734,0.943,-0.901,-1.074,-0.412,0.586,99.857,17.632,1.497,1.291,1,1,3.241
1777578393623,-0.550,1.033,-0.860,-1.032,-0.467,0.467,101.166,17.834,1.452,1.226,5,5,3.712
1777578393637,-0.338,1.038,-0.875,-0.918,-0.635,0.367,102.432,17.665,1.399,1.175,5,5,3.224
1777578393650,-0.177,0.949,-0.909,-0.810,-0.825,0.330,103.802,17.228,1.326,1.203,5,5,3.235
1777578393664,-0.051,0.955,-0.937,-0.693,-1.005,0.324,105.144,16.570,1.339,1.262,5,5,3.265
1777578393677,0.005,0.959,-0.950,-0.525,-1.145,0.351,106.438,15.837,1.350,1.308,5,5,3.254
1777578393690,-0.026,0.906,-0.952,-0.360,-1.212,0.434,107.749,15.194,1.314,1.337,1,1,3.709
1777578393704,-0.131,0.841,-0.939,-0.211,-1.188,0.489,109.079,14.789,1.268,1.302,1,1,3.229
1777578393718,-0.264,0.800,-0.907,-0.089,-1.074,0.451,110.370,14.681,1.238,1.169,1,1,3.217
1777578393731,-0.381,0.756,-0.899,0.020,-0.895,0.343,111.663,14.826,1.235,0.959,1,1,3.228
1777578393744,-0.415,0.664,-0.900,0.079,-0.685,0.235,113.058,15.068,1.193,0.728,1,1,3.226
1777578393758,-1.688,4.000,-1.511,1.194,-0.384,0.296,112.955,15.351,4.597,1.288,1,1,3.733
1777578393771,0.144,0.256,-0.796,1.011,-0.228,0.289,115.108,14.251,0.848,1.076,1,1,3.225
1777578393785,0.116,1.082,-0.158,0.878,-0.139,0.111,114.372,13.362,1.099,0.896,1,1,3.215
1777578393798,0.115,1.105,-0.140,1.011,-0.097,-0.087,113.622,12.519,1.120,1.020,1,1,3.219
1777578393811,-0.147,0.963,-0.292,1.118,0.081,-0.150,113.328,12.336,1.017,1.131,1,1,3.218
1777578393825,-0.072,0.981,-0.349,1.094,0.196,-0.136,113.165,11.969,1.044,1.120,1,1,3.699
1777578393838,-0.085,0.959,-0.451,1.069,0.115,-0.143,113.255,11.648,1.063,1.085,1,1,3.252
1777578393852,-0.152,0.954,-0.467,1.013,0.079,-0.091,113.378,11.494,1.072,1.020,1,1,3.239
1777578393865,-0.091,0.697,-0.791,0.849,0.115,-0.078,114.482,11.208,1.058,0.860,1,1,3.244
1777578393878,-0.022,0.777,-0.621,0.600,0.063,-0.129,115.101,10.774,0.995,0.617,1,1,3.214
1777578393892,-0.080,0.900,-0.517,0.489,0.074,-0.133,115.311,10.494,1.041,0.512,1,1,3.764
1777578393906,-0.129,0.874,-0.566,0.422,0.096,-0.129,115.645,10.345,1.049,0.451,1,1,3.223
1777578393919,-0.285,0.938,-0.469,0.209,-0.008,-0.004,115.686,10.558,1.087,0.209,1,1,3.236
1777578393932,-0.155,0.858,-0.517,0.112,0.030,0.070,115.922,10.481,1.014,0.135,1,1,3.219
1777578393946,-0.102,0.961,-0.475,0.117,0.031,0.061,115.938,10.261,1.077,0.135,1,1,3.610
1777578393959,-0.095,0.915,-0.501,0.100,0.031,0.075,116.060,10.039,1.048,0.129,1,1,3.734
1777578393973,-0.060,0.917,-0.462,0.100,0.019,0.050,116.089,9.747,1.029,0.113,1,1,3.216
1777578393986,-0.053,0.900,-0.496,0.099,0.012,0.032,116.210,9.449,1.029,0.105,1,1,3.236
1777578394000,-0.053,0.916,-0.480,0.084,0.005,0.011,116.274,9.163,1.035,0.085,1,1,3.264
1777578394013,-0.075,0.894,-0.498,0.068,-0.005,-0.005,116.398,8.946,1.026,0.068,1,1,3.226
1777578394026,-0.070,0.918,-0.497,0.063,-0.014,-0.018,116.486,8.721,1.046,0.067,1,1,3.709
1777578394040,-0.067,0.913,-0.495,0.056,-0.023,-0.035,116.572,8.501,1.041,0.070,1,1,3.222
1777578394054,-0.077,0.920,-0.509,0.055,-0.027,-0.037,116.676,8.313,1.054,0.072,1,1,3.229
1777578394067,-0.087,0.927,-0.494,0.053,-0.024,-0.033,116.737,8.157,1.055,0.067,1,1,3.221
1777578394080,-0.099,0.918,-0.501,0.059,-0.026,-0.028,116.820,8.036,1.050,0.071,1,1,3.233
1777578394093,-0.106,0.916,-0.499,0.051,-0.022,-0.024,116.898,7.939,1.048,0.060,1,1,3.697
1777578394107,-0.070,0.925,-0.506,0.052,-0.030,-0.037,116.977,7.758,1.057,0.070,1,1,3.230
1777578394121,-0.073,0.924,-0.497,0.059,-0.051,-0.058,117.033,7.592,1.052,0.097,1,1,3.241
1777578394134,-0.047,0.919,-0.513,0.061,-0.072,-0.092,117.127,7.373,1.054,0.132,1,1,3.211
1777578394148,-0.059,0.927,-0.500,0.077,-0.101,-0.115,117.178,7.190,1.055,0.171,1,1,3.577
1777578394161,-0.076,0.934,-0.491,0.083,-0.122,-0.127,117.203,7.056,1.058,0.195,1,1,3.687
1777578394175,-0.090,0.939,-0.499,0.096,-0.142,-0.137,117.236,6.959,1.067,0.220,1,1,3.228
1777578394188,-0.143,0.932,-0.504,0.093,-0.137,-0.123,117.287,6.991,1.069,0.206,1,1,3.229
1777578394201,-0.159,0.904,-0.519,0.077,-0.107,-0.095,117.400,7.064,1.054,0.162,1,1,3.233
1777578394215,-0.180,0.911,-0.529,0.061,-0.075,-0.052,117.519,7.179,1.069,0.110,1,1,3.257
1777578394228,-0.175,0.900,-0.522,0.039,-0.043,-0.012,117.633,7.282,1.055,0.059,1,1,3.688
1777578394242,-0.154,0.912,-0.521,0.031,-0.020,0.012,117.725,7.328,1.062,0.039,1,1,3.258
1777578394255,-0.136,0.907,-0.515,0.022,-0.008,0.026,117.806,7.333,1.052,0.035,1,1,3.226
1777578394268,-0.119,0.906,-0.516,0.018,-0.004,0.027,117.889,7.297,1.049,0.033,1,1,3.219
1777578394282,-0.115,0.911,-0.521,0.019,-0.007,0.021,117.972,7.253,1.056,0.029,1,1,3.224
1777578394295,-0.113,0.903,-0.512,0.022,-0.008,0.015,118.042,7.208,1.044,0.028,2,2,3.701
1777578394309,-0.073,0.910,-0.515,0.021,-0.010,0.007,118.104,7.066,1.048,0.024,2,2,3.238
1777578394322,-0.112,0.905,-0.513,0.024,-0.015,0.002,118.167,7.027,1.046,0.028,2,2,3.211
1777578394335,-0.110,0.897,-0.515,0.023,-0.021,-0.006,118.242,6.984,1.040,0.032,2,2,3.234
1777578394349,-0.118,0.902,-0.510,0.022,-0.022,-0.012,118.296,6.963,1.043,0.034,2,2,3.568
1777578394363,-0.117,0.906,-0.513,0.021,-0.022,-0.014,118.350,6.940,1.048,0.034,1,1,3.689
1777578394376,-0.125,0.891,-0.513,0.019,-0.023,-0.015,118.419,6.941,1.036,0.034,1,1,3.237
1777578394390,-0.122,0.894,-0.517,0.017,-0.020,-0.015,118.489,6.931,1.040,0.030,1,1,3.221
1777578394403,-0.124,0.905,-0.519,0.012,-0.018,-0.010,118.548,6.925,1.051,0.024,1,1,3.258
1777578394416,-0.124,0.907,-0.516,0.011,-0.011,-0.009,118.596,6.918,1.051,0.018,1,1,3.225
1777578394430,-0.123,0.909,-0.516,0.010,-0.014,-0.006,118.640,6.908,1.053,0.018,1,1,3.717
1777578394443,-0.131,0.908,-0.523,0.009,-0.007,-0.002,118.697,6.917,1.056,0.011,1,1,3.234
1777578394457,-0.130,0.905,-0.521,0.006,-0.006,0.003,118.752,6.925,1.053,0.009,1,1,3.229
1777578394470,-0.136,0.904,-0.517,0.003,0.001,0.015,118.796,6.949,1.050,0.015,1,1,3.269
1777578394483,-0.142,0.913,-0.516,-0.002,0.011,0.026,118.825,6.982,1.059,0.029,1,1,3.214
1777578394497,-0.143,0.909,-0.521,-0.005,0.018,0.037,118.869,7.016,1.058,0.042,1,1,3.807
1777578394511,-0.133,0.912,-0.518,-0.005,0.024,0.045,118.902,7.025,1.057,0.051,1,1,3.240
1777578394524,-0.119,0.912,-0.520,-0.005,0.027,0.045,118.936,7.001,1.057,0.053,1,1,3.227
1777578394537,-0.121,0.909,-0.520,-0.006,0.030,0.046,118.973,6.983,1.054,0.056,1,1,3.244
1777578394551,-0.127,0.909,-0.522,-0.005,0.029,0.045,119.012,6.981,1.056,0.054,1,1,3.664
1777578394564,-0.122,0.916,-0.519,-0.005,0.030,0.049,119.036,6.964,1.060,0.058,4,4,3.742
1777578394578,-0.113,0.913,-0.518,-0.002,0.032,0.049,119.059,6.928,1.056,0.059,4,4,3.219
1777578394592,-0.112,0.923,-0.525,0.001,0.031,0.044,119.083,6.887,1.068,0.054,4,4,3.225
1777578394605,-0.105,0.908,-0.523,0.005,0.028,0.040,119.121,6.837,1.054,0.049,4,4,3.258
1777578394618,-0.118,0.910,-0.517,0.006,0.030,0.039,119.142,6.819,1.053,0.050,4,4,3.213
1777578394632,-0.107,0.911,-0.523,0.009,0.031,0.041,119.172,6.776,1.056,0.052,2,2,3.727
1777578394645,-0.101,0.904,-0.520,0.010,0.033,0.037,119.204,6.721,1.048,0.051,2,2,3.215
1777578394659,-0.116,0.910,-0.522,0.014,0.035,0.038,119.232,6.704,1.055,0.054,2,2,3.237
1777578394672,-0.115,0.920,-0.527,0.015,0.038,0.047,119.258,6.682,1.067,0.063,2,2,3.220
1777578394685,-0.106,0.927,-0.523,0.022,0.037,0.046,119.265,6.638,1.069,0.063,2,2,3.217
1777578394699,-0.109,0.934,-0.519,0.025,0.037,0.054,119.257,6.601,1.074,0.070,3,3,3.737
1777578394712,-0.083,0.921,-0.525,0.032,0.035,0.055,119.275,6.508,1.064,0.073,3,3,3.239
1777578394726,-0.136,1.007,-0.509,0.054,0.037,0.061,119.167,6.524,1.136,0.089,3,3,3.236
1777578394739,-0.115,0.976,-0.513,0.062,0.037,0.073,119.104,6.498,1.108,0.103,3,3,3.227
1777578394752,-0.103,0.928,-0.545,0.067,0.028,0.105,119.161,6.453,1.081,0.128,3,3,3.237
1777578394766,0.035,0.960,-0.527,0.044,-0.001,0.148,119.144,6.091,1.095,0.154,4,4,3.697
1777578394780,-0.060,1.055,-0.525,0.107,-0.015,0.093,119.026,5.951,1.180,0.143,4,4,3.218
1777578394793,-0.188,1.285,-0.550,0.221,-0.003,0.081,118.770,6.025,1.411,0.235,4,4,3.241
1777578394806,-0.109,0.932,-0.560,0.404,0.044,0.160,118.869,6.012,1.093,0.437,4,4,3.226
1777578394819,-0.173,1.079,-0.549,0.432,0.061,0.229,118.785,6.105,1.223,0.493,4,4,3.224
1777578394833,-0.181,1.027,-0.573,0.491,0.094,0.264,118.802,6.221,1.190,0.565,4,4,3.694
1777578394847,-0.163,1.125,-0.566,0.561,0.130,0.253,118.711,6.271,1.270,0.629,4,4,3.218
1777578394860,-0.145,1.135,-0.566,0.642,0.143,0.189,118.614,6.282,1.277,0.685,4,4,3.263
1777578394873,-0.089,1.055,-0.559,0.715,0.150,0.163,118.584,6.194,1.197,0.749,4,4,3.225
1777578394887,-0.037,1.053,-0.581,0.769,0.142,0.146,118.597,6.000,1.203,0.795,4,4,3.228
1777578394900,-0.023,1.042,-0.588,0.838,0.130,0.136,118.635,5.785,1.196,0.859,4,4,3.692
1777578394914,0.019,1.075,-0.597,0.913,0.108,0.100,118.653,5.493,1.230,0.924,4,4,3.224
1777578394927,0.056,1.077,-0.599,1.002,0.074,0.073,118.672,5.140,1.234,1.007,4,4,3.243
1777578394940,0.012,1.100,-0.614,1.092,0.056,0.062,118.694,4.891,1.260,1.095,4,4,3.225
1777578394954,-0.022,1.119,-0.642,1.203,0.028,0.047,118.745,4.719,1.290,1.204,4,4,3.258
1777578394967,-0.029,1.080,-0.641,1.308,0.016,0.033,118.830,4.570,1.256,1.308,4,4,3.693
1777578394981,0.041,1.086,-0.625,1.435,0.012,0.025,118.878,4.287,1.254,1.435,4,4,3.241
1777578394994,-0.030,1.117,-0.665,1.532,-0.004,0.063,118.960,4.158,1.300,1.533,4,4,3.226
1777578395007,-0.086,1.115,-0.693,1.646,0.001,0.105,119.087,4.140,1.316,1.649,4,4,3.220
1777578395021,-0.094,1.031,-0.703,1.748,-0.003,0.135,119.314,4.149,1.252,1.753,4,4,3.235
1777578395034,-0.101,1.007,-0.744,1.849,0.019,0.138,119.627,4.169,1.256,1.855,4,4,3.692
1777578395048,-0.106,0.868,-0.779,1.901,0.027,0.195,120.163,4.214,1.171,1.911,4,4,3.246
1777578395061,-0.102,0.841,-0.782,1.949,0.053,0.271,120.721,4.251,1.153,1.968,4,4,3.225
1777578395074,-0.146,0.657,-0.804,1.958,0.085,0.287,121.597,4.416,1.049,1.980,4,4,3.218
1777578395088,-0.185,0.578,-0.817,1.930,0.134,0.317,122.608,4.681,1.018,1.961,4,4,3.228
1777578395101,-0.163,0.470,-0.839,1.872,0.167,0.350,123.837,4.896,0.975,1.912,4,4,3.683
1777578395115,-0.170,0.342,-0.897,1.741,0.222,0.515,125.379,5.120,0.975,1.829,4,4,3.268
1777578395128,-0.112,0.380,-0.918,1.693,0.285,0.754,126.784,5.177,1.000,1.875,4,4,3.221
1777578395142,-0.061,0.234,-0.911,1.613,0.311,0.852,128.481,5.112,0.943,1.851,4,4,3.230
1777578395155,-0.086,0.287,-0.961,1.524,0.325,0.874,130.008,5.103,1.007,1.787,4,4,3.222
1777578395168,-0.163,0.207,-0.984,1.419,0.363,0.998,131.675,5.283,1.019,1.772,4,4,3.697
1777578395182,-0.183,0.103,-0.984,1.237,0.431,1.361,133.527,5.510,1.006,1.889,4,4,3.235
1777578395195,-0.120,-0.163,-0.941,1.016,0.492,1.756,120.246,5.582,0.963,2.088,4,4,3.222
1777578395209,-0.060,-0.227,-0.938,0.754,0.514,2.087,107.711,5.493,0.966,2.278,4,4,3.965
1777578395223,-0.026,-0.337,-0.900,0.527,0.497,2.093,96.025,5.321,0.962,2.215,4,4,3.275
1777578395236,-0.057,-0.520,-0.712,0.214,0.417,1.647,85.535,5.251,0.883,1.712,4,4,3.700
1777578395250,-0.120,-0.967,-0.109,-0.642,0.283,0.688,77.577,5.327,0.981,0.983,4,4,3.261
1777578395263,-0.048,-0.245,-0.543,-1.497,0.069,-0.188,67.375,5.295,0.597,1.511,4,4,3.225
1777578395277,-0.095,-0.044,-0.101,-2.064,-0.130,-0.294,57.583,6.855,0.145,2.089,4,4,3.750
1777578395290,0.139,0.341,-0.223,-2.361,-0.368,-0.132,60.449,5.731,0.431,2.393,4,4,3.225
1777578395304,0.310,0.645,-0.245,-2.324,-0.722,0.213,62.651,4.423,0.756,2.443,4,4,3.775
1777578395318,0.190,0.748,-0.373,-2.170,-1.047,0.782,65.005,3.668,0.857,2.533,4,4,3.230
1777578395331,0.087,0.476,-0.357,-2.157,-1.282,1.005,67.710,3.145,0.601,2.703,4,4,3.228
1777578395344,-0.047,0.456,-0.306,-2.294,-1.480,0.856,70.165,3.223,0.551,2.861,4,4,3.235
1777578395358,-0.209,0.662,-0.356,-2.364,-1.611,0.461,72.270,3.763,0.781,2.897,4,4,3.220
1777578395371,-0.332,0.694,-0.360,-2.355,-1.613,-0.045,74.244,4.603,0.849,2.854,4,4,3.727
1777578395385,-0.400,0.882,-0.478,-2.302,-1.540,-0.226,76.178,5.354,1.080,2.779,4,4,3.381
1777578395398,-0.411,0.822,-0.531,-2.299,-1.359,-0.109,78.220,6.117,1.062,2.673,4,4,3.227
1777578395411,-0.348,0.904,-0.573,-2.335,-1.161,-0.006,80.151,6.638,1.126,2.608,4,4,3.238
1777578395425,-0.297,1.061,-0.687,-2.285,-0.982,-0.024,82.021,6.926,1.298,2.487,4,4,3.233
1777578395438,-0.227,1.051,-0.771,-2.201,-0.811,-0.183,83.956,7.055,1.323,2.352,5,5,3.760
1777578395452,-0.160,1.079,-0.865,-2.108,-0.643,-0.321,85.913,7.034,1.391,2.227,5,5,3.228
1777578395465,-0.094,1.142,-0.924,-1.990,-0.485,-0.303,87.797,6.887,1.472,2.071,5,5,3.240
1777578395479,-0.085,1.222,-0.929,-1.816,-0.304,-0.187,89.522,6.724,1.538,1.851,5,5,3.229
1777578395492,-0.098,1.153,-0.931,-1.684,-0.100,-0.074,91.246,6.595,1.485,1.689,5,5,3.227
1777578395505,-0.139,1.152,-0.903,-1.583,0.116,-0.095,92.857,6.544,1.470,1.590,5,5,3.708
1777578395519,-0.221,1.147,-0.926,-1.463,0.365,-0.151,94.433,6.632,1.491,1.515,5,5,3.227
1777578395532,-0.208,1.145,-0.937,-1.345,0.590,-0.161,95.957,6.692,1.494,1.478,5,5,3.239
1777578395546,-0.117,1.176,-0.925,-1.201,0.744,-0.192,97.367,6.595,1.501,1.425,5,5,3.243
1777578395561,0.027,1.150,-0.901,-1.049,0.801,-0.196,98.711,6.261,1.461,1.334,5,5,4.735
1777578395574,0.221,1.120,-0.906,-0.908,0.749,-0.124,100.035,5.606,1.457,1.184,1,1,3.725
1777578395588,-0.895,3.430,-1.903,-0.356,0.702,0.389,100.865,5.923,4.023,0.878,1,1,3.225
1777578395601,0.123,2.812,-1.261,0.536,0.752,0.108,101.446,5.564,3.085,0.930,1,1,3.253
1777578395614,0.223,0.846,-1.698,0.690,0.721,0.025,103.723,5.028,1.910,0.999,1,1,3.221
1777578395628,0.227,0.299,-0.998,0.654,0.706,0.025,106.330,4.271,1.066,0.963,1,1,3.496
1777578395641,0.438,0.769,-0.692,0.375,0.339,-0.055,107.451,3.080,1.124,0.508,1,1,3.705
1777578395655,0.229,0.742,-0.642,0.247,-0.117,-0.135,108.475,2.370,1.007,0.305,1,1,3.226
1777578395669,-0.314,0.816,-0.566,0.122,-0.093,0.001,109.187,3.035,1.042,0.153,1,1,3.240
1777578395682,-0.164,1.008,-0.419,0.118,-0.011,0.018,109.336,3.276,1.103,0.120,1,1,3.227
1777578395695,-0.004,1.014,-0.411,0.181,0.002,-0.054,109.456,3.143,1.094,0.189,1,1,3.235
1777578395709,-0.055,0.927,-0.475,0.201,-0.012,-0.086,109.791,3.139,1.044,0.219,1,1,3.705
1777578395724,-0.112,0.799,-0.559,0.134,-0.024,-0.043,110.456,3.289,0.981,0.143,1,1,4.930
1777578395738,-0.103,0.882,-0.507,0.062,-0.018,-0.035,110.868,3.397,1.023,0.073,1,1,3.237
1777578395751,-0.105,0.930,-0.491,0.050,-0.012,-0.026,111.173,3.498,1.057,0.058,1,1,3.340
1777578395764,-0.105,0.927,-0.496,0.054,-0.010,-0.006,111.478,3.596,1.057,0.055,1,1,3.247
1777578395778,-0.129,0.898,-0.506,0.037,0.005,0.027,111.825,3.751,1.039,0.047,1,1,3.711
1777578395792,-0.110,0.904,-0.498,0.011,0.012,0.061,112.133,3.854,1.038,0.063,1,1,3.262
1777578395805,-0.091,0.926,-0.484,0.008,0.016,0.072,112.373,3.903,1.049,0.074,1,1,3.226
1777578395820,-0.082,0.920,-0.493,0.004,0.016,0.069,112.627,3.928,1.047,0.071,1,1,4.854
1777578395833,-0.068,0.930,-0.480,0.001,0.014,0.065,112.831,3.918,1.048,0.066,1,1,3.228
1777578395847,-0.062,0.930,-0.501,-0.000,0.012,0.057,113.072,3.893,1.058,0.058,1,1,3.701
1777578395861,-0.054,0.943,-0.487,0.002,0.006,0.036,113.257,3.850,1.062,0.037,1,1,3.244
1777578395874,-0.042,0.938,-0.484,0.005,0.002,0.022,113.434,3.781,1.056,0.023,1,1,3.230
1777578395888,-0.050,0.939,-0.485,0.012,-0.010,0.003,113.604,3.734,1.058,0.016,1,1,3.236
1777578395901,-0.053,0.933,-0.486,0.011,-0.021,-0.014,113.776,3.698,1.053,0.028,1,1,3.288
1777578395916,-0.059,0.925,-0.483,0.016,-0.027,-0.033,113.942,3.678,1.046,0.045,1,1,5.207
1777578395930,-0.062,0.935,-0.488,0.020,-0.034,-0.048,114.101,3.666,1.057,0.062,1,1,3.232
1777578395943,-0.072,0.928,-0.480,0.020,-0.039,-0.059,114.243,3.677,1.048,0.073,1,1,3.226
1777578395957,-0.074,0.934,-0.482,0.026,-0.043,-0.067,114.378,3.694,1.053,0.084,1,1,3.242
1777578395970,-0.080,0.927,-0.485,0.030,-0.044,-0.068,114.520,3.723,1.050,0.086,1,1,3.253
1777578395984,-0.095,0.931,-0.494,0.032,-0.043,-0.062,114.671,3.787,1.058,0.081,1,1,3.717
1777578395998,-0.097,0.926,-0.488,0.030,-0.041,-0.054,114.808,3.853,1.051,0.074,1,1,3.228
1777578396012,-0.107,0.926,-0.495,0.032,-0.039,-0.041,114.954,3.940,1.055,0.065,1,1,4.702
1777578396026,-0.106,0.926,-0.492,0.031,-0.030,-0.023,115.086,4.020,1.054,0.048,1,1,3.233
1777578396039,-0.094,0.920,-0.499,0.025,-0.025,-0.010,115.235,4.070,1.051,0.037,1,1,3.226
1777578396053,-0.094,0.920,-0.495,0.021,-0.019,-0.000,115.368,4.117,1.048,0.028,2,2,3.735
1777578396066,-0.091,0.924,-0.493,0.018,-0.016,0.003,115.486,4.154,1.051,0.024,2,2,3.223
1777578396081,-0.085,0.922,-0.491,0.019,-0.016,0.002,115.597,4.177,1.048,0.025,2,2,3.261
1777578396094,-0.087,0.921,-0.501,0.016,-0.017,-0.001,115.726,4.203,1.052,0.024,2,2,3.228
1777578396107,-0.090,0.915,-0.493,0.015,-0.020,-0.002,115.840,4.235,1.043,0.025,2,2,3.225
1777578396121,-0.087,0.915,-0.491,0.014,-0.020,-0.008,115.944,4.260,1.043,0.026,4,4,3.711
1777578396134,-0.090,0.918,-0.500,0.011,-0.019,-0.010,116.061,4.288,1.049,0.024,4,4,3.225
1777578396148,-0.083,0.924,-0.496,0.009,-0.020,-0.012,116.157,4.298,1.052,0.025,4,4,3.240
1777578396161,-0.097,0.922,-0.496,0.011,-0.017,-0.009,116.248,4.342,1.052,0.022,4,4,3.231
1777578396176,-0.095,0.919,-0.515,0.010,-0.012,-0.002,116.379,4.377,1.058,0.016,4,4,4.859
1777578396189,-0.095,0.929,-0.497,0.008,-0.008,0.002,116.457,4.410,1.058,0.011,1,1,3.702
1777578396203,-0.096,0.926,-0.501,0.009,-0.005,0.004,116.543,4.446,1.058,0.012,1,1,3.224
