timestamp,ax,ay,az,gx,gy,gz,roll,pitch_k,acc_norm,gyro_norm,classe_prevista_raw,classe_prevista,delay_ms
1777577468624,-0.250977,0.585449,-0.660156,0.393435,-0.447939,-0.368702,92.3189,10.5887,0.917358,0.700986,0,0,3.282
1777577468637,-0.234,0.592,-0.683,0.433,-0.319,-0.305,111.067,12.160,0.934,0.618,0,0,3.275
1777577468651,-0.213,0.568,-0.676,0.480,-0.180,-0.233,119.366,12.557,0.908,0.563,0,0,3.262
1777577468665,-0.206,0.548,-0.657,0.521,-0.027,-0.204,124.031,12.782,0.880,0.560,0,0,3.756
1777577468678,-0.258,0.547,-0.663,0.558,0.163,-0.202,127.063,13.507,0.897,0.616,0,0,3.263
1777577468691,-0.258,0.543,-0.628,0.582,0.385,-0.206,128.967,14.099,0.869,0.728,0,0,3.255
1777577468705,-0.238,0.566,-0.617,0.608,0.646,-0.203,130.135,14.336,0.871,0.910,0,0,3.274
1777577468718,-0.481,0.176,-0.618,0.648,1.295,0.239,134.290,17.087,0.802,1.467,0,0,3.517
1777577468732,0.703,-1.037,-1.076,-1.437,1.398,2.093,104.401,12.412,1.652,2.899,0,0,3.307
1777577468745,0.258,0.877,-0.235,-1.066,1.035,0.060,104.463,9.553,0.944,1.487,0,0,3.266
1777577468759,0.108,-0.308,-0.734,-1.343,1.145,0.810,79.988,7.940,0.804,1.942,0,0,3.256
1777577468772,0.714,0.848,-1.027,-1.450,0.827,1.543,85.261,4.789,1.511,2.273,0,0,3.283
1777577468785,-0.183,0.472,-0.811,-1.637,0.685,1.493,90.544,5.303,0.956,2.319,0,0,3.255
1777577468799,-0.341,1.490,-0.589,-1.545,0.868,1.185,92.173,5.822,1.638,2.131,0,0,3.266
1777577468812,0.180,1.239,-0.701,-1.406,0.783,0.963,94.184,4.864,1.435,1.876,0,0,3.292
1777577468826,0.657,0.986,-0.602,-1.448,0.346,1.168,96.096,2.440,1.329,1.892,0,0,4.008
1777577468840,-0.075,1.421,-0.561,-1.419,0.294,0.907,97.137,2.466,1.530,1.709,0,0,3.264
1777577468853,0.353,1.502,-0.477,-1.209,0.166,0.746,97.816,1.488,1.615,1.431,0,0,3.259
1777577468866,0.219,1.420,-0.524,-1.081,0.035,0.577,98.596,0.880,1.529,1.226,0,0,3.287
1777577468880,0.166,1.527,-0.534,-0.855,0.006,0.411,99.245,0.470,1.626,0.948,0,0,3.273
1777577468893,-0.032,1.416,-0.563,-0.732,-0.002,0.353,99.980,0.513,1.524,0.813,0,0,3.275
1777577468907,-0.159,1.494,-0.576,-0.490,0.028,0.271,100.619,0.809,1.609,0.561,0,0,3.271
1777577468921,0.085,1.383,-0.519,-0.335,0.021,0.174,101.178,0.579,1.479,0.378,0,0,3.739
1777577468934,0.202,1.334,-0.525,-0.177,-0.008,0.082,101.746,0.105,1.448,0.195,0,0,3.261
1777577468947,0.242,1.175,-0.525,-0.069,-0.078,-0.072,102.410,-0.475,1.310,0.127,0,0,3.249
1777577468961,0.170,1.059,-0.534,0.006,-0.134,-0.201,103.170,-0.883,1.199,0.242,0,0,3.270
1777577468974,0.051,0.926,-0.526,0.006,-0.179,-0.265,104.024,-0.978,1.066,0.320,0,0,3.261
1777577468987,-0.167,0.916,-0.532,0.012,-0.159,-0.207,104.851,-0.469,1.072,0.261,0,0,3.259
1777577469001,-0.122,0.833,-0.541,-0.011,-0.148,-0.148,105.770,-0.090,1.000,0.209,0,0,3.265
1777577469014,-0.152,0.794,-0.539,-0.051,-0.133,-0.109,106.688,0.364,0.972,0.180,1,1,4.039
1777577469028,-0.195,0.834,-0.543,-0.097,-0.104,-0.094,107.497,0.893,1.014,0.170,1,1,3.266
1777577469041,-0.184,0.835,-0.528,-0.117,-0.080,-0.067,108.220,1.367,1.005,0.156,1,1,3.254
1777577469055,-0.203,0.839,-0.526,-0.144,-0.049,-0.046,108.893,1.861,1.011,0.159,1,1,3.260
1777577469068,-0.213,0.956,-0.502,-0.132,-0.019,0.016,109.317,2.309,1.100,0.134,1,1,3.260
1777577469082,-0.155,0.906,-0.519,-0.140,-0.004,0.073,109.818,2.600,1.055,0.158,1,1,4.043
1777577469096,-0.145,0.911,-0.513,-0.133,0.005,0.101,110.272,2.850,1.056,0.167,1,1,3.283
1777577469109,-0.098,0.890,-0.508,-0.131,0.005,0.132,110.714,2.973,1.030,0.185,1,1,3.261
1777577469122,-0.151,0.841,-0.529,-0.156,0.010,0.182,111.247,3.238,1.005,0.240,1,1,3.278
1777577469136,-0.117,0.928,-0.490,-0.144,0.010,0.230,111.554,3.384,1.056,0.271,1,1,3.246
1777577469149,0.003,0.830,-0.576,-0.112,-0.003,0.167,112.164,3.219,1.010,0.201,1,1,3.895
1777577469163,-0.029,0.974,-0.509,-0.085,0.005,0.118,112.413,3.140,1.099,0.146,1,1,3.258
1777577469176,-0.042,0.979,-0.478,-0.060,0.006,0.085,112.579,3.096,1.090,0.104,1,1,3.262
1777577469190,-0.076,0.921,-0.494,-0.068,0.014,0.090,112.835,3.144,1.048,0.114,1,1,3.260
1777577469203,-0.109,0.927,-0.510,-0.064,0.028,0.116,113.107,3.269,1.063,0.136,1,1,3.253
1777577469216,-0.074,0.936,-0.494,-0.063,0.035,0.133,113.320,3.302,1.061,0.152,1,1,3.882
1777577469230,-0.014,0.944,-0.499,-0.052,0.035,0.111,113.525,3.187,1.068,0.127,1,1,3.264
1777577469244,-0.033,0.957,-0.505,-0.042,0.028,0.088,113.719,3.123,1.082,0.102,1,1,3.268
1777577469258,-0.060,0.949,-0.499,-0.036,0.033,0.088,113.899,3.126,1.074,0.101,1,1,3.600
1777577469271,-0.061,0.946,-0.483,-0.029,0.034,0.086,114.041,3.132,1.064,0.097,1,1,3.271
1777577469284,-0.024,0.940,-0.495,-0.024,0.031,0.071,114.207,3.049,1.063,0.081,1,1,3.931
1777577469298,-0.040,0.931,-0.490,-0.024,0.028,0.054,114.365,3.010,1.052,0.065,1,1,3.263
1777577469312,-0.048,0.929,-0.500,-0.026,0.027,0.049,114.540,2.991,1.056,0.062,1,1,3.265
1777577469325,-0.021,0.934,-0.484,-0.024,0.023,0.030,114.668,2.909,1.052,0.045,1,1,3.301
1777577469338,-0.037,0.924,-0.498,-0.027,0.020,0.015,114.831,2.869,1.050,0.037,1,1,3.266
1777577469352,-0.034,0.924,-0.496,-0.027,0.017,0.002,114.982,2.824,1.050,0.032,1,1,3.916
1777577469366,-0.037,0.927,-0.492,-0.032,0.021,-0.004,115.113,2.788,1.050,0.038,1,1,3.258
1777577469379,-0.048,0.909,-0.498,-0.039,0.016,-0.005,115.273,2.783,1.038,0.043,1,1,3.268
1777577469392,-0.051,0.912,-0.489,-0.043,0.011,-0.004,115.403,2.784,1.036,0.045,1,1,3.258
1777577469406,-0.054,0.918,-0.502,-0.051,0.005,-0.000,115.546,2.792,1.048,0.052,1,1,3.275
1777577469419,-0.021,0.942,-0.484,-0.053,-0.012,-0.017,115.619,2.719,1.060,0.057,1,1,3.907
1777577469433,0.011,0.959,-0.487,-0.050,-0.032,-0.061,115.676,2.573,1.076,0.085,1,1,3.268
1777577469446,-0.027,0.952,-0.492,-0.045,-0.035,-0.082,115.749,2.523,1.072,0.100,1,1,3.259
1777577469460,-0.084,0.944,-0.481,-0.048,-0.025,-0.065,115.803,2.613,1.063,0.084,1,1,3.251
1777577469473,-0.086,0.946,-0.487,-0.047,-0.004,-0.037,115.867,2.702,1.068,0.060,1,1,3.265
1777577469486,-0.073,0.940,-0.482,-0.046,0.011,-0.022,115.922,2.759,1.059,0.052,1,1,3.920
1777577469500,-0.080,0.930,-0.479,-0.040,0.015,-0.005,115.981,2.829,1.049,0.043,1,1,3.280
1777577469514,-0.069,0.922,-0.477,-0.037,0.016,0.006,116.041,2.872,1.040,0.041,1,1,3.260
1777577469527,-0.066,0.938,-0.475,-0.028,0.013,0.015,116.078,2.904,1.053,0.034,1,1,3.277
1777577469541,-0.067,0.932,-0.473,-0.020,0.011,0.021,116.114,2.937,1.047,0.031,1,1,3.262
1777577469554,-0.061,0.936,-0.471,-0.013,0.005,0.025,116.142,2.955,1.049,0.028,1,1,3.941
1777577469568,-0.061,0.936,-0.472,-0.009,-0.003,0.027,116.169,2.970,1.050,0.028,1,1,3.261
1777577469581,-0.043,0.928,-0.475,-0.000,-0.003,0.022,116.209,2.943,1.044,0.022,1,1,3.263
1777577469595,-0.034,0.927,-0.474,0.003,-0.007,0.013,116.248,2.896,1.041,0.015,1,1,3.282
1777577469608,-0.031,0.918,-0.487,-0.000,-0.012,-0.005,116.323,2.845,1.040,0.013,1,1,3.567
1777577469622,-0.032,0.913,-0.491,-0.009,-0.014,-0.020,116.407,2.797,1.037,0.026,1,1,3.987
1777577469636,-0.058,0.912,-0.492,-0.025,-0.015,-0.024,116.493,2.814,1.038,0.038,1,1,3.254
1777577469649,-0.070,0.939,-0.490,-0.034,-0.014,-0.020,116.540,2.857,1.061,0.042,1,1,3.241
1777577469662,-0.065,0.958,-0.476,-0.030,-0.007,-0.002,116.536,2.883,1.071,0.031,1,1,3.255
1777577469676,-0.048,0.982,-0.469,-0.017,-0.008,0.007,116.491,2.868,1.089,0.020,1,1,3.249
1777577469689,-0.040,0.993,-0.453,0.014,-0.015,0.004,116.404,2.833,1.092,0.021,1,1,3.852
1777577469703,-0.058,1.014,-0.451,0.055,-0.018,0.004,116.298,2.840,1.111,0.058,1,1,3.257
1777577469716,-0.032,0.977,-0.471,0.119,-0.046,0.166,116.274,2.790,1.085,0.209,1,1,3.251
1777577469730,-0.246,1.080,-0.495,0.130,-0.027,0.277,116.202,3.180,1.213,0.307,1,1,3.281
1777577469743,-0.329,0.778,-0.533,0.128,0.078,0.368,116.561,3.882,0.998,0.398,1,1,3.250
1777577469756,-0.279,0.833,-0.521,0.075,0.149,0.431,116.802,4.407,1.021,0.462,4,4,3.907
1777577469770,-0.245,0.802,-0.565,0.008,0.214,0.428,117.169,4.827,1.011,0.478,4,4,3.270
1777577469784,-0.589,0.767,-0.638,-0.065,0.450,0.165,117.721,5.954,1.158,0.484,4,4,3.262
1777577469797,-0.301,0.845,-0.815,-0.071,0.483,-0.241,118.433,6.322,1.212,0.544,4,4,3.262
1777577469811,-0.069,0.635,-0.845,-0.141,0.204,-0.336,119.510,6.208,1.059,0.417,4,4,3.256
1777577469824,0.040,0.700,-0.749,-0.343,-0.153,-0.287,120.274,5.838,1.026,0.473,4,4,3.903
1777577469838,-0.079,1.014,-0.747,-0.206,-0.403,-0.361,120.541,5.740,1.262,0.579,4,4,3.257
1777577469851,-0.206,0.885,-0.756,-0.080,-0.455,-0.345,120.976,5.928,1.182,0.576,4,4,3.266
1777577469865,-0.303,0.855,-0.689,-0.044,-0.358,-0.271,121.320,6.344,1.139,0.451,4,4,3.255
1777577469878,-0.262,0.911,-0.638,0.021,-0.235,-0.263,121.481,6.647,1.142,0.354,4,4,3.259
1777577469891,-0.197,0.852,-0.608,0.058,-0.140,-0.200,121.657,6.823,1.065,0.251,1,1,3.889
1777577469905,-0.145,0.872,-0.554,0.053,-0.111,-0.141,121.691,6.875,1.044,0.187,1,1,3.258
1777577469919,-0.176,0.907,-0.522,0.087,-0.109,-0.142,121.613,6.992,1.062,0.199,1,1,3.276
1777577469932,-0.160,0.890,-0.527,0.089,-0.146,-0.172,121.570,7.072,1.046,0.242,1,1,3.274
1777577469945,-0.200,0.927,-0.551,0.111,-0.169,-0.169,121.533,7.222,1.096,0.264,1,1,3.252
1777577469959,-0.228,0.961,-0.595,0.173,-0.167,-0.153,121.544,7.405,1.153,0.285,4,4,3.879
1777577469973,-0.238,0.949,-0.607,0.237,-0.136,-0.148,121.590,7.604,1.151,0.310,4,4,3.252
1777577469986,-0.190,0.934,-0.609,0.291,-0.107,-0.160,121.657,7.693,1.131,0.349,4,4,3.265
1777577470000,-0.144,0.920,-0.601,0.329,-0.097,-0.122,121.722,7.684,1.108,0.364,4,4,3.258
1777577470013,-0.099,0.924,-0.580,0.358,-0.114,-0.062,121.740,7.575,1.095,0.381,4,4,3.264
1777577470026,-0.072,0.867,-0.565,0.340,-0.162,-0.000,121.798,7.418,1.038,0.377,1,1,3.890
1777577470040,-0.095,0.871,-0.550,0.302,-0.204,0.042,121.818,7.325,1.035,0.367,1,1,3.266
1777577470054,-0.174,0.913,-0.548,0.305,-0.200,0.037,121.782,7.410,1.079,0.367,1,1,3.271
1777577470067,-0.231,0.905,-0.536,0.314,-0.128,0.022,121.733,7.628,1.077,0.340,1,1,3.260
1777577470080,-0.192,0.886,-0.517,0.325,-0.062,-0.033,121.668,7.758,1.044,0.333,1,1,3.269
1777577470094,-0.147,0.872,-0.505,0.334,0.009,-0.058,121.598,7.782,1.018,0.339,4,4,3.934
1777577470108,0.021,0.803,-0.424,0.247,0.141,0.274,121.435,7.385,0.908,0.395,4,4,3.270
1777577470121,-0.104,0.879,-0.334,0.316,0.316,0.404,120.969,7.339,0.946,0.602,4,4,3.281
1777577470135,0.039,0.698,-0.101,0.264,0.591,0.959,119.974,6.880,0.706,1.157,4,4,3.284
1777577470148,0.142,0.459,0.339,-0.004,0.865,1.193,117.071,5.969,0.588,1.474,4,4,3.263
1777577470161,0.246,0.329,0.732,-0.725,1.034,0.059,113.009,4.963,0.839,1.264,4,4,3.883
1777577470175,1.093,1.151,-0.071,-0.684,1.005,0.156,112.157,2.845,1.589,1.226,4,4,3.268
1777577470189,1.453,0.530,-0.776,-0.897,0.333,0.824,113.623,0.222,1.730,1.263,4,4,3.263
1777577470202,0.521,1.546,-0.446,-0.747,0.206,-0.012,113.294,-0.572,1.691,0.775,4,4,3.260
1777577470215,2.013,4.000,1.190,0.122,-0.175,-0.428,111.550,-1.673,4.633,0.478,4,4,3.274
1777577470229,0.738,1.392,-0.470,-0.270,-0.229,-0.940,111.424,-2.766,1.644,1.005,5,5,3.885
1777577470243,-0.344,0.977,-0.521,-0.104,-0.133,-0.454,111.714,-1.890,1.159,0.484,5,5,3.260
1777577470256,-0.181,0.936,-0.490,-0.016,-0.168,-0.324,111.972,-1.381,1.072,0.365,5,5,3.260
1777577470269,-0.278,0.951,-0.482,0.019,-0.163,-0.153,112.187,-0.682,1.102,0.224,5,5,3.247
1777577470283,-0.145,0.939,-0.505,0.016,-0.102,-0.023,112.453,-0.314,1.076,0.106,5,5,3.499
1777577470296,-0.103,0.927,-0.498,0.007,-0.059,0.033,112.707,-0.056,1.057,0.068,1,1,3.893
1777577470310,-0.104,0.934,-0.506,-0.002,-0.010,0.092,112.957,0.191,1.067,0.092,1,1,3.261
1777577470324,-0.042,0.931,-0.486,-0.003,0.005,0.091,113.158,0.284,1.051,0.091,1,1,3.263
1777577470337,-0.001,0.910,-0.495,-0.015,-0.005,0.055,113.395,0.274,1.036,0.057,1,1,3.315
1777577470351,-0.008,0.906,-0.505,-0.025,-0.017,0.015,113.645,0.282,1.037,0.034,1,1,3.275
1777577470364,0.015,0.922,-0.497,-0.027,-0.036,-0.022,113.850,0.233,1.047,0.051,1,1,3.884
1777577470378,-0.043,0.939,-0.480,-0.025,-0.045,-0.034,113.992,0.325,1.056,0.061,1,1,3.259
1777577470391,-0.058,0.931,-0.486,-0.027,-0.041,-0.034,114.149,0.450,1.052,0.060,1,1,3.258
1777577470405,-0.037,0.954,-0.468,-0.022,-0.044,-0.039,114.235,0.517,1.063,0.063,1,1,3.252
1777577470418,-0.039,0.962,-0.466,-0.017,-0.039,-0.037,114.306,0.585,1.069,0.056,1,1,3.275
1777577470431,-0.048,0.938,-0.476,-0.017,-0.040,-0.040,114.420,0.674,1.053,0.059,1,1,3.901
1777577470445,-0.051,0.958,-0.478,-0.010,-0.047,-0.042,114.511,0.763,1.072,0.064,1,1,3.290
1777577470459,-0.058,0.943,-0.483,-0.005,-0.047,-0.044,114.625,0.867,1.061,0.065,1,1,3.261
1777577470472,-0.064,0.959,-0.476,0.001,-0.041,-0.033,114.701,0.979,1.073,0.053,1,1,3.251
1777577470485,-0.053,0.958,-0.478,0.007,-0.038,-0.032,114.780,1.060,1.071,0.051,1,1,3.259
1777577470499,-0.052,0.959,-0.471,0.017,-0.041,-0.035,114.842,1.135,1.070,0.057,1,1,3.878
1777577470513,-0.062,0.948,-0.478,0.025,-0.045,-0.035,114.926,1.231,1.063,0.062,1,1,3.271
1777577470526,-0.068,0.940,-0.472,0.028,-0.042,-0.031,115.002,1.339,1.054,0.059,1,1,3.255
1777577470539,-0.055,0.933,-0.480,0.032,-0.044,-0.031,115.101,1.412,1.051,0.063,1,1,3.257
1777577470553,-0.061,0.918,-0.482,0.029,-0.042,-0.028,115.215,1.498,1.038,0.058,1,1,3.261
1777577470566,-0.067,0.914,-0.479,0.023,-0.043,-0.030,115.323,1.595,1.034,0.058,1,1,3.887
1777577470580,-0.060,0.921,-0.486,0.017,-0.039,-0.028,115.432,1.669,1.043,0.051,1,1,3.277
1777577470594,-0.062,0.914,-0.489,0.013,-0.038,-0.028,115.551,1.746,1.038,0.049,1,1,3.273
1777577470607,-0.069,0.918,-0.482,0.009,-0.034,-0.024,115.644,1.835,1.039,0.042,1,1,3.257
1777577470620,-0.070,0.917,-0.490,0.005,-0.032,-0.017,115.753,1.924,1.042,0.036,1,1,3.264
1777577470634,-0.055,0.920,-0.491,-0.002,-0.034,-0.016,115.856,1.971,1.045,0.038,2,2,3.943
1777577470648,-0.075,0.921,-0.488,-0.010,-0.025,-0.010,115.945,2.065,1.045,0.029,2,2,3.301
1777577470661,-0.076,0.928,-0.486,-0.014,-0.021,-0.002,116.019,2.155,1.051,0.025,2,2,3.268
1777577470675,-0.073,0.923,-0.494,-0.020,-0.016,0.003,116.114,2.235,1.049,0.025,2,2,3.267
1777577470688,-0.080,0.930,-0.486,-0.022,-0.009,0.010,116.178,2.329,1.053,0.026,2,2,3.268
1777577470701,-0.072,0.938,-0.477,-0.023,-0.006,0.015,116.211,2.397,1.055,0.028,2,2,3.922
1777577470715,-0.074,0.929,-0.479,-0.026,-0.002,0.017,116.258,2.470,1.047,0.031,2,2,3.294
1777577470729,-0.082,0.935,-0.479,-0.030,0.004,0.023,116.296,2.557,1.053,0.038,2,2,3.266
1777577470742,-0.068,0.943,-0.487,-0.030,0.007,0.025,116.341,2.605,1.064,0.039,2,2,3.341
1777577470756,-0.058,0.948,-0.480,-0.029,0.006,0.022,116.363,2.627,1.065,0.037,2,2,3.267
1777577470769,-0.058,0.946,-0.478,-0.032,0.007,0.020,116.384,2.650,1.061,0.038,1,1,3.919
1777577470783,-0.064,0.944,-0.471,-0.030,0.006,0.015,116.388,2.686,1.057,0.034,1,1,3.278
1777577470796,-0.068,0.950,-0.483,-0.032,0.007,0.019,116.413,2.727,1.068,0.038,1,1,3.267
1777577470810,-0.051,0.961,-0.486,-0.034,0.013,0.013,116.431,2.727,1.078,0.039,1,1,3.996
1777577470824,-0.055,0.983,-0.484,-0.038,0.015,0.005,116.422,2.732,1.097,0.041,1,1,3.278
1777577470837,-0.049,0.957,-0.476,-0.041,0.014,-0.006,116.423,2.727,1.070,0.044,1,1,3.925
1777577470851,-0.085,0.936,-0.475,-0.035,0.019,0.004,116.444,2.810,1.053,0.040,1,1,3.291
1777577470865,-0.076,0.934,-0.459,-0.031,0.026,0.018,116.433,2.869,1.044,0.044,1,1,3.254
1777577470878,-0.062,0.927,-0.467,-0.020,0.030,0.023,116.446,2.892,1.040,0.043,1,1,3.256
1777577470891,-0.067,0.926,-0.467,-0.015,0.031,0.032,116.460,2.927,1.039,0.047,1,1,3.264
1777577470905,-0.064,0.931,-0.469,-0.005,0.035,0.040,116.472,2.953,1.045,0.054,2,2,3.880
1777577470919,-0.055,0.917,-0.483,0.001,0.033,0.041,116.529,2.958,1.038,0.052,2,2,3.277
1777577470932,-0.050,0.918,-0.470,0.003,0.029,0.036,116.556,2.949,1.033,0.047,2,2,3.263
1777577470945,-0.055,0.915,-0.469,-0.000,0.016,0.030,116.582,2.954,1.029,0.034,2,2,3.338
1777577470959,-0.031,0.922,-0.468,-0.001,0.007,0.015,116.596,2.899,1.034,0.017,2,2,3.262
1777577470974,-0.061,0.926,-0.470,-0.001,-0.000,0.014,116.610,2.920,1.040,0.014,2,2,5.233
1777577470988,-0.050,0.928,-0.470,-0.003,-0.004,0.007,116.621,2.912,1.042,0.009,2,2,3.280
1777577471003,-0.065,0.943,-0.467,-0.004,-0.001,0.012,116.609,2.940,1.054,0.013,2,2,4.467
1777577471016,-0.052,0.934,-0.469,-0.002,-0.004,0.013,116.612,2.937,1.046,0.014,2,2,3.264
1777577471029,-0.050,0.938,-0.477,-0.005,-0.003,0.012,116.627,2.927,1.053,0.013,2,2,3.267
1777577471043,-0.043,0.936,-0.468,-0.003,-0.007,0.000,116.624,2.902,1.047,0.008,2,2,3.895
1777577471058,-0.050,0.931,-0.472,-0.003,-0.014,-0.014,116.636,2.896,1.045,0.020,2,2,4.606
1777577471071,-0.046,0.931,-0.475,-0.001,-0.018,-0.022,116.653,2.879,1.046,0.028,2,2,3.253
1777577471085,-0.055,0.941,-0.464,-0.001,-0.022,-0.026,116.634,2.886,1.051,0.034,2,2,3.260
1777577471098,-0.067,0.948,-0.474,-0.001,-0.020,-0.021,116.631,2.919,1.063,0.029,2,2,3.261
1777577471112,-0.078,0.942,-0.468,0.002,-0.017,-0.011,116.622,2.976,1.055,0.020,2,2,3.892
1777577471126,-0.076,0.937,-0.476,0.002,-0.007,0.002,116.635,3.027,1.053,0.008,2,2,3.272
1777577471143,-0.080,0.937,-0.464,0.000,-0.003,0.020,116.622,3.086,1.049,0.020,2,2,7.002
1777577471158,-0.064,0.936,-0.473,-0.002,0.001,0.028,116.630,3.105,1.051,0.028,2,2,4.943
1777577471171,-0.062,0.948,-0.476,-0.005,0.001,0.032,116.631,3.115,1.062,0.033,2,2,3.279
1777577471185,-0.052,0.942,-0.474,-0.000,0.001,0.032,116.634,3.103,1.056,0.032,1,1,3.942
1777577471199,-0.049,0.938,-0.464,0.001,0.000,0.021,116.621,3.085,1.048,0.021,1,1,3.295
1777577471212,-0.045,0.933,-0.474,-0.002,0.001,0.017,116.634,3.059,1.048,0.017,1,1,3.267
1777577471230,-0.048,0.927,-0.472,-0.004,-0.002,0.007,116.649,3.039,1.041,0.008,1,1,7.831
1777577471244,-0.048,0.930,-0.472,-0.002,-0.004,0.004,116.660,3.023,1.044,0.006,1,1,3.271
1777577471257,-0.043,0.925,-0.464,-0.005,-0.005,-0.004,116.659,2.994,1.036,0.008,2,2,3.901
1777577471271,-0.050,0.926,-0.473,-0.002,-0.005,-0.011,116.677,2.984,1.041,0.012,2,2,3.263
1777577471284,-0.056,0.939,-0.469,-0.003,-0.008,-0.011,116.672,2.987,1.051,0.014,2,2,3.255
1777577471298,-0.064,0.934,-0.472,-0.002,-0.009,-0.012,116.678,3.010,1.048,0.015,2,2,4.033
1777577471312,-0.055,0.940,-0.471,0.002,-0.010,-0.009,116.676,3.008,1.053,0.014,2,2,3.262
1777577471325,-0.060,0.937,-0.471,0.003,-0.007,-0.005,116.677,3.021,1.050,0.009,2,2,3.927
1777577471339,-0.065,0.944,-0.473,0.007,-0.008,0.001,116.675,3.042,1.058,0.011,2,2,3.377
1777577471353,-0.062,0.943,-0.472,0.008,-0.007,0.008,116.671,3.056,1.056,0.013,2,2,3.345
1777577471367,-0.064,0.945,-0.462,0.013,-0.004,0.012,116.644,3.073,1.054,0.018,2,2,3.854
1777577471380,-0.058,0.943,-0.474,0.015,-0.004,0.019,116.647,3.077,1.057,0.024,2,2,3.259
1777577471393,-0.061,0.944,-0.467,0.021,-0.005,0.021,116.633,3.087,1.055,0.030,2,2,3.891
1777577471407,-0.050,0.943,-0.477,0.030,-0.002,0.015,116.642,3.071,1.058,0.033,2,2,3.267
1777577471421,-0.047,0.940,-0.475,0.033,-0.008,0.013,116.649,3.049,1.055,0.036,2,2,3.256
1777577471435,-0.054,0.944,-0.465,0.041,-0.004,0.009,116.629,3.044,1.054,0.043,2,2,3.754
1777577471448,-0.056,0.948,-0.474,0.046,-0.006,0.011,116.626,3.043,1.061,0.048,2,2,3.269
1777577471461,-0.062,0.946,-0.476,0.048,-0.003,0.015,116.630,3.055,1.061,0.051,2,2,3.887
1777577471476,-0.065,0.934,-0.487,0.052,0.000,0.023,116.668,3.076,1.055,0.057,2,2,3.977
1777577471489,-0.059,0.941,-0.483,0.057,0.004,0.024,116.689,3.081,1.059,0.062,2,2,3.249
1777577471503,-0.050,0.973,-0.450,0.065,0.000,0.023,116.608,3.062,1.073,0.069,2,2,3.261
1777577471516,-0.041,0.955,-0.483,0.068,-0.001,0.015,116.618,3.023,1.071,0.070,2,2,3.263
1777577471530,-0.038,0.923,-0.511,0.063,-0.003,0.010,116.721,2.980,1.056,0.064,2,2,3.891
1777577471544,-0.036,0.939,-0.462,0.083,-0.008,0.013,116.698,2.935,1.048,0.084,2,2,4.005
1777577471558,-0.043,0.946,-0.490,0.081,-0.012,0.015,116.729,2.908,1.066,0.083,2,2,3.258
1777577471571,0.025,0.959,-0.474,0.071,-0.029,0.027,116.711,2.722,1.070,0.081,2,2,3.256
1777577471584,0.198,0.990,-0.474,0.066,-0.094,0.185,116.662,2.157,1.116,0.218,2,2,3.253
1777577471598,-0.185,1.349,-0.467,0.233,-0.074,-0.011,116.331,2.386,1.439,0.244,4,4,3.894
1777577471612,-0.063,1.088,-0.494,0.350,-0.053,0.075,116.247,2.414,1.197,0.362,4,4,3.262
1777577471625,-0.005,1.142,-0.510,0.412,-0.083,0.158,116.151,2.319,1.250,0.449,4,4,3.263
1777577471638,-0.065,1.244,-0.510,0.515,-0.081,0.149,115.983,2.339,1.347,0.542,4,4,3.258
1777577471652,-0.139,1.404,-0.504,0.640,-0.042,0.022,115.710,2.471,1.498,0.642,4,4,3.271
1777577471665,-0.142,1.335,-0.508,0.809,-0.011,0.037,115.496,2.611,1.435,0.810,4,4,3.972
1777577471684,-0.113,1.451,-0.516,1.042,0.008,0.023,115.237,2.680,1.545,1.042,4,4,3.345
1777577471697,-0.060,1.470,-0.517,1.231,-0.005,0.016,114.981,2.660,1.559,1.231,4,4,3.253
1777577471711,-0.005,1.462,-0.505,1.433,-0.018,-0.009,114.722,2.552,1.547,1.433,4,4,3.272
1777577471724,0.021,1.442,-0.492,1.629,-0.045,-0.046,114.465,2.406,1.524,1.630,4,4,3.328
1777577471737,0.059,1.391,-0.510,1.809,-0.085,-0.104,114.277,2.201,1.483,1.814,4,4,3.886
1777577471753,0.031,1.309,-0.561,1.967,-0.101,-0.145,114.229,2.049,1.425,1.975,4,4,4.384
1777577471766,0.075,1.196,-0.578,2.085,-0.156,-0.116,114.297,1.818,1.330,2.095,4,4,3.254
1777577471779,0.031,0.985,-0.639,2.119,-0.164,-0.136,114.677,1.673,1.175,2.130,4,4,3.254
1777577471793,-0.026,0.798,-0.673,2.102,-0.170,-0.118,115.353,1.663,1.044,2.112,4,4,3.261
1777577471806,-0.074,0.697,-0.690,2.011,-0.171,-0.198,116.200,1.779,0.983,2.028,4,4,3.881
1777577471821,-0.082,0.566,-0.730,1.939,-0.122,-0.102,117.337,1.923,0.928,1.945,4,4,3.803
1777577471834,-0.108,0.426,-0.718,1.830,-0.096,0.070,118.736,2.162,0.842,1.834,4,4,3.269
1777577471847,-0.092,0.347,-0.667,1.713,-0.102,0.099,120.213,2.373,0.758,1.719,4,4,3.264
1777577471861,-0.162,0.277,-0.728,1.568,-0.113,0.145,121.917,2.782,0.795,1.579,4,4,3.293
1777577471874,-0.198,-0.256,-0.467,1.108,-0.059,0.103,109.972,3.554,0.568,1.114,4,4,3.905
1777577471890,-0.120,-0.302,-0.116,0.152,-0.006,-0.001,100.306,4.288,0.346,0.152,4,4,4.020
1777577471904,-0.252,-0.296,-0.363,-0.545,0.090,-0.022,89.765,5.336,0.532,0.553,4,4,3.265
1777577471917,-0.078,-0.011,-0.243,-1.167,0.125,0.039,78.078,5.884,0.255,1.174,4,4,3.247
1777577471930,-0.073,0.211,-0.220,-1.504,0.096,0.130,80.621,6.219,0.314,1.513,4,4,3.268
1777577471944,-0.057,0.342,-0.208,-1.735,0.061,0.231,82.403,6.302,0.405,1.751,4,4,3.890
1777577471958,-0.022,0.393,-0.210,-1.872,-0.012,0.238,83.968,6.150,0.446,1.887,4,4,3.262
1777577471971,-0.037,0.306,-0.213,-2.064,-0.097,0.145,85.754,6.126,0.375,2.071,4,4,3.259
1777577471985,-0.079,0.366,-0.216,-2.302,-0.170,-0.021,87.273,6.317,0.432,2.308,4,4,3.265
1777577471998,-0.082,0.491,-0.214,-2.489,-0.225,-0.110,88.420,6.422,0.542,2.501,4,4,3.271
1777577472012,-0.054,0.576,-0.219,-2.501,-0.265,-0.050,89.401,6.359,0.618,2.516,4,4,3.889
1777577472026,-0.029,0.860,-0.306,-2.501,-0.320,0.097,90.285,6.160,0.913,2.524,4,4,3.248
1777577472039,-0.082,0.970,-0.382,-2.501,-0.323,0.152,91.212,6.086,1.046,2.527,4,4,3.273
1777577472052,-0.169,1.019,-0.458,-2.411,-0.263,0.128,92.219,6.195,1.130,2.429,4,4,3.247
1777577472066,-0.197,1.012,-0.514,-2.361,-0.148,0.045,93.299,6.354,1.152,2.366,4,4,3.260
1777577472079,-0.171,1.033,-0.521,-2.358,-0.050,-0.074,94.325,6.443,1.169,2.360,5,5,3.883
1777577472093,-0.075,1.182,-0.508,-2.305,0.026,-0.077,95.153,6.307,1.289,2.307,5,5,3.250
1777577472106,-0.018,1.316,-0.531,-2.118,0.058,-0.007,95.889,6.063,1.420,2.119,5,5,3.268
1777577472120,0.044,1.282,-0.526,-1.953,0.059,0.007,96.607,5.719,1.387,1.954,5,5,3.257
1777577472133,0.045,1.227,-0.539,-1.846,0.047,-0.000,97.355,5.385,1.341,1.847,5,5,3.255
1777577472146,0.053,1.149,-0.488,-1.857,0.030,0.065,98.038,5.043,1.250,1.859,5,5,3.892
1777577472160,0.018,1.284,-0.453,-1.782,0.021,0.136,98.537,4.789,1.362,1.787,5,5,3.249
1777577472175,-0.039,1.329,-0.472,-1.597,0.033,0.162,99.018,4.649,1.410,1.605,5,5,4.070
1777577472188,-0.130,1.218,-0.476,-1.503,0.095,0.164,99.557,4.695,1.314,1.515,5,5,3.401
1777577472203,-0.114,1.239,-0.471,-1.415,0.169,0.141,100.049,4.704,1.330,1.432,5,5,3.269
1777577472216,-0.039,1.232,-0.488,-1.331,0.200,0.140,100.554,4.572,1.326,1.353,5,5,3.931
1777577472230,0.041,1.255,-0.508,-1.230,0.183,0.154,101.057,4.297,1.354,1.253,5,5,3.254
1777577472243,0.088,1.292,-0.540,-1.039,0.130,0.186,101.566,3.952,1.403,1.064,5,5,3.252
1777577472257,0.073,1.251,-0.630,-0.882,0.058,0.254,102.230,3.650,1.403,0.920,5,5,3.286
1777577472270,-0.058,-0.227,-1.616,-0.037,-0.164,0.208,90.237,3.578,1.633,0.267,5,5,3.249
1777577472283,-0.511,1.395,-1.341,0.702,0.363,-0.069,92.145,4.069,2.001,0.793,1,1,3.921
1777577472297,-0.282,0.861,-0.301,0.202,0.454,0.167,92.895,4.642,0.955,0.524,1,1,3.251
1777577472311,0.081,1.108,0.096,0.187,0.274,0.188,92.552,4.257,1.115,0.381,1,1,3.244
1777577472324,0.168,1.062,0.087,0.322,-0.074,0.075,92.235,3.679,1.079,0.339,1,1,3.264
1777577472337,-0.077,1.041,0.042,0.407,-0.129,0.081,92.035,3.702,1.044,0.435,1,1,3.248
1777577472351,-0.108,1.012,-0.072,0.455,-0.088,0.140,92.123,3.806,1.020,0.484,1,1,3.875
1777577472365,-0.062,1.033,-0.079,0.467,-0.049,0.160,92.222,3.791,1.038,0.496,1,1,3.744
1777577472379,-0.048,1.038,-0.080,0.480,-0.022,0.162,92.317,3.741,1.042,0.507,1,1,3.250
1777577472392,-0.011,1.039,-0.061,0.511,0.004,0.145,92.363,3.604,1.041,0.531,1,1,3.277
1777577472405,-0.004,1.030,-0.078,0.541,0.042,0.112,92.449,3.456,1.033,0.554,1,1,3.257
1777577472419,0.018,1.003,-0.122,0.564,0.060,0.074,92.645,3.261,1.010,0.572,1,1,3.890
1777577472433,0.028,0.976,-0.182,0.528,0.046,0.019,92.992,3.047,0.994,0.530,1,1,3.266
1777577472446,0.014,0.999,-0.159,0.498,0.021,-0.003,93.258,2.879,1.011,0.498,1,1,3.254
1777577472459,-0.005,1.013,-0.139,0.505,0.011,-0.026,93.456,2.765,1.023,0.506,1,1,3.263
1777577472473,-0.029,1.008,-0.155,0.525,0.029,-0.040,93.686,2.714,1.020,0.527,1,1,3.263
1777577472486,-0.027,1.004,-0.166,0.542,0.055,-0.048,93.935,2.662,1.018,0.547,1,1,3.905
1777577472501,-0.050,0.983,-0.231,0.531,0.077,-0.049,94.342,2.668,1.011,0.539,1,1,3.834
1777577472514,-0.038,0.973,-0.230,0.507,0.077,-0.036,94.735,2.646,1.001,0.514,1,1,3.264
1777577472528,-0.033,1.004,-0.207,0.500,0.055,-0.018,95.037,2.612,1.026,0.504,1,1,3.265
1777577472541,-0.031,0.987,-0.243,0.502,0.039,-0.004,95.421,2.575,1.017,0.504,1,1,3.255
1777577472554,-0.053,0.992,-0.251,0.494,0.045,0.014,95.805,2.592,1.025,0.497,1,1,3.886
1777577472569,-0.022,0.976,-0.279,0.476,0.045,0.016,96.249,2.534,1.015,0.479,1,1,3.562
1777577472582,-0.020,1.002,-0.263,0.479,0.048,0.009,96.619,2.470,1.036,0.481,1,1,3.252
1777577472595,-0.024,0.995,-0.272,0.491,0.045,-0.002,96.998,2.421,1.032,0.493,1,1,3.254
1777577472609,-0.033,0.998,-0.295,0.494,0.041,-0.002,97.413,2.393,1.042,0.496,1,1,3.260
1777577472622,-0.013,0.983,-0.319,0.478,0.036,-0.009,97.874,2.320,1.034,0.480,1,1,3.940
1777577472636,-0.043,0.999,-0.298,0.481,0.048,-0.010,98.256,2.321,1.043,0.484,1,1,3.254
1777577472649,-0.036,1.022,-0.292,0.510,0.053,-0.005,98.592,2.304,1.063,0.513,1,1,3.272
1777577472663,-0.029,1.055,-0.256,0.579,0.055,-0.005,98.812,2.271,1.086,0.581,1,1,3.254
1777577472676,-0.022,1.138,-0.186,0.723,0.054,-0.007,98.833,2.220,1.153,0.725,1,1,3.258
1777577472690,-0.087,1.222,-0.116,0.969,0.108,0.002,98.683,2.301,1.230,0.975,1,1,4.569
1777577472706,-0.057,1.181,-0.214,1.269,0.159,0.010,98.754,2.320,1.202,1.279,1,1,3.278
1777577472721,0.049,0.476,-0.881,0.934,0.062,0.020,101.067,2.096,1.003,0.936,1,1,5.369
1777577472735,0.114,0.612,-0.519,0.162,-0.016,-0.101,102.345,1.651,0.810,0.192,1,1,3.266
1777577472748,-0.015,0.833,-0.489,0.035,-0.005,0.014,103.135,1.617,0.966,0.038,1,1,3.263
1777577472762,-0.014,1.056,-0.412,0.128,-0.013,-0.030,103.493,1.577,1.134,0.133,1,1,3.916
1777577472776,-0.112,0.925,-0.480,0.095,-0.009,0.023,104.102,1.777,1.048,0.099,1,1,3.257
1777577472789,-0.006,0.981,-0.432,0.119,-0.007,0.020,104.524,1.712,1.072,0.121,1,1,3.280
1777577472802,-0.003,0.949,-0.469,0.135,-0.011,-0.008,105.038,1.644,1.059,0.136,1,1,3.259
1777577472816,-0.013,0.924,-0.496,0.106,-0.018,-0.025,105.615,1.604,1.048,0.110,1,1,3.274
1777577472829,-0.040,0.925,-0.469,0.092,-0.019,-0.016,106.108,1.630,1.038,0.095,1,1,3.915
1777577472843,-0.018,0.938,-0.467,0.085,-0.021,-0.017,106.560,1.602,1.048,0.089,1,1,3.271
1777577472857,-0.023,0.930,-0.481,0.081,-0.030,-0.021,107.032,1.588,1.047,0.089,1,1,3.262
1777577472870,-0.052,0.950,-0.460,0.083,-0.028,-0.011,107.416,1.642,1.057,0.088,1,1,3.294
1777577472883,-0.007,0.934,-0.473,0.088,-0.030,-0.021,107.829,1.587,1.047,0.096,1,1,3.268
1777577472897,-0.035,0.939,-0.473,0.085,-0.033,-0.019,108.219,1.601,1.052,0.093,1,1,3.896
1777577472911,-0.045,0.913,-0.486,0.083,-0.029,-0.013,108.648,1.640,1.035,0.089,1,1,3.292
1777577472924,-0.029,0.906,-0.494,0.079,-0.028,-0.017,109.083,1.637,1.033,0.086,1,1,3.265
1777577472938,-0.034,0.936,-0.481,0.070,-0.026,-0.005,109.437,1.647,1.053,0.075,1,1,3.275
1777577472951,-0.026,0.910,-0.488,0.068,-0.023,-0.004,109.821,1.638,1.033,0.072,1,1,3.259
1777577472964,-0.052,0.911,-0.494,0.058,-0.021,0.009,110.198,1.691,1.038,0.063,1,1,3.885
1777577472978,-0.054,0.920,-0.483,0.048,-0.012,0.025,110.526,1.746,1.040,0.055,1,1,3.279
1777577472992,-0.025,0.921,-0.494,0.043,-0.014,0.025,110.862,1.730,1.046,0.052,1,1,3.259
1777577473005,-0.034,0.912,-0.491,0.033,-0.012,0.028,111.188,1.736,1.036,0.045,1,1,3.263
1777577473018,-0.021,0.923,-0.492,0.024,-0.011,0.024,111.489,1.712,1.047,0.036,1,1,3.327
1777577473032,-0.016,0.919,-0.503,0.020,-0.016,0.017,111.803,1.676,1.048,0.031,1,1,3.886
1777577473046,-0.042,0.921,-0.491,0.012,-0.016,0.019,112.076,1.704,1.045,0.028,1,1,3.268
1777577473059,-0.033,0.946,-0.491,0.010,-0.016,0.015,112.311,1.708,1.066,0.024,1,1,3.262
1777577473073,-0.055,0.938,-0.495,0.014,-0.016,0.027,112.551,1.763,1.062,0.035,1,1,3.255
1777577473086,-0.039,0.946,-0.480,0.018,-0.009,0.032,112.741,1.778,1.062,0.038,1,1,3.278
1777577473099,-0.010,0.950,-0.482,0.024,-0.012,0.023,112.922,1.725,1.065,0.035,2,2,3.927
1777577473113,-0.027,0.939,-0.497,0.027,-0.012,0.017,113.139,1.712,1.062,0.034,2,2,3.246
1777577473127,-0.027,0.952,-0.486,0.033,-0.009,0.017,113.310,1.701,1.069,0.038,2,2,3.294
1777577473140,-0.023,0.946,-0.490,0.035,-0.010,0.018,113.487,1.681,1.065,0.040,2,2,3.256
1777577473153,-0.018,0.957,-0.488,0.042,-0.011,0.009,113.642,1.650,1.075,0.044,2,2,3.263
1777577473167,-0.006,0.958,-0.481,0.048,-0.016,-0.006,113.774,1.593,1.072,0.051,1,1,3.913
1777577473181,-0.013,0.938,-0.498,0.037,-0.024,-0.021,113.958,1.554,1.063,0.049,1,1,3.270
1777577473194,-0.018,0.966,-0.482,0.049,-0.024,-0.024,114.070,1.528,1.080,0.060,1,1,3.259
1777577473208,0.010,0.989,-0.489,0.065,-0.029,-0.026,114.167,1.437,1.103,0.076,1,1,3.373
1777577473221,-0.029,0.920,-0.516,0.060,-0.033,-0.016,114.391,1.442,1.055,0.070,1,1,3.279
1777577473235,-0.041,0.991,-0.501,0.070,-0.028,0.032,114.497,1.471,1.112,0.082,1,1,4.656
1777577473249,-0.063,1.113,-0.516,0.140,-0.020,0.047,114.513,1.534,1.229,0.149,1,1,3.270
1777577473263,-0.085,0.921,-0.519,0.226,0.001,0.072,114.727,1.668,1.061,0.237,1,1,3.282
1777577473276,-0.052,1.022,-0.502,0.246,-0.004,0.093,114.790,1.708,1.140,0.263,1,1,3.370
1777577473290,-0.009,0.976,-0.528,0.275,-0.012,0.125,114.949,1.654,1.109,0.302,1,1,3.254
1777577473303,0.017,0.995,-0.524,0.317,-0.017,0.138,115.073,1.544,1.125,0.346,4,4,3.878
1777577473317,0.000,1.006,-0.522,0.338,-0.019,0.109,115.176,1.477,1.134,0.356,4,4,3.263
1777577473330,0.009,1.015,-0.532,0.388,-0.019,0.063,115.286,1.394,1.146,0.394,4,4,3.256
1777577473344,0.001,0.980,-0.549,0.416,-0.023,0.006,115.459,1.329,1.123,0.417,4,4,3.272
1777577473357,0.002,0.956,-0.550,0.435,-0.027,-0.023,115.653,1.267,1.102,0.436,4,4,3.258
1777577473370,0.009,0.940,-0.565,0.449,-0.030,-0.036,115.887,1.190,1.097,0.452,4,4,3.887
1777577473386,0.001,0.938,-0.564,0.473,-0.047,-0.050,116.112,1.136,1.094,0.477,4,4,4.605
1777577473400,-0.071,0.896,-0.568,0.479,-0.037,-0.042,116.387,1.255,1.063,0.483,4,4,3.256
1777577473413,-0.082,0.863,-0.576,0.480,-0.026,-0.025,116.709,1.398,1.041,0.482,4,4,3.268
1777577473427,-0.127,0.861,-0.584,0.478,-0.002,-0.004,117.034,1.642,1.048,0.478,4,4,3.265
1777577473440,-0.071,0.893,-0.604,0.478,0.008,0.016,117.342,1.735,1.081,0.478,4,4,3.876
1777577473454,-0.029,0.921,-0.611,0.499,0.010,0.018,117.613,1.725,1.106,0.499,4,4,3.259
1777577473467,-0.032,0.904,-0.622,0.516,0.007,0.021,117.915,1.722,1.098,0.517,4,4,3.264
1777577473481,-0.062,0.852,-0.628,0.528,0.012,0.041,118.285,1.793,1.060,0.530,4,4,3.253
1777577473495,-0.088,0.824,-0.643,0.519,0.035,0.072,118.708,1.925,1.049,0.525,4,4,4.011
1777577473508,-0.075,0.880,-0.652,0.525,0.052,0.103,119.051,2.012,1.098,0.537,4,4,3.845
1777577473522,0.017,0.934,-0.652,0.553,0.042,0.103,119.308,1.887,1.139,0.564,4,4,3.250
1777577473537,0.018,0.970,-0.664,0.596,0.023,0.077,119.530,1.766,1.175,0.602,4,4,4.413
1777577473550,0.044,1.003,-0.674,0.657,0.000,0.053,119.721,1.597,1.209,0.659,4,4,3.256
1777577473563,0.070,1.093,-0.686,0.745,-0.027,0.003,119.825,1.392,1.292,0.745,4,4,3.258
1777577473577,0.050,1.088,-0.679,0.839,-0.053,-0.038,119.919,1.233,1.284,0.842,4,4,3.841
1777577473591,-0.027,1.100,-0.666,0.965,-0.061,-0.062,119.974,1.232,1.286,0.968,4,4,3.253
1777577473605,-0.020,1.103,-0.668,1.091,-0.071,-0.096,120.028,1.217,1.290,1.098,4,4,3.871
1777577473618,0.012,1.103,-0.684,1.229,-0.074,-0.114,120.106,1.140,1.297,1.236,4,4,3.346
1777577473632,-0.026,1.104,-0.688,1.376,-0.066,-0.120,120.185,1.140,1.300,1.383,4,4,3.276
1777577473645,-0.075,1.063,-0.712,1.513,-0.054,-0.128,120.344,1.237,1.282,1.520,4,4,3.893
1777577473659,-0.112,1.197,-0.733,1.688,-0.021,-0.133,120.394,1.382,1.408,1.693,4,4,3.244
1777577473672,-0.040,1.126,-0.755,1.866,-0.016,-0.163,120.544,1.395,1.356,1.873,4,4,3.287
1777577473686,0.146,1.076,-0.731,2.000,-0.041,-0.209,120.704,1.053,1.309,2.011,4,4,3.377
1777577473699,0.074,1.007,-0.813,2.121,-0.033,-0.259,121.064,0.864,1.296,2.137,4,4,3.251
1777577473713,-0.012,0.997,-0.830,2.227,-0.016,-0.293,121.444,0.850,1.298,2.246,4,4,3.902
1777577473727,-0.037,0.822,-0.932,2.286,0.017,-0.225,122.194,0.886,1.243,2.297,4,4,3.477
1777577473740,-0.023,0.682,-0.958,2.302,0.023,-0.167,123.173,0.897,1.176,2.308,4,4,3.634
1777577473755,-0.030,0.721,-0.956,2.315,0.003,-0.236,124.038,0.921,1.198,2.327,4,4,3.306
1777577473769,-0.079,0.660,-0.988,2.325,0.020,-0.186,125.010,1.047,1.191,2.332,4,4,3.256
1777577473782,-0.110,0.587,-1.011,2.325,0.064,-0.032,126.098,1.236,1.174,2.326,4,4,3.890
1777577473796,-0.138,0.627,-1.014,2.344,0.127,0.155,127.068,1.470,1.201,2.352,4,4,3.308
1777577473809,-0.122,0.539,-1.088,2.310,0.193,0.356,128.230,1.656,1.220,2.345,4,4,3.255
1777577473825,-0.083,0.474,-1.005,2.202,0.216,0.601,129.390,1.771,1.114,2.293,4,4,5.078
1777577473838,-0.020,0.443,-0.915,2.068,0.187,0.785,130.473,1.743,1.016,2.220,4,4,3.272
1777577473851,0.005,0.437,-0.785,1.928,0.115,0.908,131.366,1.653,0.898,2.134,4,4,3.885
1777577473865,0.117,0.172,-0.476,1.783,0.006,0.882,132.623,1.010,0.519,1.989,4,4,3.267
1777577473879,0.147,-1.211,-0.916,1.236,-0.003,0.728,121.265,0.724,1.526,1.434,4,4,3.255
1777577473892,-0.152,-0.191,-0.800,0.505,0.009,0.581,108.677,1.151,0.836,0.769,4,4,3.259
1777577473905,-0.130,-0.285,-0.741,-0.179,0.115,0.402,96.973,1.506,0.805,0.455,4,4,3.303
1777577473919,-0.076,-0.260,-0.759,-0.771,0.171,0.172,85.687,1.678,0.806,0.808,4,4,3.905
1777577473933,-0.005,-0.137,-0.705,-1.284,0.175,-0.045,74.548,1.623,0.718,1.296,4,4,3.263
1777577473946,0.046,-0.029,-0.679,-1.666,0.129,-0.221,63.522,1.381,0.682,1.686,4,4,3.288
1777577473960,0.065,0.088,-0.648,-1.954,0.050,-0.359,68.279,1.072,0.658,1.988,4,4,3.260
1777577473973,-0.037,0.259,-0.678,-2.123,-0.031,-0.233,72.252,1.152,0.727,2.136,4,4,3.261
1777577473986,-0.023,0.434,-0.642,-2.146,-0.065,-0.018,75.475,1.176,0.775,2.147,4,4,3.904
1777577474000,-0.009,0.679,-0.615,-1.969,-0.143,0.197,77.955,1.148,0.916,1.984,4,4,3.256
1777577474014,-0.037,0.745,-0.633,-1.697,-0.202,0.336,80.247,1.194,0.979,1.742,4,4,3.276
1777577474027,-0.041,0.638,-0.620,-1.465,-0.285,0.320,82.605,1.257,0.890,1.527,4,4,3.265
1777577474040,-0.082,0.501,-0.635,-1.363,-0.356,0.173,85.191,1.453,0.813,1.419,4,4,3.246
1777577474054,-0.114,0.327,-0.640,-1.432,-0.414,0.020,88.152,1.783,0.728,1.490,1,1,4.242
1777577474068,-0.109,0.154,-0.625,-1.703,-0.463,-0.065,91.565,2.125,0.652,1.766,1,1,3.258
1777577474081,-0.092,0.152,-0.577,-2.047,-0.483,-0.023,94.788,2.413,0.604,2.103,1,1,3.283
1777577474095,-0.107,0.336,-0.535,-2.308,-0.462,0.094,97.111,2.729,0.641,2.356,1,1,3.273
1777577474108,-0.134,0.568,-0.567,-2.410,-0.400,0.195,98.766,3.025,0.814,2.451,1,1,3.258
1777577474122,-0.184,0.657,-0.636,-2.410,-0.301,0.248,100.309,3.390,0.933,2.441,5,5,3.883
1777577474136,-0.191,0.653,-0.689,-2.420,-0.184,0.223,101.893,3.739,0.968,2.437,5,5,3.270
1777577474149,-0.167,0.710,-0.729,-2.430,-0.074,0.147,103.372,3.985,1.031,2.435,5,5,3.259
1777577474162,-0.169,0.784,-0.749,-2.385,0.018,0.133,104.699,4.198,1.098,2.389,5,5,3.257
1777577474176,-0.117,0.766,-0.755,-2.360,0.101,0.150,106.006,4.287,1.082,2.367,5,5,3.281
1777577474189,-0.127,0.793,-0.746,-2.359,0.181,0.147,107.198,4.391,1.096,2.370,5,5,3.907
1777577474203,-0.102,0.813,-0.716,-2.391,0.267,0.076,108.255,4.433,1.088,2.407,5,5,3.264
1777577474216,-0.093,0.902,-0.685,-2.401,0.351,0.029,109.084,4.444,1.136,2.427,5,5,3.276
1777577474230,-0.034,0.952,-0.659,-2.395,0.413,-0.004,109.766,4.323,1.158,2.430,5,5,3.262
1777577474243,0.017,0.999,-0.640,-2.392,0.436,-0.020,110.328,4.098,1.187,2.431,5,5,3.373
1777577474261,0.060,1.010,-0.615,-2.424,0.440,0.051,110.810,3.792,1.184,2.464,5,5,7.669
1777577474275,0.129,1.071,-0.596,-2.473,0.409,0.134,111.173,3.363,1.233,2.510,5,5,3.260
1777577474289,0.164,1.167,-0.624,-2.474,0.347,0.172,111.476,2.907,1.334,2.504,5,5,4.125
1777577474302,0.158,1.283,-0.654,-2.405,0.255,0.199,111.717,2.506,1.449,2.427,5,5,3.255
1777577474316,0.125,1.334,-0.700,-2.305,0.169,0.238,111.979,2.189,1.512,2.324,5,5,3.242
1777577474329,0.094,1.335,-0.751,-2.224,0.080,0.241,112.302,1.939,1.535,2.238,5,5,4.419
1777577474343,0.061,1.341,-0.785,-2.147,-0.001,0.193,112.654,1.757,1.555,2.156,5,5,3.254
1777577474357,0.045,1.406,-0.847,-2.009,-0.070,0.106,113.022,1.611,1.642,2.013,5,5,3.257
1777577474372,0.042,1.390,-0.951,-1.769,-0.152,-0.008,113.518,1.478,1.685,1.775,5,5,4.960
1777577474385,0.055,1.290,-1.095,-1.519,-0.227,-0.058,114.254,1.332,1.693,1.537,5,5,3.272
1777577474399,0.060,1.204,-1.217,-1.264,-0.308,0.028,115.175,1.185,1.713,1.301,5,5,3.991
1777577474414,-0.021,1.120,-1.342,-0.939,-0.383,0.228,116.268,1.163,1.748,1.039,5,5,4.127
1777577474427,-0.168,1.058,-1.446,-0.580,-0.430,0.291,117.472,1.346,1.800,0.778,5,5,3.248
1777577474440,-0.416,0.971,-1.480,-0.213,-0.394,0.135,118.751,1.865,1.818,0.468,5,5,3.271
1777577474454,-0.544,0.946,-1.463,0.162,-0.270,-0.152,119.991,2.542,1.825,0.349,5,5,3.261
1777577474467,-0.493,0.898,-1.396,0.494,-0.144,-0.391,121.183,3.154,1.731,0.646,1,1,3.890
1777577474481,-3.270,-0.165,-1.272,1.420,0.196,0.006,108.334,6.015,3.513,1.433,1,1,3.269
1777577474494,0.624,2.325,1.059,1.406,-0.335,-0.211,106.462,5.151,2.630,1.461,1,1,3.257
1777577474508,0.448,0.910,0.000,1.967,-0.455,-0.532,105.741,3.781,1.014,2.088,1,1,3.250
1777577474521,-0.380,1.042,0.029,2.036,-0.128,-0.392,104.983,4.490,1.109,2.077,1,1,3.277
1777577474534,0.011,0.886,-0.306,1.960,-0.121,-0.325,105.160,4.265,0.937,1.991,1,1,3.845
1777577474548,-0.120,0.926,-0.358,1.811,-0.154,-0.367,105.422,4.380,1.000,1.854,1,1,3.250
1777577474562,-0.265,1.028,-0.387,1.672,-0.061,-0.274,105.649,4.782,1.130,1.696,1,1,3.267
1777577474575,-0.129,0.944,-0.463,1.516,0.060,-0.167,106.107,4.878,1.059,1.527,1,1,3.256
1777577474588,-0.135,0.912,-0.447,1.356,0.096,-0.075,106.544,4.994,1.024,1.361,1,1,3.246
1777577474602,-0.151,0.851,-0.572,1.175,0.115,0.032,107.304,5.143,1.036,1.182,1,1,3.942
1777577474616,-0.182,0.761,-0.635,0.972,0.201,0.115,108.288,5.374,1.008,0.999,1,1,3.252
1777577474630,0.003,0.841,-0.556,0.763,0.122,0.116,108.952,5.132,1.008,0.781,1,1,3.254
1777577474643,-0.035,0.837,-0.535,0.615,0.143,0.097,109.549,4.995,0.994,0.639,1,1,3.269
1777577474656,-0.032,0.898,-0.467,0.541,0.129,0.078,109.897,4.857,1.013,0.562,1,1,3.265
1777577474670,-0.047,0.915,-0.492,0.472,0.122,0.060,110.262,4.759,1.040,0.491,1,1,4.148
1777577474684,0.170,0.562,-0.705,0.263,0.038,0.025,111.626,4.083,0.917,0.267,1,1,3.268
1777577474697,-0.045,0.906,-0.479,0.179,0.055,0.086,111.898,4.015,1.026,0.206,1,1,3.242
1777577474711,-0.014,0.948,-0.476,0.146,0.009,0.051,112.106,3.872,1.061,0.155,1,1,3.262
1777577474724,-0.011,0.872,-0.541,0.101,0.001,0.082,112.530,3.731,1.026,0.130,1,1,3.253
1777577474737,-0.047,0.953,-0.465,0.090,0.028,0.107,112.682,3.678,1.061,0.143,1,1,3.847
1777577474751,-0.061,0.935,-0.494,0.089,0.034,0.139,112.908,3.661,1.059,0.168,1,1,3.265
1777577474765,-0.041,0.957,-0.473,0.089,0.049,0.152,113.056,3.597,1.068,0.183,1,1,3.336
1777577474778,-0.024,0.929,-0.499,0.081,0.054,0.144,113.281,3.497,1.055,0.174,1,1,3.494
1777577474792,0.025,0.945,-0.480,0.078,0.048,0.126,113.441,3.285,1.061,0.156,1,1,3.264
1777577474805,0.016,0.943,-0.480,0.069,0.045,0.096,113.597,3.103,1.059,0.127,1,1,3.880
1777577474819,0.028,0.916,-0.490,0.050,0.023,0.059,113.796,2.899,1.039,0.081,1,1,3.256
1777577474832,-0.017,0.946,-0.467,0.043,0.021,0.046,113.905,2.812,1.055,0.067,1,1,3.264
1777577474846,-0.009,0.948,-0.476,0.048,0.014,0.036,114.024,2.711,1.061,0.062,1,1,3.254
1777577474863,-0.018,0.950,-0.481,0.050,0.012,0.040,114.148,2.634,1.065,0.065,1,1,7.546
1777577474877,-0.044,0.955,-0.475,0.054,0.027,0.061,114.248,2.623,1.067,0.086,1,1,3.871
1777577474891,-0.019,0.942,-0.483,0.056,0.029,0.074,114.374,2.553,1.059,0.098,1,1,3.609
1777577474905,-0.011,0.943,-0.478,0.065,0.037,0.081,114.483,2.468,1.058,0.111,1,1,3.306
1777577474918,0.000,0.931,-0.497,0.062,0.029,0.073,114.641,2.360,1.055,0.100,1,1,3.263
1777577474932,0.016,0.938,-0.482,0.066,0.029,0.062,114.753,2.218,1.055,0.095,1,1,3.275
1777577474946,0.030,0.928,-0.484,0.066,0.026,0.032,114.874,2.049,1.047,0.078,1,1,3.992
1777577474960,0.027,0.931,-0.486,0.069,0.019,0.005,114.991,1.895,1.051,0.071,1,1,3.266
1777577474973,0.032,0.930,-0.502,0.067,0.025,-0.012,115.138,1.737,1.058,0.073,1,1,3.255
1777577474986,0.009,0.931,-0.496,0.065,0.020,-0.029,115.264,1.639,1.055,0.074,1,1,3.285
1777577475000,0.010,0.920,-0.505,0.055,0.025,-0.038,115.417,1.544,1.050,0.072,1,1,3.249
1777577475013,0.010,0.905,-0.489,0.055,0.028,-0.048,115.547,1.453,1.029,0.078,1,1,3.860
1777577475027,0.009,0.934,-0.496,0.049,0.042,-0.055,115.653,1.368,1.058,0.085,1,1,3.299
1777577475041,-0.016,0.877,-0.514,0.034,0.039,-0.045,115.859,1.348,1.017,0.068,1,1,3.248
1777577475054,-0.054,0.960,-0.481,0.058,0.043,-0.019,115.892,1.415,1.076,0.074,1,1,3.246
1777577475067,-0.042,0.933,-0.519,0.064,0.038,0.015,116.031,1.452,1.069,0.076,1,1,3.301
1777577475081,-0.026,0.925,-0.511,0.066,0.031,0.039,116.156,1.450,1.057,0.083,1,1,3.886
1777577475095,0.009,1.002,-0.493,0.072,0.028,0.054,116.157,1.366,1.117,0.094,1,1,3.270
1777577475109,-0.014,0.943,-0.520,0.073,0.028,0.079,116.276,1.340,1.077,0.111,1,1,3.857
1777577475122,-0.004,0.885,-0.509,0.059,0.033,0.088,116.434,1.290,1.021,0.111,1,1,3.255
1777577475135,0.010,0.954,-0.493,0.070,0.029,0.101,116.474,1.209,1.074,0.127,1,1,3.259
1777577475149,0.008,0.949,-0.522,0.066,0.024,0.117,116.577,1.139,1.083,0.136,1,1,3.932
1777577475163,0.035,0.929,-0.513,0.060,0.019,0.143,116.680,1.007,1.062,0.156,1,1,3.247
1777577475176,0.029,1.003,-0.488,0.091,0.015,0.143,116.647,0.899,1.115,0.170,1,1,3.250
1777577475190,0.039,1.002,-0.511,0.131,0.003,0.194,116.664,0.773,1.125,0.234,1,1,3.276
1777577475203,-0.018,1.002,-0.498,0.175,0.021,0.191,116.653,0.779,1.119,0.260,1,1,3.249
1777577475216,0.032,0.957,-0.510,0.195,0.020,0.189,116.714,0.670,1.085,0.272,4,4,3.856
1777577475230,0.040,0.957,-0.530,0.213,0.020,0.174,116.813,0.550,1.095,0.276,4,4,3.292
1777577475244,0.054,1.013,-0.527,0.238,0.017,0.132,116.841,0.407,1.143,0.273,4,4,3.249
1777577475257,0.034,0.987,-0.555,0.275,0.008,0.117,116.951,0.313,1.133,0.299,4,4,3.255
1777577475270,0.054,0.961,-0.541,0.284,0.017,0.095,117.058,0.177,1.104,0.300,4,4,3.269
1777577475284,0.067,0.969,-0.532,0.307,0.002,0.069,117.132,0.016,1.107,0.314,4,4,4.605
1777577475302,0.076,1.010,-0.542,0.346,-0.002,0.046,117.181,-0.151,1.148,0.349,4,4,3.276
1777577475315,0.102,0.984,-0.568,0.374,-0.016,0.013,117.304,-0.368,1.141,0.374,4,4,3.282
1777577475328,0.080,0.990,-0.585,0.410,-0.013,-0.007,117.447,-0.525,1.153,0.410,4,4,3.239
1777577475342,0.053,1.031,-0.572,0.456,-0.003,-0.008,117.516,-0.614,1.180,0.456,4,4,3.267
1777577475355,-0.073,1.000,-0.583,0.495,0.020,0.048,117.634,-0.429,1.160,0.497,4,4,3.839
1777577475369,-0.053,1.132,-0.590,0.580,0.058,0.104,117.628,-0.305,1.278,0.592,4,4,3.260
1777577475382,-0.024,1.148,-0.578,0.701,0.071,0.159,117.589,-0.244,1.285,0.722,4,4,3.250
1777577475396,-0.088,1.140,-0.626,0.771,0.082,0.199,117.641,-0.065,1.303,0.801,4,4,3.277
1777577475409,-0.086,1.477,-0.596,0.961,0.107,0.252,117.393,0.073,1.595,0.999,4,4,3.255
1777577475426,0.024,1.377,-0.554,1.154,0.111,0.315,117.154,0.030,1.484,1.202,4,4,7.092
1777577475440,0.125,1.531,-0.524,1.466,0.119,0.333,116.794,-0.165,1.623,1.508,4,4,3.259
1777577475453,0.099,1.573,-0.549,1.719,0.095,0.286,116.464,-0.306,1.669,1.746,4,4,3.273
1777577475466,0.105,1.713,-0.531,2.022,0.044,0.248,116.060,-0.439,1.796,2.037,4,4,3.257
1777577475480,0.058,1.567,-0.518,2.310,0.064,0.241,115.720,-0.508,1.651,2.323,4,4,3.308
1777577475493,-0.015,1.293,-0.550,2.501,0.101,0.271,115.603,-0.460,1.405,2.518,4,4,3.865
1777577475507,-0.080,1.292,-0.709,2.501,0.157,0.288,115.741,-0.304,1.476,2.523,4,4,3.252
1777577475523,0.045,1.268,-0.647,2.501,0.163,0.293,115.798,-0.371,1.424,2.524,4,4,5.913
1777577475537,0.105,1.310,-0.679,2.501,0.156,0.200,115.868,-0.532,1.480,2.514,4,4,3.245
1777577475550,0.049,0.992,-0.707,2.501,0.242,0.317,116.288,-0.608,1.219,2.533,4,4,3.256
1777577475563,0.109,0.878,-0.773,2.501,0.275,1.120,116.947,-0.815,1.174,2.754,4,4,3.849
1777577475577,-0.035,1.120,-0.728,2.501,0.277,1.901,117.212,-0.713,1.336,3.154,4,4,3.244
1777577475591,-0.135,1.237,-0.687,2.501,0.288,2.331,117.292,-0.443,1.422,3.431,4,4,3.278
1777577475604,-0.106,1.686,-0.721,2.501,0.210,2.501,117.111,-0.278,1.837,3.544,4,4,3.297
1777577475617,-0.062,1.047,-0.741,2.501,0.148,2.501,117.469,-0.146,1.284,3.540,4,4,3.274
1777577475631,0.024,-1.081,-0.386,2.501,0.019,2.501,107.537,-0.191,1.148,3.537,4,4,3.936
1777577475645,0.365,-1.284,0.108,1.377,-0.559,2.369,99.108,-0.874,1.339,2.797,4,4,3.262
1777577475658,0.474,-1.488,-1.408,0.470,-0.769,1.558,88.939,-1.406,2.103,1.799,4,4,3.260
1777577475675,-0.111,-0.160,-0.893,-0.714,-0.747,0.387,77.621,-1.038,0.914,1.104,4,4,6.403
1777577475688,-0.025,0.004,-0.514,-1.388,-0.709,-0.031,82.077,-0.873,0.515,1.558,4,4,3.264
1777577475702,0.070,0.415,-0.692,-1.730,-0.755,-0.332,85.005,-1.050,0.810,1.916,4,4,3.965
1777577475716,0.026,0.754,-0.684,-1.705,-0.850,-0.419,87.069,-1.069,1.018,1.951,4,4,3.746
1777577475730,-0.008,0.705,-0.698,-1.517,-0.932,-0.335,89.152,-1.001,0.992,1.812,4,4,3.280
1777577475743,0.000,0.640,-0.712,-1.265,-1.003,-0.251,91.290,-0.958,0.958,1.634,4,4,3.261
1777577475756,-0.135,0.740,-0.752,-0.946,-1.005,-0.230,93.221,-0.598,1.064,1.399,4,4,3.272
1777577475770,-0.298,0.653,-0.791,-0.659,-0.902,-0.314,95.286,0.137,1.068,1.161,1,1,3.942
1777577475784,-0.335,0.420,-0.752,-0.514,-0.724,-0.667,97.714,1.060,0.924,1.111,1,1,3.302
1777577475798,-0.331,0.230,-0.728,-0.571,-0.511,-1.182,100.546,2.038,0.832,1.409,1,1,3.366
1777577475812,-0.303,0.078,-0.688,-0.790,-0.315,-1.531,103.736,2.985,0.756,1.751,1,1,3.288
1777577475825,-0.214,0.016,-0.635,-1.122,-0.149,-1.595,107.010,3.667,0.670,1.956,1,1,3.294
1777577475838,-0.101,0.063,-0.583,-1.495,-0.024,-1.360,109.933,3.933,0.594,2.021,4,4,3.946
1777577475853,0.037,0.198,-0.535,-1.826,0.049,-0.987,112.107,3.599,0.572,2.077,4,4,3.287
1777577475866,0.122,0.313,-0.524,-2.055,0.071,-0.696,113.727,2.948,0.622,2.171,4,4,3.260
1777577475880,0.151,0.397,-0.520,-2.207,0.066,-0.559,114.990,2.252,0.671,2.278,4,4,3.531
1777577475893,0.144,0.477,-0.522,-2.304,0.049,-0.567,115.980,1.650,0.722,2.374,4,4,3.265
1777577475906,0.129,0.467,-0.511,-2.392,0.029,-0.585,116.924,1.114,0.704,2.463,1,1,3.940
1777577475921,0.148,0.466,-0.483,-2.501,-0.002,-0.555,117.760,0.522,0.687,2.562,1,1,3.632
1777577475934,0.135,0.492,-0.455,-2.501,-0.025,-0.458,118.417,0.002,0.684,2.543,1,1,3.248
1777577475947,0.139,0.600,-0.416,-2.501,-0.043,-0.352,118.693,-0.470,0.743,2.526,1,1,3.258
1777577475964,0.125,0.775,-0.412,-2.501,-0.048,-0.215,118.662,-0.803,0.886,2.511,1,1,6.527
1777577475977,0.127,0.897,-0.468,-2.501,-0.037,-0.085,118.614,-1.080,1.020,2.503,5,5,3.964
1777577475991,0.134,1.005,-0.496,-2.501,-0.022,0.038,118.511,-1.332,1.129,2.502,5,5,3.266
1777577476005,0.156,1.097,-0.539,-2.501,0.006,0.106,118.409,-1.590,1.232,2.504,5,5,3.255
1777577476021,0.165,1.196,-0.585,-2.501,0.045,0.173,118.307,-1.829,1.342,2.508,5,5,3.573
1777577476034,0.208,1.355,-0.691,-2.501,0.089,0.193,118.251,-2.090,1.535,2.510,5,5,3.247
1777577476050,0.229,1.507,-0.824,-2.501,0.119,0.301,118.269,-2.331,1.733,2.522,5,5,6.855
1777577476064,0.232,1.682,-1.035,-2.501,0.160,0.508,118.415,-2.522,1.988,2.557,5,5,3.257
1777577476078,0.178,1.687,-1.188,-2.501,0.177,0.664,118.710,-2.627,2.071,2.594,5,5,3.265
1777577476091,0.081,1.688,-1.307,-2.501,0.179,0.740,119.105,-2.607,2.137,2.615,5,5,3.268
1777577476105,-0.122,1.742,-1.441,-2.501,0.199,0.794,119.564,-2.359,2.264,2.632,5,5,3.255
1777577476120,-0.306,1.665,-1.645,-2.342,0.281,0.730,120.223,-1.930,2.360,2.469,5,5,3.983
1777577476134,-0.208,1.323,-1.734,-1.909,0.328,0.434,121.204,-1.607,2.191,1.985,5,5,3.262
1777577476147,-0.046,1.054,-1.877,-1.553,0.218,0.266,122.494,-1.483,2.153,1.590,5,5,3.286
1777577476160,0.086,1.006,-2.012,-1.063,0.046,0.218,123.847,-1.514,2.251,1.086,5,5,3.260
1777577476176,-0.103,0.832,-2.097,-0.393,-0.067,0.369,125.356,-1.334,2.259,0.543,5,5,5.840
1777577476190,-0.473,0.716,-2.023,0.123,-0.000,0.280,126.893,-0.732,2.198,0.306,1,1,3.970
1777577476204,-0.628,0.731,-1.825,0.567,0.194,-0.271,128.260,0.075,2.064,0.658,1,1,3.275
1777577476217,0.432,1.529,1.766,1.693,0.083,-0.627,124.439,-0.386,2.376,1.807,1,1,3.272
1777577476231,-0.136,1.482,0.927,2.310,0.010,-0.689,121.532,-0.175,1.753,2.410,1,1,3.264
1777577476244,-0.058,1.112,-0.068,2.501,0.004,-0.806,120.306,-0.037,1.116,2.628,1,1,3.305
1777577476258,-0.272,0.980,-0.186,2.501,0.127,-0.608,119.449,0.632,1.034,2.577,5,5,3.932
1777577476274,0.080,0.796,-0.512,2.325,0.055,-0.475,119.594,0.394,0.950,2.373,5,5,5.712
1777577476287,-0.350,0.827,-0.568,1.929,0.159,-0.248,119.808,1.218,1.062,1.951,5,5,3.278
1777577476301,-0.176,0.805,-0.652,1.665,0.155,-0.098,120.211,1.586,1.051,1.675,5,5,3.264
1777577476314,-0.135,0.836,-0.705,1.427,0.239,-0.048,120.645,1.826,1.102,1.447,5,5,3.316
1777577476328,0.083,0.778,-0.609,1.055,0.103,-0.027,120.968,1.537,0.991,1.061,1,1,3.887
1777577476342,0.005,0.945,-0.548,0.858,0.133,-0.031,120.929,1.458,1.092,0.868,1,1,3.297
1777577476355,0.325,0.288,-1.000,0.449,0.041,-0.147,122.810,0.636,1.090,0.474,1,1,3.283
1777577476370,-0.068,0.900,-0.557,0.428,0.087,0.049,122.765,0.769,1.061,0.439,1,1,4.984
1777577476384,-0.007,0.984,-0.519,0.296,-0.010,-0.036,122.548,0.752,1.113,0.298,1,1,3.263
1777577476397,-0.026,0.910,-0.510,0.237,-0.022,-0.065,122.405,0.781,1.044,0.247,1,1,3.898
1777577476411,-0.078,0.946,-0.506,0.194,-0.026,-0.070,122.219,0.928,1.075,0.208,1,1,3.302
1777577476425,-0.127,0.894,-0.526,0.159,-0.042,-0.032,122.142,1.192,1.045,0.167,1,1,3.779
1777577476439,-0.118,0.879,-0.526,0.102,-0.006,0.023,122.088,1.427,1.031,0.104,1,1,3.999
1777577476452,-0.095,0.911,-0.515,0.078,0.017,0.053,121.975,1.591,1.051,0.096,1,1,3.271
1777577476466,-0.072,0.902,-0.531,0.066,0.031,0.052,121.909,1.695,1.049,0.090,1,1,3.897
1777577476480,-0.072,0.918,-0.502,0.055,0.028,0.060,121.767,1.792,1.049,0.086,1,1,3.297
1777577476493,-0.055,0.889,-0.521,0.037,0.023,0.050,121.705,1.848,1.031,0.066,1,1,3.260
1777577476507,0.000,0.902,-0.505,0.029,0.003,0.030,121.599,1.766,1.034,0.041,1,1,3.286
1777577476520,-0.007,0.910,-0.513,0.025,-0.024,-0.009,121.504,1.706,1.044,0.036,1,1,3.261
1777577476534,-0.007,0.897,-0.503,0.025,-0.049,-0.039,121.406,1.648,1.029,0.067,1,1,4.735
1777577476548,-0.003,0.910,-0.515,0.022,-0.082,-0.074,121.323,1.582,1.046,0.112,1,1,3.273
1777577476562,-0.019,0.916,-0.519,0.027,-0.096,-0.096,121.245,1.558,1.053,0.139,1,1,3.263
1777577476579,-0.057,0.909,-0.518,0.019,-0.091,-0.092,121.177,1.627,1.048,0.131,1,1,6.929
1777577476592,-0.102,0.904,-0.521,0.016,-0.076,-0.077,121.123,1.800,1.048,0.109,1,1,3.265
1777577476606,-0.120,0.895,-0.523,0.007,-0.056,-0.050,121.088,2.010,1.044,0.076,1,1,3.956
1777577476620,-0.102,0.907,-0.518,0.002,-0.038,-0.028,121.029,2.166,1.049,0.047,1,1,3.282
1777577476633,-0.085,0.926,-0.506,0.005,-0.027,-0.014,120.926,2.272,1.059,0.031,1,1,3.260
1777577476646,-0.066,0.954,-0.501,0.016,-0.030,-0.014,120.786,2.326,1.080,0.036,1,1,3.297
1777577476660,-0.063,0.933,-0.504,0.029,-0.036,-0.019,120.681,2.372,1.062,0.050,1,1,3.260
1777577476673,-0.055,0.912,-0.512,0.031,-0.044,-0.026,120.620,2.400,1.048,0.060,1,1,3.951
1777577476691,-0.087,0.914,-0.523,0.029,-0.043,-0.019,120.583,2.501,1.056,0.055,1,1,3.272
1777577476704,-0.097,0.918,-0.512,0.026,-0.030,-0.008,120.521,2.624,1.056,0.040,1,1,3.287
1777577476717,-0.082,0.921,-0.527,0.021,-0.018,0.009,120.489,2.702,1.064,0.029,1,1,3.260
1777577476731,-0.098,0.910,-0.518,0.016,-0.001,0.034,120.451,2.818,1.052,0.037,1,1,3.576
1777577476745,-0.097,0.924,-0.519,0.012,0.018,0.037,120.402,2.924,1.064,0.043,1,1,3.957
1777577476759,-0.084,0.917,-0.516,0.009,0.025,0.048,120.356,2.997,1.055,0.055,1,1,3.264
1777577476775,-0.052,0.932,-0.514,0.008,0.026,0.032,120.291,2.988,1.066,0.042,1,1,5.176
1777577476788,-0.079,0.905,-0.528,0.022,0.029,0.039,120.289,3.047,1.051,0.053,1,1,3.267
1777577476801,-0.083,0.935,-0.524,0.025,0.041,0.044,120.245,3.107,1.075,0.065,1,1,3.277
1777577476815,-0.064,0.913,-0.534,0.028,0.051,0.035,120.247,3.124,1.060,0.068,1,1,3.965
1777577476830,-0.066,0.936,-0.515,0.035,0.063,0.022,120.186,3.142,1.070,0.075,1,1,3.966
1777577476843,-0.050,0.973,-0.507,0.059,0.058,0.016,120.070,3.118,1.099,0.085,1,1,3.286
1777577476857,-0.080,0.961,-0.529,0.067,0.051,0.022,120.016,3.164,1.100,0.087,1,1,3.472
1777577476872,-0.079,0.964,-0.551,0.103,0.054,0.109,120.004,3.203,1.113,0.160,1,1,5.428
1777577476887,-0.208,1.061,-0.530,0.242,0.080,0.223,119.852,3.498,1.204,0.338,4,4,4.105
1777577476905,-0.128,0.968,-0.521,0.225,0.097,0.308,119.784,3.635,1.106,0.393,4,4,4.862
1777577476919,-0.116,0.962,-0.538,0.252,0.120,0.390,119.760,3.739,1.108,0.480,4,4,3.423
1777577476936,-0.076,1.100,-0.530,0.324,0.136,0.420,119.583,3.731,1.224,0.547,4,4,6.964
1777577476950,-0.057,1.166,-0.517,0.432,0.135,0.434,119.335,3.679,1.276,0.627,4,4,3.403
1777577476966,-0.118,1.212,-0.552,0.545,0.150,0.424,119.122,3.740,1.337,0.707,5,5,7.118
1777577476981,0.024,1.367,-0.520,0.759,0.147,0.362,118.759,3.536,1.463,0.854,5,5,3.530
1777577477001,0.049,1.358,-0.530,0.939,0.105,0.216,118.433,3.297,1.458,0.969,5,5,9.567
1777577477016,0.022,1.161,-0.539,1.153,0.077,0.204,118.279,3.110,1.280,1.173,5,5,4.231
1777577477030,0.048,1.210,-0.553,1.258,0.034,0.180,118.117,2.885,1.331,1.271,5,5,3.625
1777577477043,0.024,1.349,-0.506,1.443,0.025,0.157,117.786,2.717,1.441,1.452,4,4,3.838
1777577477057,0.076,1.186,-0.529,1.596,0.020,0.139,117.623,2.451,1.301,1.602,4,4,3.231
1777577477070,0.011,1.252,-0.546,1.746,0.044,0.115,117.445,2.323,1.366,1.750,4,4,3.232
1777577477084,0.011,1.261,-0.559,1.949,0.055,0.062,117.290,2.201,1.379,1.951,4,4,3.231
1777577477097,0.067,1.327,-0.576,2.161,0.070,0.045,117.123,1.988,1.448,2.163,4,4,3.220
1777577477110,0.050,1.418,-0.595,2.373,0.076,0.022,116.932,1.820,1.539,2.374,4,4,3.698
1777577477124,0.095,1.538,-0.624,2.501,0.097,0.026,116.721,1.597,1.662,2.503,4,4,3.231
1777577477140,0.048,1.353,-0.688,2.501,0.058,-0.076,116.731,1.447,1.518,2.503,4,4,5.605
1777577477153,0.300,1.298,-0.852,2.501,-0.026,-0.224,117.018,0.906,1.581,2.511,4,4,3.228
1777577477167,0.369,1.474,-0.854,2.501,-0.110,-0.297,117.152,0.332,1.743,2.521,4,4,3.231
1777577477180,0.274,1.184,-0.982,2.501,-0.165,-0.082,117.699,-0.124,1.562,2.508,4,4,3.713
1777577477194,0.142,1.266,-0.987,2.501,-0.186,-0.303,118.147,-0.339,1.611,2.526,4,4,3.233
1777577477207,0.159,1.344,-0.860,2.501,-0.163,-0.036,118.343,-0.574,1.603,2.507,4,4,3.233
1777577477220,0.088,1.671,-0.708,2.501,-0.176,0.490,118.107,-0.671,1.817,2.555,4,4,3.229
1777577477236,0.111,1.230,-0.328,2.501,-0.222,0.956,117.530,-0.858,1.278,2.687,4,4,5.663
1777577477249,0.718,0.546,0.059,2.501,-0.600,1.046,116.059,-3.121,0.904,2.777,4,4,3.700
1777577477263,0.595,-1.757,-0.855,2.082,-0.914,0.538,105.912,-3.726,2.043,2.337,4,4,3.227
1777577477277,0.005,-0.569,-0.700,0.842,-0.975,0.140,95.119,-3.578,0.902,1.296,4,4,3.229
1777577477290,-0.236,-0.226,-0.664,0.016,-0.835,-0.198,83.909,-2.609,0.739,0.858,4,4,3.225
1777577477303,-0.467,0.032,-0.546,-0.586,-0.561,-0.142,87.964,-0.726,0.719,0.823,4,4,3.234
1777577477317,-0.450,0.144,-0.460,-0.967,-0.236,-0.095,91.232,1.188,0.660,1.000,4,4,3.698
1777577477332,-0.424,0.082,-0.434,-1.288,0.086,-0.044,94.646,3.054,0.612,1.292,4,4,4.911
1777577477345,-0.440,0.033,-0.439,-1.541,0.319,-0.048,98.191,4.889,0.622,1.574,4,4,3.300
1777577477359,-0.410,0.197,-0.356,-1.676,0.502,-0.121,100.500,6.651,0.577,1.754,4,4,3.254
1777577477372,-0.246,0.352,-0.315,-1.676,0.568,-0.284,101.872,7.563,0.532,1.792,4,4,3.233
1777577477385,-0.083,0.335,-0.287,-1.644,0.500,-0.505,103.127,7.696,0.449,1.791,4,4,3.701
1777577477399,0.019,0.196,-0.294,-1.715,0.345,-0.671,105.018,7.227,0.354,1.873,4,4,3.240
1777577477413,0.082,0.124,-0.261,-1.892,0.143,-0.652,107.188,6.220,0.300,2.006,4,4,3.228
1777577477426,0.144,0.134,-0.251,-2.118,-0.072,-0.442,109.146,4.773,0.319,2.165,4,4,3.233
1777577477439,0.160,0.231,-0.246,-2.334,-0.273,-0.136,110.354,3.452,0.374,2.354,4,4,3.237
1777577477453,0.141,0.299,-0.289,-2.501,-0.418,0.087,111.390,2.483,0.439,2.538,5,5,3.715
1777577477466,0.090,0.383,-0.323,-2.501,-0.520,0.148,112.212,1.928,0.509,2.559,5,5,3.240
1777577477480,0.001,0.525,-0.390,-2.501,-0.552,0.112,112.841,1.840,0.654,2.564,5,5,3.227
1777577477493,-0.062,0.634,-0.478,-2.501,-0.515,0.062,113.462,1.953,0.796,2.555,5,5,3.248
1777577477506,-0.089,0.736,-0.576,-2.501,-0.444,0.034,114.100,2.106,0.939,2.541,5,5,3.238
1777577477520,-0.110,0.829,-0.657,-2.501,-0.338,0.038,114.725,2.273,1.064,2.524,5,5,3.721
1777577477533,-0.108,0.864,-0.701,-2.501,-0.205,0.060,115.352,2.416,1.117,2.511,5,5,3.238
1777577477547,-0.105,0.922,-0.705,-2.501,-0.087,0.120,115.880,2.537,1.165,2.506,5,5,3.231
1777577477560,-0.105,0.988,-0.713,-2.501,0.040,0.173,116.314,2.642,1.223,2.508,5,5,3.245
1777577477573,-0.097,1.018,-0.717,-2.501,0.152,0.194,116.701,2.721,1.249,2.514,5,5,3.227
1777577477587,-0.070,1.045,-0.728,-2.501,0.241,0.191,117.057,2.740,1.276,2.520,5,5,3.725
1777577477601,-0.064,1.088,-0.767,-2.501,0.292,0.213,117.412,2.740,1.333,2.527,5,5,3.237
1777577477614,-0.034,1.268,-0.835,-2.501,0.319,0.234,117.672,2.677,1.519,2.533,5,5,3.223
1777577477627,-0.018,1.495,-0.976,-2.501,0.310,0.313,117.911,2.586,1.785,2.540,5,5,3.237
1777577477641,0.050,1.644,-1.182,-2.501,0.240,0.404,118.252,2.411,2.025,2.545,5,5,3.225
1777577477654,0.091,1.684,-1.393,-2.501,0.118,0.510,118.749,2.201,2.187,2.556,5,5,3.848
1777577477668,0.048,1.735,-1.588,-2.501,0.022,0.604,119.349,2.054,2.352,2.573,5,5,3.248
1777577477681,-0.077,1.683,-1.758,-2.354,0.005,0.606,120.088,2.044,2.435,2.431,5,5,3.235
1777577477695,-0.135,1.400,-1.875,-1.939,0.058,0.436,121.101,2.099,2.343,1.988,5,5,3.235
1777577477708,0.045,1.163,-1.898,-1.477,0.104,0.074,122.300,1.956,2.226,1.483,5,5,3.228
1777577477721,0.049,1.022,-1.962,-1.007,0.084,0.089,123.619,1.815,2.213,1.014,5,5,3.724
1777577477735,-0.038,0.871,-1.971,-0.503,0.074,0.382,125.042,1.780,2.155,0.636,5,5,3.231
1777577477748,-0.227,0.831,-1.863,-0.070,0.072,0.371,126.394,1.980,2.052,0.384,5,5,3.244
1777577477762,-0.392,0.749,-1.745,0.304,0.136,0.038,127.723,2.404,1.939,0.335,5,5,3.234
1777577477775,-2.091,-2.468,-0.232,1.015,0.578,-0.375,117.966,4.054,3.243,1.227,5,5,3.225
1777577477788,0.409,1.661,0.075,1.630,-0.259,-0.740,116.630,3.272,1.712,1.809,1,1,3.714
1777577477802,0.021,1.190,0.114,2.104,-0.113,-0.719,115.227,3.086,1.195,2.227,1,1,3.227
1777577477815,-0.188,0.937,-0.242,2.142,0.107,-0.526,114.759,3.431,0.985,2.209,1,1,3.237
1777577477829,-0.085,0.871,-0.365,2.012,0.125,-0.431,114.671,3.506,0.949,2.062,1,1,3.235
1777577477842,-0.248,0.878,-0.512,1.812,0.038,-0.388,114.915,3.952,1.046,1.853,1,1,3.231
1777577477858,-0.120,0.871,-0.535,1.541,-0.032,-0.235,115.205,4.071,1.029,1.559,1,1,3.710
1777577477872,-0.192,0.865,-0.566,1.345,0.021,-0.144,115.555,4.352,1.052,1.353,1,1,3.311
1777577477885,-0.175,0.745,-0.696,1.131,0.191,-0.068,116.320,4.587,1.034,1.149,1,1,3.241
1777577477898,-0.008,0.806,-0.588,0.792,0.142,-0.013,116.748,4.407,0.998,0.805,1,1,3.221
1777577477912,-0.104,0.870,-0.538,0.638,0.145,0.058,116.967,4.468,1.028,0.657,1,1,3.711
1777577477925,-0.027,0.828,-0.575,0.551,0.176,0.007,117.310,4.339,1.008,0.579,1,1,3.730
1777577477939,-0.084,0.829,-0.589,0.313,0.044,0.032,117.664,4.356,1.021,0.318,1,1,3.224
1777577477952,-0.025,0.900,-0.497,0.227,0.058,0.084,117.718,4.226,1.028,0.250,1,1,3.233
1777577477966,0.006,0.915,-0.553,0.192,0.039,0.074,117.869,4.027,1.070,0.209,1,1,3.218
1777577477980,-0.025,0.955,-0.520,0.151,0.027,0.074,117.898,3.909,1.088,0.171,1,1,4.233
1777577477993,-0.031,0.953,-0.499,0.140,0.020,0.049,117.886,3.809,1.076,0.150,1,1,3.697
1777577478007,-0.060,0.921,-0.500,0.123,0.018,0.048,117.914,3.786,1.050,0.133,1,1,3.323
1777577478021,-0.068,0.923,-0.510,0.100,0.021,0.068,117.957,3.783,1.057,0.123,1,1,3.232
1777577478034,-0.071,0.922,-0.485,0.093,0.038,0.092,117.947,3.789,1.044,0.136,1,1,3.336
1777577478047,-0.076,0.909,-0.504,0.085,0.058,0.109,117.993,3.806,1.042,0.150,1,1,3.319
1777577478061,-0.050,0.927,-0.503,0.091,0.064,0.126,118.014,3.758,1.056,0.168,1,1,3.707
1777577478076,-0.039,0.912,-0.511,0.085,0.072,0.129,118.068,3.687,1.046,0.170,1,1,4.394
1777577478089,0.149,1.062,-0.428,0.096,0.056,0.103,117.800,3.201,1.154,0.151,1,1,3.225
1777577478103,0.056,0.854,-0.490,0.055,0.049,0.085,117.888,2.918,0.986,0.112,1,1,3.666
1777577478116,0.038,0.894,-0.516,0.060,0.043,0.052,117.981,2.698,1.033,0.090,1,1,3.231
1777577478130,0.016,0.937,-0.498,0.059,0.022,0.020,117.981,2.543,1.061,0.066,1,1,3.702
1777577478143,-0.000,0.911,-0.528,0.044,0.012,-0.005,118.073,2.433,1.053,0.046,1,1,3.240
1777577478157,-0.022,0.910,-0.520,0.039,0.008,-0.003,118.146,2.378,1.049,0.040,1,1,3.224
1777577478170,-0.053,0.929,-0.508,0.037,0.021,0.007,118.169,2.399,1.061,0.043,1,1,3.228
1777577478183,-0.012,0.907,-0.505,0.027,0.044,-0.005,118.210,2.323,1.038,0.051,1,1,3.236
1777577478197,0.007,0.929,-0.513,0.031,0.037,0.026,118.240,2.206,1.061,0.055,1,1,3.715
1777577478210,-0.023,0.953,-0.483,0.047,0.041,0.043,118.181,2.163,1.068,0.075,1,1,3.233
1777577478224,0.011,0.932,-0.493,0.052,0.034,0.048,118.167,2.041,1.054,0.078,1,1,3.233
1777577478240,-0.018,0.968,-0.503,0.066,0.033,0.043,118.137,1.993,1.091,0.085,1,1,5.827
1777577478253,-0.005,0.889,-0.515,0.048,0.029,0.035,118.222,1.917,1.027,0.066,1,1,3.231
1777577478266,0.001,0.899,-0.526,0.048,0.014,0.038,118.314,1.831,1.042,0.063,1,1,3.714
1777577478280,-0.002,0.928,-0.507,0.056,0.001,0.037,118.329,1.756,1.057,0.067,1,1,3.234
1777577478294,-0.031,0.891,-0.528,0.057,-0.004,0.055,118.430,1.753,1.036,0.080,1,1,3.219
1777577478307,0.003,0.912,-0.525,0.057,-0.010,0.068,118.495,1.670,1.052,0.089,1,1,3.233
1777577478320,-0.029,0.970,-0.523,0.076,-0.020,0.100,118.489,1.662,1.102,0.127,1,1,3.228
1777577478336,-0.001,0.945,-0.515,0.098,-0.028,0.135,118.492,1.592,1.076,0.169,1,1,6.131
1777577478350,-0.026,0.931,-0.530,0.146,-0.025,0.125,118.543,1.583,1.071,0.194,1,1,3.222
1777577478363,0.010,0.948,-0.507,0.160,-0.034,0.098,118.525,1.491,1.075,0.191,1,1,3.257
1777577478377,0.003,0.987,-0.514,0.185,-0.030,0.063,118.482,1.418,1.113,0.198,1,1,3.246
1777577478390,0.008,0.889,-0.538,0.184,-0.029,0.075,118.600,1.338,1.040,0.201,1,1,3.232
1777577478403,0.024,0.932,-0.523,0.186,-0.034,0.076,118.631,1.222,1.069,0.204,4,4,3.713
1777577478417,-0.002,0.905,-0.541,0.176,-0.028,0.082,118.729,1.175,1.054,0.196,4,4,3.224
1777577478432,0.050,0.958,-0.527,0.200,-0.026,0.074,118.732,1.009,1.094,0.215,4,4,4.977
1777577478445,0.005,0.946,-0.561,0.212,-0.030,0.085,118.816,0.952,1.100,0.231,4,4,3.223
1777577478459,0.007,0.933,-0.550,0.238,-0.028,0.095,118.891,0.894,1.083,0.258,4,4,3.241
1777577478472,-0.023,0.929,-0.556,0.248,-0.019,0.102,118.979,0.908,1.084,0.269,4,4,3.702
1777577478486,-0.030,0.965,-0.556,0.276,-0.003,0.114,119.021,0.935,1.114,0.299,4,4,3.226
1777577478499,0.009,0.968,-0.569,0.300,0.014,0.110,119.084,0.875,1.123,0.319,4,4,3.235
1777577478513,-0.029,0.951,-0.588,0.325,0.025,0.117,119.199,0.900,1.118,0.346,4,4,3.221
1777577478527,-0.019,1.053,-0.570,0.376,0.038,0.114,119.166,0.901,1.198,0.395,4,4,4.139
1777577478540,0.027,1.017,-0.575,0.436,0.039,0.107,119.179,0.804,1.168,0.450,4,4,3.715
1777577478554,0.032,1.014,-0.601,0.479,0.032,0.053,119.244,0.700,1.179,0.483,4,4,3.610
1777577478568,0.078,1.072,-0.597,0.543,0.020,0.001,119.238,0.511,1.229,0.543,4,4,3.233
1777577478581,0.073,0.974,-0.633,0.594,0.010,-0.024,119.403,0.330,1.164,0.594,4,4,3.226
1777577478594,0.035,0.939,-0.627,0.630,0.002,-0.031,119.593,0.238,1.129,0.631,4,4,3.239
1777577478608,-0.021,1.053,-0.615,0.688,0.003,-0.005,119.624,0.270,1.220,0.688,4,4,3.699
1777577478622,-0.033,1.014,-0.621,0.759,0.025,0.010,119.707,0.327,1.189,0.760,4,4,3.248
1777577478635,-0.150,0.992,-0.686,0.786,0.037,0.077,119.924,0.623,1.216,0.791,4,4,3.241
1777577478648,0.015,1.145,-0.626,0.897,0.042,0.094,119.869,0.568,1.305,0.903,4,4,3.229
1777577478662,0.047,1.111,-0.633,1.010,0.020,0.089,119.859,0.450,1.280,1.014,4,4,3.236
1777577478675,-0.005,0.992,-0.677,1.101,0.014,0.083,120.055,0.440,1.201,1.105,4,4,3.699
1777577478689,-0.039,1.019,-0.687,1.203,0.019,0.090,120.228,0.501,1.229,1.206,4,4,3.250
1777577478702,0.048,0.988,-0.646,1.314,0.018,0.080,120.357,0.377,1.181,1.317,4,4,3.236
1777577478715,0.037,1.134,-0.661,1.446,0.030,0.067,120.353,0.290,1.313,1.448,4,4,3.244
1777577478729,0.088,1.156,-0.714,1.620,0.035,0.025,120.413,0.116,1.361,1.621,4,4,3.232
1777577478742,0.172,1.234,-0.663,1.849,0.013,-0.009,120.318,-0.195,1.411,1.850,4,4,3.699
1777577478756,0.225,1.373,-0.632,2.088,-0.009,-0.077,120.074,-0.558,1.528,2.089,4,4,3.248
1777577478769,0.079,1.388,-0.667,2.327,0.008,-0.081,119.881,-0.662,1.542,2.329,4,4,3.233
1777577478783,-0.031,1.215,-0.726,2.500,0.048,-0.026,119.924,-0.577,1.415,2.500,4,4,3.239
1777577478796,-0.226,1.056,-0.826,2.501,0.125,0.030,120.279,-0.133,1.360,2.505,4,4,3.236
1777577478809,-0.215,1.046,-0.824,2.501,0.228,-0.037,120.627,0.273,1.349,2.512,4,4,3.690
1777577478823,-0.014,0.801,-0.833,2.501,0.268,0.041,121.304,0.292,1.156,2.516,4,4,3.236
1777577478836,-0.062,0.747,-0.990,2.501,0.281,0.217,122.252,0.405,1.242,2.526,4,4,3.237
1777577478850,-0.014,0.435,-1.022,2.501,0.291,0.382,123.770,0.419,1.111,2.547,4,4,3.235
1777577478863,-0.076,0.537,-1.236,2.501,0.305,0.453,125.202,0.542,1.349,2.560,4,4,3.232
1777577478878,-0.006,0.634,-1.255,2.501,0.379,0.730,126.427,0.529,1.406,2.633,4,4,3.731
1777577478892,0.090,0.892,-1.162,2.462,0.356,1.059,127.129,0.352,1.468,2.704,4,4,3.244
1777577478906,0.125,1.010,-1.107,2.425,0.344,1.396,127.589,0.128,1.504,2.819,4,4,3.228
1777577478921,0.218,0.388,-0.707,2.102,0.234,1.757,128.622,-0.538,0.835,2.750,4,4,5.449
1777577478935,0.398,-0.466,-0.265,1.565,0.003,1.725,117.766,-2.114,0.667,2.330,4,4,3.267
1777577478951,0.210,-1.090,-1.079,1.237,0.059,0.765,106.724,-2.363,1.548,1.456,4,4,6.308
1777577478964,-0.038,0.093,-1.040,0.456,0.077,-0.052,109.705,-2.169,1.045,0.466,4,4,3.230
1777577478978,0.252,-0.037,-0.820,-0.038,-0.006,-0.599,97.150,-2.822,0.858,0.600,4,4,3.234
1777577478991,0.390,0.013,-0.821,-0.431,-0.236,-0.820,100.732,-3.809,0.909,0.956,4,4,3.241
1777577479004,0.458,0.141,-0.745,-0.717,-0.557,-0.696,103.730,-5.003,0.886,1.144,4,4,3.226
1777577479018,0.397,0.163,-0.676,-0.956,-0.869,-0.424,106.473,-6.083,0.801,1.360,4,4,3.708
1777577479032,0.217,0.189,-0.610,-1.143,-1.086,-0.150,108.937,-6.637,0.674,1.584,4,4,3.224
1777577479047,0.033,0.214,-0.594,-1.303,-1.176,0.054,111.177,-6.480,0.632,1.756,4,4,5.441
1777577479060,-0.138,0.275,-0.503,-1.406,-1.153,0.155,112.935,-5.603,0.590,1.825,4,4,3.235
1777577479074,-0.239,0.220,-0.462,-1.500,-1.063,0.147,114.754,-4.265,0.565,1.844,4,4,3.251
1777577479087,-0.262,0.160,-0.441,-1.619,-0.937,0.005,116.737,-2.801,0.537,1.871,4,4,3.711
1777577479101,-0.292,0.121,-0.452,-1.764,-0.787,-0.217,118.847,-1.282,0.552,1.944,4,4,3.230
1777577479114,-0.271,0.149,-0.427,-1.913,-0.641,-0.389,120.682,0.128,0.527,2.055,4,4,3.229
1777577479128,-0.228,0.147,-0.447,-2.080,-0.498,-0.436,122.478,1.251,0.522,2.183,4,4,3.221
1777577479144,-0.133,0.151,-0.438,-2.320,-0.365,-0.293,124.162,1.898,0.482,2.367,4,4,6.029
1777577479157,-0.055,0.213,-0.458,-2.501,-0.281,-0.062,125.513,2.086,0.508,2.518,5,5,3.706
1777577479171,0.009,0.326,-0.466,-2.501,-0.226,0.154,126.368,1.955,0.569,2.516,5,5,3.240
1777577479184,0.051,0.432,-0.507,-2.501,-0.193,0.303,126.946,1.680,0.668,2.527,5,5,3.229
1777577479198,0.040,0.516,-0.544,-2.501,-0.166,0.422,127.366,1.472,0.751,2.542,5,5,3.229
1777577479211,0.009,0.618,-0.615,-2.501,-0.138,0.469,127.692,1.381,0.872,2.549,5,5,3.231
1777577479224,-0.039,0.709,-0.660,-2.501,-0.091,0.440,127.921,1.422,0.970,2.541,5,5,3.701
1777577479240,-0.096,0.773,-0.720,-2.501,-0.011,0.320,128.142,1.588,1.061,2.522,5,5,5.260
1777577479253,-0.150,0.816,-0.730,-2.501,0.089,0.189,128.302,1.860,1.105,2.510,5,5,3.224
1777577479267,-0.154,0.913,-0.746,-2.501,0.201,0.103,128.343,2.104,1.189,2.512,5,5,3.256
1777577479280,-0.170,0.948,-0.765,-2.501,0.325,0.093,128.367,2.359,1.230,2.524,5,5,3.228
1777577479293,-0.111,0.930,-0.756,-2.501,0.420,0.108,128.400,2.488,1.204,2.539,5,5,3.701
1777577479307,-0.096,1.008,-0.779,-2.501,0.502,0.085,128.368,2.567,1.277,2.553,5,5,3.235
1777577479321,-0.084,1.126,-0.766,-2.501,0.576,0.074,128.187,2.610,1.364,2.568,5,5,3.221
1777577479334,-0.035,1.257,-0.768,-2.501,0.607,0.087,127.892,2.555,1.474,2.575,5,5,3.222
1777577479347,0.017,1.385,-0.812,-2.501,0.602,0.131,127.563,2.417,1.606,2.576,5,5,3.232
1777577479360,0.043,1.479,-0.875,-2.501,0.556,0.213,127.258,2.249,1.719,2.571,5,5,3.707
1777577479374,0.066,1.535,-0.950,-2.501,0.466,0.262,127.018,2.059,1.807,2.558,5,5,3.230
1777577479388,0.092,1.544,-1.039,-2.468,0.354,0.182,126.883,1.845,1.863,2.500,5,5,3.229
1777577479403,0.114,1.540,-1.115,-2.277,0.227,0.023,126.840,1.614,1.904,2.288,5,5,5.682
1777577479417,0.186,1.410,-1.189,-2.025,0.115,-0.074,126.985,1.293,1.854,2.030,5,5,3.224
1777577479430,0.200,1.368,-1.292,-1.728,0.008,-0.041,127.263,0.971,1.892,1.728,5,5,3.739
1777577479444,0.134,1.194,-1.341,-1.387,-0.074,0.119,127.747,0.742,1.800,1.394,5,5,3.229
1777577479458,0.014,1.043,-1.365,-1.061,-0.110,0.210,128.396,0.689,1.718,1.087,5,5,4.290
1777577479472,-0.245,1.002,-1.397,-0.663,-0.069,0.257,129.094,1.014,1.737,0.714,5,5,3.245
1777577479485,-0.444,0.892,-1.393,-0.284,0.041,0.168,129.893,1.627,1.712,0.333,5,5,3.233
1777577479498,-0.518,0.757,-1.366,0.021,0.177,-0.128,130.817,2.358,1.646,0.219,1,1,3.708
1777577479512,-0.398,0.621,-1.280,0.199,0.255,-0.518,131.836,2.939,1.478,0.611,1,1,3.227
1777577479525,-0.243,0.814,-1.241,0.383,0.263,-0.659,132.488,3.218,1.504,0.806,1,1,3.232
1777577479539,0.067,-2.357,-2.343,1.232,0.288,0.317,120.797,3.026,3.325,1.305,1,1,3.224
1777577479552,1.073,1.424,0.490,1.789,-0.389,-0.174,118.620,1.342,1.849,1.839,1,1,3.303
1777577479565,0.194,0.988,0.106,2.324,-0.593,-0.375,117.101,0.800,1.012,2.427,1,1,3.709
1777577479579,-0.267,0.961,-0.111,2.373,-0.332,-0.264,116.204,1.440,1.004,2.410,1,1,3.230
1777577479593,-0.074,0.783,-0.435,2.242,-0.183,-0.213,116.328,1.584,0.899,2.260,1,1,3.230
1777577479606,-0.260,0.839,-0.591,1.951,-0.022,-0.154,116.714,2.137,1.058,1.957,1,1,3.224
1777577479619,-0.155,0.931,-0.559,1.724,0.121,-0.068,116.900,2.399,1.097,1.729,1,1,3.232
1777577479632,-0.110,0.816,-0.586,1.506,0.111,-0.017,117.284,2.567,1.011,1.510,1,1,3.693
1777577479646,-0.162,0.822,-0.929,1.296,0.209,0.085,118.213,2.780,1.251,1.316,1,1,3.224
1777577479660,0.057,0.741,-0.694,0.917,0.119,0.069,118.864,2.518,1.017,0.928,1,1,3.225
1777577479673,-0.072,0.826,-0.575,0.708,0.210,0.087,119.126,2.586,1.009,0.744,1,1,3.370
1777577479686,-0.041,0.837,-0.551,0.552,0.182,0.059,119.310,2.575,1.003,0.584,1,1,3.223
1777577479700,0.011,0.487,-0.899,0.326,0.091,0.060,120.720,2.436,1.022,0.343,1,1,3.689
1777577479713,-0.260,0.883,-0.548,0.195,0.076,0.094,120.769,2.944,1.071,0.230,1,1,3.232
1777577479727,-0.022,0.941,-0.527,0.170,0.045,0.051,120.702,2.866,1.078,0.184,1,1,3.236
1777577479740,0.022,0.914,-0.498,0.128,0.025,0.018,120.610,2.688,1.041,0.131,1,1,3.239
1777577479753,0.022,0.953,-0.483,0.122,-0.006,-0.045,120.445,2.518,1.069,0.130,1,1,3.247
1777577479767,0.007,0.922,-0.491,0.117,-0.056,-0.082,120.341,2.390,1.045,0.153,1,1,3.706
1777577479780,-0.045,0.922,-0.492,0.097,-0.056,-0.093,120.242,2.394,1.046,0.146,1,1,3.232
1777577479794,-0.020,0.923,-0.487,0.095,-0.069,-0.106,120.135,2.338,1.044,0.158,1,1,3.227
1777577479807,-0.074,0.928,-0.491,0.087,-0.057,-0.089,120.036,2.411,1.052,0.137,1,1,3.226
1777577479820,-0.101,0.918,-0.510,0.081,-0.048,-0.073,119.994,2.546,1.055,0.119,1,1,3.243
1777577479834,-0.071,0.933,-0.506,0.075,-0.054,-0.062,119.928,2.601,1.063,0.112,1,1,3.699
1777577479848,-0.057,0.949,-0.496,0.084,-0.068,-0.054,119.825,2.622,1.073,0.121,1,1,3.350
1777577479861,-0.058,0.922,-0.503,0.092,-0.082,-0.058,119.774,2.646,1.052,0.137,1,1,3.236
1777577479874,-0.030,0.919,-0.504,0.091,-0.094,-0.072,119.728,2.602,1.049,0.149,1,1,3.333
1777577479888,-0.021,0.891,-0.515,0.096,-0.115,-0.107,119.741,2.538,1.029,0.184,1,1,3.228
1777577479901,-0.043,0.902,-0.499,0.085,-0.124,-0.116,119.706,2.532,1.032,0.190,1,1,3.778
1777577479915,-0.114,0.901,-0.530,0.070,-0.096,-0.090,119.740,2.694,1.052,0.150,1,1,3.251
1777577479928,-0.127,0.920,-0.516,0.060,-0.064,-0.056,119.720,2.877,1.063,0.104,1,1,3.238
1777577479943,-0.158,0.929,-0.523,0.043,-0.017,0.010,119.704,3.120,1.078,0.048,1,1,4.869
1777577479957,-0.096,0.932,-0.519,0.040,0.011,0.039,119.679,3.209,1.071,0.057,1,1,3.230
1777577479970,-0.075,0.927,-0.512,0.031,0.023,0.044,119.645,3.246,1.061,0.058,1,1,3.707
1777577479984,-0.073,0.948,-0.520,0.033,0.029,0.040,119.607,3.273,1.083,0.059,1,1,3.232
1777577479997,-0.059,0.918,-0.514,0.030,0.027,0.035,119.591,3.271,1.053,0.054,1,1,3.222
1777577480011,-0.052,0.888,-0.534,0.016,0.021,0.033,119.653,3.253,1.038,0.042,1,1,3.232
1777577480024,-0.065,0.898,-0.517,0.011,0.028,0.040,119.664,3.268,1.038,0.050,1,1,3.226
1777577480038,-0.095,0.917,-0.520,0.003,0.036,0.057,119.659,3.350,1.059,0.068,1,1,4.579
1777577480052,-0.073,0.911,-0.515,-0.008,0.050,0.060,119.652,3.378,1.049,0.079,1,1,3.236
1777577480067,-0.059,0.915,-0.539,-0.010,0.053,0.053,119.688,3.369,1.064,0.075,1,1,4.620
1777577480080,-0.057,0.897,-0.537,0.012,0.053,0.059,119.743,3.358,1.047,0.079,1,1,3.248
1777577480094,-0.013,0.977,-0.503,0.050,0.048,0.053,119.634,3.241,1.099,0.088,1,1,3.222
1777577480107,-0.024,0.957,-0.530,0.055,0.042,0.050,119.605,3.154,1.094,0.085,1,1,3.734
1777577480121,-0.045,0.930,-0.550,0.073,0.041,0.051,119.648,3.121,1.082,0.098,1,1,3.232
1777577480134,-0.224,1.091,-0.542,0.153,0.037,0.178,119.507,3.440,1.239,0.238,1,1,3.227
1777577480148,-0.281,1.030,-0.540,0.301,0.082,0.284,119.426,3.884,1.196,0.422,1,1,3.234
1777577480161,-0.055,1.009,-0.515,0.324,0.078,0.279,119.322,3.836,1.134,0.434,1,1,3.226
1777577480174,-0.088,0.994,-0.547,0.360,0.092,0.339,119.302,3.862,1.138,0.503,5,5,3.775
1777577480188,-0.072,1.032,-0.545,0.417,0.103,0.356,119.238,3.846,1.170,0.558,5,5,3.229
1777577480203,-0.021,1.128,-0.517,0.499,0.106,0.369,119.036,3.721,1.241,0.629,5,5,4.814
1777577480217,0.023,1.123,-0.545,0.595,0.108,0.332,118.898,3.512,1.248,0.690,5,5,3.233
1777577480230,0.019,1.124,-0.572,0.689,0.107,0.266,118.813,3.322,1.261,0.747,5,5,3.223
1777577480243,-0.014,1.201,-0.575,0.805,0.093,0.187,118.671,3.203,1.332,0.832,4,4,3.703
1777577480257,0.047,1.102,-0.580,0.933,0.078,0.139,118.631,2.968,1.246,0.946,4,4,3.234
1777577480270,0.086,0.976,-0.571,0.991,0.050,0.089,118.705,2.647,1.133,0.996,4,4,3.243
1777577480284,0.015,0.914,-0.611,1.024,0.033,0.073,118.926,2.497,1.100,1.027,4,4,3.229
1777577480298,-0.008,0.739,-0.661,1.002,0.028,0.075,119.490,2.407,0.992,1.005,4,4,4.475
1777577480312,0.012,0.777,-0.624,0.975,0.009,0.058,119.896,2.271,0.996,0.977,4,4,3.711
1777577480325,-0.010,0.736,-0.648,0.964,0.018,0.072,120.397,2.199,0.981,0.967,4,4,3.230
1777577480339,0.072,0.550,-0.690,0.890,-0.005,0.058,121.317,1.900,0.885,0.892,4,4,3.240
1777577480352,0.012,0.620,-0.729,0.828,-0.023,0.037,122.117,1.785,0.957,0.829,4,4,3.227
1777577480365,0.121,0.703,-0.708,0.793,-0.051,0.001,122.689,1.404,1.006,0.795,4,4,3.257
1777577480379,0.099,0.659,-0.746,0.755,-0.055,-0.018,123.383,1.095,1.000,0.757,4,4,3.728
1777577480393,0.065,0.711,-0.772,0.731,-0.075,-0.057,123.994,0.893,1.052,0.737,4,4,3.226
1777577480406,0.122,0.674,-0.814,0.720,-0.115,-0.116,124.712,0.567,1.064,0.738,4,4,3.235
1777577480419,0.221,0.838,-0.781,0.751,-0.168,-0.174,125.074,0.065,1.166,0.788,4,4,3.308
1777577480433,0.127,0.970,-0.790,0.823,-0.171,-0.221,125.252,-0.191,1.258,0.869,4,4,3.247
1777577480446,0.109,0.963,-0.791,0.920,-0.193,-0.255,125.433,-0.401,1.251,0.974,5,5,3.709
1777577480460,-0.041,1.061,-0.787,1.058,-0.175,-0.259,125.483,-0.306,1.322,1.103,5,5,3.231
1777577480473,-0.024,1.061,-0.826,1.212,-0.174,-0.266,125.589,-0.248,1.345,1.253,5,5,3.229
1777577480486,0.053,1.163,-0.736,1.428,-0.174,-0.285,125.447,-0.333,1.377,1.466,5,5,3.228
1777577480500,-0.032,1.332,-0.734,1.679,-0.145,-0.259,125.158,-0.265,1.521,1.705,5,5,3.234
1777577480513,-0.277,1.437,-0.744,1.993,-0.057,-0.207,124.818,0.171,1.642,2.005,4,4,3.692
1777577480527,-0.357,1.198,-0.870,2.207,-0.002,-0.187,124.869,0.756,1.524,2.215,4,4,3.233
1777577480540,-0.279,1.279,-0.880,2.465,0.109,-0.121,124.855,1.168,1.578,2.470,4,4,3.228
1777577480553,-0.332,1.149,-0.925,2.501,0.223,-0.089,125.029,1.671,1.512,2.513,4,4,3.218
1777577480567,-0.345,0.917,-0.968,2.501,0.373,-0.131,125.533,2.233,1.378,2.532,4,4,3.228
1777577480580,-0.188,0.604,-0.979,2.501,0.468,0.147,126.529,2.540,1.165,2.549,4,4,3.705
1777577480594,0.028,0.432,-1.098,2.501,0.440,0.280,127.928,2.370,1.180,2.555,4,4,3.241
1777577480607,0.001,0.430,-1.282,2.501,0.408,0.191,129.394,2.265,1.353,2.542,4,4,3.232
1777577480620,0.219,0.368,-1.318,2.499,0.339,0.325,130.924,1.767,1.386,2.542,4,4,3.228
1777577480634,0.364,0.191,-1.282,2.228,0.232,0.553,132.701,1.005,1.346,2.307,4,4,3.228
1777577480647,0.255,0.408,-1.204,2.003,0.184,0.908,133.951,0.464,1.297,2.207,4,4,3.695
1777577480661,0.203,0.163,-0.829,1.743,0.154,1.561,135.479,-0.148,0.869,2.345,4,4,3.238
1777577480674,0.362,-0.221,-0.574,1.312,-0.113,1.581,122.603,-1.473,0.714,2.058,4,4,3.233
1777577480688,-0.015,0.276,-0.640,1.225,-0.122,0.841,124.092,-1.354,0.697,1.490,4,4,3.237
1777577480701,-0.124,-0.163,-1.022,0.945,-0.128,0.122,111.189,-0.997,1.043,0.961,4,4,3.223
1777577480714,-0.093,-0.355,-0.879,0.466,-0.044,-0.327,99.416,-0.709,0.953,0.571,4,4,3.704
1777577480728,-0.033,0.020,-0.849,0.108,-0.083,-0.575,102.882,-0.580,0.850,0.591,4,4,3.604
1777577480742,0.095,0.216,-0.807,-0.048,-0.223,-0.523,105.599,-0.838,0.841,0.571,4,4,3.226
1777577480756,0.127,0.235,-0.730,-0.124,-0.398,-0.356,108.074,-1.212,0.778,0.549,4,4,4.347
1777577480769,0.007,0.228,-0.703,-0.190,-0.507,-0.193,110.434,-1.182,0.739,0.575,4,4,3.225
1777577480783,-0.113,0.195,-0.685,-0.300,-0.554,-0.128,112.783,-0.735,0.721,0.642,4,4,4.510
1777577480797,-0.150,0.168,-0.587,-0.488,-0.551,-0.192,115.024,-0.098,0.629,0.761,4,4,3.235
1777577480811,-0.103,0.036,-0.570,-0.726,-0.543,-0.354,117.709,0.353,0.580,0.973,4,4,3.227
1777577480824,-0.111,-0.032,-0.521,-0.996,-0.530,-0.520,104.842,0.865,0.533,1.243,4,4,3.240
1777577480837,-0.097,-0.101,-0.532,-1.321,-0.517,-0.609,92.855,1.272,0.550,1.544,4,4,3.236
1777577480851,-0.043,-0.100,-0.474,-1.653,-0.488,-0.613,81.443,1.438,0.486,1.829,1,1,4.279
1777577480865,-0.029,-0.133,-0.458,-2.015,-0.482,-0.555,70.718,1.525,0.477,2.145,1,1,3.233
1777577480878,-0.038,-0.023,-0.429,-2.320,-0.459,-0.445,59.891,1.677,0.431,2.407,1,1,3.215
1777577480892,-0.028,0.103,-0.440,-2.501,-0.438,-0.308,64.568,1.758,0.453,2.558,1,1,3.236
1777577480905,-0.003,0.148,-0.407,-2.501,-0.415,-0.147,68.742,1.700,0.433,2.540,1,1,3.216
1777577480918,0.016,0.236,-0.360,-2.501,-0.386,0.040,72.153,1.531,0.431,2.531,5,5,3.727
1777577480933,0.010,0.481,-0.375,-2.501,-0.339,0.271,74.591,1.422,0.610,2.539,5,5,3.967
1777577480946,-0.023,0.685,-0.420,-2.501,-0.255,0.463,76.644,1.432,0.803,2.557,5,5,3.231
1777577480959,-0.051,0.761,-0.492,-2.501,-0.154,0.547,78.666,1.510,0.908,2.565,5,5,3.228
1777577480973,-0.057,0.736,-0.547,-2.501,-0.060,0.470,80.764,1.600,0.919,2.546,5,5,3.228
1777577480986,-0.095,0.663,-0.574,-2.501,0.022,0.308,82.956,1.802,0.882,2.520,5,5,3.920
1777577481000,-0.053,0.730,-0.564,-2.501,0.092,0.101,84.912,1.868,0.924,2.505,5,5,3.224
1777577481013,-0.014,0.906,-0.546,-2.501,0.132,0.017,86.494,1.820,1.058,2.505,5,5,3.246
1777577481027,0.021,1.125,-0.636,-2.501,0.145,0.074,87.937,1.699,1.293,2.507,5,5,3.221
1777577481040,0.066,1.195,-0.688,-2.501,0.125,0.188,89.337,1.505,1.381,2.512,5,5,3.226
1777577481053,0.060,1.237,-0.726,-2.501,0.104,0.258,90.696,1.334,1.436,2.517,5,5,3.737
1777577481067,0.015,1.284,-0.761,-2.501,0.105,0.233,92.007,1.251,1.493,2.514,5,5,3.222
1777577481081,-0.015,1.323,-0.792,-2.501,0.119,0.185,93.271,1.221,1.542,2.511,5,5,3.241
1777577481094,-0.013,1.367,-0.813,-2.501,0.141,0.152,94.472,1.188,1.591,2.510,5,5,3.282
1777577481107,-0.026,1.524,-0.840,-2.501,0.148,0.215,95.539,1.174,1.740,2.515,5,5,3.236
1777577481121,-0.023,1.685,-0.916,-2.501,0.137,0.383,96.544,1.153,1.918,2.534,5,5,3.696
1777577481134,-0.016,1.755,-1.004,-2.501,0.110,0.492,97.560,1.122,2.022,2.552,5,5,3.232
1777577481148,-0.041,1.788,-1.117,-2.283,0.078,0.454,98.630,1.122,2.109,2.329,5,5,3.239
1777577481161,-0.016,1.663,-1.159,-1.990,0.045,0.302,99.778,1.093,2.027,2.014,5,5,3.220
1777577481174,-0.014,1.509,-1.173,-1.718,0.008,0.225,101.005,1.063,1.911,1.732,5,5,3.241
1777577481188,-0.004,1.386,-1.140,-1.426,-0.033,0.306,102.248,1.021,1.795,1.459,5,5,3.703
1777577481201,-0.047,1.284,-1.128,-1.105,-0.064,0.467,103.519,1.046,1.710,1.201,5,5,3.226
1777577481215,-0.160,1.174,-1.129,-0.798,-0.054,0.567,104.846,1.246,1.637,0.980,5,5,3.234
1777577481228,-0.284,0.935,-1.131,-0.563,0.012,0.594,106.402,1.671,1.494,0.818,5,5,3.219
1777577481241,-0.363,0.754,-1.112,-0.460,0.100,0.455,108.127,2.259,1.392,0.655,5,5,3.256
1777577481255,-0.370,0.836,-1.049,-0.315,0.204,0.183,109.584,2.835,1.391,0.417,1,1,3.695
1777577481269,-0.320,0.946,-0.978,-0.053,0.303,-0.086,110.737,3.289,1.398,0.319,1,1,3.238
1777577481282,-0.191,0.889,-0.835,0.172,0.361,-0.225,111.719,3.534,1.234,0.459,1,1,3.223
1777577481295,-0.118,0.773,-0.678,0.262,0.383,-0.230,112.574,3.666,1.035,0.518,1,1,3.226
1777577481308,-0.033,0.724,-0.515,0.245,0.351,-0.233,113.136,3.599,0.889,0.487,1,1,3.247
1777577481322,-0.005,0.799,-0.418,0.236,0.298,-0.219,113.333,3.457,0.902,0.439,1,1,3.689
1777577481336,-0.095,0.801,-0.368,0.255,0.278,-0.168,113.393,3.576,0.887,0.413,1,1,3.248
1777577481349,-0.146,0.684,-0.284,0.194,0.307,-0.212,113.357,3.907,0.754,0.420,1,1,3.235
1777577481362,-2.463,-2.577,-1.359,0.793,0.684,0.245,103.247,5.495,3.815,1.075,1,1,3.218
1777577481376,0.534,1.447,0.377,1.567,-0.089,-0.387,102.030,4.396,1.588,1.617,1,1,3.229
1777577481389,0.351,1.063,0.155,1.867,-0.297,-0.470,101.141,3.411,1.130,1.948,1,1,3.699
1777577481403,-0.114,1.018,0.012,1.965,-0.269,-0.406,100.625,3.541,1.024,2.024,1,1,3.277
1777577481416,0.019,0.936,-0.099,2.081,-0.267,-0.453,100.424,3.336,0.941,2.146,1,1,3.248
1777577481429,-0.437,0.911,-0.446,2.051,0.032,-0.341,101.108,4.209,1.104,2.080,1,1,3.234
1777577481443,-0.164,0.857,-0.548,1.899,0.083,-0.227,102.049,4.426,1.031,1.915,1,1,3.240
1777577481456,-0.259,1.007,-0.592,1.700,0.029,-0.169,102.853,4.780,1.196,1.709,1,1,3.721
1777577481470,0.025,0.498,-1.000,1.324,0.007,-0.184,105.069,4.514,1.118,1.336,1,1,3.390
1777577481483,-0.278,0.786,-0.739,0.936,0.103,-0.120,106.301,4.949,1.114,0.950,1,1,3.241
1777577481497,-0.121,0.880,-0.622,0.700,0.153,-0.053,107.130,5.012,1.085,0.718,1,1,3.263
1777577481510,-0.182,0.936,-0.531,0.576,0.181,0.055,107.673,5.213,1.092,0.607,1,1,3.257
1777577481523,-0.063,0.872,-0.569,0.545,0.210,0.055,108.348,5.137,1.043,0.587,1,1,3.701
1777577481537,-0.079,0.819,-0.650,0.256,0.065,0.056,109.228,5.101,1.048,0.270,1,1,3.235
1777577481550,0.090,0.923,-0.520,0.274,0.062,0.032,109.673,4.665,1.063,0.283,1,1,3.225
1777577481564,0.005,0.876,-0.533,0.234,0.008,-0.000,110.183,4.450,1.026,0.234,1,1,3.246
1777577481577,-0.016,0.886,-0.533,0.203,-0.011,-0.035,110.657,4.293,1.035,0.206,1,1,3.217
1777577481590,-0.048,0.864,-0.518,0.162,-0.021,-0.064,111.106,4.226,1.008,0.176,1,1,3.709
1777577481604,-0.048,0.862,-0.510,0.123,-0.041,-0.088,111.521,4.160,1.002,0.157,1,1,3.286
1777577481618,-0.074,0.854,-0.521,0.097,-0.063,-0.093,111.953,4.163,1.004,0.148,1,1,3.221
1777577481631,-0.105,0.868,-0.529,0.080,-0.069,-0.087,112.365,4.240,1.022,0.137,1,1,3.296
1777577481644,-0.103,0.927,-0.521,0.069,-0.076,-0.079,112.670,4.296,1.069,0.130,1,1,3.225
1777577481658,-0.081,0.930,-0.512,0.065,-0.089,-0.075,112.941,4.299,1.065,0.133,1,1,3.728
1777577481671,-0.097,0.946,-0.504,0.082,-0.105,-0.081,113.163,4.337,1.076,0.155,1,1,3.279
1777577481685,-0.077,0.929,-0.510,0.086,-0.115,-0.086,113.408,4.329,1.063,0.167,1,1,3.219
1777577481698,-0.183,0.922,-0.534,0.071,-0.066,-0.040,113.700,4.565,1.081,0.105,1,1,3.293
1777577481711,-0.182,0.935,-0.534,0.060,-0.026,0.015,113.964,4.784,1.092,0.067,1,1,3.223
1777577481725,-0.198,0.938,-0.529,0.047,0.020,0.085,114.202,5.029,1.095,0.099,1,1,3.759
1777577481739,-0.128,0.912,-0.526,0.025,0.054,0.125,114.455,5.112,1.060,0.138,1,1,3.225
1777577481752,-0.079,0.918,-0.530,0.006,0.073,0.126,114.696,5.075,1.063,0.146,1,1,3.450
1777577481766,-0.023,0.902,-0.520,-0.004,0.067,0.114,114.927,4.910,1.042,0.132,1,1,3.249
1777577481779,-0.025,0.904,-0.527,-0.007,0.058,0.086,115.159,4.755,1.047,0.104,1,1,3.226
1777577481792,-0.034,0.921,-0.496,-0.007,0.044,0.074,115.296,4.629,1.047,0.087,1,1,3.739
1777577481806,-0.044,0.916,-0.521,-0.010,0.035,0.056,115.485,4.532,1.055,0.067,1,1,3.226
1777577481819,-0.011,0.923,-0.512,0.005,0.021,0.034,115.641,4.361,1.056,0.040,1,1,3.232
1777577481833,-0.039,0.895,-0.541,0.045,0.009,0.007,115.882,4.265,1.047,0.047,1,1,3.222
1777577481846,-0.033,0.951,-0.513,0.072,-0.004,-0.007,115.989,4.155,1.081,0.072,1,1,3.230
1777577481859,0.046,0.994,-0.488,0.115,-0.016,-0.104,115.997,3.870,1.108,0.156,1,1,3.701
1777577481873,-0.085,0.993,-0.500,0.130,-0.013,-0.098,116.028,3.891,1.115,0.163,1,1,3.222
1777577481886,-0.096,0.958,-0.523,0.140,-0.011,-0.067,116.142,3.940,1.096,0.155,1,1,3.238
1777577481900,-0.184,1.014,-0.538,0.177,0.001,0.025,116.221,4.167,1.162,0.179,1,1,3.335
1777577481913,-0.257,1.132,-0.502,0.285,0.010,0.093,116.121,4.498,1.264,0.300,1,1,3.296
1777577481927,-0.056,1.001,-0.536,0.293,0.020,0.135,116.211,4.426,1.137,0.323,4,4,3.695
1777577481940,-0.060,1.008,-0.554,0.367,0.024,0.184,116.325,4.363,1.152,0.411,4,4,3.259
1777577481954,-0.064,1.049,-0.544,0.423,0.021,0.187,116.373,4.307,1.183,0.463,4,4,3.460
1777577481968,-0.063,1.077,-0.574,0.496,0.030,0.138,116.447,4.249,1.222,0.516,4,4,3.285
1777577481981,-0.091,1.162,-0.567,0.589,0.035,0.075,116.428,4.239,1.296,0.594,4,4,3.309
1777577481994,-0.065,1.105,-0.564,0.678,0.031,0.038,116.455,4.185,1.242,0.680,4,4,3.937
1777577482008,-0.042,1.094,-0.560,0.772,0.016,-0.005,116.483,4.089,1.230,0.772,4,4,3.267
1777577482022,-0.041,0.982,-0.589,0.831,0.017,-0.018,116.679,3.999,1.146,0.831,4,4,3.292
1777577482035,-0.043,0.953,-0.598,0.855,0.005,-0.031,116.915,3.919,1.126,0.856,4,4,3.262
1777577482049,-0.092,0.927,-0.604,0.891,0.004,-0.039,117.186,3.957,1.111,0.892,4,4,3.288
1777577482062,-0.072,0.890,-0.650,0.904,-0.005,-0.022,117.577,3.946,1.105,0.905,4,4,3.892
1777577482076,-0.081,0.969,-0.629,0.935,-0.006,-0.006,117.814,3.948,1.158,0.935,4,4,3.278
1777577482089,-0.086,0.993,-0.630,1.012,0.015,-0.001,118.015,3.959,1.179,1.012,4,4,3.258
1777577482103,-0.114,0.735,-0.680,1.021,-0.011,0.034,118.661,4.070,1.008,1.021,4,4,3.351
1777577482116,-0.099,0.762,-0.656,1.018,-0.015,0.031,119.188,4.138,1.010,1.019,4,4,3.311
1777577482130,-0.091,0.736,-0.670,1.014,-0.009,0.035,119.763,4.185,0.999,1.015,4,4,3.904
1777577482144,-0.107,0.680,-0.715,0.999,-0.018,0.038,120.492,4.272,0.993,1.000,4,4,3.304
1777577482157,0.001,0.768,-0.703,1.000,-0.029,0.020,121.016,4.081,1.041,1.001,4,4,3.268
1777577482170,0.060,0.690,-0.733,1.002,-0.041,-0.013,121.703,3.754,1.009,1.003,4,4,3.248
1777577482184,0.034,0.642,-0.792,0.987,-0.054,-0.049,122.546,3.505,1.020,0.990,4,4,3.279
1777577482197,0.009,0.688,-0.773,0.998,-0.057,-0.082,123.236,3.330,1.036,1.003,4,4,3.869
1777577482211,-0.059,0.696,-0.760,0.992,-0.073,-0.078,123.861,3.328,1.032,0.998,4,4,3.324
1777577482225,-0.118,0.638,-0.811,0.996,-0.062,-0.131,124.646,3.469,1.038,1.007,4,4,3.273
1777577482238,-0.123,0.631,-0.871,0.974,-0.098,-0.159,125.495,3.603,1.083,0.992,4,4,3.268
1777577482251,0.085,0.530,-0.849,0.991,-0.127,-0.219,126.481,3.232,1.004,1.023,4,4,3.324
1777577482265,0.023,0.792,-0.843,1.080,-0.133,-0.217,126.931,3.040,1.157,1.109,4,4,3.911
1777577482279,-0.007,0.961,-0.851,1.197,-0.110,-0.230,127.132,2.921,1.283,1.224,4,4,3.335
1777577482292,-0.141,0.927,-0.897,1.316,-0.077,-0.241,127.436,3.067,1.298,1.340,4,4,3.269
1777577482306,-0.291,0.974,-0.863,1.492,-0.011,-0.250,127.616,3.483,1.333,1.513,4,4,3.747
1777577482319,-0.270,0.887,-0.937,1.661,0.046,-0.253,128.008,3.848,1.318,1.681,4,4,3.269
1777577482333,-0.360,0.830,-0.974,1.854,0.119,-0.243,128.513,4.366,1.330,1.874,4,4,3.944
1777577482347,-0.353,0.860,-0.891,2.078,0.238,-0.158,128.840,4.870,1.288,2.098,4,4,3.271
1777577482360,-0.449,1.052,-0.973,2.270,0.363,-0.141,129.012,5.418,1.501,2.303,4,4,3.270
1777577482374,-0.422,1.198,-1.032,2.501,0.496,-0.069,129.089,5.834,1.636,2.551,4,4,3.294
1777577482387,-0.425,1.155,-1.094,2.501,0.610,0.032,129.279,6.233,1.646,2.575,4,4,3.311
1777577482400,-0.310,0.835,-1.189,2.501,0.759,0.175,129.963,6.487,1.486,2.620,4,4,3.869
1777577482414,0.034,0.359,-1.275,2.501,0.738,0.152,131.463,6.138,1.325,2.612,4,4,3.295
1777577482428,0.193,-0.029,-1.455,2.501,0.627,0.107,117.892,5.540,1.468,2.581,4,4,3.252
1777577482441,0.320,-0.315,-1.437,2.210,0.460,0.314,105.405,4.762,1.505,2.279,4,4,3.318
1777577482455,0.319,-0.278,-1.435,1.752,0.500,0.931,93.403,4.015,1.496,2.046,4,4,3.264
1777577482468,0.344,-0.147,-1.127,1.363,0.370,1.710,81.770,3.102,1.188,2.218,4,4,3.893
1777577482482,0.490,-0.318,-0.858,0.846,0.058,1.941,71.212,1.735,1.038,2.118,4,4,3.394
1777577482496,0.008,0.089,-0.519,0.546,-0.021,1.562,75.544,1.620,0.527,1.655,4,4,3.252
1777577482509,-0.662,0.053,-1.059,0.708,0.779,0.387,79.986,2.949,1.250,1.121,4,4,3.352
1777577482522,-0.351,0.036,-0.571,0.182,1.130,-0.548,84.204,4.200,0.671,1.269,4,4,3.304
1777577482536,0.479,-0.123,-0.454,-0.284,1.056,-0.801,73.309,2.027,0.671,1.356,4,4,3.905
1777577482550,0.719,0.232,-0.377,-0.578,0.625,-0.447,76.595,-0.615,0.845,0.962,4,4,3.261
1777577482563,0.629,0.207,-0.399,-0.858,0.153,0.116,79.921,-2.970,0.774,0.879,4,4,3.258
1777577482577,0.480,0.039,-0.366,-1.175,-0.240,0.514,84.033,-5.138,0.605,1.305,4,4,3.285
1777577482590,0.324,-0.159,-0.323,-1.607,-0.518,0.525,73.636,-6.749,0.484,1.768,4,4,3.249
1777577482603,0.155,-0.295,-0.250,-2.134,-0.677,0.187,64.716,-7.408,0.416,2.246,4,4,3.902
1777577482617,0.072,-0.353,-0.201,-2.501,-0.768,-0.245,56.651,-7.522,0.413,2.628,4,4,3.258
1777577482631,-0.126,-0.350,-0.172,-2.501,-0.798,-0.502,49.091,-6.412,0.410,2.673,4,4,3.251
1777577482645,-0.062,-0.070,-0.009,-2.501,-0.831,-0.580,42.704,-4.311,0.094,2.699,4,4,4.488
1777577482659,-0.064,0.640,-0.017,-2.501,-0.908,-0.518,44.840,-3.872,0.644,2.711,4,4,3.261
1777577482672,0.002,1.164,-0.137,-2.501,-0.981,-0.145,47.108,-3.707,1.172,2.691,5,5,4.070
1777577482686,-0.033,1.121,-0.319,-2.501,-0.973,0.433,49.679,-3.475,1.166,2.719,5,5,3.271
1777577482700,-0.019,0.895,-0.457,-2.501,-0.948,0.799,52.625,-3.277,1.005,2.792,5,5,3.261
1777577482713,-0.154,0.851,-0.633,-2.501,-0.833,0.716,55.863,-2.772,1.072,2.732,5,5,3.261
1777577482726,-0.241,0.828,-0.715,-2.501,-0.676,0.320,59.141,-2.108,1.120,2.611,5,5,3.258
1777577482740,-0.205,0.868,-0.799,-2.501,-0.524,-0.115,62.354,-1.585,1.197,2.558,5,5,3.920
1777577482754,-0.248,1.059,-0.959,-2.501,-0.372,-0.166,65.407,-1.085,1.450,2.534,5,5,3.270
1777577482767,-0.305,1.136,-1.074,-2.501,-0.182,0.118,68.381,-0.555,1.593,2.511,5,5,3.286
1777577482780,-0.381,1.220,-1.157,-2.473,0.056,0.362,71.228,0.027,1.724,2.500,5,5,3.261
1777577482794,-0.397,1.227,-1.177,-2.235,0.331,0.272,73.965,0.601,1.746,2.275,5,5,3.383
1777577482807,-0.329,1.169,-1.128,-1.993,0.561,-0.099,76.589,1.076,1.657,2.073,5,5,3.996
1777577482821,-0.217,1.062,-1.021,-1.823,0.722,-0.423,79.095,1.395,1.489,2.006,5,5,3.339
1777577482835,-0.088,1.084,-0.928,-1.708,0.798,-0.430,81.345,1.488,1.430,1.934,5,5,3.318
1777577482848,0.056,1.107,-0.842,-1.581,0.762,-0.232,83.353,1.323,1.392,1.771,5,5,3.261
1777577482862,0.134,1.102,-0.795,-1.474,0.640,0.028,85.210,1.019,1.365,1.607,5,5,3.257
1777577482875,0.113,1.066,-0.760,-1.422,0.468,0.219,86.972,0.759,1.314,1.513,5,5,3.924
1777577482889,0.065,1.050,-0.735,-1.418,0.264,0.312,88.635,0.599,1.283,1.476,5,5,3.268
1777577482902,0.031,1.124,-0.725,-1.386,0.048,0.291,90.129,0.514,1.338,1.417,5,5,3.286
1777577482916,-0.017,1.159,-0.730,-1.327,-0.159,0.237,91.532,0.523,1.370,1.357,5,5,3.252
1777577482929,-0.062,1.207,-0.742,-1.234,-0.320,0.235,92.847,0.610,1.418,1.296,5,5,3.278
1777577482943,-0.063,1.216,-0.769,-1.121,-0.448,0.257,94.136,0.694,1.440,1.234,5,5,3.893
1777577482957,-0.073,1.168,-0.760,-1.022,-0.565,0.250,95.400,0.795,1.395,1.194,5,5,3.251
1777577482970,-0.068,1.167,-0.796,-0.893,-0.673,0.229,96.664,0.881,1.414,1.141,5,5,3.290
1777577482983,-0.048,1.135,-0.810,-0.725,-0.807,0.230,97.925,0.929,1.396,1.110,5,5,3.269
1777577482997,-0.074,1.083,-0.832,-0.557,-0.952,0.362,99.220,1.025,1.368,1.161,5,5,3.336
1777577483010,-0.102,0.965,-0.854,-0.416,-1.116,0.567,100.633,1.178,1.292,1.319,1,1,3.914
1777577483024,-0.152,0.935,-0.830,-0.289,-1.310,0.625,101.986,1.428,1.260,1.480,1,1,3.292
1777577483038,-0.913,-0.093,-0.870,0.097,-1.368,0.024,89.920,3.387,1.265,1.372,1,1,3.279
1777577483051,-0.816,1.321,-0.977,0.584,-1.326,-0.524,91.519,4.394,1.835,1.541,1,1,3.254
1777577483065,-0.765,1.166,-0.939,0.938,-1.123,-0.611,93.152,5.385,1.681,1.586,1,1,3.596
1777577483078,-0.707,0.505,-0.570,0.968,-0.898,-0.327,95.134,7.025,1.039,1.360,1,1,3.910
1777577483092,-0.514,1.005,-0.004,0.884,-0.608,0.016,94.920,7.903,1.129,1.073,1,1,3.275
1777577483106,-0.097,1.105,-0.067,1.012,-0.492,0.060,94.856,7.775,1.112,1.127,1,1,3.259
1777577483119,-0.125,1.010,-0.202,1.111,-0.355,0.025,95.139,7.737,1.038,1.167,1,1,3.269
1777577483133,-0.244,1.007,-0.241,1.120,-0.181,0.080,95.503,7.979,1.064,1.137,1,1,3.296
1777577483147,-0.162,0.939,-0.388,1.068,-0.116,0.136,96.244,8.027,1.029,1.083,1,1,3.967
1777577483162,-0.048,0.918,-0.420,0.970,-0.115,0.154,97.047,7.796,1.011,0.989,1,1,4.192
1777577483175,-0.002,0.971,-0.455,0.869,-0.098,0.113,97.837,7.460,1.073,0.882,1,1,3.339
1777577483188,-0.050,0.878,-0.498,0.757,-0.027,0.027,98.787,7.258,1.011,0.758,1,1,3.263
1777577483202,-0.013,0.809,-0.598,0.592,0.079,-0.076,99.997,6.973,1.006,0.602,1,1,3.289
1777577483215,0.077,0.861,-0.551,0.424,0.030,-0.177,100.986,6.480,1.025,0.460,1,1,3.936
1777577483230,-0.019,0.883,-0.499,0.322,-0.005,-0.226,101.795,6.243,1.014,0.393,1,1,4.135
1777577483244,-0.022,0.924,-0.448,0.284,-0.024,-0.246,102.410,6.024,1.027,0.376,1,1,3.259
1777577483259,-0.046,0.925,-0.452,0.256,-0.035,-0.245,103.006,5.873,1.030,0.356,1,1,5.477
1777577483273,-0.034,0.863,-0.473,0.177,-0.121,-0.185,103.692,5.703,0.985,0.283,1,1,3.254
1777577483286,-0.138,0.955,-0.438,0.182,-0.071,-0.130,104.170,5.781,1.059,0.235,1,1,3.897
1777577483300,-0.097,0.943,-0.446,0.158,-0.087,-0.090,104.657,5.760,1.047,0.201,1,1,3.272
1777577483313,-0.126,0.887,-0.496,0.122,-0.070,-0.044,105.293,5.818,1.025,0.148,1,1,3.259
1777577483327,-0.139,0.930,-0.473,0.119,-0.032,-0.007,105.804,5.896,1.053,0.124,1,1,3.302
1777577483341,-0.137,0.913,-0.469,0.082,-0.030,0.026,106.303,5.972,1.036,0.091,1,1,3.254
1777577483354,-0.135,0.928,-0.447,0.077,-0.016,0.070,106.715,6.037,1.039,0.106,1,1,3.942
1777577483368,-0.120,0.900,-0.474,0.085,0.002,0.082,107.198,6.068,1.024,0.118,1,1,3.289
1777577483381,-0.066,0.929,-0.469,0.067,-0.011,0.074,107.617,5.961,1.043,0.100,1,1,3.277
1777577483395,-0.044,0.940,-0.478,0.076,-0.018,0.050,108.024,5.806,1.056,0.093,1,1,3.275
1777577483408,-0.052,0.930,-0.462,0.070,-0.022,0.038,108.393,5.676,1.040,0.083,1,1,3.263
1777577483423,-0.045,0.928,-0.458,0.083,-0.039,0.003,108.736,5.538,1.036,0.092,1,1,5.948
1777577483438,-0.009,0.912,-0.474,0.072,-0.063,-0.043,109.118,5.318,1.028,0.105,1,1,3.268
1777577483451,-0.043,0.930,-0.468,0.065,-0.089,-0.077,109.449,5.190,1.042,0.135,1,1,3.260
1777577483468,-0.089,0.915,-0.485,0.057,-0.090,-0.084,109.820,5.178,1.040,0.135,1,1,3.275
1777577483481,-0.113,0.937,-0.475,0.050,-0.084,-0.068,110.130,5.221,1.057,0.119,1,1,3.250
1777577483494,-0.107,0.932,-0.485,0.040,-0.070,-0.055,110.452,5.246,1.056,0.097,1,1,3.979
1777577483509,-0.116,0.946,-0.478,0.037,-0.053,-0.036,110.730,5.290,1.066,0.074,1,1,3.308
1777577483522,-0.125,0.943,-0.497,0.027,-0.029,-0.010,111.038,5.350,1.074,0.041,1,1,3.351
1777577483535,-0.107,0.938,-0.479,0.015,-0.013,0.010,111.301,5.369,1.058,0.022,1,1,3.288
1777577483549,-0.119,0.934,-0.485,0.003,0.004,0.027,111.569,5.416,1.059,0.027,1,1,3.255
1777577483565,-0.097,0.933,-0.484,-0.008,0.014,0.040,111.825,5.409,1.056,0.043,1,1,6.609
1777577483579,-0.100,0.944,-0.488,-0.014,0.020,0.050,112.065,5.406,1.067,0.056,1,1,3.254
1777577483592,-0.099,0.935,-0.487,-0.023,0.029,0.066,112.304,5.406,1.058,0.076,1,1,3.256
1777577483606,-0.066,0.922,-0.484,-0.040,0.026,0.060,112.540,5.327,1.043,0.077,1,1,3.267
1777577483619,-0.064,0.924,-0.481,-0.049,0.023,0.045,112.757,5.247,1.044,0.070,1,1,3.244
1777577483632,-0.054,0.930,-0.469,-0.048,0.012,0.017,112.932,5.148,1.043,0.053,1,1,3.866
1777577483646,-0.051,0.936,-0.464,-0.045,0.005,-0.011,113.082,5.044,1.046,0.046,1,1,3.269
1777577483660,-0.061,0.931,-0.458,-0.041,-0.001,-0.035,113.219,4.970,1.040,0.054,1,1,3.275
1777577483673,-0.070,0.946,-0.469,-0.026,-0.006,-0.056,113.357,4.919,1.058,0.062,1,1,3.279
1777577483686,-0.060,0.947,-0.461,-0.006,-0.011,-0.074,113.472,4.846,1.055,0.075,1,1,3.270
1777577483700,-0.072,0.917,-0.476,0.003,-0.018,-0.091,113.645,4.809,1.036,0.093,1,1,3.952
1777577483714,-0.081,0.927,-0.465,0.013,-0.020,-0.108,113.775,4.793,1.040,0.111,1,1,3.269
1777577483729,-0.079,0.927,-0.460,0.020,-0.031,-0.129,113.890,4.775,1.038,0.135,1,1,5.086
1777577483743,-0.108,0.913,-0.479,0.017,-0.031,-0.140,114.055,4.827,1.037,0.144,1,1,3.292
1777577483756,-0.105,0.924,-0.466,0.012,-0.028,-0.139,114.175,4.868,1.040,0.142,1,1,3.260
1777577483769,-0.134,0.929,-0.488,0.012,-0.022,-0.125,114.329,4.974,1.058,0.127,4,4,3.895
1777577483783,-0.136,0.929,-0.477,0.005,-0.008,-0.095,114.454,5.081,1.053,0.095,4,4,3.265
1777577483797,-0.144,0.946,-0.473,0.007,0.003,-0.068,114.547,5.198,1.067,0.068,4,4,3.267
1777577483810,-0.160,0.938,-0.485,-0.001,0.021,-0.032,114.668,5.347,1.068,0.038,4,4,3.263
1777577483826,-0.167,0.919,-0.495,-0.018,0.049,0.035,114.827,5.512,1.057,0.063,4,4,6.002
1777577483839,-0.167,0.946,-0.487,-0.035,0.069,0.084,114.932,5.660,1.077,0.115,4,4,3.875
1777577483853,-0.146,0.943,-0.500,-0.044,0.084,0.124,115.064,5.754,1.078,0.156,4,4,3.274
1777577483867,-0.105,0.952,-0.468,-0.041,0.087,0.137,115.113,5.749,1.066,0.167,4,4,3.266
1777577483880,-0.086,0.958,-0.474,-0.034,0.083,0.135,115.166,5.698,1.073,0.162,4,4,3.262
1777577483894,-0.094,0.959,-0.476,-0.030,0.078,0.138,115.220,5.669,1.074,0.161,4,4,3.293
1777577483907,-0.082,0.956,-0.469,-0.021,0.077,0.141,115.259,5.613,1.068,0.162,4,4,3.937
1777577483923,-0.069,0.974,-0.451,-0.006,0.071,0.123,115.240,5.528,1.076,0.142,4,4,4.963
1777577483936,-0.045,0.968,-0.446,0.021,0.063,0.088,115.218,5.392,1.066,0.110,4,4,3.264
1777577483949,-0.031,0.945,-0.461,0.045,0.046,0.038,115.253,5.230,1.052,0.075,4,4,3.260
1777577483963,-0.046,0.897,-0.486,0.037,0.034,0.015,115.393,5.114,1.021,0.052,4,4,3.267
1777577483976,-0.077,0.901,-0.479,0.024,0.027,0.008,115.506,5.080,1.024,0.037,1,1,3.929
1777577483993,-0.106,0.900,-0.481,0.019,0.015,0.011,115.621,5.117,1.026,0.027,1,1,3.273
1777577484007,-0.078,0.869,-0.500,0.007,0.010,0.021,115.810,5.088,1.006,0.024,1,1,3.263
1777577484020,-0.100,0.930,-0.473,0.003,-0.001,0.055,115.860,5.106,1.048,0.055,1,1,3.293
1777577484033,-0.041,0.937,-0.473,0.004,-0.012,0.062,115.901,4.980,1.051,0.063,1,1,3.279
1777577484048,-0.049,0.919,-0.460,0.004,-0.036,0.061,115.930,4.880,1.029,0.071,4,4,5.275
1777577484062,-0.010,0.940,-0.464,-0.002,-0.072,0.046,115.946,4.691,1.049,0.085,4,4,3.257
1777577484076,0.011,0.952,-0.464,0.001,-0.122,0.041,115.947,4.458,1.059,0.129,4,4,3.255
1777577484089,0.027,0.928,-0.466,0.002,-0.201,0.075,115.978,4.198,1.039,0.214,4,4,3.269
1777577484102,0.070,0.927,-0.464,0.014,-0.305,0.126,116.005,3.847,1.040,0.330,4,4,3.250
1777577484116,0.125,0.917,-0.465,0.013,-0.465,0.244,116.044,3.374,1.035,0.525,4,4,3.917
1777577484130,0.192,0.948,-0.452,0.023,-0.684,0.371,116.018,2.773,1.068,0.778,4,4,3.283
1777577484145,0.198,0.959,-0.440,0.034,-0.911,0.478,115.958,2.187,1.073,1.029,4,4,5.366
1777577484159,0.269,0.902,-0.431,0.050,-1.197,0.566,115.939,1.433,1.035,1.325,4,4,3.267
1777577484172,0.213,0.984,-0.415,0.090,-1.428,0.608,115.804,0.877,1.089,1.555,4,4,3.265
1777577484186,0.245,1.011,-0.406,0.124,-1.681,0.608,115.633,0.284,1.117,1.792,4,4,3.961
1777577484200,0.094,0.993,-0.414,0.183,-1.887,0.648,115.501,0.055,1.079,2.003,4,4,3.265
1777577484214,0.001,0.906,-0.428,0.195,-2.042,0.714,115.493,0.049,1.002,2.172,4,4,3.284
1777577484227,0.008,0.926,-0.413,0.214,-2.176,0.680,115.430,0.028,1.014,2.290,4,4,3.276
1777577484240,-0.002,0.969,-0.380,0.233,-2.289,0.769,115.254,0.032,1.040,2.426,4,4,3.262
1777577484256,-0.007,0.946,-0.377,0.248,-2.480,0.835,115.100,0.048,1.019,2.629,4,4,3.928
1777577484270,0.104,0.909,-0.360,0.248,-2.501,0.920,114.946,-0.220,0.983,2.677,4,4,3.312
1777577484287,0.078,1.020,-0.377,0.301,-2.501,0.989,114.743,-0.390,1.090,2.707,4,4,6.587
1777577484300,0.201,0.973,-0.337,0.315,-2.501,1.130,114.498,-0.857,1.049,2.763,4,4,3.267
1777577484314,0.083,0.947,-0.308,0.346,-2.501,1.257,114.213,-1.028,0.999,2.821,4,4,3.272
1777577484327,-0.079,0.987,-0.273,0.347,-2.501,1.431,113.830,-0.791,1.027,2.902,4,4,3.935
1777577484341,-0.165,0.927,-0.232,0.302,-2.501,1.565,113.402,-0.329,0.970,2.966,4,4,3.291
1777577484355,-0.296,1.020,-0.194,0.292,-2.501,1.741,112.850,0.382,1.080,3.062,4,4,3.272
1777577484368,-0.288,1.029,-0.175,0.274,-2.501,1.842,112.273,1.039,1.083,3.119,4,4,3.258
1777577484382,-0.206,0.972,-0.181,0.237,-2.501,1.950,111.760,1.509,1.010,3.181,4,4,4.186
1777577484396,-0.252,1.257,-0.069,0.235,-2.501,1.902,110.945,1.938,1.283,3.151,4,4,3.933
1777577484410,-0.391,1.133,-0.053,0.272,-2.501,1.841,110.147,2.685,1.199,3.118,4,4,3.266
1777577484423,-0.211,1.158,0.128,0.213,-2.501,1.812,108.989,3.017,1.184,3.096,4,4,3.266
1777577484437,-0.392,1.404,0.003,0.188,-2.501,1.961,108.152,3.568,1.458,3.184,4,4,3.263
1777577484450,-0.596,1.075,-0.047,0.235,-2.501,1.781,107.467,4.680,1.231,3.079,4,4,3.264
1777577484463,-1.121,0.733,-0.167,0.166,-2.501,0.794,107.263,6.931,1.349,2.630,4,4,3.922
1777577484477,-1.153,1.444,-0.408,0.296,-2.501,-0.446,107.198,8.269,1.892,2.558,4,4,3.271
1777577484491,-0.706,0.646,-0.336,0.304,-2.135,-0.676,107.647,9.837,1.015,2.260,4,4,3.270
1777577484504,-0.188,0.865,-0.465,0.255,-1.856,-0.406,108.111,9.881,0.999,1.917,4,4,3.254
1777577484517,-0.142,0.848,-0.415,0.223,-1.584,0.299,108.459,9.822,0.954,1.627,4,4,3.280
1777577484534,0.069,0.866,-0.407,0.100,-1.428,1.013,108.752,9.213,0.960,1.754,4,4,4.062
1777577484548,0.135,0.851,-0.406,-0.025,-1.481,1.148,109.046,8.455,0.953,1.874,4,4,3.287
1777577484561,0.052,0.910,-0.378,-0.104,-1.606,1.015,109.199,7.954,0.987,1.903,4,4,3.267
1777577484575,-0.032,0.982,-0.375,-0.075,-1.743,0.793,109.273,7.682,1.051,1.916,4,4,3.332
1777577484588,-0.007,0.962,-0.402,-0.007,-1.892,0.620,109.422,7.364,1.043,1.991,4,4,3.264
1777577484601,0.024,0.901,-0.424,0.028,-2.005,0.569,109.675,6.982,0.996,2.085,1,1,3.891
1777577484615,0.056,0.889,-0.439,0.043,-2.074,0.616,109.964,6.536,0.993,2.164,1,1,3.288
1777577484629,0.103,0.952,-0.469,0.088,-2.114,0.691,110.238,6.007,1.066,2.225,1,1,3.261
1777577484642,0.256,0.932,-0.518,0.153,-2.200,0.683,110.623,5.153,1.097,2.308,1,1,3.270
1777577484656,0.289,0.860,-0.572,0.196,-2.267,0.662,111.191,4.245,1.073,2.370,1,1,3.258
1777577484669,0.155,0.830,-0.585,0.229,-2.214,0.697,111.802,3.681,1.027,2.332,1,1,3.890
1777577484683,-0.016,0.801,-0.698,0.241,-2.000,0.827,112.645,3.556,1.062,2.178,1,1,3.265
1777577484696,-0.201,0.820,-0.790,0.821,-1.482,0.988,113.575,3.840,1.156,1.962,1,1,3.254
1777577484710,-0.464,1.076,-0.773,0.863,-0.708,0.572,114.106,4.516,1.404,1.254,1,1,3.473
1777577484723,-0.178,0.572,-0.853,0.374,0.004,-0.093,115.509,4.750,1.043,0.385,1,1,3.263
1777577484737,0.492,0.762,-0.634,0.141,-0.107,-0.351,116.132,3.387,1.107,0.393,1,1,4.380
1777577484751,-0.169,1.001,-0.441,0.101,-0.107,-0.219,116.028,3.623,1.107,0.264,1,1,3.262
1777577484764,-0.189,0.800,-0.586,0.099,-0.075,-0.127,116.472,3.938,1.010,0.178,1,1,3.254
1777577484778,0.071,1.022,-0.460,0.090,-0.161,-0.242,116.375,3.607,1.123,0.304,1,1,3.271
1777577484791,-0.248,0.940,-0.489,0.123,-0.113,-0.125,116.425,4.026,1.088,0.208,1,1,3.253
1777577484805,-0.158,0.920,-0.502,0.085,-0.090,-0.067,116.519,4.225,1.060,0.141,1,1,3.912
1777577484819,-0.136,0.919,-0.487,0.068,-0.039,-0.000,116.581,4.366,1.049,0.079,1,1,3.260
1777577484832,-0.097,0.944,-0.487,0.053,-0.011,0.036,116.611,4.403,1.067,0.065,1,1,3.256
1777577484845,-0.112,0.921,-0.485,0.050,0.008,0.061,116.661,4.480,1.047,0.079,1,1,3.276
1777577484859,-0.086,0.924,-0.478,0.037,0.023,0.074,116.691,4.491,1.044,0.086,1,1,3.251
1777577484872,-0.051,0.952,-0.485,0.047,0.018,0.069,116.704,4.413,1.070,0.086,1,1,3.908
1777577484886,-0.000,0.934,-0.479,0.062,0.001,0.027,116.725,4.221,1.050,0.068,1,1,3.259
1777577484899,0.009,0.941,-0.479,0.069,-0.025,-0.020,116.736,4.014,1.056,0.076,1,1,3.257
1777577484913,-0.004,0.939,-0.473,0.085,-0.049,-0.061,116.736,3.849,1.051,0.115,1,1,3.265
1777577484926,-0.036,0.911,-0.490,0.097,-0.074,-0.100,116.803,3.768,1.035,0.157,1,1,3.256
1777577484939,-0.080,0.919,-0.498,0.091,-0.075,-0.098,116.874,3.794,1.048,0.153,1,1,3.930
1777577484954,-0.086,0.938,-0.495,0.101,-0.084,-0.099,116.917,3.830,1.064,0.164,1,1,3.259
1777577484967,-0.088,0.924,-0.514,0.099,-0.074,-0.083,117.013,3.871,1.061,0.149,1,1,3.258
1777577484980,-0.129,0.920,-0.508,0.091,-0.063,-0.075,117.095,4.008,1.058,0.133,1,1,3.261
1777577484994,-0.089,0.913,-0.513,0.076,-0.053,-0.062,117.193,4.044,1.051,0.112,1,1,3.246
1777577485007,-0.118,0.911,-0.510,0.065,-0.043,-0.046,117.283,4.150,1.051,0.090,1,1,3.913
1777577485021,-0.102,0.914,-0.515,0.056,-0.033,-0.030,117.375,4.211,1.054,0.072,1,1,3.256
1777577485034,-0.090,0.930,-0.513,0.053,-0.028,-0.019,117.442,4.238,1.066,0.063,1,1,3.268
1777577485048,-0.115,0.937,-0.500,0.051,-0.019,-0.004,117.471,4.323,1.069,0.055,1,1,3.387
1777577485061,-0.095,0.940,-0.516,0.048,-0.014,0.009,117.528,4.357,1.077,0.051,1,1,3.272
1777577485075,-0.092,0.921,-0.514,0.048,-0.010,0.018,117.599,4.384,1.059,0.052,1,1,4.028
1777577485089,-0.075,0.918,-0.519,0.054,-0.013,0.009,117.681,4.370,1.057,0.056,1,1,3.276
1777577485103,-0.097,0.909,-0.512,0.051,-0.010,0.013,117.756,4.412,1.048,0.054,1,1,3.290
1777577485116,-0.085,0.914,-0.512,0.048,-0.011,0.012,117.822,4.422,1.051,0.051,1,1,3.273
1777577485131,-0.104,0.913,-0.518,0.045,-0.008,0.017,117.899,4.476,1.055,0.048,1,1,4.416
1777577485146,-0.076,0.929,-0.507,0.048,-0.007,0.022,117.930,4.459,1.061,0.053,2,2,3.951
1777577485160,-0.074,0.914,-0.518,0.051,-0.011,0.006,118.001,4.440,1.054,0.052,2,2,3.257
1777577485174,-0.088,0.889,-0.515,0.046,-0.015,-0.004,118.093,4.459,1.031,0.049,2,2,3.281
1777577485187,-0.053,0.913,-0.516,0.047,-0.026,-0.026,118.154,4.392,1.050,0.059,2,2,3.256
1777577485200,-0.059,0.902,-0.518,0.048,-0.034,-0.055,118.228,4.342,1.042,0.080,2,2,3.297
1777577485214,-0.096,0.893,-0.521,0.043,-0.036,-0.063,118.318,4.384,1.038,0.084,1,1,3.924
1777577485230,-0.091,0.896,-0.527,0.040,-0.033,-0.067,118.412,4.410,1.043,0.085,1,1,4.580
1777577485244,-0.099,0.902,-0.522,0.034,-0.024,-0.067,118.485,4.453,1.047,0.079,1,1,3.273
1777577485257,-0.089,0.899,-0.528,0.031,-0.024,-0.071,118.571,4.472,1.046,0.081,1,1,3.260
1777577485271,-0.109,0.903,-0.521,0.028,-0.019,-0.070,118.632,4.537,1.048,0.078,1,1,4.235
1777577485285,-0.127,0.897,-0.522,0.019,-0.012,-0.058,118.701,4.643,1.046,0.063,1,1,3.932
1777577485299,-0.146,0.899,-0.526,0.008,-0.002,-0.035,118.774,4.790,1.052,0.036,1,1,3.270
1777577485312,-0.156,0.887,-0.543,-0.007,0.009,0.002,118.892,4.955,1.052,0.011,1,1,3.273
1777577485326,-0.137,0.903,-0.534,-0.017,0.019,0.030,118.966,5.064,1.058,0.039,1,1,3.257
1777577485339,-0.157,0.910,-0.536,-0.026,0.027,0.069,119.033,5.213,1.068,0.078,1,1,3.279
1777577485353,-0.164,0.909,-0.538,-0.037,0.039,0.108,119.102,5.370,1.069,0.121,4,4,4.111
1777577485367,-0.092,0.902,-0.535,-0.048,0.048,0.124,119.170,5.355,1.053,0.142,4,4,3.393
1777577485380,-0.075,0.909,-0.525,-0.049,0.040,0.107,119.206,5.300,1.053,0.124,4,4,3.276
1777577485393,-0.044,0.926,-0.497,-0.034,0.031,0.082,119.164,5.174,1.052,0.094,4,4,3.261
1777577485407,-0.089,0.906,-0.518,-0.034,0.026,0.078,119.190,5.162,1.047,0.088,4,4,3.277
1777577485420,-0.090,0.923,-0.507,-0.030,0.024,0.083,119.172,5.149,1.057,0.091,4,4,3.925
1777577485434,-0.050,0.918,-0.509,-0.025,0.019,0.063,119.164,5.043,1.051,0.071,4,4,3.276
1777577485447,-0.058,0.911,-0.525,-0.014,0.010,0.044,119.199,4.962,1.053,0.047,4,4,3.269
1777577485461,-0.071,0.906,-0.523,-0.018,0.009,0.034,119.234,4.915,1.048,0.039,4,4,3.258
1777577485474,-0.065,0.897,-0.517,-0.025,0.006,0.027,119.266,4.857,1.037,0.037,4,4,3.270
1777577485488,-0.090,0.892,-0.508,-0.036,0.004,0.026,119.282,4.862,1.030,0.045,1,1,3.930
1777577485502,-0.079,0.881,-0.522,-0.054,0.007,0.023,119.342,4.842,1.027,0.059,1,1,3.283
1777577485515,-0.091,0.886,-0.520,-0.068,0.007,0.023,119.387,4.853,1.032,0.073,1,1,3.258
1777577485528,-0.105,0.907,-0.515,-0.074,0.014,0.035,119.396,4.891,1.049,0.083,1,1,3.261
1777577485542,-0.084,0.934,-0.503,-0.068,0.018,0.044,119.348,4.876,1.064,0.083,1,1,3.268
1777577485556,-0.079,0.932,-0.505,-0.064,0.023,0.045,119.309,4.849,1.063,0.082,4,4,4.406
1777577485570,-0.063,0.932,-0.505,-0.056,0.024,0.034,119.271,4.787,1.061,0.070,4,4,3.280
1777577485583,-0.076,0.923,-0.509,-0.048,0.018,0.024,119.253,4.757,1.057,0.057,4,4,3.274
1777577485597,-0.059,0.912,-0.510,-0.050,0.020,0.016,119.252,4.691,1.047,0.057,4,4,3.282
1777577485610,-0.074,0.923,-0.506,-0.045,0.025,0.018,119.229,4.663,1.055,0.054,4,4,3.276
1777577485626,-0.071,0.930,-0.499,-0.041,0.021,0.016,119.184,4.626,1.058,0.049,1,1,6.159
1777577485640,-0.071,0.943,-0.488,-0.026,0.012,0.019,119.103,4.590,1.064,0.035,1,1,3.267
1777577485653,-0.065,0.930,-0.496,-0.017,0.008,0.014,119.059,4.543,1.056,0.024,1,1,3.256
1777577485667,-0.086,0.923,-0.498,-0.011,0.012,0.022,119.028,4.550,1.052,0.027,1,1,3.306
1777577485680,-0.095,0.925,-0.508,-0.011,0.012,0.029,119.017,4.575,1.060,0.033,1,1,3.248
1777577485693,-0.079,0.925,-0.502,-0.011,0.013,0.034,118.994,4.563,1.055,0.037,5,5,3.899
1777577485707,-0.071,0.926,-0.497,-0.007,0.011,0.032,118.960,4.532,1.053,0.034,5,5,3.258
1777577485721,-0.063,0.928,-0.495,-0.001,0.011,0.030,118.920,4.484,1.054,0.032,5,5,3.250
1777577485734,-0.069,0.926,-0.499,0.001,0.008,0.027,118.894,4.451,1.054,0.028,5,5,3.354
1777577485748,-0.061,0.938,-0.500,0.006,0.004,0.019,118.856,4.401,1.065,0.020,5,5,3.257
1777577485761,-0.059,0.925,-0.504,0.010,-0.004,0.015,118.844,4.349,1.055,0.018,1,1,3.913
1777577485775,-0.060,0.929,-0.503,0.013,-0.008,0.012,118.825,4.301,1.059,0.020,1,1,3.254
1777577485788,-0.077,0.927,-0.509,0.011,-0.010,0.013,118.824,4.294,1.060,0.020,1,1,3.250
1777577485802,-0.071,0.938,-0.503,0.012,-0.011,0.015,118.796,4.273,1.067,0.023,1,1,3.251
1777577485815,-0.064,0.932,-0.500,0.018,-0.017,0.016,118.769,4.238,1.060,0.029,1,1,3.250
1777577485828,-0.069,0.928,-0.501,0.017,-0.019,0.013,118.750,4.216,1.057,0.029,1,1,3.876
1777577485842,-0.069,0.920,-0.505,0.017,-0.022,0.012,118.751,4.195,1.052,0.030,1,1,3.248
1777577485856,-0.066,0.922,-0.494,0.018,-0.024,0.014,118.725,4.170,1.048,0.033,1,1,3.258
1777577485869,-0.060,0.914,-0.503,0.017,-0.028,0.004,118.730,4.131,1.045,0.033,1,1,3.260
1777577485882,-0.059,0.918,-0.505,0.016,-0.035,-0.006,118.733,4.092,1.050,0.039,1,1,3.253
1777577485896,-0.056,0.916,-0.507,0.020,-0.035,-0.013,118.743,4.046,1.049,0.042,2,2,3.923
1777577485910,-0.067,0.919,-0.507,0.021,-0.035,-0.021,118.750,4.029,1.052,0.047,2,2,3.281
1777577485923,-0.072,0.921,-0.507,0.022,-0.037,-0.023,118.754,4.025,1.054,0.049,2,2,3.266
1777577485936,-0.074,0.930,-0.493,0.025,-0.032,-0.020,118.719,4.025,1.056,0.045,2,2,3.256
1777577485950,-0.067,0.920,-0.507,0.027,-0.028,-0.023,118.725,4.009,1.053,0.045,2,2,3.258
1777577485963,-0.089,0.918,-0.508,0.027,-0.023,-0.013,118.735,4.046,1.053,0.038,2,2,3.936
1777577485977,-0.099,0.913,-0.510,0.022,-0.016,-0.000,118.757,4.106,1.050,0.027,2,2,3.265
1777577485991,-0.092,0.923,-0.508,0.021,-0.006,0.014,118.760,4.145,1.057,0.026,2,2,3.263
1777577486004,-0.082,0.921,-0.512,0.021,0.000,0.024,118.773,4.158,1.057,0.032,2,2,3.282
1777577486017,-0.076,0.929,-0.496,0.024,0.003,0.027,118.744,4.157,1.056,0.036,2,2,3.259
1777577486031,-0.066,0.929,-0.503,0.028,0.003,0.024,118.730,4.131,1.059,0.037,2,2,3.940
1777577486045,-0.080,0.926,-0.505,0.030,0.010,0.025,118.724,4.140,1.057,0.040,2,2,3.267
1777577486058,-0.080,0.925,-0.517,0.030,0.014,0.032,118.744,4.147,1.063,0.046,2,2,3.288
1777577486071,-0.093,0.927,-0.515,0.031,0.023,0.043,118.758,4.184,1.065,0.058,2,2,3.262
1777577486085,-0.091,0.921,-0.515,0.032,0.027,0.054,118.778,4.217,1.059,0.069,2,2,3.279
1777577486098,-0.097,0.924,-0.513,0.029,0.039,0.073,118.789,4.263,1.061,0.088,2,2,3.902
1777577486112,-0.094,0.933,-0.519,0.033,0.042,0.093,118.801,4.296,1.072,0.108,2,2,3.256
1777577486126,-0.086,0.924,-0.511,0.041,0.053,0.109,118.806,4.312,1.060,0.128,2,2,3.282
1777577486139,-0.086,0.941,-0.508,0.051,0.055,0.125,118.788,4.326,1.073,0.146,2,2,3.251
1777577486152,-0.072,0.982,-0.508,0.082,0.058,0.145,118.724,4.300,1.108,0.176,2,2,3.275
1777577486166,-0.089,0.983,-0.503,0.086,0.054,0.161,118.653,4.313,1.108,0.190,4,4,3.938
1777577486180,-0.049,0.999,-0.482,0.106,0.072,0.202,118.527,4.235,1.111,0.239,4,4,3.253
1777577486193,-0.072,1.031,-0.517,0.127,0.038,0.307,118.445,4.205,1.156,0.335,4,4,3.263
1777577486206,-0.175,1.300,-0.498,0.234,0.067,0.315,118.118,4.335,1.403,0.399,4,4,3.250
1777577486220,-0.004,1.119,-0.508,0.343,0.089,0.271,117.955,4.153,1.229,0.446,4,4,3.270
1777577486233,0.006,1.156,-0.523,0.422,0.092,0.279,117.798,3.960,1.269,0.514,4,4,3.882
1777577486247,-0.000,1.128,-0.522,0.533,0.082,0.294,117.669,3.788,1.243,0.614,4,4,3.283
1777577486261,-0.073,1.232,-0.535,0.631,0.098,0.297,117.484,3.759,1.345,0.704,4,4,3.267
1777577486274,-0.050,1.296,-0.546,0.781,0.088,0.269,117.282,3.684,1.407,0.830,4,4,3.255
1777577486287,-0.003,1.394,-0.514,0.945,0.065,0.158,116.974,3.527,1.486,0.960,4,4,3.293
1777577486301,0.062,1.328,-0.529,1.125,0.042,0.135,116.743,3.264,1.431,1.134,4,4,3.870
1777577486315,-0.005,1.193,-0.516,1.270,0.031,0.116,116.596,3.130,1.300,1.276,4,4,3.316
1777577486329,0.001,1.224,-0.528,1.393,0.002,0.101,116.453,2.992,1.333,1.396,4,4,3.260
1777577486342,0.097,1.143,-0.529,1.526,-0.005,0.053,116.381,2.669,1.263,1.527,4,4,3.257
1777577486356,0.127,1.063,-0.563,1.631,-0.027,0.012,116.447,2.288,1.210,1.631,4,4,3.265
1777577486369,0.146,1.045,-0.536,1.761,-0.047,-0.075,116.478,1.878,1.183,1.763,4,4,3.933
1777577486384,0.164,1.185,-0.554,1.935,-0.082,-0.151,116.416,1.483,1.318,1.943,4,4,4.176
1777577486397,0.221,1.086,-0.592,2.072,-0.136,-0.255,116.511,0.976,1.257,2.092,4,4,3.266
1777577486411,0.110,1.045,-0.672,2.193,-0.146,-0.304,116.784,0.711,1.247,2.219,4,4,3.275
1777577486424,0.131,1.110,-0.680,2.321,-0.154,-0.415,116.989,0.430,1.308,2.363,4,4,3.278
1777577486437,0.153,1.081,-0.708,2.444,-0.178,-0.461,117.262,0.115,1.302,2.493,4,4,3.925
1777577486453,0.231,1.018,-0.853,2.501,-0.234,-0.486,117.817,-0.321,1.348,2.559,4,4,4.585
1777577486466,0.193,1.041,-0.910,2.501,-0.254,-0.218,118.401,-0.656,1.396,2.524,4,4,3.272
1777577486480,0.316,0.850,-0.977,2.501,-0.334,0.328,119.301,-1.227,1.333,2.545,4,4,4.123
1777577486494,-0.004,1.003,-1.001,2.501,-0.366,0.613,119.986,-1.166,1.417,2.601,4,4,3.263
1777577486507,0.016,0.973,-1.048,2.501,-0.298,1.168,120.736,-1.143,1.430,2.777,4,4,3.917
1777577486521,-0.064,0.631,-1.149,2.501,-0.316,1.555,122.068,-0.970,1.312,2.962,4,4,3.273
1777577486535,0.004,0.691,-1.006,2.501,-0.347,1.944,123.093,-0.936,1.221,3.187,4,4,3.267
1777577486549,0.119,0.780,-0.845,2.420,-0.573,1.971,123.715,-1.154,1.156,3.173,4,4,4.425
1777577486563,0.093,0.944,-0.776,2.372,-0.857,1.332,123.964,-1.294,1.225,2.853,4,4,3.257
1777577486576,-0.279,1.100,-0.607,2.501,-0.833,0.284,123.742,-0.690,1.287,2.652,4,4,3.936
1777577486590,-0.413,-0.527,-0.904,2.469,-0.664,-0.251,111.780,0.283,1.125,2.569,4,4,3.268
1777577486603,-0.423,-0.468,-0.850,1.809,-0.319,-0.386,100.281,1.301,1.059,1.877,4,4,3.259
1777577486618,-0.365,-0.476,-0.773,1.031,-0.055,-0.492,89.406,2.203,0.978,1.143,4,4,3.324
1777577486631,-0.145,-0.251,-0.686,0.403,0.033,-0.556,78.504,2.597,0.744,0.688,4,4,3.278
1777577486645,-0.024,0.114,-0.690,0.062,-0.006,-0.620,82.532,2.571,0.700,0.623,4,4,4.016
1777577486659,0.024,0.189,-0.682,-0.087,-0.119,-0.635,86.116,2.375,0.708,0.652,4,4,3.296
1777577486675,-0.012,0.165,-0.676,-0.184,-0.223,-0.553,89.624,2.315,0.696,0.624,4,4,5.651
1777577486688,-0.089,0.156,-0.613,-0.262,-0.271,-0.476,92.953,2.564,0.639,0.607,4,4,3.259
1777577486702,-0.172,0.135,-0.552,-0.345,-0.237,-0.423,96.158,3.188,0.594,0.595,4,4,3.245
1777577486717,-0.207,0.019,-0.495,-0.531,-0.129,-0.402,99.728,4.040,0.537,0.678,4,4,5.810
1777577486731,-0.218,-0.087,-0.436,-0.776,-0.004,-0.400,87.991,5.004,0.495,0.874,4,4,3.258
1777577486744,-0.158,-0.154,-0.416,-1.059,0.103,-0.373,77.160,5.645,0.471,1.128,4,4,3.256
1777577486758,-0.115,-0.141,-0.425,-1.372,0.192,-0.262,66.719,6.029,0.462,1.410,4,4,3.270
1777577486771,-0.036,-0.119,-0.448,-1.677,0.232,-0.135,56.581,5.960,0.465,1.699,4,4,3.264
1777577486784,0.003,-0.099,-0.451,-1.978,0.236,-0.059,46.774,5.682,0.461,1.993,5,5,3.944
1777577486798,0.020,-0.096,-0.444,-2.313,0.224,-0.030,37.389,5.323,0.455,2.324,5,5,3.262
1777577486812,0.040,-0.064,-0.443,-2.501,0.205,-0.043,28.244,4.868,0.450,2.510,5,5,3.267
1777577486825,0.024,0.010,-0.412,-2.501,0.180,-0.036,34.818,4.507,0.412,2.508,5,5,3.263
1777577486839,-0.003,0.186,-0.468,-2.501,0.170,0.023,40.222,4.327,0.504,2.507,5,5,3.308
1777577486852,0.024,0.345,-0.480,-2.501,0.176,0.062,44.773,4.035,0.591,2.508,5,5,3.928
1777577486866,0.060,0.566,-0.506,-2.501,0.199,0.109,48.578,3.660,0.761,2.512,5,5,3.262
1777577486879,0.031,0.660,-0.594,-2.501,0.212,0.194,52.226,3.413,0.889,2.518,5,5,3.278
1777577486893,0.055,0.877,-0.659,-2.501,0.223,0.254,55.493,3.137,1.099,2.524,5,5,3.482
1777577486906,0.055,0.983,-0.722,-2.501,0.243,0.301,58.589,2.887,1.221,2.531,5,5,3.264
1777577486920,0.052,1.038,-0.764,-2.501,0.263,0.302,61.554,2.659,1.290,2.533,5,5,3.933
1777577486934,0.000,1.087,-0.803,-2.501,0.293,0.319,64.392,2.542,1.351,2.539,5,5,3.270
1777577486947,-0.037,1.082,-0.836,-2.501,0.335,0.325,67.160,2.500,1.368,2.545,5,5,3.278
1777577486960,-0.067,1.092,-0.882,-2.501,0.394,0.224,69.860,2.510,1.405,2.542,5,5,3.260
1777577486974,-0.103,1.134,-0.922,-2.501,0.471,0.027,72.451,2.577,1.465,2.545,5,5,3.266
1777577486987,-0.094,1.172,-0.986,-2.501,0.546,-0.150,74.971,2.619,1.535,2.565,5,5,3.933
1777577487001,-0.050,1.186,-1.068,-2.501,0.588,-0.185,77.466,2.582,1.596,2.576,5,5,3.255
1777577487015,0.066,1.127,-1.120,-2.501,0.574,-0.080,79.974,2.366,1.590,2.568,5,5,3.273
1777577487028,0.191,1.082,-1.102,-2.501,0.490,0.000,82.403,1.953,1.556,2.549,5,5,3.263
1777577487041,0.311,1.146,-1.087,-2.501,0.347,0.031,84.637,1.381,1.610,2.526,5,5,3.265
1777577487055,0.375,1.266,-1.110,-2.501,0.155,0.041,86.676,0.772,1.725,2.506,5,5,3.909
1777577487069,0.386,1.273,-1.128,-2.501,-0.052,0.109,88.638,0.179,1.744,2.504,5,5,3.257
1777577487082,0.322,1.361,-1.196,-2.501,-0.218,0.231,90.503,-0.269,1.840,2.521,5,5,3.281
1777577487095,0.210,1.524,-1.353,-2.108,-0.309,0.360,92.300,-0.514,2.049,2.160,5,5,3.252
1777577487112,0.074,1.412,-1.568,-0.415,-0.549,-0.486,94.298,-0.580,2.111,0.843,5,5,6.409
1777577487126,-0.137,1.185,-1.688,-0.191,-0.257,-0.615,96.513,-0.389,2.067,0.694,1,1,4.462
1777577487140,-0.399,1.125,-1.979,0.656,-0.110,-0.923,98.868,0.063,2.311,1.138,1,1,3.290
1777577487153,-0.212,2.052,-2.076,2.069,-0.293,-1.008,100.463,0.243,2.927,2.320,1,1,3.266
1777577487167,-0.214,0.902,-0.086,1.535,0.176,-0.515,100.245,0.814,0.931,1.629,1,1,3.265
1777577487180,0.101,1.415,0.279,1.909,-0.035,-0.501,99.309,0.603,1.446,1.974,1,1,3.270
1777577487193,-0.042,0.948,-0.374,2.049,-0.175,-0.567,99.844,0.680,1.020,2.133,1,1,3.897
1777577487207,-0.517,1.028,-0.429,1.880,0.137,-0.207,100.403,1.738,1.228,1.896,1,1,3.275
1777577487221,-0.102,0.839,-0.619,1.700,0.053,-0.032,101.542,1.906,1.048,1.702,1,1,3.255
1777577487234,-0.248,0.733,-0.714,1.401,0.119,0.092,102.972,2.419,1.053,1.409,1,1,3.261
1777577487247,-0.019,0.506,-0.823,1.003,0.101,0.130,104.960,2.362,0.966,1.017,1,1,3.265
1777577487261,-0.026,0.738,-0.671,0.737,0.064,0.024,106.155,2.325,0.998,0.740,1,1,3.886
1777577487275,-0.001,0.861,-0.533,0.588,0.093,-0.017,106.838,2.226,1.012,0.596,1,1,3.298
1777577487290,-0.095,0.490,-0.997,0.417,-0.025,0.015,108.892,2.344,1.115,0.418,1,1,3.357
1777577487303,-0.156,0.784,-0.560,0.226,0.049,0.016,109.621,2.644,0.976,0.232,1,1,3.275
1777577487316,0.049,0.961,-0.442,0.191,-0.029,-0.054,109.842,2.412,1.059,0.201,1,1,3.270
1777577487330,-0.131,0.887,-0.528,0.138,-0.045,-0.041,110.320,2.623,1.041,0.151,1,1,3.951
1777577487344,-0.018,0.969,-0.491,0.123,-0.051,-0.057,110.607,2.550,1.087,0.145,1,1,3.275
1777577487357,-0.096,0.957,-0.487,0.124,-0.048,-0.045,110.885,2.663,1.078,0.140,1,1,3.260
1777577487371,-0.127,0.931,-0.511,0.116,-0.043,-0.005,111.228,2.844,1.070,0.124,1,1,3.284
1777577487384,-0.146,0.923,-0.507,0.093,-0.013,0.044,111.559,3.065,1.063,0.104,1,1,3.358
1777577487397,-0.155,0.941,-0.499,0.080,0.033,0.104,111.837,3.294,1.077,0.135,1,1,3.889
1777577487411,-0.098,0.953,-0.490,0.080,0.060,0.140,112.071,3.378,1.076,0.172,1,1,3.255
1777577487425,-0.070,0.933,-0.493,0.081,0.073,0.145,112.325,3.396,1.058,0.181,1,1,3.255
1777577487438,-0.033,0.920,-0.499,0.065,0.070,0.130,112.594,3.326,1.047,0.162,1,1,3.265
1777577487452,-0.006,0.932,-0.484,0.070,0.058,0.097,112.806,3.195,1.050,0.133,1,1,3.266
1777577487465,0.016,0.916,-0.490,0.068,0.038,0.049,113.039,3.017,1.039,0.092,1,1,3.929
1777577487479,-0.006,0.916,-0.503,0.059,0.017,0.016,113.290,2.899,1.045,0.063,1,1,3.261
1777577487492,-0.001,0.934,-0.490,0.057,0.001,-0.011,113.481,2.775,1.055,0.058,1,1,3.261
1777577487506,-0.013,0.929,-0.494,0.059,-0.015,-0.038,113.679,2.685,1.053,0.072,1,1,3.266
1777577487519,-0.057,0.936,-0.507,0.054,-0.012,-0.034,113.886,2.701,1.066,0.065,1,1,3.252
1777577487532,-0.077,0.956,-0.502,0.063,-0.008,-0.022,114.054,2.761,1.082,0.067,1,1,3.941
1777577487546,-0.073,0.915,-0.509,0.050,0.002,-0.001,114.274,2.813,1.049,0.050,1,1,3.267
1777577487560,-0.075,0.916,-0.503,0.044,0.014,0.020,114.472,2.870,1.047,0.050,1,1,3.272
1777577487573,-0.060,0.927,-0.520,0.043,0.023,0.031,114.683,2.886,1.065,0.058,1,1,3.274
1777577487586,-0.043,0.919,-0.493,0.034,0.018,0.039,114.837,2.863,1.044,0.055,1,1,3.287
1777577487600,-0.035,0.918,-0.524,0.040,0.011,0.044,115.049,2.820,1.058,0.060,1,1,3.978
1777577487614,-0.010,0.906,-0.503,0.064,0.006,0.043,115.223,2.720,1.036,0.077,1,1,3.259
1777577487628,-0.058,0.938,-0.493,0.074,0.002,0.058,115.332,2.737,1.061,0.093,1,1,3.367
1777577487642,-0.007,0.934,-0.513,0.080,-0.010,0.059,115.482,2.633,1.066,0.100,1,1,3.661
1777577487655,-0.043,0.952,-0.496,0.107,-0.015,0.073,115.572,2.618,1.075,0.130,1,1,3.272
1777577487670,-0.018,1.116,-0.481,0.184,-0.015,0.037,115.474,2.541,1.215,0.188,4,4,5.244
1777577487684,-0.128,1.164,-0.496,0.250,-0.003,0.068,115.370,2.681,1.272,0.259,4,4,3.265
1777577487698,-0.080,0.953,-0.547,0.321,0.024,0.135,115.565,2.747,1.102,0.349,4,4,3.705
1777577487711,-0.079,0.972,-0.530,0.333,0.043,0.172,115.698,2.805,1.110,0.378,4,4,3.250
1777577487724,-0.055,0.962,-0.542,0.348,0.053,0.224,115.860,2.807,1.106,0.418,4,4,3.258
1777577487738,-0.019,1.012,-0.553,0.398,0.055,0.286,115.983,2.726,1.153,0.493,4,4,3.858
1777577487752,0.000,0.984,-0.546,0.446,0.050,0.258,116.115,2.607,1.125,0.518,4,4,3.269
1777577487765,-0.039,1.083,-0.559,0.502,0.056,0.237,116.167,2.572,1.219,0.558,4,4,3.291
1777577487779,0.000,1.089,-0.562,0.585,0.044,0.182,116.217,2.460,1.225,0.615,4,4,3.251
1777577487792,0.010,1.052,-0.578,0.640,0.034,0.109,116.330,2.331,1.200,0.650,4,4,3.280
1777577487805,-0.013,1.069,-0.555,0.706,0.024,0.078,116.379,2.256,1.204,0.711,4,4,3.934
1777577487819,-0.017,0.965,-0.574,0.755,0.018,0.059,116.571,2.195,1.123,0.758,4,4,3.278
1777577487834,-0.032,0.995,-0.583,0.785,0.025,0.049,116.738,2.169,1.154,0.787,4,4,3.280
1777577487847,0.021,0.959,-0.594,0.827,-0.003,0.045,116.957,2.028,1.128,0.828,4,4,3.289
1777577487861,0.012,0.950,-0.615,0.879,-0.005,0.045,117.218,1.913,1.132,0.880,4,4,4.044
1777577487875,0.008,0.977,-0.630,0.929,-0.016,0.034,117.463,1.811,1.163,0.930,4,4,3.939
1777577487889,-0.022,0.834,-0.656,0.954,-0.018,0.033,117.930,1.784,1.061,0.955,4,4,3.261
1777577487902,-0.035,0.833,-0.668,0.965,-0.025,0.039,118.402,1.787,1.068,0.966,4,4,3.263
1777577487915,0.007,0.745,-0.687,0.970,-0.022,0.038,119.027,1.693,1.014,0.971,4,4,3.254
1777577487930,-0.006,0.655,-0.709,0.937,-0.021,0.027,119.825,1.635,0.965,0.937,4,4,4.426
1777577487943,-0.009,0.781,-0.697,0.931,-0.021,0.007,120.346,1.584,1.047,0.931,4,4,3.889
1777577487958,0.093,0.718,-0.761,0.914,-0.039,-0.015,121.060,1.293,1.051,0.915,4,4,4.021
1777577487971,0.115,0.623,-0.764,0.896,-0.071,-0.059,121.924,0.945,0.993,0.901,4,4,3.262
1777577487985,0.059,0.620,-0.751,0.860,-0.071,-0.079,122.735,0.752,0.976,0.866,4,4,3.264
1777577487998,0.114,0.698,-0.819,0.848,-0.113,-0.136,123.471,0.456,1.082,0.866,4,4,3.273
1777577488012,0.107,0.874,-0.777,0.903,-0.133,-0.162,123.828,0.208,1.174,0.927,4,4,3.938
1777577488026,0.119,0.974,-0.780,1.032,-0.129,-0.207,124.040,-0.038,1.254,1.060,4,4,4.145
1777577488040,-0.035,1.197,-0.808,1.197,-0.127,-0.210,124.040,0.025,1.444,1.222,4,4,3.264
1777577488053,-0.242,1.333,-0.812,1.430,-0.063,-0.192,123.923,0.409,1.579,1.444,4,4,3.274
1777577488067,-0.250,1.625,-0.796,1.766,-0.001,-0.185,123.580,0.735,1.826,1.776,4,4,3.279
1777577488080,-0.128,1.705,-0.818,2.101,0.017,-0.160,123.233,0.873,1.896,2.107,4,4,3.933
1777577488096,-0.216,1.326,-0.940,2.428,0.064,-0.176,123.324,1.166,1.639,2.436,4,4,4.730
1777577488109,-0.279,1.390,-0.938,2.501,0.161,-0.133,123.354,1.528,1.700,2.510,4,4,3.286
1777577488123,-0.305,1.268,-0.969,2.501,0.285,-0.203,123.531,1.935,1.625,2.526,4,4,4.184
1777577488137,-0.232,1.085,-1.035,2.501,0.389,-0.016,123.973,2.235,1.517,2.531,4,4,3.257
1777577488150,-0.037,0.891,-1.219,2.501,0.351,0.201,124.841,2.198,1.510,2.534,4,4,3.941
1777577488164,-0.074,0.886,-1.339,2.501,0.319,0.104,125.788,2.217,1.608,2.524,4,4,3.287
1777577488177,-0.016,0.945,-1.347,2.501,0.348,0.268,126.626,2.145,1.646,2.540,4,4,3.304
1777577488191,0.148,0.881,-1.085,2.501,0.321,0.668,127.251,1.786,1.406,2.609,4,4,3.260
1777577488204,0.187,1.138,-0.695,2.501,0.145,0.981,126.996,1.358,1.346,2.691,4,4,3.276
1777577488217,0.247,0.503,-0.440,2.311,0.005,1.027,127.177,0.413,0.712,2.529,4,4,3.931
1777577488231,0.644,0.390,-0.234,2.067,-0.443,0.927,126.908,-2.001,0.789,2.308,4,4,3.264
1777577488245,-0.097,-0.604,-0.686,1.383,-0.503,0.670,115.294,-1.649,0.919,1.617,4,4,3.270
1777577488258,-0.240,-0.411,-0.716,0.621,-0.442,0.568,103.686,-0.868,0.859,0.951,4,4,3.264
1777577488272,-0.307,-0.187,-0.681,0.025,-0.324,0.093,91.952,0.197,0.770,0.338,4,4,3.258
1777577488285,-0.125,0.021,-0.626,-0.356,-0.350,-0.353,95.719,0.681,0.638,0.611,4,4,3.945
1777577488299,-0.054,0.136,-0.651,-0.553,-0.446,-0.436,98.889,0.854,0.667,0.834,4,4,3.253
1777577488312,-0.094,0.080,-0.643,-0.666,-0.529,-0.204,102.125,1.178,0.655,0.874,4,4,3.257
1777577488326,-0.160,0.010,-0.627,-0.770,-0.556,0.070,105.492,1.752,0.647,0.953,4,4,3.314
1777577488339,-0.188,-0.175,-0.669,-0.966,-0.544,0.110,93.646,2.341,0.717,1.114,4,4,3.252
1777577488353,-0.217,-0.245,-0.603,-1.219,-0.493,-0.024,82.648,3.045,0.686,1.315,4,4,4.023
1777577488367,-0.254,-0.203,-0.615,-1.458,-0.384,-0.124,71.960,3.849,0.696,1.513,4,4,3.262
1777577488382,-0.197,-0.140,-0.642,-1.637,-0.281,-0.140,61.480,4.411,0.686,1.667,4,4,5.440
1777577488395,-0.098,-0.042,-0.664,-1.777,-0.229,-0.059,51.080,4.584,0.672,1.793,4,4,3.266
1777577488409,0.001,-0.002,-0.686,-1.877,-0.274,0.035,40.980,4.379,0.686,1.897,4,4,3.256
1777577488422,0.069,-0.104,-0.701,-2.014,-0.359,0.088,31.686,3.943,0.712,2.048,5,5,3.956
1777577488436,0.020,-0.097,-0.670,-2.213,-0.452,0.131,22.788,3.698,0.678,2.263,5,5,3.263
1777577488451,0.002,-0.149,-0.651,-2.457,-0.516,0.185,14.483,3.530,0.668,2.517,5,5,3.292
1777577488464,-0.045,-0.236,-0.625,-2.501,-0.538,0.262,6.882,3.545,0.670,2.572,5,5,3.262
1777577488478,-0.052,-0.226,-0.560,-2.501,-0.527,0.402,-0.328,3.606,0.606,2.588,5,5,3.259
1777577488491,-0.198,0.012,-0.608,-2.501,-0.429,0.621,7.507,4.238,0.640,2.613,5,5,3.939
1777577488505,-0.236,0.211,-0.653,-2.501,-0.257,0.790,14.266,4.883,0.726,2.636,5,5,3.537
1777577488519,-0.271,0.458,-0.710,-2.501,-0.073,0.838,20.078,5.445,0.888,2.639,5,5,3.275
1777577488532,-0.328,0.747,-0.764,-2.501,0.149,0.761,25.133,5.953,1.117,2.619,5,5,3.267
1777577488548,-0.286,0.866,-0.870,-2.501,0.393,0.555,29.943,6.267,1.260,2.592,5,5,5.677
1777577488561,-0.183,0.814,-0.933,-2.501,0.506,0.400,34.708,6.360,1.252,2.583,5,5,3.937
1777577488575,-0.084,0.723,-0.923,-2.501,0.550,0.280,39.397,6.261,1.176,2.576,5,5,3.264
1777577488589,0.019,0.681,-0.864,-2.501,0.516,0.198,43.874,5.944,1.100,2.562,5,5,3.300
1777577488602,0.079,0.710,-0.796,-2.501,0.448,0.186,48.001,5.499,1.070,2.548,5,5,3.262
1777577488616,0.122,0.784,-0.757,-2.501,0.369,0.308,51.762,4.981,1.097,2.547,5,5,3.275
1777577488629,0.116,0.817,-0.720,-2.501,0.308,0.513,55.244,4.496,1.095,2.572,5,5,3.930
1777577488643,0.024,1.009,-0.666,-2.501,0.318,0.611,58.227,4.250,1.209,2.594,5,5,3.529
1777577488657,-0.094,1.245,-0.664,-2.501,0.386,0.582,60.843,4.230,1.414,2.597,5,5,3.279
1777577488670,-0.209,1.385,-0.717,-2.501,0.474,0.404,63.315,4.378,1.574,2.578,5,5,3.273
1777577488684,-0.255,1.294,-0.745,-2.414,0.526,0.150,65.791,4.610,1.515,2.475,5,5,3.281
1777577488697,-0.173,1.236,-0.696,-2.373,0.500,-0.102,68.134,4.712,1.429,2.427,5,5,3.907
1777577488713,-0.078,1.462,-0.735,-2.209,0.381,-0.237,70.257,4.626,1.638,2.254,5,5,5.552
1777577488727,0.127,1.399,-0.739,-2.032,0.180,-0.321,72.339,4.224,1.587,2.065,5,5,3.279
1777577488740,0.201,1.405,-0.759,-1.843,-0.037,-0.327,74.352,3.725,1.609,1.873,5,5,3.251
1777577488754,0.186,1.419,-0.808,-1.569,-0.213,-0.155,76.334,3.277,1.644,1.591,5,5,3.286
1777577488767,0.147,1.379,-0.840,-1.243,-0.345,0.088,78.303,2.906,1.622,1.293,1,1,3.898
1777577488782,-0.016,1.198,-0.896,-0.949,-0.418,0.251,80.423,2.806,1.496,1.067,1,1,4.577
1777577488796,-0.221,1.150,-0.915,-0.665,-0.403,0.191,82.525,3.058,1.486,0.801,1,1,3.257
1777577488809,-0.404,1.135,-0.938,-0.360,-0.296,0.013,84.583,3.595,1.527,0.466,1,1,3.269
1777577488822,2.002,4.000,-0.026,2.397,-0.860,-0.302,84.837,2.275,4.473,2.565,1,1,3.273
1777577488836,0.459,0.180,-0.611,1.177,-0.307,0.140,88.278,0.609,0.785,1.224,1,1,3.943
1777577488851,0.123,1.225,0.311,1.226,-0.448,-0.025,87.731,0.339,1.270,1.306,1,1,4.497
1777577488865,0.009,1.145,0.184,1.516,-0.375,-0.218,87.432,0.304,1.160,1.577,1,1,3.267
1777577488879,-0.030,0.972,-0.131,1.565,-0.217,-0.274,87.880,0.368,0.982,1.604,1,1,4.193
1777577488892,-0.035,0.896,-0.190,1.482,-0.072,-0.278,88.496,0.447,0.916,1.510,1,1,3.266
1777577488906,0.033,0.925,-0.237,1.404,-0.087,-0.300,89.190,0.340,0.955,1.438,1,1,3.936
1777577488920,-0.035,0.949,-0.245,1.321,-0.108,-0.301,89.859,0.415,0.981,1.359,1,1,3.290
1777577488933,-0.111,0.938,-0.291,1.237,-0.097,-0.263,90.618,0.679,0.989,1.268,1,1,3.265
1777577488947,-0.096,0.911,-0.355,1.139,-0.051,-0.216,91.522,0.895,0.983,1.161,1,1,3.371
1777577488960,-0.169,0.970,-0.331,1.049,0.038,-0.118,92.279,1.265,1.039,1.056,1,1,3.266
1777577488973,-0.152,0.926,-0.387,0.970,0.090,-0.014,93.173,1.587,1.015,0.974,1,1,3.942
1777577488987,-0.110,0.958,-0.378,0.887,0.085,0.079,93.975,1.783,1.036,0.895,1,1,3.302
1777577489001,-0.154,0.945,-0.374,0.835,0.099,0.171,94.746,2.081,1.028,0.858,1,1,3.271
1777577489015,-0.111,0.960,-0.375,0.806,0.148,0.252,95.472,2.258,1.037,0.857,1,1,3.327
1777577489028,-0.035,0.926,-0.439,0.775,0.204,0.268,96.342,2.245,1.026,0.845,1,1,3.264
1777577489042,0.059,0.846,-0.518,0.643,0.135,0.220,97.440,1.998,0.993,0.693,1,1,4.029
1777577489056,0.062,0.832,-0.487,0.525,0.140,0.136,98.443,1.750,0.966,0.560,1,1,3.289
1777577489069,-0.010,0.876,-0.469,0.465,0.151,0.075,99.304,1.699,0.994,0.495,1,1,3.271
1777577489083,0.051,0.923,-0.418,0.419,0.128,0.026,99.962,1.500,1.014,0.439,1,1,3.281
1777577489096,0.066,0.755,-0.595,0.356,0.031,-0.001,101.199,1.261,0.963,0.358,1,1,3.257
1777577489111,-0.009,0.818,-0.545,0.184,-0.007,-0.029,102.182,1.228,0.983,0.187,1,1,5.726
1777577489125,0.006,0.944,-0.478,0.129,-0.025,-0.026,102.823,1.161,1.058,0.134,1,1,3.279
1777577489140,-0.061,0.921,-0.508,0.076,-0.027,0.015,103.525,1.255,1.053,0.082,1,1,4.100
1777577489153,-0.031,0.978,-0.457,0.063,-0.011,0.042,104.028,1.272,1.080,0.077,1,1,3.269
1777577489166,-0.045,0.967,-0.477,0.053,0.004,0.067,104.563,1.322,1.079,0.086,1,1,3.266
1777577489180,-0.012,0.967,-0.465,0.054,0.014,0.068,105.049,1.292,1.073,0.088,1,1,4.628
1777577489194,-0.015,0.959,-0.471,0.052,0.018,0.066,105.536,1.271,1.069,0.086,1,1,3.284
1777577489208,-0.011,0.956,-0.471,0.054,0.022,0.059,106.004,1.242,1.066,0.083,1,1,3.274
1777577489221,0.014,0.956,-0.452,0.056,0.023,0.036,106.410,1.154,1.057,0.071,1,1,3.256
1777577489237,0.012,0.971,-0.455,0.071,0.020,0.006,106.791,1.075,1.072,0.074,1,1,5.333
1777577489250,0.036,0.956,-0.465,0.093,0.014,-0.051,107.191,0.944,1.063,0.107,1,1,3.912
1777577489264,0.026,0.946,-0.470,0.085,0.005,-0.084,107.594,0.841,1.056,0.120,1,1,3.263
1777577489278,0.064,0.944,-0.471,0.084,-0.021,-0.153,107.984,0.651,1.057,0.176,1,1,3.278
1777577489291,0.062,0.920,-0.472,0.094,-0.067,-0.228,108.385,0.473,1.036,0.255,1,1,3.262
1777577489306,0.064,0.927,-0.438,0.108,-0.140,-0.289,108.689,0.297,1.027,0.339,1,1,3.333
1777577489319,-0.035,0.915,-0.498,0.120,-0.156,-0.296,109.121,0.367,1.042,0.356,1,1,3.933
1777577489334,-0.082,0.952,-0.450,0.136,-0.158,-0.266,109.391,0.546,1.056,0.338,1,1,4.518
1777577489350,-0.134,0.905,-0.499,0.137,-0.175,-0.203,109.805,0.844,1.042,0.301,1,1,5.896
1777577489364,-0.142,0.928,-0.486,0.114,-0.134,-0.128,110.147,1.145,1.057,0.218,1,1,3.277
1777577489377,-0.105,0.938,-0.487,0.105,-0.097,-0.086,110.466,1.343,1.062,0.166,1,1,3.279
1777577489391,-0.125,0.913,-0.506,0.087,-0.070,-0.051,110.838,1.581,1.051,0.122,1,1,3.936
1777577489405,-0.033,0.959,-0.477,0.101,-0.072,-0.058,111.084,1.590,1.071,0.137,1,1,3.297
1777577489419,-0.083,0.930,-0.504,0.099,-0.061,-0.051,111.407,1.717,1.061,0.127,1,1,3.273
1777577489432,-0.101,0.915,-0.500,0.082,-0.038,-0.025,111.723,1.884,1.047,0.094,1,1,3.270
1777577489445,-0.124,0.919,-0.521,0.069,-0.006,0.015,112.064,2.093,1.064,0.071,1,1,3.286
1777577489459,-0.116,0.931,-0.499,0.062,0.022,0.052,112.333,2.276,1.062,0.084,1,1,3.932
1777577489473,-0.113,0.917,-0.515,0.044,0.041,0.082,112.637,2.444,1.058,0.101,1,1,3.295
1777577489486,-0.050,0.953,-0.488,0.047,0.046,0.080,112.833,2.454,1.072,0.104,1,1,3.266
1777577489501,-0.066,0.920,-0.511,0.041,0.050,0.081,113.105,2.505,1.054,0.104,1,1,4.233
1777577489514,-0.047,0.961,-0.487,0.036,0.057,0.074,113.269,2.504,1.079,0.100,1,1,3.272
1777577489527,-0.045,0.974,-0.488,0.051,0.053,0.065,113.415,2.499,1.090,0.098,1,1,3.942
1777577489541,-0.030,0.952,-0.500,0.070,0.055,0.065,113.604,2.458,1.076,0.110,1,1,3.276
1777577489555,-0.027,0.931,-0.529,0.079,0.056,0.085,113.867,2.415,1.071,0.129,1,1,3.255
1777577489568,-0.045,1.002,-0.519,0.101,0.056,0.099,114.021,2.409,1.130,0.152,1,1,3.271
1777577489581,-0.030,1.182,-0.450,0.161,0.046,0.085,113.883,2.364,1.265,0.188,1,1,3.269
1777577489595,-0.144,1.180,-0.509,0.246,0.058,0.143,113.860,2.540,1.293,0.290,4,4,3.917
1777577489609,-0.026,0.945,-0.525,0.337,0.078,0.201,114.088,2.489,1.081,0.400,4,4,3.281
1777577489622,-0.021,1.036,-0.527,0.353,0.068,0.223,114.214,2.425,1.163,0.423,4,4,3.261
1777577489636,-0.046,0.936,-0.551,0.374,0.085,0.261,114.487,2.425,1.086,0.464,4,4,3.276
1777577489649,-0.006,0.984,-0.539,0.398,0.074,0.235,114.673,2.332,1.122,0.468,4,4,3.273
1777577489662,-0.043,1.081,-0.537,0.455,0.087,0.213,114.750,2.320,1.208,0.510,4,4,3.943
1777577489676,-0.025,1.066,-0.542,0.503,0.099,0.180,114.847,2.272,1.196,0.544,4,4,3.271
1777577489691,-0.022,1.120,-0.550,0.580,0.088,0.139,114.904,2.218,1.248,0.603,4,4,4.482
1777577489704,0.022,1.067,-0.560,0.669,0.060,0.091,115.026,2.075,1.205,0.678,4,4,3.325
1777577489718,-0.011,1.088,-0.570,0.727,0.061,0.066,115.141,2.008,1.229,0.732,4,4,3.307
1777577489731,0.046,1.140,-0.580,0.818,0.052,0.045,115.220,1.829,1.280,0.821,4,4,3.905
1777577489745,0.097,1.041,-0.588,0.898,0.018,0.013,115.405,1.546,1.199,0.899,4,4,3.264
1777577489759,0.041,1.036,-0.589,0.965,-0.022,0.012,115.590,1.392,1.193,0.966,4,4,3.257
1777577489773,-0.063,1.104,-0.601,1.056,-0.029,0.045,115.719,1.456,1.258,1.057,4,4,3.261
1777577489787,-0.025,1.112,-0.594,1.165,-0.019,0.051,115.824,1.442,1.261,1.166,4,4,3.262
1777577489800,-0.025,1.077,-0.625,1.274,-0.013,0.067,116.013,1.429,1.246,1.276,4,4,3.895
1777577489816,-0.021,1.162,-0.611,1.450,-0.002,0.030,116.089,1.407,1.313,1.450,4,4,3.264
1777577489829,0.065,1.204,-0.599,1.620,-0.031,-0.013,116.104,1.224,1.346,1.620,4,4,3.257
1777577489842,0.082,1.144,-0.607,1.810,-0.034,-0.071,116.185,1.013,1.298,1.811,4,4,3.256
1777577489856,0.086,1.320,-0.638,2.008,-0.049,-0.114,116.169,0.822,1.469,2.012,4,4,3.250
1777577489869,0.063,1.382,-0.684,2.240,-0.043,-0.167,116.175,0.683,1.543,2.246,4,4,3.943
1777577489883,0.032,1.601,-0.726,2.501,-0.059,-0.174,116.097,0.608,1.758,2.508,4,4,3.259
1777577489897,0.044,1.391,-0.744,2.501,-0.026,-0.141,116.186,0.512,1.578,2.505,4,4,3.287
1777577489910,-0.154,1.245,-0.882,2.501,0.010,-0.092,116.585,0.741,1.534,2.503,4,4,3.258
1777577489923,-0.205,1.055,-0.992,2.501,0.114,-0.016,117.313,1.062,1.462,2.504,4,4,3.352
1777577489937,-0.077,0.810,-1.115,2.501,0.151,0.336,118.481,1.155,1.381,2.528,4,4,3.935
1777577489951,-0.189,0.676,-1.207,2.501,0.153,0.234,119.892,1.445,1.396,2.517,4,4,3.257
1777577489964,-0.032,0.667,-1.090,2.501,0.209,0.367,121.145,1.445,1.278,2.537,4,4,3.281
1777577489978,0.229,0.725,-0.990,2.501,0.149,0.702,122.135,0.920,1.248,2.602,4,4,3.265
1777577489991,0.232,0.828,-0.954,2.501,-0.019,0.768,122.874,0.425,1.285,2.617,4,4,3.279
1777577490004,0.431,0.784,-0.870,2.501,-0.365,0.674,123.534,-0.478,1.248,2.616,4,4,3.952
1777577490019,0.379,1.132,-0.795,2.501,-0.903,0.400,123.601,-1.128,1.435,2.689,4,4,3.603
1777577490032,-0.178,-0.194,-0.926,2.501,-1.009,0.141,110.842,-0.612,0.963,2.701,4,4,3.288
1777577490045,-0.141,-0.625,-0.883,2.123,-0.936,-0.181,99.665,-0.260,1.091,2.327,4,4,3.261
1777577490059,-0.206,-0.576,-0.746,1.383,-0.756,-0.696,89.083,0.290,0.965,1.723,4,4,3.269
1777577490072,-0.128,-0.410,-0.681,0.739,-0.606,-0.985,78.673,0.679,0.805,1.373,4,4,3.933
1777577490086,-0.030,-0.161,-0.583,0.251,-0.504,-0.997,68.034,0.774,0.605,1.145,4,4,3.256
1777577490100,0.013,0.090,-0.516,-0.025,-0.447,-0.754,72.497,0.677,0.524,0.877,4,4,3.281
1777577490113,0.012,0.297,-0.493,-0.163,-0.416,-0.430,75.840,0.595,0.575,0.620,4,4,3.268
1777577490126,0.034,0.206,-0.453,-0.311,-0.407,-0.160,79.327,0.397,0.498,0.536,4,4,3.343
1777577490140,0.053,0.019,-0.344,-0.508,-0.407,-0.047,83.591,-0.005,0.348,0.653,4,4,3.942
1777577490154,0.022,-0.107,-0.274,-0.779,-0.398,-0.061,72.998,-0.196,0.295,0.877,4,4,3.256
1777577490167,-0.019,-0.185,-0.226,-1.092,-0.364,-0.128,63.651,-0.026,0.293,1.158,4,4,3.272
1777577490180,-0.017,-0.328,-0.166,-1.497,-0.328,-0.169,55.755,0.093,0.368,1.542,4,4,3.271
1777577490194,-0.037,-0.361,-0.128,-2.026,-0.305,-0.142,48.529,0.328,0.385,2.054,4,4,3.275
1777577490209,0.023,-0.531,-0.055,-2.501,-0.303,-0.066,42.210,0.207,0.534,2.521,4,4,5.702
1777577490223,0.046,-0.292,0.083,-2.501,-0.334,0.099,37.121,-0.182,0.307,2.526,4,4,3.286
1777577490236,0.030,0.154,0.137,-2.501,-0.331,0.362,37.611,-0.534,0.208,2.549,4,4,3.275
1777577490250,-0.003,0.661,0.121,-2.501,-0.275,0.697,39.450,-0.498,0.672,2.611,4,4,3.252
1777577490266,-0.052,0.876,-0.067,-2.501,-0.108,1.034,41.852,-0.329,0.880,2.709,4,4,6.016
1777577490279,-0.075,0.811,-0.288,-2.501,0.005,1.038,44.814,-0.096,0.864,2.708,5,5,3.899
1777577490294,-0.039,0.733,-0.365,-2.501,0.045,0.760,47.946,0.027,0.819,2.615,5,5,3.294
1777577490307,-0.018,0.827,-0.391,-2.501,0.034,0.496,50.891,0.075,0.915,2.550,5,5,3.266
1777577490320,-0.031,1.173,-0.493,-2.501,0.011,0.458,53.599,0.133,1.273,2.543,5,5,3.257
1777577490334,-0.036,1.408,-0.648,-2.501,0.007,0.600,56.272,0.186,1.551,2.572,5,5,3.271
1777577490347,-0.092,1.327,-0.732,-2.501,0.046,0.623,59.009,0.330,1.519,2.578,5,5,3.931
1777577490361,-0.162,1.231,-0.703,-2.501,0.142,0.428,61.664,0.600,1.427,2.542,5,5,3.281
1777577490375,-0.164,1.367,-0.642,-2.501,0.267,0.199,64.003,0.845,1.519,2.523,5,5,3.266
1777577490389,-0.066,1.536,-0.646,-2.501,0.366,0.107,66.137,0.907,1.668,2.530,5,5,3.975
1777577490402,0.080,1.549,-0.650,-2.501,0.394,0.188,68.177,0.748,1.681,2.539,5,5,3.278
1777577490415,0.158,1.615,-0.691,-2.501,0.369,0.377,70.144,0.491,1.764,2.556,5,5,3.942
1777577490430,0.150,1.652,-0.712,-2.501,0.317,0.579,72.032,0.261,1.805,2.587,5,5,3.825
1777577490443,0.002,1.735,-0.761,-2.501,0.286,0.701,73.854,0.247,1.895,2.613,5,5,3.251
1777577490458,-0.109,1.776,-0.803,-2.501,0.291,0.622,75.624,0.376,1.952,2.594,5,5,4.073
1777577490471,-0.166,1.787,-0.831,-2.417,0.325,0.352,77.344,0.569,1.977,2.464,5,5,3.313
1777577490484,-0.073,1.770,-0.887,-2.173,0.350,0.079,79.061,0.637,1.982,2.202,5,5,3.936
1777577490498,0.145,1.671,-1.009,-1.860,0.310,-0.005,80.901,0.423,1.957,1.886,5,5,3.330
1777577490512,0.274,1.495,-1.143,-1.531,0.186,0.233,82.934,0.042,1.902,1.560,5,5,3.261
1777577490526,0.173,1.328,-1.287,-1.210,0.064,0.717,85.172,-0.193,1.858,1.408,5,5,4.555
1777577490540,-0.129,1.234,-1.399,-0.858,0.022,0.817,87.507,-0.011,1.870,1.185,5,5,3.271
1777577490554,-0.546,1.062,-1.450,-0.454,0.140,0.507,89.968,0.729,1.878,0.695,1,1,4.862
1777577490568,-0.609,0.895,-1.495,-0.046,0.353,-0.136,92.554,1.539,1.846,0.381,1,1,3.269
1777577490582,-0.369,0.974,-1.498,0.304,0.519,-0.557,94.933,1.982,1.824,0.819,1,1,3.277
1777577490598,1.202,0.690,-0.831,2.053,-0.188,-0.770,96.917,-0.206,1.616,2.201,1,1,3.282
1777577490611,-0.505,1.271,0.173,1.781,-0.321,-0.735,96.276,0.743,1.378,1.953,1,1,3.261
1777577490627,-0.221,1.227,0.278,2.126,-0.240,-0.632,95.443,1.146,1.278,2.231,1,1,6.323
1777577490641,-0.066,0.918,-0.141,2.182,-0.293,-0.694,95.588,1.274,0.931,2.308,1,1,3.256
1777577490654,-0.281,1.084,-0.128,2.162,-0.106,-0.561,95.637,1.850,1.127,2.236,1,1,3.252
1777577490667,-0.093,0.865,-0.405,2.055,-0.127,-0.481,96.488,2.012,0.960,2.114,1,1,3.260
1777577490681,-0.327,0.848,-0.479,1.796,0.035,-0.238,97.492,2.736,1.028,1.812,1,1,3.249
1777577490697,-0.385,0.890,-0.462,1.621,0.062,-0.037,98.365,3.534,1.074,1.623,1,1,3.905
1777577490711,-0.170,0.914,-0.507,1.503,0.124,0.137,99.267,3.783,1.059,1.514,1,1,3.256
1777577490724,-0.088,0.850,-0.573,1.377,0.191,0.179,100.347,3.831,1.029,1.401,1,1,3.491
1777577490738,0.041,0.756,-0.709,0.985,0.187,0.105,101.783,3.566,1.038,1.008,1,1,3.272
1777577490751,-0.030,0.810,-0.617,0.674,0.213,0.078,102.899,3.482,1.019,0.712,1,1,3.288
1777577490765,-0.104,0.890,-0.535,0.563,0.196,0.057,103.690,3.579,1.044,0.599,1,1,4.069
1777577490779,0.113,0.559,-0.834,0.352,0.047,0.065,105.547,3.142,1.010,0.361,1,1,3.260
1777577490794,-0.052,0.914,-0.489,0.238,0.083,0.102,106.098,3.131,1.038,0.272,1,1,3.283
1777577490807,-0.034,0.877,-0.549,0.191,0.026,0.047,106.795,3.076,1.036,0.198,1,1,3.260
1777577490820,-0.039,0.948,-0.468,0.154,0.025,0.057,107.210,3.035,1.058,0.167,1,1,3.281
1777577490834,-0.078,0.951,-0.525,0.116,0.002,0.055,107.722,3.082,1.089,0.128,1,1,3.952
1777577490848,-0.042,0.915,-0.496,0.094,0.020,0.046,108.191,3.048,1.042,0.106,1,1,3.258
1777577490861,-0.070,0.916,-0.496,0.091,0.026,0.052,108.641,3.082,1.044,0.108,1,1,3.250
1777577490875,-0.072,0.926,-0.498,0.081,0.044,0.063,109.062,3.118,1.054,0.111,1,1,3.259
1777577490888,-0.053,0.930,-0.526,0.083,0.050,0.079,109.516,3.105,1.070,0.125,1,1,3.261
1777577490905,-0.069,0.912,-0.516,0.086,0.067,0.091,109.952,3.135,1.050,0.142,1,1,7.525
1777577490919,-0.049,0.971,-0.507,0.087,0.073,0.091,110.286,3.109,1.097,0.146,1,1,3.769
1777577490933,-0.042,0.934,-0.503,0.079,0.068,0.083,110.638,3.071,1.061,0.133,1,1,3.355
1777577490946,-0.026,0.908,-0.513,0.077,0.062,0.074,111.024,2.999,1.044,0.123,1,1,3.247
1777577490960,-0.004,0.912,-0.507,0.070,0.056,0.050,111.376,2.876,1.043,0.103,1,1,3.289
1777577490973,-0.004,0.883,-0.525,0.059,0.043,0.017,111.785,2.761,1.027,0.075,1,1,3.888
1777577490990,0.003,0.922,-0.499,0.055,0.029,-0.014,112.076,2.634,1.048,0.064,1,1,6.028
1777577491003,-0.011,0.891,-0.532,0.040,0.021,-0.031,112.458,2.546,1.038,0.055,1,1,3.245
1777577491016,-0.023,0.914,-0.507,0.042,0.016,-0.041,112.746,2.489,1.045,0.061,1,1,3.264
1777577491030,-0.023,0.916,-0.516,0.033,0.012,-0.046,113.036,2.434,1.051,0.058,1,1,3.286
1777577491043,0.004,0.895,-0.523,0.016,0.029,-0.072,113.355,2.317,1.037,0.080,1,1,3.950
1777577491058,-0.020,0.938,-0.503,0.025,0.008,-0.050,113.568,2.262,1.064,0.056,1,1,3.699
1777577491071,-0.018,0.906,-0.516,0.021,0.004,-0.050,113.834,2.207,1.043,0.054,1,1,3.261
1777577491085,-0.021,0.929,-0.511,0.027,-0.002,-0.045,114.053,2.159,1.060,0.053,1,1,3.288
1777577491098,-0.045,0.929,-0.524,0.025,-0.001,-0.037,114.287,2.171,1.068,0.044,1,1,3.263
1777577491112,-0.035,0.954,-0.501,0.046,-0.004,-0.011,114.436,2.156,1.078,0.047,1,1,3.951
1777577491126,-0.042,0.940,-0.510,0.051,-0.006,0.008,114.612,2.160,1.070,0.052,1,1,3.275
1777577491139,-0.060,0.956,-0.505,0.066,-0.005,0.025,114.753,2.204,1.083,0.071,1,1,3.583
1777577491153,-0.035,0.954,-0.519,0.070,-0.009,0.047,114.918,2.188,1.087,0.085,1,1,3.263
1777577491166,-0.047,0.919,-0.512,0.078,-0.013,0.065,115.102,2.205,1.054,0.103,1,1,3.263
1777577491179,-0.096,1.003,-0.520,0.104,-0.021,0.105,115.202,2.321,1.134,0.149,1,1,3.984
1777577491193,-0.014,1.069,-0.494,0.131,-0.032,0.123,115.184,2.249,1.178,0.183,1,1,3.269
1777577491207,-0.010,1.161,-0.468,0.225,-0.022,0.117,115.042,2.171,1.252,0.254,1,1,3.259
1777577491220,0.050,1.009,-0.535,0.236,-0.031,0.116,115.170,1.967,1.143,0.265,1,1,3.275
1777577491234,-0.002,1.038,-0.514,0.307,-0.025,0.066,115.220,1.885,1.158,0.315,1,1,3.262
1777577491248,-0.008,0.972,-0.548,0.325,-0.015,0.097,115.403,1.820,1.116,0.339,4,4,4.021
1777577491267,-0.009,0.994,-0.555,0.380,-0.009,0.127,115.568,1.760,1.138,0.401,4,4,3.482
1777577491280,-0.048,1.041,-0.544,0.425,0.002,0.151,115.657,1.786,1.176,0.451,4,4,3.262
1777577491293,-0.016,1.030,-0.559,0.493,0.011,0.127,115.780,1.742,1.172,0.509,4,4,3.265
1777577491307,-0.010,1.006,-0.571,0.535,0.019,0.092,115.947,1.687,1.157,0.543,4,4,3.269
1777577491321,-0.057,0.994,-0.592,0.556,0.024,0.051,116.158,1.737,1.158,0.559,4,4,3.928
1777577491335,-0.067,1.059,-0.573,0.610,0.032,0.045,116.257,1.800,1.206,0.613,4,4,3.256
1777577491351,-0.068,0.921,-0.597,0.640,0.036,0.044,116.551,1.876,1.100,0.643,4,4,6.050
1777577491365,-0.017,0.952,-0.604,0.670,0.031,0.039,116.808,1.832,1.128,0.672,4,4,3.251
1777577491378,0.021,0.954,-0.614,0.708,0.030,0.035,117.069,1.705,1.134,0.710,4,4,3.271
1777577491392,0.065,0.877,-0.643,0.721,-0.002,0.010,117.470,1.481,1.090,0.721,4,4,3.898
1777577491407,0.052,0.985,-0.618,0.762,-0.014,-0.005,117.674,1.304,1.164,0.762,4,4,5.125
1777577491422,0.028,0.831,-0.678,0.783,-0.044,-0.022,118.179,1.181,1.073,0.785,4,4,3.339
1777577491435,0.044,0.861,-0.659,0.805,-0.057,-0.031,118.583,1.027,1.085,0.807,4,4,3.297
1777577491449,0.013,0.790,-0.688,0.805,-0.053,-0.054,119.129,0.950,1.048,0.808,4,4,3.435
1777577491462,-0.009,0.820,-0.720,0.813,-0.056,-0.045,119.661,0.928,1.091,0.816,4,4,3.919
1777577491477,-0.042,0.838,-0.722,0.833,-0.043,-0.035,120.145,0.984,1.107,0.835,4,4,3.276
1777577491490,-0.058,0.910,-0.704,0.865,-0.026,-0.015,120.476,1.067,1.152,0.865,4,4,3.266
1777577491503,0.020,0.882,-0.739,0.925,-0.043,-0.050,120.890,0.978,1.151,0.927,4,4,3.261
1777577491517,-0.030,0.966,-0.749,1.006,-0.053,-0.061,121.192,0.997,1.222,1.009,4,4,3.301
1777577491530,-0.057,0.964,-0.749,1.119,-0.041,-0.064,121.483,1.071,1.222,1.122,4,4,3.940
1777577491546,-0.078,1.130,-0.733,1.272,0.003,-0.053,121.548,1.168,1.349,1.273,4,4,5.427
1777577491560,-0.147,1.079,-0.759,1.483,0.033,-0.042,121.703,1.396,1.327,1.484,4,4,3.263
1777577491574,-0.058,1.261,-0.760,1.699,0.038,-0.077,121.675,1.434,1.473,1.702,4,4,4.130
1777577491587,0.064,1.320,-0.765,1.938,0.003,-0.123,121.606,1.266,1.527,1.942,4,4,3.258
1777577491602,-0.002,1.657,-0.777,2.277,0.063,-0.105,121.322,1.214,1.830,2.281,4,4,3.985
1777577491616,-0.110,1.306,-0.833,2.501,0.112,-0.110,121.375,1.338,1.553,2.506,4,4,3.268
1777577491629,-0.191,1.196,-0.946,2.501,0.174,-0.121,121.679,1.592,1.536,2.510,4,4,3.258
1777577491642,-0.168,1.129,-0.932,2.501,0.251,-0.039,122.023,1.809,1.474,2.514,4,4,3.278
1777577491656,-0.092,0.969,-0.963,2.501,0.288,0.215,122.583,1.898,1.369,2.527,4,4,3.273
1777577491669,-0.173,0.848,-1.091,2.501,0.294,0.254,123.438,2.126,1.392,2.531,4,4,3.935
1777577491683,-0.260,0.704,-1.188,2.501,0.364,0.263,124.571,2.500,1.405,2.541,4,4,3.272
1777577491697,-0.158,0.630,-1.151,2.501,0.440,0.422,125.740,2.691,1.322,2.575,4,4,3.259
1777577491710,0.015,0.610,-1.072,2.501,0.430,0.538,126.818,2.542,1.234,2.594,4,4,3.274
1777577491723,0.221,0.368,-1.008,2.362,0.306,0.620,128.266,1.921,1.096,2.461,4,4,3.260
1777577491737,0.320,0.027,-0.851,1.922,0.167,0.575,130.450,0.936,0.910,2.013,4,4,3.964
1777577491751,0.213,0.717,-0.797,1.883,0.074,0.027,130.782,0.402,1.093,1.884,4,4,3.270
1777577491764,0.214,-0.464,-1.292,1.796,-0.101,-0.457,118.055,-0.003,1.389,1.856,4,4,3.354
1777577491778,0.163,-0.433,-1.082,1.198,-0.047,-0.749,105.975,-0.352,1.177,1.414,4,4,3.366
1777577491791,0.255,-0.225,-0.935,0.647,-0.117,-0.969,94.059,-0.986,0.995,1.172,4,4,3.267
1777577491804,0.363,0.110,-0.876,0.341,-0.283,-0.897,97.504,-1.920,0.955,1.000,4,4,3.910
1777577491818,0.373,0.184,-0.782,0.170,-0.470,-0.637,100.534,-2.925,0.886,0.810,4,4,3.260
1777577491832,0.240,0.103,-0.711,0.040,-0.578,-0.332,103.648,-3.604,0.757,0.668,4,4,3.256
1777577491845,0.085,0.095,-0.651,-0.103,-0.625,-0.071,106.622,-3.768,0.663,0.638,4,4,3.303
1777577491858,0.010,0.071,-0.578,-0.257,-0.623,0.049,109.524,-3.648,0.582,0.675,4,4,3.256
1777577491872,-0.025,-0.010,-0.491,-0.420,-0.589,0.009,96.911,-3.360,0.492,0.723,1,1,3.897
1777577491886,-0.033,-0.046,-0.427,-0.615,-0.560,-0.061,85.071,-3.020,0.431,0.834,1,1,3.243
1777577491899,-0.049,-0.106,-0.382,-0.860,-0.526,-0.085,74.156,-2.577,0.399,1.012,1,1,3.257
1777577491912,0.010,-0.276,-0.318,-1.179,-0.499,-0.061,64.835,-2.524,0.421,1.282,1,1,3.253
1777577491928,-0.002,-0.353,-0.282,-1.645,-0.505,0.040,56.374,-2.404,0.452,1.722,1,1,5.445
1777577491941,0.030,-0.294,-0.283,-2.025,-0.526,0.142,48.052,-2.482,0.409,2.097,4,4,3.879
1777577491956,0.064,-0.270,-0.279,-2.434,-0.587,0.264,40.009,-2.784,0.393,2.517,4,4,3.424
1777577491969,0.035,-0.105,-0.276,-2.501,-0.642,0.436,31.297,-2.959,0.297,2.619,4,4,3.270
1777577491982,-0.020,0.026,-0.304,-2.501,-0.652,0.655,37.589,-2.668,0.306,2.667,4,4,3.259
1777577491998,-0.032,0.181,-0.301,-2.501,-0.620,0.879,42.461,-2.323,0.352,2.723,4,4,5.658
1777577492011,-0.077,0.329,-0.346,-2.501,-0.569,0.967,46.572,-1.819,0.483,2.741,5,5,3.947
1777577492025,-0.131,0.636,-0.411,-2.501,-0.466,0.929,49.910,-1.310,0.769,2.709,5,5,3.266
1777577492039,-0.247,0.801,-0.526,-2.501,-0.322,0.937,53.118,-0.621,0.989,2.690,5,5,3.270
1777577492052,-0.275,0.884,-0.629,-2.501,-0.170,0.881,56.282,0.028,1.119,2.657,5,5,3.267
1777577492066,-0.262,0.861,-0.703,-2.501,-0.027,0.668,59.471,0.606,1.142,2.589,5,5,3.288
1777577492079,-0.198,0.776,-0.737,-2.501,0.056,0.389,62.710,1.038,1.088,2.532,5,5,3.942
1777577492093,-0.188,0.809,-0.769,-2.501,0.097,0.214,65.808,1.410,1.131,2.512,5,5,3.267
1777577492107,-0.169,0.873,-0.759,-2.501,0.108,0.251,68.659,1.711,1.169,2.516,5,5,3.299
1777577492120,-0.185,0.995,-0.764,-2.501,0.125,0.347,71.233,2.004,1.268,2.528,5,5,3.269
1777577492133,-0.306,1.122,-0.800,-2.501,0.219,0.383,73.606,2.464,1.411,2.540,5,5,3.278
1777577492147,-0.361,1.089,-0.826,-2.501,0.358,0.264,75.949,3.003,1.414,2.541,5,5,3.941
1777577492161,-0.388,1.147,-0.855,-2.501,0.513,0.055,78.169,3.536,1.483,2.554,5,5,3.261
1777577492174,-0.354,1.277,-0.861,-2.501,0.648,-0.161,80.173,3.947,1.580,2.589,5,5,3.270
1777577492187,-0.252,1.340,-0.917,-2.501,0.718,-0.287,82.106,4.161,1.643,2.618,5,5,3.257
1777577492201,-0.145,1.431,-0.967,-2.501,0.694,-0.269,83.941,4.188,1.733,2.610,5,5,3.304
1777577492214,-0.037,1.555,-1.058,-2.501,0.606,-0.201,85.703,4.054,1.881,2.582,5,5,3.935
1777577492228,0.058,1.612,-1.198,-2.501,0.468,-0.165,87.492,3.804,2.009,2.550,5,5,3.282
1777577492242,0.109,1.583,-1.346,-2.305,0.325,-0.220,89.368,3.506,2.081,2.338,5,5,3.270
1777577492255,0.078,1.498,-1.455,-1.959,0.212,-0.323,91.327,3.260,2.090,1.997,5,5,3.265
1777577492268,0.056,1.354,-1.581,-1.552,0.145,-0.386,93.430,3.050,2.082,1.606,5,5,3.286
1777577492286,0.078,1.170,-1.698,-0.941,0.086,-0.294,95.704,2.821,2.063,0.990,5,5,4.083
1777577492300,0.050,0.912,-1.838,-0.510,-0.043,0.059,98.236,2.637,2.052,0.515,5,5,3.291
1777577492313,-0.148,0.712,-1.814,-0.225,-0.148,0.222,100.874,2.712,1.954,0.349,5,5,3.270
1777577492327,-1.031,-0.421,-0.831,0.984,-0.020,1.013,89.766,4.687,1.389,1.413,5,5,3.261
1777577492340,0.551,1.211,0.180,0.812,-0.386,0.726,89.406,3.423,1.342,1.156,5,5,3.269
1777577492353,0.445,1.552,0.823,1.514,-0.720,0.185,88.210,2.651,1.812,1.686,1,1,3.942
1777577492367,-0.017,1.168,0.043,1.959,-0.784,-0.038,88.196,2.571,1.169,2.111,1,1,3.263
1777577492381,-0.203,1.084,-0.049,1.999,-0.317,-0.045,88.387,2.921,1.104,2.025,1,1,3.255
1777577492394,0.124,0.829,-0.454,1.820,-0.219,-0.186,89.714,2.466,0.953,1.843,1,1,3.253
1777577492407,-0.095,0.882,-0.419,1.588,-0.069,-0.256,90.838,2.602,0.981,1.610,1,1,3.264
1777577492421,-0.201,0.972,-0.407,1.450,0.080,-0.156,91.794,2.961,1.073,1.460,1,1,3.901
1777577492435,-0.122,0.914,-0.479,1.314,0.050,-0.105,92.926,3.126,1.039,1.319,1,1,3.283
1777577492448,-0.308,0.936,-0.461,1.208,0.158,0.040,93.944,3.709,1.088,1.219,1,1,3.258
1777577492462,-0.247,0.940,-0.499,1.114,0.256,0.168,94.994,4.118,1.093,1.155,1,1,3.283
1777577492475,-0.013,0.746,-0.635,0.859,0.217,0.181,96.543,3.972,0.980,0.905,1,1,3.262
1777577492488,-0.119,0.756,-0.598,0.682,0.230,0.219,97.936,4.106,0.971,0.752,1,1,3.889
1777577492502,-0.024,0.854,-0.495,0.552,0.216,0.211,98.906,3.986,0.987,0.629,1,1,3.282
1777577492516,-0.029,0.843,-0.530,0.450,0.190,0.217,99.923,3.885,0.996,0.535,1,1,3.256
1777577492529,0.084,0.609,-0.754,0.284,0.088,0.221,101.723,3.498,0.973,0.371,1,1,3.269
1777577492542,-0.142,0.861,-0.532,0.141,0.085,0.223,102.597,3.694,1.023,0.278,1,1,3.260
1777577492556,0.026,0.923,-0.507,0.119,0.059,0.186,103.304,3.472,1.053,0.229,1,1,3.899
1777577492570,-0.004,0.925,-0.495,0.069,0.031,0.200,103.954,3.330,1.049,0.214,1,1,3.265
1777577492583,0.046,0.927,-0.490,0.081,0.031,0.169,104.563,3.074,1.049,0.190,1,1,3.271
1777577492597,0.002,0.996,-0.467,0.086,0.030,0.145,105.024,2.935,1.100,0.172,1,1,3.285
1777577492610,0.043,0.963,-0.479,0.109,0.026,0.099,105.523,2.707,1.076,0.150,1,1,3.301
1777577492623,0.022,0.943,-0.479,0.095,0.028,0.071,106.021,2.535,1.057,0.122,1,1,3.986
1777577492638,0.034,0.924,-0.491,0.105,0.027,0.050,106.544,2.342,1.047,0.119,1,1,3.272
1777577492651,-0.008,0.930,-0.493,0.094,0.028,0.039,107.042,2.258,1.052,0.105,1,1,3.257
1777577492664,-0.000,0.936,-0.489,0.081,0.033,0.032,107.503,2.160,1.056,0.094,1,1,3.278
1777577492678,0.036,0.931,-0.497,0.082,0.029,0.018,107.966,1.979,1.056,0.089,1,1,3.271
1777577492691,-0.017,0.922,-0.512,0.065,0.034,0.032,108.451,1.933,1.055,0.080,1,1,4.002
1777577492705,0.002,0.939,-0.497,0.052,0.037,0.044,108.863,1.843,1.062,0.077,1,1,3.257
1777577492719,0.005,0.933,-0.502,0.062,0.036,0.041,109.276,1.751,1.060,0.083,1,1,3.278
1777577492732,0.013,0.926,-0.509,0.054,0.037,0.038,109.692,1.643,1.057,0.076,1,1,3.264
1777577492745,0.046,0.928,-0.496,0.054,0.030,0.012,110.060,1.462,1.054,0.063,1,1,3.289
1777577492759,0.037,0.945,-0.496,0.057,0.023,-0.021,110.395,1.312,1.068,0.065,1,1,3.955
1777577492773,0.047,0.924,-0.501,0.059,0.014,-0.062,110.748,1.143,1.052,0.087,1,1,3.292
1777577492786,0.022,0.919,-0.502,0.063,0.013,-0.089,111.093,1.040,1.048,0.109,1,1,3.256
1777577492802,0.033,0.919,-0.503,0.066,0.010,-0.117,111.425,0.916,1.048,0.135,1,1,6.206
1777577492816,0.009,0.923,-0.505,0.066,0.009,-0.129,111.743,0.855,1.053,0.145,1,1,3.268
1777577492832,-0.002,0.916,-0.498,0.060,0.005,-0.127,112.039,0.822,1.043,0.141,1,1,7.045
1777577492846,0.006,0.927,-0.508,0.057,0.003,-0.133,112.331,0.772,1.057,0.145,1,1,3.264
1777577492863,0.058,0.926,-0.514,0.051,-0.007,-0.203,112.623,0.600,1.061,0.210,1,1,6.252
1777577492876,0.070,0.960,-0.485,0.047,-0.034,-0.273,112.806,0.412,1.078,0.279,1,1,3.263
1777577492889,0.048,0.932,-0.498,0.045,-0.053,-0.347,113.037,0.281,1.058,0.354,1,1,3.264
1777577492903,0.043,0.882,-0.529,0.032,-0.101,-0.394,113.383,0.164,1.029,0.408,1,1,3.932
1777577492917,-0.020,0.940,-0.481,0.054,-0.133,-0.408,113.546,0.204,1.056,0.432,1,1,3.442
1777577492931,-0.031,0.902,-0.498,0.068,-0.182,-0.413,113.780,0.272,1.030,0.456,1,1,3.298
1777577492944,-0.069,0.898,-0.517,0.098,-0.238,-0.393,114.049,0.427,1.038,0.470,1,1,3.261
1777577492957,-0.108,0.916,-0.498,0.117,-0.248,-0.348,114.245,0.667,1.048,0.443,1,1,3.259
1777577492971,-0.137,0.922,-0.522,0.136,-0.232,-0.280,114.476,0.960,1.069,0.388,4,4,3.951
1777577492985,-0.268,0.885,-0.559,0.102,-0.185,-0.176,114.816,1.546,1.081,0.275,4,4,3.275
1777577492998,-0.208,0.930,-0.549,0.088,-0.128,-0.089,115.067,1.954,1.100,0.179,4,4,3.266
1777577493012,-0.227,0.904,-0.542,0.063,-0.067,0.014,115.325,2.401,1.079,0.093,4,4,3.459
1777577493027,-0.147,0.922,-0.534,0.039,-0.028,0.087,115.533,2.640,1.076,0.099,4,4,5.730
1777577493041,-0.113,0.910,-0.542,0.030,-0.002,0.115,115.761,2.790,1.065,0.119,4,4,3.940
1777577493057,-0.073,0.907,-0.536,0.021,0.010,0.111,115.971,2.843,1.056,0.113,4,4,5.504
1777577493070,-0.047,0.955,-0.529,0.028,0.007,0.104,116.103,2.825,1.093,0.108,4,4,3.261
1777577493084,-0.037,0.920,-0.521,0.040,0.015,0.096,116.252,2.789,1.058,0.105,4,4,3.269
1777577493097,-0.068,0.910,-0.539,0.030,0.020,0.115,116.443,2.827,1.060,0.120,4,4,3.266
1777577493111,-0.034,0.934,-0.536,0.028,0.015,0.134,116.593,2.783,1.078,0.137,4,4,3.924
1777577493125,-0.113,1.002,-0.528,0.106,0.031,0.105,116.646,2.910,1.138,0.152,4,4,3.294
1777577493138,-0.223,1.187,-0.548,0.183,0.046,0.160,116.565,3.205,1.326,0.247,4,4,3.257
1777577493152,-0.063,0.933,-0.557,0.272,0.072,0.226,116.753,3.211,1.088,0.360,4,4,4.178
1777577493166,-0.082,1.044,-0.542,0.308,0.071,0.266,116.781,3.246,1.179,0.413,4,4,3.264
1777577493179,-0.112,1.045,-0.546,0.354,0.093,0.300,116.817,3.341,1.185,0.473,4,4,3.925
1777577493193,-0.065,1.075,-0.552,0.415,0.088,0.270,116.832,3.329,1.211,0.503,4,4,3.287
1777577493206,-0.108,1.176,-0.552,0.501,0.093,0.251,116.759,3.391,1.304,0.568,4,4,3.252
1777577493221,-0.019,1.187,-0.561,0.607,0.101,0.188,116.695,3.278,1.313,0.643,4,4,4.425
1777577493234,-0.009,1.200,-0.550,0.737,0.080,0.128,116.604,3.151,1.320,0.753,4,4,3.261
1777577493248,0.010,1.118,-0.557,0.825,0.054,0.105,116.599,2.993,1.249,0.834,4,4,3.934
1777577493262,-0.004,1.105,-0.579,0.921,0.033,0.087,116.646,2.870,1.248,0.926,4,4,3.265
1777577493275,0.021,1.208,-0.551,1.032,0.007,0.056,116.553,2.704,1.328,1.033,4,4,3.266
1777577493293,0.044,1.201,-0.579,1.196,-0.036,0.040,116.518,2.503,1.334,1.197,4,4,6.510
1777577493306,-0.001,1.153,-0.572,1.310,-0.050,0.029,116.513,2.396,1.287,1.311,4,4,3.262
1777577493322,-0.058,1.209,-0.577,1.453,-0.060,0.060,116.469,2.400,1.341,1.455,4,4,6.723
1777577493337,-0.100,1.151,-0.578,1.644,-0.059,0.051,116.478,2.489,1.292,1.646,4,4,3.296
1777577493351,-0.080,1.179,-0.577,1.832,-0.014,0.015,116.460,2.533,1.315,1.832,4,4,4.171
1777577493364,-0.050,1.239,-0.593,2.035,0.004,-0.001,116.422,2.514,1.374,2.035,4,4,3.274
1777577493378,-0.054,1.473,-0.626,2.309,0.051,0.002,116.273,2.489,1.601,2.309,4,4,3.291
1777577493391,0.022,1.670,-0.663,2.501,0.077,-0.066,116.071,2.349,1.796,2.503,4,4,3.894
1777577493405,-0.122,1.730,-0.767,2.501,0.083,-0.042,115.976,2.407,1.896,2.503,4,4,3.245
1777577493420,-0.009,1.573,-0.931,2.501,0.113,-0.140,116.180,2.314,1.828,2.508,4,4,4.599
1777577493433,-0.051,1.414,-0.961,2.501,0.177,-0.013,116.531,2.287,1.711,2.508,4,4,3.262
1777577493446,0.191,1.087,-1.176,2.501,0.064,0.237,117.437,1.890,1.613,2.513,4,4,3.269
1777577493460,-0.076,0.938,-1.100,2.501,0.124,0.259,118.405,1.939,1.447,2.518,4,4,3.885
1777577493474,0.072,0.840,-0.914,2.501,0.157,0.796,119.236,1.710,1.244,2.630,4,4,3.287
1777577493487,0.144,0.643,-0.707,2.501,0.074,1.336,120.044,1.260,0.966,2.837,4,4,3.312
1777577493501,0.476,0.773,-0.523,2.501,-0.262,1.683,120.222,0.023,1.047,3.026,4,4,3.268
1777577493514,0.474,1.265,-0.463,2.501,-0.856,1.600,119.779,-0.824,1.428,3.090,4,4,3.317
1777577493528,-0.226,-0.286,-0.642,2.454,-0.971,1.458,107.719,-0.010,0.738,3.015,4,4,3.928
1777577493542,-0.217,-0.525,-0.569,1.673,-0.890,1.261,97.003,0.674,0.804,2.276,4,4,3.259
1777577493555,-0.467,-0.638,-0.397,0.891,-0.620,0.639,87.429,2.038,0.885,1.260,4,4,3.272
1777577493568,-0.347,-0.478,-0.305,0.172,-0.314,-0.201,78.246,3.325,0.665,0.411,4,4,3.262
1777577493586,-0.287,-0.220,-0.229,-0.385,-0.039,-0.988,68.873,5.019,0.428,1.061,4,4,7.675
1777577493600,-0.215,0.017,-0.187,-0.895,0.208,-1.368,73.508,6.936,0.286,1.648,4,4,3.950
1777577493614,-0.142,0.079,-0.182,-1.211,0.342,-1.334,77.136,8.190,0.244,1.834,4,4,3.268
1777577493627,-0.053,0.078,-0.168,-1.517,0.392,-1.124,80.548,8.532,0.192,1.928,4,4,3.331
1777577493641,0.053,0.067,-0.207,-1.860,0.347,-0.821,84.108,7.560,0.224,2.062,4,4,3.297
1777577493654,0.078,0.032,-0.230,-2.264,0.266,-0.562,87.951,6.422,0.245,2.348,4,4,3.278
1777577493667,0.112,0.287,-0.246,-2.501,0.140,-0.419,89.818,5.420,0.394,2.540,4,4,3.936
1777577493682,0.188,0.575,-0.323,-2.501,-0.049,-0.370,91.109,4.488,0.685,2.529,4,4,3.341
1777577493695,0.165,0.666,-0.456,-2.501,-0.227,-0.349,92.565,3.788,0.824,2.536,4,4,3.258
1777577493708,0.085,0.619,-0.569,-2.492,-0.371,-0.294,94.315,3.370,0.845,2.536,4,4,3.248
1777577493722,0.028,0.477,-0.612,-2.501,-0.476,-0.192,96.402,3.131,0.776,2.553,4,4,3.268
1777577493735,-0.036,0.547,-0.630,-2.501,-0.529,-0.059,98.268,3.103,0.835,2.557,5,5,3.885
1777577493749,-0.110,0.654,-0.649,-2.501,-0.516,0.072,99.866,3.266,0.928,2.555,5,5,3.264
1777577493762,-0.155,0.675,-0.656,-2.501,-0.448,0.116,101.366,3.531,0.954,2.544,5,5,3.254
1777577493776,-0.238,0.730,-0.637,-2.501,-0.321,0.073,102.668,3.979,0.998,2.523,5,5,3.279
1777577493789,-0.296,0.879,-0.630,-2.501,-0.132,0.040,103.671,4.475,1.121,2.505,5,5,3.279
1777577493802,-0.289,0.981,-0.607,-2.501,0.069,0.074,104.461,4.895,1.190,2.503,5,5,3.930
1777577493816,-0.212,0.995,-0.611,-2.501,0.241,0.160,105.208,5.131,1.186,2.518,5,5,3.275
1777577493834,-0.084,0.977,-0.611,-2.501,0.363,0.196,105.944,5.089,1.156,2.535,5,5,3.279
1777577493847,0.044,1.020,-0.604,-2.501,0.347,0.125,106.587,4.773,1.186,2.528,5,5,3.321
1777577493861,0.153,1.114,-0.620,-2.501,0.235,0.011,107.134,4.266,1.284,2.512,5,5,3.267
1777577493874,0.213,1.235,-0.686,-2.501,0.086,0.014,107.655,3.704,1.429,2.503,5,5,3.953
1777577493889,0.203,1.394,-0.766,-2.501,-0.045,0.151,108.141,3.224,1.604,2.506,5,5,3.421
1777577493902,0.168,1.580,-0.871,-2.501,-0.142,0.326,108.610,2.850,1.812,2.527,5,5,3.249
1777577493916,0.048,1.691,-1.028,-2.501,-0.182,0.463,109.165,2.665,1.979,2.550,5,5,4.354
1777577493930,-0.117,1.685,-1.186,-2.501,-0.145,0.501,109.863,2.690,2.063,2.555,5,5,3.485
1777577493943,-0.189,1.623,-1.337,-2.501,-0.061,0.400,110.721,2.797,2.111,2.534,5,5,3.906
1777577493957,-0.172,1.510,-1.451,-2.501,0.031,0.181,111.732,2.880,2.102,2.508,5,5,3.262
1777577493971,-0.012,1.491,-1.514,-2.280,0.075,-0.007,112.769,2.769,2.125,2.281,5,5,3.255
1777577493984,0.186,1.311,-1.619,-1.810,0.022,0.024,114.004,2.425,2.091,1.810,5,5,3.283
1777577493997,0.156,1.051,-1.735,-1.384,-0.120,0.460,115.525,2.127,2.034,1.463,5,5,3.271
1777577494011,-0.127,0.920,-1.770,-0.947,-0.230,0.717,117.144,2.193,1.998,1.210,1,1,3.957
1777577494025,-0.533,0.823,-1.766,-0.425,-0.194,0.394,118.800,2.766,2.020,0.611,1,1,3.272
1777577494038,-0.033,2.525,-1.922,0.370,-0.258,-1.545,119.171,2.671,3.173,1.610,1,1,3.262
1777577494052,1.183,1.112,-1.426,1.974,-0.440,-0.400,120.171,1.103,2.161,2.062,1,1,3.279
1777577494065,-1.023,1.234,-0.020,1.973,-0.219,-0.389,118.892,2.789,1.603,2.023,1,1,3.259
1777577494078,-0.011,1.322,0.490,2.331,-0.291,-0.296,116.740,2.687,1.410,2.368,1,1,3.978
1777577494092,0.195,0.933,-0.232,2.452,-0.181,-0.492,116.181,2.069,0.981,2.507,1,1,3.268
1777577494106,-0.202,0.915,-0.297,2.357,-0.009,-0.446,115.823,2.497,0.983,2.399,1,1,3.256
1777577494119,-0.077,0.851,-0.572,2.077,0.118,-0.244,116.176,2.576,1.028,2.094,1,1,3.272
1777577494132,-0.095,0.790,-0.582,1.776,0.082,-0.148,116.622,2.705,0.986,1.784,1,1,3.269
1777577494146,-0.155,0.702,-0.622,1.493,0.081,-0.147,117.275,2.995,0.951,1.502,1,1,3.980
1777577494160,-0.070,0.659,-0.676,1.110,0.124,-0.141,118.082,3.051,0.947,1.125,1,1,3.540
1777577494174,-0.133,0.815,-0.601,0.885,0.123,-0.132,118.445,3.245,1.021,0.904,1,1,3.276
1777577494187,-0.030,0.878,-0.511,0.770,0.076,-0.147,118.523,3.176,1.016,0.788,1,1,3.274
1777577494200,0.105,0.330,-0.962,0.467,-0.086,-0.171,120.382,2.778,1.022,0.505,1,1,3.261
1777577494214,-0.084,0.808,-0.555,0.306,-0.042,-0.066,120.562,2.871,0.984,0.315,1,1,3.979
1777577494228,-0.126,0.899,-0.565,0.220,-0.064,-0.060,120.631,3.042,1.069,0.237,1,1,3.271
1777577494241,-0.129,0.919,-0.535,0.133,-0.000,0.029,120.612,3.211,1.071,0.136,1,1,3.266
1777577494255,-0.093,0.952,-0.488,0.123,-0.004,0.044,120.460,3.289,1.074,0.131,1,1,3.267
1777577494268,-0.157,0.935,-0.512,0.111,0.003,0.087,120.383,3.510,1.078,0.142,1,1,3.274
1777577494281,-0.099,0.928,-0.505,0.112,0.035,0.107,120.304,3.591,1.061,0.158,1,1,3.961
1777577494295,-0.084,0.940,-0.502,0.105,0.054,0.110,120.207,3.632,1.069,0.161,1,1,3.264
1777577494309,-0.097,0.914,-0.521,0.086,0.078,0.113,120.184,3.704,1.056,0.162,1,1,3.276
1777577494322,-0.064,0.916,-0.517,0.082,0.076,0.111,120.151,3.694,1.054,0.157,1,1,3.262
1777577494335,-0.012,0.928,-0.518,0.073,0.071,0.083,120.107,3.560,1.063,0.131,1,1,3.260
1777577494354,-0.039,0.883,-0.515,0.044,0.058,0.052,120.115,3.501,1.023,0.090,1,1,3.988
1777577494368,-0.063,0.881,-0.514,0.028,0.055,0.044,120.121,3.502,1.022,0.075,1,1,3.266
1777577494381,-0.055,0.914,-0.500,0.024,0.040,0.042,120.059,3.482,1.043,0.063,1,1,3.286
1777577494395,-0.015,0.911,-0.506,0.021,0.034,0.020,120.014,3.366,1.042,0.045,1,1,3.262
1777577494408,-0.013,0.907,-0.515,0.027,0.021,-0.001,119.994,3.252,1.043,0.034,1,1,3.312
1777577494422,-0.040,0.935,-0.490,0.029,0.015,-0.009,119.892,3.204,1.056,0.034,1,1,3.907
1777577494438,-0.055,0.907,-0.514,0.024,0.015,-0.011,119.876,3.197,1.044,0.030,1,1,5.414
1777577494451,-0.088,0.914,-0.521,0.021,0.025,0.006,119.868,3.266,1.056,0.033,1,1,3.266
1777577494465,-0.069,0.917,-0.510,0.023,0.032,0.018,119.834,3.288,1.051,0.043,1,1,3.263
1777577494478,-0.049,0.929,-0.509,0.024,0.038,0.019,119.785,3.260,1.061,0.049,1,1,3.262
1777577494491,-0.066,0.941,-0.504,0.024,0.040,0.018,119.713,3.272,1.070,0.050,1,1,3.996
1777577494506,-0.060,0.918,-0.512,0.025,0.037,0.022,119.687,3.270,1.053,0.050,1,1,3.275
1777577494519,-0.032,0.951,-0.495,0.034,0.035,0.024,119.591,3.203,1.072,0.054,1,1,3.281
1777577494532,-0.069,0.928,-0.522,0.048,0.032,0.039,119.580,3.225,1.067,0.070,1,1,3.272
1777577494549,-0.061,0.933,-0.511,0.053,0.030,0.047,119.543,3.227,1.066,0.077,1,1,3.280
1777577494562,-0.073,0.896,-0.538,0.053,0.030,0.065,119.606,3.261,1.048,0.089,5,5,3.956
1777577494579,-0.076,0.900,-0.528,0.057,0.034,0.095,119.641,3.300,1.046,0.116,5,5,6.054
1777577494592,-0.066,0.903,-0.525,0.050,0.040,0.116,119.664,3.315,1.046,0.132,5,5,3.270
1777577494606,-0.060,0.936,-0.518,0.062,0.040,0.136,119.633,3.311,1.072,0.154,5,5,3.277
1777577494619,-0.065,0.933,-0.530,0.068,0.042,0.165,119.633,3.317,1.075,0.183,5,5,3.267
1777577494632,-0.032,0.948,-0.540,0.083,0.041,0.201,119.635,3.247,1.092,0.221,1,1,3.928
1777577494646,-0.017,1.004,-0.503,0.133,0.036,0.187,119.501,3.142,1.123,0.233,1,1,3.276
1777577494660,-0.010,0.924,-0.545,0.132,0.035,0.191,119.546,3.028,1.073,0.235,1,1,3.263
1777577494673,-0.020,0.986,-0.530,0.154,0.037,0.169,119.490,2.940,1.119,0.231,1,1,3.275
1777577494687,0.000,0.920,-0.547,0.168,0.032,0.153,119.544,2.811,1.070,0.230,1,1,3.283
1777577494700,0.052,1.014,-0.504,0.206,0.019,0.134,119.407,2.574,1.134,0.247,5,5,3.929
1777577494714,-0.000,0.925,-0.539,0.226,0.024,0.149,119.443,2.462,1.071,0.271,5,5,3.266
1777577494727,-0.001,0.968,-0.535,0.243,0.024,0.147,119.422,2.358,1.106,0.285,5,5,3.255
1777577494741,-0.007,0.955,-0.570,0.264,0.031,0.165,119.483,2.271,1.112,0.313,5,5,3.291
1777577494754,-0.008,1.004,-0.551,0.311,0.030,0.183,119.451,2.188,1.146,0.362,5,5,3.263
1777577494767,-0.010,0.998,-0.544,0.333,0.033,0.173,119.415,2.116,1.137,0.376,5,5,3.937
1777577494781,-0.000,0.990,-0.559,0.390,0.041,0.188,119.416,2.024,1.137,0.435,5,5,3.272
1777577494795,-0.031,0.950,-0.556,0.407,0.054,0.171,119.457,2.005,1.101,0.445,5,5,3.263
1777577494808,-0.057,0.910,-0.580,0.426,0.072,0.199,119.591,2.051,1.081,0.475,5,5,3.274
1777577494821,-0.039,0.987,-0.588,0.439,0.089,0.216,119.643,2.046,1.149,0.498,5,5,3.256
1777577494835,-0.008,1.028,-0.578,0.492,0.096,0.223,119.631,1.974,1.180,0.549,5,5,4.014
1777577494849,0.065,1.160,-0.598,0.575,0.103,0.201,119.527,1.763,1.306,0.617,5,5,3.284
1777577494862,0.027,1.107,-0.599,0.679,0.089,0.206,119.478,1.632,1.259,0.715,5,5,3.357
1777577494876,0.050,1.014,-0.615,0.742,0.071,0.196,119.556,1.455,1.187,0.771,5,5,3.383
1777577494889,0.076,1.050,-0.623,0.817,0.061,0.172,119.605,1.236,1.223,0.837,5,5,3.281
1777577494903,0.151,1.083,-0.636,0.903,0.025,0.140,119.640,0.882,1.265,0.914,4,4,3.947
1777577494917,0.127,1.083,-0.596,1.009,0.018,0.123,119.605,0.586,1.243,1.017,4,4,3.256
1777577494930,0.084,1.084,-0.633,1.088,-0.003,0.098,119.634,0.394,1.259,1.092,4,4,3.311
1777577494944,-0.003,1.111,-0.622,1.209,-0.004,0.076,119.617,0.383,1.274,1.212,4,4,3.247
1777577494957,0.102,1.004,-0.665,1.312,-0.025,0.021,119.787,0.155,1.209,1.313,4,4,3.262
1777577494970,0.090,1.154,-0.629,1.459,-0.042,0.001,119.735,-0.023,1.317,1.460,4,4,3.850
1777577494984,0.055,1.186,-0.674,1.606,-0.031,-0.023,119.729,-0.123,1.365,1.606,4,4,3.273
1777577494998,0.123,1.175,-0.681,1.774,-0.042,-0.087,119.746,-0.344,1.364,1.776,4,4,3.325
1777577495011,0.191,1.268,-0.689,1.966,-0.031,-0.131,119.693,-0.660,1.456,1.971,4,4,3.287
1777577495025,0.090,1.219,-0.690,2.137,-0.015,-0.145,119.685,-0.791,1.404,2.142,4,4,3.319
1777577495039,0.029,1.192,-0.695,2.321,0.005,-0.153,119.708,-0.809,1.380,2.326,4,4,4.027
1777577495053,0.045,1.122,-0.699,2.499,-0.007,-0.119,119.805,-0.860,1.323,2.502,4,4,3.263
1777577495069,-0.001,1.050,-0.774,2.501,0.032,-0.168,120.093,-0.819,1.304,2.507,4,4,4.756
1777577495082,-0.011,1.122,-0.909,2.501,0.049,-0.098,120.484,-0.765,1.444,2.504,4,4,3.264
1777577495097,0.100,0.990,-0.948,2.501,0.096,0.183,121.065,-0.913,1.374,2.510,4,4,4.359
1777577495110,0.010,1.098,-0.978,2.501,0.100,0.579,121.529,-0.891,1.470,2.569,4,4,3.894
1777577495124,-0.074,0.978,-1.186,2.501,0.164,0.967,122.358,-0.730,1.539,2.687,4,4,3.257
1777577495137,0.090,0.487,-1.167,2.501,0.179,1.413,123.889,-0.877,1.268,2.879,4,4,3.263
1777577495151,0.249,0.658,-1.158,2.501,0.026,1.608,125.047,-1.302,1.355,2.974,4,4,3.256
1777577495164,0.294,0.528,-1.087,2.501,-0.193,1.469,126.318,-1.844,1.244,2.907,4,4,3.278
1777577495177,0.343,0.399,-1.038,2.484,-0.497,1.279,127.747,-2.513,1.164,2.838,4,4,3.879
1777577495191,0.339,0.132,-0.949,2.284,-0.818,0.909,129.686,-3.254,1.016,2.591,4,4,3.263
1777577495205,0.331,-0.627,-1.511,2.476,-1.264,0.808,117.128,-3.612,1.669,2.895,4,4,3.318
1777577495218,-0.443,-0.539,-1.017,1.549,-1.155,0.609,105.355,-2.534,1.234,2.026,4,4,3.248
1777577495231,-0.339,-0.447,-0.976,0.897,-1.097,0.114,93.952,-1.657,1.125,1.421,4,4,3.258
1777577495245,-0.496,0.237,-1.094,0.707,-0.926,-0.414,97.181,-0.539,1.224,1.236,4,4,3.877
1777577495259,-0.488,0.229,-0.969,0.682,-0.710,-0.717,100.223,0.626,1.109,1.218,4,4,3.268
1777577495272,-0.456,0.124,-0.862,0.633,-0.494,-0.779,103.354,1.807,0.983,1.119,4,4,3.258
1777577495286,-0.391,0.063,-0.728,0.510,-0.290,-0.793,106.488,2.959,0.829,0.987,4,4,3.251
1777577495299,-0.375,-0.073,-0.583,0.302,-0.103,-0.819,94.273,4.251,0.697,0.879,4,4,3.280
1777577495312,-0.291,-0.124,-0.440,0.034,0.052,-0.892,82.967,5.484,0.542,0.894,4,4,3.892
1777577495326,-0.195,-0.167,-0.353,-0.278,0.164,-0.928,72.577,6.407,0.436,0.983,4,4,3.274
1777577495340,-0.131,-0.109,-0.274,-0.555,0.231,-0.835,62.483,7.173,0.323,1.029,4,4,3.258
1777577495353,-0.047,-0.071,-0.215,-0.805,0.239,-0.528,52.678,7.368,0.231,0.992,4,4,3.247
1777577495366,0.040,-0.116,-0.199,-1.084,0.197,-0.187,43.825,6.615,0.234,1.118,4,4,3.268
1777577495382,0.090,-0.171,-0.181,-1.451,0.078,0.107,35.937,5.458,0.265,1.457,1,1,4.010
1777577495396,0.158,-0.313,-0.167,-1.949,-0.079,0.206,29.202,4.166,0.388,1.961,1,1,3.904
1777577495410,0.152,-0.484,-0.121,-2.501,-0.278,0.143,23.377,3.241,0.521,2.521,1,1,3.261
1777577495425,0.135,-0.540,-0.063,-2.501,-0.520,-0.054,18.125,2.490,0.560,2.555,1,1,5.438
1777577495439,0.128,-0.397,0.030,-2.501,-0.736,-0.188,13.585,1.600,0.419,2.614,1,1,3.265
1777577495452,-0.029,0.059,0.035,-2.501,-0.895,-0.066,15.587,2.514,0.075,2.658,5,5,3.894
1777577495466,-0.168,0.517,0.009,-2.501,-0.916,0.312,18.796,3.194,0.544,2.682,5,5,3.259
1777577495479,-0.171,0.830,-0.082,-2.501,-0.825,0.675,22.157,3.562,0.851,2.719,5,5,3.256
1777577495493,-0.141,1.001,-0.193,-2.501,-0.669,0.956,25.600,3.751,1.029,2.760,5,5,3.261
1777577495506,-0.148,1.016,-0.333,-2.501,-0.536,1.119,29.210,3.932,1.079,2.792,5,5,3.257
1777577495519,-0.125,1.019,-0.424,-2.501,-0.454,0.972,32.857,4.043,1.110,2.722,5,5,3.899
1777577495533,-0.088,0.955,-0.476,-2.501,-0.425,0.588,36.514,4.073,1.070,2.605,5,5,3.256
1777577495547,-0.010,0.923,-0.448,-2.501,-0.468,0.333,39.986,3.920,1.026,2.566,5,5,3.248
1777577495560,-0.033,1.413,-0.606,-2.501,-0.536,0.429,43.188,3.802,1.538,2.594,5,5,3.301
1777577495574,-0.078,1.606,-0.776,-2.501,-0.539,0.575,46.363,3.745,1.785,2.622,5,5,3.253
1777577495587,-0.206,1.591,-0.920,-2.501,-0.463,0.506,49.586,3.861,1.849,2.594,5,5,4.027
1777577495601,-0.322,1.570,-1.026,-2.501,-0.270,0.129,52.803,4.118,1.903,2.519,5,5,3.264
1777577495614,-0.358,1.725,-1.081,-2.501,-0.051,-0.075,55.832,4.374,2.067,2.503,5,5,3.255
1777577495628,-0.356,1.980,-1.238,-2.501,0.162,0.136,58.727,4.561,2.362,2.510,5,5,3.303
1777577495641,-0.260,1.963,-1.389,-2.501,0.235,0.396,61.637,4.632,2.419,2.544,5,5,3.272
1777577495655,-0.355,1.961,-1.623,-2.501,0.310,0.356,64.610,4.777,2.571,2.545,5,5,4.647
1777577495669,-0.495,1.836,-1.841,-2.480,0.457,-0.012,67.692,5.039,2.646,2.521,5,5,3.268
1777577495683,-0.441,1.551,-1.978,-1.988,0.652,-0.416,70.937,5.254,2.551,2.134,5,5,3.254
1777577495696,-0.290,1.526,-1.953,-1.343,0.823,-0.561,74.045,5.316,2.496,1.672,5,5,3.292
1777577495710,-0.032,1.124,-2.014,-0.707,0.839,-0.157,77.403,5.118,2.307,1.109,5,5,3.332
1777577495723,-3.051,4.000,-2.107,0.891,1.281,1.037,79.169,6.382,5.454,1.873,5,5,3.973
1777577495740,-0.033,-0.173,-1.515,0.975,0.718,1.323,68.120,6.157,1.526,1.793,5,5,3.266
1777577495753,0.986,1.852,0.507,0.942,0.348,1.111,68.407,4.699,2.159,1.497,5,5,3.290
1777577495766,1.062,1.478,0.706,1.716,-0.674,0.181,68.235,3.051,1.952,1.853,5,5,3.263
1777577495780,-0.240,1.003,-0.022,1.971,-0.616,0.060,69.243,3.506,1.032,2.066,5,5,3.261
1777577495797,0.013,0.876,-0.233,1.854,-0.251,-0.018,70.803,3.318,0.907,1.871,1,1,3.941
1777577495811,-0.005,0.885,-0.375,1.697,0.029,-0.201,72.646,3.186,0.961,1.709,1,1,3.252
1777577495827,0.078,0.919,-0.382,1.547,0.087,-0.323,74.393,2.850,0.998,1.583,1,1,6.661
1777577495841,-0.122,0.907,-0.448,1.328,0.156,-0.270,76.224,3.026,1.019,1.364,1,1,3.257
1777577495856,-0.075,0.950,-0.425,1.221,0.071,-0.184,77.881,3.073,1.044,1.237,1,1,5.461
1777577495870,-0.214,0.900,-0.490,1.066,0.080,-0.052,79.660,3.455,1.046,1.070,1,1,3.945
1777577495885,-0.146,0.891,-0.502,0.937,0.130,0.031,81.399,3.660,1.033,0.947,1,1,4.045
1777577495898,-0.162,0.836,-0.594,0.785,0.190,0.094,83.322,3.894,1.038,0.813,1,1,3.346
1777577495911,-0.010,0.884,-0.524,0.628,0.132,0.114,84.955,3.747,1.028,0.652,1,1,3.276
1777577495925,-0.083,0.887,-0.497,0.532,0.153,0.106,86.455,3.788,1.020,0.564,1,1,3.283
1777577495938,0.000,0.950,-0.439,0.499,0.129,0.075,87.695,3.622,1.047,0.521,1,1,3.937
1777577495953,-0.012,0.945,-0.504,0.533,0.180,-0.023,89.023,3.493,1.071,0.563,1,1,4.180
1777577495967,-0.112,0.832,-0.605,0.365,0.072,-0.018,90.641,3.612,1.035,0.373,1,1,3.265
1777577495980,0.050,0.910,-0.524,0.281,0.023,-0.050,91.922,3.334,1.052,0.286,1,1,3.260
1777577495993,-0.079,0.946,-0.496,0.261,-0.029,-0.048,93.048,3.373,1.071,0.268,1,1,3.266
1777577496007,-0.073,0.936,-0.514,0.233,-0.014,-0.042,94.174,3.397,1.070,0.237,1,1,3.890
1777577496021,-0.105,0.935,-0.511,0.208,-0.018,-0.019,95.246,3.494,1.071,0.210,1,1,3.301
1777577496034,-0.102,0.940,-0.514,0.176,0.003,0.032,96.270,3.578,1.076,0.179,1,1,3.254
1777577496048,-0.093,0.917,-0.512,0.144,0.017,0.057,97.272,3.644,1.054,0.156,1,1,3.251
1777577496061,-0.074,0.949,-0.486,0.134,0.027,0.079,98.140,3.658,1.069,0.158,1,1,3.280
1777577496074,-0.047,0.920,-0.497,0.109,0.061,0.071,99.025,3.611,1.047,0.143,1,1,3.895
1777577496089,-0.021,0.893,-0.521,0.089,0.055,0.051,99.953,3.504,1.034,0.116,1,1,3.272
1777577496102,-0.012,0.917,-0.496,0.081,0.039,0.031,100.760,3.380,1.043,0.096,1,1,3.251
1777577496117,-0.022,0.921,-0.511,0.071,0.022,0.004,101.558,3.285,1.053,0.074,1,1,4.183
1777577496130,-0.030,0.918,-0.497,0.064,0.012,-0.012,102.296,3.214,1.045,0.066,1,1,3.261
1777577496143,-0.047,0.916,-0.518,0.051,0.011,-0.013,103.049,3.185,1.053,0.053,1,1,3.932
1777577496157,-0.036,0.906,-0.525,0.038,0.010,-0.014,103.795,3.131,1.047,0.042,1,1,3.281
1777577496171,-0.056,0.907,-0.509,0.030,0.014,-0.004,104.473,3.130,1.042,0.033,1,1,3.264
1777577496186,-0.059,0.916,-0.511,0.025,0.012,0.008,105.117,3.133,1.051,0.028,1,1,4.644
1777577496199,-0.059,0.917,-0.513,0.017,0.017,0.010,105.735,3.136,1.052,0.026,1,1,3.260
1777577496212,-0.057,0.909,-0.504,0.017,0.018,0.015,106.315,3.137,1.041,0.030,1,1,3.933
1777577496226,-0.052,0.925,-0.499,0.013,0.017,0.012,106.841,3.124,1.052,0.024,1,1,3.267
1777577496240,-0.031,0.923,-0.507,0.017,0.009,0.005,107.363,3.061,1.053,0.020,1,1,3.264
1777577496257,-0.015,0.933,-0.491,0.022,0.002,-0.011,107.818,2.964,1.054,0.024,1,1,6.370
1777577496270,-0.044,0.918,-0.507,0.019,-0.003,-0.012,108.303,2.940,1.050,0.023,1,1,3.252
1777577496283,-0.040,0.933,-0.512,0.016,-0.008,-0.006,108.761,2.906,1.065,0.019,1,1,3.945
1777577496300,-0.047,0.931,-0.500,0.034,-0.012,0.001,109.176,2.889,1.058,0.036,1,1,3.261
1777577496314,-0.035,0.931,-0.529,0.039,-0.019,0.000,109.631,2.844,1.071,0.043,1,1,3.958
1777577496327,-0.017,0.949,-0.499,0.051,-0.020,0.004,109.986,2.760,1.072,0.055,1,1,3.270
1777577496340,-0.029,0.928,-0.507,0.055,-0.023,0.012,110.364,2.708,1.058,0.061,1,1,3.257
1777577496356,-0.037,0.943,-0.516,0.060,-0.021,0.021,110.728,2.675,1.076,0.067,1,1,3.943
1777577496370,-0.038,0.959,-0.517,0.078,-0.018,0.042,111.060,2.646,1.091,0.090,1,1,3.256
1777577496386,-0.087,0.976,-0.527,0.118,-0.015,0.055,111.380,2.725,1.112,0.132,1,1,6.050
1777577496399,-0.115,1.068,-0.504,0.188,0.004,0.074,111.550,2.849,1.187,0.202,1,1,3.263
1777577496414,-0.011,0.987,-0.503,0.214,0.010,0.088,111.789,2.749,1.108,0.232,1,1,4.082
1777577496427,-0.056,0.941,-0.516,0.229,0.020,0.125,112.092,2.760,1.075,0.262,1,1,3.988
1777577496441,-0.062,0.949,-0.536,0.245,0.032,0.145,112.414,2.781,1.092,0.287,1,1,3.279
1777577496455,-0.041,0.969,-0.536,0.260,0.034,0.158,112.700,2.752,1.108,0.307,1,1,3.273
1777577496468,0.004,0.939,-0.553,0.283,0.033,0.172,113.040,2.622,1.090,0.332,1,1,3.268
1777577496483,-0.020,0.964,-0.552,0.321,0.031,0.154,113.336,2.553,1.111,0.357,1,1,4.085
1777577496496,0.025,0.954,-0.547,0.338,0.019,0.118,113.620,2.385,1.100,0.359,4,4,3.932
1777577496510,0.007,0.981,-0.562,0.367,0.019,0.093,113.890,2.265,1.130,0.380,4,4,3.302
1777577496524,-0.015,0.979,-0.585,0.408,0.025,0.066,114.196,2.198,1.141,0.414,4,4,3.251
1777577496537,-0.017,0.938,-0.602,0.415,0.022,0.048,114.567,2.139,1.114,0.418,4,4,3.251
1777577496553,-0.068,0.935,-0.594,0.442,0.032,0.053,114.912,2.199,1.110,0.446,4,4,6.126
1777577496566,-0.042,0.936,-0.600,0.461,0.038,0.058,115.251,2.197,1.112,0.466,4,4,3.843
1777577496580,-0.018,0.936,-0.608,0.480,0.042,0.071,115.590,2.141,1.116,0.487,4,4,3.250
1777577496594,0.015,1.003,-0.609,0.523,0.044,0.063,115.838,2.015,1.173,0.529,4,4,3.270
1777577496607,0.034,0.944,-0.629,0.556,0.027,0.058,116.180,1.851,1.135,0.560,4,4,3.248
1777577496621,0.008,0.974,-0.629,0.599,0.021,0.041,116.473,1.753,1.160,0.601,4,4,3.260
1777577496634,-0.001,0.941,-0.652,0.639,0.014,0.041,116.833,1.679,1.145,0.640,4,4,3.955
1777577496648,0.034,0.906,-0.661,0.661,-0.006,0.013,117.238,1.530,1.122,0.661,4,4,3.313
1777577496661,0.096,0.994,-0.645,0.720,-0.027,-0.019,117.490,1.260,1.189,0.721,4,4,3.258
1777577496675,0.065,0.928,-0.657,0.765,-0.047,-0.039,117.831,1.063,1.139,0.768,4,4,3.264
1777577496688,0.078,0.949,-0.682,0.808,-0.070,-0.087,118.176,0.850,1.171,0.816,4,4,3.266
1777577496702,0.029,0.996,-0.681,0.867,-0.071,-0.097,118.445,0.753,1.207,0.875,4,4,3.932
1777577496718,0.046,1.002,-0.701,0.961,-0.098,-0.129,118.732,0.626,1.224,0.975,4,4,3.300
1777577496731,0.044,0.954,-0.677,1.044,-0.101,-0.162,119.022,0.504,1.171,1.061,4,4,3.280
1777577496744,-0.042,0.975,-0.721,1.116,-0.104,-0.173,119.348,0.569,1.214,1.134,4,4,3.281
1777577496758,-0.052,0.984,-0.684,1.220,-0.103,-0.189,119.586,0.653,1.200,1.238,4,4,3.265
1777577496771,-0.091,0.895,-0.791,1.272,-0.111,-0.217,120.107,0.816,1.198,1.295,4,4,3.925
1777577496785,0.027,0.892,-0.747,1.375,-0.140,-0.254,120.537,0.723,1.164,1.405,4,4,3.266
1777577496799,0.081,0.876,-0.741,1.457,-0.148,-0.266,120.961,0.515,1.150,1.489,4,4,3.254
1777577496812,0.038,0.876,-0.751,1.529,-0.139,-0.272,121.383,0.410,1.155,1.560,4,4,3.302
1777577496825,0.076,0.740,-0.788,1.589,-0.136,-0.271,122.057,0.216,1.083,1.618,4,4,3.277
1777577496839,0.074,0.790,-0.796,1.653,-0.123,-0.256,122.633,0.041,1.124,1.677,4,4,3.941
1777577496853,-0.007,0.634,-0.822,1.707,-0.097,-0.247,123.495,0.057,1.038,1.727,4,4,3.263
1777577496866,-0.105,0.736,-0.887,1.775,-0.055,-0.226,124.230,0.282,1.157,1.790,4,4,3.256
1777577496882,-0.111,0.616,-0.928,1.811,-0.030,-0.233,125.200,0.517,1.119,1.827,4,4,3.305
1777577496895,-0.059,0.595,-1.003,1.834,-0.014,-0.165,126.254,0.622,1.168,1.841,4,4,3.256
1777577496908,-0.001,0.575,-1.011,1.840,-0.026,0.019,127.308,0.596,1.163,1.840,4,4,3.943
1777577496924,0.023,0.606,-1.017,1.888,-0.067,0.148,128.266,0.521,1.184,1.895,4,4,3.271
1777577496937,-0.013,0.655,-1.041,1.962,-0.064,0.270,129.123,0.525,1.230,1.982,4,4,3.319
1777577496951,0.072,0.523,-1.158,2.016,-0.058,0.562,130.285,0.360,1.272,2.094,4,4,3.274
1777577496964,0.153,0.530,-1.243,2.087,-0.053,0.893,131.450,0.061,1.360,2.271,4,4,3.318
1777577496977,0.296,0.300,-1.162,2.090,-0.142,1.304,132.941,-0.548,1.236,2.468,4,4,3.968
1777577496991,0.321,0.549,-1.204,2.093,-0.334,1.497,133.927,-1.120,1.362,2.595,4,4,3.266
1777577497005,0.260,0.376,-1.240,2.235,-0.564,1.349,135.204,-1.566,1.321,2.671,4,4,3.303
1777577497019,-0.014,0.055,-1.171,2.098,-0.731,1.291,137.046,-1.467,1.172,2.569,4,4,3.268
1777577497032,-0.252,-0.221,-1.043,1.826,-0.728,1.057,123.705,-0.821,1.096,2.232,4,4,3.250
1777577497045,-0.427,0.179,-1.118,1.675,-0.519,0.484,125.769,0.117,1.210,1.819,4,4,3.865
1777577497059,-0.698,0.303,-1.177,2.012,-0.052,0.028,127.509,1.418,1.402,2.013,4,4,3.247
1777577497073,-0.524,-1.093,-0.951,1.274,0.183,0.290,116.202,2.226,1.541,1.319,4,4,3.281
1777577497086,0.095,-0.486,-1.065,0.765,0.042,0.328,104.322,1.926,1.175,0.834,4,4,3.253
1777577497101,0.076,0.162,-1.082,0.760,-0.197,0.222,107.259,1.668,1.096,0.816,4,4,4.413
1777577497114,-0.166,-0.012,-1.028,0.782,-0.288,0.256,94.725,1.995,1.041,0.872,1,1,3.929
1777577497128,-0.415,-0.075,-0.925,0.730,-0.168,0.259,82.912,2.961,1.017,0.792,1,1,3.262
1777577497142,-0.497,-0.116,-0.844,0.633,0.055,0.059,71.757,4.155,0.987,0.638,1,1,3.275
1777577497155,-0.510,-0.155,-0.729,0.486,0.303,-0.176,61.271,5.479,0.903,0.599,1,1,3.261
1777577497169,-0.419,-0.204,-0.631,0.278,0.526,-0.274,51.502,6.653,0.784,0.655,1,1,3.304
1777577497182,-0.299,-0.170,-0.564,0.067,0.660,-0.241,42.112,7.540,0.661,0.706,4,4,3.956
1777577497198,-0.215,-0.145,-0.527,-0.153,0.721,-0.092,33.070,8.148,0.588,0.742,4,4,5.257
1777577497212,-0.192,-0.223,-0.444,-0.447,0.748,0.136,24.918,8.714,0.533,0.882,4,4,3.289
1777577497225,-0.168,-0.250,-0.406,-0.780,0.752,0.257,17.339,9.182,0.506,1.113,4,4,3.258
1777577497239,-0.146,-0.396,-0.333,-1.232,0.728,0.307,10.895,9.467,0.538,1.463,4,4,3.544
1777577497252,-0.089,-0.594,-0.275,-1.808,0.648,0.270,5.396,9.392,0.661,1.940,1,1,4.562
1777577497267,0.011,-0.616,-0.171,-2.501,0.495,0.118,0.546,8.936,0.639,2.553,1,1,3.276
1777577497280,0.061,-0.690,-0.109,-2.501,0.332,-0.036,-3.805,8.329,0.702,2.524,1,1,3.280
1777577497293,0.029,-0.555,-0.027,-2.501,0.163,-0.171,-7.698,7.835,0.556,2.513,1,1,3.259
1777577497307,-0.018,0.310,0.019,-2.501,-0.010,-0.173,-3.581,7.639,0.311,2.507,1,1,3.280
1777577497320,0.022,0.807,-0.107,-2.501,-0.167,-0.043,0.841,7.237,0.814,2.507,5,5,3.935
1777577497334,0.024,0.999,-0.308,-2.501,-0.329,0.287,5.489,6.863,1.046,2.539,5,5,3.274
1777577497348,-0.077,0.919,-0.516,-2.501,-0.418,0.619,10.466,6.744,1.057,2.611,5,5,3.263
1777577497361,-0.118,0.604,-0.610,-2.501,-0.485,0.627,15.926,6.793,0.867,2.624,5,5,3.257
1777577497374,-0.167,0.287,-0.580,-2.501,-0.537,0.358,21.950,7.129,0.668,2.583,5,5,3.299
1777577497388,-0.136,0.394,-0.592,-2.501,-0.580,-0.079,27.391,7.291,0.724,2.569,5,5,3.928
1777577497402,-0.191,0.776,-0.694,-2.501,-0.612,-0.273,31.958,7.427,1.059,2.590,5,5,3.277
1777577497415,-0.256,1.000,-0.836,-2.501,-0.569,-0.167,36.241,7.589,1.329,2.571,5,5,3.277
1777577497428,-0.306,0.983,-0.927,-2.501,-0.451,-0.036,40.488,7.815,1.385,2.542,5,5,3.263
1777577497442,-0.291,0.927,-0.980,-2.352,-0.292,0.007,44.691,8.006,1.380,2.370,5,5,3.667
1777577497458,-0.177,0.887,-1.014,-2.269,-0.128,-0.057,48.808,7.983,1.359,2.274,5,5,3.956
1777577497473,-0.072,0.951,-1.094,-2.201,-0.030,-0.024,52.752,7.759,1.451,2.201,5,5,3.283
1777577497486,-0.021,1.039,-1.178,-2.115,0.030,0.071,56.506,7.453,1.570,2.116,5,5,3.266
1777577497500,-0.041,1.119,-1.247,-1.973,0.089,0.126,60.075,7.189,1.676,1.979,5,5,4.003
1777577497514,-0.076,1.141,-1.270,-1.827,0.153,0.113,63.485,6.986,1.708,1.837,5,5,3.310
1777577497527,-0.125,1.167,-1.257,-1.670,0.242,0.085,66.705,6.864,1.720,1.689,5,5,3.871
1777577497541,-0.152,1.209,-1.200,-1.453,0.349,0.113,69.682,6.786,1.710,1.499,5,5,3.248
1777577497554,-0.182,1.200,-1.145,-1.222,0.435,0.154,72.480,6.764,1.669,1.307,5,5,3.257
1777577497568,-0.169,1.214,-1.093,-0.967,0.474,0.127,75.082,6.727,1.642,1.084,5,5,3.283
1777577497581,-0.147,1.160,-1.014,-0.699,0.471,0.082,77.535,6.671,1.548,0.846,5,5,3.269
1777577497594,-0.066,1.103,-0.945,-0.459,0.405,0.099,79.856,6.493,1.454,0.620,1,1,3.857
1777577497608,0.888,-4.000,-0.470,0.428,0.346,0.125,72.135,5.666,4.124,0.565,1,1,3.251
1777577497625,0.464,3.583,0.244,0.712,-0.080,0.064,72.746,5.096,3.621,0.719,1,1,3.440
1777577497638,-0.032,0.925,-0.726,-0.012,-0.033,0.031,75.167,4.942,1.176,0.047,1,1,3.280
1777577497651,-0.114,1.062,-0.460,0.012,-0.042,-0.042,76.840,4.971,1.163,0.061,1,1,3.263
1777577497665,0.140,1.062,-0.411,0.096,-0.047,-0.142,78.341,4.447,1.148,0.178,1,1,3.969
1777577497679,-0.147,0.968,-0.469,0.127,-0.049,-0.096,79.981,4.594,1.085,0.166,1,1,3.266
1777577497692,-0.068,0.981,-0.446,0.150,-0.035,-0.040,81.488,4.551,1.079,0.159,1,1,3.253
1777577497706,-0.062,0.924,-0.489,0.128,-0.039,-0.038,83.079,4.501,1.047,0.139,1,1,3.271
1777577497719,-0.126,0.865,-0.499,0.076,-0.019,0.003,84.693,4.619,1.007,0.079,1,1,3.271
1777577497732,-0.089,0.901,-0.480,0.035,-0.004,0.031,86.152,4.634,1.025,0.047,1,1,3.959
1777577497747,-0.057,0.947,-0.466,0.021,0.004,0.046,87.465,4.567,1.056,0.050,1,1,3.673
1777577497760,-0.042,0.925,-0.481,0.019,0.007,0.040,88.778,4.467,1.044,0.045,1,1,3.253
1777577497773,-0.065,0.938,-0.464,0.005,0.010,0.047,89.983,4.427,1.048,0.048,1,1,3.264
1777577497787,-0.053,0.933,-0.474,0.009,0.008,0.047,91.161,4.361,1.048,0.048,1,1,3.260
1777577497800,-0.036,0.921,-0.457,0.002,0.005,0.039,92.264,4.259,1.029,0.039,1,1,3.970
1777577497814,-0.034,0.921,-0.473,-0.001,0.001,0.026,93.354,4.155,1.036,0.026,1,1,3.267
1777577497828,-0.034,0.918,-0.479,-0.009,-0.007,0.008,94.412,4.054,1.036,0.014,1,1,3.269
1777577497841,-0.046,0.931,-0.471,-0.014,-0.011,0.002,95.392,3.987,1.044,0.018,1,1,3.290
1777577497854,-0.062,0.928,-0.470,-0.019,-0.010,0.002,96.331,3.963,1.043,0.022,1,1,3.257
1777577497868,-0.055,0.938,-0.468,-0.026,-0.009,0.005,97.214,3.921,1.049,0.028,1,1,3.983
1777577497882,-0.032,0.940,-0.475,-0.026,-0.010,-0.002,98.071,3.825,1.054,0.028,1,1,3.258
1777577497895,-0.048,0.942,-0.468,-0.031,-0.009,-0.005,98.872,3.773,1.053,0.032,1,1,3.271
1777577497909,-0.051,0.938,-0.477,-0.030,-0.007,-0.010,99.664,3.729,1.053,0.033,1,1,3.271
1777577497922,-0.050,0.943,-0.470,-0.031,-0.006,-0.010,100.401,3.686,1.055,0.033,1,1,3.249
1777577497935,-0.055,0.940,-0.475,-0.031,-0.005,-0.007,101.119,3.655,1.055,0.032,1,1,3.968
1777577497949,-0.061,0.942,-0.460,-0.035,-0.006,-0.006,101.770,3.640,1.050,0.036,1,1,3.307
1777577497966,-0.050,0.943,-0.469,-0.036,-0.003,-0.002,102.411,3.600,1.055,0.036,1,1,3.306
1777577497979,-0.058,0.946,-0.463,-0.039,-0.001,0.003,103.009,3.581,1.054,0.039,1,1,3.293
1777577497995,-0.062,0.948,-0.464,-0.041,0.003,0.010,103.580,3.570,1.057,0.042,1,1,4.204
1777577498008,-0.061,0.942,-0.467,-0.041,0.004,0.023,104.138,3.559,1.053,0.047,1,1,3.942
1777577498022,-0.039,0.934,-0.469,-0.049,0.001,0.020,104.684,3.498,1.046,0.053,1,1,3.268
1777577498035,-0.053,0.941,-0.463,-0.059,-0.001,0.020,105.187,3.472,1.050,0.062,1,1,3.257
1777577498049,-0.033,0.939,-0.458,-0.066,-0.007,0.017,105.660,3.400,1.046,0.069,1,1,3.380
1777577498063,-0.024,0.910,-0.465,-0.088,-0.012,0.010,106.158,3.311,1.022,0.090,1,1,4.406
1777577498077,-0.025,0.897,-0.503,-0.118,-0.022,0.008,106.731,3.226,1.029,0.120,1,1,3.845
1777577498092,0.024,0.903,-0.546,-0.150,-0.066,0.017,107.363,3.028,1.055,0.165,1,1,4.082
1777577498105,0.257,1.042,-0.909,-0.035,-0.253,0.171,108.401,2.435,1.407,0.307,1,1,3.279
1777577498118,0.252,0.989,-1.117,0.142,-0.419,0.288,109.717,1.908,1.513,0.528,1,1,3.242
1777577498132,-0.011,1.018,-1.285,0.320,-0.491,0.458,111.112,1.842,1.639,0.744,1,1,3.331
1777577498145,0.002,0.630,-1.266,0.408,-0.491,0.418,112.969,1.757,1.414,0.763,4,4,3.965
1777577498161,-0.086,0.591,-1.278,0.372,-0.511,0.202,114.814,1.833,1.410,0.664,4,4,4.750
1777577498174,-0.124,0.484,-1.239,0.300,-0.484,0.181,116.732,1.985,1.336,0.598,4,4,3.356
1777577498188,0.002,0.604,-1.211,0.184,-0.472,0.248,118.339,1.895,1.354,0.564,4,4,3.263
1777577498201,0.035,0.725,-1.131,0.251,-0.482,0.265,119.607,1.747,1.344,0.604,4,4,3.263
1777577498214,0.016,0.686,-0.996,0.239,-0.506,0.330,120.737,1.638,1.209,0.649,4,4,3.914
1777577498229,0.026,0.797,-0.890,0.255,-0.547,0.304,121.499,1.511,1.195,0.676,4,4,3.917
1777577498242,0.013,0.746,-0.771,0.232,-0.591,0.322,122.131,1.413,1.073,0.712,4,4,3.259
1777577498257,0.092,0.780,-0.756,0.211,-0.671,0.334,122.654,1.140,1.090,0.779,4,4,4.169
1777577498270,0.099,0.816,-0.684,0.213,-0.771,0.381,122.974,0.859,1.069,0.886,4,4,3.264
1777577498284,0.164,0.831,-0.561,0.209,-0.901,0.444,123.020,0.416,1.016,1.026,4,4,3.912
1777577498298,0.204,0.800,-0.565,0.181,-1.054,0.568,123.116,-0.117,1.000,1.211,4,4,3.278
1777577498311,0.206,0.840,-0.523,0.131,-1.197,0.676,123.064,-0.625,1.010,1.381,4,4,3.258
1777577498326,0.154,0.820,-0.480,0.108,-1.329,0.679,122.946,-1.000,0.962,1.496,4,4,4.473
1777577498339,0.080,0.865,-0.433,0.082,-1.436,0.716,122.668,-1.163,0.971,1.607,4,4,3.261
1777577498352,0.105,0.919,-0.430,0.089,-1.522,0.733,122.335,-1.371,1.020,1.692,4,4,4.102
1777577498367,0.129,0.936,-0.438,0.068,-1.599,0.742,122.017,-1.623,1.042,1.764,4,4,3.266
1777577498380,0.052,1.031,-0.398,0.096,-1.663,0.740,121.540,-1.671,1.106,1.823,4,4,3.256
1777577498397,0.074,1.044,-0.433,0.135,-1.791,0.730,121.146,-1.762,1.133,1.939,4,4,6.561
1777577498410,0.124,1.036,-0.410,0.160,-1.911,0.769,120.729,-1.962,1.121,2.066,4,4,3.264
1777577498424,0.094,1.105,-0.433,0.230,-2.064,0.771,120.320,-2.073,1.191,2.215,4,4,3.942
1777577498440,0.099,1.087,-0.435,0.309,-2.203,0.862,119.948,-2.195,1.175,2.385,4,4,3.266
1777577498454,-0.084,1.063,-0.467,0.360,-2.269,0.883,119.675,-1.917,1.164,2.461,4,4,4.018
1777577498467,-0.124,1.053,-0.428,0.423,-2.319,0.772,119.344,-1.561,1.144,2.481,4,4,3.278
1777577498481,-0.135,1.025,-0.415,0.430,-2.336,0.568,119.024,-1.187,1.114,2.442,4,4,3.441
1777577498495,-0.164,1.033,-0.390,0.466,-2.351,0.408,118.658,-0.766,1.117,2.431,4,4,3.977
1777577498509,-0.103,1.015,-0.375,0.515,-2.354,0.374,118.292,-0.496,1.086,2.438,4,4,3.282
1777577498523,-0.109,0.992,-0.335,0.512,-2.392,0.367,117.871,-0.214,1.052,2.473,4,4,3.268
1777577498536,0.027,1.025,-0.295,0.519,-2.398,0.437,117.354,-0.268,1.067,2.492,4,4,3.256
1777577498551,-0.103,1.104,-0.244,0.585,-2.474,0.398,116.703,-0.029,1.135,2.573,4,4,5.313
1777577498565,-0.166,1.054,-0.195,0.721,-2.458,0.376,115.993,0.356,1.085,2.589,1,1,3.853
1777577498579,-0.281,0.961,-0.160,0.736,-2.340,0.402,115.270,1.043,1.014,2.485,1,1,3.267
1777577498592,-0.274,0.816,-0.067,0.590,-2.080,0.622,114.369,1.805,0.864,2.249,1,1,3.264
1777577498605,-0.271,0.813,-0.084,0.413,-1.866,0.459,113.560,2.528,0.862,1.966,1,1,3.253
1777577498619,-0.286,0.736,-0.058,0.187,-1.622,0.324,112.726,3.344,0.791,1.664,1,1,3.272
1777577498632,-0.208,0.822,-0.135,0.007,-1.453,0.151,112.142,3.810,0.858,1.460,4,4,3.931
1777577498649,0.090,0.897,-0.160,-0.107,-1.423,0.069,111.615,3.396,0.915,1.428,4,4,5.505
1777577498663,0.138,0.973,-0.212,-0.129,-1.462,0.187,111.208,2.903,1.005,1.479,4,4,3.291
1777577498676,0.212,0.911,-0.227,-0.198,-1.523,0.389,110.892,2.220,0.963,1.584,4,4,3.266
1777577498689,0.160,0.927,-0.253,-0.308,-1.563,0.580,110.646,1.709,0.974,1.696,4,4,3.275
1777577498703,0.105,0.951,-0.275,-0.398,-1.574,0.719,110.447,1.369,0.996,1.776,5,5,3.948
1777577498717,0.037,0.989,-0.329,-0.452,-1.565,0.820,110.358,1.220,1.043,1.824,5,5,3.274
1777577498730,0.002,1.005,-0.391,-0.464,-1.538,0.909,110.397,1.162,1.078,1.846,5,5,3.292
1777577498744,0.032,0.981,-0.449,-0.463,-1.523,0.938,110.580,1.037,1.080,1.848,5,5,3.255
1777577498757,0.108,0.967,-0.510,-0.445,-1.543,0.935,110.896,0.744,1.098,1.858,5,5,3.273
1777577498770,0.169,0.921,-0.551,-0.414,-1.586,0.941,111.332,0.320,1.087,1.890,1,1,3.883
1777577498784,0.190,0.867,-0.592,-0.402,-1.637,0.968,111.900,-0.143,1.067,1.943,1,1,3.264
1777577498798,0.181,0.870,-0.628,-0.374,-1.651,0.971,112.509,-0.556,1.088,1.952,1,1,3.263
1777577498811,-0.006,0.294,-1.073,0.529,-1.033,1.678,114.792,-0.518,1.113,2.040,1,1,3.628
1777577498825,-0.489,0.670,-1.701,1.137,-0.550,1.463,116.703,0.159,1.893,1.933,1,1,3.281
1777577498838,-0.644,0.092,-1.294,1.286,0.184,1.634,119.293,1.307,1.449,2.087,1,1,3.944
1777577498853,-0.249,0.633,-0.808,0.758,0.777,1.083,120.284,1.846,1.056,1.534,1,1,3.958
1777577498866,0.522,0.617,-0.807,0.530,0.188,0.193,121.258,0.577,1.142,0.595,1,1,3.268
1777577498881,-0.065,0.781,-0.670,0.174,0.059,0.080,121.669,0.709,1.031,0.200,1,1,3.316
1777577498895,0.318,1.282,-0.336,0.187,-0.050,-0.087,120.926,0.088,1.363,0.213,1,1,3.270
1777577498908,-0.200,1.026,-0.482,0.298,-0.096,-0.028,120.674,0.522,1.151,0.315,1,1,3.940
1777577498922,-0.088,0.903,-0.496,0.235,-0.105,0.041,120.591,0.712,1.034,0.261,1,1,3.282
1777577498936,-0.127,0.838,-0.519,0.207,-0.075,0.095,120.643,1.002,0.994,0.240,1,1,3.267
1777577498949,-0.024,0.829,-0.517,0.149,-0.033,0.063,120.699,1.019,0.977,0.165,1,1,3.270
1777577498962,-0.014,0.888,-0.510,0.095,-0.029,0.029,120.662,1.009,1.024,0.103,1,1,3.274
1777577498978,0.052,0.924,-0.505,0.069,-0.053,-0.035,120.575,0.841,1.054,0.093,1,1,6.206
1777577498992,-0.076,0.933,-0.509,0.041,-0.029,-0.020,120.489,0.982,1.065,0.054,1,1,3.271
1777577499006,-0.038,0.942,-0.493,0.030,-0.011,-0.009,120.364,1.028,1.064,0.033,1,1,3.295
1777577499019,-0.021,0.933,-0.508,0.025,-0.010,-0.021,120.286,1.032,1.062,0.034,1,1,3.308
1777577499032,-0.020,0.933,-0.504,0.019,-0.025,-0.045,120.201,1.033,1.061,0.055,1,1,3.297
1777577499046,-0.053,0.928,-0.497,0.017,-0.032,-0.054,120.113,1.114,1.054,0.065,1,1,3.948
1777577499060,-0.069,0.936,-0.503,0.012,-0.033,-0.048,120.031,1.227,1.065,0.060,1,1,3.253
1777577499074,-0.059,0.947,-0.486,0.014,-0.036,-0.050,119.906,1.312,1.066,0.063,1,1,4.193
1777577499088,-0.055,0.942,-0.490,0.013,-0.039,-0.047,119.800,1.385,1.063,0.062,1,1,3.272
1777577499101,-0.063,0.928,-0.495,0.009,-0.039,-0.043,119.723,1.474,1.054,0.059,1,1,3.257
1777577499114,-0.089,0.919,-0.492,0.002,-0.034,-0.031,119.655,1.624,1.047,0.046,1,1,3.890
1777577499128,-0.093,0.932,-0.491,0.005,-0.022,-0.012,119.573,1.772,1.058,0.026,1,1,3.254
1777577499142,-0.076,0.925,-0.491,0.003,-0.017,-0.005,119.503,1.876,1.050,0.018,1,1,3.264
1777577499155,-0.069,0.915,-0.490,0.007,-0.016,-0.007,119.444,1.960,1.040,0.018,1,1,3.262
1777577499169,-0.063,0.911,-0.489,0.008,-0.016,-0.013,119.391,2.027,1.036,0.022,1,1,3.318
1777577499184,-0.062,0.904,-0.487,0.009,-0.020,-0.021,119.344,2.089,1.029,0.030,1,1,5.420
1777577499198,-0.064,0.902,-0.489,0.007,-0.020,-0.029,119.304,2.154,1.028,0.036,1,1,3.264
1777577499212,-0.069,0.911,-0.493,0.005,-0.022,-0.032,119.266,2.227,1.038,0.039,1,1,3.530
1777577499225,-0.052,0.921,-0.490,0.006,-0.028,-0.043,119.212,2.253,1.045,0.052,1,1,3.273
1777577499238,-0.081,0.933,-0.491,0.007,-0.033,-0.044,119.149,2.346,1.058,0.056,1,1,3.260
1777577499252,-0.089,0.937,-0.499,0.006,-0.028,-0.033,119.100,2.453,1.065,0.044,5,5,3.940
1777577499266,-0.098,0.938,-0.496,0.003,-0.018,-0.014,119.047,2.577,1.066,0.023,5,5,3.258
1777577499279,-0.097,0.945,-0.488,0.007,-0.006,0.005,118.971,2.693,1.068,0.010,5,5,3.286
1777577499293,-0.086,0.926,-0.490,0.004,-0.001,0.021,118.924,2.781,1.051,0.021,5,5,3.289
1777577499306,-0.089,0.937,-0.500,0.001,0.014,0.036,118.888,2.868,1.066,0.038,5,5,3.265
1777577499319,-0.081,0.940,-0.497,0.007,0.018,0.046,118.843,2.934,1.066,0.050,2,2,3.936
1777577499334,-0.079,0.938,-0.489,0.005,0.022,0.055,118.786,2.993,1.060,0.059,2,2,3.872
1777577499347,-0.072,0.932,-0.498,0.007,0.026,0.055,118.757,3.032,1.060,0.061,2,2,3.284
1777577499361,-0.059,0.932,-0.486,0.008,0.023,0.058,118.704,3.040,1.053,0.063,2,2,3.269
1777577499374,-0.064,0.929,-0.493,0.010,0.024,0.052,118.672,3.058,1.054,0.058,2,2,3.271
1777577499387,-0.055,0.924,-0.501,0.011,0.018,0.044,118.663,3.056,1.052,0.049,1,1,3.952
1777577499401,-0.039,0.928,-0.496,0.015,0.010,0.031,118.639,3.014,1.053,0.036,1,1,3.259
1777577499415,-0.038,0.920,-0.495,0.018,0.001,0.014,118.624,2.974,1.045,0.023,1,1,3.266
1777577499428,-0.042,0.928,-0.496,0.026,-0.009,-0.005,118.601,2.945,1.053,0.028,1,1,3.259
1777577499442,-0.031,0.935,-0.498,0.034,-0.020,-0.025,118.576,2.890,1.059,0.047,1,1,3.281
1777577499455,-0.038,0.939,-0.489,0.046,-0.026,-0.040,118.529,2.854,1.059,0.066,2,2,3.922
1777577499469,-0.057,0.922,-0.514,0.051,-0.026,-0.047,118.556,2.865,1.057,0.074,2,2,3.262
1777577499482,-0.074,0.933,-0.496,0.061,-0.021,-0.047,118.531,2.915,1.059,0.080,2,2,3.264
1777577499496,-0.085,0.927,-0.491,0.060,-0.016,-0.039,118.504,2.990,1.053,0.074,2,2,3.260
1777577499509,-0.075,0.934,-0.503,0.065,-0.007,-0.031,118.497,3.035,1.064,0.072,2,2,3.277
1777577499526,-0.078,0.925,-0.500,0.064,-0.003,-0.023,118.492,3.089,1.054,0.068,2,2,4.041
1777577499540,-0.067,0.905,-0.517,0.058,-0.006,-0.022,118.546,3.115,1.044,0.062,2,2,3.348
1777577499553,-0.046,0.943,-0.510,0.070,-0.003,-0.019,118.541,3.087,1.073,0.072,2,2,3.256
1777577499567,-0.059,0.923,-0.522,0.055,-0.004,-0.021,118.584,3.090,1.062,0.059,2,2,3.276
1777577499580,-0.059,0.941,-0.496,0.059,-0.007,-0.010,118.550,3.094,1.066,0.060,2,2,3.264
1777577499593,-0.078,0.991,-0.491,0.072,-0.010,0.004,118.455,3.134,1.109,0.073,2,2,3.898
1777577499607,-0.047,0.937,-0.524,0.090,-0.017,0.019,118.488,3.107,1.074,0.093,2,2,3.302
1777577499621,-0.042,1.030,-0.530,0.100,-0.021,0.007,118.434,3.061,1.159,0.102,2,2,3.255
1777577499634,-0.065,1.030,-0.519,0.141,-0.017,0.029,118.360,3.068,1.155,0.145,2,2,3.256
1777577499648,-0.191,1.144,-0.528,0.241,0.014,0.024,118.203,3.312,1.274,0.242,2,2,3.280
1777577499661,-0.090,0.937,-0.545,0.294,0.031,0.075,118.291,3.375,1.088,0.305,3,3,3.920
1777577499675,-0.103,1.021,-0.537,0.333,0.046,0.125,118.266,3.451,1.158,0.359,3,3,3.374
1777577499688,-0.142,1.014,-0.553,0.357,0.061,0.177,118.281,3.607,1.163,0.404,3,3,3.266
1777577499702,-0.139,1.071,-0.551,0.395,0.084,0.200,118.234,3.738,1.212,0.450,3,3,3.308
1777577499715,-0.117,1.147,-0.540,0.481,0.099,0.197,118.102,3.806,1.273,0.529,3,3,3.261
1777577499729,-0.107,1.203,-0.557,0.574,0.104,0.190,117.960,3.841,1.330,0.613,3,3,3.929
1777577499743,-0.143,1.280,-0.558,0.700,0.118,0.154,117.768,3.928,1.404,0.727,3,3,3.277
1777577499756,-0.094,1.173,-0.555,0.806,0.128,0.160,117.661,3.937,1.301,0.832,3,3,3.260
1777577499769,-0.089,1.233,-0.550,0.919,0.117,0.157,117.502,3.929,1.353,0.940,3,3,3.297
1777577499783,-0.021,1.282,-0.542,1.061,0.105,0.133,117.302,3.794,1.392,1.074,3,3,3.264
1777577499796,0.022,1.216,-0.544,1.201,0.077,0.124,117.162,3.588,1.332,1.209,4,4,3.921
1777577499810,0.052,1.218,-0.538,1.350,0.046,0.091,117.016,3.334,1.333,1.354,4,4,3.264
1777577499824,0.075,1.251,-0.575,1.507,0.030,0.082,116.913,3.052,1.379,1.509,4,4,3.272
1777577499837,0.014,1.276,-0.558,1.678,0.021,0.046,116.769,2.894,1.393,1.679,4,4,3.266
1777577499851,-0.093,1.376,-0.566,1.863,0.015,-0.022,116.576,2.924,1.490,1.863,4,4,3.272
1777577499864,-0.000,1.431,-0.611,2.072,0.054,-0.073,116.425,2.797,1.556,2.074,4,4,3.936
1777577499878,0.078,1.478,-0.675,2.300,0.025,-0.224,116.342,2.554,1.627,2.311,4,4,3.639
1777577499892,0.147,1.476,-0.699,2.501,-0.018,-0.388,116.300,2.217,1.640,2.531,4,4,3.251
1777577499905,0.182,1.401,-0.777,2.501,-0.054,-0.472,116.418,1.837,1.612,2.546,4,4,3.267
1777577499919,0.351,1.164,-0.828,2.501,-0.139,-0.347,116.813,1.153,1.471,2.529,4,4,3.321
1777577499932,0.177,1.246,-0.895,2.501,-0.241,-0.557,117.201,0.814,1.545,2.574,4,4,3.931
1777577499946,0.147,1.177,-0.897,2.501,-0.246,-0.557,117.643,0.529,1.487,2.574,4,4,3.266
1777577499959,0.247,1.220,-0.731,2.501,-0.310,-0.477,117.787,0.076,1.444,2.565,4,4,3.251
1777577499973,0.165,1.137,-0.612,2.501,-0.381,-0.510,117.809,-0.246,1.302,2.581,4,4,3.256
1777577499986,0.133,1.187,-0.432,2.501,-0.399,-0.661,117.467,-0.497,1.270,2.618,4,4,3.256
1777577499999,0.120,-1.314,0.239,2.215,-0.313,-0.807,108.845,-0.700,1.341,2.378,4,4,3.943
1777577500013,-0.265,-0.178,-0.853,1.010,-0.030,-0.598,96.730,0.070,0.911,1.174,4,4,3.255
1777577500027,-0.254,-0.058,-0.574,0.297,0.247,-0.652,84.879,1.106,0.631,0.758,4,4,3.263
1777577500040,-0.094,0.185,-0.407,-0.289,0.389,-1.021,87.972,1.578,0.456,1.131,4,4,3.269
1777577500054,-0.126,0.550,-0.428,-0.459,0.493,-1.282,89.719,1.959,0.708,1.448,4,4,3.277
1777577500067,0.005,0.467,-0.394,-0.508,0.527,-1.433,91.487,1.854,0.611,1.609,4,4,4.016
1777577500081,0.091,0.352,-0.424,-0.592,0.508,-1.454,93.621,1.362,0.559,1.650,4,4,3.518
1777577500095,0.139,0.288,-0.453,-0.714,0.463,-1.365,95.978,0.667,0.555,1.609,4,4,3.301
1777577500108,0.179,0.177,-0.442,-0.903,0.396,-1.260,98.699,-0.265,0.509,1.600,4,4,3.257
1777577500122,0.189,0.117,-0.433,-1.158,0.322,-1.192,101.591,-1.251,0.487,1.693,4,4,3.269
1777577500135,0.187,0.106,-0.395,-1.451,0.257,-1.196,104.364,-2.269,0.449,1.898,4,4,3.963
1777577500149,0.165,0.133,-0.393,-1.756,0.209,-1.257,106.856,-3.117,0.447,2.169,4,4,3.279
1777577500162,0.148,0.212,-0.393,-2.033,0.203,-1.333,108.813,-3.781,0.470,2.440,4,4,3.252
1777577500176,0.172,0.356,-0.462,-2.246,0.206,-1.417,110.280,-4.335,0.608,2.664,4,4,3.269
1777577500189,0.201,0.562,-0.501,-2.347,0.216,-1.475,111.218,-4.799,0.779,2.781,4,4,3.255
1777577500202,0.260,0.709,-0.565,-2.329,0.218,-1.498,111.976,-5.290,0.943,2.778,5,5,3.932
1777577500217,0.313,0.735,-0.625,-2.294,0.225,-1.488,112.780,-5.844,1.014,2.744,5,5,3.264
1777577500230,0.361,0.777,-0.678,-2.283,0.235,-1.399,113.583,-6.432,1.092,2.688,5,5,3.283
1777577500243,0.363,0.791,-0.714,-2.298,0.271,-1.210,114.391,-6.973,1.126,2.611,5,5,3.255
1777577500257,0.388,0.772,-0.732,-2.366,0.326,-1.059,115.226,-7.545,1.132,2.612,5,5,3.249
1777577500270,0.375,0.808,-0.747,-2.444,0.413,-0.993,115.992,-8.039,1.162,2.670,5,5,3.904
1777577500284,0.364,0.855,-0.727,-2.501,0.537,-0.978,116.622,-8.474,1.180,2.739,5,5,3.300
1777577500297,0.375,0.942,-0.718,-2.501,0.668,-0.939,117.090,-8.870,1.242,2.754,5,5,3.275
1777577500311,0.404,0.960,-0.700,-2.501,0.802,-0.806,117.483,-9.303,1.255,2.748,5,5,3.251
1777577500324,0.438,0.975,-0.689,-2.501,0.932,-0.635,117.823,-9.777,1.272,2.744,5,5,3.266
1777577500338,0.484,0.942,-0.722,-2.501,1.023,-0.427,118.246,-10.320,1.282,2.736,5,5,3.886
1777577500352,0.525,0.979,-0.755,-2.501,1.054,-0.245,118.655,-10.874,1.343,2.725,5,5,3.269
1777577500365,0.517,1.075,-0.815,-2.501,1.056,-0.212,119.028,-11.316,1.445,2.723,5,5,3.297
1777577500378,0.471,1.184,-0.910,-2.501,1.060,-0.217,119.400,-11.587,1.566,2.725,5,5,3.273
1777577500392,0.443,1.198,-1.000,-2.501,1.055,-0.113,119.857,-11.773,1.622,2.717,5,5,3.268
1777577500405,0.397,1.271,-1.083,-2.491,1.073,0.080,120.319,-11.843,1.717,2.713,5,5,3.925
1777577500419,0.306,1.270,-1.220,-2.349,1.049,0.265,120.911,-11.756,1.788,2.586,5,5,3.261
1777577500433,0.137,1.279,-1.397,-2.144,1.001,0.304,121.638,-11.423,1.899,2.386,5,5,3.287
1777577500446,-0.018,1.296,-1.583,-1.842,0.973,0.179,122.472,-10.901,2.046,2.091,5,5,3.253
1777577500459,-0.108,1.179,-1.750,-1.491,0.959,-0.028,123.502,-10.295,2.113,1.773,5,5,3.280
1777577500473,-0.060,1.056,-1.855,-1.142,0.925,-0.219,124.676,-9.775,2.135,1.485,1,1,3.922
1777577500487,-1.421,4.000,-1.125,1.504,1.354,-0.115,123.846,-8.522,4.391,2.027,1,1,3.794
1777577500501,-0.332,1.024,-3.167,2.170,1.229,-0.165,125.519,-7.900,3.345,2.499,1,1,3.269
1777577500514,0.021,0.468,-0.668,1.641,1.020,0.030,126.370,-7.618,0.816,1.932,1,1,3.252
1777577500527,-0.067,1.542,0.232,1.850,0.627,0.136,124.405,-7.177,1.560,1.958,1,1,3.296
1777577500541,0.093,1.033,-0.523,2.116,0.168,0.177,124.074,-7.064,1.161,2.130,1,1,3.927
1777577500555,0.264,0.271,-1.025,1.275,0.027,0.130,125.872,-7.366,1.092,1.282,1,1,3.287
1777577500568,0.239,1.481,0.244,0.638,-0.192,-0.181,123.894,-7.438,1.520,0.691,1,1,3.306
1777577500582,0.397,0.696,-0.767,-0.112,-0.140,-0.339,124.502,-8.031,1.109,0.384,1,1,3.316
1777577500595,-0.155,1.139,-0.450,0.139,-0.078,-0.134,123.935,-7.365,1.234,0.209,1,1,3.326
1777577500608,-0.167,0.803,-0.579,0.064,-0.065,-0.057,124.016,-6.623,1.004,0.108,1,1,3.944
1777577500622,-0.154,0.924,-0.453,0.079,-0.025,0.038,123.671,-5.962,1.041,0.091,1,1,3.278
1777577500636,-0.120,0.927,-0.475,0.105,-0.025,0.071,123.385,-5.414,1.049,0.129,1,1,3.267
1777577500649,-0.126,0.866,-0.529,0.055,0.024,0.117,123.298,-4.867,1.023,0.131,1,1,3.275
1777577500663,-0.048,0.934,-0.487,0.014,0.042,0.122,123.045,-4.541,1.054,0.130,1,1,3.264
1777577500676,-0.012,0.946,-0.476,0.027,0.029,0.084,122.768,-4.312,1.059,0.093,1,1,3.861
1777577500690,-0.080,0.928,-0.489,0.028,0.033,0.092,122.550,-3.932,1.052,0.101,1,1,3.271
1777577500704,-0.061,0.926,-0.478,0.024,0.036,0.102,122.321,-3.613,1.043,0.111,1,1,3.269
1777577500717,0.014,0.931,-0.474,0.033,0.018,0.060,122.087,-3.488,1.045,0.071,1,1,3.256
1777577500731,0.008,0.930,-0.470,0.033,-0.006,0.007,121.857,-3.356,1.042,0.034,1,1,3.673
1777577500745,-0.013,0.928,-0.479,0.034,-0.029,-0.018,121.658,-3.177,1.045,0.049,1,1,3.854
1777577500759,-0.050,0.937,-0.474,0.041,-0.040,-0.028,121.448,-2.918,1.051,0.064,1,1,3.284
1777577500773,-0.066,0.930,-0.480,0.042,-0.035,-0.023,121.267,-2.633,1.049,0.060,1,1,3.253
1777577500787,-0.081,0.944,-0.480,0.045,-0.030,0.001,121.079,-2.328,1.063,0.054,1,1,4.170
1777577500800,-0.095,0.947,-0.486,0.047,-0.016,0.022,120.908,-2.003,1.069,0.055,1,1,3.267
1777577500814,-0.049,0.919,-0.483,0.040,-0.013,0.018,120.770,-1.797,1.040,0.045,1,1,3.929
1777577500828,-0.065,0.919,-0.490,0.034,-0.002,0.026,120.651,-1.563,1.044,0.043,1,1,3.271
1777577500841,-0.039,0.936,-0.479,0.031,-0.008,0.023,120.497,-1.403,1.052,0.039,1,1,3.261
1777577500855,-0.042,0.922,-0.489,0.030,-0.015,0.010,120.384,-1.242,1.044,0.035,1,1,3.795
1777577500868,-0.038,0.925,-0.490,0.029,-0.023,0.000,120.277,-1.096,1.047,0.037,1,1,3.273
1777577500882,-0.042,0.923,-0.491,0.020,-0.023,-0.007,120.178,-0.948,1.047,0.032,1,1,3.971
1777577500896,-0.062,0.919,-0.494,0.018,-0.020,-0.011,120.095,-0.757,1.045,0.029,1,1,3.271
1777577500909,-0.051,0.931,-0.489,0.016,-0.021,-0.012,119.990,-0.604,1.053,0.029,1,1,3.252
1777577500924,-0.061,0.938,-0.504,0.016,-0.025,-0.011,119.913,-0.435,1.066,0.031,1,1,5.083
1777577500938,-0.049,0.935,-0.494,0.017,-0.027,-0.018,119.824,-0.301,1.059,0.036,1,1,3.263
1777577500952,-0.051,0.927,-0.497,0.019,-0.028,-0.015,119.753,-0.166,1.053,0.037,5,5,4.796
1777577500966,-0.070,0.926,-0.500,0.015,-0.023,-0.007,119.693,0.008,1.055,0.028,5,5,3.282
1777577500979,-0.065,0.919,-0.493,0.011,-0.017,-0.003,119.627,0.164,1.045,0.021,5,5,3.263
1777577500993,-0.078,0.927,-0.503,0.006,-0.009,0.009,119.577,0.342,1.058,0.014,5,5,3.399
1777577501006,-0.069,0.923,-0.492,0.001,-0.005,0.020,119.511,0.492,1.049,0.021,5,5,3.253
1777577501021,-0.055,0.919,-0.488,0.001,-0.001,0.024,119.445,0.603,1.042,0.024,2,2,5.300
1777577501035,-0.048,0.917,-0.504,-0.004,-0.003,0.018,119.417,0.692,1.047,0.019,2,2,3.267
1777577501049,-0.047,0.925,-0.490,-0.005,-0.005,0.016,119.350,0.775,1.048,0.018,2,2,4.045
1777577501063,-0.038,0.940,-0.489,0.002,-0.009,0.008,119.267,0.830,1.060,0.012,2,2,3.269
1777577501076,-0.042,0.931,-0.495,0.003,-0.013,-0.000,119.212,0.894,1.055,0.013,2,2,3.353
1777577501091,-0.052,0.926,-0.486,0.005,-0.011,-0.002,119.146,0.980,1.047,0.012,2,2,4.954
1777577501105,-0.056,0.929,-0.497,0.003,-0.013,-0.002,119.101,1.069,1.055,0.013,2,2,3.266
1777577501119,-0.053,0.923,-0.493,0.000,-0.015,-0.003,119.058,1.148,1.048,0.015,2,2,3.277
1777577501132,-0.056,0.933,-0.491,0.002,-0.015,-0.002,119.001,1.230,1.056,0.015,2,2,3.277
1777577501146,-0.045,0.930,-0.486,0.001,-0.018,-0.006,118.940,1.284,1.050,0.019,2,2,3.266
1777577501159,-0.052,0.927,-0.487,0.003,-0.022,-0.013,118.887,1.352,1.048,0.025,2,2,3.883
1777577501173,-0.060,0.921,-0.491,0.001,-0.022,-0.012,118.850,1.436,1.045,0.025,2,2,3.257
1777577501188,-0.062,0.928,-0.495,-0.001,-0.021,-0.011,118.816,1.520,1.054,0.024,2,2,5.380
1777577501202,-0.052,0.922,-0.495,-0.004,-0.023,-0.013,118.791,1.577,1.048,0.027,2,2,3.249
1777577501215,-0.052,0.918,-0.495,-0.003,-0.022,-0.016,118.770,1.632,1.044,0.028,2,2,3.249
1777577501228,-0.060,0.929,-0.494,-0.004,-0.023,-0.016,118.737,1.703,1.054,0.029,2,2,3.862
1777577501242,-0.066,0.926,-0.492,-0.005,-0.022,-0.014,118.705,1.785,1.051,0.026,2,2,3.347
1777577501256,-0.057,0.927,-0.487,-0.006,-0.025,-0.016,118.661,1.843,1.049,0.030,2,2,3.268
1777577501269,-0.070,0.934,-0.488,-0.005,-0.022,-0.010,118.614,1.929,1.056,0.024,2,2,3.263
1777577501284,-0.074,0.931,-0.495,-0.007,-0.017,-0.007,118.586,2.020,1.057,0.020,2,2,4.565
1777577501297,-0.066,0.929,-0.495,-0.006,-0.011,-0.002,118.562,2.088,1.055,0.013,2,2,3.916
1777577501312,-0.065,0.922,-0.490,-0.005,-0.011,0.000,118.539,2.152,1.046,0.012,2,2,3.972
1777577501325,-0.062,0.939,-0.497,-0.006,-0.013,0.000,118.510,2.203,1.065,0.014,2,2,3.272
1777577501339,-0.064,0.932,-0.495,-0.007,-0.012,0.002,118.486,2.258,1.057,0.014,2,2,3.247
1777577501353,-0.059,0.929,-0.490,-0.004,-0.011,0.004,118.456,2.299,1.052,0.013,2,2,3.276
1777577501367,-0.067,0.927,-0.492,-0.002,-0.013,0.006,118.434,2.358,1.052,0.014,2,2,3.882
1777577501382,-0.066,0.924,-0.496,-0.002,-0.013,0.002,118.423,2.412,1.051,0.013,2,2,4.500
1777577501395,-0.057,0.927,-0.496,-0.005,-0.010,0.001,118.411,2.443,1.053,0.012,2,2,3.260
1777577501410,-0.055,0.922,-0.484,-0.005,-0.013,0.000,118.380,2.467,1.043,0.014,2,2,4.161
1777577501423,-0.046,0.931,-0.496,-0.004,-0.013,-0.002,118.367,2.468,1.056,0.014,2,2,3.268
1777577501436,-0.068,0.923,-0.490,-0.003,-0.013,-0.001,118.349,2.523,1.047,0.014,2,2,3.904
1777577501451,-0.056,0.925,-0.495,-0.004,-0.013,0.003,118.340,2.547,1.051,0.014,2,2,3.273
1777577501465,-0.063,0.926,-0.482,-0.002,-0.011,0.004,118.305,2.587,1.046,0.012,2,2,3.261
1777577501479,-0.069,0.929,-0.488,-0.004,-0.015,-0.001,118.279,2.639,1.051,0.015,2,2,4.316
1777577501493,-0.074,0.922,-0.499,-0.007,-0.015,0.001,118.285,2.699,1.051,0.016,2,2,3.254
1777577501506,-0.066,0.925,-0.507,-0.010,-0.013,0.001,118.305,2.738,1.057,0.017,2,2,3.911
1777577501520,-0.071,0.931,-0.496,-0.014,-0.010,0.006,118.293,2.786,1.057,0.018,2,2,3.255
